# G-прогон: (m,n) 500 шт., K=1200 hcap=1000 primes=50 tmax=90 fams=['G2', 'G3']
== (m,n)=(18,7)
  G2 c1/c3@-25/11: rank[2,2] g=2 src=pari sat=1 tors=4 st=3068 hmax=999 pr=50 surv=18 ex=14 bad=0 hits=0 t=0s
  G2 c1/c5@-25/11: rank[2,2] g=2 src=pari sat=1 tors=4 st=3068 hmax=999 pr=50 surv=17 ex=13 bad=0 hits=0 t=0s
  G2 c1/c7@-25/11: rank[1,1] g=1 src=pari sat=1 tors=8 st=168 hmax=873 pr=50 surv=17 ex=13 bad=0 hits=0 t=0s
  G2 c1/c4@-25/11: rank[2,2] g=2 src=pari sat=1 tors=4 st=3108 hmax=999 pr=50 surv=25 ex=21 bad=0 hits=0 t=0s
  G2 c3/c5@-25/11: rank[1,1] g=1 src=pari sat=1 tors=8 st=168 hmax=869 pr=50 surv=17 ex=13 bad=0 hits=0 t=0s
  G2 c3/c7@-25/11: rank[2,2] g=2 src=pari sat=1 tors=4 st=3068 hmax=999 pr=50 surv=17 ex=13 bad=0 hits=0 t=0s
  G2 c3/c4@-25/11: rank[2,2] g=2 src=pari sat=1 tors=4 st=3052 hmax=1000 pr=50 surv=18 ex=14 bad=0 hits=0 t=0s
  G2 c5/c7@-25/11: rank[2,2] g=2 src=pari sat=1 tors=4 st=3068 hmax=999 pr=50 surv=17 ex=13 bad=0 hits=0 t=0s
  G2 c5/c4@-25/11: rank[2,2] g=2 src=pari sat=1 tors=4 st=3052 hmax=1000 pr=50 surv=19 ex=15 bad=0 hits=0 t=0s
  G2 c7/c4@-25/11: rank[2,2] g=2 src=pari sat=1 tors=4 st=3108 hmax=999 pr=50 surv=25 ex=21 bad=0 hits=0 t=0s
  G3 c2/c3@-25/11: rank[3,3] g=3 src=pari sat=1 tors=4 st=9580 hmax=317 pr=50 surv=31 ex=29 bad=0 hits=0 t=0s
  G3 c2/c5@-25/11: rank[4,4] g=4 src=pari sat=1 tors=2 st=4802 hmax=178 pr=50 surv=13 ex=11 bad=0 hits=0 t=0s
  G3 c2/c6@-25/11: rank[1,1] g=1 src=pari sat=1 tors=8 st=168 hmax=873 pr=50 surv=17 ex=13 bad=0 hits=0 t=0s
  G3 c2/c4@-25/11: rank[2,2] g=2 src=pari sat=1 tors=4 st=3108 hmax=999 pr=50 surv=33 ex=29 bad=0 hits=0 t=0s
  G3 c3/c5@-1: rank[2,2] g=2 src=pari+mw sat=2 tors=4 st=4356 hmax=998 pr=50 surv=12 ex=8 bad=0 hits=0 t=41s
  G3 c6/c3@-25/11: rank[4,4] g=4 src=pari sat=1 tors=2 st=4802 hmax=178 pr=50 surv=22 ex=20 bad=0 hits=0 t=0s
  G3 c4/c3@-25/11: rank[3,3] g=3 src=pari sat=1 tors=2 st=4802 hmax=668 pr=50 surv=25 ex=23 bad=0 hits=0 t=0s
  G3 c6/c5@-25/11: rank[3,3] g=3 src=pari sat=1 tors=4 st=9580 hmax=317 pr=50 surv=28 ex=26 bad=0 hits=0 t=0s
  G3 c4/c5@-25/11: rank[3,3] g=3 src=pari sat=1 tors=2 st=4802 hmax=668 pr=50 surv=21 ex=19 bad=0 hits=0 t=0s
  G3 c6/c4@-25/11: rank[2,2] g=2 src=pari sat=1 tors=4 st=3108 hmax=999 pr=50 surv=38 ex=34 bad=0 hits=0 t=0s
== (m,n)=(18,11)
  G2 c1/c3@-29/7: rank[4,4] g=4 src=pari sat=1 tors=4 st=9604 hmax=130 pr=50 surv=31 ex=27 bad=0 hits=0 t=0s
  G2 c1/c5@-29/7: rank[4,4] g=4 src=pari sat=1 tors=4 st=9604 hmax=130 pr=50 surv=32 ex=28 bad=0 hits=0 t=0s
  G2 c1/c7@-29/7: rank[2,2] g=2 src=pari sat=1 tors=8 st=5720 hmax=999 pr=50 surv=78 ex=74 bad=0 hits=0 t=0s
  G2 c1/c4@-29/7: rank[2,2] g=2 src=pari sat=1 tors=4 st=3108 hmax=996 pr=50 surv=17 ex=13 bad=0 hits=0 t=0s
  G2 c3/c5@-29/7: rank[2,2] g=2 src=pari+mw sat=1 tors=8 st=936 hmax=985 pr=50 surv=18 ex=14 bad=0 hits=0 t=0s
  G2 c3/c7@-29/7: rank[4,4] g=4 src=pari sat=1 tors=4 st=9604 hmax=130 pr=50 surv=31 ex=27 bad=0 hits=0 t=0s
  G2 c3/c4@-29/7: rank[2,2] g=2 src=pari sat=1 tors=4 st=2852 hmax=999 pr=50 surv=19 ex=15 bad=0 hits=0 t=0s
  G2 c5/c7@-29/7: rank[4,4] g=4 src=pari sat=1 tors=4 st=9604 hmax=130 pr=50 surv=32 ex=28 bad=0 hits=0 t=0s
  G2 c5/c4@-29/7: rank[2,2] g=2 src=pari sat=1 tors=4 st=2852 hmax=999 pr=50 surv=17 ex=13 bad=0 hits=0 t=0s
  G2 c7/c4@-29/7: rank[2,2] g=2 src=pari sat=1 tors=4 st=3108 hmax=996 pr=50 surv=17 ex=13 bad=0 hits=0 t=0s
  G3 c2/c3@-29/7: rank[2,2] g=2 src=pari sat=1 tors=4 st=2052 hmax=999 pr=50 surv=13 ex=11 bad=0 hits=0 t=0s
  G3 c2/c5@-29/7: rank[4,4] g=4 src=pari sat=1 tors=2 st=4782 hmax=144 pr=50 surv=15 ex=13 bad=0 hits=0 t=0s
  G3 c2/c6@-29/7: rank[2,2] g=2 src=pari sat=1 tors=8 st=5720 hmax=999 pr=50 surv=17 ex=13 bad=0 hits=0 t=0s
  G3 c2/c4@-29/7: rank[2,2] g=2 src=pari sat=1 tors=4 st=3108 hmax=996 pr=50 surv=22 ex=18 bad=0 hits=0 t=0s
  G3 c3/c5@-1: rank[3,3] g=3 src=pari sat=1 tors=4 st=9604 hmax=310 pr=50 surv=18 ex=14 bad=0 hits=0 t=0s
  G3 c6/c3@-29/7: rank[4,4] g=4 src=pari sat=1 tors=2 st=4782 hmax=144 pr=50 surv=19 ex=17 bad=0 hits=0 t=0s
  G3 c4/c3@-29/7: rank[4,4] g=4 src=pari sat=5 tors=2 st=4766 hmax=123 pr=50 surv=14 ex=12 bad=0 hits=0 t=1s
  G3 c6/c5@-29/7: rank[2,2] g=2 src=pari sat=1 tors=4 st=2052 hmax=999 pr=50 surv=13 ex=11 bad=0 hits=0 t=0s
  G3 c4/c5@-29/7: rank[4,4] g=4 src=pari sat=5 tors=2 st=4766 hmax=123 pr=50 surv=20 ex=18 bad=0 hits=0 t=1s
  G3 c6/c4@-29/7: rank[2,2] g=2 src=pari sat=1 tors=4 st=3108 hmax=996 pr=50 surv=27 ex=23 bad=0 hits=0 t=0s
== (m,n)=(18,13)
  G2 c1/c3@-31/5: rank[3,3] g=3 src=pari sat=1 tors=4 st=9604 hmax=453 pr=50 surv=32 ex=28 bad=0 hits=0 t=0s
  G2 c1/c5@-31/5: rank[3,3] g=3 src=pari sat=1 tors=4 st=9604 hmax=453 pr=50 surv=33 ex=29 bad=0 hits=0 t=0s
  G2 c1/c7@-31/5: rank[2,2] g=2 src=pari sat=1 tors=8 st=4440 hmax=998 pr=50 surv=17 ex=13 bad=0 hits=0 t=0s
  G2 c1/c4@-31/5: rank[2,2] g=2 src=pari sat=1 tors=4 st=2972 hmax=998 pr=50 surv=17 ex=13 bad=0 hits=0 t=0s
  G2 c3/c5@-31/5: rank[3,3] g=3 src=pari sat=1 tors=8 st=19208 hmax=722 pr=50 surv=17 ex=13 bad=0 hits=0 t=0s
  G2 c3/c7@-31/5: rank[3,3] g=3 src=pari sat=1 tors=4 st=9604 hmax=453 pr=50 surv=32 ex=28 bad=0 hits=0 t=0s
  G2 c3/c4@-31/5: rank[3,3] g=3 src=pari sat=1 tors=4 st=9604 hmax=420 pr=50 surv=27 ex=23 bad=0 hits=0 t=0s
  G2 c5/c7@-31/5: rank[3,3] g=3 src=pari sat=1 tors=4 st=9604 hmax=453 pr=50 surv=33 ex=29 bad=0 hits=0 t=0s
  G2 c5/c4@-31/5: rank[3,3] g=3 src=pari sat=1 tors=4 st=9604 hmax=420 pr=50 surv=26 ex=22 bad=0 hits=0 t=0s
  G2 c7/c4@-31/5: rank[2,2] g=2 src=pari sat=1 tors=4 st=2972 hmax=998 pr=50 surv=17 ex=13 bad=0 hits=0 t=0s
  G3 c2/c3@-31/5: rank[3,3] g=3 src=pari sat=1 tors=4 st=9604 hmax=388 pr=50 surv=41 ex=39 bad=0 hits=0 t=0s
  G3 c2/c5@-31/5: rank[3,3] g=3 src=pari sat=1 tors=2 st=4790 hmax=586 pr=50 surv=13 ex=11 bad=0 hits=0 t=0s
  G3 c2/c6@-31/5: rank[2,2] g=2 src=pari sat=1 tors=8 st=4440 hmax=998 pr=50 surv=22 ex=18 bad=0 hits=0 t=0s
  G3 c2/c4@-31/5: rank[2,2] g=2 src=pari sat=1 tors=4 st=2972 hmax=998 pr=50 surv=21 ex=17 bad=0 hits=0 t=0s
  G3 c3/c5@-1: rank[3,3] g=3 src=pari sat=3 tors=4 st=9604 hmax=225 pr=50 surv=17 ex=13 bad=0 hits=0 t=0s
  G3 c6/c3@-31/5: rank[3,3] g=3 src=pari sat=1 tors=2 st=4790 hmax=586 pr=50 surv=9 ex=7 bad=0 hits=0 t=0s
  G3 c4/c3@-31/5: rank[4,4] g=4 src=pari sat=1 tors=2 st=4766 hmax=114 pr=50 surv=11 ex=9 bad=0 hits=0 t=0s
  G3 c6/c5@-31/5: rank[3,3] g=3 src=pari sat=1 tors=4 st=9604 hmax=388 pr=50 surv=44 ex=42 bad=0 hits=0 t=0s
  G3 c4/c5@-31/5: rank[4,4] g=4 src=pari sat=1 tors=2 st=4766 hmax=114 pr=50 surv=12 ex=10 bad=0 hits=0 t=0s
  G3 c6/c4@-31/5: rank[2,2] g=2 src=pari sat=1 tors=4 st=2972 hmax=998 pr=50 surv=24 ex=20 bad=0 hits=0 t=0s
== (m,n)=(18,17)
  G2 c1/c3@-35: rank[3,3] g=3 src=pari sat=3 tors=4 st=9604 hmax=321 pr=50 surv=34 ex=30 bad=0 hits=0 t=0s
  G2 c1/c5@-35: rank[3,3] g=3 src=pari sat=3 tors=4 st=9604 hmax=321 pr=50 surv=38 ex=34 bad=0 hits=0 t=0s
  G2 c1/c7@-35: rank[2,2] g=2 src=pari sat=1 tors=8 st=2280 hmax=993 pr=50 surv=52 ex=48 bad=0 hits=0 t=0s
  G2 c1/c4@-35: rank[3,3] g=3 src=pari sat=1 tors=4 st=9444 hmax=640 pr=50 surv=19 ex=15 bad=0 hits=0 t=0s
  G2 c3/c5@-35: rank[2,2] g=2 src=pari sat=1 tors=8 st=3096 hmax=999 pr=50 surv=18 ex=14 bad=0 hits=0 t=0s
  G2 c3/c7@-35: rank[3,3] g=3 src=pari sat=1 tors=4 st=9604 hmax=321 pr=50 surv=39 ex=35 bad=0 hits=0 t=0s
  G2 c3/c4@-35: rank[3,3] g=3 src=pari sat=1 tors=4 st=9604 hmax=606 pr=50 surv=22 ex=18 bad=0 hits=0 t=0s
  G2 c5/c7@-35: rank[3,3] g=3 src=pari sat=1 tors=4 st=9604 hmax=321 pr=50 surv=38 ex=34 bad=0 hits=0 t=0s
  G2 c5/c4@-35: rank[3,3] g=3 src=pari sat=1 tors=4 st=9604 hmax=606 pr=50 surv=23 ex=19 bad=0 hits=0 t=0s
  G2 c7/c4@-35: rank[3,3] g=3 src=pari sat=1 tors=4 st=9444 hmax=640 pr=50 surv=18 ex=14 bad=0 hits=0 t=0s
  G3 c2/c3@-35: rank[1,1] g=1 src=pari sat=1 tors=4 st=100 hmax=953 pr=50 surv=9 ex=7 bad=0 hits=0 t=0s
  G3 c2/c5@-35: rank[4,4] g=4 src=pari sat=1 tors=2 st=4798 hmax=179 pr=50 surv=19 ex=17 bad=0 hits=0 t=0s
  G3 c2/c6@-35: rank[2,2] g=2 src=pari sat=1 tors=8 st=2280 hmax=993 pr=50 surv=25 ex=21 bad=0 hits=0 t=0s
  G3 c2/c4@-35: rank[3,3] g=3 src=pari sat=1 tors=4 st=9444 hmax=640 pr=50 surv=37 ex=33 bad=0 hits=0 t=0s
  G3 c3/c5@-1: rank[3,3] g=3 src=pari sat=1 tors=4 st=9516 hmax=225 pr=50 surv=56 ex=52 bad=0 hits=0 t=0s
  G3 c6/c3@-35: rank[4,4] g=4 src=pari sat=1 tors=2 st=4798 hmax=179 pr=50 surv=19 ex=17 bad=0 hits=0 t=0s
  G3 c4/c3@-35: rank[3,3] g=3 src=pari sat=1 tors=2 st=4786 hmax=523 pr=50 surv=13 ex=11 bad=0 hits=0 t=0s
  G3 c6/c5@-35: rank[1,1] g=1 src=pari sat=1 tors=4 st=100 hmax=953 pr=50 surv=9 ex=7 bad=0 hits=0 t=0s
  G3 c4/c5@-35: rank[3,3] g=3 src=pari sat=1 tors=2 st=4786 hmax=523 pr=50 surv=14 ex=12 bad=0 hits=0 t=0s
  G3 c6/c4@-35: rank[3,3] g=3 src=pari sat=1 tors=4 st=9444 hmax=640 pr=50 surv=47 ex=43 bad=0 hits=0 t=0s
== (m,n)=(1,-19)
  G2 c1/c3@-10/9: rank[3,3] g=3 src=pari sat=1 tors=4 st=9596 hmax=254 pr=50 surv=35 ex=31 bad=0 hits=0 t=0s
  G2 c1/c5@-10/9: rank[3,3] g=3 src=pari sat=1 tors=4 st=9596 hmax=254 pr=50 surv=33 ex=29 bad=0 hits=0 t=0s
  G2 c1/c7@-10/9: rank[2,2] g=2 src=pari+mw sat=1 tors=8 st=1256 hmax=997 pr=50 surv=17 ex=13 bad=0 hits=0 t=0s
  G2 c1/c4@-10/9: rank[3,3] g=3 src=pari sat=3 tors=4 st=9532 hmax=422 pr=50 surv=22 ex=18 bad=0 hits=0 t=0s
  G2 c3/c5@-10/9: rank[2,2] g=2 src=pari sat=1 tors=8 st=5320 hmax=997 pr=50 surv=82 ex=78 bad=0 hits=0 t=0s
  G2 c3/c7@-10/9: rank[3,3] g=3 src=pari sat=1 tors=4 st=9596 hmax=254 pr=50 surv=35 ex=31 bad=0 hits=0 t=0s
  G2 c3/c4@-10/9: rank[3,3] g=3 src=pari sat=1 tors=4 st=9532 hmax=290 pr=50 surv=35 ex=31 bad=0 hits=0 t=1s
  G2 c5/c7@-10/9: rank[3,3] g=3 src=pari sat=1 tors=4 st=9596 hmax=254 pr=50 surv=35 ex=31 bad=0 hits=0 t=1s
  G2 c5/c4@-10/9: rank[3,3] g=3 src=pari sat=1 tors=4 st=9532 hmax=290 pr=50 surv=42 ex=38 bad=0 hits=0 t=1s
  G2 c7/c4@-10/9: rank[3,3] g=3 src=pari sat=3 tors=4 st=9532 hmax=422 pr=50 surv=30 ex=26 bad=0 hits=0 t=1s
  G3 c2/c3@-10/9: rank[1,1] g=1 src=pari sat=1 tors=4 st=108 hmax=992 pr=50 surv=9 ex=7 bad=0 hits=0 t=1s
  G3 c2/c5@-10/9: rank[1,3] g=3 src=pari+mw sat=1 tors=2 st=3418 hmax=1000 pr=50 surv=13 ex=11 bad=0 hits=0 t=1s
  G3 c2/c6@-10/9: rank[2,2] g=2 src=pari+mw sat=1 tors=8 st=1256 hmax=997 pr=50 surv=33 ex=29 bad=0 hits=0 t=1s
  G3 c2/c4@-10/9: rank[3,3] g=3 src=pari sat=3 tors=4 st=9532 hmax=422 pr=50 surv=21 ex=17 bad=0 hits=0 t=1s
  G3 c3/c5@-1: rank[2,2] g=2 src=pari sat=1 tors=4 st=4668 hmax=998 pr=50 surv=18 ex=14 bad=0 hits=0 t=0s
  G3 c6/c3@-10/9: rank[1,3] g=3 src=pari+mw sat=1 tors=2 st=3418 hmax=1000 pr=50 surv=14 ex=12 bad=0 hits=0 t=0s
  G3 c4/c3@-10/9: rank[3,3] g=3 src=pari+mw sat=1 tors=2 st=4802 hmax=959 pr=50 surv=13 ex=11 bad=0 hits=0 t=2s
  G3 c6/c5@-10/9: rank[1,1] g=1 src=pari sat=1 tors=4 st=108 hmax=992 pr=50 surv=9 ex=7 bad=0 hits=0 t=0s
  G3 c4/c5@-10/9: rank[3,3] g=3 src=pari+mw sat=1 tors=2 st=4802 hmax=959 pr=50 surv=33 ex=31 bad=0 hits=0 t=0s
  G3 c6/c4@-10/9: rank[3,3] g=3 src=pari sat=3 tors=4 st=9532 hmax=422 pr=50 surv=46 ex=42 bad=0 hits=0 t=0s
== (m,n)=(1,19)
  G2 c1/c3@-10/9: rank[3,3] g=3 src=pari sat=1 tors=4 st=9596 hmax=254 pr=50 surv=33 ex=29 bad=0 hits=0 t=0s
  G2 c1/c5@-10/9: rank[3,3] g=3 src=pari sat=1 tors=4 st=9596 hmax=254 pr=50 surv=35 ex=31 bad=0 hits=0 t=0s
  G2 c1/c7@-10/9: rank[2,2] g=2 src=pari+mw sat=1 tors=8 st=1256 hmax=997 pr=50 surv=17 ex=13 bad=0 hits=0 t=0s
  G2 c1/c4@-10/9: rank[3,3] g=3 src=pari sat=3 tors=4 st=9532 hmax=422 pr=50 surv=22 ex=18 bad=0 hits=0 t=0s
  G2 c3/c5@-10/9: rank[2,2] g=2 src=pari sat=1 tors=8 st=5320 hmax=997 pr=50 surv=82 ex=78 bad=0 hits=0 t=0s
  G2 c3/c7@-10/9: rank[3,3] g=3 src=pari sat=1 tors=4 st=9596 hmax=254 pr=50 surv=35 ex=31 bad=0 hits=0 t=0s
  G2 c3/c4@-10/9: rank[3,3] g=3 src=pari sat=1 tors=4 st=9532 hmax=290 pr=50 surv=42 ex=38 bad=0 hits=0 t=0s
  G2 c5/c7@-10/9: rank[3,3] g=3 src=pari sat=1 tors=4 st=9596 hmax=254 pr=50 surv=35 ex=31 bad=0 hits=0 t=0s
  G2 c5/c4@-10/9: rank[3,3] g=3 src=pari sat=1 tors=4 st=9532 hmax=290 pr=50 surv=35 ex=31 bad=0 hits=0 t=0s
  G2 c7/c4@-10/9: rank[3,3] g=3 src=pari sat=3 tors=4 st=9532 hmax=422 pr=50 surv=30 ex=26 bad=0 hits=0 t=0s
  G3 c2/c3@-10/9: rank[1,1] g=1 src=pari sat=1 tors=4 st=108 hmax=992 pr=50 surv=9 ex=5 bad=0 hits=0 t=0s
  G3 c2/c5@-10/9: rank[1,3] g=3 src=pari+mw sat=1 tors=2 st=3418 hmax=1000 pr=50 surv=13 ex=9 bad=0 hits=0 t=1s
  G3 c2/c6@-10/9: rank[2,2] g=2 src=pari+mw sat=1 tors=8 st=1256 hmax=997 pr=50 surv=34 ex=30 bad=0 hits=0 t=0s
  G3 c2/c4@-10/9: rank[3,3] g=3 src=pari sat=3 tors=4 st=9532 hmax=422 pr=50 surv=22 ex=18 bad=0 hits=0 t=0s
  G3 c3/c5@-10/9: rank[2,2] g=2 src=pari sat=1 tors=4 st=4668 hmax=998 pr=50 surv=10 ex=6 bad=0 hits=0 t=0s
  G3 c3/c6@-10/9: rank[1,3] g=3 src=pari+mw sat=1 tors=2 st=3418 hmax=1000 pr=50 surv=15 ex=11 bad=0 hits=0 t=0s
  G3 c3/c4@-10/9: rank[3,3] g=3 src=pari+mw sat=1 tors=2 st=4802 hmax=959 pr=50 surv=23 ex=19 bad=0 hits=0 t=2s
  G3 c5/c6@-10/9: rank[1,1] g=1 src=pari sat=1 tors=4 st=108 hmax=992 pr=50 surv=9 ex=5 bad=0 hits=0 t=0s
  G3 c5/c4@-10/9: rank[3,3] g=3 src=pari+mw sat=1 tors=2 st=4802 hmax=959 pr=50 surv=51 ex=47 bad=0 hits=0 t=0s
  G3 c6/c4@-10/9: rank[3,3] g=3 src=pari sat=3 tors=4 st=9532 hmax=422 pr=50 surv=44 ex=40 bad=0 hits=0 t=0s
== (m,n)=(2,-19)
  G2 c1/c3@-21/17: rank[4,4] g=4 src=pari sat=3 tors=4 st=9476 hmax=104 pr=50 surv=33 ex=29 bad=0 hits=0 t=1s
  G2 c1/c5@-21/17: rank[4,4] g=4 src=pari sat=3 tors=4 st=9476 hmax=104 pr=50 surv=37 ex=33 bad=0 hits=0 t=1s
  G2 c1/c7@-21/17: rank[3,3] g=3 src=pari sat=1 tors=8 st=19208 hmax=403 pr=50 surv=213 ex=209 bad=0 hits=0 t=0s
  G2 c1/c4@-21/17: rank[3,3] g=3 src=pari sat=1 tors=4 st=9604 hmax=329 pr=50 surv=17 ex=13 bad=0 hits=0 t=0s
  G2 c3/c5@-21/17: rank[2,2] g=2 src=pari sat=1 tors=8 st=3928 hmax=993 pr=50 surv=17 ex=13 bad=0 hits=0 t=0s
  G2 c3/c7@-21/17: rank[4,4] g=4 src=pari sat=3 tors=4 st=9476 hmax=104 pr=50 surv=36 ex=32 bad=0 hits=0 t=1s
  G2 c3/c4@-21/17: rank[2,2] g=2 src=pari sat=1 tors=4 st=3036 hmax=997 pr=50 surv=27 ex=23 bad=0 hits=0 t=0s
  G2 c5/c7@-21/17: rank[4,4] g=4 src=pari sat=3 tors=4 st=9476 hmax=104 pr=50 surv=37 ex=33 bad=0 hits=0 t=0s
  G2 c5/c4@-21/17: rank[2,2] g=2 src=pari sat=1 tors=4 st=3036 hmax=997 pr=50 surv=26 ex=22 bad=0 hits=0 t=0s
  G2 c7/c4@-21/17: rank[3,3] g=3 src=pari sat=1 tors=4 st=9604 hmax=329 pr=50 surv=17 ex=13 bad=0 hits=0 t=0s
  G3 c2/c3@-21/17: rank[3,3] g=3 src=pari sat=1 tors=4 st=9604 hmax=473 pr=50 surv=60 ex=58 bad=0 hits=0 t=0s
  G3 c2/c5@-21/17: rank[4,4] g=4 src=pari sat=1 tors=2 st=4794 hmax=139 pr=50 surv=20 ex=18 bad=0 hits=0 t=0s
  G3 c2/c6@-21/17: rank[3,3] g=3 src=pari sat=1 tors=8 st=19208 hmax=403 pr=50 surv=38 ex=34 bad=0 hits=0 t=0s
  G3 c2/c4@-21/17: rank[3,3] g=3 src=pari sat=1 tors=4 st=9604 hmax=329 pr=50 surv=52 ex=48 bad=0 hits=0 t=0s
  G3 c3/c5@-1: rank[2,2] g=2 src=pari sat=1 tors=4 st=3828 hmax=999 pr=50 surv=21 ex=17 bad=0 hits=0 t=0s
  G3 c6/c3@-21/17: rank[4,4] g=4 src=pari sat=1 tors=2 st=4794 hmax=139 pr=50 surv=20 ex=18 bad=0 hits=0 t=0s
  G3 c4/c3@-21/17: rank[3,3] g=3 src=pari sat=1 tors=2 st=4790 hmax=384 pr=50 surv=24 ex=22 bad=0 hits=0 t=0s
  G3 c6/c5@-21/17: rank[3,3] g=3 src=pari sat=1 tors=4 st=9604 hmax=473 pr=50 surv=51 ex=49 bad=0 hits=0 t=0s
  G3 c4/c5@-21/17: rank[3,3] g=3 src=pari sat=1 tors=2 st=4790 hmax=384 pr=50 surv=20 ex=18 bad=0 hits=0 t=0s
  G3 c6/c4@-21/17: rank[3,3] g=3 src=pari sat=1 tors=4 st=9604 hmax=329 pr=50 surv=63 ex=59 bad=0 hits=0 t=0s
== (m,n)=(2,19)
  G2 c1/c3@-21/17: rank[4,4] g=4 src=pari sat=3 tors=4 st=9476 hmax=104 pr=50 surv=37 ex=33 bad=0 hits=0 t=1s
  G2 c1/c5@-21/17: rank[4,4] g=4 src=pari sat=3 tors=4 st=9476 hmax=104 pr=50 surv=33 ex=29 bad=0 hits=0 t=1s
  G2 c1/c7@-21/17: rank[3,3] g=3 src=pari sat=1 tors=8 st=19208 hmax=403 pr=50 surv=213 ex=209 bad=0 hits=0 t=1s
  G2 c1/c4@-21/17: rank[3,3] g=3 src=pari sat=1 tors=4 st=9604 hmax=329 pr=50 surv=17 ex=13 bad=0 hits=0 t=1s
  G2 c3/c5@-21/17: rank[2,2] g=2 src=pari sat=1 tors=8 st=3928 hmax=993 pr=50 surv=21 ex=17 bad=0 hits=0 t=1s
  G2 c3/c7@-21/17: rank[4,4] g=4 src=pari sat=3 tors=4 st=9476 hmax=104 pr=50 surv=37 ex=33 bad=0 hits=0 t=1s
  G2 c3/c4@-21/17: rank[2,2] g=2 src=pari sat=1 tors=4 st=3036 hmax=997 pr=50 surv=26 ex=22 bad=0 hits=0 t=1s
  G2 c5/c7@-21/17: rank[4,4] g=4 src=pari sat=3 tors=4 st=9476 hmax=104 pr=50 surv=36 ex=32 bad=0 hits=0 t=1s
  G2 c5/c4@-21/17: rank[2,2] g=2 src=pari sat=1 tors=4 st=3036 hmax=997 pr=50 surv=27 ex=23 bad=0 hits=0 t=1s
  G2 c7/c4@-21/17: rank[3,3] g=3 src=pari sat=1 tors=4 st=9604 hmax=329 pr=50 surv=17 ex=13 bad=0 hits=0 t=1s
  G3 c2/c3@-21/17: rank[3,3] g=3 src=pari sat=1 tors=4 st=9604 hmax=473 pr=50 surv=51 ex=47 bad=0 hits=0 t=1s
  G3 c2/c5@-21/17: rank[4,4] g=4 src=pari sat=1 tors=2 st=4794 hmax=139 pr=50 surv=19 ex=15 bad=0 hits=0 t=1s
  G3 c2/c6@-21/17: rank[3,3] g=3 src=pari sat=1 tors=8 st=19208 hmax=403 pr=50 surv=40 ex=36 bad=0 hits=0 t=1s
  G3 c2/c4@-21/17: rank[3,3] g=3 src=pari sat=1 tors=4 st=9604 hmax=329 pr=50 surv=53 ex=49 bad=0 hits=0 t=1s
  G3 c3/c5@-21/17: rank[2,2] g=2 src=pari sat=1 tors=4 st=3828 hmax=999 pr=50 surv=12 ex=8 bad=0 hits=0 t=1s
  G3 c3/c6@-21/17: rank[4,4] g=4 src=pari sat=1 tors=2 st=4794 hmax=139 pr=50 surv=20 ex=16 bad=0 hits=0 t=1s
  G3 c3/c4@-21/17: rank[3,3] g=3 src=pari sat=1 tors=2 st=4790 hmax=384 pr=50 surv=20 ex=16 bad=0 hits=0 t=1s
  G3 c5/c6@-21/17: rank[3,3] g=3 src=pari sat=1 tors=4 st=9604 hmax=473 pr=50 surv=60 ex=56 bad=0 hits=0 t=1s
  G3 c5/c4@-21/17: rank[3,3] g=3 src=pari sat=1 tors=2 st=4790 hmax=384 pr=50 surv=21 ex=17 bad=0 hits=0 t=1s
  G3 c6/c4@-21/17: rank[3,3] g=3 src=pari sat=1 tors=4 st=9604 hmax=329 pr=50 surv=61 ex=57 bad=0 hits=0 t=1s
== (m,n)=(3,-19)
  G2 c1/c3@-11/8: rank[3,3] g=3 src=pari sat=1 tors=4 st=9564 hmax=299 pr=50 surv=29 ex=25 bad=0 hits=0 t=1s
  G2 c1/c5@-11/8: rank[3,3] g=3 src=pari sat=1 tors=4 st=9564 hmax=299 pr=50 surv=32 ex=28 bad=0 hits=0 t=1s
  G2 c1/c7@-11/8: rank[1,1] g=1 src=pari sat=1 tors=8 st=184 hmax=944 pr=50 surv=17 ex=13 bad=0 hits=0 t=1s
  G2 c1/c4@-11/8: rank[3,3] g=3 src=pari sat=1 tors=4 st=9596 hmax=238 pr=50 surv=45 ex=41 bad=0 hits=0 t=1s
  G2 c3/c5@-11/8: rank[2,2] g=2 src=pari sat=1 tors=8 st=5624 hmax=993 pr=50 surv=35 ex=31 bad=0 hits=0 t=1s
  G2 c3/c7@-11/8: rank[3,3] g=3 src=pari sat=1 tors=4 st=9564 hmax=299 pr=50 surv=30 ex=26 bad=0 hits=0 t=1s
  G2 c3/c4@-11/8: rank[2,2] g=2 src=pari sat=1 tors=4 st=3564 hmax=998 pr=50 surv=42 ex=38 bad=0 hits=0 t=1s
  G2 c5/c7@-11/8: rank[3,3] g=3 src=pari sat=1 tors=4 st=9564 hmax=299 pr=50 surv=32 ex=28 bad=0 hits=0 t=1s
  G2 c5/c4@-11/8: rank[2,2] g=2 src=pari sat=1 tors=4 st=3564 hmax=998 pr=50 surv=41 ex=37 bad=0 hits=0 t=1s
  G2 c7/c4@-11/8: rank[3,3] g=3 src=pari sat=1 tors=4 st=9596 hmax=238 pr=50 surv=46 ex=42 bad=0 hits=0 t=1s
  G3 c2/c3@-11/8: rank[2,2] g=2 src=pari sat=1 tors=4 st=1524 hmax=997 pr=50 surv=10 ex=8 bad=0 hits=0 t=1s
  G3 c2/c5@-11/8: rank[2,2] g=2 src=pari sat=1 tors=2 st=762 hmax=997 pr=50 surv=9 ex=7 bad=0 hits=0 t=1s
  G3 c2/c6@-11/8: rank[1,1] g=1 src=pari sat=1 tors=8 st=184 hmax=944 pr=50 surv=17 ex=13 bad=0 hits=0 t=0s
  G3 c2/c4@-11/8: rank[3,3] g=3 src=pari sat=1 tors=4 st=9596 hmax=238 pr=50 surv=27 ex=23 bad=0 hits=0 t=1s
  G3 c3/c5@-1: rank[2,2] g=2 src=pari sat=1 tors=4 st=5332 hmax=989 pr=50 surv=24 ex=20 bad=0 hits=0 t=1s
  G3 c6/c3@-11/8: rank[2,2] g=2 src=pari sat=1 tors=2 st=762 hmax=997 pr=50 surv=9 ex=7 bad=0 hits=0 t=1s
  G3 c4/c3@-11/8: rank[2,2] g=2 src=pari sat=1 tors=2 st=1134 hmax=999 pr=50 surv=18 ex=16 bad=0 hits=0 t=1s
  G3 c6/c5@-11/8: rank[2,2] g=2 src=pari sat=1 tors=4 st=1524 hmax=997 pr=50 surv=9 ex=7 bad=0 hits=0 t=1s
  G3 c4/c5@-11/8: rank[2,2] g=2 src=pari sat=1 tors=2 st=1134 hmax=999 pr=50 surv=18 ex=16 bad=0 hits=0 t=1s
  G3 c6/c4@-11/8: rank[3,3] g=3 src=pari sat=1 tors=4 st=9596 hmax=238 pr=50 surv=30 ex=26 bad=0 hits=0 t=1s
== (m,n)=(3,19)
  G2 c1/c3@-11/8: rank[3,3] g=3 src=pari sat=1 tors=4 st=9564 hmax=299 pr=50 surv=32 ex=28 bad=0 hits=0 t=1s
  G2 c1/c5@-11/8: rank[3,3] g=3 src=pari sat=1 tors=4 st=9564 hmax=299 pr=50 surv=29 ex=25 bad=0 hits=0 t=0s
  G2 c1/c7@-11/8: rank[1,1] g=1 src=pari sat=1 tors=8 st=184 hmax=944 pr=50 surv=17 ex=13 bad=0 hits=0 t=0s
  G2 c1/c4@-11/8: rank[3,3] g=3 src=pari sat=1 tors=4 st=9596 hmax=238 pr=50 surv=45 ex=41 bad=0 hits=0 t=0s
  G2 c3/c5@-11/8: rank[2,2] g=2 src=pari sat=1 tors=8 st=5624 hmax=993 pr=50 surv=36 ex=32 bad=0 hits=0 t=0s
  G2 c3/c7@-11/8: rank[3,3] g=3 src=pari sat=1 tors=4 st=9564 hmax=299 pr=50 surv=32 ex=28 bad=0 hits=0 t=0s
  G2 c3/c4@-11/8: rank[2,2] g=2 src=pari sat=1 tors=4 st=3564 hmax=998 pr=50 surv=41 ex=37 bad=0 hits=0 t=0s
  G2 c5/c7@-11/8: rank[3,3] g=3 src=pari sat=1 tors=4 st=9564 hmax=299 pr=50 surv=30 ex=26 bad=0 hits=0 t=0s
  G2 c5/c4@-11/8: rank[2,2] g=2 src=pari sat=1 tors=4 st=3564 hmax=998 pr=50 surv=42 ex=38 bad=0 hits=0 t=0s
  G2 c7/c4@-11/8: rank[3,3] g=3 src=pari sat=1 tors=4 st=9596 hmax=238 pr=50 surv=46 ex=42 bad=0 hits=0 t=0s
  G3 c2/c3@-11/8: rank[2,2] g=2 src=pari sat=1 tors=4 st=1524 hmax=997 pr=50 surv=9 ex=5 bad=0 hits=0 t=0s
  G3 c2/c5@-11/8: rank[2,2] g=2 src=pari sat=1 tors=2 st=762 hmax=997 pr=50 surv=9 ex=5 bad=0 hits=0 t=0s
  G3 c2/c6@-11/8: rank[1,1] g=1 src=pari sat=1 tors=8 st=184 hmax=944 pr=50 surv=18 ex=14 bad=0 hits=0 t=0s
  G3 c2/c4@-11/8: rank[3,3] g=3 src=pari sat=1 tors=4 st=9596 hmax=238 pr=50 surv=28 ex=24 bad=0 hits=0 t=0s
  G3 c3/c5@-11/8: rank[2,2] g=2 src=pari sat=1 tors=4 st=5332 hmax=989 pr=50 surv=20 ex=16 bad=0 hits=0 t=0s
  G3 c3/c6@-11/8: rank[2,2] g=2 src=pari sat=1 tors=2 st=762 hmax=997 pr=50 surv=9 ex=5 bad=0 hits=0 t=0s
  G3 c3/c4@-11/8: rank[2,2] g=2 src=pari sat=1 tors=2 st=1134 hmax=999 pr=50 surv=30 ex=26 bad=0 hits=0 t=0s
  G3 c5/c6@-11/8: rank[2,2] g=2 src=pari sat=1 tors=4 st=1524 hmax=997 pr=50 surv=10 ex=6 bad=0 hits=0 t=0s
  G3 c5/c4@-11/8: rank[2,2] g=2 src=pari sat=1 tors=2 st=1134 hmax=999 pr=50 surv=30 ex=26 bad=0 hits=0 t=0s
  G3 c6/c4@-11/8: rank[3,3] g=3 src=pari sat=1 tors=4 st=9596 hmax=238 pr=50 surv=28 ex=24 bad=0 hits=0 t=0s
== (m,n)=(4,-19)
  G2 c1/c3@-23/15: rank[2,2] g=2 src=pari sat=1 tors=4 st=3068 hmax=998 pr=50 surv=21 ex=17 bad=0 hits=0 t=0s
  G2 c1/c5@-23/15: rank[2,2] g=2 src=pari sat=1 tors=4 st=3068 hmax=998 pr=50 surv=21 ex=17 bad=0 hits=0 t=0s
  G2 c1/c7@-23/15: rank[1,1] g=1 src=pari sat=1 tors=8 st=168 hmax=885 pr=50 surv=17 ex=13 bad=0 hits=0 t=0s
  G2 c1/c4@-23/15: rank[3,3] g=3 src=pari sat=1 tors=4 st=9548 hmax=300 pr=50 surv=17 ex=13 bad=0 hits=0 t=0s
  G2 c3/c5@-23/15: rank[1,1] g=1 src=pari sat=1 tors=8 st=168 hmax=870 pr=50 surv=18 ex=14 bad=0 hits=0 t=0s
  G2 c3/c7@-23/15: rank[2,2] g=2 src=pari sat=1 tors=4 st=3068 hmax=998 pr=50 surv=21 ex=17 bad=0 hits=0 t=0s
  G2 c3/c4@-23/15: rank[3,3] g=3 src=pari sat=1 tors=4 st=9604 hmax=270 pr=50 surv=26 ex=22 bad=0 hits=0 t=0s
  G2 c5/c7@-23/15: rank[2,2] g=2 src=pari sat=1 tors=4 st=3068 hmax=998 pr=50 surv=21 ex=17 bad=0 hits=0 t=0s
  G2 c5/c4@-23/15: rank[3,3] g=3 src=pari sat=1 tors=4 st=9604 hmax=270 pr=50 surv=28 ex=24 bad=0 hits=0 t=0s
  G2 c7/c4@-23/15: rank[3,3] g=3 src=pari sat=1 tors=4 st=9548 hmax=300 pr=50 surv=17 ex=13 bad=0 hits=0 t=0s
  G3 c2/c3@-23/15: rank[1,1] g=1 src=pari sat=1 tors=4 st=100 hmax=938 pr=50 surv=9 ex=7 bad=0 hits=0 t=0s
  G3 c2/c5@-23/15: rank[3,3] g=3 src=pari sat=1 tors=2 st=4802 hmax=981 pr=50 surv=21 ex=19 bad=0 hits=0 t=0s
  G3 c2/c6@-23/15: rank[1,1] g=1 src=pari sat=1 tors=8 st=168 hmax=885 pr=50 surv=17 ex=13 bad=0 hits=0 t=0s
  G3 c2/c4@-23/15: rank[3,3] g=3 src=pari sat=1 tors=4 st=9548 hmax=300 pr=50 surv=27 ex=23 bad=0 hits=0 t=0s
  G3 c3/c5@-1: rank[3,3] g=3 src=pari sat=1 tors=4 st=9604 hmax=221 pr=50 surv=53 ex=49 bad=0 hits=0 t=0s
  G3 c6/c3@-23/15: rank[3,3] g=3 src=pari sat=1 tors=2 st=4802 hmax=981 pr=50 surv=23 ex=21 bad=0 hits=0 t=0s
  G3 c4/c3@-23/15: rank[2,2] g=2 src=pari sat=1 tors=2 st=974 hmax=997 pr=50 surv=13 ex=11 bad=0 hits=0 t=0s
  G3 c6/c5@-23/15: rank[1,1] g=1 src=pari sat=1 tors=4 st=100 hmax=938 pr=50 surv=9 ex=7 bad=0 hits=0 t=0s
  G3 c4/c5@-23/15: rank[2,2] g=2 src=pari sat=1 tors=2 st=974 hmax=997 pr=50 surv=13 ex=11 bad=0 hits=0 t=0s
  G3 c6/c4@-23/15: rank[3,3] g=3 src=pari sat=1 tors=4 st=9548 hmax=300 pr=50 surv=28 ex=24 bad=0 hits=0 t=0s
== (m,n)=(4,19)
  G2 c1/c3@-23/15: rank[2,2] g=2 src=pari sat=1 tors=4 st=3068 hmax=998 pr=50 surv=21 ex=17 bad=0 hits=0 t=0s
  G2 c1/c5@-23/15: rank[2,2] g=2 src=pari sat=1 tors=4 st=3068 hmax=998 pr=50 surv=21 ex=17 bad=0 hits=0 t=0s
  G2 c1/c7@-23/15: rank[1,1] g=1 src=pari sat=1 tors=8 st=168 hmax=885 pr=50 surv=17 ex=13 bad=0 hits=0 t=0s
  G2 c1/c4@-23/15: rank[3,3] g=3 src=pari sat=1 tors=4 st=9548 hmax=300 pr=50 surv=17 ex=13 bad=0 hits=0 t=0s
  G2 c3/c5@-23/15: rank[1,1] g=1 src=pari sat=1 tors=8 st=168 hmax=870 pr=50 surv=17 ex=13 bad=0 hits=0 t=0s
  G2 c3/c7@-23/15: rank[2,2] g=2 src=pari sat=1 tors=4 st=3068 hmax=998 pr=50 surv=21 ex=17 bad=0 hits=0 t=0s
  G2 c3/c4@-23/15: rank[3,3] g=3 src=pari sat=1 tors=4 st=9604 hmax=270 pr=50 surv=28 ex=24 bad=0 hits=0 t=0s
  G2 c5/c7@-23/15: rank[2,2] g=2 src=pari sat=1 tors=4 st=3068 hmax=998 pr=50 surv=21 ex=17 bad=0 hits=0 t=0s
  G2 c5/c4@-23/15: rank[3,3] g=3 src=pari sat=1 tors=4 st=9604 hmax=270 pr=50 surv=26 ex=22 bad=0 hits=0 t=0s
  G2 c7/c4@-23/15: rank[3,3] g=3 src=pari sat=1 tors=4 st=9548 hmax=300 pr=50 surv=17 ex=13 bad=0 hits=0 t=0s
  G3 c2/c3@-23/15: rank[1,1] g=1 src=pari sat=1 tors=4 st=100 hmax=938 pr=50 surv=9 ex=5 bad=0 hits=0 t=0s
  G3 c2/c5@-23/15: rank[3,3] g=3 src=pari sat=1 tors=2 st=4802 hmax=981 pr=50 surv=23 ex=19 bad=0 hits=0 t=0s
  G3 c2/c6@-23/15: rank[1,1] g=1 src=pari sat=1 tors=8 st=168 hmax=885 pr=50 surv=17 ex=13 bad=0 hits=0 t=0s
  G3 c2/c4@-23/15: rank[3,3] g=3 src=pari sat=1 tors=4 st=9548 hmax=300 pr=50 surv=28 ex=24 bad=0 hits=0 t=0s
  G3 c3/c5@-23/15: rank[3,3] g=3 src=pari sat=1 tors=4 st=9604 hmax=221 pr=50 surv=27 ex=23 bad=0 hits=0 t=0s
  G3 c3/c6@-23/15: rank[3,3] g=3 src=pari sat=1 tors=2 st=4802 hmax=981 pr=50 surv=21 ex=17 bad=0 hits=0 t=0s
  G3 c3/c4@-23/15: rank[2,2] g=2 src=pari sat=1 tors=2 st=974 hmax=997 pr=50 surv=13 ex=9 bad=0 hits=0 t=0s
  G3 c5/c6@-23/15: rank[1,1] g=1 src=pari sat=1 tors=4 st=100 hmax=938 pr=50 surv=9 ex=5 bad=0 hits=0 t=0s
  G3 c5/c4@-23/15: rank[2,2] g=2 src=pari sat=1 tors=2 st=974 hmax=997 pr=50 surv=13 ex=9 bad=0 hits=0 t=0s
  G3 c6/c4@-23/15: rank[3,3] g=3 src=pari sat=1 tors=4 st=9548 hmax=300 pr=50 surv=27 ex=23 bad=0 hits=0 t=0s
== (m,n)=(5,-19)
  G2 c1/c3@-12/7: rank[3,3] g=3 src=pari sat=1 tors=4 st=9604 hmax=260 pr=50 surv=35 ex=31 bad=0 hits=0 t=1s
  G2 c1/c5@-12/7: rank[3,3] g=3 src=pari sat=1 tors=4 st=9604 hmax=260 pr=50 surv=34 ex=30 bad=0 hits=0 t=0s
  G2 c1/c7@-12/7: rank[2,2] g=2 src=pari sat=1 tors=8 st=5752 hmax=999 pr=50 surv=34 ex=30 bad=0 hits=0 t=0s
  G2 c1/c4@-12/7: rank[3,3] g=3 src=pari sat=1 tors=4 st=9604 hmax=287 pr=50 surv=17 ex=13 bad=0 hits=0 t=0s
  G2 c3/c5@-12/7: rank[1,1] g=1 src=pari sat=1 tors=8 st=184 hmax=905 pr=50 surv=25 ex=21 bad=0 hits=0 t=0s
  G2 c3/c7@-12/7: rank[3,3] g=3 src=pari sat=1 tors=4 st=9604 hmax=260 pr=50 surv=32 ex=28 bad=0 hits=0 t=0s
  G2 c3/c4@-12/7: rank[2,2] g=2 src=pari sat=1 tors=4 st=3740 hmax=999 pr=50 surv=18 ex=14 bad=0 hits=0 t=0s
  G2 c5/c7@-12/7: rank[3,3] g=3 src=pari sat=1 tors=4 st=9604 hmax=260 pr=50 surv=34 ex=30 bad=0 hits=0 t=0s
  G2 c5/c4@-12/7: rank[2,2] g=2 src=pari sat=1 tors=4 st=3740 hmax=999 pr=50 surv=18 ex=14 bad=0 hits=0 t=0s
  G2 c7/c4@-12/7: rank[3,3] g=3 src=pari sat=1 tors=4 st=9604 hmax=287 pr=50 surv=17 ex=13 bad=0 hits=0 t=0s
  G3 c2/c3@-12/7: rank[1,1] g=1 src=pari sat=1 tors=4 st=108 hmax=978 pr=50 surv=9 ex=7 bad=0 hits=0 t=0s
  G3 c2/c5@-12/7: rank[2,2] g=2 src=pari sat=1 tors=2 st=790 hmax=990 pr=50 surv=9 ex=7 bad=0 hits=0 t=0s
  G3 c2/c6@-12/7: rank[2,2] g=2 src=pari sat=1 tors=8 st=5752 hmax=999 pr=50 surv=59 ex=55 bad=0 hits=0 t=0s
  G3 c2/c4@-12/7: rank[3,3] g=3 src=pari sat=1 tors=4 st=9604 hmax=287 pr=50 surv=34 ex=30 bad=0 hits=0 t=0s
  G3 c3/c5@-1: rank[3,3] g=3 src=pari sat=3 tors=4 st=9604 hmax=213 pr=50 surv=42 ex=38 bad=0 hits=0 t=0s
  G3 c6/c3@-12/7: rank[2,2] g=2 src=pari sat=1 tors=2 st=790 hmax=990 pr=50 surv=9 ex=7 bad=0 hits=0 t=0s
  G3 c4/c3@-12/7: rank[2,2] g=2 src=pari sat=1 tors=2 st=1090 hmax=998 pr=50 surv=9 ex=7 bad=0 hits=0 t=0s
  G3 c6/c5@-12/7: rank[1,1] g=1 src=pari sat=1 tors=4 st=108 hmax=978 pr=50 surv=9 ex=7 bad=0 hits=0 t=0s
  G3 c4/c5@-12/7: rank[2,2] g=2 src=pari sat=1 tors=2 st=1090 hmax=998 pr=50 surv=9 ex=7 bad=0 hits=0 t=0s
  G3 c6/c4@-12/7: rank[3,3] g=3 src=pari sat=1 tors=4 st=9604 hmax=287 pr=50 surv=29 ex=25 bad=0 hits=0 t=0s
== (m,n)=(5,19)
  G2 c1/c3@-12/7: rank[3,3] g=3 src=pari sat=1 tors=4 st=9604 hmax=260 pr=50 surv=34 ex=30 bad=0 hits=0 t=0s
  G2 c1/c5@-12/7: rank[3,3] g=3 src=pari sat=1 tors=4 st=9604 hmax=260 pr=50 surv=35 ex=31 bad=0 hits=0 t=0s
  G2 c1/c7@-12/7: rank[2,2] g=2 src=pari sat=1 tors=8 st=5752 hmax=999 pr=50 surv=34 ex=30 bad=0 hits=0 t=0s
  G2 c1/c4@-12/7: rank[3,3] g=3 src=pari sat=1 tors=4 st=9604 hmax=287 pr=50 surv=17 ex=13 bad=0 hits=0 t=0s
  G2 c3/c5@-12/7: rank[1,1] g=1 src=pari sat=1 tors=8 st=184 hmax=905 pr=50 surv=25 ex=21 bad=0 hits=0 t=0s
  G2 c3/c7@-12/7: rank[3,3] g=3 src=pari sat=1 tors=4 st=9604 hmax=260 pr=50 surv=34 ex=30 bad=0 hits=0 t=0s
  G2 c3/c4@-12/7: rank[2,2] g=2 src=pari sat=1 tors=4 st=3740 hmax=999 pr=50 surv=18 ex=14 bad=0 hits=0 t=0s
  G2 c5/c7@-12/7: rank[3,3] g=3 src=pari sat=1 tors=4 st=9604 hmax=260 pr=50 surv=32 ex=28 bad=0 hits=0 t=0s
  G2 c5/c4@-12/7: rank[2,2] g=2 src=pari sat=1 tors=4 st=3740 hmax=999 pr=50 surv=18 ex=14 bad=0 hits=0 t=0s
  G2 c7/c4@-12/7: rank[3,3] g=3 src=pari sat=1 tors=4 st=9604 hmax=287 pr=50 surv=17 ex=13 bad=0 hits=0 t=0s
  G3 c2/c3@-12/7: rank[1,1] g=1 src=pari sat=1 tors=4 st=108 hmax=978 pr=50 surv=9 ex=5 bad=0 hits=0 t=0s
  G3 c2/c5@-12/7: rank[2,2] g=2 src=pari sat=1 tors=2 st=790 hmax=990 pr=50 surv=9 ex=5 bad=0 hits=0 t=0s
  G3 c2/c6@-12/7: rank[2,2] g=2 src=pari sat=1 tors=8 st=5752 hmax=999 pr=50 surv=58 ex=54 bad=0 hits=0 t=0s
  G3 c2/c4@-12/7: rank[3,3] g=3 src=pari sat=1 tors=4 st=9604 hmax=287 pr=50 surv=33 ex=29 bad=0 hits=0 t=0s
  G3 c3/c5@-12/7: rank[3,3] g=3 src=pari sat=3 tors=4 st=9604 hmax=213 pr=50 surv=20 ex=16 bad=0 hits=0 t=0s
  G3 c3/c6@-12/7: rank[2,2] g=2 src=pari sat=1 tors=2 st=790 hmax=990 pr=50 surv=9 ex=5 bad=0 hits=0 t=0s
  G3 c3/c4@-12/7: rank[2,2] g=2 src=pari sat=1 tors=2 st=1090 hmax=998 pr=50 surv=9 ex=5 bad=0 hits=0 t=0s
  G3 c5/c6@-12/7: rank[1,1] g=1 src=pari sat=1 tors=4 st=108 hmax=978 pr=50 surv=9 ex=5 bad=0 hits=0 t=0s
  G3 c5/c4@-12/7: rank[2,2] g=2 src=pari sat=1 tors=2 st=1090 hmax=998 pr=50 surv=9 ex=5 bad=0 hits=0 t=0s
  G3 c6/c4@-12/7: rank[3,3] g=3 src=pari sat=1 tors=4 st=9604 hmax=287 pr=50 surv=30 ex=26 bad=0 hits=0 t=0s
== (m,n)=(6,-19)
  G2 c1/c3@-25/13: rank[2,2] g=2 src=pari sat=1 tors=4 st=3052 hmax=995 pr=50 surv=18 ex=14 bad=0 hits=0 t=0s
  G2 c1/c5@-25/13: rank[2,2] g=2 src=pari sat=1 tors=4 st=3052 hmax=995 pr=50 surv=19 ex=15 bad=0 hits=0 t=0s
  G2 c1/c7@-25/13: rank[2,2] g=2 src=pari sat=1 tors=8 st=3944 hmax=996 pr=50 surv=50 ex=46 bad=0 hits=0 t=0s
  G2 c1/c4@-25/13: rank[3,3] g=3 src=pari sat=1 tors=4 st=9604 hmax=357 pr=50 surv=31 ex=27 bad=0 hits=0 t=0s
  G2 c3/c5@-25/13: rank[1,1] g=1 src=pari sat=1 tors=8 st=168 hmax=869 pr=50 surv=17 ex=13 bad=0 hits=0 t=0s
  G2 c3/c7@-25/13: rank[2,2] g=2 src=pari sat=1 tors=4 st=3052 hmax=995 pr=50 surv=17 ex=13 bad=0 hits=0 t=0s
  G2 c3/c4@-25/13: rank[2,2] g=2 src=pari sat=1 tors=4 st=3076 hmax=999 pr=50 surv=17 ex=13 bad=0 hits=0 t=0s
  G2 c5/c7@-25/13: rank[2,2] g=2 src=pari sat=1 tors=4 st=3052 hmax=995 pr=50 surv=19 ex=15 bad=0 hits=0 t=0s
  G2 c5/c4@-25/13: rank[2,2] g=2 src=pari sat=1 tors=4 st=3076 hmax=999 pr=50 surv=19 ex=15 bad=0 hits=0 t=0s
  G2 c7/c4@-25/13: rank[3,3] g=3 src=pari sat=1 tors=4 st=9604 hmax=357 pr=50 surv=31 ex=27 bad=0 hits=0 t=0s
  G3 c2/c3@-25/13: rank[3,3] g=3 src=pari sat=1 tors=4 st=9604 hmax=438 pr=50 surv=19 ex=17 bad=0 hits=0 t=0s
  G3 c2/c5@-25/13: rank[2,2] g=2 src=pari sat=1 tors=2 st=686 hmax=996 pr=50 surv=9 ex=7 bad=0 hits=0 t=0s
  G3 c2/c6@-25/13: rank[2,2] g=2 src=pari sat=1 tors=8 st=3944 hmax=996 pr=50 surv=38 ex=34 bad=0 hits=0 t=0s
  G3 c2/c4@-25/13: rank[3,3] g=3 src=pari sat=1 tors=4 st=9604 hmax=357 pr=50 surv=38 ex=34 bad=0 hits=0 t=0s
  G3 c3/c5@-1: rank[2,2] g=2 src=pari sat=1 tors=4 st=4236 hmax=998 pr=50 surv=36 ex=32 bad=0 hits=0 t=0s
  G3 c6/c3@-25/13: rank[2,2] g=2 src=pari sat=1 tors=2 st=686 hmax=996 pr=50 surv=9 ex=7 bad=0 hits=0 t=0s
  G3 c4/c3@-25/13: rank[3,3] g=3 src=pari+mw sat=1 tors=2 st=4762 hmax=871 pr=50 surv=30 ex=28 bad=0 hits=0 t=1s
  G3 c6/c5@-25/13: rank[3,3] g=3 src=pari sat=1 tors=4 st=9604 hmax=438 pr=50 surv=24 ex=22 bad=0 hits=0 t=0s
  G3 c4/c5@-25/13: rank[3,3] g=3 src=pari+mw sat=1 tors=2 st=4762 hmax=871 pr=50 surv=39 ex=37 bad=0 hits=0 t=0s
  G3 c6/c4@-25/13: rank[3,3] g=3 src=pari sat=1 tors=4 st=9604 hmax=357 pr=50 surv=36 ex=32 bad=0 hits=0 t=0s
== (m,n)=(6,19)
  G2 c1/c3@-25/13: rank[2,2] g=2 src=pari sat=1 tors=4 st=3052 hmax=995 pr=50 surv=19 ex=15 bad=0 hits=0 t=0s
  G2 c1/c5@-25/13: rank[2,2] g=2 src=pari sat=1 tors=4 st=3052 hmax=995 pr=50 surv=18 ex=14 bad=0 hits=0 t=0s
  G2 c1/c7@-25/13: rank[2,2] g=2 src=pari sat=1 tors=8 st=3944 hmax=996 pr=50 surv=50 ex=46 bad=0 hits=0 t=0s
  G2 c1/c4@-25/13: rank[3,3] g=3 src=pari sat=1 tors=4 st=9604 hmax=357 pr=50 surv=31 ex=27 bad=0 hits=0 t=0s
  G2 c3/c5@-25/13: rank[1,1] g=1 src=pari sat=1 tors=8 st=168 hmax=869 pr=50 surv=17 ex=13 bad=0 hits=0 t=0s
  G2 c3/c7@-25/13: rank[2,2] g=2 src=pari sat=1 tors=4 st=3052 hmax=995 pr=50 surv=19 ex=15 bad=0 hits=0 t=0s
  G2 c3/c4@-25/13: rank[2,2] g=2 src=pari sat=1 tors=4 st=3076 hmax=999 pr=50 surv=19 ex=15 bad=0 hits=0 t=0s
  G2 c5/c7@-25/13: rank[2,2] g=2 src=pari sat=1 tors=4 st=3052 hmax=995 pr=50 surv=17 ex=13 bad=0 hits=0 t=0s
  G2 c5/c4@-25/13: rank[2,2] g=2 src=pari sat=1 tors=4 st=3076 hmax=999 pr=50 surv=17 ex=13 bad=0 hits=0 t=0s
  G2 c7/c4@-25/13: rank[3,3] g=3 src=pari sat=1 tors=4 st=9604 hmax=357 pr=50 surv=31 ex=27 bad=0 hits=0 t=0s
  G3 c2/c3@-25/13: rank[3,3] g=3 src=pari sat=1 tors=4 st=9604 hmax=438 pr=50 surv=22 ex=18 bad=0 hits=0 t=0s
  G3 c2/c5@-25/13: rank[2,2] g=2 src=pari sat=1 tors=2 st=686 hmax=996 pr=50 surv=9 ex=5 bad=0 hits=0 t=0s
  G3 c2/c6@-25/13: rank[2,2] g=2 src=pari sat=1 tors=8 st=3944 hmax=996 pr=50 surv=38 ex=34 bad=0 hits=0 t=0s
  G3 c2/c4@-25/13: rank[3,3] g=3 src=pari sat=1 tors=4 st=9604 hmax=357 pr=50 surv=37 ex=33 bad=0 hits=0 t=0s
  G3 c3/c5@-25/13: rank[2,2] g=2 src=pari sat=1 tors=4 st=4236 hmax=998 pr=50 surv=23 ex=19 bad=0 hits=0 t=0s
  G3 c3/c6@-25/13: rank[2,2] g=2 src=pari sat=1 tors=2 st=686 hmax=996 pr=50 surv=9 ex=5 bad=0 hits=0 t=0s
  G3 c3/c4@-25/13: rank[3,3] g=3 src=pari+mw sat=1 tors=2 st=4762 hmax=871 pr=50 surv=36 ex=32 bad=0 hits=0 t=1s
  G3 c5/c6@-25/13: rank[3,3] g=3 src=pari sat=1 tors=4 st=9604 hmax=438 pr=50 surv=23 ex=19 bad=0 hits=0 t=0s
  G3 c5/c4@-25/13: rank[3,3] g=3 src=pari+mw sat=1 tors=2 st=4762 hmax=871 pr=50 surv=39 ex=35 bad=0 hits=0 t=0s
  G3 c6/c4@-25/13: rank[3,3] g=3 src=pari sat=1 tors=4 st=9604 hmax=357 pr=50 surv=38 ex=34 bad=0 hits=0 t=0s
== (m,n)=(7,-19)
  G2 c1/c3@-13/6: rank[2,2] g=2 src=pari sat=1 tors=4 st=3380 hmax=999 pr=50 surv=24 ex=20 bad=0 hits=0 t=0s
  G2 c1/c5@-13/6: rank[2,2] g=2 src=pari sat=1 tors=4 st=3380 hmax=999 pr=50 surv=22 ex=18 bad=0 hits=0 t=0s
  G2 c1/c7@-13/6: rank[2,2] g=2 src=pari sat=1 tors=8 st=3880 hmax=999 pr=50 surv=68 ex=64 bad=0 hits=0 t=0s
  G2 c1/c4@-13/6: rank[2,2] g=2 src=pari sat=1 tors=4 st=3324 hmax=999 pr=50 surv=17 ex=13 bad=0 hits=0 t=0s
  G2 c3/c5@-13/6: rank[2,2] g=2 src=pari sat=1 tors=8 st=3896 hmax=998 pr=50 surv=42 ex=38 bad=0 hits=0 t=0s
  G2 c3/c7@-13/6: rank[2,2] g=2 src=pari sat=1 tors=4 st=3380 hmax=999 pr=50 surv=21 ex=17 bad=0 hits=0 t=0s
  G2 c3/c4@-13/6: rank[2,2] g=2 src=pari sat=1 tors=4 st=3500 hmax=1000 pr=50 surv=17 ex=13 bad=0 hits=0 t=0s
  G2 c5/c7@-13/6: rank[2,2] g=2 src=pari sat=1 tors=4 st=3380 hmax=999 pr=50 surv=22 ex=18 bad=0 hits=0 t=0s
  G2 c5/c4@-13/6: rank[2,2] g=2 src=pari sat=1 tors=4 st=3500 hmax=1000 pr=50 surv=18 ex=14 bad=0 hits=0 t=0s
  G2 c7/c4@-13/6: rank[2,2] g=2 src=pari sat=1 tors=4 st=3324 hmax=999 pr=50 surv=17 ex=13 bad=0 hits=0 t=0s
  G3 c2/c3@-13/6: rank[3,3] g=3 src=pari sat=1 tors=4 st=9604 hmax=267 pr=50 surv=25 ex=23 bad=0 hits=0 t=0s
  G3 c2/c5@-13/6: rank[3,3] g=3 src=pari sat=1 tors=2 st=4802 hmax=522 pr=50 surv=22 ex=20 bad=0 hits=0 t=0s
  G3 c2/c6@-13/6: rank[2,2] g=2 src=pari sat=1 tors=8 st=3880 hmax=999 pr=50 surv=30 ex=26 bad=0 hits=0 t=0s
  G3 c2/c4@-13/6: rank[2,2] g=2 src=pari sat=1 tors=4 st=3324 hmax=999 pr=50 surv=25 ex=21 bad=0 hits=0 t=0s
  G3 c3/c5@-1: rank[2,2] g=2 src=pari sat=1 tors=4 st=4580 hmax=998 pr=50 surv=49 ex=45 bad=0 hits=0 t=0s
  G3 c6/c3@-13/6: rank[3,3] g=3 src=pari sat=1 tors=2 st=4802 hmax=522 pr=50 surv=22 ex=20 bad=0 hits=0 t=0s
  G3 c4/c3@-13/6: rank[2,2] g=2 src=pari sat=1 tors=2 st=1086 hmax=998 pr=50 surv=18 ex=16 bad=0 hits=0 t=0s
  G3 c6/c5@-13/6: rank[3,3] g=3 src=pari sat=1 tors=4 st=9604 hmax=267 pr=50 surv=19 ex=17 bad=0 hits=0 t=0s
  G3 c4/c5@-13/6: rank[2,2] g=2 src=pari sat=1 tors=2 st=1086 hmax=998 pr=50 surv=14 ex=12 bad=0 hits=0 t=0s
  G3 c6/c4@-13/6: rank[2,2] g=2 src=pari sat=1 tors=4 st=3324 hmax=999 pr=50 surv=29 ex=25 bad=0 hits=0 t=0s
== (m,n)=(7,19)
  G2 c1/c3@-13/6: rank[2,2] g=2 src=pari sat=1 tors=4 st=3380 hmax=999 pr=50 surv=22 ex=18 bad=0 hits=0 t=0s
  G2 c1/c5@-13/6: rank[2,2] g=2 src=pari sat=1 tors=4 st=3380 hmax=999 pr=50 surv=24 ex=20 bad=0 hits=0 t=0s
  G2 c1/c7@-13/6: rank[2,2] g=2 src=pari sat=1 tors=8 st=3880 hmax=999 pr=50 surv=68 ex=64 bad=0 hits=0 t=0s
  G2 c1/c4@-13/6: rank[2,2] g=2 src=pari sat=1 tors=4 st=3324 hmax=999 pr=50 surv=17 ex=13 bad=0 hits=0 t=0s
  G2 c3/c5@-13/6: rank[2,2] g=2 src=pari sat=1 tors=8 st=3896 hmax=998 pr=50 surv=42 ex=38 bad=0 hits=0 t=0s
  G2 c3/c7@-13/6: rank[2,2] g=2 src=pari sat=1 tors=4 st=3380 hmax=999 pr=50 surv=22 ex=18 bad=0 hits=0 t=0s
  G2 c3/c4@-13/6: rank[2,2] g=2 src=pari sat=1 tors=4 st=3500 hmax=1000 pr=50 surv=18 ex=14 bad=0 hits=0 t=0s
  G2 c5/c7@-13/6: rank[2,2] g=2 src=pari sat=1 tors=4 st=3380 hmax=999 pr=50 surv=21 ex=17 bad=0 hits=0 t=0s
  G2 c5/c4@-13/6: rank[2,2] g=2 src=pari sat=1 tors=4 st=3500 hmax=1000 pr=50 surv=17 ex=13 bad=0 hits=0 t=0s
  G2 c7/c4@-13/6: rank[2,2] g=2 src=pari sat=1 tors=4 st=3324 hmax=999 pr=50 surv=17 ex=13 bad=0 hits=0 t=0s
  G3 c2/c3@-13/6: rank[3,3] g=3 src=pari sat=1 tors=4 st=9604 hmax=267 pr=50 surv=28 ex=24 bad=0 hits=0 t=0s
  G3 c2/c5@-13/6: rank[3,3] g=3 src=pari sat=1 tors=2 st=4802 hmax=522 pr=50 surv=26 ex=22 bad=0 hits=0 t=0s
  G3 c2/c6@-13/6: rank[2,2] g=2 src=pari sat=1 tors=8 st=3880 hmax=999 pr=50 surv=32 ex=28 bad=0 hits=0 t=0s
  G3 c2/c4@-13/6: rank[2,2] g=2 src=pari sat=1 tors=4 st=3324 hmax=999 pr=50 surv=29 ex=25 bad=0 hits=0 t=0s
  G3 c3/c5@-13/6: rank[2,2] g=2 src=pari sat=1 tors=4 st=4580 hmax=998 pr=50 surv=39 ex=35 bad=0 hits=0 t=0s
  G3 c3/c6@-13/6: rank[3,3] g=3 src=pari sat=1 tors=2 st=4802 hmax=522 pr=50 surv=20 ex=16 bad=0 hits=0 t=0s
  G3 c3/c4@-13/6: rank[2,2] g=2 src=pari sat=1 tors=2 st=1086 hmax=998 pr=50 surv=17 ex=13 bad=0 hits=0 t=0s
  G3 c5/c6@-13/6: rank[3,3] g=3 src=pari sat=1 tors=4 st=9604 hmax=267 pr=50 surv=21 ex=17 bad=0 hits=0 t=0s
  G3 c5/c4@-13/6: rank[2,2] g=2 src=pari sat=1 tors=2 st=1086 hmax=998 pr=50 surv=15 ex=11 bad=0 hits=0 t=0s
  G3 c6/c4@-13/6: rank[2,2] g=2 src=pari sat=1 tors=4 st=3324 hmax=999 pr=50 surv=25 ex=21 bad=0 hits=0 t=0s
== (m,n)=(8,-19)
  G2 c1/c3@-27/11: rank[2,2] g=2 src=pari+mw sat=2 tors=4 st=2988 hmax=997 pr=50 surv=17 ex=13 bad=0 hits=0 t=35s
  G2 c1/c5@-27/11: rank[2,2] g=2 src=pari+mw sat=2 tors=4 st=2988 hmax=997 pr=50 surv=17 ex=13 bad=0 hits=0 t=0s
  G2 c1/c7@-27/11: rank[1,1] g=1 src=pari sat=1 tors=8 st=168 hmax=890 pr=50 surv=17 ex=13 bad=0 hits=0 t=0s
  G2 c1/c4@-27/11: rank[2,2] g=2 src=pari sat=1 tors=4 st=3052 hmax=1000 pr=50 surv=18 ex=14 bad=0 hits=0 t=0s
  G2 c3/c5@-27/11: rank[1,1] g=1 src=pari sat=1 tors=8 st=168 hmax=891 pr=50 surv=18 ex=14 bad=0 hits=0 t=0s
  G2 c3/c7@-27/11: rank[2,2] g=2 src=pari+mw sat=2 tors=4 st=2988 hmax=997 pr=50 surv=18 ex=14 bad=0 hits=0 t=0s
  G2 c3/c4@-27/11: rank[3,3] g=3 src=pari sat=1 tors=4 st=9604 hmax=311 pr=50 surv=26 ex=22 bad=0 hits=0 t=0s
  G2 c5/c7@-27/11: rank[2,2] g=2 src=pari+mw sat=2 tors=4 st=2988 hmax=997 pr=50 surv=17 ex=13 bad=0 hits=0 t=0s
  G2 c5/c4@-27/11: rank[3,3] g=3 src=pari sat=1 tors=4 st=9604 hmax=311 pr=50 surv=26 ex=22 bad=0 hits=0 t=0s
  G2 c7/c4@-27/11: rank[2,2] g=2 src=pari sat=1 tors=4 st=3052 hmax=1000 pr=50 surv=17 ex=13 bad=0 hits=0 t=0s
  G3 c2/c3@-27/11: rank[2,2] g=2 src=pari sat=1 tors=4 st=1332 hmax=996 pr=50 surv=9 ex=7 bad=0 hits=0 t=0s
  G3 c2/c5@-27/11: rank[3,3] g=3 src=pari+mw sat=1 tors=2 st=2730 hmax=999 pr=50 surv=13 ex=11 bad=0 hits=0 t=2s
  G3 c2/c6@-27/11: rank[1,1] g=1 src=pari sat=1 tors=8 st=168 hmax=890 pr=50 surv=17 ex=13 bad=0 hits=0 t=0s
  G3 c2/c4@-27/11: rank[2,2] g=2 src=pari sat=1 tors=4 st=3052 hmax=1000 pr=50 surv=25 ex=21 bad=0 hits=0 t=0s
  G3 c3/c5@-1: rank[3,3] g=3 src=pari sat=1 tors=4 st=9604 hmax=260 pr=50 surv=33 ex=29 bad=0 hits=0 t=0s
  G3 c6/c3@-27/11: rank[3,3] g=3 src=pari+mw sat=1 tors=2 st=2730 hmax=999 pr=50 surv=13 ex=11 bad=0 hits=0 t=0s
  G3 c4/c3@-27/11: rank[3,3] g=3 src=pari sat=1 tors=2 st=4802 hmax=569 pr=50 surv=40 ex=38 bad=0 hits=0 t=0s
  G3 c6/c5@-27/11: rank[2,2] g=2 src=pari sat=1 tors=4 st=1332 hmax=996 pr=50 surv=13 ex=11 bad=0 hits=0 t=0s
  G3 c4/c5@-27/11: rank[3,3] g=3 src=pari sat=1 tors=2 st=4802 hmax=569 pr=50 surv=31 ex=29 bad=0 hits=0 t=0s
  G3 c6/c4@-27/11: rank[2,2] g=2 src=pari sat=1 tors=4 st=3052 hmax=1000 pr=50 surv=27 ex=23 bad=0 hits=0 t=0s
== (m,n)=(8,19)
  G2 c1/c3@-27/11: rank[2,2] g=2 src=pari+mw sat=2 tors=4 st=2988 hmax=997 pr=50 surv=17 ex=13 bad=0 hits=0 t=36s
  G2 c1/c5@-27/11: rank[2,2] g=2 src=pari+mw sat=2 tors=4 st=2988 hmax=997 pr=50 surv=17 ex=13 bad=0 hits=0 t=0s
  G2 c1/c7@-27/11: rank[1,1] g=1 src=pari sat=1 tors=8 st=168 hmax=890 pr=50 surv=17 ex=13 bad=0 hits=0 t=0s
  G2 c1/c4@-27/11: rank[2,2] g=2 src=pari sat=1 tors=4 st=3052 hmax=1000 pr=50 surv=18 ex=14 bad=0 hits=0 t=0s
  G2 c3/c5@-27/11: rank[1,1] g=1 src=pari sat=1 tors=8 st=168 hmax=891 pr=50 surv=18 ex=14 bad=0 hits=0 t=0s
  G2 c3/c7@-27/11: rank[2,2] g=2 src=pari+mw sat=2 tors=4 st=2988 hmax=997 pr=50 surv=17 ex=13 bad=0 hits=0 t=35s
  G2 c3/c4@-27/11: rank[3,3] g=3 src=pari sat=1 tors=4 st=9604 hmax=311 pr=50 surv=26 ex=22 bad=0 hits=0 t=0s
  G2 c5/c7@-27/11: rank[2,2] g=2 src=pari+mw sat=2 tors=4 st=2988 hmax=997 pr=50 surv=18 ex=14 bad=0 hits=0 t=0s
  G2 c5/c4@-27/11: rank[3,3] g=3 src=pari sat=1 tors=4 st=9604 hmax=311 pr=50 surv=26 ex=22 bad=0 hits=0 t=0s
  G2 c7/c4@-27/11: rank[2,2] g=2 src=pari sat=1 tors=4 st=3052 hmax=1000 pr=50 surv=17 ex=13 bad=0 hits=0 t=0s
  G3 c2/c3@-27/11: rank[2,2] g=2 src=pari sat=1 tors=4 st=1332 hmax=996 pr=50 surv=9 ex=5 bad=0 hits=0 t=0s
  G3 c2/c5@-27/11: rank[3,3] g=3 src=pari+mw sat=1 tors=2 st=2730 hmax=999 pr=50 surv=13 ex=9 bad=0 hits=0 t=2s
  G3 c2/c6@-27/11: rank[1,1] g=1 src=pari sat=1 tors=8 st=168 hmax=890 pr=50 surv=17 ex=13 bad=0 hits=0 t=0s
  G3 c2/c4@-27/11: rank[2,2] g=2 src=pari sat=1 tors=4 st=3052 hmax=1000 pr=50 surv=25 ex=21 bad=0 hits=0 t=0s
  G3 c3/c5@-27/11: rank[3,3] g=3 src=pari sat=1 tors=4 st=9604 hmax=260 pr=50 surv=23 ex=19 bad=0 hits=0 t=0s
  G3 c3/c6@-27/11: rank[3,3] g=3 src=pari+mw sat=1 tors=2 st=2730 hmax=999 pr=50 surv=13 ex=9 bad=0 hits=0 t=0s
  G3 c3/c4@-27/11: rank[3,3] g=3 src=pari sat=1 tors=2 st=4802 hmax=569 pr=50 surv=35 ex=31 bad=0 hits=0 t=0s
  G3 c5/c6@-27/11: rank[2,2] g=2 src=pari sat=1 tors=4 st=1332 hmax=996 pr=50 surv=13 ex=9 bad=0 hits=0 t=0s
  G3 c5/c4@-27/11: rank[3,3] g=3 src=pari sat=1 tors=2 st=4802 hmax=569 pr=50 surv=41 ex=37 bad=0 hits=0 t=0s
  G3 c6/c4@-27/11: rank[2,2] g=2 src=pari sat=1 tors=4 st=3052 hmax=1000 pr=50 surv=29 ex=25 bad=0 hits=0 t=0s
== (m,n)=(9,-19)
  G2 c1/c3@-14/5: rank[3,3] g=3 src=pari sat=1 tors=4 st=9524 hmax=359 pr=50 surv=42 ex=38 bad=0 hits=0 t=0s
  G2 c1/c5@-14/5: rank[3,3] g=3 src=pari sat=1 tors=4 st=9524 hmax=359 pr=50 surv=45 ex=41 bad=0 hits=0 t=0s
  G2 c1/c7@-14/5: rank[2,2] g=2 src=pari sat=1 tors=8 st=3896 hmax=994 pr=50 surv=29 ex=25 bad=0 hits=0 t=0s
  G2 c1/c4@-14/5: rank[2,2] g=2 src=pari sat=1 tors=4 st=3332 hmax=994 pr=50 surv=25 ex=21 bad=0 hits=0 t=0s
  G2 c3/c5@-14/5: rank[1,1] g=1 src=pari sat=1 tors=8 st=184 hmax=964 pr=50 surv=17 ex=13 bad=0 hits=0 t=0s
  G2 c3/c7@-14/5: rank[3,3] g=3 src=pari sat=1 tors=4 st=9524 hmax=359 pr=50 surv=48 ex=44 bad=0 hits=0 t=0s
  G2 c3/c4@-14/5: rank[4,4] g=4 src=pari sat=1 tors=4 st=9508 hmax=91 pr=50 surv=30 ex=26 bad=0 hits=0 t=0s
  G2 c5/c7@-14/5: rank[3,3] g=3 src=pari sat=1 tors=4 st=9524 hmax=359 pr=50 surv=45 ex=41 bad=0 hits=0 t=0s
  G2 c5/c4@-14/5: rank[4,4] g=4 src=pari sat=1 tors=4 st=9508 hmax=91 pr=50 surv=26 ex=22 bad=0 hits=0 t=0s
  G2 c7/c4@-14/5: rank[2,2] g=2 src=pari sat=1 tors=4 st=3332 hmax=994 pr=50 surv=26 ex=22 bad=0 hits=0 t=0s
  G3 c2/c3@-14/5: rank[2,2] g=2 src=pari sat=1 tors=4 st=1844 hmax=996 pr=50 surv=18 ex=16 bad=0 hits=0 t=0s
  G3 c2/c5@-14/5: rank[3,3] g=3 src=pari sat=1 tors=2 st=4802 hmax=634 pr=50 surv=32 ex=30 bad=0 hits=0 t=0s
  G3 c2/c6@-14/5: rank[2,2] g=2 src=pari sat=1 tors=8 st=3896 hmax=994 pr=50 surv=20 ex=16 bad=0 hits=0 t=0s
  G3 c2/c4@-14/5: rank[2,2] g=2 src=pari sat=1 tors=4 st=3332 hmax=994 pr=50 surv=35 ex=31 bad=0 hits=0 t=0s
  G3 c3/c5@-1: rank[3,3] g=3 src=pari sat=1 tors=4 st=9604 hmax=136 pr=50 surv=35 ex=31 bad=0 hits=0 t=0s
  G3 c6/c3@-14/5: rank[3,3] g=3 src=pari sat=1 tors=2 st=4802 hmax=634 pr=50 surv=29 ex=27 bad=0 hits=0 t=0s
  G3 c4/c3@-14/5: rank[4,4] g=4 src=pari sat=1 tors=2 st=4782 hmax=99 pr=50 surv=19 ex=17 bad=0 hits=0 t=0s
  G3 c6/c5@-14/5: rank[2,2] g=2 src=pari sat=1 tors=4 st=1844 hmax=996 pr=50 surv=13 ex=11 bad=0 hits=0 t=0s
  G3 c4/c5@-14/5: rank[4,4] g=4 src=pari sat=1 tors=2 st=4782 hmax=99 pr=50 surv=22 ex=20 bad=0 hits=0 t=0s
  G3 c6/c4@-14/5: rank[2,2] g=2 src=pari sat=1 tors=4 st=3332 hmax=994 pr=50 surv=34 ex=30 bad=0 hits=0 t=0s
== (m,n)=(9,19)
  G2 c1/c3@-14/5: rank[3,3] g=3 src=pari sat=1 tors=4 st=9524 hmax=359 pr=50 surv=45 ex=41 bad=0 hits=0 t=0s
  G2 c1/c5@-14/5: rank[3,3] g=3 src=pari sat=1 tors=4 st=9524 hmax=359 pr=50 surv=42 ex=38 bad=0 hits=0 t=0s
  G2 c1/c7@-14/5: rank[2,2] g=2 src=pari sat=1 tors=8 st=3896 hmax=994 pr=50 surv=29 ex=25 bad=0 hits=0 t=0s
  G2 c1/c4@-14/5: rank[2,2] g=2 src=pari sat=1 tors=4 st=3332 hmax=994 pr=50 surv=25 ex=21 bad=0 hits=0 t=0s
  G2 c3/c5@-14/5: rank[1,1] g=1 src=pari sat=1 tors=8 st=184 hmax=964 pr=50 surv=17 ex=13 bad=0 hits=0 t=0s
  G2 c3/c7@-14/5: rank[3,3] g=3 src=pari sat=1 tors=4 st=9524 hmax=359 pr=50 surv=45 ex=41 bad=0 hits=0 t=0s
  G2 c3/c4@-14/5: rank[4,4] g=4 src=pari sat=1 tors=4 st=9508 hmax=91 pr=50 surv=26 ex=22 bad=0 hits=0 t=0s
  G2 c5/c7@-14/5: rank[3,3] g=3 src=pari sat=1 tors=4 st=9524 hmax=359 pr=50 surv=48 ex=44 bad=0 hits=0 t=0s
  G2 c5/c4@-14/5: rank[4,4] g=4 src=pari sat=1 tors=4 st=9508 hmax=91 pr=50 surv=30 ex=26 bad=0 hits=0 t=0s
  G2 c7/c4@-14/5: rank[2,2] g=2 src=pari sat=1 tors=4 st=3332 hmax=994 pr=50 surv=26 ex=22 bad=0 hits=0 t=0s
  G3 c2/c3@-14/5: rank[2,2] g=2 src=pari sat=1 tors=4 st=1844 hmax=996 pr=50 surv=17 ex=13 bad=0 hits=0 t=0s
  G3 c2/c5@-14/5: rank[3,3] g=3 src=pari sat=1 tors=2 st=4802 hmax=634 pr=50 surv=33 ex=29 bad=0 hits=0 t=0s
  G3 c2/c6@-14/5: rank[2,2] g=2 src=pari sat=1 tors=8 st=3896 hmax=994 pr=50 surv=20 ex=16 bad=0 hits=0 t=0s
  G3 c2/c4@-14/5: rank[2,2] g=2 src=pari sat=1 tors=4 st=3332 hmax=994 pr=50 surv=36 ex=32 bad=0 hits=0 t=0s
  G3 c3/c5@-14/5: rank[3,3] g=3 src=pari sat=1 tors=4 st=9604 hmax=136 pr=50 surv=23 ex=19 bad=0 hits=0 t=0s
  G3 c3/c6@-14/5: rank[3,3] g=3 src=pari sat=1 tors=2 st=4802 hmax=634 pr=50 surv=28 ex=24 bad=0 hits=0 t=0s
  G3 c3/c4@-14/5: rank[4,4] g=4 src=pari sat=1 tors=2 st=4782 hmax=99 pr=50 surv=21 ex=17 bad=0 hits=0 t=0s
  G3 c5/c6@-14/5: rank[2,2] g=2 src=pari sat=1 tors=4 st=1844 hmax=996 pr=50 surv=14 ex=10 bad=0 hits=0 t=0s
  G3 c5/c4@-14/5: rank[4,4] g=4 src=pari sat=1 tors=2 st=4782 hmax=99 pr=50 surv=22 ex=18 bad=0 hits=0 t=0s
  G3 c6/c4@-14/5: rank[2,2] g=2 src=pari sat=1 tors=4 st=3332 hmax=994 pr=50 surv=35 ex=31 bad=0 hits=0 t=0s
== (m,n)=(10,-19)
  G2 c1/c3@-29/9: rank[2,2] g=2 src=pari sat=1 tors=4 st=2948 hmax=997 pr=50 surv=17 ex=13 bad=0 hits=0 t=0s
  G2 c1/c5@-29/9: rank[2,2] g=2 src=pari sat=1 tors=4 st=2948 hmax=997 pr=50 surv=17 ex=13 bad=0 hits=0 t=0s
  G2 c1/c7@-29/9: rank[1,1] g=1 src=pari sat=1 tors=8 st=168 hmax=890 pr=50 surv=17 ex=13 bad=0 hits=0 t=0s
  G2 c1/c4@-29/9: rank[2,2] g=2 src=pari sat=1 tors=4 st=3068 hmax=999 pr=50 surv=25 ex=21 bad=0 hits=0 t=0s
  G2 c3/c5@-29/9: rank[1,1] g=1 src=pari sat=1 tors=8 st=168 hmax=910 pr=50 surv=17 ex=13 bad=0 hits=0 t=0s
  G2 c3/c7@-29/9: rank[2,2] g=2 src=pari sat=1 tors=4 st=2948 hmax=997 pr=50 surv=17 ex=13 bad=0 hits=0 t=0s
  G2 c3/c4@-29/9: rank[2,2] g=2 src=pari sat=1 tors=4 st=2860 hmax=999 pr=50 surv=19 ex=15 bad=0 hits=0 t=0s
  G2 c5/c7@-29/9: rank[2,2] g=2 src=pari sat=1 tors=4 st=2948 hmax=997 pr=50 surv=17 ex=13 bad=0 hits=0 t=0s
  G2 c5/c4@-29/9: rank[2,2] g=2 src=pari sat=1 tors=4 st=2860 hmax=999 pr=50 surv=17 ex=13 bad=0 hits=0 t=0s
  G2 c7/c4@-29/9: rank[2,2] g=2 src=pari sat=1 tors=4 st=3068 hmax=999 pr=50 surv=25 ex=21 bad=0 hits=0 t=0s
  G3 c2/c3@-29/9: rank[1,1] g=1 src=pari sat=1 tors=4 st=100 hmax=932 pr=50 surv=9 ex=7 bad=0 hits=0 t=0s
  G3 c2/c5@-29/9: rank[3,3] g=3 src=pari sat=1 tors=2 st=4782 hmax=705 pr=50 surv=17 ex=15 bad=0 hits=0 t=0s
  G3 c2/c6@-29/9: rank[1,1] g=1 src=pari sat=1 tors=8 st=168 hmax=890 pr=50 surv=17 ex=13 bad=0 hits=0 t=0s
  G3 c2/c4@-29/9: rank[2,2] g=2 src=pari sat=1 tors=4 st=3068 hmax=999 pr=50 surv=30 ex=26 bad=0 hits=0 t=0s
  G3 c3/c5@-1: rank[2,2] g=2 src=pari sat=1 tors=4 st=3748 hmax=1000 pr=50 surv=19 ex=15 bad=0 hits=0 t=0s
  G3 c6/c3@-29/9: rank[3,3] g=3 src=pari sat=1 tors=2 st=4782 hmax=705 pr=50 surv=18 ex=16 bad=0 hits=0 t=0s
  G3 c4/c3@-29/9: rank[3,3] g=3 src=pari+mw sat=1 tors=2 st=4802 hmax=877 pr=50 surv=13 ex=11 bad=0 hits=0 t=1s
  G3 c6/c5@-29/9: rank[1,1] g=1 src=pari sat=1 tors=4 st=100 hmax=932 pr=50 surv=9 ex=7 bad=0 hits=0 t=0s
  G3 c4/c5@-29/9: rank[3,3] g=3 src=pari+mw sat=1 tors=2 st=4802 hmax=877 pr=50 surv=22 ex=20 bad=0 hits=0 t=0s
  G3 c6/c4@-29/9: rank[2,2] g=2 src=pari sat=1 tors=4 st=3068 hmax=999 pr=50 surv=24 ex=20 bad=0 hits=0 t=0s
== (m,n)=(10,19)
  G2 c1/c3@-29/9: rank[2,2] g=2 src=pari sat=1 tors=4 st=2948 hmax=997 pr=50 surv=17 ex=13 bad=0 hits=0 t=0s
  G2 c1/c5@-29/9: rank[2,2] g=2 src=pari sat=1 tors=4 st=2948 hmax=997 pr=50 surv=17 ex=13 bad=0 hits=0 t=0s
  G2 c1/c7@-29/9: rank[1,1] g=1 src=pari sat=1 tors=8 st=168 hmax=890 pr=50 surv=17 ex=13 bad=0 hits=0 t=0s
  G2 c1/c4@-29/9: rank[2,2] g=2 src=pari sat=1 tors=4 st=3068 hmax=999 pr=50 surv=25 ex=21 bad=0 hits=0 t=0s
  G2 c3/c5@-29/9: rank[1,1] g=1 src=pari sat=1 tors=8 st=168 hmax=910 pr=50 surv=17 ex=13 bad=0 hits=0 t=0s
  G2 c3/c7@-29/9: rank[2,2] g=2 src=pari sat=1 tors=4 st=2948 hmax=997 pr=50 surv=17 ex=13 bad=0 hits=0 t=0s
  G2 c3/c4@-29/9: rank[2,2] g=2 src=pari sat=1 tors=4 st=2860 hmax=999 pr=50 surv=17 ex=13 bad=0 hits=0 t=0s
  G2 c5/c7@-29/9: rank[2,2] g=2 src=pari sat=1 tors=4 st=2948 hmax=997 pr=50 surv=17 ex=13 bad=0 hits=0 t=0s
  G2 c5/c4@-29/9: rank[2,2] g=2 src=pari sat=1 tors=4 st=2860 hmax=999 pr=50 surv=19 ex=15 bad=0 hits=0 t=0s
  G2 c7/c4@-29/9: rank[2,2] g=2 src=pari sat=1 tors=4 st=3068 hmax=999 pr=50 surv=25 ex=21 bad=0 hits=0 t=0s
  G3 c2/c3@-29/9: rank[1,1] g=1 src=pari sat=1 tors=4 st=100 hmax=932 pr=50 surv=9 ex=5 bad=0 hits=0 t=0s
  G3 c2/c5@-29/9: rank[3,3] g=3 src=pari sat=1 tors=2 st=4782 hmax=705 pr=50 surv=18 ex=14 bad=0 hits=0 t=0s
  G3 c2/c6@-29/9: rank[1,1] g=1 src=pari sat=1 tors=8 st=168 hmax=890 pr=50 surv=17 ex=13 bad=0 hits=0 t=0s
  G3 c2/c4@-29/9: rank[2,2] g=2 src=pari sat=1 tors=4 st=3068 hmax=999 pr=50 surv=29 ex=25 bad=0 hits=0 t=0s
  G3 c3/c5@-29/9: rank[2,2] g=2 src=pari sat=1 tors=4 st=3748 hmax=1000 pr=50 surv=12 ex=8 bad=0 hits=0 t=0s
  G3 c3/c6@-29/9: rank[3,3] g=3 src=pari sat=1 tors=2 st=4782 hmax=705 pr=50 surv=17 ex=13 bad=0 hits=0 t=0s
  G3 c3/c4@-29/9: rank[3,3] g=3 src=pari+mw sat=1 tors=2 st=4802 hmax=877 pr=50 surv=14 ex=10 bad=0 hits=0 t=1s
  G3 c5/c6@-29/9: rank[1,1] g=1 src=pari sat=1 tors=4 st=100 hmax=932 pr=50 surv=9 ex=5 bad=0 hits=0 t=0s
  G3 c5/c4@-29/9: rank[3,3] g=3 src=pari+mw sat=1 tors=2 st=4802 hmax=877 pr=50 surv=21 ex=17 bad=0 hits=0 t=0s
  G3 c6/c4@-29/9: rank[2,2] g=2 src=pari sat=1 tors=4 st=3068 hmax=999 pr=50 surv=24 ex=20 bad=0 hits=0 t=0s
== (m,n)=(11,-19)
  G2 c1/c3@-15/4: rank[3,3] g=3 src=pari sat=1 tors=4 st=9532 hmax=311 pr=50 surv=29 ex=25 bad=0 hits=0 t=0s
  G2 c1/c5@-15/4: rank[3,3] g=3 src=pari sat=3 tors=4 st=9532 hmax=311 pr=50 surv=26 ex=22 bad=0 hits=0 t=0s
  G2 c1/c7@-15/4: rank[2,2] g=2 src=pari sat=1 tors=8 st=3640 hmax=998 pr=50 surv=46 ex=42 bad=0 hits=0 t=0s
  G2 c1/c4@-15/4: rank[3,3] g=3 src=pari sat=1 tors=4 st=9604 hmax=374 pr=50 surv=45 ex=41 bad=0 hits=0 t=0s
  G2 c3/c5@-15/4: rank[3,3] g=3 src=pari sat=1 tors=8 st=19208 hmax=524 pr=50 surv=124 ex=120 bad=0 hits=0 t=0s
  G2 c3/c7@-15/4: rank[3,3] g=3 src=pari sat=3 tors=4 st=9532 hmax=311 pr=50 surv=29 ex=25 bad=0 hits=0 t=0s
  G2 c3/c4@-15/4: rank[2,2] g=2 src=pari sat=1 tors=4 st=3276 hmax=994 pr=50 surv=17 ex=13 bad=0 hits=0 t=0s
  G2 c5/c7@-15/4: rank[3,3] g=3 src=pari sat=3 tors=4 st=9532 hmax=311 pr=50 surv=26 ex=22 bad=0 hits=0 t=1s
  G2 c5/c4@-15/4: rank[2,2] g=2 src=pari sat=1 tors=4 st=3276 hmax=994 pr=50 surv=17 ex=13 bad=0 hits=0 t=0s
  G2 c7/c4@-15/4: rank[3,3] g=3 src=pari sat=1 tors=4 st=9604 hmax=374 pr=50 surv=47 ex=43 bad=0 hits=0 t=0s
  G3 c2/c3@-15/4: rank[2,2] g=2 src=pari sat=1 tors=4 st=1516 hmax=999 pr=50 surv=23 ex=21 bad=0 hits=0 t=0s
  G3 c2/c5@-15/4: rank[2,2] g=2 src=pari sat=1 tors=2 st=794 hmax=991 pr=50 surv=9 ex=7 bad=0 hits=0 t=0s
  G3 c2/c6@-15/4: rank[2,2] g=2 src=pari sat=1 tors=8 st=3640 hmax=998 pr=50 surv=35 ex=31 bad=0 hits=0 t=0s
  G3 c2/c4@-15/4: rank[3,3] g=3 src=pari sat=1 tors=4 st=9604 hmax=374 pr=50 surv=41 ex=37 bad=0 hits=0 t=0s
  G3 c3/c5@-1: rank[3,3] g=3 src=pari sat=1 tors=4 st=9580 hmax=199 pr=50 surv=41 ex=37 bad=0 hits=0 t=0s
  G3 c6/c3@-15/4: rank[2,2] g=2 src=pari sat=1 tors=2 st=794 hmax=991 pr=50 surv=9 ex=7 bad=0 hits=0 t=0s
  G3 c4/c3@-15/4: rank[3,3] g=3 src=pari sat=1 tors=2 st=4802 hmax=615 pr=50 surv=13 ex=11 bad=0 hits=0 t=0s
  G3 c6/c5@-15/4: rank[2,2] g=2 src=pari sat=1 tors=4 st=1516 hmax=999 pr=50 surv=28 ex=26 bad=0 hits=0 t=0s
  G3 c4/c5@-15/4: rank[3,3] g=3 src=pari sat=1 tors=2 st=4802 hmax=615 pr=50 surv=13 ex=11 bad=0 hits=0 t=0s
  G3 c6/c4@-15/4: rank[3,3] g=3 src=pari sat=1 tors=4 st=9604 hmax=374 pr=50 surv=50 ex=46 bad=0 hits=0 t=0s
== (m,n)=(11,19)
  G2 c1/c3@-15/4: rank[3,3] g=3 src=pari sat=1 tors=4 st=9532 hmax=311 pr=50 surv=26 ex=22 bad=0 hits=0 t=0s
  G2 c1/c5@-15/4: rank[3,3] g=3 src=pari sat=1 tors=4 st=9532 hmax=311 pr=50 surv=29 ex=25 bad=0 hits=0 t=0s
  G2 c1/c7@-15/4: rank[2,2] g=2 src=pari sat=1 tors=8 st=3640 hmax=998 pr=50 surv=46 ex=42 bad=0 hits=0 t=0s
  G2 c1/c4@-15/4: rank[3,3] g=3 src=pari sat=1 tors=4 st=9604 hmax=374 pr=50 surv=45 ex=41 bad=0 hits=0 t=0s
  G2 c3/c5@-15/4: rank[3,3] g=3 src=pari sat=1 tors=8 st=19208 hmax=524 pr=50 surv=65 ex=61 bad=0 hits=0 t=0s
  G2 c3/c7@-15/4: rank[3,3] g=3 src=pari sat=1 tors=4 st=9532 hmax=311 pr=50 surv=26 ex=22 bad=0 hits=0 t=0s
  G2 c3/c4@-15/4: rank[2,2] g=2 src=pari sat=1 tors=4 st=3276 hmax=994 pr=50 surv=17 ex=13 bad=0 hits=0 t=0s
  G2 c5/c7@-15/4: rank[3,3] g=3 src=pari sat=3 tors=4 st=9532 hmax=311 pr=50 surv=29 ex=25 bad=0 hits=0 t=0s
  G2 c5/c4@-15/4: rank[2,2] g=2 src=pari sat=1 tors=4 st=3276 hmax=994 pr=50 surv=17 ex=13 bad=0 hits=0 t=0s
  G2 c7/c4@-15/4: rank[3,3] g=3 src=pari sat=1 tors=4 st=9604 hmax=374 pr=50 surv=47 ex=43 bad=0 hits=0 t=0s
  G3 c2/c3@-15/4: rank[2,2] g=2 src=pari sat=1 tors=4 st=1516 hmax=999 pr=50 surv=24 ex=20 bad=0 hits=0 t=0s
  G3 c2/c5@-15/4: rank[2,2] g=2 src=pari sat=1 tors=2 st=794 hmax=991 pr=50 surv=9 ex=5 bad=0 hits=0 t=0s
  G3 c2/c6@-15/4: rank[2,2] g=2 src=pari sat=1 tors=8 st=3640 hmax=998 pr=50 surv=33 ex=29 bad=0 hits=0 t=0s
  G3 c2/c4@-15/4: rank[3,3] g=3 src=pari sat=1 tors=4 st=9604 hmax=374 pr=50 surv=41 ex=37 bad=0 hits=0 t=0s
  G3 c3/c5@-15/4: rank[3,3] g=3 src=pari sat=1 tors=4 st=9580 hmax=199 pr=50 surv=21 ex=17 bad=0 hits=0 t=0s
  G3 c3/c6@-15/4: rank[2,2] g=2 src=pari sat=1 tors=2 st=794 hmax=991 pr=50 surv=9 ex=5 bad=0 hits=0 t=0s
  G3 c3/c4@-15/4: rank[3,3] g=3 src=pari sat=1 tors=2 st=4802 hmax=615 pr=50 surv=13 ex=9 bad=0 hits=0 t=0s
  G3 c5/c6@-15/4: rank[2,2] g=2 src=pari sat=1 tors=4 st=1516 hmax=999 pr=50 surv=27 ex=23 bad=0 hits=0 t=0s
  G3 c5/c4@-15/4: rank[3,3] g=3 src=pari sat=1 tors=2 st=4802 hmax=615 pr=50 surv=14 ex=10 bad=0 hits=0 t=0s
  G3 c6/c4@-15/4: rank[3,3] g=3 src=pari sat=1 tors=4 st=9604 hmax=374 pr=50 surv=50 ex=46 bad=0 hits=0 t=0s
== (m,n)=(12,-19)
  G2 c1/c3@-31/7: rank[3,3] g=3 src=pari sat=1 tors=4 st=9604 hmax=275 pr=50 surv=65 ex=61 bad=0 hits=0 t=0s
  G2 c1/c5@-31/7: rank[3,3] g=3 src=pari sat=3 tors=4 st=9604 hmax=275 pr=50 surv=60 ex=56 bad=0 hits=0 t=0s
  G2 c1/c7@-31/7: rank[2,2] g=2 src=pari sat=1 tors=8 st=3480 hmax=996 pr=50 surv=42 ex=38 bad=0 hits=0 t=1s
  G2 c1/c4@-31/7: rank[2,2] g=2 src=pari sat=1 tors=4 st=2996 hmax=998 pr=50 surv=25 ex=21 bad=0 hits=0 t=1s
  G2 c3/c5@-31/7: rank[2,2] g=2 src=pari sat=1 tors=8 st=3880 hmax=997 pr=50 surv=18 ex=14 bad=0 hits=0 t=1s
  G2 c3/c7@-31/7: rank[3,3] g=3 src=pari sat=3 tors=4 st=9604 hmax=275 pr=50 surv=55 ex=51 bad=0 hits=0 t=1s
  G2 c3/c4@-31/7: rank[2,2] g=2 src=pari sat=1 tors=4 st=2804 hmax=993 pr=50 surv=25 ex=21 bad=0 hits=0 t=0s
  G2 c5/c7@-31/7: rank[3,3] g=3 src=pari sat=1 tors=4 st=9604 hmax=275 pr=50 surv=60 ex=56 bad=0 hits=0 t=0s
  G2 c5/c4@-31/7: rank[2,2] g=2 src=pari sat=1 tors=4 st=2804 hmax=993 pr=50 surv=25 ex=21 bad=0 hits=0 t=0s
  G2 c7/c4@-31/7: rank[2,2] g=2 src=pari sat=1 tors=4 st=2996 hmax=998 pr=50 surv=23 ex=19 bad=0 hits=0 t=0s
  G3 c2/c3@-31/7: rank[2,2] g=2 src=pari sat=1 tors=4 st=1388 hmax=998 pr=50 surv=13 ex=11 bad=0 hits=0 t=0s
  G3 c2/c5@-31/7: rank[3,3] g=3 src=pari sat=1 tors=2 st=4778 hmax=518 pr=50 surv=9 ex=7 bad=0 hits=0 t=0s
  G3 c2/c6@-31/7: rank[2,2] g=2 src=pari sat=1 tors=8 st=3480 hmax=996 pr=50 surv=39 ex=35 bad=0 hits=0 t=0s
  G3 c2/c4@-31/7: rank[2,2] g=2 src=pari sat=1 tors=4 st=2996 hmax=998 pr=50 surv=31 ex=27 bad=0 hits=0 t=0s
  G3 c3/c5@-1: rank[2,2] g=2 src=pari sat=1 tors=4 st=4116 hmax=998 pr=50 surv=18 ex=14 bad=0 hits=0 t=0s
  G3 c6/c3@-31/7: rank[3,3] g=3 src=pari sat=1 tors=2 st=4778 hmax=518 pr=50 surv=12 ex=10 bad=0 hits=0 t=0s
  G3 c4/c3@-31/7: rank[3,3] g=3 src=pari sat=1 tors=2 st=4802 hmax=576 pr=50 surv=9 ex=7 bad=0 hits=0 t=0s
  G3 c6/c5@-31/7: rank[2,2] g=2 src=pari sat=1 tors=4 st=1388 hmax=998 pr=50 surv=9 ex=7 bad=0 hits=0 t=0s
  G3 c4/c5@-31/7: rank[3,3] g=3 src=pari sat=1 tors=2 st=4802 hmax=576 pr=50 surv=13 ex=11 bad=0 hits=0 t=0s
  G3 c6/c4@-31/7: rank[2,2] g=2 src=pari sat=1 tors=4 st=2996 hmax=998 pr=50 surv=31 ex=27 bad=0 hits=0 t=0s
== (m,n)=(12,19)
  G2 c1/c3@-31/7: rank[3,3] g=3 src=pari sat=3 tors=4 st=9604 hmax=275 pr=50 surv=60 ex=56 bad=0 hits=0 t=0s
  G2 c1/c5@-31/7: rank[3,3] g=3 src=pari sat=1 tors=4 st=9604 hmax=275 pr=50 surv=65 ex=61 bad=0 hits=0 t=0s
  G2 c1/c7@-31/7: rank[2,2] g=2 src=pari sat=1 tors=8 st=3480 hmax=996 pr=50 surv=42 ex=38 bad=0 hits=0 t=0s
  G2 c1/c4@-31/7: rank[2,2] g=2 src=pari sat=1 tors=4 st=2996 hmax=998 pr=50 surv=25 ex=21 bad=0 hits=0 t=0s
  G2 c3/c5@-31/7: rank[2,2] g=2 src=pari sat=1 tors=8 st=3880 hmax=997 pr=50 surv=18 ex=14 bad=0 hits=0 t=0s
  G2 c3/c7@-31/7: rank[3,3] g=3 src=pari sat=3 tors=4 st=9604 hmax=275 pr=50 surv=60 ex=56 bad=0 hits=0 t=0s
  G2 c3/c4@-31/7: rank[2,2] g=2 src=pari sat=1 tors=4 st=2804 hmax=993 pr=50 surv=25 ex=21 bad=0 hits=0 t=0s
  G2 c5/c7@-31/7: rank[3,3] g=3 src=pari sat=3 tors=4 st=9604 hmax=275 pr=50 surv=55 ex=51 bad=0 hits=0 t=0s
  G2 c5/c4@-31/7: rank[2,2] g=2 src=pari sat=1 tors=4 st=2804 hmax=993 pr=50 surv=25 ex=21 bad=0 hits=0 t=0s
  G2 c7/c4@-31/7: rank[2,2] g=2 src=pari sat=1 tors=4 st=2996 hmax=998 pr=50 surv=23 ex=19 bad=0 hits=0 t=0s
  G3 c2/c3@-31/7: rank[2,2] g=2 src=pari sat=1 tors=4 st=1388 hmax=998 pr=50 surv=13 ex=9 bad=0 hits=0 t=0s
  G3 c2/c5@-31/7: rank[3,3] g=3 src=pari sat=1 tors=2 st=4778 hmax=518 pr=50 surv=12 ex=8 bad=0 hits=0 t=0s
  G3 c2/c6@-31/7: rank[2,2] g=2 src=pari sat=1 tors=8 st=3480 hmax=996 pr=50 surv=38 ex=34 bad=0 hits=0 t=0s
  G3 c2/c4@-31/7: rank[2,2] g=2 src=pari sat=1 tors=4 st=2996 hmax=998 pr=50 surv=31 ex=27 bad=0 hits=0 t=0s
  G3 c3/c5@-31/7: rank[2,2] g=2 src=pari sat=1 tors=4 st=4116 hmax=998 pr=50 surv=10 ex=6 bad=0 hits=0 t=0s
  G3 c3/c6@-31/7: rank[3,3] g=3 src=pari sat=1 tors=2 st=4778 hmax=518 pr=50 surv=9 ex=5 bad=0 hits=0 t=0s
  G3 c3/c4@-31/7: rank[3,3] g=3 src=pari sat=1 tors=2 st=4802 hmax=576 pr=50 surv=9 ex=5 bad=0 hits=0 t=0s
  G3 c5/c6@-31/7: rank[2,2] g=2 src=pari sat=1 tors=4 st=1388 hmax=998 pr=50 surv=11 ex=7 bad=0 hits=0 t=0s
  G3 c5/c4@-31/7: rank[3,3] g=3 src=pari sat=1 tors=2 st=4802 hmax=576 pr=50 surv=13 ex=9 bad=0 hits=0 t=0s
  G3 c6/c4@-31/7: rank[2,2] g=2 src=pari sat=1 tors=4 st=2996 hmax=998 pr=50 surv=32 ex=28 bad=0 hits=0 t=0s
== (m,n)=(13,-19)
  G2 c1/c3@-16/3: rank[3,3] g=3 src=pari sat=1 tors=4 st=9596 hmax=281 pr=50 surv=55 ex=51 bad=0 hits=0 t=0s
  G2 c1/c5@-16/3: rank[3,3] g=3 src=pari sat=1 tors=4 st=9596 hmax=281 pr=50 surv=56 ex=52 bad=0 hits=0 t=0s
  G2 c1/c7@-16/3: rank[2,2] g=2 src=pari sat=1 tors=8 st=1880 hmax=994 pr=50 surv=17 ex=13 bad=0 hits=0 t=0s
  G2 c1/c4@-16/3: rank[2,2] g=2 src=pari sat=1 tors=4 st=3244 hmax=999 pr=50 surv=33 ex=29 bad=0 hits=0 t=0s
  G2 c3/c5@-16/3: rank[2,2] g=2 src=pari sat=1 tors=8 st=4312 hmax=998 pr=50 surv=19 ex=15 bad=0 hits=0 t=0s
  G2 c3/c7@-16/3: rank[3,3] g=3 src=pari sat=1 tors=4 st=9596 hmax=281 pr=50 surv=55 ex=51 bad=0 hits=0 t=0s
  G2 c3/c4@-16/3: rank[4,4] g=4 src=pari sat=3 tors=4 st=9604 hmax=77 pr=50 surv=46 ex=42 bad=0 hits=0 t=0s
  G2 c5/c7@-16/3: rank[3,3] g=3 src=pari sat=1 tors=4 st=9596 hmax=281 pr=50 surv=56 ex=52 bad=0 hits=0 t=0s
  G2 c5/c4@-16/3: rank[4,4] g=4 src=pari sat=3 tors=4 st=9604 hmax=77 pr=50 surv=42 ex=38 bad=0 hits=0 t=0s
  G2 c7/c4@-16/3: rank[2,2] g=2 src=pari sat=1 tors=4 st=3244 hmax=999 pr=50 surv=34 ex=30 bad=0 hits=0 t=0s
  G3 c2/c3@-16/3: rank[1,1] g=1 src=pari+mw sat=1 tors=4 st=108 hmax=999 pr=50 surv=13 ex=11 bad=0 hits=0 t=19s
  G3 c2/c5@-16/3: rank[1,3] g=3 src=pari+mw sat=1 tors=2 st=4666 hmax=1000 pr=50 surv=30 ex=28 bad=0 hits=0 t=1s
  G3 c2/c6@-16/3: rank[2,2] g=2 src=pari sat=1 tors=8 st=1880 hmax=994 pr=50 surv=25 ex=21 bad=0 hits=0 t=0s
  G3 c2/c4@-16/3: rank[2,2] g=2 src=pari sat=1 tors=4 st=3244 hmax=999 pr=50 surv=25 ex=21 bad=0 hits=0 t=0s
  G3 c3/c5@-1: rank[2,2] g=2 src=pari sat=1 tors=4 st=4444 hmax=995 pr=50 surv=30 ex=26 bad=0 hits=0 t=0s
  G3 c6/c3@-16/3: rank[1,3] g=3 src=pari+mw sat=1 tors=2 st=4666 hmax=1000 pr=50 surv=30 ex=28 bad=0 hits=0 t=0s
  G3 c4/c3@-16/3: rank[2,2] g=2 src=pari sat=1 tors=2 st=1070 hmax=993 pr=50 surv=11 ex=9 bad=0 hits=0 t=0s
  G3 c6/c5@-16/3: rank[1,1] g=1 src=pari+mw sat=1 tors=4 st=108 hmax=999 pr=50 surv=13 ex=11 bad=0 hits=0 t=0s
  G3 c4/c5@-16/3: rank[2,2] g=2 src=pari sat=1 tors=2 st=1070 hmax=993 pr=50 surv=10 ex=8 bad=0 hits=0 t=0s
  G3 c6/c4@-16/3: rank[2,2] g=2 src=pari sat=1 tors=4 st=3244 hmax=999 pr=50 surv=25 ex=21 bad=0 hits=0 t=0s
== (m,n)=(13,19)
  G2 c1/c3@-16/3: rank[3,3] g=3 src=pari sat=1 tors=4 st=9596 hmax=281 pr=50 surv=56 ex=52 bad=0 hits=0 t=0s
  G2 c1/c5@-16/3: rank[3,3] g=3 src=pari sat=1 tors=4 st=9596 hmax=281 pr=50 surv=55 ex=51 bad=0 hits=0 t=0s
  G2 c1/c7@-16/3: rank[2,2] g=2 src=pari sat=1 tors=8 st=1880 hmax=994 pr=50 surv=17 ex=13 bad=0 hits=0 t=0s
  G2 c1/c4@-16/3: rank[2,2] g=2 src=pari sat=1 tors=4 st=3244 hmax=999 pr=50 surv=33 ex=29 bad=0 hits=0 t=0s
  G2 c3/c5@-16/3: rank[2,2] g=2 src=pari sat=1 tors=8 st=4312 hmax=998 pr=50 surv=19 ex=15 bad=0 hits=0 t=0s
  G2 c3/c7@-16/3: rank[3,3] g=3 src=pari sat=1 tors=4 st=9596 hmax=281 pr=50 surv=56 ex=52 bad=0 hits=0 t=0s
  G2 c3/c4@-16/3: rank[4,4] g=4 src=pari sat=3 tors=4 st=9604 hmax=77 pr=50 surv=42 ex=38 bad=0 hits=0 t=0s
  G2 c5/c7@-16/3: rank[3,3] g=3 src=pari sat=1 tors=4 st=9596 hmax=281 pr=50 surv=55 ex=51 bad=0 hits=0 t=0s
  G2 c5/c4@-16/3: rank[4,4] g=4 src=pari sat=3 tors=4 st=9604 hmax=77 pr=50 surv=46 ex=42 bad=0 hits=0 t=0s
  G2 c7/c4@-16/3: rank[2,2] g=2 src=pari sat=1 tors=4 st=3244 hmax=999 pr=50 surv=34 ex=30 bad=0 hits=0 t=0s
  G3 c2/c3@-16/3: rank[1,1] g=1 src=pari+mw sat=1 tors=4 st=108 hmax=999 pr=50 surv=13 ex=9 bad=0 hits=0 t=0s
  G3 c2/c5@-16/3: rank[1,3] g=3 src=pari+mw sat=1 tors=2 st=4666 hmax=1000 pr=50 surv=30 ex=26 bad=0 hits=0 t=1s
  G3 c2/c6@-16/3: rank[2,2] g=2 src=pari sat=1 tors=8 st=1880 hmax=994 pr=50 surv=25 ex=21 bad=0 hits=0 t=0s
  G3 c2/c4@-16/3: rank[2,2] g=2 src=pari sat=1 tors=4 st=3244 hmax=999 pr=50 surv=25 ex=21 bad=0 hits=0 t=0s
  G3 c3/c5@-16/3: rank[2,2] g=2 src=pari sat=1 tors=4 st=4444 hmax=995 pr=50 surv=26 ex=22 bad=0 hits=0 t=0s
  G3 c3/c6@-16/3: rank[1,3] g=3 src=pari+mw sat=1 tors=2 st=4666 hmax=1000 pr=50 surv=30 ex=26 bad=0 hits=0 t=0s
  G3 c3/c4@-16/3: rank[2,2] g=2 src=pari sat=1 tors=2 st=1070 hmax=993 pr=50 surv=10 ex=6 bad=0 hits=0 t=0s
  G3 c5/c6@-16/3: rank[1,1] g=1 src=pari+mw sat=1 tors=4 st=108 hmax=999 pr=50 surv=13 ex=9 bad=0 hits=0 t=1s
  G3 c5/c4@-16/3: rank[2,2] g=2 src=pari sat=1 tors=2 st=1070 hmax=993 pr=50 surv=11 ex=7 bad=0 hits=0 t=1s
  G3 c6/c4@-16/3: rank[2,2] g=2 src=pari sat=1 tors=4 st=3244 hmax=999 pr=50 surv=26 ex=22 bad=0 hits=0 t=1s
== (m,n)=(14,-19)
  G2 c1/c3@-33/5: rank[3,3] g=3 src=pari sat=1 tors=4 st=9604 hmax=606 pr=50 surv=31 ex=27 bad=0 hits=0 t=1s
  G2 c1/c5@-33/5: rank[3,3] g=3 src=pari sat=1 tors=4 st=9604 hmax=606 pr=50 surv=33 ex=29 bad=0 hits=0 t=1s
  G2 c1/c7@-33/5: rank[1,1] g=1 src=pari sat=1 tors=8 st=168 hmax=939 pr=50 surv=17 ex=13 bad=0 hits=0 t=1s
  G2 c1/c4@-33/5: rank[2,2] g=2 src=pari sat=1 tors=4 st=2924 hmax=999 pr=50 surv=18 ex=14 bad=0 hits=0 t=1s
  G2 c3/c5@-33/5: rank[2,2] g=2 src=pari sat=1 tors=8 st=2264 hmax=992 pr=50 surv=17 ex=13 bad=0 hits=0 t=1s
  G2 c3/c7@-33/5: rank[3,3] g=3 src=pari sat=1 tors=4 st=9604 hmax=606 pr=50 surv=31 ex=27 bad=0 hits=0 t=1s
  G2 c3/c4@-33/5: rank[2,2] g=2 src=pari sat=1 tors=4 st=2756 hmax=995 pr=50 surv=17 ex=13 bad=0 hits=0 t=0s
  G2 c5/c7@-33/5: rank[3,3] g=3 src=pari sat=1 tors=4 st=9604 hmax=606 pr=50 surv=33 ex=29 bad=0 hits=0 t=0s
  G2 c5/c4@-33/5: rank[2,2] g=2 src=pari sat=1 tors=4 st=2756 hmax=995 pr=50 surv=17 ex=13 bad=0 hits=0 t=0s
  G2 c7/c4@-33/5: rank[2,2] g=2 src=pari sat=1 tors=4 st=2924 hmax=999 pr=50 surv=18 ex=14 bad=0 hits=0 t=0s
  G3 c2/c3@-33/5: rank[2,2] g=2 src=pari sat=1 tors=4 st=1188 hmax=1000 pr=50 surv=9 ex=7 bad=0 hits=0 t=0s
  G3 c2/c5@-33/5: rank[3,3] g=3 src=pari sat=1 tors=2 st=4786 hmax=526 pr=50 surv=9 ex=7 bad=0 hits=0 t=0s
  G3 c2/c6@-33/5: rank[1,1] g=1 src=pari sat=1 tors=8 st=168 hmax=939 pr=50 surv=17 ex=13 bad=0 hits=0 t=0s
  G3 c2/c4@-33/5: rank[2,2] g=2 src=pari sat=1 tors=4 st=2924 hmax=999 pr=50 surv=36 ex=32 bad=0 hits=0 t=0s
  G3 c3/c5@-1: rank[3,3] g=3 src=pari sat=1 tors=4 st=9604 hmax=242 pr=50 surv=34 ex=30 bad=0 hits=0 t=0s
  G3 c6/c3@-33/5: rank[3,3] g=3 src=pari sat=1 tors=2 st=4786 hmax=526 pr=50 surv=15 ex=13 bad=0 hits=0 t=0s
  G3 c4/c3@-33/5: rank[3,3] g=3 src=pari sat=1 tors=2 st=4802 hmax=694 pr=50 surv=25 ex=23 bad=0 hits=0 t=0s
  G3 c6/c5@-33/5: rank[2,2] g=2 src=pari sat=1 tors=4 st=1188 hmax=1000 pr=50 surv=9 ex=7 bad=0 hits=0 t=0s
  G3 c4/c5@-33/5: rank[3,3] g=3 src=pari sat=1 tors=2 st=4802 hmax=694 pr=50 surv=19 ex=17 bad=0 hits=0 t=0s
  G3 c6/c4@-33/5: rank[2,2] g=2 src=pari sat=1 tors=4 st=2924 hmax=999 pr=50 surv=42 ex=38 bad=0 hits=0 t=0s
== (m,n)=(14,19)
  G2 c1/c3@-33/5: rank[3,3] g=3 src=pari sat=1 tors=4 st=9604 hmax=606 pr=50 surv=33 ex=29 bad=0 hits=0 t=0s
  G2 c1/c5@-33/5: rank[3,3] g=3 src=pari sat=1 tors=4 st=9604 hmax=606 pr=50 surv=31 ex=27 bad=0 hits=0 t=0s
  G2 c1/c7@-33/5: rank[1,1] g=1 src=pari sat=1 tors=8 st=168 hmax=939 pr=50 surv=17 ex=13 bad=0 hits=0 t=0s
  G2 c1/c4@-33/5: rank[2,2] g=2 src=pari sat=1 tors=4 st=2924 hmax=999 pr=50 surv=18 ex=14 bad=0 hits=0 t=0s
  G2 c3/c5@-33/5: rank[2,2] g=2 src=pari sat=1 tors=8 st=2264 hmax=992 pr=50 surv=17 ex=13 bad=0 hits=0 t=0s
  G2 c3/c7@-33/5: rank[3,3] g=3 src=pari sat=1 tors=4 st=9604 hmax=606 pr=50 surv=33 ex=29 bad=0 hits=0 t=0s
  G2 c3/c4@-33/5: rank[2,2] g=2 src=pari sat=1 tors=4 st=2756 hmax=995 pr=50 surv=17 ex=13 bad=0 hits=0 t=0s
  G2 c5/c7@-33/5: rank[3,3] g=3 src=pari sat=1 tors=4 st=9604 hmax=606 pr=50 surv=31 ex=27 bad=0 hits=0 t=0s
  G2 c5/c4@-33/5: rank[2,2] g=2 src=pari sat=1 tors=4 st=2756 hmax=995 pr=50 surv=17 ex=13 bad=0 hits=0 t=0s
  G2 c7/c4@-33/5: rank[2,2] g=2 src=pari sat=1 tors=4 st=2924 hmax=999 pr=50 surv=18 ex=14 bad=0 hits=0 t=0s
  G3 c2/c3@-33/5: rank[2,2] g=2 src=pari sat=1 tors=4 st=1188 hmax=1000 pr=50 surv=9 ex=5 bad=0 hits=0 t=0s
  G3 c2/c5@-33/5: rank[3,3] g=3 src=pari sat=1 tors=2 st=4786 hmax=526 pr=50 surv=11 ex=7 bad=0 hits=0 t=0s
  G3 c2/c6@-33/5: rank[1,1] g=1 src=pari sat=1 tors=8 st=168 hmax=939 pr=50 surv=17 ex=13 bad=0 hits=0 t=0s
  G3 c2/c4@-33/5: rank[2,2] g=2 src=pari sat=1 tors=4 st=2924 hmax=999 pr=50 surv=37 ex=33 bad=0 hits=0 t=0s
  G3 c3/c5@-33/5: rank[3,3] g=3 src=pari sat=1 tors=4 st=9604 hmax=242 pr=50 surv=21 ex=17 bad=0 hits=0 t=0s
  G3 c3/c6@-33/5: rank[3,3] g=3 src=pari sat=1 tors=2 st=4786 hmax=526 pr=50 surv=13 ex=9 bad=0 hits=0 t=0s
  G3 c3/c4@-33/5: rank[3,3] g=3 src=pari sat=1 tors=2 st=4802 hmax=694 pr=50 surv=22 ex=18 bad=0 hits=0 t=0s
  G3 c5/c6@-33/5: rank[2,2] g=2 src=pari sat=1 tors=4 st=1188 hmax=1000 pr=50 surv=9 ex=5 bad=0 hits=0 t=0s
  G3 c5/c4@-33/5: rank[3,3] g=3 src=pari sat=1 tors=2 st=4802 hmax=694 pr=50 surv=20 ex=16 bad=0 hits=0 t=0s
  G3 c6/c4@-33/5: rank[2,2] g=2 src=pari sat=1 tors=4 st=2924 hmax=999 pr=50 surv=42 ex=38 bad=0 hits=0 t=0s
== (m,n)=(15,-19)
  G2 c1/c3@-17/2: rank[2,2] g=2 src=pari sat=3 tors=4 st=3148 hmax=998 pr=50 surv=17 ex=13 bad=0 hits=0 t=0s
  G2 c1/c5@-17/2: rank[2,2] g=2 src=pari sat=3 tors=4 st=3148 hmax=998 pr=50 surv=17 ex=13 bad=0 hits=0 t=0s
  G2 c1/c7@-17/2: rank[2,2] g=2 src=pari sat=1 tors=8 st=3192 hmax=984 pr=50 surv=57 ex=53 bad=0 hits=0 t=0s
  G2 c1/c4@-17/2: rank[3,3] g=3 src=pari sat=1 tors=4 st=9604 hmax=300 pr=50 surv=41 ex=37 bad=0 hits=0 t=0s
  G2 c3/c5@-17/2: rank[1,1] g=1 src=pari sat=1 tors=8 st=168 hmax=851 pr=50 surv=17 ex=13 bad=0 hits=0 t=0s
  G2 c3/c7@-17/2: rank[2,2] g=2 src=pari sat=3 tors=4 st=3148 hmax=998 pr=50 surv=17 ex=13 bad=0 hits=0 t=0s
  G2 c3/c4@-17/2: rank[2,2] g=2 src=pari sat=1 tors=4 st=3148 hmax=999 pr=50 surv=25 ex=21 bad=0 hits=0 t=0s
  G2 c5/c7@-17/2: rank[2,2] g=2 src=pari sat=3 tors=4 st=3148 hmax=998 pr=50 surv=17 ex=13 bad=0 hits=0 t=0s
  G2 c5/c4@-17/2: rank[2,2] g=2 src=pari sat=1 tors=4 st=3148 hmax=999 pr=50 surv=30 ex=26 bad=0 hits=0 t=0s
  G2 c7/c4@-17/2: rank[3,3] g=3 src=pari sat=1 tors=4 st=9604 hmax=300 pr=50 surv=41 ex=37 bad=0 hits=0 t=0s
  G3 c2/c3@-17/2: rank[3,3] g=3 src=pari sat=1 tors=4 st=9604 hmax=293 pr=50 surv=19 ex=17 bad=0 hits=0 t=0s
  G3 c2/c5@-17/2: rank[3,3] g=3 src=pari sat=1 tors=2 st=4802 hmax=403 pr=50 surv=14 ex=12 bad=0 hits=0 t=0s
  G3 c2/c6@-17/2: rank[2,2] g=2 src=pari sat=1 tors=8 st=3192 hmax=984 pr=50 surv=40 ex=36 bad=0 hits=0 t=0s
  G3 c2/c4@-17/2: rank[3,3] g=3 src=pari sat=1 tors=4 st=9604 hmax=300 pr=50 surv=55 ex=51 bad=0 hits=0 t=0s
  G3 c3/c5@-1: rank[2,2] g=2 src=pari sat=1 tors=4 st=4988 hmax=1000 pr=50 surv=33 ex=29 bad=0 hits=0 t=0s
  G3 c6/c3@-17/2: rank[3,3] g=3 src=pari sat=1 tors=2 st=4802 hmax=403 pr=50 surv=14 ex=12 bad=0 hits=0 t=0s
  G3 c4/c3@-17/2: rank[3,3] g=3 src=pari sat=1 tors=2 st=4802 hmax=599 pr=50 surv=40 ex=38 bad=0 hits=0 t=0s
  G3 c6/c5@-17/2: rank[3,3] g=3 src=pari sat=1 tors=4 st=9604 hmax=293 pr=50 surv=10 ex=8 bad=0 hits=0 t=0s
  G3 c4/c5@-17/2: rank[3,3] g=3 src=pari sat=1 tors=2 st=4802 hmax=599 pr=50 surv=33 ex=31 bad=0 hits=0 t=0s
  G3 c6/c4@-17/2: rank[3,3] g=3 src=pari sat=1 tors=4 st=9604 hmax=300 pr=50 surv=56 ex=52 bad=0 hits=0 t=0s
== (m,n)=(15,19)
  G2 c1/c3@-17/2: rank[2,2] g=2 src=pari sat=3 tors=4 st=3148 hmax=998 pr=50 surv=17 ex=13 bad=0 hits=0 t=0s
  G2 c1/c5@-17/2: rank[2,2] g=2 src=pari sat=3 tors=4 st=3148 hmax=998 pr=50 surv=17 ex=13 bad=0 hits=0 t=0s
  G2 c1/c7@-17/2: rank[2,2] g=2 src=pari sat=1 tors=8 st=3192 hmax=984 pr=50 surv=57 ex=53 bad=0 hits=0 t=0s
  G2 c1/c4@-17/2: rank[3,3] g=3 src=pari sat=1 tors=4 st=9604 hmax=300 pr=50 surv=41 ex=37 bad=0 hits=0 t=0s
  G2 c3/c5@-17/2: rank[1,1] g=1 src=pari sat=1 tors=8 st=168 hmax=851 pr=50 surv=17 ex=13 bad=0 hits=0 t=0s
  G2 c3/c7@-17/2: rank[2,2] g=2 src=pari sat=3 tors=4 st=3148 hmax=998 pr=50 surv=17 ex=13 bad=0 hits=0 t=0s
  G2 c3/c4@-17/2: rank[2,2] g=2 src=pari sat=1 tors=4 st=3148 hmax=999 pr=50 surv=30 ex=26 bad=0 hits=0 t=0s
  G2 c5/c7@-17/2: rank[2,2] g=2 src=pari sat=3 tors=4 st=3148 hmax=998 pr=50 surv=17 ex=13 bad=0 hits=0 t=0s
  G2 c5/c4@-17/2: rank[2,2] g=2 src=pari sat=1 tors=4 st=3148 hmax=999 pr=50 surv=25 ex=21 bad=0 hits=0 t=0s
  G2 c7/c4@-17/2: rank[3,3] g=3 src=pari sat=1 tors=4 st=9604 hmax=300 pr=50 surv=41 ex=37 bad=0 hits=0 t=0s
  G3 c2/c3@-17/2: rank[3,3] g=3 src=pari sat=1 tors=4 st=9604 hmax=293 pr=50 surv=18 ex=14 bad=0 hits=0 t=0s
  G3 c2/c5@-17/2: rank[3,3] g=3 src=pari sat=1 tors=2 st=4802 hmax=403 pr=50 surv=13 ex=9 bad=0 hits=0 t=0s
  G3 c2/c6@-17/2: rank[2,2] g=2 src=pari sat=1 tors=8 st=3192 hmax=984 pr=50 surv=38 ex=34 bad=0 hits=0 t=0s
  G3 c2/c4@-17/2: rank[3,3] g=3 src=pari sat=1 tors=4 st=9604 hmax=300 pr=50 surv=56 ex=52 bad=0 hits=0 t=0s
  G3 c3/c5@-17/2: rank[2,2] g=2 src=pari sat=1 tors=4 st=4988 hmax=1000 pr=50 surv=20 ex=16 bad=0 hits=0 t=0s
  G3 c3/c6@-17/2: rank[3,3] g=3 src=pari sat=1 tors=2 st=4802 hmax=403 pr=50 surv=14 ex=10 bad=0 hits=0 t=0s
  G3 c3/c4@-17/2: rank[3,3] g=3 src=pari sat=1 tors=2 st=4802 hmax=599 pr=50 surv=37 ex=33 bad=0 hits=0 t=0s
  G3 c5/c6@-17/2: rank[3,3] g=3 src=pari sat=1 tors=4 st=9604 hmax=293 pr=50 surv=12 ex=8 bad=0 hits=0 t=0s
  G3 c5/c4@-17/2: rank[3,3] g=3 src=pari sat=1 tors=2 st=4802 hmax=599 pr=50 surv=42 ex=38 bad=0 hits=0 t=0s
  G3 c6/c4@-17/2: rank[3,3] g=3 src=pari sat=1 tors=4 st=9604 hmax=300 pr=50 surv=55 ex=51 bad=0 hits=0 t=0s
== (m,n)=(16,-19)
  G2 c1/c3@-35/3: rank[4,4] g=4 src=pari sat=1 tors=4 st=9556 hmax=132 pr=50 surv=24 ex=20 bad=0 hits=0 t=0s
  G2 c1/c5@-35/3: rank[4,4] g=4 src=pari sat=1 tors=4 st=9556 hmax=132 pr=50 surv=23 ex=19 bad=0 hits=0 t=0s
  G2 c1/c7@-35/3: rank[2,2] g=2 src=pari sat=1 tors=8 st=2152 hmax=982 pr=50 surv=17 ex=13 bad=0 hits=0 t=0s
  G2 c1/c4@-35/3: rank[3,3] g=3 src=pari sat=3 tors=4 st=9588 hmax=485 pr=50 surv=27 ex=23 bad=0 hits=0 t=0s
  G2 c3/c5@-35/3: rank[3,3] g=3 src=pari sat=1 tors=8 st=19208 hmax=572 pr=50 surv=78 ex=74 bad=0 hits=0 t=0s
  G2 c3/c7@-35/3: rank[4,4] g=4 src=pari sat=1 tors=4 st=9556 hmax=132 pr=50 surv=24 ex=20 bad=0 hits=0 t=0s
  G2 c3/c4@-35/3: rank[2,2] g=2 src=pari sat=1 tors=4 st=2724 hmax=1000 pr=50 surv=21 ex=17 bad=0 hits=0 t=0s
  G2 c5/c7@-35/3: rank[4,4] g=4 src=pari sat=1 tors=4 st=9556 hmax=132 pr=50 surv=23 ex=19 bad=0 hits=0 t=0s
  G2 c5/c4@-35/3: rank[2,2] g=2 src=pari sat=1 tors=4 st=2724 hmax=1000 pr=50 surv=28 ex=24 bad=0 hits=0 t=0s
  G2 c7/c4@-35/3: rank[3,3] g=3 src=pari sat=3 tors=4 st=9588 hmax=485 pr=50 surv=27 ex=23 bad=0 hits=0 t=0s
  G3 c2/c3@-35/3: rank[2,2] g=2 src=pari sat=1 tors=4 st=2420 hmax=999 pr=50 surv=17 ex=15 bad=0 hits=0 t=0s
  G3 c2/c5@-35/3: rank[4,4] g=4 src=pari sat=1 tors=2 st=4802 hmax=169 pr=50 surv=28 ex=26 bad=0 hits=0 t=0s
  G3 c2/c6@-35/3: rank[2,2] g=2 src=pari sat=1 tors=8 st=2152 hmax=982 pr=50 surv=22 ex=18 bad=0 hits=0 t=0s
  G3 c2/c4@-35/3: rank[3,3] g=3 src=pari sat=3 tors=4 st=9588 hmax=485 pr=50 surv=36 ex=32 bad=0 hits=0 t=0s
  G3 c3/c5@-1: rank[3,3] g=3 src=pari sat=1 tors=4 st=9604 hmax=236 pr=50 surv=37 ex=33 bad=0 hits=0 t=0s
  G3 c6/c3@-35/3: rank[4,4] g=4 src=pari sat=1 tors=2 st=4802 hmax=169 pr=50 surv=22 ex=20 bad=0 hits=0 t=1s
  G3 c4/c3@-35/3: rank[3,3] g=3 src=pari sat=1 tors=2 st=4786 hmax=450 pr=50 surv=19 ex=17 bad=0 hits=0 t=0s
  G3 c6/c5@-35/3: rank[2,2] g=2 src=pari sat=1 tors=4 st=2420 hmax=999 pr=50 surv=18 ex=16 bad=0 hits=0 t=0s
  G3 c4/c5@-35/3: rank[3,3] g=3 src=pari sat=1 tors=2 st=4786 hmax=450 pr=50 surv=25 ex=23 bad=0 hits=0 t=0s
  G3 c6/c4@-35/3: rank[3,3] g=3 src=pari sat=3 tors=4 st=9588 hmax=485 pr=50 surv=29 ex=25 bad=0 hits=0 t=0s
== (m,n)=(16,19)
  G2 c1/c3@-35/3: rank[4,4] g=4 src=pari sat=1 tors=4 st=9556 hmax=132 pr=50 surv=23 ex=19 bad=0 hits=0 t=0s
  G2 c1/c5@-35/3: rank[4,4] g=4 src=pari sat=1 tors=4 st=9556 hmax=132 pr=50 surv=24 ex=20 bad=0 hits=0 t=0s
  G2 c1/c7@-35/3: rank[2,2] g=2 src=pari sat=1 tors=8 st=2152 hmax=982 pr=50 surv=17 ex=13 bad=0 hits=0 t=0s
  G2 c1/c4@-35/3: rank[3,3] g=3 src=pari sat=3 tors=4 st=9588 hmax=485 pr=50 surv=27 ex=23 bad=0 hits=0 t=0s
  G2 c3/c5@-35/3: rank[3,3] g=3 src=pari sat=1 tors=8 st=19208 hmax=572 pr=50 surv=78 ex=74 bad=0 hits=0 t=0s
  G2 c3/c7@-35/3: rank[4,4] g=4 src=pari sat=1 tors=4 st=9556 hmax=132 pr=50 surv=23 ex=19 bad=0 hits=0 t=0s
  G2 c3/c4@-35/3: rank[2,2] g=2 src=pari sat=1 tors=4 st=2724 hmax=1000 pr=50 surv=28 ex=24 bad=0 hits=0 t=0s
  G2 c5/c7@-35/3: rank[4,4] g=4 src=pari sat=1 tors=4 st=9556 hmax=132 pr=50 surv=24 ex=20 bad=0 hits=0 t=1s
  G2 c5/c4@-35/3: rank[2,2] g=2 src=pari sat=1 tors=4 st=2724 hmax=1000 pr=50 surv=21 ex=17 bad=0 hits=0 t=0s
  G2 c7/c4@-35/3: rank[3,3] g=3 src=pari sat=3 tors=4 st=9588 hmax=485 pr=50 surv=27 ex=23 bad=0 hits=0 t=0s
  G3 c2/c3@-35/3: rank[2,2] g=2 src=pari sat=1 tors=4 st=2420 hmax=999 pr=50 surv=18 ex=14 bad=0 hits=0 t=0s
  G3 c2/c5@-35/3: rank[4,4] g=4 src=pari sat=1 tors=2 st=4802 hmax=169 pr=50 surv=22 ex=18 bad=0 hits=0 t=0s
  G3 c2/c6@-35/3: rank[2,2] g=2 src=pari sat=1 tors=8 st=2152 hmax=982 pr=50 surv=23 ex=19 bad=0 hits=0 t=0s
  G3 c2/c4@-35/3: rank[3,3] g=3 src=pari sat=3 tors=4 st=9588 hmax=485 pr=50 surv=33 ex=29 bad=0 hits=0 t=0s
  G3 c3/c5@-35/3: rank[3,3] g=3 src=pari sat=1 tors=4 st=9604 hmax=236 pr=50 surv=26 ex=22 bad=0 hits=0 t=0s
  G3 c3/c6@-35/3: rank[4,4] g=4 src=pari sat=1 tors=2 st=4802 hmax=169 pr=50 surv=20 ex=16 bad=0 hits=0 t=0s
  G3 c3/c4@-35/3: rank[3,3] g=3 src=pari sat=1 tors=2 st=4786 hmax=450 pr=50 surv=25 ex=21 bad=0 hits=0 t=0s
  G3 c5/c6@-35/3: rank[2,2] g=2 src=pari sat=1 tors=4 st=2420 hmax=999 pr=50 surv=17 ex=13 bad=0 hits=0 t=0s
  G3 c5/c4@-35/3: rank[3,3] g=3 src=pari sat=1 tors=2 st=4786 hmax=450 pr=50 surv=28 ex=24 bad=0 hits=0 t=0s
  G3 c6/c4@-35/3: rank[3,3] g=3 src=pari sat=3 tors=4 st=9588 hmax=485 pr=50 surv=32 ex=28 bad=0 hits=0 t=0s
== (m,n)=(17,-19)
  G2 c1/c3@-18: rank[2,2] g=2 src=pari sat=1 tors=4 st=3084 hmax=1000 pr=50 surv=21 ex=17 bad=0 hits=0 t=0s
  G2 c1/c5@-18: rank[2,2] g=2 src=pari sat=1 tors=4 st=3084 hmax=1000 pr=50 surv=21 ex=17 bad=0 hits=0 t=0s
  G2 c1/c7@-18: rank[1,1] g=1 src=pari sat=1 tors=8 st=168 hmax=866 pr=50 surv=17 ex=13 bad=0 hits=0 t=0s
  G2 c1/c4@-18: rank[3,3] g=3 src=pari sat=1 tors=4 st=9604 hmax=240 pr=50 surv=42 ex=38 bad=0 hits=0 t=0s
  G2 c3/c5@-18: rank[1,1] g=1 src=pari sat=1 tors=8 st=168 hmax=867 pr=50 surv=17 ex=13 bad=0 hits=0 t=0s
  G2 c3/c7@-18: rank[2,2] g=2 src=pari sat=1 tors=4 st=3084 hmax=1000 pr=50 surv=21 ex=17 bad=0 hits=0 t=0s
  G2 c3/c4@-18: rank[3,3] g=3 src=pari sat=1 tors=4 st=9604 hmax=251 pr=50 surv=18 ex=14 bad=0 hits=0 t=0s
  G2 c5/c7@-18: rank[2,2] g=2 src=pari sat=1 tors=4 st=3084 hmax=1000 pr=50 surv=21 ex=17 bad=0 hits=0 t=0s
  G2 c5/c4@-18: rank[3,3] g=3 src=pari sat=1 tors=4 st=9604 hmax=251 pr=50 surv=19 ex=15 bad=0 hits=0 t=0s
  G2 c7/c4@-18: rank[3,3] g=3 src=pari sat=1 tors=4 st=9604 hmax=240 pr=50 surv=47 ex=43 bad=0 hits=0 t=0s
  G3 c2/c3@-18: rank[1,1] g=1 src=pari sat=1 tors=4 st=100 hmax=867 pr=50 surv=9 ex=7 bad=0 hits=0 t=0s
  G3 c2/c5@-18: rank[2,2] g=2 src=pari sat=1 tors=2 st=750 hmax=995 pr=50 surv=9 ex=7 bad=0 hits=0 t=0s
  G3 c2/c6@-18: rank[1,1] g=1 src=pari sat=1 tors=8 st=168 hmax=866 pr=50 surv=33 ex=29 bad=0 hits=0 t=0s
  G3 c2/c4@-18: rank[3,3] g=3 src=pari sat=1 tors=4 st=9604 hmax=240 pr=50 surv=25 ex=21 bad=0 hits=0 t=0s
  G3 c3/c5@-1: rank[3,3] g=3 src=pari sat=1 tors=4 st=9604 hmax=176 pr=50 surv=25 ex=21 bad=0 hits=0 t=0s
  G3 c6/c3@-18: rank[2,2] g=2 src=pari sat=1 tors=2 st=750 hmax=995 pr=50 surv=9 ex=7 bad=0 hits=0 t=0s
  G3 c4/c3@-18: rank[3,3] g=3 src=pari sat=1 tors=2 st=4782 hmax=385 pr=50 surv=17 ex=15 bad=0 hits=0 t=0s
  G3 c6/c5@-18: rank[1,1] g=1 src=pari sat=1 tors=4 st=100 hmax=867 pr=50 surv=9 ex=7 bad=0 hits=0 t=0s
  G3 c4/c5@-18: rank[3,3] g=3 src=pari sat=1 tors=2 st=4782 hmax=385 pr=50 surv=19 ex=17 bad=0 hits=0 t=1s
  G3 c6/c4@-18: rank[3,3] g=3 src=pari sat=1 tors=4 st=9604 hmax=240 pr=50 surv=23 ex=19 bad=0 hits=0 t=1s
== (m,n)=(17,19)
  G2 c1/c3@-18: rank[2,2] g=2 src=pari sat=1 tors=4 st=3084 hmax=1000 pr=50 surv=21 ex=17 bad=0 hits=0 t=0s
  G2 c1/c5@-18: rank[2,2] g=2 src=pari sat=1 tors=4 st=3084 hmax=1000 pr=50 surv=21 ex=17 bad=0 hits=0 t=0s
  G2 c1/c7@-18: rank[1,1] g=1 src=pari sat=1 tors=8 st=168 hmax=866 pr=50 surv=17 ex=13 bad=0 hits=0 t=0s
  G2 c1/c4@-18: rank[3,3] g=3 src=pari sat=1 tors=4 st=9604 hmax=240 pr=50 surv=42 ex=38 bad=0 hits=0 t=0s
  G2 c3/c5@-18: rank[1,1] g=1 src=pari sat=1 tors=8 st=168 hmax=867 pr=50 surv=17 ex=13 bad=0 hits=0 t=0s
  G2 c3/c7@-18: rank[2,2] g=2 src=pari sat=1 tors=4 st=3084 hmax=1000 pr=50 surv=21 ex=17 bad=0 hits=0 t=0s
  G2 c3/c4@-18: rank[3,3] g=3 src=pari sat=1 tors=4 st=9604 hmax=251 pr=50 surv=19 ex=15 bad=0 hits=0 t=0s
  G2 c5/c7@-18: rank[2,2] g=2 src=pari sat=1 tors=4 st=3084 hmax=1000 pr=50 surv=21 ex=17 bad=0 hits=0 t=0s
  G2 c5/c4@-18: rank[3,3] g=3 src=pari sat=1 tors=4 st=9604 hmax=251 pr=50 surv=18 ex=14 bad=0 hits=0 t=0s
  G2 c7/c4@-18: rank[3,3] g=3 src=pari sat=1 tors=4 st=9604 hmax=240 pr=50 surv=47 ex=43 bad=0 hits=0 t=0s
  G3 c2/c3@-18: rank[1,1] g=1 src=pari sat=1 tors=4 st=100 hmax=867 pr=50 surv=9 ex=5 bad=0 hits=0 t=0s
  G3 c2/c5@-18: rank[2,2] g=2 src=pari sat=1 tors=2 st=750 hmax=995 pr=50 surv=9 ex=5 bad=0 hits=0 t=0s
  G3 c2/c6@-18: rank[1,1] g=1 src=pari sat=1 tors=8 st=168 hmax=866 pr=50 surv=33 ex=29 bad=0 hits=0 t=0s
  G3 c2/c4@-18: rank[3,3] g=3 src=pari sat=1 tors=4 st=9604 hmax=240 pr=50 surv=25 ex=21 bad=0 hits=0 t=0s
  G3 c3/c5@-18: rank[3,3] g=3 src=pari sat=1 tors=4 st=9604 hmax=176 pr=50 surv=10 ex=6 bad=0 hits=0 t=0s
  G3 c3/c6@-18: rank[2,2] g=2 src=pari sat=1 tors=2 st=750 hmax=995 pr=50 surv=9 ex=5 bad=0 hits=0 t=0s
  G3 c3/c4@-18: rank[3,3] g=3 src=pari sat=1 tors=2 st=4782 hmax=385 pr=50 surv=19 ex=15 bad=0 hits=0 t=0s
  G3 c5/c6@-18: rank[1,1] g=1 src=pari+mw sat=1 tors=4 st=100 hmax=867 pr=50 surv=9 ex=5 bad=0 hits=0 t=23s
  G3 c5/c4@-18: rank[3,3] g=3 src=pari sat=1 tors=2 st=4782 hmax=385 pr=50 surv=17 ex=13 bad=0 hits=0 t=0s
  G3 c6/c4@-18: rank[3,3] g=3 src=pari sat=1 tors=4 st=9604 hmax=240 pr=50 surv=25 ex=21 bad=0 hits=0 t=0s
== (m,n)=(18,-19)
  G2 c1/c3@-37: rank[4,4] g=4 src=pari sat=3 tors=4 st=9604 hmax=134 pr=50 surv=27 ex=23 bad=0 hits=0 t=0s
  G2 c1/c5@-37: rank[4,4] g=4 src=pari sat=3 tors=4 st=9604 hmax=134 pr=50 surv=27 ex=23 bad=0 hits=0 t=0s
  G2 c1/c7@-37: rank[1,1] g=1 src=pari sat=1 tors=8 st=168 hmax=979 pr=50 surv=17 ex=13 bad=0 hits=0 t=0s
  G2 c1/c4@-37: rank[3,3] g=3 src=pari sat=1 tors=4 st=9596 hmax=361 pr=50 surv=25 ex=21 bad=0 hits=0 t=0s
  G2 c3/c5@-37: rank[2,2] g=2 src=pari+mw sat=1 tors=8 st=968 hmax=979 pr=50 surv=33 ex=29 bad=0 hits=0 t=0s
  G2 c3/c7@-37: rank[4,4] g=4 src=pari sat=3 tors=4 st=9604 hmax=134 pr=50 surv=27 ex=23 bad=0 hits=0 t=0s
  G2 c3/c4@-37: rank[2,2] g=2 src=pari sat=1 tors=4 st=2668 hmax=999 pr=50 surv=18 ex=14 bad=0 hits=0 t=0s
  G2 c5/c7@-37: rank[4,4] g=4 src=pari sat=3 tors=4 st=9604 hmax=134 pr=50 surv=27 ex=23 bad=0 hits=0 t=1s
  G2 c5/c4@-37: rank[2,2] g=2 src=pari sat=1 tors=4 st=2668 hmax=999 pr=50 surv=17 ex=13 bad=0 hits=0 t=0s
  G2 c7/c4@-37: rank[3,3] g=3 src=pari sat=1 tors=4 st=9596 hmax=361 pr=50 surv=25 ex=21 bad=0 hits=0 t=0s
  G3 c2/c3@-37: rank[1,1] g=1 src=pari sat=1 tors=4 st=100 hmax=968 pr=50 surv=9 ex=7 bad=0 hits=0 t=0s
  G3 c2/c5@-37: rank[3,3] g=3 src=pari sat=1 tors=2 st=4786 hmax=768 pr=50 surv=25 ex=23 bad=0 hits=0 t=0s
  G3 c2/c6@-37: rank[1,1] g=1 src=pari sat=1 tors=8 st=168 hmax=979 pr=50 surv=17 ex=13 bad=0 hits=0 t=0s
  G3 c2/c4@-37: rank[3,3] g=3 src=pari sat=1 tors=4 st=9596 hmax=361 pr=50 surv=25 ex=21 bad=0 hits=0 t=0s
  G3 c3/c5@-1: rank[3,3] g=3 src=pari sat=1 tors=4 st=9604 hmax=271 pr=50 surv=68 ex=64 bad=0 hits=0 t=0s
  G3 c6/c3@-37: rank[3,3] g=3 src=pari sat=1 tors=2 st=4786 hmax=768 pr=50 surv=15 ex=13 bad=0 hits=0 t=0s
  G3 c4/c3@-37: rank[2,2] g=2 src=pari sat=1 tors=2 st=994 hmax=999 pr=50 surv=10 ex=8 bad=0 hits=0 t=0s
  G3 c6/c5@-37: rank[1,1] g=1 src=pari sat=1 tors=4 st=100 hmax=968 pr=50 surv=9 ex=7 bad=0 hits=0 t=0s
  G3 c4/c5@-37: rank[2,2] g=2 src=pari sat=1 tors=2 st=994 hmax=999 pr=50 surv=10 ex=8 bad=0 hits=0 t=0s
  G3 c6/c4@-37: rank[3,3] g=3 src=pari sat=1 tors=4 st=9596 hmax=361 pr=50 surv=27 ex=23 bad=0 hits=0 t=0s
== (m,n)=(18,19)
  G2 c1/c3@-37: rank[4,4] g=4 src=pari sat=3 tors=4 st=9604 hmax=134 pr=50 surv=27 ex=23 bad=0 hits=0 t=0s
  G2 c1/c5@-37: rank[4,4] g=4 src=pari sat=3 tors=4 st=9604 hmax=134 pr=50 surv=27 ex=23 bad=0 hits=0 t=0s
  G2 c1/c7@-37: rank[1,1] g=1 src=pari sat=1 tors=8 st=168 hmax=979 pr=50 surv=17 ex=13 bad=0 hits=0 t=0s
  G2 c1/c4@-37: rank[3,3] g=3 src=pari sat=1 tors=4 st=9596 hmax=361 pr=50 surv=25 ex=21 bad=0 hits=0 t=0s
  G2 c3/c5@-37: rank[2,2] g=2 src=pari+mw sat=1 tors=8 st=968 hmax=979 pr=50 surv=33 ex=29 bad=0 hits=0 t=0s
  G2 c3/c7@-37: rank[4,4] g=4 src=pari sat=3 tors=4 st=9604 hmax=134 pr=50 surv=27 ex=23 bad=0 hits=0 t=1s
  G2 c3/c4@-37: rank[2,2] g=2 src=pari sat=1 tors=4 st=2668 hmax=999 pr=50 surv=17 ex=13 bad=0 hits=0 t=0s
  G2 c5/c7@-37: rank[4,4] g=4 src=pari sat=3 tors=4 st=9604 hmax=134 pr=50 surv=27 ex=23 bad=0 hits=0 t=0s
  G2 c5/c4@-37: rank[2,2] g=2 src=pari sat=1 tors=4 st=2668 hmax=999 pr=50 surv=18 ex=14 bad=0 hits=0 t=0s
  G2 c7/c4@-37: rank[3,3] g=3 src=pari sat=1 tors=4 st=9596 hmax=361 pr=50 surv=25 ex=21 bad=0 hits=0 t=0s
  G3 c2/c3@-37: rank[1,1] g=1 src=pari sat=1 tors=4 st=100 hmax=968 pr=50 surv=9 ex=5 bad=0 hits=0 t=0s
  G3 c2/c5@-37: rank[3,3] g=3 src=pari sat=1 tors=2 st=4786 hmax=768 pr=50 surv=19 ex=15 bad=0 hits=0 t=0s
  G3 c2/c6@-37: rank[1,1] g=1 src=pari sat=1 tors=8 st=168 hmax=979 pr=50 surv=17 ex=13 bad=0 hits=0 t=0s
  G3 c2/c4@-37: rank[3,3] g=3 src=pari sat=1 tors=4 st=9596 hmax=361 pr=50 surv=25 ex=21 bad=0 hits=0 t=0s
  G3 c3/c5@-37: rank[3,3] g=3 src=pari sat=1 tors=4 st=9604 hmax=271 pr=50 surv=56 ex=52 bad=0 hits=0 t=0s
  G3 c3/c6@-37: rank[3,3] g=3 src=pari sat=1 tors=2 st=4786 hmax=768 pr=50 surv=15 ex=11 bad=0 hits=0 t=0s
  G3 c3/c4@-37: rank[2,2] g=2 src=pari sat=1 tors=2 st=994 hmax=999 pr=50 surv=10 ex=6 bad=0 hits=0 t=0s
  G3 c5/c6@-37: rank[1,1] g=1 src=pari sat=1 tors=4 st=100 hmax=968 pr=50 surv=9 ex=5 bad=0 hits=0 t=0s
  G3 c5/c4@-37: rank[2,2] g=2 src=pari sat=1 tors=2 st=994 hmax=999 pr=50 surv=10 ex=6 bad=0 hits=0 t=0s
  G3 c6/c4@-37: rank[3,3] g=3 src=pari sat=1 tors=4 st=9596 hmax=361 pr=50 surv=27 ex=23 bad=0 hits=0 t=0s
== (m,n)=(19,-18)
  G2 c1/c3@-37: rank[4,4] g=4 src=pari sat=3 tors=4 st=9604 hmax=134 pr=50 surv=31 ex=27 bad=0 hits=0 t=0s
  G2 c1/c5@-37: rank[4,4] g=4 src=pari sat=3 tors=4 st=9604 hmax=134 pr=50 surv=30 ex=26 bad=0 hits=0 t=0s
  G2 c1/c7@-37: rank[1,1] g=1 src=pari sat=1 tors=8 st=168 hmax=979 pr=50 surv=17 ex=13 bad=0 hits=0 t=0s
  G2 c1/c4@-37: rank[3,3] g=3 src=pari sat=1 tors=4 st=9596 hmax=361 pr=50 surv=25 ex=21 bad=0 hits=0 t=0s
  G2 c3/c5@-37: rank[2,2] g=2 src=pari+mw sat=1 tors=8 st=968 hmax=979 pr=50 surv=33 ex=29 bad=0 hits=0 t=0s
  G2 c3/c7@-37: rank[4,4] g=4 src=pari sat=3 tors=4 st=9604 hmax=134 pr=50 surv=31 ex=27 bad=0 hits=0 t=0s
  G2 c3/c4@-37: rank[2,2] g=2 src=pari sat=1 tors=4 st=2668 hmax=999 pr=50 surv=18 ex=14 bad=0 hits=0 t=0s
  G2 c5/c7@-37: rank[4,4] g=4 src=pari sat=3 tors=4 st=9604 hmax=134 pr=50 surv=30 ex=26 bad=0 hits=0 t=0s
  G2 c5/c4@-37: rank[2,2] g=2 src=pari sat=1 tors=4 st=2668 hmax=999 pr=50 surv=17 ex=13 bad=0 hits=0 t=0s
  G2 c7/c4@-37: rank[3,3] g=3 src=pari sat=1 tors=4 st=9596 hmax=361 pr=50 surv=25 ex=21 bad=0 hits=0 t=0s
  G3 c2/c3@-37: rank[1,1] g=1 src=pari sat=1 tors=4 st=100 hmax=968 pr=50 surv=9 ex=5 bad=0 hits=0 t=0s
  G3 c2/c5@-37: rank[3,3] g=3 src=pari sat=1 tors=2 st=4786 hmax=768 pr=50 surv=21 ex=17 bad=0 hits=0 t=0s
  G3 c2/c6@-37: rank[1,1] g=1 src=pari sat=1 tors=8 st=168 hmax=979 pr=50 surv=17 ex=13 bad=0 hits=0 t=0s
  G3 c2/c4@-37: rank[3,3] g=3 src=pari sat=1 tors=4 st=9596 hmax=361 pr=50 surv=27 ex=23 bad=0 hits=0 t=0s
  G3 c3/c5@-37: rank[3,3] g=3 src=pari sat=1 tors=4 st=9604 hmax=271 pr=50 surv=56 ex=52 bad=0 hits=0 t=0s
  G3 c3/c6@-37: rank[3,3] g=3 src=pari sat=1 tors=2 st=4786 hmax=768 pr=50 surv=24 ex=20 bad=0 hits=0 t=0s
  G3 c3/c4@-37: rank[2,2] g=2 src=pari sat=1 tors=2 st=994 hmax=999 pr=50 surv=10 ex=6 bad=0 hits=0 t=0s
  G3 c5/c6@-37: rank[1,1] g=1 src=pari sat=1 tors=4 st=100 hmax=968 pr=50 surv=9 ex=5 bad=0 hits=0 t=0s
  G3 c5/c4@-37: rank[2,2] g=2 src=pari sat=1 tors=2 st=994 hmax=999 pr=50 surv=10 ex=6 bad=0 hits=0 t=0s
  G3 c6/c4@-37: rank[3,3] g=3 src=pari sat=1 tors=4 st=9596 hmax=361 pr=50 surv=25 ex=21 bad=0 hits=0 t=0s
== (m,n)=(19,-17)
  G2 c1/c3@-18: rank[2,2] g=2 src=pari sat=1 tors=4 st=3084 hmax=1000 pr=50 surv=21 ex=17 bad=0 hits=0 t=0s
  G2 c1/c5@-18: rank[2,2] g=2 src=pari sat=1 tors=4 st=3084 hmax=1000 pr=50 surv=22 ex=18 bad=0 hits=0 t=0s
  G2 c1/c7@-18: rank[1,1] g=1 src=pari sat=1 tors=8 st=168 hmax=866 pr=50 surv=17 ex=13 bad=0 hits=0 t=0s
  G2 c1/c4@-18: rank[3,3] g=3 src=pari sat=1 tors=4 st=9604 hmax=240 pr=50 surv=47 ex=43 bad=0 hits=0 t=0s
  G2 c3/c5@-18: rank[1,1] g=1 src=pari sat=1 tors=8 st=168 hmax=867 pr=50 surv=17 ex=13 bad=0 hits=0 t=0s
  G2 c3/c7@-18: rank[2,2] g=2 src=pari sat=1 tors=4 st=3084 hmax=1000 pr=50 surv=21 ex=17 bad=0 hits=0 t=0s
  G2 c3/c4@-18: rank[3,3] g=3 src=pari sat=1 tors=4 st=9604 hmax=251 pr=50 surv=18 ex=14 bad=0 hits=0 t=0s
  G2 c5/c7@-18: rank[2,2] g=2 src=pari sat=1 tors=4 st=3084 hmax=1000 pr=50 surv=22 ex=18 bad=0 hits=0 t=0s
  G2 c5/c4@-18: rank[3,3] g=3 src=pari sat=1 tors=4 st=9604 hmax=251 pr=50 surv=19 ex=15 bad=0 hits=0 t=0s
  G2 c7/c4@-18: rank[3,3] g=3 src=pari sat=1 tors=4 st=9604 hmax=240 pr=50 surv=42 ex=38 bad=0 hits=0 t=0s
  G3 c2/c3@-18: rank[1,1] g=1 src=pari sat=1 tors=4 st=100 hmax=867 pr=50 surv=9 ex=5 bad=0 hits=0 t=0s
  G3 c2/c5@-18: rank[2,2] g=2 src=pari sat=1 tors=2 st=750 hmax=995 pr=50 surv=9 ex=5 bad=0 hits=0 t=0s
  G3 c2/c6@-18: rank[1,1] g=1 src=pari sat=1 tors=8 st=168 hmax=866 pr=50 surv=33 ex=29 bad=0 hits=0 t=0s
  G3 c2/c4@-18: rank[3,3] g=3 src=pari sat=1 tors=4 st=9604 hmax=240 pr=50 surv=25 ex=21 bad=0 hits=0 t=0s
  G3 c3/c5@-18: rank[3,3] g=3 src=pari sat=1 tors=4 st=9604 hmax=176 pr=50 surv=13 ex=9 bad=0 hits=0 t=0s
  G3 c3/c6@-18: rank[2,2] g=2 src=pari sat=1 tors=2 st=750 hmax=995 pr=50 surv=9 ex=5 bad=0 hits=0 t=0s
  G3 c3/c4@-18: rank[3,3] g=3 src=pari sat=1 tors=2 st=4782 hmax=385 pr=50 surv=17 ex=13 bad=0 hits=0 t=0s
  G3 c5/c6@-18: rank[1,1] g=1 src=pari+mw sat=1 tors=4 st=100 hmax=867 pr=50 surv=9 ex=5 bad=0 hits=0 t=24s
  G3 c5/c4@-18: rank[3,3] g=3 src=pari sat=1 tors=2 st=4782 hmax=385 pr=50 surv=19 ex=15 bad=0 hits=0 t=0s
  G3 c6/c4@-18: rank[3,3] g=3 src=pari sat=1 tors=4 st=9604 hmax=240 pr=50 surv=25 ex=21 bad=0 hits=0 t=0s
== (m,n)=(19,-16)
  G2 c1/c3@-35/3: rank[4,4] g=4 src=pari sat=1 tors=4 st=9556 hmax=132 pr=50 surv=25 ex=21 bad=0 hits=0 t=0s
  G2 c1/c5@-35/3: rank[4,4] g=4 src=pari sat=1 tors=4 st=9556 hmax=132 pr=50 surv=24 ex=20 bad=0 hits=0 t=0s
  G2 c1/c7@-35/3: rank[2,2] g=2 src=pari sat=1 tors=8 st=2152 hmax=982 pr=50 surv=17 ex=13 bad=0 hits=0 t=0s
  G2 c1/c4@-35/3: rank[3,3] g=3 src=pari sat=3 tors=4 st=9588 hmax=485 pr=50 surv=27 ex=23 bad=0 hits=0 t=0s
  G2 c3/c5@-35/3: rank[3,3] g=3 src=pari sat=1 tors=8 st=19208 hmax=572 pr=50 surv=78 ex=74 bad=0 hits=0 t=0s
  G2 c3/c7@-35/3: rank[4,4] g=4 src=pari sat=1 tors=4 st=9556 hmax=132 pr=50 surv=25 ex=21 bad=0 hits=0 t=0s
  G2 c3/c4@-35/3: rank[2,2] g=2 src=pari sat=1 tors=4 st=2724 hmax=1000 pr=50 surv=21 ex=17 bad=0 hits=0 t=0s
  G2 c5/c7@-35/3: rank[4,4] g=4 src=pari sat=1 tors=4 st=9556 hmax=132 pr=50 surv=24 ex=20 bad=0 hits=0 t=0s
  G2 c5/c4@-35/3: rank[2,2] g=2 src=pari sat=1 tors=4 st=2724 hmax=1000 pr=50 surv=28 ex=24 bad=0 hits=0 t=0s
  G2 c7/c4@-35/3: rank[3,3] g=3 src=pari sat=3 tors=4 st=9588 hmax=485 pr=50 surv=27 ex=23 bad=0 hits=0 t=1s
  G3 c2/c3@-35/3: rank[2,2] g=2 src=pari sat=1 tors=4 st=2420 hmax=999 pr=50 surv=17 ex=13 bad=0 hits=0 t=0s
  G3 c2/c5@-35/3: rank[4,4] g=4 src=pari sat=1 tors=2 st=4802 hmax=169 pr=50 surv=28 ex=24 bad=0 hits=0 t=0s
  G3 c2/c6@-35/3: rank[2,2] g=2 src=pari sat=1 tors=8 st=2152 hmax=982 pr=50 surv=26 ex=22 bad=0 hits=0 t=0s
  G3 c2/c4@-35/3: rank[3,3] g=3 src=pari sat=3 tors=4 st=9588 hmax=485 pr=50 surv=32 ex=28 bad=0 hits=0 t=0s
  G3 c3/c5@-35/3: rank[3,3] g=3 src=pari sat=1 tors=4 st=9604 hmax=236 pr=50 surv=26 ex=22 bad=0 hits=0 t=0s
  G3 c3/c6@-35/3: rank[4,4] g=4 src=pari sat=1 tors=2 st=4802 hmax=169 pr=50 surv=30 ex=26 bad=0 hits=0 t=0s
  G3 c3/c4@-35/3: rank[3,3] g=3 src=pari sat=1 tors=2 st=4786 hmax=450 pr=50 surv=28 ex=24 bad=0 hits=0 t=0s
  G3 c5/c6@-35/3: rank[2,2] g=2 src=pari sat=1 tors=4 st=2420 hmax=999 pr=50 surv=18 ex=14 bad=0 hits=0 t=0s
  G3 c5/c4@-35/3: rank[3,3] g=3 src=pari sat=1 tors=2 st=4786 hmax=450 pr=50 surv=25 ex=21 bad=0 hits=0 t=0s
  G3 c6/c4@-35/3: rank[3,3] g=3 src=pari sat=3 tors=4 st=9588 hmax=485 pr=50 surv=33 ex=29 bad=0 hits=0 t=0s
== (m,n)=(19,-15)
  G2 c1/c3@-17/2: rank[2,2] g=2 src=pari sat=3 tors=4 st=3148 hmax=998 pr=50 surv=17 ex=13 bad=0 hits=0 t=0s
  G2 c1/c5@-17/2: rank[2,2] g=2 src=pari sat=3 tors=4 st=3148 hmax=998 pr=50 surv=18 ex=14 bad=0 hits=0 t=0s
  G2 c1/c7@-17/2: rank[2,2] g=2 src=pari sat=1 tors=8 st=3192 hmax=984 pr=50 surv=29 ex=25 bad=0 hits=0 t=0s
  G2 c1/c4@-17/2: rank[3,3] g=3 src=pari sat=1 tors=4 st=9604 hmax=300 pr=50 surv=41 ex=37 bad=0 hits=0 t=0s
  G2 c3/c5@-17/2: rank[1,1] g=1 src=pari sat=1 tors=8 st=168 hmax=851 pr=50 surv=17 ex=13 bad=0 hits=0 t=0s
  G2 c3/c7@-17/2: rank[2,2] g=2 src=pari sat=3 tors=4 st=3148 hmax=998 pr=50 surv=17 ex=13 bad=0 hits=0 t=0s
  G2 c3/c4@-17/2: rank[2,2] g=2 src=pari sat=1 tors=4 st=3148 hmax=999 pr=50 surv=25 ex=21 bad=0 hits=0 t=0s
  G2 c5/c7@-17/2: rank[2,2] g=2 src=pari sat=3 tors=4 st=3148 hmax=998 pr=50 surv=18 ex=14 bad=0 hits=0 t=0s
  G2 c5/c4@-17/2: rank[2,2] g=2 src=pari sat=1 tors=4 st=3148 hmax=999 pr=50 surv=30 ex=26 bad=0 hits=0 t=0s
  G2 c7/c4@-17/2: rank[3,3] g=3 src=pari sat=1 tors=4 st=9604 hmax=300 pr=50 surv=41 ex=37 bad=0 hits=0 t=0s
  G3 c2/c3@-17/2: rank[3,3] g=3 src=pari sat=1 tors=4 st=9604 hmax=293 pr=50 surv=12 ex=8 bad=0 hits=0 t=0s
  G3 c2/c5@-17/2: rank[3,3] g=3 src=pari sat=1 tors=2 st=4802 hmax=403 pr=50 surv=14 ex=10 bad=0 hits=0 t=0s
  G3 c2/c6@-17/2: rank[2,2] g=2 src=pari sat=1 tors=8 st=3192 hmax=984 pr=50 surv=30 ex=26 bad=0 hits=0 t=0s
  G3 c2/c4@-17/2: rank[3,3] g=3 src=pari sat=1 tors=4 st=9604 hmax=300 pr=50 surv=55 ex=51 bad=0 hits=0 t=0s
  G3 c3/c5@-17/2: rank[2,2] g=2 src=pari sat=1 tors=4 st=4988 hmax=1000 pr=50 surv=19 ex=15 bad=0 hits=0 t=0s
  G3 c3/c6@-17/2: rank[3,3] g=3 src=pari sat=1 tors=2 st=4802 hmax=403 pr=50 surv=13 ex=9 bad=0 hits=0 t=0s
  G3 c3/c4@-17/2: rank[3,3] g=3 src=pari sat=1 tors=2 st=4802 hmax=599 pr=50 surv=42 ex=38 bad=0 hits=0 t=0s
  G3 c5/c6@-17/2: rank[3,3] g=3 src=pari sat=1 tors=4 st=9604 hmax=293 pr=50 surv=18 ex=14 bad=0 hits=0 t=0s
  G3 c5/c4@-17/2: rank[3,3] g=3 src=pari sat=1 tors=2 st=4802 hmax=599 pr=50 surv=37 ex=33 bad=0 hits=0 t=0s
  G3 c6/c4@-17/2: rank[3,3] g=3 src=pari sat=1 tors=4 st=9604 hmax=300 pr=50 surv=56 ex=52 bad=0 hits=0 t=0s
== (m,n)=(19,-14)
  G2 c1/c3@-33/5: rank[3,3] g=3 src=pari sat=1 tors=4 st=9604 hmax=606 pr=50 surv=30 ex=26 bad=0 hits=0 t=0s
  G2 c1/c5@-33/5: rank[3,3] g=3 src=pari sat=1 tors=4 st=9604 hmax=606 pr=50 surv=29 ex=25 bad=0 hits=0 t=0s
  G2 c1/c7@-33/5: rank[1,1] g=1 src=pari sat=1 tors=8 st=168 hmax=939 pr=50 surv=17 ex=13 bad=0 hits=0 t=0s
  G2 c1/c4@-33/5: rank[2,2] g=2 src=pari sat=1 tors=4 st=2924 hmax=999 pr=50 surv=18 ex=14 bad=0 hits=0 t=0s
  G2 c3/c5@-33/5: rank[2,2] g=2 src=pari sat=1 tors=8 st=2264 hmax=992 pr=50 surv=17 ex=13 bad=0 hits=0 t=0s
  G2 c3/c7@-33/5: rank[3,3] g=3 src=pari sat=1 tors=4 st=9604 hmax=606 pr=50 surv=30 ex=26 bad=0 hits=0 t=0s
  G2 c3/c4@-33/5: rank[2,2] g=2 src=pari sat=1 tors=4 st=2756 hmax=995 pr=50 surv=17 ex=13 bad=0 hits=0 t=0s
  G2 c5/c7@-33/5: rank[3,3] g=3 src=pari sat=1 tors=4 st=9604 hmax=606 pr=50 surv=29 ex=25 bad=0 hits=0 t=0s
  G2 c5/c4@-33/5: rank[2,2] g=2 src=pari sat=1 tors=4 st=2756 hmax=995 pr=50 surv=17 ex=13 bad=0 hits=0 t=0s
  G2 c7/c4@-33/5: rank[2,2] g=2 src=pari sat=1 tors=4 st=2924 hmax=999 pr=50 surv=18 ex=14 bad=0 hits=0 t=0s
  G3 c2/c3@-33/5: rank[2,2] g=2 src=pari sat=1 tors=4 st=1188 hmax=1000 pr=50 surv=9 ex=5 bad=0 hits=0 t=0s
  G3 c2/c5@-33/5: rank[3,3] g=3 src=pari sat=1 tors=2 st=4786 hmax=526 pr=50 surv=9 ex=5 bad=0 hits=0 t=0s
  G3 c2/c6@-33/5: rank[1,1] g=1 src=pari sat=1 tors=8 st=168 hmax=939 pr=50 surv=17 ex=13 bad=0 hits=0 t=0s
  G3 c2/c4@-33/5: rank[2,2] g=2 src=pari sat=1 tors=4 st=2924 hmax=999 pr=50 surv=42 ex=38 bad=0 hits=0 t=0s
  G3 c3/c5@-33/5: rank[3,3] g=3 src=pari sat=1 tors=4 st=9604 hmax=242 pr=50 surv=20 ex=16 bad=0 hits=0 t=0s
  G3 c3/c6@-33/5: rank[3,3] g=3 src=pari sat=1 tors=2 st=4786 hmax=526 pr=50 surv=12 ex=8 bad=0 hits=0 t=0s
  G3 c3/c4@-33/5: rank[3,3] g=3 src=pari sat=1 tors=2 st=4802 hmax=694 pr=50 surv=20 ex=16 bad=0 hits=0 t=0s
  G3 c5/c6@-33/5: rank[2,2] g=2 src=pari sat=1 tors=4 st=1188 hmax=1000 pr=50 surv=9 ex=5 bad=0 hits=0 t=0s
  G3 c5/c4@-33/5: rank[3,3] g=3 src=pari sat=1 tors=2 st=4802 hmax=694 pr=50 surv=22 ex=18 bad=0 hits=0 t=0s
  G3 c6/c4@-33/5: rank[2,2] g=2 src=pari sat=1 tors=4 st=2924 hmax=999 pr=50 surv=37 ex=33 bad=0 hits=0 t=0s
== (m,n)=(19,-13)
  G2 c1/c3@-16/3: rank[3,3] g=3 src=pari sat=1 tors=4 st=9596 hmax=281 pr=50 surv=60 ex=56 bad=0 hits=0 t=0s
  G2 c1/c5@-16/3: rank[3,3] g=3 src=pari sat=1 tors=4 st=9596 hmax=281 pr=50 surv=56 ex=52 bad=0 hits=0 t=0s
  G2 c1/c7@-16/3: rank[2,2] g=2 src=pari sat=1 tors=8 st=1880 hmax=994 pr=50 surv=17 ex=13 bad=0 hits=0 t=0s
  G2 c1/c4@-16/3: rank[2,2] g=2 src=pari sat=1 tors=4 st=3244 hmax=999 pr=50 surv=34 ex=30 bad=0 hits=0 t=0s
  G2 c3/c5@-16/3: rank[2,2] g=2 src=pari sat=1 tors=8 st=4312 hmax=998 pr=50 surv=19 ex=15 bad=0 hits=0 t=0s
  G2 c3/c7@-16/3: rank[3,3] g=3 src=pari sat=1 tors=4 st=9596 hmax=281 pr=50 surv=64 ex=60 bad=0 hits=0 t=0s
  G2 c3/c4@-16/3: rank[4,4] g=4 src=pari sat=3 tors=4 st=9604 hmax=77 pr=50 surv=46 ex=42 bad=0 hits=0 t=1s
  G2 c5/c7@-16/3: rank[3,3] g=3 src=pari sat=1 tors=4 st=9596 hmax=281 pr=50 surv=56 ex=52 bad=0 hits=0 t=0s
  G2 c5/c4@-16/3: rank[4,4] g=4 src=pari sat=3 tors=4 st=9604 hmax=77 pr=50 surv=42 ex=38 bad=0 hits=0 t=1s
  G2 c7/c4@-16/3: rank[2,2] g=2 src=pari sat=1 tors=4 st=3244 hmax=999 pr=50 surv=33 ex=29 bad=0 hits=0 t=0s
  G3 c2/c3@-16/3: rank[1,1] g=1 src=pari+mw sat=1 tors=4 st=108 hmax=999 pr=50 surv=13 ex=9 bad=0 hits=0 t=19s
  G3 c2/c5@-16/3: rank[1,3] g=3 src=pari+mw sat=1 tors=2 st=4666 hmax=1000 pr=50 surv=30 ex=26 bad=0 hits=0 t=1s
  G3 c2/c6@-16/3: rank[2,2] g=2 src=pari sat=1 tors=8 st=1880 hmax=994 pr=50 surv=25 ex=21 bad=0 hits=0 t=0s
  G3 c2/c4@-16/3: rank[2,2] g=2 src=pari sat=1 tors=4 st=3244 hmax=999 pr=50 surv=26 ex=22 bad=0 hits=0 t=0s
  G3 c3/c5@-16/3: rank[2,2] g=2 src=pari sat=1 tors=4 st=4444 hmax=995 pr=50 surv=26 ex=22 bad=0 hits=0 t=0s
  G3 c3/c6@-16/3: rank[1,3] g=3 src=pari+mw sat=1 tors=2 st=4666 hmax=1000 pr=50 surv=30 ex=26 bad=0 hits=0 t=0s
  G3 c3/c4@-16/3: rank[2,2] g=2 src=pari sat=1 tors=2 st=1070 hmax=993 pr=50 surv=11 ex=7 bad=0 hits=0 t=0s
  G3 c5/c6@-16/3: rank[1,1] g=1 src=pari+mw sat=1 tors=4 st=108 hmax=999 pr=50 surv=13 ex=9 bad=0 hits=0 t=19s
  G3 c5/c4@-16/3: rank[2,2] g=2 src=pari sat=1 tors=2 st=1070 hmax=993 pr=50 surv=10 ex=6 bad=0 hits=0 t=0s
  G3 c6/c4@-16/3: rank[2,2] g=2 src=pari sat=1 tors=4 st=3244 hmax=999 pr=50 surv=25 ex=21 bad=0 hits=0 t=0s
== (m,n)=(19,-12)
  G2 c1/c3@-31/7: rank[3,3] g=3 src=pari sat=3 tors=4 st=9604 hmax=275 pr=50 surv=61 ex=57 bad=0 hits=0 t=0s
  G2 c1/c5@-31/7: rank[3,3] g=3 src=pari sat=1 tors=4 st=9604 hmax=275 pr=50 surv=64 ex=60 bad=0 hits=0 t=0s
  G2 c1/c7@-31/7: rank[2,2] g=2 src=pari sat=1 tors=8 st=3480 hmax=996 pr=50 surv=42 ex=38 bad=0 hits=0 t=0s
  G2 c1/c4@-31/7: rank[2,2] g=2 src=pari sat=1 tors=4 st=2996 hmax=998 pr=50 surv=23 ex=19 bad=0 hits=0 t=0s
  G2 c3/c5@-31/7: rank[2,2] g=2 src=pari sat=1 tors=8 st=3880 hmax=997 pr=50 surv=18 ex=14 bad=0 hits=0 t=0s
  G2 c3/c7@-31/7: rank[3,3] g=3 src=pari sat=1 tors=4 st=9604 hmax=275 pr=50 surv=61 ex=57 bad=0 hits=0 t=0s
  G2 c3/c4@-31/7: rank[2,2] g=2 src=pari sat=1 tors=4 st=2804 hmax=993 pr=50 surv=25 ex=21 bad=0 hits=0 t=0s
  G2 c5/c7@-31/7: rank[3,3] g=3 src=pari sat=1 tors=4 st=9604 hmax=275 pr=50 surv=64 ex=60 bad=0 hits=0 t=0s
  G2 c5/c4@-31/7: rank[2,2] g=2 src=pari sat=1 tors=4 st=2804 hmax=993 pr=50 surv=25 ex=21 bad=0 hits=0 t=0s
  G2 c7/c4@-31/7: rank[2,2] g=2 src=pari sat=1 tors=4 st=2996 hmax=998 pr=50 surv=25 ex=21 bad=0 hits=0 t=0s
  G3 c2/c3@-31/7: rank[2,2] g=2 src=pari sat=1 tors=4 st=1388 hmax=998 pr=50 surv=11 ex=7 bad=0 hits=0 t=0s
  G3 c2/c5@-31/7: rank[3,3] g=3 src=pari sat=1 tors=2 st=4778 hmax=518 pr=50 surv=9 ex=5 bad=0 hits=0 t=0s
  G3 c2/c6@-31/7: rank[2,2] g=2 src=pari sat=1 tors=8 st=3480 hmax=996 pr=50 surv=37 ex=33 bad=0 hits=0 t=0s
  G3 c2/c4@-31/7: rank[2,2] g=2 src=pari sat=1 tors=4 st=2996 hmax=998 pr=50 surv=32 ex=28 bad=0 hits=0 t=0s
  G3 c3/c5@-31/7: rank[2,2] g=2 src=pari sat=1 tors=4 st=4116 hmax=998 pr=50 surv=10 ex=6 bad=0 hits=0 t=0s
  G3 c3/c6@-31/7: rank[3,3] g=3 src=pari sat=1 tors=2 st=4778 hmax=518 pr=50 surv=12 ex=8 bad=0 hits=0 t=0s
  G3 c3/c4@-31/7: rank[3,3] g=3 src=pari sat=1 tors=2 st=4802 hmax=576 pr=50 surv=13 ex=9 bad=0 hits=0 t=0s
  G3 c5/c6@-31/7: rank[2,2] g=2 src=pari sat=1 tors=4 st=1388 hmax=998 pr=50 surv=13 ex=9 bad=0 hits=0 t=0s
  G3 c5/c4@-31/7: rank[3,3] g=3 src=pari sat=1 tors=2 st=4802 hmax=576 pr=50 surv=9 ex=5 bad=0 hits=0 t=0s
  G3 c6/c4@-31/7: rank[2,2] g=2 src=pari sat=1 tors=4 st=2996 hmax=998 pr=50 surv=31 ex=27 bad=0 hits=0 t=0s
== (m,n)=(19,-11)
  G2 c1/c3@-15/4: rank[3,3] g=3 src=pari sat=1 tors=4 st=9532 hmax=311 pr=50 surv=28 ex=24 bad=0 hits=0 t=0s
  G2 c1/c5@-15/4: rank[3,3] g=3 src=pari sat=1 tors=4 st=9532 hmax=311 pr=50 surv=25 ex=21 bad=0 hits=0 t=0s
  G2 c1/c7@-15/4: rank[2,2] g=2 src=pari sat=1 tors=8 st=3640 hmax=998 pr=50 surv=46 ex=42 bad=0 hits=0 t=0s
  G2 c1/c4@-15/4: rank[3,3] g=3 src=pari sat=1 tors=4 st=9604 hmax=374 pr=50 surv=47 ex=43 bad=0 hits=0 t=0s
  G2 c3/c5@-15/4: rank[3,3] g=3 src=pari sat=1 tors=8 st=19208 hmax=524 pr=50 surv=124 ex=120 bad=0 hits=0 t=0s
  G2 c3/c7@-15/4: rank[3,3] g=3 src=pari sat=1 tors=4 st=9532 hmax=311 pr=50 surv=28 ex=24 bad=0 hits=0 t=0s
  G2 c3/c4@-15/4: rank[2,2] g=2 src=pari sat=1 tors=4 st=3276 hmax=994 pr=50 surv=17 ex=13 bad=0 hits=0 t=0s
  G2 c5/c7@-15/4: rank[3,3] g=3 src=pari sat=1 tors=4 st=9532 hmax=311 pr=50 surv=25 ex=21 bad=0 hits=0 t=0s
  G2 c5/c4@-15/4: rank[2,2] g=2 src=pari sat=1 tors=4 st=3276 hmax=994 pr=50 surv=17 ex=13 bad=0 hits=0 t=0s
  G2 c7/c4@-15/4: rank[3,3] g=3 src=pari sat=1 tors=4 st=9604 hmax=374 pr=50 surv=45 ex=41 bad=0 hits=0 t=0s
  G3 c2/c3@-15/4: rank[2,2] g=2 src=pari sat=1 tors=4 st=1516 hmax=999 pr=50 surv=27 ex=23 bad=0 hits=0 t=0s
  G3 c2/c5@-15/4: rank[2,2] g=2 src=pari sat=1 tors=2 st=794 hmax=991 pr=50 surv=9 ex=5 bad=0 hits=0 t=0s
  G3 c2/c6@-15/4: rank[2,2] g=2 src=pari sat=1 tors=8 st=3640 hmax=998 pr=50 surv=40 ex=36 bad=0 hits=0 t=0s
  G3 c2/c4@-15/4: rank[3,3] g=3 src=pari sat=1 tors=4 st=9604 hmax=374 pr=50 surv=50 ex=46 bad=0 hits=0 t=0s
  G3 c3/c5@-15/4: rank[3,3] g=3 src=pari sat=1 tors=4 st=9580 hmax=199 pr=50 surv=21 ex=17 bad=0 hits=0 t=0s
  G3 c3/c6@-15/4: rank[2,2] g=2 src=pari sat=1 tors=2 st=794 hmax=991 pr=50 surv=9 ex=5 bad=0 hits=0 t=0s
  G3 c3/c4@-15/4: rank[3,3] g=3 src=pari sat=1 tors=2 st=4802 hmax=615 pr=50 surv=14 ex=10 bad=0 hits=0 t=0s
  G3 c5/c6@-15/4: rank[2,2] g=2 src=pari sat=1 tors=4 st=1516 hmax=999 pr=50 surv=24 ex=20 bad=0 hits=0 t=0s
  G3 c5/c4@-15/4: rank[3,3] g=3 src=pari sat=1 tors=2 st=4802 hmax=615 pr=50 surv=13 ex=9 bad=0 hits=0 t=0s
  G3 c6/c4@-15/4: rank[3,3] g=3 src=pari sat=1 tors=4 st=9604 hmax=374 pr=50 surv=41 ex=37 bad=0 hits=0 t=0s
== (m,n)=(19,-10)
  G2 c1/c3@-29/9: rank[2,2] g=2 src=pari sat=1 tors=4 st=2948 hmax=997 pr=50 surv=17 ex=13 bad=0 hits=0 t=0s
  G2 c1/c5@-29/9: rank[2,2] g=2 src=pari sat=1 tors=4 st=2948 hmax=997 pr=50 surv=17 ex=13 bad=0 hits=0 t=0s
  G2 c1/c7@-29/9: rank[1,1] g=1 src=pari sat=1 tors=8 st=168 hmax=890 pr=50 surv=17 ex=13 bad=0 hits=0 t=0s
  G2 c1/c4@-29/9: rank[2,2] g=2 src=pari sat=1 tors=4 st=3068 hmax=999 pr=50 surv=25 ex=21 bad=0 hits=0 t=0s
  G2 c3/c5@-29/9: rank[1,1] g=1 src=pari sat=1 tors=8 st=168 hmax=910 pr=50 surv=17 ex=13 bad=0 hits=0 t=0s
  G2 c3/c7@-29/9: rank[2,2] g=2 src=pari sat=1 tors=4 st=2948 hmax=997 pr=50 surv=17 ex=13 bad=0 hits=0 t=0s
  G2 c3/c4@-29/9: rank[2,2] g=2 src=pari sat=1 tors=4 st=2860 hmax=999 pr=50 surv=19 ex=15 bad=0 hits=0 t=0s
  G2 c5/c7@-29/9: rank[2,2] g=2 src=pari sat=1 tors=4 st=2948 hmax=997 pr=50 surv=17 ex=13 bad=0 hits=0 t=0s
  G2 c5/c4@-29/9: rank[2,2] g=2 src=pari sat=1 tors=4 st=2860 hmax=999 pr=50 surv=17 ex=13 bad=0 hits=0 t=0s
  G2 c7/c4@-29/9: rank[2,2] g=2 src=pari sat=1 tors=4 st=3068 hmax=999 pr=50 surv=25 ex=21 bad=0 hits=0 t=0s
  G3 c2/c3@-29/9: rank[1,1] g=1 src=pari sat=1 tors=4 st=100 hmax=932 pr=50 surv=9 ex=5 bad=0 hits=0 t=0s
  G3 c2/c5@-29/9: rank[3,3] g=3 src=pari sat=1 tors=2 st=4782 hmax=705 pr=50 surv=17 ex=13 bad=0 hits=0 t=0s
  G3 c2/c6@-29/9: rank[1,1] g=1 src=pari sat=1 tors=8 st=168 hmax=890 pr=50 surv=17 ex=13 bad=0 hits=0 t=0s
  G3 c2/c4@-29/9: rank[2,2] g=2 src=pari sat=1 tors=4 st=3068 hmax=999 pr=50 surv=24 ex=20 bad=0 hits=0 t=0s
  G3 c3/c5@-29/9: rank[2,2] g=2 src=pari sat=1 tors=4 st=3748 hmax=1000 pr=50 surv=12 ex=8 bad=0 hits=0 t=0s
  G3 c3/c6@-29/9: rank[3,3] g=3 src=pari sat=1 tors=2 st=4782 hmax=705 pr=50 surv=18 ex=14 bad=0 hits=0 t=0s
  G3 c3/c4@-29/9: rank[3,3] g=3 src=pari+mw sat=1 tors=2 st=4802 hmax=877 pr=50 surv=21 ex=17 bad=0 hits=0 t=1s
  G3 c5/c6@-29/9: rank[1,1] g=1 src=pari sat=1 tors=4 st=100 hmax=932 pr=50 surv=9 ex=5 bad=0 hits=0 t=0s
  G3 c5/c4@-29/9: rank[3,3] g=3 src=pari+mw sat=1 tors=2 st=4802 hmax=877 pr=50 surv=14 ex=10 bad=0 hits=0 t=0s
  G3 c6/c4@-29/9: rank[2,2] g=2 src=pari sat=1 tors=4 st=3068 hmax=999 pr=50 surv=29 ex=25 bad=0 hits=0 t=0s
== (m,n)=(19,-9)
  G2 c1/c3@-14/5: rank[3,3] g=3 src=pari sat=1 tors=4 st=9524 hmax=359 pr=50 surv=48 ex=44 bad=0 hits=0 t=0s
  G2 c1/c5@-14/5: rank[3,3] g=3 src=pari sat=1 tors=4 st=9524 hmax=359 pr=50 surv=52 ex=48 bad=0 hits=0 t=0s
  G2 c1/c7@-14/5: rank[2,2] g=2 src=pari sat=1 tors=8 st=3896 hmax=994 pr=50 surv=25 ex=21 bad=0 hits=0 t=0s
  G2 c1/c4@-14/5: rank[2,2] g=2 src=pari sat=1 tors=4 st=3332 hmax=994 pr=50 surv=26 ex=22 bad=0 hits=0 t=0s
  G2 c3/c5@-14/5: rank[1,1] g=1 src=pari sat=1 tors=8 st=184 hmax=964 pr=50 surv=17 ex=13 bad=0 hits=0 t=0s
  G2 c3/c7@-14/5: rank[3,3] g=3 src=pari sat=1 tors=4 st=9524 hmax=359 pr=50 surv=42 ex=38 bad=0 hits=0 t=0s
  G2 c3/c4@-14/5: rank[4,4] g=4 src=pari sat=1 tors=4 st=9508 hmax=91 pr=50 surv=30 ex=26 bad=0 hits=0 t=0s
  G2 c5/c7@-14/5: rank[3,3] g=3 src=pari sat=1 tors=4 st=9524 hmax=359 pr=50 surv=52 ex=48 bad=0 hits=0 t=0s
  G2 c5/c4@-14/5: rank[4,4] g=4 src=pari sat=1 tors=4 st=9508 hmax=91 pr=50 surv=26 ex=22 bad=0 hits=0 t=0s
  G2 c7/c4@-14/5: rank[2,2] g=2 src=pari sat=1 tors=4 st=3332 hmax=994 pr=50 surv=25 ex=21 bad=0 hits=0 t=0s
  G3 c2/c3@-14/5: rank[2,2] g=2 src=pari sat=1 tors=4 st=1844 hmax=996 pr=50 surv=14 ex=10 bad=0 hits=0 t=0s
  G3 c2/c5@-14/5: rank[3,3] g=3 src=pari sat=1 tors=2 st=4802 hmax=634 pr=50 surv=28 ex=24 bad=0 hits=0 t=0s
  G3 c2/c6@-14/5: rank[2,2] g=2 src=pari sat=1 tors=8 st=3896 hmax=994 pr=50 surv=26 ex=22 bad=0 hits=0 t=0s
  G3 c2/c4@-14/5: rank[2,2] g=2 src=pari sat=1 tors=4 st=3332 hmax=994 pr=50 surv=35 ex=31 bad=0 hits=0 t=0s
  G3 c3/c5@-14/5: rank[3,3] g=3 src=pari sat=1 tors=4 st=9604 hmax=136 pr=50 surv=23 ex=19 bad=0 hits=0 t=0s
  G3 c3/c6@-14/5: rank[3,3] g=3 src=pari sat=1 tors=2 st=4802 hmax=634 pr=50 surv=33 ex=29 bad=0 hits=0 t=0s
  G3 c3/c4@-14/5: rank[4,4] g=4 src=pari sat=1 tors=2 st=4782 hmax=99 pr=50 surv=22 ex=18 bad=0 hits=0 t=0s
  G3 c5/c6@-14/5: rank[2,2] g=2 src=pari sat=1 tors=4 st=1844 hmax=996 pr=50 surv=17 ex=13 bad=0 hits=0 t=0s
  G3 c5/c4@-14/5: rank[4,4] g=4 src=pari sat=1 tors=2 st=4782 hmax=99 pr=50 surv=21 ex=17 bad=0 hits=0 t=0s
  G3 c6/c4@-14/5: rank[2,2] g=2 src=pari sat=1 tors=4 st=3332 hmax=994 pr=50 surv=36 ex=32 bad=0 hits=0 t=0s
== (m,n)=(19,-8)
