# G-прогон: (m,n) 900 шт., K=1200 hcap=1000 primes=50 tmax=90 fams=['G1', 'G2', 'G3']
== (m,n)=(1,-2)
  G1 c0/c2: кривая не построена
  G1 c0/c6: кривая не построена
  G1 c0/c8@0: rank[0,0] g=0 src=pari sat=1 tors=8 st=8 hmax=0 pr=50 surv=8 ex=0 bad=0 hits=0 t=0s
  G1 c0/c4: кривая не построена
  G1 c2/c6@-1: rank[0,0] g=0 src=pari sat=1 tors=8 st=8 hmax=0 pr=50 surv=4 ex=0 bad=0 hits=0 t=0s
  G1 c2/c8: кривая не построена
  G1 c2/c4: кривая не построена
  G1 c6/c8: кривая не построена
  G1 c6/c4: кривая не построена
  G1 c8/c4: кривая не построена
  G2 c1/c3@-3: rank[2,2] g=2 src=pari sat=1 tors=4 st=9580 hmax=804 pr=50 surv=25 ex=21 bad=0 hits=0 t=0s
  G2 c1/c5@-3: rank[2,2] g=2 src=pari sat=1 tors=4 st=9580 hmax=804 pr=50 surv=26 ex=22 bad=0 hits=0 t=0s
  G2 c1/c7@-3: rank[1,1] g=1 src=pari sat=1 tors=8 st=344 hmax=950 pr=50 surv=17 ex=13 bad=0 hits=0 t=0s
  G2 c1/c4@-3: rank[2,2] g=2 src=pari sat=3 tors=4 st=9556 hmax=671 pr=50 surv=20 ex=16 bad=0 hits=0 t=0s
  G2 c3/c5@-3: rank[1,1] g=1 src=pari sat=1 tors=8 st=328 hmax=921 pr=50 surv=18 ex=14 bad=0 hits=0 t=0s
  G2 c3/c7@-3: rank[2,2] g=2 src=pari sat=1 tors=4 st=9580 hmax=804 pr=50 surv=25 ex=21 bad=0 hits=0 t=0s
  G2 c3/c4@-3: rank[2,2] g=2 src=pari sat=1 tors=4 st=9604 hmax=882 pr=50 surv=30 ex=26 bad=0 hits=0 t=0s
  G2 c5/c7@-3: rank[2,2] g=2 src=pari sat=1 tors=4 st=9580 hmax=804 pr=50 surv=26 ex=22 bad=0 hits=0 t=0s
  G2 c5/c4@-3: rank[2,2] g=2 src=pari sat=1 tors=4 st=9604 hmax=882 pr=50 surv=30 ex=26 bad=0 hits=0 t=0s
  G2 c7/c4@-3: rank[2,2] g=2 src=pari sat=3 tors=4 st=9556 hmax=671 pr=50 surv=19 ex=15 bad=0 hits=0 t=0s
  G3 c2/c3@-3: rank[2,2] g=2 src=pari sat=1 tors=4 st=8676 hmax=999 pr=50 surv=22 ex=20 bad=0 hits=0 t=0s
  G3 c2/c5@-3: rank[2,2] g=2 src=pari sat=1 tors=2 st=2350 hmax=999 pr=50 surv=24 ex=22 bad=0 hits=0 t=0s
  G3 c2/c6@-3: rank[1,1] g=1 src=pari sat=1 tors=8 st=344 hmax=950 pr=50 surv=17 ex=13 bad=0 hits=0 t=0s
  G3 c2/c4@-3: rank[2,2] g=2 src=pari sat=3 tors=4 st=9556 hmax=671 pr=50 surv=52 ex=48 bad=0 hits=0 t=0s
  G3 c3/c5@-1: rank[2,2] g=2 src=pari sat=1 tors=4 st=9580 hmax=816 pr=50 surv=14 ex=10 bad=0 hits=0 t=0s
  G3 c6/c3@-3: rank[2,2] g=2 src=pari sat=1 tors=2 st=2350 hmax=999 pr=50 surv=17 ex=15 bad=0 hits=0 t=0s
  G3 c4/c3@-3: rank[2,2] g=2 src=pari sat=1 tors=2 st=3138 hmax=998 pr=50 surv=13 ex=11 bad=0 hits=0 t=0s
  G3 c6/c5@-3: rank[2,2] g=2 src=pari sat=1 tors=4 st=8676 hmax=999 pr=50 surv=21 ex=19 bad=0 hits=0 t=0s
  G3 c4/c5@-3: rank[2,2] g=2 src=pari sat=1 tors=2 st=3138 hmax=998 pr=50 surv=13 ex=11 bad=0 hits=0 t=0s
  G3 c6/c4@-3: rank[2,2] g=2 src=pari sat=3 tors=4 st=9556 hmax=671 pr=50 surv=53 ex=49 bad=0 hits=0 t=0s
== (m,n)=(1,2)
  G1 c0/c2: кривая не построена
  G1 c0/c6: кривая не построена
  G1 c0/c8@0: rank[0,0] g=0 src=pari sat=1 tors=8 st=8 hmax=0 pr=50 surv=8 ex=0 bad=0 hits=0 t=0s
  G1 c0/c4: кривая не построена
  G1 c2/c6@-1: rank[0,0] g=0 src=pari sat=1 tors=8 st=8 hmax=0 pr=50 surv=4 ex=0 bad=0 hits=0 t=0s
  G1 c2/c8: кривая не построена
  G1 c2/c4: кривая не построена
  G1 c6/c8: кривая не построена
  G1 c6/c4: кривая не построена
  G1 c8/c4: кривая не построена
  G2 c1/c3@-3: rank[2,2] g=2 src=pari sat=1 tors=4 st=9580 hmax=804 pr=50 surv=26 ex=22 bad=0 hits=0 t=0s
  G2 c1/c5@-3: rank[2,2] g=2 src=pari sat=1 tors=4 st=9580 hmax=804 pr=50 surv=25 ex=21 bad=0 hits=0 t=0s
  G2 c1/c7@-3: rank[1,1] g=1 src=pari sat=1 tors=8 st=344 hmax=950 pr=50 surv=17 ex=13 bad=0 hits=0 t=0s
  G2 c1/c4@-3: rank[2,2] g=2 src=pari sat=3 tors=4 st=9556 hmax=671 pr=50 surv=20 ex=16 bad=0 hits=0 t=0s
  G2 c3/c5@-3: rank[1,1] g=1 src=pari sat=1 tors=8 st=328 hmax=921 pr=50 surv=17 ex=13 bad=0 hits=0 t=0s
  G2 c3/c7@-3: rank[2,2] g=2 src=pari sat=1 tors=4 st=9580 hmax=804 pr=50 surv=26 ex=22 bad=0 hits=0 t=0s
  G2 c3/c4@-3: rank[2,2] g=2 src=pari sat=1 tors=4 st=9604 hmax=882 pr=50 surv=30 ex=26 bad=0 hits=0 t=0s
  G2 c5/c7@-3: rank[2,2] g=2 src=pari sat=1 tors=4 st=9580 hmax=804 pr=50 surv=25 ex=21 bad=0 hits=0 t=0s
  G2 c5/c4@-3: rank[2,2] g=2 src=pari sat=1 tors=4 st=9604 hmax=882 pr=50 surv=30 ex=26 bad=0 hits=0 t=0s
  G2 c7/c4@-3: rank[2,2] g=2 src=pari sat=3 tors=4 st=9556 hmax=671 pr=50 surv=19 ex=15 bad=0 hits=0 t=0s
  G3 c2/c3@-3: rank[2,2] g=2 src=pari sat=1 tors=4 st=8676 hmax=999 pr=50 surv=21 ex=17 bad=0 hits=0 t=0s
  G3 c2/c5@-3: rank[2,2] g=2 src=pari sat=1 tors=2 st=2350 hmax=999 pr=50 surv=17 ex=13 bad=0 hits=0 t=0s
  G3 c2/c6@-3: rank[1,1] g=1 src=pari sat=1 tors=8 st=344 hmax=950 pr=50 surv=17 ex=13 bad=0 hits=0 t=0s
  G3 c2/c4@-3: rank[2,2] g=2 src=pari sat=3 tors=4 st=9556 hmax=671 pr=50 surv=46 ex=42 bad=0 hits=0 t=0s
  G3 c3/c5@-3: rank[2,2] g=2 src=pari sat=1 tors=4 st=9580 hmax=816 pr=50 surv=12 ex=8 bad=0 hits=0 t=0s
  G3 c3/c6@-3: rank[2,2] g=2 src=pari sat=1 tors=2 st=2350 hmax=999 pr=50 surv=20 ex=16 bad=0 hits=0 t=0s
  G3 c3/c4@-3: rank[2,2] g=2 src=pari sat=1 tors=2 st=3138 hmax=998 pr=50 surv=17 ex=13 bad=0 hits=0 t=0s
  G3 c5/c6@-3: rank[2,2] g=2 src=pari sat=1 tors=4 st=8676 hmax=999 pr=50 surv=22 ex=18 bad=0 hits=0 t=0s
  G3 c5/c4@-3: rank[2,2] g=2 src=pari sat=1 tors=2 st=3138 hmax=998 pr=50 surv=13 ex=9 bad=0 hits=0 t=0s
  G3 c6/c4@-3: rank[2,2] g=2 src=pari sat=3 tors=4 st=9556 hmax=671 pr=50 surv=53 ex=49 bad=0 hits=0 t=0s
== (m,n)=(2,-1)
  G1 c0/c2: кривая не построена
  G1 c0/c6: кривая не построена
  G1 c0/c8@0: rank[0,0] g=0 src=pari sat=1 tors=8 st=8 hmax=0 pr=50 surv=8 ex=0 bad=0 hits=0 t=0s
  G1 c0/c4: кривая не построена
  G1 c2/c6@-1: rank[0,0] g=0 src=pari sat=1 tors=8 st=8 hmax=0 pr=50 surv=4 ex=0 bad=0 hits=0 t=0s
  G1 c2/c8: кривая не построена
  G1 c2/c4: кривая не построена
  G1 c6/c8: кривая не построена
  G1 c6/c4: кривая не построена
  G1 c8/c4: кривая не построена
  G2 c1/c3@-3: rank[2,2] g=2 src=pari sat=1 tors=4 st=9580 hmax=804 pr=50 surv=29 ex=25 bad=0 hits=0 t=0s
  G2 c1/c5@-3: rank[2,2] g=2 src=pari sat=1 tors=4 st=9580 hmax=804 pr=50 surv=25 ex=21 bad=0 hits=0 t=0s
  G2 c1/c7@-3: rank[1,1] g=1 src=pari sat=1 tors=8 st=344 hmax=950 pr=50 surv=17 ex=13 bad=0 hits=0 t=0s
  G2 c1/c4@-3: rank[2,2] g=2 src=pari sat=3 tors=4 st=9556 hmax=671 pr=50 surv=19 ex=15 bad=0 hits=0 t=0s
  G2 c3/c5@-3: rank[1,1] g=1 src=pari sat=1 tors=8 st=328 hmax=921 pr=50 surv=18 ex=14 bad=0 hits=0 t=0s
  G2 c3/c7@-3: rank[2,2] g=2 src=pari sat=1 tors=4 st=9580 hmax=804 pr=50 surv=31 ex=27 bad=0 hits=0 t=0s
  G2 c3/c4@-3: rank[2,2] g=2 src=pari sat=1 tors=4 st=9604 hmax=882 pr=50 surv=30 ex=26 bad=0 hits=0 t=0s
  G2 c5/c7@-3: rank[2,2] g=2 src=pari sat=1 tors=4 st=9580 hmax=804 pr=50 surv=25 ex=21 bad=0 hits=0 t=0s
  G2 c5/c4@-3: rank[2,2] g=2 src=pari sat=1 tors=4 st=9604 hmax=882 pr=50 surv=30 ex=26 bad=0 hits=0 t=0s
  G2 c7/c4@-3: rank[2,2] g=2 src=pari sat=3 tors=4 st=9556 hmax=671 pr=50 surv=20 ex=16 bad=0 hits=0 t=0s
  G3 c2/c3@-3: rank[2,2] g=2 src=pari sat=1 tors=4 st=8676 hmax=999 pr=50 surv=22 ex=18 bad=0 hits=0 t=0s
  G3 c2/c5@-3: rank[2,2] g=2 src=pari sat=1 tors=2 st=2350 hmax=999 pr=50 surv=24 ex=20 bad=0 hits=0 t=0s
  G3 c2/c6@-3: rank[1,1] g=1 src=pari sat=1 tors=8 st=344 hmax=950 pr=50 surv=17 ex=13 bad=0 hits=0 t=0s
  G3 c2/c4@-3: rank[2,2] g=2 src=pari sat=3 tors=4 st=9556 hmax=671 pr=50 surv=53 ex=49 bad=0 hits=0 t=0s
  G3 c3/c5@-3: rank[2,2] g=2 src=pari sat=1 tors=4 st=9580 hmax=816 pr=50 surv=10 ex=6 bad=0 hits=0 t=0s
  G3 c3/c6@-3: rank[2,2] g=2 src=pari sat=1 tors=2 st=2350 hmax=999 pr=50 surv=21 ex=17 bad=0 hits=0 t=0s
  G3 c3/c4@-3: rank[2,2] g=2 src=pari sat=1 tors=2 st=3138 hmax=998 pr=50 surv=13 ex=9 bad=0 hits=0 t=0s
  G3 c5/c6@-3: rank[2,2] g=2 src=pari sat=1 tors=4 st=8676 hmax=999 pr=50 surv=21 ex=17 bad=0 hits=0 t=0s
  G3 c5/c4@-3: rank[2,2] g=2 src=pari sat=1 tors=2 st=3138 hmax=998 pr=50 surv=17 ex=13 bad=0 hits=0 t=0s
  G3 c6/c4@-3: rank[2,2] g=2 src=pari sat=3 tors=4 st=9556 hmax=671 pr=50 surv=46 ex=42 bad=0 hits=0 t=0s
== (m,n)=(2,1)
  G1 c0/c2: кривая не построена
  G1 c0/c6: кривая не построена
  G1 c0/c8@0: rank[0,0] g=0 src=pari sat=1 tors=8 st=8 hmax=0 pr=50 surv=8 ex=0 bad=0 hits=0 t=0s
  G1 c0/c4: кривая не построена
  G1 c2/c6@-1: rank[0,0] g=0 src=pari sat=1 tors=8 st=8 hmax=0 pr=50 surv=4 ex=0 bad=0 hits=0 t=0s
  G1 c2/c8: кривая не построена
  G1 c2/c4: кривая не построена
  G1 c6/c8: кривая не построена
  G1 c6/c4: кривая не построена
  G1 c8/c4: кривая не построена
  G2 c1/c3@-3: rank[2,2] g=2 src=pari sat=1 tors=4 st=9580 hmax=804 pr=50 surv=25 ex=21 bad=0 hits=0 t=0s
  G2 c1/c5@-3: rank[2,2] g=2 src=pari sat=1 tors=4 st=9580 hmax=804 pr=50 surv=29 ex=25 bad=0 hits=0 t=0s
  G2 c1/c7@-3: rank[1,1] g=1 src=pari sat=1 tors=8 st=344 hmax=950 pr=50 surv=17 ex=13 bad=0 hits=0 t=0s
  G2 c1/c4@-3: rank[2,2] g=2 src=pari sat=3 tors=4 st=9556 hmax=671 pr=50 surv=19 ex=15 bad=0 hits=0 t=0s
  G2 c3/c5@-3: rank[1,1] g=1 src=pari sat=1 tors=8 st=328 hmax=921 pr=50 surv=17 ex=13 bad=0 hits=0 t=0s
  G2 c3/c7@-3: rank[2,2] g=2 src=pari sat=1 tors=4 st=9580 hmax=804 pr=50 surv=25 ex=21 bad=0 hits=0 t=0s
  G2 c3/c4@-3: rank[2,2] g=2 src=pari sat=1 tors=4 st=9604 hmax=882 pr=50 surv=30 ex=26 bad=0 hits=0 t=0s
  G2 c5/c7@-3: rank[2,2] g=2 src=pari sat=1 tors=4 st=9580 hmax=804 pr=50 surv=31 ex=27 bad=0 hits=0 t=0s
  G2 c5/c4@-3: rank[2,2] g=2 src=pari sat=1 tors=4 st=9604 hmax=882 pr=50 surv=30 ex=26 bad=0 hits=0 t=0s
  G2 c7/c4@-3: rank[2,2] g=2 src=pari sat=3 tors=4 st=9556 hmax=671 pr=50 surv=20 ex=16 bad=0 hits=0 t=0s
  G3 c2/c3@-3: rank[2,2] g=2 src=pari sat=1 tors=4 st=8676 hmax=999 pr=50 surv=21 ex=19 bad=0 hits=0 t=0s
  G3 c2/c5@-3: rank[2,2] g=2 src=pari sat=1 tors=2 st=2350 hmax=999 pr=50 surv=17 ex=15 bad=0 hits=0 t=0s
  G3 c2/c6@-3: rank[1,1] g=1 src=pari sat=1 tors=8 st=344 hmax=950 pr=50 surv=17 ex=13 bad=0 hits=0 t=0s
  G3 c2/c4@-3: rank[2,2] g=2 src=pari sat=3 tors=4 st=9556 hmax=671 pr=50 surv=53 ex=49 bad=0 hits=0 t=0s
  G3 c3/c5@-1: rank[2,2] g=2 src=pari sat=1 tors=4 st=9580 hmax=816 pr=50 surv=15 ex=11 bad=0 hits=0 t=0s
  G3 c6/c3@-3: rank[2,2] g=2 src=pari sat=1 tors=2 st=2350 hmax=999 pr=50 surv=24 ex=22 bad=0 hits=0 t=0s
  G3 c4/c3@-3: rank[2,2] g=2 src=pari sat=1 tors=2 st=3138 hmax=998 pr=50 surv=13 ex=11 bad=0 hits=0 t=0s
  G3 c6/c5@-3: rank[2,2] g=2 src=pari sat=1 tors=4 st=8676 hmax=999 pr=50 surv=22 ex=20 bad=0 hits=0 t=0s
  G3 c4/c5@-3: rank[2,2] g=2 src=pari sat=1 tors=2 st=3138 hmax=998 pr=50 surv=13 ex=11 bad=0 hits=0 t=0s
  G3 c6/c4@-3: rank[2,2] g=2 src=pari sat=3 tors=4 st=9556 hmax=671 pr=50 surv=52 ex=48 bad=0 hits=0 t=0s
== (m,n)=(1,-3)
  G1 c0/c2: кривая не построена
  G1 c0/c6: кривая не построена
  G1 c0/c8@0: rank[0,0] g=0 src=pari sat=1 tors=8 st=8 hmax=0 pr=50 surv=8 ex=0 bad=0 hits=0 t=0s
  G1 c0/c4: кривая не построена
  G1 c2/c6@-1: rank[0,0] g=0 src=pari sat=1 tors=8 st=8 hmax=0 pr=50 surv=4 ex=0 bad=0 hits=0 t=0s
  G1 c2/c8: кривая не построена
  G1 c2/c4: кривая не построена
  G1 c6/c8: кривая не построена
  G1 c6/c4: кривая не построена
  G1 c8/c4: кривая не построена
  G2 c1/c3@-2: rank[2,2] g=2 src=pari sat=1 tors=4 st=9580 hmax=804 pr=50 surv=26 ex=22 bad=0 hits=0 t=0s
  G2 c1/c5@-2: rank[2,2] g=2 src=pari sat=1 tors=4 st=9580 hmax=804 pr=50 surv=25 ex=21 bad=0 hits=0 t=0s
  G2 c1/c7@-2: rank[1,1] g=1 src=pari sat=1 tors=8 st=328 hmax=921 pr=50 surv=25 ex=21 bad=0 hits=0 t=0s
  G2 c1/c4@-2: rank[2,2] g=2 src=pari sat=1 tors=4 st=9604 hmax=882 pr=50 surv=29 ex=25 bad=0 hits=0 t=0s
  G2 c3/c5@-2: rank[1,1] g=1 src=pari sat=1 tors=8 st=344 hmax=950 pr=50 surv=17 ex=13 bad=0 hits=0 t=0s
  G2 c3/c7@-2: rank[2,2] g=2 src=pari sat=1 tors=4 st=9580 hmax=804 pr=50 surv=25 ex=21 bad=0 hits=0 t=0s
  G2 c3/c4@-2: rank[2,2] g=2 src=pari sat=3 tors=4 st=9556 hmax=671 pr=50 surv=17 ex=13 bad=0 hits=0 t=0s
  G2 c5/c7@-2: rank[2,2] g=2 src=pari sat=1 tors=4 st=9580 hmax=804 pr=50 surv=26 ex=22 bad=0 hits=0 t=0s
  G2 c5/c4@-2: rank[2,2] g=2 src=pari sat=3 tors=4 st=9556 hmax=671 pr=50 surv=20 ex=16 bad=0 hits=0 t=0s
  G2 c7/c4@-2: rank[2,2] g=2 src=pari sat=1 tors=4 st=9604 hmax=882 pr=50 surv=21 ex=17 bad=0 hits=0 t=0s
  G3 c2/c3@-2: rank[1,1] g=1 src=pari sat=1 tors=4 st=180 hmax=986 pr=50 surv=9 ex=7 bad=0 hits=0 t=0s
  G3 c2/c5@-2: rank[2,2] g=2 src=pari sat=1 tors=2 st=2162 hmax=999 pr=50 surv=9 ex=7 bad=0 hits=0 t=0s
  G3 c2/c6@-2: rank[1,1] g=1 src=pari sat=1 tors=8 st=328 hmax=921 pr=50 surv=18 ex=14 bad=0 hits=0 t=0s
  G3 c2/c4@-2: rank[2,2] g=2 src=pari sat=1 tors=4 st=9604 hmax=882 pr=50 surv=74 ex=70 bad=0 hits=0 t=0s
  G3 c3/c5@-1: rank[1,1] g=1 src=pari sat=1 tors=4 st=436 hmax=998 pr=50 surv=16 ex=12 bad=0 hits=0 t=0s
  G3 c6/c3@-2: rank[2,2] g=2 src=pari sat=1 tors=2 st=2162 hmax=999 pr=50 surv=9 ex=7 bad=0 hits=0 t=0s
  G3 c4/c3@-2: rank[2,2] g=2 src=pari sat=1 tors=2 st=3462 hmax=999 pr=50 surv=13 ex=11 bad=0 hits=0 t=0s
  G3 c6/c5@-2: rank[1,1] g=1 src=pari sat=1 tors=4 st=180 hmax=986 pr=50 surv=10 ex=8 bad=0 hits=0 t=0s
  G3 c4/c5@-2: rank[2,2] g=2 src=pari sat=1 tors=2 st=3462 hmax=999 pr=50 surv=14 ex=12 bad=0 hits=0 t=0s
  G3 c6/c4@-2: rank[2,2] g=2 src=pari sat=1 tors=4 st=9604 hmax=882 pr=50 surv=82 ex=78 bad=0 hits=0 t=0s
== (m,n)=(1,3)
  G1 c0/c2: кривая не построена
  G1 c0/c6: кривая не построена
  G1 c0/c8@0: rank[0,0] g=0 src=pari sat=1 tors=8 st=8 hmax=0 pr=50 surv=8 ex=0 bad=0 hits=0 t=0s
  G1 c0/c4: кривая не построена
  G1 c2/c6@-1: rank[0,0] g=0 src=pari sat=1 tors=8 st=8 hmax=0 pr=50 surv=4 ex=0 bad=0 hits=0 t=0s
  G1 c2/c8: кривая не построена
  G1 c2/c4: кривая не построена
  G1 c6/c8: кривая не построена
  G1 c6/c4: кривая не построена
  G1 c8/c4: кривая не построена
  G2 c1/c3@-2: rank[2,2] g=2 src=pari sat=1 tors=4 st=9580 hmax=804 pr=50 surv=25 ex=21 bad=0 hits=0 t=0s
  G2 c1/c5@-2: rank[2,2] g=2 src=pari sat=1 tors=4 st=9580 hmax=804 pr=50 surv=26 ex=22 bad=0 hits=0 t=0s
  G2 c1/c7@-2: rank[1,1] g=1 src=pari sat=1 tors=8 st=328 hmax=921 pr=50 surv=25 ex=21 bad=0 hits=0 t=0s
  G2 c1/c4@-2: rank[2,2] g=2 src=pari sat=1 tors=4 st=9604 hmax=882 pr=50 surv=29 ex=25 bad=0 hits=0 t=0s
  G2 c3/c5@-2: rank[1,1] g=1 src=pari sat=1 tors=8 st=344 hmax=950 pr=50 surv=18 ex=14 bad=0 hits=0 t=0s
  G2 c3/c7@-2: rank[2,2] g=2 src=pari sat=1 tors=4 st=9580 hmax=804 pr=50 surv=26 ex=22 bad=0 hits=0 t=0s
  G2 c3/c4@-2: rank[2,2] g=2 src=pari sat=3 tors=4 st=9556 hmax=671 pr=50 surv=20 ex=16 bad=0 hits=0 t=0s
  G2 c5/c7@-2: rank[2,2] g=2 src=pari sat=1 tors=4 st=9580 hmax=804 pr=50 surv=25 ex=21 bad=0 hits=0 t=0s
  G2 c5/c4@-2: rank[2,2] g=2 src=pari sat=3 tors=4 st=9556 hmax=671 pr=50 surv=17 ex=13 bad=0 hits=0 t=0s
  G2 c7/c4@-2: rank[2,2] g=2 src=pari sat=1 tors=4 st=9604 hmax=882 pr=50 surv=21 ex=17 bad=0 hits=0 t=0s
  G3 c2/c3@-2: rank[1,1] g=1 src=pari sat=1 tors=4 st=180 hmax=986 pr=50 surv=9 ex=5 bad=0 hits=0 t=0s
  G3 c2/c5@-2: rank[2,2] g=2 src=pari sat=1 tors=2 st=2162 hmax=999 pr=50 surv=9 ex=5 bad=0 hits=0 t=0s
  G3 c2/c6@-2: rank[1,1] g=1 src=pari sat=1 tors=8 st=328 hmax=921 pr=50 surv=17 ex=13 bad=0 hits=0 t=0s
  G3 c2/c4@-2: rank[2,2] g=2 src=pari sat=1 tors=4 st=9604 hmax=882 pr=50 surv=72 ex=68 bad=0 hits=0 t=0s
  G3 c3/c5@-2: rank[1,1] g=1 src=pari sat=1 tors=4 st=436 hmax=998 pr=50 surv=11 ex=7 bad=0 hits=0 t=0s
  G3 c3/c6@-2: rank[2,2] g=2 src=pari sat=1 tors=2 st=2162 hmax=999 pr=50 surv=9 ex=5 bad=0 hits=0 t=0s
  G3 c3/c4@-2: rank[2,2] g=2 src=pari sat=1 tors=2 st=3462 hmax=999 pr=50 surv=13 ex=9 bad=0 hits=0 t=0s
  G3 c5/c6@-2: rank[1,1] g=1 src=pari sat=1 tors=4 st=180 hmax=986 pr=50 surv=10 ex=6 bad=0 hits=0 t=0s
  G3 c5/c4@-2: rank[2,2] g=2 src=pari sat=1 tors=2 st=3462 hmax=999 pr=50 surv=14 ex=10 bad=0 hits=0 t=0s
  G3 c6/c4@-2: rank[2,2] g=2 src=pari sat=1 tors=4 st=9604 hmax=882 pr=50 surv=74 ex=70 bad=0 hits=0 t=0s
== (m,n)=(2,-3)
  G1 c0/c2: кривая не построена
  G1 c0/c6: кривая не построена
  G1 c0/c8@0: rank[0,0] g=0 src=pari sat=1 tors=8 st=8 hmax=0 pr=50 surv=8 ex=0 bad=0 hits=0 t=0s
  G1 c0/c4: кривая не построена
  G1 c2/c6@-1: rank[0,0] g=0 src=pari sat=1 tors=8 st=8 hmax=0 pr=50 surv=4 ex=0 bad=0 hits=0 t=0s
  G1 c2/c8: кривая не построена
  G1 c2/c4: кривая не построена
  G1 c6/c8: кривая не построена
  G1 c6/c4: кривая не построена
  G1 c8/c4: кривая не построена
  G2 c1/c3@-5: rank[2,2] g=2 src=pari sat=1 tors=4 st=7220 hmax=1000 pr=50 surv=25 ex=21 bad=0 hits=0 t=0s
  G2 c1/c5@-5: rank[2,2] g=2 src=pari sat=1 tors=4 st=7220 hmax=1000 pr=50 surv=26 ex=22 bad=0 hits=0 t=0s
  G2 c1/c7@-5: rank[1,1] g=1 src=pari sat=1 tors=8 st=264 hmax=939 pr=50 surv=18 ex=14 bad=0 hits=0 t=0s
  G2 c1/c4@-5: rank[2,2] g=2 src=pari sat=1 tors=4 st=7916 hmax=999 pr=50 surv=34 ex=30 bad=0 hits=0 t=0s
  G2 c3/c5@-5: rank[1,1] g=1 src=pari sat=1 tors=8 st=264 hmax=974 pr=50 surv=17 ex=13 bad=0 hits=0 t=0s
  G2 c3/c7@-5: rank[2,2] g=2 src=pari sat=1 tors=4 st=7220 hmax=1000 pr=50 surv=25 ex=21 bad=0 hits=0 t=0s
  G2 c3/c4@-5: rank[2,2] g=2 src=pari sat=1 tors=4 st=6580 hmax=996 pr=50 surv=41 ex=37 bad=0 hits=0 t=0s
  G2 c5/c7@-5: rank[2,2] g=2 src=pari sat=1 tors=4 st=7220 hmax=1000 pr=50 surv=26 ex=22 bad=0 hits=0 t=0s
  G2 c5/c4@-5: rank[2,2] g=2 src=pari sat=1 tors=4 st=6580 hmax=996 pr=50 surv=42 ex=38 bad=0 hits=0 t=0s
  G2 c7/c4@-5: rank[2,2] g=2 src=pari sat=1 tors=4 st=7916 hmax=999 pr=50 surv=36 ex=32 bad=0 hits=0 t=0s
  G3 c2/c3@-5: rank[1,1] g=1 src=pari sat=1 tors=4 st=148 hmax=940 pr=50 surv=13 ex=11 bad=0 hits=0 t=0s
  G3 c2/c5@-5: rank[3,3] g=3 src=pari sat=1 tors=2 st=4802 hmax=238 pr=50 surv=11 ex=9 bad=0 hits=0 t=0s
  G3 c2/c6@-5: rank[1,1] g=1 src=pari sat=1 tors=8 st=264 hmax=939 pr=50 surv=17 ex=13 bad=0 hits=0 t=0s
  G3 c2/c4@-5: rank[2,2] g=2 src=pari sat=1 tors=4 st=7916 hmax=999 pr=50 surv=35 ex=31 bad=0 hits=0 t=0s
  G3 c3/c5@-1: rank[2,2] g=2 src=pari sat=1 tors=4 st=9604 hmax=881 pr=50 surv=40 ex=36 bad=0 hits=0 t=0s
  G3 c6/c3@-5: rank[3,3] g=3 src=pari sat=1 tors=2 st=4802 hmax=238 pr=50 surv=11 ex=9 bad=0 hits=0 t=0s
  G3 c4/c3@-5: rank[2,2] g=2 src=pari sat=1 tors=2 st=2466 hmax=997 pr=50 surv=22 ex=20 bad=0 hits=0 t=0s
  G3 c6/c5@-5: rank[1,1] g=1 src=pari sat=1 tors=4 st=148 hmax=940 pr=50 surv=13 ex=11 bad=0 hits=0 t=0s
  G3 c4/c5@-5: rank[2,2] g=2 src=pari sat=1 tors=2 st=2466 hmax=997 pr=50 surv=13 ex=11 bad=0 hits=0 t=0s
  G3 c6/c4@-5: rank[2,2] g=2 src=pari sat=1 tors=4 st=7916 hmax=999 pr=50 surv=38 ex=34 bad=0 hits=0 t=0s
== (m,n)=(2,3)
  G1 c0/c2: кривая не построена
  G1 c0/c6: кривая не построена
  G1 c0/c8@0: rank[0,0] g=0 src=pari sat=1 tors=8 st=8 hmax=0 pr=50 surv=8 ex=0 bad=0 hits=0 t=0s
  G1 c0/c4: кривая не построена
  G1 c2/c6@-1: rank[0,0] g=0 src=pari sat=1 tors=8 st=8 hmax=0 pr=50 surv=4 ex=0 bad=0 hits=0 t=0s
  G1 c2/c8: кривая не построена
  G1 c2/c4: кривая не построена
  G1 c6/c8: кривая не построена
  G1 c6/c4: кривая не построена
  G1 c8/c4: кривая не построена
  G2 c1/c3@-5: rank[2,2] g=2 src=pari sat=1 tors=4 st=7220 hmax=1000 pr=50 surv=26 ex=22 bad=0 hits=0 t=0s
  G2 c1/c5@-5: rank[2,2] g=2 src=pari sat=1 tors=4 st=7220 hmax=1000 pr=50 surv=25 ex=21 bad=0 hits=0 t=0s
  G2 c1/c7@-5: rank[1,1] g=1 src=pari sat=1 tors=8 st=264 hmax=939 pr=50 surv=18 ex=14 bad=0 hits=0 t=0s
  G2 c1/c4@-5: rank[2,2] g=2 src=pari sat=1 tors=4 st=7916 hmax=999 pr=50 surv=34 ex=30 bad=0 hits=0 t=0s
  G2 c3/c5@-5: rank[1,1] g=1 src=pari sat=1 tors=8 st=264 hmax=974 pr=50 surv=17 ex=13 bad=0 hits=0 t=0s
  G2 c3/c7@-5: rank[2,2] g=2 src=pari sat=1 tors=4 st=7220 hmax=1000 pr=50 surv=26 ex=22 bad=0 hits=0 t=0s
  G2 c3/c4@-5: rank[2,2] g=2 src=pari sat=1 tors=4 st=6580 hmax=996 pr=50 surv=42 ex=38 bad=0 hits=0 t=0s
  G2 c5/c7@-5: rank[2,2] g=2 src=pari sat=1 tors=4 st=7220 hmax=1000 pr=50 surv=25 ex=21 bad=0 hits=0 t=0s
  G2 c5/c4@-5: rank[2,2] g=2 src=pari sat=1 tors=4 st=6580 hmax=996 pr=50 surv=41 ex=37 bad=0 hits=0 t=0s
  G2 c7/c4@-5: rank[2,2] g=2 src=pari sat=1 tors=4 st=7916 hmax=999 pr=50 surv=36 ex=32 bad=0 hits=0 t=0s
  G3 c2/c3@-5: rank[1,1] g=1 src=pari sat=1 tors=4 st=148 hmax=940 pr=50 surv=13 ex=9 bad=0 hits=0 t=0s
  G3 c2/c5@-5: rank[3,3] g=3 src=pari sat=1 tors=2 st=4802 hmax=238 pr=50 surv=11 ex=7 bad=0 hits=0 t=0s
  G3 c2/c6@-5: rank[1,1] g=1 src=pari sat=1 tors=8 st=264 hmax=939 pr=50 surv=18 ex=14 bad=0 hits=0 t=0s
  G3 c2/c4@-5: rank[2,2] g=2 src=pari sat=1 tors=4 st=7916 hmax=999 pr=50 surv=34 ex=30 bad=0 hits=0 t=0s
  G3 c3/c5@-5: rank[2,2] g=2 src=pari sat=1 tors=4 st=9604 hmax=881 pr=50 surv=24 ex=20 bad=0 hits=0 t=0s
  G3 c3/c6@-5: rank[3,3] g=3 src=pari sat=1 tors=2 st=4802 hmax=238 pr=50 surv=13 ex=9 bad=0 hits=0 t=0s
  G3 c3/c4@-5: rank[2,2] g=2 src=pari sat=1 tors=2 st=2466 hmax=997 pr=50 surv=21 ex=17 bad=0 hits=0 t=0s
  G3 c5/c6@-5: rank[1,1] g=1 src=pari sat=1 tors=4 st=148 hmax=940 pr=50 surv=13 ex=9 bad=0 hits=0 t=0s
  G3 c5/c4@-5: rank[2,2] g=2 src=pari sat=1 tors=2 st=2466 hmax=997 pr=50 surv=13 ex=9 bad=0 hits=0 t=0s
  G3 c6/c4@-5: rank[2,2] g=2 src=pari sat=1 tors=4 st=7916 hmax=999 pr=50 surv=40 ex=36 bad=0 hits=0 t=0s
== (m,n)=(3,-2)
  G1 c0/c2: кривая не построена
  G1 c0/c6: кривая не построена
  G1 c0/c8@0: rank[0,0] g=0 src=pari sat=1 tors=8 st=8 hmax=0 pr=50 surv=8 ex=0 bad=0 hits=0 t=0s
  G1 c0/c4: кривая не построена
  G1 c2/c6@-1: rank[0,0] g=0 src=pari sat=1 tors=8 st=8 hmax=0 pr=50 surv=4 ex=0 bad=0 hits=0 t=0s
  G1 c2/c8: кривая не построена
  G1 c2/c4: кривая не построена
  G1 c6/c8: кривая не построена
  G1 c6/c4: кривая не построена
  G1 c8/c4: кривая не построена
  G2 c1/c3@-5: rank[2,2] g=2 src=pari sat=1 tors=4 st=7220 hmax=1000 pr=50 surv=29 ex=25 bad=0 hits=0 t=0s
  G2 c1/c5@-5: rank[2,2] g=2 src=pari sat=1 tors=4 st=7220 hmax=1000 pr=50 surv=25 ex=21 bad=0 hits=0 t=0s
  G2 c1/c7@-5: rank[1,1] g=1 src=pari sat=1 tors=8 st=264 hmax=939 pr=50 surv=18 ex=14 bad=0 hits=0 t=0s
  G2 c1/c4@-5: rank[2,2] g=2 src=pari sat=1 tors=4 st=7916 hmax=999 pr=50 surv=36 ex=32 bad=0 hits=0 t=0s
  G2 c3/c5@-5: rank[1,1] g=1 src=pari sat=1 tors=8 st=264 hmax=974 pr=50 surv=17 ex=13 bad=0 hits=0 t=0s
  G2 c3/c7@-5: rank[2,2] g=2 src=pari sat=1 tors=4 st=7220 hmax=1000 pr=50 surv=29 ex=25 bad=0 hits=0 t=0s
  G2 c3/c4@-5: rank[2,2] g=2 src=pari sat=1 tors=4 st=6580 hmax=996 pr=50 surv=41 ex=37 bad=0 hits=0 t=0s
  G2 c5/c7@-5: rank[2,2] g=2 src=pari sat=1 tors=4 st=7220 hmax=1000 pr=50 surv=25 ex=21 bad=0 hits=0 t=0s
  G2 c5/c4@-5: rank[2,2] g=2 src=pari sat=1 tors=4 st=6580 hmax=996 pr=50 surv=42 ex=38 bad=0 hits=0 t=0s
  G2 c7/c4@-5: rank[2,2] g=2 src=pari sat=1 tors=4 st=7916 hmax=999 pr=50 surv=34 ex=30 bad=0 hits=0 t=0s
  G3 c2/c3@-5: rank[1,1] g=1 src=pari sat=1 tors=4 st=148 hmax=940 pr=50 surv=13 ex=9 bad=0 hits=0 t=0s
  G3 c2/c5@-5: rank[3,3] g=3 src=pari sat=1 tors=2 st=4802 hmax=238 pr=50 surv=11 ex=7 bad=0 hits=0 t=0s
  G3 c2/c6@-5: rank[1,1] g=1 src=pari sat=1 tors=8 st=264 hmax=939 pr=50 surv=18 ex=14 bad=0 hits=0 t=0s
  G3 c2/c4@-5: rank[2,2] g=2 src=pari sat=1 tors=4 st=7916 hmax=999 pr=50 surv=40 ex=36 bad=0 hits=0 t=0s
  G3 c3/c5@-5: rank[2,2] g=2 src=pari sat=1 tors=4 st=9604 hmax=881 pr=50 surv=42 ex=38 bad=0 hits=0 t=0s
  G3 c3/c6@-5: rank[3,3] g=3 src=pari sat=1 tors=2 st=4802 hmax=238 pr=50 surv=11 ex=7 bad=0 hits=0 t=0s
  G3 c3/c4@-5: rank[2,2] g=2 src=pari sat=1 tors=2 st=2466 hmax=997 pr=50 surv=13 ex=9 bad=0 hits=0 t=0s
  G3 c5/c6@-5: rank[1,1] g=1 src=pari sat=1 tors=4 st=148 hmax=940 pr=50 surv=13 ex=9 bad=0 hits=0 t=0s
  G3 c5/c4@-5: rank[2,2] g=2 src=pari sat=1 tors=2 st=2466 hmax=997 pr=50 surv=21 ex=17 bad=0 hits=0 t=0s
  G3 c6/c4@-5: rank[2,2] g=2 src=pari sat=1 tors=4 st=7916 hmax=999 pr=50 surv=34 ex=30 bad=0 hits=0 t=0s
== (m,n)=(3,-1)
  G1 c0/c2: кривая не построена
  G1 c0/c6: кривая не построена
  G1 c0/c8@0: rank[0,0] g=0 src=pari sat=1 tors=8 st=8 hmax=0 pr=50 surv=8 ex=0 bad=0 hits=0 t=0s
  G1 c0/c4: кривая не построена
  G1 c2/c6@-1: rank[0,0] g=0 src=pari sat=1 tors=8 st=8 hmax=0 pr=50 surv=4 ex=0 bad=0 hits=0 t=0s
  G1 c2/c8: кривая не построена
  G1 c2/c4: кривая не построена
  G1 c6/c8: кривая не построена
  G1 c6/c4: кривая не построена
  G1 c8/c4: кривая не построена
  G2 c1/c3@-2: rank[2,2] g=2 src=pari sat=1 tors=4 st=9580 hmax=804 pr=50 surv=27 ex=23 bad=0 hits=0 t=0s
  G2 c1/c5@-2: rank[2,2] g=2 src=pari sat=1 tors=4 st=9580 hmax=804 pr=50 surv=26 ex=22 bad=0 hits=0 t=0s
  G2 c1/c7@-2: rank[1,1] g=1 src=pari sat=1 tors=8 st=328 hmax=921 pr=50 surv=25 ex=21 bad=0 hits=0 t=0s
  G2 c1/c4@-2: rank[2,2] g=2 src=pari sat=1 tors=4 st=9604 hmax=882 pr=50 surv=21 ex=17 bad=0 hits=0 t=0s
  G2 c3/c5@-2: rank[1,1] g=1 src=pari sat=1 tors=8 st=344 hmax=950 pr=50 surv=17 ex=13 bad=0 hits=0 t=0s
  G2 c3/c7@-2: rank[2,2] g=2 src=pari sat=1 tors=4 st=9580 hmax=804 pr=50 surv=29 ex=25 bad=0 hits=0 t=0s
  G2 c3/c4@-2: rank[2,2] g=2 src=pari sat=3 tors=4 st=9556 hmax=671 pr=50 surv=17 ex=13 bad=0 hits=0 t=0s
  G2 c5/c7@-2: rank[2,2] g=2 src=pari sat=1 tors=4 st=9580 hmax=804 pr=50 surv=25 ex=21 bad=0 hits=0 t=0s
  G2 c5/c4@-2: rank[2,2] g=2 src=pari sat=3 tors=4 st=9556 hmax=671 pr=50 surv=20 ex=16 bad=0 hits=0 t=0s
  G2 c7/c4@-2: rank[2,2] g=2 src=pari sat=1 tors=4 st=9604 hmax=882 pr=50 surv=29 ex=25 bad=0 hits=0 t=0s
  G3 c2/c3@-2: rank[1,1] g=1 src=pari sat=1 tors=4 st=180 hmax=986 pr=50 surv=10 ex=6 bad=0 hits=0 t=0s
  G3 c2/c5@-2: rank[2,2] g=2 src=pari sat=1 tors=2 st=2162 hmax=999 pr=50 surv=9 ex=5 bad=0 hits=0 t=0s
  G3 c2/c6@-2: rank[1,1] g=1 src=pari sat=1 tors=8 st=328 hmax=921 pr=50 surv=17 ex=13 bad=0 hits=0 t=0s
  G3 c2/c4@-2: rank[2,2] g=2 src=pari sat=1 tors=4 st=9604 hmax=882 pr=50 surv=74 ex=70 bad=0 hits=0 t=0s
  G3 c3/c5@-2: rank[1,1] g=1 src=pari sat=1 tors=4 st=436 hmax=998 pr=50 surv=11 ex=7 bad=0 hits=0 t=0s
  G3 c3/c6@-2: rank[2,2] g=2 src=pari sat=1 tors=2 st=2162 hmax=999 pr=50 surv=9 ex=5 bad=0 hits=0 t=0s
  G3 c3/c4@-2: rank[2,2] g=2 src=pari sat=1 tors=2 st=3462 hmax=999 pr=50 surv=14 ex=10 bad=0 hits=0 t=0s
  G3 c5/c6@-2: rank[1,1] g=1 src=pari sat=1 tors=4 st=180 hmax=986 pr=50 surv=9 ex=5 bad=0 hits=0 t=0s
  G3 c5/c4@-2: rank[2,2] g=2 src=pari sat=1 tors=2 st=3462 hmax=999 pr=50 surv=13 ex=9 bad=0 hits=0 t=0s
  G3 c6/c4@-2: rank[2,2] g=2 src=pari sat=1 tors=4 st=9604 hmax=882 pr=50 surv=72 ex=68 bad=0 hits=0 t=0s
== (m,n)=(3,1)
  G1 c0/c2: кривая не построена
  G1 c0/c6: кривая не построена
  G1 c0/c8@0: rank[0,0] g=0 src=pari sat=1 tors=8 st=8 hmax=0 pr=50 surv=8 ex=0 bad=0 hits=0 t=0s
  G1 c0/c4: кривая не построена
  G1 c2/c6@-1: rank[0,0] g=0 src=pari sat=1 tors=8 st=8 hmax=0 pr=50 surv=4 ex=0 bad=0 hits=0 t=0s
  G1 c2/c8: кривая не построена
  G1 c2/c4: кривая не построена
  G1 c6/c8: кривая не построена
  G1 c6/c4: кривая не построена
  G1 c8/c4: кривая не построена
  G2 c1/c3@-2: rank[2,2] g=2 src=pari sat=1 tors=4 st=9580 hmax=804 pr=50 surv=26 ex=22 bad=0 hits=0 t=0s
  G2 c1/c5@-2: rank[2,2] g=2 src=pari sat=1 tors=4 st=9580 hmax=804 pr=50 surv=27 ex=23 bad=0 hits=0 t=0s
  G2 c1/c7@-2: rank[1,1] g=1 src=pari sat=1 tors=8 st=328 hmax=921 pr=50 surv=25 ex=21 bad=0 hits=0 t=0s
  G2 c1/c4@-2: rank[2,2] g=2 src=pari sat=1 tors=4 st=9604 hmax=882 pr=50 surv=21 ex=17 bad=0 hits=0 t=0s
  G2 c3/c5@-2: rank[1,1] g=1 src=pari sat=1 tors=8 st=344 hmax=950 pr=50 surv=18 ex=14 bad=0 hits=0 t=0s
  G2 c3/c7@-2: rank[2,2] g=2 src=pari sat=1 tors=4 st=9580 hmax=804 pr=50 surv=25 ex=21 bad=0 hits=0 t=0s
  G2 c3/c4@-2: rank[2,2] g=2 src=pari sat=3 tors=4 st=9556 hmax=671 pr=50 surv=20 ex=16 bad=0 hits=0 t=0s
  G2 c5/c7@-2: rank[2,2] g=2 src=pari sat=1 tors=4 st=9580 hmax=804 pr=50 surv=29 ex=25 bad=0 hits=0 t=0s
  G2 c5/c4@-2: rank[2,2] g=2 src=pari sat=3 tors=4 st=9556 hmax=671 pr=50 surv=17 ex=13 bad=0 hits=0 t=0s
  G2 c7/c4@-2: rank[2,2] g=2 src=pari sat=1 tors=4 st=9604 hmax=882 pr=50 surv=29 ex=25 bad=0 hits=0 t=0s
  G3 c2/c3@-2: rank[1,1] g=1 src=pari sat=1 tors=4 st=180 hmax=986 pr=50 surv=10 ex=8 bad=0 hits=0 t=0s
  G3 c2/c5@-2: rank[2,2] g=2 src=pari sat=1 tors=2 st=2162 hmax=999 pr=50 surv=9 ex=7 bad=0 hits=0 t=0s
  G3 c2/c6@-2: rank[1,1] g=1 src=pari sat=1 tors=8 st=328 hmax=921 pr=50 surv=18 ex=14 bad=0 hits=0 t=0s
  G3 c2/c4@-2: rank[2,2] g=2 src=pari sat=1 tors=4 st=9604 hmax=882 pr=50 surv=82 ex=78 bad=0 hits=0 t=0s
  G3 c3/c5@-1: rank[1,1] g=1 src=pari sat=1 tors=4 st=436 hmax=998 pr=50 surv=15 ex=11 bad=0 hits=0 t=0s
  G3 c6/c3@-2: rank[2,2] g=2 src=pari sat=1 tors=2 st=2162 hmax=999 pr=50 surv=9 ex=7 bad=0 hits=0 t=0s
  G3 c4/c3@-2: rank[2,2] g=2 src=pari sat=1 tors=2 st=3462 hmax=999 pr=50 surv=14 ex=12 bad=0 hits=0 t=0s
  G3 c6/c5@-2: rank[1,1] g=1 src=pari sat=1 tors=4 st=180 hmax=986 pr=50 surv=9 ex=7 bad=0 hits=0 t=0s
  G3 c4/c5@-2: rank[2,2] g=2 src=pari sat=1 tors=2 st=3462 hmax=999 pr=50 surv=13 ex=11 bad=0 hits=0 t=0s
  G3 c6/c4@-2: rank[2,2] g=2 src=pari sat=1 tors=4 st=9604 hmax=882 pr=50 surv=74 ex=70 bad=0 hits=0 t=0s
== (m,n)=(3,2)
  G1 c0/c2: кривая не построена
  G1 c0/c6: кривая не построена
  G1 c0/c8@0: rank[0,0] g=0 src=pari sat=1 tors=8 st=8 hmax=0 pr=50 surv=8 ex=0 bad=0 hits=0 t=0s
  G1 c0/c4: кривая не построена
  G1 c2/c6@-1: rank[0,0] g=0 src=pari sat=1 tors=8 st=8 hmax=0 pr=50 surv=4 ex=0 bad=0 hits=0 t=0s
  G1 c2/c8: кривая не построена
  G1 c2/c4: кривая не построена
  G1 c6/c8: кривая не построена
  G1 c6/c4: кривая не построена
  G1 c8/c4: кривая не построена
  G2 c1/c3@-5: rank[2,2] g=2 src=pari sat=1 tors=4 st=7220 hmax=1000 pr=50 surv=25 ex=21 bad=0 hits=0 t=0s
  G2 c1/c5@-5: rank[2,2] g=2 src=pari sat=1 tors=4 st=7220 hmax=1000 pr=50 surv=29 ex=25 bad=0 hits=0 t=0s
  G2 c1/c7@-5: rank[1,1] g=1 src=pari sat=1 tors=8 st=264 hmax=939 pr=50 surv=18 ex=14 bad=0 hits=0 t=0s
  G2 c1/c4@-5: rank[2,2] g=2 src=pari sat=1 tors=4 st=7916 hmax=999 pr=50 surv=36 ex=32 bad=0 hits=0 t=0s
  G2 c3/c5@-5: rank[1,1] g=1 src=pari sat=1 tors=8 st=264 hmax=974 pr=50 surv=17 ex=13 bad=0 hits=0 t=0s
  G2 c3/c7@-5: rank[2,2] g=2 src=pari sat=1 tors=4 st=7220 hmax=1000 pr=50 surv=25 ex=21 bad=0 hits=0 t=0s
  G2 c3/c4@-5: rank[2,2] g=2 src=pari sat=1 tors=4 st=6580 hmax=996 pr=50 surv=42 ex=38 bad=0 hits=0 t=0s
  G2 c5/c7@-5: rank[2,2] g=2 src=pari sat=1 tors=4 st=7220 hmax=1000 pr=50 surv=29 ex=25 bad=0 hits=0 t=0s
  G2 c5/c4@-5: rank[2,2] g=2 src=pari sat=1 tors=4 st=6580 hmax=996 pr=50 surv=41 ex=37 bad=0 hits=0 t=0s
  G2 c7/c4@-5: rank[2,2] g=2 src=pari sat=1 tors=4 st=7916 hmax=999 pr=50 surv=34 ex=30 bad=0 hits=0 t=0s
  G3 c2/c3@-5: rank[1,1] g=1 src=pari sat=1 tors=4 st=148 hmax=940 pr=50 surv=13 ex=11 bad=0 hits=0 t=0s
  G3 c2/c5@-5: rank[3,3] g=3 src=pari sat=1 tors=2 st=4802 hmax=238 pr=50 surv=11 ex=9 bad=0 hits=0 t=0s
  G3 c2/c6@-5: rank[1,1] g=1 src=pari sat=1 tors=8 st=264 hmax=939 pr=50 surv=17 ex=13 bad=0 hits=0 t=0s
  G3 c2/c4@-5: rank[2,2] g=2 src=pari sat=1 tors=4 st=7916 hmax=999 pr=50 surv=38 ex=34 bad=0 hits=0 t=0s
  G3 c3/c5@-1: rank[2,2] g=2 src=pari sat=1 tors=4 st=9604 hmax=881 pr=50 surv=36 ex=32 bad=0 hits=0 t=0s
  G3 c6/c3@-5: rank[3,3] g=3 src=pari sat=1 tors=2 st=4802 hmax=238 pr=50 surv=11 ex=9 bad=0 hits=0 t=0s
  G3 c4/c3@-5: rank[2,2] g=2 src=pari sat=1 tors=2 st=2466 hmax=997 pr=50 surv=13 ex=11 bad=0 hits=0 t=0s
  G3 c6/c5@-5: rank[1,1] g=1 src=pari sat=1 tors=4 st=148 hmax=940 pr=50 surv=13 ex=11 bad=0 hits=0 t=0s
  G3 c4/c5@-5: rank[2,2] g=2 src=pari sat=1 tors=2 st=2466 hmax=997 pr=50 surv=22 ex=20 bad=0 hits=0 t=0s
  G3 c6/c4@-5: rank[2,2] g=2 src=pari sat=1 tors=4 st=7916 hmax=999 pr=50 surv=35 ex=31 bad=0 hits=0 t=0s
== (m,n)=(1,-4)
  G1 c2/c0@-5/3: rank[1,1] g=1 src=pari sat=1 tors=2 st=74 hmax=979 pr=50 surv=5 ex=3 bad=0 hits=0 t=0s
  G1 c6/c0@-1: rank[1,1] g=1 src=pari sat=1 tors=2 st=74 hmax=979 pr=50 surv=5 ex=3 bad=0 hits=0 t=0s
  G1 c8/c0@-5/3: rank[0,0] g=0 src=pari sat=1 tors=8 st=8 hmax=0 pr=50 surv=6 ex=0 bad=0 hits=0 t=0s
  G1 c4/c0@-5/3: rank[2,2] g=2 src=pari sat=1 tors=4 st=4780 hmax=996 pr=50 surv=83 ex=81 bad=0 hits=0 t=0s
  G1 c2/c6@-5/3: rank[1,1] g=1 src=pari sat=1 tors=8 st=424 hmax=942 pr=50 surv=2 ex=0 bad=0 hits=0 t=0s
  G1 c2/c8@-5/3: rank[1,1] g=1 src=pari sat=1 tors=2 st=74 hmax=979 pr=50 surv=5 ex=1 bad=0 hits=0 t=0s
  G1 c2/c4@-5/3: rank[2,2] g=2 src=pari sat=1 tors=4 st=5468 hmax=998 pr=50 surv=33 ex=29 bad=0 hits=0 t=0s
  G1 c8/c6@-5/3: rank[1,1] g=1 src=pari sat=1 tors=2 st=74 hmax=979 pr=50 surv=5 ex=3 bad=0 hits=0 t=0s
  G1 c4/c6@-5/3: rank[2,2] g=2 src=pari sat=1 tors=4 st=5468 hmax=998 pr=50 surv=28 ex=26 bad=0 hits=0 t=0s
  G1 c8/c4@-5/3: rank[2,2] g=2 src=pari sat=1 tors=4 st=4780 hmax=996 pr=50 surv=97 ex=93 bad=0 hits=0 t=0s
  G2 c1/c3@-5/3: rank[3,3] g=3 src=pari sat=1 tors=4 st=9604 hmax=124 pr=50 surv=37 ex=33 bad=0 hits=0 t=0s
  G2 c1/c5@-5/3: rank[3,3] g=3 src=pari sat=1 tors=4 st=9604 hmax=124 pr=50 surv=35 ex=31 bad=0 hits=0 t=0s
  G2 c1/c7@-5/3: rank[1,1] g=1 src=pari sat=1 tors=8 st=248 hmax=942 pr=50 surv=17 ex=13 bad=0 hits=0 t=0s
  G2 c1/c4@-5/3: rank[2,2] g=2 src=pari sat=1 tors=4 st=6428 hmax=999 pr=50 surv=17 ex=13 bad=0 hits=0 t=0s
  G2 c3/c5@-5/3: rank[1,1] g=1 src=pari sat=1 tors=8 st=248 hmax=883 pr=50 surv=33 ex=29 bad=0 hits=0 t=0s
  G2 c3/c7@-5/3: rank[3,3] g=3 src=pari sat=1 tors=4 st=9604 hmax=124 pr=50 surv=35 ex=31 bad=0 hits=0 t=0s
  G2 c3/c4@-5/3: rank[2,2] g=2 src=pari sat=1 tors=4 st=6964 hmax=999 pr=50 surv=17 ex=13 bad=0 hits=0 t=0s
  G2 c5/c7@-5/3: rank[3,3] g=3 src=pari sat=1 tors=4 st=9604 hmax=124 pr=50 surv=35 ex=31 bad=0 hits=0 t=0s
  G2 c5/c4@-5/3: rank[2,2] g=2 src=pari sat=1 tors=4 st=6964 hmax=999 pr=50 surv=19 ex=15 bad=0 hits=0 t=0s
  G2 c7/c4@-5/3: rank[2,2] g=2 src=pari sat=1 tors=4 st=6428 hmax=999 pr=50 surv=17 ex=13 bad=0 hits=0 t=0s
  G3 c2/c3@-5/3: rank[2,2] g=2 src=pari sat=1 tors=4 st=3964 hmax=992 pr=50 surv=17 ex=15 bad=0 hits=0 t=0s
  G3 c2/c5@-5/3: rank[2,2] g=2 src=pari sat=1 tors=2 st=1330 hmax=999 pr=50 surv=9 ex=7 bad=0 hits=0 t=0s
  G3 c2/c6@-5/3: rank[1,1] g=1 src=pari sat=1 tors=8 st=248 hmax=942 pr=50 surv=18 ex=14 bad=0 hits=0 t=0s
  G3 c2/c4@-5/3: rank[2,2] g=2 src=pari sat=1 tors=4 st=6428 hmax=999 pr=50 surv=50 ex=46 bad=0 hits=0 t=0s
  G3 c3/c5@-1: rank[2,2] g=2 src=pari sat=1 tors=4 st=7292 hmax=994 pr=50 surv=36 ex=32 bad=0 hits=0 t=0s
  G3 c6/c3@-5/3: rank[2,2] g=2 src=pari sat=1 tors=2 st=1330 hmax=999 pr=50 surv=9 ex=7 bad=0 hits=0 t=0s
  G3 c4/c3@-5/3: rank[2,2] g=2 src=pari sat=1 tors=2 st=1858 hmax=999 pr=50 surv=9 ex=7 bad=0 hits=0 t=0s
  G3 c6/c5@-5/3: rank[2,2] g=2 src=pari sat=1 tors=4 st=3964 hmax=992 pr=50 surv=18 ex=16 bad=0 hits=0 t=0s
  G3 c4/c5@-5/3: rank[2,2] g=2 src=pari sat=1 tors=2 st=1858 hmax=999 pr=50 surv=9 ex=7 bad=0 hits=0 t=0s
  G3 c6/c4@-5/3: rank[2,2] g=2 src=pari sat=1 tors=4 st=6428 hmax=999 pr=50 surv=45 ex=41 bad=0 hits=0 t=0s
== (m,n)=(1,4)
  G1 c2/c0@-1: rank[1,1] g=1 src=pari sat=1 tors=2 st=74 hmax=979 pr=50 surv=5 ex=3 bad=0 hits=0 t=0s
  G1 c6/c0@-5/3: rank[1,1] g=1 src=pari sat=1 tors=2 st=74 hmax=979 pr=50 surv=5 ex=3 bad=0 hits=0 t=0s
  G1 c8/c0@-5/3: rank[0,0] g=0 src=pari sat=1 tors=8 st=8 hmax=0 pr=50 surv=6 ex=0 bad=0 hits=0 t=0s
  G1 c4/c0@-5/3: rank[2,2] g=2 src=pari sat=1 tors=4 st=4780 hmax=996 pr=50 surv=83 ex=81 bad=0 hits=0 t=0s
  G1 c6/c2@-5/3: rank[1,1] g=1 src=pari sat=1 tors=8 st=424 hmax=942 pr=50 surv=2 ex=0 bad=0 hits=0 t=0s
  G1 c8/c2@-5/3: rank[1,1] g=1 src=pari sat=1 tors=2 st=74 hmax=979 pr=50 surv=5 ex=3 bad=0 hits=0 t=0s
  G1 c4/c2@-5/3: rank[2,2] g=2 src=pari sat=1 tors=4 st=5468 hmax=998 pr=50 surv=28 ex=26 bad=0 hits=0 t=0s
  G1 c6/c8@-5/3: rank[1,1] g=1 src=pari sat=1 tors=2 st=74 hmax=979 pr=50 surv=5 ex=1 bad=0 hits=0 t=0s
  G1 c6/c4@-5/3: rank[2,2] g=2 src=pari sat=1 tors=4 st=5468 hmax=998 pr=50 surv=33 ex=29 bad=0 hits=0 t=0s
  G1 c8/c4@-5/3: rank[2,2] g=2 src=pari sat=1 tors=4 st=4780 hmax=996 pr=50 surv=97 ex=93 bad=0 hits=0 t=0s
  G2 c1/c3@-5/3: rank[3,3] g=3 src=pari sat=1 tors=4 st=9604 hmax=124 pr=50 surv=35 ex=31 bad=0 hits=0 t=0s
  G2 c1/c5@-5/3: rank[3,3] g=3 src=pari sat=1 tors=4 st=9604 hmax=124 pr=50 surv=37 ex=33 bad=0 hits=0 t=1s
  G2 c1/c7@-5/3: rank[1,1] g=1 src=pari sat=1 tors=8 st=248 hmax=942 pr=50 surv=17 ex=13 bad=0 hits=0 t=1s
  G2 c1/c4@-5/3: rank[2,2] g=2 src=pari sat=1 tors=4 st=6428 hmax=999 pr=50 surv=17 ex=13 bad=0 hits=0 t=1s
  G2 c3/c5@-5/3: rank[1,1] g=1 src=pari sat=1 tors=8 st=248 hmax=883 pr=50 surv=33 ex=29 bad=0 hits=0 t=1s
  G2 c3/c7@-5/3: rank[3,3] g=3 src=pari sat=1 tors=4 st=9604 hmax=124 pr=50 surv=35 ex=31 bad=0 hits=0 t=1s
  G2 c3/c4@-5/3: rank[2,2] g=2 src=pari sat=1 tors=4 st=6964 hmax=999 pr=50 surv=19 ex=15 bad=0 hits=0 t=1s
  G2 c5/c7@-5/3: rank[3,3] g=3 src=pari sat=1 tors=4 st=9604 hmax=124 pr=50 surv=35 ex=31 bad=0 hits=0 t=1s
  G2 c5/c4@-5/3: rank[2,2] g=2 src=pari sat=1 tors=4 st=6964 hmax=999 pr=50 surv=17 ex=13 bad=0 hits=0 t=1s
  G2 c7/c4@-5/3: rank[2,2] g=2 src=pari sat=1 tors=4 st=6428 hmax=999 pr=50 surv=17 ex=13 bad=0 hits=0 t=1s
  G3 c2/c3@-5/3: rank[2,2] g=2 src=pari sat=1 tors=4 st=3964 hmax=992 pr=50 surv=18 ex=14 bad=0 hits=0 t=1s
  G3 c2/c5@-5/3: rank[2,2] g=2 src=pari sat=1 tors=2 st=1330 hmax=999 pr=50 surv=9 ex=5 bad=0 hits=0 t=1s
  G3 c2/c6@-5/3: rank[1,1] g=1 src=pari sat=1 tors=8 st=248 hmax=942 pr=50 surv=17 ex=13 bad=0 hits=0 t=0s
  G3 c2/c4@-5/3: rank[2,2] g=2 src=pari sat=1 tors=4 st=6428 hmax=999 pr=50 surv=47 ex=43 bad=0 hits=0 t=1s
  G3 c3/c5@-5/3: rank[2,2] g=2 src=pari sat=1 tors=4 st=7292 hmax=994 pr=50 surv=20 ex=16 bad=0 hits=0 t=1s
  G3 c3/c6@-5/3: rank[2,2] g=2 src=pari sat=1 tors=2 st=1330 hmax=999 pr=50 surv=9 ex=5 bad=0 hits=0 t=1s
  G3 c3/c4@-5/3: rank[2,2] g=2 src=pari sat=1 tors=2 st=1858 hmax=999 pr=50 surv=9 ex=5 bad=0 hits=0 t=1s
  G3 c5/c6@-5/3: rank[2,2] g=2 src=pari sat=1 tors=4 st=3964 hmax=992 pr=50 surv=18 ex=14 bad=0 hits=0 t=1s
  G3 c5/c4@-5/3: rank[2,2] g=2 src=pari sat=1 tors=2 st=1858 hmax=999 pr=50 surv=9 ex=5 bad=0 hits=0 t=1s
  G3 c6/c4@-5/3: rank[2,2] g=2 src=pari sat=1 tors=4 st=6428 hmax=999 pr=50 surv=48 ex=44 bad=0 hits=0 t=1s
== (m,n)=(3,-4)
  G1 c0/c2@-1: rank[3,3] g=3 src=pari sat=1 tors=2 st=4802 hmax=191 pr=50 surv=42 ex=38 bad=0 hits=0 t=1s
  G1 c0/c6@-1: rank[3,3] g=3 src=pari sat=1 tors=2 st=4802 hmax=191 pr=50 surv=43 ex=39 bad=0 hits=0 t=1s
  G1 c0/c8@-1: rank[0,0] g=0 src=pari sat=1 tors=16 st=16 hmax=0 pr=50 surv=14 ex=6 bad=0 hits=0 t=1s
  G1 c4/c0@-7: rank[1,1] g=1 src=pari sat=1 tors=4 st=180 hmax=944 pr=50 surv=9 ex=7 bad=0 hits=0 t=1s
  G1 c2/c6@-1: rank[0,0] g=0 src=pari sat=1 tors=8 st=8 hmax=0 pr=50 surv=8 ex=4 bad=0 hits=0 t=1s
  G1 c2/c8@-1: rank[3,3] g=3 src=pari sat=1 tors=2 st=4802 hmax=191 pr=50 surv=33 ex=29 bad=0 hits=0 t=1s
  G1 c4/c2@-7: rank[1,1] g=1 src=pari sat=1 tors=8 st=408 hmax=933 pr=50 surv=8 ex=6 bad=0 hits=0 t=1s
  G1 c6/c8@-1: rank[3,3] g=3 src=pari sat=1 tors=2 st=4802 hmax=191 pr=50 surv=33 ex=29 bad=0 hits=0 t=1s
  G1 c4/c6@-7: rank[1,1] g=1 src=pari sat=1 tors=8 st=408 hmax=933 pr=50 surv=8 ex=6 bad=0 hits=0 t=1s
  G1 c4/c8@-7: rank[1,1] g=1 src=pari sat=1 tors=4 st=180 hmax=944 pr=50 surv=9 ex=7 bad=0 hits=0 t=1s
  G2 c1/c3@-7: rank[3,3] g=3 src=pari sat=1 tors=4 st=9588 hmax=166 pr=50 surv=23 ex=19 bad=0 hits=0 t=1s
  G2 c1/c5@-7: rank[3,3] g=3 src=pari sat=1 tors=4 st=9588 hmax=166 pr=50 surv=23 ex=19 bad=0 hits=0 t=1s
  G2 c1/c7@-7: rank[1,1] g=1 src=pari sat=1 tors=8 st=472 hmax=997 pr=50 surv=40 ex=36 bad=0 hits=0 t=1s
  G2 c1/c4@-7: rank[2,2] g=2 src=pari sat=1 tors=4 st=9580 hmax=804 pr=50 surv=67 ex=63 bad=0 hits=0 t=1s
  G2 c3/c5@-7: rank[1,1] g=1 src=pari sat=1 tors=8 st=232 hmax=942 pr=50 surv=17 ex=13 bad=0 hits=0 t=1s
  G2 c3/c7@-7: rank[3,3] g=3 src=pari sat=1 tors=4 st=9588 hmax=166 pr=50 surv=23 ex=19 bad=0 hits=0 t=1s
  G2 c3/c4@-7: rank[2,2] g=2 src=pari sat=1 tors=4 st=5284 hmax=999 pr=50 surv=61 ex=57 bad=0 hits=0 t=1s
  G2 c5/c7@-7: rank[3,3] g=3 src=pari sat=1 tors=4 st=9588 hmax=166 pr=50 surv=23 ex=19 bad=0 hits=0 t=1s
  G2 c5/c4@-7: rank[2,2] g=2 src=pari sat=1 tors=4 st=5284 hmax=999 pr=50 surv=57 ex=53 bad=0 hits=0 t=1s
  G2 c7/c4@-7: rank[2,2] g=2 src=pari sat=1 tors=4 st=9580 hmax=804 pr=50 surv=67 ex=63 bad=0 hits=0 t=1s
  G3 c2/c3@-7: rank[3,3] g=3 src=pari sat=1 tors=4 st=9604 hmax=131 pr=50 surv=21 ex=19 bad=0 hits=0 t=1s
  G3 c2/c5@-7: rank[4,4] g=4 src=pari sat=1 tors=2 st=4754 hmax=56 pr=50 surv=26 ex=24 bad=0 hits=0 t=1s
  G3 c2/c6@-7: rank[1,1] g=1 src=pari sat=1 tors=8 st=472 hmax=997 pr=50 surv=32 ex=28 bad=0 hits=0 t=1s
  G3 c2/c4@-7: rank[2,2] g=2 src=pari sat=1 tors=4 st=9580 hmax=804 pr=50 surv=50 ex=46 bad=0 hits=0 t=1s
  G3 c3/c5@-1: rank[2,2] g=2 src=pari sat=1 tors=4 st=8172 hmax=1000 pr=50 surv=162 ex=158 bad=0 hits=0 t=1s
  G3 c6/c3@-7: rank[4,4] g=4 src=pari sat=1 tors=2 st=4754 hmax=56 pr=50 surv=26 ex=24 bad=0 hits=0 t=1s
  G3 c4/c3@-7: rank[3,3] g=3 src=pari sat=1 tors=2 st=4770 hmax=73 pr=50 surv=40 ex=38 bad=0 hits=0 t=1s
  G3 c6/c5@-7: rank[3,3] g=3 src=pari sat=1 tors=4 st=9604 hmax=131 pr=50 surv=21 ex=19 bad=0 hits=0 t=1s
  G3 c4/c5@-7: rank[3,3] g=3 src=pari sat=1 tors=2 st=4770 hmax=73 pr=50 surv=36 ex=34 bad=0 hits=0 t=1s
  G3 c6/c4@-7: rank[2,2] g=2 src=pari sat=1 tors=4 st=9580 hmax=804 pr=50 surv=52 ex=48 bad=0 hits=0 t=1s
== (m,n)=(3,4)
  G1 c0/c2@-1: rank[3,3] g=3 src=pari sat=1 tors=2 st=4802 hmax=191 pr=50 surv=43 ex=39 bad=0 hits=0 t=1s
  G1 c0/c6@-1: rank[3,3] g=3 src=pari sat=1 tors=2 st=4802 hmax=191 pr=50 surv=42 ex=38 bad=0 hits=0 t=1s
  G1 c0/c8@-1: rank[0,0] g=0 src=pari sat=1 tors=16 st=16 hmax=0 pr=50 surv=14 ex=6 bad=0 hits=0 t=1s
  G1 c4/c0@-7: rank[1,1] g=1 src=pari sat=1 tors=4 st=180 hmax=944 pr=50 surv=9 ex=7 bad=0 hits=0 t=1s
  G1 c2/c6@-1: rank[0,0] g=0 src=pari sat=1 tors=8 st=8 hmax=0 pr=50 surv=8 ex=4 bad=0 hits=0 t=1s
  G1 c2/c8@-1: rank[3,3] g=3 src=pari sat=1 tors=2 st=4802 hmax=191 pr=50 surv=33 ex=29 bad=0 hits=0 t=1s
  G1 c4/c2@-7: rank[1,1] g=1 src=pari sat=1 tors=8 st=408 hmax=933 pr=50 surv=8 ex=6 bad=0 hits=0 t=1s
  G1 c6/c8@-1: rank[3,3] g=3 src=pari sat=1 tors=2 st=4802 hmax=191 pr=50 surv=33 ex=29 bad=0 hits=0 t=1s
  G1 c4/c6@-7: rank[1,1] g=1 src=pari sat=1 tors=8 st=408 hmax=933 pr=50 surv=8 ex=6 bad=0 hits=0 t=1s
  G1 c4/c8@-7: rank[1,1] g=1 src=pari sat=1 tors=4 st=180 hmax=944 pr=50 surv=9 ex=7 bad=0 hits=0 t=1s
  G2 c1/c3@-7: rank[3,3] g=3 src=pari sat=1 tors=4 st=9588 hmax=166 pr=50 surv=23 ex=19 bad=0 hits=0 t=1s
  G2 c1/c5@-7: rank[3,3] g=3 src=pari sat=1 tors=4 st=9588 hmax=166 pr=50 surv=23 ex=19 bad=0 hits=0 t=1s
  G2 c1/c7@-7: rank[1,1] g=1 src=pari sat=1 tors=8 st=472 hmax=997 pr=50 surv=40 ex=36 bad=0 hits=0 t=1s
  G2 c1/c4@-7: rank[2,2] g=2 src=pari sat=1 tors=4 st=9580 hmax=804 pr=50 surv=67 ex=63 bad=0 hits=0 t=1s
  G2 c3/c5@-7: rank[1,1] g=1 src=pari sat=1 tors=8 st=232 hmax=942 pr=50 surv=17 ex=13 bad=0 hits=0 t=1s
  G2 c3/c7@-7: rank[3,3] g=3 src=pari sat=1 tors=4 st=9588 hmax=166 pr=50 surv=23 ex=19 bad=0 hits=0 t=1s
  G2 c3/c4@-7: rank[2,2] g=2 src=pari sat=1 tors=4 st=5284 hmax=999 pr=50 surv=57 ex=53 bad=0 hits=0 t=1s
  G2 c5/c7@-7: rank[3,3] g=3 src=pari sat=1 tors=4 st=9588 hmax=166 pr=50 surv=23 ex=19 bad=0 hits=0 t=1s
  G2 c5/c4@-7: rank[2,2] g=2 src=pari sat=1 tors=4 st=5284 hmax=999 pr=50 surv=61 ex=57 bad=0 hits=0 t=1s
  G2 c7/c4@-7: rank[2,2] g=2 src=pari sat=1 tors=4 st=9580 hmax=804 pr=50 surv=67 ex=63 bad=0 hits=0 t=1s
  G3 c2/c3@-7: rank[3,3] g=3 src=pari sat=1 tors=4 st=9604 hmax=131 pr=50 surv=23 ex=19 bad=0 hits=0 t=1s
  G3 c2/c5@-7: rank[4,4] g=4 src=pari sat=1 tors=2 st=4754 hmax=56 pr=50 surv=21 ex=17 bad=0 hits=0 t=1s
  G3 c2/c6@-7: rank[1,1] g=1 src=pari sat=1 tors=8 st=472 hmax=997 pr=50 surv=32 ex=28 bad=0 hits=0 t=1s
  G3 c2/c4@-7: rank[2,2] g=2 src=pari sat=1 tors=4 st=9580 hmax=804 pr=50 surv=51 ex=47 bad=0 hits=0 t=1s
  G3 c3/c5@-7: rank[2,2] g=2 src=pari sat=1 tors=4 st=8172 hmax=1000 pr=50 surv=158 ex=154 bad=0 hits=0 t=1s
  G3 c3/c6@-7: rank[4,4] g=4 src=pari sat=1 tors=2 st=4754 hmax=56 pr=50 surv=22 ex=18 bad=0 hits=0 t=1s
  G3 c3/c4@-7: rank[3,3] g=3 src=pari sat=1 tors=2 st=4770 hmax=73 pr=50 surv=34 ex=30 bad=0 hits=0 t=1s
  G3 c5/c6@-7: rank[3,3] g=3 src=pari sat=1 tors=4 st=9604 hmax=131 pr=50 surv=20 ex=16 bad=0 hits=0 t=1s
  G3 c5/c4@-7: rank[3,3] g=3 src=pari sat=1 tors=2 st=4770 hmax=73 pr=50 surv=36 ex=32 bad=0 hits=0 t=1s
  G3 c6/c4@-7: rank[2,2] g=2 src=pari sat=1 tors=4 st=9580 hmax=804 pr=50 surv=50 ex=46 bad=0 hits=0 t=1s
== (m,n)=(4,-3)
  G1 c0/c2@-1: rank[3,3] g=3 src=pari sat=1 tors=2 st=4802 hmax=191 pr=50 surv=42 ex=38 bad=0 hits=0 t=1s
  G1 c0/c6@-1: rank[3,3] g=3 src=pari sat=1 tors=2 st=4802 hmax=191 pr=50 surv=43 ex=39 bad=0 hits=0 t=1s
  G1 c0/c8@-1: rank[0,0] g=0 src=pari sat=1 tors=16 st=16 hmax=0 pr=50 surv=14 ex=6 bad=0 hits=0 t=1s
  G1 c4/c0@-7: rank[1,1] g=1 src=pari sat=1 tors=4 st=180 hmax=944 pr=50 surv=9 ex=7 bad=0 hits=0 t=1s
  G1 c2/c6@-1: rank[0,0] g=0 src=pari sat=1 tors=8 st=8 hmax=0 pr=50 surv=8 ex=4 bad=0 hits=0 t=1s
  G1 c2/c8@-1: rank[3,3] g=3 src=pari sat=1 tors=2 st=4802 hmax=191 pr=50 surv=33 ex=29 bad=0 hits=0 t=1s
  G1 c4/c2@-7: rank[1,1] g=1 src=pari sat=1 tors=8 st=408 hmax=933 pr=50 surv=8 ex=6 bad=0 hits=0 t=1s
  G1 c6/c8@-1: rank[3,3] g=3 src=pari sat=1 tors=2 st=4802 hmax=191 pr=50 surv=32 ex=28 bad=0 hits=0 t=1s
  G1 c4/c6@-7: rank[1,1] g=1 src=pari sat=1 tors=8 st=408 hmax=933 pr=50 surv=8 ex=6 bad=0 hits=0 t=1s
  G1 c4/c8@-7: rank[1,1] g=1 src=pari sat=1 tors=4 st=180 hmax=944 pr=50 surv=9 ex=7 bad=0 hits=0 t=1s
  G2 c1/c3@-7: rank[3,3] g=3 src=pari sat=1 tors=4 st=9588 hmax=166 pr=50 surv=32 ex=28 bad=0 hits=0 t=1s
  G2 c1/c5@-7: rank[3,3] g=3 src=pari sat=1 tors=4 st=9588 hmax=166 pr=50 surv=23 ex=19 bad=0 hits=0 t=1s
  G2 c1/c7@-7: rank[1,1] g=1 src=pari sat=1 tors=8 st=472 hmax=997 pr=50 surv=42 ex=38 bad=0 hits=0 t=1s
  G2 c1/c4@-7: rank[2,2] g=2 src=pari sat=1 tors=4 st=9580 hmax=804 pr=50 surv=67 ex=63 bad=0 hits=0 t=1s
  G2 c3/c5@-7: rank[1,1] g=1 src=pari sat=1 tors=8 st=232 hmax=942 pr=50 surv=17 ex=13 bad=0 hits=0 t=1s
  G2 c3/c7@-7: rank[3,3] g=3 src=pari sat=1 tors=4 st=9588 hmax=166 pr=50 surv=23 ex=19 bad=0 hits=0 t=1s
  G2 c3/c4@-7: rank[2,2] g=2 src=pari sat=1 tors=4 st=5284 hmax=999 pr=50 surv=61 ex=57 bad=0 hits=0 t=1s
  G2 c5/c7@-7: rank[3,3] g=3 src=pari sat=1 tors=4 st=9588 hmax=166 pr=50 surv=23 ex=19 bad=0 hits=0 t=1s
  G2 c5/c4@-7: rank[2,2] g=2 src=pari sat=1 tors=4 st=5284 hmax=999 pr=50 surv=57 ex=53 bad=0 hits=0 t=1s
  G2 c7/c4@-7: rank[2,2] g=2 src=pari sat=1 tors=4 st=9580 hmax=804 pr=50 surv=67 ex=63 bad=0 hits=0 t=1s
  G3 c2/c3@-7: rank[3,3] g=3 src=pari sat=1 tors=4 st=9604 hmax=131 pr=50 surv=21 ex=17 bad=0 hits=0 t=1s
  G3 c2/c5@-7: rank[4,4] g=4 src=pari sat=1 tors=2 st=4754 hmax=56 pr=50 surv=26 ex=22 bad=0 hits=0 t=1s
  G3 c2/c6@-7: rank[1,1] g=1 src=pari sat=1 tors=8 st=472 hmax=997 pr=50 surv=29 ex=25 bad=0 hits=0 t=1s
  G3 c2/c4@-7: rank[2,2] g=2 src=pari sat=1 tors=4 st=9580 hmax=804 pr=50 surv=50 ex=46 bad=0 hits=0 t=1s
  G3 c3/c5@-7: rank[2,2] g=2 src=pari sat=1 tors=4 st=8172 hmax=1000 pr=50 surv=158 ex=154 bad=0 hits=0 t=1s
  G3 c3/c6@-7: rank[4,4] g=4 src=pari sat=1 tors=2 st=4754 hmax=56 pr=50 surv=22 ex=18 bad=0 hits=0 t=1s
  G3 c3/c4@-7: rank[3,3] g=3 src=pari sat=1 tors=2 st=4770 hmax=73 pr=50 surv=36 ex=32 bad=0 hits=0 t=1s
  G3 c5/c6@-7: rank[3,3] g=3 src=pari sat=1 tors=4 st=9604 hmax=131 pr=50 surv=21 ex=17 bad=0 hits=0 t=1s
  G3 c5/c4@-7: rank[3,3] g=3 src=pari sat=1 tors=2 st=4770 hmax=73 pr=50 surv=34 ex=30 bad=0 hits=0 t=1s
  G3 c6/c4@-7: rank[2,2] g=2 src=pari sat=1 tors=4 st=9580 hmax=804 pr=50 surv=51 ex=47 bad=0 hits=0 t=1s
== (m,n)=(4,-1)
  G1 c0/c2@-5/3: rank[1,1] g=1 src=pari sat=1 tors=2 st=74 hmax=979 pr=50 surv=5 ex=1 bad=0 hits=0 t=1s
  G1 c0/c6@-5/3: rank[1,1] g=1 src=pari sat=1 tors=2 st=74 hmax=979 pr=50 surv=5 ex=3 bad=0 hits=0 t=1s
  G1 c0/c8@-5/3: rank[0,0] g=0 src=pari sat=1 tors=8 st=8 hmax=0 pr=50 surv=6 ex=0 bad=0 hits=0 t=1s
  G1 c0/c4@-5/3: rank[2,2] g=2 src=pari sat=1 tors=4 st=4780 hmax=996 pr=50 surv=97 ex=93 bad=0 hits=0 t=1s
  G1 c2/c6@-5/3: rank[1,1] g=1 src=pari sat=1 tors=8 st=424 hmax=942 pr=50 surv=2 ex=0 bad=0 hits=0 t=1s
  G1 c2/c8@-5/3: rank[1,1] g=1 src=pari sat=1 tors=2 st=74 hmax=979 pr=50 surv=5 ex=3 bad=0 hits=0 t=1s
  G1 c2/c4@-5/3: rank[2,2] g=2 src=pari sat=1 tors=4 st=5468 hmax=998 pr=50 surv=33 ex=29 bad=0 hits=0 t=1s
  G1 c6/c8@-1: rank[1,1] g=1 src=pari sat=1 tors=2 st=74 hmax=979 pr=50 surv=5 ex=3 bad=0 hits=0 t=1s
  G1 c4/c6@-5/3: rank[2,2] g=2 src=pari sat=1 tors=4 st=5468 hmax=998 pr=50 surv=28 ex=26 bad=0 hits=0 t=1s
  G1 c4/c8@-5/3: rank[2,2] g=2 src=pari sat=1 tors=4 st=4780 hmax=996 pr=50 surv=83 ex=81 bad=0 hits=0 t=1s
  G2 c1/c3@-5/3: rank[3,3] g=3 src=pari sat=1 tors=4 st=9604 hmax=124 pr=50 surv=34 ex=30 bad=0 hits=0 t=1s
  G2 c1/c5@-5/3: rank[3,3] g=3 src=pari sat=1 tors=4 st=9604 hmax=124 pr=50 surv=35 ex=31 bad=0 hits=0 t=1s
  G2 c1/c7@-5/3: rank[1,1] g=1 src=pari sat=1 tors=8 st=248 hmax=942 pr=50 surv=17 ex=13 bad=0 hits=0 t=1s
  G2 c1/c4@-5/3: rank[2,2] g=2 src=pari sat=1 tors=4 st=6428 hmax=999 pr=50 surv=17 ex=13 bad=0 hits=0 t=1s
  G2 c3/c5@-5/3: rank[1,1] g=1 src=pari sat=1 tors=8 st=248 hmax=883 pr=50 surv=33 ex=29 bad=0 hits=0 t=1s
  G2 c3/c7@-5/3: rank[3,3] g=3 src=pari sat=1 tors=4 st=9604 hmax=124 pr=50 surv=34 ex=30 bad=0 hits=0 t=1s
  G2 c3/c4@-5/3: rank[2,2] g=2 src=pari sat=1 tors=4 st=6964 hmax=999 pr=50 surv=17 ex=13 bad=0 hits=0 t=1s
  G2 c5/c7@-5/3: rank[3,3] g=3 src=pari sat=1 tors=4 st=9604 hmax=124 pr=50 surv=36 ex=32 bad=0 hits=0 t=1s
  G2 c5/c4@-5/3: rank[2,2] g=2 src=pari sat=1 tors=4 st=6964 hmax=999 pr=50 surv=19 ex=15 bad=0 hits=0 t=1s
  G2 c7/c4@-5/3: rank[2,2] g=2 src=pari sat=1 tors=4 st=6428 hmax=999 pr=50 surv=17 ex=13 bad=0 hits=0 t=1s
  G3 c2/c3@-5/3: rank[2,2] g=2 src=pari sat=1 tors=4 st=3964 hmax=992 pr=50 surv=17 ex=13 bad=0 hits=0 t=1s
  G3 c2/c5@-5/3: rank[2,2] g=2 src=pari sat=1 tors=2 st=1330 hmax=999 pr=50 surv=9 ex=5 bad=0 hits=0 t=1s
  G3 c2/c6@-5/3: rank[1,1] g=1 src=pari sat=1 tors=8 st=248 hmax=942 pr=50 surv=18 ex=14 bad=0 hits=0 t=1s
  G3 c2/c4@-5/3: rank[2,2] g=2 src=pari sat=1 tors=4 st=6428 hmax=999 pr=50 surv=48 ex=44 bad=0 hits=0 t=1s
  G3 c3/c5@-5/3: rank[2,2] g=2 src=pari sat=1 tors=4 st=7292 hmax=994 pr=50 surv=26 ex=22 bad=0 hits=0 t=1s
  G3 c3/c6@-5/3: rank[2,2] g=2 src=pari sat=1 tors=2 st=1330 hmax=999 pr=50 surv=9 ex=5 bad=0 hits=0 t=1s
  G3 c3/c4@-5/3: rank[2,2] g=2 src=pari sat=1 tors=2 st=1858 hmax=999 pr=50 surv=9 ex=5 bad=0 hits=0 t=1s
  G3 c5/c6@-5/3: rank[2,2] g=2 src=pari sat=1 tors=4 st=3964 hmax=992 pr=50 surv=18 ex=14 bad=0 hits=0 t=1s
  G3 c5/c4@-5/3: rank[2,2] g=2 src=pari sat=1 tors=2 st=1858 hmax=999 pr=50 surv=9 ex=5 bad=0 hits=0 t=1s
  G3 c6/c4@-5/3: rank[2,2] g=2 src=pari sat=1 tors=4 st=6428 hmax=999 pr=50 surv=47 ex=43 bad=0 hits=0 t=1s
== (m,n)=(4,1)
  G1 c0/c2@-5/3: rank[1,1] g=1 src=pari sat=1 tors=2 st=74 hmax=979 pr=50 surv=5 ex=3 bad=0 hits=0 t=1s
  G1 c0/c6@-5/3: rank[1,1] g=1 src=pari sat=1 tors=2 st=74 hmax=979 pr=50 surv=5 ex=1 bad=0 hits=0 t=1s
  G1 c0/c8@-5/3: rank[0,0] g=0 src=pari sat=1 tors=8 st=8 hmax=0 pr=50 surv=6 ex=0 bad=0 hits=0 t=1s
  G1 c0/c4@-5/3: rank[2,2] g=2 src=pari sat=1 tors=4 st=4780 hmax=996 pr=50 surv=97 ex=93 bad=0 hits=0 t=1s
  G1 c6/c2@-5/3: rank[1,1] g=1 src=pari sat=1 tors=8 st=424 hmax=942 pr=50 surv=2 ex=0 bad=0 hits=0 t=1s
  G1 c2/c8@-1: rank[1,1] g=1 src=pari sat=1 tors=2 st=74 hmax=979 pr=50 surv=5 ex=3 bad=0 hits=0 t=1s
  G1 c4/c2@-5/3: rank[2,2] g=2 src=pari sat=1 tors=4 st=5468 hmax=998 pr=50 surv=28 ex=26 bad=0 hits=0 t=1s
  G1 c6/c8@-5/3: rank[1,1] g=1 src=pari sat=1 tors=2 st=74 hmax=979 pr=50 surv=5 ex=3 bad=0 hits=0 t=1s
  G1 c6/c4@-5/3: rank[2,2] g=2 src=pari sat=1 tors=4 st=5468 hmax=998 pr=50 surv=33 ex=29 bad=0 hits=0 t=1s
  G1 c4/c8@-5/3: rank[2,2] g=2 src=pari sat=1 tors=4 st=4780 hmax=996 pr=50 surv=83 ex=81 bad=0 hits=0 t=1s
  G2 c1/c3@-5/3: rank[3,3] g=3 src=pari sat=1 tors=4 st=9604 hmax=124 pr=50 surv=35 ex=31 bad=0 hits=0 t=1s
  G2 c1/c5@-5/3: rank[3,3] g=3 src=pari sat=1 tors=4 st=9604 hmax=124 pr=50 surv=34 ex=30 bad=0 hits=0 t=1s
  G2 c1/c7@-5/3: rank[1,1] g=1 src=pari sat=1 tors=8 st=248 hmax=942 pr=50 surv=17 ex=13 bad=0 hits=0 t=1s
  G2 c1/c4@-5/3: rank[2,2] g=2 src=pari sat=1 tors=4 st=6428 hmax=999 pr=50 surv=17 ex=13 bad=0 hits=0 t=1s
  G2 c3/c5@-5/3: rank[1,1] g=1 src=pari sat=1 tors=8 st=248 hmax=883 pr=50 surv=33 ex=29 bad=0 hits=0 t=1s
  G2 c3/c7@-5/3: rank[3,3] g=3 src=pari sat=1 tors=4 st=9604 hmax=124 pr=50 surv=36 ex=32 bad=0 hits=0 t=1s
  G2 c3/c4@-5/3: rank[2,2] g=2 src=pari sat=1 tors=4 st=6964 hmax=999 pr=50 surv=19 ex=15 bad=0 hits=0 t=1s
  G2 c5/c7@-5/3: rank[3,3] g=3 src=pari sat=1 tors=4 st=9604 hmax=124 pr=50 surv=34 ex=30 bad=0 hits=0 t=1s
  G2 c5/c4@-5/3: rank[2,2] g=2 src=pari sat=1 tors=4 st=6964 hmax=999 pr=50 surv=17 ex=13 bad=0 hits=0 t=1s
  G2 c7/c4@-5/3: rank[2,2] g=2 src=pari sat=1 tors=4 st=6428 hmax=999 pr=50 surv=17 ex=13 bad=0 hits=0 t=1s
  G3 c2/c3@-5/3: rank[2,2] g=2 src=pari sat=1 tors=4 st=3964 hmax=992 pr=50 surv=18 ex=16 bad=0 hits=0 t=1s
  G3 c2/c5@-5/3: rank[2,2] g=2 src=pari sat=1 tors=2 st=1330 hmax=999 pr=50 surv=9 ex=7 bad=0 hits=0 t=1s
  G3 c2/c6@-5/3: rank[1,1] g=1 src=pari sat=1 tors=8 st=248 hmax=942 pr=50 surv=17 ex=13 bad=0 hits=0 t=0s
  G3 c2/c4@-5/3: rank[2,2] g=2 src=pari sat=1 tors=4 st=6428 hmax=999 pr=50 surv=45 ex=41 bad=0 hits=0 t=1s
  G3 c3/c5@-1: rank[2,2] g=2 src=pari sat=1 tors=4 st=7292 hmax=994 pr=50 surv=29 ex=25 bad=0 hits=0 t=1s
  G3 c6/c3@-5/3: rank[2,2] g=2 src=pari sat=1 tors=2 st=1330 hmax=999 pr=50 surv=9 ex=7 bad=0 hits=0 t=1s
  G3 c4/c3@-5/3: rank[2,2] g=2 src=pari sat=1 tors=2 st=1858 hmax=999 pr=50 surv=9 ex=7 bad=0 hits=0 t=1s
  G3 c6/c5@-5/3: rank[2,2] g=2 src=pari sat=1 tors=4 st=3964 hmax=992 pr=50 surv=17 ex=15 bad=0 hits=0 t=1s
  G3 c4/c5@-5/3: rank[2,2] g=2 src=pari sat=1 tors=2 st=1858 hmax=999 pr=50 surv=9 ex=7 bad=0 hits=0 t=1s
  G3 c6/c4@-5/3: rank[2,2] g=2 src=pari sat=1 tors=4 st=6428 hmax=999 pr=50 surv=50 ex=46 bad=0 hits=0 t=1s
== (m,n)=(4,3)
  G1 c0/c2@-1: rank[3,3] g=3 src=pari sat=1 tors=2 st=4802 hmax=191 pr=50 surv=43 ex=39 bad=0 hits=0 t=1s
  G1 c0/c6@-1: rank[3,3] g=3 src=pari sat=1 tors=2 st=4802 hmax=191 pr=50 surv=42 ex=38 bad=0 hits=0 t=1s
  G1 c0/c8@-1: rank[0,0] g=0 src=pari sat=1 tors=16 st=16 hmax=0 pr=50 surv=14 ex=6 bad=0 hits=0 t=1s
  G1 c4/c0@-7: rank[1,1] g=1 src=pari sat=1 tors=4 st=180 hmax=944 pr=50 surv=9 ex=7 bad=0 hits=0 t=1s
  G1 c2/c6@-1: rank[0,0] g=0 src=pari sat=1 tors=8 st=8 hmax=0 pr=50 surv=8 ex=4 bad=0 hits=0 t=1s
  G1 c2/c8@-1: rank[3,3] g=3 src=pari sat=1 tors=2 st=4802 hmax=191 pr=50 surv=32 ex=28 bad=0 hits=0 t=1s
  G1 c4/c2@-7: rank[1,1] g=1 src=pari sat=1 tors=8 st=408 hmax=933 pr=50 surv=8 ex=6 bad=0 hits=0 t=1s
  G1 c6/c8@-1: rank[3,3] g=3 src=pari sat=1 tors=2 st=4802 hmax=191 pr=50 surv=33 ex=29 bad=0 hits=0 t=1s
  G1 c4/c6@-7: rank[1,1] g=1 src=pari sat=1 tors=8 st=408 hmax=933 pr=50 surv=8 ex=6 bad=0 hits=0 t=1s
  G1 c4/c8@-7: rank[1,1] g=1 src=pari sat=1 tors=4 st=180 hmax=944 pr=50 surv=9 ex=7 bad=0 hits=0 t=1s
  G2 c1/c3@-7: rank[3,3] g=3 src=pari sat=1 tors=4 st=9588 hmax=166 pr=50 surv=23 ex=19 bad=0 hits=0 t=1s
  G2 c1/c5@-7: rank[3,3] g=3 src=pari sat=1 tors=4 st=9588 hmax=166 pr=50 surv=32 ex=28 bad=0 hits=0 t=1s
  G2 c1/c7@-7: rank[1,1] g=1 src=pari sat=1 tors=8 st=472 hmax=997 pr=50 surv=42 ex=38 bad=0 hits=0 t=1s
  G2 c1/c4@-7: rank[2,2] g=2 src=pari sat=1 tors=4 st=9580 hmax=804 pr=50 surv=67 ex=63 bad=0 hits=0 t=1s
  G2 c3/c5@-7: rank[1,1] g=1 src=pari sat=1 tors=8 st=232 hmax=942 pr=50 surv=17 ex=13 bad=0 hits=0 t=1s
  G2 c3/c7@-7: rank[3,3] g=3 src=pari sat=1 tors=4 st=9588 hmax=166 pr=50 surv=23 ex=19 bad=0 hits=0 t=1s
  G2 c3/c4@-7: rank[2,2] g=2 src=pari sat=1 tors=4 st=5284 hmax=999 pr=50 surv=57 ex=53 bad=0 hits=0 t=1s
  G2 c5/c7@-7: rank[3,3] g=3 src=pari sat=1 tors=4 st=9588 hmax=166 pr=50 surv=23 ex=19 bad=0 hits=0 t=1s
  G2 c5/c4@-7: rank[2,2] g=2 src=pari sat=1 tors=4 st=5284 hmax=999 pr=50 surv=61 ex=57 bad=0 hits=0 t=1s
  G2 c7/c4@-7: rank[2,2] g=2 src=pari sat=1 tors=4 st=9580 hmax=804 pr=50 surv=67 ex=63 bad=0 hits=0 t=1s
  G3 c2/c3@-7: rank[3,3] g=3 src=pari sat=1 tors=4 st=9604 hmax=131 pr=50 surv=21 ex=19 bad=0 hits=0 t=1s
  G3 c2/c5@-7: rank[4,4] g=4 src=pari sat=1 tors=2 st=4754 hmax=56 pr=50 surv=26 ex=24 bad=0 hits=0 t=1s
  G3 c2/c6@-7: rank[1,1] g=1 src=pari sat=1 tors=8 st=472 hmax=997 pr=50 surv=29 ex=25 bad=0 hits=0 t=1s
  G3 c2/c4@-7: rank[2,2] g=2 src=pari sat=1 tors=4 st=9580 hmax=804 pr=50 surv=52 ex=48 bad=0 hits=0 t=1s
  G3 c3/c5@-1: rank[2,2] g=2 src=pari sat=1 tors=4 st=8172 hmax=1000 pr=50 surv=145 ex=141 bad=0 hits=0 t=1s
  G3 c6/c3@-7: rank[4,4] g=4 src=pari sat=1 tors=2 st=4754 hmax=56 pr=50 surv=26 ex=24 bad=0 hits=0 t=1s
  G3 c4/c3@-7: rank[3,3] g=3 src=pari sat=1 tors=2 st=4770 hmax=73 pr=50 surv=36 ex=34 bad=0 hits=0 t=1s
  G3 c6/c5@-7: rank[3,3] g=3 src=pari sat=1 tors=4 st=9604 hmax=131 pr=50 surv=21 ex=19 bad=0 hits=0 t=1s
  G3 c4/c5@-7: rank[3,3] g=3 src=pari sat=1 tors=2 st=4770 hmax=73 pr=50 surv=40 ex=38 bad=0 hits=0 t=1s
  G3 c6/c4@-7: rank[2,2] g=2 src=pari sat=1 tors=4 st=9580 hmax=804 pr=50 surv=50 ex=46 bad=0 hits=0 t=1s
== (m,n)=(1,-5)
  G1 c0/c2: кривая не построена
  G1 c0/c6: кривая не построена
  G1 c0/c8@0: rank[0,0] g=0 src=pari sat=1 tors=8 st=8 hmax=0 pr=50 surv=8 ex=0 bad=0 hits=0 t=1s
  G1 c0/c4: кривая не построена
  G1 c2/c6@-1: rank[0,0] g=0 src=pari sat=1 tors=8 st=8 hmax=0 pr=50 surv=4 ex=0 bad=0 hits=0 t=1s
  G1 c2/c8: кривая не построена
  G1 c2/c4: кривая не построена
  G1 c6/c8: кривая не построена
  G1 c6/c4: кривая не построена
  G1 c8/c4: кривая не построена
  G2 c1/c3@-3/2: rank[2,2] g=2 src=pari sat=1 tors=4 st=7220 hmax=1000 pr=50 surv=26 ex=22 bad=0 hits=0 t=1s
  G2 c1/c5@-3/2: rank[2,2] g=2 src=pari sat=1 tors=4 st=7220 hmax=1000 pr=50 surv=25 ex=21 bad=0 hits=0 t=1s
  G2 c1/c7@-3/2: rank[1,1] g=1 src=pari sat=1 tors=8 st=264 hmax=974 pr=50 surv=17 ex=13 bad=0 hits=0 t=1s
  G2 c1/c4@-3/2: rank[2,2] g=2 src=pari sat=1 tors=4 st=6580 hmax=996 pr=50 surv=42 ex=38 bad=0 hits=0 t=1s
  G2 c3/c5@-3/2: rank[1,1] g=1 src=pari sat=1 tors=8 st=264 hmax=939 pr=50 surv=18 ex=14 bad=0 hits=0 t=1s
  G2 c3/c7@-3/2: rank[2,2] g=2 src=pari sat=1 tors=4 st=7220 hmax=1000 pr=50 surv=29 ex=25 bad=0 hits=0 t=1s
  G2 c3/c4@-3/2: rank[2,2] g=2 src=pari sat=1 tors=4 st=7916 hmax=999 pr=50 surv=36 ex=32 bad=0 hits=0 t=1s
  G2 c5/c7@-3/2: rank[2,2] g=2 src=pari sat=1 tors=4 st=7220 hmax=1000 pr=50 surv=26 ex=22 bad=0 hits=0 t=1s
  G2 c5/c4@-3/2: rank[2,2] g=2 src=pari sat=1 tors=4 st=7916 hmax=999 pr=50 surv=41 ex=37 bad=0 hits=0 t=1s
  G2 c7/c4@-3/2: rank[2,2] g=2 src=pari sat=1 tors=4 st=6580 hmax=996 pr=50 surv=41 ex=37 bad=0 hits=0 t=1s
  G3 c2/c3@-3/2: rank[2,2] g=2 src=pari sat=1 tors=4 st=4084 hmax=998 pr=50 surv=13 ex=11 bad=0 hits=0 t=1s
  G3 c2/c5@-3/2: rank[2,2] g=2 src=pari sat=1 tors=2 st=1554 hmax=1000 pr=50 surv=9 ex=7 bad=0 hits=0 t=1s
  G3 c2/c6@-3/2: rank[1,1] g=1 src=pari sat=1 tors=8 st=264 hmax=974 pr=50 surv=17 ex=13 bad=0 hits=0 t=0s
  G3 c2/c4@-3/2: rank[2,2] g=2 src=pari sat=1 tors=4 st=6580 hmax=996 pr=50 surv=27 ex=23 bad=0 hits=0 t=0s
  G3 c3/c5@-1: rank[2,2] g=2 src=pari sat=1 tors=4 st=9236 hmax=999 pr=50 surv=56 ex=52 bad=0 hits=0 t=1s
  G3 c6/c3@-3/2: rank[2,2] g=2 src=pari sat=1 tors=2 st=1554 hmax=1000 pr=50 surv=11 ex=9 bad=0 hits=0 t=1s
  G3 c4/c3@-3/2: rank[2,2] g=2 src=pari sat=1 tors=2 st=1990 hmax=998 pr=50 surv=9 ex=7 bad=0 hits=0 t=1s
  G3 c6/c5@-3/2: rank[2,2] g=2 src=pari sat=1 tors=4 st=4084 hmax=998 pr=50 surv=15 ex=13 bad=0 hits=0 t=1s
  G3 c4/c5@-3/2: rank[2,2] g=2 src=pari sat=1 tors=2 st=1990 hmax=998 pr=50 surv=11 ex=9 bad=0 hits=0 t=1s
  G3 c6/c4@-3/2: rank[2,2] g=2 src=pari sat=1 tors=4 st=6580 hmax=996 pr=50 surv=29 ex=25 bad=0 hits=0 t=1s
== (m,n)=(1,5)
  G1 c0/c2: кривая не построена
  G1 c0/c6: кривая не построена
  G1 c0/c8@0: rank[0,0] g=0 src=pari sat=1 tors=8 st=8 hmax=0 pr=50 surv=8 ex=0 bad=0 hits=0 t=1s
  G1 c0/c4: кривая не построена
  G1 c2/c6@-1: rank[0,0] g=0 src=pari sat=1 tors=8 st=8 hmax=0 pr=50 surv=4 ex=0 bad=0 hits=0 t=1s
  G1 c2/c8: кривая не построена
  G1 c2/c4: кривая не построена
  G1 c6/c8: кривая не построена
  G1 c6/c4: кривая не построена
  G1 c8/c4: кривая не построена
  G2 c1/c3@-3/2: rank[2,2] g=2 src=pari sat=1 tors=4 st=7220 hmax=1000 pr=50 surv=25 ex=21 bad=0 hits=0 t=1s
  G2 c1/c5@-3/2: rank[2,2] g=2 src=pari sat=1 tors=4 st=7220 hmax=1000 pr=50 surv=26 ex=22 bad=0 hits=0 t=1s
  G2 c1/c7@-3/2: rank[1,1] g=1 src=pari sat=1 tors=8 st=264 hmax=974 pr=50 surv=17 ex=13 bad=0 hits=0 t=1s
  G2 c1/c4@-3/2: rank[2,2] g=2 src=pari sat=1 tors=4 st=6580 hmax=996 pr=50 surv=42 ex=38 bad=0 hits=0 t=1s
  G2 c3/c5@-3/2: rank[1,1] g=1 src=pari sat=1 tors=8 st=264 hmax=939 pr=50 surv=18 ex=14 bad=0 hits=0 t=1s
  G2 c3/c7@-3/2: rank[2,2] g=2 src=pari sat=1 tors=4 st=7220 hmax=1000 pr=50 surv=26 ex=22 bad=0 hits=0 t=1s
  G2 c3/c4@-3/2: rank[2,2] g=2 src=pari sat=1 tors=4 st=7916 hmax=999 pr=50 surv=41 ex=37 bad=0 hits=0 t=1s
  G2 c5/c7@-3/2: rank[2,2] g=2 src=pari sat=1 tors=4 st=7220 hmax=1000 pr=50 surv=29 ex=25 bad=0 hits=0 t=1s
  G2 c5/c4@-3/2: rank[2,2] g=2 src=pari sat=1 tors=4 st=7916 hmax=999 pr=50 surv=36 ex=32 bad=0 hits=0 t=1s
  G2 c7/c4@-3/2: rank[2,2] g=2 src=pari sat=1 tors=4 st=6580 hmax=996 pr=50 surv=41 ex=37 bad=0 hits=0 t=1s
  G3 c2/c3@-3/2: rank[2,2] g=2 src=pari sat=1 tors=4 st=4084 hmax=998 pr=50 surv=20 ex=16 bad=0 hits=0 t=1s
  G3 c2/c5@-3/2: rank[2,2] g=2 src=pari sat=1 tors=2 st=1554 hmax=1000 pr=50 surv=9 ex=5 bad=0 hits=0 t=1s
  G3 c2/c6@-3/2: rank[1,1] g=1 src=pari sat=1 tors=8 st=264 hmax=974 pr=50 surv=17 ex=13 bad=0 hits=0 t=1s
  G3 c2/c4@-3/2: rank[2,2] g=2 src=pari sat=1 tors=4 st=6580 hmax=996 pr=50 surv=27 ex=23 bad=0 hits=0 t=1s
  G3 c3/c5@-3/2: rank[2,2] g=2 src=pari sat=1 tors=4 st=9236 hmax=999 pr=50 surv=34 ex=30 bad=0 hits=0 t=1s
  G3 c3/c6@-3/2: rank[2,2] g=2 src=pari sat=1 tors=2 st=1554 hmax=1000 pr=50 surv=11 ex=7 bad=0 hits=0 t=1s
  G3 c3/c4@-3/2: rank[2,2] g=2 src=pari sat=1 tors=2 st=1990 hmax=998 pr=50 surv=13 ex=9 bad=0 hits=0 t=1s
  G3 c5/c6@-3/2: rank[2,2] g=2 src=pari sat=1 tors=4 st=4084 hmax=998 pr=50 surv=15 ex=11 bad=0 hits=0 t=1s
  G3 c5/c4@-3/2: rank[2,2] g=2 src=pari sat=1 tors=2 st=1990 hmax=998 pr=50 surv=15 ex=11 bad=0 hits=0 t=1s
  G3 c6/c4@-3/2: rank[2,2] g=2 src=pari sat=1 tors=4 st=6580 hmax=996 pr=50 surv=26 ex=22 bad=0 hits=0 t=1s
== (m,n)=(2,-5)
  G1 c0/c2: кривая не построена
  G1 c0/c6: кривая не построена
  G1 c0/c8@0: rank[1,1] g=1 src=pari sat=1 tors=8 st=376 hmax=988 pr=50 surv=8 ex=0 bad=0 hits=0 t=1s
  G1 c0/c4: кривая не построена
  G1 c2/c6@-1: rank[0,0] g=0 src=pari sat=1 tors=8 st=8 hmax=0 pr=50 surv=4 ex=0 bad=0 hits=0 t=1s
  G1 c2/c8: кривая не построена
  G1 c2/c4: кривая не построена
  G1 c6/c8: кривая не построена
  G1 c6/c4: кривая не построена
  G1 c8/c4: кривая не построена
  G2 c1/c3@-7/3: rank[3,3] g=3 src=pari sat=1 tors=4 st=9564 hmax=174 pr=50 surv=24 ex=20 bad=0 hits=0 t=1s
  G2 c1/c5@-7/3: rank[3,3] g=3 src=pari sat=1 tors=4 st=9564 hmax=174 pr=50 surv=25 ex=21 bad=0 hits=0 t=1s
  G2 c1/c7@-7/3: rank[2,2] g=2 src=pari sat=1 tors=8 st=7192 hmax=997 pr=50 surv=68 ex=64 bad=0 hits=0 t=1s
  G2 c1/c4@-7/3: rank[3,3] g=3 src=pari sat=1 tors=4 st=9604 hmax=167 pr=50 surv=26 ex=22 bad=0 hits=0 t=1s
  G2 c3/c5@-7/3: rank[1,1] g=1 src=pari sat=1 tors=8 st=232 hmax=954 pr=50 surv=17 ex=13 bad=0 hits=0 t=1s
  G2 c3/c7@-7/3: rank[3,3] g=3 src=pari sat=1 tors=4 st=9564 hmax=174 pr=50 surv=24 ex=20 bad=0 hits=0 t=1s
  G2 c3/c4@-7/3: rank[2,2] g=2 src=pari sat=1 tors=4 st=5364 hmax=997 pr=50 surv=33 ex=29 bad=0 hits=0 t=1s
  G2 c5/c7@-7/3: rank[3,3] g=3 src=pari sat=1 tors=4 st=9564 hmax=174 pr=50 surv=25 ex=21 bad=0 hits=0 t=1s
  G2 c5/c4@-7/3: rank[2,2] g=2 src=pari sat=1 tors=4 st=5364 hmax=997 pr=50 surv=33 ex=29 bad=0 hits=0 t=1s
  G2 c7/c4@-7/3: rank[3,3] g=3 src=pari sat=1 tors=4 st=9604 hmax=167 pr=50 surv=25 ex=21 bad=0 hits=0 t=1s
  G3 c2/c3@-7/3: rank[2,2] g=2 src=pari sat=1 tors=4 st=4956 hmax=997 pr=50 surv=10 ex=8 bad=0 hits=0 t=1s
  G3 c2/c5@-7/3: rank[4,4] g=4 src=pari sat=1 tors=2 st=4802 hmax=68 pr=50 surv=19 ex=17 bad=0 hits=0 t=1s
  G3 c2/c6@-7/3: rank[2,2] g=2 src=pari sat=1 tors=8 st=7192 hmax=997 pr=50 surv=76 ex=72 bad=0 hits=0 t=1s
  G3 c2/c4@-7/3: rank[3,3] g=3 src=pari sat=1 tors=4 st=9604 hmax=167 pr=50 surv=27 ex=23 bad=0 hits=0 t=1s
  G3 c3/c5@-1: rank[2,2] g=2 src=pari sat=1 tors=4 st=6364 hmax=999 pr=50 surv=34 ex=30 bad=0 hits=0 t=1s
  G3 c6/c3@-7/3: rank[4,4] g=4 src=pari sat=1 tors=2 st=4802 hmax=68 pr=50 surv=16 ex=14 bad=0 hits=0 t=1s
  G3 c4/c3@-7/3: rank[2,2] g=2 src=pari sat=1 tors=2 st=1642 hmax=992 pr=50 surv=14 ex=12 bad=0 hits=0 t=1s
  G3 c6/c5@-7/3: rank[2,2] g=2 src=pari sat=1 tors=4 st=4956 hmax=997 pr=50 surv=10 ex=8 bad=0 hits=0 t=1s
  G3 c4/c5@-7/3: rank[2,2] g=2 src=pari sat=1 tors=2 st=1642 hmax=992 pr=50 surv=15 ex=13 bad=0 hits=0 t=1s
  G3 c6/c4@-7/3: rank[3,3] g=3 src=pari sat=1 tors=4 st=9604 hmax=167 pr=50 surv=21 ex=17 bad=0 hits=0 t=1s
== (m,n)=(2,5)
  G1 c0/c2: кривая не построена
  G1 c0/c6: кривая не построена
  G1 c0/c8@0: rank[1,1] g=1 src=pari sat=1 tors=8 st=376 hmax=988 pr=50 surv=8 ex=0 bad=0 hits=0 t=1s
  G1 c0/c4: кривая не построена
  G1 c2/c6@-1: rank[0,0] g=0 src=pari sat=1 tors=8 st=8 hmax=0 pr=50 surv=4 ex=0 bad=0 hits=0 t=1s
  G1 c2/c8: кривая не построена
  G1 c2/c4: кривая не построена
  G1 c6/c8: кривая не построена
  G1 c6/c4: кривая не построена
  G1 c8/c4: кривая не построена
  G2 c1/c3@-7/3: rank[3,3] g=3 src=pari sat=1 tors=4 st=9564 hmax=174 pr=50 surv=25 ex=21 bad=0 hits=0 t=1s
  G2 c1/c5@-7/3: rank[3,3] g=3 src=pari sat=1 tors=4 st=9564 hmax=174 pr=50 surv=24 ex=20 bad=0 hits=0 t=1s
  G2 c1/c7@-7/3: rank[2,2] g=2 src=pari sat=1 tors=8 st=7192 hmax=997 pr=50 surv=68 ex=64 bad=0 hits=0 t=1s
  G2 c1/c4@-7/3: rank[3,3] g=3 src=pari sat=1 tors=4 st=9604 hmax=167 pr=50 surv=26 ex=22 bad=0 hits=0 t=1s
  G2 c3/c5@-7/3: rank[1,1] g=1 src=pari sat=1 tors=8 st=232 hmax=954 pr=50 surv=17 ex=13 bad=0 hits=0 t=1s
  G2 c3/c7@-7/3: rank[3,3] g=3 src=pari sat=1 tors=4 st=9564 hmax=174 pr=50 surv=25 ex=21 bad=0 hits=0 t=1s
  G2 c3/c4@-7/3: rank[2,2] g=2 src=pari sat=1 tors=4 st=5364 hmax=997 pr=50 surv=33 ex=29 bad=0 hits=0 t=1s
  G2 c5/c7@-7/3: rank[3,3] g=3 src=pari sat=1 tors=4 st=9564 hmax=174 pr=50 surv=24 ex=20 bad=0 hits=0 t=1s
  G2 c5/c4@-7/3: rank[2,2] g=2 src=pari sat=1 tors=4 st=5364 hmax=997 pr=50 surv=33 ex=29 bad=0 hits=0 t=1s
  G2 c7/c4@-7/3: rank[3,3] g=3 src=pari sat=1 tors=4 st=9604 hmax=167 pr=50 surv=25 ex=21 bad=0 hits=0 t=0s
  G3 c2/c3@-7/3: rank[2,2] g=2 src=pari sat=1 tors=4 st=4956 hmax=997 pr=50 surv=10 ex=6 bad=0 hits=0 t=0s
  G3 c2/c5@-7/3: rank[4,4] g=4 src=pari sat=1 tors=2 st=4802 hmax=68 pr=50 surv=16 ex=12 bad=0 hits=0 t=0s
  G3 c2/c6@-7/3: rank[2,2] g=2 src=pari sat=1 tors=8 st=7192 hmax=997 pr=50 surv=77 ex=73 bad=0 hits=0 t=0s
  G3 c2/c4@-7/3: rank[3,3] g=3 src=pari sat=1 tors=4 st=9604 hmax=167 pr=50 surv=30 ex=26 bad=0 hits=0 t=0s
  G3 c3/c5@-7/3: rank[2,2] g=2 src=pari sat=1 tors=4 st=6364 hmax=999 pr=50 surv=14 ex=10 bad=0 hits=0 t=0s
  G3 c3/c6@-7/3: rank[4,4] g=4 src=pari sat=1 tors=2 st=4802 hmax=68 pr=50 surv=15 ex=11 bad=0 hits=0 t=0s
  G3 c3/c4@-7/3: rank[2,2] g=2 src=pari sat=1 tors=2 st=1642 hmax=992 pr=50 surv=15 ex=11 bad=0 hits=0 t=0s
  G3 c5/c6@-7/3: rank[2,2] g=2 src=pari sat=1 tors=4 st=4956 hmax=997 pr=50 surv=9 ex=5 bad=0 hits=0 t=0s
  G3 c5/c4@-7/3: rank[2,2] g=2 src=pari sat=1 tors=2 st=1642 hmax=992 pr=50 surv=16 ex=12 bad=0 hits=0 t=0s
  G3 c6/c4@-7/3: rank[3,3] g=3 src=pari sat=1 tors=4 st=9604 hmax=167 pr=50 surv=21 ex=17 bad=0 hits=0 t=0s
== (m,n)=(3,-5)
  G1 c2/c0@-4: rank[1,1] g=1 src=pari sat=1 tors=2 st=74 hmax=979 pr=50 surv=5 ex=3 bad=0 hits=0 t=0s
  G1 c6/c0@-1: rank[1,1] g=1 src=pari sat=1 tors=2 st=74 hmax=979 pr=50 surv=5 ex=3 bad=0 hits=0 t=0s
  G1 c8/c0@-4: rank[1,1] g=1 src=pari sat=1 tors=8 st=424 hmax=942 pr=50 surv=8 ex=2 bad=0 hits=0 t=0s
  G1 c4/c0@-4: rank[2,2] g=2 src=pari sat=1 tors=4 st=5468 hmax=998 pr=50 surv=28 ex=26 bad=0 hits=0 t=0s
  G1 c2/c6@-4: rank[0,0] g=0 src=pari sat=1 tors=8 st=8 hmax=0 pr=50 surv=2 ex=0 bad=0 hits=0 t=0s
  G1 c2/c8@-4: rank[1,1] g=1 src=pari sat=1 tors=2 st=74 hmax=979 pr=50 surv=5 ex=1 bad=0 hits=0 t=0s
  G1 c2/c4@-4: rank[2,2] g=2 src=pari sat=1 tors=4 st=4780 hmax=996 pr=50 surv=77 ex=73 bad=0 hits=0 t=0s
  G1 c8/c6@-4: rank[1,1] g=1 src=pari sat=1 tors=2 st=74 hmax=979 pr=50 surv=5 ex=3 bad=0 hits=0 t=0s
  G1 c4/c6@-4: rank[2,2] g=2 src=pari sat=1 tors=4 st=4780 hmax=996 pr=50 surv=99 ex=97 bad=0 hits=0 t=0s
  G1 c8/c4@-4: rank[2,2] g=2 src=pari sat=1 tors=4 st=5468 hmax=998 pr=50 surv=28 ex=24 bad=0 hits=0 t=0s
  G2 c1/c3@-4: rank[3,3] g=3 src=pari sat=1 tors=4 st=9604 hmax=124 pr=50 surv=37 ex=33 bad=0 hits=0 t=0s
  G2 c1/c5@-4: rank[3,3] g=3 src=pari sat=1 tors=4 st=9604 hmax=124 pr=50 surv=35 ex=31 bad=0 hits=0 t=0s
  G2 c1/c7@-4: rank[1,1] g=1 src=pari sat=1 tors=8 st=248 hmax=883 pr=50 surv=33 ex=29 bad=0 hits=0 t=0s
  G2 c1/c4@-4: rank[2,2] g=2 src=pari sat=1 tors=4 st=6964 hmax=999 pr=50 surv=18 ex=14 bad=0 hits=0 t=0s
  G2 c3/c5@-4: rank[1,1] g=1 src=pari sat=1 tors=8 st=248 hmax=942 pr=50 surv=17 ex=13 bad=0 hits=0 t=0s
  G2 c3/c7@-4: rank[3,3] g=3 src=pari sat=1 tors=4 st=9604 hmax=124 pr=50 surv=28 ex=24 bad=0 hits=0 t=0s
  G2 c3/c4@-4: rank[2,2] g=2 src=pari sat=1 tors=4 st=6428 hmax=999 pr=50 surv=19 ex=15 bad=0 hits=0 t=0s
  G2 c5/c7@-4: rank[3,3] g=3 src=pari sat=1 tors=4 st=9604 hmax=124 pr=50 surv=34 ex=30 bad=0 hits=0 t=0s
  G2 c5/c4@-4: rank[2,2] g=2 src=pari sat=1 tors=4 st=6428 hmax=999 pr=50 surv=17 ex=13 bad=0 hits=0 t=0s
  G2 c7/c4@-4: rank[2,2] g=2 src=pari sat=1 tors=4 st=6964 hmax=999 pr=50 surv=17 ex=13 bad=0 hits=0 t=0s
  G3 c2/c3@-4: rank[1,1] g=1 src=pari sat=1 tors=4 st=140 hmax=919 pr=50 surv=9 ex=7 bad=0 hits=0 t=0s
  G3 c2/c5@-4: rank[2,2] g=2 src=pari sat=1 tors=2 st=1590 hmax=994 pr=50 surv=25 ex=23 bad=0 hits=0 t=0s
  G3 c2/c6@-4: rank[1,1] g=1 src=pari sat=1 tors=8 st=248 hmax=883 pr=50 surv=17 ex=13 bad=0 hits=0 t=0s
  G3 c2/c4@-4: rank[2,2] g=2 src=pari sat=1 tors=4 st=6964 hmax=999 pr=50 surv=38 ex=34 bad=0 hits=0 t=0s
  G3 c3/c5@-1: rank[2,2] g=2 src=pari sat=1 tors=4 st=9588 hmax=843 pr=50 surv=16 ex=12 bad=0 hits=0 t=0s
  G3 c6/c3@-4: rank[2,2] g=2 src=pari sat=1 tors=2 st=1590 hmax=994 pr=50 surv=26 ex=24 bad=0 hits=0 t=0s
  G3 c4/c3@-4: rank[2,2] g=2 src=pari sat=1 tors=2 st=2178 hmax=1000 pr=50 surv=17 ex=15 bad=0 hits=0 t=0s
  G3 c6/c5@-4: rank[1,1] g=1 src=pari sat=1 tors=4 st=140 hmax=919 pr=50 surv=9 ex=7 bad=0 hits=0 t=0s
  G3 c4/c5@-4: rank[2,2] g=2 src=pari sat=1 tors=2 st=2178 hmax=1000 pr=50 surv=17 ex=15 bad=0 hits=0 t=0s
  G3 c6/c4@-4: rank[2,2] g=2 src=pari sat=1 tors=4 st=6964 hmax=999 pr=50 surv=37 ex=33 bad=0 hits=0 t=0s
== (m,n)=(3,5)
  G1 c2/c0@-1: rank[1,1] g=1 src=pari sat=1 tors=2 st=74 hmax=979 pr=50 surv=5 ex=3 bad=0 hits=0 t=1s
  G1 c6/c0@-4: rank[1,1] g=1 src=pari sat=1 tors=2 st=74 hmax=979 pr=50 surv=5 ex=3 bad=0 hits=0 t=1s
  G1 c8/c0@-4: rank[1,1] g=1 src=pari sat=1 tors=8 st=424 hmax=942 pr=50 surv=8 ex=2 bad=0 hits=0 t=1s
  G1 c4/c0@-4: rank[2,2] g=2 src=pari sat=1 tors=4 st=5468 hmax=998 pr=50 surv=28 ex=26 bad=0 hits=0 t=1s
  G1 c6/c2@-4: rank[0,0] g=0 src=pari sat=1 tors=8 st=8 hmax=0 pr=50 surv=2 ex=0 bad=0 hits=0 t=1s
  G1 c8/c2@-4: rank[1,1] g=1 src=pari sat=1 tors=2 st=74 hmax=979 pr=50 surv=5 ex=3 bad=0 hits=0 t=1s
  G1 c4/c2@-4: rank[2,2] g=2 src=pari sat=1 tors=4 st=4780 hmax=996 pr=50 surv=99 ex=97 bad=0 hits=0 t=1s
  G1 c6/c8@-4: rank[1,1] g=1 src=pari sat=1 tors=2 st=74 hmax=979 pr=50 surv=5 ex=1 bad=0 hits=0 t=1s
  G1 c6/c4@-4: rank[2,2] g=2 src=pari sat=1 tors=4 st=4780 hmax=996 pr=50 surv=77 ex=73 bad=0 hits=0 t=1s
  G1 c8/c4@-4: rank[2,2] g=2 src=pari sat=1 tors=4 st=5468 hmax=998 pr=50 surv=28 ex=24 bad=0 hits=0 t=1s
  G2 c1/c3@-4: rank[3,3] g=3 src=pari sat=1 tors=4 st=9604 hmax=124 pr=50 surv=35 ex=31 bad=0 hits=0 t=1s
  G2 c1/c5@-4: rank[3,3] g=3 src=pari sat=1 tors=4 st=9604 hmax=124 pr=50 surv=37 ex=33 bad=0 hits=0 t=1s
  G2 c1/c7@-4: rank[1,1] g=1 src=pari sat=1 tors=8 st=248 hmax=883 pr=50 surv=33 ex=29 bad=0 hits=0 t=1s
  G2 c1/c4@-4: rank[2,2] g=2 src=pari sat=1 tors=4 st=6964 hmax=999 pr=50 surv=18 ex=14 bad=0 hits=0 t=1s
  G2 c3/c5@-4: rank[1,1] g=1 src=pari sat=1 tors=8 st=248 hmax=942 pr=50 surv=17 ex=13 bad=0 hits=0 t=1s
  G2 c3/c7@-4: rank[3,3] g=3 src=pari sat=1 tors=4 st=9604 hmax=124 pr=50 surv=34 ex=30 bad=0 hits=0 t=1s
  G2 c3/c4@-4: rank[2,2] g=2 src=pari sat=1 tors=4 st=6428 hmax=999 pr=50 surv=17 ex=13 bad=0 hits=0 t=1s
  G2 c5/c7@-4: rank[3,3] g=3 src=pari sat=1 tors=4 st=9604 hmax=124 pr=50 surv=28 ex=24 bad=0 hits=0 t=1s
  G2 c5/c4@-4: rank[2,2] g=2 src=pari sat=1 tors=4 st=6428 hmax=999 pr=50 surv=19 ex=15 bad=0 hits=0 t=1s
  G2 c7/c4@-4: rank[2,2] g=2 src=pari sat=1 tors=4 st=6964 hmax=999 pr=50 surv=17 ex=13 bad=0 hits=0 t=1s
  G3 c2/c3@-4: rank[1,1] g=1 src=pari sat=1 tors=4 st=140 hmax=919 pr=50 surv=9 ex=5 bad=0 hits=0 t=1s
  G3 c2/c5@-4: rank[2,2] g=2 src=pari sat=1 tors=2 st=1590 hmax=994 pr=50 surv=26 ex=22 bad=0 hits=0 t=1s
  G3 c2/c6@-4: rank[1,1] g=1 src=pari sat=1 tors=8 st=248 hmax=883 pr=50 surv=17 ex=13 bad=0 hits=0 t=1s
  G3 c2/c4@-4: rank[2,2] g=2 src=pari sat=1 tors=4 st=6964 hmax=999 pr=50 surv=40 ex=36 bad=0 hits=0 t=1s
  G3 c3/c5@-4: rank[2,2] g=2 src=pari sat=1 tors=4 st=9588 hmax=843 pr=50 surv=11 ex=7 bad=0 hits=0 t=1s
  G3 c3/c6@-4: rank[2,2] g=2 src=pari sat=1 tors=2 st=1590 hmax=994 pr=50 surv=25 ex=21 bad=0 hits=0 t=1s
  G3 c3/c4@-4: rank[2,2] g=2 src=pari sat=1 tors=2 st=2178 hmax=1000 pr=50 surv=21 ex=17 bad=0 hits=0 t=1s
  G3 c5/c6@-4: rank[1,1] g=1 src=pari sat=1 tors=4 st=140 hmax=919 pr=50 surv=9 ex=5 bad=0 hits=0 t=1s
  G3 c5/c4@-4: rank[2,2] g=2 src=pari sat=1 tors=2 st=2178 hmax=1000 pr=50 surv=21 ex=17 bad=0 hits=0 t=1s
  G3 c6/c4@-4: rank[2,2] g=2 src=pari sat=1 tors=4 st=6964 hmax=999 pr=50 surv=37 ex=33 bad=0 hits=0 t=1s
== (m,n)=(4,-5)
  G1 c2/c0@-1: rank[2,2] g=2 src=pari sat=1 tors=2 st=814 hmax=996 pr=50 surv=2 ex=0 bad=0 hits=0 t=1s
  G1 c6/c0@-1: rank[2,2] g=2 src=pari sat=1 tors=2 st=814 hmax=996 pr=50 surv=7 ex=5 bad=0 hits=0 t=1s
  G1 c0/c8@0: rank[0,0] g=0 src=pari sat=1 tors=8 st=8 hmax=0 pr=50 surv=8 ex=0 bad=0 hits=0 t=1s
  G1 c0/c4: кривая не построена
  G1 c2/c6@-1: rank[1,1] g=1 src=pari sat=1 tors=8 st=232 hmax=941 pr=50 surv=4 ex=0 bad=0 hits=0 t=1s
  G1 c2/c8@-1: rank[2,2] g=2 src=pari sat=1 tors=2 st=814 hmax=996 pr=50 surv=7 ex=5 bad=0 hits=0 t=1s
  G1 c2/c4: кривая не построена
  G1 c6/c8@-1: rank[2,2] g=2 src=pari sat=1 tors=2 st=814 hmax=996 pr=50 surv=7 ex=5 bad=0 hits=0 t=1s
  G1 c6/c4: кривая не построена
  G1 c8/c4: кривая не построена
  G2 c1/c3@-9: rank[3,3] g=3 src=pari sat=1 tors=4 st=9604 hmax=181 pr=50 surv=35 ex=31 bad=0 hits=0 t=1s
  G2 c1/c5@-9: rank[3,3] g=3 src=pari sat=1 tors=4 st=9604 hmax=181 pr=50 surv=28 ex=24 bad=0 hits=0 t=1s
  G2 c1/c7@-9: rank[2,2] g=2 src=pari sat=1 tors=8 st=6264 hmax=997 pr=50 surv=17 ex=13 bad=0 hits=0 t=1s
  G2 c1/c4@-9: rank[3,3] g=3 src=pari sat=1 tors=4 st=9604 hmax=206 pr=50 surv=25 ex=21 bad=0 hits=0 t=1s
  G2 c3/c5@-9: rank[1,1] g=1 src=pari sat=1 tors=8 st=216 hmax=939 pr=50 surv=17 ex=13 bad=0 hits=0 t=1s
  G2 c3/c7@-9: rank[3,3] g=3 src=pari sat=1 tors=4 st=9604 hmax=181 pr=50 surv=27 ex=23 bad=0 hits=0 t=1s
  G2 c3/c4@-9: rank[3,3] g=3 src=pari sat=1 tors=4 st=9604 hmax=210 pr=50 surv=24 ex=20 bad=0 hits=0 t=1s
  G2 c5/c7@-9: rank[3,3] g=3 src=pari sat=1 tors=4 st=9604 hmax=181 pr=50 surv=28 ex=24 bad=0 hits=0 t=1s
  G2 c5/c4@-9: rank[3,3] g=3 src=pari sat=1 tors=4 st=9604 hmax=210 pr=50 surv=25 ex=21 bad=0 hits=0 t=1s
  G2 c7/c4@-9: rank[3,3] g=3 src=pari sat=1 tors=4 st=9604 hmax=206 pr=50 surv=21 ex=17 bad=0 hits=0 t=1s
  G3 c2/c3@-9: rank[1,1] g=1 src=pari sat=1 tors=4 st=124 hmax=901 pr=50 surv=10 ex=8 bad=0 hits=0 t=1s
  G3 c2/c5@-9: rank[3,3] g=3 src=pari sat=1 tors=2 st=4766 hmax=337 pr=50 surv=14 ex=12 bad=0 hits=0 t=1s
  G3 c2/c6@-9: rank[2,2] g=2 src=pari sat=1 tors=8 st=6264 hmax=997 pr=50 surv=29 ex=25 bad=0 hits=0 t=1s
  G3 c2/c4@-9: rank[3,3] g=3 src=pari sat=1 tors=4 st=9604 hmax=206 pr=50 surv=42 ex=38 bad=0 hits=0 t=1s
  G3 c3/c5@-1: rank[2,2] g=2 src=pari sat=1 tors=4 st=5924 hmax=999 pr=50 surv=16 ex=12 bad=0 hits=0 t=1s
  G3 c6/c3@-9: rank[3,3] g=3 src=pari sat=1 tors=2 st=4766 hmax=337 pr=50 surv=14 ex=12 bad=0 hits=0 t=1s
  G3 c4/c3@-9: rank[3,3] g=3 src=pari sat=1 tors=2 st=4774 hmax=280 pr=50 surv=40 ex=38 bad=0 hits=0 t=1s
  G3 c6/c5@-9: rank[1,1] g=1 src=pari sat=1 tors=4 st=124 hmax=901 pr=50 surv=10 ex=8 bad=0 hits=0 t=1s
  G3 c4/c5@-9: rank[3,3] g=3 src=pari sat=1 tors=2 st=4774 hmax=280 pr=50 surv=27 ex=25 bad=0 hits=0 t=1s
  G3 c6/c4@-9: rank[3,3] g=3 src=pari sat=1 tors=4 st=9604 hmax=206 pr=50 surv=43 ex=39 bad=0 hits=0 t=1s
== (m,n)=(4,5)
  G1 c2/c0@-1: rank[2,2] g=2 src=pari sat=1 tors=2 st=814 hmax=996 pr=50 surv=7 ex=5 bad=0 hits=0 t=1s
  G1 c6/c0@-1: rank[2,2] g=2 src=pari sat=1 tors=2 st=814 hmax=996 pr=50 surv=2 ex=0 bad=0 hits=0 t=0s
  G1 c0/c8@0: rank[0,0] g=0 src=pari sat=1 tors=8 st=8 hmax=0 pr=50 surv=8 ex=0 bad=0 hits=0 t=0s
  G1 c0/c4: кривая не построена
  G1 c2/c6@-1: rank[1,1] g=1 src=pari sat=1 tors=8 st=232 hmax=941 pr=50 surv=4 ex=0 bad=0 hits=0 t=0s
  G1 c2/c8@-1: rank[2,2] g=2 src=pari sat=1 tors=2 st=814 hmax=996 pr=50 surv=7 ex=5 bad=0 hits=0 t=1s
  G1 c2/c4: кривая не построена
  G1 c6/c8@-1: rank[2,2] g=2 src=pari sat=1 tors=2 st=814 hmax=996 pr=50 surv=7 ex=5 bad=0 hits=0 t=1s
  G1 c6/c4: кривая не построена
  G1 c8/c4: кривая не построена
  G2 c1/c3@-9: rank[3,3] g=3 src=pari sat=1 tors=4 st=9604 hmax=181 pr=50 surv=28 ex=24 bad=0 hits=0 t=1s
  G2 c1/c5@-9: rank[3,3] g=3 src=pari sat=1 tors=4 st=9604 hmax=181 pr=50 surv=35 ex=31 bad=0 hits=0 t=1s
  G2 c1/c7@-9: rank[2,2] g=2 src=pari sat=1 tors=8 st=6264 hmax=997 pr=50 surv=17 ex=13 bad=0 hits=0 t=1s
  G2 c1/c4@-9: rank[3,3] g=3 src=pari sat=1 tors=4 st=9604 hmax=206 pr=50 surv=25 ex=21 bad=0 hits=0 t=1s
  G2 c3/c5@-9: rank[1,1] g=1 src=pari sat=1 tors=8 st=216 hmax=939 pr=50 surv=17 ex=13 bad=0 hits=0 t=1s
  G2 c3/c7@-9: rank[3,3] g=3 src=pari sat=1 tors=4 st=9604 hmax=181 pr=50 surv=28 ex=24 bad=0 hits=0 t=1s
  G2 c3/c4@-9: rank[3,3] g=3 src=pari sat=1 tors=4 st=9604 hmax=210 pr=50 surv=25 ex=21 bad=0 hits=0 t=1s
  G2 c5/c7@-9: rank[3,3] g=3 src=pari sat=1 tors=4 st=9604 hmax=181 pr=50 surv=27 ex=23 bad=0 hits=0 t=1s
  G2 c5/c4@-9: rank[3,3] g=3 src=pari sat=1 tors=4 st=9604 hmax=210 pr=50 surv=24 ex=20 bad=0 hits=0 t=1s
  G2 c7/c4@-9: rank[3,3] g=3 src=pari sat=1 tors=4 st=9604 hmax=206 pr=50 surv=21 ex=17 bad=0 hits=0 t=1s
  G3 c2/c3@-9: rank[1,1] g=1 src=pari sat=1 tors=4 st=124 hmax=901 pr=50 surv=10 ex=6 bad=0 hits=0 t=1s
  G3 c2/c5@-9: rank[3,3] g=3 src=pari sat=1 tors=2 st=4766 hmax=337 pr=50 surv=14 ex=10 bad=0 hits=0 t=0s
  G3 c2/c6@-9: rank[2,2] g=2 src=pari sat=1 tors=8 st=6264 hmax=997 pr=50 surv=28 ex=24 bad=0 hits=0 t=0s
  G3 c2/c4@-9: rank[3,3] g=3 src=pari sat=1 tors=4 st=9604 hmax=206 pr=50 surv=39 ex=35 bad=0 hits=0 t=0s
  G3 c3/c5@-9: rank[2,2] g=2 src=pari sat=1 tors=4 st=5924 hmax=999 pr=50 surv=11 ex=7 bad=0 hits=0 t=0s
  G3 c3/c6@-9: rank[3,3] g=3 src=pari sat=1 tors=2 st=4766 hmax=337 pr=50 surv=13 ex=9 bad=0 hits=0 t=0s
  G3 c3/c4@-9: rank[3,3] g=3 src=pari sat=1 tors=2 st=4774 hmax=280 pr=50 surv=45 ex=41 bad=0 hits=0 t=0s
  G3 c5/c6@-9: rank[1,1] g=1 src=pari sat=1 tors=4 st=124 hmax=901 pr=50 surv=10 ex=6 bad=0 hits=0 t=0s
  G3 c5/c4@-9: rank[3,3] g=3 src=pari sat=1 tors=2 st=4774 hmax=280 pr=50 surv=33 ex=29 bad=0 hits=0 t=0s
  G3 c6/c4@-9: rank[3,3] g=3 src=pari sat=1 tors=4 st=9604 hmax=206 pr=50 surv=43 ex=39 bad=0 hits=0 t=0s
== (m,n)=(5,-4)
  G1 c2/c0@-1: rank[2,2] g=2 src=pari sat=1 tors=2 st=814 hmax=996 pr=50 surv=7 ex=5 bad=0 hits=0 t=0s
  G1 c6/c0@-1: rank[2,2] g=2 src=pari sat=1 tors=2 st=814 hmax=996 pr=50 surv=7 ex=5 bad=0 hits=0 t=0s
  G1 c0/c8@0: rank[0,0] g=0 src=pari sat=1 tors=8 st=8 hmax=0 pr=50 surv=8 ex=0 bad=0 hits=0 t=0s
  G1 c0/c4: кривая не построена
  G1 c2/c6@-1: rank[1,1] g=1 src=pari sat=1 tors=8 st=232 hmax=941 pr=50 surv=4 ex=0 bad=0 hits=0 t=0s
  G1 c2/c8@-1: rank[2,2] g=2 src=pari sat=1 tors=2 st=814 hmax=996 pr=50 surv=2 ex=0 bad=0 hits=0 t=0s
  G1 c2/c4: кривая не построена
  G1 c6/c8@-1: rank[2,2] g=2 src=pari sat=1 tors=2 st=814 hmax=996 pr=50 surv=7 ex=5 bad=0 hits=0 t=0s
  G1 c6/c4: кривая не построена
  G1 c8/c4: кривая не построена
  G2 c1/c3@-9: rank[3,3] g=3 src=pari sat=1 tors=4 st=9604 hmax=181 pr=50 surv=35 ex=31 bad=0 hits=0 t=0s
  G2 c1/c5@-9: rank[3,3] g=3 src=pari sat=1 tors=4 st=9604 hmax=181 pr=50 surv=26 ex=22 bad=0 hits=0 t=0s
  G2 c1/c7@-9: rank[2,2] g=2 src=pari sat=1 tors=8 st=6264 hmax=997 pr=50 surv=17 ex=13 bad=0 hits=0 t=0s
  G2 c1/c4@-9: rank[3,3] g=3 src=pari sat=1 tors=4 st=9604 hmax=206 pr=50 surv=21 ex=17 bad=0 hits=0 t=0s
  G2 c3/c5@-9: rank[1,1] g=1 src=pari sat=1 tors=8 st=216 hmax=939 pr=50 surv=17 ex=13 bad=0 hits=0 t=0s
  G2 c3/c7@-9: rank[3,3] g=3 src=pari sat=1 tors=4 st=9604 hmax=181 pr=50 surv=28 ex=24 bad=0 hits=0 t=0s
  G2 c3/c4@-9: rank[3,3] g=3 src=pari sat=1 tors=4 st=9604 hmax=210 pr=50 surv=24 ex=20 bad=0 hits=0 t=0s
  G2 c5/c7@-9: rank[3,3] g=3 src=pari sat=1 tors=4 st=9604 hmax=181 pr=50 surv=26 ex=22 bad=0 hits=0 t=0s
  G2 c5/c4@-9: rank[3,3] g=3 src=pari sat=1 tors=4 st=9604 hmax=210 pr=50 surv=25 ex=21 bad=0 hits=0 t=0s
  G2 c7/c4@-9: rank[3,3] g=3 src=pari sat=1 tors=4 st=9604 hmax=206 pr=50 surv=25 ex=21 bad=0 hits=0 t=0s
  G3 c2/c3@-9: rank[1,1] g=1 src=pari sat=1 tors=4 st=124 hmax=901 pr=50 surv=10 ex=6 bad=0 hits=0 t=0s
  G3 c2/c5@-9: rank[3,3] g=3 src=pari sat=1 tors=2 st=4766 hmax=337 pr=50 surv=13 ex=9 bad=0 hits=0 t=0s
  G3 c2/c6@-9: rank[2,2] g=2 src=pari sat=1 tors=8 st=6264 hmax=997 pr=50 surv=28 ex=24 bad=0 hits=0 t=0s
  G3 c2/c4@-9: rank[3,3] g=3 src=pari sat=1 tors=4 st=9604 hmax=206 pr=50 surv=43 ex=39 bad=0 hits=0 t=0s
  G3 c3/c5@-9: rank[2,2] g=2 src=pari sat=1 tors=4 st=5924 hmax=999 pr=50 surv=11 ex=7 bad=0 hits=0 t=0s
  G3 c3/c6@-9: rank[3,3] g=3 src=pari sat=1 tors=2 st=4766 hmax=337 pr=50 surv=14 ex=10 bad=0 hits=0 t=0s
  G3 c3/c4@-9: rank[3,3] g=3 src=pari sat=1 tors=2 st=4774 hmax=280 pr=50 surv=33 ex=29 bad=0 hits=0 t=0s
  G3 c5/c6@-9: rank[1,1] g=1 src=pari sat=1 tors=4 st=124 hmax=901 pr=50 surv=10 ex=6 bad=0 hits=0 t=0s
  G3 c5/c4@-9: rank[3,3] g=3 src=pari sat=1 tors=2 st=4774 hmax=280 pr=50 surv=45 ex=41 bad=0 hits=0 t=0s
  G3 c6/c4@-9: rank[3,3] g=3 src=pari sat=1 tors=4 st=9604 hmax=206 pr=50 surv=39 ex=35 bad=0 hits=0 t=0s
== (m,n)=(5,-3)
  G1 c0/c2@-4: rank[1,1] g=1 src=pari sat=1 tors=2 st=74 hmax=979 pr=50 surv=5 ex=1 bad=0 hits=0 t=0s
  G1 c0/c6@-4: rank[1,1] g=1 src=pari sat=1 tors=2 st=74 hmax=979 pr=50 surv=5 ex=3 bad=0 hits=0 t=0s
  G1 c0/c8@-4: rank[1,1] g=1 src=pari sat=1 tors=8 st=424 hmax=942 pr=50 surv=8 ex=2 bad=0 hits=0 t=0s
  G1 c0/c4@-4: rank[2,2] g=2 src=pari sat=1 tors=4 st=5468 hmax=998 pr=50 surv=28 ex=24 bad=0 hits=0 t=0s
  G1 c2/c6@-4: rank[0,0] g=0 src=pari sat=1 tors=8 st=8 hmax=0 pr=50 surv=2 ex=0 bad=0 hits=0 t=0s
  G1 c2/c8@-4: rank[1,1] g=1 src=pari sat=1 tors=2 st=74 hmax=979 pr=50 surv=5 ex=3 bad=0 hits=0 t=0s
  G1 c2/c4@-4: rank[2,2] g=2 src=pari sat=1 tors=4 st=4780 hmax=996 pr=50 surv=77 ex=73 bad=0 hits=0 t=0s
  G1 c6/c8@-1: rank[1,1] g=1 src=pari sat=1 tors=2 st=74 hmax=979 pr=50 surv=5 ex=3 bad=0 hits=0 t=0s
  G1 c4/c6@-4: rank[2,2] g=2 src=pari sat=1 tors=4 st=4780 hmax=996 pr=50 surv=99 ex=97 bad=0 hits=0 t=0s
  G1 c4/c8@-4: rank[2,2] g=2 src=pari sat=1 tors=4 st=5468 hmax=998 pr=50 surv=28 ex=26 bad=0 hits=0 t=0s
  G2 c1/c3@-4: rank[3,3] g=3 src=pari sat=1 tors=4 st=9604 hmax=124 pr=50 surv=36 ex=32 bad=0 hits=0 t=0s
  G2 c1/c5@-4: rank[3,3] g=3 src=pari sat=1 tors=4 st=9604 hmax=124 pr=50 surv=36 ex=32 bad=0 hits=0 t=0s
  G2 c1/c7@-4: rank[1,1] g=1 src=pari sat=1 tors=8 st=248 hmax=883 pr=50 surv=33 ex=29 bad=0 hits=0 t=0s
  G2 c1/c4@-4: rank[2,2] g=2 src=pari sat=1 tors=4 st=6964 hmax=999 pr=50 surv=17 ex=13 bad=0 hits=0 t=0s
  G2 c3/c5@-4: rank[1,1] g=1 src=pari sat=1 tors=8 st=248 hmax=942 pr=50 surv=17 ex=13 bad=0 hits=0 t=0s
  G2 c3/c7@-4: rank[3,3] g=3 src=pari sat=1 tors=4 st=9604 hmax=124 pr=50 surv=33 ex=29 bad=0 hits=0 t=0s
  G2 c3/c4@-4: rank[2,2] g=2 src=pari sat=1 tors=4 st=6428 hmax=999 pr=50 surv=19 ex=15 bad=0 hits=0 t=0s
  G2 c5/c7@-4: rank[3,3] g=3 src=pari sat=1 tors=4 st=9604 hmax=124 pr=50 surv=34 ex=30 bad=0 hits=0 t=0s
  G2 c5/c4@-4: rank[2,2] g=2 src=pari sat=1 tors=4 st=6428 hmax=999 pr=50 surv=17 ex=13 bad=0 hits=0 t=0s
  G2 c7/c4@-4: rank[2,2] g=2 src=pari sat=1 tors=4 st=6964 hmax=999 pr=50 surv=18 ex=14 bad=0 hits=0 t=0s
  G3 c2/c3@-4: rank[1,1] g=1 src=pari sat=1 tors=4 st=140 hmax=919 pr=50 surv=9 ex=5 bad=0 hits=0 t=0s
  G3 c2/c5@-4: rank[2,2] g=2 src=pari sat=1 tors=2 st=1590 hmax=994 pr=50 surv=25 ex=21 bad=0 hits=0 t=0s
  G3 c2/c6@-4: rank[1,1] g=1 src=pari sat=1 tors=8 st=248 hmax=883 pr=50 surv=17 ex=13 bad=0 hits=0 t=0s
  G3 c2/c4@-4: rank[2,2] g=2 src=pari sat=1 tors=4 st=6964 hmax=999 pr=50 surv=37 ex=33 bad=0 hits=0 t=0s
  G3 c3/c5@-4: rank[2,2] g=2 src=pari sat=1 tors=4 st=9588 hmax=843 pr=50 surv=11 ex=7 bad=0 hits=0 t=0s
  G3 c3/c6@-4: rank[2,2] g=2 src=pari sat=1 tors=2 st=1590 hmax=994 pr=50 surv=26 ex=22 bad=0 hits=0 t=0s
  G3 c3/c4@-4: rank[2,2] g=2 src=pari sat=1 tors=2 st=2178 hmax=1000 pr=50 surv=21 ex=17 bad=0 hits=0 t=0s
  G3 c5/c6@-4: rank[1,1] g=1 src=pari sat=1 tors=4 st=140 hmax=919 pr=50 surv=9 ex=5 bad=0 hits=0 t=0s
  G3 c5/c4@-4: rank[2,2] g=2 src=pari sat=1 tors=2 st=2178 hmax=1000 pr=50 surv=21 ex=17 bad=0 hits=0 t=0s
  G3 c6/c4@-4: rank[2,2] g=2 src=pari sat=1 tors=4 st=6964 hmax=999 pr=50 surv=40 ex=36 bad=0 hits=0 t=0s
== (m,n)=(5,-2)
  G1 c0/c2: кривая не построена
  G1 c0/c6: кривая не построена
  G1 c0/c8@0: rank[1,1] g=1 src=pari sat=1 tors=8 st=376 hmax=988 pr=50 surv=8 ex=0 bad=0 hits=0 t=0s
  G1 c0/c4: кривая не построена
  G1 c2/c6@-1: rank[0,0] g=0 src=pari sat=1 tors=8 st=8 hmax=0 pr=50 surv=4 ex=0 bad=0 hits=0 t=0s
  G1 c2/c8: кривая не построена
  G1 c2/c4: кривая не построена
  G1 c6/c8: кривая не построена
  G1 c6/c4: кривая не построена
  G1 c8/c4: кривая не построена
  G2 c1/c3@-7/3: rank[3,3] g=3 src=pari sat=1 tors=4 st=9564 hmax=174 pr=50 surv=25 ex=21 bad=0 hits=0 t=0s
  G2 c1/c5@-7/3: rank[3,3] g=3 src=pari sat=1 tors=4 st=9564 hmax=174 pr=50 surv=25 ex=21 bad=0 hits=0 t=0s
  G2 c1/c7@-7/3: rank[2,2] g=2 src=pari sat=1 tors=8 st=7192 hmax=997 pr=50 surv=47 ex=43 bad=0 hits=0 t=0s
  G2 c1/c4@-7/3: rank[3,3] g=3 src=pari sat=1 tors=4 st=9604 hmax=167 pr=50 surv=25 ex=21 bad=0 hits=0 t=0s
  G2 c3/c5@-7/3: rank[1,1] g=1 src=pari sat=1 tors=8 st=232 hmax=954 pr=50 surv=17 ex=13 bad=0 hits=0 t=0s
  G2 c3/c7@-7/3: rank[3,3] g=3 src=pari sat=1 tors=4 st=9564 hmax=174 pr=50 surv=29 ex=25 bad=0 hits=0 t=1s
  G2 c3/c4@-7/3: rank[2,2] g=2 src=pari sat=1 tors=4 st=5364 hmax=997 pr=50 surv=33 ex=29 bad=0 hits=0 t=1s
  G2 c5/c7@-7/3: rank[3,3] g=3 src=pari sat=1 tors=4 st=9564 hmax=174 pr=50 surv=24 ex=20 bad=0 hits=0 t=1s
  G2 c5/c4@-7/3: rank[2,2] g=2 src=pari sat=1 tors=4 st=5364 hmax=997 pr=50 surv=33 ex=29 bad=0 hits=0 t=1s
  G2 c7/c4@-7/3: rank[3,3] g=3 src=pari sat=1 tors=4 st=9604 hmax=167 pr=50 surv=26 ex=22 bad=0 hits=0 t=1s
  G3 c2/c3@-7/3: rank[2,2] g=2 src=pari sat=1 tors=4 st=4956 hmax=997 pr=50 surv=9 ex=5 bad=0 hits=0 t=1s
  G3 c2/c5@-7/3: rank[4,4] g=4 src=pari sat=1 tors=2 st=4802 hmax=68 pr=50 surv=16 ex=12 bad=0 hits=0 t=1s
  G3 c2/c6@-7/3: rank[2,2] g=2 src=pari sat=1 tors=8 st=7192 hmax=997 pr=50 surv=76 ex=72 bad=0 hits=0 t=1s
  G3 c2/c4@-7/3: rank[3,3] g=3 src=pari sat=1 tors=4 st=9604 hmax=167 pr=50 surv=21 ex=17 bad=0 hits=0 t=1s
  G3 c3/c5@-7/3: rank[2,2] g=2 src=pari sat=1 tors=4 st=6364 hmax=999 pr=50 surv=14 ex=10 bad=0 hits=0 t=1s
  G3 c3/c6@-7/3: rank[4,4] g=4 src=pari sat=1 tors=2 st=4802 hmax=68 pr=50 surv=19 ex=15 bad=0 hits=0 t=1s
  G3 c3/c4@-7/3: rank[2,2] g=2 src=pari sat=1 tors=2 st=1642 hmax=992 pr=50 surv=16 ex=12 bad=0 hits=0 t=1s
  G3 c5/c6@-7/3: rank[2,2] g=2 src=pari sat=1 tors=4 st=4956 hmax=997 pr=50 surv=10 ex=6 bad=0 hits=0 t=1s
  G3 c5/c4@-7/3: rank[2,2] g=2 src=pari sat=1 tors=2 st=1642 hmax=992 pr=50 surv=15 ex=11 bad=0 hits=0 t=1s
  G3 c6/c4@-7/3: rank[3,3] g=3 src=pari sat=1 tors=4 st=9604 hmax=167 pr=50 surv=30 ex=26 bad=0 hits=0 t=1s
== (m,n)=(5,-1)
  G1 c0/c2: кривая не построена
  G1 c0/c6: кривая не построена
  G1 c0/c8@0: rank[0,0] g=0 src=pari sat=1 tors=8 st=8 hmax=0 pr=50 surv=8 ex=0 bad=0 hits=0 t=1s
  G1 c0/c4: кривая не построена
  G1 c2/c6@-1: rank[0,0] g=0 src=pari sat=1 tors=8 st=8 hmax=0 pr=50 surv=4 ex=0 bad=0 hits=0 t=1s
  G1 c2/c8: кривая не построена
  G1 c2/c4: кривая не построена
  G1 c6/c8: кривая не построена
  G1 c6/c4: кривая не построена
  G1 c8/c4: кривая не построена
  G2 c1/c3@-3/2: rank[2,2] g=2 src=pari sat=1 tors=4 st=7220 hmax=1000 pr=50 surv=25 ex=21 bad=0 hits=0 t=1s
  G2 c1/c5@-3/2: rank[2,2] g=2 src=pari sat=1 tors=4 st=7220 hmax=1000 pr=50 surv=29 ex=25 bad=0 hits=0 t=1s
  G2 c1/c7@-3/2: rank[1,1] g=1 src=pari sat=1 tors=8 st=264 hmax=974 pr=50 surv=17 ex=13 bad=0 hits=0 t=1s
  G2 c1/c4@-3/2: rank[2,2] g=2 src=pari sat=1 tors=4 st=6580 hmax=996 pr=50 surv=41 ex=37 bad=0 hits=0 t=1s
  G2 c3/c5@-3/2: rank[1,1] g=1 src=pari sat=1 tors=8 st=264 hmax=939 pr=50 surv=18 ex=14 bad=0 hits=0 t=1s
  G2 c3/c7@-3/2: rank[2,2] g=2 src=pari sat=1 tors=4 st=7220 hmax=1000 pr=50 surv=25 ex=21 bad=0 hits=0 t=1s
  G2 c3/c4@-3/2: rank[2,2] g=2 src=pari sat=1 tors=4 st=7916 hmax=999 pr=50 surv=36 ex=32 bad=0 hits=0 t=1s
  G2 c5/c7@-3/2: rank[2,2] g=2 src=pari sat=1 tors=4 st=7220 hmax=1000 pr=50 surv=25 ex=21 bad=0 hits=0 t=1s
  G2 c5/c4@-3/2: rank[2,2] g=2 src=pari sat=1 tors=4 st=7916 hmax=999 pr=50 surv=41 ex=37 bad=0 hits=0 t=1s
  G2 c7/c4@-3/2: rank[2,2] g=2 src=pari sat=1 tors=4 st=6580 hmax=996 pr=50 surv=42 ex=38 bad=0 hits=0 t=1s
  G3 c2/c3@-3/2: rank[2,2] g=2 src=pari sat=1 tors=4 st=4084 hmax=998 pr=50 surv=15 ex=11 bad=0 hits=0 t=1s
  G3 c2/c5@-3/2: rank[2,2] g=2 src=pari sat=1 tors=2 st=1554 hmax=1000 pr=50 surv=11 ex=7 bad=0 hits=0 t=1s
  G3 c2/c6@-3/2: rank[1,1] g=1 src=pari sat=1 tors=8 st=264 hmax=974 pr=50 surv=17 ex=13 bad=0 hits=0 t=1s
  G3 c2/c4@-3/2: rank[2,2] g=2 src=pari sat=1 tors=4 st=6580 hmax=996 pr=50 surv=26 ex=22 bad=0 hits=0 t=1s
  G3 c3/c5@-3/2: rank[2,2] g=2 src=pari sat=1 tors=4 st=9236 hmax=999 pr=50 surv=32 ex=28 bad=0 hits=0 t=1s
  G3 c3/c6@-3/2: rank[2,2] g=2 src=pari sat=1 tors=2 st=1554 hmax=1000 pr=50 surv=9 ex=5 bad=0 hits=0 t=1s
  G3 c3/c4@-3/2: rank[2,2] g=2 src=pari sat=1 tors=2 st=1990 hmax=998 pr=50 surv=15 ex=11 bad=0 hits=0 t=1s
  G3 c5/c6@-3/2: rank[2,2] g=2 src=pari sat=1 tors=4 st=4084 hmax=998 pr=50 surv=13 ex=9 bad=0 hits=0 t=0s
  G3 c5/c4@-3/2: rank[2,2] g=2 src=pari sat=1 tors=2 st=1990 hmax=998 pr=50 surv=13 ex=9 bad=0 hits=0 t=0s
  G3 c6/c4@-3/2: rank[2,2] g=2 src=pari sat=1 tors=4 st=6580 hmax=996 pr=50 surv=27 ex=23 bad=0 hits=0 t=0s
== (m,n)=(5,1)
  G1 c0/c2: кривая не построена
  G1 c0/c6: кривая не построена
  G1 c0/c8@0: rank[0,0] g=0 src=pari sat=1 tors=8 st=8 hmax=0 pr=50 surv=8 ex=0 bad=0 hits=0 t=0s
  G1 c0/c4: кривая не построена
  G1 c2/c6@-1: rank[0,0] g=0 src=pari sat=1 tors=8 st=8 hmax=0 pr=50 surv=4 ex=0 bad=0 hits=0 t=0s
  G1 c2/c8: кривая не построена
  G1 c2/c4: кривая не построена
  G1 c6/c8: кривая не построена
  G1 c6/c4: кривая не построена
  G1 c8/c4: кривая не построена
  G2 c1/c3@-3/2: rank[2,2] g=2 src=pari sat=1 tors=4 st=7220 hmax=1000 pr=50 surv=29 ex=25 bad=0 hits=0 t=0s
  G2 c1/c5@-3/2: rank[2,2] g=2 src=pari sat=1 tors=4 st=7220 hmax=1000 pr=50 surv=25 ex=21 bad=0 hits=0 t=0s
  G2 c1/c7@-3/2: rank[1,1] g=1 src=pari sat=1 tors=8 st=264 hmax=974 pr=50 surv=17 ex=13 bad=0 hits=0 t=0s
  G2 c1/c4@-3/2: rank[2,2] g=2 src=pari sat=1 tors=4 st=6580 hmax=996 pr=50 surv=41 ex=37 bad=0 hits=0 t=0s
  G2 c3/c5@-3/2: rank[1,1] g=1 src=pari sat=1 tors=8 st=264 hmax=939 pr=50 surv=18 ex=14 bad=0 hits=0 t=0s
  G2 c3/c7@-3/2: rank[2,2] g=2 src=pari sat=1 tors=4 st=7220 hmax=1000 pr=50 surv=25 ex=21 bad=0 hits=0 t=0s
  G2 c3/c4@-3/2: rank[2,2] g=2 src=pari sat=1 tors=4 st=7916 hmax=999 pr=50 surv=41 ex=37 bad=0 hits=0 t=0s
  G2 c5/c7@-3/2: rank[2,2] g=2 src=pari sat=1 tors=4 st=7220 hmax=1000 pr=50 surv=25 ex=21 bad=0 hits=0 t=0s
  G2 c5/c4@-3/2: rank[2,2] g=2 src=pari sat=1 tors=4 st=7916 hmax=999 pr=50 surv=36 ex=32 bad=0 hits=0 t=0s
  G2 c7/c4@-3/2: rank[2,2] g=2 src=pari sat=1 tors=4 st=6580 hmax=996 pr=50 surv=42 ex=38 bad=0 hits=0 t=0s
  G3 c2/c3@-3/2: rank[2,2] g=2 src=pari sat=1 tors=4 st=4084 hmax=998 pr=50 surv=15 ex=13 bad=0 hits=0 t=0s
  G3 c2/c5@-3/2: rank[2,2] g=2 src=pari sat=1 tors=2 st=1554 hmax=1000 pr=50 surv=11 ex=9 bad=0 hits=0 t=0s
  G3 c2/c6@-3/2: rank[1,1] g=1 src=pari sat=1 tors=8 st=264 hmax=974 pr=50 surv=17 ex=13 bad=0 hits=0 t=0s
  G3 c2/c4@-3/2: rank[2,2] g=2 src=pari sat=1 tors=4 st=6580 hmax=996 pr=50 surv=29 ex=25 bad=0 hits=0 t=0s
  G3 c3/c5@-1: rank[2,2] g=2 src=pari sat=1 tors=4 st=9236 hmax=999 pr=50 surv=37 ex=33 bad=0 hits=0 t=0s
  G3 c6/c3@-3/2: rank[2,2] g=2 src=pari sat=1 tors=2 st=1554 hmax=1000 pr=50 surv=9 ex=7 bad=0 hits=0 t=0s
  G3 c4/c3@-3/2: rank[2,2] g=2 src=pari sat=1 tors=2 st=1990 hmax=998 pr=50 surv=11 ex=9 bad=0 hits=0 t=0s
  G3 c6/c5@-3/2: rank[2,2] g=2 src=pari sat=1 tors=4 st=4084 hmax=998 pr=50 surv=13 ex=11 bad=0 hits=0 t=0s
  G3 c4/c5@-3/2: rank[2,2] g=2 src=pari sat=1 tors=2 st=1990 hmax=998 pr=50 surv=9 ex=7 bad=0 hits=0 t=0s
  G3 c6/c4@-3/2: rank[2,2] g=2 src=pari sat=1 tors=4 st=6580 hmax=996 pr=50 surv=27 ex=23 bad=0 hits=0 t=0s
== (m,n)=(5,2)
  G1 c0/c2: кривая не построена
  G1 c0/c6: кривая не построена
  G1 c0/c8@0: rank[1,1] g=1 src=pari sat=1 tors=8 st=376 hmax=988 pr=50 surv=8 ex=0 bad=0 hits=0 t=0s
  G1 c0/c4: кривая не построена
  G1 c2/c6@-1: rank[0,0] g=0 src=pari sat=1 tors=8 st=8 hmax=0 pr=50 surv=4 ex=0 bad=0 hits=0 t=0s
  G1 c2/c8: кривая не построена
  G1 c2/c4: кривая не построена
  G1 c6/c8: кривая не построена
  G1 c6/c4: кривая не построена
  G1 c8/c4: кривая не построена
  G2 c1/c3@-7/3: rank[3,3] g=3 src=pari sat=1 tors=4 st=9564 hmax=174 pr=50 surv=25 ex=21 bad=0 hits=0 t=1s
  G2 c1/c5@-7/3: rank[3,3] g=3 src=pari sat=1 tors=4 st=9564 hmax=174 pr=50 surv=25 ex=21 bad=0 hits=0 t=1s
  G2 c1/c7@-7/3: rank[2,2] g=2 src=pari sat=1 tors=8 st=7192 hmax=997 pr=50 surv=47 ex=43 bad=0 hits=0 t=1s
  G2 c1/c4@-7/3: rank[3,3] g=3 src=pari sat=1 tors=4 st=9604 hmax=167 pr=50 surv=25 ex=21 bad=0 hits=0 t=0s
  G2 c3/c5@-7/3: rank[1,1] g=1 src=pari sat=1 tors=8 st=232 hmax=954 pr=50 surv=17 ex=13 bad=0 hits=0 t=0s
  G2 c3/c7@-7/3: rank[3,3] g=3 src=pari sat=1 tors=4 st=9564 hmax=174 pr=50 surv=24 ex=20 bad=0 hits=0 t=0s
  G2 c3/c4@-7/3: rank[2,2] g=2 src=pari sat=1 tors=4 st=5364 hmax=997 pr=50 surv=33 ex=29 bad=0 hits=0 t=0s
  G2 c5/c7@-7/3: rank[3,3] g=3 src=pari sat=1 tors=4 st=9564 hmax=174 pr=50 surv=29 ex=25 bad=0 hits=0 t=0s
  G2 c5/c4@-7/3: rank[2,2] g=2 src=pari sat=1 tors=4 st=5364 hmax=997 pr=50 surv=33 ex=29 bad=0 hits=0 t=0s
  G2 c7/c4@-7/3: rank[3,3] g=3 src=pari sat=1 tors=4 st=9604 hmax=167 pr=50 surv=26 ex=22 bad=0 hits=0 t=0s
  G3 c2/c3@-7/3: rank[2,2] g=2 src=pari sat=1 tors=4 st=4956 hmax=997 pr=50 surv=10 ex=8 bad=0 hits=0 t=0s
  G3 c2/c5@-7/3: rank[4,4] g=4 src=pari sat=1 tors=2 st=4802 hmax=68 pr=50 surv=16 ex=14 bad=0 hits=0 t=0s
  G3 c2/c6@-7/3: rank[2,2] g=2 src=pari sat=1 tors=8 st=7192 hmax=997 pr=50 surv=74 ex=70 bad=0 hits=0 t=0s
  G3 c2/c4@-7/3: rank[3,3] g=3 src=pari sat=1 tors=4 st=9604 hmax=167 pr=50 surv=21 ex=17 bad=0 hits=0 t=0s
  G3 c3/c5@-1: rank[2,2] g=2 src=pari sat=1 tors=4 st=6364 hmax=999 pr=50 surv=23 ex=19 bad=0 hits=0 t=0s
  G3 c6/c3@-7/3: rank[4,4] g=4 src=pari sat=1 tors=2 st=4802 hmax=68 pr=50 surv=19 ex=17 bad=0 hits=0 t=0s
  G3 c4/c3@-7/3: rank[2,2] g=2 src=pari sat=1 tors=2 st=1642 hmax=992 pr=50 surv=15 ex=13 bad=0 hits=0 t=0s
  G3 c6/c5@-7/3: rank[2,2] g=2 src=pari sat=1 tors=4 st=4956 hmax=997 pr=50 surv=10 ex=8 bad=0 hits=0 t=0s
  G3 c4/c5@-7/3: rank[2,2] g=2 src=pari sat=1 tors=2 st=1642 hmax=992 pr=50 surv=14 ex=12 bad=0 hits=0 t=0s
  G3 c6/c4@-7/3: rank[3,3] g=3 src=pari sat=1 tors=4 st=9604 hmax=167 pr=50 surv=27 ex=23 bad=0 hits=0 t=0s
== (m,n)=(5,3)
  G1 c0/c2@-4: rank[1,1] g=1 src=pari sat=1 tors=2 st=74 hmax=979 pr=50 surv=5 ex=3 bad=0 hits=0 t=0s
  G1 c0/c6@-4: rank[1,1] g=1 src=pari sat=1 tors=2 st=74 hmax=979 pr=50 surv=5 ex=1 bad=0 hits=0 t=0s
  G1 c0/c8@-4: rank[1,1] g=1 src=pari sat=1 tors=8 st=424 hmax=942 pr=50 surv=8 ex=2 bad=0 hits=0 t=0s
  G1 c0/c4@-4: rank[2,2] g=2 src=pari sat=1 tors=4 st=5468 hmax=998 pr=50 surv=28 ex=24 bad=0 hits=0 t=0s
  G1 c6/c2@-4: rank[0,0] g=0 src=pari sat=1 tors=8 st=8 hmax=0 pr=50 surv=2 ex=0 bad=0 hits=0 t=0s
  G1 c2/c8@-1: rank[1,1] g=1 src=pari sat=1 tors=2 st=74 hmax=979 pr=50 surv=5 ex=3 bad=0 hits=0 t=0s
  G1 c4/c2@-4: rank[2,2] g=2 src=pari sat=1 tors=4 st=4780 hmax=996 pr=50 surv=99 ex=97 bad=0 hits=0 t=0s
  G1 c6/c8@-4: rank[1,1] g=1 src=pari sat=1 tors=2 st=74 hmax=979 pr=50 surv=5 ex=3 bad=0 hits=0 t=0s
  G1 c6/c4@-4: rank[2,2] g=2 src=pari sat=1 tors=4 st=4780 hmax=996 pr=50 surv=77 ex=73 bad=0 hits=0 t=0s
  G1 c4/c8@-4: rank[2,2] g=2 src=pari sat=1 tors=4 st=5468 hmax=998 pr=50 surv=28 ex=26 bad=0 hits=0 t=0s
  G2 c1/c3@-4: rank[3,3] g=3 src=pari sat=1 tors=4 st=9604 hmax=124 pr=50 surv=36 ex=32 bad=0 hits=0 t=0s
  G2 c1/c5@-4: rank[3,3] g=3 src=pari sat=1 tors=4 st=9604 hmax=124 pr=50 surv=36 ex=32 bad=0 hits=0 t=0s
  G2 c1/c7@-4: rank[1,1] g=1 src=pari sat=1 tors=8 st=248 hmax=883 pr=50 surv=33 ex=29 bad=0 hits=0 t=0s
  G2 c1/c4@-4: rank[2,2] g=2 src=pari sat=1 tors=4 st=6964 hmax=999 pr=50 surv=17 ex=13 bad=0 hits=0 t=0s
  G2 c3/c5@-4: rank[1,1] g=1 src=pari sat=1 tors=8 st=248 hmax=942 pr=50 surv=17 ex=13 bad=0 hits=0 t=0s
  G2 c3/c7@-4: rank[3,3] g=3 src=pari sat=1 tors=4 st=9604 hmax=124 pr=50 surv=34 ex=30 bad=0 hits=0 t=0s
  G2 c3/c4@-4: rank[2,2] g=2 src=pari sat=1 tors=4 st=6428 hmax=999 pr=50 surv=17 ex=13 bad=0 hits=0 t=0s
  G2 c5/c7@-4: rank[3,3] g=3 src=pari sat=1 tors=4 st=9604 hmax=124 pr=50 surv=33 ex=29 bad=0 hits=0 t=0s
  G2 c5/c4@-4: rank[2,2] g=2 src=pari sat=1 tors=4 st=6428 hmax=999 pr=50 surv=19 ex=15 bad=0 hits=0 t=0s
  G2 c7/c4@-4: rank[2,2] g=2 src=pari sat=1 tors=4 st=6964 hmax=999 pr=50 surv=18 ex=14 bad=0 hits=0 t=0s
  G3 c2/c3@-4: rank[1,1] g=1 src=pari sat=1 tors=4 st=140 hmax=919 pr=50 surv=9 ex=7 bad=0 hits=0 t=0s
  G3 c2/c5@-4: rank[2,2] g=2 src=pari sat=1 tors=2 st=1590 hmax=994 pr=50 surv=26 ex=24 bad=0 hits=0 t=0s
  G3 c2/c6@-4: rank[1,1] g=1 src=pari sat=1 tors=8 st=248 hmax=883 pr=50 surv=17 ex=13 bad=0 hits=0 t=0s
  G3 c2/c4@-4: rank[2,2] g=2 src=pari sat=1 tors=4 st=6964 hmax=999 pr=50 surv=37 ex=33 bad=0 hits=0 t=0s
  G3 c3/c5@-1: rank[2,2] g=2 src=pari sat=1 tors=4 st=9588 hmax=843 pr=50 surv=15 ex=11 bad=0 hits=0 t=0s
  G3 c6/c3@-4: rank[2,2] g=2 src=pari sat=1 tors=2 st=1590 hmax=994 pr=50 surv=25 ex=23 bad=0 hits=0 t=0s
  G3 c4/c3@-4: rank[2,2] g=2 src=pari sat=1 tors=2 st=2178 hmax=1000 pr=50 surv=17 ex=15 bad=0 hits=0 t=0s
  G3 c6/c5@-4: rank[1,1] g=1 src=pari sat=1 tors=4 st=140 hmax=919 pr=50 surv=9 ex=7 bad=0 hits=0 t=0s
  G3 c4/c5@-4: rank[2,2] g=2 src=pari sat=1 tors=2 st=2178 hmax=1000 pr=50 surv=17 ex=15 bad=0 hits=0 t=0s
  G3 c6/c4@-4: rank[2,2] g=2 src=pari sat=1 tors=4 st=6964 hmax=999 pr=50 surv=38 ex=34 bad=0 hits=0 t=0s
== (m,n)=(5,4)
  G1 c2/c0@-1: rank[2,2] g=2 src=pari sat=1 tors=2 st=814 hmax=996 pr=50 surv=7 ex=5 bad=0 hits=0 t=0s
  G1 c6/c0@-1: rank[2,2] g=2 src=pari sat=1 tors=2 st=814 hmax=996 pr=50 surv=7 ex=5 bad=0 hits=0 t=0s
  G1 c0/c8@0: rank[0,0] g=0 src=pari sat=1 tors=8 st=8 hmax=0 pr=50 surv=8 ex=0 bad=0 hits=0 t=0s
  G1 c0/c4: кривая не построена
  G1 c2/c6@-1: rank[1,1] g=1 src=pari sat=1 tors=8 st=232 hmax=941 pr=50 surv=4 ex=0 bad=0 hits=0 t=0s
  G1 c2/c8@-1: rank[2,2] g=2 src=pari sat=1 tors=2 st=814 hmax=996 pr=50 surv=7 ex=5 bad=0 hits=0 t=0s
  G1 c2/c4: кривая не построена
  G1 c6/c8@-1: rank[2,2] g=2 src=pari sat=1 tors=2 st=814 hmax=996 pr=50 surv=2 ex=0 bad=0 hits=0 t=0s
  G1 c6/c4: кривая не построена
  G1 c8/c4: кривая не построена
  G2 c1/c3@-9: rank[3,3] g=3 src=pari sat=1 tors=4 st=9604 hmax=181 pr=50 surv=26 ex=22 bad=0 hits=0 t=0s
  G2 c1/c5@-9: rank[3,3] g=3 src=pari sat=1 tors=4 st=9604 hmax=181 pr=50 surv=35 ex=31 bad=0 hits=0 t=0s
  G2 c1/c7@-9: rank[2,2] g=2 src=pari sat=1 tors=8 st=6264 hmax=997 pr=50 surv=17 ex=13 bad=0 hits=0 t=0s
  G2 c1/c4@-9: rank[3,3] g=3 src=pari sat=1 tors=4 st=9604 hmax=206 pr=50 surv=21 ex=17 bad=0 hits=0 t=0s
  G2 c3/c5@-9: rank[1,1] g=1 src=pari sat=1 tors=8 st=216 hmax=939 pr=50 surv=17 ex=13 bad=0 hits=0 t=0s
  G2 c3/c7@-9: rank[3,3] g=3 src=pari sat=1 tors=4 st=9604 hmax=181 pr=50 surv=26 ex=22 bad=0 hits=0 t=0s
  G2 c3/c4@-9: rank[3,3] g=3 src=pari sat=1 tors=4 st=9604 hmax=210 pr=50 surv=25 ex=21 bad=0 hits=0 t=0s
  G2 c5/c7@-9: rank[3,3] g=3 src=pari sat=1 tors=4 st=9604 hmax=181 pr=50 surv=28 ex=24 bad=0 hits=0 t=0s
  G2 c5/c4@-9: rank[3,3] g=3 src=pari sat=1 tors=4 st=9604 hmax=210 pr=50 surv=24 ex=20 bad=0 hits=0 t=0s
  G2 c7/c4@-9: rank[3,3] g=3 src=pari sat=1 tors=4 st=9604 hmax=206 pr=50 surv=25 ex=21 bad=0 hits=0 t=0s
  G3 c2/c3@-9: rank[1,1] g=1 src=pari sat=1 tors=4 st=124 hmax=901 pr=50 surv=10 ex=8 bad=0 hits=0 t=0s
  G3 c2/c5@-9: rank[3,3] g=3 src=pari sat=1 tors=2 st=4766 hmax=337 pr=50 surv=14 ex=12 bad=0 hits=0 t=0s
  G3 c2/c6@-9: rank[2,2] g=2 src=pari sat=1 tors=8 st=6264 hmax=997 pr=50 surv=29 ex=25 bad=0 hits=0 t=0s
  G3 c2/c4@-9: rank[3,3] g=3 src=pari sat=1 tors=4 st=9604 hmax=206 pr=50 surv=43 ex=39 bad=0 hits=0 t=0s
  G3 c3/c5@-1: rank[2,2] g=2 src=pari sat=1 tors=4 st=5924 hmax=999 pr=50 surv=18 ex=14 bad=0 hits=0 t=0s
  G3 c6/c3@-9: rank[3,3] g=3 src=pari sat=1 tors=2 st=4766 hmax=337 pr=50 surv=14 ex=12 bad=0 hits=0 t=0s
  G3 c4/c3@-9: rank[3,3] g=3 src=pari sat=1 tors=2 st=4774 hmax=280 pr=50 surv=27 ex=25 bad=0 hits=0 t=0s
  G3 c6/c5@-9: rank[1,1] g=1 src=pari sat=1 tors=4 st=124 hmax=901 pr=50 surv=10 ex=8 bad=0 hits=0 t=0s
  G3 c4/c5@-9: rank[3,3] g=3 src=pari sat=1 tors=2 st=4774 hmax=280 pr=50 surv=40 ex=38 bad=0 hits=0 t=0s
  G3 c6/c4@-9: rank[3,3] g=3 src=pari sat=1 tors=4 st=9604 hmax=206 pr=50 surv=42 ex=38 bad=0 hits=0 t=0s
== (m,n)=(1,-6)
  G1 c0/c2: кривая не построена
  G1 c0/c6: кривая не построена
  G1 c0/c8@0: rank[0,0] g=0 src=pari sat=1 tors=8 st=8 hmax=0 pr=50 surv=8 ex=0 bad=0 hits=0 t=0s
  G1 c0/c4: кривая не построена
  G1 c2/c6@-1: rank[1,1] g=1 src=pari sat=1 tors=8 st=328 hmax=937 pr=50 surv=4 ex=0 bad=0 hits=0 t=0s
  G1 c2/c8: кривая не построена
  G1 c2/c4: кривая не построена
  G1 c6/c8: кривая не построена
  G1 c6/c4: кривая не построена
  G1 c8/c4: кривая не построена
  G2 c1/c3@-7/5: rank[2,2] g=2 src=pari sat=1 tors=4 st=5004 hmax=997 pr=50 surv=17 ex=13 bad=0 hits=0 t=0s
  G2 c1/c5@-7/5: rank[2,2] g=2 src=pari sat=1 tors=4 st=5004 hmax=997 pr=50 surv=18 ex=14 bad=0 hits=0 t=0s
  G2 c1/c7@-7/5: rank[2,2] g=2 src=pari sat=1 tors=8 st=6392 hmax=997 pr=50 surv=18 ex=14 bad=0 hits=0 t=0s
  G2 c1/c4@-7/5: rank[3,3] g=3 src=pari sat=1 tors=4 st=9604 hmax=209 pr=50 surv=34 ex=30 bad=0 hits=0 t=0s
  G2 c3/c5@-7/5: rank[1,1] g=1 src=pari sat=1 tors=8 st=216 hmax=895 pr=50 surv=17 ex=13 bad=0 hits=0 t=0s
  G2 c3/c7@-7/5: rank[2,2] g=2 src=pari sat=1 tors=4 st=5004 hmax=997 pr=50 surv=17 ex=13 bad=0 hits=0 t=0s
  G2 c3/c4@-7/5: rank[2,2] g=2 src=pari sat=1 tors=4 st=5028 hmax=999 pr=50 surv=29 ex=25 bad=0 hits=0 t=0s
  G2 c5/c7@-7/5: rank[2,2] g=2 src=pari sat=1 tors=4 st=5004 hmax=997 pr=50 surv=18 ex=14 bad=0 hits=0 t=0s
  G2 c5/c4@-7/5: rank[2,2] g=2 src=pari sat=1 tors=4 st=5028 hmax=999 pr=50 surv=23 ex=19 bad=0 hits=0 t=0s
  G2 c7/c4@-7/5: rank[3,3] g=3 src=pari sat=1 tors=4 st=9604 hmax=209 pr=50 surv=47 ex=43 bad=0 hits=0 t=0s
  G3 c2/c3@-7/5: rank[2,2] g=2 src=pari sat=1 tors=4 st=3716 hmax=1000 pr=50 surv=18 ex=16 bad=0 hits=0 t=0s
  G3 c2/c5@-7/5: rank[3,3] g=3 src=pari sat=1 tors=2 st=4802 hmax=328 pr=50 surv=22 ex=20 bad=0 hits=0 t=0s
  G3 c2/c6@-7/5: rank[2,2] g=2 src=pari sat=1 tors=8 st=6392 hmax=997 pr=50 surv=37 ex=33 bad=0 hits=0 t=0s
  G3 c2/c4@-7/5: rank[3,3] g=3 src=pari sat=1 tors=4 st=9604 hmax=209 pr=50 surv=69 ex=65 bad=0 hits=0 t=0s
  G3 c3/c5@-1: rank[2,2] g=2 src=pari sat=1 tors=4 st=7308 hmax=999 pr=50 surv=12 ex=8 bad=0 hits=0 t=0s
  G3 c6/c3@-7/5: rank[3,3] g=3 src=pari sat=1 tors=2 st=4802 hmax=328 pr=50 surv=18 ex=16 bad=0 hits=0 t=0s
  G3 c4/c3@-7/5: rank[2,2] g=2 src=pari sat=1 tors=2 st=1614 hmax=999 pr=50 surv=9 ex=7 bad=0 hits=0 t=0s
  G3 c6/c5@-7/5: rank[2,2] g=2 src=pari sat=1 tors=4 st=3716 hmax=1000 pr=50 surv=13 ex=11 bad=0 hits=0 t=0s
  G3 c4/c5@-7/5: rank[2,2] g=2 src=pari sat=1 tors=2 st=1614 hmax=999 pr=50 surv=17 ex=15 bad=0 hits=0 t=1s
  G3 c6/c4@-7/5: rank[3,3] g=3 src=pari sat=1 tors=4 st=9604 hmax=209 pr=50 surv=73 ex=69 bad=0 hits=0 t=1s
== (m,n)=(1,6)
  G1 c0/c2: кривая не построена
  G1 c0/c6: кривая не построена
  G1 c0/c8@0: rank[0,0] g=0 src=pari sat=1 tors=8 st=8 hmax=0 pr=50 surv=8 ex=0 bad=0 hits=0 t=1s
  G1 c0/c4: кривая не построена
  G1 c2/c6@-1: rank[1,1] g=1 src=pari sat=1 tors=8 st=328 hmax=937 pr=50 surv=4 ex=0 bad=0 hits=0 t=1s
  G1 c2/c8: кривая не построена
  G1 c2/c4: кривая не построена
  G1 c6/c8: кривая не построена
  G1 c6/c4: кривая не построена
  G1 c8/c4: кривая не построена
  G2 c1/c3@-7/5: rank[2,2] g=2 src=pari sat=1 tors=4 st=5004 hmax=997 pr=50 surv=18 ex=14 bad=0 hits=0 t=1s
  G2 c1/c5@-7/5: rank[2,2] g=2 src=pari sat=1 tors=4 st=5004 hmax=997 pr=50 surv=17 ex=13 bad=0 hits=0 t=0s
  G2 c1/c7@-7/5: rank[2,2] g=2 src=pari sat=1 tors=8 st=6392 hmax=997 pr=50 surv=18 ex=14 bad=0 hits=0 t=0s
  G2 c1/c4@-7/5: rank[3,3] g=3 src=pari sat=1 tors=4 st=9604 hmax=209 pr=50 surv=34 ex=30 bad=0 hits=0 t=0s
  G2 c3/c5@-7/5: rank[1,1] g=1 src=pari sat=1 tors=8 st=216 hmax=895 pr=50 surv=17 ex=13 bad=0 hits=0 t=0s
  G2 c3/c7@-7/5: rank[2,2] g=2 src=pari sat=1 tors=4 st=5004 hmax=997 pr=50 surv=18 ex=14 bad=0 hits=0 t=1s
  G2 c3/c4@-7/5: rank[2,2] g=2 src=pari sat=1 tors=4 st=5028 hmax=999 pr=50 surv=23 ex=19 bad=0 hits=0 t=0s
  G2 c5/c7@-7/5: rank[2,2] g=2 src=pari sat=1 tors=4 st=5004 hmax=997 pr=50 surv=17 ex=13 bad=0 hits=0 t=0s
  G2 c5/c4@-7/5: rank[2,2] g=2 src=pari sat=1 tors=4 st=5028 hmax=999 pr=50 surv=29 ex=25 bad=0 hits=0 t=0s
  G2 c7/c4@-7/5: rank[3,3] g=3 src=pari sat=1 tors=4 st=9604 hmax=209 pr=50 surv=47 ex=43 bad=0 hits=0 t=0s
  G3 c2/c3@-7/5: rank[2,2] g=2 src=pari sat=1 tors=4 st=3716 hmax=1000 pr=50 surv=17 ex=13 bad=0 hits=0 t=1s
  G3 c2/c5@-7/5: rank[3,3] g=3 src=pari sat=1 tors=2 st=4802 hmax=328 pr=50 surv=20 ex=16 bad=0 hits=0 t=1s
  G3 c2/c6@-7/5: rank[2,2] g=2 src=pari sat=1 tors=8 st=6392 hmax=997 pr=50 surv=34 ex=30 bad=0 hits=0 t=1s
  G3 c2/c4@-7/5: rank[3,3] g=3 src=pari sat=1 tors=4 st=9604 hmax=209 pr=50 surv=71 ex=67 bad=0 hits=0 t=1s
  G3 c3/c5@-7/5: rank[2,2] g=2 src=pari sat=1 tors=4 st=7308 hmax=999 pr=50 surv=10 ex=6 bad=0 hits=0 t=1s
  G3 c3/c6@-7/5: rank[3,3] g=3 src=pari sat=1 tors=2 st=4802 hmax=328 pr=50 surv=20 ex=16 bad=0 hits=0 t=1s
  G3 c3/c4@-7/5: rank[2,2] g=2 src=pari sat=1 tors=2 st=1614 hmax=999 pr=50 surv=9 ex=5 bad=0 hits=0 t=1s
  G3 c5/c6@-7/5: rank[2,2] g=2 src=pari sat=1 tors=4 st=3716 hmax=1000 pr=50 surv=15 ex=11 bad=0 hits=0 t=1s
  G3 c5/c4@-7/5: rank[2,2] g=2 src=pari sat=1 tors=2 st=1614 hmax=999 pr=50 surv=17 ex=13 bad=0 hits=0 t=1s
  G3 c6/c4@-7/5: rank[3,3] g=3 src=pari sat=1 tors=4 st=9604 hmax=209 pr=50 surv=79 ex=75 bad=0 hits=0 t=1s
== (m,n)=(5,-6)
  G1 c0/c2: кривая не построена
  G1 c0/c6: кривая не построена
  G1 c0/c8@0: rank[0,0] g=0 src=pari sat=1 tors=8 st=8 hmax=0 pr=50 surv=8 ex=0 bad=0 hits=0 t=0s
  G1 c0/c4: кривая не построена
  G1 c2/c6@-1: rank[1,1] g=1 src=pari sat=1 tors=8 st=184 hmax=873 pr=50 surv=4 ex=0 bad=0 hits=0 t=0s
  G1 c2/c8: кривая не построена
  G1 c2/c4: кривая не построена
  G1 c6/c8: кривая не построена
  G1 c6/c4: кривая не построена
  G1 c8/c4: кривая не построена
  G2 c1/c3@-11: rank[2,2] g=2 src=pari sat=1 tors=4 st=4340 hmax=1000 pr=50 surv=19 ex=15 bad=0 hits=0 t=0s
  G2 c1/c5@-11: rank[2,2] g=2 src=pari sat=1 tors=4 st=4340 hmax=1000 pr=50 surv=19 ex=15 bad=0 hits=0 t=0s
  G2 c1/c7@-11: rank[3,3] g=3 src=pari sat=1 tors=8 st=19176 hmax=239 pr=50 surv=1040 ex=1036 bad=0 hits=0 t=1s
  G2 c1/c4@-11: rank[2,2] g=2 src=pari sat=1 tors=4 st=4572 hmax=999 pr=50 surv=25 ex=21 bad=0 hits=0 t=0s
  G2 c3/c5@-11: rank[2,2] g=2 src=pari sat=1 tors=8 st=3896 hmax=997 pr=50 surv=97 ex=93 bad=0 hits=0 t=0s
  G2 c3/c7@-11: rank[2,2] g=2 src=pari sat=1 tors=4 st=4340 hmax=1000 pr=50 surv=19 ex=15 bad=0 hits=0 t=0s
  G2 c3/c4@-11: rank[3,3] g=3 src=pari sat=1 tors=4 st=9572 hmax=336 pr=50 surv=19 ex=15 bad=0 hits=0 t=0s
  G2 c5/c7@-11: rank[2,2] g=2 src=pari sat=1 tors=4 st=4340 hmax=1000 pr=50 surv=19 ex=15 bad=0 hits=0 t=0s
  G2 c5/c4@-11: rank[3,3] g=3 src=pari sat=1 tors=4 st=9572 hmax=336 pr=50 surv=17 ex=13 bad=0 hits=0 t=1s
  G2 c7/c4@-11: rank[2,2] g=2 src=pari sat=1 tors=4 st=4572 hmax=999 pr=50 surv=25 ex=21 bad=0 hits=0 t=0s
  G3 c2/c3@-11: rank[2,2] g=2 src=pari sat=1 tors=4 st=4060 hmax=998 pr=50 surv=14 ex=12 bad=0 hits=0 t=0s
  G3 c2/c5@-11: rank[3,3] g=3 src=pari sat=1 tors=2 st=4770 hmax=324 pr=50 surv=13 ex=11 bad=0 hits=0 t=0s
  G3 c2/c6@-11: rank[3,3] g=3 src=pari sat=1 tors=8 st=19176 hmax=239 pr=50 surv=107 ex=103 bad=0 hits=0 t=1s
  G3 c2/c4@-11: rank[2,2] g=2 src=pari sat=1 tors=4 st=4572 hmax=999 pr=50 surv=55 ex=51 bad=0 hits=0 t=1s
  G3 c3/c5@-1: rank[2,2] g=2 src=pari sat=1 tors=4 st=6420 hmax=999 pr=50 surv=15 ex=11 bad=0 hits=0 t=1s
  G3 c6/c3@-11: rank[3,3] g=3 src=pari sat=1 tors=2 st=4770 hmax=324 pr=50 surv=13 ex=11 bad=0 hits=0 t=1s
  G3 c4/c3@-11: rank[2,2] g=2 src=pari sat=1 tors=2 st=1582 hmax=996 pr=50 surv=9 ex=7 bad=0 hits=0 t=0s
  G3 c6/c5@-11: rank[2,2] g=2 src=pari sat=1 tors=4 st=4060 hmax=998 pr=50 surv=9 ex=7 bad=0 hits=0 t=0s
  G3 c4/c5@-11: rank[2,2] g=2 src=pari sat=1 tors=2 st=1582 hmax=996 pr=50 surv=10 ex=8 bad=0 hits=0 t=0s
  G3 c6/c4@-11: rank[2,2] g=2 src=pari sat=1 tors=4 st=4572 hmax=999 pr=50 surv=62 ex=58 bad=0 hits=0 t=0s
== (m,n)=(5,6)
  G1 c0/c2: кривая не построена
  G1 c0/c6: кривая не построена
  G1 c0/c8@0: rank[0,0] g=0 src=pari sat=1 tors=8 st=8 hmax=0 pr=50 surv=8 ex=0 bad=0 hits=0 t=0s
  G1 c0/c4: кривая не построена
  G1 c2/c6@-1: rank[1,1] g=1 src=pari sat=1 tors=8 st=184 hmax=873 pr=50 surv=4 ex=0 bad=0 hits=0 t=1s
  G1 c2/c8: кривая не построена
  G1 c2/c4: кривая не построена
  G1 c6/c8: кривая не построена
  G1 c6/c4: кривая не построена
  G1 c8/c4: кривая не построена
  G2 c1/c3@-11: rank[2,2] g=2 src=pari sat=1 tors=4 st=4340 hmax=1000 pr=50 surv=19 ex=15 bad=0 hits=0 t=0s
  G2 c1/c5@-11: rank[2,2] g=2 src=pari sat=1 tors=4 st=4340 hmax=1000 pr=50 surv=19 ex=15 bad=0 hits=0 t=0s
  G2 c1/c7@-11: rank[3,3] g=3 src=pari sat=1 tors=8 st=19176 hmax=239 pr=50 surv=1040 ex=1036 bad=0 hits=0 t=1s
  G2 c1/c4@-11: rank[2,2] g=2 src=pari sat=1 tors=4 st=4572 hmax=999 pr=50 surv=25 ex=21 bad=0 hits=0 t=0s
  G2 c3/c5@-11: rank[2,2] g=2 src=pari sat=1 tors=8 st=3896 hmax=997 pr=50 surv=97 ex=93 bad=0 hits=0 t=1s
  G2 c3/c7@-11: rank[2,2] g=2 src=pari sat=1 tors=4 st=4340 hmax=1000 pr=50 surv=19 ex=15 bad=0 hits=0 t=0s
  G2 c3/c4@-11: rank[3,3] g=3 src=pari sat=1 tors=4 st=9572 hmax=336 pr=50 surv=17 ex=13 bad=0 hits=0 t=1s
  G2 c5/c7@-11: rank[2,2] g=2 src=pari sat=1 tors=4 st=4340 hmax=1000 pr=50 surv=19 ex=15 bad=0 hits=0 t=0s
  G2 c5/c4@-11: rank[3,3] g=3 src=pari sat=1 tors=4 st=9572 hmax=336 pr=50 surv=19 ex=15 bad=0 hits=0 t=1s
  G2 c7/c4@-11: rank[2,2] g=2 src=pari sat=1 tors=4 st=4572 hmax=999 pr=50 surv=25 ex=21 bad=0 hits=0 t=0s
  G3 c2/c3@-11: rank[2,2] g=2 src=pari sat=1 tors=4 st=4060 hmax=998 pr=50 surv=14 ex=10 bad=0 hits=0 t=0s
  G3 c2/c5@-11: rank[3,3] g=3 src=pari sat=1 tors=2 st=4770 hmax=324 pr=50 surv=13 ex=9 bad=0 hits=0 t=0s
  G3 c2/c6@-11: rank[3,3] g=3 src=pari sat=1 tors=8 st=19176 hmax=239 pr=50 surv=110 ex=106 bad=0 hits=0 t=0s
  G3 c2/c4@-11: rank[2,2] g=2 src=pari sat=1 tors=4 st=4572 hmax=999 pr=50 surv=53 ex=49 bad=0 hits=0 t=0s
  G3 c3/c5@-11: rank[2,2] g=2 src=pari sat=1 tors=4 st=6420 hmax=999 pr=50 surv=21 ex=17 bad=0 hits=0 t=0s
  G3 c3/c6@-11: rank[3,3] g=3 src=pari sat=1 tors=2 st=4770 hmax=324 pr=50 surv=13 ex=9 bad=0 hits=0 t=0s
  G3 c3/c4@-11: rank[2,2] g=2 src=pari sat=1 tors=2 st=1582 hmax=996 pr=50 surv=10 ex=6 bad=0 hits=0 t=0s
  G3 c5/c6@-11: rank[2,2] g=2 src=pari sat=1 tors=4 st=4060 hmax=998 pr=50 surv=10 ex=6 bad=0 hits=0 t=0s
  G3 c5/c4@-11: rank[2,2] g=2 src=pari sat=1 tors=2 st=1582 hmax=996 pr=50 surv=9 ex=5 bad=0 hits=0 t=0s
  G3 c6/c4@-11: rank[2,2] g=2 src=pari sat=1 tors=4 st=4572 hmax=999 pr=50 surv=65 ex=61 bad=0 hits=0 t=0s
== (m,n)=(6,-5)
  G1 c0/c2: кривая не построена
  G1 c0/c6: кривая не построена
  G1 c0/c8@0: rank[0,0] g=0 src=pari sat=1 tors=8 st=8 hmax=0 pr=50 surv=8 ex=0 bad=0 hits=0 t=0s
  G1 c0/c4: кривая не построена
  G1 c2/c6@-1: rank[1,1] g=1 src=pari sat=1 tors=8 st=184 hmax=873 pr=50 surv=4 ex=0 bad=0 hits=0 t=0s
  G1 c2/c8: кривая не построена
  G1 c2/c4: кривая не построена
  G1 c6/c8: кривая не построена
  G1 c6/c4: кривая не построена
  G1 c8/c4: кривая не построена
  G2 c1/c3@-11: rank[2,2] g=2 src=pari sat=1 tors=4 st=4340 hmax=1000 pr=50 surv=23 ex=19 bad=0 hits=0 t=0s
  G2 c1/c5@-11: rank[2,2] g=2 src=pari sat=1 tors=4 st=4340 hmax=1000 pr=50 surv=21 ex=17 bad=0 hits=0 t=0s
  G2 c1/c7@-11: rank[3,3] g=3 src=pari sat=1 tors=8 st=19176 hmax=239 pr=50 surv=906 ex=902 bad=0 hits=0 t=1s
  G2 c1/c4@-11: rank[2,2] g=2 src=pari sat=1 tors=4 st=4572 hmax=999 pr=50 surv=25 ex=21 bad=0 hits=0 t=0s
  G2 c3/c5@-11: rank[2,2] g=2 src=pari sat=1 tors=8 st=3896 hmax=997 pr=50 surv=97 ex=93 bad=0 hits=0 t=0s
  G2 c3/c7@-11: rank[2,2] g=2 src=pari sat=1 tors=4 st=4340 hmax=1000 pr=50 surv=23 ex=19 bad=0 hits=0 t=0s
  G2 c3/c4@-11: rank[3,3] g=3 src=pari sat=1 tors=4 st=9572 hmax=336 pr=50 surv=19 ex=15 bad=0 hits=0 t=0s
  G2 c5/c7@-11: rank[2,2] g=2 src=pari sat=1 tors=4 st=4340 hmax=1000 pr=50 surv=21 ex=17 bad=0 hits=0 t=0s
  G2 c5/c4@-11: rank[3,3] g=3 src=pari sat=1 tors=4 st=9572 hmax=336 pr=50 surv=17 ex=13 bad=0 hits=0 t=0s
  G2 c7/c4@-11: rank[2,2] g=2 src=pari sat=1 tors=4 st=4572 hmax=999 pr=50 surv=25 ex=21 bad=0 hits=0 t=0s
  G3 c2/c3@-11: rank[2,2] g=2 src=pari sat=1 tors=4 st=4060 hmax=998 pr=50 surv=10 ex=6 bad=0 hits=0 t=0s
  G3 c2/c5@-11: rank[3,3] g=3 src=pari sat=1 tors=2 st=4770 hmax=324 pr=50 surv=13 ex=9 bad=0 hits=0 t=0s
  G3 c2/c6@-11: rank[3,3] g=3 src=pari sat=1 tors=8 st=19176 hmax=239 pr=50 surv=103 ex=99 bad=0 hits=0 t=0s
  G3 c2/c4@-11: rank[2,2] g=2 src=pari sat=1 tors=4 st=4572 hmax=999 pr=50 surv=65 ex=61 bad=0 hits=0 t=0s
  G3 c3/c5@-11: rank[2,2] g=2 src=pari sat=1 tors=4 st=6420 hmax=999 pr=50 surv=21 ex=17 bad=0 hits=0 t=0s
  G3 c3/c6@-11: rank[3,3] g=3 src=pari sat=1 tors=2 st=4770 hmax=324 pr=50 surv=13 ex=9 bad=0 hits=0 t=0s
  G3 c3/c4@-11: rank[2,2] g=2 src=pari sat=1 tors=2 st=1582 hmax=996 pr=50 surv=9 ex=5 bad=0 hits=0 t=0s
  G3 c5/c6@-11: rank[2,2] g=2 src=pari sat=1 tors=4 st=4060 hmax=998 pr=50 surv=14 ex=10 bad=0 hits=0 t=0s
  G3 c5/c4@-11: rank[2,2] g=2 src=pari sat=1 tors=2 st=1582 hmax=996 pr=50 surv=10 ex=6 bad=0 hits=0 t=0s
  G3 c6/c4@-11: rank[2,2] g=2 src=pari sat=1 tors=4 st=4572 hmax=999 pr=50 surv=53 ex=49 bad=0 hits=0 t=0s
== (m,n)=(6,-1)
  G1 c0/c2: кривая не построена
  G1 c0/c6: кривая не построена
  G1 c0/c8@0: rank[0,0] g=0 src=pari sat=1 tors=8 st=8 hmax=0 pr=50 surv=8 ex=0 bad=0 hits=0 t=0s
  G1 c0/c4: кривая не построена
  G1 c2/c6@-1: rank[1,1] g=1 src=pari sat=1 tors=8 st=328 hmax=937 pr=50 surv=4 ex=0 bad=0 hits=0 t=0s
  G1 c2/c8: кривая не построена
  G1 c2/c4: кривая не построена
  G1 c6/c8: кривая не построена
  G1 c6/c4: кривая не построена
  G1 c8/c4: кривая не построена
  G2 c1/c3@-7/5: rank[2,2] g=2 src=pari sat=1 tors=4 st=5004 hmax=997 pr=50 surv=17 ex=13 bad=0 hits=0 t=0s
  G2 c1/c5@-7/5: rank[2,2] g=2 src=pari sat=1 tors=4 st=5004 hmax=997 pr=50 surv=18 ex=14 bad=0 hits=0 t=0s
  G2 c1/c7@-7/5: rank[2,2] g=2 src=pari sat=1 tors=8 st=6392 hmax=997 pr=50 surv=18 ex=14 bad=0 hits=0 t=0s
  G2 c1/c4@-7/5: rank[3,3] g=3 src=pari sat=1 tors=4 st=9604 hmax=209 pr=50 surv=47 ex=43 bad=0 hits=0 t=1s
  G2 c3/c5@-7/5: rank[1,1] g=1 src=pari sat=1 tors=8 st=216 hmax=895 pr=50 surv=17 ex=13 bad=0 hits=0 t=0s
  G2 c3/c7@-7/5: rank[2,2] g=2 src=pari sat=1 tors=4 st=5004 hmax=997 pr=50 surv=17 ex=13 bad=0 hits=0 t=0s
  G2 c3/c4@-7/5: rank[2,2] g=2 src=pari sat=1 tors=4 st=5028 hmax=999 pr=50 surv=29 ex=25 bad=0 hits=0 t=0s
  G2 c5/c7@-7/5: rank[2,2] g=2 src=pari sat=1 tors=4 st=5004 hmax=997 pr=50 surv=17 ex=13 bad=0 hits=0 t=0s
  G2 c5/c4@-7/5: rank[2,2] g=2 src=pari sat=1 tors=4 st=5028 hmax=999 pr=50 surv=23 ex=19 bad=0 hits=0 t=0s
  G2 c7/c4@-7/5: rank[3,3] g=3 src=pari sat=1 tors=4 st=9604 hmax=209 pr=50 surv=34 ex=30 bad=0 hits=0 t=0s
  G3 c2/c3@-7/5: rank[2,2] g=2 src=pari sat=1 tors=4 st=3716 hmax=1000 pr=50 surv=15 ex=11 bad=0 hits=0 t=0s
  G3 c2/c5@-7/5: rank[3,3] g=3 src=pari sat=1 tors=2 st=4802 hmax=328 pr=50 surv=20 ex=16 bad=0 hits=0 t=0s
  G3 c2/c6@-7/5: rank[2,2] g=2 src=pari sat=1 tors=8 st=6392 hmax=997 pr=50 surv=37 ex=33 bad=0 hits=0 t=0s
  G3 c2/c4@-7/5: rank[3,3] g=3 src=pari sat=1 tors=4 st=9604 hmax=209 pr=50 surv=79 ex=75 bad=0 hits=0 t=0s
  G3 c3/c5@-7/5: rank[2,2] g=2 src=pari sat=1 tors=4 st=7308 hmax=999 pr=50 surv=9 ex=5 bad=0 hits=0 t=0s
  G3 c3/c6@-7/5: rank[3,3] g=3 src=pari sat=1 tors=2 st=4802 hmax=328 pr=50 surv=18 ex=14 bad=0 hits=0 t=0s
  G3 c3/c4@-7/5: rank[2,2] g=2 src=pari sat=1 tors=2 st=1614 hmax=999 pr=50 surv=17 ex=13 bad=0 hits=0 t=0s
  G3 c5/c6@-7/5: rank[2,2] g=2 src=pari sat=1 tors=4 st=3716 hmax=1000 pr=50 surv=17 ex=13 bad=0 hits=0 t=0s
  G3 c5/c4@-7/5: rank[2,2] g=2 src=pari sat=1 tors=2 st=1614 hmax=999 pr=50 surv=9 ex=5 bad=0 hits=0 t=0s
  G3 c6/c4@-7/5: rank[3,3] g=3 src=pari sat=1 tors=4 st=9604 hmax=209 pr=50 surv=71 ex=67 bad=0 hits=0 t=0s
== (m,n)=(6,1)
  G1 c0/c2: кривая не построена
  G1 c0/c6: кривая не построена
  G1 c0/c8@0: rank[0,0] g=0 src=pari sat=1 tors=8 st=8 hmax=0 pr=50 surv=8 ex=0 bad=0 hits=0 t=0s
  G1 c0/c4: кривая не построена
  G1 c2/c6@-1: rank[1,1] g=1 src=pari sat=1 tors=8 st=328 hmax=937 pr=50 surv=4 ex=0 bad=0 hits=0 t=0s
  G1 c2/c8: кривая не построена
  G1 c2/c4: кривая не построена
  G1 c6/c8: кривая не построена
  G1 c6/c4: кривая не построена
  G1 c8/c4: кривая не построена
  G2 c1/c3@-7/5: rank[2,2] g=2 src=pari sat=1 tors=4 st=5004 hmax=997 pr=50 surv=18 ex=14 bad=0 hits=0 t=0s
  G2 c1/c5@-7/5: rank[2,2] g=2 src=pari sat=1 tors=4 st=5004 hmax=997 pr=50 surv=17 ex=13 bad=0 hits=0 t=0s
  G2 c1/c7@-7/5: rank[2,2] g=2 src=pari sat=1 tors=8 st=6392 hmax=997 pr=50 surv=18 ex=14 bad=0 hits=0 t=0s
  G2 c1/c4@-7/5: rank[3,3] g=3 src=pari sat=1 tors=4 st=9604 hmax=209 pr=50 surv=47 ex=43 bad=0 hits=0 t=0s
  G2 c3/c5@-7/5: rank[1,1] g=1 src=pari sat=1 tors=8 st=216 hmax=895 pr=50 surv=17 ex=13 bad=0 hits=0 t=0s
  G2 c3/c7@-7/5: rank[2,2] g=2 src=pari sat=1 tors=4 st=5004 hmax=997 pr=50 surv=17 ex=13 bad=0 hits=0 t=0s
  G2 c3/c4@-7/5: rank[2,2] g=2 src=pari sat=1 tors=4 st=5028 hmax=999 pr=50 surv=23 ex=19 bad=0 hits=0 t=0s
  G2 c5/c7@-7/5: rank[2,2] g=2 src=pari sat=1 tors=4 st=5004 hmax=997 pr=50 surv=17 ex=13 bad=0 hits=0 t=0s
  G2 c5/c4@-7/5: rank[2,2] g=2 src=pari sat=1 tors=4 st=5028 hmax=999 pr=50 surv=29 ex=25 bad=0 hits=0 t=0s
  G2 c7/c4@-7/5: rank[3,3] g=3 src=pari sat=1 tors=4 st=9604 hmax=209 pr=50 surv=34 ex=30 bad=0 hits=0 t=0s
  G3 c2/c3@-7/5: rank[2,2] g=2 src=pari sat=1 tors=4 st=3716 hmax=1000 pr=50 surv=13 ex=11 bad=0 hits=0 t=0s
  G3 c2/c5@-7/5: rank[3,3] g=3 src=pari sat=1 tors=2 st=4802 hmax=328 pr=50 surv=18 ex=16 bad=0 hits=0 t=0s
  G3 c2/c6@-7/5: rank[2,2] g=2 src=pari sat=1 tors=8 st=6392 hmax=997 pr=50 surv=34 ex=30 bad=0 hits=0 t=0s
  G3 c2/c4@-7/5: rank[3,3] g=3 src=pari sat=1 tors=4 st=9604 hmax=209 pr=50 surv=73 ex=69 bad=0 hits=0 t=0s
  G3 c3/c5@-1: rank[2,2] g=2 src=pari sat=1 tors=4 st=7308 hmax=999 pr=50 surv=11 ex=7 bad=0 hits=0 t=0s
  G3 c6/c3@-7/5: rank[3,3] g=3 src=pari sat=1 tors=2 st=4802 hmax=328 pr=50 surv=22 ex=20 bad=0 hits=0 t=0s
  G3 c4/c3@-7/5: rank[2,2] g=2 src=pari sat=1 tors=2 st=1614 hmax=999 pr=50 surv=17 ex=15 bad=0 hits=0 t=0s
  G3 c6/c5@-7/5: rank[2,2] g=2 src=pari sat=1 tors=4 st=3716 hmax=1000 pr=50 surv=18 ex=16 bad=0 hits=0 t=0s
  G3 c4/c5@-7/5: rank[2,2] g=2 src=pari sat=1 tors=2 st=1614 hmax=999 pr=50 surv=9 ex=7 bad=0 hits=0 t=0s
  G3 c6/c4@-7/5: rank[3,3] g=3 src=pari sat=1 tors=4 st=9604 hmax=209 pr=50 surv=69 ex=65 bad=0 hits=0 t=0s
== (m,n)=(6,5)
  G1 c0/c2: кривая не построена
  G1 c0/c6: кривая не построена
  G1 c0/c8@0: rank[0,0] g=0 src=pari sat=1 tors=8 st=8 hmax=0 pr=50 surv=8 ex=0 bad=0 hits=0 t=0s
  G1 c0/c4: кривая не построена
  G1 c2/c6@-1: rank[1,1] g=1 src=pari sat=1 tors=8 st=184 hmax=873 pr=50 surv=4 ex=0 bad=0 hits=0 t=0s
  G1 c2/c8: кривая не построена
  G1 c2/c4: кривая не построена
  G1 c6/c8: кривая не построена
  G1 c6/c4: кривая не построена
  G1 c8/c4: кривая не построена
  G2 c1/c3@-11: rank[2,2] g=2 src=pari sat=1 tors=4 st=4340 hmax=1000 pr=50 surv=21 ex=17 bad=0 hits=0 t=0s
  G2 c1/c5@-11: rank[2,2] g=2 src=pari sat=1 tors=4 st=4340 hmax=1000 pr=50 surv=23 ex=19 bad=0 hits=0 t=0s
  G2 c1/c7@-11: rank[3,3] g=3 src=pari sat=1 tors=8 st=19176 hmax=239 pr=50 surv=906 ex=902 bad=0 hits=0 t=1s
  G2 c1/c4@-11: rank[2,2] g=2 src=pari sat=1 tors=4 st=4572 hmax=999 pr=50 surv=25 ex=21 bad=0 hits=0 t=0s
  G2 c3/c5@-11: rank[2,2] g=2 src=pari sat=1 tors=8 st=3896 hmax=997 pr=50 surv=97 ex=93 bad=0 hits=0 t=0s
  G2 c3/c7@-11: rank[2,2] g=2 src=pari sat=1 tors=4 st=4340 hmax=1000 pr=50 surv=21 ex=17 bad=0 hits=0 t=0s
  G2 c3/c4@-11: rank[3,3] g=3 src=pari sat=1 tors=4 st=9572 hmax=336 pr=50 surv=17 ex=13 bad=0 hits=0 t=0s
  G2 c5/c7@-11: rank[2,2] g=2 src=pari sat=1 tors=4 st=4340 hmax=1000 pr=50 surv=23 ex=19 bad=0 hits=0 t=0s
  G2 c5/c4@-11: rank[3,3] g=3 src=pari sat=1 tors=4 st=9572 hmax=336 pr=50 surv=19 ex=15 bad=0 hits=0 t=0s
  G2 c7/c4@-11: rank[2,2] g=2 src=pari sat=1 tors=4 st=4572 hmax=999 pr=50 surv=25 ex=21 bad=0 hits=0 t=0s
  G3 c2/c3@-11: rank[2,2] g=2 src=pari sat=1 tors=4 st=4060 hmax=998 pr=50 surv=9 ex=7 bad=0 hits=0 t=0s
  G3 c2/c5@-11: rank[3,3] g=3 src=pari sat=1 tors=2 st=4770 hmax=324 pr=50 surv=13 ex=11 bad=0 hits=0 t=0s
  G3 c2/c6@-11: rank[3,3] g=3 src=pari sat=1 tors=8 st=19176 hmax=239 pr=50 surv=107 ex=103 bad=0 hits=0 t=0s
  G3 c2/c4@-11: rank[2,2] g=2 src=pari sat=1 tors=4 st=4572 hmax=999 pr=50 surv=62 ex=58 bad=0 hits=0 t=0s
  G3 c3/c5@-1: rank[2,2] g=2 src=pari sat=1 tors=4 st=6420 hmax=999 pr=50 surv=27 ex=23 bad=0 hits=0 t=0s
  G3 c6/c3@-11: rank[3,3] g=3 src=pari sat=1 tors=2 st=4770 hmax=324 pr=50 surv=13 ex=11 bad=0 hits=0 t=0s
  G3 c4/c3@-11: rank[2,2] g=2 src=pari sat=1 tors=2 st=1582 hmax=996 pr=50 surv=10 ex=8 bad=0 hits=0 t=0s
  G3 c6/c5@-11: rank[2,2] g=2 src=pari sat=1 tors=4 st=4060 hmax=998 pr=50 surv=14 ex=12 bad=0 hits=0 t=0s
  G3 c4/c5@-11: rank[2,2] g=2 src=pari sat=1 tors=2 st=1582 hmax=996 pr=50 surv=9 ex=7 bad=0 hits=0 t=0s
  G3 c6/c4@-11: rank[2,2] g=2 src=pari sat=1 tors=4 st=4572 hmax=999 pr=50 surv=55 ex=51 bad=0 hits=0 t=0s
== (m,n)=(1,-7)
  G1 c2/c0@-1: rank[3,3] g=3 src=pari sat=1 tors=2 st=4802 hmax=191 pr=50 surv=43 ex=37 bad=0 hits=0 t=0s
  G1 c6/c0@-1: rank[3,3] g=3 src=pari sat=1 tors=2 st=4802 hmax=191 pr=50 surv=44 ex=38 bad=0 hits=0 t=0s
  G1 c0/c8@0: rank[0,0] g=0 src=pari sat=1 tors=8 st=8 hmax=0 pr=50 surv=8 ex=0 bad=0 hits=0 t=0s
  G1 c4/c0@-4/3: rank[1,1] g=1 src=pari sat=1 tors=8 st=408 hmax=933 pr=50 surv=10 ex=4 bad=0 hits=0 t=0s
  G1 c2/c6@-1: rank[0,0] g=0 src=pari sat=1 tors=16 st=16 hmax=0 pr=50 surv=10 ex=2 bad=0 hits=0 t=0s
  G1 c2/c8@-1: rank[3,3] g=3 src=pari sat=1 tors=2 st=4802 hmax=191 pr=50 surv=42 ex=36 bad=0 hits=0 t=0s
  G1 c4/c2@-4/3: rank[1,1] g=1 src=pari sat=1 tors=4 st=180 hmax=944 pr=50 surv=9 ex=3 bad=0 hits=0 t=0s
  G1 c6/c8@-1: rank[3,3] g=3 src=pari sat=1 tors=2 st=4802 hmax=191 pr=50 surv=42 ex=36 bad=0 hits=0 t=0s
  G1 c4/c6@-4/3: rank[1,1] g=1 src=pari sat=1 tors=4 st=180 hmax=944 pr=50 surv=9 ex=3 bad=0 hits=0 t=0s
  G1 c4/c8@-4/3: rank[1,1] g=1 src=pari sat=1 tors=8 st=408 hmax=933 pr=50 surv=8 ex=2 bad=0 hits=0 t=0s
  G2 c1/c3@-4/3: rank[3,3] g=3 src=pari sat=1 tors=4 st=9588 hmax=166 pr=50 surv=23 ex=19 bad=0 hits=0 t=0s
  G2 c1/c5@-4/3: rank[3,3] g=3 src=pari sat=1 tors=4 st=9588 hmax=166 pr=50 surv=23 ex=19 bad=0 hits=0 t=0s
  G2 c1/c7@-4/3: rank[1,1] g=1 src=pari sat=1 tors=8 st=232 hmax=942 pr=50 surv=17 ex=13 bad=0 hits=0 t=0s
  G2 c1/c4@-4/3: rank[2,2] g=2 src=pari sat=1 tors=4 st=5284 hmax=999 pr=50 surv=57 ex=53 bad=0 hits=0 t=0s
  G2 c3/c5@-4/3: rank[1,1] g=1 src=pari sat=1 tors=8 st=472 hmax=997 pr=50 surv=40 ex=32 bad=0 hits=0 t=0s
  G2 c3/c7@-4/3: rank[3,3] g=3 src=pari sat=1 tors=4 st=9588 hmax=166 pr=50 surv=23 ex=19 bad=0 hits=0 t=0s
  G2 c3/c4@-4/3: rank[2,2] g=2 src=pari sat=1 tors=4 st=9580 hmax=804 pr=50 surv=67 ex=59 bad=0 hits=0 t=0s
  G2 c5/c7@-4/3: rank[3,3] g=3 src=pari sat=1 tors=4 st=9588 hmax=166 pr=50 surv=23 ex=19 bad=0 hits=0 t=0s
  G2 c5/c4@-4/3: rank[2,2] g=2 src=pari sat=1 tors=4 st=9580 hmax=804 pr=50 surv=64 ex=56 bad=0 hits=0 t=0s
  G2 c7/c4@-4/3: rank[2,2] g=2 src=pari sat=1 tors=4 st=5284 hmax=999 pr=50 surv=61 ex=57 bad=0 hits=0 t=0s
  G3 c2/c3@-4/3: rank[2,2] g=2 src=pari sat=1 tors=4 st=2548 hmax=995 pr=50 surv=17 ex=15 bad=0 hits=0 t=0s
  G3 c2/c5@-4/3: rank[4,4] g=4 src=pari sat=1 tors=2 st=4802 hmax=105 pr=50 surv=10 ex=8 bad=0 hits=0 t=0s
  G3 c2/c6@-4/3: rank[1,1] g=1 src=pari sat=1 tors=8 st=232 hmax=942 pr=50 surv=17 ex=13 bad=0 hits=0 t=0s
  G3 c2/c4@-4/3: rank[2,2] g=2 src=pari sat=1 tors=4 st=5284 hmax=999 pr=50 surv=40 ex=36 bad=0 hits=0 t=0s
  G3 c3/c5@-1: rank[2,2] g=2 src=pari sat=1 tors=4 st=7468 hmax=998 pr=50 surv=88 ex=84 bad=0 hits=0 t=0s
  G3 c6/c3@-4/3: rank[4,4] g=4 src=pari sat=1 tors=2 st=4802 hmax=105 pr=50 surv=11 ex=9 bad=0 hits=0 t=0s
  G3 c4/c3@-4/3: rank[2,2] g=2 src=pari sat=1 tors=2 st=1654 hmax=1000 pr=50 surv=13 ex=11 bad=0 hits=0 t=0s
  G3 c6/c5@-4/3: rank[2,2] g=2 src=pari sat=1 tors=4 st=2548 hmax=995 pr=50 surv=17 ex=15 bad=0 hits=0 t=0s
  G3 c4/c5@-4/3: rank[2,2] g=2 src=pari sat=1 tors=2 st=1654 hmax=1000 pr=50 surv=10 ex=8 bad=0 hits=0 t=0s
  G3 c6/c4@-4/3: rank[2,2] g=2 src=pari sat=1 tors=4 st=5284 hmax=999 pr=50 surv=37 ex=33 bad=0 hits=0 t=0s
== (m,n)=(1,7)
  G1 c2/c0@-1: rank[3,3] g=3 src=pari sat=1 tors=2 st=4802 hmax=191 pr=50 surv=44 ex=38 bad=0 hits=0 t=0s
  G1 c6/c0@-1: rank[3,3] g=3 src=pari sat=1 tors=2 st=4802 hmax=191 pr=50 surv=43 ex=37 bad=0 hits=0 t=0s
  G1 c0/c8@0: rank[0,0] g=0 src=pari sat=1 tors=8 st=8 hmax=0 pr=50 surv=8 ex=0 bad=0 hits=0 t=0s
  G1 c4/c0@-4/3: rank[1,1] g=1 src=pari sat=1 tors=8 st=408 hmax=933 pr=50 surv=10 ex=4 bad=0 hits=0 t=0s
  G1 c2/c6@-1: rank[0,0] g=0 src=pari sat=1 tors=16 st=16 hmax=0 pr=50 surv=12 ex=4 bad=0 hits=0 t=0s
  G1 c2/c8@-1: rank[3,3] g=3 src=pari sat=1 tors=2 st=4802 hmax=191 pr=50 surv=42 ex=36 bad=0 hits=0 t=0s
  G1 c4/c2@-4/3: rank[1,1] g=1 src=pari sat=1 tors=4 st=180 hmax=944 pr=50 surv=9 ex=3 bad=0 hits=0 t=0s
  G1 c6/c8@-1: rank[3,3] g=3 src=pari sat=1 tors=2 st=4802 hmax=191 pr=50 surv=42 ex=36 bad=0 hits=0 t=0s
  G1 c4/c6@-4/3: rank[1,1] g=1 src=pari sat=1 tors=4 st=180 hmax=944 pr=50 surv=9 ex=3 bad=0 hits=0 t=0s
  G1 c4/c8@-4/3: rank[1,1] g=1 src=pari sat=1 tors=8 st=408 hmax=933 pr=50 surv=8 ex=2 bad=0 hits=0 t=0s
  G2 c1/c3@-4/3: rank[3,3] g=3 src=pari sat=1 tors=4 st=9588 hmax=166 pr=50 surv=23 ex=19 bad=0 hits=0 t=0s
  G2 c1/c5@-4/3: rank[3,3] g=3 src=pari sat=1 tors=4 st=9588 hmax=166 pr=50 surv=23 ex=19 bad=0 hits=0 t=0s
  G2 c1/c7@-4/3: rank[1,1] g=1 src=pari sat=1 tors=8 st=232 hmax=942 pr=50 surv=17 ex=13 bad=0 hits=0 t=0s
  G2 c1/c4@-4/3: rank[2,2] g=2 src=pari sat=1 tors=4 st=5284 hmax=999 pr=50 surv=57 ex=53 bad=0 hits=0 t=0s
  G2 c3/c5@-4/3: rank[1,1] g=1 src=pari sat=1 tors=8 st=472 hmax=997 pr=50 surv=40 ex=32 bad=0 hits=0 t=0s
  G2 c3/c7@-4/3: rank[3,3] g=3 src=pari sat=1 tors=4 st=9588 hmax=166 pr=50 surv=23 ex=19 bad=0 hits=0 t=0s
  G2 c3/c4@-4/3: rank[2,2] g=2 src=pari sat=1 tors=4 st=9580 hmax=804 pr=50 surv=64 ex=56 bad=0 hits=0 t=0s
  G2 c5/c7@-4/3: rank[3,3] g=3 src=pari sat=1 tors=4 st=9588 hmax=166 pr=50 surv=23 ex=19 bad=0 hits=0 t=0s
  G2 c5/c4@-4/3: rank[2,2] g=2 src=pari sat=1 tors=4 st=9580 hmax=804 pr=50 surv=67 ex=59 bad=0 hits=0 t=0s
  G2 c7/c4@-4/3: rank[2,2] g=2 src=pari sat=1 tors=4 st=5284 hmax=999 pr=50 surv=61 ex=57 bad=0 hits=0 t=0s
  G3 c2/c3@-4/3: rank[2,2] g=2 src=pari sat=1 tors=4 st=2548 hmax=995 pr=50 surv=17 ex=13 bad=0 hits=0 t=0s
  G3 c2/c5@-4/3: rank[4,4] g=4 src=pari sat=1 tors=2 st=4802 hmax=105 pr=50 surv=10 ex=6 bad=0 hits=0 t=0s
  G3 c2/c6@-4/3: rank[1,1] g=1 src=pari sat=1 tors=8 st=232 hmax=942 pr=50 surv=17 ex=13 bad=0 hits=0 t=0s
  G3 c2/c4@-4/3: rank[2,2] g=2 src=pari sat=1 tors=4 st=5284 hmax=999 pr=50 surv=37 ex=33 bad=0 hits=0 t=0s
  G3 c3/c5@-4/3: rank[2,2] g=2 src=pari sat=1 tors=4 st=7468 hmax=998 pr=50 surv=39 ex=35 bad=0 hits=0 t=0s
  G3 c3/c6@-4/3: rank[4,4] g=4 src=pari sat=1 tors=2 st=4802 hmax=105 pr=50 surv=9 ex=5 bad=0 hits=0 t=0s
  G3 c3/c4@-4/3: rank[2,2] g=2 src=pari sat=1 tors=2 st=1654 hmax=1000 pr=50 surv=13 ex=9 bad=0 hits=0 t=0s
  G3 c5/c6@-4/3: rank[2,2] g=2 src=pari sat=1 tors=4 st=2548 hmax=995 pr=50 surv=17 ex=13 bad=0 hits=0 t=0s
  G3 c5/c4@-4/3: rank[2,2] g=2 src=pari sat=1 tors=2 st=1654 hmax=1000 pr=50 surv=10 ex=6 bad=0 hits=0 t=0s
  G3 c6/c4@-4/3: rank[2,2] g=2 src=pari sat=1 tors=4 st=5284 hmax=999 pr=50 surv=37 ex=33 bad=0 hits=0 t=0s
== (m,n)=(2,-7)
  G1 c0/c2: кривая не построена
  G1 c0/c6: кривая не построена
  G1 c0/c8@0: rank[0,0] g=0 src=pari sat=1 tors=8 st=8 hmax=0 pr=50 surv=8 ex=0 bad=0 hits=0 t=0s
  G1 c0/c4: кривая не построена
  G1 c2/c6@-1: rank[1,1] g=1 src=pari sat=1 tors=8 st=328 hmax=958 pr=50 surv=19 ex=15 bad=0 hits=0 t=0s
  G1 c2/c8: кривая не построена
  G1 c2/c4: кривая не построена
  G1 c6/c8: кривая не построена
  G1 c6/c4: кривая не построена
  G1 c8/c4: кривая не построена
  G2 c1/c3@-9/5: rank[2,2] g=2 src=pari sat=1 tors=4 st=4700 hmax=997 pr=50 surv=42 ex=38 bad=0 hits=0 t=0s
  G2 c1/c5@-9/5: rank[2,2] g=2 src=pari sat=1 tors=4 st=4700 hmax=997 pr=50 surv=44 ex=40 bad=0 hits=0 t=0s
  G2 c1/c7@-9/5: rank[2,2] g=2 src=pari sat=1 tors=8 st=6584 hmax=999 pr=50 surv=38 ex=34 bad=0 hits=0 t=0s
  G2 c1/c4@-9/5: rank[3,3] g=3 src=pari sat=1 tors=4 st=9604 hmax=242 pr=50 surv=33 ex=29 bad=0 hits=0 t=0s
  G2 c3/c5@-9/5: rank[1,1] g=1 src=pari sat=1 tors=8 st=216 hmax=946 pr=50 surv=17 ex=13 bad=0 hits=0 t=0s
  G2 c3/c7@-9/5: rank[2,2] g=2 src=pari sat=1 tors=4 st=4700 hmax=997 pr=50 surv=44 ex=40 bad=0 hits=0 t=0s
  G2 c3/c4@-9/5: rank[2,2] g=2 src=pari sat=1 tors=4 st=4828 hmax=1000 pr=50 surv=25 ex=21 bad=0 hits=0 t=0s
  G2 c5/c7@-9/5: rank[2,2] g=2 src=pari sat=1 tors=4 st=4700 hmax=997 pr=50 surv=44 ex=40 bad=0 hits=0 t=0s
  G2 c5/c4@-9/5: rank[2,2] g=2 src=pari sat=1 tors=4 st=4828 hmax=1000 pr=50 surv=26 ex=22 bad=0 hits=0 t=0s
  G2 c7/c4@-9/5: rank[3,3] g=3 src=pari sat=1 tors=4 st=9604 hmax=242 pr=50 surv=33 ex=29 bad=0 hits=0 t=0s
  G3 c2/c3@-9/5: rank[1,1] g=1 src=pari sat=1 tors=4 st=116 hmax=876 pr=50 surv=9 ex=7 bad=0 hits=0 t=0s
  G3 c2/c5@-9/5: rank[3,3] g=3 src=pari sat=1 tors=2 st=4774 hmax=389 pr=50 surv=16 ex=14 bad=0 hits=0 t=0s
  G3 c2/c6@-9/5: rank[2,2] g=2 src=pari sat=1 tors=8 st=6584 hmax=999 pr=50 surv=18 ex=14 bad=0 hits=0 t=0s
  G3 c2/c4@-9/5: rank[3,3] g=3 src=pari sat=1 tors=4 st=9604 hmax=242 pr=50 surv=21 ex=17 bad=0 hits=0 t=0s
  G3 c3/c5@-1: rank[3,3] g=3 src=pari sat=1 tors=4 st=9604 hmax=181 pr=50 surv=39 ex=35 bad=0 hits=0 t=0s
  G3 c6/c3@-9/5: rank[3,3] g=3 src=pari sat=1 tors=2 st=4774 hmax=389 pr=50 surv=13 ex=11 bad=0 hits=0 t=0s
  G3 c4/c3@-9/5: rank[2,2] g=2 src=pari sat=1 tors=2 st=1382 hmax=998 pr=50 surv=12 ex=10 bad=0 hits=0 t=0s
  G3 c6/c5@-9/5: rank[1,1] g=1 src=pari sat=1 tors=4 st=116 hmax=876 pr=50 surv=9 ex=7 bad=0 hits=0 t=0s
  G3 c4/c5@-9/5: rank[2,2] g=2 src=pari sat=1 tors=2 st=1382 hmax=998 pr=50 surv=11 ex=9 bad=0 hits=0 t=0s
  G3 c6/c4@-9/5: rank[3,3] g=3 src=pari sat=1 tors=4 st=9604 hmax=242 pr=50 surv=21 ex=17 bad=0 hits=0 t=0s
== (m,n)=(2,7)
  G1 c0/c2: кривая не построена
  G1 c0/c6: кривая не построена
  G1 c0/c8@0: rank[0,0] g=0 src=pari sat=1 tors=8 st=8 hmax=0 pr=50 surv=8 ex=0 bad=0 hits=0 t=0s
  G1 c0/c4: кривая не построена
  G1 c2/c6@-1: rank[1,1] g=1 src=pari sat=1 tors=8 st=328 hmax=958 pr=50 surv=20 ex=16 bad=0 hits=0 t=0s
  G1 c2/c8: кривая не построена
  G1 c2/c4: кривая не построена
  G1 c6/c8: кривая не построена
  G1 c6/c4: кривая не построена
  G1 c8/c4: кривая не построена
  G2 c1/c3@-9/5: rank[2,2] g=2 src=pari sat=1 tors=4 st=4700 hmax=997 pr=50 surv=44 ex=40 bad=0 hits=0 t=0s
  G2 c1/c5@-9/5: rank[2,2] g=2 src=pari sat=1 tors=4 st=4700 hmax=997 pr=50 surv=42 ex=38 bad=0 hits=0 t=0s
  G2 c1/c7@-9/5: rank[2,2] g=2 src=pari sat=1 tors=8 st=6584 hmax=999 pr=50 surv=38 ex=34 bad=0 hits=0 t=0s
  G2 c1/c4@-9/5: rank[3,3] g=3 src=pari sat=1 tors=4 st=9604 hmax=242 pr=50 surv=33 ex=29 bad=0 hits=0 t=0s
  G2 c3/c5@-9/5: rank[1,1] g=1 src=pari sat=1 tors=8 st=216 hmax=946 pr=50 surv=17 ex=13 bad=0 hits=0 t=0s
  G2 c3/c7@-9/5: rank[2,2] g=2 src=pari sat=1 tors=4 st=4700 hmax=997 pr=50 surv=44 ex=40 bad=0 hits=0 t=0s
  G2 c3/c4@-9/5: rank[2,2] g=2 src=pari sat=1 tors=4 st=4828 hmax=1000 pr=50 surv=26 ex=22 bad=0 hits=0 t=0s
  G2 c5/c7@-9/5: rank[2,2] g=2 src=pari sat=1 tors=4 st=4700 hmax=997 pr=50 surv=44 ex=40 bad=0 hits=0 t=0s
  G2 c5/c4@-9/5: rank[2,2] g=2 src=pari sat=1 tors=4 st=4828 hmax=1000 pr=50 surv=25 ex=21 bad=0 hits=0 t=0s
  G2 c7/c4@-9/5: rank[3,3] g=3 src=pari sat=1 tors=4 st=9604 hmax=242 pr=50 surv=33 ex=29 bad=0 hits=0 t=0s
  G3 c2/c3@-9/5: rank[1,1] g=1 src=pari sat=1 tors=4 st=116 hmax=876 pr=50 surv=9 ex=5 bad=0 hits=0 t=0s
  G3 c2/c5@-9/5: rank[3,3] g=3 src=pari sat=1 tors=2 st=4774 hmax=389 pr=50 surv=13 ex=9 bad=0 hits=0 t=0s
  G3 c2/c6@-9/5: rank[2,2] g=2 src=pari sat=1 tors=8 st=6584 hmax=999 pr=50 surv=18 ex=14 bad=0 hits=0 t=0s
  G3 c2/c4@-9/5: rank[3,3] g=3 src=pari sat=1 tors=4 st=9604 hmax=242 pr=50 surv=21 ex=17 bad=0 hits=0 t=0s
  G3 c3/c5@-9/5: rank[3,3] g=3 src=pari sat=1 tors=4 st=9604 hmax=181 pr=50 surv=24 ex=20 bad=0 hits=0 t=0s
  G3 c3/c6@-9/5: rank[3,3] g=3 src=pari sat=1 tors=2 st=4774 hmax=389 pr=50 surv=16 ex=12 bad=0 hits=0 t=0s
  G3 c3/c4@-9/5: rank[2,2] g=2 src=pari sat=1 tors=2 st=1382 hmax=998 pr=50 surv=11 ex=7 bad=0 hits=0 t=0s
  G3 c5/c6@-9/5: rank[1,1] g=1 src=pari sat=1 tors=4 st=116 hmax=876 pr=50 surv=9 ex=5 bad=0 hits=0 t=0s
  G3 c5/c4@-9/5: rank[2,2] g=2 src=pari sat=1 tors=2 st=1382 hmax=998 pr=50 surv=12 ex=8 bad=0 hits=0 t=0s
  G3 c6/c4@-9/5: rank[3,3] g=3 src=pari sat=1 tors=4 st=9604 hmax=242 pr=50 surv=21 ex=17 bad=0 hits=0 t=0s
== (m,n)=(3,-7)
  G1 c0/c2: кривая не построена
  G1 c0/c6: кривая не построена
  G1 c0/c8@0: rank[0,0] g=0 src=pari sat=1 tors=8 st=8 hmax=0 pr=50 surv=8 ex=0 bad=0 hits=0 t=0s
  G1 c0/c4: кривая не построена
  G1 c2/c6@-1: rank[1,1] g=1 src=pari sat=1 tors=8 st=376 hmax=988 pr=50 surv=4 ex=0 bad=0 hits=0 t=0s
  G1 c2/c8: кривая не построена
  G1 c2/c4: кривая не построена
  G1 c6/c8: кривая не построена
  G1 c6/c4: кривая не построена
  G1 c8/c4: кривая не построена
  G2 c1/c3@-5/2: rank[3,3] g=3 src=pari sat=1 tors=4 st=9564 hmax=174 pr=50 surv=24 ex=20 bad=0 hits=0 t=0s
  G2 c1/c5@-5/2: rank[3,3] g=3 src=pari sat=1 tors=4 st=9564 hmax=174 pr=50 surv=25 ex=21 bad=0 hits=0 t=0s
  G2 c1/c7@-5/2: rank[1,1] g=1 src=pari sat=1 tors=8 st=232 hmax=954 pr=50 surv=17 ex=13 bad=0 hits=0 t=0s
  G2 c1/c4@-5/2: rank[2,2] g=2 src=pari sat=1 tors=4 st=5364 hmax=997 pr=50 surv=33 ex=29 bad=0 hits=0 t=0s
  G2 c3/c5@-5/2: rank[2,2] g=2 src=pari sat=1 tors=8 st=7192 hmax=997 pr=50 surv=37 ex=33 bad=0 hits=0 t=0s
  G2 c3/c7@-5/2: rank[3,3] g=3 src=pari sat=1 tors=4 st=9564 hmax=174 pr=50 surv=24 ex=20 bad=0 hits=0 t=0s
  G2 c3/c4@-5/2: rank[3,3] g=3 src=pari sat=1 tors=4 st=9604 hmax=167 pr=50 surv=25 ex=21 bad=0 hits=0 t=0s
  G2 c5/c7@-5/2: rank[3,3] g=3 src=pari sat=1 tors=4 st=9564 hmax=174 pr=50 surv=25 ex=21 bad=0 hits=0 t=0s
  G2 c5/c4@-5/2: rank[3,3] g=3 src=pari sat=1 tors=4 st=9604 hmax=167 pr=50 surv=26 ex=22 bad=0 hits=0 t=0s
  G2 c7/c4@-5/2: rank[2,2] g=2 src=pari sat=1 tors=4 st=5364 hmax=997 pr=50 surv=34 ex=30 bad=0 hits=0 t=0s
  G3 c2/c3@-5/2: rank[2,2] g=2 src=pari sat=1 tors=4 st=5500 hmax=997 pr=50 surv=12 ex=10 bad=0 hits=0 t=0s
  G3 c2/c5@-5/2: rank[3,3] g=3 src=pari sat=1 tors=2 st=4778 hmax=331 pr=50 surv=11 ex=9 bad=0 hits=0 t=0s
  G3 c2/c6@-5/2: rank[1,1] g=1 src=pari sat=1 tors=8 st=232 hmax=954 pr=50 surv=17 ex=13 bad=0 hits=0 t=0s
  G3 c2/c4@-5/2: rank[2,2] g=2 src=pari sat=1 tors=4 st=5364 hmax=997 pr=50 surv=38 ex=34 bad=0 hits=0 t=0s
  G3 c3/c5@-1: rank[2,2] g=2 src=pari sat=1 tors=4 st=8908 hmax=999 pr=50 surv=28 ex=24 bad=0 hits=0 t=0s
  G3 c6/c3@-5/2: rank[3,3] g=3 src=pari sat=1 tors=2 st=4778 hmax=331 pr=50 surv=11 ex=9 bad=0 hits=0 t=0s
  G3 c4/c3@-5/2: rank[2,2] g=2 src=pari sat=1 tors=2 st=1798 hmax=999 pr=50 surv=13 ex=11 bad=0 hits=0 t=0s
  G3 c6/c5@-5/2: rank[2,2] g=2 src=pari sat=1 tors=4 st=5500 hmax=997 pr=50 surv=9 ex=7 bad=0 hits=0 t=0s
  G3 c4/c5@-5/2: rank[2,2] g=2 src=pari sat=1 tors=2 st=1798 hmax=999 pr=50 surv=17 ex=15 bad=0 hits=0 t=0s
  G3 c6/c4@-5/2: rank[2,2] g=2 src=pari sat=1 tors=4 st=5364 hmax=997 pr=50 surv=35 ex=31 bad=0 hits=0 t=0s
== (m,n)=(3,7)
  G1 c0/c2: кривая не построена
  G1 c0/c6: кривая не построена
  G1 c0/c8@0: rank[0,0] g=0 src=pari sat=1 tors=8 st=8 hmax=0 pr=50 surv=8 ex=0 bad=0 hits=0 t=0s
  G1 c0/c4: кривая не построена
  G1 c2/c6@-1: rank[1,1] g=1 src=pari sat=1 tors=8 st=376 hmax=988 pr=50 surv=4 ex=0 bad=0 hits=0 t=0s
  G1 c2/c8: кривая не построена
  G1 c2/c4: кривая не построена
  G1 c6/c8: кривая не построена
  G1 c6/c4: кривая не построена
  G1 c8/c4: кривая не построена
  G2 c1/c3@-5/2: rank[3,3] g=3 src=pari sat=1 tors=4 st=9564 hmax=174 pr=50 surv=25 ex=21 bad=0 hits=0 t=0s
  G2 c1/c5@-5/2: rank[3,3] g=3 src=pari sat=1 tors=4 st=9564 hmax=174 pr=50 surv=24 ex=20 bad=0 hits=0 t=0s
  G2 c1/c7@-5/2: rank[1,1] g=1 src=pari sat=1 tors=8 st=232 hmax=954 pr=50 surv=17 ex=13 bad=0 hits=0 t=0s
  G2 c1/c4@-5/2: rank[2,2] g=2 src=pari sat=1 tors=4 st=5364 hmax=997 pr=50 surv=33 ex=29 bad=0 hits=0 t=1s
  G2 c3/c5@-5/2: rank[2,2] g=2 src=pari sat=1 tors=8 st=7192 hmax=997 pr=50 surv=37 ex=33 bad=0 hits=0 t=1s
  G2 c3/c7@-5/2: rank[3,3] g=3 src=pari sat=1 tors=4 st=9564 hmax=174 pr=50 surv=25 ex=21 bad=0 hits=0 t=1s
  G2 c3/c4@-5/2: rank[3,3] g=3 src=pari sat=1 tors=4 st=9604 hmax=167 pr=50 surv=26 ex=22 bad=0 hits=0 t=1s
  G2 c5/c7@-5/2: rank[3,3] g=3 src=pari sat=1 tors=4 st=9564 hmax=174 pr=50 surv=24 ex=20 bad=0 hits=0 t=1s
  G2 c5/c4@-5/2: rank[3,3] g=3 src=pari sat=1 tors=4 st=9604 hmax=167 pr=50 surv=25 ex=21 bad=0 hits=0 t=1s
  G2 c7/c4@-5/2: rank[2,2] g=2 src=pari sat=1 tors=4 st=5364 hmax=997 pr=50 surv=34 ex=30 bad=0 hits=0 t=1s
  G3 c2/c3@-5/2: rank[2,2] g=2 src=pari sat=1 tors=4 st=5500 hmax=997 pr=50 surv=12 ex=8 bad=0 hits=0 t=0s
  G3 c2/c5@-5/2: rank[3,3] g=3 src=pari sat=1 tors=2 st=4778 hmax=331 pr=50 surv=11 ex=7 bad=0 hits=0 t=0s
  G3 c2/c6@-5/2: rank[1,1] g=1 src=pari sat=1 tors=8 st=232 hmax=954 pr=50 surv=17 ex=13 bad=0 hits=0 t=0s
  G3 c2/c4@-5/2: rank[2,2] g=2 src=pari sat=1 tors=4 st=5364 hmax=997 pr=50 surv=39 ex=35 bad=0 hits=0 t=0s
  G3 c3/c5@-5/2: rank[2,2] g=2 src=pari sat=1 tors=4 st=8908 hmax=999 pr=50 surv=19 ex=15 bad=0 hits=0 t=0s
  G3 c3/c6@-5/2: rank[3,3] g=3 src=pari sat=1 tors=2 st=4778 hmax=331 pr=50 surv=11 ex=7 bad=0 hits=0 t=0s
  G3 c3/c4@-5/2: rank[2,2] g=2 src=pari sat=1 tors=2 st=1798 hmax=999 pr=50 surv=18 ex=14 bad=0 hits=0 t=0s
  G3 c5/c6@-5/2: rank[2,2] g=2 src=pari sat=1 tors=4 st=5500 hmax=997 pr=50 surv=9 ex=5 bad=0 hits=0 t=0s
  G3 c5/c4@-5/2: rank[2,2] g=2 src=pari sat=1 tors=2 st=1798 hmax=999 pr=50 surv=18 ex=14 bad=0 hits=0 t=0s
  G3 c6/c4@-5/2: rank[2,2] g=2 src=pari sat=1 tors=4 st=5364 hmax=997 pr=50 surv=39 ex=35 bad=0 hits=0 t=0s
== (m,n)=(4,-7)
  G1 c2/c0@-1: rank[2,2] g=2 src=pari sat=1 tors=2 st=970 hmax=985 pr=50 surv=6 ex=4 bad=0 hits=0 t=0s
  G1 c6/c0@-1: rank[2,2] g=2 src=pari sat=1 tors=2 st=970 hmax=985 pr=50 surv=6 ex=4 bad=0 hits=0 t=0s
  G1 c0/c8@0: rank[1,1] g=1 src=pari sat=1 tors=8 st=456 hmax=961 pr=50 surv=8 ex=0 bad=0 hits=0 t=0s
  G1 c0/c4: кривая не построена
  G1 c2/c6@-1: rank[0,0] g=0 src=pari sat=1 tors=8 st=8 hmax=0 pr=50 surv=4 ex=0 bad=0 hits=0 t=0s
  G1 c2/c8@-1: rank[2,2] g=2 src=pari sat=1 tors=2 st=970 hmax=985 pr=50 surv=6 ex=4 bad=0 hits=0 t=0s
  G1 c2/c4: кривая не построена
  G1 c6/c8@-1: rank[2,2] g=2 src=pari sat=1 tors=2 st=970 hmax=985 pr=50 surv=6 ex=4 bad=0 hits=0 t=0s
  G1 c6/c4: кривая не построена
  G1 c8/c4: кривая не построена
  G2 c1/c3@-11/3: rank[2,2] g=2 src=pari sat=1 tors=4 st=4508 hmax=994 pr=50 surv=22 ex=18 bad=0 hits=0 t=0s
  G2 c1/c5@-11/3: rank[2,2] g=2 src=pari sat=1 tors=4 st=4508 hmax=994 pr=50 surv=22 ex=18 bad=0 hits=0 t=0s
  G2 c1/c7@-11/3: rank[2,2] g=2 src=pari sat=1 tors=8 st=4680 hmax=989 pr=50 surv=54 ex=50 bad=0 hits=0 t=0s
  G2 c1/c4@-11/3: rank[2,2] g=2 src=pari sat=1 tors=4 st=4900 hmax=998 pr=50 surv=31 ex=27 bad=0 hits=0 t=0s
  G2 c3/c5@-11/3: rank[1,1] g=1 src=pari sat=1 tors=8 st=200 hmax=891 pr=50 surv=17 ex=13 bad=0 hits=0 t=0s
  G2 c3/c7@-11/3: rank[2,2] g=2 src=pari sat=1 tors=4 st=4508 hmax=994 pr=50 surv=22 ex=18 bad=0 hits=0 t=0s
  G2 c3/c4@-11/3: rank[3,3] g=3 src=pari sat=1 tors=4 st=9556 hmax=203 pr=50 surv=26 ex=22 bad=0 hits=0 t=0s
  G2 c5/c7@-11/3: rank[2,2] g=2 src=pari sat=1 tors=4 st=4508 hmax=994 pr=50 surv=22 ex=18 bad=0 hits=0 t=0s
  G2 c5/c4@-11/3: rank[3,3] g=3 src=pari sat=1 tors=4 st=9556 hmax=203 pr=50 surv=21 ex=17 bad=0 hits=0 t=0s
  G2 c7/c4@-11/3: rank[2,2] g=2 src=pari sat=1 tors=4 st=4900 hmax=998 pr=50 surv=30 ex=26 bad=0 hits=0 t=0s
  G3 c2/c3@-11/3: rank[1,1] g=1 src=pari sat=1 tors=4 st=116 hmax=886 pr=50 surv=13 ex=11 bad=0 hits=0 t=0s
  G3 c2/c5@-11/3: rank[3,3] g=3 src=pari sat=1 tors=2 st=4802 hmax=410 pr=50 surv=9 ex=7 bad=0 hits=0 t=0s
  G3 c2/c6@-11/3: rank[2,2] g=2 src=pari sat=1 tors=8 st=4680 hmax=989 pr=50 surv=35 ex=31 bad=0 hits=0 t=0s
  G3 c2/c4@-11/3: rank[2,2] g=2 src=pari sat=1 tors=4 st=4900 hmax=998 pr=50 surv=18 ex=14 bad=0 hits=0 t=0s
  G3 c3/c5@-1: rank[2,2] g=2 src=pari sat=1 tors=4 st=5300 hmax=999 pr=50 surv=49 ex=45 bad=0 hits=0 t=0s
  G3 c6/c3@-11/3: rank[3,3] g=3 src=pari sat=1 tors=2 st=4802 hmax=410 pr=50 surv=9 ex=7 bad=0 hits=0 t=0s
  G3 c4/c3@-11/3: rank[3,3] g=3 src=pari sat=1 tors=2 st=4802 hmax=342 pr=50 surv=13 ex=11 bad=0 hits=0 t=0s
  G3 c6/c5@-11/3: rank[1,1] g=1 src=pari sat=1 tors=4 st=116 hmax=886 pr=50 surv=9 ex=7 bad=0 hits=0 t=0s
  G3 c4/c5@-11/3: rank[3,3] g=3 src=pari sat=1 tors=2 st=4802 hmax=342 pr=50 surv=17 ex=15 bad=0 hits=0 t=1s
  G3 c6/c4@-11/3: rank[2,2] g=2 src=pari sat=1 tors=4 st=4900 hmax=998 pr=50 surv=18 ex=14 bad=0 hits=0 t=1s
== (m,n)=(4,7)
  G1 c2/c0@-1: rank[2,2] g=2 src=pari sat=1 tors=2 st=970 hmax=985 pr=50 surv=6 ex=4 bad=0 hits=0 t=1s
  G1 c6/c0@-1: rank[2,2] g=2 src=pari sat=1 tors=2 st=970 hmax=985 pr=50 surv=6 ex=4 bad=0 hits=0 t=1s
  G1 c0/c8@0: rank[1,1] g=1 src=pari sat=1 tors=8 st=456 hmax=961 pr=50 surv=8 ex=0 bad=0 hits=0 t=1s
  G1 c0/c4: кривая не построена
  G1 c2/c6@-1: rank[0,0] g=0 src=pari sat=1 tors=8 st=8 hmax=0 pr=50 surv=4 ex=0 bad=0 hits=0 t=1s
  G1 c2/c8@-1: rank[2,2] g=2 src=pari sat=1 tors=2 st=970 hmax=985 pr=50 surv=6 ex=4 bad=0 hits=0 t=1s
  G1 c2/c4: кривая не построена
  G1 c6/c8@-1: rank[2,2] g=2 src=pari sat=1 tors=2 st=970 hmax=985 pr=50 surv=6 ex=4 bad=0 hits=0 t=1s
  G1 c6/c4: кривая не построена
  G1 c8/c4: кривая не построена
  G2 c1/c3@-11/3: rank[2,2] g=2 src=pari sat=1 tors=4 st=4508 hmax=994 pr=50 surv=22 ex=18 bad=0 hits=0 t=1s
  G2 c1/c5@-11/3: rank[2,2] g=2 src=pari sat=1 tors=4 st=4508 hmax=994 pr=50 surv=22 ex=18 bad=0 hits=0 t=1s
  G2 c1/c7@-11/3: rank[2,2] g=2 src=pari sat=1 tors=8 st=4680 hmax=989 pr=50 surv=54 ex=50 bad=0 hits=0 t=1s
  G2 c1/c4@-11/3: rank[2,2] g=2 src=pari sat=1 tors=4 st=4900 hmax=998 pr=50 surv=31 ex=27 bad=0 hits=0 t=0s
  G2 c3/c5@-11/3: rank[1,1] g=1 src=pari sat=1 tors=8 st=200 hmax=891 pr=50 surv=17 ex=13 bad=0 hits=0 t=0s
  G2 c3/c7@-11/3: rank[2,2] g=2 src=pari sat=1 tors=4 st=4508 hmax=994 pr=50 surv=22 ex=18 bad=0 hits=0 t=0s
  G2 c3/c4@-11/3: rank[3,3] g=3 src=pari sat=1 tors=4 st=9556 hmax=203 pr=50 surv=21 ex=17 bad=0 hits=0 t=0s
  G2 c5/c7@-11/3: rank[2,2] g=2 src=pari sat=1 tors=4 st=4508 hmax=994 pr=50 surv=22 ex=18 bad=0 hits=0 t=0s
  G2 c5/c4@-11/3: rank[3,3] g=3 src=pari sat=1 tors=4 st=9556 hmax=203 pr=50 surv=26 ex=22 bad=0 hits=0 t=0s
  G2 c7/c4@-11/3: rank[2,2] g=2 src=pari sat=1 tors=4 st=4900 hmax=998 pr=50 surv=30 ex=26 bad=0 hits=0 t=0s
  G3 c2/c3@-11/3: rank[1,1] g=1 src=pari sat=1 tors=4 st=116 hmax=886 pr=50 surv=13 ex=9 bad=0 hits=0 t=0s
  G3 c2/c5@-11/3: rank[3,3] g=3 src=pari sat=1 tors=2 st=4802 hmax=410 pr=50 surv=9 ex=5 bad=0 hits=0 t=1s
  G3 c2/c6@-11/3: rank[2,2] g=2 src=pari sat=1 tors=8 st=4680 hmax=989 pr=50 surv=33 ex=29 bad=0 hits=0 t=0s
  G3 c2/c4@-11/3: rank[2,2] g=2 src=pari sat=1 tors=4 st=4900 hmax=998 pr=50 surv=17 ex=13 bad=0 hits=0 t=0s
  G3 c3/c5@-11/3: rank[2,2] g=2 src=pari sat=1 tors=4 st=5300 hmax=999 pr=50 surv=38 ex=34 bad=0 hits=0 t=0s
  G3 c3/c6@-11/3: rank[3,3] g=3 src=pari sat=1 tors=2 st=4802 hmax=410 pr=50 surv=9 ex=5 bad=0 hits=0 t=0s
  G3 c3/c4@-11/3: rank[3,3] g=3 src=pari sat=1 tors=2 st=4802 hmax=342 pr=50 surv=13 ex=9 bad=0 hits=0 t=0s
  G3 c5/c6@-11/3: rank[1,1] g=1 src=pari sat=1 tors=4 st=116 hmax=886 pr=50 surv=10 ex=6 bad=0 hits=0 t=0s
  G3 c5/c4@-11/3: rank[3,3] g=3 src=pari sat=1 tors=2 st=4802 hmax=342 pr=50 surv=13 ex=9 bad=0 hits=0 t=0s
  G3 c6/c4@-11/3: rank[2,2] g=2 src=pari sat=1 tors=4 st=4900 hmax=998 pr=50 surv=18 ex=14 bad=0 hits=0 t=0s
== (m,n)=(5,-7)
  G1 c0/c2: кривая не построена
  G1 c0/c6: кривая не построена
  G1 c0/c8@0: rank[1,1] g=1 src=pari sat=1 tors=8 st=328 hmax=937 pr=50 surv=10 ex=2 bad=0 hits=0 t=0s
  G1 c0/c4: кривая не построена
  G1 c2/c6@-1: rank[0,0] g=0 src=pari sat=1 tors=8 st=8 hmax=0 pr=50 surv=4 ex=0 bad=0 hits=0 t=0s
  G1 c2/c8: кривая не построена
  G1 c2/c4: кривая не построена
  G1 c6/c8: кривая не построена
  G1 c6/c4: кривая не построена
  G1 c8/c4: кривая не построена
  G2 c1/c3@-6: rank[2,2] g=2 src=pari sat=1 tors=4 st=5004 hmax=997 pr=50 surv=17 ex=13 bad=0 hits=0 t=0s
  G2 c1/c5@-6: rank[2,2] g=2 src=pari sat=1 tors=4 st=5004 hmax=997 pr=50 surv=18 ex=14 bad=0 hits=0 t=0s
  G2 c1/c7@-6: rank[1,1] g=1 src=pari sat=1 tors=8 st=216 hmax=895 pr=50 surv=17 ex=13 bad=0 hits=0 t=0s
  G2 c1/c4@-6: rank[2,2] g=2 src=pari sat=1 tors=4 st=5028 hmax=999 pr=50 surv=39 ex=35 bad=0 hits=0 t=0s
  G2 c3/c5@-6: rank[2,2] g=2 src=pari sat=1 tors=8 st=6392 hmax=997 pr=50 surv=18 ex=14 bad=0 hits=0 t=0s
  G2 c3/c7@-6: rank[2,2] g=2 src=pari sat=1 tors=4 st=5004 hmax=997 pr=50 surv=17 ex=13 bad=0 hits=0 t=0s
  G2 c3/c4@-6: rank[3,3] g=3 src=pari sat=1 tors=4 st=9604 hmax=209 pr=50 surv=36 ex=32 bad=0 hits=0 t=0s
  G2 c5/c7@-6: rank[2,2] g=2 src=pari sat=1 tors=4 st=5004 hmax=997 pr=50 surv=18 ex=14 bad=0 hits=0 t=0s
  G2 c5/c4@-6: rank[3,3] g=3 src=pari sat=1 tors=4 st=9604 hmax=209 pr=50 surv=34 ex=30 bad=0 hits=0 t=0s
  G2 c7/c4@-6: rank[2,2] g=2 src=pari sat=1 tors=4 st=5028 hmax=999 pr=50 surv=37 ex=33 bad=0 hits=0 t=0s
  G3 c2/c3@-6: rank[1,1] g=1 src=pari sat=1 tors=4 st=124 hmax=885 pr=50 surv=9 ex=7 bad=0 hits=0 t=0s
  G3 c2/c5@-6: rank[3,3] g=3 src=pari sat=1 tors=2 st=4782 hmax=284 pr=50 surv=11 ex=9 bad=0 hits=0 t=0s
  G3 c2/c6@-6: rank[1,1] g=1 src=pari sat=1 tors=8 st=216 hmax=895 pr=50 surv=17 ex=13 bad=0 hits=0 t=0s
  G3 c2/c4@-6: rank[2,2] g=2 src=pari sat=1 tors=4 st=5028 hmax=999 pr=50 surv=40 ex=36 bad=0 hits=0 t=0s
  G3 c3/c5@-1: rank[2,2] g=2 src=pari sat=1 tors=4 st=6796 hmax=1000 pr=50 surv=39 ex=35 bad=0 hits=0 t=0s
  G3 c6/c3@-6: rank[3,3] g=3 src=pari sat=1 tors=2 st=4782 hmax=284 pr=50 surv=14 ex=12 bad=0 hits=0 t=0s
  G3 c4/c3@-6: rank[2,2] g=2 src=pari sat=1 tors=2 st=1630 hmax=999 pr=50 surv=10 ex=8 bad=0 hits=0 t=0s
  G3 c6/c5@-6: rank[1,1] g=1 src=pari sat=1 tors=4 st=124 hmax=885 pr=50 surv=9 ex=7 bad=0 hits=0 t=0s
  G3 c4/c5@-6: rank[2,2] g=2 src=pari sat=1 tors=2 st=1630 hmax=999 pr=50 surv=9 ex=7 bad=0 hits=0 t=0s
  G3 c6/c4@-6: rank[2,2] g=2 src=pari sat=1 tors=4 st=5028 hmax=999 pr=50 surv=39 ex=35 bad=0 hits=0 t=0s
== (m,n)=(5,7)
  G1 c0/c2: кривая не построена
  G1 c0/c6: кривая не построена
  G1 c0/c8@0: rank[1,1] g=1 src=pari sat=1 tors=8 st=328 hmax=937 pr=50 surv=10 ex=2 bad=0 hits=0 t=0s
  G1 c0/c4: кривая не построена
  G1 c2/c6@-1: rank[0,0] g=0 src=pari sat=1 tors=8 st=8 hmax=0 pr=50 surv=4 ex=0 bad=0 hits=0 t=0s
  G1 c2/c8: кривая не построена
  G1 c2/c4: кривая не построена
  G1 c6/c8: кривая не построена
  G1 c6/c4: кривая не построена
  G1 c8/c4: кривая не построена
  G2 c1/c3@-6: rank[2,2] g=2 src=pari sat=1 tors=4 st=5004 hmax=997 pr=50 surv=18 ex=14 bad=0 hits=0 t=0s
  G2 c1/c5@-6: rank[2,2] g=2 src=pari sat=1 tors=4 st=5004 hmax=997 pr=50 surv=17 ex=13 bad=0 hits=0 t=0s
  G2 c1/c7@-6: rank[1,1] g=1 src=pari sat=1 tors=8 st=216 hmax=895 pr=50 surv=17 ex=13 bad=0 hits=0 t=0s
  G2 c1/c4@-6: rank[2,2] g=2 src=pari sat=1 tors=4 st=5028 hmax=999 pr=50 surv=39 ex=35 bad=0 hits=0 t=0s
  G2 c3/c5@-6: rank[2,2] g=2 src=pari sat=1 tors=8 st=6392 hmax=997 pr=50 surv=18 ex=14 bad=0 hits=0 t=0s
  G2 c3/c7@-6: rank[2,2] g=2 src=pari sat=1 tors=4 st=5004 hmax=997 pr=50 surv=18 ex=14 bad=0 hits=0 t=0s
  G2 c3/c4@-6: rank[3,3] g=3 src=pari sat=1 tors=4 st=9604 hmax=209 pr=50 surv=34 ex=30 bad=0 hits=0 t=0s
  G2 c5/c7@-6: rank[2,2] g=2 src=pari sat=1 tors=4 st=5004 hmax=997 pr=50 surv=17 ex=13 bad=0 hits=0 t=0s
  G2 c5/c4@-6: rank[3,3] g=3 src=pari sat=1 tors=4 st=9604 hmax=209 pr=50 surv=36 ex=32 bad=0 hits=0 t=0s
  G2 c7/c4@-6: rank[2,2] g=2 src=pari sat=1 tors=4 st=5028 hmax=999 pr=50 surv=37 ex=33 bad=0 hits=0 t=0s
  G3 c2/c3@-6: rank[1,1] g=1 src=pari sat=1 tors=4 st=124 hmax=885 pr=50 surv=9 ex=5 bad=0 hits=0 t=0s
  G3 c2/c5@-6: rank[3,3] g=3 src=pari sat=1 tors=2 st=4782 hmax=284 pr=50 surv=13 ex=9 bad=0 hits=0 t=0s
  G3 c2/c6@-6: rank[1,1] g=1 src=pari sat=1 tors=8 st=216 hmax=895 pr=50 surv=17 ex=13 bad=0 hits=0 t=0s
  G3 c2/c4@-6: rank[2,2] g=2 src=pari sat=1 tors=4 st=5028 hmax=999 pr=50 surv=41 ex=37 bad=0 hits=0 t=0s
  G3 c3/c5@-6: rank[2,2] g=2 src=pari sat=1 tors=4 st=6796 hmax=1000 pr=50 surv=24 ex=20 bad=0 hits=0 t=0s
  G3 c3/c6@-6: rank[3,3] g=3 src=pari sat=1 tors=2 st=4782 hmax=284 pr=50 surv=11 ex=7 bad=0 hits=0 t=0s
  G3 c3/c4@-6: rank[2,2] g=2 src=pari sat=1 tors=2 st=1630 hmax=999 pr=50 surv=9 ex=5 bad=0 hits=0 t=0s
  G3 c5/c6@-6: rank[1,1] g=1 src=pari sat=1 tors=4 st=124 hmax=885 pr=50 surv=9 ex=5 bad=0 hits=0 t=0s
  G3 c5/c4@-6: rank[2,2] g=2 src=pari sat=1 tors=2 st=1630 hmax=999 pr=50 surv=12 ex=8 bad=0 hits=0 t=0s
  G3 c6/c4@-6: rank[2,2] g=2 src=pari sat=1 tors=4 st=5028 hmax=999 pr=50 surv=37 ex=33 bad=0 hits=0 t=0s
== (m,n)=(6,-7)
  G1 c0/c2: кривая не построена
  G1 c0/c6: кривая не построена
  G1 c0/c8@0: rank[0,0] g=0 src=pari sat=1 tors=8 st=8 hmax=0 pr=50 surv=8 ex=0 bad=0 hits=0 t=0s
  G1 c0/c4: кривая не построена
  G1 c2/c6@-1: rank[1,1] g=1 src=pari sat=1 tors=8 st=248 hmax=987 pr=50 surv=4 ex=0 bad=0 hits=0 t=0s
  G1 c2/c8: кривая не построена
  G1 c2/c4: кривая не построена
  G1 c6/c8: кривая не построена
  G1 c6/c4: кривая не построена
  G1 c8/c4: кривая не построена
  G2 c1/c3@-13: rank[2,2] g=2 src=pari sat=1 tors=4 st=4012 hmax=1000 pr=50 surv=23 ex=19 bad=0 hits=0 t=0s
  G2 c1/c5@-13: rank[2,2] g=2 src=pari sat=1 tors=4 st=4012 hmax=1000 pr=50 surv=21 ex=17 bad=0 hits=0 t=0s
  G2 c1/c7@-13: rank[1,1] g=1 src=pari sat=1 tors=8 st=200 hmax=956 pr=50 surv=17 ex=13 bad=0 hits=0 t=0s
  G2 c1/c4@-13: rank[3,3] g=3 src=pari sat=1 tors=4 st=9604 hmax=190 pr=50 surv=17 ex=13 bad=0 hits=0 t=0s
  G2 c3/c5@-13: rank[1,1] g=1 src=pari sat=1 tors=8 st=200 hmax=959 pr=50 surv=17 ex=13 bad=0 hits=0 t=0s
  G2 c3/c7@-13: rank[2,2] g=2 src=pari sat=1 tors=4 st=4012 hmax=1000 pr=50 surv=23 ex=19 bad=0 hits=0 t=0s
  G2 c3/c4@-13: rank[3,3] g=3 src=pari sat=1 tors=4 st=9604 hmax=215 pr=50 surv=34 ex=30 bad=0 hits=0 t=0s
  G2 c5/c7@-13: rank[2,2] g=2 src=pari sat=1 tors=4 st=4012 hmax=1000 pr=50 surv=21 ex=17 bad=0 hits=0 t=0s
  G2 c5/c4@-13: rank[3,3] g=3 src=pari sat=1 tors=4 st=9604 hmax=215 pr=50 surv=35 ex=31 bad=0 hits=0 t=0s
  G2 c7/c4@-13: rank[3,3] g=3 src=pari sat=1 tors=4 st=9604 hmax=190 pr=50 surv=18 ex=14 bad=0 hits=0 t=0s
  G3 c2/c3@-13: rank[2,2] g=2 src=pari sat=1 tors=4 st=2964 hmax=993 pr=50 surv=17 ex=15 bad=0 hits=4 t=0s
   HIT G3 (m,n)=(6,-7) p=23/61 nsq=7 pos=True cells=[319225/3721, 83521/3721, 139129/3721, 529/3721, 180625/3721, 360721/3721, 222121/3721, 277729/3721, 42025/3721]
   HIT G3 (m,n)=(6,-7) p=23/61 nsq=7 pos=True cells=[319225/3721, 83521/3721, 139129/3721, 529/3721, 180625/3721, 360721/3721, 222121/3721, 277729/3721, 42025/3721]
   HIT G3 (m,n)=(6,-7) p=23/61 nsq=7 pos=True cells=[319225/3721, 83521/3721, 139129/3721, 529/3721, 180625/3721, 360721/3721, 222121/3721, 277729/3721, 42025/3721]
   HIT G3 (m,n)=(6,-7) p=23/61 nsq=7 pos=True cells=[319225/3721, 83521/3721, 139129/3721, 529/3721, 180625/3721, 360721/3721, 222121/3721, 277729/3721, 42025/3721]
  G3 c2/c5@-13: rank[2,2] g=2 src=pari sat=1 tors=2 st=966 hmax=999 pr=50 surv=9 ex=7 bad=0 hits=0 t=0s
  G3 c2/c6@-13: rank[1,1] g=1 src=pari sat=1 tors=8 st=200 hmax=956 pr=50 surv=17 ex=13 bad=0 hits=0 t=0s
  G3 c2/c4@-13: rank[3,3] g=3 src=pari sat=1 tors=4 st=9604 hmax=190 pr=50 surv=47 ex=43 bad=0 hits=4 t=0s
   HIT G3 (m,n)=(6,-7) p=23/61 nsq=7 pos=True cells=[319225/3721, 83521/3721, 139129/3721, 529/3721, 180625/3721, 360721/3721, 222121/3721, 277729/3721, 42025/3721]
   HIT G3 (m,n)=(6,-7) p=23/61 nsq=7 pos=True cells=[319225/3721, 83521/3721, 139129/3721, 529/3721, 180625/3721, 360721/3721, 222121/3721, 277729/3721, 42025/3721]
   HIT G3 (m,n)=(6,-7) p=23/61 nsq=7 pos=True cells=[319225/3721, 83521/3721, 139129/3721, 529/3721, 180625/3721, 360721/3721, 222121/3721, 277729/3721, 42025/3721]
   HIT G3 (m,n)=(6,-7) p=23/61 nsq=7 pos=True cells=[319225/3721, 83521/3721, 139129/3721, 529/3721, 180625/3721, 360721/3721, 222121/3721, 277729/3721, 42025/3721]
  G3 c3/c5@-1: rank[3,3] g=3 src=pari sat=1 tors=4 st=9604 hmax=168 pr=50 surv=30 ex=26 bad=0 hits=0 t=0s
  G3 c6/c3@-13: rank[2,2] g=2 src=pari sat=1 tors=2 st=966 hmax=999 pr=50 surv=9 ex=7 bad=0 hits=0 t=0s
  G3 c4/c3@-13: rank[4,4] g=4 src=pari sat=1 tors=2 st=4802 hmax=67 pr=50 surv=23 ex=21 bad=0 hits=4 t=0s
   HIT G3 (m,n)=(6,-7) p=23/61 nsq=7 pos=True cells=[319225/3721, 83521/3721, 139129/3721, 529/3721, 180625/3721, 360721/3721, 222121/3721, 277729/3721, 42025/3721]
   HIT G3 (m,n)=(6,-7) p=23/61 nsq=7 pos=True cells=[319225/3721, 83521/3721, 139129/3721, 529/3721, 180625/3721, 360721/3721, 222121/3721, 277729/3721, 42025/3721]
   HIT G3 (m,n)=(6,-7) p=23/61 nsq=7 pos=True cells=[319225/3721, 83521/3721, 139129/3721, 529/3721, 180625/3721, 360721/3721, 222121/3721, 277729/3721, 42025/3721]
   HIT G3 (m,n)=(6,-7) p=23/61 nsq=7 pos=True cells=[319225/3721, 83521/3721, 139129/3721, 529/3721, 180625/3721, 360721/3721, 222121/3721, 277729/3721, 42025/3721]
  G3 c6/c5@-13: rank[2,2] g=2 src=pari sat=1 tors=4 st=2964 hmax=993 pr=50 surv=17 ex=15 bad=0 hits=4 t=0s
   HIT G3 (m,n)=(6,-7) p=-61/23 nsq=7 pos=True cells=[42025/529, 277729/529, 222121/529, 360721/529, 180625/529, 1, 139129/529, 83521/529, 319225/529]
   HIT G3 (m,n)=(6,-7) p=-61/23 nsq=7 pos=True cells=[42025/529, 277729/529, 222121/529, 360721/529, 180625/529, 1, 139129/529, 83521/529, 319225/529]
   HIT G3 (m,n)=(6,-7) p=-61/23 nsq=7 pos=True cells=[42025/529, 277729/529, 222121/529, 360721/529, 180625/529, 1, 139129/529, 83521/529, 319225/529]
   HIT G3 (m,n)=(6,-7) p=-61/23 nsq=7 pos=True cells=[42025/529, 277729/529, 222121/529, 360721/529, 180625/529, 1, 139129/529, 83521/529, 319225/529]
  G3 c4/c5@-13: rank[4,4] g=4 src=pari sat=1 tors=2 st=4802 hmax=67 pr=50 surv=38 ex=36 bad=0 hits=4 t=0s
   HIT G3 (m,n)=(6,-7) p=-61/23 nsq=7 pos=True cells=[42025/529, 277729/529, 222121/529, 360721/529, 180625/529, 1, 139129/529, 83521/529, 319225/529]
   HIT G3 (m,n)=(6,-7) p=-61/23 nsq=7 pos=True cells=[42025/529, 277729/529, 222121/529, 360721/529, 180625/529, 1, 139129/529, 83521/529, 319225/529]
   HIT G3 (m,n)=(6,-7) p=-61/23 nsq=7 pos=True cells=[42025/529, 277729/529, 222121/529, 360721/529, 180625/529, 1, 139129/529, 83521/529, 319225/529]
   HIT G3 (m,n)=(6,-7) p=-61/23 nsq=7 pos=True cells=[42025/529, 277729/529, 222121/529, 360721/529, 180625/529, 1, 139129/529, 83521/529, 319225/529]
  G3 c6/c4@-13: rank[3,3] g=3 src=pari sat=1 tors=4 st=9604 hmax=190 pr=50 surv=49 ex=45 bad=0 hits=4 t=0s
   HIT G3 (m,n)=(6,-7) p=-61/23 nsq=7 pos=True cells=[42025/529, 277729/529, 222121/529, 360721/529, 180625/529, 1, 139129/529, 83521/529, 319225/529]
   HIT G3 (m,n)=(6,-7) p=-61/23 nsq=7 pos=True cells=[42025/529, 277729/529, 222121/529, 360721/529, 180625/529, 1, 139129/529, 83521/529, 319225/529]
   HIT G3 (m,n)=(6,-7) p=-61/23 nsq=7 pos=True cells=[42025/529, 277729/529, 222121/529, 360721/529, 180625/529, 1, 139129/529, 83521/529, 319225/529]
   HIT G3 (m,n)=(6,-7) p=-61/23 nsq=7 pos=True cells=[42025/529, 277729/529, 222121/529, 360721/529, 180625/529, 1, 139129/529, 83521/529, 319225/529]
== (m,n)=(6,7)
  G1 c0/c2: кривая не построена
  G1 c0/c6: кривая не построена
  G1 c0/c8@0: rank[0,0] g=0 src=pari sat=1 tors=8 st=8 hmax=0 pr=50 surv=8 ex=0 bad=0 hits=0 t=0s
  G1 c0/c4: кривая не построена
  G1 c2/c6@-1: rank[1,1] g=1 src=pari sat=1 tors=8 st=248 hmax=987 pr=50 surv=4 ex=0 bad=0 hits=0 t=0s
  G1 c2/c8: кривая не построена
  G1 c2/c4: кривая не построена
  G1 c6/c8: кривая не построена
  G1 c6/c4: кривая не построена
  G1 c8/c4: кривая не построена
  G2 c1/c3@-13: rank[2,2] g=2 src=pari sat=1 tors=4 st=4012 hmax=1000 pr=50 surv=21 ex=17 bad=0 hits=0 t=0s
  G2 c1/c5@-13: rank[2,2] g=2 src=pari sat=1 tors=4 st=4012 hmax=1000 pr=50 surv=23 ex=19 bad=0 hits=0 t=0s
  G2 c1/c7@-13: rank[1,1] g=1 src=pari sat=1 tors=8 st=200 hmax=956 pr=50 surv=17 ex=13 bad=0 hits=0 t=0s
  G2 c1/c4@-13: rank[3,3] g=3 src=pari sat=1 tors=4 st=9604 hmax=190 pr=50 surv=17 ex=13 bad=0 hits=0 t=0s
  G2 c3/c5@-13: rank[1,1] g=1 src=pari sat=1 tors=8 st=200 hmax=959 pr=50 surv=17 ex=13 bad=0 hits=0 t=0s
  G2 c3/c7@-13: rank[2,2] g=2 src=pari sat=1 tors=4 st=4012 hmax=1000 pr=50 surv=21 ex=17 bad=0 hits=0 t=0s
  G2 c3/c4@-13: rank[3,3] g=3 src=pari sat=1 tors=4 st=9604 hmax=215 pr=50 surv=35 ex=31 bad=0 hits=0 t=0s
  G2 c5/c7@-13: rank[2,2] g=2 src=pari sat=1 tors=4 st=4012 hmax=1000 pr=50 surv=23 ex=19 bad=0 hits=0 t=0s
  G2 c5/c4@-13: rank[3,3] g=3 src=pari sat=1 tors=4 st=9604 hmax=215 pr=50 surv=34 ex=30 bad=0 hits=0 t=0s
  G2 c7/c4@-13: rank[3,3] g=3 src=pari sat=1 tors=4 st=9604 hmax=190 pr=50 surv=18 ex=14 bad=0 hits=0 t=0s
  G3 c2/c3@-13: rank[2,2] g=2 src=pari sat=1 tors=4 st=2964 hmax=993 pr=50 surv=17 ex=13 bad=0 hits=4 t=0s
   HIT G3 (m,n)=(6,7) p=-23/61 nsq=7 pos=True cells=[319225/3721, 83521/3721, 139129/3721, 529/3721, 180625/3721, 360721/3721, 222121/3721, 277729/3721, 42025/3721]
   HIT G3 (m,n)=(6,7) p=-23/61 nsq=7 pos=True cells=[319225/3721, 83521/3721, 139129/3721, 529/3721, 180625/3721, 360721/3721, 222121/3721, 277729/3721, 42025/3721]
   HIT G3 (m,n)=(6,7) p=-23/61 nsq=7 pos=True cells=[319225/3721, 83521/3721, 139129/3721, 529/3721, 180625/3721, 360721/3721, 222121/3721, 277729/3721, 42025/3721]
   HIT G3 (m,n)=(6,7) p=-23/61 nsq=7 pos=True cells=[319225/3721, 83521/3721, 139129/3721, 529/3721, 180625/3721, 360721/3721, 222121/3721, 277729/3721, 42025/3721]
  G3 c2/c5@-13: rank[2,2] g=2 src=pari sat=1 tors=2 st=966 hmax=999 pr=50 surv=9 ex=5 bad=0 hits=0 t=0s
  G3 c2/c6@-13: rank[1,1] g=1 src=pari sat=1 tors=8 st=200 hmax=956 pr=50 surv=17 ex=13 bad=0 hits=0 t=0s
  G3 c2/c4@-13: rank[3,3] g=3 src=pari sat=1 tors=4 st=9604 hmax=190 pr=50 surv=50 ex=46 bad=0 hits=4 t=0s
   HIT G3 (m,n)=(6,7) p=-23/61 nsq=7 pos=True cells=[319225/3721, 83521/3721, 139129/3721, 529/3721, 180625/3721, 360721/3721, 222121/3721, 277729/3721, 42025/3721]
   HIT G3 (m,n)=(6,7) p=-23/61 nsq=7 pos=True cells=[319225/3721, 83521/3721, 139129/3721, 529/3721, 180625/3721, 360721/3721, 222121/3721, 277729/3721, 42025/3721]
   HIT G3 (m,n)=(6,7) p=-23/61 nsq=7 pos=True cells=[319225/3721, 83521/3721, 139129/3721, 529/3721, 180625/3721, 360721/3721, 222121/3721, 277729/3721, 42025/3721]
   HIT G3 (m,n)=(6,7) p=-23/61 nsq=7 pos=True cells=[319225/3721, 83521/3721, 139129/3721, 529/3721, 180625/3721, 360721/3721, 222121/3721, 277729/3721, 42025/3721]
  G3 c3/c5@-13: rank[3,3] g=3 src=pari sat=1 tors=4 st=9604 hmax=168 pr=50 surv=21 ex=17 bad=0 hits=0 t=0s
  G3 c3/c6@-13: rank[2,2] g=2 src=pari sat=1 tors=2 st=966 hmax=999 pr=50 surv=9 ex=5 bad=0 hits=0 t=0s
  G3 c3/c4@-13: rank[4,4] g=4 src=pari sat=1 tors=2 st=4802 hmax=67 pr=50 surv=21 ex=17 bad=0 hits=4 t=0s
   HIT G3 (m,n)=(6,7) p=-23/61 nsq=7 pos=True cells=[319225/3721, 83521/3721, 139129/3721, 529/3721, 180625/3721, 360721/3721, 222121/3721, 277729/3721, 42025/3721]
   HIT G3 (m,n)=(6,7) p=-23/61 nsq=7 pos=True cells=[319225/3721, 83521/3721, 139129/3721, 529/3721, 180625/3721, 360721/3721, 222121/3721, 277729/3721, 42025/3721]
   HIT G3 (m,n)=(6,7) p=-23/61 nsq=7 pos=True cells=[319225/3721, 83521/3721, 139129/3721, 529/3721, 180625/3721, 360721/3721, 222121/3721, 277729/3721, 42025/3721]
   HIT G3 (m,n)=(6,7) p=-23/61 nsq=7 pos=True cells=[319225/3721, 83521/3721, 139129/3721, 529/3721, 180625/3721, 360721/3721, 222121/3721, 277729/3721, 42025/3721]
  G3 c5/c6@-13: rank[2,2] g=2 src=pari sat=1 tors=4 st=2964 hmax=993 pr=50 surv=17 ex=13 bad=0 hits=4 t=0s
   HIT G3 (m,n)=(6,7) p=61/23 nsq=7 pos=True cells=[42025/529, 277729/529, 222121/529, 360721/529, 180625/529, 1, 139129/529, 83521/529, 319225/529]
   HIT G3 (m,n)=(6,7) p=61/23 nsq=7 pos=True cells=[42025/529, 277729/529, 222121/529, 360721/529, 180625/529, 1, 139129/529, 83521/529, 319225/529]
   HIT G3 (m,n)=(6,7) p=61/23 nsq=7 pos=True cells=[42025/529, 277729/529, 222121/529, 360721/529, 180625/529, 1, 139129/529, 83521/529, 319225/529]
   HIT G3 (m,n)=(6,7) p=61/23 nsq=7 pos=True cells=[42025/529, 277729/529, 222121/529, 360721/529, 180625/529, 1, 139129/529, 83521/529, 319225/529]
  G3 c5/c4@-13: rank[4,4] g=4 src=pari sat=1 tors=2 st=4802 hmax=67 pr=50 surv=41 ex=37 bad=0 hits=4 t=0s
   HIT G3 (m,n)=(6,7) p=61/23 nsq=7 pos=True cells=[42025/529, 277729/529, 222121/529, 360721/529, 180625/529, 1, 139129/529, 83521/529, 319225/529]
   HIT G3 (m,n)=(6,7) p=61/23 nsq=7 pos=True cells=[42025/529, 277729/529, 222121/529, 360721/529, 180625/529, 1, 139129/529, 83521/529, 319225/529]
   HIT G3 (m,n)=(6,7) p=61/23 nsq=7 pos=True cells=[42025/529, 277729/529, 222121/529, 360721/529, 180625/529, 1, 139129/529, 83521/529, 319225/529]
   HIT G3 (m,n)=(6,7) p=61/23 nsq=7 pos=True cells=[42025/529, 277729/529, 222121/529, 360721/529, 180625/529, 1, 139129/529, 83521/529, 319225/529]
  G3 c6/c4@-13: rank[3,3] g=3 src=pari sat=1 tors=4 st=9604 hmax=190 pr=50 surv=50 ex=46 bad=0 hits=4 t=0s
   HIT G3 (m,n)=(6,7) p=61/23 nsq=7 pos=True cells=[42025/529, 277729/529, 222121/529, 360721/529, 180625/529, 1, 139129/529, 83521/529, 319225/529]
   HIT G3 (m,n)=(6,7) p=61/23 nsq=7 pos=True cells=[42025/529, 277729/529, 222121/529, 360721/529, 180625/529, 1, 139129/529, 83521/529, 319225/529]
   HIT G3 (m,n)=(6,7) p=61/23 nsq=7 pos=True cells=[42025/529, 277729/529, 222121/529, 360721/529, 180625/529, 1, 139129/529, 83521/529, 319225/529]
   HIT G3 (m,n)=(6,7) p=61/23 nsq=7 pos=True cells=[42025/529, 277729/529, 222121/529, 360721/529, 180625/529, 1, 139129/529, 83521/529, 319225/529]
== (m,n)=(7,-6)
  G1 c0/c2: кривая не построена
  G1 c0/c6: кривая не построена
  G1 c0/c8@0: rank[0,0] g=0 src=pari sat=1 tors=8 st=8 hmax=0 pr=50 surv=8 ex=0 bad=0 hits=0 t=0s
  G1 c0/c4: кривая не построена
  G1 c2/c6@-1: rank[1,1] g=1 src=pari sat=1 tors=8 st=248 hmax=987 pr=50 surv=4 ex=0 bad=0 hits=0 t=0s
  G1 c2/c8: кривая не построена
  G1 c2/c4: кривая не построена
  G1 c6/c8: кривая не построена
  G1 c6/c4: кривая не построена
  G1 c8/c4: кривая не построена
  G2 c1/c3@-13: rank[2,2] g=2 src=pari sat=1 tors=4 st=4012 hmax=1000 pr=50 surv=22 ex=18 bad=0 hits=0 t=0s
  G2 c1/c5@-13: rank[2,2] g=2 src=pari sat=1 tors=4 st=4012 hmax=1000 pr=50 surv=22 ex=18 bad=0 hits=0 t=0s
  G2 c1/c7@-13: rank[1,1] g=1 src=pari sat=1 tors=8 st=200 hmax=956 pr=50 surv=17 ex=13 bad=0 hits=0 t=0s
  G2 c1/c4@-13: rank[3,3] g=3 src=pari sat=1 tors=4 st=9604 hmax=190 pr=50 surv=18 ex=14 bad=0 hits=0 t=0s
  G2 c3/c5@-13: rank[1,1] g=1 src=pari sat=1 tors=8 st=200 hmax=959 pr=50 surv=17 ex=13 bad=0 hits=0 t=0s
  G2 c3/c7@-13: rank[2,2] g=2 src=pari sat=1 tors=4 st=4012 hmax=1000 pr=50 surv=22 ex=18 bad=0 hits=0 t=0s
  G2 c3/c4@-13: rank[3,3] g=3 src=pari sat=1 tors=4 st=9604 hmax=215 pr=50 surv=34 ex=30 bad=0 hits=0 t=0s
  G2 c5/c7@-13: rank[2,2] g=2 src=pari sat=1 tors=4 st=4012 hmax=1000 pr=50 surv=22 ex=18 bad=0 hits=0 t=0s
  G2 c5/c4@-13: rank[3,3] g=3 src=pari sat=1 tors=4 st=9604 hmax=215 pr=50 surv=35 ex=31 bad=0 hits=0 t=0s
  G2 c7/c4@-13: rank[3,3] g=3 src=pari sat=1 tors=4 st=9604 hmax=190 pr=50 surv=17 ex=13 bad=0 hits=0 t=0s
  G3 c2/c3@-13: rank[2,2] g=2 src=pari sat=1 tors=4 st=2964 hmax=993 pr=50 surv=17 ex=13 bad=0 hits=4 t=0s
   HIT G3 (m,n)=(7,-6) p=61/23 nsq=7 pos=True cells=[319225/529, 83521/529, 139129/529, 1, 180625/529, 360721/529, 222121/529, 277729/529, 42025/529]
   HIT G3 (m,n)=(7,-6) p=61/23 nsq=7 pos=True cells=[319225/529, 83521/529, 139129/529, 1, 180625/529, 360721/529, 222121/529, 277729/529, 42025/529]
   HIT G3 (m,n)=(7,-6) p=61/23 nsq=7 pos=True cells=[319225/529, 83521/529, 139129/529, 1, 180625/529, 360721/529, 222121/529, 277729/529, 42025/529]
   HIT G3 (m,n)=(7,-6) p=61/23 nsq=7 pos=True cells=[319225/529, 83521/529, 139129/529, 1, 180625/529, 360721/529, 222121/529, 277729/529, 42025/529]
  G3 c2/c5@-13: rank[2,2] g=2 src=pari sat=1 tors=2 st=966 hmax=999 pr=50 surv=9 ex=5 bad=0 hits=0 t=0s
  G3 c2/c6@-13: rank[1,1] g=1 src=pari sat=1 tors=8 st=200 hmax=956 pr=50 surv=17 ex=13 bad=0 hits=0 t=0s
  G3 c2/c4@-13: rank[3,3] g=3 src=pari sat=1 tors=4 st=9604 hmax=190 pr=50 surv=50 ex=46 bad=0 hits=4 t=0s
   HIT G3 (m,n)=(7,-6) p=61/23 nsq=7 pos=True cells=[319225/529, 83521/529, 139129/529, 1, 180625/529, 360721/529, 222121/529, 277729/529, 42025/529]
   HIT G3 (m,n)=(7,-6) p=61/23 nsq=7 pos=True cells=[319225/529, 83521/529, 139129/529, 1, 180625/529, 360721/529, 222121/529, 277729/529, 42025/529]
   HIT G3 (m,n)=(7,-6) p=61/23 nsq=7 pos=True cells=[319225/529, 83521/529, 139129/529, 1, 180625/529, 360721/529, 222121/529, 277729/529, 42025/529]
   HIT G3 (m,n)=(7,-6) p=61/23 nsq=7 pos=True cells=[319225/529, 83521/529, 139129/529, 1, 180625/529, 360721/529, 222121/529, 277729/529, 42025/529]
  G3 c3/c5@-13: rank[3,3] g=3 src=pari sat=1 tors=4 st=9604 hmax=168 pr=50 surv=21 ex=17 bad=0 hits=0 t=0s
  G3 c3/c6@-13: rank[2,2] g=2 src=pari sat=1 tors=2 st=966 hmax=999 pr=50 surv=9 ex=5 bad=0 hits=0 t=0s
  G3 c3/c4@-13: rank[4,4] g=4 src=pari sat=1 tors=2 st=4802 hmax=67 pr=50 surv=41 ex=37 bad=0 hits=4 t=0s
   HIT G3 (m,n)=(7,-6) p=61/23 nsq=7 pos=True cells=[319225/529, 83521/529, 139129/529, 1, 180625/529, 360721/529, 222121/529, 277729/529, 42025/529]
   HIT G3 (m,n)=(7,-6) p=61/23 nsq=7 pos=True cells=[319225/529, 83521/529, 139129/529, 1, 180625/529, 360721/529, 222121/529, 277729/529, 42025/529]
   HIT G3 (m,n)=(7,-6) p=61/23 nsq=7 pos=True cells=[319225/529, 83521/529, 139129/529, 1, 180625/529, 360721/529, 222121/529, 277729/529, 42025/529]
   HIT G3 (m,n)=(7,-6) p=61/23 nsq=7 pos=True cells=[319225/529, 83521/529, 139129/529, 1, 180625/529, 360721/529, 222121/529, 277729/529, 42025/529]
  G3 c5/c6@-13: rank[2,2] g=2 src=pari sat=1 tors=4 st=2964 hmax=993 pr=50 surv=17 ex=13 bad=0 hits=4 t=0s
   HIT G3 (m,n)=(7,-6) p=-23/61 nsq=7 pos=True cells=[42025/3721, 277729/3721, 222121/3721, 360721/3721, 180625/3721, 529/3721, 139129/3721, 83521/3721, 319225/3721]
   HIT G3 (m,n)=(7,-6) p=-23/61 nsq=7 pos=True cells=[42025/3721, 277729/3721, 222121/3721, 360721/3721, 180625/3721, 529/3721, 139129/3721, 83521/3721, 319225/3721]
   HIT G3 (m,n)=(7,-6) p=-23/61 nsq=7 pos=True cells=[42025/3721, 277729/3721, 222121/3721, 360721/3721, 180625/3721, 529/3721, 139129/3721, 83521/3721, 319225/3721]
   HIT G3 (m,n)=(7,-6) p=-23/61 nsq=7 pos=True cells=[42025/3721, 277729/3721, 222121/3721, 360721/3721, 180625/3721, 529/3721, 139129/3721, 83521/3721, 319225/3721]
  G3 c5/c4@-13: rank[4,4] g=4 src=pari sat=1 tors=2 st=4802 hmax=67 pr=50 surv=21 ex=17 bad=0 hits=4 t=0s
   HIT G3 (m,n)=(7,-6) p=-23/61 nsq=7 pos=True cells=[42025/3721, 277729/3721, 222121/3721, 360721/3721, 180625/3721, 529/3721, 139129/3721, 83521/3721, 319225/3721]
   HIT G3 (m,n)=(7,-6) p=-23/61 nsq=7 pos=True cells=[42025/3721, 277729/3721, 222121/3721, 360721/3721, 180625/3721, 529/3721, 139129/3721, 83521/3721, 319225/3721]
   HIT G3 (m,n)=(7,-6) p=-23/61 nsq=7 pos=True cells=[42025/3721, 277729/3721, 222121/3721, 360721/3721, 180625/3721, 529/3721, 139129/3721, 83521/3721, 319225/3721]
   HIT G3 (m,n)=(7,-6) p=-23/61 nsq=7 pos=True cells=[42025/3721, 277729/3721, 222121/3721, 360721/3721, 180625/3721, 529/3721, 139129/3721, 83521/3721, 319225/3721]
  G3 c6/c4@-13: rank[3,3] g=3 src=pari sat=1 tors=4 st=9604 hmax=190 pr=50 surv=50 ex=46 bad=0 hits=4 t=0s
   HIT G3 (m,n)=(7,-6) p=-23/61 nsq=7 pos=True cells=[42025/3721, 277729/3721, 222121/3721, 360721/3721, 180625/3721, 529/3721, 139129/3721, 83521/3721, 319225/3721]
   HIT G3 (m,n)=(7,-6) p=-23/61 nsq=7 pos=True cells=[42025/3721, 277729/3721, 222121/3721, 360721/3721, 180625/3721, 529/3721, 139129/3721, 83521/3721, 319225/3721]
   HIT G3 (m,n)=(7,-6) p=-23/61 nsq=7 pos=True cells=[42025/3721, 277729/3721, 222121/3721, 360721/3721, 180625/3721, 529/3721, 139129/3721, 83521/3721, 319225/3721]
   HIT G3 (m,n)=(7,-6) p=-23/61 nsq=7 pos=True cells=[42025/3721, 277729/3721, 222121/3721, 360721/3721, 180625/3721, 529/3721, 139129/3721, 83521/3721, 319225/3721]
== (m,n)=(7,-5)
  G1 c0/c2: кривая не построена
  G1 c0/c6: кривая не построена
  G1 c0/c8@0: rank[1,1] g=1 src=pari sat=1 tors=8 st=328 hmax=937 pr=50 surv=40 ex=32 bad=0 hits=0 t=0s
  G1 c0/c4: кривая не построена
  G1 c2/c6@-1: rank[0,0] g=0 src=pari sat=1 tors=8 st=8 hmax=0 pr=50 surv=4 ex=0 bad=0 hits=0 t=0s
  G1 c2/c8: кривая не построена
  G1 c2/c4: кривая не построена
  G1 c6/c8: кривая не построена
  G1 c6/c4: кривая не построена
  G1 c8/c4: кривая не построена
  G2 c1/c3@-6: rank[2,2] g=2 src=pari sat=1 tors=4 st=5004 hmax=997 pr=50 surv=17 ex=13 bad=0 hits=0 t=0s
  G2 c1/c5@-6: rank[2,2] g=2 src=pari sat=1 tors=4 st=5004 hmax=997 pr=50 surv=17 ex=13 bad=0 hits=0 t=0s
  G2 c1/c7@-6: rank[1,1] g=1 src=pari sat=1 tors=8 st=216 hmax=895 pr=50 surv=17 ex=13 bad=0 hits=0 t=0s
  G2 c1/c4@-6: rank[2,2] g=2 src=pari sat=1 tors=4 st=5028 hmax=999 pr=50 surv=37 ex=33 bad=0 hits=0 t=0s
  G2 c3/c5@-6: rank[2,2] g=2 src=pari sat=1 tors=8 st=6392 hmax=997 pr=50 surv=18 ex=14 bad=0 hits=0 t=0s
  G2 c3/c7@-6: rank[2,2] g=2 src=pari sat=1 tors=4 st=5004 hmax=997 pr=50 surv=17 ex=13 bad=0 hits=0 t=0s
  G2 c3/c4@-6: rank[3,3] g=3 src=pari sat=1 tors=4 st=9604 hmax=209 pr=50 surv=36 ex=32 bad=0 hits=0 t=0s
  G2 c5/c7@-6: rank[2,2] g=2 src=pari sat=1 tors=4 st=5004 hmax=997 pr=50 surv=17 ex=13 bad=0 hits=0 t=0s
  G2 c5/c4@-6: rank[3,3] g=3 src=pari sat=1 tors=4 st=9604 hmax=209 pr=50 surv=34 ex=30 bad=0 hits=0 t=0s
  G2 c7/c4@-6: rank[2,2] g=2 src=pari sat=1 tors=4 st=5028 hmax=999 pr=50 surv=39 ex=35 bad=0 hits=0 t=0s
  G3 c2/c3@-6: rank[1,1] g=1 src=pari sat=1 tors=4 st=124 hmax=885 pr=50 surv=9 ex=5 bad=0 hits=0 t=0s
  G3 c2/c5@-6: rank[3,3] g=3 src=pari sat=1 tors=2 st=4782 hmax=284 pr=50 surv=14 ex=10 bad=0 hits=0 t=0s
  G3 c2/c6@-6: rank[1,1] g=1 src=pari sat=1 tors=8 st=216 hmax=895 pr=50 surv=17 ex=13 bad=0 hits=0 t=0s
  G3 c2/c4@-6: rank[2,2] g=2 src=pari sat=1 tors=4 st=5028 hmax=999 pr=50 surv=37 ex=33 bad=0 hits=0 t=0s
  G3 c3/c5@-6: rank[2,2] g=2 src=pari sat=1 tors=4 st=6796 hmax=1000 pr=50 surv=24 ex=20 bad=0 hits=0 t=0s
  G3 c3/c6@-6: rank[3,3] g=3 src=pari sat=1 tors=2 st=4782 hmax=284 pr=50 surv=13 ex=9 bad=0 hits=0 t=0s
  G3 c3/c4@-6: rank[2,2] g=2 src=pari sat=1 tors=2 st=1630 hmax=999 pr=50 surv=12 ex=8 bad=0 hits=0 t=0s
  G3 c5/c6@-6: rank[1,1] g=1 src=pari sat=1 tors=4 st=124 hmax=885 pr=50 surv=9 ex=5 bad=0 hits=0 t=0s
  G3 c5/c4@-6: rank[2,2] g=2 src=pari sat=1 tors=2 st=1630 hmax=999 pr=50 surv=9 ex=5 bad=0 hits=0 t=0s
  G3 c6/c4@-6: rank[2,2] g=2 src=pari sat=1 tors=4 st=5028 hmax=999 pr=50 surv=41 ex=37 bad=0 hits=0 t=0s
== (m,n)=(7,-4)
  G1 c2/c0@-1: rank[2,2] g=2 src=pari sat=1 tors=2 st=970 hmax=985 pr=50 surv=6 ex=4 bad=0 hits=0 t=0s
  G1 c6/c0@-1: rank[2,2] g=2 src=pari sat=1 tors=2 st=970 hmax=985 pr=50 surv=6 ex=4 bad=0 hits=0 t=0s
  G1 c0/c8@0: rank[1,1] g=1 src=pari sat=1 tors=8 st=456 hmax=961 pr=50 surv=8 ex=0 bad=0 hits=0 t=0s
  G1 c0/c4: кривая не построена
  G1 c2/c6@-1: rank[0,0] g=0 src=pari sat=1 tors=8 st=8 hmax=0 pr=50 surv=4 ex=0 bad=0 hits=0 t=0s
  G1 c2/c8@-1: rank[2,2] g=2 src=pari sat=1 tors=2 st=970 hmax=985 pr=50 surv=6 ex=4 bad=0 hits=0 t=0s
  G1 c2/c4: кривая не построена
  G1 c6/c8@-1: rank[2,2] g=2 src=pari sat=1 tors=2 st=970 hmax=985 pr=50 surv=6 ex=4 bad=0 hits=0 t=0s
  G1 c6/c4: кривая не построена
  G1 c8/c4: кривая не построена
  G2 c1/c3@-11/3: rank[2,2] g=2 src=pari sat=1 tors=4 st=4508 hmax=994 pr=50 surv=21 ex=17 bad=0 hits=0 t=0s
  G2 c1/c5@-11/3: rank[2,2] g=2 src=pari sat=1 tors=4 st=4508 hmax=994 pr=50 surv=21 ex=17 bad=0 hits=0 t=0s
  G2 c1/c7@-11/3: rank[2,2] g=2 src=pari sat=1 tors=8 st=4680 hmax=989 pr=50 surv=54 ex=50 bad=0 hits=0 t=0s
  G2 c1/c4@-11/3: rank[2,2] g=2 src=pari sat=1 tors=4 st=4900 hmax=998 pr=50 surv=30 ex=26 bad=0 hits=0 t=0s
  G2 c3/c5@-11/3: rank[1,1] g=1 src=pari sat=1 tors=8 st=200 hmax=891 pr=50 surv=17 ex=13 bad=0 hits=0 t=0s
  G2 c3/c7@-11/3: rank[2,2] g=2 src=pari sat=1 tors=4 st=4508 hmax=994 pr=50 surv=21 ex=17 bad=0 hits=0 t=0s
  G2 c3/c4@-11/3: rank[3,3] g=3 src=pari sat=1 tors=4 st=9556 hmax=203 pr=50 surv=26 ex=22 bad=0 hits=0 t=0s
  G2 c5/c7@-11/3: rank[2,2] g=2 src=pari sat=1 tors=4 st=4508 hmax=994 pr=50 surv=21 ex=17 bad=0 hits=0 t=0s
  G2 c5/c4@-11/3: rank[3,3] g=3 src=pari sat=1 tors=4 st=9556 hmax=203 pr=50 surv=21 ex=17 bad=0 hits=0 t=0s
  G2 c7/c4@-11/3: rank[2,2] g=2 src=pari sat=1 tors=4 st=4900 hmax=998 pr=50 surv=31 ex=27 bad=0 hits=0 t=0s
  G3 c2/c3@-11/3: rank[1,1] g=1 src=pari sat=1 tors=4 st=116 hmax=886 pr=50 surv=10 ex=6 bad=0 hits=0 t=0s
  G3 c2/c5@-11/3: rank[3,3] g=3 src=pari sat=1 tors=2 st=4802 hmax=410 pr=50 surv=9 ex=5 bad=0 hits=0 t=0s
  G3 c2/c6@-11/3: rank[2,2] g=2 src=pari sat=1 tors=8 st=4680 hmax=989 pr=50 surv=33 ex=29 bad=0 hits=0 t=0s
  G3 c2/c4@-11/3: rank[2,2] g=2 src=pari sat=1 tors=4 st=4900 hmax=998 pr=50 surv=18 ex=14 bad=0 hits=0 t=0s
  G3 c3/c5@-11/3: rank[2,2] g=2 src=pari sat=1 tors=4 st=5300 hmax=999 pr=50 surv=38 ex=34 bad=0 hits=0 t=0s
  G3 c3/c6@-11/3: rank[3,3] g=3 src=pari sat=1 tors=2 st=4802 hmax=410 pr=50 surv=9 ex=5 bad=0 hits=0 t=0s
  G3 c3/c4@-11/3: rank[3,3] g=3 src=pari sat=1 tors=2 st=4802 hmax=342 pr=50 surv=13 ex=9 bad=0 hits=0 t=0s
  G3 c5/c6@-11/3: rank[1,1] g=1 src=pari sat=1 tors=4 st=116 hmax=886 pr=50 surv=13 ex=9 bad=0 hits=0 t=0s
  G3 c5/c4@-11/3: rank[3,3] g=3 src=pari sat=1 tors=2 st=4802 hmax=342 pr=50 surv=13 ex=9 bad=0 hits=0 t=0s
  G3 c6/c4@-11/3: rank[2,2] g=2 src=pari sat=1 tors=4 st=4900 hmax=998 pr=50 surv=17 ex=13 bad=0 hits=0 t=0s
== (m,n)=(7,-3)
  G1 c0/c2: кривая не построена
  G1 c0/c6: кривая не построена
  G1 c0/c8@0: rank[0,0] g=0 src=pari sat=1 tors=8 st=8 hmax=0 pr=50 surv=8 ex=0 bad=0 hits=0 t=0s
  G1 c0/c4: кривая не построена
  G1 c2/c6@-1: rank[1,1] g=1 src=pari sat=1 tors=8 st=376 hmax=988 pr=50 surv=4 ex=0 bad=0 hits=0 t=0s
  G1 c2/c8: кривая не построена
  G1 c2/c4: кривая не построена
  G1 c6/c8: кривая не построена
  G1 c6/c4: кривая не построена
  G1 c8/c4: кривая не построена
  G2 c1/c3@-5/2: rank[3,3] g=3 src=pari sat=1 tors=4 st=9564 hmax=174 pr=50 surv=30 ex=26 bad=0 hits=0 t=0s
  G2 c1/c5@-5/2: rank[3,3] g=3 src=pari sat=1 tors=4 st=9564 hmax=174 pr=50 surv=24 ex=20 bad=0 hits=0 t=0s
  G2 c1/c7@-5/2: rank[1,1] g=1 src=pari sat=1 tors=8 st=232 hmax=954 pr=50 surv=17 ex=13 bad=0 hits=0 t=0s
  G2 c1/c4@-5/2: rank[2,2] g=2 src=pari sat=1 tors=4 st=5364 hmax=997 pr=50 surv=34 ex=30 bad=0 hits=0 t=0s
  G2 c3/c5@-5/2: rank[2,2] g=2 src=pari sat=1 tors=8 st=7192 hmax=997 pr=50 surv=37 ex=33 bad=0 hits=0 t=0s
  G2 c3/c7@-5/2: rank[3,3] g=3 src=pari sat=1 tors=4 st=9564 hmax=174 pr=50 surv=26 ex=22 bad=0 hits=0 t=0s
  G2 c3/c4@-5/2: rank[3,3] g=3 src=pari sat=1 tors=4 st=9604 hmax=167 pr=50 surv=25 ex=21 bad=0 hits=0 t=0s
  G2 c5/c7@-5/2: rank[3,3] g=3 src=pari sat=1 tors=4 st=9564 hmax=174 pr=50 surv=24 ex=20 bad=0 hits=0 t=0s
  G2 c5/c4@-5/2: rank[3,3] g=3 src=pari sat=1 tors=4 st=9604 hmax=167 pr=50 surv=26 ex=22 bad=0 hits=0 t=0s
  G2 c7/c4@-5/2: rank[2,2] g=2 src=pari sat=1 tors=4 st=5364 hmax=997 pr=50 surv=33 ex=29 bad=0 hits=0 t=0s
  G3 c2/c3@-5/2: rank[2,2] g=2 src=pari sat=1 tors=4 st=5500 hmax=997 pr=50 surv=9 ex=5 bad=0 hits=0 t=0s
  G3 c2/c5@-5/2: rank[3,3] g=3 src=pari sat=1 tors=2 st=4778 hmax=331 pr=50 surv=14 ex=10 bad=0 hits=0 t=0s
  G3 c2/c6@-5/2: rank[1,1] g=1 src=pari sat=1 tors=8 st=232 hmax=954 pr=50 surv=17 ex=13 bad=0 hits=0 t=0s
  G3 c2/c4@-5/2: rank[2,2] g=2 src=pari sat=1 tors=4 st=5364 hmax=997 pr=50 surv=39 ex=35 bad=0 hits=0 t=0s
  G3 c3/c5@-5/2: rank[2,2] g=2 src=pari sat=1 tors=4 st=8908 hmax=999 pr=50 surv=19 ex=15 bad=0 hits=0 t=0s
  G3 c3/c6@-5/2: rank[3,3] g=3 src=pari sat=1 tors=2 st=4778 hmax=331 pr=50 surv=14 ex=10 bad=0 hits=0 t=0s
  G3 c3/c4@-5/2: rank[2,2] g=2 src=pari sat=1 tors=2 st=1798 hmax=999 pr=50 surv=18 ex=14 bad=0 hits=0 t=0s
  G3 c5/c6@-5/2: rank[2,2] g=2 src=pari sat=1 tors=4 st=5500 hmax=997 pr=50 surv=9 ex=5 bad=0 hits=0 t=0s
  G3 c5/c4@-5/2: rank[2,2] g=2 src=pari sat=1 tors=2 st=1798 hmax=999 pr=50 surv=18 ex=14 bad=0 hits=0 t=0s
  G3 c6/c4@-5/2: rank[2,2] g=2 src=pari sat=1 tors=4 st=5364 hmax=997 pr=50 surv=39 ex=35 bad=0 hits=0 t=0s
== (m,n)=(7,-2)
  G1 c0/c2: кривая не построена
  G1 c0/c6: кривая не построена
  G1 c0/c8@0: rank[0,0] g=0 src=pari sat=1 tors=8 st=8 hmax=0 pr=50 surv=8 ex=0 bad=0 hits=0 t=0s
  G1 c0/c4: кривая не построена
  G1 c2/c6@-1: rank[1,1] g=1 src=pari sat=1 tors=8 st=328 hmax=958 pr=50 surv=19 ex=15 bad=0 hits=0 t=0s
  G1 c2/c8: кривая не построена
  G1 c2/c4: кривая не построена
  G1 c6/c8: кривая не построена
  G1 c6/c4: кривая не построена
  G1 c8/c4: кривая не построена
  G2 c1/c3@-9/5: rank[2,2] g=2 src=pari sat=1 tors=4 st=4700 hmax=997 pr=50 surv=42 ex=38 bad=0 hits=0 t=0s
  G2 c1/c5@-9/5: rank[2,2] g=2 src=pari sat=1 tors=4 st=4700 hmax=997 pr=50 surv=44 ex=40 bad=0 hits=0 t=0s
  G2 c1/c7@-9/5: rank[2,2] g=2 src=pari sat=1 tors=8 st=6584 hmax=999 pr=50 surv=34 ex=30 bad=0 hits=0 t=0s
  G2 c1/c4@-9/5: rank[3,3] g=3 src=pari sat=1 tors=4 st=9604 hmax=242 pr=50 surv=33 ex=29 bad=0 hits=0 t=0s
  G2 c3/c5@-9/5: rank[1,1] g=1 src=pari sat=1 tors=8 st=216 hmax=946 pr=50 surv=17 ex=13 bad=0 hits=0 t=0s
  G2 c3/c7@-9/5: rank[2,2] g=2 src=pari sat=1 tors=4 st=4700 hmax=997 pr=50 surv=42 ex=38 bad=0 hits=0 t=0s
  G2 c3/c4@-9/5: rank[2,2] g=2 src=pari sat=1 tors=4 st=4828 hmax=1000 pr=50 surv=25 ex=21 bad=0 hits=0 t=0s
  G2 c5/c7@-9/5: rank[2,2] g=2 src=pari sat=1 tors=4 st=4700 hmax=997 pr=50 surv=42 ex=38 bad=0 hits=0 t=0s
  G2 c5/c4@-9/5: rank[2,2] g=2 src=pari sat=1 tors=4 st=4828 hmax=1000 pr=50 surv=26 ex=22 bad=0 hits=0 t=0s
  G2 c7/c4@-9/5: rank[3,3] g=3 src=pari sat=1 tors=4 st=9604 hmax=242 pr=50 surv=33 ex=29 bad=0 hits=0 t=0s
  G3 c2/c3@-9/5: rank[1,1] g=1 src=pari sat=1 tors=4 st=116 hmax=876 pr=50 surv=9 ex=5 bad=0 hits=0 t=0s
  G3 c2/c5@-9/5: rank[3,3] g=3 src=pari sat=1 tors=2 st=4774 hmax=389 pr=50 surv=16 ex=12 bad=0 hits=0 t=0s
  G3 c2/c6@-9/5: rank[2,2] g=2 src=pari sat=1 tors=8 st=6584 hmax=999 pr=50 surv=18 ex=14 bad=0 hits=0 t=0s
  G3 c2/c4@-9/5: rank[3,3] g=3 src=pari sat=1 tors=4 st=9604 hmax=242 pr=50 surv=21 ex=17 bad=0 hits=0 t=0s
  G3 c3/c5@-9/5: rank[3,3] g=3 src=pari sat=1 tors=4 st=9604 hmax=181 pr=50 surv=17 ex=13 bad=0 hits=0 t=0s
  G3 c3/c6@-9/5: rank[3,3] g=3 src=pari sat=1 tors=2 st=4774 hmax=389 pr=50 surv=13 ex=9 bad=0 hits=0 t=0s
  G3 c3/c4@-9/5: rank[2,2] g=2 src=pari sat=1 tors=2 st=1382 hmax=998 pr=50 surv=12 ex=8 bad=0 hits=0 t=0s
  G3 c5/c6@-9/5: rank[1,1] g=1 src=pari sat=1 tors=4 st=116 hmax=876 pr=50 surv=9 ex=5 bad=0 hits=0 t=0s
  G3 c5/c4@-9/5: rank[2,2] g=2 src=pari sat=1 tors=2 st=1382 hmax=998 pr=50 surv=11 ex=7 bad=0 hits=0 t=0s
  G3 c6/c4@-9/5: rank[3,3] g=3 src=pari sat=1 tors=4 st=9604 hmax=242 pr=50 surv=21 ex=17 bad=0 hits=0 t=0s
== (m,n)=(7,-1)
  G1 c2/c0@-1: rank[3,3] g=3 src=pari sat=1 tors=2 st=4802 hmax=191 pr=50 surv=42 ex=36 bad=0 hits=0 t=0s
  G1 c6/c0@-1: rank[3,3] g=3 src=pari sat=1 tors=2 st=4802 hmax=191 pr=50 surv=42 ex=36 bad=0 hits=0 t=0s
  G1 c0/c8@0: rank[0,0] g=0 src=pari sat=1 tors=8 st=8 hmax=0 pr=50 surv=8 ex=0 bad=0 hits=0 t=0s
  G1 c4/c0@-4/3: rank[1,1] g=1 src=pari sat=1 tors=8 st=408 hmax=933 pr=50 surv=8 ex=2 bad=0 hits=0 t=0s
  G1 c2/c6@-1: rank[0,0] g=0 src=pari sat=1 tors=16 st=16 hmax=0 pr=50 surv=10 ex=2 bad=0 hits=0 t=0s
  G1 c2/c8@-1: rank[3,3] g=3 src=pari sat=1 tors=2 st=4802 hmax=191 pr=50 surv=43 ex=37 bad=0 hits=0 t=0s
  G1 c4/c2@-4/3: rank[1,1] g=1 src=pari sat=1 tors=4 st=180 hmax=944 pr=50 surv=9 ex=3 bad=0 hits=0 t=0s
  G1 c6/c8@-1: rank[3,3] g=3 src=pari sat=1 tors=2 st=4802 hmax=191 pr=50 surv=44 ex=38 bad=0 hits=0 t=0s
  G1 c4/c6@-4/3: rank[1,1] g=1 src=pari sat=1 tors=4 st=180 hmax=944 pr=50 surv=9 ex=3 bad=0 hits=0 t=0s
  G1 c4/c8@-4/3: rank[1,1] g=1 src=pari sat=1 tors=8 st=408 hmax=933 pr=50 surv=10 ex=4 bad=0 hits=0 t=0s
  G2 c1/c3@-4/3: rank[3,3] g=3 src=pari sat=1 tors=4 st=9588 hmax=166 pr=50 surv=23 ex=19 bad=0 hits=0 t=0s
  G2 c1/c5@-4/3: rank[3,3] g=3 src=pari sat=1 tors=4 st=9588 hmax=166 pr=50 surv=23 ex=19 bad=0 hits=0 t=0s
  G2 c1/c7@-4/3: rank[1,1] g=1 src=pari sat=1 tors=8 st=232 hmax=942 pr=50 surv=17 ex=13 bad=0 hits=0 t=0s
  G2 c1/c4@-4/3: rank[2,2] g=2 src=pari sat=1 tors=4 st=5284 hmax=999 pr=50 surv=61 ex=57 bad=0 hits=0 t=0s
  G2 c3/c5@-4/3: rank[1,1] g=1 src=pari sat=1 tors=8 st=472 hmax=997 pr=50 surv=40 ex=32 bad=0 hits=0 t=0s
  G2 c3/c7@-4/3: rank[3,3] g=3 src=pari sat=1 tors=4 st=9588 hmax=166 pr=50 surv=23 ex=19 bad=0 hits=0 t=0s
  G2 c3/c4@-4/3: rank[2,2] g=2 src=pari sat=1 tors=4 st=9580 hmax=804 pr=50 surv=67 ex=59 bad=0 hits=0 t=0s
  G2 c5/c7@-4/3: rank[3,3] g=3 src=pari sat=1 tors=4 st=9588 hmax=166 pr=50 surv=23 ex=19 bad=0 hits=0 t=0s
  G2 c5/c4@-4/3: rank[2,2] g=2 src=pari sat=1 tors=4 st=9580 hmax=804 pr=50 surv=64 ex=56 bad=0 hits=0 t=0s
  G2 c7/c4@-4/3: rank[2,2] g=2 src=pari sat=1 tors=4 st=5284 hmax=999 pr=50 surv=57 ex=53 bad=0 hits=0 t=0s
  G3 c2/c3@-4/3: rank[2,2] g=2 src=pari sat=1 tors=4 st=2548 hmax=995 pr=50 surv=17 ex=13 bad=0 hits=0 t=0s
  G3 c2/c5@-4/3: rank[4,4] g=4 src=pari sat=1 tors=2 st=4802 hmax=105 pr=50 surv=11 ex=7 bad=0 hits=0 t=0s
  G3 c2/c6@-4/3: rank[1,1] g=1 src=pari sat=1 tors=8 st=232 hmax=942 pr=50 surv=17 ex=13 bad=0 hits=0 t=0s
  G3 c2/c4@-4/3: rank[2,2] g=2 src=pari sat=1 tors=4 st=5284 hmax=999 pr=50 surv=37 ex=33 bad=0 hits=0 t=0s
  G3 c3/c5@-4/3: rank[2,2] g=2 src=pari sat=1 tors=4 st=7468 hmax=998 pr=50 surv=29 ex=25 bad=0 hits=0 t=0s
  G3 c3/c6@-4/3: rank[4,4] g=4 src=pari sat=1 tors=2 st=4802 hmax=105 pr=50 surv=12 ex=8 bad=0 hits=0 t=0s
  G3 c3/c4@-4/3: rank[2,2] g=2 src=pari sat=1 tors=2 st=1654 hmax=1000 pr=50 surv=10 ex=6 bad=0 hits=0 t=0s
  G3 c5/c6@-4/3: rank[2,2] g=2 src=pari sat=1 tors=4 st=2548 hmax=995 pr=50 surv=17 ex=13 bad=0 hits=0 t=0s
  G3 c5/c4@-4/3: rank[2,2] g=2 src=pari sat=1 tors=2 st=1654 hmax=1000 pr=50 surv=13 ex=9 bad=0 hits=0 t=0s
  G3 c6/c4@-4/3: rank[2,2] g=2 src=pari sat=1 tors=4 st=5284 hmax=999 pr=50 surv=37 ex=33 bad=0 hits=0 t=0s
== (m,n)=(7,1)
  G1 c2/c0@-1: rank[3,3] g=3 src=pari sat=1 tors=2 st=4802 hmax=191 pr=50 surv=42 ex=36 bad=0 hits=0 t=0s
  G1 c6/c0@-1: rank[3,3] g=3 src=pari sat=1 tors=2 st=4802 hmax=191 pr=50 surv=42 ex=36 bad=0 hits=0 t=0s
  G1 c0/c8@0: rank[0,0] g=0 src=pari sat=1 tors=8 st=8 hmax=0 pr=50 surv=8 ex=0 bad=0 hits=0 t=0s
  G1 c4/c0@-4/3: rank[1,1] g=1 src=pari sat=1 tors=8 st=408 hmax=933 pr=50 surv=8 ex=2 bad=0 hits=0 t=0s
  G1 c2/c6@-1: rank[0,0] g=0 src=pari sat=1 tors=16 st=16 hmax=0 pr=50 surv=12 ex=4 bad=0 hits=0 t=0s
  G1 c2/c8@-1: rank[3,3] g=3 src=pari sat=1 tors=2 st=4802 hmax=191 pr=50 surv=44 ex=38 bad=0 hits=0 t=0s
  G1 c4/c2@-4/3: rank[1,1] g=1 src=pari sat=1 tors=4 st=180 hmax=944 pr=50 surv=9 ex=3 bad=0 hits=0 t=0s
  G1 c6/c8@-1: rank[3,3] g=3 src=pari sat=1 tors=2 st=4802 hmax=191 pr=50 surv=43 ex=37 bad=0 hits=0 t=0s
  G1 c4/c6@-4/3: rank[1,1] g=1 src=pari sat=1 tors=4 st=180 hmax=944 pr=50 surv=9 ex=3 bad=0 hits=0 t=0s
  G1 c4/c8@-4/3: rank[1,1] g=1 src=pari sat=1 tors=8 st=408 hmax=933 pr=50 surv=10 ex=4 bad=0 hits=0 t=0s
  G2 c1/c3@-4/3: rank[3,3] g=3 src=pari sat=1 tors=4 st=9588 hmax=166 pr=50 surv=23 ex=19 bad=0 hits=0 t=0s
  G2 c1/c5@-4/3: rank[3,3] g=3 src=pari sat=1 tors=4 st=9588 hmax=166 pr=50 surv=23 ex=19 bad=0 hits=0 t=0s
  G2 c1/c7@-4/3: rank[1,1] g=1 src=pari sat=1 tors=8 st=232 hmax=942 pr=50 surv=17 ex=13 bad=0 hits=0 t=0s
  G2 c1/c4@-4/3: rank[2,2] g=2 src=pari sat=1 tors=4 st=5284 hmax=999 pr=50 surv=61 ex=57 bad=0 hits=0 t=0s
  G2 c3/c5@-4/3: rank[1,1] g=1 src=pari sat=1 tors=8 st=472 hmax=997 pr=50 surv=40 ex=32 bad=0 hits=0 t=0s
  G2 c3/c7@-4/3: rank[3,3] g=3 src=pari sat=1 tors=4 st=9588 hmax=166 pr=50 surv=23 ex=19 bad=0 hits=0 t=0s
  G2 c3/c4@-4/3: rank[2,2] g=2 src=pari sat=1 tors=4 st=9580 hmax=804 pr=50 surv=64 ex=56 bad=0 hits=0 t=0s
  G2 c5/c7@-4/3: rank[3,3] g=3 src=pari sat=1 tors=4 st=9588 hmax=166 pr=50 surv=23 ex=19 bad=0 hits=0 t=0s
  G2 c5/c4@-4/3: rank[2,2] g=2 src=pari sat=1 tors=4 st=9580 hmax=804 pr=50 surv=67 ex=59 bad=0 hits=0 t=0s
  G2 c7/c4@-4/3: rank[2,2] g=2 src=pari sat=1 tors=4 st=5284 hmax=999 pr=50 surv=57 ex=53 bad=0 hits=0 t=0s
  G3 c2/c3@-4/3: rank[2,2] g=2 src=pari sat=1 tors=4 st=2548 hmax=995 pr=50 surv=17 ex=15 bad=0 hits=0 t=0s
  G3 c2/c5@-4/3: rank[4,4] g=4 src=pari sat=1 tors=2 st=4802 hmax=105 pr=50 surv=11 ex=9 bad=0 hits=0 t=0s
  G3 c2/c6@-4/3: rank[1,1] g=1 src=pari sat=1 tors=8 st=232 hmax=942 pr=50 surv=17 ex=13 bad=0 hits=0 t=0s
  G3 c2/c4@-4/3: rank[2,2] g=2 src=pari sat=1 tors=4 st=5284 hmax=999 pr=50 surv=37 ex=33 bad=0 hits=0 t=0s
  G3 c3/c5@-1: rank[2,2] g=2 src=pari sat=1 tors=4 st=7468 hmax=998 pr=50 surv=50 ex=46 bad=0 hits=0 t=0s
  G3 c6/c3@-4/3: rank[4,4] g=4 src=pari sat=1 tors=2 st=4802 hmax=105 pr=50 surv=10 ex=8 bad=0 hits=0 t=0s
  G3 c4/c3@-4/3: rank[2,2] g=2 src=pari sat=1 tors=2 st=1654 hmax=1000 pr=50 surv=10 ex=8 bad=0 hits=0 t=0s
  G3 c6/c5@-4/3: rank[2,2] g=2 src=pari sat=1 tors=4 st=2548 hmax=995 pr=50 surv=17 ex=15 bad=0 hits=0 t=0s
  G3 c4/c5@-4/3: rank[2,2] g=2 src=pari sat=1 tors=2 st=1654 hmax=1000 pr=50 surv=13 ex=11 bad=0 hits=0 t=0s
  G3 c6/c4@-4/3: rank[2,2] g=2 src=pari sat=1 tors=4 st=5284 hmax=999 pr=50 surv=40 ex=36 bad=0 hits=0 t=0s
== (m,n)=(7,2)
  G1 c0/c2: кривая не построена
  G1 c0/c6: кривая не построена
  G1 c0/c8@0: rank[0,0] g=0 src=pari sat=1 tors=8 st=8 hmax=0 pr=50 surv=8 ex=0 bad=0 hits=0 t=0s
  G1 c0/c4: кривая не построена
  G1 c2/c6@-1: rank[1,1] g=1 src=pari sat=1 tors=8 st=328 hmax=958 pr=50 surv=20 ex=16 bad=0 hits=0 t=0s
  G1 c2/c8: кривая не построена
  G1 c2/c4: кривая не построена
  G1 c6/c8: кривая не построена
  G1 c6/c4: кривая не построена
  G1 c8/c4: кривая не построена
  G2 c1/c3@-9/5: rank[2,2] g=2 src=pari sat=1 tors=4 st=4700 hmax=997 pr=50 surv=44 ex=40 bad=0 hits=0 t=0s
  G2 c1/c5@-9/5: rank[2,2] g=2 src=pari sat=1 tors=4 st=4700 hmax=997 pr=50 surv=42 ex=38 bad=0 hits=0 t=0s
  G2 c1/c7@-9/5: rank[2,2] g=2 src=pari sat=1 tors=8 st=6584 hmax=999 pr=50 surv=34 ex=30 bad=0 hits=0 t=0s
  G2 c1/c4@-9/5: rank[3,3] g=3 src=pari sat=1 tors=4 st=9604 hmax=242 pr=50 surv=33 ex=29 bad=0 hits=0 t=0s
  G2 c3/c5@-9/5: rank[1,1] g=1 src=pari sat=1 tors=8 st=216 hmax=946 pr=50 surv=17 ex=13 bad=0 hits=0 t=0s
  G2 c3/c7@-9/5: rank[2,2] g=2 src=pari sat=1 tors=4 st=4700 hmax=997 pr=50 surv=42 ex=38 bad=0 hits=0 t=0s
  G2 c3/c4@-9/5: rank[2,2] g=2 src=pari sat=1 tors=4 st=4828 hmax=1000 pr=50 surv=26 ex=22 bad=0 hits=0 t=0s
  G2 c5/c7@-9/5: rank[2,2] g=2 src=pari sat=1 tors=4 st=4700 hmax=997 pr=50 surv=42 ex=38 bad=0 hits=0 t=0s
  G2 c5/c4@-9/5: rank[2,2] g=2 src=pari sat=1 tors=4 st=4828 hmax=1000 pr=50 surv=25 ex=21 bad=0 hits=0 t=0s
  G2 c7/c4@-9/5: rank[3,3] g=3 src=pari sat=1 tors=4 st=9604 hmax=242 pr=50 surv=33 ex=29 bad=0 hits=0 t=0s
  G3 c2/c3@-9/5: rank[1,1] g=1 src=pari sat=1 tors=4 st=116 hmax=876 pr=50 surv=9 ex=7 bad=0 hits=0 t=0s
  G3 c2/c5@-9/5: rank[3,3] g=3 src=pari sat=1 tors=2 st=4774 hmax=389 pr=50 surv=13 ex=11 bad=0 hits=0 t=0s
  G3 c2/c6@-9/5: rank[2,2] g=2 src=pari sat=1 tors=8 st=6584 hmax=999 pr=50 surv=18 ex=14 bad=0 hits=0 t=0s
  G3 c2/c4@-9/5: rank[3,3] g=3 src=pari sat=1 tors=4 st=9604 hmax=242 pr=50 surv=21 ex=17 bad=0 hits=0 t=0s
  G3 c3/c5@-1: rank[3,3] g=3 src=pari sat=1 tors=4 st=9604 hmax=181 pr=50 surv=41 ex=37 bad=0 hits=0 t=0s
  G3 c6/c3@-9/5: rank[3,3] g=3 src=pari sat=1 tors=2 st=4774 hmax=389 pr=50 surv=16 ex=14 bad=0 hits=0 t=0s
  G3 c4/c3@-9/5: rank[2,2] g=2 src=pari sat=1 tors=2 st=1382 hmax=998 pr=50 surv=11 ex=9 bad=0 hits=0 t=0s
  G3 c6/c5@-9/5: rank[1,1] g=1 src=pari sat=1 tors=4 st=116 hmax=876 pr=50 surv=9 ex=7 bad=0 hits=0 t=0s
  G3 c4/c5@-9/5: rank[2,2] g=2 src=pari sat=1 tors=2 st=1382 hmax=998 pr=50 surv=12 ex=10 bad=0 hits=0 t=0s
  G3 c6/c4@-9/5: rank[3,3] g=3 src=pari sat=1 tors=4 st=9604 hmax=242 pr=50 surv=21 ex=17 bad=0 hits=0 t=0s
== (m,n)=(7,3)
  G1 c0/c2: кривая не построена
  G1 c0/c6: кривая не построена
  G1 c0/c8@0: rank[0,0] g=0 src=pari sat=1 tors=8 st=8 hmax=0 pr=50 surv=8 ex=0 bad=0 hits=0 t=0s
  G1 c0/c4: кривая не построена
  G1 c2/c6@-1: rank[1,1] g=1 src=pari sat=1 tors=8 st=376 hmax=988 pr=50 surv=4 ex=0 bad=0 hits=0 t=0s
  G1 c2/c8: кривая не построена
  G1 c2/c4: кривая не построена
  G1 c6/c8: кривая не построена
  G1 c6/c4: кривая не построена
  G1 c8/c4: кривая не построена
  G2 c1/c3@-5/2: rank[3,3] g=3 src=pari sat=1 tors=4 st=9564 hmax=174 pr=50 surv=24 ex=20 bad=0 hits=0 t=0s
  G2 c1/c5@-5/2: rank[3,3] g=3 src=pari sat=1 tors=4 st=9564 hmax=174 pr=50 surv=30 ex=26 bad=0 hits=0 t=0s
  G2 c1/c7@-5/2: rank[1,1] g=1 src=pari sat=1 tors=8 st=232 hmax=954 pr=50 surv=17 ex=13 bad=0 hits=0 t=0s
  G2 c1/c4@-5/2: rank[2,2] g=2 src=pari sat=1 tors=4 st=5364 hmax=997 pr=50 surv=34 ex=30 bad=0 hits=0 t=0s
  G2 c3/c5@-5/2: rank[2,2] g=2 src=pari sat=1 tors=8 st=7192 hmax=997 pr=50 surv=37 ex=33 bad=0 hits=0 t=0s
  G2 c3/c7@-5/2: rank[3,3] g=3 src=pari sat=1 tors=4 st=9564 hmax=174 pr=50 surv=24 ex=20 bad=0 hits=0 t=0s
  G2 c3/c4@-5/2: rank[3,3] g=3 src=pari sat=1 tors=4 st=9604 hmax=167 pr=50 surv=26 ex=22 bad=0 hits=0 t=0s
  G2 c5/c7@-5/2: rank[3,3] g=3 src=pari sat=1 tors=4 st=9564 hmax=174 pr=50 surv=26 ex=22 bad=0 hits=0 t=0s
  G2 c5/c4@-5/2: rank[3,3] g=3 src=pari sat=1 tors=4 st=9604 hmax=167 pr=50 surv=25 ex=21 bad=0 hits=0 t=0s
  G2 c7/c4@-5/2: rank[2,2] g=2 src=pari sat=1 tors=4 st=5364 hmax=997 pr=50 surv=33 ex=29 bad=0 hits=0 t=0s
  G3 c2/c3@-5/2: rank[2,2] g=2 src=pari sat=1 tors=4 st=5500 hmax=997 pr=50 surv=9 ex=7 bad=0 hits=0 t=0s
  G3 c2/c5@-5/2: rank[3,3] g=3 src=pari sat=1 tors=2 st=4778 hmax=331 pr=50 surv=11 ex=9 bad=0 hits=0 t=0s
  G3 c2/c6@-5/2: rank[1,1] g=1 src=pari sat=1 tors=8 st=232 hmax=954 pr=50 surv=17 ex=13 bad=0 hits=0 t=0s
  G3 c2/c4@-5/2: rank[2,2] g=2 src=pari sat=1 tors=4 st=5364 hmax=997 pr=50 surv=35 ex=31 bad=0 hits=0 t=0s
  G3 c3/c5@-1: rank[2,2] g=2 src=pari sat=1 tors=4 st=8908 hmax=999 pr=50 surv=22 ex=18 bad=0 hits=0 t=0s
  G3 c6/c3@-5/2: rank[3,3] g=3 src=pari sat=1 tors=2 st=4778 hmax=331 pr=50 surv=11 ex=9 bad=0 hits=0 t=0s
  G3 c4/c3@-5/2: rank[2,2] g=2 src=pari sat=1 tors=2 st=1798 hmax=999 pr=50 surv=17 ex=15 bad=0 hits=0 t=0s
  G3 c6/c5@-5/2: rank[2,2] g=2 src=pari sat=1 tors=4 st=5500 hmax=997 pr=50 surv=12 ex=10 bad=0 hits=0 t=0s
  G3 c4/c5@-5/2: rank[2,2] g=2 src=pari sat=1 tors=2 st=1798 hmax=999 pr=50 surv=13 ex=11 bad=0 hits=0 t=0s
  G3 c6/c4@-5/2: rank[2,2] g=2 src=pari sat=1 tors=4 st=5364 hmax=997 pr=50 surv=38 ex=34 bad=0 hits=0 t=0s
== (m,n)=(7,4)
  G1 c2/c0@-1: rank[2,2] g=2 src=pari sat=1 tors=2 st=970 hmax=985 pr=50 surv=6 ex=4 bad=0 hits=0 t=0s
  G1 c6/c0@-1: rank[2,2] g=2 src=pari sat=1 tors=2 st=970 hmax=985 pr=50 surv=6 ex=4 bad=0 hits=0 t=0s
  G1 c0/c8@0: rank[1,1] g=1 src=pari sat=1 tors=8 st=456 hmax=961 pr=50 surv=8 ex=0 bad=0 hits=0 t=0s
  G1 c0/c4: кривая не построена
  G1 c2/c6@-1: rank[0,0] g=0 src=pari sat=1 tors=8 st=8 hmax=0 pr=50 surv=4 ex=0 bad=0 hits=0 t=0s
  G1 c2/c8@-1: rank[2,2] g=2 src=pari sat=1 tors=2 st=970 hmax=985 pr=50 surv=6 ex=4 bad=0 hits=0 t=0s
  G1 c2/c4: кривая не построена
  G1 c6/c8@-1: rank[2,2] g=2 src=pari sat=1 tors=2 st=970 hmax=985 pr=50 surv=6 ex=4 bad=0 hits=0 t=0s
  G1 c6/c4: кривая не построена
  G1 c8/c4: кривая не построена
  G2 c1/c3@-11/3: rank[2,2] g=2 src=pari sat=1 tors=4 st=4508 hmax=994 pr=50 surv=21 ex=17 bad=0 hits=0 t=0s
  G2 c1/c5@-11/3: rank[2,2] g=2 src=pari sat=1 tors=4 st=4508 hmax=994 pr=50 surv=21 ex=17 bad=0 hits=0 t=0s
  G2 c1/c7@-11/3: rank[2,2] g=2 src=pari sat=1 tors=8 st=4680 hmax=989 pr=50 surv=54 ex=50 bad=0 hits=0 t=0s
  G2 c1/c4@-11/3: rank[2,2] g=2 src=pari sat=1 tors=4 st=4900 hmax=998 pr=50 surv=30 ex=26 bad=0 hits=0 t=0s
  G2 c3/c5@-11/3: rank[1,1] g=1 src=pari sat=1 tors=8 st=200 hmax=891 pr=50 surv=17 ex=13 bad=0 hits=0 t=0s
  G2 c3/c7@-11/3: rank[2,2] g=2 src=pari sat=1 tors=4 st=4508 hmax=994 pr=50 surv=21 ex=17 bad=0 hits=0 t=0s
  G2 c3/c4@-11/3: rank[3,3] g=3 src=pari sat=1 tors=4 st=9556 hmax=203 pr=50 surv=21 ex=17 bad=0 hits=0 t=0s
  G2 c5/c7@-11/3: rank[2,2] g=2 src=pari sat=1 tors=4 st=4508 hmax=994 pr=50 surv=21 ex=17 bad=0 hits=0 t=0s
  G2 c5/c4@-11/3: rank[3,3] g=3 src=pari sat=1 tors=4 st=9556 hmax=203 pr=50 surv=26 ex=22 bad=0 hits=0 t=1s
  G2 c7/c4@-11/3: rank[2,2] g=2 src=pari sat=1 tors=4 st=4900 hmax=998 pr=50 surv=31 ex=27 bad=0 hits=0 t=0s
  G3 c2/c3@-11/3: rank[1,1] g=1 src=pari sat=1 tors=4 st=116 hmax=886 pr=50 surv=9 ex=7 bad=0 hits=0 t=0s
  G3 c2/c5@-11/3: rank[3,3] g=3 src=pari sat=1 tors=2 st=4802 hmax=410 pr=50 surv=9 ex=7 bad=0 hits=0 t=0s
  G3 c2/c6@-11/3: rank[2,2] g=2 src=pari sat=1 tors=8 st=4680 hmax=989 pr=50 surv=35 ex=31 bad=0 hits=0 t=0s
  G3 c2/c4@-11/3: rank[2,2] g=2 src=pari sat=1 tors=4 st=4900 hmax=998 pr=50 surv=18 ex=14 bad=0 hits=0 t=0s
  G3 c3/c5@-1: rank[2,2] g=2 src=pari sat=1 tors=4 st=5300 hmax=999 pr=50 surv=44 ex=40 bad=0 hits=0 t=0s
  G3 c6/c3@-11/3: rank[3,3] g=3 src=pari sat=1 tors=2 st=4802 hmax=410 pr=50 surv=9 ex=7 bad=0 hits=0 t=0s
  G3 c4/c3@-11/3: rank[3,3] g=3 src=pari sat=1 tors=2 st=4802 hmax=342 pr=50 surv=17 ex=15 bad=0 hits=0 t=0s
  G3 c6/c5@-11/3: rank[1,1] g=1 src=pari sat=1 tors=4 st=116 hmax=886 pr=50 surv=13 ex=11 bad=0 hits=0 t=0s
  G3 c4/c5@-11/3: rank[3,3] g=3 src=pari sat=1 tors=2 st=4802 hmax=342 pr=50 surv=13 ex=11 bad=0 hits=0 t=0s
  G3 c6/c4@-11/3: rank[2,2] g=2 src=pari sat=1 tors=4 st=4900 hmax=998 pr=50 surv=18 ex=14 bad=0 hits=0 t=0s
== (m,n)=(7,5)
  G1 c0/c2: кривая не построена
  G1 c0/c6: кривая не построена
  G1 c0/c8@0: rank[1,1] g=1 src=pari sat=1 tors=8 st=328 hmax=937 pr=50 surv=40 ex=32 bad=0 hits=0 t=0s
  G1 c0/c4: кривая не построена
  G1 c2/c6@-1: rank[0,0] g=0 src=pari sat=1 tors=8 st=8 hmax=0 pr=50 surv=4 ex=0 bad=0 hits=0 t=0s
  G1 c2/c8: кривая не построена
  G1 c2/c4: кривая не построена
  G1 c6/c8: кривая не построена
  G1 c6/c4: кривая не построена
  G1 c8/c4: кривая не построена
  G2 c1/c3@-6: rank[2,2] g=2 src=pari sat=1 tors=4 st=5004 hmax=997 pr=50 surv=17 ex=13 bad=0 hits=0 t=0s
  G2 c1/c5@-6: rank[2,2] g=2 src=pari sat=1 tors=4 st=5004 hmax=997 pr=50 surv=17 ex=13 bad=0 hits=0 t=0s
  G2 c1/c7@-6: rank[1,1] g=1 src=pari sat=1 tors=8 st=216 hmax=895 pr=50 surv=17 ex=13 bad=0 hits=0 t=0s
  G2 c1/c4@-6: rank[2,2] g=2 src=pari sat=1 tors=4 st=5028 hmax=999 pr=50 surv=37 ex=33 bad=0 hits=0 t=0s
  G2 c3/c5@-6: rank[2,2] g=2 src=pari sat=1 tors=8 st=6392 hmax=997 pr=50 surv=18 ex=14 bad=0 hits=0 t=0s
  G2 c3/c7@-6: rank[2,2] g=2 src=pari sat=1 tors=4 st=5004 hmax=997 pr=50 surv=17 ex=13 bad=0 hits=0 t=0s
  G2 c3/c4@-6: rank[3,3] g=3 src=pari sat=1 tors=4 st=9604 hmax=209 pr=50 surv=34 ex=30 bad=0 hits=0 t=0s
  G2 c5/c7@-6: rank[2,2] g=2 src=pari sat=1 tors=4 st=5004 hmax=997 pr=50 surv=17 ex=13 bad=0 hits=0 t=0s
  G2 c5/c4@-6: rank[3,3] g=3 src=pari sat=1 tors=4 st=9604 hmax=209 pr=50 surv=36 ex=32 bad=0 hits=0 t=0s
  G2 c7/c4@-6: rank[2,2] g=2 src=pari sat=1 tors=4 st=5028 hmax=999 pr=50 surv=39 ex=35 bad=0 hits=0 t=0s
  G3 c2/c3@-6: rank[1,1] g=1 src=pari sat=1 tors=4 st=124 hmax=885 pr=50 surv=9 ex=7 bad=0 hits=0 t=0s
  G3 c2/c5@-6: rank[3,3] g=3 src=pari sat=1 tors=2 st=4782 hmax=284 pr=50 surv=14 ex=12 bad=0 hits=0 t=0s
  G3 c2/c6@-6: rank[1,1] g=1 src=pari sat=1 tors=8 st=216 hmax=895 pr=50 surv=17 ex=13 bad=0 hits=0 t=0s
  G3 c2/c4@-6: rank[2,2] g=2 src=pari sat=1 tors=4 st=5028 hmax=999 pr=50 surv=39 ex=35 bad=0 hits=0 t=0s
  G3 c3/c5@-1: rank[2,2] g=2 src=pari sat=1 tors=4 st=6796 hmax=1000 pr=50 surv=35 ex=31 bad=0 hits=0 t=0s
  G3 c6/c3@-6: rank[3,3] g=3 src=pari sat=1 tors=2 st=4782 hmax=284 pr=50 surv=11 ex=9 bad=0 hits=0 t=0s
  G3 c4/c3@-6: rank[2,2] g=2 src=pari sat=1 tors=2 st=1630 hmax=999 pr=50 surv=9 ex=7 bad=0 hits=0 t=0s
  G3 c6/c5@-6: rank[1,1] g=1 src=pari sat=1 tors=4 st=124 hmax=885 pr=50 surv=9 ex=7 bad=0 hits=0 t=0s
  G3 c4/c5@-6: rank[2,2] g=2 src=pari sat=1 tors=2 st=1630 hmax=999 pr=50 surv=10 ex=8 bad=0 hits=0 t=0s
  G3 c6/c4@-6: rank[2,2] g=2 src=pari sat=1 tors=4 st=5028 hmax=999 pr=50 surv=40 ex=36 bad=0 hits=0 t=0s
== (m,n)=(7,6)
  G1 c0/c2: кривая не построена
  G1 c0/c6: кривая не построена
  G1 c0/c8@0: rank[0,0] g=0 src=pari sat=1 tors=8 st=8 hmax=0 pr=50 surv=8 ex=0 bad=0 hits=0 t=0s
  G1 c0/c4: кривая не построена
  G1 c2/c6@-1: rank[1,1] g=1 src=pari sat=1 tors=8 st=248 hmax=987 pr=50 surv=4 ex=0 bad=0 hits=0 t=0s
  G1 c2/c8: кривая не построена
  G1 c2/c4: кривая не построена
  G1 c6/c8: кривая не построена
  G1 c6/c4: кривая не построена
  G1 c8/c4: кривая не построена
  G2 c1/c3@-13: rank[2,2] g=2 src=pari sat=1 tors=4 st=4012 hmax=1000 pr=50 surv=22 ex=18 bad=0 hits=0 t=0s
  G2 c1/c5@-13: rank[2,2] g=2 src=pari sat=1 tors=4 st=4012 hmax=1000 pr=50 surv=22 ex=18 bad=0 hits=0 t=0s
  G2 c1/c7@-13: rank[1,1] g=1 src=pari sat=1 tors=8 st=200 hmax=956 pr=50 surv=17 ex=13 bad=0 hits=0 t=0s
  G2 c1/c4@-13: rank[3,3] g=3 src=pari sat=1 tors=4 st=9604 hmax=190 pr=50 surv=18 ex=14 bad=0 hits=0 t=0s
  G2 c3/c5@-13: rank[1,1] g=1 src=pari sat=1 tors=8 st=200 hmax=959 pr=50 surv=17 ex=13 bad=0 hits=0 t=0s
  G2 c3/c7@-13: rank[2,2] g=2 src=pari sat=1 tors=4 st=4012 hmax=1000 pr=50 surv=22 ex=18 bad=0 hits=0 t=0s
  G2 c3/c4@-13: rank[3,3] g=3 src=pari sat=1 tors=4 st=9604 hmax=215 pr=50 surv=35 ex=31 bad=0 hits=0 t=0s
  G2 c5/c7@-13: rank[2,2] g=2 src=pari sat=1 tors=4 st=4012 hmax=1000 pr=50 surv=22 ex=18 bad=0 hits=0 t=0s
  G2 c5/c4@-13: rank[3,3] g=3 src=pari sat=1 tors=4 st=9604 hmax=215 pr=50 surv=34 ex=30 bad=0 hits=0 t=0s
  G2 c7/c4@-13: rank[3,3] g=3 src=pari sat=1 tors=4 st=9604 hmax=190 pr=50 surv=17 ex=13 bad=0 hits=0 t=0s
  G3 c2/c3@-13: rank[2,2] g=2 src=pari sat=1 tors=4 st=2964 hmax=993 pr=50 surv=17 ex=15 bad=0 hits=4 t=0s
   HIT G3 (m,n)=(7,6) p=-61/23 nsq=7 pos=True cells=[319225/529, 83521/529, 139129/529, 1, 180625/529, 360721/529, 222121/529, 277729/529, 42025/529]
   HIT G3 (m,n)=(7,6) p=-61/23 nsq=7 pos=True cells=[319225/529, 83521/529, 139129/529, 1, 180625/529, 360721/529, 222121/529, 277729/529, 42025/529]
   HIT G3 (m,n)=(7,6) p=-61/23 nsq=7 pos=True cells=[319225/529, 83521/529, 139129/529, 1, 180625/529, 360721/529, 222121/529, 277729/529, 42025/529]
   HIT G3 (m,n)=(7,6) p=-61/23 nsq=7 pos=True cells=[319225/529, 83521/529, 139129/529, 1, 180625/529, 360721/529, 222121/529, 277729/529, 42025/529]
  G3 c2/c5@-13: rank[2,2] g=2 src=pari sat=1 tors=2 st=966 hmax=999 pr=50 surv=9 ex=7 bad=0 hits=0 t=0s
  G3 c2/c6@-13: rank[1,1] g=1 src=pari sat=1 tors=8 st=200 hmax=956 pr=50 surv=17 ex=13 bad=0 hits=0 t=0s
  G3 c2/c4@-13: rank[3,3] g=3 src=pari sat=1 tors=4 st=9604 hmax=190 pr=50 surv=49 ex=45 bad=0 hits=4 t=0s
   HIT G3 (m,n)=(7,6) p=-61/23 nsq=7 pos=True cells=[319225/529, 83521/529, 139129/529, 1, 180625/529, 360721/529, 222121/529, 277729/529, 42025/529]
   HIT G3 (m,n)=(7,6) p=-61/23 nsq=7 pos=True cells=[319225/529, 83521/529, 139129/529, 1, 180625/529, 360721/529, 222121/529, 277729/529, 42025/529]
   HIT G3 (m,n)=(7,6) p=-61/23 nsq=7 pos=True cells=[319225/529, 83521/529, 139129/529, 1, 180625/529, 360721/529, 222121/529, 277729/529, 42025/529]
   HIT G3 (m,n)=(7,6) p=-61/23 nsq=7 pos=True cells=[319225/529, 83521/529, 139129/529, 1, 180625/529, 360721/529, 222121/529, 277729/529, 42025/529]
  G3 c3/c5@-1: rank[3,3] g=3 src=pari sat=1 tors=4 st=9604 hmax=168 pr=50 surv=32 ex=28 bad=0 hits=0 t=0s
  G3 c6/c3@-13: rank[2,2] g=2 src=pari sat=1 tors=2 st=966 hmax=999 pr=50 surv=9 ex=7 bad=0 hits=0 t=0s
  G3 c4/c3@-13: rank[4,4] g=4 src=pari sat=1 tors=2 st=4802 hmax=67 pr=50 surv=38 ex=36 bad=0 hits=4 t=0s
   HIT G3 (m,n)=(7,6) p=-61/23 nsq=7 pos=True cells=[319225/529, 83521/529, 139129/529, 1, 180625/529, 360721/529, 222121/529, 277729/529, 42025/529]
   HIT G3 (m,n)=(7,6) p=-61/23 nsq=7 pos=True cells=[319225/529, 83521/529, 139129/529, 1, 180625/529, 360721/529, 222121/529, 277729/529, 42025/529]
   HIT G3 (m,n)=(7,6) p=-61/23 nsq=7 pos=True cells=[319225/529, 83521/529, 139129/529, 1, 180625/529, 360721/529, 222121/529, 277729/529, 42025/529]
   HIT G3 (m,n)=(7,6) p=-61/23 nsq=7 pos=True cells=[319225/529, 83521/529, 139129/529, 1, 180625/529, 360721/529, 222121/529, 277729/529, 42025/529]
  G3 c6/c5@-13: rank[2,2] g=2 src=pari sat=1 tors=4 st=2964 hmax=993 pr=50 surv=17 ex=15 bad=0 hits=4 t=0s
   HIT G3 (m,n)=(7,6) p=23/61 nsq=7 pos=True cells=[42025/3721, 277729/3721, 222121/3721, 360721/3721, 180625/3721, 529/3721, 139129/3721, 83521/3721, 319225/3721]
   HIT G3 (m,n)=(7,6) p=23/61 nsq=7 pos=True cells=[42025/3721, 277729/3721, 222121/3721, 360721/3721, 180625/3721, 529/3721, 139129/3721, 83521/3721, 319225/3721]
   HIT G3 (m,n)=(7,6) p=23/61 nsq=7 pos=True cells=[42025/3721, 277729/3721, 222121/3721, 360721/3721, 180625/3721, 529/3721, 139129/3721, 83521/3721, 319225/3721]
   HIT G3 (m,n)=(7,6) p=23/61 nsq=7 pos=True cells=[42025/3721, 277729/3721, 222121/3721, 360721/3721, 180625/3721, 529/3721, 139129/3721, 83521/3721, 319225/3721]
  G3 c4/c5@-13: rank[4,4] g=4 src=pari sat=1 tors=2 st=4802 hmax=67 pr=50 surv=23 ex=21 bad=0 hits=4 t=0s
   HIT G3 (m,n)=(7,6) p=23/61 nsq=7 pos=True cells=[42025/3721, 277729/3721, 222121/3721, 360721/3721, 180625/3721, 529/3721, 139129/3721, 83521/3721, 319225/3721]
   HIT G3 (m,n)=(7,6) p=23/61 nsq=7 pos=True cells=[42025/3721, 277729/3721, 222121/3721, 360721/3721, 180625/3721, 529/3721, 139129/3721, 83521/3721, 319225/3721]
   HIT G3 (m,n)=(7,6) p=23/61 nsq=7 pos=True cells=[42025/3721, 277729/3721, 222121/3721, 360721/3721, 180625/3721, 529/3721, 139129/3721, 83521/3721, 319225/3721]
   HIT G3 (m,n)=(7,6) p=23/61 nsq=7 pos=True cells=[42025/3721, 277729/3721, 222121/3721, 360721/3721, 180625/3721, 529/3721, 139129/3721, 83521/3721, 319225/3721]
  G3 c6/c4@-13: rank[3,3] g=3 src=pari sat=1 tors=4 st=9604 hmax=190 pr=50 surv=47 ex=43 bad=0 hits=4 t=0s
   HIT G3 (m,n)=(7,6) p=23/61 nsq=7 pos=True cells=[42025/3721, 277729/3721, 222121/3721, 360721/3721, 180625/3721, 529/3721, 139129/3721, 83521/3721, 319225/3721]
   HIT G3 (m,n)=(7,6) p=23/61 nsq=7 pos=True cells=[42025/3721, 277729/3721, 222121/3721, 360721/3721, 180625/3721, 529/3721, 139129/3721, 83521/3721, 319225/3721]
   HIT G3 (m,n)=(7,6) p=23/61 nsq=7 pos=True cells=[42025/3721, 277729/3721, 222121/3721, 360721/3721, 180625/3721, 529/3721, 139129/3721, 83521/3721, 319225/3721]
   HIT G3 (m,n)=(7,6) p=23/61 nsq=7 pos=True cells=[42025/3721, 277729/3721, 222121/3721, 360721/3721, 180625/3721, 529/3721, 139129/3721, 83521/3721, 319225/3721]
== (m,n)=(1,-8)
  G1 c0/c2: кривая не построена
  G1 c0/c6: кривая не построена
  G1 c0/c8@0: rank[0,0] g=0 src=pari sat=1 tors=8 st=8 hmax=0 pr=50 surv=8 ex=0 bad=0 hits=0 t=0s
  G1 c0/c4: кривая не построена
  G1 c2/c6@-1: rank[0,0] g=0 src=pari sat=1 tors=8 st=8 hmax=0 pr=50 surv=4 ex=0 bad=0 hits=0 t=0s
  G1 c2/c8: кривая не построена
  G1 c2/c4: кривая не построена
  G1 c6/c8: кривая не построена
  G1 c6/c4: кривая не построена
  G1 c8/c4: кривая не построена
  G2 c1/c3@-9/7: rank[4,4] g=4 src=pari sat=1 tors=4 st=9604 hmax=88 pr=50 surv=30 ex=26 bad=0 hits=0 t=0s
  G2 c1/c5@-9/7: rank[4,4] g=4 src=pari sat=1 tors=4 st=9604 hmax=88 pr=50 surv=38 ex=34 bad=0 hits=0 t=0s
  G2 c1/c7@-9/7: rank[3,3] g=3 src=pari sat=1 tors=8 st=19080 hmax=321 pr=50 surv=112 ex=108 bad=0 hits=0 t=0s
  G2 c1/c4@-9/7: rank[3,3] g=3 src=pari sat=1 tors=4 st=9572 hmax=180 pr=50 surv=17 ex=13 bad=0 hits=0 t=0s
  G2 c3/c5@-9/7: rank[1,1] g=1 src=pari sat=1 tors=8 st=200 hmax=892 pr=50 surv=17 ex=13 bad=0 hits=0 t=0s
  G2 c3/c7@-9/7: rank[4,4] g=4 src=pari sat=1 tors=4 st=9604 hmax=88 pr=50 surv=30 ex=26 bad=0 hits=0 t=0s
  G2 c3/c4@-9/7: rank[3,3] g=3 src=pari sat=1 tors=4 st=9604 hmax=202 pr=50 surv=34 ex=30 bad=0 hits=0 t=0s
  G2 c5/c7@-9/7: rank[4,4] g=4 src=pari sat=1 tors=4 st=9604 hmax=88 pr=50 surv=29 ex=25 bad=0 hits=0 t=0s
  G2 c5/c4@-9/7: rank[3,3] g=3 src=pari sat=1 tors=4 st=9604 hmax=202 pr=50 surv=30 ex=26 bad=0 hits=0 t=0s
  G2 c7/c4@-9/7: rank[3,3] g=3 src=pari sat=1 tors=4 st=9572 hmax=180 pr=50 surv=18 ex=14 bad=0 hits=0 t=0s
  G3 c2/c3@-9/7: rank[3,3] g=3 src=pari sat=1 tors=4 st=9500 hmax=346 pr=50 surv=22 ex=20 bad=0 hits=0 t=0s
  G3 c2/c5@-9/7: rank[2,2] g=2 src=pari sat=1 tors=2 st=950 hmax=996 pr=50 surv=10 ex=8 bad=0 hits=0 t=0s
  G3 c2/c6@-9/7: rank[3,3] g=3 src=pari sat=1 tors=8 st=19080 hmax=321 pr=50 surv=84 ex=80 bad=0 hits=0 t=0s
  G3 c2/c4@-9/7: rank[3,3] g=3 src=pari sat=1 tors=4 st=9572 hmax=180 pr=50 surv=60 ex=56 bad=0 hits=0 t=0s
  G3 c3/c5@-1: rank[3,3] g=3 src=pari sat=1 tors=4 st=9604 hmax=157 pr=50 surv=44 ex=40 bad=0 hits=0 t=0s
  G3 c6/c3@-9/7: rank[2,2] g=2 src=pari sat=1 tors=2 st=950 hmax=996 pr=50 surv=9 ex=7 bad=0 hits=0 t=0s
  G3 c4/c3@-9/7: rank[3,3] g=3 src=pari sat=1 tors=2 st=4802 hmax=328 pr=50 surv=17 ex=15 bad=0 hits=0 t=0s
  G3 c6/c5@-9/7: rank[3,3] g=3 src=pari sat=1 tors=4 st=9500 hmax=346 pr=50 surv=13 ex=11 bad=0 hits=0 t=0s
  G3 c4/c5@-9/7: rank[3,3] g=3 src=pari sat=1 tors=2 st=4802 hmax=328 pr=50 surv=29 ex=27 bad=0 hits=0 t=0s
  G3 c6/c4@-9/7: rank[3,3] g=3 src=pari sat=1 tors=4 st=9572 hmax=180 pr=50 surv=75 ex=71 bad=0 hits=0 t=0s
== (m,n)=(1,8)
  G1 c0/c2: кривая не построена
  G1 c0/c6: кривая не построена
  G1 c0/c8@0: rank[0,0] g=0 src=pari sat=1 tors=8 st=8 hmax=0 pr=50 surv=8 ex=0 bad=0 hits=0 t=0s
  G1 c0/c4: кривая не построена
  G1 c2/c6@-1: rank[0,0] g=0 src=pari sat=1 tors=8 st=8 hmax=0 pr=50 surv=4 ex=0 bad=0 hits=0 t=0s
  G1 c2/c8: кривая не построена
  G1 c2/c4: кривая не построена
  G1 c6/c8: кривая не построена
  G1 c6/c4: кривая не построена
  G1 c8/c4: кривая не построена
  G2 c1/c3@-9/7: rank[4,4] g=4 src=pari sat=1 tors=4 st=9604 hmax=88 pr=50 surv=38 ex=34 bad=0 hits=0 t=1s
  G2 c1/c5@-9/7: rank[4,4] g=4 src=pari sat=1 tors=4 st=9604 hmax=88 pr=50 surv=30 ex=26 bad=0 hits=0 t=1s
  G2 c1/c7@-9/7: rank[3,3] g=3 src=pari sat=1 tors=8 st=19080 hmax=321 pr=50 surv=112 ex=108 bad=0 hits=0 t=1s
  G2 c1/c4@-9/7: rank[3,3] g=3 src=pari sat=1 tors=4 st=9572 hmax=180 pr=50 surv=17 ex=13 bad=0 hits=0 t=0s
  G2 c3/c5@-9/7: rank[1,1] g=1 src=pari sat=1 tors=8 st=200 hmax=892 pr=50 surv=17 ex=13 bad=0 hits=0 t=0s
  G2 c3/c7@-9/7: rank[4,4] g=4 src=pari sat=1 tors=4 st=9604 hmax=88 pr=50 surv=29 ex=25 bad=0 hits=0 t=0s
  G2 c3/c4@-9/7: rank[3,3] g=3 src=pari sat=1 tors=4 st=9604 hmax=202 pr=50 surv=30 ex=26 bad=0 hits=0 t=0s
  G2 c5/c7@-9/7: rank[4,4] g=4 src=pari sat=1 tors=4 st=9604 hmax=88 pr=50 surv=30 ex=26 bad=0 hits=0 t=0s
  G2 c5/c4@-9/7: rank[3,3] g=3 src=pari sat=1 tors=4 st=9604 hmax=202 pr=50 surv=34 ex=30 bad=0 hits=0 t=1s
  G2 c7/c4@-9/7: rank[3,3] g=3 src=pari sat=1 tors=4 st=9572 hmax=180 pr=50 surv=18 ex=14 bad=0 hits=0 t=0s
  G3 c2/c3@-9/7: rank[3,3] g=3 src=pari sat=1 tors=4 st=9500 hmax=346 pr=50 surv=17 ex=13 bad=0 hits=0 t=0s
  G3 c2/c5@-9/7: rank[2,2] g=2 src=pari sat=1 tors=2 st=950 hmax=996 pr=50 surv=9 ex=5 bad=0 hits=0 t=0s
  G3 c2/c6@-9/7: rank[3,3] g=3 src=pari sat=1 tors=8 st=19080 hmax=321 pr=50 surv=82 ex=78 bad=0 hits=0 t=0s
  G3 c2/c4@-9/7: rank[3,3] g=3 src=pari sat=1 tors=4 st=9572 hmax=180 pr=50 surv=62 ex=58 bad=0 hits=0 t=0s
  G3 c3/c5@-9/7: rank[3,3] g=3 src=pari sat=1 tors=4 st=9604 hmax=157 pr=50 surv=25 ex=21 bad=0 hits=0 t=0s
  G3 c3/c6@-9/7: rank[2,2] g=2 src=pari sat=1 tors=2 st=950 hmax=996 pr=50 surv=10 ex=6 bad=0 hits=0 t=0s
  G3 c3/c4@-9/7: rank[3,3] g=3 src=pari sat=1 tors=2 st=4802 hmax=328 pr=50 surv=17 ex=13 bad=0 hits=0 t=0s
  G3 c5/c6@-9/7: rank[3,3] g=3 src=pari sat=1 tors=4 st=9500 hmax=346 pr=50 surv=16 ex=12 bad=0 hits=0 t=0s
  G3 c5/c4@-9/7: rank[3,3] g=3 src=pari sat=1 tors=2 st=4802 hmax=328 pr=50 surv=31 ex=27 bad=0 hits=0 t=0s
  G3 c6/c4@-9/7: rank[3,3] g=3 src=pari sat=1 tors=4 st=9572 hmax=180 pr=50 surv=75 ex=71 bad=0 hits=0 t=0s
== (m,n)=(3,-8)
  G1 c2/c0@-1: rank[2,2] g=2 src=pari sat=1 tors=2 st=622 hmax=991 pr=50 surv=2 ex=0 bad=0 hits=0 t=0s
  G1 c6/c0@-1: rank[2,2] g=2 src=pari sat=1 tors=2 st=622 hmax=991 pr=50 surv=2 ex=0 bad=0 hits=0 t=0s
  G1 c0/c8@0: rank[1,1] g=1 src=pari sat=1 tors=8 st=408 hmax=972 pr=50 surv=8 ex=0 bad=0 hits=0 t=0s
  G1 c4/c0@-11/5: rank[2,2] g=2 src=pari sat=1 tors=4 st=1972 hmax=1000 pr=50 surv=3 ex=1 bad=0 hits=0 t=0s
  G1 c2/c6@-1: rank[1,1] g=1 src=pari sat=1 tors=8 st=232 hmax=887 pr=50 surv=4 ex=0 bad=0 hits=0 t=0s
  G1 c2/c8@-1: rank[2,2] g=2 src=pari sat=1 tors=2 st=622 hmax=991 pr=50 surv=2 ex=0 bad=0 hits=0 t=0s
  G1 c4/c2@-11/5: rank[2,2] g=2 src=pari sat=1 tors=4 st=2132 hmax=997 pr=50 surv=12 ex=10 bad=0 hits=0 t=0s
  G1 c6/c8@-1: rank[2,2] g=2 src=pari sat=1 tors=2 st=622 hmax=991 pr=50 surv=2 ex=0 bad=0 hits=0 t=1s
  G1 c4/c6@-11/5: rank[2,2] g=2 src=pari sat=1 tors=4 st=2132 hmax=997 pr=50 surv=12 ex=10 bad=0 hits=0 t=1s
  G1 c4/c8@-11/5: rank[2,2] g=2 src=pari sat=1 tors=4 st=1972 hmax=1000 pr=50 surv=2 ex=0 bad=0 hits=0 t=1s
  G2 c1/c3@-11/5: rank[3,3] g=3 src=pari sat=1 tors=4 st=9540 hmax=239 pr=50 surv=17 ex=13 bad=0 hits=0 t=1s
  G2 c1/c5@-11/5: rank[3,3] g=3 src=pari sat=1 tors=4 st=9540 hmax=239 pr=50 surv=19 ex=15 bad=0 hits=0 t=1s
  G2 c1/c7@-11/5: rank[2,2] g=2 src=pari sat=1 tors=8 st=4936 hmax=998 pr=50 surv=29 ex=25 bad=0 hits=0 t=0s
  G2 c1/c4@-11/5: rank[3,3] g=3 src=pari sat=1 tors=4 st=9604 hmax=252 pr=50 surv=49 ex=45 bad=0 hits=0 t=0s
  G2 c3/c5@-11/5: rank[1,1] g=1 src=pari sat=1 tors=8 st=200 hmax=896 pr=50 surv=17 ex=13 bad=0 hits=0 t=0s
  G2 c3/c7@-11/5: rank[3,3] g=3 src=pari sat=1 tors=4 st=9540 hmax=239 pr=50 surv=19 ex=15 bad=0 hits=0 t=0s
  G2 c3/c4@-11/5: rank[3,3] g=3 src=pari sat=1 tors=4 st=9604 hmax=288 pr=50 surv=47 ex=43 bad=0 hits=0 t=0s
  G2 c5/c7@-11/5: rank[3,3] g=3 src=pari sat=1 tors=4 st=9540 hmax=239 pr=50 surv=19 ex=15 bad=0 hits=0 t=0s
  G2 c5/c4@-11/5: rank[3,3] g=3 src=pari sat=1 tors=4 st=9604 hmax=288 pr=50 surv=47 ex=43 bad=0 hits=0 t=0s
  G2 c7/c4@-11/5: rank[3,3] g=3 src=pari sat=1 tors=4 st=9604 hmax=252 pr=50 surv=49 ex=45 bad=0 hits=0 t=0s
  G3 c2/c3@-11/5: rank[1,1] g=1 src=pari sat=1 tors=4 st=116 hmax=909 pr=50 surv=9 ex=7 bad=0 hits=0 t=0s
  G3 c2/c5@-11/5: rank[2,2] g=2 src=pari sat=1 tors=2 st=946 hmax=999 pr=50 surv=9 ex=7 bad=0 hits=0 t=0s
  G3 c2/c6@-11/5: rank[2,2] g=2 src=pari sat=1 tors=8 st=4936 hmax=998 pr=50 surv=27 ex=23 bad=0 hits=0 t=0s
  G3 c2/c4@-11/5: rank[3,3] g=3 src=pari sat=1 tors=4 st=9604 hmax=252 pr=50 surv=34 ex=30 bad=0 hits=0 t=0s
  G3 c3/c5@-1: rank[3,3] g=3 src=pari sat=1 tors=4 st=9604 hmax=163 pr=50 surv=26 ex=22 bad=0 hits=0 t=0s
  G3 c6/c3@-11/5: rank[2,2] g=2 src=pari sat=1 tors=2 st=946 hmax=999 pr=50 surv=9 ex=7 bad=0 hits=0 t=0s
  G3 c4/c3@-11/5: rank[3,3] g=3 src=pari sat=1 tors=2 st=4802 hmax=346 pr=50 surv=13 ex=11 bad=0 hits=0 t=0s
  G3 c6/c5@-11/5: rank[1,1] g=1 src=pari sat=1 tors=4 st=116 hmax=909 pr=50 surv=9 ex=7 bad=0 hits=0 t=0s
  G3 c4/c5@-11/5: rank[3,3] g=3 src=pari sat=1 tors=2 st=4802 hmax=346 pr=50 surv=13 ex=11 bad=0 hits=0 t=0s
  G3 c6/c4@-11/5: rank[3,3] g=3 src=pari sat=1 tors=4 st=9604 hmax=252 pr=50 surv=45 ex=41 bad=0 hits=0 t=0s
== (m,n)=(3,8)
  G1 c2/c0@-1: rank[2,2] g=2 src=pari sat=1 tors=2 st=622 hmax=991 pr=50 surv=2 ex=0 bad=0 hits=0 t=0s
  G1 c6/c0@-1: rank[2,2] g=2 src=pari sat=1 tors=2 st=622 hmax=991 pr=50 surv=2 ex=0 bad=0 hits=0 t=0s
  G1 c0/c8@0: rank[1,1] g=1 src=pari sat=1 tors=8 st=408 hmax=972 pr=50 surv=8 ex=0 bad=0 hits=0 t=0s
  G1 c4/c0@-11/5: rank[2,2] g=2 src=pari sat=1 tors=4 st=1972 hmax=1000 pr=50 surv=3 ex=1 bad=0 hits=0 t=0s
  G1 c2/c6@-1: rank[1,1] g=1 src=pari sat=1 tors=8 st=232 hmax=887 pr=50 surv=4 ex=0 bad=0 hits=0 t=0s
  G1 c2/c8@-1: rank[2,2] g=2 src=pari sat=1 tors=2 st=622 hmax=991 pr=50 surv=2 ex=0 bad=0 hits=0 t=0s
  G1 c4/c2@-11/5: rank[2,2] g=2 src=pari sat=1 tors=4 st=2132 hmax=997 pr=50 surv=12 ex=10 bad=0 hits=0 t=0s
  G1 c6/c8@-1: rank[2,2] g=2 src=pari sat=1 tors=2 st=622 hmax=991 pr=50 surv=2 ex=0 bad=0 hits=0 t=0s
  G1 c4/c6@-11/5: rank[2,2] g=2 src=pari sat=1 tors=4 st=2132 hmax=997 pr=50 surv=12 ex=10 bad=0 hits=0 t=0s
  G1 c4/c8@-11/5: rank[2,2] g=2 src=pari sat=1 tors=4 st=1972 hmax=1000 pr=50 surv=2 ex=0 bad=0 hits=0 t=0s
  G2 c1/c3@-11/5: rank[3,3] g=3 src=pari sat=1 tors=4 st=9540 hmax=239 pr=50 surv=19 ex=15 bad=0 hits=0 t=0s
  G2 c1/c5@-11/5: rank[3,3] g=3 src=pari sat=1 tors=4 st=9540 hmax=239 pr=50 surv=17 ex=13 bad=0 hits=0 t=0s
  G2 c1/c7@-11/5: rank[2,2] g=2 src=pari sat=1 tors=8 st=4936 hmax=998 pr=50 surv=29 ex=25 bad=0 hits=0 t=0s
  G2 c1/c4@-11/5: rank[3,3] g=3 src=pari sat=1 tors=4 st=9604 hmax=252 pr=50 surv=49 ex=45 bad=0 hits=0 t=0s
  G2 c3/c5@-11/5: rank[1,1] g=1 src=pari sat=1 tors=8 st=200 hmax=896 pr=50 surv=17 ex=13 bad=0 hits=0 t=0s
  G2 c3/c7@-11/5: rank[3,3] g=3 src=pari sat=1 tors=4 st=9540 hmax=239 pr=50 surv=19 ex=15 bad=0 hits=0 t=0s
  G2 c3/c4@-11/5: rank[3,3] g=3 src=pari sat=1 tors=4 st=9604 hmax=288 pr=50 surv=47 ex=43 bad=0 hits=0 t=0s
