# MODE=gen пар=300 K=1200 hcap=900 primes=50 tmax=60 fams=['F1', 'F2', 'F3', 'F4']
== (P,Q)=(31,28) C=1745/2 non
  F1 c0/c2: кривая не построена (нет точки на квартике)
  F1 c0/c3@t0=28: rank[3,3] g=3 src=pari sat=1 tors=4 st=9604 hmax=248 pr=50 surv=4 ex=0 bad=0 hits=0 t=0s
  F1 c0/c6: кривая не построена (нет точки на квартике)
  F1 c0/c8@t0=28: rank[1,1] g=1 src=pari sat=1 tors=4 st=124 hmax=881 pr=50 surv=4 ex=0 bad=0 hits=0 t=0s
  F1 c3/c2@t0=28: rank[3,3] g=3 src=pari sat=1 tors=4 st=9604 hmax=248 pr=50 surv=2 ex=0 bad=0 hits=0 t=0s
  F1 c2/c6@t0=31: rank[2,2] g=2 src=pari sat=1 tors=4 st=4140 hmax=898 pr=50 surv=4 ex=0 bad=0 hits=0 t=0s
  F1 c2/c8: кривая не построена (нет точки на квартике)
  F1 c3/c6@t0=28: rank[2,2] g=2 src=pari sat=1 tors=4 st=2588 hmax=896 pr=50 surv=2 ex=0 bad=0 hits=0 t=0s
  F1 c3/c8@t0=28: rank[2,2] g=2 src=pari sat=1 tors=4 st=2588 hmax=896 pr=50 surv=4 ex=0 bad=0 hits=0 t=0s
  F1 c6/c8: кривая не построена (нет точки на квартике)
  F2 c2/c3: кривая не построена (нет точки на квартике)
  F2 c2/c5: кривая не построена (нет точки на квартике)
  F2 c2/c6: нет рациональной точки для коники
  F2 c2/c8: кривая не построена (нет точки на квартике)
  F2 c3/c5@t0=28: rank[3,3] g=3 src=pari sat=1 tors=4 st=9604 hmax=248 pr=50 surv=4 ex=0 bad=0 hits=0 t=0s
  F2 c3/c6: кривая не построена (нет точки на квартике)
  F2 c3/c8@t0=28: rank[2,2] g=2 src=pari sat=1 tors=4 st=4140 hmax=898 pr=50 surv=4 ex=0 bad=0 hits=0 t=0s
  F2 c5/c6: кривая не построена (нет точки на квартике)
  F2 c5/c8@t0=28: rank[1,1] g=1 src=pari sat=1 tors=4 st=124 hmax=881 pr=50 surv=4 ex=0 bad=0 hits=0 t=0s
  F2 c6/c8: кривая не построена (нет точки на квартике)
  F3 c1/c3: нет рациональной точки для коники
  F3 c1/c5: нет рациональной точки для коники
  F3 c1/c6: кривая не построена (нет точки на квартике)
  F3 c1/c7: нет рациональной точки для коники
  F3 c3/c5: нет рациональной точки для коники
  F3 c3/c6: кривая не построена (нет точки на квартике)
  F3 c3/c7: нет рациональной точки для коники
  F3 c5/c6: кривая не построена (нет точки на квартике)
  F3 c5/c7: нет рациональной точки для коники
  F3 c6/c7: кривая не построена (нет точки на квартике)
  F4 c2/c3: кривая не построена (нет точки на квартике)
  F4 c2/c5: кривая не построена (нет точки на квартике)
  F4 c2/c6: нет рациональной точки для коники
  F4 c2/c7: кривая не построена (нет точки на квартике)
  F4 c3/c5@t0=28: rank[2,2] g=2 src=pari sat=1 tors=4 st=3148 hmax=899 pr=50 surv=4 ex=0 bad=0 hits=0 t=0s
  F4 c3/c6: кривая не построена (нет точки на квартике)
  F4 c3/c7@t0=28: rank[2,2] g=2 src=pari sat=1 tors=4 st=3148 hmax=899 pr=50 surv=4 ex=0 bad=0 hits=0 t=0s
  F4 c5/c6: кривая не построена (нет точки на квартике)
  F4 c5/c7@t0=28: rank[2,2] g=2 src=pari sat=1 tors=4 st=2180 hmax=890 pr=50 surv=4 ex=0 bad=0 hits=0 t=0s
  F4 c6/c7: кривая не построена (нет точки на квартике)
== (P,Q)=(31,29) C=901 non
  F1 c0/c2: кривая не построена (нет точки на квартике)
  F1 c0/c3@t0=29: rank[1,1] g=1 src=pari sat=1 tors=4 st=116 hmax=799 pr=50 surv=4 ex=0 bad=0 hits=0 t=0s
  F1 c0/c6: кривая не построена (нет точки на квартике)
  F1 c0/c8@t0=29: rank[2,2] g=2 src=pari sat=1 tors=4 st=3108 hmax=899 pr=50 surv=4 ex=0 bad=0 hits=0 t=0s
  F1 c3/c2@t0=29: rank[1,1] g=1 src=pari sat=1 tors=4 st=116 hmax=799 pr=50 surv=2 ex=0 bad=0 hits=0 t=0s
  F1 c2/c6@t0=31: rank[2,2] g=2 src=pari sat=1 tors=4 st=4740 hmax=899 pr=50 surv=4 ex=0 bad=0 hits=0 t=0s
  F1 c2/c8: кривая не построена (нет точки на квартике)
  F1 c3/c6@t0=29: rank[1,1] g=1 src=pari sat=1 tors=4 st=116 hmax=800 pr=50 surv=2 ex=0 bad=0 hits=0 t=0s
  F1 c3/c8@t0=29: rank[1,1] g=1 src=pari sat=1 tors=4 st=116 hmax=800 pr=50 surv=4 ex=0 bad=0 hits=0 t=0s
  F1 c6/c8: кривая не построена (нет точки на квартике)
  F2 c2/c3: кривая не построена (нет точки на квартике)
  F2 c2/c5: кривая не построена (нет точки на квартике)
  F2 c2/c6: нет рациональной точки для коники
  F2 c2/c8: кривая не построена (нет точки на квартике)
  F2 c3/c5@t0=29: rank[1,1] g=1 src=pari sat=1 tors=4 st=116 hmax=799 pr=50 surv=4 ex=0 bad=0 hits=0 t=0s
  F2 c3/c6: кривая не построена (нет точки на квартике)
  F2 c3/c8@t0=29: rank[2,2] g=2 src=pari sat=1 tors=4 st=4740 hmax=899 pr=50 surv=4 ex=0 bad=0 hits=0 t=0s
  F2 c5/c6: кривая не построена (нет точки на квартике)
  F2 c5/c8@t0=29: rank[2,2] g=2 src=pari sat=1 tors=4 st=3108 hmax=899 pr=50 surv=4 ex=0 bad=0 hits=0 t=0s
  F2 c6/c8: кривая не построена (нет точки на квартике)
  F3 c1/c3: нет рациональной точки для коники
  F3 c1/c5: нет рациональной точки для коники
  F3 c1/c6: кривая не построена (нет точки на квартике)
  F3 c1/c7: нет рациональной точки для коники
  F3 c3/c5: нет рациональной точки для коники
  F3 c3/c6: кривая не построена (нет точки на квартике)
  F3 c3/c7: нет рациональной точки для коники
  F3 c5/c6: кривая не построена (нет точки на квартике)
  F3 c5/c7: нет рациональной точки для коники
  F3 c6/c7: кривая не построена (нет точки на квартике)
  F4 c2/c3: кривая не построена (нет точки на квартике)
  F4 c2/c5: кривая не построена (нет точки на квартике)
  F4 c2/c6: нет рациональной точки для коники
  F4 c2/c7: кривая не построена (нет точки на квартике)
  F4 c3/c5@t0=29: rank[3,3] g=3 src=pari sat=1 tors=4 st=9604 hmax=146 pr=50 surv=4 ex=0 bad=0 hits=0 t=0s
  F4 c3/c6: кривая не построена (нет точки на квартике)
  F4 c3/c7@t0=29: rank[3,3] g=3 src=pari sat=1 tors=4 st=9604 hmax=146 pr=50 surv=4 ex=0 bad=0 hits=0 t=0s
  F4 c5/c6@t0=29: rank[1,1] g=1 src=pari sat=1 tors=4 st=196 hmax=859 pr=50 surv=6 ex=0 bad=0 hits=0 t=0s
  F4 c5/c7@t0=29: rank[2,2] g=2 src=pari sat=1 tors=4 st=3548 hmax=900 pr=50 surv=4 ex=0 bad=0 hits=0 t=0s
  F4 c6/c7: кривая не построена (нет точки на квартике)
== (P,Q)=(31,30) C=1861/2 non
  F1 c0/c2: кривая не построена (нет точки на квартике)
  F1 c0/c3@t0=30: rank[1,1] g=1 src=pari sat=1 tors=4 st=116 hmax=802 pr=50 surv=4 ex=0 bad=0 hits=0 t=0s
  F1 c0/c6: кривая не построена (нет точки на квартике)
  F1 c0/c8@t0=30: rank[2,2] g=2 src=pari sat=1 tors=4 st=2596 hmax=898 pr=50 surv=4 ex=0 bad=0 hits=0 t=0s
  F1 c3/c2@t0=30: rank[1,1] g=1 src=pari sat=1 tors=4 st=116 hmax=802 pr=50 surv=2 ex=0 bad=0 hits=0 t=0s
  F1 c2/c6@t0=31: rank[2,2] g=2 src=pari sat=1 tors=4 st=2172 hmax=898 pr=50 surv=4 ex=0 bad=0 hits=0 t=0s
  F1 c2/c8: кривая не построена (нет точки на квартике)
  F1 c3/c6@t0=30: rank[1,1] g=1 src=pari sat=1 tors=4 st=124 hmax=843 pr=50 surv=2 ex=0 bad=0 hits=0 t=0s
  F1 c3/c8@t0=30: rank[1,1] g=1 src=pari sat=1 tors=4 st=124 hmax=843 pr=50 surv=4 ex=0 bad=0 hits=0 t=0s
  F1 c6/c8: кривая не построена (нет точки на квартике)
  F2 c2/c3: кривая не построена (нет точки на квартике)
  F2 c2/c5: кривая не построена (нет точки на квартике)
  F2 c2/c6: нет рациональной точки для коники
  F2 c2/c8: кривая не построена (нет точки на квартике)
  F2 c3/c5@t0=30: rank[1,1] g=1 src=pari sat=1 tors=4 st=116 hmax=802 pr=50 surv=4 ex=0 bad=0 hits=0 t=0s
  F2 c3/c6: кривая не построена (нет точки на квартике)
  F2 c3/c8@t0=30: rank[2,2] g=2 src=pari sat=1 tors=4 st=2172 hmax=898 pr=50 surv=4 ex=0 bad=0 hits=0 t=0s
  F2 c5/c6: кривая не построена (нет точки на квартике)
  F2 c5/c8@t0=30: rank[2,2] g=2 src=pari sat=1 tors=4 st=2596 hmax=898 pr=50 surv=4 ex=0 bad=0 hits=0 t=0s
  F2 c6/c8: кривая не построена (нет точки на квартике)
  F3 c1/c3: нет рациональной точки для коники
  F3 c1/c5: нет рациональной точки для коники
  F3 c1/c6: кривая не построена (нет точки на квартике)
  F3 c1/c7: нет рациональной точки для коники
  F3 c3/c5: нет рациональной точки для коники
  F3 c3/c6: кривая не построена (нет точки на квартике)
  F3 c3/c7: нет рациональной точки для коники
  F3 c5/c6: кривая не построена (нет точки на квартике)
  F3 c5/c7: нет рациональной точки для коники
  F3 c6/c7: кривая не построена (нет точки на квартике)
  F4 c2/c3: кривая не построена (нет точки на квартике)
  F4 c2/c5: кривая не построена (нет точки на квартике)
  F4 c2/c6: нет рациональной точки для коники
  F4 c2/c7: кривая не построена (нет точки на квартике)
  F4 c3/c5@t0=30: rank[2,2] g=2 src=pari sat=1 tors=4 st=3132 hmax=898 pr=50 surv=4 ex=0 bad=0 hits=0 t=0s
  F4 c3/c6: кривая не построена (нет точки на квартике)
  F4 c3/c7@t0=30: rank[2,2] g=2 src=pari sat=1 tors=4 st=3132 hmax=898 pr=50 surv=4 ex=0 bad=0 hits=0 t=0s
  F4 c5/c6: кривая не построена (нет точки на квартике)
  F4 c5/c7@t0=30: rank[1,1] g=1 src=pari sat=1 tors=4 st=124 hmax=823 pr=50 surv=4 ex=0 bad=0 hits=0 t=0s
  F4 c6/c7: кривая не построена (нет точки на квартике)
== (P,Q)=(32,1) C=1025/2 non
  F1 c0/c2: кривая не построена (нет точки на квартике)
  F1 c0/c3@t0=1: rank[1,1] g=1 src=pari sat=1 tors=4 st=132 hmax=840 pr=50 surv=4 ex=0 bad=0 hits=0 t=0s
  F1 c0/c6: кривая не построена (нет точки на квартике)
  F1 c0/c8@t0=1: rank[2,2] g=2 src=pari sat=1 tors=4 st=2812 hmax=893 pr=50 surv=4 ex=0 bad=0 hits=0 t=0s
  F1 c3/c2@t0=1: rank[1,1] g=1 src=pari sat=1 tors=4 st=132 hmax=840 pr=50 surv=2 ex=0 bad=0 hits=0 t=0s
  F1 c2/c6@t0=32: rank[1,1] g=1 src=pari sat=1 tors=4 st=132 hmax=887 pr=50 surv=4 ex=0 bad=0 hits=0 t=0s
  F1 c2/c8: кривая не построена (нет точки на квартике)
  F1 c3/c6@t0=1: rank[2,2] g=2 src=pari sat=1 tors=4 st=1956 hmax=890 pr=50 surv=2 ex=0 bad=0 hits=0 t=0s
  F1 c3/c8@t0=1: rank[2,2] g=2 src=pari sat=1 tors=4 st=1956 hmax=890 pr=50 surv=4 ex=0 bad=0 hits=0 t=0s
  F1 c6/c8: кривая не построена (нет точки на квартике)
  F2 c2/c3: кривая не построена (нет точки на квартике)
  F2 c2/c5: кривая не построена (нет точки на квартике)
  F2 c2/c6: нет рациональной точки для коники
  F2 c2/c8: кривая не построена (нет точки на квартике)
  F2 c3/c5@t0=1: rank[1,1] g=1 src=pari sat=1 tors=4 st=132 hmax=840 pr=50 surv=4 ex=0 bad=0 hits=0 t=0s
  F2 c3/c6: кривая не построена (нет точки на квартике)
  F2 c3/c8@t0=1: rank[1,1] g=1 src=pari sat=1 tors=4 st=132 hmax=887 pr=50 surv=4 ex=0 bad=0 hits=0 t=0s
  F2 c5/c6: кривая не построена (нет точки на квартике)
  F2 c5/c8@t0=1: rank[2,2] g=2 src=pari sat=1 tors=4 st=2812 hmax=893 pr=50 surv=4 ex=0 bad=0 hits=0 t=0s
  F2 c6/c8: кривая не построена (нет точки на квартике)
  F3 c1/c3: нет рациональной точки для коники
  F3 c1/c5: нет рациональной точки для коники
  F3 c1/c6: кривая не построена (нет точки на квартике)
  F3 c1/c7: нет рациональной точки для коники
  F3 c3/c5: нет рациональной точки для коники
  F3 c3/c6: кривая не построена (нет точки на квартике)
  F3 c3/c7: нет рациональной точки для коники
  F3 c5/c6: кривая не построена (нет точки на квартике)
  F3 c5/c7: нет рациональной точки для коники
  F3 c6/c7: кривая не построена (нет точки на квартике)
  F4 c2/c3: кривая не построена (нет точки на квартике)
  F4 c2/c5: кривая не построена (нет точки на квартике)
  F4 c2/c6: нет рациональной точки для коники
  F4 c2/c7: кривая не построена (нет точки на квартике)
  F4 c3/c5@t0=1: rank[2,2] g=2 src=pari sat=1 tors=4 st=2820 hmax=897 pr=50 surv=4 ex=0 bad=0 hits=0 t=0s
  F4 c3/c6: кривая не построена (нет точки на квартике)
  F4 c3/c7@t0=1: rank[2,2] g=2 src=pari sat=1 tors=4 st=2820 hmax=897 pr=50 surv=4 ex=0 bad=0 hits=0 t=0s
  F4 c5/c6@t0=1: rank[1,1] g=1 src=pari sat=1 tors=4 st=132 hmax=891 pr=50 surv=6 ex=0 bad=0 hits=0 t=0s
  F4 c5/c7@t0=1: rank[2,2] g=2 src=pari sat=1 tors=4 st=2948 hmax=899 pr=50 surv=4 ex=0 bad=0 hits=0 t=0s
  F4 c6/c7: кривая не построена (нет точки на квартике)
== (P,Q)=(32,3) C=1033/2 non
  F1 c0/c2: кривая не построена (нет точки на квартике)
  F1 c0/c3@t0=3: rank[2,2] g=2 src=pari sat=1 tors=4 st=3260 hmax=892 pr=50 surv=4 ex=0 bad=0 hits=0 t=0s
  F1 c0/c6: кривая не построена (нет точки на квартике)
  F1 c0/c8@t0=3: rank[2,2] g=2 src=pari sat=1 tors=4 st=2020 hmax=897 pr=50 surv=4 ex=0 bad=0 hits=0 t=0s
  F1 c3/c2@t0=3: rank[2,2] g=2 src=pari sat=1 tors=4 st=3260 hmax=892 pr=50 surv=2 ex=0 bad=0 hits=0 t=0s
  F1 c2/c6@t0=32: rank[1,1] g=1 src=pari sat=1 tors=4 st=132 hmax=889 pr=50 surv=4 ex=0 bad=0 hits=0 t=0s
  F1 c2/c8: кривая не построена (нет точки на квартике)
  F1 c3/c6@t0=3: rank[1,1] g=1 src=pari sat=1 tors=4 st=124 hmax=859 pr=50 surv=2 ex=0 bad=0 hits=0 t=0s
  F1 c3/c8@t0=3: rank[1,1] g=1 src=pari sat=1 tors=4 st=124 hmax=859 pr=50 surv=4 ex=0 bad=0 hits=0 t=0s
  F1 c6/c8: кривая не построена (нет точки на квартике)
  F2 c2/c3: кривая не построена (нет точки на квартике)
  F2 c2/c5: кривая не построена (нет точки на квартике)
  F2 c2/c6: нет рациональной точки для коники
  F2 c2/c8: кривая не построена (нет точки на квартике)
  F2 c3/c5@t0=3: rank[2,2] g=2 src=pari sat=1 tors=4 st=3260 hmax=892 pr=50 surv=4 ex=0 bad=0 hits=0 t=0s
  F2 c3/c6: кривая не построена (нет точки на квартике)
  F2 c3/c8@t0=3: rank[1,1] g=1 src=pari sat=1 tors=4 st=132 hmax=889 pr=50 surv=4 ex=0 bad=0 hits=0 t=0s
  F2 c5/c6: кривая не построена (нет точки на квартике)
  F2 c5/c8@t0=3: rank[2,2] g=2 src=pari sat=1 tors=4 st=2020 hmax=897 pr=50 surv=4 ex=0 bad=0 hits=0 t=0s
  F2 c6/c8: кривая не построена (нет точки на квартике)
  F3 c1/c3: нет рациональной точки для коники
  F3 c1/c5: нет рациональной точки для коники
  F3 c1/c6: кривая не построена (нет точки на квартике)
  F3 c1/c7: нет рациональной точки для коники
  F3 c3/c5: нет рациональной точки для коники
  F3 c3/c6: кривая не построена (нет точки на квартике)
  F3 c3/c7: нет рациональной точки для коники
  F3 c5/c6: кривая не построена (нет точки на квартике)
  F3 c5/c7: нет рациональной точки для коники
  F3 c6/c7: кривая не построена (нет точки на квартике)
  F4 c2/c3: кривая не построена (нет точки на квартике)
  F4 c2/c5: кривая не построена (нет точки на квартике)
  F4 c2/c6: нет рациональной точки для коники
  F4 c2/c7: кривая не построена (нет точки на квартике)
  F4 c3/c5@t0=3: rank[2,2] g=2 src=pari sat=1 tors=4 st=1692 hmax=900 pr=50 surv=4 ex=0 bad=0 hits=0 t=0s
  F4 c3/c6: кривая не построена (нет точки на квартике)
  F4 c3/c7@t0=3: rank[2,2] g=2 src=pari sat=1 tors=4 st=1692 hmax=900 pr=50 surv=4 ex=0 bad=0 hits=0 t=0s
  F4 c5/c6@t0=3: rank[1,1] g=1 src=pari sat=1 tors=4 st=116 hmax=876 pr=50 surv=6 ex=0 bad=0 hits=0 t=0s
  F4 c5/c7@t0=3: rank[2,2] g=2 src=pari sat=1 tors=4 st=2668 hmax=895 pr=50 surv=4 ex=0 bad=0 hits=0 t=0s
  F4 c6/c7: кривая не построена (нет точки на квартике)
== (P,Q)=(32,5) C=1049/2 non
  F1 c0/c2: кривая не построена (нет точки на квартике)
  F1 c0/c3@t0=5: rank[1,1] g=1 src=pari sat=1 tors=4 st=132 hmax=861 pr=50 surv=4 ex=0 bad=0 hits=0 t=0s
  F1 c0/c6: кривая не построена (нет точки на квартике)
  F1 c0/c8@t0=5: rank[1,1] g=1 src=pari sat=1 tors=4 st=124 hmax=829 pr=50 surv=4 ex=0 bad=0 hits=0 t=0s
  F1 c3/c2@t0=5: rank[1,1] g=1 src=pari sat=1 tors=4 st=132 hmax=861 pr=50 surv=2 ex=0 bad=0 hits=0 t=0s
  F1 c2/c6@t0=32: rank[2,2] g=2 src=pari sat=1 tors=4 st=1412 hmax=899 pr=50 surv=4 ex=0 bad=0 hits=0 t=0s
  F1 c2/c8: кривая не построена (нет точки на квартике)
  F1 c3/c6@t0=5: rank[2,2] g=2 src=pari+mw sat=1 tors=4 st=732 hmax=889 pr=50 surv=2 ex=0 bad=0 hits=0 t=2s
  F1 c3/c8@t0=5: rank[2,2] g=2 src=pari+mw sat=1 tors=4 st=732 hmax=889 pr=50 surv=4 ex=0 bad=0 hits=0 t=0s
  F1 c6/c8: кривая не построена (нет точки на квартике)
  F2 c2/c3: кривая не построена (нет точки на квартике)
  F2 c2/c5: кривая не построена (нет точки на квартике)
  F2 c2/c6: нет рациональной точки для коники
  F2 c2/c8: кривая не построена (нет точки на квартике)
  F2 c3/c5@t0=5: rank[1,1] g=1 src=pari sat=1 tors=4 st=132 hmax=861 pr=50 surv=4 ex=0 bad=0 hits=0 t=0s
  F2 c3/c6: кривая не построена (нет точки на квартике)
  F2 c3/c8@t0=5: rank[2,2] g=2 src=pari sat=1 tors=4 st=1412 hmax=899 pr=50 surv=4 ex=0 bad=0 hits=0 t=0s
  F2 c5/c6: кривая не построена (нет точки на квартике)
  F2 c5/c8@t0=5: rank[1,1] g=1 src=pari sat=1 tors=4 st=124 hmax=829 pr=50 surv=4 ex=0 bad=0 hits=0 t=0s
  F2 c6/c8: кривая не построена (нет точки на квартике)
  F3 c1/c3: нет рациональной точки для коники
  F3 c1/c5: нет рациональной точки для коники
  F3 c1/c6: кривая не построена (нет точки на квартике)
  F3 c1/c7: нет рациональной точки для коники
  F3 c3/c5: нет рациональной точки для коники
  F3 c3/c6: кривая не построена (нет точки на квартике)
  F3 c3/c7: нет рациональной точки для коники
  F3 c5/c6: кривая не построена (нет точки на квартике)
  F3 c5/c7: нет рациональной точки для коники
  F3 c6/c7: кривая не построена (нет точки на квартике)
  F4 c2/c3: кривая не построена (нет точки на квартике)
  F4 c2/c5: кривая не построена (нет точки на квартике)
  F4 c2/c6: нет рациональной точки для коники
  F4 c2/c7: кривая не построена (нет точки на квартике)
  F4 c3/c5@t0=5: rank[2,2] g=2 src=pari sat=1 tors=4 st=1916 hmax=899 pr=50 surv=4 ex=0 bad=0 hits=0 t=0s
  F4 c3/c6: кривая не построена (нет точки на квартике)
  F4 c3/c7@t0=5: rank[2,2] g=2 src=pari sat=1 tors=4 st=1916 hmax=899 pr=50 surv=4 ex=0 bad=0 hits=0 t=0s
  F4 c5/c6: кривая не построена (нет точки на квартике)
  F4 c5/c7@t0=5: rank[1,1] g=1 src=pari sat=1 tors=4 st=132 hmax=801 pr=50 surv=4 ex=0 bad=0 hits=0 t=0s
  F4 c6/c7: кривая не построена (нет точки на квартике)
== (P,Q)=(32,7) C=1073/2 non
  F1 c0/c2: кривая не построена (нет точки на квартике)
  F1 c0/c3@t0=7: rank[2,2] g=2 src=pari sat=1 tors=4 st=5548 hmax=900 pr=50 surv=4 ex=0 bad=0 hits=0 t=0s
  F1 c0/c6: кривая не построена (нет точки на квартике)
  F1 c0/c8@t0=7: rank[4,4] g=4 src=pari sat=1 tors=4 st=9492 hmax=58 pr=50 surv=4 ex=0 bad=0 hits=0 t=0s
  F1 c3/c2@t0=7: rank[2,2] g=2 src=pari sat=1 tors=4 st=5548 hmax=900 pr=50 surv=2 ex=0 bad=0 hits=0 t=0s
  F1 c2/c6@t0=32: rank[2,2] g=2 src=pari sat=1 tors=4 st=2924 hmax=898 pr=50 surv=4 ex=0 bad=0 hits=0 t=0s
  F1 c2/c8: кривая не построена (нет точки на квартике)
  F1 c3/c6@t0=7: rank[2,2] g=2 src=pari sat=1 tors=4 st=1748 hmax=898 pr=50 surv=2 ex=0 bad=0 hits=0 t=0s
  F1 c3/c8@t0=7: rank[2,2] g=2 src=pari sat=1 tors=4 st=1748 hmax=898 pr=50 surv=4 ex=0 bad=0 hits=0 t=0s
  F1 c6/c8: кривая не построена (нет точки на квартике)
  F2 c2/c3: кривая не построена (нет точки на квартике)
  F2 c2/c5: кривая не построена (нет точки на квартике)
  F2 c2/c6: нет рациональной точки для коники
  F2 c2/c8: кривая не построена (нет точки на квартике)
  F2 c3/c5@t0=7: rank[2,2] g=2 src=pari sat=1 tors=4 st=5548 hmax=900 pr=50 surv=4 ex=0 bad=0 hits=0 t=0s
  F2 c3/c6: кривая не построена (нет точки на квартике)
  F2 c3/c8@t0=7: rank[2,2] g=2 src=pari sat=1 tors=4 st=2924 hmax=898 pr=50 surv=4 ex=0 bad=0 hits=0 t=0s
  F2 c5/c6: кривая не построена (нет точки на квартике)
  F2 c5/c8@t0=7: rank[4,4] g=4 src=pari sat=1 tors=4 st=9492 hmax=58 pr=50 surv=4 ex=0 bad=0 hits=0 t=0s
  F2 c6/c8: кривая не построена (нет точки на квартике)
  F3 c1/c3: нет рациональной точки для коники
  F3 c1/c5: нет рациональной точки для коники
  F3 c1/c6: кривая не построена (нет точки на квартике)
  F3 c1/c7: нет рациональной точки для коники
  F3 c3/c5: нет рациональной точки для коники
  F3 c3/c6: кривая не построена (нет точки на квартике)
  F3 c3/c7: нет рациональной точки для коники
  F3 c5/c6: кривая не построена (нет точки на квартике)
  F3 c5/c7: нет рациональной точки для коники
  F3 c6/c7: кривая не построена (нет точки на квартике)
  F4 c2/c3: кривая не построена (нет точки на квартике)
  F4 c2/c5: кривая не построена (нет точки на квартике)
  F4 c2/c6: нет рациональной точки для коники
  F4 c2/c7: кривая не построена (нет точки на квартике)
  F4 c3/c5@t0=7: rank[2,2] g=2 src=pari sat=1 tors=4 st=3436 hmax=898 pr=50 surv=4 ex=0 bad=0 hits=0 t=0s
  F4 c3/c6: кривая не построена (нет точки на квартике)
  F4 c3/c7@t0=7: rank[2,2] g=2 src=pari sat=1 tors=4 st=3436 hmax=898 pr=50 surv=4 ex=0 bad=0 hits=0 t=1s
  F4 c5/c6@t0=7: rank[1,1] g=1 src=pari sat=1 tors=4 st=132 hmax=839 pr=50 surv=6 ex=0 bad=0 hits=0 t=0s
  F4 c5/c7@t0=7: rank[2,2] g=2 src=pari sat=1 tors=4 st=2884 hmax=891 pr=50 surv=4 ex=0 bad=0 hits=0 t=0s
  F4 c6/c7: кривая не построена (нет точки на квартике)
== (P,Q)=(32,9) C=1105/2 non
  F1 c0/c2: кривая не построена (нет точки на квартике)
  F1 c0/c3@t0=9: rank[2,2] g=2 src=pari sat=1 tors=4 st=3100 hmax=899 pr=50 surv=4 ex=0 bad=0 hits=0 t=0s
  F1 c0/c6: кривая не построена (нет точки на квартике)
  F1 c0/c8@t0=9: rank[4,4] g=4 src=pari sat=1 tors=4 st=9564 hmax=74 pr=50 surv=4 ex=0 bad=0 hits=0 t=0s
  F1 c3/c2@t0=9: rank[2,2] g=2 src=pari sat=1 tors=4 st=3100 hmax=899 pr=50 surv=2 ex=0 bad=0 hits=0 t=0s
  F1 c2/c6@t0=32: rank[1,1] g=1 src=pari sat=1 tors=4 st=124 hmax=796 pr=50 surv=4 ex=0 bad=0 hits=0 t=0s
  F1 c2/c8: кривая не построена (нет точки на квартике)
  F1 c3/c6@t0=9: rank[1,1] g=1 src=pari sat=1 tors=4 st=124 hmax=866 pr=50 surv=2 ex=0 bad=0 hits=0 t=0s
  F1 c3/c8@t0=9: rank[1,1] g=1 src=pari sat=1 tors=4 st=124 hmax=866 pr=50 surv=4 ex=0 bad=0 hits=0 t=0s
  F1 c6/c8: кривая не построена (нет точки на квартике)
  F2 c2/c3: кривая не построена (нет точки на квартике)
  F2 c2/c5: кривая не построена (нет точки на квартике)
  F2 c2/c6: нет рациональной точки для коники
  F2 c2/c8: кривая не построена (нет точки на квартике)
  F2 c3/c5@t0=9: rank[2,2] g=2 src=pari sat=1 tors=4 st=3100 hmax=899 pr=50 surv=4 ex=0 bad=0 hits=0 t=0s
  F2 c3/c6: кривая не построена (нет точки на квартике)
  F2 c3/c8@t0=9: rank[1,1] g=1 src=pari sat=1 tors=4 st=124 hmax=796 pr=50 surv=4 ex=0 bad=0 hits=0 t=0s
  F2 c5/c6: кривая не построена (нет точки на квартике)
  F2 c5/c8@t0=9: rank[4,4] g=4 src=pari sat=1 tors=4 st=9564 hmax=74 pr=50 surv=4 ex=0 bad=0 hits=0 t=0s
  F2 c6/c8: кривая не построена (нет точки на квартике)
  F3 c1/c3: нет рациональной точки для коники
  F3 c1/c5: нет рациональной точки для коники
  F3 c1/c6: кривая не построена (нет точки на квартике)
  F3 c1/c7: нет рациональной точки для коники
  F3 c3/c5: нет рациональной точки для коники
  F3 c3/c6: кривая не построена (нет точки на квартике)
  F3 c3/c7: нет рациональной точки для коники
  F3 c5/c6: кривая не построена (нет точки на квартике)
  F3 c5/c7: нет рациональной точки для коники
  F3 c6/c7: кривая не построена (нет точки на квартике)
  F4 c2/c3: кривая не построена (нет точки на квартике)
  F4 c2/c5: кривая не построена (нет точки на квартике)
  F4 c2/c6: нет рациональной точки для коники
  F4 c2/c7: кривая не построена (нет точки на квартике)
  F4 c3/c5@t0=9: rank[1,1] g=1 src=pari sat=1 tors=4 st=124 hmax=858 pr=50 surv=4 ex=0 bad=0 hits=0 t=1s
  F4 c3/c6: кривая не построена (нет точки на квартике)
  F4 c3/c7@t0=9: rank[1,1] g=1 src=pari sat=1 tors=4 st=124 hmax=858 pr=50 surv=4 ex=0 bad=0 hits=0 t=0s
  F4 c5/c6@t0=9: rank[1,1] g=1 src=pari sat=1 tors=4 st=124 hmax=806 pr=50 surv=6 ex=0 bad=0 hits=0 t=0s
  F4 c5/c7@t0=9: rank[1,1] g=1 src=pari sat=1 tors=4 st=132 hmax=807 pr=50 surv=4 ex=0 bad=0 hits=0 t=0s
  F4 c6/c7: кривая не построена (нет точки на квартике)
== (P,Q)=(32,11) C=1145/2 non
  F1 c0/c2: кривая не построена (нет точки на квартике)
  F1 c0/c3@t0=11: rank[2,2] g=2 src=pari sat=1 tors=4 st=3788 hmax=900 pr=50 surv=4 ex=0 bad=0 hits=0 t=0s
  F1 c0/c6: кривая не построена (нет точки на квартике)
  F1 c0/c8@t0=11: rank[1,1] g=1 src=pari sat=1 tors=4 st=124 hmax=844 pr=50 surv=4 ex=0 bad=0 hits=0 t=0s
  F1 c3/c2@t0=11: rank[2,2] g=2 src=pari sat=1 tors=4 st=3788 hmax=900 pr=50 surv=2 ex=0 bad=0 hits=0 t=0s
  F1 c2/c6@t0=32: rank[1,1] g=1 src=pari sat=1 tors=4 st=124 hmax=803 pr=50 surv=4 ex=0 bad=0 hits=0 t=1s
  F1 c2/c8: кривая не построена (нет точки на квартике)
  F1 c3/c6@t0=11: rank[2,2] g=2 src=pari sat=1 tors=4 st=1972 hmax=899 pr=50 surv=2 ex=0 bad=0 hits=0 t=0s
  F1 c3/c8@t0=11: rank[2,2] g=2 src=pari sat=1 tors=4 st=1972 hmax=899 pr=50 surv=4 ex=0 bad=0 hits=0 t=0s
  F1 c6/c8: кривая не построена (нет точки на квартике)
  F2 c2/c3: кривая не построена (нет точки на квартике)
  F2 c2/c5: кривая не построена (нет точки на квартике)
  F2 c2/c6: нет рациональной точки для коники
  F2 c2/c8: кривая не построена (нет точки на квартике)
  F2 c3/c5@t0=11: rank[2,2] g=2 src=pari sat=1 tors=4 st=3788 hmax=900 pr=50 surv=4 ex=0 bad=0 hits=0 t=0s
  F2 c3/c6: кривая не построена (нет точки на квартике)
  F2 c3/c8@t0=11: rank[1,1] g=1 src=pari sat=1 tors=4 st=124 hmax=803 pr=50 surv=4 ex=0 bad=0 hits=0 t=0s
  F2 c5/c6: кривая не построена (нет точки на квартике)
  F2 c5/c8@t0=11: rank[1,1] g=1 src=pari sat=1 tors=4 st=124 hmax=844 pr=50 surv=4 ex=0 bad=0 hits=0 t=0s
  F2 c6/c8: кривая не построена (нет точки на квартике)
  F3 c1/c3: нет рациональной точки для коники
  F3 c1/c5: нет рациональной точки для коники
  F3 c1/c6: кривая не построена (нет точки на квартике)
  F3 c1/c7: нет рациональной точки для коники
  F3 c3/c5: нет рациональной точки для коники
  F3 c3/c6: кривая не построена (нет точки на квартике)
  F3 c3/c7: нет рациональной точки для коники
  F3 c5/c6: кривая не построена (нет точки на квартике)
  F3 c5/c7: нет рациональной точки для коники
  F3 c6/c7: кривая не построена (нет точки на квартике)
  F4 c2/c3: кривая не построена (нет точки на квартике)
  F4 c2/c5: кривая не построена (нет точки на квартике)
  F4 c2/c6: нет рациональной точки для коники
  F4 c2/c7: кривая не построена (нет точки на квартике)
  F4 c3/c5@t0=11: rank[1,1] g=1 src=pari sat=1 tors=4 st=124 hmax=858 pr=50 surv=4 ex=0 bad=0 hits=0 t=0s
  F4 c3/c6: кривая не построена (нет точки на квартике)
  F4 c3/c7@t0=11: rank[1,1] g=1 src=pari sat=1 tors=4 st=124 hmax=858 pr=50 surv=4 ex=0 bad=0 hits=0 t=0s
  F4 c5/c6: кривая не построена (нет точки на квартике)
  F4 c5/c7@t0=11: rank[1,1] g=1 src=pari sat=1 tors=4 st=132 hmax=811 pr=50 surv=4 ex=0 bad=0 hits=0 t=0s
  F4 c6/c7: кривая не построена (нет точки на квартике)
== (P,Q)=(32,13) C=1193/2 non
  F1 c0/c2: кривая не построена (нет точки на квартике)
  F1 c0/c3@t0=13: rank[1,1] g=1 src=pari sat=1 tors=4 st=132 hmax=892 pr=50 surv=4 ex=0 bad=0 hits=0 t=0s
  F1 c0/c6: кривая не построена (нет точки на квартике)
  F1 c0/c8@t0=13: rank[1,1] g=1 src=pari sat=1 tors=4 st=124 hmax=849 pr=50 surv=4 ex=0 bad=0 hits=0 t=0s
  F1 c3/c2@t0=13: rank[1,1] g=1 src=pari sat=1 tors=4 st=132 hmax=892 pr=50 surv=2 ex=0 bad=0 hits=0 t=0s
  F1 c2/c6@t0=32: rank[2,2] g=2 src=pari sat=1 tors=4 st=1524 hmax=895 pr=50 surv=4 ex=0 bad=0 hits=0 t=0s
  F1 c2/c8: кривая не построена (нет точки на квартике)
  F1 c3/c6@t0=13: rank[2,2] g=2 src=pari sat=1 tors=4 st=932 hmax=900 pr=50 surv=2 ex=0 bad=0 hits=0 t=0s
  F1 c3/c8@t0=13: rank[2,2] g=2 src=pari sat=1 tors=4 st=932 hmax=900 pr=50 surv=4 ex=0 bad=0 hits=0 t=0s
  F1 c6/c8: кривая не построена (нет точки на квартике)
  F2 c2/c3: кривая не построена (нет точки на квартике)
  F2 c2/c5: кривая не построена (нет точки на квартике)
  F2 c2/c6: нет рациональной точки для коники
  F2 c2/c8: кривая не построена (нет точки на квартике)
  F2 c3/c5@t0=13: rank[1,1] g=1 src=pari sat=1 tors=4 st=132 hmax=892 pr=50 surv=4 ex=0 bad=0 hits=0 t=0s
  F2 c3/c6: кривая не построена (нет точки на квартике)
  F2 c3/c8@t0=13: rank[2,2] g=2 src=pari sat=1 tors=4 st=1524 hmax=895 pr=50 surv=4 ex=0 bad=0 hits=0 t=0s
  F2 c5/c6: кривая не построена (нет точки на квартике)
  F2 c5/c8@t0=13: rank[1,1] g=1 src=pari sat=1 tors=4 st=124 hmax=849 pr=50 surv=4 ex=0 bad=0 hits=0 t=0s
  F2 c6/c8: кривая не построена (нет точки на квартике)
  F3 c1/c3: нет рациональной точки для коники
  F3 c1/c5: нет рациональной точки для коники
  F3 c1/c6: кривая не построена (нет точки на квартике)
  F3 c1/c7: нет рациональной точки для коники
  F3 c3/c5: нет рациональной точки для коники
  F3 c3/c6: кривая не построена (нет точки на квартике)
  F3 c3/c7: нет рациональной точки для коники
  F3 c5/c6: кривая не построена (нет точки на квартике)
  F3 c5/c7: нет рациональной точки для коники
  F3 c6/c7: кривая не построена (нет точки на квартике)
  F4 c2/c3: кривая не построена (нет точки на квартике)
  F4 c2/c5: кривая не построена (нет точки на квартике)
  F4 c2/c6: нет рациональной точки для коники
  F4 c2/c7: кривая не построена (нет точки на квартике)
  F4 c3/c5@t0=13: rank[2,2] g=2 src=pari sat=1 tors=4 st=3772 hmax=896 pr=50 surv=4 ex=0 bad=0 hits=0 t=0s
  F4 c3/c6: кривая не построена (нет точки на квартике)
  F4 c3/c7@t0=13: rank[2,2] g=2 src=pari sat=1 tors=4 st=3772 hmax=896 pr=50 surv=4 ex=0 bad=0 hits=0 t=0s
  F4 c5/c6@t0=13: rank[1,1] g=1 src=pari sat=1 tors=4 st=148 hmax=849 pr=50 surv=6 ex=0 bad=0 hits=0 t=0s
  F4 c5/c7@t0=13: rank[1,1] g=1 src=pari sat=1 tors=4 st=132 hmax=816 pr=50 surv=4 ex=0 bad=0 hits=0 t=0s
  F4 c6/c7: кривая не построена (нет точки на квартике)
== (P,Q)=(32,15) C=1249/2 non
  F1 c0/c2: кривая не построена (нет точки на квартике)
  F1 c0/c3@t0=15: rank[1,1] g=1 src=pari sat=1 tors=4 st=132 hmax=900 pr=50 surv=4 ex=0 bad=0 hits=0 t=0s
  F1 c0/c6: кривая не построена (нет точки на квартике)
  F1 c0/c8@t0=15: rank[2,2] g=2 src=pari sat=1 tors=4 st=2252 hmax=899 pr=50 surv=4 ex=0 bad=0 hits=0 t=0s
  F1 c3/c2@t0=15: rank[1,1] g=1 src=pari sat=1 tors=4 st=132 hmax=900 pr=50 surv=2 ex=0 bad=0 hits=0 t=0s
  F1 c2/c6@t0=32: rank[2,2] g=2 src=pari sat=1 tors=4 st=1492 hmax=897 pr=50 surv=4 ex=0 bad=0 hits=0 t=0s
  F1 c2/c8: кривая не построена (нет точки на квартике)
  F1 c3/c6@t0=15: rank[3,3] g=3 src=pari sat=1 tors=4 st=9580 hmax=642 pr=50 surv=2 ex=0 bad=0 hits=0 t=0s
  F1 c3/c8@t0=15: rank[3,3] g=3 src=pari sat=1 tors=4 st=9580 hmax=642 pr=50 surv=4 ex=0 bad=0 hits=0 t=0s
  F1 c6/c8: кривая не построена (нет точки на квартике)
  F2 c2/c3: кривая не построена (нет точки на квартике)
  F2 c2/c5: кривая не построена (нет точки на квартике)
  F2 c2/c6: нет рациональной точки для коники
  F2 c2/c8: кривая не построена (нет точки на квартике)
  F2 c3/c5@t0=15: rank[1,1] g=1 src=pari sat=1 tors=4 st=132 hmax=900 pr=50 surv=4 ex=0 bad=0 hits=0 t=0s
  F2 c3/c6: кривая не построена (нет точки на квартике)
  F2 c3/c8@t0=15: rank[2,2] g=2 src=pari sat=1 tors=4 st=1492 hmax=897 pr=50 surv=4 ex=0 bad=0 hits=0 t=0s
  F2 c5/c6: кривая не построена (нет точки на квартике)
  F2 c5/c8@t0=15: rank[2,2] g=2 src=pari sat=1 tors=4 st=2252 hmax=899 pr=50 surv=4 ex=0 bad=0 hits=0 t=0s
  F2 c6/c8: кривая не построена (нет точки на квартике)
  F3 c1/c3: нет рациональной точки для коники
  F3 c1/c5: нет рациональной точки для коники
  F3 c1/c6: кривая не построена (нет точки на квартике)
  F3 c1/c7: нет рациональной точки для коники
  F3 c3/c5: нет рациональной точки для коники
  F3 c3/c6: кривая не построена (нет точки на квартике)
  F3 c3/c7: нет рациональной точки для коники
  F3 c5/c6: кривая не построена (нет точки на квартике)
  F3 c5/c7: нет рациональной точки для коники
  F3 c6/c7: кривая не построена (нет точки на квартике)
  F4 c2/c3: кривая не построена (нет точки на квартике)
  F4 c2/c5: кривая не построена (нет точки на квартике)
  F4 c2/c6: нет рациональной точки для коники
  F4 c2/c7: кривая не построена (нет точки на квартике)
  F4 c3/c5@t0=15: rank[2,2] g=2 src=pari sat=1 tors=4 st=2868 hmax=900 pr=50 surv=4 ex=0 bad=0 hits=0 t=0s
  F4 c3/c6: кривая не построена (нет точки на квартике)
  F4 c3/c7@t0=15: rank[2,2] g=2 src=pari sat=1 tors=4 st=2868 hmax=900 pr=50 surv=4 ex=0 bad=0 hits=0 t=0s
  F4 c5/c6@t0=15: rank[1,1] g=1 src=pari+mw sat=1 tors=4 st=84 hmax=767 pr=50 surv=6 ex=0 bad=0 hits=0 t=0s
  F4 c5/c7@t0=15: rank[1,1] g=1 src=pari sat=1 tors=4 st=132 hmax=821 pr=50 surv=4 ex=0 bad=0 hits=0 t=0s
  F4 c6/c7: кривая не построена (нет точки на квартике)
== (P,Q)=(32,17) C=1313/2 non
  F1 c0/c2: кривая не построена (нет точки на квартике)
  F1 c0/c3@t0=17: rank[2,2] g=2 src=pari sat=1 tors=4 st=3508 hmax=890 pr=50 surv=4 ex=0 bad=0 hits=0 t=0s
  F1 c0/c6: кривая не построена (нет точки на квартике)
  F1 c0/c8@t0=17: rank[2,2] g=2 src=pari sat=1 tors=4 st=3228 hmax=899 pr=50 surv=4 ex=0 bad=0 hits=0 t=0s
  F1 c3/c2@t0=17: rank[2,2] g=2 src=pari sat=1 tors=4 st=3508 hmax=890 pr=50 surv=2 ex=0 bad=0 hits=0 t=0s
  F1 c2/c6@t0=32: rank[2,2] g=2 src=pari sat=1 tors=4 st=1884 hmax=899 pr=50 surv=4 ex=0 bad=0 hits=0 t=0s
  F1 c2/c8: кривая не построена (нет точки на квартике)
  F1 c3/c6@t0=17: rank[2,2] g=2 src=pari sat=1 tors=4 st=2564 hmax=894 pr=50 surv=2 ex=0 bad=0 hits=0 t=0s
  F1 c3/c8@t0=17: rank[2,2] g=2 src=pari sat=1 tors=4 st=2564 hmax=894 pr=50 surv=4 ex=0 bad=0 hits=0 t=0s
  F1 c6/c8: кривая не построена (нет точки на квартике)
  F2 c2/c3: кривая не построена (нет точки на квартике)
  F2 c2/c5: кривая не построена (нет точки на квартике)
  F2 c2/c6: нет рациональной точки для коники
  F2 c2/c8: кривая не построена (нет точки на квартике)
  F2 c3/c5@t0=17: rank[2,2] g=2 src=pari sat=1 tors=4 st=3508 hmax=890 pr=50 surv=4 ex=0 bad=0 hits=0 t=0s
  F2 c3/c6: кривая не построена (нет точки на квартике)
  F2 c3/c8@t0=17: rank[2,2] g=2 src=pari sat=1 tors=4 st=1884 hmax=899 pr=50 surv=4 ex=0 bad=0 hits=0 t=0s
  F2 c5/c6: кривая не построена (нет точки на квартике)
  F2 c5/c8@t0=17: rank[2,2] g=2 src=pari sat=1 tors=4 st=3228 hmax=899 pr=50 surv=4 ex=0 bad=0 hits=0 t=0s
  F2 c6/c8: кривая не построена (нет точки на квартике)
  F3 c1/c3: нет рациональной точки для коники
  F3 c1/c5: нет рациональной точки для коники
  F3 c1/c6: кривая не построена (нет точки на квартике)
  F3 c1/c7: нет рациональной точки для коники
  F3 c3/c5: нет рациональной точки для коники
  F3 c3/c6: кривая не построена (нет точки на квартике)
  F3 c3/c7: нет рациональной точки для коники
  F3 c5/c6: кривая не построена (нет точки на квартике)
  F3 c5/c7: нет рациональной точки для коники
  F3 c6/c7: кривая не построена (нет точки на квартике)
  F4 c2/c3: кривая не построена (нет точки на квартике)
  F4 c2/c5: кривая не построена (нет точки на квартике)
  F4 c2/c6: нет рациональной точки для коники
  F4 c2/c7: кривая не построена (нет точки на квартике)
  F4 c3/c5@t0=17: rank[2,2] g=2 src=pari sat=1 tors=4 st=5924 hmax=899 pr=50 surv=4 ex=0 bad=0 hits=0 t=0s
  F4 c3/c6: кривая не построена (нет точки на квартике)
  F4 c3/c7@t0=17: rank[2,2] g=2 src=pari sat=1 tors=4 st=5924 hmax=899 pr=50 surv=4 ex=0 bad=0 hits=0 t=0s
  F4 c5/c6@t0=17: rank[1,1] g=1 src=pari sat=1 tors=4 st=204 hmax=843 pr=50 surv=6 ex=0 bad=0 hits=0 t=0s
  F4 c5/c7@t0=17: rank[1,1] g=1 src=pari sat=1 tors=4 st=132 hmax=827 pr=50 surv=4 ex=0 bad=0 hits=0 t=0s
  F4 c6/c7: кривая не построена (нет точки на квартике)
== (P,Q)=(32,19) C=1385/2 non
  F1 c0/c2: кривая не построена (нет точки на квартике)
  F1 c0/c3@t0=19: rank[1,1] g=1 src=pari sat=1 tors=4 st=124 hmax=805 pr=50 surv=4 ex=0 bad=0 hits=0 t=0s
  F1 c0/c6: кривая не построена (нет точки на квартике)
  F1 c0/c8@t0=19: rank[1,1] g=1 src=pari sat=1 tors=4 st=124 hmax=863 pr=50 surv=4 ex=0 bad=0 hits=0 t=0s
  F1 c3/c2@t0=19: rank[1,1] g=1 src=pari sat=1 tors=4 st=124 hmax=805 pr=50 surv=2 ex=0 bad=0 hits=0 t=0s
  F1 c2/c6@t0=32: rank[2,2] g=2 src=pari sat=1 tors=4 st=1564 hmax=897 pr=50 surv=4 ex=0 bad=0 hits=0 t=0s
  F1 c2/c8: кривая не построена (нет точки на квартике)
  F1 c3/c6@t0=19: rank[2,2] g=2 src=pari sat=1 tors=4 st=2404 hmax=894 pr=50 surv=2 ex=0 bad=0 hits=0 t=0s
  F1 c3/c8@t0=19: rank[2,2] g=2 src=pari sat=1 tors=4 st=2404 hmax=894 pr=50 surv=4 ex=0 bad=0 hits=0 t=0s
  F1 c6/c8: кривая не построена (нет точки на квартике)
  F2 c2/c3: кривая не построена (нет точки на квартике)
  F2 c2/c5: кривая не построена (нет точки на квартике)
  F2 c2/c6: нет рациональной точки для коники
  F2 c2/c8: кривая не построена (нет точки на квартике)
  F2 c3/c5@t0=19: rank[1,1] g=1 src=pari sat=1 tors=4 st=124 hmax=805 pr=50 surv=4 ex=0 bad=0 hits=0 t=0s
  F2 c3/c6: кривая не построена (нет точки на квартике)
  F2 c3/c8@t0=19: rank[2,2] g=2 src=pari sat=1 tors=4 st=1564 hmax=897 pr=50 surv=4 ex=0 bad=0 hits=0 t=0s
  F2 c5/c6: кривая не построена (нет точки на квартике)
  F2 c5/c8@t0=19: rank[1,1] g=1 src=pari sat=1 tors=4 st=124 hmax=863 pr=50 surv=4 ex=0 bad=0 hits=0 t=0s
  F2 c6/c8: кривая не построена (нет точки на квартике)
  F3 c1/c3: нет рациональной точки для коники
  F3 c1/c5: нет рациональной точки для коники
  F3 c1/c6: кривая не построена (нет точки на квартике)
  F3 c1/c7: нет рациональной точки для коники
  F3 c3/c5: нет рациональной точки для коники
  F3 c3/c6: кривая не построена (нет точки на квартике)
  F3 c3/c7: нет рациональной точки для коники
  F3 c5/c6: кривая не построена (нет точки на квартике)
  F3 c5/c7: нет рациональной точки для коники
  F3 c6/c7: кривая не построена (нет точки на квартике)
  F4 c2/c3: кривая не построена (нет точки на квартике)
  F4 c2/c5: кривая не построена (нет точки на квартике)
  F4 c2/c6: нет рациональной точки для коники
  F4 c2/c7: кривая не построена (нет точки на квартике)
  F4 c3/c5@t0=19: rank[1,1] g=1 src=pari sat=1 tors=4 st=124 hmax=856 pr=50 surv=4 ex=0 bad=0 hits=0 t=0s
  F4 c3/c6: кривая не построена (нет точки на квартике)
  F4 c3/c7@t0=19: rank[1,1] g=1 src=pari sat=1 tors=4 st=124 hmax=856 pr=50 surv=4 ex=0 bad=0 hits=0 t=0s
  F4 c5/c6@t0=19: rank[1,1] g=1 src=pari sat=1 tors=4 st=124 hmax=809 pr=50 surv=6 ex=0 bad=0 hits=0 t=0s
  F4 c5/c7@t0=19: rank[1,1] g=1 src=pari sat=1 tors=4 st=132 hmax=832 pr=50 surv=4 ex=0 bad=0 hits=0 t=0s
  F4 c6/c7: кривая не построена (нет точки на квартике)
== (P,Q)=(32,21) C=1465/2 non
  F1 c0/c2: кривая не построена (нет точки на квартике)
  F1 c0/c3@t0=21: rank[2,2] g=2 src=pari sat=1 tors=4 st=2900 hmax=895 pr=50 surv=4 ex=0 bad=0 hits=0 t=0s
  F1 c0/c6: кривая не построена (нет точки на квартике)
  F1 c0/c8@t0=21: rank[1,1] g=1 src=pari sat=1 tors=4 st=124 hmax=868 pr=50 surv=4 ex=0 bad=0 hits=0 t=0s
  F1 c3/c2@t0=21: rank[2,2] g=2 src=pari sat=1 tors=4 st=2900 hmax=895 pr=50 surv=2 ex=0 bad=0 hits=0 t=0s
  F1 c2/c6@t0=32: rank[2,2] g=2 src=pari sat=1 tors=4 st=916 hmax=899 pr=50 surv=4 ex=0 bad=0 hits=0 t=0s
  F1 c2/c8: кривая не построена (нет точки на квартике)
  F1 c3/c6@t0=21: rank[1,1] g=1 src=pari sat=1 tors=4 st=124 hmax=896 pr=50 surv=2 ex=0 bad=0 hits=0 t=0s
  F1 c3/c8@t0=21: rank[1,1] g=1 src=pari sat=1 tors=4 st=124 hmax=896 pr=50 surv=4 ex=0 bad=0 hits=0 t=0s
  F1 c6/c8: кривая не построена (нет точки на квартике)
  F2 c2/c3: кривая не построена (нет точки на квартике)
  F2 c2/c5: кривая не построена (нет точки на квартике)
  F2 c2/c6: нет рациональной точки для коники
  F2 c2/c8: кривая не построена (нет точки на квартике)
  F2 c3/c5@t0=21: rank[2,2] g=2 src=pari sat=1 tors=4 st=2900 hmax=895 pr=50 surv=4 ex=0 bad=0 hits=0 t=0s
  F2 c3/c6: кривая не построена (нет точки на квартике)
  F2 c3/c8@t0=21: rank[2,2] g=2 src=pari sat=1 tors=4 st=916 hmax=899 pr=50 surv=4 ex=0 bad=0 hits=0 t=0s
  F2 c5/c6: кривая не построена (нет точки на квартике)
  F2 c5/c8@t0=21: rank[1,1] g=1 src=pari sat=1 tors=4 st=124 hmax=868 pr=50 surv=4 ex=0 bad=0 hits=0 t=0s
  F2 c6/c8: кривая не построена (нет точки на квартике)
  F3 c1/c3: нет рациональной точки для коники
  F3 c1/c5: нет рациональной точки для коники
  F3 c1/c6: кривая не построена (нет точки на квартике)
  F3 c1/c7: нет рациональной точки для коники
  F3 c3/c5: нет рациональной точки для коники
  F3 c3/c6: кривая не построена (нет точки на квартике)
  F3 c3/c7: нет рациональной точки для коники
  F3 c5/c6: кривая не построена (нет точки на квартике)
  F3 c5/c7: нет рациональной точки для коники
  F3 c6/c7: кривая не построена (нет точки на квартике)
  F4 c2/c3: кривая не построена (нет точки на квартике)
  F4 c2/c5: кривая не построена (нет точки на квартике)
  F4 c2/c6: нет рациональной точки для коники
  F4 c2/c7: кривая не построена (нет точки на квартике)
  F4 c3/c5@t0=21: rank[2,2] g=2 src=pari sat=1 tors=4 st=3836 hmax=899 pr=50 surv=4 ex=0 bad=0 hits=0 t=1s
  F4 c3/c6: кривая не построена (нет точки на квартике)
  F4 c3/c7@t0=21: rank[2,2] g=2 src=pari sat=1 tors=4 st=3836 hmax=899 pr=50 surv=4 ex=0 bad=0 hits=0 t=1s
  F4 c5/c6: кривая не построена (нет точки на квартике)
  F4 c5/c7@t0=21: rank[2,2] g=2 src=pari sat=1 tors=4 st=1956 hmax=893 pr=50 surv=4 ex=0 bad=0 hits=0 t=1s
  F4 c6/c7: кривая не построена (нет точки на квартике)
== (P,Q)=(32,23) C=1553/2 non
  F1 c0/c2: кривая не построена (нет точки на квартике)
  F1 c0/c3@t0=23: rank[2,2] g=2 src=pari sat=1 tors=4 st=2212 hmax=896 pr=50 surv=4 ex=0 bad=0 hits=0 t=1s
  F1 c0/c6: кривая не построена (нет точки на квартике)
  F1 c0/c8@t0=23: rank[2,2] g=2 src=pari sat=1 tors=4 st=1340 hmax=895 pr=50 surv=4 ex=0 bad=0 hits=0 t=1s
  F1 c3/c2@t0=23: rank[2,2] g=2 src=pari sat=1 tors=4 st=2212 hmax=896 pr=50 surv=2 ex=0 bad=0 hits=0 t=1s
  F1 c2/c6@t0=32: rank[2,2] g=2 src=pari sat=1 tors=4 st=1572 hmax=888 pr=50 surv=4 ex=0 bad=0 hits=0 t=1s
  F1 c2/c8: кривая не построена (нет точки на квартике)
  F1 c3/c6@t0=23: rank[2,2] g=2 src=pari sat=1 tors=4 st=1188 hmax=895 pr=50 surv=2 ex=0 bad=0 hits=0 t=1s
  F1 c3/c8@t0=23: rank[2,2] g=2 src=pari sat=1 tors=4 st=1188 hmax=895 pr=50 surv=4 ex=0 bad=0 hits=0 t=1s
  F1 c6/c8: кривая не построена (нет точки на квартике)
  F2 c2/c3: кривая не построена (нет точки на квартике)
  F2 c2/c5: кривая не построена (нет точки на квартике)
  F2 c2/c6: нет рациональной точки для коники
  F2 c2/c8: кривая не построена (нет точки на квартике)
  F2 c3/c5@t0=23: rank[2,2] g=2 src=pari sat=1 tors=4 st=2212 hmax=896 pr=50 surv=4 ex=0 bad=0 hits=0 t=0s
  F2 c3/c6: кривая не построена (нет точки на квартике)
  F2 c3/c8@t0=23: rank[2,2] g=2 src=pari sat=1 tors=4 st=1572 hmax=888 pr=50 surv=4 ex=0 bad=0 hits=0 t=0s
  F2 c5/c6: кривая не построена (нет точки на квартике)
  F2 c5/c8@t0=23: rank[2,2] g=2 src=pari sat=1 tors=4 st=1340 hmax=895 pr=50 surv=4 ex=0 bad=0 hits=0 t=0s
  F2 c6/c8: кривая не построена (нет точки на квартике)
  F3 c1/c3: нет рациональной точки для коники
  F3 c1/c5: нет рациональной точки для коники
  F3 c1/c6: кривая не построена (нет точки на квартике)
  F3 c1/c7: нет рациональной точки для коники
  F3 c3/c5: нет рациональной точки для коники
  F3 c3/c6: кривая не построена (нет точки на квартике)
  F3 c3/c7: нет рациональной точки для коники
  F3 c5/c6: кривая не построена (нет точки на квартике)
  F3 c5/c7: нет рациональной точки для коники
  F3 c6/c7: кривая не построена (нет точки на квартике)
  F4 c2/c3: кривая не построена (нет точки на квартике)
  F4 c2/c5: кривая не построена (нет точки на квартике)
  F4 c2/c6: нет рациональной точки для коники
  F4 c2/c7: кривая не построена (нет точки на квартике)
  F4 c3/c5@t0=23: rank[1,1] g=1 src=pari sat=1 tors=4 st=124 hmax=854 pr=50 surv=4 ex=0 bad=0 hits=0 t=0s
  F4 c3/c6: кривая не построена (нет точки на квартике)
  F4 c3/c7@t0=23: rank[1,1] g=1 src=pari sat=1 tors=4 st=124 hmax=854 pr=50 surv=4 ex=0 bad=0 hits=0 t=1s
  F4 c5/c6@t0=23: rank[1,1] g=1 src=pari sat=1 tors=4 st=156 hmax=847 pr=50 surv=6 ex=0 bad=0 hits=0 t=0s
  F4 c5/c7@t0=23: rank[1,1] g=1 src=pari sat=1 tors=4 st=132 hmax=844 pr=50 surv=4 ex=0 bad=0 hits=0 t=0s
  F4 c6/c7: кривая не построена (нет точки на квартике)
== (P,Q)=(32,25) C=1649/2 non
  F1 c0/c2: кривая не построена (нет точки на квартике)
  F1 c0/c3@t0=25: rank[2,2] g=2 src=pari sat=1 tors=4 st=2916 hmax=900 pr=50 surv=4 ex=0 bad=0 hits=0 t=0s
  F1 c0/c6: кривая не построена (нет точки на квартике)
  F1 c0/c8@t0=25: rank[2,2] g=2 src=pari sat=1 tors=4 st=2044 hmax=896 pr=50 surv=4 ex=0 bad=0 hits=0 t=0s
  F1 c3/c2@t0=25: rank[2,2] g=2 src=pari sat=1 tors=4 st=2916 hmax=900 pr=50 surv=2 ex=0 bad=0 hits=0 t=0s
  F1 c2/c6@t0=32: rank[3,3] g=3 src=pari sat=1 tors=4 st=9556 hmax=313 pr=50 surv=4 ex=0 bad=0 hits=0 t=0s
  F1 c2/c8: кривая не построена (нет точки на квартике)
  F1 c3/c6@t0=25: rank[1,1] g=1 src=pari sat=1 tors=4 st=116 hmax=792 pr=50 surv=2 ex=0 bad=0 hits=0 t=0s
  F1 c3/c8@t0=25: rank[1,1] g=1 src=pari sat=1 tors=4 st=116 hmax=792 pr=50 surv=4 ex=0 bad=0 hits=0 t=0s
  F1 c6/c8: кривая не построена (нет точки на квартике)
  F2 c2/c3: кривая не построена (нет точки на квартике)
  F2 c2/c5: кривая не построена (нет точки на квартике)
  F2 c2/c6: нет рациональной точки для коники
  F2 c2/c8: кривая не построена (нет точки на квартике)
  F2 c3/c5@t0=25: rank[2,2] g=2 src=pari sat=1 tors=4 st=2916 hmax=900 pr=50 surv=4 ex=0 bad=0 hits=0 t=0s
  F2 c3/c6: кривая не построена (нет точки на квартике)
  F2 c3/c8@t0=25: rank[3,3] g=3 src=pari sat=1 tors=4 st=9556 hmax=313 pr=50 surv=4 ex=0 bad=0 hits=0 t=0s
  F2 c5/c6: кривая не построена (нет точки на квартике)
  F2 c5/c8@t0=25: rank[2,2] g=2 src=pari sat=1 tors=4 st=2044 hmax=896 pr=50 surv=4 ex=0 bad=0 hits=0 t=1s
  F2 c6/c8: кривая не построена (нет точки на квартике)
  F3 c1/c3: нет рациональной точки для коники
  F3 c1/c5: нет рациональной точки для коники
  F3 c1/c6: кривая не построена (нет точки на квартике)
  F3 c1/c7: нет рациональной точки для коники
  F3 c3/c5: нет рациональной точки для коники
  F3 c3/c6: кривая не построена (нет точки на квартике)
  F3 c3/c7: нет рациональной точки для коники
  F3 c5/c6: кривая не построена (нет точки на квартике)
  F3 c5/c7: нет рациональной точки для коники
  F3 c6/c7: кривая не построена (нет точки на квартике)
  F4 c2/c3: кривая не построена (нет точки на квартике)
  F4 c2/c5: кривая не построена (нет точки на квартике)
  F4 c2/c6: нет рациональной точки для коники
  F4 c2/c7: кривая не построена (нет точки на квартике)
  F4 c3/c5@t0=25: rank[2,2] g=2 src=pari sat=1 tors=4 st=4404 hmax=897 pr=50 surv=4 ex=0 bad=0 hits=0 t=0s
  F4 c3/c6: кривая не построена (нет точки на квартике)
  F4 c3/c7@t0=25: rank[2,2] g=2 src=pari sat=1 tors=4 st=4404 hmax=897 pr=50 surv=4 ex=0 bad=0 hits=0 t=0s
  F4 c5/c6@t0=25: rank[1,1] g=1 src=pari sat=1 tors=4 st=124 hmax=844 pr=50 surv=6 ex=0 bad=0 hits=0 t=0s
  F4 c5/c7@t0=25: rank[1,1] g=1 src=pari sat=1 tors=4 st=132 hmax=849 pr=50 surv=4 ex=0 bad=0 hits=0 t=0s
  F4 c6/c7: кривая не построена (нет точки на квартике)
== (P,Q)=(32,27) C=1753/2 non
  F1 c0/c2: кривая не построена (нет точки на квартике)
  F1 c0/c3@t0=27: rank[1,1] g=1 src=pari sat=1 tors=4 st=124 hmax=835 pr=50 surv=4 ex=0 bad=0 hits=0 t=0s
  F1 c0/c6: кривая не построена (нет точки на квартике)
  F1 c0/c8@t0=27: rank[2,2] g=2 src=pari sat=1 tors=4 st=916 hmax=897 pr=50 surv=4 ex=0 bad=0 hits=0 t=0s
  F1 c3/c2@t0=27: rank[1,1] g=1 src=pari sat=1 tors=4 st=124 hmax=835 pr=50 surv=2 ex=0 bad=0 hits=0 t=0s
  F1 c2/c6@t0=32: rank[2,2] g=2 src=pari sat=1 tors=4 st=2740 hmax=898 pr=50 surv=4 ex=0 bad=0 hits=0 t=0s
  F1 c2/c8: кривая не построена (нет точки на квартике)
  F1 c3/c6@t0=27: rank[1,1] g=1 src=pari sat=1 tors=4 st=116 hmax=797 pr=50 surv=2 ex=0 bad=0 hits=0 t=0s
  F1 c3/c8@t0=27: rank[1,1] g=1 src=pari sat=1 tors=4 st=116 hmax=797 pr=50 surv=4 ex=0 bad=0 hits=0 t=0s
  F1 c6/c8: кривая не построена (нет точки на квартике)
  F2 c2/c3: кривая не построена (нет точки на квартике)
  F2 c2/c5: кривая не построена (нет точки на квартике)
  F2 c2/c6: нет рациональной точки для коники
  F2 c2/c8: кривая не построена (нет точки на квартике)
  F2 c3/c5@t0=27: rank[1,1] g=1 src=pari sat=1 tors=4 st=124 hmax=835 pr=50 surv=4 ex=0 bad=0 hits=0 t=0s
  F2 c3/c6: кривая не построена (нет точки на квартике)
  F2 c3/c8@t0=27: rank[2,2] g=2 src=pari sat=1 tors=4 st=2740 hmax=898 pr=50 surv=4 ex=0 bad=0 hits=0 t=0s
  F2 c5/c6: кривая не построена (нет точки на квартике)
  F2 c5/c8@t0=27: rank[2,2] g=2 src=pari sat=1 tors=4 st=916 hmax=897 pr=50 surv=4 ex=0 bad=0 hits=0 t=0s
  F2 c6/c8: кривая не построена (нет точки на квартике)
  F3 c1/c3: нет рациональной точки для коники
  F3 c1/c5: нет рациональной точки для коники
  F3 c1/c6: кривая не построена (нет точки на квартике)
  F3 c1/c7: нет рациональной точки для коники
  F3 c3/c5: нет рациональной точки для коники
  F3 c3/c6: кривая не построена (нет точки на квартике)
  F3 c3/c7: нет рациональной точки для коники
  F3 c5/c6: кривая не построена (нет точки на квартике)
  F3 c5/c7: нет рациональной точки для коники
  F3 c6/c7: кривая не построена (нет точки на квартике)
  F4 c2/c3: кривая не построена (нет точки на квартике)
  F4 c2/c5: кривая не построена (нет точки на квартике)
  F4 c2/c6: нет рациональной точки для коники
  F4 c2/c7: кривая не построена (нет точки на квартике)
  F4 c3/c5@t0=27: rank[1,1] g=1 src=pari sat=1 tors=4 st=124 hmax=849 pr=50 surv=4 ex=0 bad=0 hits=0 t=0s
  F4 c3/c6: кривая не построена (нет точки на квартике)
  F4 c3/c7@t0=27: rank[1,1] g=1 src=pari sat=1 tors=4 st=124 hmax=849 pr=50 surv=4 ex=0 bad=0 hits=0 t=0s
  F4 c5/c6: кривая не построена (нет точки на квартике)
  F4 c5/c7@t0=27: rank[1,1] g=1 src=pari sat=1 tors=4 st=132 hmax=854 pr=50 surv=4 ex=0 bad=0 hits=0 t=0s
  F4 c6/c7: кривая не построена (нет точки на квартике)
== (P,Q)=(32,29) C=1865/2 non
  F1 c0/c2: кривая не построена (нет точки на квартике)
  F1 c0/c3@t0=29: rank[3,3] g=3 src=pari sat=1 tors=4 st=9500 hmax=257 pr=50 surv=4 ex=0 bad=0 hits=0 t=0s
  F1 c0/c6: кривая не построена (нет точки на квартике)
  F1 c0/c8@t0=29: rank[2,2] g=2 src=pari sat=1 tors=4 st=1652 hmax=896 pr=50 surv=4 ex=0 bad=0 hits=0 t=0s
  F1 c3/c2@t0=29: rank[3,3] g=3 src=pari sat=1 tors=4 st=9500 hmax=257 pr=50 surv=2 ex=0 bad=0 hits=0 t=0s
  F1 c2/c6@t0=32: rank[2,2] g=2 src=pari sat=1 tors=4 st=2212 hmax=894 pr=50 surv=4 ex=0 bad=0 hits=0 t=0s
  F1 c2/c8: кривая не построена (нет точки на квартике)
  F1 c3/c6@t0=29: rank[1,1] g=1 src=pari sat=1 tors=4 st=116 hmax=803 pr=50 surv=2 ex=0 bad=0 hits=0 t=0s
  F1 c3/c8@t0=29: rank[1,1] g=1 src=pari sat=1 tors=4 st=116 hmax=803 pr=50 surv=4 ex=0 bad=0 hits=0 t=0s
  F1 c6/c8: кривая не построена (нет точки на квартике)
  F2 c2/c3: кривая не построена (нет точки на квартике)
  F2 c2/c5: кривая не построена (нет точки на квартике)
  F2 c2/c6: нет рациональной точки для коники
  F2 c2/c8: кривая не построена (нет точки на квартике)
  F2 c3/c5@t0=29: rank[3,3] g=3 src=pari sat=1 tors=4 st=9500 hmax=257 pr=50 surv=4 ex=0 bad=0 hits=0 t=0s
  F2 c3/c6: кривая не построена (нет точки на квартике)
  F2 c3/c8@t0=29: rank[2,2] g=2 src=pari sat=1 tors=4 st=2212 hmax=894 pr=50 surv=4 ex=0 bad=0 hits=0 t=0s
  F2 c5/c6: кривая не построена (нет точки на квартике)
  F2 c5/c8@t0=29: rank[2,2] g=2 src=pari sat=1 tors=4 st=1652 hmax=896 pr=50 surv=4 ex=0 bad=0 hits=0 t=0s
  F2 c6/c8: кривая не построена (нет точки на квартике)
  F3 c1/c3: нет рациональной точки для коники
  F3 c1/c5: нет рациональной точки для коники
  F3 c1/c6: кривая не построена (нет точки на квартике)
  F3 c1/c7: нет рациональной точки для коники
  F3 c3/c5: нет рациональной точки для коники
  F3 c3/c6: кривая не построена (нет точки на квартике)
  F3 c3/c7: нет рациональной точки для коники
  F3 c5/c6: кривая не построена (нет точки на квартике)
  F3 c5/c7: нет рациональной точки для коники
  F3 c6/c7: кривая не построена (нет точки на квартике)
  F4 c2/c3: кривая не построена (нет точки на квартике)
  F4 c2/c5: кривая не построена (нет точки на квартике)
  F4 c2/c6: нет рациональной точки для коники
  F4 c2/c7: кривая не построена (нет точки на квартике)
  F4 c3/c5@t0=29: rank[1,1] g=1 src=pari sat=1 tors=4 st=124 hmax=844 pr=50 surv=4 ex=0 bad=0 hits=0 t=0s
  F4 c3/c6: кривая не построена (нет точки на квартике)
  F4 c3/c7@t0=29: rank[1,1] g=1 src=pari sat=1 tors=4 st=124 hmax=844 pr=50 surv=4 ex=0 bad=0 hits=0 t=0s
  F4 c5/c6@t0=29: rank[1,1] g=1 src=pari sat=1 tors=4 st=108 hmax=870 pr=50 surv=6 ex=0 bad=0 hits=0 t=0s
  F4 c5/c7@t0=29: rank[2,2] g=2 src=pari sat=1 tors=4 st=2836 hmax=900 pr=50 surv=4 ex=0 bad=0 hits=0 t=0s
  F4 c6/c7: кривая не построена (нет точки на квартике)
== (P,Q)=(32,31) C=1985/2 non
  F1 c0/c2: кривая не построена (нет точки на квартике)
  F1 c0/c3@t0=31: rank[1,1] g=1 src=pari sat=1 tors=4 st=124 hmax=850 pr=50 surv=4 ex=0 bad=0 hits=0 t=0s
  F1 c0/c6: кривая не построена (нет точки на квартике)
  F1 c0/c8@t0=31: rank[2,2] g=2 src=pari sat=1 tors=4 st=2796 hmax=894 pr=50 surv=4 ex=0 bad=0 hits=0 t=0s
  F1 c3/c2@t0=31: rank[1,1] g=1 src=pari sat=1 tors=4 st=124 hmax=850 pr=50 surv=2 ex=0 bad=0 hits=0 t=0s
  F1 c2/c6@t0=32: rank[1,1] g=1 src=pari sat=1 tors=4 st=124 hmax=892 pr=50 surv=4 ex=0 bad=0 hits=0 t=0s
  F1 c2/c8: кривая не построена (нет точки на квартике)
  F1 c3/c6@t0=31: rank[2,2] g=2 src=pari sat=1 tors=4 st=2188 hmax=899 pr=50 surv=2 ex=0 bad=0 hits=0 t=0s
  F1 c3/c8@t0=31: rank[2,2] g=2 src=pari sat=1 tors=4 st=2188 hmax=899 pr=50 surv=4 ex=0 bad=0 hits=0 t=0s
  F1 c6/c8: кривая не построена (нет точки на квартике)
  F2 c2/c3: кривая не построена (нет точки на квартике)
  F2 c2/c5: кривая не построена (нет точки на квартике)
  F2 c2/c6: нет рациональной точки для коники
  F2 c2/c8: кривая не построена (нет точки на квартике)
  F2 c3/c5@t0=31: rank[1,1] g=1 src=pari sat=1 tors=4 st=124 hmax=850 pr=50 surv=4 ex=0 bad=0 hits=0 t=0s
  F2 c3/c6: кривая не построена (нет точки на квартике)
  F2 c3/c8@t0=31: rank[1,1] g=1 src=pari sat=1 tors=4 st=124 hmax=892 pr=50 surv=4 ex=0 bad=0 hits=0 t=0s
  F2 c5/c6: кривая не построена (нет точки на квартике)
  F2 c5/c8@t0=31: rank[2,2] g=2 src=pari sat=1 tors=4 st=2796 hmax=894 pr=50 surv=4 ex=0 bad=0 hits=0 t=0s
  F2 c6/c8: кривая не построена (нет точки на квартике)
  F3 c1/c3: нет рациональной точки для коники
  F3 c1/c5: нет рациональной точки для коники
  F3 c1/c6: кривая не построена (нет точки на квартике)
  F3 c1/c7: нет рациональной точки для коники
  F3 c3/c5: нет рациональной точки для коники
  F3 c3/c6: кривая не построена (нет точки на квартике)
  F3 c3/c7: нет рациональной точки для коники
  F3 c5/c6: кривая не построена (нет точки на квартике)
  F3 c5/c7: нет рациональной точки для коники
  F3 c6/c7: кривая не построена (нет точки на квартике)
  F4 c2/c3: кривая не построена (нет точки на квартике)
  F4 c2/c5: кривая не построена (нет точки на квартике)
  F4 c2/c6: нет рациональной точки для коники
  F4 c2/c7: кривая не построена (нет точки на квартике)
  F4 c3/c5@t0=31: rank[1,1] g=1 src=pari sat=1 tors=4 st=124 hmax=835 pr=50 surv=4 ex=0 bad=0 hits=0 t=0s
  F4 c3/c6: кривая не построена (нет точки на квартике)
  F4 c3/c7@t0=31: rank[1,1] g=1 src=pari sat=1 tors=4 st=124 hmax=835 pr=50 surv=4 ex=0 bad=0 hits=0 t=0s
  F4 c5/c6@t0=31: rank[1,1] g=1 src=pari sat=1 tors=4 st=164 hmax=854 pr=50 surv=6 ex=0 bad=0 hits=0 t=0s
  F4 c5/c7@t0=31: rank[1,1] g=1 src=pari sat=1 tors=4 st=132 hmax=856 pr=50 surv=4 ex=0 bad=0 hits=0 t=0s
  F4 c6/c7: кривая не построена (нет точки на квартике)
== (P,Q)=(33,1) C=545 non
  F1 c0/c2: кривая не построена (нет точки на квартике)
  F1 c0/c3@t0=1: rank[1,1] g=1 src=pari sat=1 tors=4 st=124 hmax=823 pr=50 surv=4 ex=0 bad=0 hits=0 t=0s
  F1 c0/c6: кривая не построена (нет точки на квартике)
  F1 c0/c8@t0=1: rank[2,2] g=2 src=pari sat=1 tors=4 st=2292 hmax=896 pr=50 surv=4 ex=0 bad=0 hits=0 t=0s
  F1 c3/c2@t0=1: rank[1,1] g=1 src=pari sat=1 tors=4 st=124 hmax=823 pr=50 surv=2 ex=0 bad=0 hits=0 t=0s
  F1 c2/c6@t0=33: rank[2,2] g=2 src=pari sat=1 tors=4 st=2020 hmax=900 pr=50 surv=4 ex=0 bad=0 hits=0 t=0s
  F1 c8/c2@t0=1: rank[1,1] g=1 src=pari sat=1 tors=4 st=44 hmax=728 pr=50 surv=2 ex=0 bad=0 hits=0 t=0s
  F1 c3/c6@t0=1: rank[1,1] g=1 src=pari sat=1 tors=4 st=124 hmax=865 pr=50 surv=2 ex=0 bad=0 hits=0 t=0s
  F1 c3/c8@t0=1: rank[1,1] g=1 src=pari sat=1 tors=4 st=124 hmax=865 pr=50 surv=4 ex=0 bad=0 hits=0 t=0s
  F1 c6/c8: кривая не построена (нет точки на квартике)
  F2 c2/c3: кривая не построена (нет точки на квартике)
  F2 c2/c5: кривая не построена (нет точки на квартике)
  F2 c2/c6: нет рациональной точки для коники
  F2 c2/c8: кривая не построена (нет точки на квартике)
  F2 c3/c5@t0=1: rank[1,1] g=1 src=pari sat=1 tors=4 st=124 hmax=823 pr=50 surv=4 ex=0 bad=0 hits=0 t=0s
  F2 c3/c6@t0=1: rank[1,1] g=1 src=pari sat=1 tors=4 st=44 hmax=728 pr=50 surv=2 ex=0 bad=0 hits=0 t=0s
  F2 c3/c8@t0=1: rank[2,2] g=2 src=pari sat=1 tors=4 st=2020 hmax=900 pr=50 surv=4 ex=0 bad=0 hits=0 t=0s
  F2 c5/c6: кривая не построена (нет точки на квартике)
  F2 c5/c8@t0=1: rank[2,2] g=2 src=pari sat=1 tors=4 st=2292 hmax=896 pr=50 surv=4 ex=0 bad=0 hits=0 t=0s
  F2 c6/c8: кривая не построена (нет точки на квартике)
  F3 c1/c3: нет рациональной точки для коники
  F3 c1/c5: нет рациональной точки для коники
  F3 c1/c6: кривая не построена (нет точки на квартике)
  F3 c1/c7: нет рациональной точки для коники
  F3 c3/c5: нет рациональной точки для коники
  F3 c3/c6: кривая не построена (нет точки на квартике)
  F3 c3/c7: нет рациональной точки для коники
  F3 c5/c6: кривая не построена (нет точки на квартике)
  F3 c5/c7: нет рациональной точки для коники
  F3 c6/c7: кривая не построена (нет точки на квартике)
  F4 c2/c3: кривая не построена (нет точки на квартике)
  F4 c2/c5: кривая не построена (нет точки на квартике)
  F4 c2/c6: нет рациональной точки для коники
  F4 c2/c7: кривая не построена (нет точки на квартике)
  F4 c3/c5@t0=1: rank[2,2] g=2 src=pari sat=1 tors=4 st=1836 hmax=893 pr=50 surv=4 ex=0 bad=0 hits=0 t=0s
  F4 c3/c6: кривая не построена (нет точки на квартике)
  F4 c3/c7@t0=1: rank[2,2] g=2 src=pari sat=1 tors=4 st=1836 hmax=893 pr=50 surv=4 ex=0 bad=0 hits=0 t=0s
  F4 c5/c6@t0=1: rank[2,2] g=2 src=pari sat=1 tors=4 st=4220 hmax=899 pr=50 surv=6 ex=0 bad=0 hits=0 t=0s
  F4 c5/c7@t0=1: rank[2,2] g=2 src=pari sat=1 tors=4 st=2876 hmax=895 pr=50 surv=4 ex=0 bad=0 hits=0 t=0s
  F4 c6/c7: кривая не построена (нет точки на квартике)
== (P,Q)=(33,2) C=1093/2 non
  F1 c0/c2: кривая не построена (нет точки на квартике)
  F1 c0/c3@t0=2: rank[2,2] g=2 src=pari sat=1 tors=4 st=1852 hmax=898 pr=50 surv=4 ex=0 bad=0 hits=0 t=0s
  F1 c0/c6: кривая не построена (нет точки на квартике)
  F1 c0/c8@t0=2: rank[1,1] g=1 src=pari sat=1 tors=4 st=124 hmax=825 pr=50 surv=4 ex=0 bad=0 hits=0 t=0s
  F1 c3/c2@t0=2: rank[2,2] g=2 src=pari sat=1 tors=4 st=1852 hmax=898 pr=50 surv=2 ex=0 bad=0 hits=0 t=0s
  F1 c2/c6@t0=33: rank[2,2] g=2 src=pari sat=1 tors=4 st=1044 hmax=896 pr=50 surv=4 ex=0 bad=0 hits=0 t=0s
  F1 c2/c8: кривая не построена (нет точки на квартике)
  F1 c3/c6@t0=2: rank[1,1] g=1 src=pari sat=1 tors=4 st=132 hmax=896 pr=50 surv=2 ex=0 bad=0 hits=0 t=0s
  F1 c3/c8@t0=2: rank[1,1] g=1 src=pari sat=1 tors=4 st=132 hmax=896 pr=50 surv=4 ex=0 bad=0 hits=0 t=0s
  F1 c6/c8: кривая не построена (нет точки на квартике)
  F2 c2/c3: кривая не построена (нет точки на квартике)
  F2 c2/c5: кривая не построена (нет точки на квартике)
  F2 c2/c6: нет рациональной точки для коники
  F2 c2/c8: кривая не построена (нет точки на квартике)
  F2 c3/c5@t0=2: rank[2,2] g=2 src=pari sat=1 tors=4 st=1852 hmax=898 pr=50 surv=4 ex=0 bad=0 hits=0 t=0s
  F2 c3/c6: кривая не построена (нет точки на квартике)
  F2 c3/c8@t0=2: rank[2,2] g=2 src=pari sat=1 tors=4 st=1044 hmax=896 pr=50 surv=4 ex=0 bad=0 hits=0 t=0s
  F2 c5/c6: кривая не построена (нет точки на квартике)
  F2 c5/c8@t0=2: rank[1,1] g=1 src=pari sat=1 tors=4 st=124 hmax=825 pr=50 surv=4 ex=0 bad=0 hits=0 t=0s
  F2 c6/c8: кривая не построена (нет точки на квартике)
  F3 c1/c3: нет рациональной точки для коники
  F3 c1/c5: нет рациональной точки для коники
  F3 c1/c6: кривая не построена (нет точки на квартике)
  F3 c1/c7: нет рациональной точки для коники
  F3 c3/c5: нет рациональной точки для коники
  F3 c3/c6: кривая не построена (нет точки на квартике)
  F3 c3/c7: нет рациональной точки для коники
  F3 c5/c6: кривая не построена (нет точки на квартике)
  F3 c5/c7: нет рациональной точки для коники
  F3 c6/c7: кривая не построена (нет точки на квартике)
  F4 c2/c3: кривая не построена (нет точки на квартике)
  F4 c2/c5: кривая не построена (нет точки на квартике)
  F4 c2/c6: нет рациональной точки для коники
  F4 c2/c7: кривая не построена (нет точки на квартике)
  F4 c3/c5@t0=2: rank[1,1] g=1 src=pari sat=1 tors=4 st=132 hmax=895 pr=50 surv=4 ex=0 bad=0 hits=0 t=0s
  F4 c3/c6: кривая не построена (нет точки на квартике)
  F4 c3/c7@t0=2: rank[1,1] g=1 src=pari sat=1 tors=4 st=132 hmax=895 pr=50 surv=4 ex=0 bad=0 hits=0 t=0s
  F4 c5/c6@t0=2: rank[2,2] g=2 src=pari sat=1 tors=4 st=2436 hmax=897 pr=50 surv=6 ex=0 bad=0 hits=0 t=0s
  F4 c5/c7@t0=2: rank[3,3] g=3 src=pari sat=1 tors=4 st=9572 hmax=257 pr=50 surv=4 ex=0 bad=0 hits=0 t=0s
  F4 c6/c7: кривая не построена (нет точки на квартике)
== (P,Q)=(33,4) C=1105/2 non
  F1 c0/c2: кривая не построена (нет точки на квартике)
  F1 c0/c3@t0=4: rank[2,2] g=2 src=pari sat=1 tors=4 st=3260 hmax=893 pr=50 surv=4 ex=0 bad=0 hits=0 t=0s
  F1 c0/c6: кривая не построена (нет точки на квартике)
  F1 c0/c8@t0=4: rank[1,1] g=1 src=pari sat=1 tors=4 st=124 hmax=832 pr=50 surv=4 ex=0 bad=0 hits=0 t=0s
  F1 c3/c2@t0=4: rank[2,2] g=2 src=pari sat=1 tors=4 st=3260 hmax=893 pr=50 surv=2 ex=0 bad=0 hits=0 t=0s
  F1 c2/c6@t0=33: rank[3,3] g=3 src=pari sat=1 tors=4 st=9604 hmax=235 pr=50 surv=4 ex=0 bad=0 hits=0 t=0s
  F1 c2/c8: кривая не построена (нет точки на квартике)
  F1 c3/c6@t0=4: rank[2,2] g=2 src=pari sat=1 tors=4 st=2628 hmax=899 pr=50 surv=2 ex=0 bad=0 hits=0 t=0s
  F1 c3/c8@t0=4: rank[2,2] g=2 src=pari sat=1 tors=4 st=2628 hmax=899 pr=50 surv=4 ex=0 bad=0 hits=0 t=0s
  F1 c6/c8: кривая не построена (нет точки на квартике)
  F2 c2/c3: кривая не построена (нет точки на квартике)
  F2 c2/c5: кривая не построена (нет точки на квартике)
  F2 c2/c6: нет рациональной точки для коники
  F2 c2/c8: кривая не построена (нет точки на квартике)
  F2 c3/c5@t0=4: rank[2,2] g=2 src=pari sat=1 tors=4 st=3260 hmax=893 pr=50 surv=4 ex=0 bad=0 hits=0 t=0s
  F2 c3/c6: кривая не построена (нет точки на квартике)
  F2 c3/c8@t0=4: rank[3,3] g=3 src=pari sat=1 tors=4 st=9604 hmax=235 pr=50 surv=4 ex=0 bad=0 hits=0 t=0s
  F2 c5/c6: кривая не построена (нет точки на квартике)
  F2 c5/c8@t0=4: rank[1,1] g=1 src=pari sat=1 tors=4 st=124 hmax=832 pr=50 surv=4 ex=0 bad=0 hits=0 t=0s
  F2 c6/c8: кривая не построена (нет точки на квартике)
  F3 c1/c3: нет рациональной точки для коники
  F3 c1/c5: нет рациональной точки для коники
  F3 c1/c6: кривая не построена (нет точки на квартике)
  F3 c1/c7: нет рациональной точки для коники
  F3 c3/c5: нет рациональной точки для коники
  F3 c3/c6: кривая не построена (нет точки на квартике)
  F3 c3/c7: нет рациональной точки для коники
  F3 c5/c6: кривая не построена (нет точки на квартике)
  F3 c5/c7: нет рациональной точки для коники
  F3 c6/c7: кривая не построена (нет точки на квартике)
  F4 c2/c3: кривая не построена (нет точки на квартике)
  F4 c2/c5: кривая не построена (нет точки на квартике)
  F4 c2/c6: нет рациональной точки для коники
  F4 c2/c7: кривая не построена (нет точки на квартике)
  F4 c3/c5@t0=4: rank[1,1] g=1 src=pari sat=1 tors=4 st=132 hmax=895 pr=50 surv=4 ex=0 bad=0 hits=0 t=0s
  F4 c3/c6: кривая не построена (нет точки на квартике)
  F4 c3/c7@t0=4: rank[1,1] g=1 src=pari sat=1 tors=4 st=132 hmax=895 pr=50 surv=4 ex=0 bad=0 hits=0 t=0s
  F4 c5/c6: кривая не построена (нет точки на квартике)
  F4 c5/c7@t0=4: rank[1,1] g=1 src=pari sat=1 tors=4 st=132 hmax=897 pr=50 surv=4 ex=0 bad=0 hits=0 t=0s
  F4 c6/c7: кривая не построена (нет точки на квартике)
== (P,Q)=(33,5) C=557 non
  F1 c0/c2: кривая не построена (нет точки на квартике)
  F1 c0/c3@t0=5: rank[2,2] g=2 src=pari sat=1 tors=4 st=2108 hmax=897 pr=50 surv=4 ex=0 bad=0 hits=0 t=0s
  F1 c0/c6: кривая не построена (нет точки на квартике)
  F1 c0/c8@t0=5: rank[1,1] g=1 src=pari sat=1 tors=4 st=132 hmax=817 pr=50 surv=4 ex=0 bad=0 hits=0 t=0s
  F1 c3/c2@t0=5: rank[2,2] g=2 src=pari sat=1 tors=4 st=2108 hmax=897 pr=50 surv=2 ex=0 bad=0 hits=0 t=0s
  F1 c2/c6@t0=33: rank[2,2] g=2 src=pari sat=1 tors=4 st=3348 hmax=899 pr=50 surv=4 ex=0 bad=0 hits=0 t=0s
  F1 c2/c8: кривая не построена (нет точки на квартике)
  F1 c3/c6@t0=5: rank[1,1] g=1 src=pari sat=1 tors=4 st=124 hmax=867 pr=50 surv=2 ex=0 bad=0 hits=0 t=0s
  F1 c3/c8@t0=5: rank[1,1] g=1 src=pari sat=1 tors=4 st=124 hmax=867 pr=50 surv=4 ex=0 bad=0 hits=0 t=0s
  F1 c6/c8: кривая не построена (нет точки на квартике)
  F2 c2/c3: кривая не построена (нет точки на квартике)
  F2 c2/c5: кривая не построена (нет точки на квартике)
  F2 c2/c6: нет рациональной точки для коники
  F2 c2/c8: кривая не построена (нет точки на квартике)
  F2 c3/c5@t0=5: rank[2,2] g=2 src=pari sat=1 tors=4 st=2108 hmax=897 pr=50 surv=4 ex=0 bad=0 hits=0 t=0s
  F2 c3/c6: кривая не построена (нет точки на квартике)
  F2 c3/c8@t0=5: rank[2,2] g=2 src=pari sat=1 tors=4 st=3348 hmax=899 pr=50 surv=4 ex=0 bad=0 hits=0 t=0s
  F2 c5/c6: кривая не построена (нет точки на квартике)
  F2 c5/c8@t0=5: rank[1,1] g=1 src=pari sat=1 tors=4 st=132 hmax=817 pr=50 surv=4 ex=0 bad=0 hits=0 t=0s
  F2 c6/c8: кривая не построена (нет точки на квартике)
  F3 c1/c3: нет рациональной точки для коники
  F3 c1/c5: нет рациональной точки для коники
  F3 c1/c6: кривая не построена (нет точки на квартике)
  F3 c1/c7: нет рациональной точки для коники
  F3 c3/c5: нет рациональной точки для коники
  F3 c3/c6: кривая не построена (нет точки на квартике)
  F3 c3/c7: нет рациональной точки для коники
  F3 c5/c6: кривая не построена (нет точки на квартике)
  F3 c5/c7: нет рациональной точки для коники
  F3 c6/c7: кривая не построена (нет точки на квартике)
  F4 c2/c3: кривая не построена (нет точки на квартике)
  F4 c2/c5: кривая не построена (нет точки на квартике)
  F4 c2/c6: нет рациональной точки для коники
  F4 c2/c7: кривая не построена (нет точки на квартике)
  F4 c3/c5@t0=5: rank[1,1] g=1 src=pari sat=1 tors=4 st=124 hmax=865 pr=50 surv=4 ex=0 bad=0 hits=0 t=0s
  F4 c3/c6: кривая не построена (нет точки на квартике)
  F4 c3/c7@t0=5: rank[1,1] g=1 src=pari sat=1 tors=4 st=124 hmax=865 pr=50 surv=4 ex=0 bad=0 hits=0 t=0s
  F4 c5/c6: кривая не построена (нет точки на квартике)
  F4 c5/c7@t0=5: rank[2,2] g=2 src=pari sat=1 tors=4 st=2172 hmax=898 pr=50 surv=4 ex=0 bad=0 hits=0 t=0s
  F4 c6/c7: кривая не построена (нет точки на квартике)
== (P,Q)=(33,7) C=569 non
  F1 c0/c2: кривая не построена (нет точки на квартике)
  F1 c0/c3@t0=7: rank[3,3] g=3 src=pari sat=1 tors=4 st=9556 hmax=297 pr=50 surv=4 ex=0 bad=0 hits=0 t=0s
  F1 c0/c6: кривая не построена (нет точки на квартике)
  F1 c0/c8@t0=7: rank[1,1] g=1 src=pari sat=1 tors=4 st=132 hmax=823 pr=50 surv=4 ex=0 bad=0 hits=0 t=0s
  F1 c3/c2@t0=7: rank[3,3] g=3 src=pari sat=1 tors=4 st=9556 hmax=297 pr=50 surv=2 ex=0 bad=0 hits=0 t=0s
  F1 c2/c6@t0=33: rank[1,1] g=1 src=pari sat=1 tors=4 st=140 hmax=872 pr=50 surv=4 ex=0 bad=0 hits=0 t=0s
  F1 c2/c8: кривая не построена (нет точки на квартике)
  F1 c3/c6@t0=7: rank[1,1] g=1 src=pari sat=1 tors=4 st=124 hmax=869 pr=50 surv=2 ex=0 bad=0 hits=0 t=0s
  F1 c3/c8@t0=7: rank[1,1] g=1 src=pari sat=1 tors=4 st=124 hmax=869 pr=50 surv=4 ex=0 bad=0 hits=0 t=0s
  F1 c6/c8: кривая не построена (нет точки на квартике)
  F2 c2/c3: кривая не построена (нет точки на квартике)
  F2 c2/c5: кривая не построена (нет точки на квартике)
  F2 c2/c6: нет рациональной точки для коники
  F2 c2/c8: кривая не построена (нет точки на квартике)
  F2 c3/c5@t0=7: rank[3,3] g=3 src=pari sat=1 tors=4 st=9556 hmax=297 pr=50 surv=4 ex=0 bad=0 hits=0 t=0s
  F2 c3/c6: кривая не построена (нет точки на квартике)
  F2 c3/c8@t0=7: rank[1,1] g=1 src=pari sat=1 tors=4 st=140 hmax=872 pr=50 surv=4 ex=0 bad=0 hits=0 t=0s
  F2 c5/c6: кривая не построена (нет точки на квартике)
  F2 c5/c8@t0=7: rank[1,1] g=1 src=pari sat=1 tors=4 st=132 hmax=823 pr=50 surv=4 ex=0 bad=0 hits=0 t=0s
  F2 c8/c6@t0=7: rank[2,2] g=2 src=pari sat=1 tors=4 st=1868 hmax=899 pr=50 surv=2 ex=0 bad=0 hits=0 t=0s
  F3 c1/c3: нет рациональной точки для коники
  F3 c1/c5: нет рациональной точки для коники
  F3 c1/c6: кривая не построена (нет точки на квартике)
  F3 c1/c7: нет рациональной точки для коники
  F3 c3/c5: нет рациональной точки для коники
  F3 c3/c6: кривая не построена (нет точки на квартике)
  F3 c3/c7: нет рациональной точки для коники
  F3 c6/c5@t0=7: rank[2,2] g=2 src=pari sat=1 tors=4 st=1868 hmax=899 pr=50 surv=2 ex=0 bad=0 hits=0 t=0s
  F3 c5/c7: нет рациональной точки для коники
  F3 c6/c7@t0=7: rank[2,2] g=2 src=pari sat=1 tors=4 st=1868 hmax=899 pr=50 surv=2 ex=0 bad=0 hits=0 t=0s
  F4 c2/c3: кривая не построена (нет точки на квартике)
  F4 c2/c5: кривая не построена (нет точки на квартике)
  F4 c2/c6: нет рациональной точки для коники
  F4 c2/c7: кривая не построена (нет точки на квартике)
  F4 c3/c5@t0=7: rank[2,2] g=2 src=pari sat=1 tors=4 st=2372 hmax=886 pr=50 surv=4 ex=0 bad=0 hits=0 t=0s
  F4 c3/c6: кривая не построена (нет точки на квартике)
  F4 c3/c7@t0=7: rank[2,2] g=2 src=pari sat=1 tors=4 st=2372 hmax=886 pr=50 surv=4 ex=0 bad=0 hits=0 t=0s
  F4 c5/c6: кривая не построена (нет точки на квартике)
  F4 c5/c7@t0=7: rank[2,2] g=2 src=pari sat=1 tors=4 st=2460 hmax=891 pr=50 surv=4 ex=0 bad=0 hits=0 t=0s
  F4 c7/c6@t0=7: rank[2,2] g=2 src=pari sat=1 tors=4 st=1868 hmax=899 pr=50 surv=2 ex=0 bad=0 hits=0 t=0s
== (P,Q)=(33,8) C=1153/2 non
  F1 c0/c2: кривая не построена (нет точки на квартике)
  F1 c0/c3@t0=8: rank[1,3] g=1 INC src=pari+mw sat=1 tors=4 st=124 hmax=851 pr=50 surv=4 ex=0 bad=0 hits=0 t=10s
  F1 c0/c6: кривая не построена (нет точки на квартике)
  F1 c0/c8@t0=8: rank[2,2] g=2 src=pari sat=1 tors=4 st=1828 hmax=897 pr=50 surv=4 ex=0 bad=0 hits=0 t=0s
  F1 c3/c2@t0=8: rank[1,3] g=1 INC src=pari+mw sat=1 tors=4 st=124 hmax=851 pr=50 surv=2 ex=0 bad=0 hits=0 t=0s
  F1 c2/c6@t0=33: rank[2,2] g=2 src=pari sat=1 tors=4 st=1068 hmax=888 pr=50 surv=4 ex=0 bad=0 hits=0 t=0s
  F1 c2/c8: кривая не построена (нет точки на квартике)
  F1 c3/c6@t0=8: rank[1,1] g=1 src=pari sat=1 tors=4 st=124 hmax=793 pr=50 surv=2 ex=0 bad=0 hits=0 t=0s
  F1 c3/c8@t0=8: rank[1,1] g=1 src=pari sat=1 tors=4 st=124 hmax=793 pr=50 surv=4 ex=0 bad=0 hits=0 t=0s
  F1 c6/c8: кривая не построена (нет точки на квартике)
  F2 c2/c3: кривая не построена (нет точки на квартике)
  F2 c2/c5: кривая не построена (нет точки на квартике)
  F2 c2/c6: нет рациональной точки для коники
  F2 c2/c8: кривая не построена (нет точки на квартике)
  F2 c3/c5@t0=8: rank[1,3] g=1 INC src=pari+mw sat=1 tors=4 st=124 hmax=851 pr=50 surv=4 ex=0 bad=0 hits=0 t=0s
  F2 c3/c6: кривая не построена (нет точки на квартике)
  F2 c3/c8@t0=8: rank[2,2] g=2 src=pari sat=1 tors=4 st=1068 hmax=888 pr=50 surv=4 ex=0 bad=0 hits=0 t=0s
  F2 c5/c6: кривая не построена (нет точки на квартике)
  F2 c5/c8@t0=8: rank[2,2] g=2 src=pari sat=1 tors=4 st=1828 hmax=897 pr=50 surv=4 ex=0 bad=0 hits=0 t=0s
  F2 c6/c8: кривая не построена (нет точки на квартике)
  F3 c1/c3: нет рациональной точки для коники
  F3 c1/c5: нет рациональной точки для коники
  F3 c1/c6: кривая не построена (нет точки на квартике)
  F3 c1/c7: нет рациональной точки для коники
  F3 c3/c5: нет рациональной точки для коники
  F3 c3/c6: кривая не построена (нет точки на квартике)
  F3 c3/c7: нет рациональной точки для коники
  F3 c5/c6: кривая не построена (нет точки на квартике)
  F3 c5/c7: нет рациональной точки для коники
  F3 c6/c7: кривая не построена (нет точки на квартике)
  F4 c2/c3: кривая не построена (нет точки на квартике)
  F4 c2/c5: кривая не построена (нет точки на квартике)
  F4 c2/c6: нет рациональной точки для коники
  F4 c2/c7: кривая не построена (нет точки на квартике)
  F4 c3/c5@t0=8: rank[2,2] g=2 src=pari sat=1 tors=4 st=1740 hmax=895 pr=50 surv=4 ex=0 bad=0 hits=0 t=0s
  F4 c3/c6: кривая не построена (нет точки на квартике)
  F4 c3/c7@t0=8: rank[2,2] g=2 src=pari sat=1 tors=4 st=1740 hmax=895 pr=50 surv=4 ex=0 bad=0 hits=0 t=0s
  F4 c5/c6: кривая не построена (нет точки на квартике)
  F4 c5/c7@t0=8: rank[2,2] g=2 src=pari sat=1 tors=4 st=1836 hmax=898 pr=50 surv=4 ex=0 bad=0 hits=0 t=0s
  F4 c6/c7: кривая не построена (нет точки на квартике)
== (P,Q)=(33,10) C=1189/2 non
  F1 c0/c2: кривая не построена (нет точки на квартике)
  F1 c0/c3@t0=10: rank[3,3] g=3 src=pari sat=1 tors=4 st=9604 hmax=322 pr=50 surv=4 ex=0 bad=0 hits=0 t=0s
  F1 c0/c6: кривая не построена (нет точки на квартике)
  F1 c0/c8@t0=10: rank[1,1] g=1 src=pari sat=1 tors=4 st=124 hmax=848 pr=50 surv=4 ex=0 bad=0 hits=0 t=0s
  F1 c3/c2@t0=10: rank[3,3] g=3 src=pari sat=1 tors=4 st=9604 hmax=322 pr=50 surv=2 ex=0 bad=0 hits=0 t=0s
  F1 c2/c6@t0=33: rank[3,3] g=3 src=pari sat=1 tors=4 st=9604 hmax=313 pr=50 surv=4 ex=0 bad=0 hits=0 t=0s
  F1 c2/c8: кривая не построена (нет точки на квартике)
  F1 c3/c6@t0=10: rank[1,1] g=1 src=pari sat=1 tors=4 st=124 hmax=796 pr=50 surv=2 ex=0 bad=0 hits=0 t=0s
  F1 c3/c8@t0=10: rank[1,1] g=1 src=pari sat=1 tors=4 st=124 hmax=796 pr=50 surv=4 ex=0 bad=0 hits=0 t=0s
  F1 c6/c8: кривая не построена (нет точки на квартике)
  F2 c2/c3: кривая не построена (нет точки на квартике)
  F2 c2/c5: кривая не построена (нет точки на квартике)
  F2 c2/c6: нет рациональной точки для коники
  F2 c2/c8: кривая не построена (нет точки на квартике)
  F2 c3/c5@t0=10: rank[3,3] g=3 src=pari sat=1 tors=4 st=9604 hmax=322 pr=50 surv=4 ex=0 bad=0 hits=0 t=0s
  F2 c3/c6: кривая не построена (нет точки на квартике)
  F2 c3/c8@t0=10: rank[3,3] g=3 src=pari sat=1 tors=4 st=9604 hmax=313 pr=50 surv=4 ex=0 bad=0 hits=0 t=0s
  F2 c5/c6: кривая не построена (нет точки на квартике)
  F2 c5/c8@t0=10: rank[1,1] g=1 src=pari sat=1 tors=4 st=124 hmax=848 pr=50 surv=4 ex=0 bad=0 hits=0 t=0s
  F2 c6/c8: кривая не построена (нет точки на квартике)
  F3 c1/c3: нет рациональной точки для коники
  F3 c1/c5: нет рациональной точки для коники
  F3 c1/c6: кривая не построена (нет точки на квартике)
  F3 c1/c7: нет рациональной точки для коники
  F3 c3/c5: нет рациональной точки для коники
  F3 c3/c6: кривая не построена (нет точки на квартике)
  F3 c3/c7: нет рациональной точки для коники
  F3 c5/c6: кривая не построена (нет точки на квартике)
  F3 c5/c7: нет рациональной точки для коники
  F3 c6/c7: кривая не построена (нет точки на квартике)
  F4 c2/c3: кривая не построена (нет точки на квартике)
  F4 c2/c5: кривая не построена (нет точки на квартике)
  F4 c2/c6: нет рациональной точки для коники
  F4 c2/c7: кривая не построена (нет точки на квартике)
  F4 c3/c5@t0=10: rank[2,2] g=2 src=pari sat=1 tors=4 st=3404 hmax=895 pr=50 surv=4 ex=0 bad=0 hits=0 t=0s
  F4 c3/c6: кривая не построена (нет точки на квартике)
  F4 c3/c7@t0=10: rank[2,2] g=2 src=pari sat=1 tors=4 st=3404 hmax=895 pr=50 surv=4 ex=0 bad=0 hits=0 t=0s
  F4 c5/c6: кривая не построена (нет точки на квартике)
  F4 c5/c7@t0=10: rank[3,3] g=3 src=pari sat=1 tors=4 st=9540 hmax=243 pr=50 surv=4 ex=0 bad=0 hits=0 t=0s
  F4 c6/c7: кривая не построена (нет точки на квартике)
== (P,Q)=(33,13) C=629 non
  F1 c0/c2: кривая не построена (нет точки на квартике)
  F1 c0/c3@t0=13: rank[2,2] g=2 src=pari sat=1 tors=4 st=1972 hmax=895 pr=50 surv=4 ex=0 bad=0 hits=0 t=0s
  F1 c0/c6: кривая не построена (нет точки на квартике)
  F1 c0/c8@t0=13: rank[2,2] g=2 src=pari sat=1 tors=4 st=2836 hmax=899 pr=50 surv=4 ex=0 bad=0 hits=0 t=0s
  F1 c3/c2@t0=13: rank[2,2] g=2 src=pari sat=1 tors=4 st=1972 hmax=895 pr=50 surv=2 ex=0 bad=0 hits=0 t=0s
  F1 c2/c6@t0=33: rank[2,2] g=2 src=pari sat=1 tors=4 st=2396 hmax=900 pr=50 surv=4 ex=0 bad=0 hits=0 t=0s
  F1 c2/c8: кривая не построена (нет точки на квартике)
  F1 c3/c6@t0=13: rank[2,2] g=2 src=pari sat=1 tors=4 st=2708 hmax=898 pr=50 surv=2 ex=0 bad=0 hits=0 t=0s
  F1 c3/c8@t0=13: rank[2,2] g=2 src=pari sat=1 tors=4 st=2708 hmax=898 pr=50 surv=4 ex=0 bad=0 hits=0 t=0s
  F1 c6/c8: кривая не построена (нет точки на квартике)
  F2 c2/c3: кривая не построена (нет точки на квартике)
  F2 c2/c5: кривая не построена (нет точки на квартике)
  F2 c2/c6: нет рациональной точки для коники
  F2 c2/c8: кривая не построена (нет точки на квартике)
  F2 c3/c5@t0=13: rank[2,2] g=2 src=pari sat=1 tors=4 st=1972 hmax=895 pr=50 surv=4 ex=0 bad=0 hits=0 t=0s
  F2 c3/c6: кривая не построена (нет точки на квартике)
  F2 c3/c8@t0=13: rank[2,2] g=2 src=pari sat=1 tors=4 st=2396 hmax=900 pr=50 surv=4 ex=0 bad=0 hits=0 t=0s
  F2 c5/c6: кривая не построена (нет точки на квартике)
  F2 c5/c8@t0=13: rank[2,2] g=2 src=pari sat=1 tors=4 st=2836 hmax=899 pr=50 surv=4 ex=0 bad=0 hits=0 t=0s
  F2 c6/c8: кривая не построена (нет точки на квартике)
  F3 c1/c3: нет рациональной точки для коники
  F3 c1/c5: нет рациональной точки для коники
  F3 c1/c6: кривая не построена (нет точки на квартике)
  F3 c1/c7: нет рациональной точки для коники
  F3 c3/c5: нет рациональной точки для коники
  F3 c3/c6: кривая не построена (нет точки на квартике)
  F3 c3/c7: нет рациональной точки для коники
  F3 c5/c6: кривая не построена (нет точки на квартике)
  F3 c5/c7: нет рациональной точки для коники
  F3 c6/c7: кривая не построена (нет точки на квартике)
  F4 c2/c3: кривая не построена (нет точки на квартике)
  F4 c2/c5: кривая не построена (нет точки на квартике)
  F4 c2/c6: нет рациональной точки для коники
  F4 c2/c7: кривая не построена (нет точки на квартике)
  F4 c3/c5@t0=13: rank[2,2] g=2 src=pari sat=1 tors=4 st=3740 hmax=898 pr=50 surv=4 ex=0 bad=0 hits=0 t=0s
  F4 c3/c6: кривая не построена (нет точки на квартике)
  F4 c3/c7@t0=13: rank[2,2] g=2 src=pari sat=1 tors=4 st=3740 hmax=898 pr=50 surv=4 ex=0 bad=0 hits=0 t=0s
  F4 c5/c6: кривая не построена (нет точки на квартике)
  F4 c5/c7@t0=13: rank[1,1] g=1 src=pari sat=1 tors=4 st=124 hmax=801 pr=50 surv=4 ex=0 bad=0 hits=0 t=0s
  F4 c6/c7: кривая не построена (нет точки на квартике)
== (P,Q)=(33,14) C=1285/2 non
  F1 c0/c2: кривая не построена (нет точки на квартике)
  F1 c0/c3@t0=14: rank[2,2] g=2 src=pari sat=1 tors=4 st=2068 hmax=898 pr=50 surv=4 ex=0 bad=0 hits=0 t=0s
  F1 c0/c6: кривая не построена (нет точки на квартике)
  F1 c0/c8@t0=14: rank[1,1] g=1 src=pari sat=1 tors=4 st=124 hmax=857 pr=50 surv=4 ex=0 bad=0 hits=0 t=0s
  F1 c3/c2@t0=14: rank[2,2] g=2 src=pari sat=1 tors=4 st=2068 hmax=898 pr=50 surv=2 ex=0 bad=0 hits=0 t=0s
  F1 c2/c6@t0=33: rank[3,3] g=3 src=pari sat=1 tors=4 st=9596 hmax=378 pr=50 surv=4 ex=0 bad=0 hits=0 t=0s
  F1 c2/c8: кривая не построена (нет точки на квартике)
  F1 c3/c6@t0=14: rank[2,2] g=2 src=pari sat=1 tors=4 st=2116 hmax=889 pr=50 surv=2 ex=0 bad=0 hits=0 t=0s
  F1 c3/c8@t0=14: rank[2,2] g=2 src=pari sat=1 tors=4 st=2116 hmax=889 pr=50 surv=4 ex=0 bad=0 hits=0 t=0s
  F1 c6/c8: кривая не построена (нет точки на квартике)
  F2 c2/c3: кривая не построена (нет точки на квартике)
  F2 c2/c5: кривая не построена (нет точки на квартике)
  F2 c2/c6: нет рациональной точки для коники
  F2 c2/c8: кривая не построена (нет точки на квартике)
  F2 c3/c5@t0=14: rank[2,2] g=2 src=pari sat=1 tors=4 st=2068 hmax=898 pr=50 surv=4 ex=0 bad=0 hits=0 t=0s
  F2 c3/c6: кривая не построена (нет точки на квартике)
  F2 c3/c8@t0=14: rank[3,3] g=3 src=pari sat=1 tors=4 st=9596 hmax=378 pr=50 surv=4 ex=0 bad=0 hits=0 t=0s
  F2 c5/c6: кривая не построена (нет точки на квартике)
  F2 c5/c8@t0=14: rank[1,1] g=1 src=pari sat=1 tors=4 st=124 hmax=857 pr=50 surv=4 ex=0 bad=0 hits=0 t=0s
  F2 c6/c8: кривая не построена (нет точки на квартике)
  F3 c1/c3: нет рациональной точки для коники
  F3 c1/c5: нет рациональной точки для коники
  F3 c1/c6: кривая не построена (нет точки на квартике)
  F3 c1/c7: нет рациональной точки для коники
  F3 c3/c5: нет рациональной точки для коники
  F3 c3/c6: кривая не построена (нет точки на квартике)
  F3 c3/c7: нет рациональной точки для коники
  F3 c5/c6: кривая не построена (нет точки на квартике)
  F3 c5/c7: нет рациональной точки для коники
  F3 c6/c7: кривая не построена (нет точки на квартике)
  F4 c2/c3: кривая не построена (нет точки на квартике)
  F4 c2/c5: кривая не построена (нет точки на квартике)
  F4 c2/c6: нет рациональной точки для коники
  F4 c2/c7: кривая не построена (нет точки на квартике)
  F4 c3/c5@t0=14: rank[1,1] g=1 src=pari sat=1 tors=4 st=132 hmax=895 pr=50 surv=4 ex=0 bad=0 hits=0 t=0s
  F4 c3/c6: кривая не построена (нет точки на квартике)
  F4 c3/c7@t0=14: rank[1,1] g=1 src=pari sat=1 tors=4 st=132 hmax=895 pr=50 surv=4 ex=0 bad=0 hits=0 t=0s
  F4 c5/c6: кривая не построена (нет точки на квартике)
  F4 c5/c7@t0=14: rank[1,1] g=1 src=pari sat=1 tors=4 st=124 hmax=803 pr=50 surv=4 ex=0 bad=0 hits=0 t=0s
  F4 c6/c7: кривая не построена (нет точки на квартике)
== (P,Q)=(33,16) C=1345/2 non
  F1 c0/c2: кривая не построена (нет точки на квартике)
  F1 c0/c3@t0=16: rank[2,2] g=2 src=pari sat=1 tors=4 st=1828 hmax=897 pr=50 surv=4 ex=0 bad=0 hits=0 t=0s
  F1 c0/c6: кривая не построена (нет точки на квартике)
  F1 c0/c8@t0=16: rank[2,2] g=2 src=pari sat=1 tors=4 st=1164 hmax=898 pr=50 surv=4 ex=0 bad=0 hits=0 t=0s
  F1 c3/c2@t0=16: rank[2,2] g=2 src=pari sat=1 tors=4 st=1828 hmax=897 pr=50 surv=2 ex=0 bad=0 hits=0 t=0s
  F1 c2/c6@t0=33: rank[1,1] g=1 src=pari sat=1 tors=4 st=124 hmax=828 pr=50 surv=4 ex=0 bad=0 hits=0 t=0s
  F1 c2/c8: кривая не построена (нет точки на квартике)
  F1 c3/c6@t0=16: rank[1,1] g=1 src=pari sat=1 tors=4 st=124 hmax=809 pr=50 surv=2 ex=0 bad=0 hits=0 t=0s
  F1 c3/c8@t0=16: rank[1,1] g=1 src=pari sat=1 tors=4 st=124 hmax=809 pr=50 surv=4 ex=0 bad=0 hits=0 t=0s
  F1 c6/c8: кривая не построена (нет точки на квартике)
  F2 c2/c3: кривая не построена (нет точки на квартике)
  F2 c2/c5: кривая не построена (нет точки на квартике)
  F2 c2/c6: нет рациональной точки для коники
  F2 c2/c8: кривая не построена (нет точки на квартике)
  F2 c3/c5@t0=16: rank[2,2] g=2 src=pari sat=1 tors=4 st=1828 hmax=897 pr=50 surv=4 ex=0 bad=0 hits=0 t=0s
  F2 c3/c6: кривая не построена (нет точки на квартике)
  F2 c3/c8@t0=16: rank[1,1] g=1 src=pari sat=1 tors=4 st=124 hmax=828 pr=50 surv=4 ex=0 bad=0 hits=0 t=0s
  F2 c5/c6: кривая не построена (нет точки на квартике)
  F2 c5/c8@t0=16: rank[2,2] g=2 src=pari sat=1 tors=4 st=1164 hmax=898 pr=50 surv=4 ex=0 bad=0 hits=0 t=0s
  F2 c6/c8: кривая не построена (нет точки на квартике)
  F3 c1/c3: нет рациональной точки для коники
  F3 c1/c5: нет рациональной точки для коники
  F3 c1/c6: кривая не построена (нет точки на квартике)
  F3 c1/c7: нет рациональной точки для коники
  F3 c3/c5: нет рациональной точки для коники
  F3 c3/c6: кривая не построена (нет точки на квартике)
  F3 c3/c7: нет рациональной точки для коники
  F3 c5/c6: кривая не построена (нет точки на квартике)
  F3 c5/c7: нет рациональной точки для коники
  F3 c6/c7: кривая не построена (нет точки на квартике)
  F4 c2/c3: кривая не построена (нет точки на квартике)
  F4 c2/c5: кривая не построена (нет точки на квартике)
  F4 c2/c6: нет рациональной точки для коники
  F4 c2/c7: кривая не построена (нет точки на квартике)
  F4 c3/c5@t0=16: rank[2,2] g=2 src=pari sat=1 tors=4 st=2956 hmax=898 pr=50 surv=4 ex=0 bad=0 hits=0 t=0s
  F4 c3/c6: кривая не построена (нет точки на квартике)
  F4 c3/c7@t0=16: rank[2,2] g=2 src=pari sat=1 tors=4 st=2956 hmax=898 pr=50 surv=4 ex=0 bad=0 hits=0 t=0s
  F4 c5/c6@t0=16: rank[2,2] g=2 src=pari sat=1 tors=4 st=4220 hmax=899 pr=50 surv=6 ex=0 bad=0 hits=0 t=0s
  F4 c5/c7@t0=16: rank[2,2] g=2 src=pari sat=1 tors=4 st=3308 hmax=899 pr=50 surv=4 ex=0 bad=0 hits=0 t=0s
  F4 c6/c7: кривая не построена (нет точки на квартике)
== (P,Q)=(33,17) C=689 non
  F1 c0/c2: кривая не построена (нет точки на квартике)
  F1 c0/c3@t0=17: rank[2,2] g=2 src=pari sat=1 tors=4 st=2572 hmax=899 pr=50 surv=4 ex=0 bad=0 hits=0 t=0s
  F1 c0/c6: кривая не построена (нет точки на квартике)
  F1 c0/c8@t0=17: rank[3,3] g=3 src=pari sat=1 tors=4 st=9604 hmax=238 pr=50 surv=4 ex=0 bad=0 hits=0 t=0s
  F1 c3/c2@t0=17: rank[2,2] g=2 src=pari sat=1 tors=4 st=2572 hmax=899 pr=50 surv=2 ex=0 bad=0 hits=0 t=0s
  F1 c2/c6@t0=33: rank[2,2] g=2 src=pari sat=1 tors=4 st=2588 hmax=899 pr=50 surv=4 ex=0 bad=0 hits=0 t=0s
  F1 c2/c8: кривая не построена (нет точки на квартике)
  F1 c3/c6@t0=17: rank[1,1] g=1 src=pari sat=1 tors=4 st=124 hmax=890 pr=50 surv=2 ex=0 bad=0 hits=0 t=0s
  F1 c3/c8@t0=17: rank[1,1] g=1 src=pari sat=1 tors=4 st=124 hmax=890 pr=50 surv=4 ex=0 bad=0 hits=0 t=0s
  F1 c6/c8: кривая не построена (нет точки на квартике)
  F2 c2/c3: кривая не построена (нет точки на квартике)
  F2 c2/c5: кривая не построена (нет точки на квартике)
  F2 c2/c6: нет рациональной точки для коники
  F2 c2/c8: кривая не построена (нет точки на квартике)
  F2 c3/c5@t0=17: rank[2,2] g=2 src=pari sat=1 tors=4 st=2572 hmax=899 pr=50 surv=4 ex=0 bad=0 hits=0 t=0s
  F2 c3/c6: кривая не построена (нет точки на квартике)
  F2 c3/c8@t0=17: rank[2,2] g=2 src=pari sat=1 tors=4 st=2588 hmax=899 pr=50 surv=4 ex=0 bad=0 hits=0 t=0s
  F2 c5/c6: кривая не построена (нет точки на квартике)
  F2 c5/c8@t0=17: rank[3,3] g=3 src=pari sat=1 tors=4 st=9604 hmax=238 pr=50 surv=4 ex=0 bad=0 hits=0 t=0s
  F2 c6/c8: кривая не построена (нет точки на квартике)
  F3 c1/c3: нет рациональной точки для коники
  F3 c1/c5: нет рациональной точки для коники
  F3 c1/c6: кривая не построена (нет точки на квартике)
  F3 c1/c7: нет рациональной точки для коники
  F3 c3/c5: нет рациональной точки для коники
  F3 c3/c6: кривая не построена (нет точки на квартике)
  F3 c3/c7: нет рациональной точки для коники
  F3 c5/c6: кривая не построена (нет точки на квартике)
  F3 c5/c7: нет рациональной точки для коники
  F3 c6/c7: кривая не построена (нет точки на квартике)
  F4 c2/c3: кривая не построена (нет точки на квартике)
  F4 c2/c5: кривая не построена (нет точки на квартике)
  F4 c2/c6: нет рациональной точки для коники
  F4 c2/c7: кривая не построена (нет точки на квартике)
  F4 c3/c5@t0=17: rank[2,2] g=2 src=pari sat=1 tors=4 st=3516 hmax=898 pr=50 surv=4 ex=0 bad=0 hits=0 t=0s
  F4 c3/c6: кривая не построена (нет точки на квартике)
  F4 c3/c7@t0=17: rank[2,2] g=2 src=pari sat=1 tors=4 st=3516 hmax=898 pr=50 surv=4 ex=0 bad=0 hits=0 t=0s
  F4 c5/c6: кривая не построена (нет точки на квартике)
  F4 c5/c7@t0=17: rank[1,1] g=1 src=pari sat=1 tors=4 st=124 hmax=810 pr=50 surv=4 ex=0 bad=0 hits=0 t=0s
  F4 c6/c7: кривая не построена (нет точки на квартике)
== (P,Q)=(33,19) C=725 non
  F1 c0/c2: кривая не построена (нет точки на квартике)
  F1 c0/c3@t0=19: rank[1,1] g=1 src=pari sat=1 tors=4 st=124 hmax=888 pr=50 surv=4 ex=0 bad=0 hits=0 t=0s
  F1 c0/c6: кривая не построена (нет точки на квартике)
  F1 c0/c8@t0=19: rank[2,2] g=2 src=pari sat=1 tors=4 st=2332 hmax=895 pr=50 surv=4 ex=0 bad=0 hits=0 t=0s
  F1 c3/c2@t0=19: rank[1,1] g=1 src=pari sat=1 tors=4 st=124 hmax=888 pr=50 surv=2 ex=0 bad=0 hits=0 t=0s
  F1 c2/c6@t0=33: rank[2,2] g=2 src=pari sat=1 tors=4 st=3748 hmax=900 pr=50 surv=4 ex=0 bad=0 hits=0 t=0s
  F1 c2/c8: кривая не построена (нет точки на квартике)
  F1 c3/c6@t0=19: rank[1,1] g=1 src=pari sat=1 tors=4 st=124 hmax=895 pr=50 surv=2 ex=0 bad=0 hits=0 t=0s
  F1 c3/c8@t0=19: rank[1,1] g=1 src=pari sat=1 tors=4 st=124 hmax=895 pr=50 surv=4 ex=0 bad=0 hits=0 t=0s
  F1 c6/c8: кривая не построена (нет точки на квартике)
  F2 c2/c3: кривая не построена (нет точки на квартике)
  F2 c2/c5: кривая не построена (нет точки на квартике)
  F2 c2/c6: нет рациональной точки для коники
  F2 c2/c8: кривая не построена (нет точки на квартике)
  F2 c3/c5@t0=19: rank[1,1] g=1 src=pari sat=1 tors=4 st=124 hmax=888 pr=50 surv=4 ex=0 bad=0 hits=0 t=0s
  F2 c3/c6: кривая не построена (нет точки на квартике)
  F2 c3/c8@t0=19: rank[2,2] g=2 src=pari sat=1 tors=4 st=3748 hmax=900 pr=50 surv=4 ex=0 bad=0 hits=0 t=0s
  F2 c5/c6: кривая не построена (нет точки на квартике)
  F2 c5/c8@t0=19: rank[2,2] g=2 src=pari sat=1 tors=4 st=2332 hmax=895 pr=50 surv=4 ex=0 bad=0 hits=0 t=0s
  F2 c6/c8: кривая не построена (нет точки на квартике)
  F3 c1/c3: нет рациональной точки для коники
  F3 c1/c5: нет рациональной точки для коники
  F3 c1/c6: кривая не построена (нет точки на квартике)
  F3 c1/c7: нет рациональной точки для коники
  F3 c3/c5: нет рациональной точки для коники
  F3 c3/c6: кривая не построена (нет точки на квартике)
  F3 c3/c7: нет рациональной точки для коники
  F3 c5/c6: кривая не построена (нет точки на квартике)
  F3 c5/c7: нет рациональной точки для коники
  F3 c6/c7: кривая не построена (нет точки на квартике)
  F4 c2/c3: кривая не построена (нет точки на квартике)
  F4 c2/c5: кривая не построена (нет точки на квартике)
  F4 c2/c6: нет рациональной точки для коники
  F4 c2/c7: кривая не построена (нет точки на квартике)
  F4 c3/c5@t0=19: rank[2,2] g=2 src=pari sat=1 tors=4 st=2980 hmax=900 pr=50 surv=4 ex=0 bad=0 hits=0 t=0s
  F4 c3/c6: кривая не построена (нет точки на квартике)
  F4 c3/c7@t0=19: rank[2,2] g=2 src=pari sat=1 tors=4 st=2980 hmax=900 pr=50 surv=4 ex=0 bad=0 hits=0 t=0s
  F4 c5/c6: кривая не построена (нет точки на квартике)
  F4 c5/c7@t0=19: rank[2,2] g=2 src=pari sat=1 tors=4 st=3756 hmax=898 pr=50 surv=4 ex=0 bad=0 hits=0 t=0s
  F4 c6/c7: кривая не построена (нет точки на квартике)
== (P,Q)=(33,20) C=1489/2 non
  F1 c0/c2: кривая не построена (нет точки на квартике)
  F1 c0/c3@t0=20: rank[1,1] g=1 src=pari sat=1 tors=4 st=124 hmax=892 pr=50 surv=4 ex=0 bad=0 hits=0 t=0s
  F1 c0/c6: кривая не построена (нет точки на квартике)
  F1 c0/c8@t0=20: rank[3,3] g=3 src=pari sat=1 tors=4 st=9572 hmax=429 pr=50 surv=4 ex=0 bad=0 hits=0 t=0s
  F1 c3/c2@t0=20: rank[1,1] g=1 src=pari sat=1 tors=4 st=124 hmax=892 pr=50 surv=2 ex=0 bad=0 hits=0 t=0s
  F1 c2/c6@t0=33: rank[2,2] g=2 src=pari sat=1 tors=4 st=1900 hmax=897 pr=50 surv=4 ex=0 bad=0 hits=0 t=0s
  F1 c2/c8: кривая не построена (нет точки на квартике)
  F1 c3/c6@t0=20: rank[2,2] g=2 src=pari sat=1 tors=4 st=1140 hmax=888 pr=50 surv=2 ex=0 bad=0 hits=0 t=0s
  F1 c3/c8@t0=20: rank[2,2] g=2 src=pari sat=1 tors=4 st=1140 hmax=888 pr=50 surv=4 ex=0 bad=0 hits=0 t=0s
  F1 c6/c8: кривая не построена (нет точки на квартике)
  F2 c2/c3: кривая не построена (нет точки на квартике)
  F2 c2/c5: кривая не построена (нет точки на квартике)
  F2 c2/c6: нет рациональной точки для коники
  F2 c2/c8: кривая не построена (нет точки на квартике)
  F2 c3/c5@t0=20: rank[1,1] g=1 src=pari sat=1 tors=4 st=124 hmax=892 pr=50 surv=4 ex=0 bad=0 hits=0 t=0s
  F2 c3/c6: кривая не построена (нет точки на квартике)
  F2 c3/c8@t0=20: rank[2,2] g=2 src=pari sat=1 tors=4 st=1900 hmax=897 pr=50 surv=4 ex=0 bad=0 hits=0 t=0s
  F2 c5/c6: кривая не построена (нет точки на квартике)
  F2 c5/c8@t0=20: rank[3,3] g=3 src=pari sat=1 tors=4 st=9572 hmax=429 pr=50 surv=4 ex=0 bad=0 hits=0 t=0s
  F2 c6/c8: кривая не построена (нет точки на квартике)
  F3 c1/c3: нет рациональной точки для коники
  F3 c1/c5: нет рациональной точки для коники
  F3 c1/c6: кривая не построена (нет точки на квартике)
  F3 c1/c7: нет рациональной точки для коники
  F3 c3/c5: нет рациональной точки для коники
  F3 c3/c6: кривая не построена (нет точки на квартике)
  F3 c3/c7: нет рациональной точки для коники
  F3 c5/c6: кривая не построена (нет точки на квартике)
  F3 c5/c7: нет рациональной точки для коники
  F3 c6/c7: кривая не построена (нет точки на квартике)
  F4 c2/c3: кривая не построена (нет точки на квартике)
  F4 c2/c5: кривая не построена (нет точки на квартике)
  F4 c2/c6: нет рациональной точки для коники
  F4 c2/c7: кривая не построена (нет точки на квартике)
  F4 c3/c5@t0=20: rank[2,2] g=2 src=pari sat=1 tors=4 st=2180 hmax=898 pr=50 surv=4 ex=0 bad=0 hits=0 t=0s
  F4 c3/c6: кривая не построена (нет точки на квартике)
  F4 c3/c7@t0=20: rank[2,2] g=2 src=pari sat=1 tors=4 st=2180 hmax=898 pr=50 surv=4 ex=0 bad=0 hits=0 t=0s
  F4 c5/c6: кривая не построена (нет точки на квартике)
  F4 c5/c7@t0=20: rank[1,1] g=1 src=pari sat=1 tors=4 st=124 hmax=818 pr=50 surv=4 ex=0 bad=0 hits=0 t=0s
  F4 c6/c7: кривая не построена (нет точки на квартике)
== (P,Q)=(33,23) C=809 non
  F1 c0/c2: кривая не построена (нет точки на квартике)
  F1 c0/c3@t0=23: rank[2,2] g=2 src=pari sat=1 tors=4 st=2020 hmax=899 pr=50 surv=4 ex=0 bad=0 hits=0 t=0s
  F1 c0/c6: кривая не построена (нет точки на квартике)
  F1 c0/c8@t0=23: rank[2,2] g=2 src=pari sat=1 tors=4 st=1948 hmax=900 pr=50 surv=4 ex=0 bad=0 hits=0 t=0s
  F1 c3/c2@t0=23: rank[2,2] g=2 src=pari sat=1 tors=4 st=2020 hmax=899 pr=50 surv=2 ex=0 bad=0 hits=0 t=0s
  F1 c2/c6@t0=33: rank[2,2] g=2 src=pari sat=1 tors=4 st=2108 hmax=897 pr=50 surv=4 ex=0 bad=0 hits=0 t=0s
  F1 c8/c2@t0=23: rank[2,2] g=2 src=pari sat=1 tors=4 st=1972 hmax=899 pr=50 surv=2 ex=0 bad=0 hits=0 t=0s
  F1 c3/c6@t0=23: rank[2,2] g=2 src=pari sat=1 tors=4 st=1804 hmax=899 pr=50 surv=2 ex=0 bad=0 hits=0 t=0s
  F1 c3/c8@t0=23: rank[2,2] g=2 src=pari sat=1 tors=4 st=1804 hmax=899 pr=50 surv=4 ex=0 bad=0 hits=0 t=0s
  F1 c6/c8: кривая не построена (нет точки на квартике)
  F2 c2/c3: кривая не построена (нет точки на квартике)
  F2 c2/c5: кривая не построена (нет точки на квартике)
  F2 c2/c6: кривая не построена (нет точки на квартике)
  F2 c2/c8: кривая не построена (нет точки на квартике)
  F2 c3/c5@t0=23: rank[2,2] g=2 src=pari sat=1 tors=4 st=2020 hmax=899 pr=50 surv=4 ex=0 bad=0 hits=0 t=0s
  F2 c3/c6@t0=23: rank[2,2] g=2 src=pari sat=1 tors=4 st=1972 hmax=899 pr=50 surv=2 ex=0 bad=0 hits=0 t=0s
  F2 c3/c8@t0=23: rank[2,2] g=2 src=pari sat=1 tors=4 st=2108 hmax=897 pr=50 surv=4 ex=0 bad=0 hits=0 t=1s
  F2 c5/c6: кривая не построена (нет точки на квартике)
  F2 c5/c8@t0=23: rank[2,2] g=2 src=pari sat=1 tors=4 st=1948 hmax=900 pr=50 surv=4 ex=0 bad=0 hits=0 t=1s
  F2 c8/c6@t0=23: rank[2,2] g=2 src=pari sat=1 tors=4 st=2188 hmax=900 pr=50 surv=2 ex=0 bad=0 hits=0 t=0s
  F3 c1/c3: кривая не построена (нет точки на квартике)
  F3 c1/c5: кривая не построена (нет точки на квартике)
  F3 c1/c6: кривая не построена (нет точки на квартике)
  F3 c1/c7: кривая не построена (нет точки на квартике)
  F3 c5/c3@t0=23: rank[2,2] g=2 src=pari sat=1 tors=4 st=2188 hmax=900 pr=50 surv=2 ex=0 bad=0 hits=0 t=0s
  F3 c3/c6: кривая не построена (нет точки на квартике)
  F3 c7/c3@t0=33: rank[1,1] g=1 src=pari sat=1 tors=4 st=164 hmax=826 pr=50 surv=6 ex=0 bad=0 hits=0 t=0s
  F3 c5/c6@t0=23: rank[2,2] g=2 src=pari sat=1 tors=4 st=2188 hmax=900 pr=50 surv=4 ex=0 bad=0 hits=0 t=1s
  F3 c5/c7: кривая не построена (нет точки на квартике)
  F3 c6/c7@t0=23: rank[2,2] g=2 src=pari sat=1 tors=4 st=2188 hmax=900 pr=50 surv=2 ex=0 bad=0 hits=0 t=0s
  F4 c2/c3: кривая не построена (нет точки на квартике)
  F4 c2/c5: кривая не построена (нет точки на квартике)
  F4 c2/c6: кривая не построена (нет точки на квартике)
  F4 c2/c7: кривая не построена (нет точки на квартике)
  F4 c3/c5@t0=23: rank[1,1] g=1 src=pari sat=1 tors=4 st=124 hmax=861 pr=50 surv=4 ex=0 bad=0 hits=0 t=1s
  F4 c3/c6: кривая не построена (нет точки на квартике)
  F4 c3/c7@t0=23: rank[1,1] g=1 src=pari sat=1 tors=4 st=124 hmax=861 pr=50 surv=4 ex=0 bad=0 hits=0 t=1s
  F4 c5/c6@t0=23: rank[1,1] g=1 src=pari sat=1 tors=4 st=164 hmax=826 pr=50 surv=6 ex=0 bad=0 hits=0 t=0s
  F4 c5/c7@t0=23: rank[3,3] g=3 src=pari sat=1 tors=4 st=9572 hmax=231 pr=50 surv=4 ex=0 bad=0 hits=0 t=1s
  F4 c7/c6@t0=23: rank[2,2] g=2 src=pari sat=1 tors=4 st=2188 hmax=900 pr=50 surv=2 ex=0 bad=0 hits=0 t=0s
== (P,Q)=(33,25) C=857 non
  F1 c0/c2: кривая не построена (нет точки на квартике)
  F1 c0/c3@t0=25: rank[2,2] g=2 src=pari sat=1 tors=4 st=1020 hmax=898 pr=50 surv=4 ex=0 bad=0 hits=0 t=0s
  F1 c0/c6: кривая не построена (нет точки на квартике)
  F1 c0/c8@t0=25: rank[1,1] g=1 src=pari sat=1 tors=4 st=132 hmax=872 pr=50 surv=4 ex=0 bad=0 hits=0 t=0s
  F1 c3/c2@t0=25: rank[2,2] g=2 src=pari sat=1 tors=4 st=1020 hmax=898 pr=50 surv=2 ex=0 bad=0 hits=0 t=0s
  F1 c2/c6@t0=33: rank[1,1] g=1 src=pari sat=1 tors=4 st=132 hmax=855 pr=50 surv=4 ex=0 bad=0 hits=0 t=0s
  F1 c2/c8: кривая не построена (нет точки на квартике)
  F1 c3/c6@t0=25: rank[2,2] g=2 src=pari sat=1 tors=4 st=1068 hmax=896 pr=50 surv=2 ex=0 bad=0 hits=0 t=0s
  F1 c3/c8@t0=25: rank[2,2] g=2 src=pari sat=1 tors=4 st=1068 hmax=896 pr=50 surv=4 ex=0 bad=0 hits=0 t=0s
  F1 c6/c8: кривая не построена (нет точки на квартике)
  F2 c2/c3: кривая не построена (нет точки на квартике)
  F2 c2/c5: кривая не построена (нет точки на квартике)
  F2 c2/c6: нет рациональной точки для коники
  F2 c2/c8: кривая не построена (нет точки на квартике)
  F2 c3/c5@t0=25: rank[2,2] g=2 src=pari sat=1 tors=4 st=1020 hmax=898 pr=50 surv=4 ex=0 bad=0 hits=0 t=0s
  F2 c3/c6: кривая не построена (нет точки на квартике)
  F2 c3/c8@t0=25: rank[1,1] g=1 src=pari sat=1 tors=4 st=132 hmax=855 pr=50 surv=4 ex=0 bad=0 hits=0 t=0s
  F2 c5/c6: кривая не построена (нет точки на квартике)
  F2 c5/c8@t0=25: rank[1,1] g=1 src=pari sat=1 tors=4 st=132 hmax=872 pr=50 surv=4 ex=0 bad=0 hits=0 t=0s
  F2 c6/c8: кривая не построена (нет точки на квартике)
  F3 c1/c3: нет рациональной точки для коники
  F3 c1/c5: нет рациональной точки для коники
  F3 c1/c6: кривая не построена (нет точки на квартике)
  F3 c1/c7: нет рациональной точки для коники
  F3 c3/c5: нет рациональной точки для коники
  F3 c3/c6: кривая не построена (нет точки на квартике)
  F3 c3/c7: нет рациональной точки для коники
  F3 c5/c6: кривая не построена (нет точки на квартике)
  F3 c5/c7: нет рациональной точки для коники
  F3 c6/c7: кривая не построена (нет точки на квартике)
  F4 c2/c3: кривая не построена (нет точки на квартике)
  F4 c2/c5: кривая не построена (нет точки на квартике)
  F4 c2/c6: нет рациональной точки для коники
  F4 c2/c7: кривая не построена (нет точки на квартике)
  F4 c3/c5@t0=25: rank[1,1] g=1 src=pari sat=1 tors=4 st=124 hmax=859 pr=50 surv=4 ex=0 bad=0 hits=0 t=0s
  F4 c3/c6: кривая не построена (нет точки на квартике)
  F4 c3/c7@t0=25: rank[1,1] g=1 src=pari sat=1 tors=4 st=124 hmax=859 pr=50 surv=4 ex=0 bad=0 hits=0 t=0s
  F4 c5/c6: кривая не построена (нет точки на квартике)
  F4 c5/c7@t0=25: rank[2,2] g=2 src=pari sat=1 tors=4 st=2268 hmax=892 pr=50 surv=4 ex=0 bad=0 hits=0 t=0s
  F4 c6/c7: кривая не построена (нет точки на квартике)
== (P,Q)=(33,26) C=1765/2 non
  F1 c0/c2: кривая не построена (нет точки на квартике)
  F1 c0/c3@t0=26: rank[1,1] g=1 src=pari sat=1 tors=4 st=116 hmax=796 pr=50 surv=4 ex=0 bad=0 hits=0 t=0s
  F1 c0/c6: кривая не построена (нет точки на квартике)
  F1 c0/c8@t0=26: rank[2,2] g=2 src=pari sat=1 tors=4 st=1220 hmax=899 pr=50 surv=4 ex=0 bad=0 hits=0 t=0s
  F1 c3/c2@t0=26: rank[1,1] g=1 src=pari sat=1 tors=4 st=116 hmax=796 pr=50 surv=2 ex=0 bad=0 hits=0 t=0s
  F1 c2/c6@t0=33: rank[1,1] g=1 src=pari sat=1 tors=4 st=124 hmax=873 pr=50 surv=4 ex=0 bad=0 hits=0 t=0s
  F1 c2/c8: кривая не построена (нет точки на квартике)
  F1 c3/c6@t0=26: rank[2,2] g=2 src=pari sat=1 tors=4 st=2684 hmax=899 pr=50 surv=2 ex=0 bad=0 hits=0 t=0s
  F1 c3/c8@t0=26: rank[2,2] g=2 src=pari sat=1 tors=4 st=2684 hmax=899 pr=50 surv=4 ex=0 bad=0 hits=0 t=0s
  F1 c6/c8: кривая не построена (нет точки на квартике)
  F2 c2/c3: кривая не построена (нет точки на квартике)
  F2 c2/c5: кривая не построена (нет точки на квартике)
  F2 c2/c6: нет рациональной точки для коники
  F2 c2/c8: кривая не построена (нет точки на квартике)
  F2 c3/c5@t0=26: rank[1,1] g=1 src=pari sat=1 tors=4 st=116 hmax=796 pr=50 surv=4 ex=0 bad=0 hits=0 t=0s
  F2 c3/c6: кривая не построена (нет точки на квартике)
  F2 c3/c8@t0=26: rank[1,1] g=1 src=pari sat=1 tors=4 st=124 hmax=873 pr=50 surv=4 ex=0 bad=0 hits=0 t=0s
  F2 c5/c6: кривая не построена (нет точки на квартике)
  F2 c5/c8@t0=26: rank[2,2] g=2 src=pari sat=1 tors=4 st=1220 hmax=899 pr=50 surv=4 ex=0 bad=0 hits=0 t=0s
  F2 c6/c8: кривая не построена (нет точки на квартике)
  F3 c1/c3: нет рациональной точки для коники
  F3 c1/c5: нет рациональной точки для коники
  F3 c1/c6: кривая не построена (нет точки на квартике)
  F3 c1/c7: нет рациональной точки для коники
  F3 c3/c5: нет рациональной точки для коники
  F3 c3/c6: кривая не построена (нет точки на квартике)
  F3 c3/c7: нет рациональной точки для коники
  F3 c5/c6: кривая не построена (нет точки на квартике)
  F3 c5/c7: нет рациональной точки для коники
  F3 c6/c7: кривая не построена (нет точки на квартике)
  F4 c2/c3: кривая не построена (нет точки на квартике)
  F4 c2/c5: кривая не построена (нет точки на квартике)
  F4 c2/c6: нет рациональной точки для коники
  F4 c2/c7: кривая не построена (нет точки на квартике)
  F4 c3/c5@t0=26: rank[2,2] g=2 src=pari sat=1 tors=4 st=4012 hmax=899 pr=50 surv=4 ex=0 bad=0 hits=0 t=0s
  F4 c3/c6: кривая не построена (нет точки на квартике)
  F4 c3/c7@t0=26: rank[2,2] g=2 src=pari sat=1 tors=4 st=4012 hmax=899 pr=50 surv=4 ex=0 bad=0 hits=0 t=0s
  F4 c5/c6: кривая не построена (нет точки на квартике)
  F4 c5/c7@t0=26: rank[1,1] g=1 src=pari sat=1 tors=4 st=124 hmax=832 pr=50 surv=4 ex=0 bad=0 hits=0 t=0s
  F4 c6/c7: кривая не построена (нет точки на квартике)
== (P,Q)=(33,28) C=1873/2 non
  F1 c0/c2: кривая не построена (нет точки на квартике)
  F1 c0/c3@t0=28: rank[2,2] g=2 src=pari sat=1 tors=4 st=2084 hmax=898 pr=50 surv=4 ex=0 bad=0 hits=0 t=0s
  F1 c0/c6: кривая не построена (нет точки на квартике)
  F1 c0/c8@t0=28: rank[4,4] g=4 src=pari sat=1 tors=4 st=9492 hmax=92 pr=50 surv=4 ex=0 bad=0 hits=0 t=0s
  F1 c3/c2@t0=28: rank[2,2] g=2 src=pari sat=1 tors=4 st=2084 hmax=898 pr=50 surv=2 ex=0 bad=0 hits=0 t=0s
  F1 c2/c6@t0=33: rank[2,2] g=2 src=pari+mw sat=1 tors=4 st=724 hmax=898 pr=50 surv=4 ex=0 bad=0 hits=0 t=0s
  F1 c2/c8: кривая не построена (нет точки на квартике)
  F1 c3/c6@t0=28: rank[2,2] g=2 src=pari sat=1 tors=4 st=1620 hmax=895 pr=50 surv=2 ex=0 bad=0 hits=0 t=0s
  F1 c3/c8@t0=28: rank[2,2] g=2 src=pari sat=1 tors=4 st=1620 hmax=895 pr=50 surv=4 ex=0 bad=0 hits=0 t=0s
  F1 c6/c8: кривая не построена (нет точки на квартике)
  F2 c2/c3: кривая не построена (нет точки на квартике)
  F2 c2/c5: кривая не построена (нет точки на квартике)
  F2 c2/c6: нет рациональной точки для коники
  F2 c2/c8: кривая не построена (нет точки на квартике)
  F2 c3/c5@t0=28: rank[2,2] g=2 src=pari sat=1 tors=4 st=2084 hmax=898 pr=50 surv=4 ex=0 bad=0 hits=0 t=0s
  F2 c3/c6: кривая не построена (нет точки на квартике)
  F2 c3/c8@t0=28: rank[2,2] g=2 src=pari+mw sat=1 tors=4 st=724 hmax=898 pr=50 surv=4 ex=0 bad=0 hits=0 t=0s
  F2 c5/c6: кривая не построена (нет точки на квартике)
  F2 c5/c8@t0=28: rank[4,4] g=4 src=pari sat=1 tors=4 st=9492 hmax=92 pr=50 surv=4 ex=0 bad=0 hits=0 t=0s
  F2 c6/c8: кривая не построена (нет точки на квартике)
  F3 c1/c3: нет рациональной точки для коники
  F3 c1/c5: нет рациональной точки для коники
  F3 c1/c6: кривая не построена (нет точки на квартике)
  F3 c1/c7: нет рациональной точки для коники
  F3 c3/c5: нет рациональной точки для коники
  F3 c3/c6: кривая не построена (нет точки на квартике)
  F3 c3/c7: нет рациональной точки для коники
  F3 c5/c6: кривая не построена (нет точки на квартике)
  F3 c5/c7: нет рациональной точки для коники
  F3 c6/c7: кривая не построена (нет точки на квартике)
  F4 c2/c3: кривая не построена (нет точки на квартике)
  F4 c2/c5: кривая не построена (нет точки на квартике)
  F4 c2/c6: нет рациональной точки для коники
  F4 c2/c7: кривая не построена (нет точки на квартике)
  F4 c3/c5@t0=28: rank[1,1] g=1 src=pari sat=1 tors=4 st=132 hmax=884 pr=50 surv=4 ex=0 bad=0 hits=0 t=0s
  F4 c3/c6: кривая не построена (нет точки на квартике)
  F4 c3/c7@t0=28: rank[1,1] g=1 src=pari sat=1 tors=4 st=132 hmax=884 pr=50 surv=4 ex=0 bad=0 hits=0 t=0s
  F4 c5/c6: кривая не построена (нет точки на квартике)
  F4 c5/c7@t0=28: rank[1,1] g=1 src=pari sat=1 tors=4 st=124 hmax=836 pr=50 surv=4 ex=0 bad=0 hits=0 t=0s
  F4 c6/c7: кривая не построена (нет точки на квартике)
== (P,Q)=(33,29) C=965 non
  F1 c0/c2: кривая не построена (нет точки на квартике)
  F1 c0/c3@t0=29: rank[1,1] g=1 src=pari sat=1 tors=4 st=116 hmax=805 pr=50 surv=4 ex=0 bad=0 hits=0 t=0s
  F1 c0/c6: кривая не построена (нет точки на квартике)
  F1 c0/c8@t0=29: rank[2,2] g=2 src=pari sat=1 tors=4 st=1588 hmax=888 pr=50 surv=4 ex=0 bad=0 hits=0 t=0s
  F1 c3/c2@t0=29: rank[1,1] g=1 src=pari sat=1 tors=4 st=116 hmax=805 pr=50 surv=2 ex=0 bad=0 hits=0 t=0s
  F1 c2/c6@t0=33: rank[1,1] g=1 src=pari sat=1 tors=4 st=132 hmax=875 pr=50 surv=4 ex=0 bad=0 hits=0 t=0s
  F1 c2/c8: кривая не построена (нет точки на квартике)
  F1 c3/c6@t0=29: rank[2,2] g=2 src=pari sat=1 tors=4 st=1668 hmax=897 pr=50 surv=2 ex=0 bad=0 hits=0 t=0s
  F1 c3/c8@t0=29: rank[2,2] g=2 src=pari sat=1 tors=4 st=1668 hmax=897 pr=50 surv=4 ex=0 bad=0 hits=0 t=0s
  F1 c6/c8: кривая не построена (нет точки на квартике)
  F2 c2/c3: кривая не построена (нет точки на квартике)
  F2 c2/c5: кривая не построена (нет точки на квартике)
  F2 c2/c6: нет рациональной точки для коники
  F2 c2/c8: кривая не построена (нет точки на квартике)
  F2 c3/c5@t0=29: rank[1,1] g=1 src=pari sat=1 tors=4 st=116 hmax=805 pr=50 surv=4 ex=0 bad=0 hits=0 t=0s
  F2 c3/c6: кривая не построена (нет точки на квартике)
  F2 c3/c8@t0=29: rank[1,1] g=1 src=pari sat=1 tors=4 st=132 hmax=875 pr=50 surv=4 ex=0 bad=0 hits=0 t=0s
  F2 c5/c6: кривая не построена (нет точки на квартике)
  F2 c5/c8@t0=29: rank[2,2] g=2 src=pari sat=1 tors=4 st=1588 hmax=888 pr=50 surv=4 ex=0 bad=0 hits=0 t=0s
  F2 c6/c8: кривая не построена (нет точки на квартике)
  F3 c1/c3: нет рациональной точки для коники
  F3 c1/c5: нет рациональной точки для коники
  F3 c1/c6: кривая не построена (нет точки на квартике)
  F3 c1/c7: нет рациональной точки для коники
  F3 c3/c5: нет рациональной точки для коники
  F3 c3/c6: кривая не построена (нет точки на квартике)
  F3 c3/c7: нет рациональной точки для коники
  F3 c5/c6: кривая не построена (нет точки на квартике)
  F3 c5/c7: нет рациональной точки для коники
  F3 c6/c7: кривая не построена (нет точки на квартике)
  F4 c2/c3: кривая не построена (нет точки на квартике)
  F4 c2/c5: кривая не построена (нет точки на квартике)
  F4 c2/c6: нет рациональной точки для коники
  F4 c2/c7: кривая не построена (нет точки на квартике)
  F4 c3/c5@t0=29: rank[2,2] g=2 src=pari sat=1 tors=4 st=3180 hmax=897 pr=50 surv=4 ex=0 bad=0 hits=0 t=0s
  F4 c3/c6: кривая не построена (нет точки на квартике)
  F4 c3/c7@t0=29: rank[2,2] g=2 src=pari sat=1 tors=4 st=3180 hmax=897 pr=50 surv=4 ex=0 bad=0 hits=0 t=0s
  F4 c5/c6: кривая не построена (нет точки на квартике)
  F4 c5/c7@t0=29: rank[3,3] g=3 src=pari sat=1 tors=4 st=9604 hmax=189 pr=50 surv=4 ex=0 bad=0 hits=0 t=0s
  F4 c6/c7: кривая не построена (нет точки на квартике)
== (P,Q)=(33,31) C=1025 non
  F1 c0/c2: кривая не построена (нет точки на квартике)
  F1 c0/c3@t0=31: rank[1,1] g=1 src=pari sat=1 tors=4 st=116 hmax=811 pr=50 surv=4 ex=0 bad=0 hits=0 t=0s
  F1 c0/c6: кривая не построена (нет точки на квартике)
  F1 c0/c8@t0=31: rank[2,2] g=2 src=pari sat=1 tors=4 st=3388 hmax=891 pr=50 surv=4 ex=0 bad=0 hits=0 t=0s
  F1 c3/c2@t0=31: rank[1,1] g=1 src=pari sat=1 tors=4 st=116 hmax=811 pr=50 surv=2 ex=0 bad=0 hits=0 t=0s
  F1 c2/c6@t0=33: rank[2,2] g=2 src=pari sat=1 tors=4 st=3492 hmax=900 pr=50 surv=4 ex=0 bad=0 hits=0 t=0s
  F1 c2/c8: кривая не построена (нет точки на квартике)
  F1 c3/c6@t0=31: rank[3,3] g=3 src=pari sat=1 tors=4 st=9604 hmax=281 pr=50 surv=2 ex=0 bad=0 hits=0 t=0s
  F1 c3/c8@t0=31: rank[3,3] g=3 src=pari sat=1 tors=4 st=9604 hmax=281 pr=50 surv=4 ex=0 bad=0 hits=0 t=0s
  F1 c6/c8: кривая не построена (нет точки на квартике)
  F2 c2/c3: кривая не построена (нет точки на квартике)
  F2 c2/c5: кривая не построена (нет точки на квартике)
  F2 c2/c6: нет рациональной точки для коники
  F2 c2/c8: кривая не построена (нет точки на квартике)
  F2 c3/c5@t0=31: rank[1,1] g=1 src=pari sat=1 tors=4 st=116 hmax=811 pr=50 surv=4 ex=0 bad=0 hits=0 t=0s
  F2 c3/c6: кривая не построена (нет точки на квартике)
  F2 c3/c8@t0=31: rank[2,2] g=2 src=pari sat=1 tors=4 st=3492 hmax=900 pr=50 surv=4 ex=0 bad=0 hits=0 t=0s
  F2 c5/c6: кривая не построена (нет точки на квартике)
  F2 c5/c8@t0=31: rank[2,2] g=2 src=pari sat=1 tors=4 st=3388 hmax=891 pr=50 surv=4 ex=0 bad=0 hits=0 t=0s
  F2 c6/c8: кривая не построена (нет точки на квартике)
  F3 c1/c3: нет рациональной точки для коники
  F3 c1/c5: нет рациональной точки для коники
  F3 c1/c6: кривая не построена (нет точки на квартике)
  F3 c1/c7: нет рациональной точки для коники
  F3 c3/c5: нет рациональной точки для коники
  F3 c3/c6: кривая не построена (нет точки на квартике)
  F3 c3/c7: нет рациональной точки для коники
  F3 c5/c6: кривая не построена (нет точки на квартике)
  F3 c5/c7: нет рациональной точки для коники
  F3 c6/c7: кривая не построена (нет точки на квартике)
  F4 c2/c3: кривая не построена (нет точки на квартике)
  F4 c2/c5: кривая не построена (нет точки на квартике)
  F4 c2/c6: нет рациональной точки для коники
  F4 c2/c7: кривая не построена (нет точки на квартике)
  F4 c3/c5@t0=31: rank[2,2] g=2 src=pari sat=1 tors=4 st=2692 hmax=898 pr=50 surv=4 ex=0 bad=0 hits=0 t=1s
  F4 c3/c6: кривая не построена (нет точки на квартике)
  F4 c3/c7@t0=31: rank[2,2] g=2 src=pari sat=1 tors=4 st=2692 hmax=898 pr=50 surv=4 ex=0 bad=0 hits=0 t=1s
  F4 c5/c6: кривая не построена (нет точки на квартике)
  F4 c5/c7@t0=31: rank[2,2] g=2 src=pari sat=1 tors=4 st=3092 hmax=898 pr=50 surv=4 ex=0 bad=0 hits=0 t=1s
  F4 c6/c7: кривая не построена (нет точки на квартике)
== (P,Q)=(33,32) C=2113/2 non
  F1 c0/c2: кривая не построена (нет точки на квартике)
  F1 c0/c3@t0=32: rank[1,3] g=1 INC src=pari+mw sat=1 tors=4 st=116 hmax=815 pr=50 surv=4 ex=0 bad=0 hits=0 t=12s
  F1 c0/c6: кривая не построена (нет точки на квартике)
  F1 c0/c8@t0=32: rank[1,3] g=1 INC src=pari+mw sat=1 tors=4 st=116 hmax=785 pr=50 surv=4 ex=0 bad=0 hits=0 t=11s
  F1 c3/c2@t0=32: rank[1,3] g=1 INC src=pari+mw sat=1 tors=4 st=116 hmax=815 pr=50 surv=2 ex=0 bad=0 hits=0 t=0s
  F1 c2/c6@t0=33: rank[2,2] g=2 src=pari sat=1 tors=4 st=2020 hmax=899 pr=50 surv=4 ex=0 bad=0 hits=0 t=0s
  F1 c2/c8: кривая не построена (нет точки на квартике)
  F1 c3/c6@t0=32: rank[2,2] g=2 src=pari sat=1 tors=4 st=1348 hmax=895 pr=50 surv=2 ex=0 bad=0 hits=0 t=0s
  F1 c3/c8@t0=32: rank[2,2] g=2 src=pari sat=1 tors=4 st=1348 hmax=895 pr=50 surv=4 ex=0 bad=0 hits=0 t=0s
  F1 c6/c8: кривая не построена (нет точки на квартике)
  F2 c2/c3: кривая не построена (нет точки на квартике)
  F2 c2/c5: кривая не построена (нет точки на квартике)
  F2 c2/c6: нет рациональной точки для коники
  F2 c2/c8: кривая не построена (нет точки на квартике)
  F2 c3/c5@t0=32: rank[1,3] g=1 INC src=pari+mw sat=1 tors=4 st=116 hmax=815 pr=50 surv=4 ex=0 bad=0 hits=0 t=0s
  F2 c3/c6: кривая не построена (нет точки на квартике)
  F2 c3/c8@t0=32: rank[2,2] g=2 src=pari sat=1 tors=4 st=2020 hmax=899 pr=50 surv=4 ex=0 bad=0 hits=0 t=0s
  F2 c5/c6: кривая не построена (нет точки на квартике)
  F2 c5/c8@t0=32: rank[1,3] g=1 INC src=pari+mw sat=1 tors=4 st=116 hmax=785 pr=50 surv=4 ex=0 bad=0 hits=0 t=0s
  F2 c6/c8: кривая не построена (нет точки на квартике)
  F3 c1/c3: нет рациональной точки для коники
  F3 c1/c5: нет рациональной точки для коники
  F3 c1/c6: кривая не построена (нет точки на квартике)
  F3 c1/c7: нет рациональной точки для коники
  F3 c3/c5: нет рациональной точки для коники
  F3 c3/c6: кривая не построена (нет точки на квартике)
  F3 c3/c7: нет рациональной точки для коники
  F3 c5/c6: кривая не построена (нет точки на квартике)
  F3 c5/c7: нет рациональной точки для коники
  F3 c6/c7: кривая не построена (нет точки на квартике)
  F4 c2/c3: кривая не построена (нет точки на квартике)
  F4 c2/c5: кривая не построена (нет точки на квартике)
  F4 c2/c6: нет рациональной точки для коники
  F4 c2/c7: кривая не построена (нет точки на квартике)
  F4 c3/c5@t0=32: rank[1,1] g=1 src=pari sat=1 tors=4 st=132 hmax=869 pr=50 surv=4 ex=0 bad=0 hits=0 t=0s
  F4 c3/c6: кривая не построена (нет точки на квартике)
  F4 c3/c7@t0=32: rank[1,1] g=1 src=pari sat=1 tors=4 st=132 hmax=869 pr=50 surv=4 ex=0 bad=0 hits=0 t=0s
  F4 c5/c6: кривая не построена (нет точки на квартике)
  F4 c5/c7@t0=32: rank[1,1] g=1 src=pari sat=1 tors=4 st=124 hmax=837 pr=50 surv=4 ex=0 bad=0 hits=0 t=0s
  F4 c6/c7: кривая не построена (нет точки на квартике)
== (P,Q)=(34,1) C=1157/2 non
  F1 c0/c2: кривая не построена (нет точки на квартике)
  F1 c0/c3@t0=1: rank[1,1] g=1 src=pari sat=1 tors=4 st=132 hmax=855 pr=50 surv=4 ex=0 bad=0 hits=0 t=0s
  F1 c0/c6: кривая не построена (нет точки на квартике)
  F1 c0/c8@t0=1: rank[1,1] g=1 src=pari sat=1 tors=4 st=124 hmax=827 pr=50 surv=4 ex=0 bad=0 hits=0 t=0s
  F1 c3/c2@t0=1: rank[1,1] g=1 src=pari sat=1 tors=4 st=132 hmax=855 pr=50 surv=2 ex=0 bad=0 hits=0 t=0s
  F1 c2/c6@t0=34: rank[2,2] g=2 src=pari sat=1 tors=4 st=3292 hmax=898 pr=50 surv=4 ex=0 bad=0 hits=0 t=0s
  F1 c2/c8: кривая не построена (нет точки на квартике)
  F1 c3/c6@t0=1: rank[4,4] g=4 src=pari sat=1 tors=4 st=9604 hmax=62 pr=50 surv=2 ex=0 bad=0 hits=0 t=0s
  F1 c3/c8@t0=1: rank[4,4] g=4 src=pari sat=1 tors=4 st=9604 hmax=62 pr=50 surv=4 ex=0 bad=0 hits=0 t=0s
  F1 c6/c8: кривая не построена (нет точки на квартике)
  F2 c2/c3: кривая не построена (нет точки на квартике)
  F2 c2/c5: кривая не построена (нет точки на квартике)
  F2 c2/c6: нет рациональной точки для коники
  F2 c2/c8: кривая не построена (нет точки на квартике)
  F2 c3/c5@t0=1: rank[1,1] g=1 src=pari sat=1 tors=4 st=132 hmax=855 pr=50 surv=4 ex=0 bad=0 hits=0 t=0s
  F2 c3/c6: кривая не построена (нет точки на квартике)
  F2 c3/c8@t0=1: rank[2,2] g=2 src=pari sat=1 tors=4 st=3292 hmax=898 pr=50 surv=4 ex=0 bad=0 hits=0 t=0s
  F2 c5/c6: кривая не построена (нет точки на квартике)
  F2 c5/c8@t0=1: rank[1,1] g=1 src=pari sat=1 tors=4 st=124 hmax=827 pr=50 surv=4 ex=0 bad=0 hits=0 t=0s
  F2 c6/c8: кривая не построена (нет точки на квартике)
  F3 c1/c3: нет рациональной точки для коники
  F3 c1/c5: нет рациональной точки для коники
  F3 c1/c6: кривая не построена (нет точки на квартике)
  F3 c1/c7: нет рациональной точки для коники
  F3 c3/c5: нет рациональной точки для коники
  F3 c3/c6: кривая не построена (нет точки на квартике)
  F3 c3/c7: нет рациональной точки для коники
  F3 c5/c6: кривая не построена (нет точки на квартике)
  F3 c5/c7: нет рациональной точки для коники
  F3 c6/c7: кривая не построена (нет точки на квартике)
  F4 c2/c3: кривая не построена (нет точки на квартике)
  F4 c2/c5: кривая не построена (нет точки на квартике)
  F4 c2/c6: нет рациональной точки для коники
  F4 c2/c7: кривая не построена (нет точки на квартике)
  F4 c3/c5@t0=1: rank[1,1] g=1 src=pari sat=1 tors=4 st=124 hmax=871 pr=50 surv=4 ex=0 bad=0 hits=0 t=0s
  F4 c3/c6: кривая не построена (нет точки на квартике)
  F4 c3/c7@t0=1: rank[1,1] g=1 src=pari sat=1 tors=4 st=124 hmax=871 pr=50 surv=4 ex=0 bad=0 hits=0 t=0s
  F4 c5/c6@t0=1: rank[1,1] g=1 src=pari sat=1 tors=4 st=148 hmax=881 pr=50 surv=6 ex=0 bad=0 hits=0 t=0s
  F4 c5/c7@t0=1: rank[2,2] g=2 src=pari sat=1 tors=4 st=5964 hmax=897 pr=50 surv=4 ex=0 bad=0 hits=0 t=0s
  F4 c6/c7: кривая не построена (нет точки на квартике)
== (P,Q)=(34,3) C=1165/2 non
  F1 c0/c2: кривая не построена (нет точки на квартике)
  F1 c0/c3@t0=3: rank[2,2] g=2 src=pari sat=1 tors=4 st=3772 hmax=898 pr=50 surv=4 ex=0 bad=0 hits=0 t=0s
  F1 c0/c6: кривая не построена (нет точки на квартике)
  F1 c0/c8@t0=3: rank[2,2] g=2 src=pari sat=1 tors=4 st=2324 hmax=890 pr=50 surv=4 ex=0 bad=0 hits=0 t=0s
  F1 c3/c2@t0=3: rank[2,2] g=2 src=pari sat=1 tors=4 st=3772 hmax=898 pr=50 surv=2 ex=0 bad=0 hits=0 t=0s
  F1 c2/c6@t0=34: rank[1,1] g=1 src=pari sat=1 tors=4 st=124 hmax=795 pr=50 surv=4 ex=0 bad=0 hits=0 t=0s
  F1 c2/c8: кривая не построена (нет точки на квартике)
  F1 c3/c6@t0=3: rank[1,1] g=1 src=pari sat=1 tors=4 st=124 hmax=872 pr=50 surv=2 ex=0 bad=0 hits=0 t=0s
  F1 c3/c8@t0=3: rank[1,1] g=1 src=pari sat=1 tors=4 st=124 hmax=872 pr=50 surv=4 ex=0 bad=0 hits=0 t=0s
  F1 c6/c8: кривая не построена (нет точки на квартике)
  F2 c2/c3: кривая не построена (нет точки на квартике)
  F2 c2/c5: кривая не построена (нет точки на квартике)
  F2 c2/c6: нет рациональной точки для коники
  F2 c2/c8: кривая не построена (нет точки на квартике)
  F2 c3/c5@t0=3: rank[2,2] g=2 src=pari sat=1 tors=4 st=3772 hmax=898 pr=50 surv=4 ex=0 bad=0 hits=0 t=0s
  F2 c3/c6: кривая не построена (нет точки на квартике)
  F2 c3/c8@t0=3: rank[1,1] g=1 src=pari sat=1 tors=4 st=124 hmax=795 pr=50 surv=4 ex=0 bad=0 hits=0 t=0s
  F2 c5/c6: кривая не построена (нет точки на квартике)
  F2 c5/c8@t0=3: rank[2,2] g=2 src=pari sat=1 tors=4 st=2324 hmax=890 pr=50 surv=4 ex=0 bad=0 hits=0 t=0s
  F2 c6/c8: кривая не построена (нет точки на квартике)
  F3 c1/c3: нет рациональной точки для коники
  F3 c1/c5: нет рациональной точки для коники
  F3 c1/c6: кривая не построена (нет точки на квартике)
  F3 c1/c7: нет рациональной точки для коники
  F3 c3/c5: нет рациональной точки для коники
  F3 c3/c6: кривая не построена (нет точки на квартике)
  F3 c3/c7: нет рациональной точки для коники
  F3 c5/c6: кривая не построена (нет точки на квартике)
  F3 c5/c7: нет рациональной точки для коники
  F3 c6/c7: кривая не построена (нет точки на квартике)
  F4 c2/c3: кривая не построена (нет точки на квартике)
  F4 c2/c5: кривая не построена (нет точки на квартике)
  F4 c2/c6: нет рациональной точки для коники
  F4 c2/c7: кривая не построена (нет точки на квартике)
  F4 c3/c5@t0=3: rank[1,1] g=1 src=pari sat=1 tors=4 st=124 hmax=871 pr=50 surv=4 ex=0 bad=0 hits=0 t=0s
  F4 c3/c6: кривая не построена (нет точки на квартике)
  F4 c3/c7@t0=3: rank[1,1] g=1 src=pari sat=1 tors=4 st=124 hmax=871 pr=50 surv=4 ex=0 bad=0 hits=0 t=0s
  F4 c5/c6: кривая не построена (нет точки на квартике)
  F4 c5/c7@t0=3: rank[2,2] g=2 src=pari sat=1 tors=4 st=3740 hmax=898 pr=50 surv=4 ex=0 bad=0 hits=0 t=0s
  F4 c6/c7: кривая не построена (нет точки на квартике)
== (P,Q)=(34,5) C=1181/2 non
  F1 c0/c2: кривая не построена (нет точки на квартике)
  F1 c0/c3@t0=5: rank[1,1] g=1 src=pari sat=1 tors=4 st=132 hmax=875 pr=50 surv=4 ex=0 bad=0 hits=0 t=0s
  F1 c0/c6: кривая не построена (нет точки на квартике)
  F1 c0/c8@t0=5: rank[2,2] g=2 src=pari sat=1 tors=4 st=2028 hmax=896 pr=50 surv=4 ex=0 bad=0 hits=0 t=0s
  F1 c3/c2@t0=5: rank[1,1] g=1 src=pari sat=1 tors=4 st=132 hmax=875 pr=50 surv=2 ex=0 bad=0 hits=0 t=0s
  F1 c2/c6@t0=34: rank[2,2] g=2 src=pari sat=1 tors=4 st=2452 hmax=895 pr=50 surv=4 ex=0 bad=0 hits=0 t=0s
  F1 c2/c8: кривая не построена (нет точки на квартике)
  F1 c3/c6@t0=5: rank[1,1] g=1 src=pari sat=1 tors=4 st=124 hmax=874 pr=50 surv=2 ex=0 bad=0 hits=0 t=0s
  F1 c3/c8@t0=5: rank[1,1] g=1 src=pari sat=1 tors=4 st=124 hmax=874 pr=50 surv=4 ex=0 bad=0 hits=0 t=0s
  F1 c6/c8: кривая не построена (нет точки на квартике)
  F2 c2/c3: кривая не построена (нет точки на квартике)
  F2 c2/c5: кривая не построена (нет точки на квартике)
  F2 c2/c6: нет рациональной точки для коники
  F2 c2/c8: кривая не построена (нет точки на квартике)
  F2 c3/c5@t0=5: rank[1,1] g=1 src=pari sat=1 tors=4 st=132 hmax=875 pr=50 surv=4 ex=0 bad=0 hits=0 t=0s
  F2 c3/c6: кривая не построена (нет точки на квартике)
  F2 c3/c8@t0=5: rank[2,2] g=2 src=pari sat=1 tors=4 st=2452 hmax=895 pr=50 surv=4 ex=0 bad=0 hits=0 t=0s
  F2 c5/c6: кривая не построена (нет точки на квартике)
  F2 c5/c8@t0=5: rank[2,2] g=2 src=pari sat=1 tors=4 st=2028 hmax=896 pr=50 surv=4 ex=0 bad=0 hits=0 t=0s
  F2 c6/c8: кривая не построена (нет точки на квартике)
  F3 c1/c3: нет рациональной точки для коники
  F3 c1/c5: нет рациональной точки для коники
  F3 c1/c6: кривая не построена (нет точки на квартике)
  F3 c1/c7: нет рациональной точки для коники
  F3 c3/c5: нет рациональной точки для коники
  F3 c3/c6: кривая не построена (нет точки на квартике)
  F3 c3/c7: нет рациональной точки для коники
  F3 c5/c6: кривая не построена (нет точки на квартике)
  F3 c5/c7: нет рациональной точки для коники
  F3 c6/c7: кривая не построена (нет точки на квартике)
  F4 c2/c3: кривая не построена (нет точки на квартике)
  F4 c2/c5: кривая не построена (нет точки на квартике)
  F4 c2/c6: нет рациональной точки для коники
  F4 c2/c7: кривая не построена (нет точки на квартике)
  F4 c3/c5@t0=5: rank[2,2] g=2 src=pari sat=1 tors=4 st=3220 hmax=894 pr=50 surv=4 ex=0 bad=0 hits=0 t=0s
  F4 c3/c6: кривая не построена (нет точки на квартике)
  F4 c3/c7@t0=5: rank[2,2] g=2 src=pari sat=1 tors=4 st=3220 hmax=894 pr=50 surv=4 ex=0 bad=0 hits=0 t=0s
  F4 c5/c6: кривая не построена (нет точки на квартике)
  F4 c5/c7@t0=5: rank[2,2] g=2 src=pari sat=1 tors=4 st=4116 hmax=887 pr=50 surv=4 ex=0 bad=0 hits=0 t=0s
  F4 c6/c7: кривая не построена (нет точки на квартике)
== (P,Q)=(34,7) C=1205/2 non
  F1 c0/c2: кривая не построена (нет точки на квартике)
  F1 c0/c3@t0=7: rank[3,3] g=3 src=pari sat=1 tors=4 st=9604 hmax=157 pr=50 surv=4 ex=0 bad=0 hits=0 t=0s
  F1 c0/c6: кривая не построена (нет точки на квартике)
  F1 c0/c8@t0=7: rank[1,1] g=1 src=pari sat=1 tors=4 st=124 hmax=847 pr=50 surv=4 ex=0 bad=0 hits=0 t=0s
  F1 c3/c2@t0=7: rank[3,3] g=3 src=pari sat=1 tors=4 st=9604 hmax=157 pr=50 surv=2 ex=0 bad=0 hits=0 t=0s
  F1 c2/c6@t0=34: rank[3,3] g=3 src=pari sat=1 tors=4 st=9604 hmax=202 pr=50 surv=4 ex=0 bad=0 hits=0 t=0s
  F1 c2/c8: кривая не построена (нет точки на квартике)
  F1 c3/c6@t0=7: rank[1,1] g=1 src=pari sat=1 tors=4 st=124 hmax=876 pr=50 surv=2 ex=0 bad=0 hits=0 t=0s
  F1 c3/c8@t0=7: rank[1,1] g=1 src=pari sat=1 tors=4 st=124 hmax=876 pr=50 surv=4 ex=0 bad=0 hits=0 t=0s
  F1 c6/c8: кривая не построена (нет точки на квартике)
  F2 c2/c3: кривая не построена (нет точки на квартике)
  F2 c2/c5: кривая не построена (нет точки на квартике)
  F2 c2/c6: нет рациональной точки для коники
  F2 c2/c8: кривая не построена (нет точки на квартике)
  F2 c3/c5@t0=7: rank[3,3] g=3 src=pari sat=1 tors=4 st=9604 hmax=157 pr=50 surv=4 ex=0 bad=0 hits=0 t=0s
  F2 c3/c6: кривая не построена (нет точки на квартике)
  F2 c3/c8@t0=7: rank[3,3] g=3 src=pari sat=1 tors=4 st=9604 hmax=202 pr=50 surv=4 ex=0 bad=0 hits=0 t=0s
  F2 c5/c6: кривая не построена (нет точки на квартике)
  F2 c5/c8@t0=7: rank[1,1] g=1 src=pari sat=1 tors=4 st=124 hmax=847 pr=50 surv=4 ex=0 bad=0 hits=0 t=0s
  F2 c6/c8: кривая не построена (нет точки на квартике)
  F3 c1/c3: нет рациональной точки для коники
  F3 c1/c5: нет рациональной точки для коники
  F3 c1/c6: кривая не построена (нет точки на квартике)
  F3 c1/c7: нет рациональной точки для коники
  F3 c3/c5: нет рациональной точки для коники
  F3 c3/c6: кривая не построена (нет точки на квартике)
  F3 c3/c7: нет рациональной точки для коники
  F3 c5/c6: кривая не построена (нет точки на квартике)
  F3 c5/c7: нет рациональной точки для коники
  F3 c6/c7: кривая не построена (нет точки на квартике)
  F4 c2/c3: кривая не построена (нет точки на квартике)
  F4 c2/c5: кривая не построена (нет точки на квартике)
  F4 c2/c6: нет рациональной точки для коники
  F4 c2/c7: кривая не построена (нет точки на квартике)
  F4 c3/c5@t0=7: rank[1,1] g=1 src=pari sat=1 tors=4 st=124 hmax=871 pr=50 surv=4 ex=0 bad=0 hits=0 t=0s
  F4 c3/c6: кривая не построена (нет точки на квартике)
  F4 c3/c7@t0=7: rank[1,1] g=1 src=pari sat=1 tors=4 st=124 hmax=871 pr=50 surv=4 ex=0 bad=0 hits=0 t=0s
  F4 c5/c6: кривая не построена (нет точки на квартике)
  F4 c5/c7@t0=7: rank[2,2] g=2 src=pari sat=1 tors=4 st=3740 hmax=900 pr=50 surv=4 ex=0 bad=0 hits=0 t=0s
  F4 c6/c7: кривая не построена (нет точки на квартике)
== (P,Q)=(34,9) C=1237/2 non
  F1 c0/c2: кривая не построена (нет точки на квартике)
  F1 c0/c3@t0=9: rank[1,1] g=1 src=pari sat=1 tors=4 st=132 hmax=890 pr=50 surv=4 ex=0 bad=0 hits=0 t=0s
  F1 c0/c6: кривая не построена (нет точки на квартике)
  F1 c0/c8@t0=9: rank[2,2] g=2 src=pari sat=1 tors=4 st=1100 hmax=892 pr=50 surv=4 ex=0 bad=0 hits=0 t=0s
  F1 c3/c2@t0=9: rank[1,1] g=1 src=pari sat=1 tors=4 st=132 hmax=890 pr=50 surv=2 ex=0 bad=0 hits=0 t=0s
  F1 c2/c6@t0=34: rank[2,2] g=2 src=pari sat=1 tors=4 st=2980 hmax=897 pr=50 surv=4 ex=0 bad=0 hits=0 t=0s
  F1 c2/c8: кривая не построена (нет точки на квартике)
  F1 c3/c6@t0=9: rank[1,1] g=1 src=pari sat=1 tors=4 st=124 hmax=879 pr=50 surv=2 ex=0 bad=0 hits=0 t=1s
  F1 c3/c8@t0=9: rank[1,1] g=1 src=pari sat=1 tors=4 st=124 hmax=879 pr=50 surv=4 ex=0 bad=0 hits=0 t=1s
  F1 c6/c8: кривая не построена (нет точки на квартике)
  F2 c2/c3: кривая не построена (нет точки на квартике)
  F2 c2/c5: кривая не построена (нет точки на квартике)
  F2 c2/c6: нет рациональной точки для коники
  F2 c2/c8: кривая не построена (нет точки на квартике)
  F2 c3/c5@t0=9: rank[1,1] g=1 src=pari sat=1 tors=4 st=132 hmax=890 pr=50 surv=4 ex=0 bad=0 hits=0 t=0s
  F2 c3/c6: кривая не построена (нет точки на квартике)
  F2 c3/c8@t0=9: rank[2,2] g=2 src=pari sat=1 tors=4 st=2980 hmax=897 pr=50 surv=4 ex=0 bad=0 hits=0 t=1s
  F2 c5/c6: кривая не построена (нет точки на квартике)
  F2 c5/c8@t0=9: rank[2,2] g=2 src=pari sat=1 tors=4 st=1100 hmax=892 pr=50 surv=4 ex=0 bad=0 hits=0 t=1s
  F2 c6/c8: кривая не построена (нет точки на квартике)
  F3 c1/c3: нет рациональной точки для коники
  F3 c1/c5: нет рациональной точки для коники
  F3 c1/c6: кривая не построена (нет точки на квартике)
  F3 c1/c7: нет рациональной точки для коники
  F3 c3/c5: нет рациональной точки для коники
  F3 c3/c6: кривая не построена (нет точки на квартике)
  F3 c3/c7: нет рациональной точки для коники
  F3 c5/c6: кривая не построена (нет точки на квартике)
  F3 c5/c7: нет рациональной точки для коники
  F3 c6/c7: кривая не построена (нет точки на квартике)
  F4 c2/c3: кривая не построена (нет точки на квартике)
  F4 c2/c5: кривая не построена (нет точки на квартике)
  F4 c2/c6: нет рациональной точки для коники
  F4 c2/c7: кривая не построена (нет точки на квартике)
  F4 c3/c5@t0=9: rank[1,1] g=1 src=pari sat=1 tors=4 st=124 hmax=871 pr=50 surv=4 ex=0 bad=0 hits=0 t=1s
  F4 c3/c6: кривая не построена (нет точки на квартике)
  F4 c3/c7@t0=9: rank[1,1] g=1 src=pari sat=1 tors=4 st=124 hmax=871 pr=50 surv=4 ex=0 bad=0 hits=0 t=1s
  F4 c5/c6: кривая не построена (нет точки на квартике)
  F4 c5/c7@t0=9: rank[2,2] g=2 src=pari sat=1 tors=4 st=4036 hmax=900 pr=50 surv=4 ex=0 bad=0 hits=0 t=1s
  F4 c6/c7: кривая не построена (нет точки на квартике)
== (P,Q)=(34,11) C=1277/2 non
  F1 c0/c2: кривая не построена (нет точки на квартике)
  F1 c0/c3@t0=11: rank[2,2] g=2 src=pari sat=1 tors=4 st=1652 hmax=897 pr=50 surv=4 ex=0 bad=0 hits=0 t=1s
  F1 c0/c6: кривая не построена (нет точки на квартике)
  F1 c0/c8@t0=11: rank[1,1] g=1 src=pari sat=1 tors=4 st=124 hmax=856 pr=50 surv=4 ex=0 bad=0 hits=0 t=1s
  F1 c3/c2@t0=11: rank[2,2] g=2 src=pari sat=1 tors=4 st=1652 hmax=897 pr=50 surv=2 ex=0 bad=0 hits=0 t=1s
  F1 c2/c6@t0=34: rank[1,1] g=1 src=pari sat=1 tors=4 st=124 hmax=814 pr=50 surv=4 ex=0 bad=0 hits=0 t=1s
  F1 c2/c8: кривая не построена (нет точки на квартике)
  F1 c3/c6@t0=11: rank[2,2] g=2 src=pari sat=1 tors=4 st=2076 hmax=899 pr=50 surv=2 ex=0 bad=0 hits=0 t=1s
  F1 c3/c8@t0=11: rank[2,2] g=2 src=pari sat=1 tors=4 st=2076 hmax=899 pr=50 surv=4 ex=0 bad=0 hits=0 t=1s
  F1 c6/c8: кривая не построена (нет точки на квартике)
  F2 c2/c3: кривая не построена (нет точки на квартике)
  F2 c2/c5: кривая не построена (нет точки на квартике)
  F2 c2/c6: нет рациональной точки для коники
  F2 c2/c8: кривая не построена (нет точки на квартике)
  F2 c3/c5@t0=11: rank[2,2] g=2 src=pari sat=1 tors=4 st=1652 hmax=897 pr=50 surv=4 ex=0 bad=0 hits=0 t=1s
  F2 c3/c6: кривая не построена (нет точки на квартике)
  F2 c3/c8@t0=11: rank[1,1] g=1 src=pari sat=1 tors=4 st=124 hmax=814 pr=50 surv=4 ex=0 bad=0 hits=0 t=0s
  F2 c5/c6: кривая не построена (нет точки на квартике)
  F2 c5/c8@t0=11: rank[1,1] g=1 src=pari sat=1 tors=4 st=124 hmax=856 pr=50 surv=4 ex=0 bad=0 hits=0 t=1s
  F2 c6/c8: кривая не построена (нет точки на квартике)
  F3 c1/c3: нет рациональной точки для коники
  F3 c1/c5: нет рациональной точки для коники
  F3 c1/c6: кривая не построена (нет точки на квартике)
  F3 c1/c7: нет рациональной точки для коники
  F3 c3/c5: нет рациональной точки для коники
  F3 c3/c6: кривая не построена (нет точки на квартике)
  F3 c3/c7: нет рациональной точки для коники
  F3 c5/c6: кривая не построена (нет точки на квартике)
  F3 c5/c7: нет рациональной точки для коники
  F3 c6/c7: кривая не построена (нет точки на квартике)
  F4 c2/c3: кривая не построена (нет точки на квартике)
  F4 c2/c5: кривая не построена (нет точки на квартике)
  F4 c2/c6: нет рациональной точки для коники
  F4 c2/c7: кривая не построена (нет точки на квартике)
  F4 c3/c5@t0=11: rank[2,2] g=2 src=pari sat=1 tors=4 st=2764 hmax=892 pr=50 surv=4 ex=0 bad=0 hits=0 t=1s
  F4 c3/c6: кривая не построена (нет точки на квартике)
  F4 c3/c7@t0=11: rank[2,2] g=2 src=pari sat=1 tors=4 st=2764 hmax=892 pr=50 surv=4 ex=0 bad=0 hits=0 t=1s
  F4 c5/c6@t0=11: rank[1,1] g=1 src=pari sat=1 tors=4 st=92 hmax=880 pr=50 surv=6 ex=0 bad=0 hits=0 t=1s
  F4 c5/c7@t0=11: rank[1,1] g=1 src=pari sat=1 tors=4 st=132 hmax=826 pr=50 surv=4 ex=0 bad=0 hits=0 t=1s
  F4 c6/c7: кривая не построена (нет точки на квартике)
== (P,Q)=(34,13) C=1325/2 non
  F1 c0/c2: кривая не построена (нет точки на квартике)
  F1 c0/c3@t0=13: rank[1,1] g=1 src=pari sat=1 tors=4 st=124 hmax=795 pr=50 surv=4 ex=0 bad=0 hits=0 t=1s
  F1 c0/c6: кривая не построена (нет точки на квартике)
  F1 c0/c8@t0=13: rank[2,2] g=2 src=pari sat=1 tors=4 st=3156 hmax=899 pr=50 surv=4 ex=0 bad=0 hits=0 t=1s
  F1 c3/c2@t0=13: rank[1,1] g=1 src=pari sat=1 tors=4 st=124 hmax=795 pr=50 surv=2 ex=0 bad=0 hits=0 t=1s
  F1 c2/c6@t0=34: rank[1,1] g=1 src=pari sat=1 tors=4 st=124 hmax=821 pr=50 surv=4 ex=0 bad=0 hits=0 t=1s
  F1 c2/c8: кривая не построена (нет точки на квартике)
  F1 c3/c6@t0=13: rank[2,2] g=2 src=pari sat=1 tors=4 st=3172 hmax=898 pr=50 surv=2 ex=0 bad=0 hits=0 t=1s
  F1 c3/c8@t0=13: rank[2,2] g=2 src=pari sat=1 tors=4 st=3172 hmax=898 pr=50 surv=4 ex=0 bad=0 hits=0 t=1s
  F1 c6/c8: кривая не построена (нет точки на квартике)
  F2 c2/c3: кривая не построена (нет точки на квартике)
  F2 c2/c5: кривая не построена (нет точки на квартике)
  F2 c2/c6: нет рациональной точки для коники
  F2 c2/c8: кривая не построена (нет точки на квартике)
  F2 c3/c5@t0=13: rank[1,1] g=1 src=pari sat=1 tors=4 st=124 hmax=795 pr=50 surv=4 ex=0 bad=0 hits=0 t=1s
  F2 c3/c6: кривая не построена (нет точки на квартике)
  F2 c3/c8@t0=13: rank[1,1] g=1 src=pari sat=1 tors=4 st=124 hmax=821 pr=50 surv=4 ex=0 bad=0 hits=0 t=1s
  F2 c5/c6: кривая не построена (нет точки на квартике)
  F2 c5/c8@t0=13: rank[2,2] g=2 src=pari sat=1 tors=4 st=3156 hmax=899 pr=50 surv=4 ex=0 bad=0 hits=0 t=1s
  F2 c6/c8: кривая не построена (нет точки на квартике)
  F3 c1/c3: нет рациональной точки для коники
  F3 c1/c5: нет рациональной точки для коники
  F3 c1/c6: кривая не построена (нет точки на квартике)
  F3 c1/c7: нет рациональной точки для коники
  F3 c3/c5: нет рациональной точки для коники
  F3 c3/c6: кривая не построена (нет точки на квартике)
  F3 c3/c7: нет рациональной точки для коники
  F3 c5/c6: кривая не построена (нет точки на квартике)
  F3 c5/c7: нет рациональной точки для коники
  F3 c6/c7: кривая не построена (нет точки на квартике)
  F4 c2/c3: кривая не построена (нет точки на квартике)
  F4 c2/c5: кривая не построена (нет точки на квартике)
  F4 c2/c6: нет рациональной точки для коники
  F4 c2/c7: кривая не построена (нет точки на квартике)
  F4 c3/c5@t0=13: rank[2,2] g=2 src=pari sat=1 tors=4 st=3148 hmax=899 pr=50 surv=4 ex=0 bad=0 hits=0 t=1s
  F4 c3/c6: кривая не построена (нет точки на квартике)
  F4 c3/c7@t0=13: rank[2,2] g=2 src=pari sat=1 tors=4 st=3148 hmax=899 pr=50 surv=4 ex=0 bad=0 hits=0 t=1s
  F4 c5/c6@t0=13: rank[1,1] g=1 src=pari sat=1 tors=4 st=100 hmax=776 pr=50 surv=6 ex=0 bad=0 hits=0 t=1s
  F4 c5/c7@t0=13: rank[2,2] g=2 src=pari sat=1 tors=4 st=4292 hmax=899 pr=50 surv=4 ex=0 bad=0 hits=0 t=1s
  F4 c6/c7: кривая не построена (нет точки на квартике)
== (P,Q)=(34,15) C=1381/2 non
  F1 c0/c2: кривая не построена (нет точки на квартике)
  F1 c0/c3@t0=15: rank[2,2] g=2 src=pari sat=1 tors=4 st=3156 hmax=899 pr=50 surv=4 ex=0 bad=0 hits=0 t=1s
  F1 c0/c6: кривая не построена (нет точки на квартике)
  F1 c0/c8@t0=15: rank[1,1] g=1 src=pari sat=1 tors=4 st=124 hmax=865 pr=50 surv=4 ex=0 bad=0 hits=0 t=1s
  F1 c3/c2@t0=15: rank[2,2] g=2 src=pari sat=1 tors=4 st=3156 hmax=899 pr=50 surv=2 ex=0 bad=0 hits=0 t=1s
  F1 c2/c6@t0=34: rank[1,1] g=1 src=pari sat=1 tors=4 st=124 hmax=829 pr=50 surv=4 ex=0 bad=0 hits=0 t=1s
  F1 c2/c8: кривая не построена (нет точки на квартике)
  F1 c3/c6@t0=15: rank[2,2] g=2 src=pari sat=1 tors=4 st=1412 hmax=895 pr=50 surv=2 ex=0 bad=0 hits=0 t=1s
  F1 c3/c8@t0=15: rank[2,2] g=2 src=pari sat=1 tors=4 st=1412 hmax=895 pr=50 surv=4 ex=0 bad=0 hits=0 t=1s
  F1 c6/c8: кривая не построена (нет точки на квартике)
  F2 c2/c3: кривая не построена (нет точки на квартике)
  F2 c2/c5: кривая не построена (нет точки на квартике)
  F2 c2/c6: нет рациональной точки для коники
  F2 c2/c8: кривая не построена (нет точки на квартике)
  F2 c3/c5@t0=15: rank[2,2] g=2 src=pari sat=1 tors=4 st=3156 hmax=899 pr=50 surv=4 ex=0 bad=0 hits=0 t=1s
  F2 c3/c6: кривая не построена (нет точки на квартике)
  F2 c3/c8@t0=15: rank[1,1] g=1 src=pari sat=1 tors=4 st=124 hmax=829 pr=50 surv=4 ex=0 bad=0 hits=0 t=1s
  F2 c5/c6: кривая не построена (нет точки на квартике)
  F2 c5/c8@t0=15: rank[1,1] g=1 src=pari sat=1 tors=4 st=124 hmax=865 pr=50 surv=4 ex=0 bad=0 hits=0 t=1s
  F2 c6/c8: кривая не построена (нет точки на квартике)
  F3 c1/c3: нет рациональной точки для коники
  F3 c1/c5: нет рациональной точки для коники
  F3 c1/c6: кривая не построена (нет точки на квартике)
  F3 c1/c7: нет рациональной точки для коники
  F3 c3/c5: нет рациональной точки для коники
  F3 c3/c6: кривая не построена (нет точки на квартике)
  F3 c3/c7: нет рациональной точки для коники
  F3 c5/c6: кривая не построена (нет точки на квартике)
  F3 c5/c7: нет рациональной точки для коники
  F3 c6/c7: кривая не построена (нет точки на квартике)
  F4 c2/c3: кривая не построена (нет точки на квартике)
  F4 c2/c5: кривая не построена (нет точки на квартике)
  F4 c2/c6: нет рациональной точки для коники
  F4 c2/c7: кривая не построена (нет точки на квартике)
  F4 c3/c5@t0=15: rank[1,1] g=1 src=pari sat=1 tors=4 st=124 hmax=871 pr=50 surv=4 ex=0 bad=0 hits=0 t=1s
  F4 c3/c6: кривая не построена (нет точки на квартике)
  F4 c3/c7@t0=15: rank[1,1] g=1 src=pari sat=1 tors=4 st=124 hmax=871 pr=50 surv=4 ex=0 bad=0 hits=0 t=1s
  F4 c5/c6: кривая не построена (нет точки на квартике)
  F4 c5/c7@t0=15: rank[1,1] g=1 src=pari sat=1 tors=4 st=132 hmax=834 pr=50 surv=4 ex=0 bad=0 hits=0 t=1s
  F4 c6/c7: кривая не построена (нет точки на квартике)
== (P,Q)=(34,19) C=1517/2 non
  F1 c0/c2: кривая не построена (нет точки на квартике)
  F1 c0/c3@t0=19: rank[1,1] g=1 src=pari sat=1 tors=4 st=124 hmax=815 pr=50 surv=4 ex=0 bad=0 hits=0 t=1s
  F1 c0/c6: кривая не построена (нет точки на квартике)
  F1 c0/c8@t0=19: rank[2,2] g=2 src=pari sat=1 tors=4 st=2044 hmax=898 pr=50 surv=4 ex=0 bad=0 hits=0 t=1s
  F1 c3/c2@t0=19: rank[1,1] g=1 src=pari sat=1 tors=4 st=124 hmax=815 pr=50 surv=2 ex=0 bad=0 hits=0 t=1s
  F1 c2/c6@t0=34: rank[2,2] g=2 src=pari sat=1 tors=4 st=4716 hmax=898 pr=50 surv=4 ex=0 bad=0 hits=0 t=1s
  F1 c2/c8: кривая не построена (нет точки на квартике)
  F1 c3/c6@t0=19: rank[1,1] g=1 src=pari sat=1 tors=4 st=116 hmax=785 pr=50 surv=2 ex=0 bad=0 hits=0 t=1s
  F1 c3/c8@t0=19: rank[1,1] g=1 src=pari sat=1 tors=4 st=116 hmax=785 pr=50 surv=4 ex=0 bad=0 hits=0 t=1s
  F1 c6/c8: кривая не построена (нет точки на квартике)
  F2 c2/c3: кривая не построена (нет точки на квартике)
  F2 c2/c5: кривая не построена (нет точки на квартике)
  F2 c2/c6: нет рациональной точки для коники
  F2 c2/c8: кривая не построена (нет точки на квартике)
  F2 c3/c5@t0=19: rank[1,1] g=1 src=pari sat=1 tors=4 st=124 hmax=815 pr=50 surv=4 ex=0 bad=0 hits=0 t=1s
  F2 c3/c6: кривая не построена (нет точки на квартике)
  F2 c3/c8@t0=19: rank[2,2] g=2 src=pari sat=1 tors=4 st=4716 hmax=898 pr=50 surv=4 ex=0 bad=0 hits=0 t=1s
  F2 c5/c6: кривая не построена (нет точки на квартике)
  F2 c5/c8@t0=19: rank[2,2] g=2 src=pari sat=1 tors=4 st=2044 hmax=898 pr=50 surv=4 ex=0 bad=0 hits=0 t=1s
  F2 c6/c8: кривая не построена (нет точки на квартике)
  F3 c1/c3: нет рациональной точки для коники
  F3 c1/c5: нет рациональной точки для коники
  F3 c1/c6: кривая не построена (нет точки на квартике)
  F3 c1/c7: нет рациональной точки для коники
  F3 c3/c5: нет рациональной точки для коники
  F3 c3/c6: кривая не построена (нет точки на квартике)
  F3 c3/c7: нет рациональной точки для коники
  F3 c5/c6: кривая не построена (нет точки на квартике)
  F3 c5/c7: нет рациональной точки для коники
  F3 c6/c7: кривая не построена (нет точки на квартике)
  F4 c2/c3: кривая не построена (нет точки на квартике)
  F4 c2/c5: кривая не построена (нет точки на квартике)
  F4 c2/c6: нет рациональной точки для коники
  F4 c2/c7: кривая не построена (нет точки на квартике)
  F4 c3/c5@t0=19: rank[2,2] g=2 src=pari sat=1 tors=4 st=2060 hmax=897 pr=50 surv=4 ex=0 bad=0 hits=0 t=1s
  F4 c3/c6: кривая не построена (нет точки на квартике)
  F4 c3/c7@t0=19: rank[2,2] g=2 src=pari sat=1 tors=4 st=2060 hmax=897 pr=50 surv=4 ex=0 bad=0 hits=0 t=1s
  F4 c5/c6@t0=19: rank[1,1] g=1 src=pari sat=1 tors=4 st=100 hmax=825 pr=50 surv=6 ex=0 bad=0 hits=0 t=1s
  F4 c5/c7@t0=19: rank[3,3] g=3 src=pari sat=1 tors=4 st=9604 hmax=163 pr=50 surv=4 ex=0 bad=0 hits=0 t=1s
  F4 c6/c7: кривая не построена (нет точки на квартике)
== (P,Q)=(34,21) C=1597/2 non
  F1 c0/c2: кривая не построена (нет точки на квартике)
  F1 c0/c3@t0=21: rank[2,2] g=2 src=pari sat=1 tors=4 st=2156 hmax=894 pr=50 surv=4 ex=0 bad=0 hits=0 t=1s
  F1 c0/c6: кривая не построена (нет точки на квартике)
  F1 c0/c8@t0=21: rank[1,1] g=1 src=pari sat=1 tors=4 st=124 hmax=879 pr=50 surv=4 ex=0 bad=0 hits=0 t=1s
  F1 c3/c2@t0=21: rank[2,2] g=2 src=pari sat=1 tors=4 st=2156 hmax=894 pr=50 surv=2 ex=0 bad=0 hits=0 t=1s
  F1 c2/c6@t0=34: rank[2,2] g=2 src=pari sat=1 tors=4 st=1628 hmax=896 pr=50 surv=4 ex=0 bad=0 hits=0 t=1s
  F1 c2/c8: кривая не построена (нет точки на квартике)
  F1 c3/c6@t0=21: rank[1,1] g=1 src=pari sat=1 tors=4 st=116 hmax=789 pr=50 surv=2 ex=0 bad=0 hits=0 t=1s
  F1 c3/c8@t0=21: rank[1,1] g=1 src=pari sat=1 tors=4 st=116 hmax=789 pr=50 surv=4 ex=0 bad=0 hits=0 t=1s
  F1 c6/c8: кривая не построена (нет точки на квартике)
  F2 c2/c3: кривая не построена (нет точки на квартике)
  F2 c2/c5: кривая не построена (нет точки на квартике)
  F2 c2/c6: нет рациональной точки для коники
  F2 c2/c8: кривая не построена (нет точки на квартике)
  F2 c3/c5@t0=21: rank[2,2] g=2 src=pari sat=1 tors=4 st=2156 hmax=894 pr=50 surv=4 ex=0 bad=0 hits=0 t=1s
  F2 c3/c6: кривая не построена (нет точки на квартике)
  F2 c3/c8@t0=21: rank[2,2] g=2 src=pari sat=1 tors=4 st=1628 hmax=896 pr=50 surv=4 ex=0 bad=0 hits=0 t=1s
  F2 c5/c6: кривая не построена (нет точки на квартике)
  F2 c5/c8@t0=21: rank[1,1] g=1 src=pari sat=1 tors=4 st=124 hmax=879 pr=50 surv=4 ex=0 bad=0 hits=0 t=1s
  F2 c6/c8: кривая не построена (нет точки на квартике)
  F3 c1/c3: нет рациональной точки для коники
  F3 c1/c5: нет рациональной точки для коники
  F3 c1/c6: кривая не построена (нет точки на квартике)
  F3 c1/c7: нет рациональной точки для коники
  F3 c3/c5: нет рациональной точки для коники
  F3 c3/c6: кривая не построена (нет точки на квартике)
  F3 c3/c7: нет рациональной точки для коники
  F3 c5/c6: кривая не построена (нет точки на квартике)
  F3 c5/c7: нет рациональной точки для коники
  F3 c6/c7: кривая не построена (нет точки на квартике)
  F4 c2/c3: кривая не построена (нет точки на квартике)
  F4 c2/c5: кривая не построена (нет точки на квартике)
  F4 c2/c6: нет рациональной точки для коники
  F4 c2/c7: кривая не построена (нет точки на квартике)
  F4 c3/c5@t0=21: rank[1,1] g=1 src=pari sat=1 tors=4 st=124 hmax=869 pr=50 surv=4 ex=0 bad=0 hits=0 t=1s
  F4 c3/c6: кривая не построена (нет точки на квартике)
  F4 c3/c7@t0=21: rank[1,1] g=1 src=pari sat=1 tors=4 st=124 hmax=869 pr=50 surv=4 ex=0 bad=0 hits=0 t=1s
  F4 c5/c6@t0=21: rank[1,1] g=1 src=pari sat=1 tors=4 st=108 hmax=875 pr=50 surv=6 ex=0 bad=0 hits=0 t=1s
  F4 c5/c7@t0=21: rank[2,2] g=2 src=pari sat=1 tors=4 st=3660 hmax=895 pr=50 surv=4 ex=0 bad=0 hits=0 t=1s
  F4 c6/c7: кривая не построена (нет точки на квартике)
== (P,Q)=(34,23) C=1685/2 non
  F1 c0/c2: кривая не построена (нет точки на квартике)
  F1 c0/c3@t0=23: rank[2,2] g=2 src=pari sat=1 tors=4 st=2828 hmax=899 pr=50 surv=4 ex=0 bad=0 hits=0 t=1s
  F1 c0/c6: кривая не построена (нет точки на квартике)
  F1 c0/c8@t0=23: rank[1,1] g=1 src=pari sat=1 tors=4 st=124 hmax=884 pr=50 surv=4 ex=0 bad=0 hits=0 t=1s
  F1 c3/c2@t0=23: rank[2,2] g=2 src=pari sat=1 tors=4 st=2828 hmax=899 pr=50 surv=2 ex=0 bad=0 hits=0 t=1s
  F1 c2/c6@t0=34: rank[2,2] g=2 src=pari sat=1 tors=4 st=2828 hmax=899 pr=50 surv=4 ex=0 bad=0 hits=0 t=1s
  F1 c2/c8: кривая не построена (нет точки на квартике)
  F1 c3/c6@t0=23: rank[1,1] g=1 src=pari sat=1 tors=4 st=116 hmax=794 pr=50 surv=2 ex=0 bad=0 hits=0 t=1s
  F1 c3/c8@t0=23: rank[1,1] g=1 src=pari sat=1 tors=4 st=116 hmax=794 pr=50 surv=4 ex=0 bad=0 hits=0 t=1s
  F1 c6/c8: кривая не построена (нет точки на квартике)
  F2 c2/c3: кривая не построена (нет точки на квартике)
  F2 c2/c5: кривая не построена (нет точки на квартике)
  F2 c2/c6: нет рациональной точки для коники
  F2 c2/c8: кривая не построена (нет точки на квартике)
  F2 c3/c5@t0=23: rank[2,2] g=2 src=pari sat=1 tors=4 st=2828 hmax=899 pr=50 surv=4 ex=0 bad=0 hits=0 t=1s
  F2 c3/c6: кривая не построена (нет точки на квартике)
  F2 c3/c8@t0=23: rank[2,2] g=2 src=pari sat=1 tors=4 st=2828 hmax=899 pr=50 surv=4 ex=0 bad=0 hits=0 t=1s
  F2 c5/c6: кривая не построена (нет точки на квартике)
  F2 c5/c8@t0=23: rank[1,1] g=1 src=pari sat=1 tors=4 st=124 hmax=884 pr=50 surv=4 ex=0 bad=0 hits=0 t=1s
  F2 c6/c8: кривая не построена (нет точки на квартике)
  F3 c1/c3: нет рациональной точки для коники
  F3 c1/c5: нет рациональной точки для коники
  F3 c1/c6: кривая не построена (нет точки на квартике)
  F3 c1/c7: нет рациональной точки для коники
  F3 c3/c5: нет рациональной точки для коники
  F3 c3/c6: кривая не построена (нет точки на квартике)
  F3 c3/c7: нет рациональной точки для коники
  F3 c5/c6: кривая не построена (нет точки на квартике)
  F3 c5/c7: нет рациональной точки для коники
  F3 c6/c7: кривая не построена (нет точки на квартике)
  F4 c2/c3: кривая не построена (нет точки на квартике)
  F4 c2/c5: кривая не построена (нет точки на квартике)
  F4 c2/c6: нет рациональной точки для коники
  F4 c2/c7: кривая не построена (нет точки на квартике)
  F4 c3/c5@t0=23: rank[2,2] g=2 src=pari sat=1 tors=4 st=3260 hmax=896 pr=50 surv=4 ex=0 bad=0 hits=0 t=1s
  F4 c3/c6: кривая не построена (нет точки на квартике)
  F4 c3/c7@t0=23: rank[2,2] g=2 src=pari sat=1 tors=4 st=3260 hmax=896 pr=50 surv=4 ex=0 bad=0 hits=0 t=1s
  F4 c5/c6@t0=23: rank[3,3] g=3 src=pari sat=1 tors=4 st=9588 hmax=195 pr=50 surv=6 ex=0 bad=0 hits=0 t=1s
  F4 c5/c7@t0=23: rank[3,3] g=3 src=pari sat=1 tors=4 st=9596 hmax=169 pr=50 surv=4 ex=0 bad=0 hits=0 t=1s
  F4 c6/c7: кривая не построена (нет точки на квартике)
== (P,Q)=(34,25) C=1781/2 non
  F1 c0/c2: кривая не построена (нет точки на квартике)
  F1 c0/c3@t0=25: rank[1,1] g=1 src=pari sat=1 tors=4 st=124 hmax=836 pr=50 surv=4 ex=0 bad=0 hits=0 t=1s
  F1 c0/c6: кривая не построена (нет точки на квартике)
  F1 c0/c8@t0=25: rank[1,1] g=1 src=pari sat=1 tors=4 st=124 hmax=888 pr=50 surv=4 ex=0 bad=0 hits=0 t=1s
  F1 c3/c2@t0=25: rank[1,1] g=1 src=pari sat=1 tors=4 st=124 hmax=836 pr=50 surv=2 ex=0 bad=0 hits=0 t=1s
  F1 c2/c6@t0=34: rank[2,2] g=2 src=pari sat=1 tors=4 st=2812 hmax=897 pr=50 surv=4 ex=0 bad=0 hits=0 t=1s
  F1 c2/c8: кривая не построена (нет точки на квартике)
  F1 c3/c6@t0=25: rank[2,2] g=2 src=pari sat=1 tors=4 st=2516 hmax=898 pr=50 surv=2 ex=0 bad=0 hits=0 t=1s
  F1 c3/c8@t0=25: rank[2,2] g=2 src=pari sat=1 tors=4 st=2516 hmax=898 pr=50 surv=4 ex=0 bad=0 hits=0 t=1s
  F1 c6/c8: кривая не построена (нет точки на квартике)
  F2 c2/c3: кривая не построена (нет точки на квартике)
  F2 c2/c5: кривая не построена (нет точки на квартике)
  F2 c2/c6: нет рациональной точки для коники
  F2 c2/c8: кривая не построена (нет точки на квартике)
  F2 c3/c5@t0=25: rank[1,1] g=1 src=pari sat=1 tors=4 st=124 hmax=836 pr=50 surv=4 ex=0 bad=0 hits=0 t=1s
  F2 c3/c6: кривая не построена (нет точки на квартике)
  F2 c3/c8@t0=25: rank[2,2] g=2 src=pari sat=1 tors=4 st=2812 hmax=897 pr=50 surv=4 ex=0 bad=0 hits=0 t=1s
  F2 c5/c6: кривая не построена (нет точки на квартике)
  F2 c5/c8@t0=25: rank[1,1] g=1 src=pari sat=1 tors=4 st=124 hmax=888 pr=50 surv=4 ex=0 bad=0 hits=0 t=1s
  F2 c6/c8: кривая не построена (нет точки на квартике)
  F3 c1/c3: нет рациональной точки для коники
  F3 c1/c5: нет рациональной точки для коники
  F3 c1/c6: кривая не построена (нет точки на квартике)
  F3 c1/c7: нет рациональной точки для коники
  F3 c3/c5: нет рациональной точки для коники
  F3 c3/c6: кривая не построена (нет точки на квартике)
  F3 c3/c7: нет рациональной точки для коники
  F3 c5/c6: кривая не построена (нет точки на квартике)
  F3 c5/c7: нет рациональной точки для коники
  F3 c6/c7: кривая не построена (нет точки на квартике)
  F4 c2/c3: кривая не построена (нет точки на квартике)
  F4 c2/c5: кривая не построена (нет точки на квартике)
  F4 c2/c6: нет рациональной точки для коники
  F4 c2/c7: кривая не построена (нет точки на квартике)
  F4 c3/c5@t0=25: rank[1,1] g=1 src=pari sat=1 tors=4 st=124 hmax=867 pr=50 surv=4 ex=0 bad=0 hits=0 t=1s
  F4 c3/c6: кривая не построена (нет точки на квартике)
  F4 c3/c7@t0=25: rank[1,1] g=1 src=pari sat=1 tors=4 st=124 hmax=867 pr=50 surv=4 ex=0 bad=0 hits=0 t=1s
  F4 c5/c6: кривая не построена (нет точки на квартике)
  F4 c5/c7@t0=25: rank[3,3] g=3 src=pari sat=1 tors=4 st=9604 hmax=166 pr=50 surv=4 ex=0 bad=0 hits=0 t=1s
  F4 c6/c7: кривая не построена (нет точки на квартике)
== (P,Q)=(34,27) C=1885/2 non
  F1 c0/c2: кривая не построена (нет точки на квартике)
  F1 c0/c3@t0=27: rank[1,1] g=1 src=pari sat=1 tors=4 st=124 hmax=843 pr=50 surv=4 ex=0 bad=0 hits=0 t=1s
  F1 c0/c6: кривая не построена (нет точки на квартике)
  F1 c0/c8@t0=27: rank[2,2] g=2 src=pari sat=1 tors=4 st=2908 hmax=899 pr=50 surv=4 ex=0 bad=0 hits=0 t=1s
  F1 c3/c2@t0=27: rank[1,1] g=1 src=pari sat=1 tors=4 st=124 hmax=843 pr=50 surv=2 ex=0 bad=0 hits=0 t=1s
  F1 c2/c6@t0=34: rank[2,2] g=2 src=pari sat=1 tors=4 st=2940 hmax=899 pr=50 surv=4 ex=0 bad=0 hits=0 t=1s
  F1 c2/c8: кривая не построена (нет точки на квартике)
  F1 c3/c6@t0=27: rank[3,3] g=3 src=pari sat=1 tors=4 st=9596 hmax=294 pr=50 surv=2 ex=0 bad=0 hits=0 t=1s
  F1 c3/c8@t0=27: rank[3,3] g=3 src=pari sat=1 tors=4 st=9596 hmax=294 pr=50 surv=4 ex=0 bad=0 hits=0 t=1s
  F1 c6/c8: кривая не построена (нет точки на квартике)
  F2 c2/c3: кривая не построена (нет точки на квартике)
  F2 c2/c5: кривая не построена (нет точки на квартике)
  F2 c2/c6: нет рациональной точки для коники
  F2 c2/c8: кривая не построена (нет точки на квартике)
  F2 c3/c5@t0=27: rank[1,1] g=1 src=pari sat=1 tors=4 st=124 hmax=843 pr=50 surv=4 ex=0 bad=0 hits=0 t=1s
  F2 c3/c6: кривая не построена (нет точки на квартике)
  F2 c3/c8@t0=27: rank[2,2] g=2 src=pari sat=1 tors=4 st=2940 hmax=899 pr=50 surv=4 ex=0 bad=0 hits=0 t=1s
  F2 c5/c6: кривая не построена (нет точки на квартике)
  F2 c5/c8@t0=27: rank[2,2] g=2 src=pari sat=1 tors=4 st=2908 hmax=899 pr=50 surv=4 ex=0 bad=0 hits=0 t=1s
  F2 c6/c8: кривая не построена (нет точки на квартике)
  F3 c1/c3: нет рациональной точки для коники
  F3 c1/c5: нет рациональной точки для коники
  F3 c1/c6: кривая не построена (нет точки на квартике)
  F3 c1/c7: нет рациональной точки для коники
  F3 c3/c5: нет рациональной точки для коники
  F3 c3/c6: кривая не построена (нет точки на квартике)
  F3 c3/c7: нет рациональной точки для коники
  F3 c5/c6: кривая не построена (нет точки на квартике)
  F3 c5/c7: нет рациональной точки для коники
  F3 c6/c7: кривая не построена (нет точки на квартике)
  F4 c2/c3: кривая не построена (нет точки на квартике)
  F4 c2/c5: кривая не построена (нет точки на квартике)
  F4 c2/c6: нет рациональной точки для коники
  F4 c2/c7: кривая не построена (нет точки на квартике)
  F4 c3/c5@t0=27: rank[2,2] g=2 src=pari sat=1 tors=4 st=2796 hmax=895 pr=50 surv=4 ex=0 bad=0 hits=0 t=1s
  F4 c3/c6: кривая не построена (нет точки на квартике)
  F4 c3/c7@t0=27: rank[2,2] g=2 src=pari sat=1 tors=4 st=2796 hmax=895 pr=50 surv=4 ex=0 bad=0 hits=0 t=1s
  F4 c5/c6: кривая не построена (нет точки на квартике)
  F4 c5/c7@t0=27: rank[3,3] g=3 src=pari sat=1 tors=4 st=9604 hmax=170 pr=50 surv=4 ex=0 bad=0 hits=0 t=1s
  F4 c6/c7: кривая не построена (нет точки на квартике)
== (P,Q)=(34,29) C=1997/2 non
  F1 c0/c2: кривая не построена (нет точки на квартике)
  F1 c0/c3@t0=29: rank[1,1] g=1 src=pari sat=1 tors=4 st=124 hmax=850 pr=50 surv=4 ex=0 bad=0 hits=0 t=1s
  F1 c0/c6: кривая не построена (нет точки на квартике)
  F1 c0/c8@t0=29: rank[1,1] g=1 src=pari sat=1 tors=4 st=124 hmax=898 pr=50 surv=4 ex=0 bad=0 hits=0 t=1s
  F1 c3/c2@t0=29: rank[1,1] g=1 src=pari sat=1 tors=4 st=124 hmax=850 pr=50 surv=2 ex=0 bad=0 hits=0 t=1s
  F1 c2/c6@t0=34: rank[2,2] g=2 src=pari sat=1 tors=4 st=3220 hmax=900 pr=50 surv=4 ex=0 bad=0 hits=0 t=1s
  F1 c2/c8: кривая не построена (нет точки на квартике)
  F1 c3/c6@t0=29: rank[2,2] g=2 src=pari sat=1 tors=4 st=2524 hmax=899 pr=50 surv=2 ex=0 bad=0 hits=0 t=1s
  F1 c3/c8@t0=29: rank[2,2] g=2 src=pari sat=1 tors=4 st=2524 hmax=899 pr=50 surv=4 ex=0 bad=0 hits=0 t=1s
  F1 c6/c8: кривая не построена (нет точки на квартике)
  F2 c2/c3: кривая не построена (нет точки на квартике)
  F2 c2/c5: кривая не построена (нет точки на квартике)
  F2 c2/c6: нет рациональной точки для коники
  F2 c2/c8: кривая не построена (нет точки на квартике)
  F2 c3/c5@t0=29: rank[1,1] g=1 src=pari sat=1 tors=4 st=124 hmax=850 pr=50 surv=4 ex=0 bad=0 hits=0 t=1s
  F2 c3/c6: кривая не построена (нет точки на квартике)
  F2 c3/c8@t0=29: rank[2,2] g=2 src=pari sat=1 tors=4 st=3220 hmax=900 pr=50 surv=4 ex=0 bad=0 hits=0 t=1s
  F2 c5/c6: кривая не построена (нет точки на квартике)
  F2 c5/c8@t0=29: rank[1,1] g=1 src=pari sat=1 tors=4 st=124 hmax=898 pr=50 surv=4 ex=0 bad=0 hits=0 t=1s
  F2 c6/c8: кривая не построена (нет точки на квартике)
  F3 c1/c3: нет рациональной точки для коники
  F3 c1/c5: нет рациональной точки для коники
  F3 c1/c6: кривая не построена (нет точки на квартике)
  F3 c1/c7: нет рациональной точки для коники
  F3 c3/c5: нет рациональной точки для коники
  F3 c3/c6: кривая не построена (нет точки на квартике)
  F3 c3/c7: нет рациональной точки для коники
  F3 c5/c6: кривая не построена (нет точки на квартике)
  F3 c5/c7: нет рациональной точки для коники
  F3 c6/c7: кривая не построена (нет точки на квартике)
  F4 c2/c3: кривая не построена (нет точки на квартике)
  F4 c2/c5: кривая не построена (нет точки на квартике)
  F4 c2/c6: нет рациональной точки для коники
  F4 c2/c7: кривая не построена (нет точки на квартике)
  F4 c3/c5@t0=29: rank[3,3] g=3 src=pari sat=1 tors=4 st=9604 hmax=234 pr=50 surv=4 ex=0 bad=0 hits=0 t=1s
  F4 c3/c6: кривая не построена (нет точки на квартике)
  F4 c3/c7@t0=29: rank[3,3] g=3 src=pari sat=1 tors=4 st=9604 hmax=234 pr=50 surv=4 ex=0 bad=0 hits=0 t=1s
  F4 c5/c6@t0=29: rank[1,1] g=1 src=pari sat=1 tors=4 st=164 hmax=826 pr=50 surv=6 ex=0 bad=0 hits=0 t=1s
  F4 c5/c7@t0=29: rank[1,1] g=1 src=pari sat=1 tors=4 st=132 hmax=870 pr=50 surv=4 ex=0 bad=0 hits=0 t=1s
  F4 c6/c7: кривая не построена (нет точки на квартике)
== (P,Q)=(34,31) C=2117/2 non
  F1 c0/c2: кривая не построена (нет точки на квартике)
  F1 c0/c3@t0=31: rank[1,1] g=1 src=pari sat=1 tors=4 st=124 hmax=857 pr=50 surv=4 ex=0 bad=0 hits=0 t=1s
  F1 c0/c6: кривая не построена (нет точки на квартике)
  F1 c0/c8@t0=31: rank[1,1] g=1 src=pari sat=1 tors=4 st=116 hmax=787 pr=50 surv=4 ex=0 bad=0 hits=0 t=1s
  F1 c3/c2@t0=31: rank[1,1] g=1 src=pari sat=1 tors=4 st=124 hmax=857 pr=50 surv=2 ex=0 bad=0 hits=0 t=1s
  F1 c2/c6@t0=34: rank[1,1] g=1 src=pari sat=1 tors=4 st=124 hmax=898 pr=50 surv=4 ex=0 bad=0 hits=0 t=1s
  F1 c2/c8: кривая не построена (нет точки на квартике)
  F1 c3/c6@t0=31: rank[1,1] g=1 src=pari sat=1 tors=4 st=116 hmax=815 pr=50 surv=2 ex=0 bad=0 hits=0 t=0s
  F1 c3/c8@t0=31: rank[1,1] g=1 src=pari sat=1 tors=4 st=116 hmax=815 pr=50 surv=4 ex=0 bad=0 hits=0 t=0s
  F1 c6/c8: кривая не построена (нет точки на квартике)
  F2 c2/c3: кривая не построена (нет точки на квартике)
  F2 c2/c5: кривая не построена (нет точки на квартике)
  F2 c2/c6: нет рациональной точки для коники
  F2 c2/c8: кривая не построена (нет точки на квартике)
  F2 c3/c5@t0=31: rank[1,1] g=1 src=pari sat=1 tors=4 st=124 hmax=857 pr=50 surv=4 ex=0 bad=0 hits=0 t=1s
  F2 c3/c6: кривая не построена (нет точки на квартике)
  F2 c3/c8@t0=31: rank[1,1] g=1 src=pari sat=1 tors=4 st=124 hmax=898 pr=50 surv=4 ex=0 bad=0 hits=0 t=1s
  F2 c5/c6: кривая не построена (нет точки на квартике)
  F2 c5/c8@t0=31: rank[1,1] g=1 src=pari sat=1 tors=4 st=116 hmax=787 pr=50 surv=4 ex=0 bad=0 hits=0 t=1s
  F2 c6/c8: кривая не построена (нет точки на квартике)
  F3 c1/c3: нет рациональной точки для коники
  F3 c1/c5: нет рациональной точки для коники
  F3 c1/c6: кривая не построена (нет точки на квартике)
  F3 c1/c7: нет рациональной точки для коники
  F3 c3/c5: нет рациональной точки для коники
  F3 c3/c6: кривая не построена (нет точки на квартике)
  F3 c3/c7: нет рациональной точки для коники
  F3 c5/c6: кривая не построена (нет точки на квартике)
  F3 c5/c7: нет рациональной точки для коники
  F3 c6/c7: кривая не построена (нет точки на квартике)
  F4 c2/c3: кривая не построена (нет точки на квартике)
  F4 c2/c5: кривая не построена (нет точки на квартике)
  F4 c2/c6: нет рациональной точки для коники
  F4 c2/c7: кривая не построена (нет точки на квартике)
  F4 c3/c5@t0=31: rank[2,2] g=2 src=pari sat=1 tors=4 st=2476 hmax=897 pr=50 surv=4 ex=0 bad=0 hits=0 t=1s
  F4 c3/c6: кривая не построена (нет точки на квартике)
  F4 c3/c7@t0=31: rank[2,2] g=2 src=pari sat=1 tors=4 st=2476 hmax=897 pr=50 surv=4 ex=0 bad=0 hits=0 t=1s
  F4 c5/c6@t0=31: rank[1,1] g=1 src=pari sat=1 tors=4 st=156 hmax=836 pr=50 surv=6 ex=0 bad=0 hits=0 t=1s
  F4 c5/c7@t0=31: rank[3,3] g=3 src=pari sat=1 tors=4 st=9492 hmax=130 pr=50 surv=4 ex=0 bad=0 hits=0 t=1s
  F4 c6/c7: кривая не построена (нет точки на квартике)
== (P,Q)=(34,33) C=2245/2 non
  F1 c0/c2: кривая не построена (нет точки на квартике)
  F1 c0/c3@t0=33: rank[2,2] g=2 src=pari sat=1 tors=4 st=1292 hmax=894 pr=50 surv=4 ex=0 bad=0 hits=0 t=1s
  F1 c0/c6: кривая не построена (нет точки на квартике)
  F1 c0/c8@t0=33: rank[2,2] g=2 src=pari sat=1 tors=4 st=1612 hmax=898 pr=50 surv=4 ex=0 bad=0 hits=0 t=1s
  F1 c3/c2@t0=33: rank[2,2] g=2 src=pari sat=1 tors=4 st=1292 hmax=894 pr=50 surv=2 ex=0 bad=0 hits=0 t=1s
  F1 c2/c6@t0=34: rank[1,1] g=1 src=pari sat=1 tors=4 st=116 hmax=789 pr=50 surv=4 ex=0 bad=0 hits=0 t=1s
  F1 c2/c8: кривая не построена (нет точки на квартике)
  F1 c3/c6@t0=33: rank[1,1] g=1 src=pari sat=1 tors=4 st=116 hmax=821 pr=50 surv=2 ex=0 bad=0 hits=0 t=1s
  F1 c3/c8@t0=33: rank[1,1] g=1 src=pari sat=1 tors=4 st=116 hmax=821 pr=50 surv=4 ex=0 bad=0 hits=0 t=1s
  F1 c6/c8: кривая не построена (нет точки на квартике)
  F2 c2/c3: кривая не построена (нет точки на квартике)
  F2 c2/c5: кривая не построена (нет точки на квартике)
  F2 c2/c6: нет рациональной точки для коники
  F2 c2/c8: кривая не построена (нет точки на квартике)
  F2 c3/c5@t0=33: rank[2,2] g=2 src=pari sat=1 tors=4 st=1292 hmax=894 pr=50 surv=4 ex=0 bad=0 hits=0 t=1s
  F2 c3/c6: кривая не построена (нет точки на квартике)
  F2 c3/c8@t0=33: rank[1,1] g=1 src=pari sat=1 tors=4 st=116 hmax=789 pr=50 surv=4 ex=0 bad=0 hits=0 t=1s
  F2 c5/c6: кривая не построена (нет точки на квартике)
  F2 c5/c8@t0=33: rank[2,2] g=2 src=pari sat=1 tors=4 st=1612 hmax=898 pr=50 surv=4 ex=0 bad=0 hits=0 t=1s
  F2 c6/c8: кривая не построена (нет точки на квартике)
  F3 c1/c3: нет рациональной точки для коники
  F3 c1/c5: нет рациональной точки для коники
  F3 c1/c6: кривая не построена (нет точки на квартике)
  F3 c1/c7: нет рациональной точки для коники
  F3 c3/c5: нет рациональной точки для коники
  F3 c3/c6: кривая не построена (нет точки на квартике)
  F3 c3/c7: нет рациональной точки для коники
  F3 c5/c6: кривая не построена (нет точки на квартике)
  F3 c5/c7: нет рациональной точки для коники
  F3 c6/c7: кривая не построена (нет точки на квартике)
  F4 c2/c3: кривая не построена (нет точки на квартике)
  F4 c2/c5: кривая не построена (нет точки на квартике)
  F4 c2/c6: нет рациональной точки для коники
  F4 c2/c7: кривая не построена (нет точки на квартике)
  F4 c3/c5@t0=33: rank[2,2] g=2 src=pari sat=1 tors=4 st=3252 hmax=894 pr=50 surv=4 ex=0 bad=0 hits=0 t=1s
  F4 c3/c6: кривая не построена (нет точки на квартике)
  F4 c3/c7@t0=33: rank[2,2] g=2 src=pari sat=1 tors=4 st=3252 hmax=894 pr=50 surv=4 ex=0 bad=0 hits=0 t=1s
  F4 c5/c6: кривая не построена (нет точки на квартике)
  F4 c5/c7@t0=33: rank[1,1] g=1 src=pari sat=1 tors=4 st=132 hmax=871 pr=50 surv=4 ex=0 bad=0 hits=0 t=1s
  F4 c6/c7: кривая не построена (нет точки на квартике)
== (P,Q)=(35,1) C=613 non
  F1 c0/c2: кривая не построена (нет точки на квартике)
  F1 c0/c3@t0=1: rank[2,2] g=2 src=pari sat=1 tors=4 st=1740 hmax=896 pr=50 surv=4 ex=0 bad=0 hits=0 t=1s
  F1 c0/c6: кривая не построена (нет точки на квартике)
  F1 c0/c8@t0=1: rank[1,1] g=1 src=pari sat=1 tors=4 st=132 hmax=815 pr=50 surv=4 ex=0 bad=0 hits=0 t=1s
  F1 c3/c2@t0=1: rank[2,2] g=2 src=pari sat=1 tors=4 st=1740 hmax=896 pr=50 surv=2 ex=0 bad=0 hits=0 t=1s
  F1 c2/c6@t0=35: rank[1,1] g=1 src=pari sat=1 tors=4 st=140 hmax=877 pr=50 surv=4 ex=0 bad=0 hits=0 t=1s
  F1 c2/c8: кривая не построена (нет точки на квартике)
  F1 c3/c6@t0=1: rank[2,2] g=2 src=pari sat=1 tors=4 st=2852 hmax=899 pr=50 surv=2 ex=0 bad=0 hits=0 t=1s
  F1 c3/c8@t0=1: rank[2,2] g=2 src=pari sat=1 tors=4 st=2852 hmax=899 pr=50 surv=4 ex=0 bad=0 hits=0 t=1s
  F1 c6/c8: кривая не построена (нет точки на квартике)
  F2 c2/c3: кривая не построена (нет точки на квартике)
  F2 c2/c5: кривая не построена (нет точки на квартике)
  F2 c2/c6: нет рациональной точки для коники
  F2 c2/c8: кривая не построена (нет точки на квартике)
  F2 c3/c5@t0=1: rank[2,2] g=2 src=pari sat=1 tors=4 st=1740 hmax=896 pr=50 surv=4 ex=0 bad=0 hits=0 t=1s
  F2 c3/c6: кривая не построена (нет точки на квартике)
  F2 c3/c8@t0=1: rank[1,1] g=1 src=pari sat=1 tors=4 st=140 hmax=877 pr=50 surv=4 ex=0 bad=0 hits=0 t=1s
  F2 c5/c6: кривая не построена (нет точки на квартике)
  F2 c5/c8@t0=1: rank[1,1] g=1 src=pari sat=1 tors=4 st=132 hmax=815 pr=50 surv=4 ex=0 bad=0 hits=0 t=1s
  F2 c6/c8: кривая не построена (нет точки на квартике)
  F3 c1/c3: нет рациональной точки для коники
  F3 c1/c5: нет рациональной точки для коники
  F3 c1/c6: кривая не построена (нет точки на квартике)
  F3 c1/c7: нет рациональной точки для коники
  F3 c3/c5: нет рациональной точки для коники
  F3 c3/c6: кривая не построена (нет точки на квартике)
  F3 c3/c7: нет рациональной точки для коники
  F3 c5/c6: кривая не построена (нет точки на квартике)
  F3 c5/c7: нет рациональной точки для коники
  F3 c6/c7: кривая не построена (нет точки на квартике)
  F4 c2/c3: кривая не построена (нет точки на квартике)
  F4 c2/c5: кривая не построена (нет точки на квартике)
  F4 c2/c6: нет рациональной точки для коники
  F4 c2/c7: кривая не построена (нет точки на квартике)
  F4 c3/c5@t0=1: rank[2,2] g=2 src=pari sat=1 tors=4 st=1916 hmax=899 pr=50 surv=4 ex=0 bad=0 hits=0 t=1s
  F4 c3/c6: кривая не построена (нет точки на квартике)
  F4 c3/c7@t0=1: rank[2,2] g=2 src=pari sat=1 tors=4 st=1916 hmax=899 pr=50 surv=4 ex=0 bad=0 hits=0 t=1s
  F4 c5/c6: кривая не построена (нет точки на квартике)
  F4 c5/c7@t0=1: rank[1,1] g=1 src=pari sat=1 tors=4 st=124 hmax=800 pr=50 surv=4 ex=0 bad=0 hits=0 t=1s
  F4 c6/c7: кривая не построена (нет точки на квартике)
== (P,Q)=(35,2) C=1229/2 non
  F1 c0/c2: кривая не построена (нет точки на квартике)
  F1 c0/c3@t0=2: rank[2,2] g=2 src=pari sat=1 tors=4 st=2108 hmax=898 pr=50 surv=4 ex=0 bad=0 hits=0 t=1s
  F1 c0/c6: кривая не построена (нет точки на квартике)
  F1 c0/c8@t0=2: rank[2,2] g=2 src=pari sat=1 tors=4 st=2036 hmax=900 pr=50 surv=4 ex=0 bad=0 hits=0 t=1s
  F1 c3/c2@t0=2: rank[2,2] g=2 src=pari sat=1 tors=4 st=2108 hmax=898 pr=50 surv=2 ex=0 bad=0 hits=0 t=1s
  F1 c2/c6@t0=35: rank[3,3] g=3 src=pari sat=1 tors=4 st=9516 hmax=296 pr=50 surv=4 ex=0 bad=0 hits=0 t=1s
  F1 c2/c8: кривая не построена (нет точки на квартике)
  F1 c3/c6@t0=2: rank[1,1] g=1 src=pari sat=1 tors=4 st=124 hmax=800 pr=50 surv=2 ex=0 bad=0 hits=0 t=1s
  F1 c3/c8@t0=2: rank[1,1] g=1 src=pari sat=1 tors=4 st=124 hmax=800 pr=50 surv=4 ex=0 bad=0 hits=0 t=1s
  F1 c6/c8: кривая не построена (нет точки на квартике)
  F2 c2/c3: кривая не построена (нет точки на квартике)
  F2 c2/c5: кривая не построена (нет точки на квартике)
  F2 c2/c6: нет рациональной точки для коники
  F2 c2/c8: кривая не построена (нет точки на квартике)
  F2 c3/c5@t0=2: rank[2,2] g=2 src=pari sat=1 tors=4 st=2108 hmax=898 pr=50 surv=4 ex=0 bad=0 hits=0 t=1s
  F2 c3/c6: кривая не построена (нет точки на квартике)
  F2 c3/c8@t0=2: rank[3,3] g=3 src=pari sat=1 tors=4 st=9516 hmax=296 pr=50 surv=4 ex=0 bad=0 hits=0 t=1s
  F2 c5/c6: кривая не построена (нет точки на квартике)
  F2 c5/c8@t0=2: rank[2,2] g=2 src=pari sat=1 tors=4 st=2036 hmax=900 pr=50 surv=4 ex=0 bad=0 hits=0 t=1s
  F2 c6/c8: кривая не построена (нет точки на квартике)
  F3 c1/c3: нет рациональной точки для коники
  F3 c1/c5: нет рациональной точки для коники
  F3 c1/c6: кривая не построена (нет точки на квартике)
  F3 c1/c7: нет рациональной точки для коники
  F3 c3/c5: нет рациональной точки для коники
  F3 c3/c6: кривая не построена (нет точки на квартике)
  F3 c3/c7: нет рациональной точки для коники
  F3 c5/c6: кривая не построена (нет точки на квартике)
  F3 c5/c7: нет рациональной точки для коники
  F3 c6/c7: кривая не построена (нет точки на квартике)
  F4 c2/c3: кривая не построена (нет точки на квартике)
  F4 c2/c5: кривая не построена (нет точки на квартике)
  F4 c2/c6: нет рациональной точки для коники
  F4 c2/c7: кривая не построена (нет точки на квартике)
  F4 c3/c5@t0=2: rank[1,1] g=1 src=pari sat=1 tors=4 st=124 hmax=800 pr=50 surv=4 ex=0 bad=0 hits=0 t=1s
  F4 c3/c6: кривая не построена (нет точки на квартике)
  F4 c3/c7@t0=2: rank[1,1] g=1 src=pari sat=1 tors=4 st=124 hmax=800 pr=50 surv=4 ex=0 bad=0 hits=0 t=1s
  F4 c5/c6: кривая не построена (нет точки на квартике)
  F4 c5/c7@t0=2: rank[2,2] g=2 src=pari sat=1 tors=4 st=3020 hmax=899 pr=50 surv=4 ex=0 bad=0 hits=0 t=1s
  F4 c6/c7: кривая не построена (нет точки на квартике)
== (P,Q)=(35,3) C=617 non
  F1 c0/c2: кривая не построена (нет точки на квартике)
  F1 c0/c3@t0=3: rank[1,1] g=1 src=pari sat=1 tors=4 st=124 hmax=846 pr=50 surv=4 ex=0 bad=0 hits=0 t=1s
  F1 c0/c6: кривая не построена (нет точки на квартике)
  F1 c0/c8@t0=3: rank[1,1] g=1 src=pari sat=1 tors=4 st=132 hmax=825 pr=50 surv=4 ex=0 bad=0 hits=0 t=1s
  F1 c3/c2@t0=3: rank[1,1] g=1 src=pari sat=1 tors=4 st=124 hmax=846 pr=50 surv=2 ex=0 bad=0 hits=0 t=1s
  F1 c2/c6@t0=35: rank[3,3] g=3 src=pari sat=1 tors=4 st=9596 hmax=222 pr=50 surv=4 ex=0 bad=0 hits=0 t=1s
  F1 c8/c2@t0=3: rank[2,2] g=2 src=pari sat=1 tors=4 st=1748 hmax=899 pr=50 surv=2 ex=0 bad=0 hits=0 t=1s
  F1 c3/c6@t0=3: rank[3,3] g=3 src=pari sat=1 tors=4 st=9604 hmax=355 pr=50 surv=2 ex=0 bad=0 hits=0 t=1s
  F1 c3/c8@t0=3: rank[3,3] g=3 src=pari sat=1 tors=4 st=9604 hmax=355 pr=50 surv=4 ex=0 bad=0 hits=0 t=1s
  F1 c6/c8: кривая не построена (нет точки на квартике)
  F2 c2/c3: кривая не построена (нет точки на квартике)
  F2 c2/c5: кривая не построена (нет точки на квартике)
  F2 c2/c6: нет рациональной точки для коники
  F2 c2/c8: кривая не построена (нет точки на квартике)
  F2 c3/c5@t0=3: rank[1,1] g=1 src=pari sat=1 tors=4 st=124 hmax=846 pr=50 surv=4 ex=0 bad=0 hits=0 t=1s
  F2 c3/c6@t0=3: rank[2,2] g=2 src=pari sat=1 tors=4 st=1748 hmax=899 pr=50 surv=2 ex=0 bad=0 hits=0 t=1s
  F2 c3/c8@t0=3: rank[3,3] g=3 src=pari sat=1 tors=4 st=9596 hmax=222 pr=50 surv=4 ex=0 bad=0 hits=0 t=1s
  F2 c5/c6: кривая не построена (нет точки на квартике)
  F2 c5/c8@t0=3: rank[1,1] g=1 src=pari sat=1 tors=4 st=132 hmax=825 pr=50 surv=4 ex=0 bad=0 hits=0 t=1s
  F2 c6/c8: кривая не построена (нет точки на квартике)
  F3 c1/c3: нет рациональной точки для коники
  F3 c1/c5: нет рациональной точки для коники
  F3 c1/c6: кривая не построена (нет точки на квартике)
  F3 c1/c7: нет рациональной точки для коники
  F3 c3/c5: нет рациональной точки для коники
  F3 c3/c6: кривая не построена (нет точки на квартике)
  F3 c3/c7: нет рациональной точки для коники
  F3 c5/c6: кривая не построена (нет точки на квартике)
  F3 c5/c7: нет рациональной точки для коники
  F3 c6/c7: кривая не построена (нет точки на квартике)
  F4 c2/c3: кривая не построена (нет точки на квартике)
  F4 c2/c5: кривая не построена (нет точки на квартике)
  F4 c2/c6: нет рациональной точки для коники
  F4 c2/c7: кривая не построена (нет точки на квартике)
  F4 c3/c5@t0=3: rank[2,2] g=2 src=pari sat=1 tors=4 st=1932 hmax=900 pr=50 surv=4 ex=0 bad=0 hits=0 t=1s
  F4 c3/c6: кривая не построена (нет точки на квартике)
  F4 c3/c7@t0=3: rank[2,2] g=2 src=pari sat=1 tors=4 st=1932 hmax=900 pr=50 surv=4 ex=0 bad=0 hits=0 t=1s
  F4 c5/c6: кривая не построена (нет точки на квартике)
  F4 c5/c7@t0=3: rank[1,1] g=1 src=pari sat=1 tors=4 st=124 hmax=801 pr=50 surv=4 ex=0 bad=0 hits=0 t=1s
  F4 c6/c7: кривая не построена (нет точки на квартике)
== (P,Q)=(35,4) C=1241/2 non
  F1 c0/c2: кривая не построена (нет точки на квартике)
  F1 c0/c3@t0=4: rank[1,1] g=1 src=pari sat=1 tors=4 st=124 hmax=849 pr=50 surv=4 ex=0 bad=0 hits=0 t=1s
  F1 c0/c6: кривая не построена (нет точки на квартике)
  F1 c0/c8@t0=4: rank[2,2] g=2 src=pari sat=1 tors=4 st=5084 hmax=899 pr=50 surv=4 ex=0 bad=0 hits=0 t=1s
  F1 c3/c2@t0=4: rank[1,1] g=1 src=pari sat=1 tors=4 st=124 hmax=849 pr=50 surv=2 ex=0 bad=0 hits=0 t=1s
  F1 c2/c6@t0=35: rank[1,1] g=1 src=pari sat=1 tors=4 st=124 hmax=803 pr=50 surv=4 ex=0 bad=0 hits=0 t=1s
  F1 c2/c8: кривая не построена (нет точки на квартике)
  F1 c3/c6@t0=4: rank[2,2] g=2 src=pari sat=1 tors=4 st=2924 hmax=896 pr=50 surv=2 ex=0 bad=0 hits=0 t=1s
  F1 c3/c8@t0=4: rank[2,2] g=2 src=pari sat=1 tors=4 st=2924 hmax=896 pr=50 surv=4 ex=0 bad=0 hits=0 t=1s
  F1 c6/c8: кривая не построена (нет точки на квартике)
  F2 c2/c3: кривая не построена (нет точки на квартике)
  F2 c2/c5: кривая не построена (нет точки на квартике)
  F2 c2/c6: нет рациональной точки для коники
  F2 c2/c8: кривая не построена (нет точки на квартике)
  F2 c3/c5@t0=4: rank[1,1] g=1 src=pari sat=1 tors=4 st=124 hmax=849 pr=50 surv=4 ex=0 bad=0 hits=0 t=1s
  F2 c3/c6: кривая не построена (нет точки на квартике)
  F2 c3/c8@t0=4: rank[1,1] g=1 src=pari sat=1 tors=4 st=124 hmax=803 pr=50 surv=4 ex=0 bad=0 hits=0 t=1s
  F2 c5/c6: кривая не построена (нет точки на квартике)
  F2 c5/c8@t0=4: rank[2,2] g=2 src=pari sat=1 tors=4 st=5084 hmax=899 pr=50 surv=4 ex=0 bad=0 hits=0 t=1s
  F2 c6/c8: кривая не построена (нет точки на квартике)
  F3 c1/c3: нет рациональной точки для коники
  F3 c1/c5: нет рациональной точки для коники
  F3 c1/c6: кривая не построена (нет точки на квартике)
  F3 c1/c7: нет рациональной точки для коники
  F3 c3/c5: нет рациональной точки для коники
  F3 c3/c6: кривая не построена (нет точки на квартике)
  F3 c3/c7: нет рациональной точки для коники
  F3 c5/c6: кривая не построена (нет точки на квартике)
  F3 c5/c7: нет рациональной точки для коники
  F3 c6/c7: кривая не построена (нет точки на квартике)
  F4 c2/c3: кривая не построена (нет точки на квартике)
  F4 c2/c5: кривая не построена (нет точки на квартике)
  F4 c2/c6: нет рациональной точки для коники
  F4 c2/c7: кривая не построена (нет точки на квартике)
  F4 c3/c5@t0=4: rank[1,1] g=1 src=pari sat=1 tors=4 st=124 hmax=800 pr=50 surv=4 ex=0 bad=0 hits=0 t=1s
  F4 c3/c6: кривая не построена (нет точки на квартике)
  F4 c3/c7@t0=4: rank[1,1] g=1 src=pari sat=1 tors=4 st=124 hmax=800 pr=50 surv=4 ex=0 bad=0 hits=0 t=1s
  F4 c5/c6@t0=4: rank[2,2] g=2 src=pari sat=1 tors=4 st=1924 hmax=879 pr=50 surv=6 ex=0 bad=0 hits=0 t=1s
  F4 c5/c7@t0=4: rank[2,2] g=2 src=pari sat=1 tors=4 st=3316 hmax=899 pr=50 surv=4 ex=0 bad=0 hits=0 t=1s
  F4 c6/c7: кривая не построена (нет точки на квартике)
== (P,Q)=(35,6) C=1261/2 non
  F1 c0/c2: кривая не построена (нет точки на квартике)
  F1 c0/c3@t0=6: rank[3,3] g=3 src=pari sat=1 tors=4 st=9596 hmax=314 pr=50 surv=4 ex=0 bad=0 hits=0 t=1s
  F1 c0/c6: кривая не построена (нет точки на квартике)
  F1 c0/c8@t0=6: rank[3,3] g=3 src=pari sat=1 tors=4 st=9604 hmax=197 pr=50 surv=4 ex=0 bad=0 hits=0 t=1s
  F1 c3/c2@t0=6: rank[3,3] g=3 src=pari sat=1 tors=4 st=9596 hmax=314 pr=50 surv=2 ex=0 bad=0 hits=0 t=1s
  F1 c2/c6@t0=35: rank[2,2] g=2 src=pari sat=1 tors=4 st=1636 hmax=900 pr=50 surv=4 ex=0 bad=0 hits=0 t=1s
  F1 c2/c8: кривая не построена (нет точки на квартике)
  F1 c3/c6@t0=6: rank[2,2] g=2 src=pari sat=1 tors=4 st=2780 hmax=899 pr=50 surv=2 ex=0 bad=0 hits=0 t=1s
  F1 c3/c8@t0=6: rank[2,2] g=2 src=pari sat=1 tors=4 st=2780 hmax=899 pr=50 surv=4 ex=0 bad=0 hits=0 t=1s
  F1 c6/c8: кривая не построена (нет точки на квартике)
  F2 c2/c3: кривая не построена (нет точки на квартике)
  F2 c2/c5: кривая не построена (нет точки на квартике)
  F2 c2/c6: нет рациональной точки для коники
  F2 c2/c8: кривая не построена (нет точки на квартике)
  F2 c3/c5@t0=6: rank[3,3] g=3 src=pari sat=1 tors=4 st=9596 hmax=314 pr=50 surv=4 ex=0 bad=0 hits=0 t=1s
  F2 c3/c6: кривая не построена (нет точки на квартике)
  F2 c3/c8@t0=6: rank[2,2] g=2 src=pari sat=1 tors=4 st=1636 hmax=900 pr=50 surv=4 ex=0 bad=0 hits=0 t=1s
  F2 c5/c6: кривая не построена (нет точки на квартике)
  F2 c5/c8@t0=6: rank[3,3] g=3 src=pari sat=1 tors=4 st=9604 hmax=197 pr=50 surv=4 ex=0 bad=0 hits=0 t=1s
  F2 c6/c8: кривая не построена (нет точки на квартике)
  F3 c1/c3: нет рациональной точки для коники
  F3 c1/c5: нет рациональной точки для коники
  F3 c1/c6: кривая не построена (нет точки на квартике)
  F3 c1/c7: нет рациональной точки для коники
  F3 c3/c5: нет рациональной точки для коники
  F3 c3/c6: кривая не построена (нет точки на квартике)
  F3 c3/c7: нет рациональной точки для коники
  F3 c5/c6: кривая не построена (нет точки на квартике)
  F3 c5/c7: нет рациональной точки для коники
  F3 c6/c7: кривая не построена (нет точки на квартике)
  F4 c2/c3: кривая не построена (нет точки на квартике)
  F4 c2/c5: кривая не построена (нет точки на квартике)
  F4 c2/c6: нет рациональной точки для коники
  F4 c2/c7: кривая не построена (нет точки на квартике)
  F4 c3/c5@t0=6: rank[1,1] g=1 src=pari sat=1 tors=4 st=124 hmax=800 pr=50 surv=4 ex=0 bad=0 hits=0 t=1s
  F4 c3/c6: кривая не построена (нет точки на квартике)
  F4 c3/c7@t0=6: rank[1,1] g=1 src=pari sat=1 tors=4 st=124 hmax=800 pr=50 surv=4 ex=0 bad=0 hits=0 t=1s
  F4 c5/c6: кривая не построена (нет точки на квартике)
  F4 c5/c7@t0=6: rank[2,2] g=2 src=pari sat=1 tors=4 st=3156 hmax=890 pr=50 surv=4 ex=0 bad=0 hits=0 t=1s
  F4 c6/c7: кривая не построена (нет точки на квартике)
== (P,Q)=(35,8) C=1289/2 non
  F1 c0/c2: кривая не построена (нет точки на квартике)
  F1 c0/c3@t0=8: rank[3,3] g=3 src=pari sat=1 tors=4 st=9588 hmax=307 pr=50 surv=4 ex=0 bad=0 hits=0 t=1s
  F1 c0/c6: кривая не построена (нет точки на квартике)
  F1 c0/c8@t0=8: rank[2,2] g=2 src=pari sat=1 tors=4 st=2084 hmax=899 pr=50 surv=4 ex=0 bad=0 hits=0 t=1s
  F1 c3/c2@t0=8: rank[3,3] g=3 src=pari sat=1 tors=4 st=9588 hmax=307 pr=50 surv=2 ex=0 bad=0 hits=0 t=1s
  F1 c2/c6@t0=35: rank[1,1] g=1 src=pari sat=1 tors=4 st=124 hmax=811 pr=50 surv=4 ex=0 bad=0 hits=0 t=1s
  F1 c2/c8: кривая не построена (нет точки на квартике)
  F1 c3/c6@t0=8: rank[2,2] g=2 src=pari sat=1 tors=4 st=2764 hmax=896 pr=50 surv=2 ex=0 bad=0 hits=0 t=1s
  F1 c3/c8@t0=8: rank[2,2] g=2 src=pari sat=1 tors=4 st=2764 hmax=896 pr=50 surv=4 ex=0 bad=0 hits=0 t=1s
  F1 c6/c8: кривая не построена (нет точки на квартике)
  F2 c2/c3: кривая не построена (нет точки на квартике)
  F2 c2/c5: кривая не построена (нет точки на квартике)
  F2 c2/c6: нет рациональной точки для коники
  F2 c2/c8: кривая не построена (нет точки на квартике)
  F2 c3/c5@t0=8: rank[3,3] g=3 src=pari sat=1 tors=4 st=9588 hmax=307 pr=50 surv=4 ex=0 bad=0 hits=0 t=1s
  F2 c3/c6: кривая не построена (нет точки на квартике)
  F2 c3/c8@t0=8: rank[1,1] g=1 src=pari sat=1 tors=4 st=124 hmax=811 pr=50 surv=4 ex=0 bad=0 hits=0 t=1s
  F2 c5/c6: кривая не построена (нет точки на квартике)
  F2 c5/c8@t0=8: rank[2,2] g=2 src=pari sat=1 tors=4 st=2084 hmax=899 pr=50 surv=4 ex=0 bad=0 hits=0 t=1s
  F2 c6/c8: кривая не построена (нет точки на квартике)
  F3 c1/c3: нет рациональной точки для коники
  F3 c1/c5: нет рациональной точки для коники
  F3 c1/c6: кривая не построена (нет точки на квартике)
  F3 c1/c7: нет рациональной точки для коники
  F3 c3/c5: нет рациональной точки для коники
  F3 c3/c6: кривая не построена (нет точки на квартике)
  F3 c3/c7: нет рациональной точки для коники
  F3 c5/c6: кривая не построена (нет точки на квартике)
  F3 c5/c7: нет рациональной точки для коники
  F3 c6/c7: кривая не построена (нет точки на квартике)
  F4 c2/c3: кривая не построена (нет точки на квартике)
  F4 c2/c5: кривая не построена (нет точки на квартике)
  F4 c2/c6: нет рациональной точки для коники
  F4 c2/c7: кривая не построена (нет точки на квартике)
  F4 c3/c5@t0=8: rank[1,1] g=1 src=pari sat=1 tors=4 st=124 hmax=800 pr=50 surv=4 ex=0 bad=0 hits=0 t=1s
  F4 c3/c6: кривая не построена (нет точки на квартике)
  F4 c3/c7@t0=8: rank[1,1] g=1 src=pari sat=1 tors=4 st=124 hmax=800 pr=50 surv=4 ex=0 bad=0 hits=0 t=1s
  F4 c5/c6: кривая не построена (нет точки на квартике)
  F4 c5/c7@t0=8: rank[2,2] g=2 src=pari sat=1 tors=4 st=1868 hmax=896 pr=50 surv=4 ex=0 bad=0 hits=0 t=1s
  F4 c6/c7: кривая не построена (нет точки на квартике)
== (P,Q)=(35,9) C=653 non
  F1 c0/c2: кривая не построена (нет точки на квартике)
  F1 c0/c3@t0=9: rank[2,2] g=2 src=pari sat=1 tors=4 st=1500 hmax=899 pr=50 surv=4 ex=0 bad=0 hits=0 t=1s
  F1 c0/c6: кривая не построена (нет точки на квартике)
  F1 c0/c8@t0=9: rank[1,1] g=1 src=pari sat=1 tors=4 st=132 hmax=843 pr=50 surv=4 ex=0 bad=0 hits=0 t=1s
  F1 c3/c2@t0=9: rank[2,2] g=2 src=pari sat=1 tors=4 st=1500 hmax=899 pr=50 surv=2 ex=0 bad=0 hits=0 t=1s
  F1 c2/c6@t0=35: rank[1,1] g=1 src=pari sat=1 tors=4 st=140 hmax=894 pr=50 surv=4 ex=0 bad=0 hits=0 t=1s
  F1 c2/c8: кривая не построена (нет точки на квартике)
  F1 c3/c6@t0=9: rank[2,2] g=2 src=pari sat=1 tors=4 st=1972 hmax=896 pr=50 surv=2 ex=0 bad=0 hits=0 t=1s
  F1 c3/c8@t0=9: rank[2,2] g=2 src=pari sat=1 tors=4 st=1972 hmax=896 pr=50 surv=4 ex=0 bad=0 hits=0 t=1s
  F1 c6/c8: кривая не построена (нет точки на квартике)
  F2 c2/c3: кривая не построена (нет точки на квартике)
  F2 c2/c5: кривая не построена (нет точки на квартике)
  F2 c2/c6: нет рациональной точки для коники
  F2 c2/c8: кривая не построена (нет точки на квартике)
  F2 c3/c5@t0=9: rank[2,2] g=2 src=pari sat=1 tors=4 st=1500 hmax=899 pr=50 surv=4 ex=0 bad=0 hits=0 t=1s
  F2 c3/c6: кривая не построена (нет точки на квартике)
  F2 c3/c8@t0=9: rank[1,1] g=1 src=pari sat=1 tors=4 st=140 hmax=894 pr=50 surv=4 ex=0 bad=0 hits=0 t=1s
  F2 c5/c6: кривая не построена (нет точки на квартике)
  F2 c5/c8@t0=9: rank[1,1] g=1 src=pari sat=1 tors=4 st=132 hmax=843 pr=50 surv=4 ex=0 bad=0 hits=0 t=1s
  F2 c6/c8: кривая не построена (нет точки на квартике)
  F3 c1/c3: нет рациональной точки для коники
  F3 c1/c5: нет рациональной точки для коники
  F3 c1/c6: кривая не построена (нет точки на квартике)
  F3 c1/c7: нет рациональной точки для коники
  F3 c3/c5: нет рациональной точки для коники
  F3 c3/c6: кривая не построена (нет точки на квартике)
  F3 c3/c7: нет рациональной точки для коники
  F3 c5/c6: кривая не построена (нет точки на квартике)
  F3 c5/c7: нет рациональной точки для коники
  F3 c6/c7: кривая не построена (нет точки на квартике)
  F4 c2/c3: кривая не построена (нет точки на квартике)
  F4 c2/c5: кривая не построена (нет точки на квартике)
  F4 c2/c6: нет рациональной точки для коники
  F4 c2/c7: кривая не построена (нет точки на квартике)
  F4 c3/c5@t0=9: rank[1,1] g=1 src=pari sat=1 tors=4 st=124 hmax=878 pr=50 surv=4 ex=0 bad=0 hits=0 t=1s
  F4 c3/c6: кривая не построена (нет точки на квартике)
  F4 c3/c7@t0=9: rank[1,1] g=1 src=pari sat=1 tors=4 st=124 hmax=878 pr=50 surv=4 ex=0 bad=0 hits=0 t=1s
  F4 c5/c6: кривая не построена (нет точки на квартике)
  F4 c5/c7@t0=9: rank[2,2] g=2 src=pari sat=1 tors=4 st=3452 hmax=898 pr=50 surv=4 ex=0 bad=0 hits=0 t=1s
  F4 c6/c7: кривая не построена (нет точки на квартике)
== (P,Q)=(35,11) C=673 non
  F1 c0/c2: кривая не построена (нет точки на квартике)
  F1 c0/c3@t0=11: rank[2,2] g=2 src=pari sat=1 tors=4 st=2380 hmax=898 pr=50 surv=4 ex=0 bad=0 hits=0 t=1s
  F1 c0/c6: кривая не построена (нет точки на квартике)
  F1 c0/c8@t0=11: rank[2,2] g=2 src=pari sat=1 tors=4 st=2700 hmax=897 pr=50 surv=4 ex=0 bad=0 hits=0 t=1s
  F1 c3/c2@t0=11: rank[2,2] g=2 src=pari sat=1 tors=4 st=2380 hmax=898 pr=50 surv=2 ex=0 bad=0 hits=0 t=1s
  F1 c2/c6@t0=35: rank[2,2] g=2 src=pari sat=1 tors=4 st=4100 hmax=897 pr=50 surv=4 ex=0 bad=0 hits=0 t=1s
  F1 c8/c2@t0=11: rank[2,2] g=2 src=pari sat=1 tors=4 st=1996 hmax=900 pr=50 surv=2 ex=0 bad=0 hits=0 t=1s
  F1 c3/c6@t0=11: rank[2,2] g=2 src=pari sat=1 tors=4 st=2148 hmax=899 pr=50 surv=2 ex=0 bad=0 hits=0 t=1s
  F1 c3/c8@t0=11: rank[2,2] g=2 src=pari sat=1 tors=4 st=2148 hmax=899 pr=50 surv=4 ex=0 bad=0 hits=0 t=0s
  F1 c6/c8: кривая не построена (нет точки на квартике)
  F2 c2/c3: кривая не построена (нет точки на квартике)
  F2 c2/c5: кривая не построена (нет точки на квартике)
  F2 c2/c6: нет рациональной точки для коники
  F2 c8/c2@t0=11: rank[3,3] g=3 src=pari sat=1 tors=4 st=9604 hmax=289 pr=50 surv=2 ex=0 bad=0 hits=0 t=0s
  F2 c3/c5@t0=11: rank[2,2] g=2 src=pari sat=1 tors=4 st=2380 hmax=898 pr=50 surv=4 ex=0 bad=0 hits=0 t=0s
  F2 c3/c6@t0=11: rank[2,2] g=2 src=pari sat=1 tors=4 st=1996 hmax=900 pr=50 surv=2 ex=0 bad=0 hits=0 t=0s
  F2 c3/c8@t0=11: rank[2,2] g=2 src=pari sat=1 tors=4 st=4100 hmax=897 pr=50 surv=4 ex=0 bad=0 hits=0 t=0s
  F2 c5/c6: кривая не построена (нет точки на квартике)
  F2 c5/c8@t0=11: rank[2,2] g=2 src=pari sat=1 tors=4 st=2700 hmax=897 pr=50 surv=4 ex=0 bad=0 hits=0 t=0s
  F2 c6/c8: кривая не построена (нет точки на квартике)
  F3 c1/c3: нет рациональной точки для коники
  F3 c1/c5: нет рациональной точки для коники
  F3 c6/c1@t0=11: rank[3,3] g=3 src=pari sat=1 tors=4 st=9604 hmax=289 pr=50 surv=2 ex=0 bad=0 hits=0 t=0s
  F3 c1/c7: нет рациональной точки для коники
  F3 c3/c5: нет рациональной точки для коники
  F3 c6/c3@t0=11: rank[3,3] g=3 src=pari sat=1 tors=4 st=9604 hmax=289 pr=50 surv=2 ex=0 bad=0 hits=0 t=0s
  F3 c3/c7: нет рациональной точки для коники
  F3 c5/c6: кривая не построена (нет точки на квартике)
  F3 c5/c7: нет рациональной точки для коники
  F3 c6/c7: кривая не построена (нет точки на квартике)
  F4 c2/c3: кривая не построена (нет точки на квартике)
  F4 c2/c5: кривая не построена (нет точки на квартике)
  F4 c2/c6: нет рациональной точки для коники
  F4 c7/c2@t0=11: rank[3,3] g=3 src=pari sat=1 tors=4 st=9604 hmax=289 pr=50 surv=2 ex=0 bad=0 hits=0 t=0s
  F4 c3/c5@t0=11: rank[3,3] g=3 src=pari sat=1 tors=4 st=9604 hmax=285 pr=50 surv=4 ex=0 bad=0 hits=0 t=0s
  F4 c3/c6: кривая не построена (нет точки на квартике)
  F4 c3/c7@t0=11: rank[3,3] g=3 src=pari sat=1 tors=4 st=9604 hmax=285 pr=50 surv=4 ex=0 bad=0 hits=0 t=0s
  F4 c5/c6@t0=11: rank[2,2] g=2 src=pari sat=1 tors=4 st=3644 hmax=897 pr=50 surv=6 ex=0 bad=0 hits=0 t=0s
  F4 c5/c7@t0=11: rank[2,2] g=2 src=pari sat=1 tors=4 st=3644 hmax=896 pr=50 surv=4 ex=0 bad=0 hits=0 t=0s
  F4 c6/c7: кривая не построена (нет точки на квартике)
== (P,Q)=(35,12) C=1369/2 non
  F1 c0/c2: кривая не построена (нет точки на квартике)
  F1 c0/c3@t0=12: rank[1,1] g=1 src=pari sat=1 tors=4 st=124 hmax=875 pr=50 surv=4 ex=0 bad=0 hits=0 t=0s
  F1 c0/c6: кривая не построена (нет точки на квартике)
  F1 c0/c8@t0=12: rank[1,1] g=1 src=pari sat=1 tors=4 st=124 hmax=864 pr=50 surv=4 ex=0 bad=0 hits=0 t=0s
  F1 c3/c2@t0=12: rank[1,1] g=1 src=pari sat=1 tors=4 st=124 hmax=875 pr=50 surv=2 ex=0 bad=0 hits=0 t=0s
  F1 c2/c6@t0=35: rank[2,2] g=2 src=pari sat=1 tors=4 st=3668 hmax=898 pr=50 surv=4 ex=0 bad=0 hits=0 t=0s
  F1 c2/c8: кривая не построена (нет точки на квартике)
  F1 c3/c6@t0=12: rank[2,2] g=2 src=pari sat=1 tors=4 st=1532 hmax=897 pr=50 surv=2 ex=0 bad=0 hits=0 t=0s
  F1 c3/c8@t0=12: rank[2,2] g=2 src=pari sat=1 tors=4 st=1532 hmax=897 pr=50 surv=4 ex=0 bad=0 hits=0 t=0s
  F1 c6/c8: кривая не построена (нет точки на квартике)
  F2 c2/c3: кривая не построена (нет точки на квартике)
  F2 c2/c5: кривая не построена (нет точки на квартике)
  F2 c2/c6: нет рациональной точки для коники
  F2 c2/c8: кривая не построена (нет точки на квартике)
  F2 c3/c5@t0=12: rank[1,1] g=1 src=pari sat=1 tors=4 st=124 hmax=875 pr=50 surv=4 ex=0 bad=0 hits=0 t=0s
  F2 c3/c6: кривая не построена (нет точки на квартике)
  F2 c3/c8@t0=12: rank[2,2] g=2 src=pari sat=1 tors=4 st=3668 hmax=898 pr=50 surv=4 ex=0 bad=0 hits=0 t=0s
  F2 c5/c6: кривая не построена (нет точки на квартике)
  F2 c5/c8@t0=12: rank[1,1] g=1 src=pari sat=1 tors=4 st=124 hmax=864 pr=50 surv=4 ex=0 bad=0 hits=0 t=0s
  F2 c6/c8: кривая не построена (нет точки на квартике)
  F3 c1/c3: нет рациональной точки для коники
  F3 c1/c5: нет рациональной точки для коники
  F3 c1/c6: кривая не построена (нет точки на квартике)
  F3 c1/c7: нет рациональной точки для коники
  F3 c3/c5: нет рациональной точки для коники
  F3 c3/c6: кривая не построена (нет точки на квартике)
  F3 c3/c7: нет рациональной точки для коники
  F3 c5/c6: кривая не построена (нет точки на квартике)
  F3 c5/c7: нет рациональной точки для коники
  F3 c6/c7: кривая не построена (нет точки на квартике)
  F4 c2/c3: кривая не построена (нет точки на квартике)
  F4 c2/c5: кривая не построена (нет точки на квартике)
  F4 c2/c6: нет рациональной точки для коники
  F4 c2/c7: кривая не построена (нет точки на квартике)
  F4 c3/c5@t0=12: rank[2,2] g=2 src=pari sat=1 tors=4 st=2972 hmax=899 pr=50 surv=4 ex=0 bad=0 hits=0 t=1s
  F4 c3/c6: кривая не построена (нет точки на квартике)
  F4 c3/c7@t0=12: rank[2,2] g=2 src=pari sat=1 tors=4 st=2972 hmax=899 pr=50 surv=4 ex=0 bad=0 hits=0 t=1s
  F4 c5/c6: кривая не построена (нет точки на квартике)
  F4 c5/c7@t0=12: rank[1,1] g=1 src=pari sat=1 tors=4 st=124 hmax=811 pr=50 surv=4 ex=0 bad=0 hits=0 t=0s
  F4 c6/c7: кривая не построена (нет точки на квартике)
== (P,Q)=(35,13) C=697 non
  F1 c0/c2: кривая не построена (нет точки на квартике)
  F1 c0/c3@t0=13: rank[2,2] g=2 src=pari sat=1 tors=4 st=1684 hmax=890 pr=50 surv=4 ex=0 bad=0 hits=0 t=0s
  F1 c0/c6: кривая не построена (нет точки на квартике)
  F1 c0/c8@t0=13: rank[1,1] g=1 src=pari sat=1 tors=4 st=132 hmax=853 pr=50 surv=4 ex=0 bad=0 hits=0 t=0s
  F1 c3/c2@t0=13: rank[2,2] g=2 src=pari sat=1 tors=4 st=1684 hmax=890 pr=50 surv=2 ex=0 bad=0 hits=0 t=0s
  F1 c2/c6@t0=35: rank[2,2] g=2 src=pari sat=1 tors=4 st=3324 hmax=900 pr=50 surv=4 ex=0 bad=0 hits=0 t=0s
  F1 c2/c8: кривая не построена (нет точки на квартике)
  F1 c3/c6@t0=13: rank[3,3] g=3 src=pari sat=1 tors=4 st=9580 hmax=194 pr=50 surv=2 ex=0 bad=0 hits=0 t=0s
  F1 c3/c8@t0=13: rank[3,3] g=3 src=pari sat=1 tors=4 st=9580 hmax=194 pr=50 surv=4 ex=0 bad=0 hits=0 t=0s
  F1 c6/c8: кривая не построена (нет точки на квартике)
  F2 c2/c3: кривая не построена (нет точки на квартике)
  F2 c2/c5: кривая не построена (нет точки на квартике)
  F2 c2/c6: нет рациональной точки для коники
  F2 c8/c2@t0=13: rank[4,4] g=4 src=pari sat=1 tors=4 st=9604 hmax=65 pr=50 surv=2 ex=0 bad=0 hits=0 t=0s
  F2 c3/c5@t0=13: rank[2,2] g=2 src=pari sat=1 tors=4 st=1684 hmax=890 pr=50 surv=4 ex=0 bad=0 hits=0 t=0s
  F2 c3/c6: кривая не построена (нет точки на квартике)
  F2 c3/c8@t0=13: rank[2,2] g=2 src=pari sat=1 tors=4 st=3324 hmax=900 pr=50 surv=4 ex=0 bad=0 hits=0 t=0s
  F2 c5/c6: кривая не построена (нет точки на квартике)
  F2 c5/c8@t0=13: rank[1,1] g=1 src=pari sat=1 tors=4 st=132 hmax=853 pr=50 surv=4 ex=0 bad=0 hits=0 t=0s
  F2 c6/c8: кривая не построена (нет точки на квартике)
  F3 c1/c3: нет рациональной точки для коники
  F3 c1/c5: кривая не построена (нет точки на квартике)
  F3 c6/c1@t0=13: rank[4,4] g=4 src=pari sat=1 tors=4 st=9604 hmax=65 pr=50 surv=2 ex=0 bad=0 hits=0 t=0s
  F3 c1/c7: нет рациональной точки для коники
  F3 c3/c5: кривая не построена (нет точки на квартике)
  F3 c6/c3@t0=13: rank[4,4] g=4 src=pari sat=1 tors=4 st=9604 hmax=65 pr=50 surv=2 ex=0 bad=0 hits=0 t=0s
  F3 c3/c7: нет рациональной точки для коники
  F3 c5/c6: кривая не построена (нет точки на квартике)
  F3 c5/c7@t0=31: rank[1,1] g=1 src=pari sat=1 tors=4 st=108 hmax=808 pr=50 surv=2 ex=0 bad=0 hits=0 t=0s
  F3 c6/c7: кривая не построена (нет точки на квартике)
  F4 c2/c3: кривая не построена (нет точки на квартике)
  F4 c2/c5: кривая не построена (нет точки на квартике)
  F4 c2/c6: нет рациональной точки для коники
  F4 c7/c2@t0=13: rank[4,4] g=4 src=pari sat=1 tors=4 st=9604 hmax=65 pr=50 surv=2 ex=0 bad=0 hits=0 t=0s
  F4 c3/c5@t0=13: rank[2,2] g=2 src=pari sat=1 tors=4 st=4356 hmax=899 pr=50 surv=4 ex=0 bad=0 hits=0 t=1s
  F4 c3/c6: кривая не построена (нет точки на квартике)
  F4 c3/c7@t0=13: rank[2,2] g=2 src=pari sat=1 tors=4 st=4356 hmax=899 pr=50 surv=4 ex=0 bad=0 hits=0 t=0s
  F4 c5/c6: кривая не построена (нет точки на квартике)
  F4 c5/c7@t0=13: rank[2,2] g=2 src=pari sat=1 tors=4 st=4220 hmax=896 pr=50 surv=4 ex=0 bad=0 hits=0 t=0s
  F4 c6/c7: кривая не построена (нет точки на квартике)
== (P,Q)=(35,16) C=1481/2 non
  F1 c0/c2: кривая не построена (нет точки на квартике)
  F1 c0/c3@t0=16: rank[1,1] g=1 src=pari sat=1 tors=4 st=124 hmax=888 pr=50 surv=4 ex=0 bad=0 hits=0 t=0s
  F1 c0/c6: кривая не построена (нет точки на квартике)
  F1 c0/c8@t0=16: rank[3,3] g=3 src=pari sat=1 tors=4 st=9572 hmax=270 pr=50 surv=4 ex=0 bad=0 hits=0 t=0s
  F1 c3/c2@t0=16: rank[1,1] g=1 src=pari sat=1 tors=4 st=124 hmax=888 pr=50 surv=2 ex=0 bad=0 hits=0 t=0s
  F1 c2/c6@t0=35: rank[1,1] g=1 src=pari sat=1 tors=4 st=124 hmax=837 pr=50 surv=4 ex=0 bad=0 hits=0 t=1s
  F1 c2/c8: кривая не построена (нет точки на квартике)
  F1 c3/c6@t0=16: rank[1,1] g=1 src=pari sat=1 tors=4 st=124 hmax=820 pr=50 surv=2 ex=0 bad=0 hits=0 t=1s
  F1 c3/c8@t0=16: rank[1,1] g=1 src=pari sat=1 tors=4 st=124 hmax=820 pr=50 surv=4 ex=0 bad=0 hits=0 t=0s
  F1 c6/c8: кривая не построена (нет точки на квартике)
  F2 c2/c3: кривая не построена (нет точки на квартике)
  F2 c2/c5: кривая не построена (нет точки на квартике)
  F2 c2/c6: нет рациональной точки для коники
  F2 c2/c8: кривая не построена (нет точки на квартике)
  F2 c3/c5@t0=16: rank[1,1] g=1 src=pari sat=1 tors=4 st=124 hmax=888 pr=50 surv=4 ex=0 bad=0 hits=0 t=0s
  F2 c3/c6: кривая не построена (нет точки на квартике)
  F2 c3/c8@t0=16: rank[1,1] g=1 src=pari sat=1 tors=4 st=124 hmax=837 pr=50 surv=4 ex=0 bad=0 hits=0 t=0s
  F2 c5/c6: кривая не построена (нет точки на квартике)
  F2 c5/c8@t0=16: rank[3,3] g=3 src=pari sat=1 tors=4 st=9572 hmax=270 pr=50 surv=4 ex=0 bad=0 hits=0 t=0s
  F2 c6/c8: кривая не построена (нет точки на квартике)
  F3 c1/c3: нет рациональной точки для коники
  F3 c1/c5: нет рациональной точки для коники
  F3 c1/c6: кривая не построена (нет точки на квартике)
  F3 c1/c7: нет рациональной точки для коники
  F3 c3/c5: нет рациональной точки для коники
  F3 c3/c6: кривая не построена (нет точки на квартике)
  F3 c3/c7: нет рациональной точки для коники
  F3 c5/c6: кривая не построена (нет точки на квартике)
  F3 c5/c7: нет рациональной точки для коники
  F3 c6/c7: кривая не построена (нет точки на квартике)
  F4 c2/c3: кривая не построена (нет точки на квартике)
  F4 c2/c5: кривая не построена (нет точки на квартике)
  F4 c2/c6: нет рациональной точки для коники
  F4 c2/c7: кривая не построена (нет точки на квартике)
  F4 c3/c5@t0=16: rank[2,2] g=2 src=pari sat=1 tors=4 st=1828 hmax=897 pr=50 surv=4 ex=0 bad=0 hits=0 t=0s
  F4 c3/c6: кривая не построена (нет точки на квартике)
  F4 c3/c7@t0=16: rank[2,2] g=2 src=pari sat=1 tors=4 st=1828 hmax=897 pr=50 surv=4 ex=0 bad=0 hits=0 t=0s
  F4 c5/c6: кривая не построена (нет точки на квартике)
  F4 c5/c7@t0=16: rank[1,1] g=1 src=pari sat=1 tors=4 st=124 hmax=819 pr=50 surv=4 ex=0 bad=0 hits=0 t=0s
  F4 c6/c7: кривая не построена (нет точки на квартике)
== (P,Q)=(35,17) C=757 non
  F1 c0/c2: кривая не построена (нет точки на квартике)
  F1 c0/c3@t0=17: rank[1,1] g=1 src=pari sat=1 tors=4 st=124 hmax=891 pr=50 surv=4 ex=0 bad=0 hits=0 t=0s
  F1 c0/c6: кривая не построена (нет точки на квартике)
  F1 c0/c8@t0=17: rank[2,2] g=2 src=pari sat=1 tors=4 st=3844 hmax=900 pr=50 surv=4 ex=0 bad=0 hits=0 t=0s
  F1 c3/c2@t0=17: rank[1,1] g=1 src=pari sat=1 tors=4 st=124 hmax=891 pr=50 surv=2 ex=0 bad=0 hits=0 t=0s
  F1 c2/c6@t0=35: rank[1,1] g=1 src=pari sat=1 tors=4 st=132 hmax=824 pr=50 surv=4 ex=0 bad=0 hits=0 t=0s
  F1 c2/c8: кривая не построена (нет точки на квартике)
  F1 c3/c6@t0=17: rank[2,2] g=2 src=pari sat=1 tors=4 st=2540 hmax=896 pr=50 surv=2 ex=0 bad=0 hits=0 t=0s
  F1 c3/c8@t0=17: rank[2,2] g=2 src=pari sat=1 tors=4 st=2540 hmax=896 pr=50 surv=4 ex=0 bad=0 hits=0 t=0s
  F1 c6/c8: кривая не построена (нет точки на квартике)
  F2 c2/c3: кривая не построена (нет точки на квартике)
  F2 c2/c5: кривая не построена (нет точки на квартике)
  F2 c2/c6: нет рациональной точки для коники
  F2 c2/c8: кривая не построена (нет точки на квартике)
  F2 c3/c5@t0=17: rank[1,1] g=1 src=pari sat=1 tors=4 st=124 hmax=891 pr=50 surv=4 ex=0 bad=0 hits=0 t=0s
  F2 c3/c6: кривая не построена (нет точки на квартике)
  F2 c3/c8@t0=17: rank[1,1] g=1 src=pari sat=1 tors=4 st=132 hmax=824 pr=50 surv=4 ex=0 bad=0 hits=0 t=0s
  F2 c5/c6: кривая не построена (нет точки на квартике)
  F2 c5/c8@t0=17: rank[2,2] g=2 src=pari sat=1 tors=4 st=3844 hmax=900 pr=50 surv=4 ex=0 bad=0 hits=0 t=0s
  F2 c6/c8: кривая не построена (нет точки на квартике)
  F3 c1/c3: нет рациональной точки для коники
  F3 c1/c5: нет рациональной точки для коники
  F3 c1/c6: кривая не построена (нет точки на квартике)
  F3 c1/c7: нет рациональной точки для коники
  F3 c3/c5: нет рациональной точки для коники
  F3 c3/c6: кривая не построена (нет точки на квартике)
  F3 c3/c7: нет рациональной точки для коники
  F3 c5/c6: кривая не построена (нет точки на квартике)
  F3 c5/c7: нет рациональной точки для коники
  F3 c6/c7: кривая не построена (нет точки на квартике)
  F4 c2/c3: кривая не построена (нет точки на квартике)
  F4 c2/c5: кривая не построена (нет точки на квартике)
  F4 c2/c6: нет рациональной точки для коники
  F4 c2/c7: кривая не построена (нет точки на квартике)
  F4 c3/c5@t0=17: rank[2,2] g=2 src=pari sat=1 tors=4 st=3196 hmax=898 pr=50 surv=4 ex=0 bad=0 hits=0 t=0s
  F4 c3/c6: кривая не построена (нет точки на квартике)
  F4 c3/c7@t0=17: rank[2,2] g=2 src=pari sat=1 tors=4 st=3196 hmax=898 pr=50 surv=4 ex=0 bad=0 hits=0 t=0s
  F4 c5/c6: кривая не построена (нет точки на квартике)
  F4 c5/c7@t0=17: rank[2,2] g=2 src=pari sat=1 tors=4 st=3484 hmax=898 pr=50 surv=4 ex=0 bad=0 hits=0 t=0s
  F4 c6/c7: кривая не построена (нет точки на квартике)
== (P,Q)=(35,18) C=1549/2 non
  F1 c0/c2: кривая не построена (нет точки на квартике)
  F1 c0/c3@t0=18: rank[2,2] g=2 src=pari sat=1 tors=4 st=1172 hmax=897 pr=50 surv=4 ex=0 bad=0 hits=0 t=0s
  F1 c0/c6: кривая не построена (нет точки на квартике)
  F1 c0/c8@t0=18: rank[2,2] g=2 src=pari sat=1 tors=4 st=2004 hmax=896 pr=50 surv=4 ex=0 bad=0 hits=0 t=0s
  F1 c3/c2@t0=18: rank[2,2] g=2 src=pari sat=1 tors=4 st=1172 hmax=897 pr=50 surv=2 ex=0 bad=0 hits=0 t=0s
  F1 c2/c6@t0=35: rank[1,1] g=1 src=pari sat=1 tors=4 st=124 hmax=845 pr=50 surv=4 ex=0 bad=0 hits=0 t=0s
  F1 c2/c8: кривая не построена (нет точки на квартике)
  F1 c3/c6@t0=18: rank[1,1] g=1 src=pari sat=1 tors=4 st=124 hmax=825 pr=50 surv=2 ex=0 bad=0 hits=0 t=0s
  F1 c3/c8@t0=18: rank[1,1] g=1 src=pari sat=1 tors=4 st=124 hmax=825 pr=50 surv=4 ex=0 bad=0 hits=0 t=0s
  F1 c6/c8: кривая не построена (нет точки на квартике)
  F2 c2/c3: кривая не построена (нет точки на квартике)
  F2 c2/c5: кривая не построена (нет точки на квартике)
  F2 c2/c6: нет рациональной точки для коники
  F2 c2/c8: кривая не построена (нет точки на квартике)
  F2 c3/c5@t0=18: rank[2,2] g=2 src=pari sat=1 tors=4 st=1172 hmax=897 pr=50 surv=4 ex=0 bad=0 hits=0 t=0s
  F2 c3/c6: кривая не построена (нет точки на квартике)
  F2 c3/c8@t0=18: rank[1,1] g=1 src=pari sat=1 tors=4 st=124 hmax=845 pr=50 surv=4 ex=0 bad=0 hits=0 t=0s
  F2 c5/c6: кривая не построена (нет точки на квартике)
  F2 c5/c8@t0=18: rank[2,2] g=2 src=pari sat=1 tors=4 st=2004 hmax=896 pr=50 surv=4 ex=0 bad=0 hits=0 t=0s
  F2 c6/c8: кривая не построена (нет точки на квартике)
  F3 c1/c3: нет рациональной точки для коники
  F3 c1/c5: нет рациональной точки для коники
  F3 c1/c6: кривая не построена (нет точки на квартике)
  F3 c1/c7: нет рациональной точки для коники
  F3 c3/c5: нет рациональной точки для коники
  F3 c3/c6: кривая не построена (нет точки на квартике)
  F3 c3/c7: нет рациональной точки для коники
  F3 c5/c6: кривая не построена (нет точки на квартике)
  F3 c5/c7: нет рациональной точки для коники
  F3 c6/c7: кривая не построена (нет точки на квартике)
  F4 c2/c3: кривая не построена (нет точки на квартике)
  F4 c2/c5: кривая не построена (нет точки на квартике)
  F4 c2/c6: нет рациональной точки для коники
  F4 c2/c7: кривая не построена (нет точки на квартике)
  F4 c3/c5@t0=18: rank[2,2] g=2 src=pari sat=1 tors=4 st=2124 hmax=891 pr=50 surv=4 ex=0 bad=0 hits=0 t=1s
  F4 c3/c6: кривая не построена (нет точки на квартике)
  F4 c3/c7@t0=18: rank[2,2] g=2 src=pari sat=1 tors=4 st=2124 hmax=891 pr=50 surv=4 ex=0 bad=0 hits=0 t=0s
  F4 c5/c6: кривая не построена (нет точки на квартике)
  F4 c5/c7@t0=18: rank[1,1] g=1 src=pari sat=1 tors=4 st=124 hmax=823 pr=50 surv=4 ex=0 bad=0 hits=0 t=0s
  F4 c6/c7: кривая не построена (нет точки на квартике)
== (P,Q)=(35,19) C=793 non
  F1 c0/c2: кривая не построена (нет точки на квартике)
  F1 c0/c3@t0=19: rank[1,1] g=1 src=pari sat=1 tors=4 st=124 hmax=898 pr=50 surv=4 ex=0 bad=0 hits=0 t=0s
  F1 c0/c6: кривая не построена (нет точки на квартике)
  F1 c0/c8@t0=19: rank[3,3] g=3 src=pari sat=1 tors=4 st=9604 hmax=256 pr=50 surv=4 ex=0 bad=0 hits=0 t=0s
  F1 c3/c2@t0=19: rank[1,1] g=1 src=pari sat=1 tors=4 st=124 hmax=898 pr=50 surv=2 ex=0 bad=0 hits=0 t=0s
  F1 c2/c6@t0=35: rank[3,3] g=3 src=pari sat=1 tors=4 st=9604 hmax=143 pr=50 surv=4 ex=0 bad=0 hits=0 t=0s
  F1 c2/c8: кривая не построена (нет точки на квартике)
  F1 c3/c6@t0=19: rank[1,1] g=1 src=pari sat=1 tors=4 st=116 hmax=789 pr=50 surv=2 ex=0 bad=0 hits=0 t=0s
  F1 c3/c8@t0=19: rank[1,1] g=1 src=pari sat=1 tors=4 st=116 hmax=789 pr=50 surv=4 ex=0 bad=0 hits=0 t=0s
  F1 c6/c8: кривая не построена (нет точки на квартике)
  F2 c2/c3: кривая не построена (нет точки на квартике)
  F2 c2/c5: кривая не построена (нет точки на квартике)
  F2 c2/c6: нет рациональной точки для коники
  F2 c8/c2@t0=19: rank[2,2] g=2 src=pari sat=1 tors=4 st=2356 hmax=900 pr=50 surv=2 ex=0 bad=0 hits=0 t=0s
  F2 c3/c5@t0=19: rank[1,1] g=1 src=pari sat=1 tors=4 st=124 hmax=898 pr=50 surv=4 ex=0 bad=0 hits=0 t=0s
  F2 c3/c6: кривая не построена (нет точки на квартике)
  F2 c3/c8@t0=19: rank[3,3] g=3 src=pari sat=1 tors=4 st=9604 hmax=143 pr=50 surv=4 ex=0 bad=0 hits=0 t=0s
  F2 c5/c6: кривая не построена (нет точки на квартике)
  F2 c5/c8@t0=19: rank[3,3] g=3 src=pari sat=1 tors=4 st=9604 hmax=256 pr=50 surv=4 ex=0 bad=0 hits=0 t=0s
  F2 c8/c6@t0=19: rank[2,2] g=2 src=pari sat=1 tors=4 st=1868 hmax=896 pr=50 surv=2 ex=0 bad=0 hits=0 t=0s
  F3 c1/c3: нет рациональной точки для коники
  F3 c1/c5: нет рациональной точки для коники
  F3 c6/c1@t0=19: rank[2,2] g=2 src=pari sat=1 tors=4 st=2356 hmax=900 pr=50 surv=2 ex=0 bad=0 hits=0 t=0s
  F3 c1/c7: нет рациональной точки для коники
  F3 c3/c5: нет рациональной точки для коники
  F3 c6/c3@t0=19: rank[2,2] g=2 src=pari sat=1 tors=4 st=2356 hmax=900 pr=50 surv=2 ex=0 bad=0 hits=0 t=0s
  F3 c3/c7: нет рациональной точки для коники
  F3 c6/c5@t0=19: rank[2,2] g=2 src=pari sat=1 tors=4 st=1868 hmax=896 pr=50 surv=2 ex=0 bad=0 hits=0 t=0s
  F3 c5/c7: нет рациональной точки для коники
  F3 c6/c7@t0=19: rank[2,2] g=2 src=pari sat=1 tors=4 st=1868 hmax=896 pr=50 surv=2 ex=0 bad=0 hits=0 t=0s
  F4 c2/c3: кривая не построена (нет точки на квартике)
  F4 c2/c5: кривая не построена (нет точки на квартике)
  F4 c2/c6: нет рациональной точки для коники
  F4 c7/c2@t0=19: rank[2,2] g=2 src=pari sat=1 tors=4 st=2356 hmax=900 pr=50 surv=2 ex=0 bad=0 hits=0 t=0s
  F4 c3/c5@t0=19: rank[1,1] g=1 src=pari sat=1 tors=4 st=124 hmax=877 pr=50 surv=4 ex=0 bad=0 hits=0 t=0s
  F4 c3/c6: кривая не построена (нет точки на квартике)
  F4 c3/c7@t0=19: rank[1,1] g=1 src=pari sat=1 tors=4 st=124 hmax=877 pr=50 surv=4 ex=0 bad=0 hits=0 t=0s
  F4 c5/c6: кривая не построена (нет точки на квартике)
  F4 c5/c7@t0=19: rank[2,2] g=2 src=pari sat=1 tors=4 st=3628 hmax=898 pr=50 surv=4 ex=0 bad=0 hits=0 t=0s
  F4 c7/c6@t0=19: rank[2,2] g=2 src=pari sat=1 tors=4 st=1868 hmax=896 pr=50 surv=2 ex=0 bad=0 hits=0 t=0s
== (P,Q)=(35,22) C=1709/2 non
  F1 c0/c2: кривая не построена (нет точки на квартике)
  F1 c0/c3@t0=22: rank[2,2] g=2 src=pari sat=1 tors=4 st=1300 hmax=898 pr=50 surv=4 ex=0 bad=0 hits=0 t=1s
  F1 c0/c6: кривая не построена (нет точки на квартике)
  F1 c0/c8@t0=22: rank[1,1] g=1 src=pari sat=1 tors=4 st=124 hmax=886 pr=50 surv=4 ex=0 bad=0 hits=0 t=0s
  F1 c3/c2@t0=22: rank[2,2] g=2 src=pari sat=1 tors=4 st=1300 hmax=898 pr=50 surv=2 ex=0 bad=0 hits=0 t=0s
  F1 c2/c6@t0=35: rank[1,1] g=1 src=pari sat=1 tors=4 st=124 hmax=862 pr=50 surv=4 ex=0 bad=0 hits=0 t=0s
  F1 c2/c8: кривая не построена (нет точки на квартике)
  F1 c3/c6@t0=22: rank[2,2] g=2 src=pari sat=1 tors=4 st=2916 hmax=897 pr=50 surv=2 ex=0 bad=0 hits=0 t=0s
  F1 c3/c8@t0=22: rank[2,2] g=2 src=pari sat=1 tors=4 st=2916 hmax=897 pr=50 surv=4 ex=0 bad=0 hits=0 t=0s
  F1 c6/c8: кривая не построена (нет точки на квартике)
  F2 c2/c3: кривая не построена (нет точки на квартике)
  F2 c2/c5: кривая не построена (нет точки на квартике)
  F2 c2/c6: нет рациональной точки для коники
  F2 c2/c8: кривая не построена (нет точки на квартике)
  F2 c3/c5@t0=22: rank[2,2] g=2 src=pari sat=1 tors=4 st=1300 hmax=898 pr=50 surv=4 ex=0 bad=0 hits=0 t=0s
  F2 c3/c6: кривая не построена (нет точки на квартике)
  F2 c3/c8@t0=22: rank[1,1] g=1 src=pari sat=1 tors=4 st=124 hmax=862 pr=50 surv=4 ex=0 bad=0 hits=0 t=0s
  F2 c5/c6: кривая не построена (нет точки на квартике)
  F2 c5/c8@t0=22: rank[1,1] g=1 src=pari sat=1 tors=4 st=124 hmax=886 pr=50 surv=4 ex=0 bad=0 hits=0 t=0s
  F2 c6/c8: кривая не построена (нет точки на квартике)
  F3 c1/c3: нет рациональной точки для коники
  F3 c1/c5: нет рациональной точки для коники
  F3 c1/c6: кривая не построена (нет точки на квартике)
  F3 c1/c7: нет рациональной точки для коники
  F3 c3/c5: нет рациональной точки для коники
  F3 c3/c6: кривая не построена (нет точки на квартике)
  F3 c3/c7: нет рациональной точки для коники
  F3 c5/c6: кривая не построена (нет точки на квартике)
  F3 c5/c7: нет рациональной точки для коники
  F3 c6/c7: кривая не построена (нет точки на квартике)
  F4 c2/c3: кривая не построена (нет точки на квартике)
  F4 c2/c5: кривая не построена (нет точки на квартике)
  F4 c2/c6: нет рациональной точки для коники
  F4 c2/c7: кривая не построена (нет точки на квартике)
  F4 c3/c5@t0=22: rank[1,1] g=1 src=pari sat=1 tors=4 st=124 hmax=798 pr=50 surv=4 ex=0 bad=0 hits=0 t=0s
  F4 c3/c6: кривая не построена (нет точки на квартике)
  F4 c3/c7@t0=22: rank[1,1] g=1 src=pari sat=1 tors=4 st=124 hmax=798 pr=50 surv=4 ex=0 bad=0 hits=0 t=1s
  F4 c5/c6@t0=22: rank[2,2] g=2 src=pari sat=1 tors=4 st=2468 hmax=900 pr=50 surv=6 ex=0 bad=0 hits=0 t=0s
  F4 c5/c7@t0=22: rank[2,2] g=2 src=pari sat=1 tors=4 st=3100 hmax=885 pr=50 surv=4 ex=0 bad=0 hits=0 t=0s
  F4 c6/c7: кривая не построена (нет точки на квартике)
== (P,Q)=(35,23) C=877 non
  F1 c0/c2: кривая не построена (нет точки на квартике)
  F1 c0/c3@t0=23: rank[1,1] g=1 src=pari sat=1 tors=4 st=116 hmax=794 pr=50 surv=4 ex=0 bad=0 hits=0 t=0s
  F1 c0/c6: кривая не построена (нет точки на квартике)
  F1 c0/c8@t0=23: rank[2,2] g=2 src=pari sat=1 tors=4 st=2740 hmax=890 pr=50 surv=4 ex=0 bad=0 hits=0 t=0s
  F1 c3/c2@t0=23: rank[1,1] g=1 src=pari sat=1 tors=4 st=116 hmax=794 pr=50 surv=2 ex=0 bad=0 hits=0 t=0s
  F1 c2/c6@t0=35: rank[1,1] g=1 src=pari sat=1 tors=4 st=132 hmax=853 pr=50 surv=4 ex=0 bad=0 hits=0 t=0s
  F1 c2/c8: кривая не построена (нет точки на квартике)
  F1 c3/c6@t0=23: rank[2,2] g=2 src=pari sat=1 tors=4 st=2356 hmax=892 pr=50 surv=2 ex=0 bad=0 hits=0 t=0s
  F1 c3/c8@t0=23: rank[2,2] g=2 src=pari sat=1 tors=4 st=2356 hmax=892 pr=50 surv=4 ex=0 bad=0 hits=0 t=0s
  F1 c6/c8: кривая не построена (нет точки на квартике)
  F2 c2/c3: кривая не построена (нет точки на квартике)
  F2 c2/c5: кривая не построена (нет точки на квартике)
  F2 c2/c6: нет рациональной точки для коники
  F2 c2/c8: кривая не построена (нет точки на квартике)
  F2 c3/c5@t0=23: rank[1,1] g=1 src=pari sat=1 tors=4 st=116 hmax=794 pr=50 surv=4 ex=0 bad=0 hits=0 t=0s
  F2 c3/c6: кривая не построена (нет точки на квартике)
  F2 c3/c8@t0=23: rank[1,1] g=1 src=pari sat=1 tors=4 st=132 hmax=853 pr=50 surv=4 ex=0 bad=0 hits=0 t=0s
  F2 c5/c6: кривая не построена (нет точки на квартике)
  F2 c5/c8@t0=23: rank[2,2] g=2 src=pari sat=1 tors=4 st=2740 hmax=890 pr=50 surv=4 ex=0 bad=0 hits=0 t=0s
  F2 c6/c8: кривая не построена (нет точки на квартике)
  F3 c1/c3: нет рациональной точки для коники
  F3 c1/c5: нет рациональной точки для коники
  F3 c1/c6: кривая не построена (нет точки на квартике)
  F3 c1/c7: нет рациональной точки для коники
  F3 c3/c5: нет рациональной точки для коники
  F3 c3/c6: кривая не построена (нет точки на квартике)
  F3 c3/c7: нет рациональной точки для коники
  F3 c5/c6: кривая не построена (нет точки на квартике)
  F3 c5/c7: нет рациональной точки для коники
  F3 c6/c7: кривая не построена (нет точки на квартике)
  F4 c2/c3: кривая не построена (нет точки на квартике)
  F4 c2/c5: кривая не построена (нет точки на квартике)
  F4 c2/c6: нет рациональной точки для коники
  F4 c2/c7: кривая не построена (нет точки на квартике)
  F4 c3/c5@t0=23: rank[1,1] g=1 src=pari sat=1 tors=4 st=124 hmax=875 pr=50 surv=4 ex=0 bad=0 hits=0 t=0s
  F4 c3/c6: кривая не построена (нет точки на квартике)
  F4 c3/c7@t0=23: rank[1,1] g=1 src=pari sat=1 tors=4 st=124 hmax=875 pr=50 surv=4 ex=0 bad=0 hits=0 t=0s
  F4 c5/c6: кривая не построена (нет точки на квартике)
  F4 c5/c7@t0=23: rank[2,2] g=2 src=pari sat=1 tors=4 st=3260 hmax=897 pr=50 surv=4 ex=0 bad=0 hits=0 t=0s
  F4 c6/c7: кривая не построена (нет точки на квартике)
== (P,Q)=(35,24) C=1801/2 non
  F1 c0/c2: кривая не построена (нет точки на квартике)
  F1 c0/c3@t0=24: rank[1,1] g=1 src=pari sat=1 tors=4 st=116 hmax=797 pr=50 surv=4 ex=0 bad=0 hits=0 t=0s
  F1 c0/c6: кривая не построена (нет точки на квартике)
  F1 c0/c8@t0=24: rank[2,2] g=2 src=pari sat=1 tors=4 st=3188 hmax=900 pr=50 surv=4 ex=0 bad=0 hits=0 t=0s
  F1 c3/c2@t0=24: rank[1,1] g=1 src=pari sat=1 tors=4 st=116 hmax=797 pr=50 surv=2 ex=0 bad=0 hits=0 t=0s
  F1 c2/c6@t0=35: rank[1,1] g=1 src=pari sat=1 tors=4 st=124 hmax=871 pr=50 surv=4 ex=0 bad=0 hits=0 t=0s
  F1 c2/c8: кривая не построена (нет точки на квартике)
  F1 c3/c6@t0=24: rank[2,2] g=2 src=pari sat=1 tors=4 st=2500 hmax=893 pr=50 surv=2 ex=0 bad=0 hits=0 t=0s
  F1 c3/c8@t0=24: rank[2,2] g=2 src=pari sat=1 tors=4 st=2500 hmax=893 pr=50 surv=4 ex=0 bad=0 hits=0 t=0s
  F1 c6/c8: кривая не построена (нет точки на квартике)
  F2 c2/c3: кривая не построена (нет точки на квартике)
  F2 c2/c5: кривая не построена (нет точки на квартике)
  F2 c2/c6: нет рациональной точки для коники
  F2 c2/c8: кривая не построена (нет точки на квартике)
  F2 c3/c5@t0=24: rank[1,1] g=1 src=pari sat=1 tors=4 st=116 hmax=797 pr=50 surv=4 ex=0 bad=0 hits=0 t=0s
  F2 c3/c6: кривая не построена (нет точки на квартике)
  F2 c3/c8@t0=24: rank[1,1] g=1 src=pari sat=1 tors=4 st=124 hmax=871 pr=50 surv=4 ex=0 bad=0 hits=0 t=0s
  F2 c5/c6: кривая не построена (нет точки на квартике)
  F2 c5/c8@t0=24: rank[2,2] g=2 src=pari sat=1 tors=4 st=3188 hmax=900 pr=50 surv=4 ex=0 bad=0 hits=0 t=0s
  F2 c6/c8: кривая не построена (нет точки на квартике)
  F3 c1/c3: нет рациональной точки для коники
  F3 c1/c5: нет рациональной точки для коники
  F3 c1/c6: кривая не построена (нет точки на квартике)
  F3 c1/c7: нет рациональной точки для коники
  F3 c3/c5: нет рациональной точки для коники
  F3 c3/c6: кривая не построена (нет точки на квартике)
  F3 c3/c7: нет рациональной точки для коники
  F3 c5/c6: кривая не построена (нет точки на квартике)
  F3 c5/c7: нет рациональной точки для коники
  F3 c6/c7: кривая не построена (нет точки на квартике)
  F4 c2/c3: кривая не построена (нет точки на квартике)
  F4 c2/c5: кривая не построена (нет точки на квартике)
  F4 c2/c6: нет рациональной точки для коники
  F4 c2/c7: кривая не построена (нет точки на квартике)
  F4 c3/c5@t0=24: rank[1,1] g=1 src=pari sat=1 tors=4 st=124 hmax=797 pr=50 surv=4 ex=0 bad=0 hits=0 t=0s
  F4 c3/c6: кривая не построена (нет точки на квартике)
  F4 c3/c7@t0=24: rank[1,1] g=1 src=pari sat=1 tors=4 st=124 hmax=797 pr=50 surv=4 ex=0 bad=0 hits=0 t=0s
  F4 c5/c6: кривая не построена (нет точки на квартике)
  F4 c5/c7@t0=24: rank[2,2] g=2 src=pari sat=1 tors=4 st=2060 hmax=897 pr=50 surv=4 ex=0 bad=0 hits=0 t=0s
  F4 c6/c7: кривая не построена (нет точки на квартике)
== (P,Q)=(35,26) C=1901/2 non
  F1 c0/c2: кривая не построена (нет точки на квартике)
  F1 c0/c3@t0=26: rank[1,1] g=1 src=pari sat=1 tors=4 st=116 hmax=802 pr=50 surv=4 ex=0 bad=0 hits=0 t=0s
  F1 c0/c6: кривая не построена (нет точки на квартике)
  F1 c0/c8@t0=26: rank[2,2] g=2 src=pari sat=1 tors=4 st=2252 hmax=900 pr=50 surv=4 ex=0 bad=0 hits=0 t=0s
  F1 c3/c2@t0=26: rank[1,1] g=1 src=pari sat=1 tors=4 st=116 hmax=802 pr=50 surv=2 ex=0 bad=0 hits=0 t=0s
  F1 c2/c6@t0=35: rank[2,2] g=2 src=pari sat=1 tors=4 st=1628 hmax=892 pr=50 surv=4 ex=0 bad=0 hits=0 t=0s
  F1 c2/c8: кривая не построена (нет точки на квартике)
  F1 c3/c6@t0=26: rank[1,1] g=1 src=pari sat=1 tors=4 st=124 hmax=847 pr=50 surv=2 ex=0 bad=0 hits=0 t=0s
  F1 c3/c8@t0=26: rank[1,1] g=1 src=pari sat=1 tors=4 st=124 hmax=847 pr=50 surv=4 ex=0 bad=0 hits=0 t=0s
  F1 c6/c8: кривая не построена (нет точки на квартике)
  F2 c2/c3: кривая не построена (нет точки на квартике)
  F2 c2/c5: кривая не построена (нет точки на квартике)
  F2 c2/c6: нет рациональной точки для коники
  F2 c2/c8: кривая не построена (нет точки на квартике)
  F2 c3/c5@t0=26: rank[1,1] g=1 src=pari sat=1 tors=4 st=116 hmax=802 pr=50 surv=4 ex=0 bad=0 hits=0 t=0s
  F2 c3/c6: кривая не построена (нет точки на квартике)
  F2 c3/c8@t0=26: rank[2,2] g=2 src=pari sat=1 tors=4 st=1628 hmax=892 pr=50 surv=4 ex=0 bad=0 hits=0 t=0s
  F2 c5/c6: кривая не построена (нет точки на квартике)
  F2 c5/c8@t0=26: rank[2,2] g=2 src=pari sat=1 tors=4 st=2252 hmax=900 pr=50 surv=4 ex=0 bad=0 hits=0 t=0s
  F2 c6/c8: кривая не построена (нет точки на квартике)
  F3 c1/c3: нет рациональной точки для коники
  F3 c1/c5: нет рациональной точки для коники
  F3 c1/c6: кривая не построена (нет точки на квартике)
  F3 c1/c7: нет рациональной точки для коники
  F3 c3/c5: нет рациональной точки для коники
  F3 c3/c6: кривая не построена (нет точки на квартике)
  F3 c3/c7: нет рациональной точки для коники
  F3 c5/c6: кривая не построена (нет точки на квартике)
  F3 c5/c7: нет рациональной точки для коники
  F3 c6/c7: кривая не построена (нет точки на квартике)
  F4 c2/c3: кривая не построена (нет точки на квартике)
  F4 c2/c5: кривая не построена (нет точки на квартике)
  F4 c2/c6: нет рациональной точки для коники
  F4 c2/c7: кривая не построена (нет точки на квартике)
  F4 c3/c5@t0=26: rank[2,2] g=2 src=pari sat=1 tors=4 st=2956 hmax=897 pr=50 surv=4 ex=0 bad=0 hits=0 t=0s
  F4 c3/c6: кривая не построена (нет точки на квартике)
  F4 c3/c7@t0=26: rank[2,2] g=2 src=pari sat=1 tors=4 st=2956 hmax=897 pr=50 surv=4 ex=0 bad=0 hits=0 t=0s
  F4 c5/c6: кривая не построена (нет точки на квартике)
  F4 c5/c7@t0=26: rank[2,2] g=2 src=pari sat=1 tors=4 st=2212 hmax=900 pr=50 surv=4 ex=0 bad=0 hits=0 t=0s
  F4 c6/c7: кривая не построена (нет точки на квартике)
== (P,Q)=(35,27) C=977 non
  F1 c0/c2: кривая не построена (нет точки на квартике)
  F1 c0/c3@t0=27: rank[2,2] g=2 src=pari sat=1 tors=4 st=932 hmax=897 pr=50 surv=4 ex=0 bad=0 hits=0 t=0s
  F1 c0/c6: кривая не построена (нет точки на квартике)
  F1 c0/c8@t0=27: rank[2,2] g=2 src=pari sat=1 tors=4 st=2780 hmax=895 pr=50 surv=4 ex=0 bad=0 hits=0 t=1s
  F1 c3/c2@t0=27: rank[2,2] g=2 src=pari sat=1 tors=4 st=932 hmax=897 pr=50 surv=2 ex=0 bad=0 hits=0 t=0s
  F1 c2/c6@t0=35: rank[2,2] g=2 src=pari sat=1 tors=4 st=2732 hmax=898 pr=50 surv=4 ex=0 bad=0 hits=0 t=0s
  F1 c8/c2@t0=27: rank[1,1] g=1 src=pari sat=1 tors=4 st=52 hmax=661 pr=50 surv=2 ex=0 bad=0 hits=0 t=0s
  F1 c3/c6@t0=27: rank[2,2] g=2 src=pari sat=1 tors=4 st=3020 hmax=900 pr=50 surv=2 ex=0 bad=0 hits=0 t=0s
  F1 c3/c8@t0=27: rank[2,2] g=2 src=pari sat=1 tors=4 st=3020 hmax=900 pr=50 surv=4 ex=0 bad=0 hits=0 t=0s
  F1 c6/c8: кривая не построена (нет точки на квартике)
  F2 c2/c3: кривая не построена (нет точки на квартике)
  F2 c2/c5: кривая не построена (нет точки на квартике)
  F2 c2/c6: нет рациональной точки для коники
  F2 c2/c8: кривая не построена (нет точки на квартике)
  F2 c3/c5@t0=27: rank[2,2] g=2 src=pari sat=1 tors=4 st=932 hmax=897 pr=50 surv=4 ex=0 bad=0 hits=0 t=0s
  F2 c3/c6@t0=27: rank[1,1] g=1 src=pari sat=1 tors=4 st=52 hmax=661 pr=50 surv=2 ex=0 bad=0 hits=0 t=0s
  F2 c3/c8@t0=27: rank[2,2] g=2 src=pari sat=1 tors=4 st=2732 hmax=898 pr=50 surv=4 ex=0 bad=0 hits=0 t=0s
  F2 c5/c6: кривая не построена (нет точки на квартике)
  F2 c5/c8@t0=27: rank[2,2] g=2 src=pari sat=1 tors=4 st=2780 hmax=895 pr=50 surv=4 ex=0 bad=0 hits=0 t=1s
  F2 c6/c8: кривая не построена (нет точки на квартике)
  F3 c1/c3: нет рациональной точки для коники
  F3 c1/c5: нет рациональной точки для коники
  F3 c1/c6: кривая не построена (нет точки на квартике)
  F3 c1/c7: нет рациональной точки для коники
  F3 c3/c5: нет рациональной точки для коники
  F3 c3/c6: кривая не построена (нет точки на квартике)
  F3 c3/c7: нет рациональной точки для коники
  F3 c5/c6: кривая не построена (нет точки на квартике)
  F3 c5/c7: нет рациональной точки для коники
  F3 c6/c7: кривая не построена (нет точки на квартике)
  F4 c2/c3: кривая не построена (нет точки на квартике)
  F4 c2/c5: кривая не построена (нет точки на квартике)
  F4 c2/c6: нет рациональной точки для коники
  F4 c2/c7: кривая не построена (нет точки на квартике)
  F4 c3/c5@t0=27: rank[1,1] g=1 src=pari sat=1 tors=4 st=124 hmax=872 pr=50 surv=4 ex=0 bad=0 hits=0 t=1s
  F4 c3/c6: кривая не построена (нет точки на квартике)
  F4 c3/c7@t0=27: rank[1,1] g=1 src=pari sat=1 tors=4 st=124 hmax=872 pr=50 surv=4 ex=0 bad=0 hits=0 t=1s
  F4 c5/c6: кривая не построена (нет точки на квартике)
  F4 c5/c7@t0=27: rank[2,2] g=2 src=pari sat=1 tors=4 st=2532 hmax=898 pr=50 surv=4 ex=0 bad=0 hits=0 t=1s
  F4 c6/c7: кривая не построена (нет точки на квартике)
== (P,Q)=(35,29) C=1033 non
  F1 c0/c2: кривая не построена (нет точки на квартике)
  F1 c0/c3@t0=29: rank[3,3] g=3 src=pari sat=1 tors=4 st=9604 hmax=389 pr=50 surv=4 ex=0 bad=0 hits=0 t=1s
  F1 c0/c6: кривая не построена (нет точки на квартике)
  F1 c0/c8@t0=29: rank[2,2] g=2 src=pari sat=1 tors=4 st=3260 hmax=894 pr=50 surv=4 ex=0 bad=0 hits=0 t=1s
  F1 c3/c2@t0=29: rank[3,3] g=3 src=pari sat=1 tors=4 st=9604 hmax=389 pr=50 surv=2 ex=0 bad=0 hits=0 t=1s
  F1 c2/c6@t0=35: rank[1,1] g=1 src=pari sat=1 tors=4 st=132 hmax=882 pr=50 surv=4 ex=0 bad=0 hits=0 t=1s
  F1 c8/c2@t0=29: rank[1,1] g=1 src=pari sat=1 tors=4 st=84 hmax=849 pr=50 surv=2 ex=0 bad=0 hits=0 t=1s
  F1 c3/c6@t0=29: rank[2,2] g=2 src=pari sat=1 tors=4 st=2108 hmax=899 pr=50 surv=2 ex=0 bad=0 hits=0 t=1s
  F1 c3/c8@t0=29: rank[2,2] g=2 src=pari sat=1 tors=4 st=2108 hmax=899 pr=50 surv=4 ex=0 bad=0 hits=0 t=1s
  F1 c6/c8: кривая не построена (нет точки на квартике)
  F2 c2/c3: кривая не построена (нет точки на квартике)
  F2 c2/c5: кривая не построена (нет точки на квартике)
  F2 c2/c6: нет рациональной точки для коники
  F2 c8/c2@t0=29: rank[3,3] g=3 src=pari sat=1 tors=4 st=9604 hmax=353 pr=50 surv=2 ex=0 bad=0 hits=0 t=1s
  F2 c3/c5@t0=29: rank[3,3] g=3 src=pari sat=1 tors=4 st=9604 hmax=389 pr=50 surv=4 ex=0 bad=0 hits=0 t=1s
  F2 c3/c6@t0=29: rank[1,1] g=1 src=pari sat=1 tors=4 st=84 hmax=849 pr=50 surv=2 ex=0 bad=0 hits=0 t=0s
  F2 c3/c8@t0=29: rank[1,1] g=1 src=pari sat=1 tors=4 st=132 hmax=882 pr=50 surv=4 ex=0 bad=0 hits=0 t=0s
  F2 c5/c6: кривая не построена (нет точки на квартике)
  F2 c5/c8@t0=29: rank[2,2] g=2 src=pari sat=1 tors=4 st=3260 hmax=894 pr=50 surv=4 ex=0 bad=0 hits=0 t=0s
  F2 c6/c8: кривая не построена (нет точки на квартике)
  F3 c1/c3: нет рациональной точки для коники
  F3 c1/c5: нет рациональной точки для коники
  F3 c6/c1@t0=29: rank[3,3] g=3 src=pari sat=1 tors=4 st=9604 hmax=353 pr=50 surv=2 ex=0 bad=0 hits=0 t=1s
  F3 c1/c7: нет рациональной точки для коники
  F3 c3/c5: нет рациональной точки для коники
  F3 c6/c3@t0=29: rank[3,3] g=3 src=pari sat=1 tors=4 st=9604 hmax=353 pr=50 surv=2 ex=0 bad=0 hits=0 t=1s
  F3 c3/c7: нет рациональной точки для коники
  F3 c5/c6: кривая не построена (нет точки на квартике)
  F3 c5/c7: нет рациональной точки для коники
  F3 c6/c7: кривая не построена (нет точки на квартике)
  F4 c2/c3: кривая не построена (нет точки на квартике)
  F4 c2/c5: кривая не построена (нет точки на квартике)
  F4 c2/c6: нет рациональной точки для коники
  F4 c7/c2@t0=29: rank[3,3] g=3 src=pari sat=1 tors=4 st=9604 hmax=353 pr=50 surv=2 ex=0 bad=0 hits=0 t=1s
  F4 c3/c5@t0=29: rank[1,1] g=1 src=pari sat=1 tors=4 st=124 hmax=870 pr=50 surv=4 ex=0 bad=0 hits=0 t=1s
  F4 c3/c6: кривая не построена (нет точки на квартике)
  F4 c3/c7@t0=29: rank[1,1] g=1 src=pari sat=1 tors=4 st=124 hmax=870 pr=50 surv=4 ex=0 bad=0 hits=0 t=1s
  F4 c5/c6: кривая не построена (нет точки на квартике)
  F4 c5/c7@t0=29: rank[1,1] g=1 src=pari sat=1 tors=4 st=124 hmax=848 pr=50 surv=4 ex=0 bad=0 hits=0 t=1s
  F4 c6/c7: кривая не построена (нет точки на квартике)
== (P,Q)=(35,31) C=1093 non
  F1 c0/c2: кривая не построена (нет точки на квартике)
  F1 c0/c3@t0=31: rank[1,1] g=1 src=pari sat=1 tors=4 st=116 hmax=817 pr=50 surv=4 ex=0 bad=0 hits=0 t=1s
  F1 c0/c6: кривая не построена (нет точки на квартике)
  F1 c0/c8@t0=31: rank[2,2] g=2 src=pari sat=1 tors=4 st=1948 hmax=899 pr=50 surv=4 ex=0 bad=0 hits=0 t=1s
  F1 c3/c2@t0=31: rank[1,1] g=1 src=pari sat=1 tors=4 st=116 hmax=817 pr=50 surv=2 ex=0 bad=0 hits=0 t=0s
  F1 c2/c6@t0=35: rank[1,1] g=1 src=pari sat=1 tors=4 st=132 hmax=892 pr=50 surv=4 ex=0 bad=0 hits=0 t=0s
  F1 c2/c8: кривая не построена (нет точки на квартике)
  F1 c3/c6@t0=31: rank[2,2] g=2 src=pari sat=1 tors=4 st=2668 hmax=895 pr=50 surv=2 ex=0 bad=0 hits=0 t=0s
  F1 c3/c8@t0=31: rank[2,2] g=2 src=pari sat=1 tors=4 st=2668 hmax=895 pr=50 surv=4 ex=0 bad=0 hits=0 t=0s
  F1 c6/c8: кривая не построена (нет точки на квартике)
  F2 c2/c3: кривая не построена (нет точки на квартике)
  F2 c2/c5: кривая не построена (нет точки на квартике)
  F2 c2/c6: нет рациональной точки для коники
  F2 c2/c8: кривая не построена (нет точки на квартике)
  F2 c3/c5@t0=31: rank[1,1] g=1 src=pari sat=1 tors=4 st=116 hmax=817 pr=50 surv=4 ex=0 bad=0 hits=0 t=0s
  F2 c3/c6: кривая не построена (нет точки на квартике)
  F2 c3/c8@t0=31: rank[1,1] g=1 src=pari sat=1 tors=4 st=132 hmax=892 pr=50 surv=4 ex=0 bad=0 hits=0 t=0s
  F2 c5/c6: кривая не построена (нет точки на квартике)
  F2 c5/c8@t0=31: rank[2,2] g=2 src=pari sat=1 tors=4 st=1948 hmax=899 pr=50 surv=4 ex=0 bad=0 hits=0 t=0s
  F2 c6/c8: кривая не построена (нет точки на квартике)
  F3 c1/c3: нет рациональной точки для коники
  F3 c1/c5: нет рациональной точки для коники
  F3 c1/c6: кривая не построена (нет точки на квартике)
  F3 c1/c7: нет рациональной точки для коники
  F3 c3/c5: нет рациональной точки для коники
  F3 c3/c6: кривая не построена (нет точки на квартике)
  F3 c3/c7: нет рациональной точки для коники
  F3 c5/c6: кривая не построена (нет точки на квартике)
  F3 c5/c7: нет рациональной точки для коники
  F3 c6/c7: кривая не построена (нет точки на квартике)
  F4 c2/c3: кривая не построена (нет точки на квартике)
  F4 c2/c5: кривая не построена (нет точки на квартике)
  F4 c2/c6: нет рациональной точки для коники
  F4 c2/c7: кривая не построена (нет точки на квартике)
  F4 c3/c5@t0=31: rank[1,1] g=1 src=pari sat=1 tors=4 st=124 hmax=866 pr=50 surv=4 ex=0 bad=0 hits=0 t=0s
  F4 c3/c6: кривая не построена (нет точки на квартике)
  F4 c3/c7@t0=31: rank[1,1] g=1 src=pari sat=1 tors=4 st=124 hmax=866 pr=50 surv=4 ex=0 bad=0 hits=0 t=0s
  F4 c5/c6: кривая не построена (нет точки на квартике)
  F4 c5/c7@t0=31: rank[2,2] g=2 src=pari sat=1 tors=4 st=3220 hmax=894 pr=50 surv=4 ex=0 bad=0 hits=0 t=0s
  F4 c6/c7: кривая не построена (нет точки на квартике)
== (P,Q)=(35,32) C=2249/2 non
  F1 c0/c2: кривая не построена (нет точки на квартике)
  F1 c0/c3@t0=32: rank[1,1] g=1 src=pari sat=1 tors=4 st=116 hmax=820 pr=50 surv=4 ex=0 bad=0 hits=0 t=0s
  F1 c0/c6: кривая не построена (нет точки на квартике)
  F1 c0/c8@t0=32: rank[2,2] g=2 src=pari sat=1 tors=4 st=1812 hmax=889 pr=50 surv=4 ex=0 bad=0 hits=0 t=0s
  F1 c3/c2@t0=32: rank[1,1] g=1 src=pari sat=1 tors=4 st=116 hmax=820 pr=50 surv=2 ex=0 bad=0 hits=0 t=0s
  F1 c2/c6@t0=35: rank[1,1] g=1 src=pari sat=1 tors=4 st=116 hmax=788 pr=50 surv=4 ex=0 bad=0 hits=0 t=0s
  F1 c2/c8: кривая не построена (нет точки на квартике)
  F1 c3/c6@t0=32: rank[2,2] g=2 src=pari sat=1 tors=4 st=2460 hmax=890 pr=50 surv=2 ex=0 bad=0 hits=0 t=0s
  F1 c3/c8@t0=32: rank[2,2] g=2 src=pari sat=1 tors=4 st=2460 hmax=890 pr=50 surv=4 ex=0 bad=0 hits=0 t=0s
  F1 c6/c8: кривая не построена (нет точки на квартике)
  F2 c2/c3: кривая не построена (нет точки на квартике)
  F2 c2/c5: кривая не построена (нет точки на квартике)
  F2 c2/c6: нет рациональной точки для коники
  F2 c2/c8: кривая не построена (нет точки на квартике)
  F2 c3/c5@t0=32: rank[1,1] g=1 src=pari sat=1 tors=4 st=116 hmax=820 pr=50 surv=4 ex=0 bad=0 hits=0 t=0s
  F2 c3/c6: кривая не построена (нет точки на квартике)
  F2 c3/c8@t0=32: rank[1,1] g=1 src=pari sat=1 tors=4 st=116 hmax=788 pr=50 surv=4 ex=0 bad=0 hits=0 t=0s
  F2 c5/c6: кривая не построена (нет точки на квартике)
  F2 c5/c8@t0=32: rank[2,2] g=2 src=pari sat=1 tors=4 st=1812 hmax=889 pr=50 surv=4 ex=0 bad=0 hits=0 t=0s
  F2 c6/c8: кривая не построена (нет точки на квартике)
  F3 c1/c3: нет рациональной точки для коники
  F3 c1/c5: нет рациональной точки для коники
  F3 c1/c6: кривая не построена (нет точки на квартике)
  F3 c1/c7: нет рациональной точки для коники
  F3 c3/c5: нет рациональной точки для коники
  F3 c3/c6: кривая не построена (нет точки на квартике)
  F3 c3/c7: нет рациональной точки для коники
  F3 c5/c6: кривая не построена (нет точки на квартике)
  F3 c5/c7: нет рациональной точки для коники
  F3 c6/c7: кривая не построена (нет точки на квартике)
  F4 c2/c3: кривая не построена (нет точки на квартике)
  F4 c2/c5: кривая не построена (нет точки на квартике)
  F4 c2/c6: нет рациональной точки для коники
  F4 c2/c7: кривая не построена (нет точки на квартике)
  F4 c3/c5@t0=32: rank[2,2] g=2 src=pari sat=1 tors=4 st=2852 hmax=899 pr=50 surv=4 ex=0 bad=0 hits=0 t=0s
  F4 c3/c6: кривая не построена (нет точки на квартике)
  F4 c3/c7@t0=32: rank[2,2] g=2 src=pari sat=1 tors=4 st=2852 hmax=899 pr=50 surv=4 ex=0 bad=0 hits=0 t=0s
  F4 c5/c6: кривая не построена (нет точки на квартике)
  F4 c5/c7@t0=32: rank[3,3] g=3 src=pari sat=1 tors=4 st=9604 hmax=206 pr=50 surv=4 ex=0 bad=0 hits=0 t=0s
  F4 c6/c7: кривая не построена (нет точки на квартике)
== (P,Q)=(35,33) C=1157 non
  F1 c0/c2: кривая не построена (нет точки на квартике)
  F1 c0/c3@t0=33: rank[1,1] g=1 src=pari sat=1 tors=4 st=116 hmax=823 pr=50 surv=4 ex=0 bad=0 hits=0 t=0s
  F1 c0/c6: кривая не построена (нет точки на квартике)
  F1 c0/c8@t0=33: rank[2,2] g=2 src=pari sat=1 tors=4 st=2332 hmax=899 pr=50 surv=4 ex=0 bad=0 hits=0 t=0s
  F1 c3/c2@t0=33: rank[1,1] g=1 src=pari sat=1 tors=4 st=116 hmax=823 pr=50 surv=2 ex=0 bad=0 hits=0 t=0s
  F1 c2/c6@t0=35: rank[2,2] g=2 src=pari sat=1 tors=4 st=2812 hmax=900 pr=50 surv=4 ex=0 bad=0 hits=0 t=0s
  F1 c2/c8: кривая не построена (нет точки на квартике)
  F1 c3/c6@t0=33: rank[1,1] g=1 src=pari sat=1 tors=4 st=116 hmax=824 pr=50 surv=2 ex=0 bad=0 hits=0 t=0s
  F1 c3/c8@t0=33: rank[1,1] g=1 src=pari sat=1 tors=4 st=116 hmax=824 pr=50 surv=4 ex=0 bad=0 hits=0 t=0s
  F1 c6/c8: кривая не построена (нет точки на квартике)
  F2 c2/c3: кривая не построена (нет точки на квартике)
  F2 c2/c5: кривая не построена (нет точки на квартике)
  F2 c2/c6: нет рациональной точки для коники
  F2 c2/c8: кривая не построена (нет точки на квартике)
  F2 c3/c5@t0=33: rank[1,1] g=1 src=pari sat=1 tors=4 st=116 hmax=823 pr=50 surv=4 ex=0 bad=0 hits=0 t=0s
  F2 c3/c6: кривая не построена (нет точки на квартике)
  F2 c3/c8@t0=33: rank[2,2] g=2 src=pari sat=1 tors=4 st=2812 hmax=900 pr=50 surv=4 ex=0 bad=0 hits=0 t=0s
  F2 c5/c6: кривая не построена (нет точки на квартике)
  F2 c5/c8@t0=33: rank[2,2] g=2 src=pari sat=1 tors=4 st=2332 hmax=899 pr=50 surv=4 ex=0 bad=0 hits=0 t=0s
  F2 c6/c8: кривая не построена (нет точки на квартике)
  F3 c1/c3: нет рациональной точки для коники
  F3 c1/c5: нет рациональной точки для коники
  F3 c1/c6: кривая не построена (нет точки на квартике)
  F3 c1/c7: нет рациональной точки для коники
  F3 c3/c5: нет рациональной точки для коники
  F3 c3/c6: кривая не построена (нет точки на квартике)
  F3 c3/c7: нет рациональной точки для коники
  F3 c5/c6: кривая не построена (нет точки на квартике)
  F3 c5/c7: нет рациональной точки для коники
  F3 c6/c7: кривая не построена (нет точки на квартике)
  F4 c2/c3: кривая не построена (нет точки на квартике)
  F4 c2/c5: кривая не построена (нет точки на квартике)
  F4 c2/c6: нет рациональной точки для коники
  F4 c2/c7: кривая не построена (нет точки на квартике)
  F4 c3/c5@t0=33: rank[3,3] g=3 src=pari sat=1 tors=4 st=9604 hmax=212 pr=50 surv=4 ex=0 bad=0 hits=0 t=0s
  F4 c3/c6: кривая не построена (нет точки на квартике)
  F4 c3/c7@t0=33: rank[3,3] g=3 src=pari sat=1 tors=4 st=9604 hmax=212 pr=50 surv=4 ex=0 bad=0 hits=0 t=0s
  F4 c5/c6: кривая не построена (нет точки на квартике)
  F4 c5/c7@t0=33: rank[2,2] g=2 src=pari sat=1 tors=4 st=3652 hmax=895 pr=50 surv=4 ex=0 bad=0 hits=0 t=0s
  F4 c6/c7: кривая не построена (нет точки на квартике)
== (P,Q)=(35,34) C=2381/2 non
  F1 c0/c2: кривая не построена (нет точки на квартике)
  F1 c0/c3@t0=34: rank[2,2] g=2 src=pari sat=1 tors=4 st=1732 hmax=897 pr=50 surv=4 ex=0 bad=0 hits=0 t=0s
  F1 c0/c6: кривая не построена (нет точки на квартике)
  F1 c0/c8@t0=34: rank[1,1] g=1 src=pari sat=1 tors=4 st=116 hmax=797 pr=50 surv=4 ex=0 bad=0 hits=0 t=0s
  F1 c3/c2@t0=34: rank[2,2] g=2 src=pari sat=1 tors=4 st=1732 hmax=897 pr=50 surv=2 ex=0 bad=0 hits=0 t=0s
  F1 c2/c6@t0=35: rank[2,2] g=2 src=pari sat=1 tors=4 st=2772 hmax=900 pr=50 surv=4 ex=0 bad=0 hits=0 t=0s
  F1 c2/c8: кривая не построена (нет точки на квартике)
  F1 c3/c6@t0=34: rank[1,1] g=1 src=pari sat=1 tors=4 st=124 hmax=871 pr=50 surv=2 ex=0 bad=0 hits=0 t=0s
  F1 c3/c8@t0=34: rank[1,1] g=1 src=pari sat=1 tors=4 st=124 hmax=871 pr=50 surv=4 ex=0 bad=0 hits=0 t=0s
  F1 c6/c8: кривая не построена (нет точки на квартике)
  F2 c2/c3: кривая не построена (нет точки на квартике)
  F2 c2/c5: кривая не построена (нет точки на квартике)
  F2 c2/c6: нет рациональной точки для коники
  F2 c2/c8: кривая не построена (нет точки на квартике)
  F2 c3/c5@t0=34: rank[2,2] g=2 src=pari sat=1 tors=4 st=1732 hmax=897 pr=50 surv=4 ex=0 bad=0 hits=0 t=0s
  F2 c3/c6: кривая не построена (нет точки на квартике)
  F2 c3/c8@t0=34: rank[2,2] g=2 src=pari sat=1 tors=4 st=2772 hmax=900 pr=50 surv=4 ex=0 bad=0 hits=0 t=0s
  F2 c5/c6: кривая не построена (нет точки на квартике)
  F2 c5/c8@t0=34: rank[1,1] g=1 src=pari sat=1 tors=4 st=116 hmax=797 pr=50 surv=4 ex=0 bad=0 hits=0 t=0s
  F2 c6/c8: кривая не построена (нет точки на квартике)
  F3 c1/c3: нет рациональной точки для коники
  F3 c1/c5: нет рациональной точки для коники
  F3 c1/c6: кривая не построена (нет точки на квартике)
  F3 c1/c7: нет рациональной точки для коники
  F3 c3/c5: нет рациональной точки для коники
  F3 c3/c6: кривая не построена (нет точки на квартике)
  F3 c3/c7: нет рациональной точки для коники
  F3 c5/c6: кривая не построена (нет точки на квартике)
  F3 c5/c7: нет рациональной точки для коники
  F3 c6/c7: кривая не построена (нет точки на квартике)
  F4 c2/c3: кривая не построена (нет точки на квартике)
  F4 c2/c5: кривая не построена (нет точки на квартике)
  F4 c2/c6: нет рациональной точки для коники
  F4 c2/c7: кривая не построена (нет точки на квартике)
  F4 c3/c5@t0=34: rank[1,1] g=1 src=pari sat=1 tors=4 st=132 hmax=883 pr=50 surv=4 ex=0 bad=0 hits=0 t=0s
  F4 c3/c6: кривая не построена (нет точки на квартике)
  F4 c3/c7@t0=34: rank[1,1] g=1 src=pari sat=1 tors=4 st=132 hmax=883 pr=50 surv=4 ex=0 bad=0 hits=0 t=0s
  F4 c5/c6@t0=34: rank[2,2] g=2 src=pari sat=1 tors=4 st=3644 hmax=897 pr=50 surv=6 ex=0 bad=0 hits=0 t=0s
  F4 c5/c7@t0=34: rank[1,1] g=1 src=pari sat=1 tors=4 st=124 hmax=850 pr=50 surv=4 ex=0 bad=0 hits=0 t=0s
  F4 c6/c7: кривая не построена (нет точки на квартике)
== (P,Q)=(36,1) C=1297/2 non
  F1 c0/c2: кривая не построена (нет точки на квартике)
  F1 c0/c3@t0=1: rank[1,1] g=1 src=pari sat=1 tors=4 st=132 hmax=869 pr=50 surv=4 ex=0 bad=0 hits=0 t=0s
  F1 c0/c6: кривая не построена (нет точки на квартике)
  F1 c0/c8@t0=1: rank[2,2] g=2 src=pari sat=1 tors=4 st=1412 hmax=894 pr=50 surv=4 ex=0 bad=0 hits=0 t=0s
  F1 c3/c2@t0=1: rank[1,1] g=1 src=pari sat=1 tors=4 st=132 hmax=869 pr=50 surv=2 ex=0 bad=0 hits=0 t=0s
  F1 c2/c6@t0=36: rank[2,2] g=2 src=pari sat=1 tors=4 st=1756 hmax=890 pr=50 surv=4 ex=0 bad=0 hits=0 t=0s
  F1 c2/c8: кривая не построена (нет точки на квартике)
  F1 c3/c6@t0=1: rank[1,1] g=1 src=pari sat=1 tors=4 st=124 hmax=884 pr=50 surv=2 ex=0 bad=0 hits=0 t=0s
  F1 c3/c8@t0=1: rank[1,1] g=1 src=pari sat=1 tors=4 st=124 hmax=884 pr=50 surv=4 ex=0 bad=0 hits=0 t=0s
  F1 c6/c8: кривая не построена (нет точки на квартике)
  F2 c2/c3: кривая не построена (нет точки на квартике)
  F2 c2/c5: кривая не построена (нет точки на квартике)
  F2 c2/c6: нет рациональной точки для коники
  F2 c2/c8: кривая не построена (нет точки на квартике)
  F2 c3/c5@t0=1: rank[1,1] g=1 src=pari sat=1 tors=4 st=132 hmax=869 pr=50 surv=4 ex=0 bad=0 hits=0 t=0s
  F2 c3/c6: кривая не построена (нет точки на квартике)
  F2 c3/c8@t0=1: rank[2,2] g=2 src=pari sat=1 tors=4 st=1756 hmax=890 pr=50 surv=4 ex=0 bad=0 hits=0 t=0s
  F2 c5/c6: кривая не построена (нет точки на квартике)
  F2 c5/c8@t0=1: rank[2,2] g=2 src=pari sat=1 tors=4 st=1412 hmax=894 pr=50 surv=4 ex=0 bad=0 hits=0 t=0s
  F2 c6/c8: кривая не построена (нет точки на квартике)
  F3 c1/c3: нет рациональной точки для коники
  F3 c1/c5: нет рациональной точки для коники
  F3 c1/c6: кривая не построена (нет точки на квартике)
  F3 c1/c7: нет рациональной точки для коники
  F3 c3/c5: нет рациональной точки для коники
  F3 c3/c6: кривая не построена (нет точки на квартике)
  F3 c3/c7: нет рациональной точки для коники
  F3 c5/c6: кривая не построена (нет точки на квартике)
  F3 c5/c7: нет рациональной точки для коники
  F3 c6/c7: кривая не построена (нет точки на квартике)
  F4 c2/c3: кривая не построена (нет точки на квартике)
  F4 c2/c5: кривая не построена (нет точки на квартике)
  F4 c2/c6: нет рациональной точки для коники
  F4 c2/c7: кривая не построена (нет точки на квартике)
  F4 c3/c5@t0=1: rank[2,2] g=2 src=pari sat=1 tors=4 st=1396 hmax=895 pr=50 surv=4 ex=0 bad=0 hits=0 t=0s
  F4 c3/c6: кривая не построена (нет точки на квартике)
  F4 c3/c7@t0=1: rank[2,2] g=2 src=pari sat=1 tors=4 st=1396 hmax=895 pr=50 surv=4 ex=0 bad=0 hits=0 t=0s
  F4 c5/c6@t0=1: rank[1,1] g=1 src=pari sat=1 tors=4 st=100 hmax=839 pr=50 surv=6 ex=0 bad=0 hits=0 t=0s
  F4 c5/c7@t0=1: rank[2,2] g=2 src=pari sat=1 tors=4 st=2172 hmax=895 pr=50 surv=4 ex=0 bad=0 hits=0 t=0s
  F4 c6/c7: кривая не построена (нет точки на квартике)
== (P,Q)=(36,5) C=1321/2 non
  F1 c0/c2: кривая не построена (нет точки на квартике)
  F1 c0/c3@t0=5: rank[2,2] g=2 src=pari sat=1 tors=4 st=1532 hmax=898 pr=50 surv=4 ex=0 bad=0 hits=0 t=0s
  F1 c0/c6: кривая не построена (нет точки на квартике)
  F1 c0/c8@t0=5: rank[2,2] g=2 src=pari sat=1 tors=4 st=1076 hmax=891 pr=50 surv=4 ex=0 bad=0 hits=0 t=0s
  F1 c3/c2@t0=5: rank[2,2] g=2 src=pari sat=1 tors=4 st=1532 hmax=898 pr=50 surv=2 ex=0 bad=0 hits=0 t=0s
  F1 c2/c6@t0=36: rank[1,1] g=1 src=pari sat=1 tors=4 st=124 hmax=810 pr=50 surv=4 ex=0 bad=0 hits=0 t=0s
  F1 c2/c8: кривая не построена (нет точки на квартике)
  F1 c3/c6@t0=5: rank[1,3] g=1 INC src=pari+mw sat=1 tors=4 st=124 hmax=886 pr=50 surv=2 ex=0 bad=0 hits=0 t=10s
  F1 c3/c8@t0=5: rank[1,3] g=1 INC src=pari+mw sat=1 tors=4 st=124 hmax=886 pr=50 surv=4 ex=0 bad=0 hits=0 t=0s
  F1 c6/c8: кривая не построена (нет точки на квартике)
  F2 c2/c3: кривая не построена (нет точки на квартике)
  F2 c2/c5: кривая не построена (нет точки на квартике)
  F2 c2/c6: нет рациональной точки для коники
  F2 c2/c8: кривая не построена (нет точки на квартике)
  F2 c3/c5@t0=5: rank[2,2] g=2 src=pari sat=1 tors=4 st=1532 hmax=898 pr=50 surv=4 ex=0 bad=0 hits=0 t=0s
  F2 c3/c6: кривая не построена (нет точки на квартике)
  F2 c3/c8@t0=5: rank[1,1] g=1 src=pari sat=1 tors=4 st=124 hmax=810 pr=50 surv=4 ex=0 bad=0 hits=0 t=0s
  F2 c5/c6: кривая не построена (нет точки на квартике)
  F2 c5/c8@t0=5: rank[2,2] g=2 src=pari sat=1 tors=4 st=1076 hmax=891 pr=50 surv=4 ex=0 bad=0 hits=0 t=0s
  F2 c6/c8: кривая не построена (нет точки на квартике)
  F3 c1/c3: нет рациональной точки для коники
  F3 c1/c5: нет рациональной точки для коники
  F3 c1/c6: кривая не построена (нет точки на квартике)
  F3 c1/c7: нет рациональной точки для коники
  F3 c3/c5: нет рациональной точки для коники
  F3 c3/c6: кривая не построена (нет точки на квартике)
  F3 c3/c7: нет рациональной точки для коники
  F3 c5/c6: кривая не построена (нет точки на квартике)
  F3 c5/c7: нет рациональной точки для коники
  F3 c6/c7: кривая не построена (нет точки на квартике)
  F4 c2/c3: кривая не построена (нет точки на квартике)
  F4 c2/c5: кривая не построена (нет точки на квартике)
  F4 c2/c6: нет рациональной точки для коники
  F4 c2/c7: кривая не построена (нет точки на квартике)
  F4 c3/c5@t0=5: rank[2,2] g=2 src=pari sat=1 tors=4 st=3172 hmax=900 pr=50 surv=4 ex=0 bad=0 hits=0 t=0s
  F4 c3/c6: кривая не построена (нет точки на квартике)
  F4 c3/c7@t0=5: rank[2,2] g=2 src=pari sat=1 tors=4 st=3172 hmax=900 pr=50 surv=4 ex=0 bad=0 hits=0 t=0s
  F4 c5/c6@t0=5: rank[1,1] g=1 src=pari sat=1 tors=4 st=100 hmax=807 pr=50 surv=6 ex=0 bad=0 hits=0 t=0s
  F4 c5/c7@t0=5: rank[1,1] g=1 src=pari sat=1 tors=4 st=132 hmax=831 pr=50 surv=4 ex=0 bad=0 hits=0 t=0s
  F4 c6/c7: кривая не построена (нет точки на квартике)
== (P,Q)=(36,7) C=1345/2 non
  F1 c0/c2: кривая не построена (нет точки на квартике)
  F1 c0/c3@t0=7: rank[1,1] g=1 src=pari sat=1 tors=4 st=132 hmax=896 pr=50 surv=4 ex=0 bad=0 hits=0 t=0s
  F1 c0/c6: кривая не построена (нет точки на квартике)
  F1 c0/c8@t0=7: rank[1,1] g=1 src=pari sat=1 tors=4 st=124 hmax=859 pr=50 surv=4 ex=0 bad=0 hits=0 t=0s
  F1 c3/c2@t0=7: rank[1,1] g=1 src=pari sat=1 tors=4 st=132 hmax=896 pr=50 surv=2 ex=0 bad=0 hits=0 t=0s
  F1 c2/c6@t0=36: rank[1,1] g=1 src=pari sat=1 tors=4 st=124 hmax=814 pr=50 surv=4 ex=0 bad=0 hits=0 t=0s
  F1 c2/c8: кривая не построена (нет точки на квартике)
  F1 c3/c6@t0=7: rank[1,1] g=1 src=pari sat=1 tors=4 st=124 hmax=888 pr=50 surv=2 ex=0 bad=0 hits=0 t=0s
  F1 c3/c8@t0=7: rank[1,1] g=1 src=pari sat=1 tors=4 st=124 hmax=888 pr=50 surv=4 ex=0 bad=0 hits=0 t=0s
  F1 c6/c8: кривая не построена (нет точки на квартике)
  F2 c2/c3: кривая не построена (нет точки на квартике)
  F2 c2/c5: кривая не построена (нет точки на квартике)
  F2 c2/c6: нет рациональной точки для коники
  F2 c2/c8: кривая не построена (нет точки на квартике)
  F2 c3/c5@t0=7: rank[1,1] g=1 src=pari sat=1 tors=4 st=132 hmax=896 pr=50 surv=4 ex=0 bad=0 hits=0 t=0s
  F2 c3/c6: кривая не построена (нет точки на квартике)
  F2 c3/c8@t0=7: rank[1,1] g=1 src=pari sat=1 tors=4 st=124 hmax=814 pr=50 surv=4 ex=0 bad=0 hits=0 t=0s
  F2 c5/c6: кривая не построена (нет точки на квартике)
  F2 c5/c8@t0=7: rank[1,1] g=1 src=pari sat=1 tors=4 st=124 hmax=859 pr=50 surv=4 ex=0 bad=0 hits=0 t=0s
  F2 c6/c8: кривая не построена (нет точки на квартике)
  F3 c1/c3: нет рациональной точки для коники
  F3 c1/c5: нет рациональной точки для коники
  F3 c1/c6: кривая не построена (нет точки на квартике)
  F3 c1/c7: нет рациональной точки для коники
  F3 c3/c5: нет рациональной точки для коники
  F3 c3/c6: кривая не построена (нет точки на квартике)
  F3 c3/c7: нет рациональной точки для коники
  F3 c5/c6: кривая не построена (нет точки на квартике)
  F3 c5/c7: нет рациональной точки для коники
  F3 c6/c7: кривая не построена (нет точки на квартике)
  F4 c2/c3: кривая не построена (нет точки на квартике)
  F4 c2/c5: кривая не построена (нет точки на квартике)
  F4 c2/c6: нет рациональной точки для коники
  F4 c2/c7: кривая не построена (нет точки на квартике)
  F4 c3/c5@t0=7: rank[2,2] g=2 src=pari sat=1 tors=4 st=3500 hmax=898 pr=50 surv=4 ex=0 bad=0 hits=0 t=0s
  F4 c3/c6: кривая не построена (нет точки на квартике)
  F4 c3/c7@t0=7: rank[2,2] g=2 src=pari sat=1 tors=4 st=3500 hmax=898 pr=50 surv=4 ex=0 bad=0 hits=0 t=0s
  F4 c5/c6@t0=7: rank[1,1] g=1 src=pari sat=1 tors=4 st=92 hmax=759 pr=50 surv=6 ex=0 bad=0 hits=0 t=0s
  F4 c5/c7@t0=7: rank[2,2] g=2 src=pari sat=1 tors=4 st=2060 hmax=898 pr=50 surv=4 ex=0 bad=0 hits=0 t=0s
  F4 c6/c7: кривая не построена (нет точки на квартике)
== (P,Q)=(36,11) C=1417/2 non
  F1 c0/c2: кривая не построена (нет точки на квартике)
  F1 c0/c3@t0=11: rank[1,1] g=1 src=pari sat=1 tors=4 st=124 hmax=799 pr=50 surv=4 ex=0 bad=0 hits=0 t=0s
  F1 c0/c6: кривая не построена (нет точки на квартике)
  F1 c0/c8@t0=11: rank[1,1] g=1 src=pari sat=1 tors=4 st=124 hmax=868 pr=50 surv=4 ex=0 bad=0 hits=0 t=0s
  F1 c3/c2@t0=11: rank[1,1] g=1 src=pari sat=1 tors=4 st=124 hmax=799 pr=50 surv=2 ex=0 bad=0 hits=0 t=0s
  F1 c2/c6@t0=36: rank[2,2] g=2 src=pari sat=1 tors=4 st=1660 hmax=898 pr=50 surv=4 ex=0 bad=0 hits=0 t=0s
  F1 c2/c8: кривая не построена (нет точки на квартике)
  F1 c3/c6@t0=11: rank[2,2] g=2 src=pari sat=1 tors=4 st=1348 hmax=895 pr=50 surv=2 ex=0 bad=0 hits=0 t=0s
  F1 c3/c8@t0=11: rank[2,2] g=2 src=pari sat=1 tors=4 st=1348 hmax=895 pr=50 surv=4 ex=0 bad=0 hits=0 t=0s
  F1 c6/c8: кривая не построена (нет точки на квартике)
  F2 c2/c3: кривая не построена (нет точки на квартике)
  F2 c2/c5: кривая не построена (нет точки на квартике)
  F2 c2/c6: нет рациональной точки для коники
  F2 c2/c8: кривая не построена (нет точки на квартике)
  F2 c3/c5@t0=11: rank[1,1] g=1 src=pari sat=1 tors=4 st=124 hmax=799 pr=50 surv=4 ex=0 bad=0 hits=0 t=0s
  F2 c3/c6: кривая не построена (нет точки на квартике)
  F2 c3/c8@t0=11: rank[2,2] g=2 src=pari sat=1 tors=4 st=1660 hmax=898 pr=50 surv=4 ex=0 bad=0 hits=0 t=0s
  F2 c5/c6: кривая не построена (нет точки на квартике)
  F2 c5/c8@t0=11: rank[1,1] g=1 src=pari sat=1 tors=4 st=124 hmax=868 pr=50 surv=4 ex=0 bad=0 hits=0 t=0s
  F2 c6/c8: кривая не построена (нет точки на квартике)
  F3 c1/c3: нет рациональной точки для коники
  F3 c1/c5: нет рациональной точки для коники
  F3 c1/c6: кривая не построена (нет точки на квартике)
  F3 c1/c7: нет рациональной точки для коники
  F3 c3/c5: нет рациональной точки для коники
  F3 c3/c6: кривая не построена (нет точки на квартике)
  F3 c3/c7: нет рациональной точки для коники
  F3 c5/c6: кривая не построена (нет точки на квартике)
  F3 c5/c7: нет рациональной точки для коники
  F3 c6/c7: кривая не построена (нет точки на квартике)
  F4 c2/c3: кривая не построена (нет точки на квартике)
  F4 c2/c5: кривая не построена (нет точки на квартике)
  F4 c2/c6: нет рациональной точки для коники
  F4 c2/c7: кривая не построена (нет точки на квартике)
  F4 c3/c5@t0=11: rank[1,1] g=1 src=pari sat=1 tors=4 st=124 hmax=884 pr=50 surv=4 ex=0 bad=0 hits=0 t=0s
  F4 c3/c6: кривая не построена (нет точки на квартике)
  F4 c3/c7@t0=11: rank[1,1] g=1 src=pari sat=1 tors=4 st=124 hmax=884 pr=50 surv=4 ex=0 bad=0 hits=0 t=0s
  F4 c5/c6: кривая не построена (нет точки на квартике)
  F4 c5/c7@t0=11: rank[1,1] g=1 src=pari sat=1 tors=4 st=132 hmax=839 pr=50 surv=4 ex=0 bad=0 hits=0 t=0s
  F4 c6/c7: кривая не построена (нет точки на квартике)
== (P,Q)=(36,13) C=1465/2 non
  F1 c0/c2: кривая не построена (нет точки на квартике)
  F1 c0/c3@t0=13: rank[2,2] g=2 src=pari sat=1 tors=4 st=3492 hmax=899 pr=50 surv=4 ex=0 bad=0 hits=0 t=0s
  F1 c0/c6: кривая не построена (нет точки на квартике)
  F1 c0/c8@t0=13: rank[2,2] g=2 src=pari sat=1 tors=4 st=1836 hmax=893 pr=50 surv=4 ex=0 bad=0 hits=0 t=0s
  F1 c3/c2@t0=13: rank[2,2] g=2 src=pari sat=1 tors=4 st=3492 hmax=899 pr=50 surv=2 ex=0 bad=0 hits=0 t=0s
  F1 c2/c6@t0=36: rank[1,1] g=1 src=pari sat=1 tors=4 st=124 hmax=831 pr=50 surv=4 ex=0 bad=0 hits=0 t=0s
  F1 c2/c8: кривая не построена (нет точки на квартике)
  F1 c3/c6@t0=13: rank[1,1] g=1 src=pari sat=1 tors=4 st=124 hmax=897 pr=50 surv=2 ex=0 bad=0 hits=0 t=0s
  F1 c3/c8@t0=13: rank[1,1] g=1 src=pari sat=1 tors=4 st=124 hmax=897 pr=50 surv=4 ex=0 bad=0 hits=0 t=0s
  F1 c6/c8: кривая не построена (нет точки на квартике)
  F2 c2/c3: кривая не построена (нет точки на квартике)
  F2 c2/c5: кривая не построена (нет точки на квартике)
  F2 c2/c6: нет рациональной точки для коники
  F2 c2/c8: кривая не построена (нет точки на квартике)
  F2 c3/c5@t0=13: rank[2,2] g=2 src=pari sat=1 tors=4 st=3492 hmax=899 pr=50 surv=4 ex=0 bad=0 hits=0 t=0s
  F2 c3/c6: кривая не построена (нет точки на квартике)
  F2 c3/c8@t0=13: rank[1,1] g=1 src=pari sat=1 tors=4 st=124 hmax=831 pr=50 surv=4 ex=0 bad=0 hits=0 t=0s
  F2 c5/c6: кривая не построена (нет точки на квартике)
  F2 c5/c8@t0=13: rank[2,2] g=2 src=pari sat=1 tors=4 st=1836 hmax=893 pr=50 surv=4 ex=0 bad=0 hits=0 t=0s
  F2 c6/c8: кривая не построена (нет точки на квартике)
  F3 c1/c3: нет рациональной точки для коники
  F3 c1/c5: нет рациональной точки для коники
  F3 c1/c6: кривая не построена (нет точки на квартике)
  F3 c1/c7: нет рациональной точки для коники
  F3 c3/c5: нет рациональной точки для коники
  F3 c3/c6: кривая не построена (нет точки на квартике)
  F3 c3/c7: нет рациональной точки для коники
  F3 c5/c6: кривая не построена (нет точки на квартике)
  F3 c5/c7: нет рациональной точки для коники
  F3 c6/c7: кривая не построена (нет точки на квартике)
  F4 c2/c3: кривая не построена (нет точки на квартике)
  F4 c2/c5: кривая не построена (нет точки на квартике)
  F4 c2/c6: нет рациональной точки для коники
  F4 c2/c7: кривая не построена (нет точки на квартике)
  F4 c3/c5@t0=13: rank[1,1] g=1 src=pari sat=1 tors=4 st=124 hmax=884 pr=50 surv=4 ex=0 bad=0 hits=0 t=0s
  F4 c3/c6: кривая не построена (нет точки на квартике)
  F4 c3/c7@t0=13: rank[1,1] g=1 src=pari sat=1 tors=4 st=124 hmax=884 pr=50 surv=4 ex=0 bad=0 hits=0 t=0s
  F4 c5/c6@t0=13: rank[1,1] g=1 src=pari sat=1 tors=4 st=116 hmax=888 pr=50 surv=6 ex=0 bad=0 hits=0 t=0s
  F4 c5/c7@t0=13: rank[2,2] g=2 src=pari sat=1 tors=4 st=3716 hmax=892 pr=50 surv=4 ex=0 bad=0 hits=0 t=0s
  F4 c6/c7: кривая не построена (нет точки на квартике)
== (P,Q)=(36,17) C=1585/2 non
  F1 c0/c2: кривая не построена (нет точки на квартике)
  F1 c0/c3@t0=17: rank[2,2] g=2 src=pari sat=1 tors=4 st=1716 hmax=895 pr=50 surv=4 ex=0 bad=0 hits=0 t=1s
  F1 c0/c6: кривая не построена (нет точки на квартике)
  F1 c0/c8@t0=17: rank[1,1] g=1 src=pari sat=1 tors=4 st=124 hmax=881 pr=50 surv=4 ex=0 bad=0 hits=0 t=0s
  F1 c3/c2@t0=17: rank[2,2] g=2 src=pari sat=1 tors=4 st=1716 hmax=895 pr=50 surv=2 ex=0 bad=0 hits=0 t=0s
  F1 c2/c6@t0=36: rank[2,2] g=2 src=pari sat=1 tors=4 st=1668 hmax=878 pr=50 surv=4 ex=0 bad=0 hits=0 t=0s
  F1 c2/c8: кривая не построена (нет точки на квартике)
  F1 c3/c6@t0=17: rank[1,1] g=1 src=pari sat=1 tors=4 st=116 hmax=789 pr=50 surv=2 ex=0 bad=0 hits=0 t=0s
  F1 c3/c8@t0=17: rank[1,1] g=1 src=pari sat=1 tors=4 st=116 hmax=789 pr=50 surv=4 ex=0 bad=0 hits=0 t=0s
  F1 c6/c8: кривая не построена (нет точки на квартике)
  F2 c2/c3: кривая не построена (нет точки на квартике)
  F2 c2/c5: кривая не построена (нет точки на квартике)
  F2 c2/c6: нет рациональной точки для коники
  F2 c2/c8: кривая не построена (нет точки на квартике)
  F2 c3/c5@t0=17: rank[2,2] g=2 src=pari sat=1 tors=4 st=1716 hmax=895 pr=50 surv=4 ex=0 bad=0 hits=0 t=0s
  F2 c3/c6: кривая не построена (нет точки на квартике)
  F2 c3/c8@t0=17: rank[2,2] g=2 src=pari sat=1 tors=4 st=1668 hmax=878 pr=50 surv=4 ex=0 bad=0 hits=0 t=0s
  F2 c5/c6: кривая не построена (нет точки на квартике)
  F2 c5/c8@t0=17: rank[1,1] g=1 src=pari sat=1 tors=4 st=124 hmax=881 pr=50 surv=4 ex=0 bad=0 hits=0 t=0s
  F2 c6/c8: кривая не построена (нет точки на квартике)
  F3 c1/c3: нет рациональной точки для коники
  F3 c1/c5: нет рациональной точки для коники
  F3 c1/c6: кривая не построена (нет точки на квартике)
  F3 c1/c7: нет рациональной точки для коники
  F3 c3/c5: нет рациональной точки для коники
  F3 c3/c6: кривая не построена (нет точки на квартике)
  F3 c3/c7: нет рациональной точки для коники
  F3 c5/c6: кривая не построена (нет точки на квартике)
  F3 c5/c7: нет рациональной точки для коники
  F3 c6/c7: кривая не построена (нет точки на квартике)
  F4 c2/c3: кривая не построена (нет точки на квартике)
  F4 c2/c5: кривая не построена (нет точки на квартике)
  F4 c2/c6: нет рациональной точки для коники
  F4 c2/c7: кривая не построена (нет точки на квартике)
  F4 c3/c5@t0=17: rank[1,1] g=1 src=pari sat=1 tors=4 st=124 hmax=884 pr=50 surv=4 ex=0 bad=0 hits=0 t=0s
  F4 c3/c6: кривая не построена (нет точки на квартике)
  F4 c3/c7@t0=17: rank[1,1] g=1 src=pari sat=1 tors=4 st=124 hmax=884 pr=50 surv=4 ex=0 bad=0 hits=0 t=0s
  F4 c5/c6: кривая не построена (нет точки на квартике)
  F4 c5/c7@t0=17: rank[2,2] g=2 src=pari sat=1 tors=4 st=2924 hmax=896 pr=50 surv=4 ex=0 bad=0 hits=0 t=0s
  F4 c6/c7: кривая не построена (нет точки на квартике)
== (P,Q)=(36,19) C=1657/2 non
  F1 c0/c2: кривая не построена (нет точки на квартике)
  F1 c0/c3@t0=19: rank[2,2] g=2 src=pari sat=1 tors=4 st=1668 hmax=898 pr=50 surv=4 ex=0 bad=0 hits=0 t=0s
  F1 c0/c6: кривая не построена (нет точки на квартике)
  F1 c0/c8@t0=19: rank[2,2] g=2 src=pari+mw sat=1 tors=4 st=708 hmax=893 pr=50 surv=4 ex=0 bad=0 hits=0 t=1s
  F1 c3/c2@t0=19: rank[2,2] g=2 src=pari sat=1 tors=4 st=1668 hmax=898 pr=50 surv=2 ex=0 bad=0 hits=0 t=1s
  F1 c2/c6@t0=36: rank[1,1] g=1 src=pari sat=1 tors=4 st=124 hmax=854 pr=50 surv=4 ex=0 bad=0 hits=0 t=0s
  F1 c2/c8: кривая не построена (нет точки на квартике)
  F1 c3/c6@t0=19: rank[3,3] g=3 src=pari sat=1 tors=4 st=9516 hmax=477 pr=50 surv=2 ex=0 bad=0 hits=0 t=0s
  F1 c3/c8@t0=19: rank[3,3] g=3 src=pari sat=1 tors=4 st=9516 hmax=477 pr=50 surv=4 ex=0 bad=0 hits=0 t=0s
  F1 c6/c8: кривая не построена (нет точки на квартике)
  F2 c2/c3: кривая не построена (нет точки на квартике)
  F2 c2/c5: кривая не построена (нет точки на квартике)
  F2 c2/c6: нет рациональной точки для коники
  F2 c2/c8: кривая не построена (нет точки на квартике)
  F2 c3/c5@t0=19: rank[2,2] g=2 src=pari sat=1 tors=4 st=1668 hmax=898 pr=50 surv=4 ex=0 bad=0 hits=0 t=0s
  F2 c3/c6: кривая не построена (нет точки на квартике)
  F2 c3/c8@t0=19: rank[1,1] g=1 src=pari sat=1 tors=4 st=124 hmax=854 pr=50 surv=4 ex=0 bad=0 hits=0 t=0s
  F2 c5/c6: кривая не построена (нет точки на квартике)
  F2 c5/c8@t0=19: rank[2,2] g=2 src=pari+mw sat=1 tors=4 st=708 hmax=893 pr=50 surv=4 ex=0 bad=0 hits=0 t=0s
  F2 c6/c8: кривая не построена (нет точки на квартике)
  F3 c1/c3: нет рациональной точки для коники
  F3 c1/c5: нет рациональной точки для коники
  F3 c1/c6: кривая не построена (нет точки на квартике)
  F3 c1/c7: нет рациональной точки для коники
  F3 c3/c5: нет рациональной точки для коники
  F3 c3/c6: кривая не построена (нет точки на квартике)
  F3 c3/c7: нет рациональной точки для коники
  F3 c5/c6: кривая не построена (нет точки на квартике)
  F3 c5/c7: нет рациональной точки для коники
  F3 c6/c7: кривая не построена (нет точки на квартике)
  F4 c2/c3: кривая не построена (нет точки на квартике)
  F4 c2/c5: кривая не построена (нет точки на квартике)
  F4 c2/c6: нет рациональной точки для коники
  F4 c2/c7: кривая не построена (нет точки на квартике)
  F4 c3/c5@t0=19: rank[2,2] g=2 src=pari sat=1 tors=4 st=1988 hmax=897 pr=50 surv=4 ex=0 bad=0 hits=0 t=0s
  F4 c3/c6: кривая не построена (нет точки на квартике)
  F4 c3/c7@t0=19: rank[2,2] g=2 src=pari sat=1 tors=4 st=1988 hmax=897 pr=50 surv=4 ex=0 bad=0 hits=0 t=0s
  F4 c5/c6@t0=19: rank[1,1] g=1 src=pari sat=1 tors=4 st=92 hmax=757 pr=50 surv=6 ex=0 bad=0 hits=0 t=0s
  F4 c5/c7@t0=19: rank[2,2] g=2 src=pari sat=1 tors=4 st=2596 hmax=885 pr=50 surv=4 ex=0 bad=0 hits=0 t=0s
  F4 c6/c7: кривая не построена (нет точки на квартике)
== (P,Q)=(36,23) C=1825/2 non
  F1 c0/c2: кривая не построена (нет точки на квартике)
  F1 c0/c3@t0=23: rank[2,2] g=2 src=pari sat=1 tors=4 st=2580 hmax=900 pr=50 surv=4 ex=0 bad=0 hits=0 t=0s
  F1 c0/c6: кривая не построена (нет точки на квартике)
  F1 c0/c8@t0=23: rank[2,2] g=2 src=pari sat=1 tors=4 st=2172 hmax=894 pr=50 surv=4 ex=0 bad=0 hits=0 t=0s
  F1 c3/c2@t0=23: rank[2,2] g=2 src=pari sat=1 tors=4 st=2580 hmax=900 pr=50 surv=2 ex=0 bad=0 hits=0 t=0s
  F1 c2/c6@t0=36: rank[1,1] g=1 src=pari sat=1 tors=4 st=124 hmax=870 pr=50 surv=4 ex=0 bad=0 hits=0 t=0s
  F1 c2/c8: кривая не построена (нет точки на квартике)
  F1 c3/c6@t0=23: rank[1,1] g=1 src=pari sat=1 tors=4 st=116 hmax=802 pr=50 surv=2 ex=0 bad=0 hits=0 t=0s
  F1 c3/c8@t0=23: rank[1,1] g=1 src=pari sat=1 tors=4 st=116 hmax=802 pr=50 surv=4 ex=0 bad=0 hits=0 t=0s
  F1 c6/c8: кривая не построена (нет точки на квартике)
  F2 c2/c3: кривая не построена (нет точки на квартике)
  F2 c2/c5: кривая не построена (нет точки на квартике)
  F2 c2/c6: нет рациональной точки для коники
  F2 c2/c8: кривая не построена (нет точки на квартике)
  F2 c3/c5@t0=23: rank[2,2] g=2 src=pari sat=1 tors=4 st=2580 hmax=900 pr=50 surv=4 ex=0 bad=0 hits=0 t=0s
  F2 c3/c6: кривая не построена (нет точки на квартике)
  F2 c3/c8@t0=23: rank[1,1] g=1 src=pari sat=1 tors=4 st=124 hmax=870 pr=50 surv=4 ex=0 bad=0 hits=0 t=0s
  F2 c5/c6: кривая не построена (нет точки на квартике)
  F2 c5/c8@t0=23: rank[2,2] g=2 src=pari sat=1 tors=4 st=2172 hmax=894 pr=50 surv=4 ex=0 bad=0 hits=0 t=0s
  F2 c6/c8: кривая не построена (нет точки на квартике)
  F3 c1/c3: нет рациональной точки для коники
  F3 c1/c5: нет рациональной точки для коники
  F3 c1/c6: кривая не построена (нет точки на квартике)
  F3 c1/c7: нет рациональной точки для коники
  F3 c3/c5: нет рациональной точки для коники
  F3 c3/c6: кривая не построена (нет точки на квартике)
  F3 c3/c7: нет рациональной точки для коники
  F3 c5/c6: кривая не построена (нет точки на квартике)
  F3 c5/c7: нет рациональной точки для коники
  F3 c6/c7: кривая не построена (нет точки на квартике)
  F4 c2/c3: кривая не построена (нет точки на квартике)
  F4 c2/c5: кривая не построена (нет точки на квартике)
  F4 c2/c6: нет рациональной точки для коники
  F4 c2/c7: кривая не построена (нет точки на квартике)
  F4 c3/c5@t0=23: rank[1,1] g=1 src=pari sat=1 tors=4 st=124 hmax=882 pr=50 surv=4 ex=0 bad=0 hits=0 t=0s
  F4 c3/c6: кривая не построена (нет точки на квартике)
  F4 c3/c7@t0=23: rank[1,1] g=1 src=pari sat=1 tors=4 st=124 hmax=882 pr=50 surv=4 ex=0 bad=0 hits=0 t=0s
  F4 c5/c6: кривая не построена (нет точки на квартике)
  F4 c5/c7@t0=23: rank[1,1] g=1 src=pari sat=1 tors=4 st=132 hmax=867 pr=50 surv=4 ex=0 bad=0 hits=0 t=0s
  F4 c6/c7: кривая не построена (нет точки на квартике)
== (P,Q)=(36,25) C=1921/2 non
  F1 c0/c2: кривая не построена (нет точки на квартике)
  F1 c0/c3@t0=25: rank[2,2] g=2 src=pari sat=1 tors=4 st=2476 hmax=900 pr=50 surv=4 ex=0 bad=0 hits=0 t=0s
  F1 c0/c6: кривая не построена (нет точки на квартике)
  F1 c0/c8@t0=25: rank[1,1] g=1 src=pari sat=1 tors=4 st=124 hmax=898 pr=50 surv=4 ex=0 bad=0 hits=0 t=0s
  F1 c3/c2@t0=25: rank[2,2] g=2 src=pari sat=1 tors=4 st=2476 hmax=900 pr=50 surv=2 ex=0 bad=0 hits=0 t=0s
  F1 c2/c6@t0=36: rank[3,3] g=3 src=pari sat=1 tors=4 st=9604 hmax=307 pr=50 surv=4 ex=0 bad=0 hits=0 t=0s
  F1 c2/c8: кривая не построена (нет точки на квартике)
  F1 c3/c6@t0=25: rank[2,2] g=2 src=pari sat=1 tors=4 st=2012 hmax=900 pr=50 surv=2 ex=0 bad=0 hits=0 t=0s
  F1 c3/c8@t0=25: rank[2,2] g=2 src=pari sat=1 tors=4 st=2012 hmax=900 pr=50 surv=4 ex=0 bad=0 hits=0 t=0s
  F1 c6/c8: кривая не построена (нет точки на квартике)
  F2 c2/c3: кривая не построена (нет точки на квартике)
  F2 c2/c5: кривая не построена (нет точки на квартике)
  F2 c2/c6: нет рациональной точки для коники
  F2 c2/c8: кривая не построена (нет точки на квартике)
  F2 c3/c5@t0=25: rank[2,2] g=2 src=pari sat=1 tors=4 st=2476 hmax=900 pr=50 surv=4 ex=0 bad=0 hits=0 t=0s
  F2 c3/c6: кривая не построена (нет точки на квартике)
  F2 c3/c8@t0=25: rank[3,3] g=3 src=pari sat=1 tors=4 st=9604 hmax=307 pr=50 surv=4 ex=0 bad=0 hits=0 t=0s
  F2 c5/c6: кривая не построена (нет точки на квартике)
  F2 c5/c8@t0=25: rank[1,1] g=1 src=pari sat=1 tors=4 st=124 hmax=898 pr=50 surv=4 ex=0 bad=0 hits=0 t=0s
  F2 c6/c8: кривая не построена (нет точки на квартике)
  F3 c1/c3: нет рациональной точки для коники
  F3 c1/c5: нет рациональной точки для коники
  F3 c1/c6: кривая не построена (нет точки на квартике)
  F3 c1/c7: нет рациональной точки для коники
  F3 c3/c5: нет рациональной точки для коники
  F3 c3/c6: кривая не построена (нет точки на квартике)
  F3 c3/c7: нет рациональной точки для коники
  F3 c5/c6: кривая не построена (нет точки на квартике)
  F3 c5/c7: нет рациональной точки для коники
  F3 c6/c7: кривая не построена (нет точки на квартике)
  F4 c2/c3: кривая не построена (нет точки на квартике)
  F4 c2/c5: кривая не построена (нет точки на квартике)
  F4 c2/c6: нет рациональной точки для коники
  F4 c2/c7: кривая не построена (нет точки на квартике)
  F4 c3/c5@t0=25: rank[1,1] g=1 src=pari sat=1 tors=4 st=124 hmax=881 pr=50 surv=4 ex=0 bad=0 hits=0 t=0s
  F4 c3/c6: кривая не построена (нет точки на квартике)
  F4 c3/c7@t0=25: rank[1,1] g=1 src=pari sat=1 tors=4 st=124 hmax=881 pr=50 surv=4 ex=0 bad=0 hits=0 t=0s
  F4 c5/c6: кривая не построена (нет точки на квартике)
  F4 c5/c7@t0=25: rank[2,2] g=2 src=pari sat=1 tors=4 st=3724 hmax=897 pr=50 surv=4 ex=0 bad=0 hits=0 t=0s
  F4 c6/c7: кривая не построена (нет точки на квартике)
== (P,Q)=(36,29) C=2137/2 non
  F1 c0/c2: кривая не построена (нет точки на квартике)
  F1 c0/c3@t0=29: rank[2,2] g=2 src=pari sat=1 tors=4 st=1508 hmax=897 pr=50 surv=4 ex=0 bad=0 hits=0 t=1s
  F1 c0/c6: кривая не построена (нет точки на квартике)
  F1 c0/c8@t0=29: rank[2,2] g=2 src=pari+mw sat=1 tors=4 st=684 hmax=863 pr=50 surv=4 ex=0 bad=0 hits=0 t=1s
  F1 c3/c2@t0=29: rank[2,2] g=2 src=pari sat=1 tors=4 st=1508 hmax=897 pr=50 surv=2 ex=0 bad=0 hits=0 t=1s
  F1 c2/c6@t0=36: rank[1,1] g=1 src=pari sat=1 tors=4 st=124 hmax=895 pr=50 surv=4 ex=0 bad=0 hits=0 t=1s
  F1 c2/c8: кривая не построена (нет точки на квартике)
  F1 c3/c6@t0=29: rank[1,3] g=1 INC src=pari+mw sat=1 tors=4 st=116 hmax=817 pr=50 surv=2 ex=0 bad=0 hits=0 t=10s
  F1 c3/c8@t0=29: rank[1,3] g=1 INC src=pari+mw sat=1 tors=4 st=116 hmax=817 pr=50 surv=4 ex=0 bad=0 hits=0 t=0s
  F1 c6/c8: кривая не построена (нет точки на квартике)
  F2 c2/c3: кривая не построена (нет точки на квартике)
  F2 c2/c5: кривая не построена (нет точки на квартике)
  F2 c2/c6: нет рациональной точки для коники
  F2 c2/c8: кривая не построена (нет точки на квартике)
  F2 c3/c5@t0=29: rank[2,2] g=2 src=pari sat=1 tors=4 st=1508 hmax=897 pr=50 surv=4 ex=0 bad=0 hits=0 t=0s
  F2 c3/c6: кривая не построена (нет точки на квартике)
  F2 c3/c8@t0=29: rank[1,1] g=1 src=pari sat=1 tors=4 st=124 hmax=895 pr=50 surv=4 ex=0 bad=0 hits=0 t=0s
  F2 c5/c6: кривая не построена (нет точки на квартике)
  F2 c5/c8@t0=29: rank[2,2] g=2 src=pari+mw sat=1 tors=4 st=684 hmax=863 pr=50 surv=4 ex=0 bad=0 hits=0 t=1s
  F2 c6/c8: кривая не построена (нет точки на квартике)
  F3 c1/c3: нет рациональной точки для коники
  F3 c1/c5: нет рациональной точки для коники
  F3 c1/c6: кривая не построена (нет точки на квартике)
  F3 c1/c7: нет рациональной точки для коники
  F3 c3/c5: нет рациональной точки для коники
  F3 c3/c6: кривая не построена (нет точки на квартике)
  F3 c3/c7: нет рациональной точки для коники
  F3 c5/c6: кривая не построена (нет точки на квартике)
  F3 c5/c7: нет рациональной точки для коники
  F3 c6/c7: кривая не построена (нет точки на квартике)
  F4 c2/c3: кривая не построена (нет точки на квартике)
  F4 c2/c5: кривая не построена (нет точки на квартике)
  F4 c2/c6: нет рациональной точки для коники
  F4 c2/c7: кривая не построена (нет точки на квартике)
  F4 c3/c5@t0=29: rank[3,3] g=3 src=pari sat=1 tors=4 st=9604 hmax=278 pr=50 surv=4 ex=0 bad=0 hits=0 t=0s
  F4 c3/c6: кривая не построена (нет точки на квартике)
  F4 c3/c7@t0=29: rank[3,3] g=3 src=pari sat=1 tors=4 st=9604 hmax=278 pr=50 surv=4 ex=0 bad=0 hits=0 t=0s
  F4 c5/c6@t0=29: rank[1,1] g=1 src=pari sat=1 tors=4 st=116 hmax=879 pr=50 surv=6 ex=0 bad=0 hits=0 t=0s
  F4 c5/c7@t0=29: rank[2,2] g=2 src=pari sat=1 tors=4 st=3396 hmax=899 pr=50 surv=4 ex=0 bad=0 hits=0 t=0s
  F4 c6/c7: кривая не построена (нет точки на квартике)
== (P,Q)=(36,31) C=2257/2 non
  F1 c0/c2: кривая не построена (нет точки на квартике)
  F1 c0/c3@t0=31: rank[2,2] g=2 src=pari sat=1 tors=4 st=2676 hmax=899 pr=50 surv=4 ex=0 bad=0 hits=0 t=0s
  F1 c0/c6: кривая не построена (нет точки на квартике)
  F1 c0/c8@t0=31: rank[2,2] g=2 src=pari sat=1 tors=4 st=4132 hmax=897 pr=50 surv=4 ex=0 bad=0 hits=0 t=0s
  F1 c3/c2@t0=31: rank[2,2] g=2 src=pari sat=1 tors=4 st=2676 hmax=899 pr=50 surv=2 ex=0 bad=0 hits=0 t=0s
  F1 c2/c6@t0=36: rank[2,2] g=2 src=pari sat=1 tors=4 st=1796 hmax=895 pr=50 surv=4 ex=0 bad=0 hits=0 t=0s
  F1 c2/c8: кривая не построена (нет точки на квартике)
  F1 c3/c6@t0=31: rank[2,2] g=2 src=pari sat=1 tors=4 st=3020 hmax=900 pr=50 surv=2 ex=0 bad=0 hits=0 t=0s
  F1 c3/c8@t0=31: rank[2,2] g=2 src=pari sat=1 tors=4 st=3020 hmax=900 pr=50 surv=4 ex=0 bad=0 hits=0 t=0s
  F1 c6/c8: кривая не построена (нет точки на квартике)
  F2 c2/c3: кривая не построена (нет точки на квартике)
  F2 c2/c5: кривая не построена (нет точки на квартике)
  F2 c2/c6: нет рациональной точки для коники
  F2 c2/c8: кривая не построена (нет точки на квартике)
  F2 c3/c5@t0=31: rank[2,2] g=2 src=pari sat=1 tors=4 st=2676 hmax=899 pr=50 surv=4 ex=0 bad=0 hits=0 t=0s
  F2 c3/c6: кривая не построена (нет точки на квартике)
  F2 c3/c8@t0=31: rank[2,2] g=2 src=pari sat=1 tors=4 st=1796 hmax=895 pr=50 surv=4 ex=0 bad=0 hits=0 t=1s
  F2 c5/c6: кривая не построена (нет точки на квартике)
  F2 c5/c8@t0=31: rank[2,2] g=2 src=pari sat=1 tors=4 st=4132 hmax=897 pr=50 surv=4 ex=0 bad=0 hits=0 t=1s
  F2 c6/c8: кривая не построена (нет точки на квартике)
  F3 c1/c3: нет рациональной точки для коники
  F3 c1/c5: нет рациональной точки для коники
  F3 c1/c6: кривая не построена (нет точки на квартике)
  F3 c1/c7: нет рациональной точки для коники
  F3 c3/c5: нет рациональной точки для коники
  F3 c3/c6: кривая не построена (нет точки на квартике)
  F3 c3/c7: нет рациональной точки для коники
  F3 c5/c6: кривая не построена (нет точки на квартике)
  F3 c5/c7: нет рациональной точки для коники
  F3 c6/c7: кривая не построена (нет точки на квартике)
  F4 c2/c3: кривая не построена (нет точки на квартике)
  F4 c2/c5: кривая не построена (нет точки на квартике)
  F4 c2/c6: нет рациональной точки для коники
  F4 c2/c7: кривая не построена (нет точки на квартике)
  F4 c3/c5@t0=31: rank[2,2] g=2 src=pari sat=1 tors=4 st=1372 hmax=887 pr=50 surv=4 ex=0 bad=0 hits=0 t=1s
  F4 c3/c6: кривая не построена (нет точки на квартике)
  F4 c3/c7@t0=31: rank[2,2] g=2 src=pari sat=1 tors=4 st=1372 hmax=887 pr=50 surv=4 ex=0 bad=0 hits=0 t=1s
  F4 c5/c6@t0=31: rank[1,1] g=1 src=pari sat=1 tors=4 st=92 hmax=794 pr=50 surv=6 ex=0 bad=0 hits=0 t=0s
  F4 c5/c7@t0=31: rank[2,2] g=2 src=pari sat=1 tors=4 st=4348 hmax=900 pr=50 surv=4 ex=0 bad=0 hits=0 t=0s
  F4 c6/c7: кривая не построена (нет точки на квартике)
== (P,Q)=(36,35) C=2521/2 non
  F1 c0/c2: кривая не построена (нет точки на квартике)
  F1 c0/c3@t0=35: rank[3,3] g=3 src=pari sat=1 tors=4 st=9580 hmax=401 pr=50 surv=4 ex=0 bad=0 hits=0 t=1s
  F1 c0/c6: кривая не построена (нет точки на квартике)
  F1 c0/c8@t0=35: rank[2,2] g=2 src=pari sat=1 tors=4 st=2444 hmax=899 pr=50 surv=4 ex=0 bad=0 hits=0 t=0s
  F1 c3/c2@t0=35: rank[3,3] g=3 src=pari sat=1 tors=4 st=9580 hmax=401 pr=50 surv=2 ex=0 bad=0 hits=0 t=0s
  F1 c2/c6@t0=36: rank[1,1] g=1 src=pari sat=1 tors=4 st=116 hmax=801 pr=50 surv=4 ex=0 bad=0 hits=0 t=0s
  F1 c2/c8: кривая не построена (нет точки на квартике)
  F1 c3/c6@t0=35: rank[2,2] g=2 src=pari sat=1 tors=4 st=1132 hmax=898 pr=50 surv=2 ex=0 bad=0 hits=0 t=0s
  F1 c3/c8@t0=35: rank[2,2] g=2 src=pari sat=1 tors=4 st=1132 hmax=898 pr=50 surv=4 ex=0 bad=0 hits=0 t=0s
  F1 c6/c8: кривая не построена (нет точки на квартике)
  F2 c2/c3: кривая не построена (нет точки на квартике)
  F2 c2/c5: кривая не построена (нет точки на квартике)
  F2 c2/c6: нет рациональной точки для коники
  F2 c2/c8: кривая не построена (нет точки на квартике)
  F2 c3/c5@t0=35: rank[3,3] g=3 src=pari sat=1 tors=4 st=9580 hmax=401 pr=50 surv=4 ex=0 bad=0 hits=0 t=0s
  F2 c3/c6: кривая не построена (нет точки на квартике)
  F2 c3/c8@t0=35: rank[1,1] g=1 src=pari sat=1 tors=4 st=116 hmax=801 pr=50 surv=4 ex=0 bad=0 hits=0 t=0s
  F2 c5/c6: кривая не построена (нет точки на квартике)
  F2 c5/c8@t0=35: rank[2,2] g=2 src=pari sat=1 tors=4 st=2444 hmax=899 pr=50 surv=4 ex=0 bad=0 hits=0 t=0s
  F2 c6/c8: кривая не построена (нет точки на квартике)
  F3 c1/c3: нет рациональной точки для коники
  F3 c1/c5: нет рациональной точки для коники
  F3 c1/c6: кривая не построена (нет точки на квартике)
  F3 c1/c7: нет рациональной точки для коники
  F3 c3/c5: нет рациональной точки для коники
  F3 c3/c6: кривая не построена (нет точки на квартике)
  F3 c3/c7: нет рациональной точки для коники
  F3 c5/c6: кривая не построена (нет точки на квартике)
  F3 c5/c7: нет рациональной точки для коники
  F3 c6/c7: кривая не построена (нет точки на квартике)
  F4 c2/c3: кривая не построена (нет точки на квартике)
  F4 c2/c5: кривая не построена (нет точки на квартике)
  F4 c2/c6: нет рациональной точки для коники
  F4 c2/c7: кривая не построена (нет точки на квартике)
  F4 c3/c5@t0=35: rank[1,1] g=1 src=pari sat=1 tors=4 st=124 hmax=860 pr=50 surv=4 ex=0 bad=0 hits=0 t=0s
  F4 c3/c6: кривая не построена (нет точки на квартике)
  F4 c3/c7@t0=35: rank[1,1] g=1 src=pari sat=1 tors=4 st=124 hmax=860 pr=50 surv=4 ex=0 bad=0 hits=0 t=0s
  F4 c5/c6: кривая не построена (нет точки на квартике)
  F4 c5/c7@t0=35: rank[2,2] g=2 src=pari sat=1 tors=4 st=2004 hmax=899 pr=50 surv=4 ex=0 bad=0 hits=0 t=1s
  F4 c6/c7: кривая не построена (нет точки на квартике)
== (P,Q)=(37,1) C=685 non
  F1 c0/c2: кривая не построена (нет точки на квартике)
  F1 c0/c3@t0=1: rank[1,1] g=1 src=pari sat=1 tors=4 st=124 hmax=847 pr=50 surv=4 ex=0 bad=0 hits=0 t=0s
  F1 c0/c6: кривая не построена (нет точки на квартике)
  F1 c0/c8@t0=1: rank[2,2] g=2 src=pari sat=1 tors=4 st=5132 hmax=899 pr=50 surv=4 ex=0 bad=0 hits=0 t=0s
  F1 c3/c2@t0=1: rank[1,1] g=1 src=pari sat=1 tors=4 st=124 hmax=847 pr=50 surv=2 ex=0 bad=0 hits=0 t=0s
  F1 c2/c6@t0=37: rank[1,1] g=1 src=pari sat=1 tors=4 st=140 hmax=894 pr=50 surv=4 ex=0 bad=0 hits=0 t=0s
  F1 c2/c8: кривая не построена (нет точки на квартике)
  F1 c3/c6@t0=1: rank[2,2] g=2 src=pari sat=1 tors=4 st=2956 hmax=891 pr=50 surv=2 ex=0 bad=0 hits=0 t=0s
  F1 c3/c8@t0=1: rank[2,2] g=2 src=pari sat=1 tors=4 st=2956 hmax=891 pr=50 surv=4 ex=0 bad=0 hits=0 t=0s
  F1 c6/c8: кривая не построена (нет точки на квартике)
  F2 c2/c3: кривая не построена (нет точки на квартике)
  F2 c2/c5: кривая не построена (нет точки на квартике)
  F2 c2/c6: нет рациональной точки для коники
  F2 c2/c8: кривая не построена (нет точки на квартике)
  F2 c3/c5@t0=1: rank[1,1] g=1 src=pari sat=1 tors=4 st=124 hmax=847 pr=50 surv=4 ex=0 bad=0 hits=0 t=0s
  F2 c3/c6: кривая не построена (нет точки на квартике)
  F2 c3/c8@t0=1: rank[1,1] g=1 src=pari sat=1 tors=4 st=140 hmax=894 pr=50 surv=4 ex=0 bad=0 hits=0 t=0s
  F2 c5/c6: кривая не построена (нет точки на квартике)
  F2 c5/c8@t0=1: rank[2,2] g=2 src=pari sat=1 tors=4 st=5132 hmax=899 pr=50 surv=4 ex=0 bad=0 hits=0 t=0s
  F2 c6/c8: кривая не построена (нет точки на квартике)
  F3 c1/c3: нет рациональной точки для коники
  F3 c1/c5: нет рациональной точки для коники
  F3 c1/c6: кривая не построена (нет точки на квартике)
  F3 c1/c7: нет рациональной точки для коники
  F3 c3/c5: нет рациональной точки для коники
  F3 c3/c6: кривая не построена (нет точки на квартике)
  F3 c3/c7: нет рациональной точки для коники
  F3 c5/c6: кривая не построена (нет точки на квартике)
  F3 c5/c7: нет рациональной точки для коники
  F3 c6/c7: кривая не построена (нет точки на квартике)
  F4 c2/c3: кривая не построена (нет точки на квартике)
  F4 c2/c5: кривая не построена (нет точки на квартике)
  F4 c2/c6: нет рациональной точки для коники
  F4 c2/c7: кривая не построена (нет точки на квартике)
  F4 c3/c5@t0=1: rank[2,2] g=2 src=pari sat=1 tors=4 st=2036 hmax=891 pr=50 surv=4 ex=0 bad=0 hits=0 t=0s
  F4 c3/c6: кривая не построена (нет точки на квартике)
  F4 c3/c7@t0=1: rank[2,2] g=2 src=pari sat=1 tors=4 st=2036 hmax=891 pr=50 surv=4 ex=0 bad=0 hits=0 t=0s
  F4 c5/c6: кривая не построена (нет точки на квартике)
  F4 c5/c7@t0=1: rank[3,3] g=3 src=pari sat=1 tors=4 st=9604 hmax=171 pr=50 surv=4 ex=0 bad=0 hits=0 t=0s
  F4 c6/c7: кривая не построена (нет точки на квартике)
== (P,Q)=(37,2) C=1373/2 non
  F1 c0/c2: кривая не построена (нет точки на квартике)
  F1 c0/c3@t0=2: rank[2,2] g=2 src=pari sat=1 tors=4 st=2292 hmax=900 pr=50 surv=4 ex=0 bad=0 hits=0 t=0s
  F1 c0/c6: кривая не построена (нет точки на квартике)
  F1 c0/c8@t0=2: rank[2,2] g=2 src=pari sat=1 tors=4 st=2980 hmax=900 pr=50 surv=4 ex=0 bad=0 hits=0 t=0s
  F1 c3/c2@t0=2: rank[2,2] g=2 src=pari sat=1 tors=4 st=2292 hmax=900 pr=50 surv=2 ex=0 bad=0 hits=0 t=0s
  F1 c2/c6@t0=37: rank[2,2] g=2 src=pari sat=1 tors=4 st=1220 hmax=892 pr=50 surv=4 ex=0 bad=0 hits=0 t=0s
  F1 c2/c8: кривая не построена (нет точки на квартике)
  F1 c3/c6@t0=2: rank[2,2] g=2 src=pari sat=1 tors=4 st=1732 hmax=895 pr=50 surv=2 ex=0 bad=0 hits=0 t=0s
  F1 c3/c8@t0=2: rank[2,2] g=2 src=pari sat=1 tors=4 st=1732 hmax=895 pr=50 surv=4 ex=0 bad=0 hits=0 t=1s
  F1 c6/c8: кривая не построена (нет точки на квартике)
  F2 c2/c3: кривая не построена (нет точки на квартике)
  F2 c2/c5: кривая не построена (нет точки на квартике)
  F2 c2/c6: нет рациональной точки для коники
  F2 c2/c8: кривая не построена (нет точки на квартике)
  F2 c3/c5@t0=2: rank[2,2] g=2 src=pari sat=1 tors=4 st=2292 hmax=900 pr=50 surv=4 ex=0 bad=0 hits=0 t=0s
  F2 c3/c6: кривая не построена (нет точки на квартике)
  F2 c3/c8@t0=2: rank[2,2] g=2 src=pari sat=1 tors=4 st=1220 hmax=892 pr=50 surv=4 ex=0 bad=0 hits=0 t=0s
  F2 c5/c6: кривая не построена (нет точки на квартике)
  F2 c5/c8@t0=2: rank[2,2] g=2 src=pari sat=1 tors=4 st=2980 hmax=900 pr=50 surv=4 ex=0 bad=0 hits=0 t=0s
  F2 c6/c8: кривая не построена (нет точки на квартике)
  F3 c1/c3: нет рациональной точки для коники
  F3 c1/c5: нет рациональной точки для коники
  F3 c1/c6: кривая не построена (нет точки на квартике)
  F3 c1/c7: нет рациональной точки для коники
  F3 c3/c5: нет рациональной точки для коники
  F3 c3/c6: кривая не построена (нет точки на квартике)
  F3 c3/c7: нет рациональной точки для коники
  F3 c5/c6: кривая не построена (нет точки на квартике)
  F3 c5/c7: нет рациональной точки для коники
  F3 c6/c7: кривая не построена (нет точки на квартике)
  F4 c2/c3: кривая не построена (нет точки на квартике)
  F4 c2/c5: кривая не построена (нет точки на квартике)
  F4 c2/c6: нет рациональной точки для коники
  F4 c2/c7: кривая не построена (нет точки на квартике)
  F4 c3/c5@t0=2: rank[2,2] g=2 src=pari sat=1 tors=4 st=3092 hmax=895 pr=50 surv=4 ex=0 bad=0 hits=0 t=0s
  F4 c3/c6: кривая не построена (нет точки на квартике)
  F4 c3/c7@t0=2: rank[2,2] g=2 src=pari sat=1 tors=4 st=3092 hmax=895 pr=50 surv=4 ex=0 bad=0 hits=0 t=0s
  F4 c5/c6@t0=2: rank[2,2] g=2 src=pari sat=1 tors=4 st=4980 hmax=899 pr=50 surv=6 ex=0 bad=0 hits=0 t=0s
  F4 c5/c7@t0=2: rank[3,3] g=3 src=pari sat=1 tors=4 st=9604 hmax=256 pr=50 surv=4 ex=0 bad=0 hits=0 t=0s
  F4 c6/c7: кривая не построена (нет точки на квартике)
== (P,Q)=(37,3) C=689 non
  F1 c0/c2: кривая не построена (нет точки на квартике)
  F1 c0/c3@t0=3: rank[2,2] g=2 src=pari sat=1 tors=4 st=3548 hmax=899 pr=50 surv=4 ex=0 bad=0 hits=0 t=0s
  F1 c0/c6: кривая не построена (нет точки на квартике)
  F1 c0/c8@t0=3: rank[1,1] g=1 src=pari sat=1 tors=4 st=132 hmax=838 pr=50 surv=4 ex=0 bad=0 hits=0 t=0s
  F1 c3/c2@t0=3: rank[2,2] g=2 src=pari sat=1 tors=4 st=3548 hmax=899 pr=50 surv=2 ex=0 bad=0 hits=0 t=0s
  F1 c2/c6@t0=37: rank[1,1] g=1 src=pari sat=1 tors=4 st=140 hmax=895 pr=50 surv=4 ex=0 bad=0 hits=0 t=0s
  F1 c8/c2@t0=3: rank[1,1] g=1 src=pari sat=1 tors=4 st=76 hmax=889 pr=50 surv=2 ex=0 bad=0 hits=0 t=0s
  F1 c3/c6@t0=3: rank[2,2] g=2 src=pari sat=1 tors=4 st=1796 hmax=897 pr=50 surv=2 ex=0 bad=0 hits=0 t=0s
  F1 c3/c8@t0=3: rank[2,2] g=2 src=pari sat=1 tors=4 st=1796 hmax=897 pr=50 surv=4 ex=0 bad=0 hits=0 t=0s
  F1 c6/c8: кривая не построена (нет точки на квартике)
  F2 c2/c3: кривая не построена (нет точки на квартике)
  F2 c2/c5: кривая не построена (нет точки на квартике)
  F2 c2/c6: нет рациональной точки для коники
  F2 c2/c8: кривая не построена (нет точки на квартике)
  F2 c3/c5@t0=3: rank[2,2] g=2 src=pari sat=1 tors=4 st=3548 hmax=899 pr=50 surv=4 ex=0 bad=0 hits=0 t=0s
  F2 c3/c6@t0=3: rank[1,1] g=1 src=pari sat=1 tors=4 st=76 hmax=889 pr=50 surv=2 ex=0 bad=0 hits=0 t=0s
  F2 c3/c8@t0=3: rank[1,1] g=1 src=pari sat=1 tors=4 st=140 hmax=895 pr=50 surv=4 ex=0 bad=0 hits=0 t=0s
  F2 c5/c6: кривая не построена (нет точки на квартике)
  F2 c5/c8@t0=3: rank[1,1] g=1 src=pari sat=1 tors=4 st=132 hmax=838 pr=50 surv=4 ex=0 bad=0 hits=0 t=0s
  F2 c6/c8: кривая не построена (нет точки на квартике)
  F3 c1/c3: нет рациональной точки для коники
  F3 c1/c5: нет рациональной точки для коники
  F3 c1/c6: кривая не построена (нет точки на квартике)
  F3 c1/c7: нет рациональной точки для коники
  F3 c3/c5: нет рациональной точки для коники
  F3 c3/c6: кривая не построена (нет точки на квартике)
  F3 c3/c7: нет рациональной точки для коники
  F3 c5/c6: кривая не построена (нет точки на квартике)
  F3 c5/c7: нет рациональной точки для коники
  F3 c6/c7: кривая не построена (нет точки на квартике)
  F4 c2/c3: кривая не построена (нет точки на квартике)
  F4 c2/c5: кривая не построена (нет точки на квартике)
  F4 c2/c6: нет рациональной точки для коники
  F4 c2/c7: кривая не построена (нет точки на квартике)
  F4 c3/c5@t0=3: rank[2,2] g=2 src=pari sat=1 tors=4 st=3020 hmax=896 pr=50 surv=4 ex=0 bad=0 hits=0 t=0s
  F4 c3/c6: кривая не построена (нет точки на квартике)
  F4 c3/c7@t0=3: rank[2,2] g=2 src=pari sat=1 tors=4 st=3020 hmax=896 pr=50 surv=4 ex=0 bad=0 hits=0 t=0s
  F4 c5/c6: кривая не построена (нет точки на квартике)
  F4 c5/c7@t0=3: rank[1,1] g=1 src=pari sat=1 tors=4 st=124 hmax=813 pr=50 surv=4 ex=0 bad=0 hits=0 t=0s
  F4 c6/c7: кривая не построена (нет точки на квартике)
== (P,Q)=(37,4) C=1385/2 non
  F1 c0/c2: кривая не построена (нет точки на квартике)
  F1 c0/c3@t0=4: rank[1,1] g=1 src=pari sat=1 tors=4 st=124 hmax=861 pr=50 surv=4 ex=0 bad=0 hits=0 t=0s
  F1 c0/c6: кривая не построена (нет точки на квартике)
  F1 c0/c8@t0=4: rank[2,2] g=2 src=pari sat=1 tors=4 st=2516 hmax=900 pr=50 surv=4 ex=0 bad=0 hits=0 t=0s
  F1 c3/c2@t0=4: rank[1,1] g=1 src=pari sat=1 tors=4 st=124 hmax=861 pr=50 surv=2 ex=0 bad=0 hits=0 t=0s
  F1 c2/c6@t0=37: rank[2,2] g=2 src=pari sat=1 tors=4 st=1284 hmax=900 pr=50 surv=4 ex=0 bad=0 hits=0 t=1s
  F1 c2/c8: кривая не построена (нет точки на квартике)
  F1 c3/c6@t0=4: rank[1,1] g=1 src=pari sat=1 tors=4 st=124 hmax=814 pr=50 surv=2 ex=0 bad=0 hits=0 t=0s
  F1 c3/c8@t0=4: rank[1,1] g=1 src=pari sat=1 tors=4 st=124 hmax=814 pr=50 surv=4 ex=0 bad=0 hits=0 t=1s
  F1 c6/c8: кривая не построена (нет точки на квартике)
  F2 c2/c3: кривая не построена (нет точки на квартике)
  F2 c2/c5: кривая не построена (нет точки на квартике)
  F2 c2/c6: нет рациональной точки для коники
  F2 c2/c8: кривая не построена (нет точки на квартике)
  F2 c3/c5@t0=4: rank[1,1] g=1 src=pari sat=1 tors=4 st=124 hmax=861 pr=50 surv=4 ex=0 bad=0 hits=0 t=1s
  F2 c3/c6: кривая не построена (нет точки на квартике)
  F2 c3/c8@t0=4: rank[2,2] g=2 src=pari sat=1 tors=4 st=1284 hmax=900 pr=50 surv=4 ex=0 bad=0 hits=0 t=1s
  F2 c5/c6: кривая не построена (нет точки на квартике)
  F2 c5/c8@t0=4: rank[2,2] g=2 src=pari sat=1 tors=4 st=2516 hmax=900 pr=50 surv=4 ex=0 bad=0 hits=0 t=1s
  F2 c6/c8: кривая не построена (нет точки на квартике)
  F3 c1/c3: нет рациональной точки для коники
  F3 c1/c5: нет рациональной точки для коники
  F3 c1/c6: кривая не построена (нет точки на квартике)
  F3 c1/c7: нет рациональной точки для коники
  F3 c3/c5: нет рациональной точки для коники
  F3 c3/c6: кривая не построена (нет точки на квартике)
  F3 c3/c7: нет рациональной точки для коники
  F3 c5/c6: кривая не построена (нет точки на квартике)
  F3 c5/c7: нет рациональной точки для коники
  F3 c6/c7: кривая не построена (нет точки на квартике)
  F4 c2/c3: кривая не построена (нет точки на квартике)
  F4 c2/c5: кривая не построена (нет точки на квартике)
  F4 c2/c6: нет рациональной точки для коники
  F4 c2/c7: кривая не построена (нет точки на квартике)
  F4 c3/c5@t0=4: rank[3,3] g=3 src=pari sat=1 tors=4 st=9604 hmax=217 pr=50 surv=4 ex=0 bad=0 hits=0 t=1s
  F4 c3/c6: кривая не построена (нет точки на квартике)
  F4 c3/c7@t0=4: rank[3,3] g=3 src=pari sat=1 tors=4 st=9604 hmax=217 pr=50 surv=4 ex=0 bad=0 hits=0 t=0s
  F4 c5/c6@t0=4: rank[2,2] g=2 src=pari sat=1 tors=4 st=3172 hmax=900 pr=50 surv=6 ex=0 bad=0 hits=0 t=0s
  F4 c5/c7@t0=4: rank[2,2] g=2 src=pari sat=1 tors=4 st=2612 hmax=891 pr=50 surv=4 ex=0 bad=0 hits=0 t=0s
  F4 c6/c7: кривая не построена (нет точки на квартике)
== (P,Q)=(37,5) C=697 non
  F1 c0/c2: кривая не построена (нет точки на квартике)
  F1 c0/c3@t0=5: rank[3,3] g=3 src=pari sat=1 tors=4 st=9604 hmax=175 pr=50 surv=4 ex=0 bad=0 hits=0 t=0s
  F1 c0/c6: кривая не построена (нет точки на квартике)
  F1 c0/c8@t0=5: rank[2,2] g=2 src=pari sat=1 tors=4 st=4132 hmax=898 pr=50 surv=4 ex=0 bad=0 hits=0 t=0s
  F1 c3/c2@t0=5: rank[3,3] g=3 src=pari sat=1 tors=4 st=9604 hmax=175 pr=50 surv=2 ex=0 bad=0 hits=0 t=0s
  F1 c2/c6@t0=37: rank[2,2] g=2 src=pari sat=1 tors=4 st=3804 hmax=898 pr=50 surv=4 ex=0 bad=0 hits=0 t=0s
  F1 c8/c2@t0=5: rank[2,2] g=2 src=pari sat=1 tors=4 st=2676 hmax=896 pr=50 surv=2 ex=0 bad=0 hits=0 t=0s
  F1 c3/c6@t0=5: rank[3,3] g=3 src=pari sat=1 tors=4 st=9604 hmax=338 pr=50 surv=2 ex=0 bad=0 hits=0 t=0s
  F1 c3/c8@t0=5: rank[3,3] g=3 src=pari sat=1 tors=4 st=9604 hmax=338 pr=50 surv=4 ex=0 bad=0 hits=0 t=0s
  F1 c6/c8: кривая не построена (нет точки на квартике)
  F2 c2/c3: кривая не построена (нет точки на квартике)
  F2 c2/c5: кривая не построена (нет точки на квартике)
  F2 c2/c6@t0=19: rank[2,2] g=2 src=pari sat=1 tors=4 st=2636 hmax=898 pr=50 surv=2 ex=0 bad=0 hits=0 t=0s
  F2 c8/c2@t0=5: rank[2,2] g=2 src=pari sat=1 tors=4 st=2636 hmax=898 pr=50 surv=2 ex=0 bad=0 hits=0 t=0s
  F2 c3/c5@t0=5: rank[3,3] g=3 src=pari sat=1 tors=4 st=9604 hmax=175 pr=50 surv=4 ex=0 bad=0 hits=0 t=0s
  F2 c3/c6@t0=5: rank[2,2] g=2 src=pari sat=1 tors=4 st=2676 hmax=896 pr=50 surv=2 ex=0 bad=0 hits=0 t=0s
  F2 c3/c8@t0=5: rank[2,2] g=2 src=pari sat=1 tors=4 st=3804 hmax=898 pr=50 surv=4 ex=0 bad=0 hits=0 t=0s
  F2 c5/c6: кривая не построена (нет точки на квартике)
  F2 c5/c8@t0=5: rank[2,2] g=2 src=pari sat=1 tors=4 st=4132 hmax=898 pr=50 surv=4 ex=0 bad=0 hits=0 t=0s
  F2 c8/c6@t0=5: rank[3,3] g=3 src=pari sat=1 tors=4 st=9604 hmax=276 pr=50 surv=2 ex=0 bad=0 hits=0 t=0s
  F3 c1/c3: кривая не построена (нет точки на квартике)
  F3 c1/c5: кривая не построена (нет точки на квартике)
  F3 c6/c1@t0=5: rank[2,2] g=2 src=pari sat=1 tors=4 st=2636 hmax=898 pr=50 surv=2 ex=0 bad=0 hits=0 t=0s
  F3 c1/c7@t0=19: rank[2,2] g=2 src=pari sat=1 tors=4 st=2636 hmax=898 pr=50 surv=2 ex=0 bad=0 hits=0 t=0s
  F3 c3/c5: нет рациональной точки для коники
  F3 c6/c3@t0=5: rank[2,2] g=2 src=pari sat=1 tors=4 st=2636 hmax=898 pr=50 surv=2 ex=0 bad=0 hits=0 t=0s
  F3 c3/c7: нет рациональной точки для коники
  F3 c6/c5@t0=5: rank[3,3] g=3 src=pari sat=1 tors=4 st=9604 hmax=276 pr=50 surv=2 ex=0 bad=0 hits=0 t=0s
  F3 c5/c7: нет рациональной точки для коники
  F3 c6/c7@t0=5: rank[3,3] g=3 src=pari sat=1 tors=4 st=9604 hmax=276 pr=50 surv=2 ex=0 bad=0 hits=0 t=0s
  F4 c2/c3: кривая не построена (нет точки на квартике)
  F4 c2/c5: кривая не построена (нет точки на квартике)
  F4 c2/c6@t0=19: rank[2,2] g=2 src=pari sat=1 tors=4 st=2636 hmax=898 pr=50 surv=2 ex=0 bad=0 hits=0 t=0s
  F4 c7/c2@t0=5: rank[2,2] g=2 src=pari sat=1 tors=4 st=2636 hmax=898 pr=50 surv=2 ex=0 bad=0 hits=0 t=0s
  F4 c3/c5@t0=5: rank[1,1] g=1 src=pari sat=1 tors=4 st=124 hmax=890 pr=50 surv=4 ex=0 bad=0 hits=0 t=0s
  F4 c3/c6: кривая не построена (нет точки на квартике)
  F4 c3/c7@t0=5: rank[1,1] g=1 src=pari sat=1 tors=4 st=124 hmax=890 pr=50 surv=4 ex=0 bad=0 hits=0 t=0s
  F4 c5/c6: кривая не построена (нет точки на квартике)
  F4 c5/c7@t0=5: rank[1,1] g=1 src=pari sat=1 tors=4 st=124 hmax=814 pr=50 surv=4 ex=0 bad=0 hits=0 t=0s
  F4 c7/c6@t0=5: rank[3,3] g=3 src=pari sat=1 tors=4 st=9604 hmax=276 pr=50 surv=2 ex=0 bad=0 hits=0 t=0s
== (P,Q)=(37,6) C=1405/2 non
  F1 c0/c2: кривая не построена (нет точки на квартике)
  F1 c0/c3@t0=6: rank[2,2] g=2 src=pari sat=1 tors=4 st=3164 hmax=899 pr=50 surv=4 ex=0 bad=0 hits=0 t=0s
  F1 c0/c6: кривая не построена (нет точки на квартике)
  F1 c0/c8@t0=6: rank[1,1] g=1 src=pari sat=1 tors=4 st=124 hmax=862 pr=50 surv=4 ex=0 bad=0 hits=0 t=0s
  F1 c3/c2@t0=6: rank[2,2] g=2 src=pari sat=1 tors=4 st=3164 hmax=899 pr=50 surv=2 ex=0 bad=0 hits=0 t=0s
  F1 c2/c6@t0=37: rank[2,2] g=2 src=pari sat=1 tors=4 st=1140 hmax=882 pr=50 surv=4 ex=0 bad=0 hits=0 t=0s
  F1 c2/c8: кривая не построена (нет точки на квартике)
  F1 c3/c6@t0=6: rank[1,1] g=1 src=pari sat=1 tors=4 st=124 hmax=815 pr=50 surv=2 ex=0 bad=0 hits=0 t=0s
  F1 c3/c8@t0=6: rank[1,1] g=1 src=pari sat=1 tors=4 st=124 hmax=815 pr=50 surv=4 ex=0 bad=0 hits=0 t=0s
  F1 c6/c8: кривая не построена (нет точки на квартике)
  F2 c2/c3: кривая не построена (нет точки на квартике)
  F2 c2/c5: кривая не построена (нет точки на квартике)
  F2 c2/c6: нет рациональной точки для коники
  F2 c2/c8: кривая не построена (нет точки на квартике)
  F2 c3/c5@t0=6: rank[2,2] g=2 src=pari sat=1 tors=4 st=3164 hmax=899 pr=50 surv=4 ex=0 bad=0 hits=0 t=0s
  F2 c3/c6: кривая не построена (нет точки на квартике)
  F2 c3/c8@t0=6: rank[2,2] g=2 src=pari sat=1 tors=4 st=1140 hmax=882 pr=50 surv=4 ex=0 bad=0 hits=0 t=0s
  F2 c5/c6: кривая не построена (нет точки на квартике)
  F2 c5/c8@t0=6: rank[1,1] g=1 src=pari sat=1 tors=4 st=124 hmax=862 pr=50 surv=4 ex=0 bad=0 hits=0 t=1s
  F2 c6/c8: кривая не построена (нет точки на квартике)
  F3 c1/c3: нет рациональной точки для коники
  F3 c1/c5: нет рациональной точки для коники
  F3 c1/c6: кривая не построена (нет точки на квартике)
  F3 c1/c7: нет рациональной точки для коники
  F3 c3/c5: нет рациональной точки для коники
  F3 c3/c6: кривая не построена (нет точки на квартике)
  F3 c3/c7: нет рациональной точки для коники
  F3 c5/c6: кривая не построена (нет точки на квартике)
  F3 c5/c7: нет рациональной точки для коники
  F3 c6/c7: кривая не построена (нет точки на квартике)
  F4 c2/c3: кривая не построена (нет точки на квартике)
  F4 c2/c5: кривая не построена (нет точки на квартике)
  F4 c2/c6: нет рациональной точки для коники
  F4 c2/c7: кривая не построена (нет точки на квартике)
  F4 c3/c5@t0=6: rank[3,3] g=3 src=pari sat=1 tors=4 st=9540 hmax=234 pr=50 surv=4 ex=0 bad=0 hits=0 t=1s
  F4 c3/c6: кривая не построена (нет точки на квартике)
  F4 c3/c7@t0=6: rank[3,3] g=3 src=pari sat=1 tors=4 st=9540 hmax=234 pr=50 surv=4 ex=0 bad=0 hits=0 t=0s
  F4 c5/c6: кривая не построена (нет точки на квартике)
  F4 c5/c7@t0=6: rank[2,2] g=2 src=pari sat=1 tors=4 st=1796 hmax=899 pr=50 surv=4 ex=0 bad=0 hits=0 t=0s
  F4 c6/c7: кривая не построена (нет точки на квартике)
== (P,Q)=(37,7) C=709 non
  F1 c0/c2: кривая не построена (нет точки на квартике)
  F1 c0/c3@t0=7: rank[2,2] g=2 src=pari sat=1 tors=4 st=2716 hmax=896 pr=50 surv=4 ex=0 bad=0 hits=0 t=0s
  F1 c0/c6: кривая не построена (нет точки на квартике)
  F1 c0/c8@t0=7: rank[1,1] g=1 src=pari sat=1 tors=4 st=132 hmax=850 pr=50 surv=4 ex=0 bad=0 hits=0 t=0s
  F1 c3/c2@t0=7: rank[2,2] g=2 src=pari sat=1 tors=4 st=2716 hmax=896 pr=50 surv=2 ex=0 bad=0 hits=0 t=0s
  F1 c2/c6@t0=37: rank[1,1] g=1 src=pari sat=1 tors=4 st=132 hmax=800 pr=50 surv=4 ex=0 bad=0 hits=0 t=0s
  F1 c2/c8: кривая не построена (нет точки на квартике)
  F1 c3/c6@t0=7: rank[2,2] g=2 src=pari sat=1 tors=4 st=2364 hmax=898 pr=50 surv=2 ex=0 bad=0 hits=0 t=0s
  F1 c3/c8@t0=7: rank[2,2] g=2 src=pari sat=1 tors=4 st=2364 hmax=898 pr=50 surv=4 ex=0 bad=0 hits=0 t=0s
  F1 c6/c8: кривая не построена (нет точки на квартике)
  F2 c2/c3: кривая не построена (нет точки на квартике)
  F2 c2/c5: кривая не построена (нет точки на квартике)
  F2 c2/c6: нет рациональной точки для коники
  F2 c2/c8: кривая не построена (нет точки на квартике)
  F2 c3/c5@t0=7: rank[2,2] g=2 src=pari sat=1 tors=4 st=2716 hmax=896 pr=50 surv=4 ex=0 bad=0 hits=0 t=0s
  F2 c3/c6: кривая не построена (нет точки на квартике)
  F2 c3/c8@t0=7: rank[1,1] g=1 src=pari sat=1 tors=4 st=132 hmax=800 pr=50 surv=4 ex=0 bad=0 hits=0 t=1s
  F2 c5/c6: кривая не построена (нет точки на квартике)
  F2 c5/c8@t0=7: rank[1,1] g=1 src=pari sat=1 tors=4 st=132 hmax=850 pr=50 surv=4 ex=0 bad=0 hits=0 t=0s
  F2 c6/c8: кривая не построена (нет точки на квартике)
  F3 c1/c3: нет рациональной точки для коники
  F3 c1/c5: нет рациональной точки для коники
  F3 c1/c6: кривая не построена (нет точки на квартике)
  F3 c1/c7: нет рациональной точки для коники
  F3 c3/c5: нет рациональной точки для коники
  F3 c3/c6: кривая не построена (нет точки на квартике)
  F3 c3/c7: нет рациональной точки для коники
  F3 c5/c6: кривая не построена (нет точки на квартике)
  F3 c5/c7: нет рациональной точки для коники
  F3 c6/c7: кривая не построена (нет точки на квартике)
  F4 c2/c3: кривая не построена (нет точки на квартике)
  F4 c2/c5: кривая не построена (нет точки на квартике)
  F4 c2/c6: нет рациональной точки для коники
  F4 c2/c7: кривая не построена (нет точки на квартике)
  F4 c3/c5@t0=7: rank[1,1] g=1 src=pari sat=1 tors=4 st=124 hmax=890 pr=50 surv=4 ex=0 bad=0 hits=0 t=0s
  F4 c3/c6: кривая не построена (нет точки на квартике)
  F4 c3/c7@t0=7: rank[1,1] g=1 src=pari sat=1 tors=4 st=124 hmax=890 pr=50 surv=4 ex=0 bad=0 hits=0 t=0s
  F4 c5/c6@t0=7: rank[1,1] g=1 src=pari sat=1 tors=4 st=140 hmax=875 pr=50 surv=6 ex=0 bad=0 hits=0 t=0s
  F4 c5/c7@t0=7: rank[2,2] g=2 src=pari sat=1 tors=4 st=2572 hmax=898 pr=50 surv=4 ex=0 bad=0 hits=0 t=0s
  F4 c6/c7: кривая не построена (нет точки на квартике)
== (P,Q)=(37,8) C=1433/2 non
  F1 c0/c2: кривая не построена (нет точки на квартике)
  F1 c0/c3@t0=8: rank[2,2] g=2 src=pari sat=1 tors=4 st=1292 hmax=895 pr=50 surv=4 ex=0 bad=0 hits=0 t=0s
  F1 c0/c6: кривая не построена (нет точки на квартике)
  F1 c0/c8@t0=8: rank[2,2] g=2 src=pari sat=1 tors=4 st=2428 hmax=896 pr=50 surv=4 ex=0 bad=0 hits=0 t=0s
  F1 c3/c2@t0=8: rank[2,2] g=2 src=pari sat=1 tors=4 st=1292 hmax=895 pr=50 surv=2 ex=0 bad=0 hits=0 t=0s
  F1 c2/c6@t0=37: rank[1,1] g=1 src=pari sat=1 tors=4 st=124 hmax=822 pr=50 surv=4 ex=0 bad=0 hits=0 t=0s
  F1 c2/c8: кривая не построена (нет точки на квартике)
  F1 c3/c6@t0=8: rank[1,1] g=1 src=pari sat=1 tors=4 st=124 hmax=817 pr=50 surv=2 ex=0 bad=0 hits=0 t=0s
  F1 c3/c8@t0=8: rank[1,1] g=1 src=pari sat=1 tors=4 st=124 hmax=817 pr=50 surv=4 ex=0 bad=0 hits=0 t=0s
  F1 c6/c8: кривая не построена (нет точки на квартике)
  F2 c2/c3: кривая не построена (нет точки на квартике)
  F2 c2/c5: кривая не построена (нет точки на квартике)
  F2 c2/c6: нет рациональной точки для коники
  F2 c2/c8: кривая не построена (нет точки на квартике)
  F2 c3/c5@t0=8: rank[2,2] g=2 src=pari sat=1 tors=4 st=1292 hmax=895 pr=50 surv=4 ex=0 bad=0 hits=0 t=0s
  F2 c3/c6: кривая не построена (нет точки на квартике)
  F2 c3/c8@t0=8: rank[1,1] g=1 src=pari sat=1 tors=4 st=124 hmax=822 pr=50 surv=4 ex=0 bad=0 hits=0 t=0s
  F2 c5/c6: кривая не построена (нет точки на квартике)
  F2 c5/c8@t0=8: rank[2,2] g=2 src=pari sat=1 tors=4 st=2428 hmax=896 pr=50 surv=4 ex=0 bad=0 hits=0 t=0s
  F2 c6/c8: кривая не построена (нет точки на квартике)
  F3 c1/c3: нет рациональной точки для коники
  F3 c1/c5: нет рациональной точки для коники
  F3 c1/c6: кривая не построена (нет точки на квартике)
  F3 c1/c7: нет рациональной точки для коники
  F3 c3/c5: нет рациональной точки для коники
  F3 c3/c6: кривая не построена (нет точки на квартике)
  F3 c3/c7: нет рациональной точки для коники
  F3 c5/c6: кривая не построена (нет точки на квартике)
  F3 c5/c7: нет рациональной точки для коники
  F3 c6/c7: кривая не построена (нет точки на квартике)
  F4 c2/c3: кривая не построена (нет точки на квартике)
  F4 c2/c5: кривая не построена (нет точки на квартике)
  F4 c2/c6: нет рациональной точки для коники
  F4 c2/c7: кривая не построена (нет точки на квартике)
  F4 c3/c5@t0=8: rank[1,1] g=1 src=pari sat=1 tors=4 st=124 hmax=812 pr=50 surv=4 ex=0 bad=0 hits=0 t=0s
  F4 c3/c6: кривая не построена (нет точки на квартике)
  F4 c3/c7@t0=8: rank[1,1] g=1 src=pari sat=1 tors=4 st=124 hmax=812 pr=50 surv=4 ex=0 bad=0 hits=0 t=0s
  F4 c5/c6: кривая не построена (нет точки на квартике)
  F4 c5/c7@t0=8: rank[2,2] g=2 src=pari sat=1 tors=4 st=2596 hmax=899 pr=50 surv=4 ex=0 bad=0 hits=0 t=0s
  F4 c6/c7: кривая не построена (нет точки на квартике)
== (P,Q)=(37,9) C=725 non
  F1 c0/c2: кривая не построена (нет точки на квартике)
  F1 c0/c3@t0=9: rank[1,1] g=1 src=pari sat=1 tors=4 st=124 hmax=877 pr=50 surv=4 ex=0 bad=0 hits=0 t=0s
  F1 c0/c6: кривая не построена (нет точки на квартике)
  F1 c0/c8@t0=9: rank[2,2] g=2 src=pari sat=1 tors=4 st=3004 hmax=899 pr=50 surv=4 ex=0 bad=0 hits=0 t=0s
  F1 c3/c2@t0=9: rank[1,1] g=1 src=pari sat=1 tors=4 st=124 hmax=877 pr=50 surv=2 ex=0 bad=0 hits=0 t=0s
  F1 c2/c6@t0=37: rank[2,2] g=2 src=pari sat=1 tors=4 st=2820 hmax=900 pr=50 surv=4 ex=0 bad=0 hits=0 t=0s
  F1 c2/c8: кривая не построена (нет точки на квартике)
  F1 c3/c6@t0=9: rank[1,1] g=1 src=pari sat=1 tors=4 st=124 hmax=897 pr=50 surv=2 ex=0 bad=0 hits=0 t=0s
  F1 c3/c8@t0=9: rank[1,1] g=1 src=pari sat=1 tors=4 st=124 hmax=897 pr=50 surv=4 ex=0 bad=0 hits=0 t=0s
  F1 c6/c8: кривая не построена (нет точки на квартике)
  F2 c2/c3: кривая не построена (нет точки на квартике)
  F2 c2/c5: кривая не построена (нет точки на квартике)
  F2 c2/c6: нет рациональной точки для коники
  F2 c2/c8: кривая не построена (нет точки на квартике)
  F2 c3/c5@t0=9: rank[1,1] g=1 src=pari sat=1 tors=4 st=124 hmax=877 pr=50 surv=4 ex=0 bad=0 hits=0 t=0s
  F2 c3/c6: кривая не построена (нет точки на квартике)
  F2 c3/c8@t0=9: rank[2,2] g=2 src=pari sat=1 tors=4 st=2820 hmax=900 pr=50 surv=4 ex=0 bad=0 hits=0 t=0s
  F2 c5/c6: кривая не построена (нет точки на квартике)
  F2 c5/c8@t0=9: rank[2,2] g=2 src=pari sat=1 tors=4 st=3004 hmax=899 pr=50 surv=4 ex=0 bad=0 hits=0 t=0s
  F2 c6/c8: кривая не построена (нет точки на квартике)
  F3 c1/c3: нет рациональной точки для коники
  F3 c1/c5: нет рациональной точки для коники
  F3 c1/c6: кривая не построена (нет точки на квартике)
  F3 c1/c7: нет рациональной точки для коники
  F3 c3/c5: нет рациональной точки для коники
  F3 c3/c6: кривая не построена (нет точки на квартике)
  F3 c3/c7: нет рациональной точки для коники
  F3 c5/c6: кривая не построена (нет точки на квартике)
  F3 c5/c7: нет рациональной точки для коники
  F3 c6/c7: кривая не построена (нет точки на квартике)
  F4 c2/c3: кривая не построена (нет точки на квартике)
  F4 c2/c5: кривая не построена (нет точки на квартике)
  F4 c2/c6: нет рациональной точки для коники
  F4 c2/c7: кривая не построена (нет точки на квартике)
  F4 c3/c5@t0=9: rank[3,3] g=3 src=pari sat=1 tors=4 st=9604 hmax=198 pr=50 surv=4 ex=0 bad=0 hits=0 t=0s
  F4 c3/c6: кривая не построена (нет точки на квартике)
  F4 c3/c7@t0=9: rank[3,3] g=3 src=pari sat=1 tors=4 st=9604 hmax=198 pr=50 surv=4 ex=0 bad=0 hits=0 t=0s
  F4 c5/c6@t0=9: rank[2,2] g=2 src=pari sat=1 tors=4 st=2932 hmax=900 pr=50 surv=6 ex=0 bad=0 hits=0 t=0s
  F4 c5/c7@t0=9: rank[2,2] g=2 src=pari sat=1 tors=4 st=3036 hmax=900 pr=50 surv=4 ex=0 bad=0 hits=0 t=0s
  F4 c6/c7: кривая не построена (нет точки на квартике)
== (P,Q)=(37,10) C=1469/2 non
  F1 c0/c2: кривая не построена (нет точки на квартике)
  F1 c0/c3@t0=10: rank[2,2] g=2 src=pari sat=1 tors=4 st=2916 hmax=893 pr=50 surv=4 ex=0 bad=0 hits=0 t=0s
  F1 c0/c6: кривая не построена (нет точки на квартике)
  F1 c0/c8@t0=10: rank[2,2] g=2 src=pari sat=1 tors=4 st=3900 hmax=897 pr=50 surv=4 ex=0 bad=0 hits=0 t=0s
  F1 c3/c2@t0=10: rank[2,2] g=2 src=pari sat=1 tors=4 st=2916 hmax=893 pr=50 surv=2 ex=0 bad=0 hits=0 t=1s
  F1 c2/c6@t0=37: rank[2,2] g=2 src=pari sat=1 tors=4 st=2228 hmax=899 pr=50 surv=4 ex=0 bad=0 hits=0 t=1s
  F1 c2/c8: кривая не построена (нет точки на квартике)
  F1 c3/c6@t0=10: rank[2,2] g=2 src=pari sat=1 tors=4 st=1652 hmax=899 pr=50 surv=2 ex=0 bad=0 hits=0 t=0s
  F1 c3/c8@t0=10: rank[2,2] g=2 src=pari sat=1 tors=4 st=1652 hmax=899 pr=50 surv=4 ex=0 bad=0 hits=0 t=0s
  F1 c6/c8: кривая не построена (нет точки на квартике)
  F2 c2/c3: кривая не построена (нет точки на квартике)
  F2 c2/c5: кривая не построена (нет точки на квартике)
  F2 c2/c6: нет рациональной точки для коники
  F2 c2/c8: кривая не построена (нет точки на квартике)
  F2 c3/c5@t0=10: rank[2,2] g=2 src=pari sat=1 tors=4 st=2916 hmax=893 pr=50 surv=4 ex=0 bad=0 hits=0 t=0s
  F2 c3/c6: кривая не построена (нет точки на квартике)
  F2 c3/c8@t0=10: rank[2,2] g=2 src=pari sat=1 tors=4 st=2228 hmax=899 pr=50 surv=4 ex=0 bad=0 hits=0 t=0s
  F2 c5/c6: кривая не построена (нет точки на квартике)
  F2 c5/c8@t0=10: rank[2,2] g=2 src=pari sat=1 tors=4 st=3900 hmax=897 pr=50 surv=4 ex=0 bad=0 hits=0 t=0s
  F2 c6/c8: кривая не построена (нет точки на квартике)
  F3 c1/c3: нет рациональной точки для коники
  F3 c1/c5: нет рациональной точки для коники
  F3 c1/c6: кривая не построена (нет точки на квартике)
  F3 c1/c7: нет рациональной точки для коники
  F3 c3/c5: нет рациональной точки для коники
  F3 c3/c6: кривая не построена (нет точки на квартике)
  F3 c3/c7: нет рациональной точки для коники
  F3 c5/c6: кривая не построена (нет точки на квартике)
  F3 c5/c7: нет рациональной точки для коники
  F3 c6/c7: кривая не построена (нет точки на квартике)
  F4 c2/c3: кривая не построена (нет точки на квартике)
  F4 c2/c5: кривая не построена (нет точки на квартике)
  F4 c2/c6: нет рациональной точки для коники
  F4 c2/c7: кривая не построена (нет точки на квартике)
  F4 c3/c5@t0=10: rank[2,2] g=2 src=pari sat=1 tors=4 st=4084 hmax=899 pr=50 surv=4 ex=0 bad=0 hits=0 t=1s
  F4 c3/c6: кривая не построена (нет точки на квартике)
  F4 c3/c7@t0=10: rank[2,2] g=2 src=pari sat=1 tors=4 st=4084 hmax=899 pr=50 surv=4 ex=0 bad=0 hits=0 t=1s
  F4 c5/c6: кривая не построена (нет точки на квартике)
  F4 c5/c7@t0=10: rank[2,2] g=2 src=pari sat=1 tors=4 st=3124 hmax=893 pr=50 surv=4 ex=0 bad=0 hits=0 t=1s
  F4 c6/c7: кривая не построена (нет точки на квартике)
== (P,Q)=(37,11) C=745 non
  F1 c0/c2: кривая не построена (нет точки на квартике)
  F1 c0/c3@t0=11: rank[1,1] g=1 src=pari sat=1 tors=4 st=124 hmax=883 pr=50 surv=4 ex=0 bad=0 hits=0 t=1s
  F1 c0/c6: кривая не построена (нет точки на квартике)
  F1 c0/c8@t0=11: rank[1,1] g=1 src=pari sat=1 tors=4 st=132 hmax=860 pr=50 surv=4 ex=0 bad=0 hits=0 t=1s
  F1 c3/c2@t0=11: rank[1,1] g=1 src=pari sat=1 tors=4 st=124 hmax=883 pr=50 surv=2 ex=0 bad=0 hits=0 t=1s
  F1 c2/c6@t0=37: rank[2,2] g=2 src=pari sat=1 tors=4 st=3036 hmax=900 pr=50 surv=4 ex=0 bad=0 hits=0 t=1s
  F1 c2/c8: кривая не построена (нет точки на квартике)
  F1 c3/c6@t0=11: rank[2,2] g=2 src=pari sat=1 tors=4 st=1284 hmax=900 pr=50 surv=2 ex=0 bad=0 hits=0 t=1s
  F1 c3/c8@t0=11: rank[2,2] g=2 src=pari sat=1 tors=4 st=1284 hmax=900 pr=50 surv=4 ex=0 bad=0 hits=0 t=1s
  F1 c6/c8: кривая не построена (нет точки на квартике)
  F2 c2/c3: кривая не построена (нет точки на квартике)
  F2 c2/c5: кривая не построена (нет точки на квартике)
  F2 c2/c6: нет рациональной точки для коники
  F2 c8/c2@t0=11: rank[2,2] g=2 src=pari sat=1 tors=4 st=2140 hmax=898 pr=50 surv=2 ex=0 bad=0 hits=0 t=1s
  F2 c3/c5@t0=11: rank[1,1] g=1 src=pari sat=1 tors=4 st=124 hmax=883 pr=50 surv=4 ex=0 bad=0 hits=0 t=1s
  F2 c3/c6: кривая не построена (нет точки на квартике)
  F2 c3/c8@t0=11: rank[2,2] g=2 src=pari sat=1 tors=4 st=3036 hmax=900 pr=50 surv=4 ex=0 bad=0 hits=0 t=1s
  F2 c5/c6: кривая не построена (нет точки на квартике)
  F2 c5/c8@t0=11: rank[1,1] g=1 src=pari sat=1 tors=4 st=132 hmax=860 pr=50 surv=4 ex=0 bad=0 hits=0 t=1s
  F2 c6/c8: кривая не построена (нет точки на квартике)
  F3 c1/c3: нет рациональной точки для коники
  F3 c1/c5: нет рациональной точки для коники
  F3 c6/c1@t0=11: rank[2,2] g=2 src=pari sat=1 tors=4 st=2140 hmax=898 pr=50 surv=2 ex=0 bad=0 hits=0 t=0s
  F3 c1/c7: нет рациональной точки для коники
  F3 c3/c5: нет рациональной точки для коники
  F3 c6/c3@t0=11: rank[2,2] g=2 src=pari sat=1 tors=4 st=2140 hmax=898 pr=50 surv=2 ex=0 bad=0 hits=0 t=1s
  F3 c3/c7: нет рациональной точки для коники
  F3 c5/c6: кривая не построена (нет точки на квартике)
  F3 c5/c7: нет рациональной точки для коники
  F3 c6/c7: кривая не построена (нет точки на квартике)
  F4 c2/c3: кривая не построена (нет точки на квартике)
  F4 c2/c5: кривая не построена (нет точки на квартике)
  F4 c2/c6: нет рациональной точки для коники
  F4 c7/c2@t0=11: rank[2,2] g=2 src=pari sat=1 tors=4 st=2140 hmax=898 pr=50 surv=2 ex=0 bad=0 hits=0 t=0s
  F4 c3/c5@t0=11: rank[1,1] g=1 src=pari sat=1 tors=4 st=124 hmax=890 pr=50 surv=4 ex=0 bad=0 hits=0 t=1s
  F4 c3/c6: кривая не построена (нет точки на квартике)
  F4 c3/c7@t0=11: rank[1,1] g=1 src=pari sat=1 tors=4 st=124 hmax=890 pr=50 surv=4 ex=0 bad=0 hits=0 t=1s
  F4 c5/c6@t0=11: rank[1,1] g=1 src=pari sat=1 tors=4 st=140 hmax=835 pr=50 surv=6 ex=0 bad=0 hits=0 t=0s
  F4 c5/c7@t0=11: rank[2,2] g=2 src=pari sat=1 tors=4 st=4292 hmax=894 pr=50 surv=4 ex=0 bad=0 hits=0 t=1s
  F4 c6/c7: кривая не построена (нет точки на квартике)
== (P,Q)=(37,12) C=1513/2 non
  F1 c0/c2: кривая не построена (нет точки на квартике)
  F1 c0/c3@t0=12: rank[4,4] g=4 src=pari sat=1 tors=4 st=9604 hmax=77 pr=50 surv=4 ex=0 bad=0 hits=0 t=1s
  F1 c0/c6: кривая не построена (нет точки на квартике)
  F1 c0/c8@t0=12: rank[3,3] g=3 src=pari sat=1 tors=4 st=9572 hmax=236 pr=50 surv=4 ex=0 bad=0 hits=0 t=1s
  F1 c3/c2@t0=12: rank[4,4] g=4 src=pari sat=1 tors=4 st=9604 hmax=77 pr=50 surv=2 ex=0 bad=0 hits=0 t=1s
  F1 c2/c6@t0=37: rank[1,1] g=1 src=pari sat=1 tors=4 st=124 hmax=833 pr=50 surv=4 ex=0 bad=0 hits=0 t=1s
  F1 c2/c8: кривая не построена (нет точки на квартике)
  F1 c3/c6@t0=12: rank[2,2] g=2 src=pari sat=1 tors=4 st=2700 hmax=895 pr=50 surv=2 ex=0 bad=0 hits=0 t=1s
  F1 c3/c8@t0=12: rank[2,2] g=2 src=pari sat=1 tors=4 st=2700 hmax=895 pr=50 surv=4 ex=0 bad=0 hits=0 t=1s
  F1 c6/c8: кривая не построена (нет точки на квартике)
  F2 c2/c3: кривая не построена (нет точки на квартике)
  F2 c2/c5: кривая не построена (нет точки на квартике)
  F2 c2/c6: нет рациональной точки для коники
  F2 c2/c8: кривая не построена (нет точки на квартике)
  F2 c3/c5@t0=12: rank[4,4] g=4 src=pari sat=1 tors=4 st=9604 hmax=77 pr=50 surv=4 ex=0 bad=0 hits=0 t=1s
  F2 c3/c6: кривая не построена (нет точки на квартике)
  F2 c3/c8@t0=12: rank[1,1] g=1 src=pari sat=1 tors=4 st=124 hmax=833 pr=50 surv=4 ex=0 bad=0 hits=0 t=1s
  F2 c5/c6: кривая не построена (нет точки на квартике)
  F2 c5/c8@t0=12: rank[3,3] g=3 src=pari sat=1 tors=4 st=9572 hmax=236 pr=50 surv=4 ex=0 bad=0 hits=0 t=1s
  F2 c6/c8: кривая не построена (нет точки на квартике)
  F3 c1/c3: нет рациональной точки для коники
  F3 c1/c5: нет рациональной точки для коники
  F3 c1/c6: кривая не построена (нет точки на квартике)
  F3 c1/c7: нет рациональной точки для коники
  F3 c3/c5: нет рациональной точки для коники
  F3 c3/c6: кривая не построена (нет точки на квартике)
  F3 c3/c7: нет рациональной точки для коники
  F3 c5/c6: кривая не построена (нет точки на квартике)
  F3 c5/c7: нет рациональной точки для коники
  F3 c6/c7: кривая не построена (нет точки на квартике)
  F4 c2/c3: кривая не построена (нет точки на квартике)
  F4 c2/c5: кривая не построена (нет точки на квартике)
  F4 c2/c6: нет рациональной точки для коники
  F4 c2/c7: кривая не построена (нет точки на квартике)
  F4 c3/c5@t0=12: rank[1,1] g=1 src=pari sat=1 tors=4 st=124 hmax=812 pr=50 surv=4 ex=0 bad=0 hits=0 t=1s
  F4 c3/c6: кривая не построена (нет точки на квартике)
  F4 c3/c7@t0=12: rank[1,1] g=1 src=pari sat=1 tors=4 st=124 hmax=812 pr=50 surv=4 ex=0 bad=0 hits=0 t=1s
  F4 c5/c6: кривая не построена (нет точки на квартике)
  F4 c5/c7@t0=12: rank[2,2] g=2 src=pari sat=1 tors=4 st=3668 hmax=898 pr=50 surv=4 ex=0 bad=0 hits=0 t=0s
  F4 c6/c7: кривая не построена (нет точки на квартике)
== (P,Q)=(37,13) C=769 non
  F1 c0/c2: кривая не построена (нет точки на квартике)
  F1 c0/c3@t0=13: rank[3,3] g=3 src=pari sat=1 tors=4 st=9604 hmax=323 pr=50 surv=4 ex=0 bad=0 hits=0 t=0s
  F1 c0/c6: кривая не построена (нет точки на квартике)
  F1 c0/c8@t0=13: rank[2,2] g=2 src=pari sat=1 tors=4 st=3564 hmax=897 pr=50 surv=4 ex=0 bad=0 hits=0 t=1s
  F1 c3/c2@t0=13: rank[3,3] g=3 src=pari sat=1 tors=4 st=9604 hmax=323 pr=50 surv=2 ex=0 bad=0 hits=0 t=1s
  F1 c2/c6@t0=37: rank[2,2] g=2 src=pari sat=1 tors=4 st=1588 hmax=897 pr=50 surv=4 ex=0 bad=0 hits=0 t=0s
  F1 c8/c2@t0=13: rank[1,1] g=1 src=pari sat=1 tors=4 st=68 hmax=755 pr=50 surv=2 ex=0 bad=0 hits=0 t=0s
  F1 c3/c6@t0=13: rank[1,1] g=1 src=pari sat=1 tors=4 st=116 hmax=787 pr=50 surv=2 ex=0 bad=0 hits=0 t=0s
  F1 c3/c8@t0=13: rank[1,1] g=1 src=pari sat=1 tors=4 st=116 hmax=787 pr=50 surv=4 ex=0 bad=0 hits=0 t=0s
  F1 c6/c8: кривая не построена (нет точки на квартике)
  F2 c2/c3: кривая не построена (нет точки на квартике)
  F2 c2/c5: кривая не построена (нет точки на квартике)
  F2 c2/c6: нет рациональной точки для коники
  F2 c2/c8: кривая не построена (нет точки на квартике)
  F2 c3/c5@t0=13: rank[3,3] g=3 src=pari sat=1 tors=4 st=9604 hmax=323 pr=50 surv=4 ex=0 bad=0 hits=0 t=0s
  F2 c3/c6@t0=13: rank[1,1] g=1 src=pari sat=1 tors=4 st=68 hmax=755 pr=50 surv=2 ex=0 bad=0 hits=0 t=0s
  F2 c3/c8@t0=13: rank[2,2] g=2 src=pari sat=1 tors=4 st=1588 hmax=897 pr=50 surv=4 ex=0 bad=0 hits=0 t=0s
  F2 c5/c6: кривая не построена (нет точки на квартике)
  F2 c5/c8@t0=13: rank[2,2] g=2 src=pari sat=1 tors=4 st=3564 hmax=897 pr=50 surv=4 ex=0 bad=0 hits=0 t=0s
  F2 c8/c6@t0=13: rank[2,2] g=2 src=pari sat=1 tors=4 st=1356 hmax=893 pr=50 surv=2 ex=0 bad=0 hits=0 t=0s
  F3 c1/c3: нет рациональной точки для коники
  F3 c1/c5: нет рациональной точки для коники
  F3 c1/c6: кривая не построена (нет точки на квартике)
  F3 c1/c7: нет рациональной точки для коники
  F3 c3/c5: нет рациональной точки для коники
  F3 c3/c6: кривая не построена (нет точки на квартике)
  F3 c3/c7: нет рациональной точки для коники
  F3 c6/c5@t0=13: rank[2,2] g=2 src=pari sat=1 tors=4 st=1356 hmax=893 pr=50 surv=2 ex=0 bad=0 hits=0 t=0s
  F3 c5/c7: нет рациональной точки для коники
  F3 c6/c7@t0=13: rank[2,2] g=2 src=pari sat=1 tors=4 st=1356 hmax=893 pr=50 surv=2 ex=0 bad=0 hits=0 t=0s
  F4 c2/c3: кривая не построена (нет точки на квартике)
  F4 c2/c5: кривая не построена (нет точки на квартике)
  F4 c2/c6: нет рациональной точки для коники
  F4 c2/c7: кривая не построена (нет точки на квартике)
  F4 c3/c5@t0=13: rank[1,1] g=1 src=pari sat=1 tors=4 st=124 hmax=890 pr=50 surv=4 ex=0 bad=0 hits=0 t=0s
  F4 c3/c6: кривая не построена (нет точки на квартике)
  F4 c3/c7@t0=13: rank[1,1] g=1 src=pari sat=1 tors=4 st=124 hmax=890 pr=50 surv=4 ex=0 bad=0 hits=0 t=0s
  F4 c5/c6@t0=13: rank[1,1] g=1 src=pari sat=1 tors=4 st=252 hmax=854 pr=50 surv=6 ex=0 bad=0 hits=0 t=0s
  F4 c5/c7@t0=13: rank[1,1] g=1 src=pari sat=1 tors=4 st=124 hmax=824 pr=50 surv=4 ex=0 bad=0 hits=0 t=0s
  F4 c7/c6@t0=13: rank[2,2] g=2 src=pari sat=1 tors=4 st=1356 hmax=893 pr=50 surv=2 ex=0 bad=0 hits=0 t=0s
== (P,Q)=(37,14) C=1565/2 non
  F1 c0/c2: кривая не построена (нет точки на квартике)
  F1 c0/c3@t0=14: rank[1,1] g=1 src=pari sat=1 tors=4 st=124 hmax=892 pr=50 surv=4 ex=0 bad=0 hits=0 t=0s
  F1 c0/c6: кривая не построена (нет точки на квартике)
  F1 c0/c8@t0=14: rank[1,1] g=1 src=pari sat=1 tors=4 st=124 hmax=879 pr=50 surv=4 ex=0 bad=0 hits=0 t=0s
  F1 c3/c2@t0=14: rank[1,1] g=1 src=pari sat=1 tors=4 st=124 hmax=892 pr=50 surv=2 ex=0 bad=0 hits=0 t=0s
  F1 c2/c6@t0=37: rank[2,2] g=2 src=pari sat=1 tors=4 st=1212 hmax=900 pr=50 surv=4 ex=0 bad=0 hits=0 t=0s
  F1 c2/c8: кривая не построена (нет точки на квартике)
  F1 c3/c6@t0=14: rank[2,2] g=2 src=pari sat=1 tors=4 st=2900 hmax=899 pr=50 surv=2 ex=0 bad=0 hits=0 t=0s
  F1 c3/c8@t0=14: rank[2,2] g=2 src=pari sat=1 tors=4 st=2900 hmax=899 pr=50 surv=4 ex=0 bad=0 hits=0 t=0s
  F1 c6/c8: кривая не построена (нет точки на квартике)
  F2 c2/c3: кривая не построена (нет точки на квартике)
  F2 c2/c5: кривая не построена (нет точки на квартике)
  F2 c2/c6: нет рациональной точки для коники
  F2 c2/c8: кривая не построена (нет точки на квартике)
  F2 c3/c5@t0=14: rank[1,1] g=1 src=pari sat=1 tors=4 st=124 hmax=892 pr=50 surv=4 ex=0 bad=0 hits=0 t=0s
  F2 c3/c6: кривая не построена (нет точки на квартике)
  F2 c3/c8@t0=14: rank[2,2] g=2 src=pari sat=1 tors=4 st=1212 hmax=900 pr=50 surv=4 ex=0 bad=0 hits=0 t=0s
  F2 c5/c6: кривая не построена (нет точки на квартике)
  F2 c5/c8@t0=14: rank[1,1] g=1 src=pari sat=1 tors=4 st=124 hmax=879 pr=50 surv=4 ex=0 bad=0 hits=0 t=0s
  F2 c6/c8: кривая не построена (нет точки на квартике)
  F3 c1/c3: нет рациональной точки для коники
  F3 c1/c5: нет рациональной точки для коники
  F3 c1/c6: кривая не построена (нет точки на квартике)
  F3 c1/c7: нет рациональной точки для коники
  F3 c3/c5: нет рациональной точки для коники
  F3 c3/c6: кривая не построена (нет точки на квартике)
  F3 c3/c7: нет рациональной точки для коники
  F3 c5/c6: кривая не построена (нет точки на квартике)
  F3 c5/c7: нет рациональной точки для коники
  F3 c6/c7: кривая не построена (нет точки на квартике)
  F4 c2/c3: кривая не построена (нет точки на квартике)
  F4 c2/c5: кривая не построена (нет точки на квартике)
  F4 c2/c6: нет рациональной точки для коники
  F4 c2/c7: кривая не построена (нет точки на квартике)
  F4 c3/c5@t0=14: rank[2,2] g=2 src=pari sat=1 tors=4 st=3236 hmax=900 pr=50 surv=4 ex=0 bad=0 hits=0 t=0s
  F4 c3/c6: кривая не построена (нет точки на квартике)
  F4 c3/c7@t0=14: rank[2,2] g=2 src=pari sat=1 tors=4 st=3236 hmax=900 pr=50 surv=4 ex=0 bad=0 hits=0 t=0s
  F4 c5/c6: кривая не построена (нет точки на квартике)
  F4 c5/c7@t0=14: rank[3,3] g=3 src=pari sat=1 tors=4 st=9604 hmax=239 pr=50 surv=4 ex=0 bad=0 hits=0 t=0s
  F4 c6/c7: кривая не построена (нет точки на квартике)
== (P,Q)=(37,15) C=797 non
  F1 c0/c2: кривая не построена (нет точки на квартике)
  F1 c0/c3@t0=15: rank[2,2] g=2 src=pari sat=1 tors=4 st=2180 hmax=895 pr=50 surv=4 ex=0 bad=0 hits=0 t=0s
  F1 c0/c6: кривая не построена (нет точки на квартике)
  F1 c0/c8@t0=15: rank[1,1] g=1 src=pari sat=1 tors=4 st=132 hmax=870 pr=50 surv=4 ex=0 bad=0 hits=0 t=0s
  F1 c3/c2@t0=15: rank[2,2] g=2 src=pari sat=1 tors=4 st=2180 hmax=895 pr=50 surv=2 ex=0 bad=0 hits=0 t=0s
  F1 c2/c6@t0=37: rank[2,2] g=2 src=pari sat=1 tors=4 st=1324 hmax=896 pr=50 surv=4 ex=0 bad=0 hits=0 t=0s
  F1 c2/c8: кривая не построена (нет точки на квартике)
  F1 c3/c6@t0=15: rank[1,1] g=1 src=pari sat=1 tors=4 st=116 hmax=790 pr=50 surv=2 ex=0 bad=0 hits=0 t=0s
  F1 c3/c8@t0=15: rank[1,1] g=1 src=pari sat=1 tors=4 st=116 hmax=790 pr=50 surv=4 ex=0 bad=0 hits=0 t=0s
  F1 c6/c8: кривая не построена (нет точки на квартике)
  F2 c2/c3: кривая не построена (нет точки на квартике)
  F2 c2/c5: кривая не построена (нет точки на квартике)
  F2 c2/c6: нет рациональной точки для коники
  F2 c2/c8: кривая не построена (нет точки на квартике)
  F2 c3/c5@t0=15: rank[2,2] g=2 src=pari sat=1 tors=4 st=2180 hmax=895 pr=50 surv=4 ex=0 bad=0 hits=0 t=0s
  F2 c3/c6: кривая не построена (нет точки на квартике)
  F2 c3/c8@t0=15: rank[2,2] g=2 src=pari sat=1 tors=4 st=1324 hmax=896 pr=50 surv=4 ex=0 bad=0 hits=0 t=0s
  F2 c5/c6: кривая не построена (нет точки на квартике)
  F2 c5/c8@t0=15: rank[1,1] g=1 src=pari sat=1 tors=4 st=132 hmax=870 pr=50 surv=4 ex=0 bad=0 hits=0 t=0s
  F2 c6/c8: кривая не построена (нет точки на квартике)
  F3 c1/c3: нет рациональной точки для коники
  F3 c1/c5: нет рациональной точки для коники
  F3 c1/c6: кривая не построена (нет точки на квартике)
  F3 c1/c7: нет рациональной точки для коники
  F3 c3/c5: нет рациональной точки для коники
  F3 c3/c6: кривая не построена (нет точки на квартике)
  F3 c3/c7: нет рациональной точки для коники
  F3 c5/c6: кривая не построена (нет точки на квартике)
  F3 c5/c7: нет рациональной точки для коники
  F3 c6/c7: кривая не построена (нет точки на квартике)
  F4 c2/c3: кривая не построена (нет точки на квартике)
  F4 c2/c5: кривая не построена (нет точки на квартике)
  F4 c2/c6: нет рациональной точки для коники
  F4 c2/c7: кривая не построена (нет точки на квартике)
  F4 c3/c5@t0=15: rank[2,2] g=2 src=pari sat=1 tors=4 st=3852 hmax=898 pr=50 surv=4 ex=0 bad=0 hits=0 t=0s
  F4 c3/c6: кривая не построена (нет точки на квартике)
  F4 c3/c7@t0=15: rank[2,2] g=2 src=pari sat=1 tors=4 st=3852 hmax=898 pr=50 surv=4 ex=0 bad=0 hits=0 t=0s
  F4 c5/c6: кривая не построена (нет точки на квартике)
  F4 c5/c7@t0=15: rank[2,2] g=2 src=pari sat=1 tors=4 st=3412 hmax=898 pr=50 surv=4 ex=0 bad=0 hits=0 t=0s
  F4 c6/c7: кривая не построена (нет точки на квартике)
== (P,Q)=(37,16) C=1625/2 non
  F1 c0/c2: кривая не построена (нет точки на квартике)
  F1 c0/c3@t0=16: rank[1,1] g=1 src=pari sat=1 tors=4 st=124 hmax=898 pr=50 surv=4 ex=0 bad=0 hits=0 t=0s
  F1 c0/c6: кривая не построена (нет точки на квартике)
  F1 c0/c8@t0=16: rank[1,1] g=1 src=pari sat=1 tors=4 st=124 hmax=884 pr=50 surv=4 ex=0 bad=0 hits=0 t=0s
  F1 c3/c2@t0=16: rank[1,1] g=1 src=pari sat=1 tors=4 st=124 hmax=898 pr=50 surv=2 ex=0 bad=0 hits=0 t=0s
  F1 c2/c6@t0=37: rank[2,2] g=2 src=pari sat=1 tors=4 st=3260 hmax=899 pr=50 surv=4 ex=0 bad=0 hits=0 t=0s
  F1 c2/c8: кривая не построена (нет точки на квартике)
  F1 c3/c6@t0=16: rank[2,2] g=2 src=pari sat=1 tors=4 st=2076 hmax=888 pr=50 surv=2 ex=0 bad=0 hits=0 t=1s
  F1 c3/c8@t0=16: rank[2,2] g=2 src=pari sat=1 tors=4 st=2076 hmax=888 pr=50 surv=4 ex=0 bad=0 hits=0 t=1s
  F1 c6/c8: кривая не построена (нет точки на квартике)
  F2 c2/c3: кривая не построена (нет точки на квартике)
  F2 c2/c5: кривая не построена (нет точки на квартике)
  F2 c2/c6: нет рациональной точки для коники
  F2 c2/c8: кривая не построена (нет точки на квартике)
  F2 c3/c5@t0=16: rank[1,1] g=1 src=pari sat=1 tors=4 st=124 hmax=898 pr=50 surv=4 ex=0 bad=0 hits=0 t=1s
  F2 c3/c6: кривая не построена (нет точки на квартике)
  F2 c3/c8@t0=16: rank[2,2] g=2 src=pari sat=1 tors=4 st=3260 hmax=899 pr=50 surv=4 ex=0 bad=0 hits=0 t=1s
  F2 c5/c6: кривая не построена (нет точки на квартике)
  F2 c5/c8@t0=16: rank[1,1] g=1 src=pari sat=1 tors=4 st=124 hmax=884 pr=50 surv=4 ex=0 bad=0 hits=0 t=1s
  F2 c6/c8: кривая не построена (нет точки на квартике)
  F3 c1/c3: нет рациональной точки для коники
  F3 c1/c5: нет рациональной точки для коники
  F3 c1/c6: кривая не построена (нет точки на квартике)
  F3 c1/c7: нет рациональной точки для коники
  F3 c3/c5: нет рациональной точки для коники
  F3 c3/c6: кривая не построена (нет точки на квартике)
  F3 c3/c7: нет рациональной точки для коники
  F3 c5/c6: кривая не построена (нет точки на квартике)
  F3 c5/c7: нет рациональной точки для коники
  F3 c6/c7: кривая не построена (нет точки на квартике)
  F4 c2/c3: кривая не построена (нет точки на квартике)
  F4 c2/c5: кривая не построена (нет точки на квартике)
  F4 c2/c6: нет рациональной точки для коники
  F4 c2/c7: кривая не построена (нет точки на квартике)
  F4 c3/c5@t0=16: rank[1,1] g=1 src=pari sat=1 tors=4 st=124 hmax=812 pr=50 surv=4 ex=0 bad=0 hits=0 t=1s
  F4 c3/c6: кривая не построена (нет точки на квартике)
  F4 c3/c7@t0=16: rank[1,1] g=1 src=pari sat=1 tors=4 st=124 hmax=812 pr=50 surv=4 ex=0 bad=0 hits=0 t=1s
  F4 c5/c6: кривая не построена (нет точки на квартике)
  F4 c5/c7@t0=16: rank[2,2] g=2 src=pari sat=1 tors=4 st=3140 hmax=898 pr=50 surv=4 ex=0 bad=0 hits=0 t=1s
  F4 c6/c7: кривая не построена (нет точки на квартике)
== (P,Q)=(37,17) C=829 non
  F1 c0/c2: кривая не построена (нет точки на квартике)
  F1 c0/c3@t0=17: rank[2,2] g=2 src=pari sat=1 tors=4 st=3092 hmax=899 pr=50 surv=4 ex=0 bad=0 hits=0 t=1s
  F1 c0/c6: кривая не построена (нет точки на квартике)
  F1 c0/c8@t0=17: rank[1,1] g=1 src=pari sat=1 tors=4 st=132 hmax=875 pr=50 surv=4 ex=0 bad=0 hits=0 t=0s
  F1 c3/c2@t0=17: rank[2,2] g=2 src=pari sat=1 tors=4 st=3092 hmax=899 pr=50 surv=2 ex=0 bad=0 hits=0 t=1s
  F1 c2/c6@t0=37: rank[1,1] g=1 src=pari sat=1 tors=4 st=132 hmax=834 pr=50 surv=4 ex=0 bad=0 hits=0 t=1s
  F1 c2/c8: кривая не построена (нет точки на квартике)
  F1 c3/c6@t0=17: rank[2,2] g=2 src=pari sat=1 tors=4 st=1996 hmax=895 pr=50 surv=2 ex=0 bad=0 hits=0 t=1s
  F1 c3/c8@t0=17: rank[2,2] g=2 src=pari sat=1 tors=4 st=1996 hmax=895 pr=50 surv=4 ex=0 bad=0 hits=0 t=1s
  F1 c6/c8: кривая не построена (нет точки на квартике)
  F2 c2/c3: кривая не построена (нет точки на квартике)
  F2 c2/c5: кривая не построена (нет точки на квартике)
  F2 c2/c6: нет рациональной точки для коники
  F2 c2/c8: кривая не построена (нет точки на квартике)
  F2 c3/c5@t0=17: rank[2,2] g=2 src=pari sat=1 tors=4 st=3092 hmax=899 pr=50 surv=4 ex=0 bad=0 hits=0 t=1s
  F2 c3/c6: кривая не построена (нет точки на квартике)
  F2 c3/c8@t0=17: rank[1,1] g=1 src=pari sat=1 tors=4 st=132 hmax=834 pr=50 surv=4 ex=0 bad=0 hits=0 t=1s
  F2 c5/c6: кривая не построена (нет точки на квартике)
  F2 c5/c8@t0=17: rank[1,1] g=1 src=pari sat=1 tors=4 st=132 hmax=875 pr=50 surv=4 ex=0 bad=0 hits=0 t=0s
  F2 c6/c8: кривая не построена (нет точки на квартике)
  F3 c1/c3: нет рациональной точки для коники
  F3 c1/c5: нет рациональной точки для коники
  F3 c1/c6: кривая не построена (нет точки на квартике)
  F3 c1/c7: нет рациональной точки для коники
  F3 c3/c5: нет рациональной точки для коники
  F3 c3/c6: кривая не построена (нет точки на квартике)
  F3 c3/c7: нет рациональной точки для коники
  F3 c5/c6: кривая не построена (нет точки на квартике)
  F3 c5/c7: нет рациональной точки для коники
  F3 c6/c7: кривая не построена (нет точки на квартике)
  F4 c2/c3: кривая не построена (нет точки на квартике)
  F4 c2/c5: кривая не построена (нет точки на квартике)
  F4 c2/c6: нет рациональной точки для коники
  F4 c2/c7: кривая не построена (нет точки на квартике)
  F4 c3/c5@t0=17: rank[2,2] g=2 src=pari sat=1 tors=4 st=3612 hmax=898 pr=50 surv=4 ex=0 bad=0 hits=0 t=1s
  F4 c3/c6: кривая не построена (нет точки на квартике)
  F4 c3/c7@t0=17: rank[2,2] g=2 src=pari sat=1 tors=4 st=3612 hmax=898 pr=50 surv=4 ex=0 bad=0 hits=0 t=1s
  F4 c5/c6@t0=17: rank[1,1] g=1 src=pari sat=1 tors=4 st=196 hmax=859 pr=50 surv=6 ex=0 bad=0 hits=0 t=1s
  F4 c5/c7@t0=17: rank[2,2] g=2 src=pari sat=1 tors=4 st=2236 hmax=899 pr=50 surv=4 ex=0 bad=0 hits=0 t=1s
  F4 c6/c7: кривая не построена (нет точки на квартике)
== (P,Q)=(37,18) C=1693/2 non
  F1 c0/c2: кривая не построена (нет точки на квартике)
  F1 c0/c3@t0=18: rank[2,2] g=2 src=pari sat=1 tors=4 st=1228 hmax=895 pr=50 surv=4 ex=0 bad=0 hits=0 t=1s
  F1 c0/c6: кривая не построена (нет точки на квартике)
  F1 c0/c8@t0=18: rank[1,1] g=1 src=pari sat=1 tors=4 st=124 hmax=888 pr=50 surv=4 ex=0 bad=0 hits=0 t=0s
  F1 c3/c2@t0=18: rank[2,2] g=2 src=pari sat=1 tors=4 st=1228 hmax=895 pr=50 surv=2 ex=0 bad=0 hits=0 t=1s
  F1 c2/c6@t0=37: rank[2,2] g=2 src=pari+mw sat=1 tors=4 st=716 hmax=899 pr=50 surv=4 ex=0 bad=0 hits=0 t=1s
  F1 c2/c8: кривая не построена (нет точки на квартике)
  F1 c3/c6@t0=18: rank[1,1] g=1 src=pari sat=1 tors=4 st=124 hmax=835 pr=50 surv=2 ex=0 bad=0 hits=0 t=0s
  F1 c3/c8@t0=18: rank[1,1] g=1 src=pari sat=1 tors=4 st=124 hmax=835 pr=50 surv=4 ex=0 bad=0 hits=0 t=0s
  F1 c6/c8: кривая не построена (нет точки на квартике)
  F2 c2/c3: кривая не построена (нет точки на квартике)
  F2 c2/c5: кривая не построена (нет точки на квартике)
  F2 c2/c6: нет рациональной точки для коники
  F2 c2/c8: кривая не построена (нет точки на квартике)
  F2 c3/c5@t0=18: rank[2,2] g=2 src=pari sat=1 tors=4 st=1228 hmax=895 pr=50 surv=4 ex=0 bad=0 hits=0 t=1s
  F2 c3/c6: кривая не построена (нет точки на квартике)
  F2 c3/c8@t0=18: rank[2,2] g=2 src=pari+mw sat=1 tors=4 st=716 hmax=899 pr=50 surv=4 ex=0 bad=0 hits=0 t=1s
  F2 c5/c6: кривая не построена (нет точки на квартике)
  F2 c5/c8@t0=18: rank[1,1] g=1 src=pari sat=1 tors=4 st=124 hmax=888 pr=50 surv=4 ex=0 bad=0 hits=0 t=0s
  F2 c6/c8: кривая не построена (нет точки на квартике)
  F3 c1/c3: нет рациональной точки для коники
  F3 c1/c5: нет рациональной точки для коники
  F3 c1/c6: кривая не построена (нет точки на квартике)
  F3 c1/c7: нет рациональной точки для коники
  F3 c3/c5: нет рациональной точки для коники
  F3 c3/c6: кривая не построена (нет точки на квартике)
  F3 c3/c7: нет рациональной точки для коники
  F3 c5/c6: кривая не построена (нет точки на квартике)
  F3 c5/c7: нет рациональной точки для коники
  F3 c6/c7: кривая не построена (нет точки на квартике)
  F4 c2/c3: кривая не построена (нет точки на квартике)
  F4 c2/c5: кривая не построена (нет точки на квартике)
  F4 c2/c6: нет рациональной точки для коники
  F4 c2/c7: кривая не построена (нет точки на квартике)
  F4 c3/c5@t0=18: rank[1,1] g=1 src=pari sat=1 tors=4 st=124 hmax=812 pr=50 surv=4 ex=0 bad=0 hits=0 t=1s
  F4 c3/c6: кривая не построена (нет точки на квартике)
  F4 c3/c7@t0=18: rank[1,1] g=1 src=pari sat=1 tors=4 st=124 hmax=812 pr=50 surv=4 ex=0 bad=0 hits=0 t=1s
  F4 c5/c6: кривая не построена (нет точки на квартике)
  F4 c5/c7@t0=18: rank[2,2] g=2 src=pari sat=1 tors=4 st=2508 hmax=898 pr=50 surv=4 ex=0 bad=0 hits=0 t=1s
  F4 c6/c7: кривая не построена (нет точки на квартике)
== (P,Q)=(37,19) C=865 non
  F1 c0/c2: кривая не построена (нет точки на квартике)
  F1 c0/c3@t0=19: rank[3,3] g=3 src=pari sat=1 tors=4 st=9596 hmax=254 pr=50 surv=4 ex=0 bad=0 hits=0 t=1s
  F1 c0/c6: кривая не построена (нет точки на квартике)
  F1 c0/c8@t0=19: rank[1,1] g=1 src=pari sat=1 tors=4 st=132 hmax=879 pr=50 surv=4 ex=0 bad=0 hits=0 t=1s
  F1 c3/c2@t0=19: rank[3,3] g=3 src=pari sat=1 tors=4 st=9596 hmax=254 pr=50 surv=2 ex=0 bad=0 hits=0 t=1s
  F1 c2/c6@t0=37: rank[2,2] g=2 src=pari sat=1 tors=4 st=2564 hmax=898 pr=50 surv=4 ex=0 bad=0 hits=0 t=0s
  F1 c8/c2@t0=19: rank[2,2] g=2 src=pari sat=1 tors=4 st=2524 hmax=896 pr=50 surv=2 ex=0 bad=0 hits=0 t=0s
  F1 c3/c6@t0=19: rank[2,2] g=2 src=pari sat=1 tors=4 st=2148 hmax=894 pr=50 surv=2 ex=0 bad=0 hits=0 t=0s
  F1 c3/c8@t0=19: rank[2,2] g=2 src=pari sat=1 tors=4 st=2148 hmax=894 pr=50 surv=4 ex=0 bad=0 hits=0 t=0s
  F1 c6/c8: кривая не построена (нет точки на квартике)
  F2 c2/c3: кривая не построена (нет точки на квартике)
  F2 c2/c5: кривая не построена (нет точки на квартике)
  F2 c2/c6: нет рациональной точки для коники
  F2 c8/c2@t0=19: rank[2,2] g=2 src=pari sat=1 tors=4 st=2116 hmax=894 pr=50 surv=2 ex=0 bad=0 hits=0 t=0s
  F2 c3/c5@t0=19: rank[3,3] g=3 src=pari sat=1 tors=4 st=9596 hmax=254 pr=50 surv=4 ex=0 bad=0 hits=0 t=0s
  F2 c3/c6@t0=19: rank[2,2] g=2 src=pari sat=1 tors=4 st=2524 hmax=896 pr=50 surv=2 ex=0 bad=0 hits=0 t=0s
  F2 c3/c8@t0=19: rank[2,2] g=2 src=pari sat=1 tors=4 st=2564 hmax=898 pr=50 surv=4 ex=0 bad=0 hits=0 t=0s
  F2 c5/c6: кривая не построена (нет точки на квартике)
  F2 c5/c8@t0=19: rank[1,1] g=1 src=pari sat=1 tors=4 st=132 hmax=879 pr=50 surv=4 ex=0 bad=0 hits=0 t=0s
  F2 c8/c6@t0=19: rank[2,2] g=2 src=pari sat=1 tors=4 st=1836 hmax=898 pr=50 surv=2 ex=0 bad=0 hits=0 t=0s
  F3 c1/c3: нет рациональной точки для коники
  F3 c1/c5: нет рациональной точки для коники
  F3 c6/c1@t0=19: rank[2,2] g=2 src=pari sat=1 tors=4 st=2116 hmax=894 pr=50 surv=2 ex=0 bad=0 hits=0 t=0s
  F3 c1/c7: нет рациональной точки для коники
  F3 c3/c5: нет рациональной точки для коники
  F3 c6/c3@t0=19: rank[2,2] g=2 src=pari sat=1 tors=4 st=2116 hmax=894 pr=50 surv=2 ex=0 bad=0 hits=0 t=0s
  F3 c3/c7: нет рациональной точки для коники
  F3 c6/c5@t0=19: rank[2,2] g=2 src=pari sat=1 tors=4 st=1836 hmax=898 pr=50 surv=2 ex=0 bad=0 hits=0 t=0s
  F3 c5/c7: нет рациональной точки для коники
  F3 c6/c7@t0=19: rank[2,2] g=2 src=pari sat=1 tors=4 st=1836 hmax=898 pr=50 surv=2 ex=0 bad=0 hits=0 t=0s
  F4 c2/c3: кривая не построена (нет точки на квартике)
  F4 c2/c5: кривая не построена (нет точки на квартике)
  F4 c2/c6: нет рациональной точки для коники
  F4 c7/c2@t0=19: rank[2,2] g=2 src=pari sat=1 tors=4 st=2116 hmax=894 pr=50 surv=2 ex=0 bad=0 hits=0 t=0s
  F4 c3/c5@t0=19: rank[2,2] g=2 src=pari sat=1 tors=4 st=2988 hmax=899 pr=50 surv=4 ex=0 bad=0 hits=0 t=0s
  F4 c3/c6: кривая не построена (нет точки на квартике)
  F4 c3/c7@t0=19: rank[2,2] g=2 src=pari sat=1 tors=4 st=2988 hmax=899 pr=50 surv=4 ex=0 bad=0 hits=0 t=0s
  F4 c5/c6@t0=19: rank[1,1] g=1 src=pari sat=1 tors=4 st=164 hmax=854 pr=50 surv=6 ex=0 bad=0 hits=0 t=0s
  F4 c5/c7@t0=19: rank[1,1] g=1 src=pari sat=1 tors=4 st=124 hmax=836 pr=50 surv=4 ex=0 bad=0 hits=0 t=0s
  F4 c7/c6@t0=19: rank[2,2] g=2 src=pari sat=1 tors=4 st=1836 hmax=898 pr=50 surv=2 ex=0 bad=0 hits=0 t=0s
== (P,Q)=(37,20) C=1769/2 non
  F1 c0/c2: кривая не построена (нет точки на квартике)
  F1 c0/c3@t0=20: rank[2,2] g=2 src=pari sat=1 tors=4 st=2204 hmax=900 pr=50 surv=4 ex=0 bad=0 hits=0 t=0s
  F1 c0/c6: кривая не построена (нет точки на квартике)
  F1 c0/c8@t0=20: rank[1,1] g=1 src=pari sat=1 tors=4 st=124 hmax=892 pr=50 surv=4 ex=0 bad=0 hits=0 t=0s
  F1 c3/c2@t0=20: rank[2,2] g=2 src=pari sat=1 tors=4 st=2204 hmax=900 pr=50 surv=2 ex=0 bad=0 hits=0 t=0s
  F1 c2/c6@t0=37: rank[3,3] g=3 src=pari sat=1 tors=4 st=9604 hmax=305 pr=50 surv=4 ex=0 bad=0 hits=0 t=0s
  F1 c2/c8: кривая не построена (нет точки на квартике)
  F1 c3/c6@t0=20: rank[2,2] g=2 src=pari sat=1 tors=4 st=1084 hmax=899 pr=50 surv=2 ex=0 bad=0 hits=0 t=0s
  F1 c3/c8@t0=20: rank[2,2] g=2 src=pari sat=1 tors=4 st=1084 hmax=899 pr=50 surv=4 ex=0 bad=0 hits=0 t=0s
  F1 c6/c8: кривая не построена (нет точки на квартике)
  F2 c2/c3: кривая не построена (нет точки на квартике)
  F2 c2/c5: кривая не построена (нет точки на квартике)
  F2 c2/c6: нет рациональной точки для коники
  F2 c2/c8: кривая не построена (нет точки на квартике)
  F2 c3/c5@t0=20: rank[2,2] g=2 src=pari sat=1 tors=4 st=2204 hmax=900 pr=50 surv=4 ex=0 bad=0 hits=0 t=0s
  F2 c3/c6: кривая не построена (нет точки на квартике)
  F2 c3/c8@t0=20: rank[3,3] g=3 src=pari sat=1 tors=4 st=9604 hmax=305 pr=50 surv=4 ex=0 bad=0 hits=0 t=0s
  F2 c5/c6: кривая не построена (нет точки на квартике)
  F2 c5/c8@t0=20: rank[1,1] g=1 src=pari sat=1 tors=4 st=124 hmax=892 pr=50 surv=4 ex=0 bad=0 hits=0 t=0s
  F2 c6/c8: кривая не построена (нет точки на квартике)
  F3 c1/c3: нет рациональной точки для коники
  F3 c1/c5: нет рациональной точки для коники
  F3 c1/c6: кривая не построена (нет точки на квартике)
  F3 c1/c7: нет рациональной точки для коники
  F3 c3/c5: нет рациональной точки для коники
  F3 c3/c6: кривая не построена (нет точки на квартике)
  F3 c3/c7: нет рациональной точки для коники
  F3 c5/c6: кривая не построена (нет точки на квартике)
  F3 c5/c7: нет рациональной точки для коники
  F3 c6/c7: кривая не построена (нет точки на квартике)
  F4 c2/c3: кривая не построена (нет точки на квартике)
  F4 c2/c5: кривая не построена (нет точки на квартике)
  F4 c2/c6: нет рациональной точки для коники
  F4 c2/c7: кривая не построена (нет точки на квартике)
  F4 c3/c5@t0=20: rank[2,2] g=2 src=pari sat=1 tors=4 st=4980 hmax=899 pr=50 surv=4 ex=0 bad=0 hits=0 t=0s
  F4 c3/c6: кривая не построена (нет точки на квартике)
  F4 c3/c7@t0=20: rank[2,2] g=2 src=pari sat=1 tors=4 st=4980 hmax=899 pr=50 surv=4 ex=0 bad=0 hits=0 t=0s
  F4 c5/c6: кривая не построена (нет точки на квартике)
  F4 c5/c7@t0=20: rank[2,2] g=2 src=pari sat=1 tors=4 st=3204 hmax=900 pr=50 surv=4 ex=0 bad=0 hits=0 t=0s
  F4 c6/c7: кривая не построена (нет точки на квартике)
== (P,Q)=(37,21) C=905 non
  F1 c0/c2: кривая не построена (нет точки на квартике)
  F1 c0/c3@t0=21: rank[2,2] g=2 src=pari sat=1 tors=4 st=2700 hmax=898 pr=50 surv=4 ex=0 bad=0 hits=0 t=0s
  F1 c0/c6: кривая не построена (нет точки на квартике)
  F1 c0/c8@t0=21: rank[2,2] g=2 src=pari sat=1 tors=4 st=6988 hmax=897 pr=50 surv=4 ex=0 bad=0 hits=0 t=0s
  F1 c3/c2@t0=21: rank[2,2] g=2 src=pari sat=1 tors=4 st=2700 hmax=898 pr=50 surv=2 ex=0 bad=0 hits=0 t=0s
  F1 c2/c6@t0=37: rank[2,2] g=2 src=pari sat=1 tors=4 st=1172 hmax=893 pr=50 surv=4 ex=0 bad=0 hits=0 t=0s
  F1 c8/c2@t0=21: rank[1,1] g=1 src=pari sat=1 tors=4 st=68 hmax=741 pr=50 surv=2 ex=0 bad=0 hits=0 t=0s
  F1 c3/c6@t0=21: rank[2,2] g=2 src=pari sat=1 tors=4 st=2164 hmax=897 pr=50 surv=2 ex=0 bad=0 hits=0 t=0s
  F1 c3/c8@t0=21: rank[2,2] g=2 src=pari sat=1 tors=4 st=2164 hmax=897 pr=50 surv=4 ex=0 bad=0 hits=0 t=0s
  F1 c6/c8: кривая не построена (нет точки на квартике)
  F2 c2/c3: кривая не построена (нет точки на квартике)
  F2 c2/c5: кривая не построена (нет точки на квартике)
  F2 c2/c6: нет рациональной точки для коники
  F2 c8/c2@t0=21: rank[2,2] g=2 src=pari sat=1 tors=4 st=1692 hmax=898 pr=50 surv=2 ex=0 bad=0 hits=0 t=0s
  F2 c3/c5@t0=21: rank[2,2] g=2 src=pari sat=1 tors=4 st=2700 hmax=898 pr=50 surv=4 ex=0 bad=0 hits=0 t=0s
  F2 c3/c6@t0=21: rank[1,1] g=1 src=pari sat=1 tors=4 st=68 hmax=741 pr=50 surv=2 ex=0 bad=0 hits=0 t=0s
  F2 c3/c8@t0=21: rank[2,2] g=2 src=pari sat=1 tors=4 st=1172 hmax=893 pr=50 surv=4 ex=0 bad=0 hits=0 t=0s
  F2 c5/c6: кривая не построена (нет точки на квартике)
  F2 c5/c8@t0=21: rank[2,2] g=2 src=pari sat=1 tors=4 st=6988 hmax=897 pr=50 surv=4 ex=0 bad=0 hits=0 t=0s
  F2 c6/c8: кривая не построена (нет точки на квартике)
  F3 c1/c3: нет рациональной точки для коники
  F3 c1/c5: нет рациональной точки для коники
  F3 c6/c1@t0=21: rank[2,2] g=2 src=pari sat=1 tors=4 st=1692 hmax=898 pr=50 surv=2 ex=0 bad=0 hits=0 t=0s
  F3 c1/c7: нет рациональной точки для коники
  F3 c3/c5: нет рациональной точки для коники
  F3 c6/c3@t0=21: rank[2,2] g=2 src=pari sat=1 tors=4 st=1692 hmax=898 pr=50 surv=2 ex=0 bad=0 hits=0 t=0s
  F3 c3/c7: нет рациональной точки для коники
  F3 c5/c6: кривая не построена (нет точки на квартике)
  F3 c5/c7: нет рациональной точки для коники
  F3 c6/c7: кривая не построена (нет точки на квартике)
  F4 c2/c3: кривая не построена (нет точки на квартике)
  F4 c2/c5: кривая не построена (нет точки на квартике)
  F4 c2/c6: нет рациональной точки для коники
  F4 c7/c2@t0=21: rank[2,2] g=2 src=pari sat=1 tors=4 st=1692 hmax=898 pr=50 surv=2 ex=0 bad=0 hits=0 t=0s
  F4 c3/c5@t0=21: rank[1,1] g=1 src=pari sat=1 tors=4 st=124 hmax=889 pr=50 surv=4 ex=0 bad=0 hits=0 t=0s
  F4 c3/c6: кривая не построена (нет точки на квартике)
  F4 c3/c7@t0=21: rank[1,1] g=1 src=pari sat=1 tors=4 st=124 hmax=889 pr=50 surv=4 ex=0 bad=0 hits=0 t=0s
  F4 c5/c6: кривая не построена (нет точки на квартике)
  F4 c5/c7@t0=21: rank[2,2] g=2 src=pari sat=1 tors=4 st=4116 hmax=897 pr=50 surv=4 ex=0 bad=0 hits=0 t=0s
  F4 c6/c7: кривая не построена (нет точки на квартике)
== (P,Q)=(37,22) C=1853/2 non
  F1 c0/c2: кривая не построена (нет точки на квартике)
  F1 c0/c3@t0=22: rank[1,1] g=1 src=pari sat=1 tors=4 st=116 hmax=798 pr=50 surv=4 ex=0 bad=0 hits=0 t=0s
  F1 c0/c6: кривая не построена (нет точки на квартике)
  F1 c0/c8@t0=22: rank[2,2] g=2 src=pari sat=1 tors=4 st=2716 hmax=896 pr=50 surv=4 ex=0 bad=0 hits=0 t=0s
  F1 c3/c2@t0=22: rank[1,1] g=1 src=pari sat=1 tors=4 st=116 hmax=798 pr=50 surv=2 ex=0 bad=0 hits=0 t=0s
  F1 c2/c6@t0=37: rank[1,1] g=1 src=pari sat=1 tors=4 st=124 hmax=870 pr=50 surv=4 ex=0 bad=0 hits=0 t=0s
  F1 c2/c8: кривая не построена (нет точки на квартике)
  F1 c3/c6@t0=22: rank[2,2] g=2 src=pari sat=1 tors=4 st=2084 hmax=898 pr=50 surv=2 ex=0 bad=0 hits=0 t=0s
  F1 c3/c8@t0=22: rank[2,2] g=2 src=pari sat=1 tors=4 st=2084 hmax=898 pr=50 surv=4 ex=0 bad=0 hits=0 t=0s
  F1 c6/c8: кривая не построена (нет точки на квартике)
  F2 c2/c3: кривая не построена (нет точки на квартике)
  F2 c2/c5: кривая не построена (нет точки на квартике)
  F2 c2/c6: нет рациональной точки для коники
  F2 c2/c8: кривая не построена (нет точки на квартике)
  F2 c3/c5@t0=22: rank[1,1] g=1 src=pari sat=1 tors=4 st=116 hmax=798 pr=50 surv=4 ex=0 bad=0 hits=0 t=0s
  F2 c3/c6: кривая не построена (нет точки на квартике)
  F2 c3/c8@t0=22: rank[1,1] g=1 src=pari sat=1 tors=4 st=124 hmax=870 pr=50 surv=4 ex=0 bad=0 hits=0 t=0s
  F2 c5/c6: кривая не построена (нет точки на квартике)
  F2 c5/c8@t0=22: rank[2,2] g=2 src=pari sat=1 tors=4 st=2716 hmax=896 pr=50 surv=4 ex=0 bad=0 hits=0 t=0s
  F2 c6/c8: кривая не построена (нет точки на квартике)
  F3 c1/c3: нет рациональной точки для коники
  F3 c1/c5: нет рациональной точки для коники
  F3 c1/c6: кривая не построена (нет точки на квартике)
  F3 c1/c7: нет рациональной точки для коники
  F3 c3/c5: нет рациональной точки для коники
  F3 c3/c6: кривая не построена (нет точки на квартике)
  F3 c3/c7: нет рациональной точки для коники
  F3 c5/c6: кривая не построена (нет точки на квартике)
  F3 c5/c7: нет рациональной точки для коники
  F3 c6/c7: кривая не построена (нет точки на квартике)
  F4 c2/c3: кривая не построена (нет точки на квартике)
  F4 c2/c5: кривая не построена (нет точки на квартике)
  F4 c2/c6: нет рациональной точки для коники
  F4 c2/c7: кривая не построена (нет точки на квартике)
  F4 c3/c5@t0=22: rank[2,2] g=2 src=pari sat=1 tors=4 st=3836 hmax=895 pr=50 surv=4 ex=0 bad=0 hits=0 t=0s
  F4 c3/c6: кривая не построена (нет точки на квартике)
  F4 c3/c7@t0=22: rank[2,2] g=2 src=pari sat=1 tors=4 st=3836 hmax=895 pr=50 surv=4 ex=0 bad=0 hits=0 t=0s
  F4 c5/c6@t0=22: rank[2,2] g=2 src=pari sat=1 tors=4 st=3020 hmax=900 pr=50 surv=6 ex=0 bad=0 hits=0 t=0s
  F4 c5/c7@t0=22: rank[3,3] g=3 src=pari sat=1 tors=4 st=9604 hmax=228 pr=50 surv=4 ex=0 bad=0 hits=0 t=0s
  F4 c6/c7: кривая не построена (нет точки на квартике)
== (P,Q)=(37,23) C=949 non
  F1 c0/c2: кривая не построена (нет точки на квартике)
  F1 c0/c3@t0=23: rank[4,4] g=4 src=pari sat=1 tors=4 st=9604 hmax=64 pr=50 surv=4 ex=0 bad=0 hits=0 t=0s
  F1 c0/c6: кривая не построена (нет точки на квартике)
  F1 c0/c8@t0=23: rank[3,3] g=3 src=pari sat=1 tors=4 st=9604 hmax=165 pr=50 surv=4 ex=0 bad=0 hits=0 t=0s
  F1 c3/c2@t0=23: rank[4,4] g=4 src=pari sat=1 tors=4 st=9604 hmax=64 pr=50 surv=2 ex=0 bad=0 hits=0 t=0s
  F1 c2/c6@t0=37: rank[3,3] g=3 src=pari sat=1 tors=4 st=9588 hmax=281 pr=50 surv=4 ex=0 bad=0 hits=0 t=0s
  F1 c2/c8: кривая не построена (нет точки на квартике)
  F1 c3/c6@t0=23: rank[2,2] g=2 src=pari sat=1 tors=4 st=2612 hmax=899 pr=50 surv=2 ex=0 bad=0 hits=0 t=0s
  F1 c3/c8@t0=23: rank[2,2] g=2 src=pari sat=1 tors=4 st=2612 hmax=899 pr=50 surv=4 ex=0 bad=0 hits=0 t=0s
  F1 c6/c8: кривая не построена (нет точки на квартике)
  F2 c2/c3: кривая не построена (нет точки на квартике)
  F2 c2/c5: кривая не построена (нет точки на квартике)
  F2 c2/c6: нет рациональной точки для коники
  F2 c2/c8: кривая не построена (нет точки на квартике)
  F2 c3/c5@t0=23: rank[4,4] g=4 src=pari sat=1 tors=4 st=9604 hmax=64 pr=50 surv=4 ex=0 bad=0 hits=0 t=1s
  F2 c3/c6: кривая не построена (нет точки на квартике)
  F2 c3/c8@t0=23: rank[3,3] g=3 src=pari sat=1 tors=4 st=9588 hmax=281 pr=50 surv=4 ex=0 bad=0 hits=0 t=0s
  F2 c5/c6: кривая не построена (нет точки на квартике)
  F2 c5/c8@t0=23: rank[3,3] g=3 src=pari sat=1 tors=4 st=9604 hmax=165 pr=50 surv=4 ex=0 bad=0 hits=0 t=0s
  F2 c6/c8: кривая не построена (нет точки на квартике)
  F3 c1/c3: нет рациональной точки для коники
  F3 c1/c5: нет рациональной точки для коники
  F3 c1/c6: кривая не построена (нет точки на квартике)
  F3 c1/c7: нет рациональной точки для коники
  F3 c3/c5: нет рациональной точки для коники
  F3 c3/c6: кривая не построена (нет точки на квартике)
  F3 c3/c7: нет рациональной точки для коники
  F3 c5/c6: кривая не построена (нет точки на квартике)
  F3 c5/c7: нет рациональной точки для коники
  F3 c6/c7: кривая не построена (нет точки на квартике)
  F4 c2/c3: кривая не построена (нет точки на квартике)
  F4 c2/c5: кривая не построена (нет точки на квартике)
  F4 c2/c6: нет рациональной точки для коники
  F4 c2/c7: кривая не построена (нет точки на квартике)
  F4 c3/c5@t0=23: rank[1,1] g=1 src=pari sat=1 tors=4 st=124 hmax=888 pr=50 surv=4 ex=0 bad=0 hits=0 t=0s
  F4 c3/c6: кривая не построена (нет точки на квартике)
  F4 c3/c7@t0=23: rank[1,1] g=1 src=pari sat=1 tors=4 st=124 hmax=888 pr=50 surv=4 ex=0 bad=0 hits=0 t=0s
  F4 c5/c6: кривая не построена (нет точки на квартике)
  F4 c5/c7@t0=23: rank[2,2] g=2 src=pari sat=1 tors=4 st=4244 hmax=900 pr=50 surv=4 ex=0 bad=0 hits=0 t=0s
  F4 c6/c7: кривая не построена (нет точки на квартике)
== (P,Q)=(37,24) C=1945/2 non
  F1 c0/c2: кривая не построена (нет точки на квартике)
  F1 c0/c3@t0=24: rank[2,2] g=2 src=pari sat=1 tors=4 st=1148 hmax=889 pr=50 surv=4 ex=0 bad=0 hits=0 t=0s
  F1 c0/c6: кривая не построена (нет точки на квартике)
  F1 c0/c8@t0=24: rank[2,2] g=2 src=pari sat=1 tors=4 st=1388 hmax=900 pr=50 surv=4 ex=0 bad=0 hits=0 t=0s
  F1 c3/c2@t0=24: rank[2,2] g=2 src=pari sat=1 tors=4 st=1148 hmax=889 pr=50 surv=2 ex=0 bad=0 hits=0 t=0s
  F1 c2/c6@t0=37: rank[3,3] g=3 src=pari sat=1 tors=4 st=9564 hmax=443 pr=50 surv=4 ex=0 bad=0 hits=0 t=0s
  F1 c2/c8: кривая не построена (нет точки на квартике)
  F1 c3/c6@t0=24: rank[1,1] g=1 src=pari sat=1 tors=4 st=124 hmax=850 pr=50 surv=2 ex=0 bad=0 hits=0 t=0s
  F1 c3/c8@t0=24: rank[1,1] g=1 src=pari sat=1 tors=4 st=124 hmax=850 pr=50 surv=4 ex=0 bad=0 hits=0 t=0s
  F1 c6/c8: кривая не построена (нет точки на квартике)
  F2 c2/c3: кривая не построена (нет точки на квартике)
  F2 c2/c5: кривая не построена (нет точки на квартике)
  F2 c2/c6: нет рациональной точки для коники
  F2 c2/c8: кривая не построена (нет точки на квартике)
  F2 c3/c5@t0=24: rank[2,2] g=2 src=pari sat=1 tors=4 st=1148 hmax=889 pr=50 surv=4 ex=0 bad=0 hits=0 t=0s
  F2 c3/c6: кривая не построена (нет точки на квартике)
  F2 c3/c8@t0=24: rank[3,3] g=3 src=pari sat=1 tors=4 st=9564 hmax=443 pr=50 surv=4 ex=0 bad=0 hits=0 t=0s
  F2 c5/c6: кривая не построена (нет точки на квартике)
  F2 c5/c8@t0=24: rank[2,2] g=2 src=pari sat=1 tors=4 st=1388 hmax=900 pr=50 surv=4 ex=0 bad=0 hits=0 t=0s
  F2 c6/c8: кривая не построена (нет точки на квартике)
  F3 c1/c3: нет рациональной точки для коники
  F3 c1/c5: нет рациональной точки для коники
  F3 c1/c6: кривая не построена (нет точки на квартике)
  F3 c1/c7: нет рациональной точки для коники
  F3 c3/c5: нет рациональной точки для коники
  F3 c3/c6: кривая не построена (нет точки на квартике)
  F3 c3/c7: нет рациональной точки для коники
  F3 c5/c6: кривая не построена (нет точки на квартике)
  F3 c5/c7: нет рациональной точки для коники
  F3 c6/c7: кривая не построена (нет точки на квартике)
  F4 c2/c3: кривая не построена (нет точки на квартике)
  F4 c2/c5: кривая не построена (нет точки на квартике)
  F4 c2/c6: нет рациональной точки для коники
  F4 c2/c7: кривая не построена (нет точки на квартике)
  F4 c3/c5@t0=24: rank[2,2] g=2 src=pari sat=1 tors=4 st=3860 hmax=899 pr=50 surv=4 ex=0 bad=0 hits=0 t=0s
  F4 c3/c6: кривая не построена (нет точки на квартике)
  F4 c3/c7@t0=24: rank[2,2] g=2 src=pari sat=1 tors=4 st=3860 hmax=899 pr=50 surv=4 ex=0 bad=0 hits=0 t=0s
  F4 c5/c6: кривая не построена (нет точки на квартике)
  F4 c5/c7@t0=24: rank[1,1] g=1 src=pari sat=1 tors=4 st=124 hmax=847 pr=50 surv=4 ex=0 bad=0 hits=0 t=0s
  F4 c6/c7: кривая не построена (нет точки на квартике)
== (P,Q)=(37,25) C=997 non
  F1 c0/c2: кривая не построена (нет точки на квартике)
  F1 c0/c3@t0=25: rank[2,2] g=2 src=pari sat=1 tors=4 st=1244 hmax=875 pr=50 surv=4 ex=0 bad=0 hits=0 t=0s
  F1 c0/c6: кривая не построена (нет точки на квартике)
  F1 c0/c8@t0=25: rank[1,1] g=1 src=pari sat=1 tors=4 st=132 hmax=894 pr=50 surv=4 ex=0 bad=0 hits=0 t=0s
  F1 c3/c2@t0=25: rank[2,2] g=2 src=pari sat=1 tors=4 st=1244 hmax=875 pr=50 surv=2 ex=0 bad=0 hits=0 t=0s
  F1 c2/c6@t0=37: rank[2,2] g=2 src=pari sat=1 tors=4 st=1668 hmax=891 pr=50 surv=4 ex=0 bad=0 hits=0 t=0s
  F1 c2/c8: кривая не построена (нет точки на квартике)
  F1 c3/c6@t0=25: rank[1,1] g=1 src=pari sat=1 tors=4 st=116 hmax=811 pr=50 surv=2 ex=0 bad=0 hits=0 t=0s
  F1 c3/c8@t0=25: rank[1,1] g=1 src=pari sat=1 tors=4 st=116 hmax=811 pr=50 surv=4 ex=0 bad=0 hits=0 t=0s
  F1 c6/c8: кривая не построена (нет точки на квартике)
  F2 c2/c3: кривая не построена (нет точки на квартике)
  F2 c2/c5: кривая не построена (нет точки на квартике)
  F2 c2/c6: нет рациональной точки для коники
  F2 c2/c8: кривая не построена (нет точки на квартике)
  F2 c3/c5@t0=25: rank[2,2] g=2 src=pari sat=1 tors=4 st=1244 hmax=875 pr=50 surv=4 ex=0 bad=0 hits=0 t=0s
  F2 c3/c6: кривая не построена (нет точки на квартике)
  F2 c3/c8@t0=25: rank[2,2] g=2 src=pari sat=1 tors=4 st=1668 hmax=891 pr=50 surv=4 ex=0 bad=0 hits=0 t=0s
  F2 c5/c6: кривая не построена (нет точки на квартике)
  F2 c5/c8@t0=25: rank[1,1] g=1 src=pari sat=1 tors=4 st=132 hmax=894 pr=50 surv=4 ex=0 bad=0 hits=0 t=0s
  F2 c6/c8: кривая не построена (нет точки на квартике)
  F3 c1/c3: нет рациональной точки для коники
  F3 c1/c5: нет рациональной точки для коники
  F3 c1/c6: кривая не построена (нет точки на квартике)
  F3 c1/c7: нет рациональной точки для коники
  F3 c3/c5: нет рациональной точки для коники
  F3 c3/c6: кривая не построена (нет точки на квартике)
  F3 c3/c7: нет рациональной точки для коники
  F3 c5/c6: кривая не построена (нет точки на квартике)
  F3 c5/c7: нет рациональной точки для коники
  F3 c6/c7: кривая не построена (нет точки на квартике)
  F4 c2/c3: кривая не построена (нет точки на квартике)
  F4 c2/c5: кривая не построена (нет точки на квартике)
  F4 c2/c6: нет рациональной точки для коники
  F4 c2/c7: кривая не построена (нет точки на квартике)
  F4 c3/c5@t0=25: rank[3,3] g=3 src=pari sat=1 tors=4 st=9564 hmax=181 pr=50 surv=4 ex=0 bad=0 hits=0 t=0s
  F4 c3/c6: кривая не построена (нет точки на квартике)
  F4 c3/c7@t0=25: rank[3,3] g=3 src=pari sat=1 tors=4 st=9564 hmax=181 pr=50 surv=4 ex=0 bad=0 hits=0 t=0s
  F4 c5/c6: кривая не построена (нет точки на квартике)
  F4 c5/c7@t0=25: rank[1,1] g=1 src=pari sat=1 tors=4 st=124 hmax=849 pr=50 surv=4 ex=0 bad=0 hits=0 t=0s
  F4 c6/c7: кривая не построена (нет точки на квартике)
== (P,Q)=(37,26) C=2045/2 non
  F1 c0/c2: кривая не построена (нет точки на квартике)
  F1 c0/c3@t0=26: rank[2,2] g=2 src=pari sat=1 tors=4 st=2892 hmax=899 pr=50 surv=4 ex=0 bad=0 hits=0 t=0s
  F1 c0/c6: кривая не построена (нет точки на квартике)
  F1 c0/c8@t0=26: rank[1,1] g=1 src=pari sat=1 tors=4 st=116 hmax=788 pr=50 surv=4 ex=0 bad=0 hits=0 t=0s
  F1 c3/c2@t0=26: rank[2,2] g=2 src=pari sat=1 tors=4 st=2892 hmax=899 pr=50 surv=2 ex=0 bad=0 hits=0 t=0s
  F1 c2/c6@t0=37: rank[2,2] g=2 src=pari sat=1 tors=4 st=1004 hmax=900 pr=50 surv=4 ex=0 bad=0 hits=0 t=0s
  F1 c2/c8: кривая не построена (нет точки на квартике)
  F1 c3/c6@t0=26: rank[3,3] g=3 src=pari sat=1 tors=4 st=9604 hmax=296 pr=50 surv=2 ex=0 bad=0 hits=0 t=0s
  F1 c3/c8@t0=26: rank[3,3] g=3 src=pari sat=1 tors=4 st=9604 hmax=296 pr=50 surv=4 ex=0 bad=0 hits=0 t=0s
  F1 c6/c8: кривая не построена (нет точки на квартике)
  F2 c2/c3: кривая не построена (нет точки на квартике)
  F2 c2/c5: кривая не построена (нет точки на квартике)
  F2 c2/c6: нет рациональной точки для коники
  F2 c2/c8: кривая не построена (нет точки на квартике)
  F2 c3/c5@t0=26: rank[2,2] g=2 src=pari sat=1 tors=4 st=2892 hmax=899 pr=50 surv=4 ex=0 bad=0 hits=0 t=0s
  F2 c3/c6: кривая не построена (нет точки на квартике)
  F2 c3/c8@t0=26: rank[2,2] g=2 src=pari sat=1 tors=4 st=1004 hmax=900 pr=50 surv=4 ex=0 bad=0 hits=0 t=0s
  F2 c5/c6: кривая не построена (нет точки на квартике)
  F2 c5/c8@t0=26: rank[1,1] g=1 src=pari sat=1 tors=4 st=116 hmax=788 pr=50 surv=4 ex=0 bad=0 hits=0 t=0s
  F2 c6/c8: кривая не построена (нет точки на квартике)
  F3 c1/c3: нет рациональной точки для коники
  F3 c1/c5: нет рациональной точки для коники
  F3 c1/c6: кривая не построена (нет точки на квартике)
  F3 c1/c7: нет рациональной точки для коники
  F3 c3/c5: нет рациональной точки для коники
  F3 c3/c6: кривая не построена (нет точки на квартике)
  F3 c3/c7: нет рациональной точки для коники
  F3 c5/c6: кривая не построена (нет точки на квартике)
  F3 c5/c7: нет рациональной точки для коники
  F3 c6/c7: кривая не построена (нет точки на квартике)
  F4 c2/c3: кривая не построена (нет точки на квартике)
  F4 c2/c5: кривая не построена (нет точки на квартике)
  F4 c2/c6: нет рациональной точки для коники
  F4 c2/c7: кривая не построена (нет точки на квартике)
  F4 c3/c5@t0=26: rank[2,2] g=2 src=pari sat=1 tors=4 st=4764 hmax=897 pr=50 surv=4 ex=0 bad=0 hits=0 t=0s
  F4 c3/c6: кривая не построена (нет точки на квартике)
  F4 c3/c7@t0=26: rank[2,2] g=2 src=pari sat=1 tors=4 st=4764 hmax=897 pr=50 surv=4 ex=0 bad=0 hits=0 t=0s
  F4 c5/c6@t0=26: rank[2,2] g=2 src=pari sat=1 tors=4 st=4276 hmax=897 pr=50 surv=6 ex=0 bad=0 hits=0 t=0s
  F4 c5/c7@t0=26: rank[2,2] g=2 src=pari sat=1 tors=4 st=2588 hmax=898 pr=50 surv=4 ex=0 bad=0 hits=0 t=0s
  F4 c6/c7: кривая не построена (нет точки на квартике)
== (P,Q)=(37,27) C=1049 non
  F1 c0/c2: кривая не построена (нет точки на квартике)
  F1 c0/c3@t0=27: rank[1,1] g=1 src=pari sat=1 tors=4 st=116 hmax=812 pr=50 surv=4 ex=0 bad=0 hits=0 t=0s
  F1 c0/c6: кривая не построена (нет точки на квартике)
  F1 c0/c8@t0=27: rank[1,1] g=1 src=pari sat=1 tors=4 st=132 hmax=899 pr=50 surv=4 ex=0 bad=0 hits=0 t=0s
  F1 c3/c2@t0=27: rank[1,1] g=1 src=pari sat=1 tors=4 st=116 hmax=812 pr=50 surv=2 ex=0 bad=0 hits=0 t=0s
  F1 c2/c6@t0=37: rank[2,2] g=2 src=pari sat=1 tors=4 st=1380 hmax=895 pr=50 surv=4 ex=0 bad=0 hits=0 t=0s
  F1 c8/c2@t0=27: rank[2,2] g=2 src=pari sat=1 tors=4 st=1140 hmax=882 pr=50 surv=2 ex=0 bad=0 hits=0 t=0s
  F1 c3/c6@t0=27: rank[2,2] g=2 src=pari sat=1 tors=4 st=1004 hmax=897 pr=50 surv=2 ex=0 bad=0 hits=0 t=0s
  F1 c3/c8@t0=27: rank[2,2] g=2 src=pari sat=1 tors=4 st=1004 hmax=897 pr=50 surv=4 ex=0 bad=0 hits=0 t=0s
  F1 c6/c8: кривая не построена (нет точки на квартике)
  F2 c2/c3: кривая не построена (нет точки на квартике)
  F2 c2/c5: кривая не построена (нет точки на квартике)
  F2 c2/c6: нет рациональной точки для коники
  F2 c2/c8: кривая не построена (нет точки на квартике)
  F2 c3/c5@t0=27: rank[1,1] g=1 src=pari sat=1 tors=4 st=116 hmax=812 pr=50 surv=4 ex=0 bad=0 hits=0 t=0s
  F2 c3/c6@t0=27: rank[2,2] g=2 src=pari sat=1 tors=4 st=1140 hmax=882 pr=50 surv=2 ex=0 bad=0 hits=0 t=0s
  F2 c3/c8@t0=27: rank[2,2] g=2 src=pari sat=1 tors=4 st=1380 hmax=895 pr=50 surv=4 ex=0 bad=0 hits=0 t=0s
  F2 c5/c6: кривая не построена (нет точки на квартике)
  F2 c5/c8@t0=27: rank[1,1] g=1 src=pari sat=1 tors=4 st=132 hmax=899 pr=50 surv=4 ex=0 bad=0 hits=0 t=0s
  F2 c6/c8: кривая не построена (нет точки на квартике)
  F3 c1/c3: нет рациональной точки для коники
  F3 c1/c5: нет рациональной точки для коники
  F3 c1/c6: кривая не построена (нет точки на квартике)
  F3 c1/c7: нет рациональной точки для коники
  F3 c3/c5: нет рациональной точки для коники
  F3 c3/c6: кривая не построена (нет точки на квартике)
  F3 c3/c7: нет рациональной точки для коники
  F3 c5/c6: кривая не построена (нет точки на квартике)
  F3 c5/c7: нет рациональной точки для коники
  F3 c6/c7: кривая не построена (нет точки на квартике)
  F4 c2/c3: кривая не построена (нет точки на квартике)
  F4 c2/c5: кривая не построена (нет точки на квартике)
  F4 c2/c6: нет рациональной точки для коники
  F4 c2/c7: кривая не построена (нет точки на квартике)
  F4 c3/c5@t0=27: rank[2,2] g=2 src=pari sat=1 tors=4 st=1724 hmax=891 pr=50 surv=4 ex=0 bad=0 hits=0 t=0s
  F4 c3/c6: кривая не построена (нет точки на квартике)
  F4 c3/c7@t0=27: rank[2,2] g=2 src=pari sat=1 tors=4 st=1724 hmax=891 pr=50 surv=4 ex=0 bad=0 hits=0 t=0s
  F4 c5/c6@t0=27: rank[1,1] g=1 src=pari sat=1 tors=4 st=172 hmax=838 pr=50 surv=6 ex=0 bad=0 hits=0 t=0s
  F4 c5/c7@t0=27: rank[1,1] g=1 src=pari sat=1 tors=4 st=124 hmax=853 pr=50 surv=4 ex=0 bad=0 hits=0 t=0s
  F4 c6/c7: кривая не построена (нет точки на квартике)
== (P,Q)=(37,28) C=2153/2 non
  F1 c0/c2: кривая не построена (нет точки на квартике)
  F1 c0/c3@t0=28: rank[2,2] g=2 src=pari sat=1 tors=4 st=2644 hmax=891 pr=50 surv=4 ex=0 bad=0 hits=0 t=0s
  F1 c0/c6: кривая не построена (нет точки на квартике)
  F1 c0/c8@t0=28: rank[3,3] g=3 src=pari sat=1 tors=4 st=9604 hmax=290 pr=50 surv=4 ex=0 bad=0 hits=0 t=0s
  F1 c3/c2@t0=28: rank[2,2] g=2 src=pari sat=1 tors=4 st=2644 hmax=891 pr=50 surv=2 ex=0 bad=0 hits=0 t=0s
  F1 c2/c6@t0=37: rank[2,2] g=2 src=pari sat=1 tors=4 st=2652 hmax=900 pr=50 surv=4 ex=0 bad=0 hits=0 t=0s
  F1 c2/c8: кривая не построена (нет точки на квартике)
  F1 c3/c6@t0=28: rank[1,1] g=1 src=pari sat=1 tors=4 st=124 hmax=861 pr=50 surv=2 ex=0 bad=0 hits=0 t=0s
  F1 c3/c8@t0=28: rank[1,1] g=1 src=pari sat=1 tors=4 st=124 hmax=861 pr=50 surv=4 ex=0 bad=0 hits=0 t=0s
  F1 c6/c8: кривая не построена (нет точки на квартике)
  F2 c2/c3: кривая не построена (нет точки на квартике)
  F2 c2/c5: кривая не построена (нет точки на квартике)
  F2 c2/c6: кривая не построена (нет точки на квартике)
  F2 c2/c8: кривая не построена (нет точки на квартике)
  F2 c3/c5@t0=28: rank[2,2] g=2 src=pari sat=1 tors=4 st=2644 hmax=891 pr=50 surv=4 ex=0 bad=0 hits=0 t=0s
  F2 c3/c6: кривая не построена (нет точки на квартике)
  F2 c3/c8@t0=28: rank[2,2] g=2 src=pari sat=1 tors=4 st=2652 hmax=900 pr=50 surv=4 ex=0 bad=0 hits=0 t=0s
  F2 c5/c6: кривая не построена (нет точки на квартике)
  F2 c5/c8@t0=28: rank[3,3] g=3 src=pari sat=1 tors=4 st=9604 hmax=290 pr=50 surv=4 ex=0 bad=0 hits=0 t=0s
  F2 c6/c8: кривая не построена (нет точки на квартике)
  F3 c1/c3: кривая не построена (нет точки на квартике)
  F3 c1/c5: кривая не построена (нет точки на квартике)
  F3 c1/c6: кривая не построена (нет точки на квартике)
  F3 c1/c7: кривая не построена (нет точки на квартике)
  F3 c3/c5: нет рациональной точки для коники
  F3 c3/c6: кривая не построена (нет точки на квартике)
  F3 c3/c7: нет рациональной точки для коники
  F3 c5/c6: кривая не построена (нет точки на квартике)
  F3 c5/c7: нет рациональной точки для коники
  F3 c6/c7: кривая не построена (нет точки на квартике)
  F4 c2/c3: кривая не построена (нет точки на квартике)
  F4 c2/c5: кривая не построена (нет точки на квартике)
  F4 c2/c6: кривая не построена (нет точки на квартике)
  F4 c2/c7: кривая не построена (нет точки на квартике)
  F4 c3/c5@t0=28: rank[1,1] g=1 src=pari sat=1 tors=4 st=124 hmax=807 pr=50 surv=4 ex=0 bad=0 hits=0 t=0s
  F4 c3/c6: кривая не построена (нет точки на квартике)
  F4 c3/c7@t0=28: rank[1,1] g=1 src=pari sat=1 tors=4 st=124 hmax=807 pr=50 surv=4 ex=0 bad=0 hits=0 t=0s
  F4 c5/c6: кривая не построена (нет точки на квартике)
  F4 c5/c7@t0=28: rank[2,2] g=2 src=pari sat=1 tors=4 st=2220 hmax=899 pr=50 surv=4 ex=0 bad=0 hits=0 t=0s
  F4 c6/c7: кривая не построена (нет точки на квартике)
== (P,Q)=(37,29) C=1105 non
  F1 c0/c2: кривая не построена (нет точки на квартике)
  F1 c0/c3@t0=29: rank[1,1] g=1 src=pari sat=1 tors=4 st=116 hmax=818 pr=50 surv=4 ex=0 bad=0 hits=0 t=0s
  F1 c0/c6: кривая не построена (нет точки на квартике)
  F1 c0/c8@t0=29: rank[2,2] g=2 src=pari sat=1 tors=4 st=2180 hmax=899 pr=50 surv=4 ex=0 bad=0 hits=0 t=0s
  F1 c3/c2@t0=29: rank[1,1] g=1 src=pari sat=1 tors=4 st=116 hmax=818 pr=50 surv=2 ex=0 bad=0 hits=0 t=0s
  F1 c2/c6@t0=37: rank[2,2] g=2 src=pari sat=1 tors=4 st=2484 hmax=897 pr=50 surv=4 ex=0 bad=0 hits=0 t=0s
  F1 c2/c8: кривая не построена (нет точки на квартике)
  F1 c3/c6@t0=29: rank[1,1] g=1 src=pari sat=1 tors=4 st=116 hmax=820 pr=50 surv=2 ex=0 bad=0 hits=0 t=0s
  F1 c3/c8@t0=29: rank[1,1] g=1 src=pari sat=1 tors=4 st=116 hmax=820 pr=50 surv=4 ex=0 bad=0 hits=0 t=0s
  F1 c6/c8: кривая не построена (нет точки на квартике)
  F2 c2/c3: кривая не построена (нет точки на квартике)
  F2 c2/c5: кривая не построена (нет точки на квартике)
  F2 c2/c6: нет рациональной точки для коники
  F2 c2/c8: кривая не построена (нет точки на квартике)
  F2 c3/c5@t0=29: rank[1,1] g=1 src=pari sat=1 tors=4 st=116 hmax=818 pr=50 surv=4 ex=0 bad=0 hits=0 t=0s
  F2 c3/c6: кривая не построена (нет точки на квартике)
  F2 c3/c8@t0=29: rank[2,2] g=2 src=pari sat=1 tors=4 st=2484 hmax=897 pr=50 surv=4 ex=0 bad=0 hits=0 t=0s
  F2 c5/c6: кривая не построена (нет точки на квартике)
  F2 c5/c8@t0=29: rank[2,2] g=2 src=pari sat=1 tors=4 st=2180 hmax=899 pr=50 surv=4 ex=0 bad=0 hits=0 t=0s
  F2 c8/c6@t0=29: rank[2,2] g=2 src=pari sat=1 tors=4 st=2716 hmax=898 pr=50 surv=2 ex=0 bad=0 hits=0 t=0s
  F3 c1/c3: нет рациональной точки для коники
  F3 c1/c5: нет рациональной точки для коники
  F3 c1/c6: кривая не построена (нет точки на квартике)
  F3 c1/c7: нет рациональной точки для коники
  F3 c3/c5: нет рациональной точки для коники
  F3 c3/c6: кривая не построена (нет точки на квартике)
  F3 c3/c7: нет рациональной точки для коники
  F3 c6/c5@t0=29: rank[2,2] g=2 src=pari sat=1 tors=4 st=2716 hmax=898 pr=50 surv=2 ex=0 bad=0 hits=0 t=0s
  F3 c5/c7: нет рациональной точки для коники
  F3 c6/c7@t0=29: rank[2,2] g=2 src=pari sat=1 tors=4 st=2716 hmax=898 pr=50 surv=2 ex=0 bad=0 hits=0 t=0s
  F4 c2/c3: кривая не построена (нет точки на квартике)
  F4 c2/c5: кривая не построена (нет точки на квартике)
  F4 c2/c6: нет рациональной точки для коники
  F4 c2/c7: кривая не построена (нет точки на квартике)
  F4 c3/c5@t0=29: rank[3,3] g=3 src=pari sat=1 tors=4 st=9604 hmax=146 pr=50 surv=4 ex=0 bad=0 hits=0 t=0s
  F4 c3/c6: кривая не построена (нет точки на квартике)
  F4 c3/c7@t0=29: rank[3,3] g=3 src=pari sat=1 tors=4 st=9604 hmax=146 pr=50 surv=4 ex=0 bad=0 hits=0 t=0s
  F4 c5/c6: кривая не построена (нет точки на квартике)
  F4 c5/c7@t0=29: rank[3,3] g=3 src=pari sat=1 tors=4 st=9580 hmax=140 pr=50 surv=4 ex=0 bad=0 hits=0 t=0s
  F4 c7/c6@t0=29: rank[2,2] g=2 src=pari sat=1 tors=4 st=2716 hmax=898 pr=50 surv=2 ex=0 bad=0 hits=0 t=0s
== (P,Q)=(37,30) C=2269/2 non
  F1 c0/c2: кривая не построена (нет точки на квартике)
  F1 c0/c3@t0=30: rank[2,2] g=2 src=pari sat=1 tors=4 st=1980 hmax=895 pr=50 surv=4 ex=0 bad=0 hits=0 t=0s
  F1 c0/c6: кривая не построена (нет точки на квартике)
  F1 c0/c8@t0=30: rank[2,2] g=2 src=pari sat=1 tors=4 st=2380 hmax=900 pr=50 surv=4 ex=0 bad=0 hits=0 t=0s
  F1 c3/c2@t0=30: rank[2,2] g=2 src=pari sat=1 tors=4 st=1980 hmax=895 pr=50 surv=2 ex=0 bad=0 hits=0 t=0s
  F1 c2/c6@t0=37: rank[2,2] g=2 src=pari sat=1 tors=4 st=1740 hmax=897 pr=50 surv=4 ex=0 bad=0 hits=0 t=0s
  F1 c2/c8: кривая не построена (нет точки на квартике)
  F1 c3/c6@t0=30: rank[2,2] g=2 src=pari sat=1 tors=4 st=1292 hmax=897 pr=50 surv=2 ex=0 bad=0 hits=0 t=0s
  F1 c3/c8@t0=30: rank[2,2] g=2 src=pari sat=1 tors=4 st=1292 hmax=897 pr=50 surv=4 ex=0 bad=0 hits=0 t=0s
  F1 c6/c8: кривая не построена (нет точки на квартике)
  F2 c2/c3: кривая не построена (нет точки на квартике)
  F2 c2/c5: кривая не построена (нет точки на квартике)
  F2 c2/c6: нет рациональной точки для коники
  F2 c2/c8: кривая не построена (нет точки на квартике)
  F2 c3/c5@t0=30: rank[2,2] g=2 src=pari sat=1 tors=4 st=1980 hmax=895 pr=50 surv=4 ex=0 bad=0 hits=0 t=0s
  F2 c3/c6: кривая не построена (нет точки на квартике)
  F2 c3/c8@t0=30: rank[2,2] g=2 src=pari sat=1 tors=4 st=1740 hmax=897 pr=50 surv=4 ex=0 bad=0 hits=0 t=0s
  F2 c5/c6: кривая не построена (нет точки на квартике)
  F2 c5/c8@t0=30: rank[2,2] g=2 src=pari sat=1 tors=4 st=2380 hmax=900 pr=50 surv=4 ex=0 bad=0 hits=0 t=0s
  F2 c6/c8: кривая не построена (нет точки на квартике)
  F3 c1/c3: нет рациональной точки для коники
  F3 c1/c5: нет рациональной точки для коники
  F3 c1/c6: кривая не построена (нет точки на квартике)
  F3 c1/c7: нет рациональной точки для коники
  F3 c3/c5: нет рациональной точки для коники
  F3 c3/c6: кривая не построена (нет точки на квартике)
  F3 c3/c7: нет рациональной точки для коники
  F3 c5/c6: кривая не построена (нет точки на квартике)
  F3 c5/c7: нет рациональной точки для коники
  F3 c6/c7: кривая не построена (нет точки на квартике)
  F4 c2/c3: кривая не построена (нет точки на квартике)
  F4 c2/c5: кривая не построена (нет точки на квартике)
  F4 c2/c6: нет рациональной точки для коники
  F4 c2/c7: кривая не построена (нет точки на квартике)
  F4 c3/c5@t0=30: rank[1,1] g=1 src=pari sat=1 tors=4 st=124 hmax=805 pr=50 surv=4 ex=0 bad=0 hits=0 t=0s
  F4 c3/c6: кривая не построена (нет точки на квартике)
  F4 c3/c7@t0=30: rank[1,1] g=1 src=pari sat=1 tors=4 st=124 hmax=805 pr=50 surv=4 ex=0 bad=0 hits=0 t=0s
  F4 c5/c6: кривая не построена (нет точки на квартике)
  F4 c5/c7@t0=30: rank[1,1] g=1 src=pari sat=1 tors=4 st=124 hmax=859 pr=50 surv=4 ex=0 bad=0 hits=0 t=0s
  F4 c6/c7: кривая не построена (нет точки на квартике)
== (P,Q)=(37,31) C=1165 non
  F1 c0/c2: кривая не построена (нет точки на квартике)
  F1 c0/c3@t0=31: rank[2,2] g=2 src=pari sat=1 tors=4 st=2332 hmax=899 pr=50 surv=4 ex=0 bad=0 hits=0 t=0s
  F1 c0/c6: кривая не построена (нет точки на квартике)
  F1 c0/c8@t0=31: rank[2,2] g=2 src=pari sat=1 tors=4 st=2732 hmax=891 pr=50 surv=4 ex=0 bad=0 hits=0 t=0s
  F1 c3/c2@t0=31: rank[2,2] g=2 src=pari sat=1 tors=4 st=2332 hmax=899 pr=50 surv=2 ex=0 bad=0 hits=0 t=0s
  F1 c2/c6@t0=37: rank[1,1] g=1 src=pari sat=1 tors=4 st=132 hmax=898 pr=50 surv=4 ex=0 bad=0 hits=0 t=0s
  F1 c2/c8: кривая не построена (нет точки на квартике)
  F1 c3/c6@t0=31: rank[1,1] g=1 src=pari sat=1 tors=4 st=116 hmax=825 pr=50 surv=2 ex=0 bad=0 hits=0 t=0s
  F1 c3/c8@t0=31: rank[1,1] g=1 src=pari sat=1 tors=4 st=116 hmax=825 pr=50 surv=4 ex=0 bad=0 hits=0 t=0s
  F1 c6/c8: кривая не построена (нет точки на квартике)
  F2 c2/c3: кривая не построена (нет точки на квартике)
  F2 c2/c5: кривая не построена (нет точки на квартике)
  F2 c2/c6: нет рациональной точки для коники
  F2 c2/c8: кривая не построена (нет точки на квартике)
  F2 c3/c5@t0=31: rank[2,2] g=2 src=pari sat=1 tors=4 st=2332 hmax=899 pr=50 surv=4 ex=0 bad=0 hits=0 t=0s
  F2 c3/c6: кривая не построена (нет точки на квартике)
  F2 c3/c8@t0=31: rank[1,1] g=1 src=pari sat=1 tors=4 st=132 hmax=898 pr=50 surv=4 ex=0 bad=0 hits=0 t=0s
  F2 c5/c6: кривая не построена (нет точки на квартике)
  F2 c5/c8@t0=31: rank[2,2] g=2 src=pari sat=1 tors=4 st=2732 hmax=891 pr=50 surv=4 ex=0 bad=0 hits=0 t=0s
  F2 c6/c8: кривая не построена (нет точки на квартике)
  F3 c1/c3: нет рациональной точки для коники
  F3 c1/c5: нет рациональной точки для коники
  F3 c1/c6: кривая не построена (нет точки на квартике)
  F3 c1/c7: нет рациональной точки для коники
  F3 c3/c5: нет рациональной точки для коники
  F3 c3/c6: кривая не построена (нет точки на квартике)
  F3 c3/c7: нет рациональной точки для коники
  F3 c5/c6: кривая не построена (нет точки на квартике)
  F3 c5/c7: нет рациональной точки для коники
  F3 c6/c7: кривая не построена (нет точки на квартике)
  F4 c2/c3: кривая не построена (нет точки на квартике)
  F4 c2/c5: кривая не построена (нет точки на квартике)
  F4 c2/c6: нет рациональной точки для коники
  F4 c2/c7: кривая не построена (нет точки на квартике)
  F4 c3/c5@t0=31: rank[1,1] g=1 src=pari sat=1 tors=4 st=124 hmax=882 pr=50 surv=4 ex=0 bad=0 hits=0 t=0s
  F4 c3/c6: кривая не построена (нет точки на квартике)
  F4 c3/c7@t0=31: rank[1,1] g=1 src=pari sat=1 tors=4 st=124 hmax=882 pr=50 surv=4 ex=0 bad=0 hits=0 t=0s
  F4 c5/c6: кривая не построена (нет точки на квартике)
  F4 c5/c7@t0=31: rank[2,2] g=2 src=pari sat=1 tors=4 st=4396 hmax=899 pr=50 surv=4 ex=0 bad=0 hits=0 t=0s
  F4 c6/c7: кривая не построена (нет точки на квартике)
== (P,Q)=(37,32) C=2393/2 non
  F1 c0/c2: кривая не построена (нет точки на квартике)
  F1 c0/c3@t0=32: rank[3,3] g=3 src=pari sat=1 tors=4 st=9604 hmax=399 pr=50 surv=4 ex=0 bad=0 hits=0 t=0s
  F1 c0/c6: кривая не построена (нет точки на квартике)
  F1 c0/c8@t0=32: rank[2,2] g=2 src=pari sat=1 tors=4 st=1884 hmax=899 pr=50 surv=4 ex=0 bad=0 hits=0 t=0s
  F1 c3/c2@t0=32: rank[3,3] g=3 src=pari sat=1 tors=4 st=9604 hmax=399 pr=50 surv=2 ex=0 bad=0 hits=0 t=0s
  F1 c2/c6@t0=37: rank[2,2] g=2 src=pari sat=1 tors=4 st=2020 hmax=895 pr=50 surv=4 ex=0 bad=0 hits=0 t=0s
  F1 c2/c8: кривая не построена (нет точки на квартике)
  F1 c3/c6@t0=32: rank[1,1] g=1 src=pari sat=1 tors=4 st=124 hmax=872 pr=50 surv=2 ex=0 bad=0 hits=0 t=0s
  F1 c3/c8@t0=32: rank[1,1] g=1 src=pari sat=1 tors=4 st=124 hmax=872 pr=50 surv=4 ex=0 bad=0 hits=0 t=0s
  F1 c6/c8: кривая не построена (нет точки на квартике)
  F2 c2/c3: кривая не построена (нет точки на квартике)
  F2 c2/c5: кривая не построена (нет точки на квартике)
  F2 c2/c6: нет рациональной точки для коники
  F2 c2/c8: кривая не построена (нет точки на квартике)
  F2 c3/c5@t0=32: rank[3,3] g=3 src=pari sat=1 tors=4 st=9604 hmax=399 pr=50 surv=4 ex=0 bad=0 hits=0 t=0s
  F2 c3/c6: кривая не построена (нет точки на квартике)
  F2 c3/c8@t0=32: rank[2,2] g=2 src=pari sat=1 tors=4 st=2020 hmax=895 pr=50 surv=4 ex=0 bad=0 hits=0 t=0s
  F2 c5/c6: кривая не построена (нет точки на квартике)
  F2 c5/c8@t0=32: rank[2,2] g=2 src=pari sat=1 tors=4 st=1884 hmax=899 pr=50 surv=4 ex=0 bad=0 hits=0 t=0s
  F2 c6/c8: кривая не построена (нет точки на квартике)
  F3 c1/c3: нет рациональной точки для коники
  F3 c1/c5: нет рациональной точки для коники
  F3 c1/c6: кривая не построена (нет точки на квартике)
  F3 c1/c7: нет рациональной точки для коники
  F3 c3/c5: нет рациональной точки для коники
  F3 c3/c6: кривая не построена (нет точки на квартике)
  F3 c3/c7: нет рациональной точки для коники
  F3 c5/c6: кривая не построена (нет точки на квартике)
  F3 c5/c7: нет рациональной точки для коники
  F3 c6/c7: кривая не построена (нет точки на квартике)
  F4 c2/c3: кривая не построена (нет точки на квартике)
  F4 c2/c5: кривая не построена (нет точки на квартике)
  F4 c2/c6: нет рациональной точки для коники
  F4 c2/c7: кривая не построена (нет точки на квартике)
  F4 c3/c5@t0=32: rank[2,2] g=2 src=pari sat=1 tors=4 st=2868 hmax=897 pr=50 surv=4 ex=0 bad=0 hits=0 t=0s
  F4 c3/c6: кривая не построена (нет точки на квартике)
  F4 c3/c7@t0=32: rank[2,2] g=2 src=pari sat=1 tors=4 st=2868 hmax=897 pr=50 surv=4 ex=0 bad=0 hits=0 t=0s
  F4 c5/c6: кривая не построена (нет точки на квартике)
  F4 c5/c7@t0=32: rank[1,1] g=1 src=pari sat=1 tors=4 st=124 hmax=862 pr=50 surv=4 ex=0 bad=0 hits=0 t=0s
  F4 c6/c7: кривая не построена (нет точки на квартике)
== (P,Q)=(37,33) C=1229 non
  F1 c0/c2: кривая не построена (нет точки на квартике)
  F1 c0/c3@t0=33: rank[1,1] g=1 src=pari sat=1 tors=4 st=116 hmax=829 pr=50 surv=4 ex=0 bad=0 hits=0 t=0s
  F1 c0/c6: кривая не построена (нет точки на квартике)
  F1 c0/c8@t0=33: rank[2,2] g=2 src=pari sat=1 tors=4 st=2156 hmax=895 pr=50 surv=4 ex=0 bad=0 hits=0 t=0s
  F1 c3/c2@t0=33: rank[1,1] g=1 src=pari sat=1 tors=4 st=116 hmax=829 pr=50 surv=2 ex=0 bad=0 hits=0 t=0s
  F1 c2/c6@t0=37: rank[1,1] g=1 src=pari sat=1 tors=4 st=124 hmax=797 pr=50 surv=4 ex=0 bad=0 hits=0 t=0s
  F1 c2/c8: кривая не построена (нет точки на квартике)
  F1 c3/c6@t0=33: rank[2,2] g=2 src=pari sat=1 tors=4 st=1324 hmax=893 pr=50 surv=2 ex=0 bad=0 hits=0 t=0s
  F1 c3/c8@t0=33: rank[2,2] g=2 src=pari sat=1 tors=4 st=1324 hmax=893 pr=50 surv=4 ex=0 bad=0 hits=0 t=0s
  F1 c6/c8: кривая не построена (нет точки на квартике)
  F2 c2/c3: кривая не построена (нет точки на квартике)
  F2 c2/c5: кривая не построена (нет точки на квартике)
  F2 c2/c6: нет рациональной точки для коники
  F2 c2/c8: кривая не построена (нет точки на квартике)
  F2 c3/c5@t0=33: rank[1,1] g=1 src=pari sat=1 tors=4 st=116 hmax=829 pr=50 surv=4 ex=0 bad=0 hits=0 t=0s
  F2 c3/c6: кривая не построена (нет точки на квартике)
  F2 c3/c8@t0=33: rank[1,1] g=1 src=pari sat=1 tors=4 st=124 hmax=797 pr=50 surv=4 ex=0 bad=0 hits=0 t=0s
  F2 c5/c6: кривая не построена (нет точки на квартике)
  F2 c5/c8@t0=33: rank[2,2] g=2 src=pari sat=1 tors=4 st=2156 hmax=895 pr=50 surv=4 ex=0 bad=0 hits=0 t=0s
  F2 c6/c8: кривая не построена (нет точки на квартике)
  F3 c1/c3: нет рациональной точки для коники
  F3 c1/c5: нет рациональной точки для коники
  F3 c1/c6: кривая не построена (нет точки на квартике)
  F3 c1/c7: нет рациональной точки для коники
  F3 c3/c5: нет рациональной точки для коники
  F3 c3/c6: кривая не построена (нет точки на квартике)
  F3 c3/c7: нет рациональной точки для коники
  F3 c5/c6: кривая не построена (нет точки на квартике)
  F3 c5/c7: нет рациональной точки для коники
  F3 c6/c7: кривая не построена (нет точки на квартике)
  F4 c2/c3: кривая не построена (нет точки на квартике)
  F4 c2/c5: кривая не построена (нет точки на квартике)
  F4 c2/c6: нет рациональной точки для коники
  F4 c2/c7: кривая не построена (нет точки на квартике)
  F4 c3/c5@t0=33: rank[2,2] g=2 src=pari sat=1 tors=4 st=2972 hmax=889 pr=50 surv=4 ex=0 bad=0 hits=0 t=0s
  F4 c3/c6: кривая не построена (нет точки на квартике)
  F4 c3/c7@t0=33: rank[2,2] g=2 src=pari sat=1 tors=4 st=2972 hmax=889 pr=50 surv=4 ex=0 bad=0 hits=0 t=0s
  F4 c5/c6: кривая не построена (нет точки на квартике)
  F4 c5/c7@t0=33: rank[3,3] g=3 src=pari sat=1 tors=4 st=9604 hmax=249 pr=50 surv=4 ex=0 bad=0 hits=0 t=0s
  F4 c6/c7: кривая не построена (нет точки на квартике)
== (P,Q)=(37,34) C=2525/2 non
  F1 c0/c2: кривая не построена (нет точки на квартике)
  F1 c0/c3@t0=34: rank[3,3] g=3 src=pari sat=1 tors=4 st=9604 hmax=252 pr=50 surv=4 ex=0 bad=0 hits=0 t=0s
  F1 c0/c6: кривая не построена (нет точки на квартике)
  F1 c0/c8@t0=34: rank[3,3] g=3 src=pari sat=1 tors=4 st=9564 hmax=139 pr=50 surv=4 ex=0 bad=0 hits=0 t=0s
  F1 c3/c2@t0=34: rank[3,3] g=3 src=pari sat=1 tors=4 st=9604 hmax=252 pr=50 surv=2 ex=0 bad=0 hits=0 t=0s
  F1 c2/c6@t0=37: rank[1,1] g=1 src=pari sat=1 tors=4 st=116 hmax=800 pr=50 surv=4 ex=0 bad=0 hits=0 t=0s
  F1 c2/c8: кривая не построена (нет точки на квартике)
  F1 c3/c6@t0=34: rank[1,1] g=1 src=pari sat=1 tors=4 st=124 hmax=878 pr=50 surv=2 ex=0 bad=0 hits=0 t=0s
  F1 c3/c8@t0=34: rank[1,1] g=1 src=pari sat=1 tors=4 st=124 hmax=878 pr=50 surv=4 ex=0 bad=0 hits=0 t=0s
  F1 c6/c8: кривая не построена (нет точки на квартике)
  F2 c2/c3: кривая не построена (нет точки на квартике)
  F2 c2/c5: кривая не построена (нет точки на квартике)
  F2 c2/c6: нет рациональной точки для коники
  F2 c2/c8: кривая не построена (нет точки на квартике)
  F2 c3/c5@t0=34: rank[3,3] g=3 src=pari sat=1 tors=4 st=9604 hmax=252 pr=50 surv=4 ex=0 bad=0 hits=0 t=0s
  F2 c3/c6: кривая не построена (нет точки на квартике)
  F2 c3/c8@t0=34: rank[1,1] g=1 src=pari sat=1 tors=4 st=116 hmax=800 pr=50 surv=4 ex=0 bad=0 hits=0 t=0s
  F2 c5/c6: кривая не построена (нет точки на квартике)
  F2 c5/c8@t0=34: rank[3,3] g=3 src=pari sat=1 tors=4 st=9564 hmax=139 pr=50 surv=4 ex=0 bad=0 hits=0 t=0s
  F2 c6/c8: кривая не построена (нет точки на квартике)
  F3 c1/c3: нет рациональной точки для коники
  F3 c1/c5: нет рациональной точки для коники
  F3 c1/c6: кривая не построена (нет точки на квартике)
  F3 c1/c7: нет рациональной точки для коники
  F3 c3/c5: нет рациональной точки для коники
  F3 c3/c6: кривая не построена (нет точки на квартике)
  F3 c3/c7: нет рациональной точки для коники
  F3 c5/c6: кривая не построена (нет точки на квартике)
  F3 c5/c7: нет рациональной точки для коники
  F3 c6/c7: кривая не построена (нет точки на квартике)
  F4 c2/c3: кривая не построена (нет точки на квартике)
  F4 c2/c5: кривая не построена (нет точки на квартике)
  F4 c2/c6: нет рациональной точки для коники
  F4 c2/c7: кривая не построена (нет точки на квартике)
  F4 c3/c5@t0=34: rank[1,1] g=1 src=pari sat=1 tors=4 st=124 hmax=797 pr=50 surv=4 ex=0 bad=0 hits=0 t=0s
  F4 c3/c6: кривая не построена (нет точки на квартике)
  F4 c3/c7@t0=34: rank[1,1] g=1 src=pari sat=1 tors=4 st=124 hmax=797 pr=50 surv=4 ex=0 bad=0 hits=0 t=0s
  F4 c5/c6@t0=34: rank[2,2] g=2 src=pari sat=1 tors=4 st=2380 hmax=899 pr=50 surv=6 ex=0 bad=0 hits=0 t=0s
  F4 c5/c7@t0=34: rank[3,3] g=3 src=pari sat=1 tors=4 st=9604 hmax=198 pr=50 surv=4 ex=0 bad=0 hits=0 t=0s
  F4 c6/c7: кривая не построена (нет точки на квартике)
== (P,Q)=(37,35) C=1297 non
  F1 c0/c2: кривая не построена (нет точки на квартике)
  F1 c0/c3@t0=35: rank[3,3] g=3 src=pari sat=1 tors=4 st=9564 hmax=243 pr=50 surv=4 ex=0 bad=0 hits=0 t=0s
  F1 c0/c6: кривая не построена (нет точки на квартике)
  F1 c0/c8@t0=35: rank[1,1] g=1 src=pari sat=1 tors=4 st=124 hmax=808 pr=50 surv=4 ex=0 bad=0 hits=0 t=0s
  F1 c3/c2@t0=35: rank[3,3] g=3 src=pari sat=1 tors=4 st=9564 hmax=243 pr=50 surv=2 ex=0 bad=0 hits=0 t=0s
  F1 c2/c6@t0=37: rank[1,1] g=1 src=pari sat=1 tors=4 st=124 hmax=805 pr=50 surv=4 ex=0 bad=0 hits=0 t=0s
  F1 c8/c2@t0=35: rank[2,2] g=2 src=pari sat=1 tors=4 st=2164 hmax=898 pr=50 surv=2 ex=0 bad=0 hits=0 t=0s
  F1 c3/c6@t0=35: rank[1,3] g=1 INC src=pari+mw sat=1 tors=4 st=116 hmax=835 pr=50 surv=2 ex=0 bad=0 hits=0 t=18s
  F1 c3/c8@t0=35: rank[1,3] g=1 INC src=pari+mw sat=1 tors=4 st=116 hmax=835 pr=50 surv=4 ex=0 bad=0 hits=0 t=0s
  F1 c6/c8: кривая не построена (нет точки на квартике)
  F2 c2/c3: кривая не построена (нет точки на квартике)
  F2 c2/c5: кривая не построена (нет точки на квартике)
  F2 c2/c6: нет рациональной точки для коники
  F2 c8/c2@t0=35: rank[3,3] g=3 src=pari sat=1 tors=4 st=9596 hmax=314 pr=50 surv=2 ex=0 bad=0 hits=0 t=0s
  F2 c3/c5@t0=35: rank[3,3] g=3 src=pari sat=1 tors=4 st=9564 hmax=243 pr=50 surv=4 ex=0 bad=0 hits=0 t=0s
  F2 c3/c6@t0=35: rank[2,2] g=2 src=pari sat=1 tors=4 st=2164 hmax=898 pr=50 surv=2 ex=0 bad=0 hits=0 t=0s
  F2 c3/c8@t0=35: rank[1,1] g=1 src=pari sat=1 tors=4 st=124 hmax=805 pr=50 surv=4 ex=0 bad=0 hits=0 t=0s
  F2 c5/c6: кривая не построена (нет точки на квартике)
  F2 c5/c8@t0=35: rank[1,1] g=1 src=pari sat=1 tors=4 st=124 hmax=808 pr=50 surv=4 ex=0 bad=0 hits=0 t=0s
  F2 c6/c8: кривая не построена (нет точки на квартике)
  F3 c1/c3: нет рациональной точки для коники
  F3 c1/c5: нет рациональной точки для коники
  F3 c6/c1@t0=35: rank[3,3] g=3 src=pari sat=1 tors=4 st=9596 hmax=314 pr=50 surv=2 ex=0 bad=0 hits=0 t=0s
  F3 c1/c7: нет рациональной точки для коники
  F3 c3/c5: нет рациональной точки для коники
  F3 c6/c3@t0=35: rank[3,3] g=3 src=pari sat=1 tors=4 st=9596 hmax=314 pr=50 surv=2 ex=0 bad=0 hits=0 t=0s
  F3 c3/c7: нет рациональной точки для коники
  F3 c5/c6: кривая не построена (нет точки на квартике)
  F3 c5/c7: нет рациональной точки для коники
  F3 c6/c7: кривая не построена (нет точки на квартике)
  F4 c3/c2@t0=35: rank[2,2] g=2 src=pari sat=1 tors=4 st=3756 hmax=898 pr=50 surv=2 ex=0 bad=0 hits=0 t=0s
  F4 c2/c5: кривая не построена (нет точки на квартике)
  F4 c2/c6: нет рациональной точки для коники
  F4 c7/c2@t0=35: rank[3,3] g=3 src=pari sat=1 tors=4 st=9596 hmax=314 pr=50 surv=2 ex=0 bad=0 hits=0 t=0s
  F4 c3/c5@t0=35: rank[1,1] g=1 src=pari sat=1 tors=4 st=124 hmax=872 pr=50 surv=4 ex=0 bad=0 hits=0 t=0s
  F4 c3/c6@t0=35: rank[2,2] g=2 src=pari sat=1 tors=4 st=3756 hmax=898 pr=50 surv=2 ex=0 bad=0 hits=0 t=1s
  F4 c3/c7@t0=35: rank[1,1] g=1 src=pari sat=1 tors=4 st=124 hmax=872 pr=50 surv=4 ex=0 bad=0 hits=0 t=1s
  F4 c5/c6: кривая не построена (нет точки на квартике)
  F4 c5/c7@t0=35: rank[1,1] g=1 src=pari sat=1 tors=4 st=124 hmax=864 pr=50 surv=4 ex=0 bad=0 hits=0 t=0s
  F4 c6/c7: кривая не построена (нет точки на квартике)
== (P,Q)=(37,36) C=2665/2 non
  F1 c0/c2: кривая не построена (нет точки на квартике)
  F1 c0/c3@t0=36: rank[2,2] g=2 src=pari sat=1 tors=4 st=1900 hmax=899 pr=50 surv=4 ex=0 bad=0 hits=0 t=1s
  F1 c0/c6: кривая не построена (нет точки на квартике)
  F1 c0/c8@t0=36: rank[3,3] g=3 src=pari sat=1 tors=4 st=9604 hmax=282 pr=50 surv=4 ex=0 bad=0 hits=0 t=1s
  F1 c3/c2@t0=36: rank[2,2] g=2 src=pari sat=1 tors=4 st=1900 hmax=899 pr=50 surv=2 ex=0 bad=0 hits=0 t=1s
  F1 c2/c6@t0=37: rank[3,3] g=3 src=pari sat=1 tors=4 st=9604 hmax=413 pr=50 surv=4 ex=0 bad=0 hits=0 t=1s
  F1 c2/c8: кривая не построена (нет точки на квартике)
  F1 c3/c6@t0=36: rank[2,2] g=2 src=pari sat=1 tors=4 st=1796 hmax=899 pr=50 surv=2 ex=0 bad=0 hits=0 t=1s
  F1 c3/c8@t0=36: rank[2,2] g=2 src=pari sat=1 tors=4 st=1796 hmax=899 pr=50 surv=4 ex=0 bad=0 hits=0 t=1s
  F1 c6/c8: кривая не построена (нет точки на квартике)
  F2 c2/c3: кривая не построена (нет точки на квартике)
  F2 c2/c5: кривая не построена (нет точки на квартике)
  F2 c2/c6: нет рациональной точки для коники
  F2 c2/c8: кривая не построена (нет точки на квартике)
  F2 c3/c5@t0=36: rank[2,2] g=2 src=pari sat=1 tors=4 st=1900 hmax=899 pr=50 surv=4 ex=0 bad=0 hits=0 t=1s
  F2 c3/c6: кривая не построена (нет точки на квартике)
  F2 c3/c8@t0=36: rank[3,3] g=3 src=pari sat=1 tors=4 st=9604 hmax=413 pr=50 surv=4 ex=0 bad=0 hits=0 t=1s
  F2 c5/c6: кривая не построена (нет точки на квартике)
  F2 c5/c8@t0=36: rank[3,3] g=3 src=pari sat=1 tors=4 st=9604 hmax=282 pr=50 surv=4 ex=0 bad=0 hits=0 t=1s
  F2 c6/c8: кривая не построена (нет точки на квартике)
  F3 c1/c3: нет рациональной точки для коники
  F3 c1/c5: нет рациональной точки для коники
  F3 c1/c6: кривая не построена (нет точки на квартике)
  F3 c1/c7: нет рациональной точки для коники
  F3 c3/c5: нет рациональной точки для коники
  F3 c3/c6: кривая не построена (нет точки на квартике)
  F3 c3/c7: нет рациональной точки для коники
  F3 c5/c6: кривая не построена (нет точки на квартике)
  F3 c5/c7: нет рациональной точки для коники
  F3 c6/c7: кривая не построена (нет точки на квартике)
  F4 c2/c3: кривая не построена (нет точки на квартике)
  F4 c2/c5: кривая не построена (нет точки на квартике)
  F4 c2/c6: нет рациональной точки для коники
  F4 c2/c7: кривая не построена (нет точки на квартике)
  F4 c3/c5@t0=36: rank[2,2] g=2 src=pari sat=1 tors=4 st=3708 hmax=898 pr=50 surv=4 ex=0 bad=0 hits=0 t=1s
  F4 c3/c6: кривая не построена (нет точки на квартике)
  F4 c3/c7@t0=36: rank[2,2] g=2 src=pari sat=1 tors=4 st=3708 hmax=898 pr=50 surv=4 ex=0 bad=0 hits=0 t=1s
  F4 c5/c6: кривая не построена (нет точки на квартике)
  F4 c5/c7@t0=36: rank[3,3] g=3 src=pari sat=1 tors=4 st=9604 hmax=190 pr=50 surv=4 ex=0 bad=0 hits=0 t=1s
  F4 c6/c7: кривая не построена (нет точки на квартике)
== (P,Q)=(38,1) C=1445/2 non
  F1 c0/c2: кривая не построена (нет точки на квартике)
  F1 c0/c3@t0=1: rank[1,1] g=1 src=pari sat=1 tors=4 st=132 hmax=882 pr=50 surv=4 ex=0 bad=0 hits=0 t=1s
  F1 c0/c6: кривая не построена (нет точки на квартике)
  F1 c0/c8@t0=1: rank[2,2] g=2 src=pari sat=1 tors=4 st=3644 hmax=898 pr=50 surv=4 ex=0 bad=0 hits=0 t=1s
  F1 c3/c2@t0=1: rank[1,1] g=1 src=pari sat=1 tors=4 st=132 hmax=882 pr=50 surv=2 ex=0 bad=0 hits=0 t=1s
  F1 c2/c6@t0=38: rank[1,1] g=1 src=pari sat=1 tors=4 st=124 hmax=819 pr=50 surv=4 ex=0 bad=0 hits=0 t=1s
  F1 c2/c8: кривая не построена (нет точки на квартике)
  F1 c3/c6@t0=1: rank[2,2] g=2 src=pari sat=1 tors=4 st=2780 hmax=900 pr=50 surv=2 ex=0 bad=0 hits=0 t=1s
  F1 c3/c8@t0=1: rank[2,2] g=2 src=pari sat=1 tors=4 st=2780 hmax=900 pr=50 surv=4 ex=0 bad=0 hits=0 t=0s
  F1 c6/c8: кривая не построена (нет точки на квартике)
  F2 c2/c3: кривая не построена (нет точки на квартике)
  F2 c2/c5: кривая не построена (нет точки на квартике)
  F2 c2/c6: нет рациональной точки для коники
  F2 c2/c8: кривая не построена (нет точки на квартике)
  F2 c3/c5@t0=1: rank[1,1] g=1 src=pari sat=1 tors=4 st=132 hmax=882 pr=50 surv=4 ex=0 bad=0 hits=0 t=0s
  F2 c3/c6: кривая не построена (нет точки на квартике)
  F2 c3/c8@t0=1: rank[1,1] g=1 src=pari sat=1 tors=4 st=124 hmax=819 pr=50 surv=4 ex=0 bad=0 hits=0 t=0s
  F2 c5/c6: кривая не построена (нет точки на квартике)
  F2 c5/c8@t0=1: rank[2,2] g=2 src=pari sat=1 tors=4 st=3644 hmax=898 pr=50 surv=4 ex=0 bad=0 hits=0 t=0s
  F2 c6/c8: кривая не построена (нет точки на квартике)
  F3 c1/c3: нет рациональной точки для коники
  F3 c1/c5: нет рациональной точки для коники
  F3 c1/c6: кривая не построена (нет точки на квартике)
  F3 c1/c7: нет рациональной точки для коники
  F3 c3/c5: нет рациональной точки для коники
  F3 c3/c6: кривая не построена (нет точки на квартике)
  F3 c3/c7: нет рациональной точки для коники
  F3 c5/c6: кривая не построена (нет точки на квартике)
  F3 c5/c7: нет рациональной точки для коники
  F3 c6/c7: кривая не построена (нет точки на квартике)
  F4 c2/c3: кривая не построена (нет точки на квартике)
  F4 c2/c5: кривая не построена (нет точки на квартике)
  F4 c2/c6: нет рациональной точки для коники
  F4 c2/c7: кривая не построена (нет точки на квартике)
  F4 c3/c5@t0=1: rank[2,2] g=2 src=pari sat=1 tors=4 st=3236 hmax=896 pr=50 surv=4 ex=0 bad=0 hits=0 t=0s
  F4 c3/c6: кривая не построена (нет точки на квартике)
  F4 c3/c7@t0=1: rank[2,2] g=2 src=pari sat=1 tors=4 st=3236 hmax=896 pr=50 surv=4 ex=0 bad=0 hits=0 t=0s
  F4 c5/c6: кривая не построена (нет точки на квартике)
  F4 c5/c7@t0=1: rank[2,2] g=2 src=pari sat=1 tors=4 st=4692 hmax=900 pr=50 surv=4 ex=0 bad=0 hits=0 t=0s
  F4 c6/c7: кривая не построена (нет точки на квартике)
== (P,Q)=(38,3) C=1453/2 non
  F1 c0/c2: кривая не построена (нет точки на квартике)
  F1 c0/c3@t0=3: rank[2,2] g=2 src=pari sat=1 tors=4 st=2676 hmax=896 pr=50 surv=4 ex=0 bad=0 hits=0 t=0s
  F1 c0/c6: кривая не построена (нет точки на квартике)
  F1 c0/c8@t0=3: rank[2,2] g=2 src=pari sat=1 tors=4 st=2020 hmax=899 pr=50 surv=4 ex=0 bad=0 hits=0 t=0s
  F1 c3/c2@t0=3: rank[2,2] g=2 src=pari sat=1 tors=4 st=2676 hmax=896 pr=50 surv=2 ex=0 bad=0 hits=0 t=0s
  F1 c2/c6@t0=38: rank[2,2] g=2 src=pari sat=1 tors=4 st=2092 hmax=898 pr=50 surv=4 ex=0 bad=0 hits=0 t=0s
  F1 c2/c8: кривая не построена (нет точки на квартике)
  F1 c3/c6@t0=3: rank[2,2] g=2 src=pari+mw sat=1 tors=4 st=780 hmax=899 pr=50 surv=2 ex=0 bad=0 hits=0 t=0s
  F1 c3/c8@t0=3: rank[2,2] g=2 src=pari+mw sat=1 tors=4 st=780 hmax=899 pr=50 surv=4 ex=0 bad=0 hits=0 t=0s
  F1 c6/c8: кривая не построена (нет точки на квартике)
  F2 c2/c3: кривая не построена (нет точки на квартике)
  F2 c2/c5: кривая не построена (нет точки на квартике)
  F2 c2/c6: нет рациональной точки для коники
  F2 c2/c8: кривая не построена (нет точки на квартике)
  F2 c3/c5@t0=3: rank[2,2] g=2 src=pari sat=1 tors=4 st=2676 hmax=896 pr=50 surv=4 ex=0 bad=0 hits=0 t=0s
  F2 c3/c6: кривая не построена (нет точки на квартике)
  F2 c3/c8@t0=3: rank[2,2] g=2 src=pari sat=1 tors=4 st=2092 hmax=898 pr=50 surv=4 ex=0 bad=0 hits=0 t=0s
  F2 c5/c6: кривая не построена (нет точки на квартике)
  F2 c5/c8@t0=3: rank[2,2] g=2 src=pari sat=1 tors=4 st=2020 hmax=899 pr=50 surv=4 ex=0 bad=0 hits=0 t=0s
  F2 c6/c8: кривая не построена (нет точки на квартике)
  F3 c1/c3: нет рациональной точки для коники
  F3 c1/c5: нет рациональной точки для коники
  F3 c1/c6: кривая не построена (нет точки на квартике)
  F3 c1/c7: нет рациональной точки для коники
  F3 c3/c5: нет рациональной точки для коники
  F3 c3/c6: кривая не построена (нет точки на квартике)
  F3 c3/c7: нет рациональной точки для коники
  F3 c5/c6: кривая не построена (нет точки на квартике)
  F3 c5/c7: нет рациональной точки для коники
  F3 c6/c7: кривая не построена (нет точки на квартике)
  F4 c2/c3: кривая не построена (нет точки на квартике)
  F4 c2/c5: кривая не построена (нет точки на квартике)
  F4 c2/c6: нет рациональной точки для коники
  F4 c2/c7: кривая не построена (нет точки на квартике)
  F4 c3/c5@t0=3: rank[3,3] g=3 src=pari sat=1 tors=4 st=9604 hmax=316 pr=50 surv=4 ex=0 bad=0 hits=0 t=0s
  F4 c3/c6: кривая не построена (нет точки на квартике)
  F4 c3/c7@t0=3: rank[3,3] g=3 src=pari sat=1 tors=4 st=9604 hmax=316 pr=50 surv=4 ex=0 bad=0 hits=0 t=0s
  F4 c5/c6@t0=3: rank[1,1] g=1 src=pari sat=1 tors=4 st=100 hmax=859 pr=50 surv=6 ex=0 bad=0 hits=0 t=0s
  F4 c5/c7@t0=3: rank[1,1] g=1 src=pari sat=1 tors=4 st=132 hmax=843 pr=50 surv=4 ex=0 bad=0 hits=0 t=0s
  F4 c6/c7: кривая не построена (нет точки на квартике)
== (P,Q)=(38,5) C=1469/2 non
  F1 c0/c2: кривая не построена (нет точки на квартике)
  F1 c0/c3@t0=5: rank[2,2] g=2 src=pari sat=1 tors=4 st=2988 hmax=896 pr=50 surv=4 ex=0 bad=0 hits=0 t=0s
  F1 c0/c6: кривая не построена (нет точки на квартике)
  F1 c0/c8@t0=5: rank[2,2] g=2 src=pari sat=1 tors=4 st=1828 hmax=900 pr=50 surv=4 ex=0 bad=0 hits=0 t=0s
  F1 c3/c2@t0=5: rank[2,2] g=2 src=pari sat=1 tors=4 st=2988 hmax=896 pr=50 surv=2 ex=0 bad=0 hits=0 t=0s
  F1 c2/c6@t0=38: rank[2,2] g=2 src=pari sat=1 tors=4 st=2092 hmax=894 pr=50 surv=4 ex=0 bad=0 hits=0 t=0s
  F1 c2/c8: кривая не построена (нет точки на квартике)
  F1 c3/c6@t0=5: rank[2,2] g=2 src=pari sat=1 tors=4 st=1428 hmax=898 pr=50 surv=2 ex=0 bad=0 hits=0 t=0s
  F1 c3/c8@t0=5: rank[2,2] g=2 src=pari sat=1 tors=4 st=1428 hmax=898 pr=50 surv=4 ex=0 bad=0 hits=0 t=0s
  F1 c6/c8: кривая не построена (нет точки на квартике)
  F2 c2/c3: кривая не построена (нет точки на квартике)
  F2 c2/c5: кривая не построена (нет точки на квартике)
  F2 c2/c6: нет рациональной точки для коники
  F2 c2/c8: кривая не построена (нет точки на квартике)
  F2 c3/c5@t0=5: rank[2,2] g=2 src=pari sat=1 tors=4 st=2988 hmax=896 pr=50 surv=4 ex=0 bad=0 hits=0 t=0s
  F2 c3/c6: кривая не построена (нет точки на квартике)
  F2 c3/c8@t0=5: rank[2,2] g=2 src=pari sat=1 tors=4 st=2092 hmax=894 pr=50 surv=4 ex=0 bad=0 hits=0 t=0s
  F2 c5/c6: кривая не построена (нет точки на квартике)
  F2 c5/c8@t0=5: rank[2,2] g=2 src=pari sat=1 tors=4 st=1828 hmax=900 pr=50 surv=4 ex=0 bad=0 hits=0 t=0s
  F2 c6/c8: кривая не построена (нет точки на квартике)
  F3 c1/c3: нет рациональной точки для коники
  F3 c1/c5: нет рациональной точки для коники
  F3 c1/c6: кривая не построена (нет точки на квартике)
  F3 c1/c7: нет рациональной точки для коники
  F3 c3/c5: нет рациональной точки для коники
  F3 c3/c6: кривая не построена (нет точки на квартике)
  F3 c3/c7: нет рациональной точки для коники
  F3 c5/c6: кривая не построена (нет точки на квартике)
  F3 c5/c7: нет рациональной точки для коники
  F3 c6/c7: кривая не построена (нет точки на квартике)
  F4 c2/c3: кривая не построена (нет точки на квартике)
  F4 c2/c5: кривая не построена (нет точки на квартике)
  F4 c2/c6: нет рациональной точки для коники
  F4 c2/c7: кривая не построена (нет точки на квартике)
  F4 c3/c5@t0=5: rank[1,1] g=1 src=pari sat=1 tors=4 st=124 hmax=896 pr=50 surv=4 ex=0 bad=0 hits=0 t=0s
  F4 c3/c6: кривая не построена (нет точки на квартике)
  F4 c3/c7@t0=5: rank[1,1] g=1 src=pari sat=1 tors=4 st=124 hmax=896 pr=50 surv=4 ex=0 bad=0 hits=0 t=0s
  F4 c5/c6@t0=5: rank[1,1] g=1 src=pari sat=1 tors=4 st=116 hmax=791 pr=50 surv=6 ex=0 bad=0 hits=0 t=0s
  F4 c5/c7@t0=5: rank[2,2] g=2 src=pari sat=1 tors=4 st=3420 hmax=899 pr=50 surv=4 ex=0 bad=0 hits=0 t=0s
  F4 c6/c7: кривая не построена (нет точки на квартике)
== (P,Q)=(38,7) C=1493/2 non
  F1 c0/c2: кривая не построена (нет точки на квартике)
  F1 c0/c3@t0=7: rank[1,1] g=1 src=pari sat=1 tors=4 st=124 hmax=798 pr=50 surv=4 ex=0 bad=0 hits=0 t=0s
  F1 c0/c6: кривая не построена (нет точки на квартике)
  F1 c0/c8@t0=7: rank[1,1] g=1 src=pari sat=1 tors=4 st=124 hmax=870 pr=50 surv=4 ex=0 bad=0 hits=0 t=0s
  F1 c3/c2@t0=7: rank[1,1] g=1 src=pari sat=1 tors=4 st=124 hmax=798 pr=50 surv=2 ex=0 bad=0 hits=0 t=0s
  F1 c2/c6@t0=38: rank[2,2] g=2 src=pari sat=1 tors=4 st=1460 hmax=894 pr=50 surv=4 ex=0 bad=0 hits=0 t=0s
  F1 c2/c8: кривая не построена (нет точки на квартике)
  F1 c3/c6@t0=7: rank[2,2] g=2 src=pari sat=1 tors=4 st=2388 hmax=900 pr=50 surv=2 ex=0 bad=0 hits=0 t=0s
  F1 c3/c8@t0=7: rank[2,2] g=2 src=pari sat=1 tors=4 st=2388 hmax=900 pr=50 surv=4 ex=0 bad=0 hits=0 t=0s
  F1 c6/c8: кривая не построена (нет точки на квартике)
  F2 c2/c3: кривая не построена (нет точки на квартике)
  F2 c2/c5: кривая не построена (нет точки на квартике)
  F2 c2/c6: нет рациональной точки для коники
  F2 c2/c8: кривая не построена (нет точки на квартике)
  F2 c3/c5@t0=7: rank[1,1] g=1 src=pari sat=1 tors=4 st=124 hmax=798 pr=50 surv=4 ex=0 bad=0 hits=0 t=0s
  F2 c3/c6: кривая не построена (нет точки на квартике)
  F2 c3/c8@t0=7: rank[2,2] g=2 src=pari sat=1 tors=4 st=1460 hmax=894 pr=50 surv=4 ex=0 bad=0 hits=0 t=0s
  F2 c5/c6: кривая не построена (нет точки на квартике)
  F2 c5/c8@t0=7: rank[1,1] g=1 src=pari sat=1 tors=4 st=124 hmax=870 pr=50 surv=4 ex=0 bad=0 hits=0 t=0s
  F2 c6/c8: кривая не построена (нет точки на квартике)
  F3 c1/c3: нет рациональной точки для коники
  F3 c1/c5: нет рациональной точки для коники
  F3 c1/c6: кривая не построена (нет точки на квартике)
  F3 c1/c7: нет рациональной точки для коники
  F3 c3/c5: нет рациональной точки для коники
  F3 c3/c6: кривая не построена (нет точки на квартике)
  F3 c3/c7: нет рациональной точки для коники
  F3 c5/c6: кривая не построена (нет точки на квартике)
  F3 c5/c7: нет рациональной точки для коники
  F3 c6/c7: кривая не построена (нет точки на квартике)
  F4 c2/c3: кривая не построена (нет точки на квартике)
  F4 c2/c5: кривая не построена (нет точки на квартике)
  F4 c2/c6: нет рациональной точки для коники
  F4 c2/c7: кривая не построена (нет точки на квартике)
  F4 c3/c5@t0=7: rank[2,2] g=2 src=pari sat=1 tors=4 st=1396 hmax=896 pr=50 surv=4 ex=0 bad=0 hits=0 t=0s
  F4 c3/c6: кривая не построена (нет точки на квартике)
  F4 c3/c7@t0=7: rank[2,2] g=2 src=pari sat=1 tors=4 st=1396 hmax=896 pr=50 surv=4 ex=0 bad=0 hits=0 t=0s
  F4 c5/c6@t0=7: rank[1,1] g=1 src=pari sat=1 tors=4 st=124 hmax=851 pr=50 surv=6 ex=0 bad=0 hits=0 t=0s
  F4 c5/c7@t0=7: rank[2,2] g=2 src=pari sat=1 tors=4 st=2860 hmax=899 pr=50 surv=4 ex=0 bad=0 hits=0 t=0s
  F4 c6/c7: кривая не построена (нет точки на квартике)
== (P,Q)=(38,9) C=1525/2 non
  F1 c0/c2: кривая не построена (нет точки на квартике)
  F1 c0/c3@t0=9: rank[2,2] g=2 src=pari sat=1 tors=4 st=3052 hmax=900 pr=50 surv=4 ex=0 bad=0 hits=0 t=0s
  F1 c0/c6: кривая не построена (нет точки на квартике)
  F1 c0/c8@t0=9: rank[3,3] g=3 src=pari sat=1 tors=4 st=9604 hmax=268 pr=50 surv=4 ex=0 bad=0 hits=0 t=0s
  F1 c3/c2@t0=9: rank[2,2] g=2 src=pari sat=1 tors=4 st=3052 hmax=900 pr=50 surv=2 ex=0 bad=0 hits=0 t=0s
  F1 c2/c6@t0=38: rank[1,1] g=1 src=pari sat=1 tors=4 st=124 hmax=830 pr=50 surv=4 ex=0 bad=0 hits=0 t=0s
  F1 c2/c8: кривая не построена (нет точки на квартике)
  F1 c3/c6@t0=9: rank[2,2] g=2 src=pari sat=1 tors=4 st=1092 hmax=900 pr=50 surv=2 ex=0 bad=0 hits=0 t=0s
  F1 c3/c8@t0=9: rank[2,2] g=2 src=pari sat=1 tors=4 st=1092 hmax=900 pr=50 surv=4 ex=0 bad=0 hits=0 t=0s
  F1 c6/c8: кривая не построена (нет точки на квартике)
  F2 c2/c3: кривая не построена (нет точки на квартике)
  F2 c2/c5: кривая не построена (нет точки на квартике)
  F2 c2/c6: нет рациональной точки для коники
  F2 c2/c8: кривая не построена (нет точки на квартике)
  F2 c3/c5@t0=9: rank[2,2] g=2 src=pari sat=1 tors=4 st=3052 hmax=900 pr=50 surv=4 ex=0 bad=0 hits=0 t=0s
  F2 c3/c6: кривая не построена (нет точки на квартике)
  F2 c3/c8@t0=9: rank[1,1] g=1 src=pari sat=1 tors=4 st=124 hmax=830 pr=50 surv=4 ex=0 bad=0 hits=0 t=0s
  F2 c5/c6: кривая не построена (нет точки на квартике)
  F2 c5/c8@t0=9: rank[3,3] g=3 src=pari sat=1 tors=4 st=9604 hmax=268 pr=50 surv=4 ex=0 bad=0 hits=0 t=0s
  F2 c6/c8: кривая не построена (нет точки на квартике)
  F3 c1/c3: нет рациональной точки для коники
  F3 c1/c5: нет рациональной точки для коники
  F3 c1/c6: кривая не построена (нет точки на квартике)
  F3 c1/c7: нет рациональной точки для коники
  F3 c3/c5: нет рациональной точки для коники
  F3 c3/c6: кривая не построена (нет точки на квартике)
  F3 c3/c7: нет рациональной точки для коники
  F3 c5/c6: кривая не построена (нет точки на квартике)
  F3 c5/c7: нет рациональной точки для коники
  F3 c6/c7: кривая не построена (нет точки на квартике)
  F4 c2/c3: кривая не построена (нет точки на квартике)
  F4 c2/c5: кривая не построена (нет точки на квартике)
  F4 c2/c6: нет рациональной точки для коники
  F4 c2/c7: кривая не построена (нет точки на квартике)
  F4 c3/c5@t0=9: rank[2,2] g=2 src=pari sat=1 tors=4 st=2124 hmax=900 pr=50 surv=4 ex=0 bad=0 hits=0 t=0s
  F4 c3/c6: кривая не построена (нет точки на квартике)
  F4 c3/c7@t0=9: rank[2,2] g=2 src=pari sat=1 tors=4 st=2124 hmax=900 pr=50 surv=4 ex=0 bad=0 hits=0 t=0s
  F4 c5/c6: кривая не построена (нет точки на квартике)
  F4 c5/c7@t0=9: rank[2,2] g=2 src=pari sat=1 tors=4 st=3636 hmax=900 pr=50 surv=4 ex=0 bad=0 hits=0 t=1s
  F4 c6/c7: кривая не построена (нет точки на квартике)
== (P,Q)=(38,11) C=1565/2 non
  F1 c0/c2: кривая не построена (нет точки на квартике)
  F1 c0/c3@t0=11: rank[3,3] g=3 src=pari sat=1 tors=4 st=9548 hmax=215 pr=50 surv=4 ex=0 bad=0 hits=0 t=1s
  F1 c0/c6: кривая не построена (нет точки на квартике)
  F1 c0/c8@t0=11: rank[1,1] g=1 src=pari sat=1 tors=4 st=124 hmax=879 pr=50 surv=4 ex=0 bad=0 hits=0 t=1s
  F1 c3/c2@t0=11: rank[3,3] g=3 src=pari sat=1 tors=4 st=9548 hmax=215 pr=50 surv=2 ex=0 bad=0 hits=0 t=1s
  F1 c2/c6@t0=38: rank[3,3] g=3 src=pari sat=1 tors=4 st=9556 hmax=337 pr=50 surv=4 ex=0 bad=0 hits=0 t=1s
  F1 c2/c8: кривая не построена (нет точки на квартике)
  F1 c3/c6@t0=11: rank[1,1] g=1 src=pari sat=1 tors=4 st=116 hmax=788 pr=50 surv=2 ex=0 bad=0 hits=0 t=1s
  F1 c3/c8@t0=11: rank[1,1] g=1 src=pari sat=1 tors=4 st=116 hmax=788 pr=50 surv=4 ex=0 bad=0 hits=0 t=1s
  F1 c6/c8: кривая не построена (нет точки на квартике)
  F2 c2/c3: кривая не построена (нет точки на квартике)
  F2 c2/c5: кривая не построена (нет точки на квартике)
  F2 c2/c6: нет рациональной точки для коники
  F2 c2/c8: кривая не построена (нет точки на квартике)
  F2 c3/c5@t0=11: rank[3,3] g=3 src=pari sat=1 tors=4 st=9548 hmax=215 pr=50 surv=4 ex=0 bad=0 hits=0 t=1s
  F2 c3/c6: кривая не построена (нет точки на квартике)
  F2 c3/c8@t0=11: rank[3,3] g=3 src=pari sat=1 tors=4 st=9556 hmax=337 pr=50 surv=4 ex=0 bad=0 hits=0 t=1s
  F2 c5/c6: кривая не построена (нет точки на квартике)
  F2 c5/c8@t0=11: rank[1,1] g=1 src=pari sat=1 tors=4 st=124 hmax=879 pr=50 surv=4 ex=0 bad=0 hits=0 t=1s
  F2 c6/c8: кривая не построена (нет точки на квартике)
  F3 c1/c3: нет рациональной точки для коники
  F3 c1/c5: нет рациональной точки для коники
  F3 c1/c6: кривая не построена (нет точки на квартике)
  F3 c1/c7: нет рациональной точки для коники
  F3 c3/c5: нет рациональной точки для коники
  F3 c3/c6: кривая не построена (нет точки на квартике)
  F3 c3/c7: нет рациональной точки для коники
  F3 c5/c6: кривая не построена (нет точки на квартике)
  F3 c5/c7: нет рациональной точки для коники
  F3 c6/c7: кривая не построена (нет точки на квартике)
  F4 c2/c3: кривая не построена (нет точки на квартике)
  F4 c2/c5: кривая не построена (нет точки на квартике)
  F4 c2/c6: нет рациональной точки для коники
  F4 c2/c7: кривая не построена (нет точки на квартике)
  F4 c3/c5@t0=11: rank[1,1] g=1 src=pari sat=1 tors=4 st=124 hmax=896 pr=50 surv=4 ex=0 bad=0 hits=0 t=1s
  F4 c3/c6: кривая не построена (нет точки на квартике)
  F4 c3/c7@t0=11: rank[1,1] g=1 src=pari sat=1 tors=4 st=124 hmax=896 pr=50 surv=4 ex=0 bad=0 hits=0 t=0s
  F4 c5/c6@t0=11: rank[1,1] g=1 src=pari sat=1 tors=4 st=252 hmax=854 pr=50 surv=6 ex=0 bad=0 hits=0 t=1s
  F4 c5/c7@t0=11: rank[1,1] g=1 src=pari sat=1 tors=4 st=132 hmax=852 pr=50 surv=4 ex=0 bad=0 hits=0 t=1s
  F4 c6/c7: кривая не построена (нет точки на квартике)
== (P,Q)=(38,13) C=1613/2 non
  F1 c0/c2: кривая не построена (нет точки на квартике)
  F1 c0/c3@t0=13: rank[1,1] g=1 src=pari sat=1 tors=4 st=124 hmax=816 pr=50 surv=4 ex=0 bad=0 hits=0 t=1s
  F1 c0/c6: кривая не построена (нет точки на квартике)
  F1 c0/c8@t0=13: rank[1,1] g=1 src=pari sat=1 tors=4 st=124 hmax=883 pr=50 surv=4 ex=0 bad=0 hits=0 t=1s
  F1 c3/c2@t0=13: rank[1,1] g=1 src=pari sat=1 tors=4 st=124 hmax=816 pr=50 surv=2 ex=0 bad=0 hits=0 t=1s
  F1 c2/c6@t0=38: rank[1,1] g=1 src=pari sat=1 tors=4 st=124 hmax=841 pr=50 surv=4 ex=0 bad=0 hits=0 t=1s
  F1 c2/c8: кривая не построена (нет точки на квартике)
  F1 c3/c6@t0=13: rank[1,1] g=1 src=pari sat=1 tors=4 st=116 hmax=791 pr=50 surv=2 ex=0 bad=0 hits=0 t=1s
  F1 c3/c8@t0=13: rank[1,1] g=1 src=pari sat=1 tors=4 st=116 hmax=791 pr=50 surv=4 ex=0 bad=0 hits=0 t=1s
  F1 c6/c8: кривая не построена (нет точки на квартике)
  F2 c2/c3: кривая не построена (нет точки на квартике)
  F2 c2/c5: кривая не построена (нет точки на квартике)
  F2 c2/c6: нет рациональной точки для коники
  F2 c2/c8: кривая не построена (нет точки на квартике)
  F2 c3/c5@t0=13: rank[1,1] g=1 src=pari sat=1 tors=4 st=124 hmax=816 pr=50 surv=4 ex=0 bad=0 hits=0 t=0s
  F2 c3/c6: кривая не построена (нет точки на квартике)
  F2 c3/c8@t0=13: rank[1,1] g=1 src=pari sat=1 tors=4 st=124 hmax=841 pr=50 surv=4 ex=0 bad=0 hits=0 t=0s
  F2 c5/c6: кривая не построена (нет точки на квартике)
  F2 c5/c8@t0=13: rank[1,1] g=1 src=pari sat=1 tors=4 st=124 hmax=883 pr=50 surv=4 ex=0 bad=0 hits=0 t=0s
  F2 c6/c8: кривая не построена (нет точки на квартике)
  F3 c1/c3: нет рациональной точки для коники
  F3 c1/c5: нет рациональной точки для коники
  F3 c1/c6: кривая не построена (нет точки на квартике)
  F3 c1/c7: нет рациональной точки для коники
  F3 c3/c5: нет рациональной точки для коники
  F3 c3/c6: кривая не построена (нет точки на квартике)
  F3 c3/c7: нет рациональной точки для коники
  F3 c5/c6: кривая не построена (нет точки на квартике)
  F3 c5/c7: нет рациональной точки для коники
  F3 c6/c7: кривая не построена (нет точки на квартике)
  F4 c2/c3: кривая не построена (нет точки на квартике)
  F4 c2/c5: кривая не построена (нет точки на квартике)
  F4 c2/c6: нет рациональной точки для коники
  F4 c2/c7: кривая не построена (нет точки на квартике)
  F4 c3/c5@t0=13: rank[3,3] g=3 src=pari sat=1 tors=4 st=9580 hmax=239 pr=50 surv=4 ex=0 bad=0 hits=0 t=0s
  F4 c3/c6: кривая не построена (нет точки на квартике)
  F4 c3/c7@t0=13: rank[3,3] g=3 src=pari sat=1 tors=4 st=9580 hmax=239 pr=50 surv=4 ex=0 bad=0 hits=0 t=0s
  F4 c5/c6@t0=13: rank[1,1] g=1 src=pari sat=1 tors=4 st=124 hmax=882 pr=50 surv=6 ex=0 bad=0 hits=0 t=0s
  F4 c5/c7@t0=13: rank[2,2] g=2 src=pari sat=1 tors=4 st=1828 hmax=897 pr=50 surv=4 ex=0 bad=0 hits=0 t=0s
  F4 c6/c7: кривая не построена (нет точки на квартике)
== (P,Q)=(38,15) C=1669/2 non
  F1 c0/c2: кривая не построена (нет точки на квартике)
  F1 c0/c3@t0=15: rank[1,1] g=1 src=pari sat=1 tors=4 st=124 hmax=821 pr=50 surv=4 ex=0 bad=0 hits=0 t=0s
  F1 c0/c6: кривая не построена (нет точки на квартике)
  F1 c0/c8@t0=15: rank[1,1] g=1 src=pari sat=1 tors=4 st=124 hmax=887 pr=50 surv=4 ex=0 bad=0 hits=0 t=0s
  F1 c3/c2@t0=15: rank[1,1] g=1 src=pari sat=1 tors=4 st=124 hmax=821 pr=50 surv=2 ex=0 bad=0 hits=0 t=0s
  F1 c2/c6@t0=38: rank[1,1] g=1 src=pari sat=1 tors=4 st=124 hmax=848 pr=50 surv=4 ex=0 bad=0 hits=0 t=0s
  F1 c2/c8: кривая не построена (нет точки на квартике)
  F1 c3/c6@t0=15: rank[1,1] g=1 src=pari sat=1 tors=4 st=116 hmax=794 pr=50 surv=2 ex=0 bad=0 hits=0 t=0s
  F1 c3/c8@t0=15: rank[1,1] g=1 src=pari sat=1 tors=4 st=116 hmax=794 pr=50 surv=4 ex=0 bad=0 hits=0 t=0s
  F1 c6/c8: кривая не построена (нет точки на квартике)
  F2 c2/c3: кривая не построена (нет точки на квартике)
  F2 c2/c5: кривая не построена (нет точки на квартике)
  F2 c2/c6: нет рациональной точки для коники
  F2 c2/c8: кривая не построена (нет точки на квартике)
  F2 c3/c5@t0=15: rank[1,1] g=1 src=pari sat=1 tors=4 st=124 hmax=821 pr=50 surv=4 ex=0 bad=0 hits=0 t=0s
  F2 c3/c6: кривая не построена (нет точки на квартике)
  F2 c3/c8@t0=15: rank[1,1] g=1 src=pari sat=1 tors=4 st=124 hmax=848 pr=50 surv=4 ex=0 bad=0 hits=0 t=0s
  F2 c5/c6: кривая не построена (нет точки на квартике)
  F2 c5/c8@t0=15: rank[1,1] g=1 src=pari sat=1 tors=4 st=124 hmax=887 pr=50 surv=4 ex=0 bad=0 hits=0 t=0s
  F2 c6/c8: кривая не построена (нет точки на квартике)
  F3 c1/c3: нет рациональной точки для коники
  F3 c1/c5: нет рациональной точки для коники
  F3 c1/c6: кривая не построена (нет точки на квартике)
  F3 c1/c7: нет рациональной точки для коники
  F3 c3/c5: нет рациональной точки для коники
  F3 c3/c6: кривая не построена (нет точки на квартике)
  F3 c3/c7: нет рациональной точки для коники
  F3 c5/c6: кривая не построена (нет точки на квартике)
  F3 c5/c7: нет рациональной точки для коники
  F3 c6/c7: кривая не построена (нет точки на квартике)
  F4 c2/c3: кривая не построена (нет точки на квартике)
  F4 c2/c5: кривая не построена (нет точки на квартике)
  F4 c2/c6: нет рациональной точки для коники
  F4 c2/c7: кривая не построена (нет точки на квартике)
  F4 c3/c5@t0=15: rank[1,1] g=1 src=pari sat=1 tors=4 st=124 hmax=896 pr=50 surv=4 ex=0 bad=0 hits=0 t=0s
  F4 c3/c6: кривая не построена (нет точки на квартике)
  F4 c3/c7@t0=15: rank[1,1] g=1 src=pari sat=1 tors=4 st=124 hmax=896 pr=50 surv=4 ex=0 bad=0 hits=0 t=0s
  F4 c5/c6: кривая не построена (нет точки на квартике)
  F4 c5/c7@t0=15: rank[2,2] g=2 src=pari sat=1 tors=4 st=1404 hmax=895 pr=50 surv=4 ex=0 bad=0 hits=0 t=0s
  F4 c6/c7: кривая не построена (нет точки на квартике)
== (P,Q)=(38,17) C=1733/2 non
  F1 c0/c2: кривая не построена (нет точки на квартике)
  F1 c0/c3@t0=17: rank[1,1] g=1 src=pari sat=1 tors=4 st=124 hmax=827 pr=50 surv=4 ex=0 bad=0 hits=0 t=0s
  F1 c0/c6: кривая не построена (нет точки на квартике)
  F1 c0/c8@t0=17: rank[3,3] g=3 src=pari sat=1 tors=4 st=9580 hmax=330 pr=50 surv=4 ex=0 bad=0 hits=0 t=0s
  F1 c3/c2@t0=17: rank[1,1] g=1 src=pari sat=1 tors=4 st=124 hmax=827 pr=50 surv=2 ex=0 bad=0 hits=0 t=0s
  F1 c2/c6@t0=38: rank[2,2] g=2 src=pari sat=1 tors=4 st=1300 hmax=890 pr=50 surv=4 ex=0 bad=0 hits=0 t=0s
  F1 c2/c8: кривая не построена (нет точки на квартике)
  F1 c3/c6@t0=17: rank[2,2] g=2 src=pari sat=1 tors=4 st=1900 hmax=897 pr=50 surv=2 ex=0 bad=0 hits=0 t=0s
  F1 c3/c8@t0=17: rank[2,2] g=2 src=pari sat=1 tors=4 st=1900 hmax=897 pr=50 surv=4 ex=0 bad=0 hits=0 t=0s
  F1 c6/c8: кривая не построена (нет точки на квартике)
  F2 c2/c3: кривая не построена (нет точки на квартике)
  F2 c2/c5: кривая не построена (нет точки на квартике)
  F2 c2/c6: нет рациональной точки для коники
  F2 c2/c8: кривая не построена (нет точки на квартике)
  F2 c3/c5@t0=17: rank[1,1] g=1 src=pari sat=1 tors=4 st=124 hmax=827 pr=50 surv=4 ex=0 bad=0 hits=0 t=0s
  F2 c3/c6: кривая не построена (нет точки на квартике)
  F2 c3/c8@t0=17: rank[2,2] g=2 src=pari sat=1 tors=4 st=1300 hmax=890 pr=50 surv=4 ex=0 bad=0 hits=0 t=0s
  F2 c5/c6: кривая не построена (нет точки на квартике)
  F2 c5/c8@t0=17: rank[3,3] g=3 src=pari sat=1 tors=4 st=9580 hmax=330 pr=50 surv=4 ex=0 bad=0 hits=0 t=0s
  F2 c6/c8: кривая не построена (нет точки на квартике)
  F3 c1/c3: нет рациональной точки для коники
  F3 c1/c5: нет рациональной точки для коники
  F3 c1/c6: кривая не построена (нет точки на квартике)
  F3 c1/c7: нет рациональной точки для коники
  F3 c3/c5: нет рациональной точки для коники
  F3 c3/c6: кривая не построена (нет точки на квартике)
  F3 c3/c7: нет рациональной точки для коники
  F3 c5/c6: кривая не построена (нет точки на квартике)
  F3 c5/c7: нет рациональной точки для коники
  F3 c6/c7: кривая не построена (нет точки на квартике)
  F4 c2/c3: кривая не построена (нет точки на квартике)
  F4 c2/c5: кривая не построена (нет точки на квартике)
  F4 c2/c6: нет рациональной точки для коники
  F4 c2/c7: кривая не построена (нет точки на квартике)
  F4 c3/c5@t0=17: rank[1,1] g=1 src=pari sat=1 tors=4 st=124 hmax=896 pr=50 surv=4 ex=0 bad=0 hits=0 t=0s
  F4 c3/c6: кривая не построена (нет точки на квартике)
  F4 c3/c7@t0=17: rank[1,1] g=1 src=pari sat=1 tors=4 st=124 hmax=896 pr=50 surv=4 ex=0 bad=0 hits=0 t=0s
  F4 c5/c6@t0=17: rank[1,1] g=1 src=pari sat=1 tors=4 st=148 hmax=881 pr=50 surv=6 ex=0 bad=0 hits=0 t=0s
  F4 c5/c7@t0=17: rank[2,2] g=2 src=pari sat=1 tors=4 st=3276 hmax=899 pr=50 surv=4 ex=0 bad=0 hits=0 t=0s
  F4 c6/c7: кривая не построена (нет точки на квартике)
== (P,Q)=(38,21) C=1885/2 non
  F1 c0/c2: кривая не построена (нет точки на квартике)
  F1 c0/c3@t0=21: rank[2,2] g=2 src=pari sat=1 tors=4 st=3564 hmax=898 pr=50 surv=4 ex=0 bad=0 hits=0 t=0s
  F1 c0/c6: кривая не построена (нет точки на квартике)
  F1 c0/c8@t0=21: rank[3,3] g=3 src=pari sat=1 tors=4 st=9516 hmax=276 pr=50 surv=4 ex=0 bad=0 hits=0 t=0s
  F1 c3/c2@t0=21: rank[2,2] g=2 src=pari sat=1 tors=4 st=3564 hmax=898 pr=50 surv=2 ex=0 bad=0 hits=0 t=0s
  F1 c2/c6@t0=38: rank[1,1] g=1 src=pari sat=1 tors=4 st=124 hmax=870 pr=50 surv=4 ex=0 bad=0 hits=0 t=0s
  F1 c2/c8: кривая не построена (нет точки на квартике)
  F1 c3/c6@t0=21: rank[2,2] g=2 src=pari sat=1 tors=4 st=1596 hmax=894 pr=50 surv=2 ex=0 bad=0 hits=0 t=0s
  F1 c3/c8@t0=21: rank[2,2] g=2 src=pari sat=1 tors=4 st=1596 hmax=894 pr=50 surv=4 ex=0 bad=0 hits=0 t=0s
  F1 c6/c8: кривая не построена (нет точки на квартике)
  F2 c2/c3: кривая не построена (нет точки на квартике)
  F2 c2/c5: кривая не построена (нет точки на квартике)
  F2 c2/c6: нет рациональной точки для коники
  F2 c2/c8: кривая не построена (нет точки на квартике)
  F2 c3/c5@t0=21: rank[2,2] g=2 src=pari sat=1 tors=4 st=3564 hmax=898 pr=50 surv=4 ex=0 bad=0 hits=0 t=0s
  F2 c3/c6: кривая не построена (нет точки на квартике)
  F2 c3/c8@t0=21: rank[1,1] g=1 src=pari sat=1 tors=4 st=124 hmax=870 pr=50 surv=4 ex=0 bad=0 hits=0 t=0s
  F2 c5/c6: кривая не построена (нет точки на квартике)
  F2 c5/c8@t0=21: rank[3,3] g=3 src=pari sat=1 tors=4 st=9516 hmax=276 pr=50 surv=4 ex=0 bad=0 hits=0 t=0s
  F2 c6/c8: кривая не построена (нет точки на квартике)
  F3 c1/c3: нет рациональной точки для коники
  F3 c1/c5: нет рациональной точки для коники
  F3 c1/c6: кривая не построена (нет точки на квартике)
  F3 c1/c7: нет рациональной точки для коники
  F3 c3/c5: нет рациональной точки для коники
  F3 c3/c6: кривая не построена (нет точки на квартике)
  F3 c3/c7: нет рациональной точки для коники
  F3 c5/c6: кривая не построена (нет точки на квартике)
  F3 c5/c7: нет рациональной точки для коники
  F3 c6/c7: кривая не построена (нет точки на квартике)
  F4 c2/c3: кривая не построена (нет точки на квартике)
  F4 c2/c5: кривая не построена (нет точки на квартике)
  F4 c2/c6: нет рациональной точки для коники
  F4 c2/c7: кривая не построена (нет точки на квартике)
  F4 c3/c5@t0=21: rank[2,2] g=2 src=pari sat=1 tors=4 st=3292 hmax=897 pr=50 surv=4 ex=0 bad=0 hits=0 t=0s
  F4 c3/c6: кривая не построена (нет точки на квартике)
  F4 c3/c7@t0=21: rank[2,2] g=2 src=pari sat=1 tors=4 st=3292 hmax=897 pr=50 surv=4 ex=0 bad=0 hits=0 t=0s
  F4 c5/c6@t0=21: rank[1,1] g=1 src=pari sat=1 tors=4 st=124 hmax=854 pr=50 surv=6 ex=0 bad=0 hits=0 t=0s
  F4 c5/c7@t0=21: rank[2,2] g=2 src=pari sat=1 tors=4 st=3444 hmax=899 pr=50 surv=4 ex=0 bad=0 hits=0 t=0s
  F4 c6/c7: кривая не построена (нет точки на квартике)
== (P,Q)=(38,23) C=1973/2 non
  F1 c0/c2: кривая не построена (нет точки на квартике)
  F1 c0/c3@t0=23: rank[2,2] g=2 src=pari sat=1 tors=4 st=2028 hmax=898 pr=50 surv=4 ex=0 bad=0 hits=0 t=0s
  F1 c0/c6: кривая не построена (нет точки на квартике)
  F1 c0/c8@t0=23: rank[1,1] g=1 src=pari sat=1 tors=4 st=116 hmax=787 pr=50 surv=4 ex=0 bad=0 hits=0 t=0s
  F1 c3/c2@t0=23: rank[2,2] g=2 src=pari sat=1 tors=4 st=2028 hmax=898 pr=50 surv=2 ex=0 bad=0 hits=0 t=0s
  F1 c2/c6@t0=38: rank[1,1] g=1 src=pari sat=1 tors=4 st=124 hmax=877 pr=50 surv=4 ex=0 bad=0 hits=0 t=0s
  F1 c2/c8: кривая не построена (нет точки на квартике)
  F1 c3/c6@t0=23: rank[2,2] g=2 src=pari sat=1 tors=4 st=1572 hmax=898 pr=50 surv=2 ex=0 bad=0 hits=0 t=0s
  F1 c3/c8@t0=23: rank[2,2] g=2 src=pari sat=1 tors=4 st=1572 hmax=898 pr=50 surv=4 ex=0 bad=0 hits=0 t=0s
  F1 c6/c8: кривая не построена (нет точки на квартике)
  F2 c2/c3: кривая не построена (нет точки на квартике)
  F2 c2/c5: кривая не построена (нет точки на квартике)
  F2 c2/c6: нет рациональной точки для коники
  F2 c2/c8: кривая не построена (нет точки на квартике)
  F2 c3/c5@t0=23: rank[2,2] g=2 src=pari sat=1 tors=4 st=2028 hmax=898 pr=50 surv=4 ex=0 bad=0 hits=0 t=0s
  F2 c3/c6: кривая не построена (нет точки на квартике)
  F2 c3/c8@t0=23: rank[1,1] g=1 src=pari sat=1 tors=4 st=124 hmax=877 pr=50 surv=4 ex=0 bad=0 hits=0 t=0s
  F2 c5/c6: кривая не построена (нет точки на квартике)
  F2 c5/c8@t0=23: rank[1,1] g=1 src=pari sat=1 tors=4 st=116 hmax=787 pr=50 surv=4 ex=0 bad=0 hits=0 t=0s
  F2 c6/c8: кривая не построена (нет точки на квартике)
  F3 c1/c3: нет рациональной точки для коники
  F3 c1/c5: нет рациональной точки для коники
  F3 c1/c6: кривая не построена (нет точки на квартике)
  F3 c1/c7: нет рациональной точки для коники
  F3 c3/c5: нет рациональной точки для коники
  F3 c3/c6: кривая не построена (нет точки на квартике)
  F3 c3/c7: нет рациональной точки для коники
  F3 c5/c6: кривая не построена (нет точки на квартике)
  F3 c5/c7: нет рациональной точки для коники
  F3 c6/c7: кривая не построена (нет точки на квартике)
  F4 c2/c3: кривая не построена (нет точки на квартике)
  F4 c2/c5: кривая не построена (нет точки на квартике)
  F4 c2/c6: нет рациональной точки для коники
  F4 c2/c7: кривая не построена (нет точки на квартике)
  F4 c3/c5@t0=23: rank[1,1] g=1 src=pari sat=1 tors=4 st=124 hmax=894 pr=50 surv=4 ex=0 bad=0 hits=0 t=0s
  F4 c3/c6: кривая не построена (нет точки на квартике)
  F4 c3/c7@t0=23: rank[1,1] g=1 src=pari sat=1 tors=4 st=124 hmax=894 pr=50 surv=4 ex=0 bad=0 hits=0 t=0s
  F4 c5/c6: кривая не построена (нет точки на квартике)
  F4 c5/c7@t0=23: rank[1,1] g=1 src=pari sat=1 tors=4 st=132 hmax=877 pr=50 surv=4 ex=0 bad=0 hits=0 t=0s
  F4 c6/c7: кривая не построена (нет точки на квартике)
== (P,Q)=(38,25) C=2069/2 non
  F1 c0/c2: кривая не построена (нет точки на квартике)
  F1 c0/c3@t0=25: rank[2,2] g=2 src=pari sat=1 tors=4 st=1276 hmax=893 pr=50 surv=4 ex=0 bad=0 hits=0 t=0s
  F1 c0/c6: кривая не построена (нет точки на квартике)
  F1 c0/c8@t0=25: rank[1,1] g=1 src=pari sat=1 tors=4 st=116 hmax=790 pr=50 surv=4 ex=0 bad=0 hits=0 t=0s
  F1 c3/c2@t0=25: rank[2,2] g=2 src=pari sat=1 tors=4 st=1276 hmax=893 pr=50 surv=2 ex=0 bad=0 hits=0 t=0s
  F1 c2/c6@t0=38: rank[2,2] g=2 src=pari sat=1 tors=4 st=2532 hmax=899 pr=50 surv=4 ex=0 bad=0 hits=0 t=0s
  F1 c2/c8: кривая не построена (нет точки на квартике)
  F1 c3/c6@t0=25: rank[1,1] g=1 src=pari sat=1 tors=4 st=116 hmax=814 pr=50 surv=2 ex=0 bad=0 hits=0 t=0s
  F1 c3/c8@t0=25: rank[1,1] g=1 src=pari sat=1 tors=4 st=116 hmax=814 pr=50 surv=4 ex=0 bad=0 hits=0 t=0s
  F1 c6/c8: кривая не построена (нет точки на квартике)
  F2 c2/c3: кривая не построена (нет точки на квартике)
  F2 c2/c5: кривая не построена (нет точки на квартике)
  F2 c2/c6: нет рациональной точки для коники
  F2 c2/c8: кривая не построена (нет точки на квартике)
  F2 c3/c5@t0=25: rank[2,2] g=2 src=pari sat=1 tors=4 st=1276 hmax=893 pr=50 surv=4 ex=0 bad=0 hits=0 t=0s
  F2 c3/c6: кривая не построена (нет точки на квартике)
  F2 c3/c8@t0=25: rank[2,2] g=2 src=pari sat=1 tors=4 st=2532 hmax=899 pr=50 surv=4 ex=0 bad=0 hits=0 t=0s
  F2 c5/c6: кривая не построена (нет точки на квартике)
  F2 c5/c8@t0=25: rank[1,1] g=1 src=pari sat=1 tors=4 st=116 hmax=790 pr=50 surv=4 ex=0 bad=0 hits=0 t=0s
  F2 c6/c8: кривая не построена (нет точки на квартике)
  F3 c1/c3: нет рациональной точки для коники
  F3 c1/c5: нет рациональной точки для коники
  F3 c1/c6: кривая не построена (нет точки на квартике)
  F3 c1/c7: нет рациональной точки для коники
  F3 c3/c5: нет рациональной точки для коники
  F3 c3/c6: кривая не построена (нет точки на квартике)
  F3 c3/c7: нет рациональной точки для коники
  F3 c5/c6: кривая не построена (нет точки на квартике)
  F3 c5/c7: нет рациональной точки для коники
  F3 c6/c7: кривая не построена (нет точки на квартике)
  F4 c2/c3: кривая не построена (нет точки на квартике)
  F4 c2/c5: кривая не построена (нет точки на квартике)
  F4 c2/c6: нет рациональной точки для коники
  F4 c2/c7: кривая не построена (нет точки на квартике)
  F4 c3/c5@t0=25: rank[1,1] g=1 src=pari sat=1 tors=4 st=124 hmax=894 pr=50 surv=4 ex=0 bad=0 hits=0 t=0s
  F4 c3/c6: кривая не построена (нет точки на квартике)
  F4 c3/c7@t0=25: rank[1,1] g=1 src=pari sat=1 tors=4 st=124 hmax=894 pr=50 surv=4 ex=0 bad=0 hits=0 t=0s
  F4 c5/c6@t0=25: rank[1,1] g=1 src=pari sat=1 tors=4 st=100 hmax=844 pr=50 surv=6 ex=0 bad=0 hits=0 t=0s
  F4 c5/c7@t0=25: rank[2,2] g=2 src=pari sat=1 tors=4 st=2644 hmax=897 pr=50 surv=4 ex=0 bad=0 hits=0 t=0s
  F4 c6/c7: кривая не построена (нет точки на квартике)
== (P,Q)=(38,27) C=2173/2 non
  F1 c0/c2: кривая не построена (нет точки на квартике)
  F1 c0/c3@t0=27: rank[2,2] g=2 src=pari sat=1 tors=4 st=2484 hmax=897 pr=50 surv=4 ex=0 bad=0 hits=0 t=0s
  F1 c0/c6: кривая не построена (нет точки на квартике)
  F1 c0/c8@t0=27: rank[1,1] g=1 src=pari sat=1 tors=4 st=116 hmax=794 pr=50 surv=4 ex=0 bad=0 hits=0 t=0s
  F1 c3/c2@t0=27: rank[2,2] g=2 src=pari sat=1 tors=4 st=2484 hmax=897 pr=50 surv=2 ex=0 bad=0 hits=0 t=0s
  F1 c2/c6@t0=38: rank[2,2] g=2 src=pari sat=1 tors=4 st=1332 hmax=898 pr=50 surv=4 ex=0 bad=0 hits=0 t=0s
  F1 c2/c8: кривая не построена (нет точки на квартике)
  F1 c3/c6@t0=27: rank[1,1] g=1 src=pari sat=1 tors=4 st=116 hmax=819 pr=50 surv=2 ex=0 bad=0 hits=0 t=0s
  F1 c3/c8@t0=27: rank[1,1] g=1 src=pari sat=1 tors=4 st=116 hmax=819 pr=50 surv=4 ex=0 bad=0 hits=0 t=0s
  F1 c6/c8: кривая не построена (нет точки на квартике)
  F2 c2/c3: кривая не построена (нет точки на квартике)
  F2 c2/c5: кривая не построена (нет точки на квартике)
  F2 c2/c6: нет рациональной точки для коники
  F2 c2/c8: кривая не построена (нет точки на квартике)
  F2 c3/c5@t0=27: rank[2,2] g=2 src=pari sat=1 tors=4 st=2484 hmax=897 pr=50 surv=4 ex=0 bad=0 hits=0 t=0s
  F2 c3/c6: кривая не построена (нет точки на квартике)
  F2 c3/c8@t0=27: rank[2,2] g=2 src=pari sat=1 tors=4 st=1332 hmax=898 pr=50 surv=4 ex=0 bad=0 hits=0 t=0s
  F2 c5/c6: кривая не построена (нет точки на квартике)
  F2 c5/c8@t0=27: rank[1,1] g=1 src=pari sat=1 tors=4 st=116 hmax=794 pr=50 surv=4 ex=0 bad=0 hits=0 t=0s
  F2 c6/c8: кривая не построена (нет точки на квартике)
  F3 c1/c3: нет рациональной точки для коники
  F3 c1/c5: нет рациональной точки для коники
  F3 c1/c6: кривая не построена (нет точки на квартике)
  F3 c1/c7: нет рациональной точки для коники
  F3 c3/c5: нет рациональной точки для коники
  F3 c3/c6: кривая не построена (нет точки на квартике)
  F3 c3/c7: нет рациональной точки для коники
  F3 c5/c6: кривая не построена (нет точки на квартике)
  F3 c5/c7: нет рациональной точки для коники
  F3 c6/c7: кривая не построена (нет точки на квартике)
  F4 c2/c3: кривая не построена (нет точки на квартике)
  F4 c2/c5: кривая не построена (нет точки на квартике)
  F4 c2/c6: нет рациональной точки для коники
  F4 c2/c7: кривая не построена (нет точки на квартике)
  F4 c3/c5@t0=27: rank[2,2] g=2 src=pari sat=1 tors=4 st=2740 hmax=899 pr=50 surv=4 ex=0 bad=0 hits=0 t=0s
  F4 c3/c6: кривая не построена (нет точки на квартике)
  F4 c3/c7@t0=27: rank[2,2] g=2 src=pari sat=1 tors=4 st=2740 hmax=899 pr=50 surv=4 ex=0 bad=0 hits=0 t=0s
  F4 c5/c6@t0=27: rank[1,1] g=1 src=pari sat=1 tors=4 st=108 hmax=875 pr=50 surv=6 ex=0 bad=0 hits=0 t=0s
  F4 c5/c7@t0=27: rank[2,2] g=2 src=pari sat=1 tors=4 st=3596 hmax=894 pr=50 surv=4 ex=0 bad=0 hits=0 t=0s
  F4 c6/c7: кривая не построена (нет точки на квартике)
== (P,Q)=(38,29) C=2285/2 non
  F1 c0/c2: кривая не построена (нет точки на квартике)
  F1 c0/c3@t0=29: rank[1,1] g=1 src=pari sat=1 tors=4 st=124 hmax=864 pr=50 surv=4 ex=0 bad=0 hits=0 t=0s
  F1 c0/c6: кривая не построена (нет точки на квартике)
  F1 c0/c8@t0=29: rank[1,1] g=1 src=pari sat=1 tors=4 st=116 hmax=798 pr=50 surv=4 ex=0 bad=0 hits=0 t=0s
  F1 c3/c2@t0=29: rank[1,1] g=1 src=pari sat=1 tors=4 st=124 hmax=864 pr=50 surv=2 ex=0 bad=0 hits=0 t=0s
  F1 c2/c6@t0=38: rank[3,3] g=3 src=pari sat=1 tors=4 st=9564 hmax=246 pr=50 surv=4 ex=0 bad=0 hits=0 t=0s
  F1 c2/c8: кривая не построена (нет точки на квартике)
  F1 c3/c6@t0=29: rank[1,1] g=1 src=pari sat=1 tors=4 st=116 hmax=824 pr=50 surv=2 ex=0 bad=0 hits=0 t=0s
  F1 c3/c8@t0=29: rank[1,1] g=1 src=pari sat=1 tors=4 st=116 hmax=824 pr=50 surv=4 ex=0 bad=0 hits=0 t=0s
  F1 c6/c8: кривая не построена (нет точки на квартике)
  F2 c2/c3: кривая не построена (нет точки на квартике)
  F2 c2/c5: кривая не построена (нет точки на квартике)
  F2 c2/c6: нет рациональной точки для коники
  F2 c2/c8: кривая не построена (нет точки на квартике)
  F2 c3/c5@t0=29: rank[1,1] g=1 src=pari sat=1 tors=4 st=124 hmax=864 pr=50 surv=4 ex=0 bad=0 hits=0 t=0s
  F2 c3/c6: кривая не построена (нет точки на квартике)
  F2 c3/c8@t0=29: rank[3,3] g=3 src=pari sat=1 tors=4 st=9564 hmax=246 pr=50 surv=4 ex=0 bad=0 hits=0 t=0s
  F2 c5/c6: кривая не построена (нет точки на квартике)
  F2 c5/c8@t0=29: rank[1,1] g=1 src=pari sat=1 tors=4 st=116 hmax=798 pr=50 surv=4 ex=0 bad=0 hits=0 t=0s
  F2 c6/c8: кривая не построена (нет точки на квартике)
  F3 c1/c3: нет рациональной точки для коники
  F3 c1/c5: нет рациональной точки для коники
  F3 c1/c6: кривая не построена (нет точки на квартике)
  F3 c1/c7: нет рациональной точки для коники
  F3 c3/c5: нет рациональной точки для коники
  F3 c3/c6: кривая не построена (нет точки на квартике)
  F3 c3/c7: нет рациональной точки для коники
  F3 c5/c6: кривая не построена (нет точки на квартике)
  F3 c5/c7: нет рациональной точки для коники
  F3 c6/c7: кривая не построена (нет точки на квартике)
  F4 c2/c3: кривая не построена (нет точки на квартике)
  F4 c2/c5: кривая не построена (нет точки на квартике)
  F4 c2/c6: нет рациональной точки для коники
  F4 c2/c7: кривая не построена (нет точки на квартике)
  F4 c3/c5@t0=29: rank[3,3] g=3 src=pari sat=1 tors=4 st=9604 hmax=232 pr=50 surv=4 ex=0 bad=0 hits=0 t=0s
  F4 c3/c6: кривая не построена (нет точки на квартике)
  F4 c3/c7@t0=29: rank[3,3] g=3 src=pari sat=1 tors=4 st=9604 hmax=232 pr=50 surv=4 ex=0 bad=0 hits=0 t=0s
  F4 c5/c6: кривая не построена (нет точки на квартике)
  F4 c5/c7@t0=29: rank[2,2] g=2 src=pari sat=1 tors=4 st=2916 hmax=897 pr=50 surv=4 ex=0 bad=0 hits=0 t=0s
  F4 c6/c7: кривая не построена (нет точки на квартике)
== (P,Q)=(38,31) C=2405/2 non
  F1 c0/c2: кривая не построена (нет точки на квартике)
  F1 c0/c3@t0=31: rank[3,3] g=3 src=pari sat=1 tors=4 st=9588 hmax=150 pr=50 surv=4 ex=0 bad=0 hits=0 t=0s
  F1 c0/c6: кривая не построена (нет точки на квартике)
  F1 c0/c8@t0=31: rank[2,2] g=2 src=pari sat=1 tors=4 st=2772 hmax=897 pr=50 surv=4 ex=0 bad=0 hits=0 t=0s
  F1 c3/c2@t0=31: rank[3,3] g=3 src=pari sat=1 tors=4 st=9588 hmax=150 pr=50 surv=2 ex=0 bad=0 hits=0 t=0s
  F1 c2/c6@t0=38: rank[2,2] g=2 src=pari sat=1 tors=4 st=3316 hmax=893 pr=50 surv=4 ex=0 bad=0 hits=0 t=0s
  F1 c2/c8: кривая не построена (нет точки на квартике)
  F1 c3/c6@t0=31: rank[1,1] g=1 src=pari sat=1 tors=4 st=116 hmax=828 pr=50 surv=2 ex=0 bad=0 hits=0 t=0s
  F1 c3/c8@t0=31: rank[1,1] g=1 src=pari sat=1 tors=4 st=116 hmax=828 pr=50 surv=4 ex=0 bad=0 hits=0 t=0s
  F1 c6/c8: кривая не построена (нет точки на квартике)
  F2 c2/c3: кривая не построена (нет точки на квартике)
  F2 c2/c5: кривая не построена (нет точки на квартике)
  F2 c2/c6: нет рациональной точки для коники
  F2 c2/c8: кривая не построена (нет точки на квартике)
  F2 c3/c5@t0=31: rank[3,3] g=3 src=pari sat=1 tors=4 st=9588 hmax=150 pr=50 surv=4 ex=0 bad=0 hits=0 t=0s
  F2 c3/c6: кривая не построена (нет точки на квартике)
  F2 c3/c8@t0=31: rank[2,2] g=2 src=pari sat=1 tors=4 st=3316 hmax=893 pr=50 surv=4 ex=0 bad=0 hits=0 t=0s
  F2 c5/c6: кривая не построена (нет точки на квартике)
  F2 c5/c8@t0=31: rank[2,2] g=2 src=pari sat=1 tors=4 st=2772 hmax=897 pr=50 surv=4 ex=0 bad=0 hits=0 t=0s
  F2 c6/c8: кривая не построена (нет точки на квартике)
  F3 c1/c3: нет рациональной точки для коники
  F3 c1/c5: нет рациональной точки для коники
  F3 c1/c6: кривая не построена (нет точки на квартике)
  F3 c1/c7: нет рациональной точки для коники
  F3 c3/c5: нет рациональной точки для коники
  F3 c3/c6: кривая не построена (нет точки на квартике)
  F3 c3/c7: нет рациональной точки для коники
  F3 c5/c6: кривая не построена (нет точки на квартике)
  F3 c5/c7: нет рациональной точки для коники
  F3 c6/c7: кривая не построена (нет точки на квартике)
  F4 c2/c3: кривая не построена (нет точки на квартике)
  F4 c2/c5: кривая не построена (нет точки на квартике)
  F4 c2/c6: нет рациональной точки для коники
  F4 c2/c7: кривая не построена (нет точки на квартике)
  F4 c3/c5@t0=31: rank[1,1] g=1 src=pari sat=1 tors=4 st=124 hmax=889 pr=50 surv=4 ex=0 bad=0 hits=0 t=0s
  F4 c3/c6: кривая не построена (нет точки на квартике)
  F4 c3/c7@t0=31: rank[1,1] g=1 src=pari sat=1 tors=4 st=124 hmax=889 pr=50 surv=4 ex=0 bad=0 hits=0 t=0s
  F4 c5/c6@t0=31: rank[1,1] g=1 src=pari sat=1 tors=4 st=132 hmax=813 pr=50 surv=6 ex=0 bad=0 hits=0 t=0s
  F4 c5/c7@t0=31: rank[1,1] g=1 src=pari sat=1 tors=4 st=132 hmax=896 pr=50 surv=4 ex=0 bad=0 hits=0 t=0s
  F4 c6/c7: кривая не построена (нет точки на квартике)
== (P,Q)=(38,33) C=2533/2 non
  F1 c0/c2: кривая не построена (нет точки на квартике)
  F1 c0/c3@t0=33: rank[2,2] g=2 src=pari sat=1 tors=4 st=2372 hmax=894 pr=50 surv=4 ex=0 bad=0 hits=0 t=0s
  F1 c0/c6: кривая не построена (нет точки на квартике)
  F1 c0/c8@t0=33: rank[2,2] g=2 src=pari sat=1 tors=4 st=2380 hmax=898 pr=50 surv=4 ex=0 bad=0 hits=0 t=0s
  F1 c3/c2@t0=33: rank[2,2] g=2 src=pari sat=1 tors=4 st=2372 hmax=894 pr=50 surv=2 ex=0 bad=0 hits=0 t=0s
  F1 c2/c6@t0=38: rank[2,2] g=2 src=pari sat=1 tors=4 st=1396 hmax=893 pr=50 surv=4 ex=0 bad=0 hits=0 t=0s
  F1 c2/c8: кривая не построена (нет точки на квартике)
  F1 c3/c6@t0=33: rank[2,2] g=2 src=pari sat=1 tors=4 st=1924 hmax=899 pr=50 surv=2 ex=0 bad=0 hits=0 t=0s
  F1 c3/c8@t0=33: rank[2,2] g=2 src=pari sat=1 tors=4 st=1924 hmax=899 pr=50 surv=4 ex=0 bad=0 hits=0 t=0s
  F1 c6/c8: кривая не построена (нет точки на квартике)
  F2 c2/c3: кривая не построена (нет точки на квартике)
  F2 c2/c5: кривая не построена (нет точки на квартике)
  F2 c2/c6: нет рациональной точки для коники
  F2 c2/c8: кривая не построена (нет точки на квартике)
  F2 c3/c5@t0=33: rank[2,2] g=2 src=pari sat=1 tors=4 st=2372 hmax=894 pr=50 surv=4 ex=0 bad=0 hits=0 t=0s
  F2 c3/c6: кривая не построена (нет точки на квартике)
  F2 c3/c8@t0=33: rank[2,2] g=2 src=pari sat=1 tors=4 st=1396 hmax=893 pr=50 surv=4 ex=0 bad=0 hits=0 t=0s
  F2 c5/c6: кривая не построена (нет точки на квартике)
  F2 c5/c8@t0=33: rank[2,2] g=2 src=pari sat=1 tors=4 st=2380 hmax=898 pr=50 surv=4 ex=0 bad=0 hits=0 t=0s
  F2 c6/c8: кривая не построена (нет точки на квартике)
  F3 c1/c3: нет рациональной точки для коники
  F3 c1/c5: нет рациональной точки для коники
  F3 c1/c6: кривая не построена (нет точки на квартике)
  F3 c1/c7: нет рациональной точки для коники
  F3 c3/c5: нет рациональной точки для коники
  F3 c3/c6: кривая не построена (нет точки на квартике)
  F3 c3/c7: нет рациональной точки для коники
  F3 c5/c6: кривая не построена (нет точки на квартике)
  F3 c5/c7: нет рациональной точки для коники
  F3 c6/c7: кривая не построена (нет точки на квартике)
  F4 c2/c3: кривая не построена (нет точки на квартике)
  F4 c2/c5: кривая не построена (нет точки на квартике)
  F4 c2/c6: нет рациональной точки для коники
  F4 c2/c7: кривая не построена (нет точки на квартике)
  F4 c3/c5@t0=33: rank[1,1] g=1 src=pari sat=1 tors=4 st=124 hmax=886 pr=50 surv=4 ex=0 bad=0 hits=0 t=0s
  F4 c3/c6: кривая не построена (нет точки на квартике)
  F4 c3/c7@t0=33: rank[1,1] g=1 src=pari sat=1 tors=4 st=124 hmax=886 pr=50 surv=4 ex=0 bad=0 hits=0 t=0s
  F4 c5/c6: кривая не построена (нет точки на квартике)
  F4 c5/c7@t0=33: rank[1,1] g=1 src=pari sat=1 tors=4 st=132 hmax=900 pr=50 surv=4 ex=0 bad=0 hits=0 t=0s
  F4 c6/c7: кривая не построена (нет точки на квартике)
== (P,Q)=(38,35) C=2669/2 non
  F1 c0/c2: кривая не построена (нет точки на квартике)
  F1 c0/c3@t0=35: rank[3,3] g=3 src=pari sat=1 tors=4 st=9604 hmax=197 pr=50 surv=4 ex=0 bad=0 hits=0 t=0s
  F1 c0/c6: кривая не построена (нет точки на квартике)
  F1 c0/c8@t0=35: rank[2,2] g=2 src=pari sat=1 tors=4 st=2724 hmax=897 pr=50 surv=4 ex=0 bad=0 hits=0 t=0s
  F1 c3/c2@t0=35: rank[3,3] g=3 src=pari sat=1 tors=4 st=9604 hmax=197 pr=50 surv=2 ex=0 bad=0 hits=0 t=0s
  F1 c2/c6@t0=38: rank[2,2] g=2 src=pari sat=1 tors=4 st=2900 hmax=898 pr=50 surv=4 ex=0 bad=0 hits=0 t=0s
  F1 c2/c8: кривая не построена (нет точки на квартике)
  F1 c3/c6@t0=35: rank[1,1] g=1 src=pari sat=1 tors=4 st=116 hmax=838 pr=50 surv=2 ex=0 bad=0 hits=0 t=0s
  F1 c3/c8@t0=35: rank[1,1] g=1 src=pari sat=1 tors=4 st=116 hmax=838 pr=50 surv=4 ex=0 bad=0 hits=0 t=0s
  F1 c6/c8: кривая не построена (нет точки на квартике)
  F2 c2/c3: кривая не построена (нет точки на квартике)
  F2 c2/c5: кривая не построена (нет точки на квартике)
  F2 c2/c6: нет рациональной точки для коники
  F2 c2/c8: кривая не построена (нет точки на квартике)
  F2 c3/c5@t0=35: rank[3,3] g=3 src=pari sat=1 tors=4 st=9604 hmax=197 pr=50 surv=4 ex=0 bad=0 hits=0 t=0s
  F2 c3/c6: кривая не построена (нет точки на квартике)
  F2 c3/c8@t0=35: rank[2,2] g=2 src=pari sat=1 tors=4 st=2900 hmax=898 pr=50 surv=4 ex=0 bad=0 hits=0 t=0s
  F2 c5/c6: кривая не построена (нет точки на квартике)
  F2 c5/c8@t0=35: rank[2,2] g=2 src=pari sat=1 tors=4 st=2724 hmax=897 pr=50 surv=4 ex=0 bad=0 hits=0 t=0s
  F2 c6/c8: кривая не построена (нет точки на квартике)
  F3 c1/c3: нет рациональной точки для коники
  F3 c1/c5: нет рациональной точки для коники
  F3 c1/c6: кривая не построена (нет точки на квартике)
  F3 c1/c7: нет рациональной точки для коники
  F3 c3/c5: нет рациональной точки для коники
  F3 c3/c6: кривая не построена (нет точки на квартике)
  F3 c3/c7: нет рациональной точки для коники
  F3 c5/c6: кривая не построена (нет точки на квартике)
  F3 c5/c7: нет рациональной точки для коники
  F3 c6/c7: кривая не построена (нет точки на квартике)
  F4 c2/c3: кривая не построена (нет точки на квартике)
  F4 c2/c5: кривая не построена (нет точки на квартике)
  F4 c2/c6: нет рациональной точки для коники
  F4 c2/c7: кривая не построена (нет точки на квартике)
  F4 c3/c5@t0=35: rank[2,2] g=2 src=pari sat=1 tors=4 st=3204 hmax=897 pr=50 surv=4 ex=0 bad=0 hits=0 t=0s
  F4 c3/c6: кривая не построена (нет точки на квартике)
  F4 c3/c7@t0=35: rank[2,2] g=2 src=pari sat=1 tors=4 st=3204 hmax=897 pr=50 surv=4 ex=0 bad=0 hits=0 t=0s
  F4 c5/c6@t0=35: rank[1,1] g=1 src=pari sat=1 tors=4 st=116 hmax=800 pr=50 surv=6 ex=0 bad=0 hits=0 t=0s
  F4 c5/c7@t0=35: rank[1,1] g=1 src=pari sat=1 tors=4 st=124 hmax=792 pr=50 surv=4 ex=0 bad=0 hits=0 t=0s
  F4 c6/c7: кривая не построена (нет точки на квартике)
== (P,Q)=(38,37) C=2813/2 non
  F1 c0/c2: кривая не построена (нет точки на квартике)
  F1 c0/c3@t0=37: rank[2,2] g=2 src=pari sat=1 tors=4 st=2868 hmax=899 pr=50 surv=4 ex=0 bad=0 hits=0 t=0s
  F1 c0/c6: кривая не построена (нет точки на квартике)
  F1 c0/c8@t0=37: rank[2,2] g=2 src=pari sat=1 tors=4 st=2316 hmax=899 pr=50 surv=4 ex=0 bad=0 hits=0 t=0s
  F1 c3/c2@t0=37: rank[2,2] g=2 src=pari sat=1 tors=4 st=2868 hmax=899 pr=50 surv=2 ex=0 bad=0 hits=0 t=0s
  F1 c2/c6@t0=38: rank[2,2] g=2 src=pari sat=1 tors=4 st=2788 hmax=893 pr=50 surv=4 ex=0 bad=0 hits=0 t=0s
  F1 c2/c8: кривая не построена (нет точки на квартике)
  F1 c3/c6@t0=37: rank[2,2] g=2 src=pari sat=1 tors=4 st=2108 hmax=896 pr=50 surv=2 ex=0 bad=0 hits=0 t=0s
  F1 c3/c8@t0=37: rank[2,2] g=2 src=pari sat=1 tors=4 st=2108 hmax=896 pr=50 surv=4 ex=0 bad=0 hits=0 t=0s
  F1 c6/c8: кривая не построена (нет точки на квартике)
  F2 c2/c3: кривая не построена (нет точки на квартике)
  F2 c2/c5: кривая не построена (нет точки на квартике)
  F2 c2/c6: нет рациональной точки для коники
  F2 c2/c8: кривая не построена (нет точки на квартике)
  F2 c3/c5@t0=37: rank[2,2] g=2 src=pari sat=1 tors=4 st=2868 hmax=899 pr=50 surv=4 ex=0 bad=0 hits=0 t=0s
  F2 c3/c6: кривая не построена (нет точки на квартике)
  F2 c3/c8@t0=37: rank[2,2] g=2 src=pari sat=1 tors=4 st=2788 hmax=893 pr=50 surv=4 ex=0 bad=0 hits=0 t=0s
  F2 c5/c6: кривая не построена (нет точки на квартике)
  F2 c5/c8@t0=37: rank[2,2] g=2 src=pari sat=1 tors=4 st=2316 hmax=899 pr=50 surv=4 ex=0 bad=0 hits=0 t=0s
  F2 c6/c8: кривая не построена (нет точки на квартике)
  F3 c1/c3: нет рациональной точки для коники
  F3 c1/c5: нет рациональной точки для коники
  F3 c1/c6: кривая не построена (нет точки на квартике)
  F3 c1/c7: нет рациональной точки для коники
  F3 c3/c5: нет рациональной точки для коники
  F3 c3/c6: кривая не построена (нет точки на квартике)
  F3 c3/c7: нет рациональной точки для коники
  F3 c5/c6: кривая не построена (нет точки на квартике)
  F3 c5/c7: нет рациональной точки для коники
  F3 c6/c7: кривая не построена (нет точки на квартике)
  F4 c2/c3: кривая не построена (нет точки на квартике)
  F4 c2/c5: кривая не построена (нет точки на квартике)
  F4 c2/c6: нет рациональной точки для коники
  F4 c2/c7: кривая не построена (нет точки на квартике)
  F4 c3/c5@t0=37: rank[1,1] g=1 src=pari sat=1 tors=4 st=124 hmax=872 pr=50 surv=4 ex=0 bad=0 hits=0 t=0s
  F4 c3/c6: кривая не построена (нет точки на квартике)
  F4 c3/c7@t0=37: rank[1,1] g=1 src=pari sat=1 tors=4 st=124 hmax=872 pr=50 surv=4 ex=0 bad=0 hits=0 t=0s
  F4 c5/c6@t0=37: rank[1,1] g=1 src=pari sat=1 tors=4 st=252 hmax=854 pr=50 surv=6 ex=0 bad=0 hits=0 t=0s
  F4 c5/c7@t0=37: rank[2,2] g=2 src=pari sat=1 tors=4 st=4284 hmax=900 pr=50 surv=4 ex=0 bad=0 hits=0 t=0s
  F4 c6/c7: кривая не построена (нет точки на квартике)
== (P,Q)=(39,1) C=761 non
  F1 c0/c2: кривая не построена (нет точки на квартике)
  F1 c0/c3@t0=1: rank[2,2] g=2 src=pari sat=1 tors=4 st=1668 hmax=899 pr=50 surv=4 ex=0 bad=0 hits=0 t=0s
  F1 c0/c6: кривая не построена (нет точки на квартике)
  F1 c0/c8@t0=1: rank[2,2] g=2 src=pari sat=1 tors=4 st=2348 hmax=897 pr=50 surv=4 ex=0 bad=0 hits=0 t=0s
  F1 c3/c2@t0=1: rank[2,2] g=2 src=pari sat=1 tors=4 st=1668 hmax=899 pr=50 surv=2 ex=0 bad=0 hits=0 t=0s
  F1 c2/c6@t0=39: rank[1,1] g=1 src=pari sat=1 tors=4 st=132 hmax=805 pr=50 surv=4 ex=0 bad=0 hits=0 t=0s
  F1 c8/c2@t0=1: rank[2,2] g=2 src=pari sat=1 tors=4 st=1196 hmax=887 pr=50 surv=2 ex=0 bad=0 hits=0 t=0s
  F1 c3/c6@t0=1: rank[1,1] g=1 src=pari sat=1 tors=4 st=116 hmax=786 pr=50 surv=2 ex=0 bad=0 hits=0 t=0s
  F1 c3/c8@t0=1: rank[1,1] g=1 src=pari sat=1 tors=4 st=116 hmax=786 pr=50 surv=4 ex=0 bad=0 hits=0 t=0s
  F1 c6/c8: кривая не построена (нет точки на квартике)
  F2 c2/c3: кривая не построена (нет точки на квартике)
  F2 c2/c5: кривая не построена (нет точки на квартике)
  F2 c2/c6: нет рациональной точки для коники
  F2 c2/c8: кривая не построена (нет точки на квартике)
  F2 c3/c5@t0=1: rank[2,2] g=2 src=pari sat=1 tors=4 st=1668 hmax=899 pr=50 surv=4 ex=0 bad=0 hits=0 t=0s
  F2 c3/c6@t0=1: rank[2,2] g=2 src=pari sat=1 tors=4 st=1196 hmax=887 pr=50 surv=2 ex=0 bad=0 hits=0 t=0s
  F2 c3/c8@t0=1: rank[1,1] g=1 src=pari sat=1 tors=4 st=132 hmax=805 pr=50 surv=4 ex=0 bad=0 hits=0 t=0s
  F2 c5/c6: кривая не построена (нет точки на квартике)
  F2 c5/c8@t0=1: rank[2,2] g=2 src=pari sat=1 tors=4 st=2348 hmax=897 pr=50 surv=4 ex=0 bad=0 hits=0 t=0s
  F2 c6/c8: кривая не построена (нет точки на квартике)
  F3 c1/c3: нет рациональной точки для коники
  F3 c1/c5: нет рациональной точки для коники
  F3 c1/c6: кривая не построена (нет точки на квартике)
  F3 c1/c7: нет рациональной точки для коники
  F3 c3/c5: нет рациональной точки для коники
  F3 c3/c6: кривая не построена (нет точки на квартике)
  F3 c3/c7: нет рациональной точки для коники
  F3 c5/c6: кривая не построена (нет точки на квартике)
  F3 c5/c7: нет рациональной точки для коники
  F3 c6/c7: кривая не построена (нет точки на квартике)
  F4 c2/c3: кривая не построена (нет точки на квартике)
  F4 c2/c5: кривая не построена (нет точки на квартике)
  F4 c2/c6: нет рациональной точки для коники
  F4 c2/c7: кривая не построена (нет точки на квартике)
  F4 c3/c5@t0=1: rank[2,2] g=2 src=pari sat=1 tors=4 st=1420 hmax=897 pr=50 surv=4 ex=0 bad=0 hits=0 t=0s
  F4 c3/c6: кривая не построена (нет точки на квартике)
  F4 c3/c7@t0=1: rank[2,2] g=2 src=pari sat=1 tors=4 st=1420 hmax=897 pr=50 surv=4 ex=0 bad=0 hits=0 t=0s
  F4 c5/c6@t0=1: rank[1,1] g=1 src=pari sat=1 tors=4 st=148 hmax=849 pr=50 surv=6 ex=0 bad=0 hits=0 t=0s
  F4 c5/c7@t0=1: rank[1,1] g=1 src=pari sat=1 tors=4 st=124 hmax=824 pr=50 surv=4 ex=0 bad=0 hits=0 t=0s
  F4 c6/c7: кривая не построена (нет точки на квартике)
== (P,Q)=(39,2) C=1525/2 non
  F1 c0/c2: кривая не построена (нет точки на квартике)
  F1 c0/c3@t0=2: rank[1,1] g=1 src=pari sat=1 tors=4 st=124 hmax=864 pr=50 surv=4 ex=0 bad=0 hits=0 t=0s
  F1 c0/c6: кривая не построена (нет точки на квартике)
  F1 c0/c8@t0=2: rank[2,2] g=2 src=pari sat=1 tors=4 st=2620 hmax=897 pr=50 surv=4 ex=0 bad=0 hits=0 t=0s
  F1 c3/c2@t0=2: rank[1,1] g=1 src=pari sat=1 tors=4 st=124 hmax=864 pr=50 surv=2 ex=0 bad=0 hits=0 t=0s
  F1 c2/c6@t0=39: rank[2,2] g=2 src=pari sat=1 tors=4 st=2556 hmax=899 pr=50 surv=4 ex=0 bad=0 hits=0 t=0s
  F1 c2/c8: кривая не построена (нет точки на квартике)
  F1 c3/c6@t0=2: rank[1,1] g=1 src=pari sat=1 tors=4 st=124 hmax=825 pr=50 surv=2 ex=0 bad=0 hits=0 t=0s
  F1 c3/c8@t0=2: rank[1,1] g=1 src=pari sat=1 tors=4 st=124 hmax=825 pr=50 surv=4 ex=0 bad=0 hits=0 t=0s
  F1 c6/c8: кривая не построена (нет точки на квартике)
  F2 c2/c3: кривая не построена (нет точки на квартике)
  F2 c2/c5: кривая не построена (нет точки на квартике)
  F2 c2/c6: нет рациональной точки для коники
  F2 c2/c8: кривая не построена (нет точки на квартике)
  F2 c3/c5@t0=2: rank[1,1] g=1 src=pari sat=1 tors=4 st=124 hmax=864 pr=50 surv=4 ex=0 bad=0 hits=0 t=0s
  F2 c3/c6: кривая не построена (нет точки на квартике)
  F2 c3/c8@t0=2: rank[2,2] g=2 src=pari sat=1 tors=4 st=2556 hmax=899 pr=50 surv=4 ex=0 bad=0 hits=0 t=0s
  F2 c5/c6: кривая не построена (нет точки на квартике)
  F2 c5/c8@t0=2: rank[2,2] g=2 src=pari sat=1 tors=4 st=2620 hmax=897 pr=50 surv=4 ex=0 bad=0 hits=0 t=0s
  F2 c6/c8: кривая не построена (нет точки на квартике)
  F3 c1/c3: нет рациональной точки для коники
  F3 c1/c5: нет рациональной точки для коники
  F3 c1/c6: кривая не построена (нет точки на квартике)
  F3 c1/c7: нет рациональной точки для коники
  F3 c3/c5: нет рациональной точки для коники
  F3 c3/c6: кривая не построена (нет точки на квартике)
  F3 c3/c7: нет рациональной точки для коники
  F3 c5/c6: кривая не построена (нет точки на квартике)
  F3 c5/c7: нет рациональной точки для коники
  F3 c6/c7: кривая не построена (нет точки на квартике)
  F4 c2/c3: кривая не построена (нет точки на квартике)
  F4 c2/c5: кривая не построена (нет точки на квартике)
  F4 c2/c6: нет рациональной точки для коники
  F4 c2/c7: кривая не построена (нет точки на квартике)
  F4 c3/c5@t0=2: rank[2,2] g=2 src=pari sat=1 tors=4 st=2044 hmax=896 pr=50 surv=4 ex=0 bad=0 hits=0 t=0s
  F4 c3/c6: кривая не построена (нет точки на квартике)
  F4 c3/c7@t0=2: rank[2,2] g=2 src=pari sat=1 tors=4 st=2044 hmax=896 pr=50 surv=4 ex=0 bad=0 hits=0 t=0s
  F4 c5/c6: кривая не построена (нет точки на квартике)
  F4 c5/c7@t0=2: rank[1,1] g=1 src=pari sat=1 tors=4 st=124 hmax=825 pr=50 surv=4 ex=0 bad=0 hits=0 t=0s
  F4 c6/c7: кривая не построена (нет точки на квартике)
== (P,Q)=(39,4) C=1537/2 non
  F1 c0/c2: кривая не построена (нет точки на квартике)
  F1 c0/c3@t0=4: rank[2,2] g=2 src=pari sat=1 tors=4 st=2812 hmax=896 pr=50 surv=4 ex=0 bad=0 hits=0 t=0s
  F1 c0/c6: кривая не построена (нет точки на квартике)
  F1 c0/c8@t0=4: rank[1,1] g=1 src=pari sat=1 tors=4 st=124 hmax=868 pr=50 surv=4 ex=0 bad=0 hits=0 t=0s
  F1 c3/c2@t0=4: rank[2,2] g=2 src=pari sat=1 tors=4 st=2812 hmax=896 pr=50 surv=2 ex=0 bad=0 hits=0 t=0s
  F1 c2/c6@t0=39: rank[1,1] g=1 src=pari sat=1 tors=4 st=124 hmax=827 pr=50 surv=4 ex=0 bad=0 hits=0 t=0s
  F1 c2/c8: кривая не построена (нет точки на квартике)
  F1 c3/c6@t0=4: rank[2,2] g=2 src=pari sat=1 tors=4 st=3916 hmax=899 pr=50 surv=2 ex=0 bad=0 hits=0 t=0s
  F1 c3/c8@t0=4: rank[2,2] g=2 src=pari sat=1 tors=4 st=3916 hmax=899 pr=50 surv=4 ex=0 bad=0 hits=0 t=0s
  F1 c6/c8: кривая не построена (нет точки на квартике)
  F2 c2/c3: кривая не построена (нет точки на квартике)
  F2 c2/c5: кривая не построена (нет точки на квартике)
  F2 c2/c6: нет рациональной точки для коники
  F2 c2/c8: кривая не построена (нет точки на квартике)
  F2 c3/c5@t0=4: rank[2,2] g=2 src=pari sat=1 tors=4 st=2812 hmax=896 pr=50 surv=4 ex=0 bad=0 hits=0 t=0s
  F2 c3/c6: кривая не построена (нет точки на квартике)
  F2 c3/c8@t0=4: rank[1,1] g=1 src=pari sat=1 tors=4 st=124 hmax=827 pr=50 surv=4 ex=0 bad=0 hits=0 t=0s
  F2 c5/c6: кривая не построена (нет точки на квартике)
  F2 c5/c8@t0=4: rank[1,1] g=1 src=pari sat=1 tors=4 st=124 hmax=868 pr=50 surv=4 ex=0 bad=0 hits=0 t=0s
  F2 c6/c8: кривая не построена (нет точки на квартике)
  F3 c1/c3: нет рациональной точки для коники
  F3 c1/c5: нет рациональной точки для коники
  F3 c1/c6: кривая не построена (нет точки на квартике)
  F3 c1/c7: нет рациональной точки для коники
  F3 c3/c5: нет рациональной точки для коники
  F3 c3/c6: кривая не построена (нет точки на квартике)
  F3 c3/c7: нет рациональной точки для коники
  F3 c5/c6: кривая не построена (нет точки на квартике)
  F3 c5/c7: нет рациональной точки для коники
  F3 c6/c7: кривая не построена (нет точки на квартике)
  F4 c2/c3: кривая не построена (нет точки на квартике)
  F4 c2/c5: кривая не построена (нет точки на квартике)
  F4 c2/c6: нет рациональной точки для коники
  F4 c2/c7: кривая не построена (нет точки на квартике)
  F4 c3/c5@t0=4: rank[1,1] g=1 src=pari sat=1 tors=4 st=124 hmax=824 pr=50 surv=4 ex=0 bad=0 hits=0 t=0s
  F4 c3/c6: кривая не построена (нет точки на квартике)
  F4 c3/c7@t0=4: rank[1,1] g=1 src=pari sat=1 tors=4 st=124 hmax=824 pr=50 surv=4 ex=0 bad=0 hits=0 t=0s
  F4 c5/c6: кривая не построена (нет точки на квартике)
  F4 c5/c7@t0=4: rank[2,2] g=2 src=pari sat=1 tors=4 st=3884 hmax=899 pr=50 surv=4 ex=0 bad=0 hits=0 t=0s
  F4 c6/c7: кривая не построена (нет точки на квартике)
== (P,Q)=(39,5) C=773 non
  F1 c0/c2: кривая не построена (нет точки на квартике)
  F1 c0/c3@t0=5: rank[1,1] g=1 src=pari sat=1 tors=4 st=124 hmax=876 pr=50 surv=4 ex=0 bad=0 hits=0 t=0s
  F1 c0/c6: кривая не построена (нет точки на квартике)
  F1 c0/c8@t0=5: rank[1,1] g=1 src=pari sat=1 tors=4 st=132 hmax=858 pr=50 surv=4 ex=0 bad=0 hits=0 t=0s
  F1 c3/c2@t0=5: rank[1,1] g=1 src=pari sat=1 tors=4 st=124 hmax=876 pr=50 surv=2 ex=0 bad=0 hits=0 t=0s
  F1 c2/c6@t0=39: rank[1,1] g=1 src=pari sat=1 tors=4 st=132 hmax=809 pr=50 surv=4 ex=0 bad=0 hits=0 t=0s
  F1 c2/c8: кривая не построена (нет точки на квартике)
  F1 c3/c6@t0=5: rank[1,1] g=1 src=pari sat=1 tors=4 st=116 hmax=788 pr=50 surv=2 ex=0 bad=0 hits=0 t=0s
  F1 c3/c8@t0=5: rank[1,1] g=1 src=pari sat=1 tors=4 st=116 hmax=788 pr=50 surv=4 ex=0 bad=0 hits=0 t=0s
  F1 c6/c8: кривая не построена (нет точки на квартике)
  F2 c2/c3: кривая не построена (нет точки на квартике)
  F2 c2/c5: кривая не построена (нет точки на квартике)
  F2 c2/c6: нет рациональной точки для коники
  F2 c2/c8: кривая не построена (нет точки на квартике)
  F2 c3/c5@t0=5: rank[1,1] g=1 src=pari sat=1 tors=4 st=124 hmax=876 pr=50 surv=4 ex=0 bad=0 hits=0 t=0s
  F2 c3/c6: кривая не построена (нет точки на квартике)
  F2 c3/c8@t0=5: rank[1,1] g=1 src=pari sat=1 tors=4 st=132 hmax=809 pr=50 surv=4 ex=0 bad=0 hits=0 t=0s
  F2 c5/c6: кривая не построена (нет точки на квартике)
  F2 c5/c8@t0=5: rank[1,1] g=1 src=pari sat=1 tors=4 st=132 hmax=858 pr=50 surv=4 ex=0 bad=0 hits=0 t=0s
  F2 c6/c8: кривая не построена (нет точки на квартике)
  F3 c1/c3: нет рациональной точки для коники
  F3 c1/c5: нет рациональной точки для коники
  F3 c1/c6: кривая не построена (нет точки на квартике)
  F3 c1/c7: нет рациональной точки для коники
  F3 c3/c5: нет рациональной точки для коники
  F3 c3/c6: кривая не построена (нет точки на квартике)
  F3 c3/c7: нет рациональной точки для коники
  F3 c5/c6: кривая не построена (нет точки на квартике)
  F3 c5/c7: нет рациональной точки для коники
  F3 c6/c7: кривая не построена (нет точки на квартике)
  F4 c2/c3: кривая не построена (нет точки на квартике)
  F4 c2/c5: кривая не построена (нет точки на квартике)
  F4 c2/c6: нет рациональной точки для коники
  F4 c2/c7: кривая не построена (нет точки на квартике)
  F4 c3/c5@t0=5: rank[1,1] g=1 src=pari sat=1 tors=4 st=116 hmax=786 pr=50 surv=4 ex=0 bad=0 hits=0 t=0s
  F4 c3/c6: кривая не построена (нет точки на квартике)
  F4 c3/c7@t0=5: rank[1,1] g=1 src=pari sat=1 tors=4 st=116 hmax=786 pr=50 surv=4 ex=0 bad=0 hits=0 t=0s
  F4 c5/c6: кривая не построена (нет точки на квартике)
  F4 c5/c7@t0=5: rank[3,3] g=3 src=pari sat=1 tors=4 st=9540 hmax=209 pr=50 surv=4 ex=0 bad=0 hits=0 t=0s
  F4 c6/c7: кривая не построена (нет точки на квартике)
== (P,Q)=(39,7) C=785 non
  F1 c0/c2: кривая не построена (нет точки на квартике)
  F1 c0/c3@t0=7: rank[2,2] g=2 src=pari sat=1 tors=4 st=3188 hmax=899 pr=50 surv=4 ex=0 bad=0 hits=0 t=0s
  F1 c0/c6: кривая не построена (нет точки на квартике)
  F1 c0/c8@t0=7: rank[2,2] g=2 src=pari sat=1 tors=4 st=3140 hmax=896 pr=50 surv=4 ex=0 bad=0 hits=0 t=0s
  F1 c3/c2@t0=7: rank[2,2] g=2 src=pari sat=1 tors=4 st=3188 hmax=899 pr=50 surv=2 ex=0 bad=0 hits=0 t=0s
  F1 c2/c6@t0=39: rank[2,2] g=2 src=pari sat=1 tors=4 st=2708 hmax=899 pr=50 surv=4 ex=0 bad=0 hits=0 t=0s
  F1 c8/c2@t0=7: rank[1,1] g=1 src=pari sat=1 tors=4 st=60 hmax=797 pr=50 surv=2 ex=0 bad=0 hits=0 t=0s
  F1 c3/c6@t0=7: rank[2,2] g=2 src=pari sat=1 tors=4 st=2220 hmax=896 pr=50 surv=2 ex=0 bad=0 hits=0 t=0s
  F1 c3/c8@t0=7: rank[2,2] g=2 src=pari sat=1 tors=4 st=2220 hmax=896 pr=50 surv=4 ex=0 bad=0 hits=0 t=0s
  F1 c6/c8: кривая не построена (нет точки на квартике)
  F2 c2/c3: кривая не построена (нет точки на квартике)
  F2 c2/c5: кривая не построена (нет точки на квартике)
  F2 c2/c6: нет рациональной точки для коники
  F2 c2/c8: кривая не построена (нет точки на квартике)
  F2 c3/c5@t0=7: rank[2,2] g=2 src=pari sat=1 tors=4 st=3188 hmax=899 pr=50 surv=4 ex=0 bad=0 hits=0 t=0s
  F2 c3/c6@t0=7: rank[1,1] g=1 src=pari sat=1 tors=4 st=60 hmax=797 pr=50 surv=2 ex=0 bad=0 hits=0 t=0s
  F2 c3/c8@t0=7: rank[2,2] g=2 src=pari sat=1 tors=4 st=2708 hmax=899 pr=50 surv=4 ex=0 bad=0 hits=0 t=0s
  F2 c5/c6: кривая не построена (нет точки на квартике)
  F2 c5/c8@t0=7: rank[2,2] g=2 src=pari sat=1 tors=4 st=3140 hmax=896 pr=50 surv=4 ex=0 bad=0 hits=0 t=0s
  F2 c8/c6@t0=7: rank[3,3] g=3 src=pari sat=1 tors=4 st=9596 hmax=325 pr=50 surv=2 ex=0 bad=0 hits=0 t=0s
  F3 c1/c3: нет рациональной точки для коники
  F3 c1/c5: нет рациональной точки для коники
  F3 c1/c6: кривая не построена (нет точки на квартике)
  F3 c1/c7: нет рациональной точки для коники
  F3 c3/c5: нет рациональной точки для коники
  F3 c3/c6: кривая не построена (нет точки на квартике)
  F3 c3/c7: нет рациональной точки для коники
  F3 c6/c5@t0=7: rank[3,3] g=3 src=pari sat=1 tors=4 st=9596 hmax=325 pr=50 surv=2 ex=0 bad=0 hits=0 t=0s
  F3 c5/c7: нет рациональной точки для коники
  F3 c6/c7@t0=7: rank[3,3] g=3 src=pari sat=1 tors=4 st=9596 hmax=325 pr=50 surv=2 ex=0 bad=0 hits=0 t=0s
  F4 c2/c3: кривая не построена (нет точки на квартике)
  F4 c2/c5: кривая не построена (нет точки на квартике)
  F4 c2/c6: нет рациональной точки для коники
  F4 c2/c7: кривая не построена (нет точки на квартике)
  F4 c3/c5@t0=7: rank[2,2] g=2 src=pari sat=1 tors=4 st=1780 hmax=896 pr=50 surv=4 ex=0 bad=0 hits=0 t=0s
  F4 c3/c6: кривая не построена (нет точки на квартике)
  F4 c3/c7@t0=7: rank[2,2] g=2 src=pari sat=1 tors=4 st=1780 hmax=896 pr=50 surv=4 ex=0 bad=0 hits=0 t=0s
  F4 c5/c6@t0=7: rank[1,1] g=1 src=pari sat=1 tors=4 st=116 hmax=888 pr=50 surv=6 ex=0 bad=0 hits=0 t=0s
  F4 c5/c7@t0=7: rank[1,1] g=1 src=pari sat=1 tors=4 st=124 hmax=828 pr=50 surv=4 ex=0 bad=0 hits=0 t=0s
  F4 c7/c6@t0=7: rank[3,3] g=3 src=pari sat=1 tors=4 st=9596 hmax=325 pr=50 surv=2 ex=0 bad=0 hits=0 t=0s
== (P,Q)=(39,8) C=1585/2 non
  F1 c0/c2: кривая не построена (нет точки на квартике)
  F1 c0/c3@t0=8: rank[3,3] g=3 src=pari sat=1 tors=4 st=9588 hmax=292 pr=50 surv=4 ex=0 bad=0 hits=0 t=0s
  F1 c0/c6: кривая не построена (нет точки на квартике)
  F1 c0/c8@t0=8: rank[2,2] g=2 src=pari sat=1 tors=4 st=1188 hmax=892 pr=50 surv=4 ex=0 bad=0 hits=0 t=0s
  F1 c3/c2@t0=8: rank[3,3] g=3 src=pari sat=1 tors=4 st=9588 hmax=292 pr=50 surv=2 ex=0 bad=0 hits=0 t=1s
  F1 c2/c6@t0=39: rank[2,2] g=2 src=pari sat=1 tors=4 st=1812 hmax=889 pr=50 surv=4 ex=0 bad=0 hits=0 t=1s
  F1 c2/c8: кривая не построена (нет точки на квартике)
  F1 c3/c6@t0=8: rank[1,1] g=1 src=pari sat=1 tors=4 st=124 hmax=829 pr=50 surv=2 ex=0 bad=0 hits=0 t=1s
  F1 c3/c8@t0=8: rank[1,1] g=1 src=pari sat=1 tors=4 st=124 hmax=829 pr=50 surv=4 ex=0 bad=0 hits=0 t=1s
  F1 c6/c8: кривая не построена (нет точки на квартике)
  F2 c2/c3: кривая не построена (нет точки на квартике)
  F2 c2/c5: кривая не построена (нет точки на квартике)
  F2 c2/c6: нет рациональной точки для коники
  F2 c2/c8: кривая не построена (нет точки на квартике)
  F2 c3/c5@t0=8: rank[3,3] g=3 src=pari sat=1 tors=4 st=9588 hmax=292 pr=50 surv=4 ex=0 bad=0 hits=0 t=1s
  F2 c3/c6: кривая не построена (нет точки на квартике)
  F2 c3/c8@t0=8: rank[2,2] g=2 src=pari sat=1 tors=4 st=1812 hmax=889 pr=50 surv=4 ex=0 bad=0 hits=0 t=1s
  F2 c5/c6: кривая не построена (нет точки на квартике)
  F2 c5/c8@t0=8: rank[2,2] g=2 src=pari sat=1 tors=4 st=1188 hmax=892 pr=50 surv=4 ex=0 bad=0 hits=0 t=1s
  F2 c6/c8: кривая не построена (нет точки на квартике)
  F3 c1/c3: нет рациональной точки для коники
  F3 c1/c5: нет рациональной точки для коники
  F3 c1/c6: кривая не построена (нет точки на квартике)
  F3 c1/c7: нет рациональной точки для коники
  F3 c3/c5: нет рациональной точки для коники
  F3 c3/c6: кривая не построена (нет точки на квартике)
  F3 c3/c7: нет рациональной точки для коники
  F3 c5/c6: кривая не построена (нет точки на квартике)
  F3 c5/c7: нет рациональной точки для коники
  F3 c6/c7: кривая не построена (нет точки на квартике)
  F4 c2/c3: кривая не построена (нет точки на квартике)
  F4 c2/c5: кривая не построена (нет точки на квартике)
  F4 c2/c6: нет рациональной точки для коники
  F4 c2/c7: кривая не построена (нет точки на квартике)
  F4 c3/c5@t0=8: rank[2,2] g=2 src=pari sat=1 tors=4 st=2132 hmax=900 pr=50 surv=4 ex=0 bad=0 hits=0 t=1s
  F4 c3/c6: кривая не построена (нет точки на квартике)
  F4 c3/c7@t0=8: rank[2,2] g=2 src=pari sat=1 tors=4 st=2132 hmax=900 pr=50 surv=4 ex=0 bad=0 hits=0 t=1s
  F4 c5/c6@t0=8: rank[2,2] g=2 src=pari sat=1 tors=4 st=1476 hmax=897 pr=50 surv=6 ex=0 bad=0 hits=0 t=1s
  F4 c5/c7@t0=8: rank[1,1] g=1 src=pari sat=1 tors=4 st=124 hmax=829 pr=50 surv=4 ex=0 bad=0 hits=0 t=1s
  F4 c6/c7: кривая не построена (нет точки на квартике)
== (P,Q)=(39,10) C=1621/2 non
  F1 c0/c2: кривая не построена (нет точки на квартике)
  F1 c0/c3@t0=10: rank[2,2] g=2 src=pari sat=1 tors=4 st=2036 hmax=900 pr=50 surv=4 ex=0 bad=0 hits=0 t=1s
  F1 c0/c6: кривая не построена (нет точки на квартике)
  F1 c0/c8@t0=10: rank[1,1] g=1 src=pari sat=1 tors=4 st=124 hmax=882 pr=50 surv=4 ex=0 bad=0 hits=0 t=1s
  F1 c3/c2@t0=10: rank[2,2] g=2 src=pari sat=1 tors=4 st=2036 hmax=900 pr=50 surv=2 ex=0 bad=0 hits=0 t=1s
  F1 c2/c6@t0=39: rank[2,2] g=2 src=pari sat=1 tors=4 st=1732 hmax=897 pr=50 surv=4 ex=0 bad=0 hits=0 t=1s
  F1 c2/c8: кривая не построена (нет точки на квартике)
  F1 c3/c6@t0=10: rank[1,1] g=1 src=pari sat=1 tors=4 st=124 hmax=831 pr=50 surv=2 ex=0 bad=0 hits=0 t=1s
  F1 c3/c8@t0=10: rank[1,1] g=1 src=pari sat=1 tors=4 st=124 hmax=831 pr=50 surv=4 ex=0 bad=0 hits=0 t=1s
  F1 c6/c8: кривая не построена (нет точки на квартике)
  F2 c2/c3: кривая не построена (нет точки на квартике)
  F2 c2/c5: кривая не построена (нет точки на квартике)
  F2 c2/c6: нет рациональной точки для коники
  F2 c2/c8: кривая не построена (нет точки на квартике)
  F2 c3/c5@t0=10: rank[2,2] g=2 src=pari sat=1 tors=4 st=2036 hmax=900 pr=50 surv=4 ex=0 bad=0 hits=0 t=1s
  F2 c3/c6: кривая не построена (нет точки на квартике)
  F2 c3/c8@t0=10: rank[2,2] g=2 src=pari sat=1 tors=4 st=1732 hmax=897 pr=50 surv=4 ex=0 bad=0 hits=0 t=1s
  F2 c5/c6: кривая не построена (нет точки на квартике)
  F2 c5/c8@t0=10: rank[1,1] g=1 src=pari sat=1 tors=4 st=124 hmax=882 pr=50 surv=4 ex=0 bad=0 hits=0 t=1s
  F2 c6/c8: кривая не построена (нет точки на квартике)
  F3 c1/c3: нет рациональной точки для коники
  F3 c1/c5: нет рациональной точки для коники
  F3 c1/c6: кривая не построена (нет точки на квартике)
  F3 c1/c7: нет рациональной точки для коники
  F3 c3/c5: нет рациональной точки для коники
  F3 c3/c6: кривая не построена (нет точки на квартике)
  F3 c3/c7: нет рациональной точки для коники
  F3 c5/c6: кривая не построена (нет точки на квартике)
  F3 c5/c7: нет рациональной точки для коники
  F3 c6/c7: кривая не построена (нет точки на квартике)
  F4 c2/c3: кривая не построена (нет точки на квартике)
  F4 c2/c5: кривая не построена (нет точки на квартике)
  F4 c2/c6: нет рациональной точки для коники
  F4 c2/c7: кривая не построена (нет точки на квартике)
  F4 c3/c5@t0=10: rank[1,1] g=1 src=pari sat=1 tors=4 st=124 hmax=824 pr=50 surv=4 ex=0 bad=0 hits=0 t=1s
  F4 c3/c6: кривая не построена (нет точки на квартике)
  F4 c3/c7@t0=10: rank[1,1] g=1 src=pari sat=1 tors=4 st=124 hmax=824 pr=50 surv=4 ex=0 bad=0 hits=0 t=1s
  F4 c5/c6: кривая не построена (нет точки на квартике)
  F4 c5/c7@t0=10: rank[1,1] g=1 src=pari sat=1 tors=4 st=124 hmax=831 pr=50 surv=4 ex=0 bad=0 hits=0 t=1s
  F4 c6/c7: кривая не построена (нет точки на квартике)
== (P,Q)=(39,11) C=821 non
  F1 c0/c2: кривая не построена (нет точки на квартике)
  F1 c0/c3@t0=11: rank[2,2] g=2 src=pari sat=1 tors=4 st=2268 hmax=900 pr=50 surv=4 ex=0 bad=0 hits=0 t=1s
  F1 c0/c6: кривая не построена (нет точки на квартике)
  F1 c0/c8@t0=11: rank[1,1] g=1 src=pari sat=1 tors=4 st=132 hmax=873 pr=50 surv=4 ex=0 bad=0 hits=0 t=1s
  F1 c3/c2@t0=11: rank[2,2] g=2 src=pari sat=1 tors=4 st=2268 hmax=900 pr=50 surv=2 ex=0 bad=0 hits=0 t=1s
  F1 c2/c6@t0=39: rank[2,2] g=2 src=pari sat=1 tors=4 st=2684 hmax=894 pr=50 surv=4 ex=0 bad=0 hits=0 t=1s
  F1 c2/c8: кривая не построена (нет точки на квартике)
  F1 c3/c6@t0=11: rank[1,1] g=1 src=pari sat=1 tors=4 st=116 hmax=793 pr=50 surv=2 ex=0 bad=0 hits=0 t=1s
  F1 c3/c8@t0=11: rank[1,1] g=1 src=pari sat=1 tors=4 st=116 hmax=793 pr=50 surv=4 ex=0 bad=0 hits=0 t=1s
  F1 c6/c8: кривая не построена (нет точки на квартике)
  F2 c2/c3: кривая не построена (нет точки на квартике)
  F2 c2/c5: кривая не построена (нет точки на квартике)
  F2 c2/c6: нет рациональной точки для коники
  F2 c2/c8: кривая не построена (нет точки на квартике)
  F2 c3/c5@t0=11: rank[2,2] g=2 src=pari sat=1 tors=4 st=2268 hmax=900 pr=50 surv=4 ex=0 bad=0 hits=0 t=1s
  F2 c3/c6: кривая не построена (нет точки на квартике)
  F2 c3/c8@t0=11: rank[2,2] g=2 src=pari sat=1 tors=4 st=2684 hmax=894 pr=50 surv=4 ex=0 bad=0 hits=0 t=1s
  F2 c5/c6: кривая не построена (нет точки на квартике)
  F2 c5/c8@t0=11: rank[1,1] g=1 src=pari sat=1 tors=4 st=132 hmax=873 pr=50 surv=4 ex=0 bad=0 hits=0 t=1s
  F2 c6/c8: кривая не построена (нет точки на квартике)
  F3 c1/c3: нет рациональной точки для коники
  F3 c1/c5: нет рациональной точки для коники
  F3 c1/c6: кривая не построена (нет точки на квартике)
  F3 c1/c7: нет рациональной точки для коники
  F3 c3/c5: нет рациональной точки для коники
  F3 c3/c6: кривая не построена (нет точки на квартике)
  F3 c3/c7: нет рациональной точки для коники
  F3 c5/c6: кривая не построена (нет точки на квартике)
  F3 c5/c7: нет рациональной точки для коники
  F3 c6/c7: кривая не построена (нет точки на квартике)
  F4 c2/c3: кривая не построена (нет точки на квартике)
  F4 c2/c5: кривая не построена (нет точки на квартике)
  F4 c2/c6: нет рациональной точки для коники
  F4 c2/c7: кривая не построена (нет точки на квартике)
  F4 c3/c5@t0=11: rank[2,2] g=2 src=pari sat=1 tors=4 st=1636 hmax=899 pr=50 surv=4 ex=0 bad=0 hits=0 t=1s
  F4 c3/c6: кривая не построена (нет точки на квартике)
  F4 c3/c7@t0=11: rank[2,2] g=2 src=pari sat=1 tors=4 st=1636 hmax=899 pr=50 surv=4 ex=0 bad=0 hits=0 t=1s
  F4 c5/c6@t0=11: rank[1,1] g=1 src=pari sat=1 tors=4 st=140 hmax=864 pr=50 surv=6 ex=0 bad=0 hits=0 t=1s
  F4 c5/c7@t0=11: rank[1,1] g=1 src=pari sat=1 tors=4 st=124 hmax=832 pr=50 surv=4 ex=0 bad=0 hits=0 t=1s
  F4 c6/c7: кривая не построена (нет точки на квартике)
== (P,Q)=(39,14) C=1717/2 non
  F1 c0/c2: кривая не построена (нет точки на квартике)
  F1 c0/c3@t0=14: rank[2,2] g=2 src=pari sat=1 tors=4 st=2524 hmax=895 pr=50 surv=4 ex=0 bad=0 hits=0 t=1s
  F1 c0/c6: кривая не построена (нет точки на квартике)
  F1 c0/c8@t0=14: rank[1,1] g=1 src=pari sat=1 tors=4 st=124 hmax=890 pr=50 surv=4 ex=0 bad=0 hits=0 t=1s
  F1 c3/c2@t0=14: rank[2,2] g=2 src=pari sat=1 tors=4 st=2524 hmax=895 pr=50 surv=2 ex=0 bad=0 hits=0 t=1s
  F1 c2/c6@t0=39: rank[1,1] g=1 src=pari sat=1 tors=4 st=124 hmax=849 pr=50 surv=4 ex=0 bad=0 hits=0 t=1s
  F1 c2/c8: кривая не построена (нет точки на квартике)
  F1 c3/c6@t0=14: rank[2,2] g=2 src=pari sat=1 tors=4 st=1988 hmax=900 pr=50 surv=2 ex=0 bad=0 hits=0 t=1s
  F1 c3/c8@t0=14: rank[2,2] g=2 src=pari sat=1 tors=4 st=1988 hmax=900 pr=50 surv=4 ex=0 bad=0 hits=0 t=1s
  F1 c6/c8: кривая не построена (нет точки на квартике)
  F2 c2/c3: кривая не построена (нет точки на квартике)
  F2 c2/c5: кривая не построена (нет точки на квартике)
  F2 c2/c6: нет рациональной точки для коники
  F2 c2/c8: кривая не построена (нет точки на квартике)
  F2 c3/c5@t0=14: rank[2,2] g=2 src=pari sat=1 tors=4 st=2524 hmax=895 pr=50 surv=4 ex=0 bad=0 hits=0 t=1s
  F2 c3/c6: кривая не построена (нет точки на квартике)
  F2 c3/c8@t0=14: rank[1,1] g=1 src=pari sat=1 tors=4 st=124 hmax=849 pr=50 surv=4 ex=0 bad=0 hits=0 t=1s
  F2 c5/c6: кривая не построена (нет точки на квартике)
  F2 c5/c8@t0=14: rank[1,1] g=1 src=pari sat=1 tors=4 st=124 hmax=890 pr=50 surv=4 ex=0 bad=0 hits=0 t=1s
  F2 c6/c8: кривая не построена (нет точки на квартике)
  F3 c1/c3: нет рациональной точки для коники
  F3 c1/c5: нет рациональной точки для коники
  F3 c1/c6: кривая не построена (нет точки на квартике)
  F3 c1/c7: нет рациональной точки для коники
  F3 c3/c5: нет рациональной точки для коники
  F3 c3/c6: кривая не построена (нет точки на квартике)
  F3 c3/c7: нет рациональной точки для коники
  F3 c5/c6: кривая не построена (нет точки на квартике)
  F3 c5/c7: нет рациональной точки для коники
  F3 c6/c7: кривая не построена (нет точки на квартике)
  F4 c2/c3: кривая не построена (нет точки на квартике)
  F4 c2/c5: кривая не построена (нет точки на квартике)
  F4 c2/c6: нет рациональной точки для коники
  F4 c2/c7: кривая не построена (нет точки на квартике)
  F4 c3/c5@t0=14: rank[2,2] g=2 src=pari sat=1 tors=4 st=2228 hmax=900 pr=50 surv=4 ex=0 bad=0 hits=0 t=1s
  F4 c3/c6: кривая не построена (нет точки на квартике)
  F4 c3/c7@t0=14: rank[2,2] g=2 src=pari sat=1 tors=4 st=2228 hmax=900 pr=50 surv=4 ex=0 bad=0 hits=0 t=1s
  F4 c5/c6: кривая не построена (нет точки на квартике)
  F4 c5/c7@t0=14: rank[3,3] g=3 src=pari sat=1 tors=4 st=9596 hmax=245 pr=50 surv=4 ex=0 bad=0 hits=0 t=1s
  F4 c6/c7: кривая не построена (нет точки на квартике)
== (P,Q)=(39,16) C=1777/2 non
  F1 c0/c2: кривая не построена (нет точки на квартике)
  F1 c0/c3@t0=16: rank[2,2] g=2 src=pari sat=1 tors=4 st=1788 hmax=895 pr=50 surv=4 ex=0 bad=0 hits=0 t=1s
  F1 c0/c6: кривая не построена (нет точки на квартике)
  F1 c0/c8@t0=16: rank[2,2] g=2 src=pari sat=1 tors=4 st=2628 hmax=897 pr=50 surv=4 ex=0 bad=0 hits=0 t=1s
  F1 c3/c2@t0=16: rank[2,2] g=2 src=pari sat=1 tors=4 st=1788 hmax=895 pr=50 surv=2 ex=0 bad=0 hits=0 t=1s
  F1 c2/c6@t0=39: rank[1,1] g=1 src=pari sat=1 tors=4 st=124 hmax=855 pr=50 surv=4 ex=0 bad=0 hits=0 t=1s
  F1 c2/c8: кривая не построена (нет точки на квартике)
  F1 c3/c6@t0=16: rank[3,3] g=3 src=pari sat=1 tors=4 st=9604 hmax=338 pr=50 surv=2 ex=0 bad=0 hits=0 t=1s
  F1 c3/c8@t0=16: rank[3,3] g=3 src=pari sat=1 tors=4 st=9604 hmax=338 pr=50 surv=4 ex=0 bad=0 hits=0 t=1s
  F1 c6/c8: кривая не построена (нет точки на квартике)
  F2 c2/c3: кривая не построена (нет точки на квартике)
  F2 c2/c5: кривая не построена (нет точки на квартике)
  F2 c2/c6: нет рациональной точки для коники
  F2 c2/c8: кривая не построена (нет точки на квартике)
  F2 c3/c5@t0=16: rank[2,2] g=2 src=pari sat=1 tors=4 st=1788 hmax=895 pr=50 surv=4 ex=0 bad=0 hits=0 t=1s
  F2 c3/c6: кривая не построена (нет точки на квартике)
  F2 c3/c8@t0=16: rank[1,1] g=1 src=pari sat=1 tors=4 st=124 hmax=855 pr=50 surv=4 ex=0 bad=0 hits=0 t=1s
  F2 c5/c6: кривая не построена (нет точки на квартике)
  F2 c5/c8@t0=16: rank[2,2] g=2 src=pari sat=1 tors=4 st=2628 hmax=897 pr=50 surv=4 ex=0 bad=0 hits=0 t=1s
  F2 c6/c8: кривая не построена (нет точки на квартике)
  F3 c1/c3: нет рациональной точки для коники
  F3 c1/c5: нет рациональной точки для коники
  F3 c1/c6: кривая не построена (нет точки на квартике)
  F3 c1/c7: нет рациональной точки для коники
  F3 c3/c5: нет рациональной точки для коники
  F3 c3/c6: кривая не построена (нет точки на квартике)
  F3 c3/c7: нет рациональной точки для коники
  F3 c5/c6: кривая не построена (нет точки на квартике)
  F3 c5/c7: нет рациональной точки для коники
  F3 c6/c7: кривая не построена (нет точки на квартике)
  F4 c2/c3: кривая не построена (нет точки на квартике)
  F4 c2/c5: кривая не построена (нет точки на квартике)
  F4 c2/c6: нет рациональной точки для коники
  F4 c2/c7: кривая не построена (нет точки на квартике)
  F4 c3/c5@t0=16: rank[2,2] g=2 src=pari sat=1 tors=4 st=1524 hmax=898 pr=50 surv=4 ex=0 bad=0 hits=0 t=1s
  F4 c3/c6: кривая не построена (нет точки на квартике)
  F4 c3/c7@t0=16: rank[2,2] g=2 src=pari sat=1 tors=4 st=1524 hmax=898 pr=50 surv=4 ex=0 bad=0 hits=0 t=1s
  F4 c5/c6@t0=16: rank[2,2] g=2 src=pari sat=1 tors=4 st=3180 hmax=899 pr=50 surv=6 ex=0 bad=0 hits=0 t=1s
  F4 c5/c7@t0=16: rank[3,3] g=3 src=pari sat=1 tors=4 st=9556 hmax=233 pr=50 surv=4 ex=0 bad=0 hits=0 t=1s
  F4 c6/c7: кривая не построена (нет точки на квартике)
== (P,Q)=(39,17) C=905 non
  F1 c0/c2: кривая не построена (нет точки на квартике)
  F1 c0/c3@t0=17: rank[2,2] g=2 src=pari sat=1 tors=4 st=3004 hmax=897 pr=50 surv=4 ex=0 bad=0 hits=0 t=1s
  F1 c0/c6: кривая не построена (нет точки на квартике)
  F1 c0/c8@t0=17: rank[1,1] g=1 src=pari sat=1 tors=4 st=132 hmax=886 pr=50 surv=4 ex=0 bad=0 hits=0 t=1s
  F1 c3/c2@t0=17: rank[2,2] g=2 src=pari sat=1 tors=4 st=3004 hmax=897 pr=50 surv=2 ex=0 bad=0 hits=0 t=1s
  F1 c2/c6@t0=39: rank[2,2] g=2 src=pari sat=1 tors=4 st=1420 hmax=888 pr=50 surv=4 ex=0 bad=0 hits=0 t=1s
  F1 c2/c8: кривая не построена (нет точки на квартике)
  F1 c3/c6@t0=17: rank[1,1] g=1 src=pari sat=1 tors=4 st=116 hmax=802 pr=50 surv=2 ex=0 bad=0 hits=0 t=1s
  F1 c3/c8@t0=17: rank[1,1] g=1 src=pari sat=1 tors=4 st=116 hmax=802 pr=50 surv=4 ex=0 bad=0 hits=0 t=1s
  F1 c6/c8: кривая не построена (нет точки на квартике)
  F2 c2/c3: кривая не построена (нет точки на квартике)
  F2 c2/c5: кривая не построена (нет точки на квартике)
  F2 c2/c6: нет рациональной точки для коники
  F2 c2/c8: кривая не построена (нет точки на квартике)
  F2 c3/c5@t0=17: rank[2,2] g=2 src=pari sat=1 tors=4 st=3004 hmax=897 pr=50 surv=4 ex=0 bad=0 hits=0 t=1s
  F2 c3/c6: кривая не построена (нет точки на квартике)
  F2 c3/c8@t0=17: rank[2,2] g=2 src=pari sat=1 tors=4 st=1420 hmax=888 pr=50 surv=4 ex=0 bad=0 hits=0 t=1s
  F2 c5/c6: кривая не построена (нет точки на квартике)
  F2 c5/c8@t0=17: rank[1,1] g=1 src=pari sat=1 tors=4 st=132 hmax=886 pr=50 surv=4 ex=0 bad=0 hits=0 t=1s
  F2 c8/c6@t0=17: rank[2,2] g=2 src=pari sat=1 tors=4 st=1836 hmax=897 pr=50 surv=2 ex=0 bad=0 hits=0 t=1s
  F3 c1/c3: нет рациональной точки для коники
  F3 c1/c5: нет рациональной точки для коники
  F3 c1/c6: кривая не построена (нет точки на квартике)
  F3 c1/c7: нет рациональной точки для коники
  F3 c3/c5: нет рациональной точки для коники
  F3 c3/c6: кривая не построена (нет точки на квартике)
  F3 c3/c7: нет рациональной точки для коники
  F3 c6/c5@t0=17: rank[2,2] g=2 src=pari sat=1 tors=4 st=1836 hmax=897 pr=50 surv=2 ex=0 bad=0 hits=0 t=1s
  F3 c5/c7: нет рациональной точки для коники
  F3 c6/c7@t0=17: rank[2,2] g=2 src=pari sat=1 tors=4 st=1836 hmax=897 pr=50 surv=2 ex=0 bad=0 hits=0 t=0s
  F4 c2/c3: кривая не построена (нет точки на квартике)
  F4 c2/c5: кривая не построена (нет точки на квартике)
  F4 c2/c6: нет рациональной точки для коники
  F4 c2/c7: кривая не построена (нет точки на квартике)
  F4 c3/c5@t0=17: rank[1,1] g=1 src=pari sat=1 tors=4 st=116 hmax=786 pr=50 surv=4 ex=0 bad=0 hits=0 t=1s
  F4 c3/c6: кривая не построена (нет точки на квартике)
  F4 c3/c7@t0=17: rank[1,1] g=1 src=pari sat=1 tors=4 st=116 hmax=786 pr=50 surv=4 ex=0 bad=0 hits=0 t=1s
  F4 c5/c6@t0=17: rank[2,2] g=2 src=pari sat=1 tors=4 st=4276 hmax=897 pr=50 surv=6 ex=0 bad=0 hits=0 t=1s
  F4 c5/c7@t0=17: rank[3,3] g=3 src=pari sat=1 tors=4 st=9516 hmax=173 pr=50 surv=4 ex=0 bad=0 hits=0 t=1s
  F4 c7/c6@t0=17: rank[2,2] g=2 src=pari sat=1 tors=4 st=1836 hmax=897 pr=50 surv=2 ex=0 bad=0 hits=0 t=0s
== (P,Q)=(39,19) C=941 non
  F1 c0/c2: кривая не построена (нет точки на квартике)
  F1 c0/c3@t0=19: rank[1,1] g=1 src=pari sat=1 tors=4 st=116 hmax=798 pr=50 surv=4 ex=0 bad=0 hits=0 t=1s
  F1 c0/c6: кривая не построена (нет точки на квартике)
  F1 c0/c8@t0=19: rank[2,2] g=2 src=pari sat=1 tors=4 st=1796 hmax=894 pr=50 surv=4 ex=0 bad=0 hits=0 t=1s
  F1 c3/c2@t0=19: rank[1,1] g=1 src=pari sat=1 tors=4 st=116 hmax=798 pr=50 surv=2 ex=0 bad=0 hits=0 t=1s
  F1 c2/c6@t0=39: rank[1,1] g=1 src=pari sat=1 tors=4 st=132 hmax=852 pr=50 surv=4 ex=0 bad=0 hits=0 t=1s
  F1 c2/c8: кривая не построена (нет точки на квартике)
  F1 c3/c6@t0=19: rank[2,2] g=2 src=pari sat=1 tors=4 st=1668 hmax=900 pr=50 surv=2 ex=0 bad=0 hits=0 t=1s
  F1 c3/c8@t0=19: rank[2,2] g=2 src=pari sat=1 tors=4 st=1668 hmax=900 pr=50 surv=4 ex=0 bad=0 hits=0 t=1s
  F1 c6/c8: кривая не построена (нет точки на квартике)
  F2 c2/c3: кривая не построена (нет точки на квартике)
  F2 c2/c5: кривая не построена (нет точки на квартике)
  F2 c2/c6: нет рациональной точки для коники
  F2 c2/c8: кривая не построена (нет точки на квартике)
  F2 c3/c5@t0=19: rank[1,1] g=1 src=pari sat=1 tors=4 st=116 hmax=798 pr=50 surv=4 ex=0 bad=0 hits=0 t=1s
  F2 c3/c6: кривая не построена (нет точки на квартике)
  F2 c3/c8@t0=19: rank[1,1] g=1 src=pari sat=1 tors=4 st=132 hmax=852 pr=50 surv=4 ex=0 bad=0 hits=0 t=1s
  F2 c5/c6: кривая не построена (нет точки на квартике)
  F2 c5/c8@t0=19: rank[2,2] g=2 src=pari sat=1 tors=4 st=1796 hmax=894 pr=50 surv=4 ex=0 bad=0 hits=0 t=1s
  F2 c6/c8: кривая не построена (нет точки на квартике)
  F3 c1/c3: нет рациональной точки для коники
  F3 c1/c5: нет рациональной точки для коники
  F3 c1/c6: кривая не построена (нет точки на квартике)
  F3 c1/c7: нет рациональной точки для коники
  F3 c3/c5: нет рациональной точки для коники
  F3 c3/c6: кривая не построена (нет точки на квартике)
  F3 c3/c7: нет рациональной точки для коники
  F3 c5/c6: кривая не построена (нет точки на квартике)
  F3 c5/c7: нет рациональной точки для коники
  F3 c6/c7: кривая не построена (нет точки на квартике)
  F4 c2/c3: кривая не построена (нет точки на квартике)
  F4 c2/c5: кривая не построена (нет точки на квартике)
  F4 c2/c6: нет рациональной точки для коники
  F4 c2/c7: кривая не построена (нет точки на квартике)
  F4 c3/c5@t0=19: rank[1,1] g=1 src=pari sat=1 tors=4 st=116 hmax=785 pr=50 surv=4 ex=0 bad=0 hits=0 t=1s
  F4 c3/c6: кривая не построена (нет точки на квартике)
  F4 c3/c7@t0=19: rank[1,1] g=1 src=pari sat=1 tors=4 st=116 hmax=785 pr=50 surv=4 ex=0 bad=0 hits=0 t=1s
  F4 c5/c6@t0=19: rank[2,2] g=2 src=pari sat=1 tors=4 st=2684 hmax=899 pr=50 surv=6 ex=0 bad=0 hits=0 t=1s
  F4 c5/c7@t0=19: rank[2,2] g=2 src=pari sat=1 tors=4 st=3572 hmax=899 pr=50 surv=4 ex=0 bad=0 hits=0 t=1s
  F4 c6/c7: кривая не построена (нет точки на квартике)
== (P,Q)=(39,20) C=1921/2 non
  F1 c0/c2: кривая не построена (нет точки на квартике)
  F1 c0/c3@t0=20: rank[1,1] g=1 src=pari sat=1 tors=4 st=116 hmax=800 pr=50 surv=4 ex=0 bad=0 hits=0 t=1s
  F1 c0/c6: кривая не построена (нет точки на квартике)
  F1 c0/c8@t0=20: rank[2,2] g=2 src=pari sat=1 tors=4 st=2612 hmax=896 pr=50 surv=4 ex=0 bad=0 hits=0 t=1s
  F1 c3/c2@t0=20: rank[1,1] g=1 src=pari sat=1 tors=4 st=116 hmax=800 pr=50 surv=2 ex=0 bad=0 hits=0 t=1s
  F1 c2/c6@t0=39: rank[2,2] g=2 src=pari sat=1 tors=4 st=2540 hmax=900 pr=50 surv=4 ex=0 bad=0 hits=0 t=1s
  F1 c2/c8: кривая не построена (нет точки на квартике)
  F1 c3/c6@t0=20: rank[3,3] g=3 src=pari sat=1 tors=4 st=9604 hmax=422 pr=50 surv=2 ex=0 bad=0 hits=0 t=1s
  F1 c3/c8@t0=20: rank[3,3] g=3 src=pari sat=1 tors=4 st=9604 hmax=422 pr=50 surv=4 ex=0 bad=0 hits=0 t=1s
  F1 c6/c8: кривая не построена (нет точки на квартике)
  F2 c2/c3: кривая не построена (нет точки на квартике)
  F2 c2/c5: кривая не построена (нет точки на квартике)
  F2 c2/c6: нет рациональной точки для коники
  F2 c2/c8: кривая не построена (нет точки на квартике)
  F2 c3/c5@t0=20: rank[1,1] g=1 src=pari sat=1 tors=4 st=116 hmax=800 pr=50 surv=4 ex=0 bad=0 hits=0 t=1s
  F2 c3/c6: кривая не построена (нет точки на квартике)
  F2 c3/c8@t0=20: rank[2,2] g=2 src=pari sat=1 tors=4 st=2540 hmax=900 pr=50 surv=4 ex=0 bad=0 hits=0 t=1s
  F2 c5/c6: кривая не построена (нет точки на квартике)
  F2 c5/c8@t0=20: rank[2,2] g=2 src=pari sat=1 tors=4 st=2612 hmax=896 pr=50 surv=4 ex=0 bad=0 hits=0 t=1s
  F2 c6/c8: кривая не построена (нет точки на квартике)
  F3 c1/c3: нет рациональной точки для коники
  F3 c1/c5: нет рациональной точки для коники
  F3 c1/c6: кривая не построена (нет точки на квартике)
  F3 c1/c7: нет рациональной точки для коники
  F3 c3/c5: нет рациональной точки для коники
  F3 c3/c6: кривая не построена (нет точки на квартике)
  F3 c3/c7: нет рациональной точки для коники
  F3 c5/c6: кривая не построена (нет точки на квартике)
  F3 c5/c7: нет рациональной точки для коники
  F3 c6/c7: кривая не построена (нет точки на квартике)
  F4 c2/c3: кривая не построена (нет точки на квартике)
  F4 c2/c5: кривая не построена (нет точки на квартике)
  F4 c2/c6: нет рациональной точки для коники
  F4 c2/c7: кривая не построена (нет точки на квартике)
  F4 c3/c5@t0=20: rank[1,1] g=1 src=pari sat=1 tors=4 st=124 hmax=823 pr=50 surv=4 ex=0 bad=0 hits=0 t=1s
  F4 c3/c6: кривая не построена (нет точки на квартике)
  F4 c3/c7@t0=20: rank[1,1] g=1 src=pari sat=1 tors=4 st=124 hmax=823 pr=50 surv=4 ex=0 bad=0 hits=0 t=1s
  F4 c5/c6: кривая не построена (нет точки на квартике)
  F4 c5/c7@t0=20: rank[3,3] g=3 src=pari sat=1 tors=4 st=9580 hmax=244 pr=50 surv=4 ex=0 bad=0 hits=0 t=1s
  F4 c6/c7: кривая не построена (нет точки на квартике)
== (P,Q)=(39,22) C=2005/2 non
  F1 c0/c2: кривая не построена (нет точки на квартике)
  F1 c0/c3@t0=22: rank[2,2] g=2 src=pari sat=1 tors=4 st=2700 hmax=898 pr=50 surv=4 ex=0 bad=0 hits=0 t=1s
  F1 c0/c6: кривая не построена (нет точки на квартике)
  F1 c0/c8@t0=22: rank[1,1] g=1 src=pari sat=1 tors=4 st=116 hmax=789 pr=50 surv=4 ex=0 bad=0 hits=0 t=1s
  F1 c3/c2@t0=22: rank[2,2] g=2 src=pari sat=1 tors=4 st=2700 hmax=898 pr=50 surv=2 ex=0 bad=0 hits=0 t=1s
  F1 c2/c6@t0=39: rank[2,2] g=2 src=pari sat=1 tors=4 st=1660 hmax=899 pr=50 surv=4 ex=0 bad=0 hits=0 t=1s
  F1 c2/c8: кривая не построена (нет точки на квартике)
  F1 c3/c6@t0=22: rank[3,3] g=3 src=pari sat=1 tors=4 st=9604 hmax=289 pr=50 surv=2 ex=0 bad=0 hits=0 t=1s
  F1 c3/c8@t0=22: rank[3,3] g=3 src=pari sat=1 tors=4 st=9604 hmax=289 pr=50 surv=4 ex=0 bad=0 hits=0 t=1s
  F1 c6/c8: кривая не построена (нет точки на квартике)
  F2 c2/c3: кривая не построена (нет точки на квартике)
  F2 c2/c5: кривая не построена (нет точки на квартике)
  F2 c2/c6: нет рациональной точки для коники
  F2 c2/c8: кривая не построена (нет точки на квартике)
  F2 c3/c5@t0=22: rank[2,2] g=2 src=pari sat=1 tors=4 st=2700 hmax=898 pr=50 surv=4 ex=0 bad=0 hits=0 t=1s
  F2 c3/c6: кривая не построена (нет точки на квартике)
  F2 c3/c8@t0=22: rank[2,2] g=2 src=pari sat=1 tors=4 st=1660 hmax=899 pr=50 surv=4 ex=0 bad=0 hits=0 t=1s
  F2 c5/c6: кривая не построена (нет точки на квартике)
  F2 c5/c8@t0=22: rank[1,1] g=1 src=pari sat=1 tors=4 st=116 hmax=789 pr=50 surv=4 ex=0 bad=0 hits=0 t=1s
  F2 c6/c8: кривая не построена (нет точки на квартике)
  F3 c1/c3: нет рациональной точки для коники
  F3 c1/c5: нет рациональной точки для коники
  F3 c1/c6: кривая не построена (нет точки на квартике)
  F3 c1/c7: нет рациональной точки для коники
  F3 c3/c5: нет рациональной точки для коники
  F3 c3/c6: кривая не построена (нет точки на квартике)
  F3 c3/c7: нет рациональной точки для коники
  F3 c5/c6: кривая не построена (нет точки на квартике)
  F3 c5/c7: нет рациональной точки для коники
  F3 c6/c7: кривая не построена (нет точки на квартике)
  F4 c2/c3: кривая не построена (нет точки на квартике)
  F4 c2/c5: кривая не построена (нет точки на квартике)
  F4 c2/c6: нет рациональной точки для коники
  F4 c2/c7: кривая не построена (нет точки на квартике)
  F4 c3/c5@t0=22: rank[1,1] g=1 src=pari sat=1 tors=4 st=124 hmax=823 pr=50 surv=4 ex=0 bad=0 hits=0 t=1s
  F4 c3/c6: кривая не построена (нет точки на квартике)
  F4 c3/c7@t0=22: rank[1,1] g=1 src=pari sat=1 tors=4 st=124 hmax=823 pr=50 surv=4 ex=0 bad=0 hits=0 t=1s
  F4 c5/c6: кривая не построена (нет точки на квартике)
  F4 c5/c7@t0=22: rank[2,2] g=2 src=pari sat=1 tors=4 st=2764 hmax=897 pr=50 surv=4 ex=0 bad=0 hits=0 t=1s
  F4 c6/c7: кривая не построена (нет точки на квартике)
== (P,Q)=(39,23) C=1025 non
  F1 c0/c2: кривая не построена (нет точки на квартике)
  F1 c0/c3@t0=23: rank[1,1] g=1 src=pari sat=1 tors=4 st=116 hmax=808 pr=50 surv=4 ex=0 bad=0 hits=0 t=1s
  F1 c0/c6: кривая не построена (нет точки на квартике)
  F1 c0/c8@t0=23: rank[1,1] g=1 src=pari sat=1 tors=4 st=132 hmax=900 pr=50 surv=4 ex=0 bad=0 hits=0 t=1s
  F1 c3/c2@t0=23: rank[1,1] g=1 src=pari sat=1 tors=4 st=116 hmax=808 pr=50 surv=2 ex=0 bad=0 hits=0 t=1s
  F1 c2/c6@t0=39: rank[2,2] g=2 src=pari sat=1 tors=4 st=2580 hmax=896 pr=50 surv=4 ex=0 bad=0 hits=0 t=1s
  F1 c2/c8: кривая не построена (нет точки на квартике)
  F1 c3/c6@t0=23: rank[2,2] g=2 src=pari sat=1 tors=4 st=1724 hmax=896 pr=50 surv=2 ex=0 bad=0 hits=0 t=1s
  F1 c3/c8@t0=23: rank[2,2] g=2 src=pari sat=1 tors=4 st=1724 hmax=896 pr=50 surv=4 ex=0 bad=0 hits=0 t=1s
  F1 c6/c8: кривая не построена (нет точки на квартике)
  F2 c2/c3: кривая не построена (нет точки на квартике)
  F2 c2/c5: кривая не построена (нет точки на квартике)
  F2 c2/c6: нет рациональной точки для коники
  F2 c2/c8: кривая не построена (нет точки на квартике)
  F2 c3/c5@t0=23: rank[1,1] g=1 src=pari sat=1 tors=4 st=116 hmax=808 pr=50 surv=4 ex=0 bad=0 hits=0 t=1s
  F2 c3/c6: кривая не построена (нет точки на квартике)
  F2 c3/c8@t0=23: rank[2,2] g=2 src=pari sat=1 tors=4 st=2580 hmax=896 pr=50 surv=4 ex=0 bad=0 hits=0 t=1s
  F2 c5/c6: кривая не построена (нет точки на квартике)
  F2 c5/c8@t0=23: rank[1,1] g=1 src=pari sat=1 tors=4 st=132 hmax=900 pr=50 surv=4 ex=0 bad=0 hits=0 t=1s
  F2 c6/c8: кривая не построена (нет точки на квартике)
  F3 c1/c3: нет рациональной точки для коники
  F3 c1/c5: нет рациональной точки для коники
  F3 c1/c6: кривая не построена (нет точки на квартике)
  F3 c1/c7: нет рациональной точки для коники
  F3 c3/c5: нет рациональной точки для коники
  F3 c3/c6: кривая не построена (нет точки на квартике)
  F3 c3/c7: нет рациональной точки для коники
  F3 c5/c6: кривая не построена (нет точки на квартике)
  F3 c5/c7: нет рациональной точки для коники
  F3 c6/c7: кривая не построена (нет точки на квартике)
  F4 c2/c3: кривая не построена (нет точки на квартике)
  F4 c2/c5: кривая не построена (нет точки на квартике)
  F4 c2/c6: нет рациональной точки для коники
  F4 c2/c7: кривая не построена (нет точки на квартике)
  F4 c3/c5@t0=23: rank[1,1] g=1 src=pari sat=1 tors=4 st=116 hmax=784 pr=50 surv=4 ex=0 bad=0 hits=0 t=1s
  F4 c3/c6: кривая не построена (нет точки на квартике)
  F4 c3/c7@t0=23: rank[1,1] g=1 src=pari sat=1 tors=4 st=116 hmax=784 pr=50 surv=4 ex=0 bad=0 hits=0 t=1s
  F4 c5/c6: кривая не построена (нет точки на квартике)
  F4 c5/c7@t0=23: rank[2,2] g=2 src=pari sat=1 tors=4 st=4292 hmax=896 pr=50 surv=4 ex=0 bad=0 hits=0 t=1s
  F4 c6/c7: кривая не построена (нет точки на квартике)
== (P,Q)=(39,25) C=1073 non
  F1 c0/c2: кривая не построена (нет точки на квартике)
  F1 c0/c3@t0=25: rank[2,2] g=2 src=pari sat=1 tors=4 st=1948 hmax=876 pr=50 surv=4 ex=0 bad=0 hits=0 t=1s
  F1 c0/c6: кривая не построена (нет точки на квартике)
  F1 c0/c8@t0=25: rank[1,1] g=1 src=pari sat=1 tors=4 st=124 hmax=795 pr=50 surv=4 ex=0 bad=0 hits=0 t=1s
  F1 c3/c2@t0=25: rank[2,2] g=2 src=pari sat=1 tors=4 st=1948 hmax=876 pr=50 surv=2 ex=0 bad=0 hits=0 t=1s
  F1 c2/c6@t0=39: rank[1,1] g=1 src=pari sat=1 tors=4 st=132 hmax=878 pr=50 surv=4 ex=0 bad=0 hits=0 t=1s
  F1 c8/c2@t0=25: rank[1,1] g=1 src=pari sat=1 tors=4 st=76 hmax=770 pr=50 surv=2 ex=0 bad=0 hits=0 t=1s
  F1 c3/c6@t0=25: rank[2,2] g=2 src=pari sat=1 tors=4 st=2116 hmax=897 pr=50 surv=2 ex=0 bad=0 hits=0 t=1s
  F1 c3/c8@t0=25: rank[2,2] g=2 src=pari sat=1 tors=4 st=2116 hmax=897 pr=50 surv=4 ex=0 bad=0 hits=0 t=1s
  F1 c6/c8: кривая не построена (нет точки на квартике)
  F2 c2/c3: кривая не построена (нет точки на квартике)
  F2 c2/c5: кривая не построена (нет точки на квартике)
  F2 c2/c6: нет рациональной точки для коники
  F2 c2/c8: кривая не построена (нет точки на квартике)
  F2 c3/c5@t0=25: rank[2,2] g=2 src=pari sat=1 tors=4 st=1948 hmax=876 pr=50 surv=4 ex=0 bad=0 hits=0 t=1s
  F2 c3/c6@t0=25: rank[1,1] g=1 src=pari sat=1 tors=4 st=76 hmax=770 pr=50 surv=2 ex=0 bad=0 hits=0 t=1s
  F2 c3/c8@t0=25: rank[1,1] g=1 src=pari sat=1 tors=4 st=132 hmax=878 pr=50 surv=4 ex=0 bad=0 hits=0 t=1s
  F2 c5/c6: кривая не построена (нет точки на квартике)
  F2 c5/c8@t0=25: rank[1,1] g=1 src=pari sat=1 tors=4 st=124 hmax=795 pr=50 surv=4 ex=0 bad=0 hits=0 t=1s
  F2 c6/c8: кривая не построена (нет точки на квартике)
  F3 c1/c3: нет рациональной точки для коники
  F3 c1/c5: нет рациональной точки для коники
  F3 c1/c6: кривая не построена (нет точки на квартике)
  F3 c1/c7: нет рациональной точки для коники
  F3 c3/c5: нет рациональной точки для коники
  F3 c3/c6: кривая не построена (нет точки на квартике)
  F3 c3/c7: нет рациональной точки для коники
  F3 c5/c6: кривая не построена (нет точки на квартике)
  F3 c5/c7: нет рациональной точки для коники
  F3 c6/c7: кривая не построена (нет точки на квартике)
  F4 c2/c3: кривая не построена (нет точки на квартике)
  F4 c2/c5: кривая не построена (нет точки на квартике)
  F4 c2/c6: нет рациональной точки для коники
  F4 c2/c7: кривая не построена (нет точки на квартике)
  F4 c3/c5@t0=25: rank[1,1] g=1 src=pari sat=1 tors=4 st=124 hmax=900 pr=50 surv=4 ex=0 bad=0 hits=0 t=1s
  F4 c3/c6: кривая не построена (нет точки на квартике)
  F4 c3/c7@t0=25: rank[1,1] g=1 src=pari sat=1 tors=4 st=124 hmax=900 pr=50 surv=4 ex=0 bad=0 hits=0 t=1s
  F4 c5/c6@t0=25: rank[1,1] g=1 src=pari sat=1 tors=4 st=140 hmax=864 pr=50 surv=6 ex=0 bad=0 hits=0 t=0s
  F4 c5/c7@t0=25: rank[1,1] g=1 src=pari sat=1 tors=4 st=124 hmax=858 pr=50 surv=4 ex=0 bad=0 hits=0 t=1s
  F4 c6/c7: кривая не построена (нет точки на квартике)
== (P,Q)=(39,28) C=2305/2 non
  F1 c0/c2: кривая не построена (нет точки на квартике)
  F1 c0/c3@t0=28: rank[3,3] g=3 src=pari sat=1 tors=4 st=9508 hmax=327 pr=50 surv=4 ex=0 bad=0 hits=0 t=1s
  F1 c0/c6: кривая не построена (нет точки на квартике)
  F1 c0/c8@t0=28: rank[1,1] g=1 src=pari sat=1 tors=4 st=116 hmax=800 pr=50 surv=4 ex=0 bad=0 hits=0 t=1s
  F1 c3/c2@t0=28: rank[3,3] g=3 src=pari sat=1 tors=4 st=9508 hmax=327 pr=50 surv=2 ex=0 bad=0 hits=0 t=1s
  F1 c2/c6@t0=39: rank[1,1] g=1 src=pari sat=1 tors=4 st=116 hmax=784 pr=50 surv=4 ex=0 bad=0 hits=0 t=1s
  F1 c2/c8: кривая не построена (нет точки на квартике)
  F1 c3/c6@t0=28: rank[1,1] g=1 src=pari sat=1 tors=4 st=124 hmax=869 pr=50 surv=2 ex=0 bad=0 hits=0 t=1s
  F1 c3/c8@t0=28: rank[1,1] g=1 src=pari sat=1 tors=4 st=124 hmax=869 pr=50 surv=4 ex=0 bad=0 hits=0 t=1s
  F1 c6/c8: кривая не построена (нет точки на квартике)
  F2 c2/c3: кривая не построена (нет точки на квартике)
  F2 c2/c5: кривая не построена (нет точки на квартике)
  F2 c2/c6: нет рациональной точки для коники
  F2 c2/c8: кривая не построена (нет точки на квартике)
  F2 c3/c5@t0=28: rank[3,3] g=3 src=pari sat=1 tors=4 st=9508 hmax=327 pr=50 surv=4 ex=0 bad=0 hits=0 t=1s
  F2 c3/c6: кривая не построена (нет точки на квартике)
  F2 c3/c8@t0=28: rank[1,1] g=1 src=pari sat=1 tors=4 st=116 hmax=784 pr=50 surv=4 ex=0 bad=0 hits=0 t=1s
  F2 c5/c6: кривая не построена (нет точки на квартике)
  F2 c5/c8@t0=28: rank[1,1] g=1 src=pari sat=1 tors=4 st=116 hmax=800 pr=50 surv=4 ex=0 bad=0 hits=0 t=1s
  F2 c6/c8: кривая не построена (нет точки на квартике)
  F3 c1/c3: нет рациональной точки для коники
  F3 c1/c5: нет рациональной точки для коники
  F3 c1/c6: кривая не построена (нет точки на квартике)
  F3 c1/c7: нет рациональной точки для коники
  F3 c3/c5: нет рациональной точки для коники
  F3 c3/c6: кривая не построена (нет точки на квартике)
  F3 c3/c7: нет рациональной точки для коники
  F3 c5/c6: кривая не построена (нет точки на квартике)
  F3 c5/c7: нет рациональной точки для коники
  F3 c6/c7: кривая не построена (нет точки на квартике)
  F4 c2/c3: кривая не построена (нет точки на квартике)
  F4 c2/c5: кривая не построена (нет точки на квартике)
  F4 c2/c6: нет рациональной точки для коники
  F4 c2/c7: кривая не построена (нет точки на квартике)
  F4 c3/c5@t0=28: rank[2,2] g=2 src=pari sat=1 tors=4 st=2428 hmax=898 pr=50 surv=4 ex=0 bad=0 hits=0 t=1s
  F4 c3/c6: кривая не построена (нет точки на квартике)
  F4 c3/c7@t0=28: rank[2,2] g=2 src=pari sat=1 tors=4 st=2428 hmax=898 pr=50 surv=4 ex=0 bad=0 hits=0 t=1s
  F4 c5/c6: кривая не построена (нет точки на квартике)
  F4 c5/c7@t0=28: rank[3,3] g=3 src=pari sat=1 tors=4 st=9604 hmax=215 pr=50 surv=4 ex=0 bad=0 hits=0 t=1s
  F4 c6/c7: кривая не построена (нет точки на квартике)
== (P,Q)=(39,29) C=1181 non
  F1 c0/c2: кривая не построена (нет точки на квартике)
  F1 c0/c3@t0=29: rank[1,1] g=1 src=pari sat=1 tors=4 st=116 hmax=824 pr=50 surv=4 ex=0 bad=0 hits=0 t=1s
  F1 c0/c6: кривая не построена (нет точки на квартике)
  F1 c0/c8@t0=29: rank[2,2] g=2 src=pari sat=1 tors=4 st=1268 hmax=899 pr=50 surv=4 ex=0 bad=0 hits=0 t=1s
  F1 c3/c2@t0=29: rank[1,1] g=1 src=pari sat=1 tors=4 st=116 hmax=824 pr=50 surv=2 ex=0 bad=0 hits=0 t=1s
  F1 c2/c6@t0=39: rank[1,1] g=1 src=pari sat=1 tors=4 st=132 hmax=895 pr=50 surv=4 ex=0 bad=0 hits=0 t=1s
  F1 c2/c8: кривая не построена (нет точки на квартике)
  F1 c3/c6@t0=29: rank[2,2] g=2 src=pari sat=1 tors=4 st=1436 hmax=889 pr=50 surv=2 ex=0 bad=0 hits=0 t=1s
  F1 c3/c8@t0=29: rank[2,2] g=2 src=pari sat=1 tors=4 st=1436 hmax=889 pr=50 surv=4 ex=0 bad=0 hits=0 t=1s
  F1 c6/c8: кривая не построена (нет точки на квартике)
  F2 c2/c3: кривая не построена (нет точки на квартике)
  F2 c2/c5: кривая не построена (нет точки на квартике)
  F2 c2/c6: нет рациональной точки для коники
  F2 c2/c8: кривая не построена (нет точки на квартике)
  F2 c3/c5@t0=29: rank[1,1] g=1 src=pari sat=1 tors=4 st=116 hmax=824 pr=50 surv=4 ex=0 bad=0 hits=0 t=1s
  F2 c3/c6: кривая не построена (нет точки на квартике)
  F2 c3/c8@t0=29: rank[1,1] g=1 src=pari sat=1 tors=4 st=132 hmax=895 pr=50 surv=4 ex=0 bad=0 hits=0 t=1s
  F2 c5/c6: кривая не построена (нет точки на квартике)
  F2 c5/c8@t0=29: rank[2,2] g=2 src=pari sat=1 tors=4 st=1268 hmax=899 pr=50 surv=4 ex=0 bad=0 hits=0 t=1s
  F2 c6/c8: кривая не построена (нет точки на квартике)
  F3 c1/c3: нет рациональной точки для коники
  F3 c1/c5: нет рациональной точки для коники
  F3 c1/c6: кривая не построена (нет точки на квартике)
  F3 c1/c7: нет рациональной точки для коники
  F3 c3/c5: нет рациональной точки для коники
  F3 c3/c6: кривая не построена (нет точки на квартике)
  F3 c3/c7: нет рациональной точки для коники
  F3 c5/c6: кривая не построена (нет точки на квартике)
  F3 c5/c7: нет рациональной точки для коники
  F3 c6/c7: кривая не построена (нет точки на квартике)
  F4 c2/c3: кривая не построена (нет точки на квартике)
  F4 c2/c5: кривая не построена (нет точки на квартике)
  F4 c2/c6: нет рациональной точки для коники
  F4 c2/c7: кривая не построена (нет точки на квартике)
  F4 c3/c5@t0=29: rank[1,1] g=1 src=pari sat=1 tors=4 st=124 hmax=897 pr=50 surv=4 ex=0 bad=0 hits=0 t=1s
  F4 c3/c6: кривая не построена (нет точки на квартике)
  F4 c3/c7@t0=29: rank[1,1] g=1 src=pari sat=1 tors=4 st=124 hmax=897 pr=50 surv=4 ex=0 bad=0 hits=0 t=1s
  F4 c5/c6@t0=29: rank[1,1] g=1 src=pari sat=1 tors=4 st=108 hmax=779 pr=50 surv=6 ex=0 bad=0 hits=0 t=1s
  F4 c5/c7@t0=29: rank[3,3] g=3 src=pari sat=1 tors=4 st=9604 hmax=203 pr=50 surv=4 ex=0 bad=0 hits=0 t=1s
  F4 c6/c7: кривая не построена (нет точки на квартике)
== (P,Q)=(39,31) C=1241 non
  F1 c0/c2: кривая не построена (нет точки на квартике)
  F1 c0/c3@t0=31: rank[3,3] g=3 src=pari sat=1 tors=4 st=9604 hmax=249 pr=50 surv=4 ex=0 bad=0 hits=0 t=1s
  F1 c0/c6: кривая не построена (нет точки на квартике)
  F1 c0/c8@t0=31: rank[1,1] g=1 src=pari sat=1 tors=4 st=124 hmax=807 pr=50 surv=4 ex=0 bad=0 hits=0 t=1s
  F1 c3/c2@t0=31: rank[3,3] g=3 src=pari sat=1 tors=4 st=9604 hmax=249 pr=50 surv=2 ex=0 bad=0 hits=0 t=1s
  F1 c2/c6@t0=39: rank[1,1] g=1 src=pari sat=1 tors=4 st=124 hmax=795 pr=50 surv=4 ex=0 bad=0 hits=0 t=1s
  F1 c2/c8: кривая не построена (нет точки на квартике)
  F1 c3/c6@t0=31: rank[3,3] g=3 src=pari sat=1 tors=4 st=9580 hmax=324 pr=50 surv=2 ex=0 bad=0 hits=0 t=1s
  F1 c3/c8@t0=31: rank[3,3] g=3 src=pari sat=1 tors=4 st=9580 hmax=324 pr=50 surv=4 ex=0 bad=0 hits=0 t=1s
  F1 c6/c8: кривая не построена (нет точки на квартике)
  F2 c2/c3: кривая не построена (нет точки на квартике)
  F2 c2/c5: кривая не построена (нет точки на квартике)
  F2 c2/c6: нет рациональной точки для коники
  F2 c2/c8: кривая не построена (нет точки на квартике)
  F2 c3/c5@t0=31: rank[3,3] g=3 src=pari sat=1 tors=4 st=9604 hmax=249 pr=50 surv=4 ex=0 bad=0 hits=0 t=1s
  F2 c3/c6: кривая не построена (нет точки на квартике)
  F2 c3/c8@t0=31: rank[1,1] g=1 src=pari sat=1 tors=4 st=124 hmax=795 pr=50 surv=4 ex=0 bad=0 hits=0 t=1s
  F2 c5/c6: кривая не построена (нет точки на квартике)
  F2 c5/c8@t0=31: rank[1,1] g=1 src=pari sat=1 tors=4 st=124 hmax=807 pr=50 surv=4 ex=0 bad=0 hits=0 t=1s
  F2 c8/c6@t0=31: rank[2,2] g=2 src=pari sat=1 tors=4 st=2724 hmax=899 pr=50 surv=2 ex=0 bad=0 hits=0 t=1s
  F3 c1/c3: нет рациональной точки для коники
  F3 c1/c5: нет рациональной точки для коники
  F3 c1/c6: кривая не построена (нет точки на квартике)
  F3 c1/c7: нет рациональной точки для коники
  F3 c3/c5: нет рациональной точки для коники
  F3 c3/c6: кривая не построена (нет точки на квартике)
  F3 c3/c7: нет рациональной точки для коники
  F3 c6/c5@t0=31: rank[2,2] g=2 src=pari sat=1 tors=4 st=2724 hmax=899 pr=50 surv=2 ex=0 bad=0 hits=0 t=1s
  F3 c5/c7: нет рациональной точки для коники
  F3 c6/c7@t0=31: rank[2,2] g=2 src=pari sat=1 tors=4 st=2724 hmax=899 pr=50 surv=2 ex=0 bad=0 hits=0 t=0s
  F4 c2/c3: кривая не построена (нет точки на квартике)
  F4 c2/c5: кривая не построена (нет точки на квартике)
  F4 c2/c6: нет рациональной точки для коники
  F4 c2/c7: кривая не построена (нет точки на квартике)
  F4 c3/c5@t0=31: rank[2,2] g=2 src=pari sat=1 tors=4 st=2604 hmax=897 pr=50 surv=4 ex=0 bad=0 hits=0 t=1s
  F4 c3/c6: кривая не построена (нет точки на квартике)
  F4 c3/c7@t0=31: rank[2,2] g=2 src=pari sat=1 tors=4 st=2604 hmax=897 pr=50 surv=4 ex=0 bad=0 hits=0 t=1s
  F4 c5/c6@t0=31: rank[1,1] g=1 src=pari sat=1 tors=4 st=164 hmax=826 pr=50 surv=6 ex=0 bad=0 hits=0 t=1s
  F4 c5/c7@t0=31: rank[1,1] g=1 src=pari sat=1 tors=4 st=124 hmax=870 pr=50 surv=4 ex=0 bad=0 hits=0 t=1s
  F4 c7/c6@t0=31: rank[2,2] g=2 src=pari sat=1 tors=4 st=2724 hmax=899 pr=50 surv=2 ex=0 bad=0 hits=0 t=0s
== (P,Q)=(39,32) C=2545/2 non
  F1 c0/c2: кривая не построена (нет точки на квартике)
  F1 c0/c3@t0=32: rank[1,1] g=1 src=pari sat=1 tors=4 st=116 hmax=832 pr=50 surv=4 ex=0 bad=0 hits=0 t=1s
  F1 c0/c6: кривая не построена (нет точки на квартике)
  F1 c0/c8@t0=32: rank[1,1] g=1 src=pari sat=1 tors=4 st=116 hmax=807 pr=50 surv=4 ex=0 bad=0 hits=0 t=1s
  F1 c3/c2@t0=32: rank[1,1] g=1 src=pari sat=1 tors=4 st=116 hmax=832 pr=50 surv=2 ex=0 bad=0 hits=0 t=1s
  F1 c2/c6@t0=39: rank[2,2] g=2 src=pari sat=1 tors=4 st=1428 hmax=900 pr=50 surv=4 ex=0 bad=0 hits=0 t=1s
  F1 c2/c8: кривая не построена (нет точки на квартике)
  F1 c3/c6@t0=32: rank[2,2] g=2 src=pari sat=1 tors=4 st=3524 hmax=897 pr=50 surv=2 ex=0 bad=0 hits=0 t=1s
  F1 c3/c8@t0=32: rank[2,2] g=2 src=pari sat=1 tors=4 st=3524 hmax=897 pr=50 surv=4 ex=0 bad=0 hits=0 t=1s
  F1 c6/c8: кривая не построена (нет точки на квартике)
  F2 c2/c3: кривая не построена (нет точки на квартике)
  F2 c2/c5: кривая не построена (нет точки на квартике)
  F2 c2/c6: нет рациональной точки для коники
  F2 c2/c8: кривая не построена (нет точки на квартике)
  F2 c3/c5@t0=32: rank[1,1] g=1 src=pari sat=1 tors=4 st=116 hmax=832 pr=50 surv=4 ex=0 bad=0 hits=0 t=1s
  F2 c3/c6: кривая не построена (нет точки на квартике)
  F2 c3/c8@t0=32: rank[2,2] g=2 src=pari sat=1 tors=4 st=1428 hmax=900 pr=50 surv=4 ex=0 bad=0 hits=0 t=1s
  F2 c5/c6: кривая не построена (нет точки на квартике)
  F2 c5/c8@t0=32: rank[1,1] g=1 src=pari sat=1 tors=4 st=116 hmax=807 pr=50 surv=4 ex=0 bad=0 hits=0 t=1s
  F2 c6/c8: кривая не построена (нет точки на квартике)
  F3 c1/c3: нет рациональной точки для коники
  F3 c1/c5: нет рациональной точки для коники
  F3 c1/c6: кривая не построена (нет точки на квартике)
  F3 c1/c7: нет рациональной точки для коники
  F3 c3/c5: нет рациональной точки для коники
  F3 c3/c6: кривая не построена (нет точки на квартике)
  F3 c3/c7: нет рациональной точки для коники
  F3 c5/c6: кривая не построена (нет точки на квартике)
  F3 c5/c7: нет рациональной точки для коники
  F3 c6/c7: кривая не построена (нет точки на квартике)
  F4 c2/c3: кривая не построена (нет точки на квартике)
  F4 c2/c5: кривая не построена (нет точки на квартике)
  F4 c2/c6: нет рациональной точки для коники
  F4 c2/c7: кривая не построена (нет точки на квартике)
  F4 c3/c5@t0=32: rank[2,2] g=2 src=pari sat=1 tors=4 st=1732 hmax=894 pr=50 surv=4 ex=0 bad=0 hits=0 t=1s
  F4 c3/c6: кривая не построена (нет точки на квартике)
  F4 c3/c7@t0=32: rank[2,2] g=2 src=pari sat=1 tors=4 st=1732 hmax=894 pr=50 surv=4 ex=0 bad=0 hits=0 t=1s
  F4 c5/c6: кривая не построена (нет точки на квартике)
  F4 c5/c7@t0=32: rank[1,1] g=1 src=pari sat=1 tors=4 st=124 hmax=872 pr=50 surv=4 ex=0 bad=0 hits=0 t=1s
  F4 c6/c7: кривая не построена (нет точки на квартике)
== (P,Q)=(39,34) C=2677/2 non
  F1 c0/c2: кривая не построена (нет точки на квартике)
  F1 c0/c3@t0=34: rank[3,3] g=3 src=pari sat=1 tors=4 st=9588 hmax=469 pr=50 surv=4 ex=0 bad=0 hits=0 t=1s
  F1 c0/c6: кривая не построена (нет точки на квартике)
  F1 c0/c8@t0=34: rank[2,2] g=2 src=pari sat=1 tors=4 st=1252 hmax=897 pr=50 surv=4 ex=0 bad=0 hits=0 t=1s
  F1 c3/c2@t0=34: rank[3,3] g=3 src=pari sat=1 tors=4 st=9588 hmax=469 pr=50 surv=2 ex=0 bad=0 hits=0 t=1s
  F1 c2/c6@t0=39: rank[2,2] g=2 src=pari sat=1 tors=4 st=892 hmax=889 pr=50 surv=4 ex=0 bad=0 hits=0 t=1s
  F1 c2/c8: кривая не построена (нет точки на квартике)
  F1 c3/c6@t0=34: rank[1,1] g=1 src=pari sat=1 tors=4 st=124 hmax=885 pr=50 surv=2 ex=0 bad=0 hits=0 t=1s
  F1 c3/c8@t0=34: rank[1,1] g=1 src=pari sat=1 tors=4 st=124 hmax=885 pr=50 surv=4 ex=0 bad=0 hits=0 t=1s
  F1 c6/c8: кривая не построена (нет точки на квартике)
  F2 c2/c3: кривая не построена (нет точки на квартике)
  F2 c2/c5: кривая не построена (нет точки на квартике)
  F2 c2/c6: нет рациональной точки для коники
  F2 c2/c8: кривая не построена (нет точки на квартике)
  F2 c3/c5@t0=34: rank[3,3] g=3 src=pari sat=1 tors=4 st=9588 hmax=469 pr=50 surv=4 ex=0 bad=0 hits=0 t=1s
  F2 c3/c6: кривая не построена (нет точки на квартике)
  F2 c3/c8@t0=34: rank[2,2] g=2 src=pari sat=1 tors=4 st=892 hmax=889 pr=50 surv=4 ex=0 bad=0 hits=0 t=1s
  F2 c5/c6: кривая не построена (нет точки на квартике)
  F2 c5/c8@t0=34: rank[2,2] g=2 src=pari sat=1 tors=4 st=1252 hmax=897 pr=50 surv=4 ex=0 bad=0 hits=0 t=1s
  F2 c6/c8: кривая не построена (нет точки на квартике)
  F3 c1/c3: нет рациональной точки для коники
  F3 c1/c5: нет рациональной точки для коники
  F3 c1/c6: кривая не построена (нет точки на квартике)
  F3 c1/c7: нет рациональной точки для коники
  F3 c3/c5: нет рациональной точки для коники
  F3 c3/c6: кривая не построена (нет точки на квартике)
  F3 c3/c7: нет рациональной точки для коники
  F3 c5/c6: кривая не построена (нет точки на квартике)
  F3 c5/c7: нет рациональной точки для коники
  F3 c6/c7: кривая не построена (нет точки на квартике)
  F4 c2/c3: кривая не построена (нет точки на квартике)
  F4 c2/c5: кривая не построена (нет точки на квартике)
  F4 c2/c6: нет рациональной точки для коники
  F4 c2/c7: кривая не построена (нет точки на квартике)
  F4 c3/c5@t0=34: rank[1,1] g=1 src=pari sat=1 tors=4 st=124 hmax=813 pr=50 surv=4 ex=0 bad=0 hits=0 t=1s
  F4 c3/c6: кривая не построена (нет точки на квартике)
  F4 c3/c7@t0=34: rank[1,1] g=1 src=pari sat=1 tors=4 st=124 hmax=813 pr=50 surv=4 ex=0 bad=0 hits=0 t=1s
  F4 c5/c6: кривая не построена (нет точки на квартике)
  F4 c5/c7@t0=34: rank[1,1] g=1 src=pari sat=1 tors=4 st=124 hmax=875 pr=50 surv=4 ex=0 bad=0 hits=0 t=1s
  F4 c6/c7: кривая не построена (нет точки на квартике)
== (P,Q)=(39,35) C=1373 non
  F1 c0/c2: кривая не построена (нет точки на квартике)
  F1 c0/c3@t0=35: rank[2,2] g=2 src=pari sat=1 tors=4 st=2516 hmax=896 pr=50 surv=4 ex=0 bad=0 hits=0 t=1s
  F1 c0/c6: кривая не построена (нет точки на квартике)
  F1 c0/c8@t0=35: rank[1,1] g=1 src=pari sat=1 tors=4 st=124 hmax=816 pr=50 surv=4 ex=0 bad=0 hits=0 t=1s
  F1 c3/c2@t0=35: rank[2,2] g=2 src=pari sat=1 tors=4 st=2516 hmax=896 pr=50 surv=2 ex=0 bad=0 hits=0 t=1s
  F1 c2/c6@t0=39: rank[1,1] g=1 src=pari sat=1 tors=4 st=124 hmax=810 pr=50 surv=4 ex=0 bad=0 hits=0 t=1s
  F1 c2/c8: кривая не построена (нет точки на квартике)
  F1 c3/c6@t0=35: rank[2,2] g=2 src=pari sat=1 tors=4 st=1924 hmax=893 pr=50 surv=2 ex=0 bad=0 hits=0 t=1s
  F1 c3/c8@t0=35: rank[2,2] g=2 src=pari sat=1 tors=4 st=1924 hmax=893 pr=50 surv=4 ex=0 bad=0 hits=0 t=1s
  F1 c6/c8: кривая не построена (нет точки на квартике)
  F2 c2/c3: кривая не построена (нет точки на квартике)
  F2 c2/c5: кривая не построена (нет точки на квартике)
  F2 c2/c6: нет рациональной точки для коники
  F2 c2/c8: кривая не построена (нет точки на квартике)
  F2 c3/c5@t0=35: rank[2,2] g=2 src=pari sat=1 tors=4 st=2516 hmax=896 pr=50 surv=4 ex=0 bad=0 hits=0 t=1s
  F2 c3/c6: кривая не построена (нет точки на квартике)
  F2 c3/c8@t0=35: rank[1,1] g=1 src=pari sat=1 tors=4 st=124 hmax=810 pr=50 surv=4 ex=0 bad=0 hits=0 t=1s
  F2 c5/c6: кривая не построена (нет точки на квартике)
  F2 c5/c8@t0=35: rank[1,1] g=1 src=pari sat=1 tors=4 st=124 hmax=816 pr=50 surv=4 ex=0 bad=0 hits=0 t=1s
  F2 c6/c8: кривая не построена (нет точки на квартике)
  F3 c1/c3: нет рациональной точки для коники
  F3 c1/c5: нет рациональной точки для коники
  F3 c1/c6: кривая не построена (нет точки на квартике)
  F3 c1/c7: нет рациональной точки для коники
  F3 c3/c5: нет рациональной точки для коники
  F3 c3/c6: кривая не построена (нет точки на квартике)
  F3 c3/c7: нет рациональной точки для коники
  F3 c5/c6: кривая не построена (нет точки на квартике)
  F3 c5/c7: нет рациональной точки для коники
  F3 c6/c7: кривая не построена (нет точки на квартике)
  F4 c2/c3: кривая не построена (нет точки на квартике)
  F4 c2/c5: кривая не построена (нет точки на квартике)
  F4 c2/c6: нет рациональной точки для коники
  F4 c2/c7: кривая не построена (нет точки на квартике)
  F4 c3/c5@t0=35: rank[2,2] g=2 src=pari sat=1 tors=4 st=2156 hmax=898 pr=50 surv=4 ex=0 bad=0 hits=0 t=1s
  F4 c3/c6: кривая не построена (нет точки на квартике)
  F4 c3/c7@t0=35: rank[2,2] g=2 src=pari sat=1 tors=4 st=2156 hmax=898 pr=50 surv=4 ex=0 bad=0 hits=0 t=1s
  F4 c5/c6: кривая не построена (нет точки на квартике)
  F4 c5/c7@t0=35: rank[2,2] g=2 src=pari sat=1 tors=4 st=3100 hmax=899 pr=50 surv=4 ex=0 bad=0 hits=0 t=1s
  F4 c6/c7: кривая не построена (нет точки на квартике)
== (P,Q)=(39,37) C=1445 non
  F1 c0/c2: кривая не построена (нет точки на квартике)
  F1 c0/c3@t0=37: rank[2,2] g=2 src=pari sat=1 tors=4 st=1860 hmax=894 pr=50 surv=4 ex=0 bad=0 hits=0 t=0s
  F1 c0/c6: кривая не построена (нет точки на квартике)
  F1 c0/c8@t0=37: rank[1,1] g=1 src=pari sat=1 tors=4 st=124 hmax=820 pr=50 surv=4 ex=0 bad=0 hits=0 t=0s
  F1 c3/c2@t0=37: rank[2,2] g=2 src=pari sat=1 tors=4 st=1860 hmax=894 pr=50 surv=2 ex=0 bad=0 hits=0 t=0s
  F1 c2/c6@t0=39: rank[2,2] g=2 src=pari sat=1 tors=4 st=3620 hmax=899 pr=50 surv=4 ex=0 bad=0 hits=0 t=0s
  F1 c2/c8: кривая не построена (нет точки на квартике)
  F1 c3/c6@t0=37: rank[1,1] g=1 src=pari sat=1 tors=4 st=116 hmax=846 pr=50 surv=2 ex=0 bad=0 hits=0 t=0s
  F1 c3/c8@t0=37: rank[1,1] g=1 src=pari sat=1 tors=4 st=116 hmax=846 pr=50 surv=4 ex=0 bad=0 hits=0 t=0s
  F1 c6/c8: кривая не построена (нет точки на квартике)
  F2 c2/c3: кривая не построена (нет точки на квартике)
  F2 c2/c5: кривая не построена (нет точки на квартике)
  F2 c2/c6: нет рациональной точки для коники
  F2 c2/c8: кривая не построена (нет точки на квартике)
  F2 c3/c5@t0=37: rank[2,2] g=2 src=pari sat=1 tors=4 st=1860 hmax=894 pr=50 surv=4 ex=0 bad=0 hits=0 t=0s
  F2 c3/c6: кривая не построена (нет точки на квартике)
  F2 c3/c8@t0=37: rank[2,2] g=2 src=pari sat=1 tors=4 st=3620 hmax=899 pr=50 surv=4 ex=0 bad=0 hits=0 t=0s
  F2 c5/c6: кривая не построена (нет точки на квартике)
  F2 c5/c8@t0=37: rank[1,1] g=1 src=pari sat=1 tors=4 st=124 hmax=820 pr=50 surv=4 ex=0 bad=0 hits=0 t=0s
  F2 c6/c8: кривая не построена (нет точки на квартике)
  F3 c1/c3: нет рациональной точки для коники
  F3 c1/c5: нет рациональной точки для коники
  F3 c1/c6: кривая не построена (нет точки на квартике)
  F3 c1/c7: нет рациональной точки для коники
  F3 c3/c5: нет рациональной точки для коники
  F3 c3/c6: кривая не построена (нет точки на квартике)
  F3 c3/c7: нет рациональной точки для коники
  F3 c5/c6: кривая не построена (нет точки на квартике)
  F3 c5/c7: нет рациональной точки для коники
  F3 c6/c7: кривая не построена (нет точки на квартике)
  F4 c2/c3: кривая не построена (нет точки на квартике)
  F4 c2/c5: кривая не построена (нет точки на квартике)
  F4 c2/c6: нет рациональной точки для коники
  F4 c2/c7: кривая не построена (нет точки на квартике)
  F4 c3/c5@t0=37: rank[1,1] g=1 src=pari sat=1 tors=4 st=124 hmax=883 pr=50 surv=4 ex=0 bad=0 hits=0 t=0s
  F4 c3/c6: кривая не построена (нет точки на квартике)
  F4 c3/c7@t0=37: rank[1,1] g=1 src=pari sat=1 tors=4 st=124 hmax=883 pr=50 surv=4 ex=0 bad=0 hits=0 t=0s
  F4 c5/c6: кривая не построена (нет точки на квартике)
  F4 c5/c7@t0=37: rank[3,3] g=3 src=pari sat=1 tors=4 st=9588 hmax=111 pr=50 surv=4 ex=0 bad=0 hits=0 t=0s
  F4 c6/c7: кривая не построена (нет точки на квартике)
== (P,Q)=(39,38) C=2965/2 non
  F1 c0/c2: кривая не построена (нет точки на квартике)
  F1 c0/c3@t0=38: rank[3,3] g=3 src=pari sat=1 tors=4 st=9604 hmax=350 pr=50 surv=4 ex=0 bad=0 hits=0 t=0s
  F1 c0/c6: кривая не построена (нет точки на квартике)
  F1 c0/c8@t0=38: rank[2,2] g=2 src=pari+mw sat=1 tors=4 st=780 hmax=889 pr=50 surv=4 ex=0 bad=0 hits=0 t=0s
  F1 c3/c2@t0=38: rank[3,3] g=3 src=pari sat=1 tors=4 st=9604 hmax=350 pr=50 surv=2 ex=0 bad=0 hits=0 t=0s
  F1 c2/c6@t0=39: rank[1,3] g=1 INC src=pari+mw sat=1 tors=4 st=116 hmax=817 pr=50 surv=4 ex=0 bad=0 hits=0 t=14s
  F1 c2/c8: кривая не построена (нет точки на квартике)
  F1 c3/c6@t0=38: rank[2,2] g=2 src=pari sat=1 tors=4 st=1564 hmax=900 pr=50 surv=2 ex=0 bad=0 hits=0 t=0s
  F1 c3/c8@t0=38: rank[2,2] g=2 src=pari sat=1 tors=4 st=1564 hmax=900 pr=50 surv=4 ex=0 bad=0 hits=0 t=0s
  F1 c6/c8: кривая не построена (нет точки на квартике)
  F2 c2/c3: кривая не построена (нет точки на квартике)
  F2 c2/c5: кривая не построена (нет точки на квартике)
  F2 c2/c6: нет рациональной точки для коники
  F2 c2/c8: кривая не построена (нет точки на квартике)
  F2 c3/c5@t0=38: rank[3,3] g=3 src=pari sat=1 tors=4 st=9604 hmax=350 pr=50 surv=4 ex=0 bad=0 hits=0 t=0s
  F2 c3/c6: кривая не построена (нет точки на квартике)
  F2 c3/c8@t0=38: rank[1,3] g=1 INC src=pari+mw sat=1 tors=4 st=116 hmax=817 pr=50 surv=4 ex=0 bad=0 hits=0 t=0s
  F2 c5/c6: кривая не построена (нет точки на квартике)
  F2 c5/c8@t0=38: rank[2,2] g=2 src=pari+mw sat=1 tors=4 st=780 hmax=889 pr=50 surv=4 ex=0 bad=0 hits=0 t=0s
  F2 c6/c8: кривая не построена (нет точки на квартике)
  F3 c1/c3: нет рациональной точки для коники
  F3 c1/c5: нет рациональной точки для коники
  F3 c1/c6: кривая не построена (нет точки на квартике)
  F3 c1/c7: нет рациональной точки для коники
  F3 c3/c5: нет рациональной точки для коники
  F3 c3/c6: кривая не построена (нет точки на квартике)
  F3 c3/c7: нет рациональной точки для коники
  F3 c5/c6: кривая не построена (нет точки на квартике)
  F3 c5/c7: нет рациональной точки для коники
  F3 c6/c7: кривая не построена (нет точки на квартике)
  F4 c2/c3: кривая не построена (нет точки на квартике)
  F4 c2/c5: кривая не построена (нет точки на квартике)
  F4 c2/c6: нет рациональной точки для коники
  F4 c2/c7: кривая не построена (нет точки на квартике)
  F4 c3/c5@t0=38: rank[1,1] g=1 src=pari sat=1 tors=4 st=124 hmax=800 pr=50 surv=4 ex=0 bad=0 hits=0 t=0s
  F4 c3/c6: кривая не построена (нет точки на квартике)
  F4 c3/c7@t0=38: rank[1,1] g=1 src=pari sat=1 tors=4 st=124 hmax=800 pr=50 surv=4 ex=0 bad=0 hits=0 t=0s
  F4 c5/c6@t0=38: rank[2,2] g=2 src=pari sat=1 tors=4 st=4276 hmax=897 pr=50 surv=6 ex=0 bad=0 hits=0 t=0s
  F4 c5/c7@t0=38: rank[2,2] g=2 src=pari sat=1 tors=4 st=3860 hmax=898 pr=50 surv=4 ex=0 bad=0 hits=0 t=0s
  F4 c6/c7: кривая не построена (нет точки на квартике)
== (P,Q)=(40,1) C=1601/2 non
  F1 c0/c2: кривая не построена (нет точки на квартике)
  F1 c0/c3@t0=1: rank[2,2] g=2 src=pari sat=1 tors=4 st=1772 hmax=895 pr=50 surv=4 ex=0 bad=0 hits=0 t=1s
  F1 c0/c6: кривая не построена (нет точки на квартике)
  F1 c0/c8@t0=1: rank[2,2] g=2 src=pari sat=1 tors=4 st=3428 hmax=898 pr=50 surv=4 ex=0 bad=0 hits=0 t=1s
  F1 c3/c2@t0=1: rank[2,2] g=2 src=pari sat=1 tors=4 st=1772 hmax=895 pr=50 surv=2 ex=0 bad=0 hits=0 t=1s
  F1 c2/c6@t0=40: rank[3,3] g=3 src=pari sat=1 tors=4 st=9596 hmax=309 pr=50 surv=4 ex=0 bad=0 hits=0 t=1s
  F1 c2/c8: кривая не построена (нет точки на квартике)
  F1 c3/c6@t0=1: rank[1,1] g=1 src=pari sat=1 tors=4 st=116 hmax=791 pr=50 surv=2 ex=0 bad=0 hits=0 t=1s
  F1 c3/c8@t0=1: rank[1,1] g=1 src=pari sat=1 tors=4 st=116 hmax=791 pr=50 surv=4 ex=0 bad=0 hits=0 t=1s
  F1 c6/c8: кривая не построена (нет точки на квартике)
  F2 c2/c3: кривая не построена (нет точки на квартике)
  F2 c2/c5: кривая не построена (нет точки на квартике)
  F2 c2/c6: нет рациональной точки для коники
  F2 c2/c8: кривая не построена (нет точки на квартике)
  F2 c3/c5@t0=1: rank[2,2] g=2 src=pari sat=1 tors=4 st=1772 hmax=895 pr=50 surv=4 ex=0 bad=0 hits=0 t=0s
  F2 c3/c6: кривая не построена (нет точки на квартике)
  F2 c3/c8@t0=1: rank[3,3] g=3 src=pari sat=1 tors=4 st=9596 hmax=309 pr=50 surv=4 ex=0 bad=0 hits=0 t=0s
  F2 c5/c6: кривая не построена (нет точки на квартике)
  F2 c5/c8@t0=1: rank[2,2] g=2 src=pari sat=1 tors=4 st=3428 hmax=898 pr=50 surv=4 ex=0 bad=0 hits=0 t=0s
  F2 c6/c8: кривая не построена (нет точки на квартике)
  F3 c1/c3: нет рациональной точки для коники
  F3 c1/c5: нет рациональной точки для коники
  F3 c1/c6: кривая не построена (нет точки на квартике)
  F3 c1/c7: нет рациональной точки для коники
  F3 c3/c5: нет рациональной точки для коники
  F3 c3/c6: кривая не построена (нет точки на квартике)
  F3 c3/c7: нет рациональной точки для коники
  F3 c5/c6: кривая не построена (нет точки на квартике)
  F3 c5/c7: нет рациональной точки для коники
  F3 c6/c7: кривая не построена (нет точки на квартике)
  F4 c2/c3: кривая не построена (нет точки на квартике)
  F4 c2/c5: кривая не построена (нет точки на квартике)
  F4 c2/c6: нет рациональной точки для коники
  F4 c2/c7: кривая не построена (нет точки на квартике)
  F4 c3/c5@t0=1: rank[2,2] g=2 src=pari sat=1 tors=4 st=1324 hmax=900 pr=50 surv=4 ex=0 bad=0 hits=0 t=0s
  F4 c3/c6: кривая не построена (нет точки на квартике)
  F4 c3/c7@t0=1: rank[2,2] g=2 src=pari sat=1 tors=4 st=1324 hmax=900 pr=50 surv=4 ex=0 bad=0 hits=0 t=0s
  F4 c5/c6: кривая не построена (нет точки на квартике)
  F4 c5/c7@t0=1: rank[3,3] g=3 src=pari sat=1 tors=4 st=9588 hmax=212 pr=50 surv=4 ex=0 bad=0 hits=0 t=0s
  F4 c6/c7: кривая не построена (нет точки на квартике)
== (P,Q)=(40,3) C=1609/2 non
  F1 c0/c2: кривая не построена (нет точки на квартике)
  F1 c0/c3@t0=3: rank[2,2] g=2 src=pari sat=1 tors=4 st=1108 hmax=896 pr=50 surv=4 ex=0 bad=0 hits=0 t=0s
  F1 c0/c6: кривая не построена (нет точки на квартике)
  F1 c0/c8@t0=3: rank[2,2] g=2 src=pari sat=1 tors=4 st=1652 hmax=900 pr=50 surv=4 ex=0 bad=0 hits=0 t=0s
  F1 c3/c2@t0=3: rank[2,2] g=2 src=pari sat=1 tors=4 st=1108 hmax=896 pr=50 surv=2 ex=0 bad=0 hits=0 t=0s
  F1 c2/c6@t0=40: rank[1,1] g=1 src=pari sat=1 tors=4 st=124 hmax=831 pr=50 surv=4 ex=0 bad=0 hits=0 t=0s
  F1 c2/c8: кривая не построена (нет точки на квартике)
  F1 c3/c6@t0=3: rank[1,1] g=1 src=pari sat=1 tors=4 st=116 hmax=791 pr=50 surv=2 ex=0 bad=0 hits=0 t=0s
  F1 c3/c8@t0=3: rank[1,1] g=1 src=pari sat=1 tors=4 st=116 hmax=791 pr=50 surv=4 ex=0 bad=0 hits=0 t=0s
  F1 c6/c8: кривая не построена (нет точки на квартике)
  F2 c2/c3: кривая не построена (нет точки на квартике)
  F2 c2/c5: кривая не построена (нет точки на квартике)
  F2 c2/c6: нет рациональной точки для коники
  F2 c2/c8: кривая не построена (нет точки на квартике)
  F2 c3/c5@t0=3: rank[2,2] g=2 src=pari sat=1 tors=4 st=1108 hmax=896 pr=50 surv=4 ex=0 bad=0 hits=0 t=0s
  F2 c3/c6: кривая не построена (нет точки на квартике)
  F2 c3/c8@t0=3: rank[1,1] g=1 src=pari sat=1 tors=4 st=124 hmax=831 pr=50 surv=4 ex=0 bad=0 hits=0 t=0s
  F2 c5/c6: кривая не построена (нет точки на квартике)
  F2 c5/c8@t0=3: rank[2,2] g=2 src=pari sat=1 tors=4 st=1652 hmax=900 pr=50 surv=4 ex=0 bad=0 hits=0 t=0s
  F2 c6/c8: кривая не построена (нет точки на квартике)
  F3 c1/c3: нет рациональной точки для коники
  F3 c1/c5: нет рациональной точки для коники
  F3 c1/c6: кривая не построена (нет точки на квартике)
  F3 c1/c7: нет рациональной точки для коники
  F3 c3/c5: нет рациональной точки для коники
  F3 c3/c6: кривая не построена (нет точки на квартике)
  F3 c3/c7: нет рациональной точки для коники
  F3 c5/c6: кривая не построена (нет точки на квартике)
  F3 c5/c7: нет рациональной точки для коники
  F3 c6/c7: кривая не построена (нет точки на квартике)
  F4 c2/c3: кривая не построена (нет точки на квартике)
  F4 c2/c5: кривая не построена (нет точки на квартике)
  F4 c2/c6: нет рациональной точки для коники
  F4 c2/c7: кривая не построена (нет точки на квартике)
  F4 c3/c5@t0=3: rank[1,1] g=1 src=pari sat=1 tors=4 st=116 hmax=791 pr=50 surv=4 ex=0 bad=0 hits=0 t=0s
  F4 c3/c6: кривая не построена (нет точки на квартике)
  F4 c3/c7@t0=3: rank[1,1] g=1 src=pari sat=1 tors=4 st=116 hmax=791 pr=50 surv=4 ex=0 bad=0 hits=0 t=0s
  F4 c5/c6: кривая не построена (нет точки на квартике)
  F4 c5/c7@t0=3: rank[2,2] g=2 src=pari sat=1 tors=4 st=2084 hmax=899 pr=50 surv=4 ex=0 bad=0 hits=0 t=0s
  F4 c6/c7: кривая не построена (нет точки на квартике)
== (P,Q)=(40,7) C=1649/2 non
  F1 c0/c2: кривая не построена (нет точки на квартике)
  F1 c0/c3@t0=7: rank[1,1] g=1 src=pari sat=1 tors=4 st=124 hmax=809 pr=50 surv=4 ex=0 bad=0 hits=0 t=0s
  F1 c0/c6: кривая не построена (нет точки на квартике)
  F1 c0/c8@t0=7: rank[1,1] g=1 src=pari sat=1 tors=4 st=124 hmax=881 pr=50 surv=4 ex=0 bad=0 hits=0 t=0s
  F1 c3/c2@t0=7: rank[1,1] g=1 src=pari sat=1 tors=4 st=124 hmax=809 pr=50 surv=2 ex=0 bad=0 hits=0 t=0s
  F1 c2/c6@t0=40: rank[1,1] g=1 src=pari sat=1 tors=4 st=124 hmax=836 pr=50 surv=4 ex=0 bad=0 hits=0 t=0s
  F1 c2/c8: кривая не построена (нет точки на квартике)
  F1 c3/c6@t0=7: rank[3,3] g=3 src=pari sat=1 tors=4 st=9596 hmax=273 pr=50 surv=2 ex=0 bad=0 hits=0 t=0s
  F1 c3/c8@t0=7: rank[3,3] g=3 src=pari sat=1 tors=4 st=9596 hmax=273 pr=50 surv=4 ex=0 bad=0 hits=0 t=0s
  F1 c6/c8: кривая не построена (нет точки на квартике)
  F2 c2/c3: кривая не построена (нет точки на квартике)
  F2 c2/c5: кривая не построена (нет точки на квартике)
  F2 c2/c6: нет рациональной точки для коники
  F2 c2/c8: кривая не построена (нет точки на квартике)
  F2 c3/c5@t0=7: rank[1,1] g=1 src=pari sat=1 tors=4 st=124 hmax=809 pr=50 surv=4 ex=0 bad=0 hits=0 t=0s
  F2 c3/c6: кривая не построена (нет точки на квартике)
  F2 c3/c8@t0=7: rank[1,1] g=1 src=pari sat=1 tors=4 st=124 hmax=836 pr=50 surv=4 ex=0 bad=0 hits=0 t=0s
  F2 c5/c6: кривая не построена (нет точки на квартике)
  F2 c5/c8@t0=7: rank[1,1] g=1 src=pari sat=1 tors=4 st=124 hmax=881 pr=50 surv=4 ex=0 bad=0 hits=0 t=0s
  F2 c6/c8: кривая не построена (нет точки на квартике)
  F3 c1/c3: нет рациональной точки для коники
  F3 c1/c5: нет рациональной точки для коники
  F3 c1/c6: кривая не построена (нет точки на квартике)
  F3 c1/c7: нет рациональной точки для коники
  F3 c3/c5: нет рациональной точки для коники
  F3 c3/c6: кривая не построена (нет точки на квартике)
  F3 c3/c7: нет рациональной точки для коники
  F3 c5/c6: кривая не построена (нет точки на квартике)
  F3 c5/c7: нет рациональной точки для коники
  F3 c6/c7: кривая не построена (нет точки на квартике)
  F4 c2/c3: кривая не построена (нет точки на квартике)
  F4 c2/c5: кривая не построена (нет точки на квартике)
  F4 c2/c6: нет рациональной точки для коники
  F4 c2/c7: кривая не построена (нет точки на квартике)
  F4 c3/c5@t0=7: rank[3,3] g=3 src=pari sat=1 tors=4 st=9604 hmax=260 pr=50 surv=4 ex=0 bad=0 hits=0 t=0s
  F4 c3/c6: кривая не построена (нет точки на квартике)
  F4 c3/c7@t0=7: rank[3,3] g=3 src=pari sat=1 tors=4 st=9604 hmax=260 pr=50 surv=4 ex=0 bad=0 hits=0 t=0s
  F4 c5/c6@t0=7: rank[1,1] g=1 src=pari sat=1 tors=4 st=124 hmax=795 pr=50 surv=6 ex=0 bad=0 hits=0 t=0s
  F4 c5/c7@t0=7: rank[2,2] g=2 src=pari sat=1 tors=4 st=4492 hmax=897 pr=50 surv=4 ex=0 bad=0 hits=0 t=0s
  F4 c6/c7: кривая не построена (нет точки на квартике)
== (P,Q)=(40,9) C=1681/2 non
  F1 c0/c2: кривая не построена (нет точки на квартике)
  F1 c0/c3@t0=9: rank[2,2] g=2 src=pari sat=1 tors=4 st=2076 hmax=897 pr=50 surv=4 ex=0 bad=0 hits=0 t=0s
  F1 c0/c6: кривая не построена (нет точки на квартике)
  F1 c0/c8@t0=9: rank[1,1] g=1 src=pari sat=1 tors=4 st=124 hmax=885 pr=50 surv=4 ex=0 bad=0 hits=0 t=0s
  F1 c3/c2@t0=9: rank[2,2] g=2 src=pari sat=1 tors=4 st=2076 hmax=897 pr=50 surv=2 ex=0 bad=0 hits=0 t=0s
  F1 c2/c6@t0=40: rank[1,1] g=1 src=pari sat=1 tors=4 st=124 hmax=840 pr=50 surv=4 ex=0 bad=0 hits=0 t=0s
  F1 c2/c8: кривая не построена (нет точки на квартике)
  F1 c3/c6@t0=9: rank[2,2] g=2 src=pari sat=1 tors=4 st=1820 hmax=899 pr=50 surv=2 ex=0 bad=0 hits=0 t=0s
  F1 c3/c8@t0=9: rank[2,2] g=2 src=pari sat=1 tors=4 st=1820 hmax=899 pr=50 surv=4 ex=0 bad=0 hits=0 t=0s
  F1 c6/c8: кривая не построена (нет точки на квартике)
  F2 c2/c3: кривая не построена (нет точки на квартике)
  F2 c2/c5: кривая не построена (нет точки на квартике)
  F2 c2/c6: нет рациональной точки для коники
  F2 c2/c8: кривая не построена (нет точки на квартике)
  F2 c3/c5@t0=9: rank[2,2] g=2 src=pari sat=1 tors=4 st=2076 hmax=897 pr=50 surv=4 ex=0 bad=0 hits=0 t=0s
  F2 c3/c6: кривая не построена (нет точки на квартике)
  F2 c3/c8@t0=9: rank[1,1] g=1 src=pari sat=1 tors=4 st=124 hmax=840 pr=50 surv=4 ex=0 bad=0 hits=0 t=0s
  F2 c5/c6: кривая не построена (нет точки на квартике)
  F2 c5/c8@t0=9: rank[1,1] g=1 src=pari sat=1 tors=4 st=124 hmax=885 pr=50 surv=4 ex=0 bad=0 hits=0 t=0s
  F2 c6/c8: кривая не построена (нет точки на квартике)
  F3 c1/c3: нет рациональной точки для коники
  F3 c1/c5: нет рациональной точки для коники
  F3 c1/c6: кривая не построена (нет точки на квартике)
  F3 c1/c7: нет рациональной точки для коники
  F3 c3/c5: нет рациональной точки для коники
  F3 c3/c6: кривая не построена (нет точки на квартике)
  F3 c3/c7: нет рациональной точки для коники
  F3 c5/c6: кривая не построена (нет точки на квартике)
  F3 c5/c7: нет рациональной точки для коники
  F3 c6/c7: кривая не построена (нет точки на квартике)
  F4 c2/c3: кривая не построена (нет точки на квартике)
  F4 c2/c5: кривая не построена (нет точки на квартике)
  F4 c2/c6: нет рациональной точки для коники
  F4 c2/c7: кривая не построена (нет точки на квартике)
  F4 c3/c5@t0=9: rank[1,1] g=1 src=pari sat=1 tors=4 st=116 hmax=791 pr=50 surv=4 ex=0 bad=0 hits=0 t=0s
  F4 c3/c6: кривая не построена (нет точки на квартике)
  F4 c3/c7@t0=9: rank[1,1] g=1 src=pari sat=1 tors=4 st=116 hmax=791 pr=50 surv=4 ex=0 bad=0 hits=0 t=0s
  F4 c5/c6: кривая не построена (нет точки на квартике)
  F4 c5/c7@t0=9: rank[2,2] g=2 src=pari sat=1 tors=4 st=5524 hmax=894 pr=50 surv=4 ex=0 bad=0 hits=0 t=0s
  F4 c6/c7: кривая не построена (нет точки на квартике)
== (P,Q)=(40,11) C=1721/2 non
  F1 c0/c2: кривая не построена (нет точки на квартике)
  F1 c0/c3@t0=11: rank[1,1] g=1 src=pari sat=1 tors=4 st=124 hmax=820 pr=50 surv=4 ex=0 bad=0 hits=0 t=0s
  F1 c0/c6: кривая не построена (нет точки на квартике)
  F1 c0/c8@t0=11: rank[2,2] g=2 src=pari sat=1 tors=4 st=1492 hmax=898 pr=50 surv=4 ex=0 bad=0 hits=0 t=0s
  F1 c3/c2@t0=11: rank[1,1] g=1 src=pari sat=1 tors=4 st=124 hmax=820 pr=50 surv=2 ex=0 bad=0 hits=0 t=0s
  F1 c2/c6@t0=40: rank[2,2] g=2 src=pari sat=1 tors=4 st=1396 hmax=885 pr=50 surv=4 ex=0 bad=0 hits=0 t=0s
  F1 c2/c8: кривая не построена (нет точки на квартике)
  F1 c3/c6@t0=11: rank[1,1] g=1 src=pari sat=1 tors=4 st=116 hmax=798 pr=50 surv=2 ex=0 bad=0 hits=0 t=0s
  F1 c3/c8@t0=11: rank[1,1] g=1 src=pari sat=1 tors=4 st=116 hmax=798 pr=50 surv=4 ex=0 bad=0 hits=0 t=0s
  F1 c6/c8: кривая не построена (нет точки на квартике)
  F2 c2/c3: кривая не построена (нет точки на квартике)
  F2 c2/c5: кривая не построена (нет точки на квартике)
  F2 c2/c6: нет рациональной точки для коники
  F2 c2/c8: кривая не построена (нет точки на квартике)
  F2 c3/c5@t0=11: rank[1,1] g=1 src=pari sat=1 tors=4 st=124 hmax=820 pr=50 surv=4 ex=0 bad=0 hits=0 t=0s
  F2 c3/c6: кривая не построена (нет точки на квартике)
  F2 c3/c8@t0=11: rank[2,2] g=2 src=pari sat=1 tors=4 st=1396 hmax=885 pr=50 surv=4 ex=0 bad=0 hits=0 t=0s
  F2 c5/c6: кривая не построена (нет точки на квартике)
  F2 c5/c8@t0=11: rank[2,2] g=2 src=pari sat=1 tors=4 st=1492 hmax=898 pr=50 surv=4 ex=0 bad=0 hits=0 t=0s
  F2 c6/c8: кривая не построена (нет точки на квартике)
  F3 c1/c3: нет рациональной точки для коники
  F3 c1/c5: нет рациональной точки для коники
  F3 c1/c6: кривая не построена (нет точки на квартике)
  F3 c1/c7: нет рациональной точки для коники
  F3 c3/c5: нет рациональной точки для коники
  F3 c3/c6: кривая не построена (нет точки на квартике)
  F3 c3/c7: нет рациональной точки для коники
  F3 c5/c6: кривая не построена (нет точки на квартике)
  F3 c5/c7: нет рациональной точки для коники
  F3 c6/c7: кривая не построена (нет точки на квартике)
  F4 c2/c3: кривая не построена (нет точки на квартике)
  F4 c2/c5: кривая не построена (нет точки на квартике)
  F4 c2/c6: нет рациональной точки для коники
  F4 c2/c7: кривая не построена (нет точки на квартике)
  F4 c3/c5@t0=11: rank[2,2] g=2 src=pari sat=1 tors=4 st=2020 hmax=892 pr=50 surv=4 ex=0 bad=0 hits=0 t=0s
  F4 c3/c6: кривая не построена (нет точки на квартике)
  F4 c3/c7@t0=11: rank[2,2] g=2 src=pari sat=1 tors=4 st=2020 hmax=892 pr=50 surv=4 ex=0 bad=0 hits=0 t=0s
  F4 c5/c6: кривая не построена (нет точки на квартике)
  F4 c5/c7@t0=11: rank[1,1] g=1 src=pari sat=1 tors=4 st=132 hmax=864 pr=50 surv=4 ex=0 bad=0 hits=0 t=0s
  F4 c6/c7: кривая не построена (нет точки на квартике)
== (P,Q)=(40,13) C=1769/2 non
  F1 c0/c2: кривая не построена (нет точки на квартике)
  F1 c0/c3@t0=13: rank[1,1] g=1 src=pari sat=1 tors=4 st=124 hmax=825 pr=50 surv=4 ex=0 bad=0 hits=0 t=0s
  F1 c0/c6: кривая не построена (нет точки на квартике)
  F1 c0/c8@t0=13: rank[2,2] g=2 src=pari sat=1 tors=4 st=1956 hmax=896 pr=50 surv=4 ex=0 bad=0 hits=0 t=0s
  F1 c3/c2@t0=13: rank[1,1] g=1 src=pari sat=1 tors=4 st=124 hmax=825 pr=50 surv=2 ex=0 bad=0 hits=0 t=0s
  F1 c2/c6@t0=40: rank[2,2] g=2 src=pari sat=1 tors=4 st=3284 hmax=898 pr=50 surv=4 ex=0 bad=0 hits=0 t=0s
  F1 c2/c8: кривая не построена (нет точки на квартике)
  F1 c3/c6@t0=13: rank[1,1] g=1 src=pari sat=1 tors=4 st=116 hmax=800 pr=50 surv=2 ex=0 bad=0 hits=0 t=0s
  F1 c3/c8@t0=13: rank[1,1] g=1 src=pari sat=1 tors=4 st=116 hmax=800 pr=50 surv=4 ex=0 bad=0 hits=0 t=0s
  F1 c6/c8: кривая не построена (нет точки на квартике)
  F2 c2/c3: кривая не построена (нет точки на квартике)
  F2 c2/c5: кривая не построена (нет точки на квартике)
  F2 c2/c6: нет рациональной точки для коники
  F2 c2/c8: кривая не построена (нет точки на квартике)
  F2 c3/c5@t0=13: rank[1,1] g=1 src=pari sat=1 tors=4 st=124 hmax=825 pr=50 surv=4 ex=0 bad=0 hits=0 t=0s
  F2 c3/c6: кривая не построена (нет точки на квартике)
  F2 c3/c8@t0=13: rank[2,2] g=2 src=pari sat=1 tors=4 st=3284 hmax=898 pr=50 surv=4 ex=0 bad=0 hits=0 t=0s
  F2 c5/c6: кривая не построена (нет точки на квартике)
  F2 c5/c8@t0=13: rank[2,2] g=2 src=pari sat=1 tors=4 st=1956 hmax=896 pr=50 surv=4 ex=0 bad=0 hits=0 t=0s
  F2 c6/c8: кривая не построена (нет точки на квартике)
  F3 c1/c3: нет рациональной точки для коники
  F3 c1/c5: нет рациональной точки для коники
  F3 c1/c6: кривая не построена (нет точки на квартике)
  F3 c1/c7: нет рациональной точки для коники
  F3 c3/c5: нет рациональной точки для коники
  F3 c3/c6: кривая не построена (нет точки на квартике)
  F3 c3/c7: нет рациональной точки для коники
  F3 c5/c6: кривая не построена (нет точки на квартике)
  F3 c5/c7: нет рациональной точки для коники
  F3 c6/c7: кривая не построена (нет точки на квартике)
  F4 c2/c3: кривая не построена (нет точки на квартике)
  F4 c2/c5: кривая не построена (нет точки на квартике)
  F4 c2/c6: нет рациональной точки для коники
  F4 c2/c7: кривая не построена (нет точки на квартике)
  F4 c3/c5@t0=13: rank[3,3] g=3 src=pari sat=1 tors=4 st=9604 hmax=236 pr=50 surv=4 ex=0 bad=0 hits=0 t=0s
  F4 c3/c6: кривая не построена (нет точки на квартике)
  F4 c3/c7@t0=13: rank[3,3] g=3 src=pari sat=1 tors=4 st=9604 hmax=236 pr=50 surv=4 ex=0 bad=0 hits=0 t=0s
  F4 c5/c6: кривая не построена (нет точки на квартике)
  F4 c5/c7@t0=13: rank[1,1] g=1 src=pari sat=1 tors=4 st=132 hmax=867 pr=50 surv=4 ex=0 bad=0 hits=0 t=0s
  F4 c6/c7: кривая не построена (нет точки на квартике)
== (P,Q)=(40,17) C=1889/2 non
  F1 c0/c2: кривая не построена (нет точки на квартике)
  F1 c0/c3@t0=17: rank[2,2] g=2 src=pari sat=1 tors=4 st=1996 hmax=895 pr=50 surv=4 ex=0 bad=0 hits=0 t=0s
  F1 c0/c6: кривая не построена (нет точки на квартике)
  F1 c0/c8@t0=17: rank[2,2] g=2 src=pari sat=1 tors=4 st=2540 hmax=898 pr=50 surv=4 ex=0 bad=0 hits=0 t=0s
  F1 c3/c2@t0=17: rank[2,2] g=2 src=pari sat=1 tors=4 st=1996 hmax=895 pr=50 surv=2 ex=0 bad=0 hits=0 t=0s
  F1 c2/c6@t0=40: rank[2,2] g=2 src=pari sat=1 tors=4 st=2220 hmax=895 pr=50 surv=4 ex=0 bad=0 hits=0 t=0s
  F1 c2/c8: кривая не построена (нет точки на квартике)
  F1 c3/c6@t0=17: rank[2,2] g=2 src=pari sat=1 tors=4 st=1060 hmax=880 pr=50 surv=2 ex=0 bad=0 hits=0 t=0s
  F1 c3/c8@t0=17: rank[2,2] g=2 src=pari sat=1 tors=4 st=1060 hmax=880 pr=50 surv=4 ex=0 bad=0 hits=0 t=0s
  F1 c6/c8: кривая не построена (нет точки на квартике)
  F2 c2/c3: кривая не построена (нет точки на квартике)
  F2 c2/c5: кривая не построена (нет точки на квартике)
  F2 c2/c6: нет рациональной точки для коники
  F2 c2/c8: кривая не построена (нет точки на квартике)
  F2 c3/c5@t0=17: rank[2,2] g=2 src=pari sat=1 tors=4 st=1996 hmax=895 pr=50 surv=4 ex=0 bad=0 hits=0 t=0s
  F2 c3/c6: кривая не построена (нет точки на квартике)
  F2 c3/c8@t0=17: rank[2,2] g=2 src=pari sat=1 tors=4 st=2220 hmax=895 pr=50 surv=4 ex=0 bad=0 hits=0 t=0s
  F2 c5/c6: кривая не построена (нет точки на квартике)
  F2 c5/c8@t0=17: rank[2,2] g=2 src=pari sat=1 tors=4 st=2540 hmax=898 pr=50 surv=4 ex=0 bad=0 hits=0 t=0s
  F2 c6/c8: кривая не построена (нет точки на квартике)
  F3 c1/c3: нет рациональной точки для коники
  F3 c1/c5: нет рациональной точки для коники
  F3 c1/c6: кривая не построена (нет точки на квартике)
  F3 c1/c7: нет рациональной точки для коники
  F3 c3/c5: нет рациональной точки для коники
  F3 c3/c6: кривая не построена (нет точки на квартике)
  F3 c3/c7: нет рациональной точки для коники
  F3 c5/c6: кривая не построена (нет точки на квартике)
  F3 c5/c7: нет рациональной точки для коники
  F3 c6/c7: кривая не построена (нет точки на квартике)
  F4 c2/c3: кривая не построена (нет точки на квартике)
  F4 c2/c5: кривая не построена (нет точки на квартике)
  F4 c2/c6: нет рациональной точки для коники
  F4 c2/c7: кривая не построена (нет точки на квартике)
  F4 c3/c5@t0=17: rank[1,1] g=1 src=pari sat=1 tors=4 st=116 hmax=791 pr=50 surv=4 ex=0 bad=0 hits=0 t=0s
  F4 c3/c6: кривая не построена (нет точки на квартике)
  F4 c3/c7@t0=17: rank[1,1] g=1 src=pari sat=1 tors=4 st=116 hmax=791 pr=50 surv=4 ex=0 bad=0 hits=0 t=0s
  F4 c5/c6: кривая не построена (нет точки на квартике)
  F4 c5/c7@t0=17: rank[1,1] g=1 src=pari sat=1 tors=4 st=132 hmax=875 pr=50 surv=4 ex=0 bad=0 hits=0 t=0s
  F4 c6/c7: кривая не построена (нет точки на квартике)
== (P,Q)=(40,19) C=1961/2 non
  F1 c0/c2: кривая не построена (нет точки на квартике)
  F1 c0/c3@t0=19: rank[2,2] g=2 src=pari sat=1 tors=4 st=2004 hmax=890 pr=50 surv=4 ex=0 bad=0 hits=0 t=0s
  F1 c0/c6: кривая не построена (нет точки на квартике)
  F1 c0/c8@t0=19: rank[2,2] g=2 src=pari sat=1 tors=4 st=2100 hmax=896 pr=50 surv=4 ex=0 bad=0 hits=0 t=0s
  F1 c3/c2@t0=19: rank[2,2] g=2 src=pari sat=1 tors=4 st=2004 hmax=890 pr=50 surv=2 ex=0 bad=0 hits=0 t=0s
  F1 c2/c6@t0=40: rank[1,1] g=1 src=pari sat=1 tors=4 st=124 hmax=870 pr=50 surv=4 ex=0 bad=0 hits=0 t=0s
  F1 c2/c8: кривая не построена (нет точки на квартике)
  F1 c3/c6@t0=19: rank[1,1] g=1 src=pari sat=1 tors=4 st=116 hmax=810 pr=50 surv=2 ex=0 bad=0 hits=0 t=0s
  F1 c3/c8@t0=19: rank[1,1] g=1 src=pari sat=1 tors=4 st=116 hmax=810 pr=50 surv=4 ex=0 bad=0 hits=0 t=0s
  F1 c6/c8: кривая не построена (нет точки на квартике)
  F2 c2/c3: кривая не построена (нет точки на квартике)
  F2 c2/c5: кривая не построена (нет точки на квартике)
  F2 c2/c6: нет рациональной точки для коники
  F2 c2/c8: кривая не построена (нет точки на квартике)
  F2 c3/c5@t0=19: rank[2,2] g=2 src=pari sat=1 tors=4 st=2004 hmax=890 pr=50 surv=4 ex=0 bad=0 hits=0 t=0s
  F2 c3/c6: кривая не построена (нет точки на квартике)
  F2 c3/c8@t0=19: rank[1,1] g=1 src=pari sat=1 tors=4 st=124 hmax=870 pr=50 surv=4 ex=0 bad=0 hits=0 t=0s
  F2 c5/c6: кривая не построена (нет точки на квартике)
  F2 c5/c8@t0=19: rank[2,2] g=2 src=pari sat=1 tors=4 st=2100 hmax=896 pr=50 surv=4 ex=0 bad=0 hits=0 t=0s
  F2 c6/c8: кривая не построена (нет точки на квартике)
  F3 c1/c3: нет рациональной точки для коники
  F3 c1/c5: нет рациональной точки для коники
  F3 c1/c6: кривая не построена (нет точки на квартике)
  F3 c1/c7: нет рациональной точки для коники
  F3 c3/c5: нет рациональной точки для коники
  F3 c3/c6: кривая не построена (нет точки на квартике)
  F3 c3/c7: нет рациональной точки для коники
  F3 c5/c6: кривая не построена (нет точки на квартике)
  F3 c5/c7: нет рациональной точки для коники
  F3 c6/c7: кривая не построена (нет точки на квартике)
  F4 c2/c3: кривая не построена (нет точки на квартике)
  F4 c2/c5: кривая не построена (нет точки на квартике)
  F4 c2/c6: нет рациональной точки для коники
  F4 c2/c7: кривая не построена (нет точки на квартике)
  F4 c3/c5@t0=19: rank[3,3] g=3 src=pari sat=1 tors=4 st=9604 hmax=306 pr=50 surv=4 ex=0 bad=0 hits=0 t=0s
  F4 c3/c6: кривая не построена (нет точки на квартике)
  F4 c3/c7@t0=19: rank[3,3] g=3 src=pari sat=1 tors=4 st=9604 hmax=306 pr=50 surv=4 ex=0 bad=0 hits=0 t=0s
  F4 c5/c6: кривая не построена (нет точки на квартике)
  F4 c5/c7@t0=19: rank[2,2] g=2 src=pari sat=1 tors=4 st=4156 hmax=898 pr=50 surv=4 ex=0 bad=0 hits=0 t=0s
  F4 c6/c7: кривая не построена (нет точки на квартике)
== (P,Q)=(40,21) C=2041/2 non
  F1 c0/c2: кривая не построена (нет точки на квартике)
  F1 c0/c3@t0=21: rank[1,1] g=1 src=pari sat=1 tors=4 st=124 hmax=848 pr=50 surv=4 ex=0 bad=0 hits=0 t=0s
  F1 c0/c6: кривая не построена (нет точки на квартике)
  F1 c0/c8@t0=21: rank[1,1] g=1 src=pari sat=1 tors=4 st=116 hmax=791 pr=50 surv=4 ex=0 bad=0 hits=0 t=0s
  F1 c3/c2@t0=21: rank[1,1] g=1 src=pari sat=1 tors=4 st=124 hmax=848 pr=50 surv=2 ex=0 bad=0 hits=0 t=0s
  F1 c2/c6@t0=40: rank[3,3] g=3 src=pari sat=1 tors=4 st=9588 hmax=302 pr=50 surv=4 ex=0 bad=0 hits=0 t=0s
  F1 c2/c8: кривая не построена (нет точки на квартике)
  F1 c3/c6@t0=21: rank[1,1] g=1 src=pari sat=1 tors=4 st=116 hmax=814 pr=50 surv=2 ex=0 bad=0 hits=0 t=0s
  F1 c3/c8@t0=21: rank[1,1] g=1 src=pari sat=1 tors=4 st=116 hmax=814 pr=50 surv=4 ex=0 bad=0 hits=0 t=0s
  F1 c6/c8: кривая не построена (нет точки на квартике)
  F2 c2/c3: кривая не построена (нет точки на квартике)
  F2 c2/c5: кривая не построена (нет точки на квартике)
  F2 c2/c6: нет рациональной точки для коники
  F2 c2/c8: кривая не построена (нет точки на квартике)
  F2 c3/c5@t0=21: rank[1,1] g=1 src=pari sat=1 tors=4 st=124 hmax=848 pr=50 surv=4 ex=0 bad=0 hits=0 t=0s
  F2 c3/c6: кривая не построена (нет точки на квартике)
  F2 c3/c8@t0=21: rank[3,3] g=3 src=pari sat=1 tors=4 st=9588 hmax=302 pr=50 surv=4 ex=0 bad=0 hits=0 t=0s
  F2 c5/c6: кривая не построена (нет точки на квартике)
  F2 c5/c8@t0=21: rank[1,1] g=1 src=pari sat=1 tors=4 st=116 hmax=791 pr=50 surv=4 ex=0 bad=0 hits=0 t=0s
  F2 c6/c8: кривая не построена (нет точки на квартике)
  F3 c1/c3: нет рациональной точки для коники
  F3 c1/c5: нет рациональной точки для коники
  F3 c1/c6: кривая не построена (нет точки на квартике)
  F3 c1/c7: нет рациональной точки для коники
  F3 c3/c5: нет рациональной точки для коники
  F3 c3/c6: кривая не построена (нет точки на квартике)
  F3 c3/c7: нет рациональной точки для коники
  F3 c5/c6: кривая не построена (нет точки на квартике)
  F3 c5/c7: нет рациональной точки для коники
  F3 c6/c7: кривая не построена (нет точки на квартике)
  F4 c2/c3: кривая не построена (нет точки на квартике)
  F4 c2/c5: кривая не построена (нет точки на квартике)
  F4 c2/c6: нет рациональной точки для коники
  F4 c2/c7: кривая не построена (нет точки на квартике)
  F4 c3/c5@t0=21: rank[2,2] g=2 src=pari sat=1 tors=4 st=2196 hmax=889 pr=50 surv=4 ex=0 bad=0 hits=0 t=0s
  F4 c3/c6: кривая не построена (нет точки на квартике)
  F4 c3/c7@t0=21: rank[2,2] g=2 src=pari sat=1 tors=4 st=2196 hmax=889 pr=50 surv=4 ex=0 bad=0 hits=0 t=0s
  F4 c5/c6: кривая не построена (нет точки на квартике)
  F4 c5/c7@t0=21: rank[1,1] g=1 src=pari sat=1 tors=4 st=132 hmax=883 pr=50 surv=4 ex=0 bad=0 hits=0 t=0s
  F4 c6/c7: кривая не построена (нет точки на квартике)
== (P,Q)=(40,23) C=2129/2 non
  F1 c0/c2: кривая не построена (нет точки на квартике)
  F1 c0/c3@t0=23: rank[2,2] g=2 src=pari sat=1 tors=4 st=2788 hmax=899 pr=50 surv=4 ex=0 bad=0 hits=0 t=0s
  F1 c0/c6: кривая не построена (нет точки на квартике)
  F1 c0/c8@t0=23: rank[1,1] g=1 src=pari sat=1 tors=4 st=116 hmax=795 pr=50 surv=4 ex=0 bad=0 hits=0 t=0s
  F1 c3/c2@t0=23: rank[2,2] g=2 src=pari sat=1 tors=4 st=2788 hmax=899 pr=50 surv=2 ex=0 bad=0 hits=0 t=0s
  F1 c2/c6@t0=40: rank[2,2] g=2 src=pari sat=1 tors=4 st=1844 hmax=891 pr=50 surv=4 ex=0 bad=0 hits=0 t=0s
  F1 c2/c8: кривая не построена (нет точки на квартике)
  F1 c3/c6@t0=23: rank[3,3] g=3 src=pari sat=1 tors=4 st=9604 hmax=261 pr=50 surv=2 ex=0 bad=0 hits=0 t=0s
  F1 c3/c8@t0=23: rank[3,3] g=3 src=pari sat=1 tors=4 st=9604 hmax=261 pr=50 surv=4 ex=0 bad=0 hits=0 t=0s
  F1 c6/c8: кривая не построена (нет точки на квартике)
  F2 c2/c3: кривая не построена (нет точки на квартике)
  F2 c2/c5: кривая не построена (нет точки на квартике)
  F2 c2/c6: нет рациональной точки для коники
  F2 c2/c8: кривая не построена (нет точки на квартике)
  F2 c3/c5@t0=23: rank[2,2] g=2 src=pari sat=1 tors=4 st=2788 hmax=899 pr=50 surv=4 ex=0 bad=0 hits=0 t=0s
  F2 c3/c6: кривая не построена (нет точки на квартике)
  F2 c3/c8@t0=23: rank[2,2] g=2 src=pari sat=1 tors=4 st=1844 hmax=891 pr=50 surv=4 ex=0 bad=0 hits=0 t=0s
  F2 c5/c6: кривая не построена (нет точки на квартике)
  F2 c5/c8@t0=23: rank[1,1] g=1 src=pari sat=1 tors=4 st=116 hmax=795 pr=50 surv=4 ex=0 bad=0 hits=0 t=0s
  F2 c6/c8: кривая не построена (нет точки на квартике)
  F3 c1/c3: нет рациональной точки для коники
  F3 c1/c5: кривая не построена (нет точки на квартике)
  F3 c1/c6: кривая не построена (нет точки на квартике)
  F3 c1/c7: нет рациональной точки для коники
  F3 c3/c5: кривая не построена (нет точки на квартике)
  F3 c3/c6: кривая не построена (нет точки на квартике)
  F3 c3/c7: нет рациональной точки для коники
  F3 c5/c6: кривая не построена (нет точки на квартике)
  F3 c5/c7: кривая не построена (нет точки на квартике)
  F3 c6/c7: кривая не построена (нет точки на квартике)
  F4 c2/c3: кривая не построена (нет точки на квартике)
  F4 c2/c5: кривая не построена (нет точки на квартике)
  F4 c2/c6: нет рациональной точки для коники
  F4 c2/c7: кривая не построена (нет точки на квартике)
  F4 c3/c5@t0=23: rank[1,1] g=1 src=pari sat=1 tors=4 st=116 hmax=790 pr=50 surv=4 ex=0 bad=0 hits=0 t=0s
  F4 c3/c6: кривая не построена (нет точки на квартике)
  F4 c3/c7@t0=23: rank[1,1] g=1 src=pari sat=1 tors=4 st=116 hmax=790 pr=50 surv=4 ex=0 bad=0 hits=0 t=0s
  F4 c5/c6: кривая не построена (нет точки на квартике)
  F4 c5/c7@t0=23: rank[2,2] g=2 src=pari sat=1 tors=4 st=3164 hmax=894 pr=50 surv=4 ex=0 bad=0 hits=0 t=0s
  F4 c6/c7: кривая не построена (нет точки на квартике)
== (P,Q)=(40,27) C=2329/2 non
  F1 c0/c2: кривая не построена (нет точки на квартике)
  F1 c0/c3@t0=27: rank[2,2] g=2 src=pari sat=1 tors=4 st=2020 hmax=896 pr=50 surv=4 ex=0 bad=0 hits=0 t=0s
  F1 c0/c6: кривая не построена (нет точки на квартике)
  F1 c0/c8@t0=27: rank[1,1] g=1 src=pari sat=1 tors=4 st=116 hmax=802 pr=50 surv=4 ex=0 bad=0 hits=0 t=0s
  F1 c3/c2@t0=27: rank[2,2] g=2 src=pari sat=1 tors=4 st=2020 hmax=896 pr=50 surv=2 ex=0 bad=0 hits=0 t=0s
  F1 c2/c6@t0=40: rank[3,3] g=3 src=pari sat=1 tors=4 st=9604 hmax=336 pr=50 surv=4 ex=0 bad=0 hits=0 t=0s
  F1 c2/c8: кривая не построена (нет точки на квартике)
  F1 c3/c6@t0=27: rank[2,2] g=2 src=pari sat=1 tors=4 st=2012 hmax=900 pr=50 surv=2 ex=0 bad=0 hits=0 t=0s
  F1 c3/c8@t0=27: rank[2,2] g=2 src=pari sat=1 tors=4 st=2012 hmax=900 pr=50 surv=4 ex=0 bad=0 hits=0 t=0s
  F1 c6/c8: кривая не построена (нет точки на квартике)
  F2 c2/c3: кривая не построена (нет точки на квартике)
  F2 c2/c5: кривая не построена (нет точки на квартике)
  F2 c2/c6: нет рациональной точки для коники
  F2 c2/c8: кривая не построена (нет точки на квартике)
  F2 c3/c5@t0=27: rank[2,2] g=2 src=pari sat=1 tors=4 st=2020 hmax=896 pr=50 surv=4 ex=0 bad=0 hits=0 t=0s
  F2 c3/c6: кривая не построена (нет точки на квартике)
  F2 c3/c8@t0=27: rank[3,3] g=3 src=pari sat=1 tors=4 st=9604 hmax=336 pr=50 surv=4 ex=0 bad=0 hits=0 t=0s
  F2 c5/c6: кривая не построена (нет точки на квартике)
  F2 c5/c8@t0=27: rank[1,1] g=1 src=pari sat=1 tors=4 st=116 hmax=802 pr=50 surv=4 ex=0 bad=0 hits=0 t=0s
  F2 c6/c8: кривая не построена (нет точки на квартике)
  F3 c1/c3: нет рациональной точки для коники
  F3 c1/c5: нет рациональной точки для коники
  F3 c1/c6: кривая не построена (нет точки на квартике)
  F3 c1/c7: нет рациональной точки для коники
  F3 c3/c5: нет рациональной точки для коники
  F3 c3/c6: кривая не построена (нет точки на квартике)
  F3 c3/c7: нет рациональной точки для коники
  F3 c5/c6: кривая не построена (нет точки на квартике)
  F3 c5/c7: нет рациональной точки для коники
  F3 c6/c7: кривая не построена (нет точки на квартике)
  F4 c2/c3: кривая не построена (нет точки на квартике)
  F4 c2/c5: кривая не построена (нет точки на квартике)
  F4 c2/c6: нет рациональной точки для коники
  F4 c2/c7: кривая не построена (нет точки на квартике)
  F4 c3/c5@t0=27: rank[2,2] g=2 src=pari sat=1 tors=4 st=1692 hmax=893 pr=50 surv=4 ex=0 bad=0 hits=0 t=0s
  F4 c3/c6: кривая не построена (нет точки на квартике)
  F4 c3/c7@t0=27: rank[2,2] g=2 src=pari sat=1 tors=4 st=1692 hmax=893 pr=50 surv=4 ex=0 bad=0 hits=0 t=0s
  F4 c5/c6: кривая не построена (нет точки на квартике)
  F4 c5/c7@t0=27: rank[1,1] g=1 src=pari sat=1 tors=4 st=132 hmax=897 pr=50 surv=4 ex=0 bad=0 hits=0 t=0s
  F4 c6/c7: кривая не построена (нет точки на квартике)
== (P,Q)=(40,29) C=2441/2 non
  F1 c0/c2: кривая не построена (нет точки на квартике)
  F1 c0/c3@t0=29: rank[1,1] g=1 src=pari sat=1 tors=4 st=124 hmax=871 pr=50 surv=4 ex=0 bad=0 hits=0 t=0s
  F1 c0/c6: кривая не построена (нет точки на квартике)
  F1 c0/c8@t0=29: rank[2,2] g=2 src=pari sat=1 tors=4 st=1068 hmax=885 pr=50 surv=4 ex=0 bad=0 hits=0 t=0s
  F1 c3/c2@t0=29: rank[1,1] g=1 src=pari sat=1 tors=4 st=124 hmax=871 pr=50 surv=2 ex=0 bad=0 hits=0 t=0s
  F1 c2/c6@t0=40: rank[2,2] g=2 src=pari sat=1 tors=4 st=2204 hmax=897 pr=50 surv=4 ex=0 bad=0 hits=0 t=0s
  F1 c2/c8: кривая не построена (нет точки на квартике)
  F1 c3/c6@t0=29: rank[1,1] g=1 src=pari sat=1 tors=4 st=116 hmax=830 pr=50 surv=2 ex=0 bad=0 hits=0 t=0s
  F1 c3/c8@t0=29: rank[1,1] g=1 src=pari sat=1 tors=4 st=116 hmax=830 pr=50 surv=4 ex=0 bad=0 hits=0 t=0s
  F1 c6/c8: кривая не построена (нет точки на квартике)
  F2 c2/c3: кривая не построена (нет точки на квартике)
  F2 c2/c5: кривая не построена (нет точки на квартике)
  F2 c2/c6: нет рациональной точки для коники
  F2 c2/c8: кривая не построена (нет точки на квартике)
  F2 c3/c5@t0=29: rank[1,1] g=1 src=pari sat=1 tors=4 st=124 hmax=871 pr=50 surv=4 ex=0 bad=0 hits=0 t=0s
  F2 c3/c6: кривая не построена (нет точки на квартике)
  F2 c3/c8@t0=29: rank[2,2] g=2 src=pari sat=1 tors=4 st=2204 hmax=897 pr=50 surv=4 ex=0 bad=0 hits=0 t=0s
  F2 c5/c6: кривая не построена (нет точки на квартике)
  F2 c5/c8@t0=29: rank[2,2] g=2 src=pari sat=1 tors=4 st=1068 hmax=885 pr=50 surv=4 ex=0 bad=0 hits=0 t=0s
  F2 c6/c8: кривая не построена (нет точки на квартике)
  F3 c1/c3: нет рациональной точки для коники
  F3 c1/c5: нет рациональной точки для коники
  F3 c1/c6: кривая не построена (нет точки на квартике)
  F3 c1/c7: нет рациональной точки для коники
  F3 c3/c5: нет рациональной точки для коники
  F3 c3/c6: кривая не построена (нет точки на квартике)
  F3 c3/c7: нет рациональной точки для коники
  F3 c5/c6: кривая не построена (нет точки на квартике)
  F3 c5/c7: нет рациональной точки для коники
  F3 c6/c7: кривая не построена (нет точки на квартике)
  F4 c2/c3: кривая не построена (нет точки на квартике)
  F4 c2/c5: кривая не построена (нет точки на квартике)
  F4 c2/c6: нет рациональной точки для коники
  F4 c2/c7: кривая не построена (нет точки на квартике)
  F4 c3/c5@t0=29: rank[3,3] g=3 src=pari sat=1 tors=4 st=9532 hmax=274 pr=50 surv=4 ex=0 bad=0 hits=0 t=0s
  F4 c3/c6: кривая не построена (нет точки на квартике)
  F4 c3/c7@t0=29: rank[3,3] g=3 src=pari sat=1 tors=4 st=9532 hmax=274 pr=50 surv=4 ex=0 bad=0 hits=0 t=0s
  F4 c5/c6: кривая не построена (нет точки на квартике)
  F4 c5/c7@t0=29: rank[1,1] g=1 src=pari sat=1 tors=4 st=124 hmax=792 pr=50 surv=4 ex=0 bad=0 hits=0 t=0s
  F4 c6/c7: кривая не построена (нет точки на квартике)
== (P,Q)=(40,31) C=2561/2 non
  F1 c0/c2: кривая не построена (нет точки на квартике)
  F1 c0/c3@t0=31: rank[3,3] g=3 src=pari sat=1 tors=4 st=9604 hmax=351 pr=50 surv=4 ex=0 bad=0 hits=0 t=0s
  F1 c0/c6: кривая не построена (нет точки на квартике)
  F1 c0/c8@t0=31: rank[2,2] g=2 src=pari sat=1 tors=4 st=4420 hmax=900 pr=50 surv=4 ex=0 bad=0 hits=0 t=0s
  F1 c3/c2@t0=31: rank[3,3] g=3 src=pari sat=1 tors=4 st=9604 hmax=351 pr=50 surv=2 ex=0 bad=0 hits=0 t=0s
  F1 c2/c6@t0=40: rank[1,1] g=1 src=pari sat=1 tors=4 st=116 hmax=796 pr=50 surv=4 ex=0 bad=0 hits=0 t=0s
  F1 c2/c8: кривая не построена (нет точки на квартике)
  F1 c3/c6@t0=31: rank[2,2] g=2 src=pari sat=1 tors=4 st=3060 hmax=895 pr=50 surv=2 ex=0 bad=0 hits=0 t=0s
  F1 c3/c8@t0=31: rank[2,2] g=2 src=pari sat=1 tors=4 st=3060 hmax=895 pr=50 surv=4 ex=0 bad=0 hits=0 t=0s
  F1 c6/c8: кривая не построена (нет точки на квартике)
  F2 c2/c3: кривая не построена (нет точки на квартике)
  F2 c2/c5: кривая не построена (нет точки на квартике)
  F2 c2/c6: нет рациональной точки для коники
  F2 c2/c8: кривая не построена (нет точки на квартике)
  F2 c3/c5@t0=31: rank[3,3] g=3 src=pari sat=1 tors=4 st=9604 hmax=351 pr=50 surv=4 ex=0 bad=0 hits=0 t=0s
  F2 c3/c6: кривая не построена (нет точки на квартике)
  F2 c3/c8@t0=31: rank[1,1] g=1 src=pari sat=1 tors=4 st=116 hmax=796 pr=50 surv=4 ex=0 bad=0 hits=0 t=0s
  F2 c5/c6: кривая не построена (нет точки на квартике)
  F2 c5/c8@t0=31: rank[2,2] g=2 src=pari sat=1 tors=4 st=4420 hmax=900 pr=50 surv=4 ex=0 bad=0 hits=0 t=0s
  F2 c6/c8: кривая не построена (нет точки на квартике)
  F3 c1/c3: нет рациональной точки для коники
  F3 c1/c5: нет рациональной точки для коники
  F3 c1/c6: кривая не построена (нет точки на квартике)
  F3 c1/c7: нет рациональной точки для коники
  F3 c3/c5: нет рациональной точки для коники
  F3 c3/c6: кривая не построена (нет точки на квартике)
  F3 c3/c7: нет рациональной точки для коники
  F3 c5/c6: кривая не построена (нет точки на квартике)
  F3 c5/c7: нет рациональной точки для коники
  F3 c6/c7: кривая не построена (нет точки на квартике)
  F4 c2/c3: кривая не построена (нет точки на квартике)
  F4 c2/c5: кривая не построена (нет точки на квартике)
  F4 c2/c6: нет рациональной точки для коники
  F4 c2/c7: кривая не построена (нет точки на квартике)
  F4 c3/c5@t0=31: rank[1,1] g=1 src=pari sat=1 tors=4 st=116 hmax=786 pr=50 surv=4 ex=0 bad=0 hits=0 t=0s
  F4 c3/c6: кривая не построена (нет точки на квартике)
  F4 c3/c7@t0=31: rank[1,1] g=1 src=pari sat=1 tors=4 st=116 hmax=786 pr=50 surv=4 ex=0 bad=0 hits=0 t=0s
  F4 c5/c6: кривая не построена (нет точки на квартике)
  F4 c5/c7@t0=31: rank[2,2] g=2 src=pari sat=1 tors=4 st=3252 hmax=900 pr=50 surv=4 ex=0 bad=0 hits=0 t=0s
  F4 c6/c7: кривая не построена (нет точки на квартике)
== (P,Q)=(40,33) C=2689/2 non
  F1 c0/c2: кривая не построена (нет точки на квартике)
  F1 c0/c3@t0=33: rank[2,2] g=2 src=pari sat=1 tors=4 st=1300 hmax=889 pr=50 surv=4 ex=0 bad=0 hits=0 t=0s
  F1 c0/c6: кривая не построена (нет точки на квартике)
  F1 c0/c8@t0=33: rank[2,2] g=2 src=pari sat=1 tors=4 st=1668 hmax=900 pr=50 surv=4 ex=0 bad=0 hits=0 t=0s
  F1 c3/c2@t0=33: rank[2,2] g=2 src=pari sat=1 tors=4 st=1300 hmax=889 pr=50 surv=2 ex=0 bad=0 hits=0 t=0s
  F1 c2/c6@t0=40: rank[3,3] g=3 src=pari sat=1 tors=4 st=9540 hmax=496 pr=50 surv=4 ex=0 bad=0 hits=0 t=0s
  F1 c2/c8: кривая не построена (нет точки на квартике)
  F1 c3/c6@t0=33: rank[3,3] g=3 src=pari sat=1 tors=4 st=9572 hmax=484 pr=50 surv=2 ex=0 bad=0 hits=0 t=0s
  F1 c3/c8@t0=33: rank[3,3] g=3 src=pari sat=1 tors=4 st=9572 hmax=484 pr=50 surv=4 ex=0 bad=0 hits=0 t=0s
  F1 c6/c8: кривая не построена (нет точки на квартике)
  F2 c2/c3: кривая не построена (нет точки на квартике)
  F2 c2/c5: кривая не построена (нет точки на квартике)
  F2 c2/c6: нет рациональной точки для коники
  F2 c2/c8: кривая не построена (нет точки на квартике)
  F2 c3/c5@t0=33: rank[2,2] g=2 src=pari sat=1 tors=4 st=1300 hmax=889 pr=50 surv=4 ex=0 bad=0 hits=0 t=0s
  F2 c3/c6: кривая не построена (нет точки на квартике)
  F2 c3/c8@t0=33: rank[3,3] g=3 src=pari sat=1 tors=4 st=9540 hmax=496 pr=50 surv=4 ex=0 bad=0 hits=0 t=0s
  F2 c5/c6: кривая не построена (нет точки на квартике)
  F2 c5/c8@t0=33: rank[2,2] g=2 src=pari sat=1 tors=4 st=1668 hmax=900 pr=50 surv=4 ex=0 bad=0 hits=0 t=0s
  F2 c6/c8: кривая не построена (нет точки на квартике)
  F3 c1/c3: нет рациональной точки для коники
  F3 c1/c5: нет рациональной точки для коники
  F3 c1/c6: кривая не построена (нет точки на квартике)
  F3 c1/c7: нет рациональной точки для коники
  F3 c3/c5: нет рациональной точки для коники
  F3 c3/c6: кривая не построена (нет точки на квартике)
  F3 c3/c7: нет рациональной точки для коники
  F3 c5/c6: кривая не построена (нет точки на квартике)
  F3 c5/c7: нет рациональной точки для коники
  F3 c6/c7: кривая не построена (нет точки на квартике)
  F4 c2/c3: кривая не построена (нет точки на квартике)
  F4 c2/c5: кривая не построена (нет точки на квартике)
  F4 c2/c6: нет рациональной точки для коники
  F4 c2/c7: кривая не построена (нет точки на квартике)
  F4 c3/c5@t0=33: rank[3,3] g=3 src=pari sat=1 tors=4 st=9604 hmax=340 pr=50 surv=4 ex=0 bad=0 hits=0 t=0s
  F4 c3/c6: кривая не построена (нет точки на квартике)
  F4 c3/c7@t0=33: rank[3,3] g=3 src=pari sat=1 tors=4 st=9604 hmax=340 pr=50 surv=4 ex=0 bad=0 hits=0 t=0s
  F4 c5/c6: кривая не построена (нет точки на квартике)
  F4 c5/c7@t0=33: rank[2,2] g=2 src=pari sat=1 tors=4 st=2020 hmax=897 pr=50 surv=4 ex=0 bad=0 hits=0 t=0s
  F4 c6/c7: кривая не построена (нет точки на квартике)
== (P,Q)=(40,37) C=2969/2 non
  F1 c0/c2: кривая не построена (нет точки на квартике)
  F1 c0/c3@t0=37: rank[2,2] g=2 src=pari sat=1 tors=4 st=1676 hmax=895 pr=50 surv=4 ex=0 bad=0 hits=0 t=0s
  F1 c0/c6: кривая не построена (нет точки на квартике)
  F1 c0/c8@t0=37: rank[1,1] g=1 src=pari sat=1 tors=4 st=116 hmax=819 pr=50 surv=4 ex=0 bad=0 hits=0 t=0s
  F1 c3/c2@t0=37: rank[2,2] g=2 src=pari sat=1 tors=4 st=1676 hmax=895 pr=50 surv=2 ex=0 bad=0 hits=0 t=0s
  F1 c2/c6@t0=40: rank[1,1] g=1 src=pari sat=1 tors=4 st=116 hmax=816 pr=50 surv=4 ex=0 bad=0 hits=0 t=0s
  F1 c2/c8: кривая не построена (нет точки на квартике)
  F1 c3/c6@t0=37: rank[2,2] g=2 src=pari sat=1 tors=4 st=1956 hmax=896 pr=50 surv=2 ex=0 bad=0 hits=0 t=0s
  F1 c3/c8@t0=37: rank[2,2] g=2 src=pari sat=1 tors=4 st=1956 hmax=896 pr=50 surv=4 ex=0 bad=0 hits=0 t=0s
  F1 c6/c8: кривая не построена (нет точки на квартике)
  F2 c2/c3: кривая не построена (нет точки на квартике)
  F2 c2/c5: кривая не построена (нет точки на квартике)
  F2 c2/c6: нет рациональной точки для коники
  F2 c2/c8: кривая не построена (нет точки на квартике)
  F2 c3/c5@t0=37: rank[2,2] g=2 src=pari sat=1 tors=4 st=1676 hmax=895 pr=50 surv=4 ex=0 bad=0 hits=0 t=0s
  F2 c3/c6: кривая не построена (нет точки на квартике)
  F2 c3/c8@t0=37: rank[1,1] g=1 src=pari sat=1 tors=4 st=116 hmax=816 pr=50 surv=4 ex=0 bad=0 hits=0 t=0s
  F2 c5/c6: кривая не построена (нет точки на квартике)
  F2 c5/c8@t0=37: rank[1,1] g=1 src=pari sat=1 tors=4 st=116 hmax=819 pr=50 surv=4 ex=0 bad=0 hits=0 t=0s
  F2 c6/c8: кривая не построена (нет точки на квартике)
  F3 c1/c3: нет рациональной точки для коники
  F3 c1/c5: нет рациональной точки для коники
  F3 c1/c6: кривая не построена (нет точки на квартике)
  F3 c1/c7: нет рациональной точки для коники
  F3 c3/c5: нет рациональной точки для коники
  F3 c3/c6: кривая не построена (нет точки на квартике)
  F3 c3/c7: нет рациональной точки для коники
  F3 c5/c6: кривая не построена (нет точки на квартике)
  F3 c5/c7: нет рациональной точки для коники
  F3 c6/c7: кривая не построена (нет точки на квартике)
  F4 c2/c3: кривая не построена (нет точки на квартике)
  F4 c2/c5: кривая не построена (нет точки на квартике)
  F4 c2/c6: нет рациональной точки для коники
  F4 c2/c7: кривая не построена (нет точки на квартике)
  F4 c3/c5@t0=37: rank[3,3] g=3 src=pari sat=1 tors=4 st=9604 hmax=247 pr=50 surv=4 ex=0 bad=0 hits=0 t=0s
  F4 c3/c6: кривая не построена (нет точки на квартике)
  F4 c3/c7@t0=37: rank[3,3] g=3 src=pari sat=1 tors=4 st=9604 hmax=247 pr=50 surv=4 ex=0 bad=0 hits=0 t=0s
  F4 c5/c6@t0=37: rank[1,1] g=1 src=pari sat=1 tors=4 st=140 hmax=845 pr=50 surv=6 ex=0 bad=0 hits=0 t=0s
  F4 c5/c7@t0=37: rank[1,1] g=1 src=pari sat=1 tors=4 st=124 hmax=804 pr=50 surv=4 ex=0 bad=0 hits=0 t=0s
  F4 c6/c7: кривая не построена (нет точки на квартике)
== (P,Q)=(40,39) C=3121/2 non
  F1 c0/c2: кривая не построена (нет точки на квартике)
  F1 c0/c3@t0=39: rank[1,1] g=1 src=pari sat=1 tors=4 st=116 hmax=785 pr=50 surv=4 ex=0 bad=0 hits=0 t=0s
  F1 c0/c6: кривая не построена (нет точки на квартике)
  F1 c0/c8@t0=39: rank[2,2] g=2 src=pari sat=1 tors=4 st=1316 hmax=894 pr=50 surv=4 ex=0 bad=0 hits=0 t=0s
  F1 c3/c2@t0=39: rank[1,1] g=1 src=pari sat=1 tors=4 st=116 hmax=785 pr=50 surv=2 ex=0 bad=0 hits=0 t=0s
  F1 c2/c6@t0=40: rank[2,2] g=2 src=pari sat=1 tors=4 st=1692 hmax=899 pr=50 surv=4 ex=0 bad=0 hits=0 t=0s
  F1 c2/c8: кривая не построена (нет точки на квартике)
  F1 c3/c6@t0=39: rank[3,3] g=3 src=pari sat=1 tors=4 st=9604 hmax=582 pr=50 surv=2 ex=0 bad=0 hits=0 t=0s
  F1 c3/c8@t0=39: rank[3,3] g=3 src=pari sat=1 tors=4 st=9604 hmax=582 pr=50 surv=4 ex=0 bad=0 hits=0 t=0s
  F1 c6/c8: кривая не построена (нет точки на квартике)
  F2 c2/c3: кривая не построена (нет точки на квартике)
  F2 c2/c5: кривая не построена (нет точки на квартике)
  F2 c2/c6: нет рациональной точки для коники
  F2 c2/c8: кривая не построена (нет точки на квартике)
  F2 c3/c5@t0=39: rank[1,1] g=1 src=pari sat=1 tors=4 st=116 hmax=785 pr=50 surv=4 ex=0 bad=0 hits=0 t=0s
  F2 c3/c6: кривая не построена (нет точки на квартике)
  F2 c3/c8@t0=39: rank[2,2] g=2 src=pari sat=1 tors=4 st=1692 hmax=899 pr=50 surv=4 ex=0 bad=0 hits=0 t=0s
  F2 c5/c6: кривая не построена (нет точки на квартике)
  F2 c5/c8@t0=39: rank[2,2] g=2 src=pari sat=1 tors=4 st=1316 hmax=894 pr=50 surv=4 ex=0 bad=0 hits=0 t=0s
  F2 c6/c8: кривая не построена (нет точки на квартике)
  F3 c1/c3: нет рациональной точки для коники
  F3 c1/c5: нет рациональной точки для коники
  F3 c1/c6: кривая не построена (нет точки на квартике)
  F3 c1/c7: нет рациональной точки для коники
  F3 c3/c5: нет рациональной точки для коники
  F3 c3/c6: кривая не построена (нет точки на квартике)
  F3 c3/c7: нет рациональной точки для коники
  F3 c5/c6: кривая не построена (нет точки на квартике)
  F3 c5/c7: нет рациональной точки для коники
  F3 c6/c7: кривая не построена (нет точки на квартике)
  F4 c2/c3: кривая не построена (нет точки на квартике)
  F4 c2/c5: кривая не построена (нет точки на квартике)
  F4 c2/c6: нет рациональной точки для коники
  F4 c2/c7: кривая не построена (нет точки на квартике)
  F4 c3/c5@t0=39: rank[3,3] g=3 src=pari sat=1 tors=4 st=9604 hmax=242 pr=50 surv=4 ex=0 bad=0 hits=0 t=0s
  F4 c3/c6: кривая не построена (нет точки на квартике)
  F4 c3/c7@t0=39: rank[3,3] g=3 src=pari sat=1 tors=4 st=9604 hmax=242 pr=50 surv=4 ex=0 bad=0 hits=0 t=0s
  F4 c5/c6: кривая не построена (нет точки на квартике)
  F4 c5/c7@t0=39: rank[1,1] g=1 src=pari sat=1 tors=4 st=124 hmax=802 pr=50 surv=4 ex=0 bad=0 hits=0 t=0s
  F4 c6/c7: кривая не построена (нет точки на квартике)
== (P,Q)=(41,2) C=1685/2 non
  F1 c0/c2: кривая не построена (нет точки на квартике)
  F1 c0/c3@t0=2: rank[2,2] g=2 src=pari sat=1 tors=4 st=3076 hmax=896 pr=50 surv=4 ex=0 bad=0 hits=0 t=0s
  F1 c0/c6: кривая не построена (нет точки на квартике)
  F1 c0/c8@t0=2: rank[1,1] g=1 src=pari sat=1 tors=4 st=124 hmax=872 pr=50 surv=4 ex=0 bad=0 hits=0 t=0s
  F1 c3/c2@t0=2: rank[2,2] g=2 src=pari sat=1 tors=4 st=3076 hmax=896 pr=50 surv=2 ex=0 bad=0 hits=0 t=0s
  F1 c2/c6@t0=41: rank[3,3] g=3 src=pari sat=1 tors=4 st=9604 hmax=294 pr=50 surv=4 ex=0 bad=0 hits=0 t=0s
  F1 c2/c8: кривая не построена (нет точки на квартике)
  F1 c3/c6@t0=2: rank[2,2] g=2 src=pari sat=1 tors=4 st=3372 hmax=896 pr=50 surv=2 ex=0 bad=0 hits=0 t=0s
  F1 c3/c8@t0=2: rank[2,2] g=2 src=pari sat=1 tors=4 st=3372 hmax=896 pr=50 surv=4 ex=0 bad=0 hits=0 t=0s
  F1 c6/c8: кривая не построена (нет точки на квартике)
  F2 c2/c3: кривая не построена (нет точки на квартике)
  F2 c2/c5: кривая не построена (нет точки на квартике)
  F2 c2/c6: нет рациональной точки для коники
  F2 c2/c8: кривая не построена (нет точки на квартике)
  F2 c3/c5@t0=2: rank[2,2] g=2 src=pari sat=1 tors=4 st=3076 hmax=896 pr=50 surv=4 ex=0 bad=0 hits=0 t=0s
  F2 c3/c6: кривая не построена (нет точки на квартике)
  F2 c3/c8@t0=2: rank[3,3] g=3 src=pari sat=1 tors=4 st=9604 hmax=294 pr=50 surv=4 ex=0 bad=0 hits=0 t=0s
  F2 c5/c6: кривая не построена (нет точки на квартике)
  F2 c5/c8@t0=2: rank[1,1] g=1 src=pari sat=1 tors=4 st=124 hmax=872 pr=50 surv=4 ex=0 bad=0 hits=0 t=0s
  F2 c6/c8: кривая не построена (нет точки на квартике)
  F3 c1/c3: нет рациональной точки для коники
  F3 c1/c5: нет рациональной точки для коники
  F3 c1/c6: кривая не построена (нет точки на квартике)
  F3 c1/c7: нет рациональной точки для коники
  F3 c3/c5: нет рациональной точки для коники
  F3 c3/c6: кривая не построена (нет точки на квартике)
  F3 c3/c7: нет рациональной точки для коники
  F3 c5/c6: кривая не построена (нет точки на квартике)
  F3 c5/c7: нет рациональной точки для коники
  F3 c6/c7: кривая не построена (нет точки на квартике)
  F4 c2/c3: кривая не построена (нет точки на квартике)
  F4 c2/c5: кривая не построена (нет точки на квартике)
  F4 c2/c6: нет рациональной точки для коники
  F4 c2/c7: кривая не построена (нет точки на квартике)
  F4 c3/c5@t0=2: rank[2,2] g=2 src=pari sat=1 tors=4 st=2756 hmax=900 pr=50 surv=4 ex=0 bad=0 hits=0 t=0s
  F4 c3/c6: кривая не построена (нет точки на квартике)
  F4 c3/c7@t0=2: rank[2,2] g=2 src=pari sat=1 tors=4 st=2756 hmax=900 pr=50 surv=4 ex=0 bad=0 hits=0 t=0s
  F4 c5/c6: кривая не построена (нет точки на квартике)
  F4 c5/c7@t0=2: rank[3,3] g=3 src=pari sat=1 tors=4 st=9604 hmax=245 pr=50 surv=4 ex=0 bad=0 hits=0 t=0s
  F4 c6/c7: кривая не построена (нет точки на квартике)
== (P,Q)=(41,3) C=845 non
  F1 c0/c2: кривая не построена (нет точки на квартике)
  F1 c0/c3@t0=3: rank[1,1] g=1 src=pari sat=1 tors=4 st=124 hmax=879 pr=50 surv=4 ex=0 bad=0 hits=0 t=0s
  F1 c0/c6: кривая не построена (нет точки на квартике)
  F1 c0/c8@t0=3: rank[2,2] g=2 src=pari sat=1 tors=4 st=3996 hmax=897 pr=50 surv=4 ex=0 bad=0 hits=0 t=0s
  F1 c3/c2@t0=3: rank[1,1] g=1 src=pari sat=1 tors=4 st=124 hmax=879 pr=50 surv=2 ex=0 bad=0 hits=0 t=0s
  F1 c2/c6@t0=41: rank[1,1] g=1 src=pari sat=1 tors=4 st=132 hmax=819 pr=50 surv=4 ex=0 bad=0 hits=0 t=0s
  F1 c2/c8: кривая не построена (нет точки на квартике)
  F1 c3/c6@t0=3: rank[2,2] g=2 src=pari sat=1 tors=4 st=1404 hmax=892 pr=50 surv=2 ex=0 bad=0 hits=0 t=0s
  F1 c3/c8@t0=3: rank[2,2] g=2 src=pari sat=1 tors=4 st=1404 hmax=892 pr=50 surv=4 ex=0 bad=0 hits=0 t=0s
  F1 c6/c8: кривая не построена (нет точки на квартике)
  F2 c2/c3: кривая не построена (нет точки на квартике)
  F2 c2/c5: кривая не построена (нет точки на квартике)
  F2 c2/c6: нет рациональной точки для коники
  F2 c2/c8: кривая не построена (нет точки на квартике)
  F2 c3/c5@t0=3: rank[1,1] g=1 src=pari sat=1 tors=4 st=124 hmax=879 pr=50 surv=4 ex=0 bad=0 hits=0 t=0s
  F2 c3/c6: кривая не построена (нет точки на квартике)
  F2 c3/c8@t0=3: rank[1,1] g=1 src=pari sat=1 tors=4 st=132 hmax=819 pr=50 surv=4 ex=0 bad=0 hits=0 t=0s
  F2 c5/c6: кривая не построена (нет точки на квартике)
  F2 c5/c8@t0=3: rank[2,2] g=2 src=pari sat=1 tors=4 st=3996 hmax=897 pr=50 surv=4 ex=0 bad=0 hits=0 t=0s
  F2 c6/c8: кривая не построена (нет точки на квартике)
  F3 c1/c3: нет рациональной точки для коники
  F3 c1/c5: нет рациональной точки для коники
  F3 c1/c6: кривая не построена (нет точки на квартике)
  F3 c1/c7: нет рациональной точки для коники
  F3 c3/c5: нет рациональной точки для коники
  F3 c3/c6: кривая не построена (нет точки на квартике)
  F3 c3/c7: нет рациональной точки для коники
  F3 c5/c6: кривая не построена (нет точки на квартике)
  F3 c5/c7: нет рациональной точки для коники
  F3 c6/c7: кривая не построена (нет точки на квартике)
  F4 c2/c3: кривая не построена (нет точки на квартике)
  F4 c2/c5: кривая не построена (нет точки на квартике)
  F4 c2/c6: нет рациональной точки для коники
  F4 c2/c7: кривая не построена (нет точки на квартике)
  F4 c3/c5@t0=3: rank[1,1] g=1 src=pari sat=1 tors=4 st=116 hmax=796 pr=50 surv=4 ex=0 bad=0 hits=0 t=0s
  F4 c3/c6: кривая не построена (нет точки на квартике)
  F4 c3/c7@t0=3: rank[1,1] g=1 src=pari sat=1 tors=4 st=116 hmax=796 pr=50 surv=4 ex=0 bad=0 hits=0 t=0s
  F4 c5/c6: кривая не построена (нет точки на квартике)
  F4 c5/c7@t0=3: rank[2,2] g=2 src=pari sat=1 tors=4 st=4268 hmax=898 pr=50 surv=4 ex=0 bad=0 hits=0 t=0s
  F4 c6/c7: кривая не построена (нет точки на квартике)
== (P,Q)=(41,4) C=1697/2 non
  F1 c0/c2: кривая не построена (нет точки на квартике)
  F1 c0/c3@t0=4: rank[2,2] g=2 src=pari sat=1 tors=4 st=1492 hmax=897 pr=50 surv=4 ex=0 bad=0 hits=0 t=0s
  F1 c0/c6: кривая не построена (нет точки на квартике)
  F1 c0/c8@t0=4: rank[2,2] g=2 src=pari sat=1 tors=4 st=1692 hmax=895 pr=50 surv=4 ex=0 bad=0 hits=0 t=0s
  F1 c3/c2@t0=4: rank[2,2] g=2 src=pari sat=1 tors=4 st=1492 hmax=897 pr=50 surv=2 ex=0 bad=0 hits=0 t=0s
  F1 c2/c6@t0=41: rank[2,2] g=2 src=pari sat=1 tors=4 st=1796 hmax=897 pr=50 surv=4 ex=0 bad=0 hits=0 t=0s
  F1 c2/c8: кривая не построена (нет точки на квартике)
  F1 c3/c6@t0=4: rank[2,2] g=2 src=pari sat=1 tors=4 st=2716 hmax=899 pr=50 surv=2 ex=0 bad=0 hits=0 t=0s
  F1 c3/c8@t0=4: rank[2,2] g=2 src=pari sat=1 tors=4 st=2716 hmax=899 pr=50 surv=4 ex=0 bad=0 hits=0 t=0s
  F1 c6/c8: кривая не построена (нет точки на квартике)
  F2 c2/c3: кривая не построена (нет точки на квартике)
  F2 c2/c5: кривая не построена (нет точки на квартике)
  F2 c2/c6: нет рациональной точки для коники
  F2 c2/c8: кривая не построена (нет точки на квартике)
  F2 c3/c5@t0=4: rank[2,2] g=2 src=pari sat=1 tors=4 st=1492 hmax=897 pr=50 surv=4 ex=0 bad=0 hits=0 t=0s
  F2 c3/c6: кривая не построена (нет точки на квартике)
  F2 c3/c8@t0=4: rank[2,2] g=2 src=pari sat=1 tors=4 st=1796 hmax=897 pr=50 surv=4 ex=0 bad=0 hits=0 t=0s
  F2 c5/c6: кривая не построена (нет точки на квартике)
  F2 c5/c8@t0=4: rank[2,2] g=2 src=pari sat=1 tors=4 st=1692 hmax=895 pr=50 surv=4 ex=0 bad=0 hits=0 t=0s
  F2 c6/c8: кривая не построена (нет точки на квартике)
  F3 c1/c3: нет рациональной точки для коники
  F3 c1/c5: нет рациональной точки для коники
  F3 c1/c6: кривая не построена (нет точки на квартике)
  F3 c1/c7: нет рациональной точки для коники
  F3 c3/c5: нет рациональной точки для коники
  F3 c3/c6: кривая не построена (нет точки на квартике)
  F3 c3/c7: нет рациональной точки для коники
  F3 c5/c6: кривая не построена (нет точки на квартике)
  F3 c5/c7: нет рациональной точки для коники
  F3 c6/c7: кривая не построена (нет точки на квартике)
  F4 c2/c3: кривая не построена (нет точки на квартике)
  F4 c2/c5: кривая не построена (нет точки на квартике)
  F4 c2/c6: нет рациональной точки для коники
  F4 c2/c7: кривая не построена (нет точки на квартике)
  F4 c3/c5@t0=4: rank[1,1] g=1 src=pari sat=1 tors=4 st=124 hmax=836 pr=50 surv=4 ex=0 bad=0 hits=0 t=0s
  F4 c3/c6: кривая не построена (нет точки на квартике)
  F4 c3/c7@t0=4: rank[1,1] g=1 src=pari sat=1 tors=4 st=124 hmax=836 pr=50 surv=4 ex=0 bad=0 hits=0 t=0s
  F4 c5/c6: кривая не построена (нет точки на квартике)
  F4 c5/c7@t0=4: rank[2,2] g=2 src=pari sat=1 tors=4 st=2324 hmax=894 pr=50 surv=4 ex=0 bad=0 hits=0 t=0s
  F4 c6/c7: кривая не построена (нет точки на квартике)
== (P,Q)=(41,5) C=853 non
  F1 c0/c2: кривая не построена (нет точки на квартике)
  F1 c0/c3@t0=5: rank[2,2] g=2 src=pari sat=1 tors=4 st=1572 hmax=886 pr=50 surv=4 ex=0 bad=0 hits=0 t=0s
  F1 c0/c6: кривая не построена (нет точки на квартике)
  F1 c0/c8@t0=5: rank[2,2] g=2 src=pari sat=1 tors=4 st=2900 hmax=899 pr=50 surv=4 ex=0 bad=0 hits=0 t=0s
  F1 c3/c2@t0=5: rank[2,2] g=2 src=pari sat=1 tors=4 st=1572 hmax=886 pr=50 surv=2 ex=0 bad=0 hits=0 t=0s
  F1 c2/c6@t0=41: rank[1,1] g=1 src=pari sat=1 tors=4 st=132 hmax=821 pr=50 surv=4 ex=0 bad=0 hits=0 t=0s
  F1 c2/c8: кривая не построена (нет точки на квартике)
  F1 c3/c6@t0=5: rank[1,1] g=1 src=pari sat=1 tors=4 st=116 hmax=797 pr=50 surv=2 ex=0 bad=0 hits=0 t=0s
  F1 c3/c8@t0=5: rank[1,1] g=1 src=pari sat=1 tors=4 st=116 hmax=797 pr=50 surv=4 ex=0 bad=0 hits=0 t=0s
  F1 c6/c8: кривая не построена (нет точки на квартике)
  F2 c2/c3: кривая не построена (нет точки на квартике)
  F2 c2/c5: кривая не построена (нет точки на квартике)
  F2 c2/c6: нет рациональной точки для коники
  F2 c2/c8: кривая не построена (нет точки на квартике)
  F2 c3/c5@t0=5: rank[2,2] g=2 src=pari sat=1 tors=4 st=1572 hmax=886 pr=50 surv=4 ex=0 bad=0 hits=0 t=0s
  F2 c3/c6: кривая не построена (нет точки на квартике)
  F2 c3/c8@t0=5: rank[1,1] g=1 src=pari sat=1 tors=4 st=132 hmax=821 pr=50 surv=4 ex=0 bad=0 hits=0 t=0s
  F2 c5/c6: кривая не построена (нет точки на квартике)
  F2 c5/c8@t0=5: rank[2,2] g=2 src=pari sat=1 tors=4 st=2900 hmax=899 pr=50 surv=4 ex=0 bad=0 hits=0 t=0s
  F2 c6/c8: кривая не построена (нет точки на квартике)
  F3 c1/c3: нет рациональной точки для коники
  F3 c1/c5: нет рациональной точки для коники
  F3 c1/c6: кривая не построена (нет точки на квартике)
  F3 c1/c7: нет рациональной точки для коники
  F3 c3/c5: нет рациональной точки для коники
  F3 c3/c6: кривая не построена (нет точки на квартике)
  F3 c3/c7: нет рациональной точки для коники
  F3 c5/c6: кривая не построена (нет точки на квартике)
  F3 c5/c7: нет рациональной точки для коники
  F3 c6/c7: кривая не построена (нет точки на квартике)
  F4 c2/c3: кривая не построена (нет точки на квартике)
  F4 c2/c5: кривая не построена (нет точки на квартике)
  F4 c2/c6: нет рациональной точки для коники
  F4 c2/c7: кривая не построена (нет точки на квартике)
  F4 c3/c5@t0=5: rank[1,1] g=1 src=pari sat=1 tors=4 st=116 hmax=796 pr=50 surv=4 ex=0 bad=0 hits=0 t=0s
  F4 c3/c6: кривая не построена (нет точки на квартике)
  F4 c3/c7@t0=5: rank[1,1] g=1 src=pari sat=1 tors=4 st=116 hmax=796 pr=50 surv=4 ex=0 bad=0 hits=0 t=0s
  F4 c5/c6: кривая не построена (нет точки на квартике)
  F4 c5/c7@t0=5: rank[3,3] g=3 src=pari sat=1 tors=4 st=9604 hmax=249 pr=50 surv=4 ex=0 bad=0 hits=0 t=0s
  F4 c6/c7: кривая не построена (нет точки на квартике)
== (P,Q)=(41,6) C=1717/2 non
  F1 c0/c2: кривая не построена (нет точки на квартике)
  F1 c0/c3@t0=6: rank[1,1] g=1 src=pari sat=1 tors=4 st=124 hmax=889 pr=50 surv=4 ex=0 bad=0 hits=0 t=0s
  F1 c0/c6: кривая не построена (нет точки на квартике)
  F1 c0/c8@t0=6: rank[2,2] g=2 src=pari sat=1 tors=4 st=2412 hmax=899 pr=50 surv=4 ex=0 bad=0 hits=0 t=0s
  F1 c3/c2@t0=6: rank[1,1] g=1 src=pari sat=1 tors=4 st=124 hmax=889 pr=50 surv=2 ex=0 bad=0 hits=0 t=0s
  F1 c2/c6@t0=41: rank[2,2] g=2 src=pari sat=1 tors=4 st=1604 hmax=898 pr=50 surv=4 ex=0 bad=0 hits=0 t=0s
  F1 c2/c8: кривая не построена (нет точки на квартике)
  F1 c3/c6@t0=6: rank[1,1] g=1 src=pari sat=1 tors=4 st=124 hmax=838 pr=50 surv=2 ex=0 bad=0 hits=0 t=0s
  F1 c3/c8@t0=6: rank[1,1] g=1 src=pari sat=1 tors=4 st=124 hmax=838 pr=50 surv=4 ex=0 bad=0 hits=0 t=0s
  F1 c6/c8: кривая не построена (нет точки на квартике)
  F2 c2/c3: кривая не построена (нет точки на квартике)
  F2 c2/c5: кривая не построена (нет точки на квартике)
  F2 c2/c6: нет рациональной точки для коники
  F2 c2/c8: кривая не построена (нет точки на квартике)
  F2 c3/c5@t0=6: rank[1,1] g=1 src=pari sat=1 tors=4 st=124 hmax=889 pr=50 surv=4 ex=0 bad=0 hits=0 t=0s
  F2 c3/c6: кривая не построена (нет точки на квартике)
  F2 c3/c8@t0=6: rank[2,2] g=2 src=pari sat=1 tors=4 st=1604 hmax=898 pr=50 surv=4 ex=0 bad=0 hits=0 t=0s
  F2 c5/c6: кривая не построена (нет точки на квартике)
  F2 c5/c8@t0=6: rank[2,2] g=2 src=pari sat=1 tors=4 st=2412 hmax=899 pr=50 surv=4 ex=0 bad=0 hits=0 t=0s
  F2 c6/c8: кривая не построена (нет точки на квартике)
  F3 c1/c3: нет рациональной точки для коники
  F3 c1/c5: нет рациональной точки для коники
  F3 c1/c6: кривая не построена (нет точки на квартике)
  F3 c1/c7: нет рациональной точки для коники
  F3 c3/c5: нет рациональной точки для коники
  F3 c3/c6: кривая не построена (нет точки на квартике)
  F3 c3/c7: нет рациональной точки для коники
  F3 c5/c6: кривая не построена (нет точки на квартике)
  F3 c5/c7: нет рациональной точки для коники
  F3 c6/c7: кривая не построена (нет точки на квартике)
  F4 c2/c3: кривая не построена (нет точки на квартике)
  F4 c2/c5: кривая не построена (нет точки на квартике)
  F4 c2/c6: нет рациональной точки для коники
  F4 c2/c7: кривая не построена (нет точки на квартике)
  F4 c3/c5@t0=6: rank[2,2] g=2 src=pari sat=1 tors=4 st=3572 hmax=899 pr=50 surv=4 ex=0 bad=0 hits=0 t=0s
  F4 c3/c6: кривая не построена (нет точки на квартике)
  F4 c3/c7@t0=6: rank[2,2] g=2 src=pari sat=1 tors=4 st=3572 hmax=899 pr=50 surv=4 ex=0 bad=0 hits=0 t=0s
  F4 c5/c6@t0=6: rank[2,2] g=2 src=pari sat=1 tors=4 st=1916 hmax=900 pr=50 surv=6 ex=0 bad=0 hits=0 t=0s
  F4 c5/c7@t0=6: rank[1,1] g=1 src=pari sat=1 tors=4 st=124 hmax=838 pr=50 surv=4 ex=0 bad=0 hits=0 t=0s
  F4 c6/c7: кривая не построена (нет точки на квартике)
== (P,Q)=(41,7) C=865 non
  F1 c0/c2@t0=7: rank[1,1] g=1 src=pari sat=1 tors=4 st=100 hmax=849 pr=50 surv=2 ex=0 bad=0 hits=0 t=0s
  F1 c0/c3@t0=7: rank[1,1] g=1 src=pari sat=1 tors=4 st=124 hmax=892 pr=50 surv=4 ex=0 bad=0 hits=0 t=0s
  F1 c0/c6@t0=7: rank[1,1] g=1 src=pari sat=1 tors=8 st=216 hmax=840 pr=50 surv=2 ex=0 bad=0 hits=0 t=0s
  F1 c0/c8@t0=7: rank[1,1] g=1 src=pari sat=1 tors=4 st=132 hmax=875 pr=50 surv=4 ex=0 bad=0 hits=0 t=0s
  F1 c3/c2@t0=7: rank[1,1] g=1 src=pari sat=1 tors=4 st=124 hmax=892 pr=50 surv=2 ex=0 bad=0 hits=0 t=0s
  F1 c2/c6@t0=41: rank[2,2] g=2 src=pari sat=1 tors=4 st=2684 hmax=899 pr=50 surv=4 ex=0 bad=0 hits=0 t=0s
  F1 c8/c2@t0=7: rank[1,1] g=1 src=pari sat=1 tors=4 st=68 hmax=759 pr=50 surv=2 ex=0 bad=0 hits=0 t=0s
  F1 c3/c6@t0=7: rank[2,2] g=2 src=pari sat=1 tors=4 st=2100 hmax=898 pr=50 surv=2 ex=0 bad=0 hits=0 t=0s
  F1 c3/c8@t0=7: rank[2,2] g=2 src=pari sat=1 tors=4 st=2100 hmax=898 pr=50 surv=4 ex=0 bad=0 hits=0 t=0s
  F1 c6/c8: кривая не построена (нет точки на квартике)
  F2 c3/c2@t0=7: rank[1,1] g=1 src=pari sat=1 tors=4 st=100 hmax=849 pr=50 surv=2 ex=0 bad=0 hits=0 t=0s
  F2 c5/c2@t0=7: rank[1,1] g=1 src=pari sat=1 tors=4 st=100 hmax=849 pr=50 surv=2 ex=0 bad=0 hits=0 t=0s
  F2 c2/c6: нет рациональной точки для коники
  F2 c8/c2@t0=7: rank[3,3] g=3 src=pari sat=1 tors=4 st=9540 hmax=296 pr=50 surv=2 ex=0 bad=0 hits=0 t=0s
  F2 c3/c5@t0=7: rank[1,1] g=1 src=pari sat=1 tors=4 st=124 hmax=892 pr=50 surv=4 ex=0 bad=0 hits=0 t=0s
  F2 c3/c6@t0=7: rank[1,1] g=1 src=pari sat=1 tors=4 st=68 hmax=759 pr=50 surv=2 ex=0 bad=0 hits=0 t=0s
  F2 c3/c8@t0=7: rank[2,2] g=2 src=pari sat=1 tors=4 st=2684 hmax=899 pr=50 surv=4 ex=0 bad=0 hits=0 t=0s
  F2 c5/c6@t0=7: rank[1,1] g=1 src=pari sat=1 tors=8 st=216 hmax=840 pr=50 surv=2 ex=0 bad=0 hits=0 t=0s
  F2 c5/c8@t0=7: rank[1,1] g=1 src=pari sat=1 tors=4 st=132 hmax=875 pr=50 surv=4 ex=0 bad=0 hits=0 t=0s
  F2 c6/c8: кривая не построена (нет точки на квартике)
  F3 c1/c3: нет рациональной точки для коники
  F3 c1/c5: нет рациональной точки для коники
  F3 c6/c1@t0=7: rank[3,3] g=3 src=pari sat=1 tors=4 st=9540 hmax=296 pr=50 surv=2 ex=0 bad=0 hits=0 t=0s
  F3 c1/c7: нет рациональной точки для коники
  F3 c3/c5: нет рациональной точки для коники
  F3 c6/c3@t0=7: rank[3,3] g=3 src=pari sat=1 tors=4 st=9540 hmax=296 pr=50 surv=2 ex=0 bad=0 hits=0 t=0s
  F3 c3/c7: нет рациональной точки для коники
  F3 c5/c6: кривая не построена (нет точки на квартике)
  F3 c5/c7: нет рациональной точки для коники
  F3 c6/c7: кривая не построена (нет точки на квартике)
  F4 c3/c2@t0=7: rank[3,3] g=3 src=pari sat=1 tors=4 st=9564 hmax=243 pr=50 surv=2 ex=0 bad=0 hits=0 t=0s
  F4 c2/c5: кривая не построена (нет точки на квартике)
  F4 c2/c6: нет рациональной точки для коники
  F4 c7/c2@t0=7: rank[3,3] g=3 src=pari sat=1 tors=4 st=9540 hmax=296 pr=50 surv=2 ex=0 bad=0 hits=0 t=0s
  F4 c3/c5@t0=7: rank[2,2] g=2 src=pari sat=1 tors=4 st=3460 hmax=899 pr=50 surv=4 ex=0 bad=0 hits=0 t=0s
  F4 c3/c6@t0=7: rank[3,3] g=3 src=pari sat=1 tors=4 st=9564 hmax=243 pr=50 surv=2 ex=0 bad=0 hits=0 t=0s
  F4 c3/c7@t0=7: rank[2,2] g=2 src=pari sat=1 tors=4 st=3460 hmax=899 pr=50 surv=4 ex=0 bad=0 hits=0 t=0s
  F4 c5/c6: кривая не построена (нет точки на квартике)
  F4 c5/c7@t0=7: rank[1,1] g=1 src=pari sat=1 tors=4 st=124 hmax=838 pr=50 surv=4 ex=0 bad=0 hits=0 t=0s
  F4 c6/c7: кривая не построена (нет точки на квартике)
== (P,Q)=(41,8) C=1745/2 non
  F1 c0/c2: кривая не построена (нет точки на квартике)
  F1 c0/c3@t0=8: rank[1,1] g=1 src=pari sat=1 tors=4 st=124 hmax=895 pr=50 surv=4 ex=0 bad=0 hits=0 t=0s
  F1 c0/c6: кривая не построена (нет точки на квартике)
  F1 c0/c8@t0=8: rank[1,1] g=1 src=pari sat=1 tors=4 st=124 hmax=888 pr=50 surv=4 ex=0 bad=0 hits=0 t=0s
  F1 c3/c2@t0=8: rank[1,1] g=1 src=pari sat=1 tors=4 st=124 hmax=895 pr=50 surv=2 ex=0 bad=0 hits=0 t=0s
  F1 c2/c6@t0=41: rank[1,1] g=1 src=pari sat=1 tors=4 st=124 hmax=843 pr=50 surv=4 ex=0 bad=0 hits=0 t=0s
  F1 c2/c8: кривая не построена (нет точки на квартике)
  F1 c3/c6@t0=8: rank[1,1] g=1 src=pari sat=1 tors=4 st=124 hmax=840 pr=50 surv=2 ex=0 bad=0 hits=0 t=0s
  F1 c3/c8@t0=8: rank[1,1] g=1 src=pari sat=1 tors=4 st=124 hmax=840 pr=50 surv=4 ex=0 bad=0 hits=0 t=0s
  F1 c6/c8: кривая не построена (нет точки на квартике)
  F2 c2/c3: кривая не построена (нет точки на квартике)
  F2 c2/c5: кривая не построена (нет точки на квартике)
  F2 c2/c6: нет рациональной точки для коники
  F2 c2/c8: кривая не построена (нет точки на квартике)
  F2 c3/c5@t0=8: rank[1,1] g=1 src=pari sat=1 tors=4 st=124 hmax=895 pr=50 surv=4 ex=0 bad=0 hits=0 t=0s
  F2 c3/c6: кривая не построена (нет точки на квартике)
  F2 c3/c8@t0=8: rank[1,1] g=1 src=pari sat=1 tors=4 st=124 hmax=843 pr=50 surv=4 ex=0 bad=0 hits=0 t=0s
  F2 c5/c6: кривая не построена (нет точки на квартике)
  F2 c5/c8@t0=8: rank[1,1] g=1 src=pari sat=1 tors=4 st=124 hmax=888 pr=50 surv=4 ex=0 bad=0 hits=0 t=0s
  F2 c6/c8: кривая не построена (нет точки на квартике)
  F3 c1/c3: нет рациональной точки для коники
  F3 c1/c5: нет рациональной точки для коники
  F3 c1/c6: кривая не построена (нет точки на квартике)
  F3 c1/c7: нет рациональной точки для коники
  F3 c3/c5: нет рациональной точки для коники
  F3 c3/c6: кривая не построена (нет точки на квартике)
  F3 c3/c7: нет рациональной точки для коники
  F3 c5/c6: кривая не построена (нет точки на квартике)
  F3 c5/c7: нет рациональной точки для коники
  F3 c6/c7: кривая не построена (нет точки на квартике)
  F4 c2/c3: кривая не построена (нет точки на квартике)
  F4 c2/c5: кривая не построена (нет точки на квартике)
  F4 c2/c6: нет рациональной точки для коники
  F4 c2/c7: кривая не построена (нет точки на квартике)
  F4 c3/c5@t0=8: rank[1,1] g=1 src=pari sat=1 tors=4 st=124 hmax=836 pr=50 surv=4 ex=0 bad=0 hits=0 t=0s
  F4 c3/c6: кривая не построена (нет точки на квартике)
  F4 c3/c7@t0=8: rank[1,1] g=1 src=pari sat=1 tors=4 st=124 hmax=836 pr=50 surv=4 ex=0 bad=0 hits=0 t=0s
  F4 c5/c6: кривая не построена (нет точки на квартике)
  F4 c5/c7@t0=8: rank[2,2] g=2 src=pari sat=1 tors=4 st=5300 hmax=900 pr=50 surv=4 ex=0 bad=0 hits=0 t=0s
  F4 c6/c7: кривая не построена (нет точки на квартике)
== (P,Q)=(41,9) C=881 non
  F1 c0/c2: кривая не построена (нет точки на квартике)
  F1 c0/c3@t0=9: rank[3,3] g=3 src=pari sat=1 tors=4 st=9604 hmax=284 pr=50 surv=4 ex=0 bad=0 hits=0 t=0s
  F1 c0/c6: кривая не построена (нет точки на квартике)
  F1 c0/c8@t0=9: rank[2,2] g=2 src=pari sat=1 tors=4 st=2596 hmax=897 pr=50 surv=4 ex=0 bad=0 hits=0 t=0s
  F1 c3/c2@t0=9: rank[3,3] g=3 src=pari sat=1 tors=4 st=9604 hmax=284 pr=50 surv=2 ex=0 bad=0 hits=0 t=0s
  F1 c2/c6@t0=41: rank[1,1] g=1 src=pari sat=1 tors=4 st=132 hmax=829 pr=50 surv=4 ex=0 bad=0 hits=0 t=0s
  F1 c2/c8: кривая не построена (нет точки на квартике)
  F1 c3/c6@t0=9: rank[2,2] g=2 src=pari sat=1 tors=4 st=1516 hmax=894 pr=50 surv=2 ex=0 bad=0 hits=0 t=0s
  F1 c3/c8@t0=9: rank[2,2] g=2 src=pari sat=1 tors=4 st=1516 hmax=894 pr=50 surv=4 ex=0 bad=0 hits=0 t=0s
  F1 c6/c8: кривая не построена (нет точки на квартике)
  F2 c2/c3: кривая не построена (нет точки на квартике)
  F2 c2/c5: кривая не построена (нет точки на квартике)
  F2 c2/c6: нет рациональной точки для коники
  F2 c8/c2@t0=9: rank[2,2] g=2 src=pari sat=1 tors=4 st=1676 hmax=895 pr=50 surv=2 ex=0 bad=0 hits=0 t=0s
  F2 c3/c5@t0=9: rank[3,3] g=3 src=pari sat=1 tors=4 st=9604 hmax=284 pr=50 surv=4 ex=0 bad=0 hits=0 t=0s
  F2 c3/c6: кривая не построена (нет точки на квартике)
  F2 c3/c8@t0=9: rank[1,1] g=1 src=pari sat=1 tors=4 st=132 hmax=829 pr=50 surv=4 ex=0 bad=0 hits=0 t=0s
  F2 c5/c6: кривая не построена (нет точки на квартике)
  F2 c5/c8@t0=9: rank[2,2] g=2 src=pari sat=1 tors=4 st=2596 hmax=897 pr=50 surv=4 ex=0 bad=0 hits=0 t=0s
  F2 c6/c8: кривая не построена (нет точки на квартике)
  F3 c1/c3: нет рациональной точки для коники
  F3 c1/c5: нет рациональной точки для коники
  F3 c6/c1@t0=9: rank[2,2] g=2 src=pari sat=1 tors=4 st=1676 hmax=895 pr=50 surv=2 ex=0 bad=0 hits=0 t=0s
  F3 c1/c7: нет рациональной точки для коники
  F3 c3/c5: нет рациональной точки для коники
  F3 c6/c3@t0=9: rank[2,2] g=2 src=pari sat=1 tors=4 st=1676 hmax=895 pr=50 surv=2 ex=0 bad=0 hits=0 t=0s
  F3 c3/c7: нет рациональной точки для коники
  F3 c5/c6: кривая не построена (нет точки на квартике)
  F3 c5/c7: нет рациональной точки для коники
  F3 c6/c7: кривая не построена (нет точки на квартике)
  F4 c2/c3: кривая не построена (нет точки на квартике)
  F4 c2/c5: кривая не построена (нет точки на квартике)
  F4 c2/c6: нет рациональной точки для коники
  F4 c7/c2@t0=9: rank[2,2] g=2 src=pari sat=1 tors=4 st=1676 hmax=895 pr=50 surv=2 ex=0 bad=0 hits=0 t=0s
  F4 c3/c5@t0=9: rank[2,2] g=2 src=pari sat=1 tors=4 st=1724 hmax=898 pr=50 surv=4 ex=0 bad=0 hits=0 t=0s
  F4 c3/c6: кривая не построена (нет точки на квартике)
  F4 c3/c7@t0=9: rank[2,2] g=2 src=pari sat=1 tors=4 st=1724 hmax=898 pr=50 surv=4 ex=0 bad=0 hits=0 t=0s
  F4 c5/c6: кривая не построена (нет точки на квартике)
  F4 c5/c7@t0=9: rank[1,1] g=1 src=pari sat=1 tors=4 st=124 hmax=840 pr=50 surv=4 ex=0 bad=0 hits=0 t=0s
  F4 c6/c7: кривая не построена (нет точки на квартике)
== (P,Q)=(41,10) C=1781/2 non
  F1 c0/c2: кривая не построена (нет точки на квартике)
  F1 c0/c3@t0=10: rank[2,2] g=2 src=pari sat=1 tors=4 st=3692 hmax=892 pr=50 surv=4 ex=0 bad=0 hits=0 t=0s
  F1 c0/c6: кривая не построена (нет точки на квартике)
  F1 c0/c8@t0=10: rank[1,1] g=1 src=pari sat=1 tors=4 st=124 hmax=892 pr=50 surv=4 ex=0 bad=0 hits=0 t=0s
  F1 c3/c2@t0=10: rank[2,2] g=2 src=pari sat=1 tors=4 st=3692 hmax=892 pr=50 surv=2 ex=0 bad=0 hits=0 t=0s
  F1 c2/c6@t0=41: rank[1,1] g=1 src=pari sat=1 tors=4 st=124 hmax=848 pr=50 surv=4 ex=0 bad=0 hits=0 t=0s
  F1 c2/c8: кривая не построена (нет точки на квартике)
  F1 c3/c6@t0=10: rank[2,2] g=2 src=pari sat=1 tors=4 st=2116 hmax=895 pr=50 surv=2 ex=0 bad=0 hits=0 t=0s
  F1 c3/c8@t0=10: rank[2,2] g=2 src=pari sat=1 tors=4 st=2116 hmax=895 pr=50 surv=4 ex=0 bad=0 hits=0 t=0s
  F1 c6/c8: кривая не построена (нет точки на квартике)
  F2 c2/c3: кривая не построена (нет точки на квартике)
  F2 c2/c5: кривая не построена (нет точки на квартике)
  F2 c2/c6: нет рациональной точки для коники
  F2 c2/c8: кривая не построена (нет точки на квартике)
  F2 c3/c5@t0=10: rank[2,2] g=2 src=pari sat=1 tors=4 st=3692 hmax=892 pr=50 surv=4 ex=0 bad=0 hits=0 t=0s
  F2 c3/c6: кривая не построена (нет точки на квартике)
  F2 c3/c8@t0=10: rank[1,1] g=1 src=pari sat=1 tors=4 st=124 hmax=848 pr=50 surv=4 ex=0 bad=0 hits=0 t=0s
  F2 c5/c6: кривая не построена (нет точки на квартике)
  F2 c5/c8@t0=10: rank[1,1] g=1 src=pari sat=1 tors=4 st=124 hmax=892 pr=50 surv=4 ex=0 bad=0 hits=0 t=0s
  F2 c6/c8: кривая не построена (нет точки на квартике)
  F3 c1/c3: нет рациональной точки для коники
  F3 c1/c5: нет рациональной точки для коники
  F3 c1/c6: кривая не построена (нет точки на квартике)
  F3 c1/c7: нет рациональной точки для коники
  F3 c3/c5: нет рациональной точки для коники
  F3 c3/c6: кривая не построена (нет точки на квартике)
  F3 c3/c7: нет рациональной точки для коники
  F3 c5/c6: кривая не построена (нет точки на квартике)
  F3 c5/c7: нет рациональной точки для коники
  F3 c6/c7: кривая не построена (нет точки на квартике)
  F4 c2/c3: кривая не построена (нет точки на квартике)
  F4 c2/c5: кривая не построена (нет точки на квартике)
  F4 c2/c6: нет рациональной точки для коники
  F4 c2/c7: кривая не построена (нет точки на квартике)
  F4 c3/c5@t0=10: rank[1,1] g=1 src=pari sat=1 tors=4 st=124 hmax=836 pr=50 surv=4 ex=0 bad=0 hits=0 t=0s
  F4 c3/c6: кривая не построена (нет точки на квартике)
  F4 c3/c7@t0=10: rank[1,1] g=1 src=pari sat=1 tors=4 st=124 hmax=836 pr=50 surv=4 ex=0 bad=0 hits=0 t=0s
  F4 c5/c6: кривая не построена (нет точки на квартике)
  F4 c5/c7@t0=10: rank[1,1] g=1 src=pari sat=1 tors=4 st=124 hmax=841 pr=50 surv=4 ex=0 bad=0 hits=0 t=0s
  F4 c6/c7: кривая не построена (нет точки на квартике)
== (P,Q)=(41,11) C=901 non
  F1 c0/c2: кривая не построена (нет точки на квартике)
  F1 c0/c3@t0=11: rank[1,1] g=1 src=pari sat=1 tors=4 st=116 hmax=786 pr=50 surv=4 ex=0 bad=0 hits=0 t=0s
  F1 c0/c6: кривая не построена (нет точки на квартике)
  F1 c0/c8@t0=11: rank[2,2] g=2 src=pari sat=1 tors=4 st=3748 hmax=896 pr=50 surv=4 ex=0 bad=0 hits=0 t=0s
  F1 c3/c2@t0=11: rank[1,1] g=1 src=pari sat=1 tors=4 st=116 hmax=786 pr=50 surv=2 ex=0 bad=0 hits=0 t=0s
  F1 c2/c6@t0=41: rank[2,2] g=2 src=pari sat=1 tors=4 st=4892 hmax=899 pr=50 surv=4 ex=0 bad=0 hits=0 t=0s
  F1 c2/c8: кривая не построена (нет точки на квартике)
  F1 c3/c6@t0=11: rank[1,1] g=1 src=pari sat=1 tors=4 st=116 hmax=802 pr=50 surv=2 ex=0 bad=0 hits=0 t=0s
  F1 c3/c8@t0=11: rank[1,1] g=1 src=pari sat=1 tors=4 st=116 hmax=802 pr=50 surv=4 ex=0 bad=0 hits=0 t=0s
  F1 c6/c8: кривая не построена (нет точки на квартике)
  F2 c2/c3: кривая не построена (нет точки на квартике)
  F2 c2/c5: кривая не построена (нет точки на квартике)
  F2 c2/c6: нет рациональной точки для коники
  F2 c2/c8: кривая не построена (нет точки на квартике)
  F2 c3/c5@t0=11: rank[1,1] g=1 src=pari sat=1 tors=4 st=116 hmax=786 pr=50 surv=4 ex=0 bad=0 hits=0 t=0s
  F2 c3/c6: кривая не построена (нет точки на квартике)
  F2 c3/c8@t0=11: rank[2,2] g=2 src=pari sat=1 tors=4 st=4892 hmax=899 pr=50 surv=4 ex=0 bad=0 hits=0 t=0s
  F2 c5/c6: кривая не построена (нет точки на квартике)
  F2 c5/c8@t0=11: rank[2,2] g=2 src=pari sat=1 tors=4 st=3748 hmax=896 pr=50 surv=4 ex=0 bad=0 hits=0 t=0s
  F2 c6/c8: кривая не построена (нет точки на квартике)
  F3 c1/c3: нет рациональной точки для коники
  F3 c1/c5: нет рациональной точки для коники
  F3 c1/c6: кривая не построена (нет точки на квартике)
  F3 c1/c7: нет рациональной точки для коники
  F3 c3/c5: нет рациональной точки для коники
  F3 c3/c6: кривая не построена (нет точки на квартике)
  F3 c3/c7: нет рациональной точки для коники
  F3 c5/c6: кривая не построена (нет точки на квартике)
  F3 c5/c7: нет рациональной точки для коники
  F3 c6/c7: кривая не построена (нет точки на квартике)
  F4 c2/c3: кривая не построена (нет точки на квартике)
  F4 c2/c5: кривая не построена (нет точки на квартике)
  F4 c2/c6: нет рациональной точки для коники
  F4 c2/c7: кривая не построена (нет точки на квартике)
  F4 c3/c5@t0=11: rank[2,2] g=2 src=pari sat=1 tors=4 st=3740 hmax=899 pr=50 surv=4 ex=0 bad=0 hits=0 t=0s
  F4 c3/c6: кривая не построена (нет точки на квартике)
  F4 c3/c7@t0=11: rank[2,2] g=2 src=pari sat=1 tors=4 st=3740 hmax=899 pr=50 surv=4 ex=0 bad=0 hits=0 t=0s
  F4 c5/c6: кривая не построена (нет точки на квартике)
  F4 c5/c7@t0=11: rank[3,3] g=3 src=pari sat=1 tors=4 st=9500 hmax=177 pr=50 surv=4 ex=0 bad=0 hits=0 t=0s
  F4 c6/c7: кривая не построена (нет точки на квартике)
== (P,Q)=(41,12) C=1825/2 non
  F1 c0/c2: кривая не построена (нет точки на квартике)
  F1 c0/c3@t0=12: rank[2,2] g=2 src=pari sat=1 tors=4 st=2892 hmax=900 pr=50 surv=4 ex=0 bad=0 hits=0 t=0s
  F1 c0/c6: кривая не построена (нет точки на квартике)
  F1 c0/c8@t0=12: rank[2,2] g=2 src=pari sat=1 tors=4 st=2676 hmax=896 pr=50 surv=4 ex=0 bad=0 hits=0 t=0s
  F1 c3/c2@t0=12: rank[2,2] g=2 src=pari sat=1 tors=4 st=2892 hmax=900 pr=50 surv=2 ex=0 bad=0 hits=0 t=0s
  F1 c2/c6@t0=41: rank[3,3] g=3 src=pari sat=1 tors=4 st=9604 hmax=250 pr=50 surv=4 ex=0 bad=0 hits=0 t=0s
  F1 c2/c8: кривая не построена (нет точки на квартике)
  F1 c3/c6@t0=12: rank[3,3] g=3 src=pari sat=1 tors=4 st=9604 hmax=330 pr=50 surv=2 ex=0 bad=0 hits=0 t=0s
  F1 c3/c8@t0=12: rank[3,3] g=3 src=pari sat=1 tors=4 st=9604 hmax=330 pr=50 surv=4 ex=0 bad=0 hits=0 t=0s
  F1 c6/c8: кривая не построена (нет точки на квартике)
  F2 c2/c3: кривая не построена (нет точки на квартике)
  F2 c2/c5: кривая не построена (нет точки на квартике)
  F2 c2/c6: нет рациональной точки для коники
  F2 c2/c8: кривая не построена (нет точки на квартике)
  F2 c3/c5@t0=12: rank[2,2] g=2 src=pari sat=1 tors=4 st=2892 hmax=900 pr=50 surv=4 ex=0 bad=0 hits=0 t=0s
  F2 c3/c6: кривая не построена (нет точки на квартике)
  F2 c3/c8@t0=12: rank[3,3] g=3 src=pari sat=1 tors=4 st=9604 hmax=250 pr=50 surv=4 ex=0 bad=0 hits=0 t=0s
  F2 c5/c6: кривая не построена (нет точки на квартике)
  F2 c5/c8@t0=12: rank[2,2] g=2 src=pari sat=1 tors=4 st=2676 hmax=896 pr=50 surv=4 ex=0 bad=0 hits=0 t=0s
  F2 c6/c8: кривая не построена (нет точки на квартике)
  F3 c1/c3: нет рациональной точки для коники
  F3 c1/c5: нет рациональной точки для коники
  F3 c1/c6: кривая не построена (нет точки на квартике)
  F3 c1/c7: нет рациональной точки для коники
  F3 c3/c5: нет рациональной точки для коники
  F3 c3/c6: кривая не построена (нет точки на квартике)
  F3 c3/c7: нет рациональной точки для коники
  F3 c5/c6: кривая не построена (нет точки на квартике)
  F3 c5/c7: нет рациональной точки для коники
  F3 c6/c7: кривая не построена (нет точки на квартике)
  F4 c2/c3: кривая не построена (нет точки на квартике)
  F4 c2/c5: кривая не построена (нет точки на квартике)
  F4 c2/c6: нет рациональной точки для коники
  F4 c2/c7: кривая не построена (нет точки на квартике)
  F4 c3/c5@t0=12: rank[1,1] g=1 src=pari sat=1 tors=4 st=124 hmax=835 pr=50 surv=4 ex=0 bad=0 hits=0 t=0s
  F4 c3/c6: кривая не построена (нет точки на квартике)
  F4 c3/c7@t0=12: rank[1,1] g=1 src=pari sat=1 tors=4 st=124 hmax=835 pr=50 surv=4 ex=0 bad=0 hits=0 t=0s
  F4 c5/c6: кривая не построена (нет точки на квартике)
  F4 c5/c7@t0=12: rank[2,2] g=2 src=pari sat=1 tors=4 st=1796 hmax=894 pr=50 surv=4 ex=0 bad=0 hits=0 t=0s
  F4 c6/c7: кривая не построена (нет точки на квартике)
== (P,Q)=(41,13) C=925 non
  F1 c0/c2: кривая не построена (нет точки на квартике)
  F1 c0/c3@t0=13: rank[2,2] g=2 src=pari sat=1 tors=4 st=3148 hmax=897 pr=50 surv=4 ex=0 bad=0 hits=0 t=0s
  F1 c0/c6: кривая не построена (нет точки на квартике)
  F1 c0/c8@t0=13: rank[2,2] g=2 src=pari sat=1 tors=4 st=4524 hmax=898 pr=50 surv=4 ex=0 bad=0 hits=0 t=0s
  F1 c3/c2@t0=13: rank[2,2] g=2 src=pari sat=1 tors=4 st=3148 hmax=897 pr=50 surv=2 ex=0 bad=0 hits=0 t=0s
  F1 c2/c6@t0=41: rank[2,2] g=2 src=pari sat=1 tors=4 st=3644 hmax=896 pr=50 surv=4 ex=0 bad=0 hits=0 t=0s
  F1 c2/c8: кривая не построена (нет точки на квартике)
  F1 c3/c6@t0=13: rank[2,2] g=2 src=pari sat=1 tors=4 st=4652 hmax=900 pr=50 surv=2 ex=0 bad=0 hits=0 t=0s
  F1 c3/c8@t0=13: rank[2,2] g=2 src=pari sat=1 tors=4 st=4652 hmax=900 pr=50 surv=4 ex=0 bad=0 hits=0 t=0s
  F1 c6/c8: кривая не построена (нет точки на квартике)
  F2 c2/c3: кривая не построена (нет точки на квартике)
  F2 c2/c5: кривая не построена (нет точки на квартике)
  F2 c2/c6: нет рациональной точки для коники
  F2 c2/c8: кривая не построена (нет точки на квартике)
  F2 c3/c5@t0=13: rank[2,2] g=2 src=pari sat=1 tors=4 st=3148 hmax=897 pr=50 surv=4 ex=0 bad=0 hits=0 t=0s
  F2 c3/c6: кривая не построена (нет точки на квартике)
  F2 c3/c8@t0=13: rank[2,2] g=2 src=pari sat=1 tors=4 st=3644 hmax=896 pr=50 surv=4 ex=0 bad=0 hits=0 t=0s
  F2 c5/c6: кривая не построена (нет точки на квартике)
  F2 c5/c8@t0=13: rank[2,2] g=2 src=pari sat=1 tors=4 st=4524 hmax=898 pr=50 surv=4 ex=0 bad=0 hits=0 t=0s
  F2 c6/c8: кривая не построена (нет точки на квартике)
  F3 c1/c3: нет рациональной точки для коники
  F3 c1/c5: нет рациональной точки для коники
  F3 c1/c6: кривая не построена (нет точки на квартике)
  F3 c1/c7: нет рациональной точки для коники
  F3 c3/c5: нет рациональной точки для коники
  F3 c3/c6: кривая не построена (нет точки на квартике)
  F3 c3/c7: нет рациональной точки для коники
  F3 c5/c6: кривая не построена (нет точки на квартике)
  F3 c5/c7: нет рациональной точки для коники
  F3 c6/c7: кривая не построена (нет точки на квартике)
  F4 c2/c3: кривая не построена (нет точки на квартике)
  F4 c2/c5: кривая не построена (нет точки на квартике)
  F4 c2/c6: нет рациональной точки для коники
  F4 c2/c7: кривая не построена (нет точки на квартике)
  F4 c3/c5@t0=13: rank[1,1] g=1 src=pari sat=1 tors=4 st=116 hmax=796 pr=50 surv=4 ex=0 bad=0 hits=0 t=0s
  F4 c3/c6: кривая не построена (нет точки на квартике)
  F4 c3/c7@t0=13: rank[1,1] g=1 src=pari sat=1 tors=4 st=116 hmax=796 pr=50 surv=4 ex=0 bad=0 hits=0 t=0s
  F4 c5/c6@t0=13: rank[1,1] g=1 src=pari sat=1 tors=4 st=188 hmax=879 pr=50 surv=6 ex=0 bad=0 hits=0 t=0s
  F4 c5/c7@t0=13: rank[1,1] g=1 src=pari sat=1 tors=4 st=124 hmax=845 pr=50 surv=4 ex=0 bad=0 hits=0 t=0s
  F4 c6/c7: кривая не построена (нет точки на квартике)
== (P,Q)=(41,14) C=1877/2 non
  F1 c0/c2: кривая не построена (нет точки на квартике)
  F1 c0/c3@t0=14: rank[2,2] g=2 src=pari sat=1 tors=4 st=2780 hmax=900 pr=50 surv=4 ex=0 bad=0 hits=0 t=0s
  F1 c0/c6: кривая не построена (нет точки на квартике)
  F1 c0/c8@t0=14: rank[1,1] g=1 src=pari sat=1 tors=4 st=124 hmax=900 pr=50 surv=4 ex=0 bad=0 hits=0 t=0s
  F1 c3/c2@t0=14: rank[2,2] g=2 src=pari sat=1 tors=4 st=2780 hmax=900 pr=50 surv=2 ex=0 bad=0 hits=0 t=0s
  F1 c2/c6@t0=41: rank[2,2] g=2 src=pari sat=1 tors=4 st=1412 hmax=899 pr=50 surv=4 ex=0 bad=0 hits=0 t=0s
  F1 c2/c8: кривая не построена (нет точки на квартике)
  F1 c3/c6@t0=14: rank[1,1] g=1 src=pari sat=1 tors=4 st=124 hmax=847 pr=50 surv=2 ex=0 bad=0 hits=0 t=0s
  F1 c3/c8@t0=14: rank[1,1] g=1 src=pari sat=1 tors=4 st=124 hmax=847 pr=50 surv=4 ex=0 bad=0 hits=0 t=0s
  F1 c6/c8: кривая не построена (нет точки на квартике)
  F2 c2/c3: кривая не построена (нет точки на квартике)
  F2 c2/c5: кривая не построена (нет точки на квартике)
  F2 c2/c6: нет рациональной точки для коники
  F2 c2/c8: кривая не построена (нет точки на квартике)
  F2 c3/c5@t0=14: rank[2,2] g=2 src=pari sat=1 tors=4 st=2780 hmax=900 pr=50 surv=4 ex=0 bad=0 hits=0 t=0s
  F2 c3/c6: кривая не построена (нет точки на квартике)
  F2 c3/c8@t0=14: rank[2,2] g=2 src=pari sat=1 tors=4 st=1412 hmax=899 pr=50 surv=4 ex=0 bad=0 hits=0 t=0s
  F2 c5/c6: кривая не построена (нет точки на квартике)
  F2 c5/c8@t0=14: rank[1,1] g=1 src=pari sat=1 tors=4 st=124 hmax=900 pr=50 surv=4 ex=0 bad=0 hits=0 t=0s
  F2 c6/c8: кривая не построена (нет точки на квартике)
  F3 c1/c3: нет рациональной точки для коники
  F3 c1/c5: нет рациональной точки для коники
  F3 c1/c6: кривая не построена (нет точки на квартике)
  F3 c1/c7: нет рациональной точки для коники
  F3 c3/c5: нет рациональной точки для коники
  F3 c3/c6: кривая не построена (нет точки на квартике)
  F3 c3/c7: нет рациональной точки для коники
  F3 c5/c6: кривая не построена (нет точки на квартике)
  F3 c5/c7: нет рациональной точки для коники
  F3 c6/c7: кривая не построена (нет точки на квартике)
  F4 c2/c3: кривая не построена (нет точки на квартике)
  F4 c2/c5: кривая не построена (нет точки на квартике)
  F4 c2/c6: нет рациональной точки для коники
  F4 c2/c7: кривая не построена (нет точки на квартике)
  F4 c3/c5@t0=14: rank[1,1] g=1 src=pari sat=1 tors=4 st=124 hmax=835 pr=50 surv=4 ex=0 bad=0 hits=0 t=0s
  F4 c3/c6: кривая не построена (нет точки на квартике)
  F4 c3/c7@t0=14: rank[1,1] g=1 src=pari sat=1 tors=4 st=124 hmax=835 pr=50 surv=4 ex=0 bad=0 hits=0 t=0s
  F4 c5/c6@t0=14: rank[2,2] g=2 src=pari sat=1 tors=4 st=5308 hmax=898 pr=50 surv=6 ex=0 bad=0 hits=0 t=0s
  F4 c5/c7@t0=14: rank[2,2] g=2 src=pari sat=1 tors=4 st=2124 hmax=899 pr=50 surv=4 ex=0 bad=0 hits=0 t=0s
  F4 c6/c7: кривая не построена (нет точки на квартике)
== (P,Q)=(41,15) C=953 non
  F1 c0/c2: кривая не построена (нет точки на квартике)
  F1 c0/c3@t0=15: rank[2,2] g=2 src=pari sat=1 tors=4 st=1588 hmax=897 pr=50 surv=4 ex=0 bad=0 hits=0 t=0s
  F1 c0/c6: кривая не построена (нет точки на квартике)
  F1 c0/c8@t0=15: rank[2,2] g=2 src=pari sat=1 tors=4 st=2660 hmax=898 pr=50 surv=4 ex=0 bad=0 hits=0 t=0s
  F1 c3/c2@t0=15: rank[2,2] g=2 src=pari sat=1 tors=4 st=1588 hmax=897 pr=50 surv=2 ex=0 bad=0 hits=0 t=0s
  F1 c2/c6@t0=41: rank[2,2] g=2 src=pari sat=1 tors=4 st=1516 hmax=893 pr=50 surv=4 ex=0 bad=0 hits=0 t=0s
  F1 c2/c8: кривая не построена (нет точки на квартике)
  F1 c3/c6@t0=15: rank[2,2] g=2 src=pari sat=1 tors=4 st=1564 hmax=893 pr=50 surv=2 ex=0 bad=0 hits=0 t=0s
  F1 c3/c8@t0=15: rank[2,2] g=2 src=pari sat=1 tors=4 st=1564 hmax=893 pr=50 surv=4 ex=0 bad=0 hits=0 t=0s
  F1 c6/c8: кривая не построена (нет точки на квартике)
  F2 c2/c3: кривая не построена (нет точки на квартике)
  F2 c2/c5: кривая не построена (нет точки на квартике)
  F2 c2/c6: нет рациональной точки для коники
  F2 c2/c8: кривая не построена (нет точки на квартике)
  F2 c3/c5@t0=15: rank[2,2] g=2 src=pari sat=1 tors=4 st=1588 hmax=897 pr=50 surv=4 ex=0 bad=0 hits=0 t=0s
  F2 c3/c6: кривая не построена (нет точки на квартике)
  F2 c3/c8@t0=15: rank[2,2] g=2 src=pari sat=1 tors=4 st=1516 hmax=893 pr=50 surv=4 ex=0 bad=0 hits=0 t=0s
  F2 c5/c6: кривая не построена (нет точки на квартике)
  F2 c5/c8@t0=15: rank[2,2] g=2 src=pari sat=1 tors=4 st=2660 hmax=898 pr=50 surv=4 ex=0 bad=0 hits=0 t=0s
  F2 c6/c8: кривая не построена (нет точки на квартике)
  F3 c1/c3: нет рациональной точки для коники
  F3 c1/c5: нет рациональной точки для коники
  F3 c1/c6: кривая не построена (нет точки на квартике)
  F3 c1/c7: нет рациональной точки для коники
  F3 c3/c5: нет рациональной точки для коники
  F3 c3/c6: кривая не построена (нет точки на квартике)
  F3 c3/c7: нет рациональной точки для коники
  F3 c5/c6: кривая не построена (нет точки на квартике)
  F3 c5/c7: нет рациональной точки для коники
  F3 c6/c7: кривая не построена (нет точки на квартике)
  F4 c2/c3: кривая не построена (нет точки на квартике)
  F4 c2/c5: кривая не построена (нет точки на квартике)
  F4 c2/c6: нет рациональной точки для коники
  F4 c2/c7: кривая не построена (нет точки на квартике)
  F4 c3/c5@t0=15: rank[2,2] g=2 src=pari sat=1 tors=4 st=2892 hmax=899 pr=50 surv=4 ex=0 bad=0 hits=0 t=0s
  F4 c3/c6: кривая не построена (нет точки на квартике)
  F4 c3/c7@t0=15: rank[2,2] g=2 src=pari sat=1 tors=4 st=2892 hmax=899 pr=50 surv=4 ex=0 bad=0 hits=0 t=0s
  F4 c5/c6@t0=15: rank[1,1] g=1 src=pari sat=1 tors=4 st=100 hmax=844 pr=50 surv=6 ex=0 bad=0 hits=0 t=0s
  F4 c5/c7@t0=15: rank[2,2] g=2 src=pari sat=1 tors=4 st=2212 hmax=896 pr=50 surv=4 ex=0 bad=0 hits=0 t=0s
  F4 c6/c7: кривая не построена (нет точки на квартике)
== (P,Q)=(41,16) C=1937/2 non
  F1 c0/c2: кривая не построена (нет точки на квартике)
  F1 c0/c3@t0=16: rank[2,2] g=2 src=pari sat=1 tors=4 st=1980 hmax=899 pr=50 surv=4 ex=0 bad=0 hits=0 t=0s
  F1 c0/c6: кривая не построена (нет точки на квартике)
  F1 c0/c8@t0=16: rank[1,1] g=1 src=pari sat=1 tors=4 st=116 hmax=787 pr=50 surv=4 ex=0 bad=0 hits=0 t=0s
  F1 c3/c2@t0=16: rank[2,2] g=2 src=pari sat=1 tors=4 st=1980 hmax=899 pr=50 surv=2 ex=0 bad=0 hits=0 t=0s
  F1 c2/c6@t0=41: rank[2,2] g=2 src=pari sat=1 tors=4 st=3180 hmax=899 pr=50 surv=4 ex=0 bad=0 hits=0 t=0s
  F1 c2/c8: кривая не построена (нет точки на квартике)
  F1 c3/c6@t0=16: rank[3,3] g=3 src=pari sat=1 tors=4 st=9532 hmax=267 pr=50 surv=2 ex=0 bad=0 hits=0 t=0s
  F1 c3/c8@t0=16: rank[3,3] g=3 src=pari sat=1 tors=4 st=9532 hmax=267 pr=50 surv=4 ex=0 bad=0 hits=0 t=0s
  F1 c6/c8: кривая не построена (нет точки на квартике)
  F2 c2/c3: кривая не построена (нет точки на квартике)
  F2 c2/c5: кривая не построена (нет точки на квартике)
  F2 c2/c6: нет рациональной точки для коники
  F2 c2/c8: кривая не построена (нет точки на квартике)
  F2 c3/c5@t0=16: rank[2,2] g=2 src=pari sat=1 tors=4 st=1980 hmax=899 pr=50 surv=4 ex=0 bad=0 hits=0 t=0s
  F2 c3/c6: кривая не построена (нет точки на квартике)
  F2 c3/c8@t0=16: rank[2,2] g=2 src=pari sat=1 tors=4 st=3180 hmax=899 pr=50 surv=4 ex=0 bad=0 hits=0 t=0s
  F2 c5/c6: кривая не построена (нет точки на квартике)
  F2 c5/c8@t0=16: rank[1,1] g=1 src=pari sat=1 tors=4 st=116 hmax=787 pr=50 surv=4 ex=0 bad=0 hits=0 t=0s
  F2 c6/c8: кривая не построена (нет точки на квартике)
  F3 c1/c3: нет рациональной точки для коники
  F3 c1/c5: нет рациональной точки для коники
  F3 c1/c6: кривая не построена (нет точки на квартике)
  F3 c1/c7: нет рациональной точки для коники
  F3 c3/c5: нет рациональной точки для коники
  F3 c3/c6: кривая не построена (нет точки на квартике)
  F3 c3/c7: нет рациональной точки для коники
  F3 c5/c6: кривая не построена (нет точки на квартике)
  F3 c5/c7: нет рациональной точки для коники
  F3 c6/c7: кривая не построена (нет точки на квартике)
  F4 c2/c3: кривая не построена (нет точки на квартике)
  F4 c2/c5: кривая не построена (нет точки на квартике)
  F4 c2/c6: нет рациональной точки для коники
  F4 c2/c7: кривая не построена (нет точки на квартике)
  F4 c3/c5@t0=16: rank[2,2] g=2 src=pari sat=1 tors=4 st=3308 hmax=899 pr=50 surv=4 ex=0 bad=0 hits=0 t=0s
  F4 c3/c6: кривая не построена (нет точки на квартике)
  F4 c3/c7@t0=16: rank[2,2] g=2 src=pari sat=1 tors=4 st=3308 hmax=899 pr=50 surv=4 ex=0 bad=0 hits=0 t=0s
  F4 c5/c6: кривая не построена (нет точки на квартике)
  F4 c5/c7@t0=16: rank[3,3] g=3 src=pari sat=1 tors=4 st=9604 hmax=241 pr=50 surv=4 ex=0 bad=0 hits=0 t=0s
  F4 c6/c7: кривая не построена (нет точки на квартике)
== (P,Q)=(41,17) C=985 non
  F1 c0/c2: кривая не построена (нет точки на квартике)
  F1 c0/c3@t0=17: rank[2,2] g=2 src=pari sat=1 tors=4 st=3092 hmax=899 pr=50 surv=4 ex=0 bad=0 hits=0 t=0s
  F1 c0/c6@t0=17: rank[1,1] g=1 src=pari sat=1 tors=8 st=200 hmax=877 pr=50 surv=2 ex=0 bad=0 hits=0 t=0s
  F1 c0/c8@t0=17: rank[2,2] g=2 src=pari sat=1 tors=4 st=2892 hmax=899 pr=50 surv=4 ex=0 bad=0 hits=0 t=0s
  F1 c3/c2@t0=17: rank[2,2] g=2 src=pari sat=1 tors=4 st=3092 hmax=899 pr=50 surv=2 ex=0 bad=0 hits=0 t=0s
  F1 c2/c6@t0=41: rank[3,3] g=3 src=pari sat=1 tors=4 st=9604 hmax=245 pr=50 surv=4 ex=0 bad=0 hits=0 t=0s
  F1 c2/c8: кривая не построена (нет точки на квартике)
  F1 c3/c6@t0=17: rank[1,1] g=1 src=pari sat=1 tors=4 st=116 hmax=811 pr=50 surv=2 ex=0 bad=0 hits=0 t=0s
  F1 c3/c8@t0=17: rank[1,1] g=1 src=pari sat=1 tors=4 st=116 hmax=811 pr=50 surv=4 ex=0 bad=0 hits=0 t=0s
  F1 c6/c8: кривая не построена (нет точки на квартике)
  F2 c2/c3: кривая не построена (нет точки на квартике)
  F2 c2/c5: кривая не построена (нет точки на квартике)
  F2 c2/c6: нет рациональной точки для коники
  F2 c2/c8: кривая не построена (нет точки на квартике)
  F2 c3/c5@t0=17: rank[2,2] g=2 src=pari sat=1 tors=4 st=3092 hmax=899 pr=50 surv=4 ex=0 bad=0 hits=0 t=0s
  F2 c3/c6: кривая не построена (нет точки на квартике)
  F2 c3/c8@t0=17: rank[3,3] g=3 src=pari sat=1 tors=4 st=9604 hmax=245 pr=50 surv=4 ex=0 bad=0 hits=0 t=0s
  F2 c5/c6@t0=17: rank[1,1] g=1 src=pari sat=1 tors=8 st=200 hmax=877 pr=50 surv=2 ex=0 bad=0 hits=0 t=0s
  F2 c5/c8@t0=17: rank[2,2] g=2 src=pari sat=1 tors=4 st=2892 hmax=899 pr=50 surv=4 ex=0 bad=0 hits=0 t=0s
  F2 c6/c8: кривая не построена (нет точки на квартике)
  F3 c1/c3: нет рациональной точки для коники
  F3 c1/c5: нет рациональной точки для коники
  F3 c1/c6: кривая не построена (нет точки на квартике)
  F3 c1/c7: нет рациональной точки для коники
  F3 c3/c5: нет рациональной точки для коники
  F3 c3/c6: кривая не построена (нет точки на квартике)
  F3 c3/c7: нет рациональной точки для коники
  F3 c5/c6: кривая не построена (нет точки на квартике)
  F3 c5/c7: нет рациональной точки для коники
  F3 c6/c7: кривая не построена (нет точки на квартике)
  F4 c3/c2@t0=17: rank[2,2] g=2 src=pari sat=1 tors=4 st=4868 hmax=899 pr=50 surv=2 ex=0 bad=0 hits=0 t=0s
  F4 c2/c5: кривая не построена (нет точки на квартике)
  F4 c2/c6: нет рациональной точки для коники
  F4 c2/c7: кривая не построена (нет точки на квартике)
  F4 c3/c5@t0=17: rank[2,2] g=2 src=pari sat=1 tors=4 st=3572 hmax=899 pr=50 surv=4 ex=0 bad=0 hits=0 t=0s
  F4 c3/c6@t0=17: rank[2,2] g=2 src=pari sat=1 tors=4 st=4868 hmax=899 pr=50 surv=2 ex=0 bad=0 hits=0 t=0s
  F4 c3/c7@t0=17: rank[2,2] g=2 src=pari sat=1 tors=4 st=3572 hmax=899 pr=50 surv=4 ex=0 bad=0 hits=0 t=0s
  F4 c5/c6@t0=17: rank[1,1] g=1 src=pari sat=1 tors=4 st=132 hmax=852 pr=50 surv=6 ex=0 bad=0 hits=0 t=0s
  F4 c5/c7@t0=17: rank[2,2] g=2 src=pari sat=1 tors=4 st=3252 hmax=900 pr=50 surv=4 ex=0 bad=0 hits=0 t=0s
  F4 c6/c7: кривая не построена (нет точки на квартике)
== (P,Q)=(41,18) C=2005/2 non
  F1 c0/c2: кривая не построена (нет точки на квартике)
  F1 c0/c3@t0=18: rank[2,2] g=2 src=pari sat=1 tors=4 st=1732 hmax=897 pr=50 surv=4 ex=0 bad=0 hits=0 t=0s
  F1 c0/c6: кривая не построена (нет точки на квартике)
  F1 c0/c8@t0=18: rank[1,1] g=1 src=pari sat=1 tors=4 st=116 hmax=790 pr=50 surv=4 ex=0 bad=0 hits=0 t=0s
  F1 c3/c2@t0=18: rank[2,2] g=2 src=pari sat=1 tors=4 st=1732 hmax=897 pr=50 surv=2 ex=0 bad=0 hits=0 t=0s
  F1 c2/c6@t0=41: rank[3,3] g=3 src=pari sat=1 tors=4 st=9604 hmax=396 pr=50 surv=4 ex=0 bad=0 hits=0 t=0s
  F1 c2/c8: кривая не построена (нет точки на квартике)
  F1 c3/c6@t0=18: rank[2,2] g=2 src=pari sat=1 tors=4 st=1868 hmax=900 pr=50 surv=2 ex=0 bad=0 hits=0 t=0s
  F1 c3/c8@t0=18: rank[2,2] g=2 src=pari sat=1 tors=4 st=1868 hmax=900 pr=50 surv=4 ex=0 bad=0 hits=0 t=0s
  F1 c6/c8: кривая не построена (нет точки на квартике)
  F2 c2/c3: кривая не построена (нет точки на квартике)
  F2 c2/c5: кривая не построена (нет точки на квартике)
  F2 c2/c6: нет рациональной точки для коники
  F2 c2/c8: кривая не построена (нет точки на квартике)
  F2 c3/c5@t0=18: rank[2,2] g=2 src=pari sat=1 tors=4 st=1732 hmax=897 pr=50 surv=4 ex=0 bad=0 hits=0 t=0s
  F2 c3/c6: кривая не построена (нет точки на квартике)
  F2 c3/c8@t0=18: rank[3,3] g=3 src=pari sat=1 tors=4 st=9604 hmax=396 pr=50 surv=4 ex=0 bad=0 hits=0 t=0s
  F2 c5/c6: кривая не построена (нет точки на квартике)
  F2 c5/c8@t0=18: rank[1,1] g=1 src=pari sat=1 tors=4 st=116 hmax=790 pr=50 surv=4 ex=0 bad=0 hits=0 t=0s
  F2 c6/c8: кривая не построена (нет точки на квартике)
  F3 c1/c3: нет рациональной точки для коники
  F3 c1/c5: нет рациональной точки для коники
  F3 c1/c6: кривая не построена (нет точки на квартике)
  F3 c1/c7: нет рациональной точки для коники
  F3 c3/c5: нет рациональной точки для коники
  F3 c3/c6: кривая не построена (нет точки на квартике)
  F3 c3/c7: нет рациональной точки для коники
  F3 c5/c6: кривая не построена (нет точки на квартике)
  F3 c5/c7: нет рациональной точки для коники
  F3 c6/c7: кривая не построена (нет точки на квартике)
  F4 c2/c3: кривая не построена (нет точки на квартике)
  F4 c2/c5: кривая не построена (нет точки на квартике)
  F4 c2/c6: нет рациональной точки для коники
  F4 c2/c7: кривая не построена (нет точки на квартике)
  F4 c3/c5@t0=18: rank[1,1] g=1 src=pari sat=1 tors=4 st=124 hmax=835 pr=50 surv=4 ex=0 bad=0 hits=0 t=0s
  F4 c3/c6: кривая не построена (нет точки на квартике)
  F4 c3/c7@t0=18: rank[1,1] g=1 src=pari sat=1 tors=4 st=124 hmax=835 pr=50 surv=4 ex=0 bad=0 hits=0 t=0s
  F4 c5/c6: кривая не построена (нет точки на квартике)
  F4 c5/c7@t0=18: rank[2,2] g=2 src=pari sat=1 tors=4 st=2084 hmax=893 pr=50 surv=4 ex=0 bad=0 hits=0 t=0s
  F4 c6/c7: кривая не построена (нет точки на квартике)
== (P,Q)=(41,19) C=1021 non
  F1 c0/c2: кривая не построена (нет точки на квартике)
  F1 c0/c3@t0=19: rank[2,2] g=2 src=pari sat=1 tors=4 st=2324 hmax=899 pr=50 surv=4 ex=0 bad=0 hits=0 t=0s
  F1 c0/c6: кривая не построена (нет точки на квартике)
  F1 c0/c8@t0=19: rank[1,1] g=1 src=pari sat=1 tors=4 st=124 hmax=792 pr=50 surv=4 ex=0 bad=0 hits=0 t=0s
  F1 c3/c2@t0=19: rank[2,2] g=2 src=pari sat=1 tors=4 st=2324 hmax=899 pr=50 surv=2 ex=0 bad=0 hits=0 t=0s
  F1 c2/c6@t0=41: rank[1,1] g=1 src=pari sat=1 tors=4 st=132 hmax=861 pr=50 surv=4 ex=0 bad=0 hits=0 t=0s
  F1 c2/c8: кривая не построена (нет точки на квартике)
  F1 c3/c6@t0=19: rank[2,2] g=2 src=pari sat=1 tors=4 st=2172 hmax=894 pr=50 surv=2 ex=0 bad=0 hits=0 t=0s
  F1 c3/c8@t0=19: rank[2,2] g=2 src=pari sat=1 tors=4 st=2172 hmax=894 pr=50 surv=4 ex=0 bad=0 hits=0 t=0s
  F1 c6/c8: кривая не построена (нет точки на квартике)
  F2 c2/c3: кривая не построена (нет точки на квартике)
  F2 c2/c5: кривая не построена (нет точки на квартике)
  F2 c2/c6: нет рациональной точки для коники
  F2 c2/c8: кривая не построена (нет точки на квартике)
  F2 c3/c5@t0=19: rank[2,2] g=2 src=pari sat=1 tors=4 st=2324 hmax=899 pr=50 surv=4 ex=0 bad=0 hits=0 t=0s
  F2 c3/c6: кривая не построена (нет точки на квартике)
  F2 c3/c8@t0=19: rank[1,1] g=1 src=pari sat=1 tors=4 st=132 hmax=861 pr=50 surv=4 ex=0 bad=0 hits=0 t=0s
  F2 c5/c6: кривая не построена (нет точки на квартике)
  F2 c5/c8@t0=19: rank[1,1] g=1 src=pari sat=1 tors=4 st=124 hmax=792 pr=50 surv=4 ex=0 bad=0 hits=0 t=0s
  F2 c6/c8: кривая не построена (нет точки на квартике)
  F3 c1/c3: нет рациональной точки для коники
  F3 c1/c5: нет рациональной точки для коники
  F3 c1/c6: кривая не построена (нет точки на квартике)
  F3 c1/c7: нет рациональной точки для коники
  F3 c3/c5: нет рациональной точки для коники
  F3 c3/c6: кривая не построена (нет точки на квартике)
  F3 c3/c7: нет рациональной точки для коники
  F3 c5/c6: кривая не построена (нет точки на квартике)
  F3 c5/c7: нет рациональной точки для коники
  F3 c6/c7: кривая не построена (нет точки на квартике)
  F4 c2/c3: кривая не построена (нет точки на квартике)
  F4 c2/c5: кривая не построена (нет точки на квартике)
  F4 c2/c6: нет рациональной точки для коники
  F4 c2/c7: кривая не построена (нет точки на квартике)
  F4 c3/c5@t0=19: rank[1,1] g=1 src=pari sat=1 tors=4 st=116 hmax=795 pr=50 surv=4 ex=0 bad=0 hits=0 t=0s
  F4 c3/c6: кривая не построена (нет точки на квартике)
  F4 c3/c7@t0=19: rank[1,1] g=1 src=pari sat=1 tors=4 st=116 hmax=795 pr=50 surv=4 ex=0 bad=0 hits=0 t=0s
  F4 c5/c6@t0=19: rank[1,1] g=1 src=pari sat=1 tors=4 st=140 hmax=875 pr=50 surv=6 ex=0 bad=0 hits=0 t=0s
  F4 c5/c7@t0=19: rank[2,2] g=2 src=pari sat=1 tors=4 st=3484 hmax=899 pr=50 surv=4 ex=0 bad=0 hits=0 t=0s
  F4 c6/c7: кривая не построена (нет точки на квартике)
== (P,Q)=(41,20) C=2081/2 non
  F1 c0/c2: кривая не построена (нет точки на квартике)
  F1 c0/c3@t0=20: rank[2,2] g=2 src=pari sat=1 tors=4 st=1868 hmax=899 pr=50 surv=4 ex=0 bad=0 hits=0 t=0s
  F1 c0/c6: кривая не построена (нет точки на квартике)
  F1 c0/c8@t0=20: rank[2,2] g=2 src=pari sat=1 tors=4 st=2348 hmax=899 pr=50 surv=4 ex=0 bad=0 hits=0 t=0s
  F1 c3/c2@t0=20: rank[2,2] g=2 src=pari sat=1 tors=4 st=1868 hmax=899 pr=50 surv=2 ex=0 bad=0 hits=0 t=0s
  F1 c2/c6@t0=41: rank[2,2] g=2 src=pari sat=1 tors=4 st=1692 hmax=899 pr=50 surv=4 ex=0 bad=0 hits=0 t=0s
  F1 c2/c8: кривая не построена (нет точки на квартике)
  F1 c3/c6@t0=20: rank[2,2] g=2 src=pari sat=1 tors=4 st=1948 hmax=900 pr=50 surv=2 ex=0 bad=0 hits=0 t=0s
  F1 c3/c8@t0=20: rank[2,2] g=2 src=pari sat=1 tors=4 st=1948 hmax=900 pr=50 surv=4 ex=0 bad=0 hits=0 t=0s
  F1 c6/c8: кривая не построена (нет точки на квартике)
  F2 c2/c3: кривая не построена (нет точки на квартике)
  F2 c2/c5: кривая не построена (нет точки на квартике)
  F2 c2/c6: нет рациональной точки для коники
  F2 c2/c8: кривая не построена (нет точки на квартике)
  F2 c3/c5@t0=20: rank[2,2] g=2 src=pari sat=1 tors=4 st=1868 hmax=899 pr=50 surv=4 ex=0 bad=0 hits=0 t=0s
  F2 c3/c6: кривая не построена (нет точки на квартике)
  F2 c3/c8@t0=20: rank[2,2] g=2 src=pari sat=1 tors=4 st=1692 hmax=899 pr=50 surv=4 ex=0 bad=0 hits=0 t=0s
  F2 c5/c6: кривая не построена (нет точки на квартике)
  F2 c5/c8@t0=20: rank[2,2] g=2 src=pari sat=1 tors=4 st=2348 hmax=899 pr=50 surv=4 ex=0 bad=0 hits=0 t=0s
  F2 c6/c8: кривая не построена (нет точки на квартике)
  F3 c1/c3: нет рациональной точки для коники
  F3 c1/c5: нет рациональной точки для коники
  F3 c1/c6: кривая не построена (нет точки на квартике)
  F3 c1/c7: нет рациональной точки для коники
  F3 c3/c5: нет рациональной точки для коники
  F3 c3/c6: кривая не построена (нет точки на квартике)
  F3 c3/c7: нет рациональной точки для коники
  F3 c5/c6: кривая не построена (нет точки на квартике)
  F3 c5/c7: нет рациональной точки для коники
  F3 c6/c7: кривая не построена (нет точки на квартике)
  F4 c2/c3: кривая не построена (нет точки на квартике)
  F4 c2/c5: кривая не построена (нет точки на квартике)
  F4 c2/c6: нет рациональной точки для коники
  F4 c2/c7: кривая не построена (нет точки на квартике)
  F4 c3/c5@t0=20: rank[1,1] g=1 src=pari sat=1 tors=4 st=124 hmax=835 pr=50 surv=4 ex=0 bad=0 hits=0 t=0s
  F4 c3/c6: кривая не построена (нет точки на квартике)
  F4 c3/c7@t0=20: rank[1,1] g=1 src=pari sat=1 tors=4 st=124 hmax=835 pr=50 surv=4 ex=0 bad=0 hits=0 t=0s
  F4 c5/c6: кривая не построена (нет точки на квартике)
  F4 c5/c7@t0=20: rank[1,1] g=1 src=pari sat=1 tors=4 st=124 hmax=857 pr=50 surv=4 ex=0 bad=0 hits=0 t=0s
  F4 c6/c7: кривая не построена (нет точки на квартике)
== (P,Q)=(41,21) C=1061 non
  F1 c0/c2: кривая не построена (нет точки на квартике)
  F1 c0/c3@t0=21: rank[3,3] g=3 src=pari sat=1 tors=4 st=9604 hmax=265 pr=50 surv=4 ex=0 bad=0 hits=0 t=0s
  F1 c0/c6: кривая не построена (нет точки на квартике)
  F1 c0/c8@t0=21: rank[2,2] g=2 src=pari sat=1 tors=4 st=2452 hmax=899 pr=50 surv=4 ex=0 bad=0 hits=0 t=0s
  F1 c3/c2@t0=21: rank[3,3] g=3 src=pari sat=1 tors=4 st=9604 hmax=265 pr=50 surv=2 ex=0 bad=0 hits=0 t=0s
  F1 c2/c6@t0=41: rank[1,1] g=1 src=pari sat=1 tors=4 st=132 hmax=869 pr=50 surv=4 ex=0 bad=0 hits=0 t=0s
  F1 c2/c8: кривая не построена (нет точки на квартике)
  F1 c3/c6@t0=21: rank[2,2] g=2 src=pari sat=1 tors=4 st=1420 hmax=894 pr=50 surv=2 ex=0 bad=0 hits=0 t=0s
  F1 c3/c8@t0=21: rank[2,2] g=2 src=pari sat=1 tors=4 st=1420 hmax=894 pr=50 surv=4 ex=0 bad=0 hits=0 t=0s
  F1 c6/c8: кривая не построена (нет точки на квартике)
  F2 c2/c3: кривая не построена (нет точки на квартике)
  F2 c2/c5: кривая не построена (нет точки на квартике)
  F2 c2/c6: нет рациональной точки для коники
  F2 c2/c8: кривая не построена (нет точки на квартике)
  F2 c3/c5@t0=21: rank[3,3] g=3 src=pari sat=1 tors=4 st=9604 hmax=265 pr=50 surv=4 ex=0 bad=0 hits=0 t=0s
  F2 c3/c6: кривая не построена (нет точки на квартике)
  F2 c3/c8@t0=21: rank[1,1] g=1 src=pari sat=1 tors=4 st=132 hmax=869 pr=50 surv=4 ex=0 bad=0 hits=0 t=0s
  F2 c5/c6: кривая не построена (нет точки на квартике)
  F2 c5/c8@t0=21: rank[2,2] g=2 src=pari sat=1 tors=4 st=2452 hmax=899 pr=50 surv=4 ex=0 bad=0 hits=0 t=0s
  F2 c6/c8: кривая не построена (нет точки на квартике)
  F3 c1/c3: нет рациональной точки для коники
  F3 c1/c5: нет рациональной точки для коники
  F3 c1/c6: кривая не построена (нет точки на квартике)
  F3 c1/c7: нет рациональной точки для коники
  F3 c3/c5: нет рациональной точки для коники
  F3 c3/c6: кривая не построена (нет точки на квартике)
  F3 c3/c7: нет рациональной точки для коники
  F3 c5/c6: кривая не построена (нет точки на квартике)
  F3 c5/c7: нет рациональной точки для коники
  F3 c6/c7: кривая не построена (нет точки на квартике)
  F4 c2/c3: кривая не построена (нет точки на квартике)
  F4 c2/c5: кривая не построена (нет точки на квартике)
  F4 c2/c6: нет рациональной точки для коники
  F4 c2/c7: кривая не построена (нет точки на квартике)
  F4 c3/c5@t0=21: rank[2,2] g=2 src=pari sat=1 tors=4 st=2980 hmax=900 pr=50 surv=4 ex=0 bad=0 hits=0 t=0s
  F4 c3/c6: кривая не построена (нет точки на квартике)
  F4 c3/c7@t0=21: rank[2,2] g=2 src=pari sat=1 tors=4 st=2980 hmax=900 pr=50 surv=4 ex=0 bad=0 hits=0 t=0s
  F4 c5/c6: кривая не построена (нет точки на квартике)
  F4 c5/c7@t0=21: rank[1,1] g=1 src=pari sat=1 tors=4 st=124 hmax=859 pr=50 surv=4 ex=0 bad=0 hits=0 t=0s
  F4 c6/c7: кривая не построена (нет точки на квартике)
== (P,Q)=(41,22) C=2165/2 non
  F1 c0/c2: кривая не построена (нет точки на квартике)
  F1 c0/c3@t0=22: rank[2,2] g=2 src=pari sat=1 tors=4 st=2388 hmax=892 pr=50 surv=4 ex=0 bad=0 hits=0 t=0s
  F1 c0/c6: кривая не построена (нет точки на квартике)
  F1 c0/c8@t0=22: rank[3,3] g=3 src=pari sat=1 tors=4 st=9604 hmax=281 pr=50 surv=4 ex=0 bad=0 hits=0 t=0s
  F1 c3/c2@t0=22: rank[2,2] g=2 src=pari sat=1 tors=4 st=2388 hmax=892 pr=50 surv=2 ex=0 bad=0 hits=0 t=0s
  F1 c2/c6@t0=41: rank[3,3] g=3 src=pari sat=1 tors=4 st=9572 hmax=362 pr=50 surv=4 ex=0 bad=0 hits=0 t=0s
  F1 c2/c8: кривая не построена (нет точки на квартике)
  F1 c3/c6@t0=22: rank[2,2] g=2 src=pari sat=1 tors=4 st=2172 hmax=895 pr=50 surv=2 ex=0 bad=0 hits=0 t=0s
  F1 c3/c8@t0=22: rank[2,2] g=2 src=pari sat=1 tors=4 st=2172 hmax=895 pr=50 surv=4 ex=0 bad=0 hits=0 t=0s
  F1 c6/c8: кривая не построена (нет точки на квартике)
  F2 c2/c3: кривая не построена (нет точки на квартике)
  F2 c2/c5: кривая не построена (нет точки на квартике)
  F2 c2/c6: нет рациональной точки для коники
  F2 c2/c8: кривая не построена (нет точки на квартике)
  F2 c3/c5@t0=22: rank[2,2] g=2 src=pari sat=1 tors=4 st=2388 hmax=892 pr=50 surv=4 ex=0 bad=0 hits=0 t=0s
  F2 c3/c6: кривая не построена (нет точки на квартике)
  F2 c3/c8@t0=22: rank[3,3] g=3 src=pari sat=1 tors=4 st=9572 hmax=362 pr=50 surv=4 ex=0 bad=0 hits=0 t=0s
  F2 c5/c6: кривая не построена (нет точки на квартике)
  F2 c5/c8@t0=22: rank[3,3] g=3 src=pari sat=1 tors=4 st=9604 hmax=281 pr=50 surv=4 ex=0 bad=0 hits=0 t=0s
  F2 c6/c8: кривая не построена (нет точки на квартике)
  F3 c1/c3: нет рациональной точки для коники
  F3 c1/c5: нет рациональной точки для коники
  F3 c1/c6: кривая не построена (нет точки на квартике)
  F3 c1/c7: нет рациональной точки для коники
  F3 c3/c5: нет рациональной точки для коники
  F3 c3/c6: кривая не построена (нет точки на квартике)
  F3 c3/c7: нет рациональной точки для коники
  F3 c5/c6: кривая не построена (нет точки на квартике)
  F3 c5/c7: нет рациональной точки для коники
  F3 c6/c7: кривая не построена (нет точки на квартике)
  F4 c2/c3: кривая не построена (нет точки на квартике)
  F4 c2/c5: кривая не построена (нет точки на квартике)
  F4 c2/c6: нет рациональной точки для коники
  F4 c2/c7: кривая не построена (нет точки на квартике)
  F4 c3/c5@t0=22: rank[1,1] g=1 src=pari sat=1 tors=4 st=124 hmax=834 pr=50 surv=4 ex=0 bad=0 hits=0 t=0s
  F4 c3/c6: кривая не построена (нет точки на квартике)
  F4 c3/c7@t0=22: rank[1,1] g=1 src=pari sat=1 tors=4 st=124 hmax=834 pr=50 surv=4 ex=0 bad=0 hits=0 t=0s
  F4 c5/c6: кривая не построена (нет точки на квартике)
  F4 c5/c7@t0=22: rank[2,2] g=2 src=pari sat=1 tors=4 st=2332 hmax=900 pr=50 surv=4 ex=0 bad=0 hits=0 t=0s
  F4 c6/c7: кривая не построена (нет точки на квартике)
== (P,Q)=(41,23) C=1105 non
  F1 c0/c2: кривая не построена (нет точки на квартике)
  F1 c0/c3@t0=23: rank[3,3] g=3 src=pari sat=1 tors=4 st=9580 hmax=179 pr=50 surv=4 ex=0 bad=0 hits=0 t=0s
  F1 c0/c6: кривая не построена (нет точки на квартике)
  F1 c0/c8@t0=23: rank[3,3] g=3 src=pari sat=1 tors=4 st=9564 hmax=198 pr=50 surv=4 ex=0 bad=0 hits=0 t=0s
  F1 c3/c2@t0=23: rank[3,3] g=3 src=pari sat=1 tors=4 st=9580 hmax=179 pr=50 surv=2 ex=0 bad=0 hits=0 t=0s
  F1 c2/c6@t0=41: rank[2,2] g=2 src=pari sat=1 tors=4 st=4908 hmax=900 pr=50 surv=4 ex=0 bad=0 hits=0 t=0s
  F1 c2/c8: кривая не построена (нет точки на квартике)
  F1 c3/c6@t0=23: rank[2,2] g=2 src=pari sat=1 tors=4 st=3996 hmax=897 pr=50 surv=2 ex=0 bad=0 hits=0 t=0s
  F1 c3/c8@t0=23: rank[2,2] g=2 src=pari sat=1 tors=4 st=3996 hmax=897 pr=50 surv=4 ex=0 bad=0 hits=0 t=0s
  F1 c6/c8: кривая не построена (нет точки на квартике)
  F2 c2/c3: кривая не построена (нет точки на квартике)
  F2 c2/c5: кривая не построена (нет точки на квартике)
  F2 c2/c6: нет рациональной точки для коники
  F2 c2/c8: кривая не построена (нет точки на квартике)
  F2 c3/c5@t0=23: rank[3,3] g=3 src=pari sat=1 tors=4 st=9580 hmax=179 pr=50 surv=4 ex=0 bad=0 hits=0 t=0s
  F2 c3/c6: кривая не построена (нет точки на квартике)
  F2 c3/c8@t0=23: rank[2,2] g=2 src=pari sat=1 tors=4 st=4908 hmax=900 pr=50 surv=4 ex=0 bad=0 hits=0 t=0s
  F2 c5/c6: кривая не построена (нет точки на квартике)
  F2 c5/c8@t0=23: rank[3,3] g=3 src=pari sat=1 tors=4 st=9564 hmax=198 pr=50 surv=4 ex=0 bad=0 hits=0 t=0s
  F2 c6/c8: кривая не построена (нет точки на квартике)
  F3 c1/c3: нет рациональной точки для коники
  F3 c1/c5: нет рациональной точки для коники
  F3 c1/c6: кривая не построена (нет точки на квартике)
  F3 c1/c7: нет рациональной точки для коники
  F3 c3/c5: нет рациональной точки для коники
  F3 c3/c6: кривая не построена (нет точки на квартике)
  F3 c3/c7: нет рациональной точки для коники
  F3 c5/c6: кривая не построена (нет точки на квартике)
  F3 c5/c7: нет рациональной точки для коники
  F3 c6/c7: кривая не построена (нет точки на квартике)
  F4 c2/c3: кривая не построена (нет точки на квартике)
  F4 c2/c5: кривая не построена (нет точки на квартике)
  F4 c2/c6: нет рациональной точки для коники
  F4 c2/c7: кривая не построена (нет точки на квартике)
  F4 c3/c5@t0=23: rank[2,2] g=2 src=pari sat=1 tors=4 st=3428 hmax=900 pr=50 surv=4 ex=0 bad=0 hits=0 t=0s
  F4 c3/c6: кривая не построена (нет точки на квартике)
  F4 c3/c7@t0=23: rank[2,2] g=2 src=pari sat=1 tors=4 st=3428 hmax=900 pr=50 surv=4 ex=0 bad=0 hits=0 t=0s
  F4 c5/c6: кривая не построена (нет точки на квартике)
  F4 c5/c7@t0=23: rank[1,1] g=1 src=pari sat=1 tors=4 st=124 hmax=863 pr=50 surv=4 ex=0 bad=0 hits=0 t=0s
  F4 c6/c7: кривая не построена (нет точки на квартике)
== (P,Q)=(41,24) C=2257/2 non
  F1 c0/c2: кривая не построена (нет точки на квартике)
  F1 c0/c3@t0=24: rank[2,2] g=2 src=pari sat=1 tors=4 st=1660 hmax=900 pr=50 surv=4 ex=0 bad=0 hits=0 t=0s
  F1 c0/c6: кривая не построена (нет точки на квартике)
  F1 c0/c8@t0=24: rank[1,1] g=1 src=pari sat=1 tors=4 st=116 hmax=800 pr=50 surv=4 ex=0 bad=0 hits=0 t=0s
  F1 c3/c2@t0=24: rank[2,2] g=2 src=pari sat=1 tors=4 st=1660 hmax=900 pr=50 surv=2 ex=0 bad=0 hits=0 t=0s
  F1 c2/c6@t0=41: rank[2,2] g=2 src=pari sat=1 tors=4 st=2436 hmax=896 pr=50 surv=4 ex=0 bad=0 hits=0 t=0s
  F1 c2/c8: кривая не построена (нет точки на квартике)
  F1 c3/c6@t0=24: rank[1,1] g=1 src=pari sat=1 tors=4 st=124 hmax=867 pr=50 surv=2 ex=0 bad=0 hits=0 t=0s
  F1 c3/c8@t0=24: rank[1,1] g=1 src=pari sat=1 tors=4 st=124 hmax=867 pr=50 surv=4 ex=0 bad=0 hits=0 t=0s
  F1 c6/c8: кривая не построена (нет точки на квартике)
  F2 c2/c3: кривая не построена (нет точки на квартике)
  F2 c2/c5: кривая не построена (нет точки на квартике)
  F2 c2/c6: нет рациональной точки для коники
  F2 c2/c8: кривая не построена (нет точки на квартике)
  F2 c3/c5@t0=24: rank[2,2] g=2 src=pari sat=1 tors=4 st=1660 hmax=900 pr=50 surv=4 ex=0 bad=0 hits=0 t=0s
  F2 c3/c6: кривая не построена (нет точки на квартике)
  F2 c3/c8@t0=24: rank[2,2] g=2 src=pari sat=1 tors=4 st=2436 hmax=896 pr=50 surv=4 ex=0 bad=0 hits=0 t=0s
  F2 c5/c6: кривая не построена (нет точки на квартике)
  F2 c5/c8@t0=24: rank[1,1] g=1 src=pari sat=1 tors=4 st=116 hmax=800 pr=50 surv=4 ex=0 bad=0 hits=0 t=0s
  F2 c6/c8: кривая не построена (нет точки на квартике)
  F3 c1/c3: нет рациональной точки для коники
  F3 c1/c5: нет рациональной точки для коники
  F3 c1/c6: кривая не построена (нет точки на квартике)
  F3 c1/c7: нет рациональной точки для коники
  F3 c3/c5: нет рациональной точки для коники
  F3 c3/c6: кривая не построена (нет точки на квартике)
  F3 c3/c7: нет рациональной точки для коники
  F3 c5/c6: кривая не построена (нет точки на квартике)
  F3 c5/c7: нет рациональной точки для коники
  F3 c6/c7: кривая не построена (нет точки на квартике)
  F4 c2/c3: кривая не построена (нет точки на квартике)
  F4 c2/c5: кривая не построена (нет точки на квартике)
  F4 c2/c6: нет рациональной точки для коники
  F4 c2/c7: кривая не построена (нет точки на квартике)
  F4 c3/c5@t0=24: rank[1,1] g=1 src=pari sat=1 tors=4 st=124 hmax=834 pr=50 surv=4 ex=0 bad=0 hits=0 t=0s
  F4 c3/c6: кривая не построена (нет точки на квартике)
  F4 c3/c7@t0=24: rank[1,1] g=1 src=pari sat=1 tors=4 st=124 hmax=834 pr=50 surv=4 ex=0 bad=0 hits=0 t=0s
  F4 c5/c6: кривая не построена (нет точки на квартике)
  F4 c5/c7@t0=24: rank[2,2] g=2 src=pari sat=1 tors=4 st=4284 hmax=895 pr=50 surv=4 ex=0 bad=0 hits=0 t=0s
  F4 c6/c7: кривая не построена (нет точки на квартике)
== (P,Q)=(41,25) C=1153 non
  F1 c0/c2: кривая не построена (нет точки на квартике)
  F1 c0/c3@t0=25: rank[1,1] g=1 src=pari sat=1 tors=4 st=116 hmax=820 pr=50 surv=4 ex=0 bad=0 hits=0 t=0s
  F1 c0/c6: кривая не построена (нет точки на квартике)
  F1 c0/c8@t0=25: rank[1,1] g=1 src=pari sat=1 tors=4 st=124 hmax=804 pr=50 surv=4 ex=0 bad=0 hits=0 t=0s
  F1 c3/c2@t0=25: rank[1,1] g=1 src=pari sat=1 tors=4 st=116 hmax=820 pr=50 surv=2 ex=0 bad=0 hits=0 t=0s
  F1 c2/c6@t0=41: rank[1,1] g=1 src=pari sat=1 tors=4 st=132 hmax=885 pr=50 surv=4 ex=0 bad=0 hits=0 t=0s
  F1 c2/c8: кривая не построена (нет точки на квартике)
  F1 c3/c6@t0=25: rank[3,3] g=3 src=pari sat=1 tors=4 st=9588 hmax=388 pr=50 surv=2 ex=0 bad=0 hits=0 t=0s
  F1 c3/c8@t0=25: rank[3,3] g=3 src=pari sat=1 tors=4 st=9588 hmax=388 pr=50 surv=4 ex=0 bad=0 hits=0 t=0s
  F1 c8/c6@t0=25: rank[1,1] g=1 src=pari sat=1 tors=4 st=60 hmax=719 pr=50 surv=2 ex=0 bad=0 hits=0 t=0s
  F2 c2/c3: кривая не построена (нет точки на квартике)
  F2 c2/c5: кривая не построена (нет точки на квартике)
  F2 c2/c6: кривая не построена (нет точки на квартике)
  F2 c2/c8: кривая не построена (нет точки на квартике)
  F2 c3/c5@t0=25: rank[1,1] g=1 src=pari sat=1 tors=4 st=116 hmax=820 pr=50 surv=4 ex=0 bad=0 hits=0 t=0s
  F2 c3/c6: кривая не построена (нет точки на квартике)
  F2 c3/c8@t0=25: rank[1,1] g=1 src=pari sat=1 tors=4 st=132 hmax=885 pr=50 surv=4 ex=0 bad=0 hits=0 t=0s
  F2 c5/c6: кривая не построена (нет точки на квартике)
  F2 c5/c8@t0=25: rank[1,1] g=1 src=pari sat=1 tors=4 st=124 hmax=804 pr=50 surv=4 ex=0 bad=0 hits=0 t=0s
  F2 c8/c6@t0=25: rank[2,2] g=2 src=pari sat=1 tors=4 st=2028 hmax=894 pr=50 surv=2 ex=0 bad=0 hits=0 t=0s
  F3 c1/c3: кривая не построена (нет точки на квартике)
  F3 c1/c5: кривая не построена (нет точки на квартике)
  F3 c1/c6: кривая не построена (нет точки на квартике)
  F3 c1/c7: кривая не построена (нет точки на квартике)
  F3 c5/c3@t0=25: rank[2,2] g=2 src=pari sat=1 tors=4 st=2028 hmax=894 pr=50 surv=2 ex=0 bad=0 hits=0 t=0s
  F3 c3/c6: кривая не построена (нет точки на квартике)
  F3 c3/c7: кривая не построена (нет точки на квартике)
  F3 c5/c6@t0=25: rank[2,2] g=2 src=pari sat=1 tors=4 st=2028 hmax=894 pr=50 surv=4 ex=0 bad=0 hits=0 t=0s
  F3 c5/c7@t0=25: rank[2,2] g=2 src=pari sat=1 tors=4 st=2420 hmax=899 pr=50 surv=2 ex=0 bad=0 hits=0 t=0s
  F3 c6/c7@t0=25: rank[2,2] g=2 src=pari sat=1 tors=4 st=2028 hmax=894 pr=50 surv=2 ex=0 bad=0 hits=0 t=0s
  F4 c2/c3: кривая не построена (нет точки на квартике)
  F4 c2/c5: кривая не построена (нет точки на квартике)
  F4 c2/c6: кривая не построена (нет точки на квартике)
  F4 c2/c7: кривая не построена (нет точки на квартике)
  F4 c3/c5@t0=25: rank[1,1] g=1 src=pari sat=1 tors=4 st=116 hmax=794 pr=50 surv=4 ex=0 bad=0 hits=0 t=0s
  F4 c3/c6: кривая не построена (нет точки на квартике)
  F4 c3/c7@t0=25: rank[1,1] g=1 src=pari sat=1 tors=4 st=116 hmax=794 pr=50 surv=4 ex=0 bad=0 hits=0 t=0s
  F4 c5/c6: кривая не построена (нет точки на квартике)
  F4 c5/c7@t0=25: rank[3,3] g=3 src=pari sat=1 tors=4 st=9604 hmax=200 pr=50 surv=4 ex=0 bad=0 hits=0 t=0s
  F4 c7/c6@t0=25: rank[2,2] g=2 src=pari sat=1 tors=4 st=2028 hmax=894 pr=50 surv=2 ex=0 bad=0 hits=0 t=0s
== (P,Q)=(41,26) C=2357/2 non
  F1 c0/c2: кривая не построена (нет точки на квартике)
  F1 c0/c3@t0=26: rank[2,2] g=2 src=pari sat=1 tors=4 st=1740 hmax=897 pr=50 surv=4 ex=0 bad=0 hits=0 t=0s
  F1 c0/c6: кривая не построена (нет точки на квартике)
  F1 c0/c8@t0=26: rank[2,2] g=2 src=pari sat=1 tors=4 st=1876 hmax=899 pr=50 surv=4 ex=0 bad=0 hits=0 t=0s
  F1 c3/c2@t0=26: rank[2,2] g=2 src=pari sat=1 tors=4 st=1740 hmax=897 pr=50 surv=2 ex=0 bad=0 hits=0 t=0s
  F1 c2/c6@t0=41: rank[1,1] g=1 src=pari sat=1 tors=4 st=124 hmax=899 pr=50 surv=4 ex=0 bad=0 hits=0 t=0s
  F1 c2/c8: кривая не построена (нет точки на квартике)
  F1 c3/c6@t0=26: rank[1,1] g=1 src=pari sat=1 tors=4 st=124 hmax=872 pr=50 surv=2 ex=0 bad=0 hits=0 t=0s
  F1 c3/c8@t0=26: rank[1,1] g=1 src=pari sat=1 tors=4 st=124 hmax=872 pr=50 surv=4 ex=0 bad=0 hits=0 t=0s
  F1 c6/c8: кривая не построена (нет точки на квартике)
  F2 c2/c3: кривая не построена (нет точки на квартике)
  F2 c2/c5: кривая не построена (нет точки на квартике)
  F2 c2/c6: нет рациональной точки для коники
  F2 c2/c8: кривая не построена (нет точки на квартике)
  F2 c3/c5@t0=26: rank[2,2] g=2 src=pari sat=1 tors=4 st=1740 hmax=897 pr=50 surv=4 ex=0 bad=0 hits=0 t=0s
  F2 c3/c6: кривая не построена (нет точки на квартике)
  F2 c3/c8@t0=26: rank[1,1] g=1 src=pari sat=1 tors=4 st=124 hmax=899 pr=50 surv=4 ex=0 bad=0 hits=0 t=0s
  F2 c5/c6: кривая не построена (нет точки на квартике)
  F2 c5/c8@t0=26: rank[2,2] g=2 src=pari sat=1 tors=4 st=1876 hmax=899 pr=50 surv=4 ex=0 bad=0 hits=0 t=0s
  F2 c6/c8: кривая не построена (нет точки на квартике)
  F3 c1/c3: нет рациональной точки для коники
  F3 c1/c5: нет рациональной точки для коники
  F3 c1/c6: кривая не построена (нет точки на квартике)
  F3 c1/c7: нет рациональной точки для коники
  F3 c3/c5: нет рациональной точки для коники
  F3 c3/c6: кривая не построена (нет точки на квартике)
  F3 c3/c7: нет рациональной точки для коники
  F3 c5/c6: кривая не построена (нет точки на квартике)
  F3 c5/c7: нет рациональной точки для коники
  F3 c6/c7: кривая не построена (нет точки на квартике)
  F4 c2/c3: кривая не построена (нет точки на квартике)
  F4 c2/c5: кривая не построена (нет точки на квартике)
  F4 c2/c6: нет рациональной точки для коники
  F4 c2/c7: кривая не построена (нет точки на квартике)
  F4 c3/c5@t0=26: rank[2,2] g=2 src=pari sat=1 tors=4 st=3380 hmax=900 pr=50 surv=4 ex=0 bad=0 hits=0 t=0s
  F4 c3/c6: кривая не построена (нет точки на квартике)
  F4 c3/c7@t0=26: rank[2,2] g=2 src=pari sat=1 tors=4 st=3380 hmax=900 pr=50 surv=4 ex=0 bad=0 hits=0 t=0s
  F4 c5/c6: кривая не построена (нет точки на квартике)
  F4 c5/c7@t0=26: rank[2,2] g=2 src=pari sat=1 tors=4 st=2004 hmax=889 pr=50 surv=4 ex=0 bad=0 hits=0 t=0s
  F4 c6/c7: кривая не построена (нет точки на квартике)
== (P,Q)=(41,27) C=1205 non
  F1 c0/c2: кривая не построена (нет точки на квартике)
  F1 c0/c3@t0=27: rank[1,1] g=1 src=pari sat=1 tors=4 st=116 hmax=825 pr=50 surv=4 ex=0 bad=0 hits=0 t=0s
  F1 c0/c6: кривая не построена (нет точки на квартике)
  F1 c0/c8@t0=27: rank[2,2] g=2 src=pari sat=1 tors=4 st=1348 hmax=899 pr=50 surv=4 ex=0 bad=0 hits=0 t=0s
  F1 c3/c2@t0=27: rank[1,1] g=1 src=pari sat=1 tors=4 st=116 hmax=825 pr=50 surv=2 ex=0 bad=0 hits=0 t=0s
  F1 c2/c6@t0=41: rank[2,2] g=2 src=pari sat=1 tors=4 st=2148 hmax=900 pr=50 surv=4 ex=0 bad=0 hits=0 t=0s
  F1 c2/c8: кривая не построена (нет точки на квартике)
  F1 c3/c6@t0=27: rank[3,3] g=3 src=pari sat=1 tors=4 st=9604 hmax=359 pr=50 surv=2 ex=0 bad=0 hits=0 t=0s
  F1 c3/c8@t0=27: rank[3,3] g=3 src=pari sat=1 tors=4 st=9604 hmax=359 pr=50 surv=4 ex=0 bad=0 hits=0 t=0s
  F1 c6/c8: кривая не построена (нет точки на квартике)
  F2 c2/c3: кривая не построена (нет точки на квартике)
  F2 c2/c5: кривая не построена (нет точки на квартике)
  F2 c2/c6: нет рациональной точки для коники
  F2 c2/c8: кривая не построена (нет точки на квартике)
  F2 c3/c5@t0=27: rank[1,1] g=1 src=pari sat=1 tors=4 st=116 hmax=825 pr=50 surv=4 ex=0 bad=0 hits=0 t=0s
  F2 c3/c6: кривая не построена (нет точки на квартике)
  F2 c3/c8@t0=27: rank[2,2] g=2 src=pari sat=1 tors=4 st=2148 hmax=900 pr=50 surv=4 ex=0 bad=0 hits=0 t=0s
  F2 c5/c6: кривая не построена (нет точки на квартике)
  F2 c5/c8@t0=27: rank[2,2] g=2 src=pari sat=1 tors=4 st=1348 hmax=899 pr=50 surv=4 ex=0 bad=0 hits=0 t=0s
  F2 c6/c8: кривая не построена (нет точки на квартике)
  F3 c1/c3: нет рациональной точки для коники
  F3 c1/c5: нет рациональной точки для коники
  F3 c1/c6: кривая не построена (нет точки на квартике)
  F3 c1/c7: нет рациональной точки для коники
  F3 c3/c5: нет рациональной точки для коники
  F3 c3/c6: кривая не построена (нет точки на квартике)
  F3 c3/c7: нет рациональной точки для коники
  F3 c5/c6: кривая не построена (нет точки на квартике)
  F3 c5/c7: нет рациональной точки для коники
  F3 c6/c7: кривая не построена (нет точки на квартике)
  F4 c2/c3: кривая не построена (нет точки на квартике)
  F4 c2/c5: кривая не построена (нет точки на квартике)
  F4 c2/c6: нет рациональной точки для коники
  F4 c2/c7: кривая не построена (нет точки на квартике)
  F4 c3/c5@t0=27: rank[2,2] g=2 src=pari sat=1 tors=4 st=2468 hmax=898 pr=50 surv=4 ex=0 bad=0 hits=0 t=0s
  F4 c3/c6: кривая не построена (нет точки на квартике)
  F4 c3/c7@t0=27: rank[2,2] g=2 src=pari sat=1 tors=4 st=2468 hmax=898 pr=50 surv=4 ex=0 bad=0 hits=0 t=0s
  F4 c5/c6@t0=27: rank[1,1] g=1 src=pari sat=1 tors=4 st=108 hmax=853 pr=50 surv=6 ex=0 bad=0 hits=0 t=0s
  F4 c5/c7@t0=27: rank[3,3] g=3 src=pari sat=1 tors=4 st=9516 hmax=221 pr=50 surv=4 ex=0 bad=0 hits=0 t=0s
  F4 c6/c7: кривая не построена (нет точки на квартике)
== (P,Q)=(41,28) C=2465/2 non
  F1 c0/c2: кривая не построена (нет точки на квартике)
  F1 c0/c3@t0=28: rank[1,1] g=1 src=pari sat=1 tors=4 st=116 hmax=827 pr=50 surv=4 ex=0 bad=0 hits=0 t=0s
  F1 c0/c6: кривая не построена (нет точки на квартике)
  F1 c0/c8@t0=28: rank[1,1] g=1 src=pari sat=1 tors=4 st=116 hmax=807 pr=50 surv=4 ex=0 bad=0 hits=0 t=0s
  F1 c3/c2@t0=28: rank[1,1] g=1 src=pari sat=1 tors=4 st=116 hmax=827 pr=50 surv=2 ex=0 bad=0 hits=0 t=0s
  F1 c2/c6@t0=41: rank[2,2] g=2 src=pari sat=1 tors=4 st=2884 hmax=899 pr=50 surv=4 ex=0 bad=0 hits=0 t=0s
  F1 c2/c8: кривая не построена (нет точки на квартике)
  F1 c3/c6@t0=28: rank[2,2] g=2 src=pari sat=1 tors=4 st=2260 hmax=898 pr=50 surv=2 ex=0 bad=0 hits=0 t=0s
  F1 c3/c8@t0=28: rank[2,2] g=2 src=pari sat=1 tors=4 st=2260 hmax=898 pr=50 surv=4 ex=0 bad=0 hits=0 t=0s
  F1 c6/c8: кривая не построена (нет точки на квартике)
  F2 c2/c3: кривая не построена (нет точки на квартике)
  F2 c2/c5: кривая не построена (нет точки на квартике)
  F2 c2/c6: нет рациональной точки для коники
  F2 c2/c8: кривая не построена (нет точки на квартике)
  F2 c3/c5@t0=28: rank[1,1] g=1 src=pari sat=1 tors=4 st=116 hmax=827 pr=50 surv=4 ex=0 bad=0 hits=0 t=0s
  F2 c3/c6: кривая не построена (нет точки на квартике)
  F2 c3/c8@t0=28: rank[2,2] g=2 src=pari sat=1 tors=4 st=2884 hmax=899 pr=50 surv=4 ex=0 bad=0 hits=0 t=0s
  F2 c5/c6: кривая не построена (нет точки на квартике)
  F2 c5/c8@t0=28: rank[1,1] g=1 src=pari sat=1 tors=4 st=116 hmax=807 pr=50 surv=4 ex=0 bad=0 hits=0 t=0s
  F2 c6/c8: кривая не построена (нет точки на квартике)
  F3 c1/c3: нет рациональной точки для коники
  F3 c1/c5: нет рациональной точки для коники
  F3 c1/c6: кривая не построена (нет точки на квартике)
  F3 c1/c7: нет рациональной точки для коники
  F3 c3/c5: нет рациональной точки для коники
  F3 c3/c6: кривая не построена (нет точки на квартике)
  F3 c3/c7: нет рациональной точки для коники
  F3 c5/c6: кривая не построена (нет точки на квартике)
  F3 c5/c7: нет рациональной точки для коники
  F3 c6/c7: кривая не построена (нет точки на квартике)
  F4 c2/c3: кривая не построена (нет точки на квартике)
  F4 c2/c5: кривая не построена (нет точки на квартике)
  F4 c2/c6: нет рациональной точки для коники
  F4 c2/c7: кривая не построена (нет точки на квартике)
  F4 c3/c5@t0=28: rank[2,2] g=2 src=pari sat=1 tors=4 st=4244 hmax=896 pr=50 surv=4 ex=0 bad=0 hits=0 t=0s
  F4 c3/c6: кривая не построена (нет точки на квартике)
  F4 c3/c7@t0=28: rank[2,2] g=2 src=pari sat=1 tors=4 st=4244 hmax=896 pr=50 surv=4 ex=0 bad=0 hits=0 t=0s
  F4 c5/c6@t0=28: rank[2,2] g=2 src=pari sat=1 tors=4 st=2940 hmax=899 pr=50 surv=6 ex=0 bad=0 hits=0 t=0s
  F4 c5/c7@t0=28: rank[3,3] g=3 src=pari sat=1 tors=4 st=9540 hmax=189 pr=50 surv=4 ex=0 bad=0 hits=0 t=0s
  F4 c6/c7: кривая не построена (нет точки на квартике)
== (P,Q)=(41,29) C=1261 non
  F1 c0/c2: кривая не построена (нет точки на квартике)
  F1 c0/c3@t0=29: rank[2,2] g=2 src=pari sat=1 tors=4 st=2652 hmax=896 pr=50 surv=4 ex=0 bad=0 hits=0 t=0s
  F1 c0/c6: кривая не построена (нет точки на квартике)
  F1 c0/c8@t0=29: rank[2,2] g=2 src=pari sat=1 tors=4 st=1916 hmax=900 pr=50 surv=4 ex=0 bad=0 hits=0 t=0s
  F1 c2/c3@t0=1: rank[2,2] g=2 src=pari sat=1 tors=4 st=2652 hmax=896 pr=50 surv=2 ex=0 bad=0 hits=0 t=0s
  F1 c2/c6@t0=1: rank[3,3] g=3 src=pari sat=1 tors=4 st=9572 hmax=174 pr=50 surv=4 ex=0 bad=0 hits=0 t=0s
  F1 c2/c8: кривая не построена (нет точки на квартике)
  F1 c6/c3@t0=1: rank[1,1] g=1 src=pari sat=1 tors=4 st=116 hmax=834 pr=50 surv=2 ex=0 bad=0 hits=0 t=0s
  F1 c3/c8@t0=29: rank[1,1] g=1 src=pari sat=1 tors=4 st=116 hmax=834 pr=50 surv=4 ex=0 bad=0 hits=0 t=0s
  F1 c6/c8: кривая не построена (нет точки на квартике)
  F2 c2/c3: кривая не построена (нет точки на квартике)
  F2 c2/c5: кривая не построена (нет точки на квартике)
  F2 c2/c6: нет рациональной точки для коники
  F2 c2/c8: кривая не построена (нет точки на квартике)
  F2 c3/c5@t0=29: rank[2,2] g=2 src=pari sat=1 tors=4 st=2652 hmax=896 pr=50 surv=4 ex=0 bad=0 hits=0 t=0s
  F2 c3/c6: кривая не построена (нет точки на квартике)
  F2 c3/c8@t0=29: rank[3,3] g=3 src=pari sat=1 tors=4 st=9572 hmax=174 pr=50 surv=4 ex=0 bad=0 hits=0 t=0s
  F2 c5/c6: кривая не построена (нет точки на квартике)
  F2 c5/c8@t0=29: rank[2,2] g=2 src=pari sat=1 tors=4 st=1916 hmax=900 pr=50 surv=4 ex=0 bad=0 hits=0 t=0s
  F2 c6/c8: кривая не построена (нет точки на квартике)
  F3 c1/c3: нет рациональной точки для коники
  F3 c1/c5: нет рациональной точки для коники
  F3 c1/c6: кривая не построена (нет точки на квартике)
  F3 c1/c7: нет рациональной точки для коники
  F3 c3/c5: нет рациональной точки для коники
  F3 c3/c6: кривая не построена (нет точки на квартике)
  F3 c3/c7: нет рациональной точки для коники
  F3 c5/c6: кривая не построена (нет точки на квартике)
  F3 c5/c7: нет рациональной точки для коники
  F3 c6/c7: кривая не построена (нет точки на квартике)
  F4 c2/c3: кривая не построена (нет точки на квартике)
  F4 c2/c5: кривая не построена (нет точки на квартике)
  F4 c2/c6: нет рациональной точки для коники
  F4 c2/c7: кривая не построена (нет точки на квартике)
  F4 c3/c5@t0=1: rank[2,2] g=2 src=pari sat=1 tors=4 st=4212 hmax=900 pr=50 surv=4 ex=0 bad=0 hits=0 t=0s
  F4 c3/c6: кривая не построена (нет точки на квартике)
  F4 c3/c7@t0=1: rank[2,2] g=2 src=pari sat=1 tors=4 st=4212 hmax=900 pr=50 surv=2 ex=0 bad=0 hits=0 t=0s
  F4 c5/c6: кривая не построена (нет точки на квартике)
  F4 c5/c7@t0=1: rank[2,2] g=2 src=pari sat=1 tors=4 st=5084 hmax=897 pr=50 surv=2 ex=0 bad=0 hits=0 t=0s
  F4 c6/c7: кривая не построена (нет точки на квартике)
== (P,Q)=(41,30) C=2581/2 non
  F1 c0/c2: кривая не построена (нет точки на квартике)
  F1 c0/c3@t0=30: rank[2,2] g=2 src=pari sat=1 tors=4 st=2772 hmax=898 pr=50 surv=4 ex=0 bad=0 hits=0 t=0s
  F1 c0/c6: кривая не построена (нет точки на квартике)
  F1 c0/c8@t0=30: rank[2,2] g=2 src=pari sat=1 tors=4 st=1340 hmax=899 pr=50 surv=4 ex=0 bad=0 hits=0 t=0s
  F1 c3/c2@t0=30: rank[2,2] g=2 src=pari sat=1 tors=4 st=2772 hmax=898 pr=50 surv=2 ex=0 bad=0 hits=0 t=0s
  F1 c2/c6@t0=41: rank[1,1] g=1 src=pari sat=1 tors=4 st=116 hmax=796 pr=50 surv=4 ex=0 bad=0 hits=0 t=0s
  F1 c2/c8: кривая не построена (нет точки на квартике)
  F1 c3/c6@t0=30: rank[1,1] g=1 src=pari sat=1 tors=4 st=124 hmax=882 pr=50 surv=2 ex=0 bad=0 hits=0 t=0s
  F1 c3/c8@t0=30: rank[1,1] g=1 src=pari sat=1 tors=4 st=124 hmax=882 pr=50 surv=4 ex=0 bad=0 hits=0 t=0s
  F1 c6/c8: кривая не построена (нет точки на квартике)
  F2 c2/c3: кривая не построена (нет точки на квартике)
  F2 c2/c5: кривая не построена (нет точки на квартике)
  F2 c2/c6: нет рациональной точки для коники
  F2 c2/c8: кривая не построена (нет точки на квартике)
  F2 c3/c5@t0=30: rank[2,2] g=2 src=pari sat=1 tors=4 st=2772 hmax=898 pr=50 surv=4 ex=0 bad=0 hits=0 t=0s
  F2 c3/c6: кривая не построена (нет точки на квартике)
  F2 c3/c8@t0=30: rank[1,1] g=1 src=pari sat=1 tors=4 st=116 hmax=796 pr=50 surv=4 ex=0 bad=0 hits=0 t=0s
  F2 c5/c6: кривая не построена (нет точки на квартике)
  F2 c5/c8@t0=30: rank[2,2] g=2 src=pari sat=1 tors=4 st=1340 hmax=899 pr=50 surv=4 ex=0 bad=0 hits=0 t=0s
  F2 c6/c8: кривая не построена (нет точки на квартике)
  F3 c1/c3: нет рациональной точки для коники
  F3 c1/c5: нет рациональной точки для коники
  F3 c1/c6: кривая не построена (нет точки на квартике)
  F3 c1/c7: нет рациональной точки для коники
  F3 c3/c5: нет рациональной точки для коники
  F3 c3/c6: кривая не построена (нет точки на квартике)
  F3 c3/c7: нет рациональной точки для коники
  F3 c5/c6: кривая не построена (нет точки на квартике)
  F3 c5/c7: нет рациональной точки для коники
  F3 c6/c7: кривая не построена (нет точки на квартике)
  F4 c2/c3: кривая не построена (нет точки на квартике)
  F4 c2/c5: кривая не построена (нет точки на квартике)
  F4 c2/c6: нет рациональной точки для коники
  F4 c2/c7: кривая не построена (нет точки на квартике)
  F4 c3/c5@t0=30: rank[4,4] g=4 src=pari sat=1 tors=4 st=9604 hmax=49 pr=50 surv=4 ex=0 bad=0 hits=0 t=0s
  F4 c3/c6: кривая не построена (нет точки на квартике)
  F4 c3/c7@t0=30: rank[4,4] g=4 src=pari sat=1 tors=4 st=9604 hmax=49 pr=50 surv=4 ex=0 bad=0 hits=0 t=0s
  F4 c5/c6: кривая не построена (нет точки на квартике)
  F4 c5/c7@t0=30: rank[2,2] g=2 src=pari sat=1 tors=4 st=2036 hmax=896 pr=50 surv=4 ex=0 bad=0 hits=0 t=0s
  F4 c6/c7: кривая не построена (нет точки на квартике)
== (P,Q)=(41,31) C=1321 non
  F1 c0/c2: кривая не построена (нет точки на квартике)
  F1 c0/c3@t0=31: rank[2,2] g=2 src=pari sat=1 tors=4 st=1812 hmax=898 pr=50 surv=4 ex=0 bad=0 hits=0 t=0s
  F1 c0/c6: кривая не построена (нет точки на квартике)
  F1 c0/c8@t0=31: rank[2,2] g=2 src=pari sat=1 tors=4 st=4380 hmax=898 pr=50 surv=4 ex=0 bad=0 hits=0 t=0s
  F1 c3/c2@t0=31: rank[2,2] g=2 src=pari sat=1 tors=4 st=1812 hmax=898 pr=50 surv=2 ex=0 bad=0 hits=0 t=0s
  F1 c2/c6@t0=41: rank[1,1] g=1 src=pari sat=1 tors=4 st=124 hmax=800 pr=50 surv=4 ex=0 bad=0 hits=0 t=0s
  F1 c2/c8: кривая не построена (нет точки на квартике)
  F1 c3/c6@t0=31: rank[3,3] g=3 src=pari sat=1 tors=4 st=9604 hmax=335 pr=50 surv=2 ex=0 bad=0 hits=0 t=0s
  F1 c3/c8@t0=31: rank[3,3] g=3 src=pari sat=1 tors=4 st=9604 hmax=335 pr=50 surv=4 ex=0 bad=0 hits=0 t=0s
  F1 c6/c8: кривая не построена (нет точки на квартике)
  F2 c2/c3: кривая не построена (нет точки на квартике)
  F2 c2/c5: кривая не построена (нет точки на квартике)
  F2 c2/c6: нет рациональной точки для коники
  F2 c2/c8: кривая не построена (нет точки на квартике)
  F2 c3/c5@t0=31: rank[2,2] g=2 src=pari sat=1 tors=4 st=1812 hmax=898 pr=50 surv=4 ex=0 bad=0 hits=0 t=0s
  F2 c3/c6: кривая не построена (нет точки на квартике)
  F2 c3/c8@t0=31: rank[1,1] g=1 src=pari sat=1 tors=4 st=124 hmax=800 pr=50 surv=4 ex=0 bad=0 hits=0 t=0s
  F2 c5/c6: кривая не построена (нет точки на квартике)
  F2 c5/c8@t0=31: rank[2,2] g=2 src=pari sat=1 tors=4 st=4380 hmax=898 pr=50 surv=4 ex=0 bad=0 hits=0 t=0s
  F2 c6/c8: кривая не построена (нет точки на квартике)
  F3 c1/c3: нет рациональной точки для коники
  F3 c1/c5: нет рациональной точки для коники
  F3 c1/c6: кривая не построена (нет точки на квартике)
  F3 c1/c7: нет рациональной точки для коники
  F3 c3/c5: нет рациональной точки для коники
  F3 c3/c6: кривая не построена (нет точки на квартике)
  F3 c3/c7: нет рациональной точки для коники
  F3 c5/c6: кривая не построена (нет точки на квартике)
  F3 c5/c7: нет рациональной точки для коники
  F3 c6/c7: кривая не построена (нет точки на квартике)
  F4 c2/c3: кривая не построена (нет точки на квартике)
  F4 c2/c5: кривая не построена (нет точки на квартике)
  F4 c2/c6: нет рациональной точки для коники
  F4 c2/c7: кривая не построена (нет точки на квартике)
  F4 c3/c5@t0=31: rank[2,2] g=2 src=pari sat=1 tors=4 st=1564 hmax=890 pr=50 surv=4 ex=0 bad=0 hits=0 t=0s
  F4 c3/c6: кривая не построена (нет точки на квартике)
  F4 c3/c7@t0=31: rank[2,2] g=2 src=pari sat=1 tors=4 st=1564 hmax=890 pr=50 surv=4 ex=0 bad=0 hits=0 t=0s
  F4 c5/c6: кривая не построена (нет точки на квартике)
  F4 c5/c7@t0=31: rank[3,3] g=3 src=pari sat=1 tors=4 st=9604 hmax=216 pr=50 surv=4 ex=0 bad=0 hits=0 t=0s
  F4 c6/c7: кривая не построена (нет точки на квартике)
== (P,Q)=(41,32) C=2705/2 non
  F1 c0/c2: кривая не построена (нет точки на квартике)
  F1 c0/c3@t0=32: rank[2,2] g=2 src=pari sat=1 tors=4 st=1828 hmax=894 pr=50 surv=4 ex=0 bad=0 hits=0 t=0s
  F1 c0/c6: кривая не построена (нет точки на квартике)
  F1 c0/c8@t0=32: rank[2,2] g=2 src=pari sat=1 tors=4 st=2348 hmax=893 pr=50 surv=4 ex=0 bad=0 hits=0 t=0s
  F1 c3/c2@t0=32: rank[2,2] g=2 src=pari sat=1 tors=4 st=1828 hmax=894 pr=50 surv=2 ex=0 bad=0 hits=0 t=0s
  F1 c2/c6@t0=41: rank[2,2] g=2 src=pari sat=1 tors=4 st=2332 hmax=897 pr=50 surv=4 ex=0 bad=0 hits=0 t=0s
  F1 c2/c8: кривая не построена (нет точки на квартике)
  F1 c3/c6@t0=32: rank[2,2] g=2 src=pari sat=1 tors=4 st=4324 hmax=898 pr=50 surv=2 ex=0 bad=0 hits=0 t=0s
  F1 c3/c8@t0=32: rank[2,2] g=2 src=pari sat=1 tors=4 st=4324 hmax=898 pr=50 surv=4 ex=0 bad=0 hits=0 t=0s
  F1 c6/c8: кривая не построена (нет точки на квартике)
  F2 c2/c3: кривая не построена (нет точки на квартике)
  F2 c2/c5: кривая не построена (нет точки на квартике)
  F2 c2/c6: нет рациональной точки для коники
  F2 c2/c8: кривая не построена (нет точки на квартике)
  F2 c3/c5@t0=32: rank[2,2] g=2 src=pari sat=1 tors=4 st=1828 hmax=894 pr=50 surv=4 ex=0 bad=0 hits=0 t=0s
  F2 c3/c6: кривая не построена (нет точки на квартике)
  F2 c3/c8@t0=32: rank[2,2] g=2 src=pari sat=1 tors=4 st=2332 hmax=897 pr=50 surv=4 ex=0 bad=0 hits=0 t=0s
  F2 c5/c6: кривая не построена (нет точки на квартике)
  F2 c5/c8@t0=32: rank[2,2] g=2 src=pari sat=1 tors=4 st=2348 hmax=893 pr=50 surv=4 ex=0 bad=0 hits=0 t=0s
  F2 c6/c8: кривая не построена (нет точки на квартике)
  F3 c1/c3: нет рациональной точки для коники
  F3 c1/c5: нет рациональной точки для коники
  F3 c1/c6: кривая не построена (нет точки на квартике)
  F3 c1/c7: нет рациональной точки для коники
  F3 c3/c5: нет рациональной точки для коники
  F3 c3/c6: кривая не построена (нет точки на квартике)
  F3 c3/c7: нет рациональной точки для коники
  F3 c5/c6: кривая не построена (нет точки на квартике)
  F3 c5/c7: нет рациональной точки для коники
  F3 c6/c7: кривая не построена (нет точки на квартике)
  F4 c2/c3: кривая не построена (нет точки на квартике)
  F4 c2/c5: кривая не построена (нет точки на квартике)
  F4 c2/c6: нет рациональной точки для коники
  F4 c2/c7: кривая не построена (нет точки на квартике)
  F4 c3/c5@t0=32: rank[1,1] g=1 src=pari sat=1 tors=4 st=124 hmax=829 pr=50 surv=4 ex=0 bad=0 hits=0 t=0s
  F4 c3/c6: кривая не построена (нет точки на квартике)
  F4 c3/c7@t0=32: rank[1,1] g=1 src=pari sat=1 tors=4 st=124 hmax=829 pr=50 surv=4 ex=0 bad=0 hits=0 t=0s
  F4 c5/c6: кривая не построена (нет точки на квартике)
  F4 c5/c7@t0=32: rank[2,2] g=2 src=pari sat=1 tors=4 st=2252 hmax=893 pr=50 surv=4 ex=0 bad=0 hits=0 t=0s
  F4 c6/c7: кривая не построена (нет точки на квартике)
== (P,Q)=(41,33) C=1385 non
  F1 c0/c2: кривая не построена (нет точки на квартике)
  F1 c0/c3@t0=33: rank[2,2] g=2 src=pari sat=1 tors=4 st=1716 hmax=900 pr=50 surv=4 ex=0 bad=0 hits=0 t=0s
  F1 c0/c6: кривая не построена (нет точки на квартике)
  F1 c0/c8@t0=33: rank[2,2] g=2 src=pari sat=1 tors=4 st=1804 hmax=894 pr=50 surv=4 ex=0 bad=0 hits=0 t=0s
  F1 c3/c2@t0=33: rank[2,2] g=2 src=pari sat=1 tors=4 st=1716 hmax=900 pr=50 surv=2 ex=0 bad=0 hits=0 t=0s
  F1 c2/c6@t0=41: rank[2,2] g=2 src=pari sat=1 tors=4 st=2924 hmax=898 pr=50 surv=4 ex=0 bad=0 hits=0 t=0s
  F1 c8/c2@t0=33: rank[1,1] g=1 src=pari sat=1 tors=4 st=76 hmax=893 pr=50 surv=2 ex=0 bad=0 hits=0 t=0s
  F1 c3/c6@t0=33: rank[2,2] g=2 src=pari sat=1 tors=4 st=2452 hmax=897 pr=50 surv=2 ex=0 bad=0 hits=0 t=0s
  F1 c3/c8@t0=33: rank[2,2] g=2 src=pari sat=1 tors=4 st=2452 hmax=897 pr=50 surv=4 ex=0 bad=0 hits=0 t=0s
  F1 c6/c8: кривая не построена (нет точки на квартике)
  F2 c2/c3: кривая не построена (нет точки на квартике)
  F2 c2/c5: кривая не построена (нет точки на квартике)
  F2 c2/c6: нет рациональной точки для коники
  F2 c2/c8: кривая не построена (нет точки на квартике)
  F2 c3/c5@t0=33: rank[2,2] g=2 src=pari sat=1 tors=4 st=1716 hmax=900 pr=50 surv=4 ex=0 bad=0 hits=0 t=0s
  F2 c3/c6@t0=33: rank[1,1] g=1 src=pari sat=1 tors=4 st=76 hmax=893 pr=50 surv=2 ex=0 bad=0 hits=0 t=0s
  F2 c3/c8@t0=33: rank[2,2] g=2 src=pari sat=1 tors=4 st=2924 hmax=898 pr=50 surv=4 ex=0 bad=0 hits=0 t=0s
  F2 c5/c6: кривая не построена (нет точки на квартике)
  F2 c5/c8@t0=33: rank[2,2] g=2 src=pari sat=1 tors=4 st=1804 hmax=894 pr=50 surv=4 ex=0 bad=0 hits=0 t=0s
  F2 c6/c8: кривая не построена (нет точки на квартике)
  F3 c1/c3: нет рациональной точки для коники
  F3 c1/c5: нет рациональной точки для коники
  F3 c1/c6: кривая не построена (нет точки на квартике)
  F3 c1/c7: нет рациональной точки для коники
  F3 c3/c5: нет рациональной точки для коники
  F3 c3/c6: кривая не построена (нет точки на квартике)
  F3 c3/c7: нет рациональной точки для коники
  F3 c5/c6: кривая не построена (нет точки на квартике)
  F3 c5/c7: нет рациональной точки для коники
  F3 c6/c7: кривая не построена (нет точки на квартике)
  F4 c2/c3: кривая не построена (нет точки на квартике)
  F4 c2/c5: кривая не построена (нет точки на квартике)
  F4 c2/c6: нет рациональной точки для коники
  F4 c2/c7: кривая не построена (нет точки на квартике)
  F4 c3/c5@t0=33: rank[1,1] g=1 src=pari sat=1 tors=4 st=116 hmax=790 pr=50 surv=4 ex=0 bad=0 hits=0 t=0s
  F4 c3/c6: кривая не построена (нет точки на квартике)
  F4 c3/c7@t0=33: rank[1,1] g=1 src=pari sat=1 tors=4 st=116 hmax=790 pr=50 surv=4 ex=0 bad=0 hits=0 t=0s
  F4 c5/c6: кривая не построена (нет точки на квартике)
  F4 c5/c7@t0=33: rank[2,2] g=2 src=pari sat=1 tors=4 st=2140 hmax=899 pr=50 surv=4 ex=0 bad=0 hits=0 t=0s
  F4 c6/c7: кривая не построена (нет точки на квартике)
== (P,Q)=(41,34) C=2837/2 non
  F1 c0/c2: кривая не построена (нет точки на квартике)
  F1 c0/c3@t0=34: rank[2,2] g=2 src=pari sat=1 tors=4 st=2260 hmax=899 pr=50 surv=4 ex=0 bad=0 hits=0 t=0s
  F1 c0/c6: кривая не построена (нет точки на квартике)
  F1 c0/c8@t0=34: rank[2,2] g=2 src=pari sat=1 tors=4 st=2076 hmax=896 pr=50 surv=4 ex=0 bad=0 hits=0 t=0s
  F1 c3/c2@t0=34: rank[2,2] g=2 src=pari sat=1 tors=4 st=2260 hmax=899 pr=50 surv=2 ex=0 bad=0 hits=0 t=0s
  F1 c2/c6@t0=41: rank[2,2] g=2 src=pari sat=1 tors=4 st=1516 hmax=899 pr=50 surv=4 ex=0 bad=0 hits=0 t=0s
  F1 c2/c8: кривая не построена (нет точки на квартике)
  F1 c3/c6@t0=34: rank[2,2] g=2 src=pari sat=1 tors=4 st=2020 hmax=898 pr=50 surv=2 ex=0 bad=0 hits=0 t=0s
  F1 c3/c8@t0=34: rank[2,2] g=2 src=pari sat=1 tors=4 st=2020 hmax=898 pr=50 surv=4 ex=0 bad=0 hits=0 t=0s
  F1 c6/c8: кривая не построена (нет точки на квартике)
  F2 c2/c3: кривая не построена (нет точки на квартике)
  F2 c2/c5: кривая не построена (нет точки на квартике)
  F2 c2/c6: нет рациональной точки для коники
  F2 c2/c8: кривая не построена (нет точки на квартике)
  F2 c3/c5@t0=34: rank[2,2] g=2 src=pari sat=1 tors=4 st=2260 hmax=899 pr=50 surv=4 ex=0 bad=0 hits=0 t=0s
  F2 c3/c6: кривая не построена (нет точки на квартике)
  F2 c3/c8@t0=34: rank[2,2] g=2 src=pari sat=1 tors=4 st=1516 hmax=899 pr=50 surv=4 ex=0 bad=0 hits=0 t=0s
  F2 c5/c6: кривая не построена (нет точки на квартике)
  F2 c5/c8@t0=34: rank[2,2] g=2 src=pari sat=1 tors=4 st=2076 hmax=896 pr=50 surv=4 ex=0 bad=0 hits=0 t=0s
  F2 c6/c8: кривая не построена (нет точки на квартике)
  F3 c1/c3: нет рациональной точки для коники
  F3 c1/c5: нет рациональной точки для коники
  F3 c1/c6: кривая не построена (нет точки на квартике)
  F3 c1/c7: нет рациональной точки для коники
  F3 c3/c5: нет рациональной точки для коники
  F3 c3/c6: кривая не построена (нет точки на квартике)
  F3 c3/c7: нет рациональной точки для коники
  F3 c5/c6: кривая не построена (нет точки на квартике)
  F3 c5/c7: нет рациональной точки для коники
  F3 c6/c7: кривая не построена (нет точки на квартике)
  F4 c2/c3: кривая не построена (нет точки на квартике)
  F4 c2/c5: кривая не построена (нет точки на квартике)
  F4 c2/c6: нет рациональной точки для коники
  F4 c2/c7: кривая не построена (нет точки на квартике)
  F4 c3/c5@t0=34: rank[1,1] g=1 src=pari sat=1 tors=4 st=124 hmax=827 pr=50 surv=4 ex=0 bad=0 hits=0 t=0s
  F4 c3/c6: кривая не построена (нет точки на квартике)
  F4 c3/c7@t0=34: rank[1,1] g=1 src=pari sat=1 tors=4 st=124 hmax=827 pr=50 surv=4 ex=0 bad=0 hits=0 t=0s
  F4 c5/c6: кривая не построена (нет точки на квартике)
  F4 c5/c7@t0=34: rank[1,1] g=1 src=pari sat=1 tors=4 st=124 hmax=883 pr=50 surv=4 ex=0 bad=0 hits=0 t=0s
  F4 c6/c7: кривая не построена (нет точки на квартике)
== (P,Q)=(41,35) C=1453 non
  F1 c0/c2: кривая не построена (нет точки на квартике)
  F1 c0/c3@t0=35: rank[1,1] g=1 src=pari sat=1 tors=4 st=116 hmax=845 pr=50 surv=4 ex=0 bad=0 hits=0 t=0s
  F1 c0/c6: кривая не построена (нет точки на квартике)
  F1 c0/c8@t0=35: rank[2,2] g=2 src=pari sat=1 tors=4 st=3452 hmax=899 pr=50 surv=4 ex=0 bad=0 hits=0 t=0s
  F1 c3/c2@t0=35: rank[1,1] g=1 src=pari sat=1 tors=4 st=116 hmax=845 pr=50 surv=2 ex=0 bad=0 hits=0 t=0s
  F1 c2/c6@t0=41: rank[1,1] g=1 src=pari sat=1 tors=4 st=124 hmax=814 pr=50 surv=4 ex=0 bad=0 hits=0 t=0s
  F1 c2/c8: кривая не построена (нет точки на квартике)
  F1 c3/c6@t0=35: rank[2,2] g=2 src=pari sat=1 tors=4 st=1900 hmax=899 pr=50 surv=2 ex=0 bad=0 hits=0 t=0s
  F1 c3/c8@t0=35: rank[2,2] g=2 src=pari sat=1 tors=4 st=1900 hmax=899 pr=50 surv=4 ex=0 bad=0 hits=0 t=0s
  F1 c6/c8: кривая не построена (нет точки на квартике)
  F2 c2/c3: кривая не построена (нет точки на квартике)
  F2 c2/c5: кривая не построена (нет точки на квартике)
  F2 c2/c6: нет рациональной точки для коники
  F2 c2/c8: кривая не построена (нет точки на квартике)
  F2 c3/c5@t0=35: rank[1,1] g=1 src=pari sat=1 tors=4 st=116 hmax=845 pr=50 surv=4 ex=0 bad=0 hits=0 t=0s
  F2 c3/c6: кривая не построена (нет точки на квартике)
  F2 c3/c8@t0=35: rank[1,1] g=1 src=pari sat=1 tors=4 st=124 hmax=814 pr=50 surv=4 ex=0 bad=0 hits=0 t=0s
  F2 c5/c6: кривая не построена (нет точки на квартике)
  F2 c5/c8@t0=35: rank[2,2] g=2 src=pari sat=1 tors=4 st=3452 hmax=899 pr=50 surv=4 ex=0 bad=0 hits=0 t=0s
  F2 c6/c8: кривая не построена (нет точки на квартике)
  F3 c1/c3: нет рациональной точки для коники
  F3 c1/c5: нет рациональной точки для коники
  F3 c1/c6: кривая не построена (нет точки на квартике)
  F3 c1/c7: нет рациональной точки для коники
  F3 c3/c5: нет рациональной точки для коники
  F3 c3/c6: кривая не построена (нет точки на квартике)
  F3 c3/c7: нет рациональной точки для коники
  F3 c5/c6: кривая не построена (нет точки на квартике)
  F3 c5/c7: нет рациональной точки для коники
  F3 c6/c7: кривая не построена (нет точки на квартике)
  F4 c2/c3: кривая не построена (нет точки на квартике)
  F4 c2/c5: кривая не построена (нет точки на квартике)
  F4 c2/c6: нет рациональной точки для коники
  F4 c2/c7: кривая не построена (нет точки на квартике)
  F4 c3/c5@t0=35: rank[2,2] g=2 src=pari sat=1 tors=4 st=3332 hmax=893 pr=50 surv=4 ex=0 bad=0 hits=0 t=0s
  F4 c3/c6: кривая не построена (нет точки на квартике)
  F4 c3/c7@t0=35: rank[2,2] g=2 src=pari sat=1 tors=4 st=3332 hmax=893 pr=50 surv=4 ex=0 bad=0 hits=0 t=0s
  F4 c5/c6: кривая не построена (нет точки на квартике)
  F4 c5/c7@t0=35: rank[2,2] g=2 src=pari sat=1 tors=4 st=2532 hmax=899 pr=50 surv=4 ex=0 bad=0 hits=0 t=0s
  F4 c6/c7: кривая не построена (нет точки на квартике)
== (P,Q)=(41,36) C=2977/2 non
  F1 c0/c2: кривая не построена (нет точки на квартике)
  F1 c0/c3@t0=36: rank[2,2] g=2 src=pari sat=1 tors=4 st=2284 hmax=898 pr=50 surv=4 ex=0 bad=0 hits=0 t=0s
  F1 c0/c6: кривая не построена (нет точки на квартике)
  F1 c0/c8@t0=36: rank[1,1] g=1 src=pari sat=1 tors=4 st=116 hmax=821 pr=50 surv=4 ex=0 bad=0 hits=0 t=0s
  F1 c3/c2@t0=36: rank[2,2] g=2 src=pari sat=1 tors=4 st=2284 hmax=898 pr=50 surv=2 ex=0 bad=0 hits=0 t=0s
  F1 c2/c6@t0=41: rank[2,2] g=2 src=pari sat=1 tors=4 st=1156 hmax=896 pr=50 surv=4 ex=0 bad=0 hits=0 t=0s
  F1 c2/c8: кривая не построена (нет точки на квартике)
  F1 c3/c6@t0=36: rank[1,1] g=1 src=pari sat=1 tors=4 st=124 hmax=897 pr=50 surv=2 ex=0 bad=0 hits=0 t=0s
  F1 c3/c8@t0=36: rank[1,1] g=1 src=pari sat=1 tors=4 st=124 hmax=897 pr=50 surv=4 ex=0 bad=0 hits=0 t=0s
  F1 c6/c8: кривая не построена (нет точки на квартике)
  F2 c2/c3: кривая не построена (нет точки на квартике)
  F2 c2/c5: кривая не построена (нет точки на квартике)
  F2 c2/c6: нет рациональной точки для коники
  F2 c2/c8: кривая не построена (нет точки на квартике)
  F2 c3/c5@t0=36: rank[2,2] g=2 src=pari sat=1 tors=4 st=2284 hmax=898 pr=50 surv=4 ex=0 bad=0 hits=0 t=0s
  F2 c3/c6: кривая не построена (нет точки на квартике)
  F2 c3/c8@t0=36: rank[2,2] g=2 src=pari sat=1 tors=4 st=1156 hmax=896 pr=50 surv=4 ex=0 bad=0 hits=0 t=0s
  F2 c5/c6: кривая не построена (нет точки на квартике)
  F2 c5/c8@t0=36: rank[1,1] g=1 src=pari sat=1 tors=4 st=116 hmax=821 pr=50 surv=4 ex=0 bad=0 hits=0 t=0s
  F2 c6/c8: кривая не построена (нет точки на квартике)
  F3 c1/c3: нет рациональной точки для коники
  F3 c1/c5: нет рациональной точки для коники
  F3 c1/c6: кривая не построена (нет точки на квартике)
  F3 c1/c7: нет рациональной точки для коники
  F3 c3/c5: нет рациональной точки для коники
  F3 c3/c6: кривая не построена (нет точки на квартике)
  F3 c3/c7: нет рациональной точки для коники
  F3 c5/c6: кривая не построена (нет точки на квартике)
  F3 c5/c7: нет рациональной точки для коники
  F3 c6/c7: кривая не построена (нет точки на квартике)
  F4 c2/c3: кривая не построена (нет точки на квартике)
  F4 c2/c5: кривая не построена (нет точки на квартике)
  F4 c2/c6: нет рациональной точки для коники
  F4 c2/c7: кривая не построена (нет точки на квартике)
  F4 c3/c5@t0=36: rank[1,1] g=1 src=pari sat=1 tors=4 st=124 hmax=824 pr=50 surv=4 ex=0 bad=0 hits=0 t=0s
  F4 c3/c6: кривая не построена (нет точки на квартике)
  F4 c3/c7@t0=36: rank[1,1] g=1 src=pari sat=1 tors=4 st=124 hmax=824 pr=50 surv=4 ex=0 bad=0 hits=0 t=0s
  F4 c5/c6: кривая не построена (нет точки на квартике)
  F4 c5/c7@t0=36: rank[2,2] g=2 src=pari sat=1 tors=4 st=4348 hmax=899 pr=50 surv=4 ex=0 bad=0 hits=0 t=0s
  F4 c6/c7: кривая не построена (нет точки на квартике)
== (P,Q)=(41,37) C=1525 non
  F1 c0/c2: кривая не построена (нет точки на квартике)
  F1 c0/c3@t0=37: rank[1,1] g=1 src=pari sat=1 tors=4 st=116 hmax=850 pr=50 surv=4 ex=0 bad=0 hits=0 t=0s
  F1 c0/c6: кривая не построена (нет точки на квартике)
  F1 c0/c8@t0=37: rank[2,2] g=2 src=pari sat=1 tors=4 st=3292 hmax=900 pr=50 surv=4 ex=0 bad=0 hits=0 t=0s
  F1 c3/c2@t0=37: rank[1,1] g=1 src=pari sat=1 tors=4 st=116 hmax=850 pr=50 surv=2 ex=0 bad=0 hits=0 t=0s
  F1 c2/c6@t0=41: rank[3,3] g=3 src=pari sat=1 tors=4 st=9596 hmax=181 pr=50 surv=4 ex=0 bad=0 hits=0 t=0s
  F1 c2/c8: кривая не построена (нет точки на квартике)
  F1 c3/c6@t0=37: rank[2,2] g=2 src=pari sat=1 tors=4 st=2164 hmax=899 pr=50 surv=2 ex=0 bad=0 hits=0 t=0s
  F1 c3/c8@t0=37: rank[2,2] g=2 src=pari sat=1 tors=4 st=2164 hmax=899 pr=50 surv=4 ex=0 bad=0 hits=0 t=0s
  F1 c6/c8: кривая не построена (нет точки на квартике)
  F2 c2/c3: кривая не построена (нет точки на квартике)
  F2 c2/c5: кривая не построена (нет точки на квартике)
  F2 c2/c6: нет рациональной точки для коники
  F2 c2/c8: кривая не построена (нет точки на квартике)
  F2 c3/c5@t0=37: rank[1,1] g=1 src=pari sat=1 tors=4 st=116 hmax=850 pr=50 surv=4 ex=0 bad=0 hits=0 t=0s
  F2 c3/c6: кривая не построена (нет точки на квартике)
  F2 c3/c8@t0=37: rank[3,3] g=3 src=pari sat=1 tors=4 st=9596 hmax=181 pr=50 surv=4 ex=0 bad=0 hits=0 t=0s
  F2 c5/c6: кривая не построена (нет точки на квартике)
  F2 c5/c8@t0=37: rank[2,2] g=2 src=pari sat=1 tors=4 st=3292 hmax=900 pr=50 surv=4 ex=0 bad=0 hits=0 t=0s
  F2 c6/c8: кривая не построена (нет точки на квартике)
  F3 c1/c3: нет рациональной точки для коники
  F3 c1/c5: нет рациональной точки для коники
  F3 c1/c6: кривая не построена (нет точки на квартике)
  F3 c1/c7: нет рациональной точки для коники
  F3 c3/c5: нет рациональной точки для коники
  F3 c3/c6: кривая не построена (нет точки на квартике)
  F3 c3/c7: нет рациональной точки для коники
  F3 c5/c6: кривая не построена (нет точки на квартике)
  F3 c5/c7: нет рациональной точки для коники
  F3 c6/c7: кривая не построена (нет точки на квартике)
  F4 c2/c3: кривая не построена (нет точки на квартике)
  F4 c2/c5: кривая не построена (нет точки на квартике)
  F4 c2/c6: нет рациональной точки для коники
  F4 c2/c7: кривая не построена (нет точки на квартике)
  F4 c3/c5@t0=37: rank[2,2] g=2 src=pari sat=1 tors=4 st=5308 hmax=899 pr=50 surv=4 ex=0 bad=0 hits=0 t=0s
  F4 c3/c6: кривая не построена (нет точки на квартике)
  F4 c3/c7@t0=37: rank[2,2] g=2 src=pari sat=1 tors=4 st=5308 hmax=899 pr=50 surv=4 ex=0 bad=0 hits=0 t=0s
  F4 c5/c6@t0=37: rank[1,1] g=1 src=pari sat=1 tors=4 st=140 hmax=835 pr=50 surv=6 ex=0 bad=0 hits=0 t=0s
  F4 c5/c7@t0=37: rank[2,2] g=2 src=pari sat=1 tors=4 st=3588 hmax=899 pr=50 surv=4 ex=0 bad=0 hits=0 t=0s
  F4 c6/c7: кривая не построена (нет точки на квартике)
== (P,Q)=(41,38) C=3125/2 non
  F1 c0/c2: кривая не построена (нет точки на квартике)
  F1 c0/c3@t0=38: rank[1,1] g=1 src=pari sat=1 tors=4 st=116 hmax=853 pr=50 surv=4 ex=0 bad=0 hits=0 t=0s
  F1 c0/c6: кривая не построена (нет точки на квартике)
  F1 c0/c8@t0=38: rank[2,2] g=2 src=pari sat=1 tors=4 st=4468 hmax=899 pr=50 surv=4 ex=0 bad=0 hits=0 t=0s
  F1 c3/c2@t0=38: rank[1,1] g=1 src=pari sat=1 tors=4 st=116 hmax=853 pr=50 surv=2 ex=0 bad=0 hits=0 t=0s
  F1 c2/c6@t0=41: rank[2,2] g=2 src=pari sat=1 tors=4 st=3044 hmax=893 pr=50 surv=4 ex=0 bad=0 hits=0 t=0s
  F1 c2/c8: кривая не построена (нет точки на квартике)
  F1 c3/c6@t0=38: rank[1,1] g=1 src=pari sat=1 tors=4 st=116 hmax=786 pr=50 surv=2 ex=0 bad=0 hits=0 t=0s
  F1 c3/c8@t0=38: rank[1,1] g=1 src=pari sat=1 tors=4 st=116 hmax=786 pr=50 surv=4 ex=0 bad=0 hits=0 t=0s
  F1 c6/c8: кривая не построена (нет точки на квартике)
  F2 c2/c3: кривая не построена (нет точки на квартике)
  F2 c2/c5: кривая не построена (нет точки на квартике)
  F2 c2/c6: нет рациональной точки для коники
  F2 c2/c8: кривая не построена (нет точки на квартике)
  F2 c3/c5@t0=38: rank[1,1] g=1 src=pari sat=1 tors=4 st=116 hmax=853 pr=50 surv=4 ex=0 bad=0 hits=0 t=0s
  F2 c3/c6: кривая не построена (нет точки на квартике)
  F2 c3/c8@t0=38: rank[2,2] g=2 src=pari sat=1 tors=4 st=3044 hmax=893 pr=50 surv=4 ex=0 bad=0 hits=0 t=0s
  F2 c5/c6: кривая не построена (нет точки на квартике)
  F2 c5/c8@t0=38: rank[2,2] g=2 src=pari sat=1 tors=4 st=4468 hmax=899 pr=50 surv=4 ex=0 bad=0 hits=0 t=1s
  F2 c6/c8: кривая не построена (нет точки на квартике)
  F3 c1/c3: нет рациональной точки для коники
  F3 c1/c5: нет рациональной точки для коники
  F3 c1/c6: кривая не построена (нет точки на квартике)
  F3 c1/c7: нет рациональной точки для коники
  F3 c3/c5: нет рациональной точки для коники
  F3 c3/c6: кривая не построена (нет точки на квартике)
  F3 c3/c7: нет рациональной точки для коники
  F3 c5/c6: кривая не построена (нет точки на квартике)
  F3 c5/c7: нет рациональной точки для коники
  F3 c6/c7: кривая не построена (нет точки на квартике)
  F4 c2/c3: кривая не построена (нет точки на квартике)
  F4 c2/c5: кривая не построена (нет точки на квартике)
  F4 c2/c6: нет рациональной точки для коники
  F4 c2/c7: кривая не построена (нет точки на квартике)
  F4 c3/c5@t0=38: rank[2,2] g=2 src=pari sat=1 tors=4 st=2804 hmax=899 pr=50 surv=4 ex=0 bad=0 hits=0 t=1s
  F4 c3/c6: кривая не построена (нет точки на квартике)
  F4 c3/c7@t0=38: rank[2,2] g=2 src=pari sat=1 tors=4 st=2804 hmax=899 pr=50 surv=4 ex=0 bad=0 hits=0 t=1s
  F4 c5/c6: кривая не построена (нет точки на квартике)
  F4 c5/c7@t0=38: rank[1,1] g=1 src=pari sat=1 tors=4 st=124 hmax=888 pr=50 surv=4 ex=0 bad=0 hits=0 t=1s
  F4 c6/c7: кривая не построена (нет точки на квартике)
== (P,Q)=(41,39) C=1601 non
  F1 c0/c2: кривая не построена (нет точки на квартике)
  F1 c0/c3@t0=39: rank[2,2] g=2 src=pari+mw sat=1 tors=4 st=804 hmax=884 pr=50 surv=4 ex=0 bad=0 hits=0 t=1s
  F1 c0/c6: кривая не построена (нет точки на квартике)
  F1 c0/c8@t0=39: rank[2,2] g=2 src=pari sat=1 tors=4 st=2732 hmax=897 pr=50 surv=4 ex=0 bad=0 hits=0 t=1s
  F1 c3/c2@t0=39: rank[2,2] g=2 src=pari+mw sat=1 tors=4 st=804 hmax=884 pr=50 surv=2 ex=0 bad=0 hits=0 t=1s
  F1 c2/c6@t0=41: rank[2,2] g=2 src=pari sat=1 tors=4 st=1148 hmax=899 pr=50 surv=4 ex=0 bad=0 hits=0 t=1s
  F1 c2/c8: кривая не построена (нет точки на квартике)
  F1 c3/c6@t0=39: rank[2,2] g=2 src=pari sat=1 tors=4 st=2140 hmax=895 pr=50 surv=2 ex=0 bad=0 hits=0 t=1s
  F1 c3/c8@t0=39: rank[2,2] g=2 src=pari sat=1 tors=4 st=2140 hmax=895 pr=50 surv=4 ex=0 bad=0 hits=0 t=1s
  F1 c6/c8: кривая не построена (нет точки на квартике)
  F2 c2/c3: кривая не построена (нет точки на квартике)
  F2 c2/c5: кривая не построена (нет точки на квартике)
  F2 c2/c6: нет рациональной точки для коники
  F2 c2/c8: кривая не построена (нет точки на квартике)
  F2 c3/c5@t0=39: rank[2,2] g=2 src=pari+mw sat=1 tors=4 st=804 hmax=884 pr=50 surv=4 ex=0 bad=0 hits=0 t=1s
  F2 c3/c6: кривая не построена (нет точки на квартике)
  F2 c3/c8@t0=39: rank[2,2] g=2 src=pari sat=1 tors=4 st=1148 hmax=899 pr=50 surv=4 ex=0 bad=0 hits=0 t=1s
  F2 c5/c6: кривая не построена (нет точки на квартике)
  F2 c5/c8@t0=39: rank[2,2] g=2 src=pari sat=1 tors=4 st=2732 hmax=897 pr=50 surv=4 ex=0 bad=0 hits=0 t=1s
  F2 c6/c8: кривая не построена (нет точки на квартике)
  F3 c1/c3: нет рациональной точки для коники
  F3 c1/c5: нет рациональной точки для коники
  F3 c1/c6: кривая не построена (нет точки на квартике)
  F3 c1/c7: нет рациональной точки для коники
  F3 c3/c5: нет рациональной точки для коники
  F3 c3/c6: кривая не построена (нет точки на квартике)
  F3 c3/c7: нет рациональной точки для коники
  F3 c5/c6: кривая не построена (нет точки на квартике)
  F3 c5/c7: нет рациональной точки для коники
  F3 c6/c7: кривая не построена (нет точки на квартике)
  F4 c2/c3: кривая не построена (нет точки на квартике)
  F4 c2/c5: кривая не построена (нет точки на квартике)
  F4 c2/c6: нет рациональной точки для коники
  F4 c2/c7: кривая не построена (нет точки на квартике)
  F4 c3/c5@t0=39: rank[1,1] g=1 src=pari sat=1 tors=4 st=124 hmax=894 pr=50 surv=4 ex=0 bad=0 hits=0 t=1s
  F4 c3/c6: кривая не построена (нет точки на квартике)
  F4 c3/c7@t0=39: rank[1,1] g=1 src=pari sat=1 tors=4 st=124 hmax=894 pr=50 surv=4 ex=0 bad=0 hits=0 t=1s
  F4 c5/c6@t0=39: rank[1,1] g=1 src=pari sat=1 tors=4 st=172 hmax=838 pr=50 surv=6 ex=0 bad=0 hits=0 t=1s
  F4 c5/c7@t0=39: rank[3,3] g=3 src=pari sat=1 tors=4 st=9564 hmax=267 pr=50 surv=4 ex=0 bad=0 hits=0 t=1s
  F4 c6/c7: кривая не построена (нет точки на квартике)
== (P,Q)=(41,40) C=3281/2 non
  F1 c0/c2: кривая не построена (нет точки на квартике)
  F1 c0/c3@t0=40: rank[3,3] g=3 src=pari sat=1 tors=4 st=9604 hmax=410 pr=50 surv=4 ex=0 bad=0 hits=0 t=1s
  F1 c0/c6: кривая не построена (нет точки на квартике)
  F1 c0/c8@t0=40: rank[1,1] g=1 src=pari sat=1 tors=4 st=116 hmax=828 pr=50 surv=4 ex=0 bad=0 hits=0 t=1s
  F1 c3/c2@t0=40: rank[3,3] g=3 src=pari sat=1 tors=4 st=9604 hmax=410 pr=50 surv=2 ex=0 bad=0 hits=0 t=1s
  F1 c2/c6@t0=41: rank[1,1] g=1 src=pari sat=1 tors=4 st=116 hmax=827 pr=50 surv=4 ex=0 bad=0 hits=0 t=1s
  F1 c2/c8: кривая не построена (нет точки на квартике)
  F1 c3/c6@t0=40: rank[1,1] g=1 src=pari sat=1 tors=4 st=116 hmax=790 pr=50 surv=2 ex=0 bad=0 hits=0 t=1s
  F1 c3/c8@t0=40: rank[1,1] g=1 src=pari sat=1 tors=4 st=116 hmax=790 pr=50 surv=4 ex=0 bad=0 hits=0 t=1s
  F1 c6/c8: кривая не построена (нет точки на квартике)
  F2 c2/c3: кривая не построена (нет точки на квартике)
  F2 c2/c5: кривая не построена (нет точки на квартике)
  F2 c2/c6: нет рациональной точки для коники
  F2 c2/c8: кривая не построена (нет точки на квартике)
  F2 c3/c5@t0=40: rank[3,3] g=3 src=pari sat=1 tors=4 st=9604 hmax=410 pr=50 surv=4 ex=0 bad=0 hits=0 t=1s
  F2 c3/c6: кривая не построена (нет точки на квартике)
  F2 c3/c8@t0=40: rank[1,1] g=1 src=pari sat=1 tors=4 st=116 hmax=827 pr=50 surv=4 ex=0 bad=0 hits=0 t=1s
  F2 c5/c6: кривая не построена (нет точки на квартике)
  F2 c5/c8@t0=40: rank[1,1] g=1 src=pari sat=1 tors=4 st=116 hmax=828 pr=50 surv=4 ex=0 bad=0 hits=0 t=1s
  F2 c6/c8: кривая не построена (нет точки на квартике)
  F3 c1/c3: нет рациональной точки для коники
  F3 c1/c5: нет рациональной точки для коники
  F3 c1/c6: кривая не построена (нет точки на квартике)
  F3 c1/c7: нет рациональной точки для коники
  F3 c3/c5: нет рациональной точки для коники
  F3 c3/c6: кривая не построена (нет точки на квартике)
  F3 c3/c7: нет рациональной точки для коники
  F3 c5/c6: кривая не построена (нет точки на квартике)
  F3 c5/c7: нет рациональной точки для коники
  F3 c6/c7: кривая не построена (нет точки на квартике)
  F4 c2/c3: кривая не построена (нет точки на квартике)
  F4 c2/c5: кривая не построена (нет точки на квартике)
  F4 c2/c6: нет рациональной точки для коники
  F4 c2/c7: кривая не построена (нет точки на квартике)
  F4 c3/c5@t0=40: rank[1,1] g=1 src=pari sat=1 tors=4 st=124 hmax=811 pr=50 surv=4 ex=0 bad=0 hits=0 t=1s
  F4 c3/c6: кривая не построена (нет точки на квартике)
  F4 c3/c7@t0=40: rank[1,1] g=1 src=pari sat=1 tors=4 st=124 hmax=811 pr=50 surv=4 ex=0 bad=0 hits=0 t=1s
  F4 c5/c6: кривая не построена (нет точки на квартике)
  F4 c5/c7@t0=40: rank[1,1] g=1 src=pari sat=1 tors=4 st=124 hmax=885 pr=50 surv=4 ex=0 bad=0 hits=0 t=1s
  F4 c6/c7: кривая не построена (нет точки на квартике)
== (P,Q)=(42,1) C=1765/2 non
  F1 c0/c2: кривая не построена (нет точки на квартике)
  F1 c0/c3@t0=1: rank[2,2] g=2 src=pari sat=1 tors=4 st=1532 hmax=882 pr=50 surv=4 ex=0 bad=0 hits=0 t=1s
  F1 c0/c6: кривая не построена (нет точки на квартике)
  F1 c0/c8@t0=1: rank[1,1] g=1 src=pari sat=1 tors=4 st=124 hmax=873 pr=50 surv=4 ex=0 bad=0 hits=0 t=1s
  F1 c3/c2@t0=1: rank[2,2] g=2 src=pari sat=1 tors=4 st=1532 hmax=882 pr=50 surv=2 ex=0 bad=0 hits=0 t=1s
  F1 c2/c6@t0=42: rank[1,1] g=1 src=pari sat=1 tors=4 st=124 hmax=841 pr=50 surv=4 ex=0 bad=0 hits=0 t=1s
  F1 c2/c8: кривая не построена (нет точки на квартике)
  F1 c3/c6@t0=1: rank[2,2] g=2 src=pari sat=1 tors=4 st=1812 hmax=898 pr=50 surv=2 ex=0 bad=0 hits=0 t=1s
  F1 c3/c8@t0=1: rank[2,2] g=2 src=pari sat=1 tors=4 st=1812 hmax=898 pr=50 surv=4 ex=0 bad=0 hits=0 t=1s
  F1 c6/c8: кривая не построена (нет точки на квартике)
  F2 c2/c3: кривая не построена (нет точки на квартике)
  F2 c2/c5: кривая не построена (нет точки на квартике)
  F2 c2/c6: нет рациональной точки для коники
  F2 c2/c8: кривая не построена (нет точки на квартике)
  F2 c3/c5@t0=1: rank[2,2] g=2 src=pari sat=1 tors=4 st=1532 hmax=882 pr=50 surv=4 ex=0 bad=0 hits=0 t=1s
  F2 c3/c6: кривая не построена (нет точки на квартике)
  F2 c3/c8@t0=1: rank[1,1] g=1 src=pari sat=1 tors=4 st=124 hmax=841 pr=50 surv=4 ex=0 bad=0 hits=0 t=1s
  F2 c5/c6: кривая не построена (нет точки на квартике)
  F2 c5/c8@t0=1: rank[1,1] g=1 src=pari sat=1 tors=4 st=124 hmax=873 pr=50 surv=4 ex=0 bad=0 hits=0 t=1s
  F2 c6/c8: кривая не построена (нет точки на квартике)
  F3 c1/c3: нет рациональной точки для коники
  F3 c1/c5: нет рациональной точки для коники
  F3 c1/c6: кривая не построена (нет точки на квартике)
  F3 c1/c7: нет рациональной точки для коники
  F3 c3/c5: нет рациональной точки для коники
  F3 c3/c6: кривая не построена (нет точки на квартике)
  F3 c3/c7: нет рациональной точки для коники
  F3 c5/c6: кривая не построена (нет точки на квартике)
  F3 c5/c7: нет рациональной точки для коники
  F3 c6/c7: кривая не построена (нет точки на квартике)
  F4 c2/c3: кривая не построена (нет точки на квартике)
  F4 c2/c5: кривая не построена (нет точки на квартике)
  F4 c2/c6: нет рациональной точки для коники
  F4 c2/c7: кривая не построена (нет точки на квартике)
  F4 c3/c5@t0=1: rank[3,3] g=3 src=pari sat=1 tors=4 st=9604 hmax=423 pr=50 surv=4 ex=0 bad=0 hits=0 t=1s
  F4 c3/c6: кривая не построена (нет точки на квартике)
  F4 c3/c7@t0=1: rank[3,3] g=3 src=pari sat=1 tors=4 st=9604 hmax=423 pr=50 surv=4 ex=0 bad=0 hits=0 t=1s
  F4 c5/c6: кривая не построена (нет точки на квартике)
  F4 c5/c7@t0=1: rank[3,3] g=3 src=pari sat=1 tors=4 st=9476 hmax=243 pr=50 surv=4 ex=0 bad=0 hits=0 t=1s
  F4 c6/c7: кривая не построена (нет точки на квартике)
== (P,Q)=(42,5) C=1789/2 non
  F1 c0/c2: кривая не построена (нет точки на квартике)
  F1 c0/c3@t0=5: rank[1,1] g=1 src=pari sat=1 tors=4 st=124 hmax=813 pr=50 surv=4 ex=0 bad=0 hits=0 t=1s
  F1 c0/c6: кривая не построена (нет точки на квартике)
  F1 c0/c8@t0=5: rank[2,2] g=2 src=pari sat=1 tors=4 st=1836 hmax=898 pr=50 surv=4 ex=0 bad=0 hits=0 t=1s
  F1 c3/c2@t0=5: rank[1,1] g=1 src=pari sat=1 tors=4 st=124 hmax=813 pr=50 surv=2 ex=0 bad=0 hits=0 t=1s
  F1 c2/c6@t0=42: rank[2,2] g=2 src=pari sat=1 tors=4 st=2300 hmax=898 pr=50 surv=4 ex=0 bad=0 hits=0 t=1s
  F1 c2/c8: кривая не построена (нет точки на квартике)
  F1 c3/c6@t0=5: rank[1,1] g=1 src=pari sat=1 tors=4 st=116 hmax=802 pr=50 surv=2 ex=0 bad=0 hits=0 t=1s
  F1 c3/c8@t0=5: rank[1,1] g=1 src=pari sat=1 tors=4 st=116 hmax=802 pr=50 surv=4 ex=0 bad=0 hits=0 t=1s
  F1 c6/c8: кривая не построена (нет точки на квартике)
  F2 c2/c3: кривая не построена (нет точки на квартике)
  F2 c2/c5: кривая не построена (нет точки на квартике)
  F2 c2/c6: нет рациональной точки для коники
  F2 c2/c8: кривая не построена (нет точки на квартике)
  F2 c3/c5@t0=5: rank[1,1] g=1 src=pari sat=1 tors=4 st=124 hmax=813 pr=50 surv=4 ex=0 bad=0 hits=0 t=1s
  F2 c3/c6: кривая не построена (нет точки на квартике)
  F2 c3/c8@t0=5: rank[2,2] g=2 src=pari sat=1 tors=4 st=2300 hmax=898 pr=50 surv=4 ex=0 bad=0 hits=0 t=1s
  F2 c5/c6: кривая не построена (нет точки на квартике)
  F2 c5/c8@t0=5: rank[2,2] g=2 src=pari sat=1 tors=4 st=1836 hmax=898 pr=50 surv=4 ex=0 bad=0 hits=0 t=1s
  F2 c6/c8: кривая не построена (нет точки на квартике)
  F3 c1/c3: нет рациональной точки для коники
  F3 c1/c5: нет рациональной точки для коники
  F3 c1/c6: кривая не построена (нет точки на квартике)
  F3 c1/c7: нет рациональной точки для коники
  F3 c3/c5: нет рациональной точки для коники
  F3 c3/c6: кривая не построена (нет точки на квартике)
  F3 c3/c7: нет рациональной точки для коники
  F3 c5/c6: кривая не построена (нет точки на квартике)
  F3 c5/c7: нет рациональной точки для коники
  F3 c6/c7: кривая не построена (нет точки на квартике)
  F4 c2/c3: кривая не построена (нет точки на квартике)
  F4 c2/c5: кривая не построена (нет точки на квартике)
  F4 c2/c6: нет рациональной точки для коники
  F4 c2/c7: кривая не построена (нет точки на квартике)
  F4 c3/c5@t0=5: rank[1,1] g=1 src=pari sat=1 tors=4 st=116 hmax=801 pr=50 surv=4 ex=0 bad=0 hits=0 t=1s
  F4 c3/c6: кривая не построена (нет точки на квартике)
  F4 c3/c7@t0=5: rank[1,1] g=1 src=pari sat=1 tors=4 st=116 hmax=801 pr=50 surv=4 ex=0 bad=0 hits=0 t=1s
  F4 c5/c6: кривая не построена (нет точки на квартике)
  F4 c5/c7@t0=5: rank[2,2] g=2 src=pari sat=1 tors=4 st=2404 hmax=900 pr=50 surv=4 ex=0 bad=0 hits=0 t=1s
  F4 c6/c7: кривая не построена (нет точки на квартике)
== (P,Q)=(42,11) C=1885/2 non
  F1 c0/c2: кривая не построена (нет точки на квартике)
  F1 c0/c3@t0=11: rank[2,2] g=2 src=pari sat=1 tors=4 st=2636 hmax=894 pr=50 surv=4 ex=0 bad=0 hits=0 t=1s
  F1 c0/c6: кривая не построена (нет точки на квартике)
  F1 c0/c8@t0=11: rank[3,3] g=3 src=pari sat=1 tors=4 st=9564 hmax=293 pr=50 surv=4 ex=0 bad=0 hits=0 t=1s
  F1 c3/c2@t0=11: rank[2,2] g=2 src=pari sat=1 tors=4 st=2636 hmax=894 pr=50 surv=2 ex=0 bad=0 hits=0 t=1s
  F1 c2/c6@t0=42: rank[1,1] g=1 src=pari sat=1 tors=4 st=124 hmax=855 pr=50 surv=4 ex=0 bad=0 hits=0 t=1s
  F1 c2/c8: кривая не построена (нет точки на квартике)
  F1 c3/c6@t0=11: rank[4,4] g=4 src=pari sat=1 tors=4 st=9572 hmax=60 pr=50 surv=2 ex=0 bad=0 hits=0 t=1s
  F1 c3/c8@t0=11: rank[4,4] g=4 src=pari sat=1 tors=4 st=9572 hmax=60 pr=50 surv=4 ex=0 bad=0 hits=0 t=1s
  F1 c6/c8: кривая не построена (нет точки на квартике)
  F2 c2/c3: кривая не построена (нет точки на квартике)
  F2 c2/c5: кривая не построена (нет точки на квартике)
  F2 c2/c6: нет рациональной точки для коники
  F2 c2/c8: кривая не построена (нет точки на квартике)
  F2 c3/c5@t0=11: rank[2,2] g=2 src=pari sat=1 tors=4 st=2636 hmax=894 pr=50 surv=4 ex=0 bad=0 hits=0 t=1s
  F2 c3/c6: кривая не построена (нет точки на квартике)
  F2 c3/c8@t0=11: rank[1,1] g=1 src=pari sat=1 tors=4 st=124 hmax=855 pr=50 surv=4 ex=0 bad=0 hits=0 t=1s
  F2 c5/c6: кривая не построена (нет точки на квартике)
  F2 c5/c8@t0=11: rank[3,3] g=3 src=pari sat=1 tors=4 st=9564 hmax=293 pr=50 surv=4 ex=0 bad=0 hits=0 t=1s
  F2 c6/c8: кривая не построена (нет точки на квартике)
  F3 c1/c3: нет рациональной точки для коники
  F3 c1/c5: нет рациональной точки для коники
  F3 c1/c6: кривая не построена (нет точки на квартике)
  F3 c1/c7: нет рациональной точки для коники
  F3 c3/c5: нет рациональной точки для коники
  F3 c3/c6: кривая не построена (нет точки на квартике)
  F3 c3/c7: нет рациональной точки для коники
  F3 c5/c6: кривая не построена (нет точки на квартике)
  F3 c5/c7: нет рациональной точки для коники
  F3 c6/c7: кривая не построена (нет точки на квартике)
  F4 c2/c3: кривая не построена (нет точки на квартике)
  F4 c2/c5: кривая не построена (нет точки на квартике)
  F4 c2/c6: нет рациональной точки для коники
  F4 c2/c7: кривая не построена (нет точки на квартике)
  F4 c3/c5@t0=11: rank[2,2] g=2 src=pari sat=1 tors=4 st=2028 hmax=898 pr=50 surv=4 ex=0 bad=0 hits=0 t=1s
  F4 c3/c6: кривая не построена (нет точки на квартике)
  F4 c3/c7@t0=11: rank[2,2] g=2 src=pari sat=1 tors=4 st=2028 hmax=898 pr=50 surv=4 ex=0 bad=0 hits=0 t=1s
  F4 c5/c6: кривая не построена (нет точки на квартике)
  F4 c5/c7@t0=11: rank[2,2] g=2 src=pari sat=1 tors=4 st=4084 hmax=900 pr=50 surv=4 ex=0 bad=0 hits=0 t=1s
  F4 c6/c7: кривая не построена (нет точки на квартике)
== (P,Q)=(42,13) C=1933/2 non
  F1 c0/c2: кривая не построена (нет точки на квартике)
  F1 c0/c3@t0=13: rank[1,1] g=1 src=pari sat=1 tors=4 st=124 hmax=835 pr=50 surv=4 ex=0 bad=0 hits=0 t=1s
  F1 c0/c6: кривая не построена (нет точки на квартике)
  F1 c0/c8@t0=13: rank[2,2] g=2 src=pari sat=1 tors=4 st=1092 hmax=896 pr=50 surv=4 ex=0 bad=0 hits=0 t=1s
  F1 c3/c2@t0=13: rank[1,1] g=1 src=pari sat=1 tors=4 st=124 hmax=835 pr=50 surv=2 ex=0 bad=0 hits=0 t=0s
  F1 c2/c6@t0=42: rank[2,2] g=2 src=pari sat=1 tors=4 st=1396 hmax=893 pr=50 surv=4 ex=0 bad=0 hits=0 t=1s
  F1 c2/c8: кривая не построена (нет точки на квартике)
  F1 c3/c6@t0=13: rank[3,3] g=3 src=pari sat=1 tors=4 st=9548 hmax=337 pr=50 surv=2 ex=0 bad=0 hits=0 t=1s
  F1 c3/c8@t0=13: rank[3,3] g=3 src=pari sat=1 tors=4 st=9548 hmax=337 pr=50 surv=4 ex=0 bad=0 hits=0 t=1s
  F1 c6/c8: кривая не построена (нет точки на квартике)
  F2 c2/c3: кривая не построена (нет точки на квартике)
  F2 c2/c5: кривая не построена (нет точки на квартике)
  F2 c2/c6: нет рациональной точки для коники
  F2 c2/c8: кривая не построена (нет точки на квартике)
  F2 c3/c5@t0=13: rank[1,1] g=1 src=pari sat=1 tors=4 st=124 hmax=835 pr=50 surv=4 ex=0 bad=0 hits=0 t=1s
  F2 c3/c6: кривая не построена (нет точки на квартике)
  F2 c3/c8@t0=13: rank[2,2] g=2 src=pari sat=1 tors=4 st=1396 hmax=893 pr=50 surv=4 ex=0 bad=0 hits=0 t=1s
  F2 c5/c6: кривая не построена (нет точки на квартике)
  F2 c5/c8@t0=13: rank[2,2] g=2 src=pari sat=1 tors=4 st=1092 hmax=896 pr=50 surv=4 ex=0 bad=0 hits=0 t=1s
  F2 c6/c8: кривая не построена (нет точки на квартике)
  F3 c1/c3: нет рациональной точки для коники
  F3 c1/c5: нет рациональной точки для коники
  F3 c1/c6: кривая не построена (нет точки на квартике)
  F3 c1/c7: нет рациональной точки для коники
  F3 c3/c5: нет рациональной точки для коники
  F3 c3/c6: кривая не построена (нет точки на квартике)
  F3 c3/c7: нет рациональной точки для коники
  F3 c5/c6: кривая не построена (нет точки на квартике)
  F3 c5/c7: нет рациональной точки для коники
  F3 c6/c7: кривая не построена (нет точки на квартике)
  F4 c2/c3: кривая не построена (нет точки на квартике)
  F4 c2/c5: кривая не построена (нет точки на квартике)
  F4 c2/c6: нет рациональной точки для коники
  F4 c2/c7: кривая не построена (нет точки на квартике)
  F4 c3/c5@t0=13: rank[2,2] g=2 src=pari sat=1 tors=4 st=1940 hmax=898 pr=50 surv=4 ex=0 bad=0 hits=0 t=1s
  F4 c3/c6: кривая не построена (нет точки на квартике)
  F4 c3/c7@t0=13: rank[2,2] g=2 src=pari sat=1 tors=4 st=1940 hmax=898 pr=50 surv=4 ex=0 bad=0 hits=0 t=1s
  F4 c5/c6: кривая не построена (нет точки на квартике)
  F4 c5/c7@t0=13: rank[1,1] g=1 src=pari sat=1 tors=4 st=132 hmax=879 pr=50 surv=4 ex=0 bad=0 hits=0 t=1s
  F4 c6/c7: кривая не построена (нет точки на квартике)
== (P,Q)=(42,17) C=2053/2 non
  F1 c0/c2: кривая не построена (нет точки на квартике)
  F1 c0/c3@t0=17: rank[2,2] g=2 src=pari sat=1 tors=4 st=2620 hmax=895 pr=50 surv=4 ex=0 bad=0 hits=0 t=1s
  F1 c0/c6: кривая не построена (нет точки на квартике)
  F1 c0/c8@t0=17: rank[2,2] g=2 src=pari sat=1 tors=4 st=1524 hmax=897 pr=50 surv=4 ex=0 bad=0 hits=0 t=1s
  F1 c3/c2@t0=17: rank[2,2] g=2 src=pari sat=1 tors=4 st=2620 hmax=895 pr=50 surv=2 ex=0 bad=0 hits=0 t=1s
  F1 c2/c6@t0=42: rank[2,2] g=2 src=pari sat=1 tors=4 st=2140 hmax=898 pr=50 surv=4 ex=0 bad=0 hits=0 t=0s
  F1 c2/c8: кривая не построена (нет точки на квартике)
  F1 c3/c6@t0=17: rank[2,2] g=2 src=pari sat=1 tors=4 st=2012 hmax=899 pr=50 surv=2 ex=0 bad=0 hits=0 t=0s
  F1 c3/c8@t0=17: rank[2,2] g=2 src=pari sat=1 tors=4 st=2012 hmax=899 pr=50 surv=4 ex=0 bad=0 hits=0 t=0s
  F1 c6/c8: кривая не построена (нет точки на квартике)
  F2 c2/c3: кривая не построена (нет точки на квартике)
  F2 c2/c5: кривая не построена (нет точки на квартике)
  F2 c2/c6: нет рациональной точки для коники
  F2 c2/c8: кривая не построена (нет точки на квартике)
  F2 c3/c5@t0=17: rank[2,2] g=2 src=pari sat=1 tors=4 st=2620 hmax=895 pr=50 surv=4 ex=0 bad=0 hits=0 t=0s
  F2 c3/c6: кривая не построена (нет точки на квартике)
  F2 c3/c8@t0=17: rank[2,2] g=2 src=pari sat=1 tors=4 st=2140 hmax=898 pr=50 surv=4 ex=0 bad=0 hits=0 t=0s
  F2 c5/c6: кривая не построена (нет точки на квартике)
  F2 c5/c8@t0=17: rank[2,2] g=2 src=pari sat=1 tors=4 st=1524 hmax=897 pr=50 surv=4 ex=0 bad=0 hits=0 t=0s
  F2 c6/c8: кривая не построена (нет точки на квартике)
  F3 c1/c3: нет рациональной точки для коники
  F3 c1/c5: нет рациональной точки для коники
  F3 c1/c6: кривая не построена (нет точки на квартике)
  F3 c1/c7: нет рациональной точки для коники
  F3 c3/c5: нет рациональной точки для коники
  F3 c3/c6: кривая не построена (нет точки на квартике)
  F3 c3/c7: нет рациональной точки для коники
  F3 c5/c6: кривая не построена (нет точки на квартике)
  F3 c5/c7: нет рациональной точки для коники
  F3 c6/c7: кривая не построена (нет точки на квартике)
  F4 c2/c3: кривая не построена (нет точки на квартике)
  F4 c2/c5: кривая не построена (нет точки на квартике)
  F4 c2/c6: нет рациональной точки для коники
  F4 c2/c7: кривая не построена (нет точки на квартике)
  F4 c3/c5@t0=17: rank[2,2] g=2 src=pari sat=1 tors=4 st=1900 hmax=900 pr=50 surv=4 ex=0 bad=0 hits=0 t=0s
  F4 c3/c6: кривая не построена (нет точки на квартике)
  F4 c3/c7@t0=17: rank[2,2] g=2 src=pari sat=1 tors=4 st=1900 hmax=900 pr=50 surv=4 ex=0 bad=0 hits=0 t=0s
  F4 c5/c6: кривая не построена (нет точки на квартике)
  F4 c5/c7@t0=17: rank[1,1] g=1 src=pari sat=1 tors=4 st=132 hmax=886 pr=50 surv=4 ex=0 bad=0 hits=0 t=0s
  F4 c6/c7: кривая не построена (нет точки на квартике)
== (P,Q)=(42,19) C=2125/2 non
  F1 c0/c2: кривая не построена (нет точки на квартике)
  F1 c0/c3@t0=19: rank[1,1] g=1 src=pari sat=1 tors=4 st=124 hmax=850 pr=50 surv=4 ex=0 bad=0 hits=0 t=0s
  F1 c0/c6: кривая не построена (нет точки на квартике)
  F1 c0/c8@t0=19: rank[3,3] g=3 src=pari sat=1 tors=4 st=9564 hmax=311 pr=50 surv=4 ex=0 bad=0 hits=0 t=0s
  F1 c3/c2@t0=19: rank[1,1] g=1 src=pari sat=1 tors=4 st=124 hmax=850 pr=50 surv=2 ex=0 bad=0 hits=0 t=1s
  F1 c2/c6@t0=42: rank[2,2] g=2 src=pari sat=1 tors=4 st=6484 hmax=900 pr=50 surv=4 ex=0 bad=0 hits=0 t=1s
  F1 c2/c8: кривая не построена (нет точки на квартике)
  F1 c3/c6@t0=19: rank[2,2] g=2 src=pari sat=1 tors=4 st=2364 hmax=899 pr=50 surv=2 ex=0 bad=0 hits=0 t=1s
  F1 c3/c8@t0=19: rank[2,2] g=2 src=pari sat=1 tors=4 st=2364 hmax=899 pr=50 surv=4 ex=0 bad=0 hits=0 t=1s
  F1 c6/c8: кривая не построена (нет точки на квартике)
  F2 c2/c3: кривая не построена (нет точки на квартике)
  F2 c2/c5: кривая не построена (нет точки на квартике)
  F2 c2/c6: нет рациональной точки для коники
  F2 c2/c8: кривая не построена (нет точки на квартике)
  F2 c3/c5@t0=19: rank[1,1] g=1 src=pari sat=1 tors=4 st=124 hmax=850 pr=50 surv=4 ex=0 bad=0 hits=0 t=1s
  F2 c3/c6: кривая не построена (нет точки на квартике)
  F2 c3/c8@t0=19: rank[2,2] g=2 src=pari sat=1 tors=4 st=6484 hmax=900 pr=50 surv=4 ex=0 bad=0 hits=0 t=1s
  F2 c5/c6: кривая не построена (нет точки на квартике)
  F2 c5/c8@t0=19: rank[3,3] g=3 src=pari sat=1 tors=4 st=9564 hmax=311 pr=50 surv=4 ex=0 bad=0 hits=0 t=1s
  F2 c6/c8: кривая не построена (нет точки на квартике)
  F3 c1/c3: нет рациональной точки для коники
  F3 c1/c5: нет рациональной точки для коники
  F3 c1/c6: кривая не построена (нет точки на квартике)
  F3 c1/c7: нет рациональной точки для коники
  F3 c3/c5: нет рациональной точки для коники
  F3 c3/c6: кривая не построена (нет точки на квартике)
  F3 c3/c7: нет рациональной точки для коники
  F3 c5/c6: кривая не построена (нет точки на квартике)
  F3 c5/c7: нет рациональной точки для коники
  F3 c6/c7: кривая не построена (нет точки на квартике)
  F4 c2/c3: кривая не построена (нет точки на квартике)
  F4 c2/c5: кривая не построена (нет точки на квартике)
  F4 c2/c6: нет рациональной точки для коники
  F4 c2/c7: кривая не построена (нет точки на квартике)
  F4 c3/c5@t0=19: rank[1,1] g=1 src=pari sat=1 tors=4 st=116 hmax=800 pr=50 surv=4 ex=0 bad=0 hits=0 t=1s
  F4 c3/c6: кривая не построена (нет точки на квартике)
  F4 c3/c7@t0=19: rank[1,1] g=1 src=pari sat=1 tors=4 st=116 hmax=800 pr=50 surv=4 ex=0 bad=0 hits=0 t=1s
  F4 c5/c6: кривая не построена (нет точки на квартике)
  F4 c5/c7@t0=19: rank[1,1] g=1 src=pari sat=1 tors=4 st=132 hmax=889 pr=50 surv=4 ex=0 bad=0 hits=0 t=1s
  F4 c6/c7: кривая не построена (нет точки на квартике)
== (P,Q)=(42,23) C=2293/2 non
  F1 c0/c2: кривая не построена (нет точки на квартике)
  F1 c0/c3@t0=23: rank[1,1] g=1 src=pari sat=1 tors=4 st=124 hmax=861 pr=50 surv=4 ex=0 bad=0 hits=0 t=1s
  F1 c0/c6: кривая не построена (нет точки на квартике)
  F1 c0/c8@t0=23: rank[1,1] g=1 src=pari sat=1 tors=4 st=116 hmax=802 pr=50 surv=4 ex=0 bad=0 hits=0 t=1s
  F1 c3/c2@t0=23: rank[1,1] g=1 src=pari sat=1 tors=4 st=124 hmax=861 pr=50 surv=2 ex=0 bad=0 hits=0 t=1s
  F1 c2/c6@t0=42: rank[1,1] g=1 src=pari sat=1 tors=4 st=124 hmax=891 pr=50 surv=4 ex=0 bad=0 hits=0 t=1s
  F1 c2/c8: кривая не построена (нет точки на квартике)
  F1 c3/c6@t0=23: rank[1,1] g=1 src=pari sat=1 tors=4 st=116 hmax=825 pr=50 surv=2 ex=0 bad=0 hits=0 t=1s
  F1 c3/c8@t0=23: rank[1,1] g=1 src=pari sat=1 tors=4 st=116 hmax=825 pr=50 surv=4 ex=0 bad=0 hits=0 t=1s
  F1 c6/c8: кривая не построена (нет точки на квартике)
  F2 c2/c3: кривая не построена (нет точки на квартике)
  F2 c2/c5: кривая не построена (нет точки на квартике)
  F2 c2/c6: нет рациональной точки для коники
  F2 c2/c8: кривая не построена (нет точки на квартике)
  F2 c3/c5@t0=23: rank[1,1] g=1 src=pari sat=1 tors=4 st=124 hmax=861 pr=50 surv=4 ex=0 bad=0 hits=0 t=1s
  F2 c3/c6: кривая не построена (нет точки на квартике)
  F2 c3/c8@t0=23: rank[1,1] g=1 src=pari sat=1 tors=4 st=124 hmax=891 pr=50 surv=4 ex=0 bad=0 hits=0 t=1s
  F2 c5/c6: кривая не построена (нет точки на квартике)
  F2 c5/c8@t0=23: rank[1,1] g=1 src=pari sat=1 tors=4 st=116 hmax=802 pr=50 surv=4 ex=0 bad=0 hits=0 t=1s
  F2 c6/c8: кривая не построена (нет точки на квартике)
  F3 c1/c3: нет рациональной точки для коники
  F3 c1/c5: нет рациональной точки для коники
  F3 c1/c6: кривая не построена (нет точки на квартике)
  F3 c1/c7: нет рациональной точки для коники
  F3 c3/c5: нет рациональной точки для коники
  F3 c3/c6: кривая не построена (нет точки на квартике)
  F3 c3/c7: нет рациональной точки для коники
  F3 c5/c6: кривая не построена (нет точки на квартике)
  F3 c5/c7: нет рациональной точки для коники
  F3 c6/c7: кривая не построена (нет точки на квартике)
  F4 c2/c3: кривая не построена (нет точки на квартике)
  F4 c2/c5: кривая не построена (нет точки на квартике)
  F4 c2/c6: нет рациональной точки для коники
  F4 c2/c7: кривая не построена (нет точки на квартике)
  F4 c3/c5@t0=23: rank[1,1] g=1 src=pari sat=1 tors=4 st=116 hmax=799 pr=50 surv=4 ex=0 bad=0 hits=0 t=1s
  F4 c3/c6: кривая не построена (нет точки на квартике)
  F4 c3/c7@t0=23: rank[1,1] g=1 src=pari sat=1 tors=4 st=116 hmax=799 pr=50 surv=4 ex=0 bad=0 hits=0 t=1s
  F4 c5/c6@t0=23: rank[1,1] g=1 src=pari sat=1 tors=4 st=124 hmax=816 pr=50 surv=6 ex=0 bad=0 hits=0 t=1s
  F4 c5/c7@t0=23: rank[1,1] g=1 src=pari sat=1 tors=4 st=132 hmax=898 pr=50 surv=4 ex=0 bad=0 hits=0 t=1s
  F4 c6/c7: кривая не построена (нет точки на квартике)
== (P,Q)=(42,25) C=2389/2 non
  F1 c0/c2: кривая не построена (нет точки на квартике)
  F1 c0/c3@t0=25: rank[2,2] g=2 src=pari sat=1 tors=4 st=1516 hmax=896 pr=50 surv=4 ex=0 bad=0 hits=0 t=1s
  F1 c0/c6: кривая не построена (нет точки на квартике)
  F1 c0/c8@t0=25: rank[2,2] g=2 src=pari sat=1 tors=4 st=1036 hmax=878 pr=50 surv=4 ex=0 bad=0 hits=0 t=1s
  F1 c3/c2@t0=25: rank[2,2] g=2 src=pari sat=1 tors=4 st=1516 hmax=896 pr=50 surv=2 ex=0 bad=0 hits=0 t=1s
  F1 c2/c6@t0=42: rank[3,3] g=3 src=pari sat=1 tors=4 st=9580 hmax=300 pr=50 surv=4 ex=0 bad=0 hits=0 t=1s
  F1 c2/c8: кривая не построена (нет точки на квартике)
  F1 c3/c6@t0=25: rank[1,1] g=1 src=pari sat=1 tors=4 st=116 hmax=829 pr=50 surv=2 ex=0 bad=0 hits=0 t=1s
  F1 c3/c8@t0=25: rank[1,1] g=1 src=pari sat=1 tors=4 st=116 hmax=829 pr=50 surv=4 ex=0 bad=0 hits=0 t=1s
  F1 c6/c8: кривая не построена (нет точки на квартике)
  F2 c2/c3: кривая не построена (нет точки на квартике)
  F2 c2/c5: кривая не построена (нет точки на квартике)
  F2 c2/c6: нет рациональной точки для коники
  F2 c2/c8: кривая не построена (нет точки на квартике)
  F2 c3/c5@t0=25: rank[2,2] g=2 src=pari sat=1 tors=4 st=1516 hmax=896 pr=50 surv=4 ex=0 bad=0 hits=0 t=1s
  F2 c3/c6: кривая не построена (нет точки на квартике)
  F2 c3/c8@t0=25: rank[3,3] g=3 src=pari sat=1 tors=4 st=9580 hmax=300 pr=50 surv=4 ex=0 bad=0 hits=0 t=1s
  F2 c5/c6: кривая не построена (нет точки на квартике)
  F2 c5/c8@t0=25: rank[2,2] g=2 src=pari sat=1 tors=4 st=1036 hmax=878 pr=50 surv=4 ex=0 bad=0 hits=0 t=1s
  F2 c6/c8: кривая не построена (нет точки на квартике)
  F3 c1/c3: нет рациональной точки для коники
  F3 c1/c5: нет рациональной точки для коники
  F3 c1/c6: кривая не построена (нет точки на квартике)
  F3 c1/c7: нет рациональной точки для коники
  F3 c3/c5: нет рациональной точки для коники
  F3 c3/c6: кривая не построена (нет точки на квартике)
  F3 c3/c7: нет рациональной точки для коники
  F3 c5/c6: кривая не построена (нет точки на квартике)
  F3 c5/c7: нет рациональной точки для коники
  F3 c6/c7: кривая не построена (нет точки на квартике)
  F4 c2/c3: кривая не построена (нет точки на квартике)
  F4 c2/c5: кривая не построена (нет точки на квартике)
  F4 c2/c6: нет рациональной точки для коники
  F4 c2/c7: кривая не построена (нет точки на квартике)
  F4 c3/c5@t0=25: rank[1,1] g=1 src=pari sat=1 tors=4 st=116 hmax=799 pr=50 surv=4 ex=0 bad=0 hits=0 t=1s
  F4 c3/c6: кривая не построена (нет точки на квартике)
  F4 c3/c7@t0=25: rank[1,1] g=1 src=pari sat=1 tors=4 st=116 hmax=799 pr=50 surv=4 ex=0 bad=0 hits=0 t=1s
  F4 c5/c6: кривая не построена (нет точки на квартике)
  F4 c5/c7@t0=25: rank[2,2] g=2 src=pari sat=1 tors=4 st=2044 hmax=896 pr=50 surv=4 ex=0 bad=0 hits=0 t=1s
  F4 c6/c7: кривая не построена (нет точки на квартике)
== (P,Q)=(42,29) C=2605/2 non
  F1 c0/c2: кривая не построена (нет точки на квартике)
  F1 c0/c3@t0=29: rank[2,2] g=2 src=pari sat=1 tors=4 st=1268 hmax=881 pr=50 surv=4 ex=0 bad=0 hits=0 t=1s
  F1 c0/c6: кривая не построена (нет точки на квартике)
  F1 c0/c8@t0=29: rank[2,2] g=2 src=pari sat=1 tors=4 st=1028 hmax=897 pr=50 surv=4 ex=0 bad=0 hits=0 t=1s
  F1 c3/c2@t0=29: rank[2,2] g=2 src=pari sat=1 tors=4 st=1268 hmax=881 pr=50 surv=2 ex=0 bad=0 hits=0 t=1s
  F1 c2/c6@t0=42: rank[1,1] g=1 src=pari sat=1 tors=4 st=116 hmax=795 pr=50 surv=4 ex=0 bad=0 hits=0 t=1s
  F1 c2/c8: кривая не построена (нет точки на квартике)
  F1 c3/c6@t0=29: rank[3,3] g=3 src=pari sat=1 tors=4 st=9604 hmax=284 pr=50 surv=2 ex=0 bad=0 hits=0 t=1s
  F1 c3/c8@t0=29: rank[3,3] g=3 src=pari sat=1 tors=4 st=9604 hmax=284 pr=50 surv=4 ex=0 bad=0 hits=0 t=1s
  F1 c6/c8: кривая не построена (нет точки на квартике)
  F2 c2/c3: кривая не построена (нет точки на квартике)
  F2 c2/c5: кривая не построена (нет точки на квартике)
  F2 c2/c6: нет рациональной точки для коники
  F2 c2/c8: кривая не построена (нет точки на квартике)
  F2 c3/c5@t0=29: rank[2,2] g=2 src=pari sat=1 tors=4 st=1268 hmax=881 pr=50 surv=4 ex=0 bad=0 hits=0 t=1s
  F2 c3/c6: кривая не построена (нет точки на квартике)
  F2 c3/c8@t0=29: rank[1,1] g=1 src=pari sat=1 tors=4 st=116 hmax=795 pr=50 surv=4 ex=0 bad=0 hits=0 t=1s
  F2 c5/c6: кривая не построена (нет точки на квартике)
  F2 c5/c8@t0=29: rank[2,2] g=2 src=pari sat=1 tors=4 st=1028 hmax=897 pr=50 surv=4 ex=0 bad=0 hits=0 t=1s
  F2 c6/c8: кривая не построена (нет точки на квартике)
  F3 c1/c3: нет рациональной точки для коники
  F3 c1/c5: нет рациональной точки для коники
  F3 c1/c6: кривая не построена (нет точки на квартике)
  F3 c1/c7: нет рациональной точки для коники
  F3 c3/c5: нет рациональной точки для коники
  F3 c3/c6: кривая не построена (нет точки на квартике)
  F3 c3/c7: нет рациональной точки для коники
  F3 c5/c6: кривая не построена (нет точки на квартике)
  F3 c5/c7: нет рациональной точки для коники
  F3 c6/c7: кривая не построена (нет точки на квартике)
  F4 c2/c3: кривая не построена (нет точки на квартике)
  F4 c2/c5: кривая не построена (нет точки на квартике)
  F4 c2/c6: нет рациональной точки для коники
  F4 c2/c7: кривая не построена (нет точки на квартике)
  F4 c3/c5@t0=29: rank[2,2] g=2 src=pari sat=1 tors=4 st=3484 hmax=898 pr=50 surv=4 ex=0 bad=0 hits=0 t=1s
  F4 c3/c6: кривая не построена (нет точки на квартике)
  F4 c3/c7@t0=29: rank[2,2] g=2 src=pari sat=1 tors=4 st=3484 hmax=898 pr=50 surv=4 ex=0 bad=0 hits=0 t=1s
  F4 c5/c6: кривая не построена (нет точки на квартике)
  F4 c5/c7@t0=29: rank[3,3] g=3 src=pari sat=1 tors=4 st=9604 hmax=196 pr=50 surv=4 ex=0 bad=0 hits=0 t=1s
  F4 c6/c7: кривая не построена (нет точки на квартике)
== (P,Q)=(42,31) C=2725/2 non
  F1 c0/c2: кривая не построена (нет точки на квартике)
  F1 c0/c3@t0=31: rank[3,3] g=3 src=pari sat=1 tors=4 st=9604 hmax=275 pr=50 surv=4 ex=0 bad=0 hits=0 t=1s
  F1 c0/c6: кривая не построена (нет точки на квартике)
  F1 c0/c8@t0=31: rank[1,1] g=1 src=pari sat=1 tors=4 st=116 hmax=816 pr=50 surv=4 ex=0 bad=0 hits=0 t=1s
  F1 c3/c2@t0=31: rank[3,3] g=3 src=pari sat=1 tors=4 st=9604 hmax=275 pr=50 surv=2 ex=0 bad=0 hits=0 t=1s
  F1 c2/c6@t0=42: rank[2,2] g=2 src=pari sat=1 tors=4 st=3836 hmax=899 pr=50 surv=4 ex=0 bad=0 hits=0 t=1s
  F1 c2/c8: кривая не построена (нет точки на квартике)
  F1 c3/c6@t0=31: rank[2,2] g=2 src=pari sat=1 tors=4 st=2756 hmax=899 pr=50 surv=2 ex=0 bad=0 hits=0 t=1s
  F1 c3/c8@t0=31: rank[2,2] g=2 src=pari sat=1 tors=4 st=2756 hmax=899 pr=50 surv=4 ex=0 bad=0 hits=0 t=1s
  F1 c6/c8: кривая не построена (нет точки на квартике)
  F2 c2/c3: кривая не построена (нет точки на квартике)
  F2 c2/c5: кривая не построена (нет точки на квартике)
  F2 c2/c6: нет рациональной точки для коники
  F2 c2/c8: кривая не построена (нет точки на квартике)
  F2 c3/c5@t0=31: rank[3,3] g=3 src=pari sat=1 tors=4 st=9604 hmax=275 pr=50 surv=4 ex=0 bad=0 hits=0 t=1s
  F2 c3/c6: кривая не построена (нет точки на квартике)
  F2 c3/c8@t0=31: rank[2,2] g=2 src=pari sat=1 tors=4 st=3836 hmax=899 pr=50 surv=4 ex=0 bad=0 hits=0 t=1s
  F2 c5/c6: кривая не построена (нет точки на квартике)
  F2 c5/c8@t0=31: rank[1,1] g=1 src=pari sat=1 tors=4 st=116 hmax=816 pr=50 surv=4 ex=0 bad=0 hits=0 t=1s
  F2 c6/c8: кривая не построена (нет точки на квартике)
  F3 c1/c3: нет рациональной точки для коники
  F3 c1/c5: нет рациональной точки для коники
  F3 c1/c6: кривая не построена (нет точки на квартике)
  F3 c1/c7: нет рациональной точки для коники
  F3 c3/c5: нет рациональной точки для коники
  F3 c3/c6: кривая не построена (нет точки на квартике)
  F3 c3/c7: нет рациональной точки для коники
  F3 c5/c6: кривая не построена (нет точки на квартике)
  F3 c5/c7: нет рациональной точки для коники
  F3 c6/c7: кривая не построена (нет точки на квартике)
  F4 c2/c3: кривая не построена (нет точки на квартике)
  F4 c2/c5: кривая не построена (нет точки на квартике)
  F4 c2/c6: нет рациональной точки для коники
  F4 c2/c7: кривая не построена (нет точки на квартике)
  F4 c3/c5@t0=31: rank[2,2] g=2 src=pari sat=1 tors=4 st=1292 hmax=895 pr=50 surv=4 ex=0 bad=0 hits=0 t=1s
  F4 c3/c6: кривая не построена (нет точки на квартике)
  F4 c3/c7@t0=31: rank[2,2] g=2 src=pari sat=1 tors=4 st=1292 hmax=895 pr=50 surv=4 ex=0 bad=0 hits=0 t=1s
  F4 c5/c6: кривая не построена (нет точки на квартике)
  F4 c5/c7@t0=31: rank[2,2] g=2 src=pari sat=1 tors=4 st=4332 hmax=899 pr=50 surv=4 ex=0 bad=0 hits=0 t=1s
  F4 c6/c7: кривая не построена (нет точки на квартике)
== (P,Q)=(42,37) C=3133/2 non
  F1 c0/c2: кривая не построена (нет точки на квартике)
  F1 c0/c3@t0=37: rank[2,2] g=2 src=pari sat=1 tors=4 st=852 hmax=898 pr=50 surv=4 ex=0 bad=0 hits=0 t=1s
  F1 c0/c6: кривая не построена (нет точки на квартике)
  F1 c0/c8@t0=37: rank[2,2] g=2 src=pari sat=1 tors=4 st=1628 hmax=896 pr=50 surv=4 ex=0 bad=0 hits=0 t=1s
  F1 c3/c2@t0=37: rank[2,2] g=2 src=pari sat=1 tors=4 st=852 hmax=898 pr=50 surv=2 ex=0 bad=0 hits=0 t=1s
  F1 c2/c6@t0=42: rank[1,1] g=1 src=pari sat=1 tors=4 st=116 hmax=820 pr=50 surv=4 ex=0 bad=0 hits=0 t=1s
  F1 c2/c8: кривая не построена (нет точки на квартике)
  F1 c3/c6@t0=37: rank[1,1] g=1 src=pari sat=1 tors=4 st=116 hmax=854 pr=50 surv=2 ex=0 bad=0 hits=0 t=1s
  F1 c3/c8@t0=37: rank[1,1] g=1 src=pari sat=1 tors=4 st=116 hmax=854 pr=50 surv=4 ex=0 bad=0 hits=0 t=1s
  F1 c6/c8: кривая не построена (нет точки на квартике)
  F2 c2/c3: кривая не построена (нет точки на квартике)
  F2 c2/c5: кривая не построена (нет точки на квартике)
  F2 c2/c6: нет рациональной точки для коники
  F2 c2/c8: кривая не построена (нет точки на квартике)
  F2 c3/c5@t0=37: rank[2,2] g=2 src=pari sat=1 tors=4 st=852 hmax=898 pr=50 surv=4 ex=0 bad=0 hits=0 t=1s
  F2 c3/c6: кривая не построена (нет точки на квартике)
  F2 c3/c8@t0=37: rank[1,1] g=1 src=pari sat=1 tors=4 st=116 hmax=820 pr=50 surv=4 ex=0 bad=0 hits=0 t=1s
  F2 c5/c6: кривая не построена (нет точки на квартике)
  F2 c5/c8@t0=37: rank[2,2] g=2 src=pari sat=1 tors=4 st=1628 hmax=896 pr=50 surv=4 ex=0 bad=0 hits=0 t=1s
  F2 c6/c8: кривая не построена (нет точки на квартике)
  F3 c1/c3: нет рациональной точки для коники
  F3 c1/c5: нет рациональной точки для коники
  F3 c1/c6: кривая не построена (нет точки на квартике)
  F3 c1/c7: нет рациональной точки для коники
  F3 c3/c5: нет рациональной точки для коники
  F3 c3/c6: кривая не построена (нет точки на квартике)
  F3 c3/c7: нет рациональной точки для коники
  F3 c5/c6: кривая не построена (нет точки на квартике)
  F3 c5/c7: нет рациональной точки для коники
  F3 c6/c7: кривая не построена (нет точки на квартике)
  F4 c2/c3: кривая не построена (нет точки на квартике)
  F4 c2/c5: кривая не построена (нет точки на квартике)
  F4 c2/c6: нет рациональной точки для коники
  F4 c2/c7: кривая не построена (нет точки на квартике)
  F4 c3/c5@t0=37: rank[2,2] g=2 src=pari sat=1 tors=4 st=2964 hmax=897 pr=50 surv=4 ex=0 bad=0 hits=0 t=1s
  F4 c3/c6: кривая не построена (нет точки на квартике)
  F4 c3/c7@t0=37: rank[2,2] g=2 src=pari sat=1 tors=4 st=2964 hmax=897 pr=50 surv=4 ex=0 bad=0 hits=0 t=1s
  F4 c5/c6: кривая не построена (нет точки на квартике)
  F4 c5/c7@t0=37: rank[3,3] g=3 src=pari sat=1 tors=4 st=9548 hmax=210 pr=50 surv=4 ex=0 bad=0 hits=0 t=1s
  F4 c6/c7: кривая не построена (нет точки на квартике)
== (P,Q)=(42,41) C=3445/2 non
  F1 c0/c2: кривая не построена (нет точки на квартике)
  F1 c0/c3@t0=41: rank[3,3] g=3 src=pari sat=1 tors=4 st=9572 hmax=239 pr=50 surv=4 ex=0 bad=0 hits=0 t=1s
  F1 c0/c6: кривая не построена (нет точки на квартике)
  F1 c0/c8@t0=41: rank[1,1] g=1 src=pari sat=1 tors=4 st=116 hmax=833 pr=50 surv=4 ex=0 bad=0 hits=0 t=1s
  F1 c3/c2@t0=41: rank[3,3] g=3 src=pari sat=1 tors=4 st=9572 hmax=239 pr=50 surv=2 ex=0 bad=0 hits=0 t=1s
  F1 c2/c6@t0=42: rank[1,1] g=1 src=pari sat=1 tors=4 st=116 hmax=832 pr=50 surv=4 ex=0 bad=0 hits=0 t=1s
  F1 c2/c8: кривая не построена (нет точки на квартике)
  F1 c3/c6@t0=41: rank[3,3] g=3 src=pari sat=1 tors=4 st=9500 hmax=241 pr=50 surv=2 ex=0 bad=0 hits=0 t=1s
  F1 c3/c8@t0=41: rank[3,3] g=3 src=pari sat=1 tors=4 st=9500 hmax=241 pr=50 surv=4 ex=0 bad=0 hits=0 t=1s
  F1 c6/c8: кривая не построена (нет точки на квартике)
  F2 c2/c3: кривая не построена (нет точки на квартике)
  F2 c2/c5: кривая не построена (нет точки на квартике)
  F2 c2/c6: нет рациональной точки для коники
  F2 c2/c8: кривая не построена (нет точки на квартике)
  F2 c3/c5@t0=41: rank[3,3] g=3 src=pari sat=1 tors=4 st=9572 hmax=239 pr=50 surv=4 ex=0 bad=0 hits=0 t=1s
  F2 c3/c6: кривая не построена (нет точки на квартике)
  F2 c3/c8@t0=41: rank[1,1] g=1 src=pari sat=1 tors=4 st=116 hmax=832 pr=50 surv=4 ex=0 bad=0 hits=0 t=1s
  F2 c5/c6: кривая не построена (нет точки на квартике)
  F2 c5/c8@t0=41: rank[1,1] g=1 src=pari sat=1 tors=4 st=116 hmax=833 pr=50 surv=4 ex=0 bad=0 hits=0 t=1s
  F2 c6/c8: кривая не построена (нет точки на квартике)
  F3 c1/c3: нет рациональной точки для коники
  F3 c1/c5: нет рациональной точки для коники
  F3 c1/c6: кривая не построена (нет точки на квартике)
  F3 c1/c7: нет рациональной точки для коники
  F3 c3/c5: нет рациональной точки для коники
  F3 c3/c6: кривая не построена (нет точки на квартике)
  F3 c3/c7: нет рациональной точки для коники
  F3 c5/c6: кривая не построена (нет точки на квартике)
  F3 c5/c7: нет рациональной точки для коники
  F3 c6/c7: кривая не построена (нет точки на квартике)
  F4 c2/c3: кривая не построена (нет точки на квартике)
  F4 c2/c5: кривая не построена (нет точки на квартике)
  F4 c2/c6: нет рациональной точки для коники
  F4 c2/c7: кривая не построена (нет точки на квартике)
  F4 c3/c5@t0=41: rank[2,2] g=2 src=pari sat=1 tors=4 st=3356 hmax=898 pr=50 surv=4 ex=0 bad=0 hits=0 t=1s
  F4 c3/c6: кривая не построена (нет точки на квартике)
  F4 c3/c7@t0=41: rank[2,2] g=2 src=pari sat=1 tors=4 st=3356 hmax=898 pr=50 surv=4 ex=0 bad=0 hits=0 t=1s
  F4 c5/c6: кривая не построена (нет точки на квартике)
  F4 c5/c7@t0=41: rank[1,1] g=1 src=pari sat=1 tors=4 st=124 hmax=812 pr=50 surv=4 ex=0 bad=0 hits=0 t=1s
  F4 c6/c7: кривая не построена (нет точки на квартике)
== (P,Q)=(43,1) C=925 non
  F1 c0/c2: кривая не построена (нет точки на квартике)
  F1 c0/c3@t0=1: rank[2,2] g=2 src=pari sat=1 tors=4 st=4212 hmax=900 pr=50 surv=4 ex=0 bad=0 hits=0 t=1s
  F1 c0/c6: кривая не построена (нет точки на квартике)
  F1 c0/c8@t0=1: rank[1,1] g=1 src=pari sat=1 tors=4 st=132 hmax=866 pr=50 surv=4 ex=0 bad=0 hits=0 t=1s
  F1 c3/c2@t0=1: rank[2,2] g=2 src=pari sat=1 tors=4 st=4212 hmax=900 pr=50 surv=2 ex=0 bad=0 hits=0 t=1s
  F1 c2/c6@t0=43: rank[1,1] g=1 src=pari sat=1 tors=4 st=132 hmax=830 pr=50 surv=4 ex=0 bad=0 hits=0 t=1s
  F1 c2/c8: кривая не построена (нет точки на квартике)
  F1 c3/c6@t0=1: rank[2,2] g=2 src=pari sat=1 tors=4 st=1748 hmax=891 pr=50 surv=2 ex=0 bad=0 hits=0 t=1s
  F1 c3/c8@t0=1: rank[2,2] g=2 src=pari sat=1 tors=4 st=1748 hmax=891 pr=50 surv=4 ex=0 bad=0 hits=0 t=1s
  F1 c6/c8: кривая не построена (нет точки на квартике)
  F2 c2/c3: кривая не построена (нет точки на квартике)
  F2 c2/c5: кривая не построена (нет точки на квартике)
  F2 c2/c6: нет рациональной точки для коники
  F2 c2/c8: кривая не построена (нет точки на квартике)
  F2 c3/c5@t0=1: rank[2,2] g=2 src=pari sat=1 tors=4 st=4212 hmax=900 pr=50 surv=4 ex=0 bad=0 hits=0 t=1s
  F2 c3/c6: кривая не построена (нет точки на квартике)
  F2 c3/c8@t0=1: rank[1,1] g=1 src=pari sat=1 tors=4 st=132 hmax=830 pr=50 surv=4 ex=0 bad=0 hits=0 t=1s
  F2 c5/c6: кривая не построена (нет точки на квартике)
  F2 c5/c8@t0=1: rank[1,1] g=1 src=pari sat=1 tors=4 st=132 hmax=866 pr=50 surv=4 ex=0 bad=0 hits=0 t=1s
  F2 c6/c8: кривая не построена (нет точки на квартике)
  F3 c1/c3: нет рациональной точки для коники
  F3 c1/c5: нет рациональной точки для коники
  F3 c1/c6: кривая не построена (нет точки на квартике)
  F3 c1/c7: нет рациональной точки для коники
  F3 c3/c5: нет рациональной точки для коники
  F3 c3/c6: кривая не построена (нет точки на квартике)
  F3 c3/c7: нет рациональной точки для коники
  F3 c5/c6: кривая не построена (нет точки на квартике)
  F3 c5/c7: нет рациональной точки для коники
  F3 c6/c7: кривая не построена (нет точки на квартике)
  F4 c2/c3: кривая не построена (нет точки на квартике)
  F4 c2/c5: кривая не построена (нет точки на квартике)
  F4 c2/c6: нет рациональной точки для коники
  F4 c2/c7: кривая не построена (нет точки на квартике)
  F4 c3/c5@t0=1: rank[2,2] g=2 src=pari sat=1 tors=4 st=2940 hmax=895 pr=50 surv=4 ex=0 bad=0 hits=0 t=1s
  F4 c3/c6: кривая не построена (нет точки на квартике)
  F4 c3/c7@t0=1: rank[2,2] g=2 src=pari sat=1 tors=4 st=2940 hmax=895 pr=50 surv=4 ex=0 bad=0 hits=0 t=1s
  F4 c5/c6@t0=1: rank[1,1] g=1 src=pari sat=1 tors=4 st=164 hmax=866 pr=50 surv=6 ex=0 bad=0 hits=0 t=1s
  F4 c5/c7@t0=1: rank[2,2] g=2 src=pari sat=1 tors=4 st=2868 hmax=893 pr=50 surv=4 ex=0 bad=0 hits=0 t=1s
  F4 c6/c7: кривая не построена (нет точки на квартике)
== (P,Q)=(43,2) C=1853/2 non
  F1 c0/c2: кривая не построена (нет точки на квартике)
  F1 c0/c3@t0=2: rank[2,2] g=2 src=pari sat=1 tors=4 st=2444 hmax=895 pr=50 surv=4 ex=0 bad=0 hits=0 t=1s
  F1 c0/c6: кривая не построена (нет точки на квартике)
  F1 c0/c8@t0=2: rank[1,1] g=1 src=pari sat=1 tors=4 st=124 hmax=883 pr=50 surv=4 ex=0 bad=0 hits=0 t=1s
  F1 c3/c2@t0=2: rank[2,2] g=2 src=pari sat=1 tors=4 st=2444 hmax=895 pr=50 surv=2 ex=0 bad=0 hits=0 t=1s
  F1 c2/c6@t0=43: rank[2,2] g=2 src=pari sat=1 tors=4 st=2308 hmax=899 pr=50 surv=4 ex=0 bad=0 hits=0 t=1s
  F1 c2/c8: кривая не построена (нет точки на квартике)
  F1 c3/c6@t0=2: rank[1,1] g=1 src=pari sat=1 tors=4 st=124 hmax=847 pr=50 surv=2 ex=0 bad=0 hits=0 t=1s
  F1 c3/c8@t0=2: rank[1,1] g=1 src=pari sat=1 tors=4 st=124 hmax=847 pr=50 surv=4 ex=0 bad=0 hits=0 t=1s
  F1 c6/c8: кривая не построена (нет точки на квартике)
  F2 c2/c3: кривая не построена (нет точки на квартике)
  F2 c2/c5: кривая не построена (нет точки на квартике)
  F2 c2/c6: нет рациональной точки для коники
  F2 c2/c8: кривая не построена (нет точки на квартике)
  F2 c3/c5@t0=2: rank[2,2] g=2 src=pari sat=1 tors=4 st=2444 hmax=895 pr=50 surv=4 ex=0 bad=0 hits=0 t=1s
  F2 c3/c6: кривая не построена (нет точки на квартике)
  F2 c3/c8@t0=2: rank[2,2] g=2 src=pari sat=1 tors=4 st=2308 hmax=899 pr=50 surv=4 ex=0 bad=0 hits=0 t=1s
  F2 c5/c6: кривая не построена (нет точки на квартике)
  F2 c5/c8@t0=2: rank[1,1] g=1 src=pari sat=1 tors=4 st=124 hmax=883 pr=50 surv=4 ex=0 bad=0 hits=0 t=1s
  F2 c6/c8: кривая не построена (нет точки на квартике)
  F3 c1/c3: нет рациональной точки для коники
  F3 c1/c5: нет рациональной точки для коники
  F3 c1/c6: кривая не построена (нет точки на квартике)
  F3 c1/c7: нет рациональной точки для коники
  F3 c3/c5: нет рациональной точки для коники
  F3 c3/c6: кривая не построена (нет точки на квартике)
  F3 c3/c7: нет рациональной точки для коники
  F3 c5/c6: кривая не построена (нет точки на квартике)
  F3 c5/c7: нет рациональной точки для коники
  F3 c6/c7: кривая не построена (нет точки на квартике)
  F4 c2/c3: кривая не построена (нет точки на квартике)
  F4 c2/c5: кривая не построена (нет точки на квартике)
  F4 c2/c6: нет рациональной точки для коники
  F4 c2/c7: кривая не построена (нет точки на квартике)
  F4 c3/c5@t0=2: rank[1,1] g=1 src=pari sat=1 tors=4 st=124 hmax=846 pr=50 surv=4 ex=0 bad=0 hits=0 t=1s
  F4 c3/c6: кривая не построена (нет точки на квартике)
  F4 c3/c7@t0=2: rank[1,1] g=1 src=pari sat=1 tors=4 st=124 hmax=846 pr=50 surv=4 ex=0 bad=0 hits=0 t=1s
  F4 c5/c6@t0=2: rank[2,2] g=2 src=pari sat=1 tors=4 st=2676 hmax=899 pr=50 surv=6 ex=0 bad=0 hits=0 t=1s
  F4 c5/c7@t0=2: rank[1,1] g=1 src=pari sat=1 tors=4 st=124 hmax=846 pr=50 surv=4 ex=0 bad=0 hits=0 t=1s
  F4 c6/c7: кривая не построена (нет точки на квартике)
== (P,Q)=(43,3) C=929 non
  F1 c0/c2: кривая не построена (нет точки на квартике)
  F1 c0/c3@t0=3: rank[2,2] g=2 src=pari sat=1 tors=4 st=1676 hmax=895 pr=50 surv=4 ex=0 bad=0 hits=0 t=1s
  F1 c0/c6: кривая не построена (нет точки на квартике)
  F1 c0/c8@t0=3: rank[2,2] g=2 src=pari sat=1 tors=4 st=3668 hmax=900 pr=50 surv=4 ex=0 bad=0 hits=0 t=1s
  F1 c3/c2@t0=3: rank[2,2] g=2 src=pari sat=1 tors=4 st=1676 hmax=895 pr=50 surv=2 ex=0 bad=0 hits=0 t=1s
  F1 c2/c6@t0=43: rank[1,1] g=1 src=pari sat=1 tors=4 st=132 hmax=831 pr=50 surv=4 ex=0 bad=0 hits=0 t=1s
  F1 c8/c2@t0=3: rank[1,1] g=1 src=pari sat=1 tors=4 st=68 hmax=869 pr=50 surv=2 ex=0 bad=0 hits=0 t=1s
  F1 c3/c6@t0=3: rank[1,1] g=1 src=pari sat=1 tors=4 st=116 hmax=806 pr=50 surv=2 ex=0 bad=0 hits=0 t=1s
  F1 c3/c8@t0=3: rank[1,1] g=1 src=pari sat=1 tors=4 st=116 hmax=806 pr=50 surv=4 ex=0 bad=0 hits=0 t=1s
  F1 c6/c8: кривая не построена (нет точки на квартике)
  F2 c2/c3: кривая не построена (нет точки на квартике)
  F2 c2/c5: кривая не построена (нет точки на квартике)
  F2 c2/c6: нет рациональной точки для коники
  F2 c2/c8: кривая не построена (нет точки на квартике)
  F2 c3/c5@t0=3: rank[2,2] g=2 src=pari sat=1 tors=4 st=1676 hmax=895 pr=50 surv=4 ex=0 bad=0 hits=0 t=1s
  F2 c3/c6@t0=3: rank[1,1] g=1 src=pari sat=1 tors=4 st=68 hmax=869 pr=50 surv=2 ex=0 bad=0 hits=0 t=1s
  F2 c3/c8@t0=3: rank[1,1] g=1 src=pari sat=1 tors=4 st=132 hmax=831 pr=50 surv=4 ex=0 bad=0 hits=0 t=1s
  F2 c5/c6: кривая не построена (нет точки на квартике)
  F2 c5/c8@t0=3: rank[2,2] g=2 src=pari sat=1 tors=4 st=3668 hmax=900 pr=50 surv=4 ex=0 bad=0 hits=0 t=1s
  F2 c6/c8: кривая не построена (нет точки на квартике)
  F3 c1/c3: нет рациональной точки для коники
  F3 c1/c5: нет рациональной точки для коники
  F3 c1/c6: кривая не построена (нет точки на квартике)
  F3 c1/c7: нет рациональной точки для коники
  F3 c3/c5: нет рациональной точки для коники
  F3 c3/c6: кривая не построена (нет точки на квартике)
  F3 c3/c7: нет рациональной точки для коники
  F3 c5/c6: кривая не построена (нет точки на квартике)
  F3 c5/c7: нет рациональной точки для коники
  F3 c6/c7: кривая не построена (нет точки на квартике)
  F4 c2/c3: кривая не построена (нет точки на квартике)
  F4 c2/c5: кривая не построена (нет точки на квартике)
  F4 c2/c6: нет рациональной точки для коники
  F4 c2/c7: кривая не построена (нет точки на квартике)
  F4 c3/c5@t0=3: rank[1,1] g=1 src=pari sat=1 tors=4 st=116 hmax=805 pr=50 surv=4 ex=0 bad=0 hits=0 t=1s
  F4 c3/c6: кривая не построена (нет точки на квартике)
  F4 c3/c7@t0=3: rank[1,1] g=1 src=pari sat=1 tors=4 st=116 hmax=805 pr=50 surv=4 ex=0 bad=0 hits=0 t=1s
  F4 c5/c6: кривая не построена (нет точки на квартике)
  F4 c5/c7@t0=3: rank[3,3] g=3 src=pari sat=1 tors=4 st=9604 hmax=322 pr=50 surv=4 ex=0 bad=0 hits=0 t=1s
  F4 c6/c7: кривая не построена (нет точки на квартике)
== (P,Q)=(43,4) C=1865/2 non
  F1 c0/c2: кривая не построена (нет точки на квартике)
  F1 c0/c3@t0=4: rank[1,1] g=1 src=pari sat=1 tors=4 st=124 hmax=893 pr=50 surv=4 ex=0 bad=0 hits=0 t=1s
  F1 c0/c6: кривая не построена (нет точки на квартике)
  F1 c0/c8@t0=4: rank[1,1] g=1 src=pari sat=1 tors=4 st=124 hmax=889 pr=50 surv=4 ex=0 bad=0 hits=0 t=1s
  F1 c3/c2@t0=4: rank[1,1] g=1 src=pari sat=1 tors=4 st=124 hmax=893 pr=50 surv=2 ex=0 bad=0 hits=0 t=1s
  F1 c2/c6@t0=43: rank[2,2] g=2 src=pari sat=1 tors=4 st=1900 hmax=894 pr=50 surv=4 ex=0 bad=0 hits=0 t=1s
  F1 c2/c8: кривая не построена (нет точки на квартике)
  F1 c3/c6@t0=4: rank[2,2] g=2 src=pari sat=1 tors=4 st=2460 hmax=900 pr=50 surv=2 ex=0 bad=0 hits=0 t=1s
  F1 c3/c8@t0=4: rank[2,2] g=2 src=pari sat=1 tors=4 st=2460 hmax=900 pr=50 surv=4 ex=0 bad=0 hits=0 t=1s
  F1 c6/c8: кривая не построена (нет точки на квартике)
  F2 c2/c3: кривая не построена (нет точки на квартике)
  F2 c2/c5: кривая не построена (нет точки на квартике)
  F2 c2/c6: нет рациональной точки для коники
  F2 c2/c8: кривая не построена (нет точки на квартике)
  F2 c3/c5@t0=4: rank[1,1] g=1 src=pari sat=1 tors=4 st=124 hmax=893 pr=50 surv=4 ex=0 bad=0 hits=0 t=1s
  F2 c3/c6: кривая не построена (нет точки на квартике)
  F2 c3/c8@t0=4: rank[2,2] g=2 src=pari sat=1 tors=4 st=1900 hmax=894 pr=50 surv=4 ex=0 bad=0 hits=0 t=1s
  F2 c5/c6: кривая не построена (нет точки на квартике)
  F2 c5/c8@t0=4: rank[1,1] g=1 src=pari sat=1 tors=4 st=124 hmax=889 pr=50 surv=4 ex=0 bad=0 hits=0 t=1s
  F2 c6/c8: кривая не построена (нет точки на квартике)
  F3 c1/c3: нет рациональной точки для коники
  F3 c1/c5: нет рациональной точки для коники
  F3 c1/c6: кривая не построена (нет точки на квартике)
  F3 c1/c7: нет рациональной точки для коники
  F3 c3/c5: нет рациональной точки для коники
  F3 c3/c6: кривая не построена (нет точки на квартике)
  F3 c3/c7: нет рациональной точки для коники
  F3 c5/c6: кривая не построена (нет точки на квартике)
  F3 c5/c7: нет рациональной точки для коники
  F3 c6/c7: кривая не построена (нет точки на квартике)
  F4 c2/c3: кривая не построена (нет точки на квартике)
  F4 c2/c5: кривая не построена (нет точки на квартике)
  F4 c2/c6: нет рациональной точки для коники
  F4 c2/c7: кривая не построена (нет точки на квартике)
  F4 c3/c5@t0=4: rank[1,1] g=1 src=pari sat=1 tors=4 st=124 hmax=846 pr=50 surv=4 ex=0 bad=0 hits=0 t=1s
  F4 c3/c6: кривая не построена (нет точки на квартике)
  F4 c3/c7@t0=4: rank[1,1] g=1 src=pari sat=1 tors=4 st=124 hmax=846 pr=50 surv=4 ex=0 bad=0 hits=0 t=1s
  F4 c5/c6: кривая не построена (нет точки на квартике)
  F4 c5/c7@t0=4: rank[1,1] g=1 src=pari sat=1 tors=4 st=124 hmax=847 pr=50 surv=4 ex=0 bad=0 hits=0 t=1s
  F4 c6/c7: кривая не построена (нет точки на квартике)
== (P,Q)=(43,5) C=937 non
  F1 c0/c2: кривая не построена (нет точки на квартике)
  F1 c0/c3@t0=5: rank[2,2] g=2 src=pari sat=1 tors=4 st=2012 hmax=896 pr=50 surv=4 ex=0 bad=0 hits=0 t=1s
  F1 c0/c6: кривая не построена (нет точки на квартике)
  F1 c0/c8@t0=5: rank[3,3] g=3 src=pari sat=1 tors=4 st=9604 hmax=227 pr=50 surv=4 ex=0 bad=0 hits=0 t=1s
  F1 c3/c2@t0=5: rank[2,2] g=2 src=pari sat=1 tors=4 st=2012 hmax=896 pr=50 surv=2 ex=0 bad=0 hits=0 t=1s
  F1 c2/c6@t0=43: rank[1,1] g=1 src=pari sat=1 tors=4 st=132 hmax=833 pr=50 surv=4 ex=0 bad=0 hits=0 t=1s
  F1 c2/c8: кривая не построена (нет точки на квартике)
  F1 c3/c6@t0=5: rank[2,2] g=2 src=pari sat=1 tors=4 st=2292 hmax=895 pr=50 surv=2 ex=0 bad=0 hits=0 t=1s
  F1 c3/c8@t0=5: rank[2,2] g=2 src=pari sat=1 tors=4 st=2292 hmax=895 pr=50 surv=4 ex=0 bad=0 hits=0 t=1s
  F1 c6/c8: кривая не построена (нет точки на квартике)
  F2 c2/c3: кривая не построена (нет точки на квартике)
  F2 c2/c5: кривая не построена (нет точки на квартике)
  F2 c2/c6: нет рациональной точки для коники
  F2 c8/c2@t0=5: rank[2,2] g=2 src=pari sat=1 tors=4 st=1932 hmax=891 pr=50 surv=2 ex=0 bad=0 hits=0 t=1s
  F2 c3/c5@t0=5: rank[2,2] g=2 src=pari sat=1 tors=4 st=2012 hmax=896 pr=50 surv=4 ex=0 bad=0 hits=0 t=1s
  F2 c3/c6: кривая не построена (нет точки на квартике)
  F2 c3/c8@t0=5: rank[1,1] g=1 src=pari sat=1 tors=4 st=132 hmax=833 pr=50 surv=4 ex=0 bad=0 hits=0 t=0s
  F2 c5/c6: кривая не построена (нет точки на квартике)
  F2 c5/c8@t0=5: rank[3,3] g=3 src=pari sat=1 tors=4 st=9604 hmax=227 pr=50 surv=4 ex=0 bad=0 hits=0 t=1s
  F2 c6/c8: кривая не построена (нет точки на квартике)
  F3 c1/c3: нет рациональной точки для коники
  F3 c1/c5: нет рациональной точки для коники
  F3 c6/c1@t0=5: rank[2,2] g=2 src=pari sat=1 tors=4 st=1932 hmax=891 pr=50 surv=2 ex=0 bad=0 hits=0 t=0s
  F3 c1/c7: нет рациональной точки для коники
  F3 c3/c5: нет рациональной точки для коники
  F3 c6/c3@t0=5: rank[2,2] g=2 src=pari sat=1 tors=4 st=1932 hmax=891 pr=50 surv=2 ex=0 bad=0 hits=0 t=1s
  F3 c3/c7: нет рациональной точки для коники
  F3 c5/c6: кривая не построена (нет точки на квартике)
  F3 c5/c7: нет рациональной точки для коники
  F3 c6/c7: кривая не построена (нет точки на квартике)
  F4 c3/c2@t0=5: rank[1,1] g=1 src=pari sat=1 tors=4 st=100 hmax=776 pr=50 surv=2 ex=0 bad=0 hits=0 t=1s
  F4 c2/c5: кривая не построена (нет точки на квартике)
  F4 c2/c6: нет рациональной точки для коники
  F4 c7/c2@t0=5: rank[2,2] g=2 src=pari sat=1 tors=4 st=1932 hmax=891 pr=50 surv=2 ex=0 bad=0 hits=0 t=0s
  F4 c3/c5@t0=5: rank[1,1] g=1 src=pari sat=1 tors=4 st=116 hmax=805 pr=50 surv=4 ex=0 bad=0 hits=0 t=1s
  F4 c3/c6@t0=5: rank[1,1] g=1 src=pari sat=1 tors=4 st=100 hmax=776 pr=50 surv=2 ex=0 bad=0 hits=0 t=1s
  F4 c3/c7@t0=5: rank[1,1] g=1 src=pari sat=1 tors=4 st=116 hmax=805 pr=50 surv=4 ex=0 bad=0 hits=0 t=1s
  F4 c5/c6: кривая не построена (нет точки на квартике)
  F4 c5/c7@t0=5: rank[2,2] g=2 src=pari sat=1 tors=4 st=2004 hmax=896 pr=50 surv=4 ex=0 bad=0 hits=0 t=1s
  F4 c6/c7: кривая не построена (нет точки на квартике)
== (P,Q)=(43,6) C=1885/2 non
  F1 c0/c2: кривая не построена (нет точки на квартике)
  F1 c0/c3@t0=6: rank[3,3] g=3 src=pari sat=1 tors=4 st=9604 hmax=192 pr=50 surv=4 ex=0 bad=0 hits=0 t=1s
  F1 c0/c6: кривая не построена (нет точки на квартике)
  F1 c0/c8@t0=6: rank[3,3] g=3 src=pari sat=1 tors=4 st=9604 hmax=274 pr=50 surv=4 ex=0 bad=0 hits=0 t=1s
  F1 c3/c2@t0=6: rank[3,3] g=3 src=pari sat=1 tors=4 st=9604 hmax=192 pr=50 surv=2 ex=0 bad=0 hits=0 t=1s
  F1 c2/c6@t0=43: rank[1,1] g=1 src=pari sat=1 tors=4 st=124 hmax=850 pr=50 surv=4 ex=0 bad=0 hits=0 t=1s
  F1 c2/c8: кривая не построена (нет точки на квартике)
  F1 c3/c6@t0=6: rank[1,1] g=1 src=pari sat=1 tors=4 st=124 hmax=848 pr=50 surv=2 ex=0 bad=0 hits=0 t=1s
  F1 c3/c8@t0=6: rank[1,1] g=1 src=pari sat=1 tors=4 st=124 hmax=848 pr=50 surv=4 ex=0 bad=0 hits=0 t=1s
  F1 c6/c8: кривая не построена (нет точки на квартике)
  F2 c2/c3: кривая не построена (нет точки на квартике)
  F2 c2/c5: кривая не построена (нет точки на квартике)
  F2 c2/c6: нет рациональной точки для коники
  F2 c2/c8: кривая не построена (нет точки на квартике)
  F2 c3/c5@t0=6: rank[3,3] g=3 src=pari sat=1 tors=4 st=9604 hmax=192 pr=50 surv=4 ex=0 bad=0 hits=0 t=1s
  F2 c3/c6: кривая не построена (нет точки на квартике)
  F2 c3/c8@t0=6: rank[1,1] g=1 src=pari sat=1 tors=4 st=124 hmax=850 pr=50 surv=4 ex=0 bad=0 hits=0 t=1s
  F2 c5/c6: кривая не построена (нет точки на квартике)
  F2 c5/c8@t0=6: rank[3,3] g=3 src=pari sat=1 tors=4 st=9604 hmax=274 pr=50 surv=4 ex=0 bad=0 hits=0 t=1s
  F2 c6/c8: кривая не построена (нет точки на квартике)
  F3 c1/c3: нет рациональной точки для коники
  F3 c1/c5: нет рациональной точки для коники
  F3 c1/c6: кривая не построена (нет точки на квартике)
  F3 c1/c7: нет рациональной точки для коники
  F3 c3/c5: нет рациональной точки для коники
  F3 c3/c6: кривая не построена (нет точки на квартике)
  F3 c3/c7: нет рациональной точки для коники
  F3 c5/c6: кривая не построена (нет точки на квартике)
  F3 c5/c7: нет рациональной точки для коники
  F3 c6/c7: кривая не построена (нет точки на квартике)
  F4 c2/c3: кривая не построена (нет точки на квартике)
  F4 c2/c5: кривая не построена (нет точки на квартике)
  F4 c2/c6: нет рациональной точки для коники
  F4 c2/c7: кривая не построена (нет точки на квартике)
  F4 c3/c5@t0=6: rank[2,2] g=2 src=pari sat=1 tors=4 st=5180 hmax=899 pr=50 surv=4 ex=0 bad=0 hits=0 t=1s
  F4 c3/c6: кривая не построена (нет точки на квартике)
  F4 c3/c7@t0=6: rank[2,2] g=2 src=pari sat=1 tors=4 st=5180 hmax=899 pr=50 surv=4 ex=0 bad=0 hits=0 t=1s
  F4 c5/c6: кривая не построена (нет точки на квартике)
  F4 c5/c7@t0=6: rank[2,2] g=2 src=pari sat=1 tors=4 st=2820 hmax=899 pr=50 surv=4 ex=0 bad=0 hits=0 t=1s
  F4 c6/c7: кривая не построена (нет точки на квартике)
== (P,Q)=(43,7) C=949 non
  F1 c0/c2: кривая не построена (нет точки на квартике)
  F1 c0/c3@t0=7: rank[3,3] g=3 src=pari sat=1 tors=4 st=9604 hmax=160 pr=50 surv=4 ex=0 bad=0 hits=0 t=1s
  F1 c0/c6: кривая не построена (нет точки на квартике)
  F1 c0/c8@t0=7: rank[2,2] g=2 src=pari sat=1 tors=4 st=3796 hmax=896 pr=50 surv=4 ex=0 bad=0 hits=0 t=1s
  F1 c3/c2@t0=7: rank[3,3] g=3 src=pari sat=1 tors=4 st=9604 hmax=160 pr=50 surv=2 ex=0 bad=0 hits=0 t=1s
  F1 c2/c6@t0=43: rank[2,2] g=2 src=pari sat=1 tors=4 st=3012 hmax=900 pr=50 surv=4 ex=0 bad=0 hits=0 t=1s
  F1 c2/c8: кривая не построена (нет точки на квартике)
  F1 c3/c6@t0=7: rank[3,3] g=3 src=pari sat=1 tors=4 st=9588 hmax=382 pr=50 surv=2 ex=0 bad=0 hits=0 t=1s
  F1 c3/c8@t0=7: rank[3,3] g=3 src=pari sat=1 tors=4 st=9588 hmax=382 pr=50 surv=4 ex=0 bad=0 hits=0 t=1s
  F1 c6/c8: кривая не построена (нет точки на квартике)
  F2 c2/c3: кривая не построена (нет точки на квартике)
  F2 c2/c5: кривая не построена (нет точки на квартике)
  F2 c2/c6: нет рациональной точки для коники
  F2 c2/c8: кривая не построена (нет точки на квартике)
  F2 c3/c5@t0=7: rank[3,3] g=3 src=pari sat=1 tors=4 st=9604 hmax=160 pr=50 surv=4 ex=0 bad=0 hits=0 t=1s
  F2 c3/c6: кривая не построена (нет точки на квартике)
  F2 c3/c8@t0=7: rank[2,2] g=2 src=pari sat=1 tors=4 st=3012 hmax=900 pr=50 surv=4 ex=0 bad=0 hits=0 t=1s
  F2 c5/c6: кривая не построена (нет точки на квартике)
  F2 c5/c8@t0=7: rank[2,2] g=2 src=pari sat=1 tors=4 st=3796 hmax=896 pr=50 surv=4 ex=0 bad=0 hits=0 t=1s
  F2 c6/c8: кривая не построена (нет точки на квартике)
  F3 c1/c3: нет рациональной точки для коники
  F3 c1/c5: нет рациональной точки для коники
  F3 c1/c6: кривая не построена (нет точки на квартике)
  F3 c1/c7: нет рациональной точки для коники
  F3 c3/c5: нет рациональной точки для коники
  F3 c3/c6: кривая не построена (нет точки на квартике)
  F3 c3/c7: нет рациональной точки для коники
  F3 c5/c6: кривая не построена (нет точки на квартике)
  F3 c5/c7: нет рациональной точки для коники
  F3 c6/c7: кривая не построена (нет точки на квартике)
  F4 c2/c3: кривая не построена (нет точки на квартике)
  F4 c2/c5: кривая не построена (нет точки на квартике)
  F4 c2/c6: нет рациональной точки для коники
  F4 c2/c7: кривая не построена (нет точки на квартике)
  F4 c3/c5@t0=7: rank[2,2] g=2 src=pari sat=1 tors=4 st=3828 hmax=899 pr=50 surv=4 ex=0 bad=0 hits=0 t=1s
  F4 c3/c6: кривая не построена (нет точки на квартике)
  F4 c3/c7@t0=7: rank[2,2] g=2 src=pari sat=1 tors=4 st=3828 hmax=899 pr=50 surv=4 ex=0 bad=0 hits=0 t=1s
  F4 c5/c6: кривая не построена (нет точки на квартике)
  F4 c5/c7@t0=7: rank[2,2] g=2 src=pari sat=1 tors=4 st=2012 hmax=896 pr=50 surv=4 ex=0 bad=0 hits=0 t=1s
  F4 c6/c7: кривая не построена (нет точки на квартике)
== (P,Q)=(43,8) C=1913/2 non
  F1 c0/c2: кривая не построена (нет точки на квартике)
  F1 c0/c3@t0=8: rank[2,2] g=2 src=pari sat=1 tors=4 st=1860 hmax=898 pr=50 surv=4 ex=0 bad=0 hits=0 t=1s
  F1 c0/c6: кривая не построена (нет точки на квартике)
  F1 c0/c8@t0=8: rank[2,2] g=2 src=pari sat=1 tors=4 st=2404 hmax=898 pr=50 surv=4 ex=0 bad=0 hits=0 t=1s
  F1 c3/c2@t0=8: rank[2,2] g=2 src=pari sat=1 tors=4 st=1860 hmax=898 pr=50 surv=2 ex=0 bad=0 hits=0 t=1s
  F1 c2/c6@t0=43: rank[1,1] g=1 src=pari sat=1 tors=4 st=124 hmax=853 pr=50 surv=4 ex=0 bad=0 hits=0 t=1s
  F1 c2/c8: кривая не построена (нет точки на квартике)
  F1 c3/c6@t0=8: rank[1,1] g=1 src=pari sat=1 tors=4 st=124 hmax=850 pr=50 surv=2 ex=0 bad=0 hits=0 t=1s
  F1 c3/c8@t0=8: rank[1,1] g=1 src=pari sat=1 tors=4 st=124 hmax=850 pr=50 surv=4 ex=0 bad=0 hits=0 t=1s
  F1 c6/c8: кривая не построена (нет точки на квартике)
  F2 c2/c3: кривая не построена (нет точки на квартике)
  F2 c2/c5: кривая не построена (нет точки на квартике)
  F2 c2/c6: нет рациональной точки для коники
  F2 c2/c8: кривая не построена (нет точки на квартике)
  F2 c3/c5@t0=8: rank[2,2] g=2 src=pari sat=1 tors=4 st=1860 hmax=898 pr=50 surv=4 ex=0 bad=0 hits=0 t=1s
  F2 c3/c6: кривая не построена (нет точки на квартике)
  F2 c3/c8@t0=8: rank[1,1] g=1 src=pari sat=1 tors=4 st=124 hmax=853 pr=50 surv=4 ex=0 bad=0 hits=0 t=0s
  F2 c5/c6: кривая не построена (нет точки на квартике)
  F2 c5/c8@t0=8: rank[2,2] g=2 src=pari sat=1 tors=4 st=2404 hmax=898 pr=50 surv=4 ex=0 bad=0 hits=0 t=1s
  F2 c6/c8: кривая не построена (нет точки на квартике)
  F3 c1/c3: нет рациональной точки для коники
  F3 c1/c5: нет рациональной точки для коники
  F3 c1/c6: кривая не построена (нет точки на квартике)
  F3 c1/c7: нет рациональной точки для коники
  F3 c3/c5: нет рациональной точки для коники
  F3 c3/c6: кривая не построена (нет точки на квартике)
  F3 c3/c7: нет рациональной точки для коники
  F3 c5/c6: кривая не построена (нет точки на квартике)
  F3 c5/c7: нет рациональной точки для коники
  F3 c6/c7: кривая не построена (нет точки на квартике)
  F4 c2/c3: кривая не построена (нет точки на квартике)
  F4 c2/c5: кривая не построена (нет точки на квартике)
  F4 c2/c6: нет рациональной точки для коники
  F4 c2/c7: кривая не построена (нет точки на квартике)
  F4 c3/c5@t0=8: rank[3,3] g=3 src=pari sat=1 tors=4 st=9604 hmax=260 pr=50 surv=4 ex=0 bad=0 hits=0 t=1s
  F4 c3/c6: кривая не построена (нет точки на квартике)
  F4 c3/c7@t0=8: rank[3,3] g=3 src=pari sat=1 tors=4 st=9604 hmax=260 pr=50 surv=4 ex=0 bad=0 hits=0 t=1s
  F4 c5/c6@t0=8: rank[2,2] g=2 src=pari sat=1 tors=4 st=4060 hmax=899 pr=50 surv=6 ex=0 bad=0 hits=0 t=1s
  F4 c5/c7@t0=8: rank[1,1] g=1 src=pari sat=1 tors=4 st=124 hmax=850 pr=50 surv=4 ex=0 bad=0 hits=0 t=1s
  F4 c6/c7: кривая не построена (нет точки на квартике)
== (P,Q)=(43,9) C=965 non
  F1 c0/c2: кривая не построена (нет точки на квартике)
  F1 c0/c3@t0=9: rank[2,2] g=2 src=pari sat=1 tors=4 st=1596 hmax=899 pr=50 surv=4 ex=0 bad=0 hits=0 t=1s
  F1 c0/c6: кривая не построена (нет точки на квартике)
  F1 c0/c8@t0=9: rank[2,2] g=2 src=pari sat=1 tors=4 st=2724 hmax=899 pr=50 surv=4 ex=0 bad=0 hits=0 t=1s
  F1 c3/c2@t0=9: rank[2,2] g=2 src=pari sat=1 tors=4 st=1596 hmax=899 pr=50 surv=2 ex=0 bad=0 hits=0 t=1s
  F1 c2/c6@t0=43: rank[2,2] g=2 src=pari sat=1 tors=4 st=1604 hmax=900 pr=50 surv=4 ex=0 bad=0 hits=0 t=1s
  F1 c2/c8: кривая не построена (нет точки на квартике)
  F1 c3/c6@t0=9: rank[2,2] g=2 src=pari sat=1 tors=4 st=1804 hmax=897 pr=50 surv=2 ex=0 bad=0 hits=0 t=1s
  F1 c3/c8@t0=9: rank[2,2] g=2 src=pari sat=1 tors=4 st=1804 hmax=897 pr=50 surv=4 ex=0 bad=0 hits=0 t=1s
  F1 c6/c8: кривая не построена (нет точки на квартике)
  F2 c2/c3: кривая не построена (нет точки на квартике)
  F2 c2/c5: кривая не построена (нет точки на квартике)
  F2 c2/c6: нет рациональной точки для коники
  F2 c2/c8: кривая не построена (нет точки на квартике)
  F2 c3/c5@t0=9: rank[2,2] g=2 src=pari sat=1 tors=4 st=1596 hmax=899 pr=50 surv=4 ex=0 bad=0 hits=0 t=1s
  F2 c3/c6: кривая не построена (нет точки на квартике)
  F2 c3/c8@t0=9: rank[2,2] g=2 src=pari sat=1 tors=4 st=1604 hmax=900 pr=50 surv=4 ex=0 bad=0 hits=0 t=1s
  F2 c5/c6: кривая не построена (нет точки на квартике)
  F2 c5/c8@t0=9: rank[2,2] g=2 src=pari sat=1 tors=4 st=2724 hmax=899 pr=50 surv=4 ex=0 bad=0 hits=0 t=1s
  F2 c6/c8: кривая не построена (нет точки на квартике)
  F3 c1/c3: нет рациональной точки для коники
  F3 c1/c5: нет рациональной точки для коники
  F3 c1/c6: кривая не построена (нет точки на квартике)
  F3 c1/c7: нет рациональной точки для коники
  F3 c3/c5: нет рациональной точки для коники
  F3 c3/c6: кривая не построена (нет точки на квартике)
  F3 c3/c7: нет рациональной точки для коники
  F3 c5/c6: кривая не построена (нет точки на квартике)
  F3 c5/c7: нет рациональной точки для коники
  F3 c6/c7: кривая не построена (нет точки на квартике)
  F4 c2/c3: кривая не построена (нет точки на квартике)
  F4 c2/c5: кривая не построена (нет точки на квартике)
  F4 c2/c6: нет рациональной точки для коники
  F4 c2/c7: кривая не построена (нет точки на квартике)
  F4 c3/c5@t0=9: rank[1,1] g=1 src=pari sat=1 tors=4 st=116 hmax=805 pr=50 surv=4 ex=0 bad=0 hits=0 t=1s
  F4 c3/c6: кривая не построена (нет точки на квартике)
  F4 c3/c7@t0=9: rank[1,1] g=1 src=pari sat=1 tors=4 st=116 hmax=805 pr=50 surv=4 ex=0 bad=0 hits=0 t=1s
  F4 c5/c6@t0=9: rank[1,1] g=1 src=pari sat=1 tors=4 st=148 hmax=872 pr=50 surv=6 ex=0 bad=0 hits=0 t=1s
  F4 c5/c7@t0=9: rank[1,1] g=1 src=pari sat=1 tors=4 st=124 hmax=851 pr=50 surv=4 ex=0 bad=0 hits=0 t=1s
  F4 c6/c7: кривая не построена (нет точки на квартике)
== (P,Q)=(43,10) C=1949/2 non
  F1 c0/c2: кривая не построена (нет точки на квартике)
  F1 c0/c3@t0=10: rank[1,1] g=1 src=pari sat=1 tors=4 st=116 hmax=792 pr=50 surv=4 ex=0 bad=0 hits=0 t=1s
  F1 c0/c6: кривая не построена (нет точки на квартике)
  F1 c0/c8@t0=10: rank[1,1] g=1 src=pari sat=1 tors=4 st=116 hmax=786 pr=50 surv=4 ex=0 bad=0 hits=0 t=1s
  F1 c3/c2@t0=10: rank[1,1] g=1 src=pari sat=1 tors=4 st=116 hmax=792 pr=50 surv=2 ex=0 bad=0 hits=0 t=1s
  F1 c2/c6@t0=43: rank[1,1] g=1 src=pari sat=1 tors=4 st=124 hmax=857 pr=50 surv=4 ex=0 bad=0 hits=0 t=1s
  F1 c2/c8: кривая не построена (нет точки на квартике)
  F1 c3/c6@t0=10: rank[1,1] g=1 src=pari sat=1 tors=4 st=124 hmax=852 pr=50 surv=2 ex=0 bad=0 hits=0 t=1s
  F1 c3/c8@t0=10: rank[1,1] g=1 src=pari sat=1 tors=4 st=124 hmax=852 pr=50 surv=4 ex=0 bad=0 hits=0 t=1s
  F1 c6/c8: кривая не построена (нет точки на квартике)
  F2 c2/c3: кривая не построена (нет точки на квартике)
  F2 c2/c5: кривая не построена (нет точки на квартике)
  F2 c2/c6: нет рациональной точки для коники
  F2 c2/c8: кривая не построена (нет точки на квартике)
  F2 c3/c5@t0=10: rank[1,1] g=1 src=pari sat=1 tors=4 st=116 hmax=792 pr=50 surv=4 ex=0 bad=0 hits=0 t=1s
  F2 c3/c6: кривая не построена (нет точки на квартике)
  F2 c3/c8@t0=10: rank[1,1] g=1 src=pari sat=1 tors=4 st=124 hmax=857 pr=50 surv=4 ex=0 bad=0 hits=0 t=0s
  F2 c5/c6: кривая не построена (нет точки на квартике)
  F2 c5/c8@t0=10: rank[1,1] g=1 src=pari sat=1 tors=4 st=116 hmax=786 pr=50 surv=4 ex=0 bad=0 hits=0 t=1s
  F2 c6/c8: кривая не построена (нет точки на квартике)
  F3 c1/c3: нет рациональной точки для коники
  F3 c1/c5: нет рациональной точки для коники
  F3 c1/c6: кривая не построена (нет точки на квартике)
  F3 c1/c7: нет рациональной точки для коники
  F3 c3/c5: нет рациональной точки для коники
  F3 c3/c6: кривая не построена (нет точки на квартике)
  F3 c3/c7: нет рациональной точки для коники
  F3 c5/c6: кривая не построена (нет точки на квартике)
  F3 c5/c7: нет рациональной точки для коники
  F3 c6/c7: кривая не построена (нет точки на квартике)
  F4 c2/c3: кривая не построена (нет точки на квартике)
  F4 c2/c5: кривая не построена (нет точки на квартике)
  F4 c2/c6: нет рациональной точки для коники
  F4 c2/c7: кривая не построена (нет точки на квартике)
  F4 c3/c5@t0=10: rank[2,2] g=2 src=pari sat=1 tors=4 st=3532 hmax=900 pr=50 surv=4 ex=0 bad=0 hits=0 t=1s
  F4 c3/c6: кривая не построена (нет точки на квартике)
  F4 c3/c7@t0=10: rank[2,2] g=2 src=pari sat=1 tors=4 st=3532 hmax=900 pr=50 surv=4 ex=0 bad=0 hits=0 t=1s
  F4 c5/c6: кривая не построена (нет точки на квартике)
  F4 c5/c7@t0=10: rank[1,1] g=1 src=pari sat=1 tors=4 st=124 hmax=852 pr=50 surv=4 ex=0 bad=0 hits=0 t=1s
  F4 c6/c7: кривая не построена (нет точки на квартике)
== (P,Q)=(43,11) C=985 non
  F1 c0/c2: кривая не построена (нет точки на квартике)
  F1 c0/c3@t0=11: rank[3,3] g=3 src=pari sat=1 tors=4 st=9532 hmax=237 pr=50 surv=4 ex=0 bad=0 hits=0 t=1s
  F1 c0/c6: кривая не построена (нет точки на квартике)
  F1 c0/c8@t0=11: rank[2,2] g=2 src=pari sat=1 tors=4 st=3940 hmax=899 pr=50 surv=4 ex=0 bad=0 hits=0 t=1s
  F1 c3/c2@t0=11: rank[3,3] g=3 src=pari sat=1 tors=4 st=9532 hmax=237 pr=50 surv=2 ex=0 bad=0 hits=0 t=1s
  F1 c2/c6@t0=43: rank[2,2] g=2 src=pari sat=1 tors=4 st=2036 hmax=898 pr=50 surv=4 ex=0 bad=0 hits=0 t=1s
  F1 c8/c2@t0=11: rank[1,1] g=1 src=pari sat=1 tors=4 st=92 hmax=850 pr=50 surv=2 ex=0 bad=0 hits=0 t=1s
  F1 c3/c6@t0=11: rank[1,1] g=1 src=pari sat=1 tors=4 st=116 hmax=811 pr=50 surv=2 ex=0 bad=0 hits=0 t=1s
  F1 c3/c8@t0=11: rank[1,1] g=1 src=pari sat=1 tors=4 st=116 hmax=811 pr=50 surv=4 ex=0 bad=0 hits=0 t=1s
  F1 c6/c8: кривая не построена (нет точки на квартике)
  F2 c2/c3: кривая не построена (нет точки на квартике)
  F2 c2/c5: кривая не построена (нет точки на квартике)
  F2 c2/c6: нет рациональной точки для коники
  F2 c2/c8: кривая не построена (нет точки на квартике)
  F2 c3/c5@t0=11: rank[3,3] g=3 src=pari sat=1 tors=4 st=9532 hmax=237 pr=50 surv=4 ex=0 bad=0 hits=0 t=1s
  F2 c3/c6@t0=11: rank[1,1] g=1 src=pari sat=1 tors=4 st=92 hmax=850 pr=50 surv=2 ex=0 bad=0 hits=0 t=1s
  F2 c3/c8@t0=11: rank[2,2] g=2 src=pari sat=1 tors=4 st=2036 hmax=898 pr=50 surv=4 ex=0 bad=0 hits=0 t=1s
  F2 c5/c6: кривая не построена (нет точки на квартике)
  F2 c5/c8@t0=11: rank[2,2] g=2 src=pari sat=1 tors=4 st=3940 hmax=899 pr=50 surv=4 ex=0 bad=0 hits=0 t=1s
  F2 c8/c6@t0=11: rank[3,3] g=3 src=pari sat=1 tors=4 st=9604 hmax=281 pr=50 surv=2 ex=0 bad=0 hits=0 t=1s
  F3 c1/c3: нет рациональной точки для коники
  F3 c1/c5: нет рациональной точки для коники
  F3 c1/c6: кривая не построена (нет точки на квартике)
  F3 c1/c7: нет рациональной точки для коники
  F3 c3/c5: нет рациональной точки для коники
  F3 c3/c6: кривая не построена (нет точки на квартике)
  F3 c3/c7: нет рациональной точки для коники
  F3 c6/c5@t0=11: rank[3,3] g=3 src=pari sat=1 tors=4 st=9604 hmax=281 pr=50 surv=2 ex=0 bad=0 hits=0 t=1s
  F3 c5/c7: нет рациональной точки для коники
  F3 c6/c7@t0=11: rank[3,3] g=3 src=pari sat=1 tors=4 st=9604 hmax=281 pr=50 surv=2 ex=0 bad=0 hits=0 t=1s
  F4 c2/c3: кривая не построена (нет точки на квартике)
  F4 c2/c5: кривая не построена (нет точки на квартике)
  F4 c2/c6: нет рациональной точки для коники
  F4 c2/c7: кривая не построена (нет точки на квартике)
  F4 c3/c5@t0=11: rank[1,1] g=1 src=pari sat=1 tors=4 st=116 hmax=805 pr=50 surv=4 ex=0 bad=0 hits=0 t=1s
  F4 c3/c6: кривая не построена (нет точки на квартике)
  F4 c3/c7@t0=11: rank[1,1] g=1 src=pari sat=1 tors=4 st=116 hmax=805 pr=50 surv=4 ex=0 bad=0 hits=0 t=1s
  F4 c5/c6@t0=11: rank[1,1] g=1 src=pari sat=1 tors=4 st=252 hmax=854 pr=50 surv=6 ex=0 bad=0 hits=0 t=1s
  F4 c5/c7@t0=11: rank[1,1] g=1 src=pari sat=1 tors=4 st=124 hmax=853 pr=50 surv=4 ex=0 bad=0 hits=0 t=1s
  F4 c7/c6@t0=11: rank[3,3] g=3 src=pari sat=1 tors=4 st=9604 hmax=281 pr=50 surv=2 ex=0 bad=0 hits=0 t=1s
== (P,Q)=(43,12) C=1993/2 non
  F1 c0/c2: кривая не построена (нет точки на квартике)
  F1 c0/c3@t0=12: rank[3,3] g=3 src=pari sat=1 tors=4 st=9604 hmax=392 pr=50 surv=4 ex=0 bad=0 hits=0 t=1s
  F1 c0/c6: кривая не построена (нет точки на квартике)
  F1 c0/c8@t0=12: rank[2,2] g=2 src=pari sat=1 tors=4 st=3012 hmax=898 pr=50 surv=4 ex=0 bad=0 hits=0 t=1s
  F1 c3/c2@t0=12: rank[3,3] g=3 src=pari sat=1 tors=4 st=9604 hmax=392 pr=50 surv=2 ex=0 bad=0 hits=0 t=1s
  F1 c2/c6@t0=43: rank[2,2] g=2 src=pari sat=1 tors=4 st=1428 hmax=892 pr=50 surv=4 ex=0 bad=0 hits=0 t=1s
  F1 c2/c8: кривая не построена (нет точки на квартике)
  F1 c3/c6@t0=12: rank[1,1] g=1 src=pari sat=1 tors=4 st=124 hmax=854 pr=50 surv=2 ex=0 bad=0 hits=0 t=1s
  F1 c3/c8@t0=12: rank[1,1] g=1 src=pari sat=1 tors=4 st=124 hmax=854 pr=50 surv=4 ex=0 bad=0 hits=0 t=1s
  F1 c6/c8: кривая не построена (нет точки на квартике)
  F2 c2/c3: кривая не построена (нет точки на квартике)
  F2 c2/c5: кривая не построена (нет точки на квартике)
  F2 c2/c6: нет рациональной точки для коники
  F2 c2/c8: кривая не построена (нет точки на квартике)
  F2 c3/c5@t0=12: rank[3,3] g=3 src=pari sat=1 tors=4 st=9604 hmax=392 pr=50 surv=4 ex=0 bad=0 hits=0 t=1s
  F2 c3/c6: кривая не построена (нет точки на квартике)
  F2 c3/c8@t0=12: rank[2,2] g=2 src=pari sat=1 tors=4 st=1428 hmax=892 pr=50 surv=4 ex=0 bad=0 hits=0 t=1s
  F2 c5/c6: кривая не построена (нет точки на квартике)
  F2 c5/c8@t0=12: rank[2,2] g=2 src=pari sat=1 tors=4 st=3012 hmax=898 pr=50 surv=4 ex=0 bad=0 hits=0 t=1s
  F2 c6/c8: кривая не построена (нет точки на квартике)
  F3 c1/c3: нет рациональной точки для коники
  F3 c1/c5: нет рациональной точки для коники
  F3 c1/c6: кривая не построена (нет точки на квартике)
  F3 c1/c7: нет рациональной точки для коники
  F3 c3/c5: нет рациональной точки для коники
  F3 c3/c6: кривая не построена (нет точки на квартике)
  F3 c3/c7: нет рациональной точки для коники
  F3 c5/c6: кривая не построена (нет точки на квартике)
  F3 c5/c7: нет рациональной точки для коники
  F3 c6/c7: кривая не построена (нет точки на квартике)
  F4 c2/c3: кривая не построена (нет точки на квартике)
  F4 c2/c5: кривая не построена (нет точки на квартике)
  F4 c2/c6: нет рациональной точки для коники
  F4 c2/c7: кривая не построена (нет точки на квартике)
  F4 c3/c5@t0=12: rank[2,2] g=2 src=pari sat=1 tors=4 st=3012 hmax=899 pr=50 surv=4 ex=0 bad=0 hits=0 t=1s
  F4 c3/c6: кривая не построена (нет точки на квартике)
  F4 c3/c7@t0=12: rank[2,2] g=2 src=pari sat=1 tors=4 st=3012 hmax=899 pr=50 surv=4 ex=0 bad=0 hits=0 t=1s
  F4 c5/c6: кривая не построена (нет точки на квартике)
  F4 c5/c7@t0=12: rank[2,2] g=2 src=pari sat=1 tors=4 st=1996 hmax=897 pr=50 surv=4 ex=0 bad=0 hits=0 t=1s
  F4 c6/c7: кривая не построена (нет точки на квартике)
== (P,Q)=(43,13) C=1009 non
  F1 c0/c2: кривая не построена (нет точки на квартике)
  F1 c0/c3@t0=13: rank[2,2] g=2 src=pari sat=1 tors=4 st=1788 hmax=897 pr=50 surv=4 ex=0 bad=0 hits=0 t=1s
  F1 c0/c6: кривая не построена (нет точки на квартике)
  F1 c0/c8@t0=13: rank[2,2] g=2 src=pari sat=1 tors=4 st=3364 hmax=899 pr=50 surv=4 ex=0 bad=0 hits=0 t=1s
  F1 c3/c2@t0=13: rank[2,2] g=2 src=pari sat=1 tors=4 st=1788 hmax=897 pr=50 surv=2 ex=0 bad=0 hits=0 t=1s
  F1 c2/c6@t0=27: rank[1,1] g=1 src=pari sat=1 tors=4 st=132 hmax=850 pr=50 surv=2 ex=0 bad=0 hits=0 t=1s
  F1 c8/c2@t0=13: rank[1,1] g=1 src=pari sat=1 tors=4 st=60 hmax=731 pr=50 surv=2 ex=0 bad=0 hits=0 t=1s
  F1 c3/c6@t0=13: rank[3,3] g=3 src=pari sat=1 tors=4 st=9604 hmax=376 pr=50 surv=2 ex=0 bad=0 hits=0 t=1s
  F1 c3/c8@t0=13: rank[3,3] g=3 src=pari sat=1 tors=4 st=9604 hmax=376 pr=50 surv=4 ex=0 bad=0 hits=0 t=1s
  F1 c6/c8: кривая не построена (нет точки на квартике)
  F2 c2/c3: кривая не построена (нет точки на квартике)
  F2 c2/c5: кривая не построена (нет точки на квартике)
  F2 c2/c6: нет рациональной точки для коники
  F2 c2/c8: кривая не построена (нет точки на квартике)
  F2 c3/c5@t0=13: rank[2,2] g=2 src=pari sat=1 tors=4 st=1788 hmax=897 pr=50 surv=4 ex=0 bad=0 hits=0 t=1s
  F2 c3/c6@t0=13: rank[1,1] g=1 src=pari sat=1 tors=4 st=60 hmax=731 pr=50 surv=2 ex=0 bad=0 hits=0 t=1s
  F2 c3/c8@t0=13: rank[1,1] g=1 src=pari sat=1 tors=4 st=132 hmax=850 pr=50 surv=4 ex=0 bad=0 hits=0 t=0s
  F2 c5/c6: кривая не построена (нет точки на квартике)
  F2 c5/c8@t0=13: rank[2,2] g=2 src=pari sat=1 tors=4 st=3364 hmax=899 pr=50 surv=4 ex=0 bad=0 hits=0 t=1s
  F2 c6/c8: кривая не построена (нет точки на квартике)
  F3 c1/c3: нет рациональной точки для коники
  F3 c1/c5: нет рациональной точки для коники
  F3 c1/c6: кривая не построена (нет точки на квартике)
  F3 c1/c7: нет рациональной точки для коники
  F3 c3/c5: нет рациональной точки для коники
  F3 c3/c6: кривая не построена (нет точки на квартике)
  F3 c3/c7: нет рациональной точки для коники
  F3 c5/c6: кривая не построена (нет точки на квартике)
  F3 c5/c7: нет рациональной точки для коники
  F3 c6/c7: кривая не построена (нет точки на квартике)
  F4 c2/c3: кривая не построена (нет точки на квартике)
  F4 c2/c5: кривая не построена (нет точки на квартике)
  F4 c2/c6: нет рациональной точки для коники
  F4 c2/c7: кривая не построена (нет точки на квартике)
  F4 c3/c5@t0=13: rank[2,2] g=2 src=pari sat=1 tors=4 st=3124 hmax=896 pr=50 surv=4 ex=0 bad=0 hits=0 t=1s
  F4 c3/c6: кривая не построена (нет точки на квартике)
  F4 c3/c7@t0=13: rank[2,2] g=2 src=pari sat=1 tors=4 st=3124 hmax=896 pr=50 surv=4 ex=0 bad=0 hits=0 t=1s
  F4 c5/c6@t0=13: rank[2,2] g=2 src=pari sat=1 tors=4 st=6628 hmax=900 pr=50 surv=6 ex=0 bad=0 hits=0 t=1s
  F4 c5/c7@t0=13: rank[1,1] g=1 src=pari sat=1 tors=4 st=124 hmax=855 pr=50 surv=4 ex=0 bad=0 hits=0 t=1s
  F4 c6/c7: кривая не построена (нет точки на квартике)
== (P,Q)=(43,14) C=2045/2 non
  F1 c0/c2: кривая не построена (нет точки на квартике)
  F1 c0/c3@t0=14: rank[1,1] g=1 src=pari sat=1 tors=4 st=116 hmax=801 pr=50 surv=4 ex=0 bad=0 hits=0 t=1s
  F1 c0/c6: кривая не построена (нет точки на квартике)
  F1 c0/c8@t0=14: rank[3,3] g=3 src=pari sat=1 tors=4 st=9596 hmax=185 pr=50 surv=4 ex=0 bad=0 hits=0 t=0s
  F1 c3/c2@t0=14: rank[1,1] g=1 src=pari sat=1 tors=4 st=116 hmax=801 pr=50 surv=2 ex=0 bad=0 hits=0 t=0s
  F1 c2/c6@t0=43: rank[2,2] g=2 src=pari sat=1 tors=4 st=1132 hmax=897 pr=50 surv=4 ex=0 bad=0 hits=0 t=0s
  F1 c2/c8: кривая не построена (нет точки на квартике)
  F1 c3/c6@t0=14: rank[2,2] g=2 src=pari sat=1 tors=4 st=1892 hmax=897 pr=50 surv=2 ex=0 bad=0 hits=0 t=0s
  F1 c3/c8@t0=14: rank[2,2] g=2 src=pari sat=1 tors=4 st=1892 hmax=897 pr=50 surv=4 ex=0 bad=0 hits=0 t=0s
  F1 c6/c8: кривая не построена (нет точки на квартике)
  F2 c2/c3: кривая не построена (нет точки на квартике)
  F2 c2/c5: кривая не построена (нет точки на квартике)
  F2 c2/c6: нет рациональной точки для коники
  F2 c2/c8: кривая не построена (нет точки на квартике)
  F2 c3/c5@t0=14: rank[1,1] g=1 src=pari sat=1 tors=4 st=116 hmax=801 pr=50 surv=4 ex=0 bad=0 hits=0 t=0s
  F2 c3/c6: кривая не построена (нет точки на квартике)
  F2 c3/c8@t0=14: rank[2,2] g=2 src=pari sat=1 tors=4 st=1132 hmax=897 pr=50 surv=4 ex=0 bad=0 hits=0 t=0s
  F2 c5/c6: кривая не построена (нет точки на квартике)
  F2 c5/c8@t0=14: rank[3,3] g=3 src=pari sat=1 tors=4 st=9596 hmax=185 pr=50 surv=4 ex=0 bad=0 hits=0 t=0s
  F2 c6/c8: кривая не построена (нет точки на квартике)
  F3 c1/c3: нет рациональной точки для коники
  F3 c1/c5: нет рациональной точки для коники
  F3 c1/c6: кривая не построена (нет точки на квартике)
  F3 c1/c7: нет рациональной точки для коники
  F3 c3/c5: нет рациональной точки для коники
  F3 c3/c6: кривая не построена (нет точки на квартике)
  F3 c3/c7: нет рациональной точки для коники
  F3 c5/c6: кривая не построена (нет точки на квартике)
  F3 c5/c7: нет рациональной точки для коники
  F3 c6/c7: кривая не построена (нет точки на квартике)
  F4 c2/c3: кривая не построена (нет точки на квартике)
  F4 c2/c5: кривая не построена (нет точки на квартике)
  F4 c2/c6: нет рациональной точки для коники
  F4 c2/c7: кривая не построена (нет точки на квартике)
  F4 c3/c5@t0=14: rank[2,2] g=2 src=pari sat=1 tors=4 st=2860 hmax=898 pr=50 surv=4 ex=0 bad=0 hits=0 t=0s
  F4 c3/c6: кривая не построена (нет точки на квартике)
  F4 c3/c7@t0=14: rank[2,2] g=2 src=pari sat=1 tors=4 st=2860 hmax=898 pr=50 surv=4 ex=0 bad=0 hits=0 t=0s
  F4 c5/c6: кривая не построена (нет точки на квартике)
  F4 c5/c7@t0=14: rank[2,2] g=2 src=pari sat=1 tors=4 st=2260 hmax=899 pr=50 surv=4 ex=0 bad=0 hits=0 t=0s
  F4 c6/c7: кривая не построена (нет точки на квартике)
== (P,Q)=(43,15) C=1037 non
  F1 c0/c2: кривая не построена (нет точки на квартике)
  F1 c0/c3@t0=15: rank[2,2] g=2 src=pari sat=1 tors=4 st=3620 hmax=897 pr=50 surv=4 ex=0 bad=0 hits=0 t=0s
  F1 c0/c6: кривая не построена (нет точки на квартике)
  F1 c0/c8@t0=15: rank[2,2] g=2 src=pari sat=1 tors=4 st=2340 hmax=895 pr=50 surv=4 ex=0 bad=0 hits=0 t=0s
  F1 c3/c2@t0=15: rank[2,2] g=2 src=pari sat=1 tors=4 st=3620 hmax=897 pr=50 surv=2 ex=0 bad=0 hits=0 t=0s
  F1 c2/c6@t0=43: rank[2,2] g=2 src=pari sat=1 tors=4 st=2260 hmax=896 pr=50 surv=4 ex=0 bad=0 hits=0 t=0s
  F1 c2/c8: кривая не построена (нет точки на квартике)
  F1 c3/c6@t0=15: rank[2,2] g=2 src=pari sat=1 tors=4 st=1500 hmax=896 pr=50 surv=2 ex=0 bad=0 hits=0 t=0s
  F1 c3/c8@t0=15: rank[2,2] g=2 src=pari sat=1 tors=4 st=1500 hmax=896 pr=50 surv=4 ex=0 bad=0 hits=0 t=0s
  F1 c6/c8: кривая не построена (нет точки на квартике)
  F2 c2/c3: кривая не построена (нет точки на квартике)
  F2 c2/c5: кривая не построена (нет точки на квартике)
  F2 c2/c6: нет рациональной точки для коники
  F2 c2/c8: кривая не построена (нет точки на квартике)
  F2 c3/c5@t0=15: rank[2,2] g=2 src=pari sat=1 tors=4 st=3620 hmax=897 pr=50 surv=4 ex=0 bad=0 hits=0 t=0s
  F2 c3/c6: кривая не построена (нет точки на квартике)
  F2 c3/c8@t0=15: rank[2,2] g=2 src=pari sat=1 tors=4 st=2260 hmax=896 pr=50 surv=4 ex=0 bad=0 hits=0 t=0s
  F2 c5/c6: кривая не построена (нет точки на квартике)
  F2 c5/c8@t0=15: rank[2,2] g=2 src=pari sat=1 tors=4 st=2340 hmax=895 pr=50 surv=4 ex=0 bad=0 hits=0 t=0s
  F2 c6/c8: кривая не построена (нет точки на квартике)
  F3 c1/c3: нет рациональной точки для коники
  F3 c1/c5: нет рациональной точки для коники
  F3 c1/c6: кривая не построена (нет точки на квартике)
  F3 c1/c7: нет рациональной точки для коники
  F3 c3/c5: нет рациональной точки для коники
  F3 c3/c6: кривая не построена (нет точки на квартике)
  F3 c3/c7: нет рациональной точки для коники
  F3 c5/c6: кривая не построена (нет точки на квартике)
  F3 c5/c7: нет рациональной точки для коники
  F3 c6/c7: кривая не построена (нет точки на квартике)
  F4 c2/c3: кривая не построена (нет точки на квартике)
  F4 c2/c5: кривая не построена (нет точки на квартике)
  F4 c2/c6: нет рациональной точки для коники
  F4 c2/c7: кривая не построена (нет точки на квартике)
  F4 c3/c5@t0=15: rank[2,2] g=2 src=pari sat=1 tors=4 st=4092 hmax=897 pr=50 surv=4 ex=0 bad=0 hits=0 t=0s
  F4 c3/c6: кривая не построена (нет точки на квартике)
  F4 c3/c7@t0=15: rank[2,2] g=2 src=pari sat=1 tors=4 st=4092 hmax=897 pr=50 surv=4 ex=0 bad=0 hits=0 t=0s
  F4 c5/c6: кривая не построена (нет точки на квартике)
  F4 c5/c7@t0=15: rank[1,1] g=1 src=pari sat=1 tors=4 st=124 hmax=858 pr=50 surv=4 ex=0 bad=0 hits=0 t=0s
  F4 c6/c7: кривая не построена (нет точки на квартике)
== (P,Q)=(43,16) C=2105/2 non
  F1 c0/c2: кривая не построена (нет точки на квартике)
  F1 c0/c3@t0=16: rank[1,1] g=1 src=pari sat=1 tors=4 st=116 hmax=805 pr=50 surv=4 ex=0 bad=0 hits=0 t=0s
  F1 c0/c6: кривая не построена (нет точки на квартике)
  F1 c0/c8@t0=16: rank[1,1] g=1 src=pari sat=1 tors=4 st=116 hmax=795 pr=50 surv=4 ex=0 bad=0 hits=0 t=0s
  F1 c3/c2@t0=16: rank[1,1] g=1 src=pari sat=1 tors=4 st=116 hmax=805 pr=50 surv=2 ex=0 bad=0 hits=0 t=0s
  F1 c2/c6@t0=43: rank[2,2] g=2 src=pari sat=1 tors=4 st=1836 hmax=897 pr=50 surv=4 ex=0 bad=0 hits=0 t=0s
  F1 c2/c8: кривая не построена (нет точки на квартике)
  F1 c3/c6@t0=16: rank[2,2] g=2 src=pari sat=1 tors=4 st=1100 hmax=898 pr=50 surv=2 ex=0 bad=0 hits=0 t=0s
  F1 c3/c8@t0=16: rank[2,2] g=2 src=pari sat=1 tors=4 st=1100 hmax=898 pr=50 surv=4 ex=0 bad=0 hits=0 t=0s
  F1 c6/c8: кривая не построена (нет точки на квартике)
  F2 c2/c3: кривая не построена (нет точки на квартике)
  F2 c2/c5: кривая не построена (нет точки на квартике)
  F2 c2/c6: нет рациональной точки для коники
  F2 c2/c8: кривая не построена (нет точки на квартике)
  F2 c3/c5@t0=16: rank[1,1] g=1 src=pari sat=1 tors=4 st=116 hmax=805 pr=50 surv=4 ex=0 bad=0 hits=0 t=0s
  F2 c3/c6: кривая не построена (нет точки на квартике)
  F2 c3/c8@t0=16: rank[2,2] g=2 src=pari sat=1 tors=4 st=1836 hmax=897 pr=50 surv=4 ex=0 bad=0 hits=0 t=0s
  F2 c5/c6: кривая не построена (нет точки на квартике)
  F2 c5/c8@t0=16: rank[1,1] g=1 src=pari sat=1 tors=4 st=116 hmax=795 pr=50 surv=4 ex=0 bad=0 hits=0 t=0s
  F2 c6/c8: кривая не построена (нет точки на квартике)
  F3 c1/c3: нет рациональной точки для коники
  F3 c1/c5: нет рациональной точки для коники
  F3 c1/c6: кривая не построена (нет точки на квартике)
  F3 c1/c7: нет рациональной точки для коники
  F3 c3/c5: нет рациональной точки для коники
  F3 c3/c6: кривая не построена (нет точки на квартике)
  F3 c3/c7: нет рациональной точки для коники
  F3 c5/c6: кривая не построена (нет точки на квартике)
  F3 c5/c7: нет рациональной точки для коники
  F3 c6/c7: кривая не построена (нет точки на квартике)
  F4 c2/c3: кривая не построена (нет точки на квартике)
  F4 c2/c5: кривая не построена (нет точки на квартике)
  F4 c2/c6: нет рациональной точки для коники
  F4 c2/c7: кривая не построена (нет точки на квартике)
  F4 c3/c5@t0=16: rank[2,2] g=2 src=pari sat=1 tors=4 st=2436 hmax=893 pr=50 surv=4 ex=0 bad=0 hits=0 t=0s
  F4 c3/c6: кривая не построена (нет точки на квартике)
  F4 c3/c7@t0=16: rank[2,2] g=2 src=pari sat=1 tors=4 st=2436 hmax=893 pr=50 surv=4 ex=0 bad=0 hits=0 t=0s
  F4 c5/c6: кривая не построена (нет точки на квартике)
  F4 c5/c7@t0=16: rank[2,2] g=2 src=pari sat=1 tors=4 st=1300 hmax=893 pr=50 surv=4 ex=0 bad=0 hits=0 t=0s
  F4 c6/c7: кривая не построена (нет точки на квартике)
== (P,Q)=(43,17) C=1069 non
  F1 c0/c2: кривая не построена (нет точки на квартике)
  F1 c0/c3@t0=17: rank[1,1] g=1 src=pari sat=1 tors=4 st=116 hmax=808 pr=50 surv=4 ex=0 bad=0 hits=0 t=0s
  F1 c0/c6: кривая не построена (нет точки на квартике)
  F1 c0/c8@t0=17: rank[2,2] g=2 src=pari sat=1 tors=4 st=2956 hmax=899 pr=50 surv=4 ex=0 bad=0 hits=0 t=0s
  F1 c3/c2@t0=17: rank[1,1] g=1 src=pari sat=1 tors=4 st=116 hmax=808 pr=50 surv=2 ex=0 bad=0 hits=0 t=0s
  F1 c2/c6@t0=43: rank[2,2] g=2 src=pari sat=1 tors=4 st=1460 hmax=899 pr=50 surv=4 ex=0 bad=0 hits=0 t=0s
  F1 c2/c8: кривая не построена (нет точки на квартике)
  F1 c3/c6@t0=17: rank[1,1] g=1 src=pari sat=1 tors=4 st=116 hmax=819 pr=50 surv=2 ex=0 bad=0 hits=0 t=0s
  F1 c3/c8@t0=17: rank[1,1] g=1 src=pari sat=1 tors=4 st=116 hmax=819 pr=50 surv=4 ex=0 bad=0 hits=0 t=0s
  F1 c6/c8: кривая не построена (нет точки на квартике)
  F2 c2/c3: кривая не построена (нет точки на квартике)
  F2 c2/c5: кривая не построена (нет точки на квартике)
  F2 c2/c6: нет рациональной точки для коники
  F2 c2/c8: кривая не построена (нет точки на квартике)
  F2 c3/c5@t0=17: rank[1,1] g=1 src=pari sat=1 tors=4 st=116 hmax=808 pr=50 surv=4 ex=0 bad=0 hits=0 t=0s
  F2 c3/c6: кривая не построена (нет точки на квартике)
  F2 c3/c8@t0=17: rank[2,2] g=2 src=pari sat=1 tors=4 st=1460 hmax=899 pr=50 surv=4 ex=0 bad=0 hits=0 t=0s
  F2 c5/c6: кривая не построена (нет точки на квартике)
  F2 c5/c8@t0=17: rank[2,2] g=2 src=pari sat=1 tors=4 st=2956 hmax=899 pr=50 surv=4 ex=0 bad=0 hits=0 t=0s
  F2 c6/c8: кривая не построена (нет точки на квартике)
  F3 c1/c3: нет рациональной точки для коники
  F3 c1/c5: нет рациональной точки для коники
  F3 c1/c6: кривая не построена (нет точки на квартике)
  F3 c1/c7: нет рациональной точки для коники
  F3 c3/c5: нет рациональной точки для коники
  F3 c3/c6: кривая не построена (нет точки на квартике)
  F3 c3/c7: нет рациональной точки для коники
  F3 c5/c6: кривая не построена (нет точки на квартике)
  F3 c5/c7: нет рациональной точки для коники
  F3 c6/c7: кривая не построена (нет точки на квартике)
  F4 c2/c3: кривая не построена (нет точки на квартике)
  F4 c2/c5: кривая не построена (нет точки на квартике)
  F4 c2/c6: нет рациональной точки для коники
  F4 c2/c7: кривая не построена (нет точки на квартике)
  F4 c3/c5@t0=17: rank[2,2] g=2 src=pari sat=1 tors=4 st=2788 hmax=897 pr=50 surv=4 ex=0 bad=0 hits=0 t=0s
  F4 c3/c6: кривая не построена (нет точки на квартике)
  F4 c3/c7@t0=17: rank[2,2] g=2 src=pari sat=1 tors=4 st=2788 hmax=897 pr=50 surv=4 ex=0 bad=0 hits=0 t=0s
  F4 c5/c6: кривая не построена (нет точки на квартике)
  F4 c5/c7@t0=17: rank[1,1] g=1 src=pari sat=1 tors=4 st=124 hmax=861 pr=50 surv=4 ex=0 bad=0 hits=0 t=0s
  F4 c6/c7: кривая не построена (нет точки на квартике)
== (P,Q)=(43,18) C=2173/2 non
  F1 c0/c2: кривая не построена (нет точки на квартике)
  F1 c0/c3@t0=18: rank[2,2] g=2 src=pari sat=1 tors=4 st=2692 hmax=900 pr=50 surv=4 ex=0 bad=0 hits=0 t=0s
  F1 c0/c6: кривая не построена (нет точки на квартике)
  F1 c0/c8@t0=18: rank[2,2] g=2 src=pari sat=1 tors=4 st=2740 hmax=899 pr=50 surv=4 ex=0 bad=0 hits=0 t=0s
  F1 c3/c2@t0=18: rank[2,2] g=2 src=pari sat=1 tors=4 st=2692 hmax=900 pr=50 surv=2 ex=0 bad=0 hits=0 t=0s
  F1 c2/c6@t0=43: rank[2,2] g=2 src=pari sat=1 tors=4 st=1300 hmax=898 pr=50 surv=4 ex=0 bad=0 hits=0 t=0s
  F1 c2/c8: кривая не построена (нет точки на квартике)
  F1 c3/c6@t0=18: rank[2,2] g=2 src=pari sat=1 tors=4 st=1300 hmax=897 pr=50 surv=2 ex=0 bad=0 hits=0 t=0s
  F1 c3/c8@t0=18: rank[2,2] g=2 src=pari sat=1 tors=4 st=1300 hmax=897 pr=50 surv=4 ex=0 bad=0 hits=0 t=0s
  F1 c6/c8: кривая не построена (нет точки на квартике)
  F2 c2/c3: кривая не построена (нет точки на квартике)
  F2 c2/c5: кривая не построена (нет точки на квартике)
  F2 c2/c6: нет рациональной точки для коники
  F2 c2/c8: кривая не построена (нет точки на квартике)
  F2 c3/c5@t0=18: rank[2,2] g=2 src=pari sat=1 tors=4 st=2692 hmax=900 pr=50 surv=4 ex=0 bad=0 hits=0 t=0s
  F2 c3/c6: кривая не построена (нет точки на квартике)
  F2 c3/c8@t0=18: rank[2,2] g=2 src=pari sat=1 tors=4 st=1300 hmax=898 pr=50 surv=4 ex=0 bad=0 hits=0 t=0s
  F2 c5/c6: кривая не построена (нет точки на квартике)
  F2 c5/c8@t0=18: rank[2,2] g=2 src=pari sat=1 tors=4 st=2740 hmax=899 pr=50 surv=4 ex=0 bad=0 hits=0 t=0s
  F2 c6/c8: кривая не построена (нет точки на квартике)
  F3 c1/c3: нет рациональной точки для коники
  F3 c1/c5: нет рациональной точки для коники
  F3 c1/c6: кривая не построена (нет точки на квартике)
  F3 c1/c7: нет рациональной точки для коники
  F3 c3/c5: нет рациональной точки для коники
  F3 c3/c6: кривая не построена (нет точки на квартике)
  F3 c3/c7: нет рациональной точки для коники
  F3 c5/c6: кривая не построена (нет точки на квартике)
  F3 c5/c7: нет рациональной точки для коники
  F3 c6/c7: кривая не построена (нет точки на квартике)
  F4 c2/c3: кривая не построена (нет точки на квартике)
  F4 c2/c5: кривая не построена (нет точки на квартике)
  F4 c2/c6: нет рациональной точки для коники
  F4 c2/c7: кривая не построена (нет точки на квартике)
  F4 c3/c5@t0=18: rank[2,2] g=2 src=pari sat=1 tors=4 st=2924 hmax=899 pr=50 surv=4 ex=0 bad=0 hits=0 t=0s
  F4 c3/c6: кривая не построена (нет точки на квартике)
  F4 c3/c7@t0=18: rank[2,2] g=2 src=pari sat=1 tors=4 st=2924 hmax=899 pr=50 surv=4 ex=0 bad=0 hits=0 t=0s
  F4 c5/c6: кривая не построена (нет точки на квартике)
  F4 c5/c7@t0=18: rank[2,2] g=2 src=pari sat=1 tors=4 st=1324 hmax=893 pr=50 surv=4 ex=0 bad=0 hits=0 t=0s
  F4 c6/c7: кривая не построена (нет точки на квартике)
== (P,Q)=(43,19) C=1105 non
  F1 c0/c2: кривая не построена (нет точки на квартике)
  F1 c0/c3@t0=19: rank[1,1] g=1 src=pari sat=1 tors=4 st=116 hmax=812 pr=50 surv=4 ex=0 bad=0 hits=0 t=0s
  F1 c0/c6: кривая не построена (нет точки на квартике)
  F1 c0/c8@t0=19: rank[2,2] g=2 src=pari sat=1 tors=4 st=3908 hmax=891 pr=50 surv=4 ex=0 bad=0 hits=0 t=0s
  F1 c3/c2@t0=19: rank[1,1] g=1 src=pari sat=1 tors=4 st=116 hmax=812 pr=50 surv=2 ex=0 bad=0 hits=0 t=0s
  F1 c2/c6@t0=43: rank[2,2] g=2 src=pari sat=1 tors=4 st=2796 hmax=899 pr=50 surv=4 ex=0 bad=0 hits=0 t=0s
  F1 c2/c8: кривая не построена (нет точки на квартике)
  F1 c3/c6@t0=19: rank[1,1] g=1 src=pari sat=1 tors=4 st=116 hmax=822 pr=50 surv=2 ex=0 bad=0 hits=0 t=0s
  F1 c3/c8@t0=19: rank[1,1] g=1 src=pari sat=1 tors=4 st=116 hmax=822 pr=50 surv=4 ex=0 bad=0 hits=0 t=0s
  F1 c6/c8: кривая не построена (нет точки на квартике)
  F2 c2/c3: кривая не построена (нет точки на квартике)
  F2 c2/c5: кривая не построена (нет точки на квартике)
  F2 c2/c6: нет рациональной точки для коники
  F2 c8/c2@t0=19: rank[3,3] g=3 src=pari sat=1 tors=4 st=9604 hmax=248 pr=50 surv=2 ex=0 bad=0 hits=0 t=0s
  F2 c3/c5@t0=19: rank[1,1] g=1 src=pari sat=1 tors=4 st=116 hmax=812 pr=50 surv=4 ex=0 bad=0 hits=0 t=0s
  F2 c3/c6: кривая не построена (нет точки на квартике)
  F2 c3/c8@t0=19: rank[2,2] g=2 src=pari sat=1 tors=4 st=2796 hmax=899 pr=50 surv=4 ex=0 bad=0 hits=0 t=0s
  F2 c5/c6: кривая не построена (нет точки на квартике)
  F2 c5/c8@t0=19: rank[2,2] g=2 src=pari sat=1 tors=4 st=3908 hmax=891 pr=50 surv=4 ex=0 bad=0 hits=0 t=0s
  F2 c6/c8: кривая не построена (нет точки на квартике)
  F3 c1/c3: нет рациональной точки для коники
  F3 c1/c5: нет рациональной точки для коники
  F3 c6/c1@t0=19: rank[3,3] g=3 src=pari sat=1 tors=4 st=9604 hmax=248 pr=50 surv=2 ex=0 bad=0 hits=0 t=0s
  F3 c1/c7: нет рациональной точки для коники
  F3 c3/c5: нет рациональной точки для коники
  F3 c6/c3@t0=19: rank[3,3] g=3 src=pari sat=1 tors=4 st=9604 hmax=248 pr=50 surv=2 ex=0 bad=0 hits=0 t=0s
  F3 c3/c7: нет рациональной точки для коники
  F3 c5/c6: кривая не построена (нет точки на квартике)
  F3 c5/c7: нет рациональной точки для коники
  F3 c6/c7: кривая не построена (нет точки на квартике)
  F4 c2/c3: кривая не построена (нет точки на квартике)
  F4 c2/c5: кривая не построена (нет точки на квартике)
  F4 c2/c6: нет рациональной точки для коники
  F4 c7/c2@t0=19: rank[3,3] g=3 src=pari sat=1 tors=4 st=9604 hmax=248 pr=50 surv=2 ex=0 bad=0 hits=0 t=0s
  F4 c3/c5@t0=19: rank[1,1] g=1 src=pari sat=1 tors=4 st=116 hmax=805 pr=50 surv=4 ex=0 bad=0 hits=0 t=0s
  F4 c3/c6: кривая не построена (нет точки на квартике)
  F4 c3/c7@t0=19: rank[1,1] g=1 src=pari sat=1 tors=4 st=116 hmax=805 pr=50 surv=4 ex=0 bad=0 hits=0 t=0s
  F4 c5/c6: кривая не построена (нет точки на квартике)
  F4 c5/c7@t0=19: rank[1,1] g=1 src=pari sat=1 tors=4 st=124 hmax=864 pr=50 surv=4 ex=0 bad=0 hits=0 t=0s
  F4 c6/c7: кривая не построена (нет точки на квартике)
== (P,Q)=(43,20) C=2249/2 non
  F1 c0/c2: кривая не построена (нет точки на квартике)
  F1 c0/c3@t0=20: rank[1,1] g=1 src=pari sat=1 tors=4 st=116 hmax=815 pr=50 surv=4 ex=0 bad=0 hits=0 t=0s
  F1 c0/c6: кривая не построена (нет точки на квартике)
  F1 c0/c8@t0=20: rank[1,1] g=1 src=pari sat=1 tors=4 st=116 hmax=801 pr=50 surv=4 ex=0 bad=0 hits=0 t=0s
  F1 c3/c2@t0=20: rank[1,1] g=1 src=pari sat=1 tors=4 st=116 hmax=815 pr=50 surv=2 ex=0 bad=0 hits=0 t=0s
  F1 c2/c6@t0=43: rank[2,2] g=2 src=pari sat=1 tors=4 st=1236 hmax=894 pr=50 surv=4 ex=0 bad=0 hits=0 t=0s
  F1 c2/c8: кривая не построена (нет точки на квартике)
  F1 c3/c6@t0=20: rank[2,2] g=2 src=pari sat=1 tors=4 st=1116 hmax=887 pr=50 surv=2 ex=0 bad=0 hits=0 t=0s
  F1 c3/c8@t0=20: rank[2,2] g=2 src=pari sat=1 tors=4 st=1116 hmax=887 pr=50 surv=4 ex=0 bad=0 hits=0 t=0s
  F1 c6/c8: кривая не построена (нет точки на квартике)
  F2 c2/c3: кривая не построена (нет точки на квартике)
  F2 c2/c5: кривая не построена (нет точки на квартике)
  F2 c2/c6: нет рациональной точки для коники
  F2 c2/c8: кривая не построена (нет точки на квартике)
  F2 c3/c5@t0=20: rank[1,1] g=1 src=pari sat=1 tors=4 st=116 hmax=815 pr=50 surv=4 ex=0 bad=0 hits=0 t=0s
  F2 c3/c6: кривая не построена (нет точки на квартике)
  F2 c3/c8@t0=20: rank[2,2] g=2 src=pari sat=1 tors=4 st=1236 hmax=894 pr=50 surv=4 ex=0 bad=0 hits=0 t=0s
  F2 c5/c6: кривая не построена (нет точки на квартике)
  F2 c5/c8@t0=20: rank[1,1] g=1 src=pari sat=1 tors=4 st=116 hmax=801 pr=50 surv=4 ex=0 bad=0 hits=0 t=0s
  F2 c6/c8: кривая не построена (нет точки на квартике)
  F3 c1/c3: нет рациональной точки для коники
  F3 c1/c5: нет рациональной точки для коники
  F3 c1/c6: кривая не построена (нет точки на квартике)
  F3 c1/c7: нет рациональной точки для коники
  F3 c3/c5: нет рациональной точки для коники
  F3 c3/c6: кривая не построена (нет точки на квартике)
  F3 c3/c7: нет рациональной точки для коники
  F3 c5/c6: кривая не построена (нет точки на квартике)
  F3 c5/c7: нет рациональной точки для коники
  F3 c6/c7: кривая не построена (нет точки на квартике)
  F4 c2/c3: кривая не построена (нет точки на квартике)
  F4 c2/c5: кривая не построена (нет точки на квартике)
  F4 c2/c6: нет рациональной точки для коники
  F4 c2/c7: кривая не построена (нет точки на квартике)
  F4 c3/c5@t0=20: rank[1,1] g=1 src=pari sat=1 tors=4 st=124 hmax=846 pr=50 surv=4 ex=0 bad=0 hits=0 t=0s
  F4 c3/c6: кривая не построена (нет точки на квартике)
  F4 c3/c7@t0=20: rank[1,1] g=1 src=pari sat=1 tors=4 st=124 hmax=846 pr=50 surv=4 ex=0 bad=0 hits=0 t=0s
  F4 c5/c6: кривая не построена (нет точки на квартике)
  F4 c5/c7@t0=20: rank[2,2] g=2 src=pari sat=1 tors=4 st=2676 hmax=899 pr=50 surv=4 ex=0 bad=0 hits=0 t=0s
  F4 c6/c7: кривая не построена (нет точки на квартике)
== (P,Q)=(43,21) C=1145 non
  F1 c0/c2: кривая не построена (нет точки на квартике)
  F1 c0/c3@t0=21: rank[2,2] g=2 src=pari sat=1 tors=4 st=2836 hmax=897 pr=50 surv=4 ex=0 bad=0 hits=0 t=0s
  F1 c0/c6: кривая не построена (нет точки на квартике)
  F1 c0/c8@t0=21: rank[1,1] g=1 src=pari sat=1 tors=4 st=124 hmax=805 pr=50 surv=4 ex=0 bad=0 hits=0 t=0s
  F1 c3/c2@t0=21: rank[2,2] g=2 src=pari sat=1 tors=4 st=2836 hmax=897 pr=50 surv=2 ex=0 bad=0 hits=0 t=0s
  F1 c2/c6@t0=43: rank[2,2] g=2 src=pari sat=1 tors=4 st=948 hmax=880 pr=50 surv=4 ex=0 bad=0 hits=0 t=0s
  F1 c2/c8: кривая не построена (нет точки на квартике)
  F1 c3/c6@t0=21: rank[1,1] g=1 src=pari sat=1 tors=4 st=116 hmax=825 pr=50 surv=2 ex=0 bad=0 hits=0 t=0s
  F1 c3/c8@t0=21: rank[1,1] g=1 src=pari sat=1 tors=4 st=116 hmax=825 pr=50 surv=4 ex=0 bad=0 hits=0 t=0s
  F1 c6/c8: кривая не построена (нет точки на квартике)
  F2 c2/c3: кривая не построена (нет точки на квартике)
  F2 c2/c5: кривая не построена (нет точки на квартике)
  F2 c2/c6: нет рациональной точки для коники
  F2 c2/c8: кривая не построена (нет точки на квартике)
  F2 c3/c5@t0=21: rank[2,2] g=2 src=pari sat=1 tors=4 st=2836 hmax=897 pr=50 surv=4 ex=0 bad=0 hits=0 t=0s
  F2 c3/c6: кривая не построена (нет точки на квартике)
  F2 c3/c8@t0=21: rank[2,2] g=2 src=pari sat=1 tors=4 st=948 hmax=880 pr=50 surv=4 ex=0 bad=0 hits=0 t=0s
  F2 c5/c6: кривая не построена (нет точки на квартике)
  F2 c5/c8@t0=21: rank[1,1] g=1 src=pari sat=1 tors=4 st=124 hmax=805 pr=50 surv=4 ex=0 bad=0 hits=0 t=0s
  F2 c6/c8: кривая не построена (нет точки на квартике)
  F3 c1/c3: нет рациональной точки для коники
  F3 c1/c5: нет рациональной точки для коники
  F3 c1/c6: кривая не построена (нет точки на квартике)
  F3 c1/c7: нет рациональной точки для коники
  F3 c3/c5: нет рациональной точки для коники
  F3 c3/c6: кривая не построена (нет точки на квартике)
  F3 c3/c7: нет рациональной точки для коники
  F3 c5/c6: кривая не построена (нет точки на квартике)
  F3 c5/c7: нет рациональной точки для коники
  F3 c6/c7: кривая не построена (нет точки на квартике)
  F4 c2/c3: кривая не построена (нет точки на квартике)
  F4 c2/c5: кривая не построена (нет точки на квартике)
  F4 c2/c6: нет рациональной точки для коники
  F4 c2/c7: кривая не построена (нет точки на квартике)
  F4 c3/c5@t0=21: rank[1,1] g=1 src=pari sat=1 tors=4 st=116 hmax=804 pr=50 surv=4 ex=0 bad=0 hits=0 t=0s
  F4 c3/c6: кривая не построена (нет точки на квартике)
  F4 c3/c7@t0=21: rank[1,1] g=1 src=pari sat=1 tors=4 st=116 hmax=804 pr=50 surv=4 ex=0 bad=0 hits=0 t=0s
  F4 c5/c6: кривая не построена (нет точки на квартике)
  F4 c5/c7@t0=21: rank[1,1] g=1 src=pari sat=1 tors=4 st=124 hmax=868 pr=50 surv=4 ex=0 bad=0 hits=0 t=0s
  F4 c6/c7: кривая не построена (нет точки на квартике)
== (P,Q)=(43,22) C=2333/2 non
  F1 c0/c2: кривая не построена (нет точки на квартике)
  F1 c0/c3@t0=22: rank[2,2] g=2 src=pari sat=1 tors=4 st=1796 hmax=898 pr=50 surv=4 ex=0 bad=0 hits=0 t=0s
  F1 c0/c6: кривая не построена (нет точки на квартике)
  F1 c0/c8@t0=22: rank[3,3] g=3 src=pari sat=1 tors=4 st=9548 hmax=309 pr=50 surv=4 ex=0 bad=0 hits=0 t=0s
  F1 c3/c2@t0=22: rank[2,2] g=2 src=pari sat=1 tors=4 st=1796 hmax=898 pr=50 surv=2 ex=0 bad=0 hits=0 t=0s
  F1 c2/c6@t0=43: rank[2,2] g=2 src=pari sat=1 tors=4 st=1092 hmax=891 pr=50 surv=4 ex=0 bad=0 hits=0 t=0s
  F1 c2/c8: кривая не построена (нет точки на квартике)
  F1 c3/c6@t0=22: rank[1,1] g=1 src=pari sat=1 tors=4 st=124 hmax=871 pr=50 surv=2 ex=0 bad=0 hits=0 t=0s
  F1 c3/c8@t0=22: rank[1,1] g=1 src=pari sat=1 tors=4 st=124 hmax=871 pr=50 surv=4 ex=0 bad=0 hits=0 t=0s
  F1 c6/c8: кривая не построена (нет точки на квартике)
  F2 c2/c3: кривая не построена (нет точки на квартике)
  F2 c2/c5: кривая не построена (нет точки на квартике)
  F2 c2/c6: нет рациональной точки для коники
  F2 c2/c8: кривая не построена (нет точки на квартике)
  F2 c3/c5@t0=22: rank[2,2] g=2 src=pari sat=1 tors=4 st=1796 hmax=898 pr=50 surv=4 ex=0 bad=0 hits=0 t=0s
  F2 c3/c6: кривая не построена (нет точки на квартике)
  F2 c3/c8@t0=22: rank[2,2] g=2 src=pari sat=1 tors=4 st=1092 hmax=891 pr=50 surv=4 ex=0 bad=0 hits=0 t=0s
  F2 c5/c6: кривая не построена (нет точки на квартике)
  F2 c5/c8@t0=22: rank[3,3] g=3 src=pari sat=1 tors=4 st=9548 hmax=309 pr=50 surv=4 ex=0 bad=0 hits=0 t=0s
  F2 c6/c8: кривая не построена (нет точки на квартике)
  F3 c1/c3: нет рациональной точки для коники
  F3 c1/c5: нет рациональной точки для коники
  F3 c1/c6: кривая не построена (нет точки на квартике)
  F3 c1/c7: нет рациональной точки для коники
  F3 c3/c5: нет рациональной точки для коники
  F3 c3/c6: кривая не построена (нет точки на квартике)
  F3 c3/c7: нет рациональной точки для коники
  F3 c5/c6: кривая не построена (нет точки на квартике)
  F3 c5/c7: нет рациональной точки для коники
  F3 c6/c7: кривая не построена (нет точки на квартике)
  F4 c2/c3: кривая не построена (нет точки на квартике)
  F4 c2/c5: кривая не построена (нет точки на квартике)
  F4 c2/c6: нет рациональной точки для коники
  F4 c2/c7: кривая не построена (нет точки на квартике)
  F4 c3/c5@t0=22: rank[2,2] g=2 src=pari sat=1 tors=4 st=3028 hmax=898 pr=50 surv=4 ex=0 bad=0 hits=0 t=0s
  F4 c3/c6: кривая не построена (нет точки на квартике)
  F4 c3/c7@t0=22: rank[2,2] g=2 src=pari sat=1 tors=4 st=3028 hmax=898 pr=50 surv=4 ex=0 bad=0 hits=0 t=0s
  F4 c5/c6@t0=22: rank[2,2] g=2 src=pari sat=1 tors=4 st=4980 hmax=899 pr=50 surv=6 ex=0 bad=0 hits=0 t=0s
  F4 c5/c7@t0=22: rank[2,2] g=2 src=pari sat=1 tors=4 st=1644 hmax=897 pr=50 surv=4 ex=0 bad=0 hits=0 t=0s
  F4 c6/c7: кривая не построена (нет точки на квартике)
== (P,Q)=(43,23) C=1189 non
  F1 c0/c2: кривая не построена (нет точки на квартике)
  F1 c0/c3@t0=23: rank[2,2] g=2 src=pari sat=1 tors=4 st=4140 hmax=899 pr=50 surv=4 ex=0 bad=0 hits=0 t=0s
  F1 c0/c6: кривая не построена (нет точки на квартике)
  F1 c0/c8@t0=23: rank[2,2] g=2 src=pari sat=1 tors=4 st=3084 hmax=895 pr=50 surv=4 ex=0 bad=0 hits=0 t=0s
  F1 c3/c2@t0=23: rank[2,2] g=2 src=pari sat=1 tors=4 st=4140 hmax=899 pr=50 surv=2 ex=0 bad=0 hits=0 t=0s
  F1 c2/c6@t0=43: rank[1,1] g=1 src=pari sat=1 tors=4 st=132 hmax=885 pr=50 surv=4 ex=0 bad=0 hits=0 t=0s
  F1 c2/c8: кривая не построена (нет точки на квартике)
  F1 c3/c6@t0=23: rank[1,1] g=1 src=pari sat=1 tors=4 st=116 hmax=829 pr=50 surv=2 ex=0 bad=0 hits=0 t=0s
  F1 c3/c8@t0=23: rank[1,1] g=1 src=pari sat=1 tors=4 st=116 hmax=829 pr=50 surv=4 ex=0 bad=0 hits=0 t=0s
  F1 c6/c8: кривая не построена (нет точки на квартике)
  F2 c2/c3: кривая не построена (нет точки на квартике)
  F2 c2/c5: кривая не построена (нет точки на квартике)
  F2 c2/c6: нет рациональной точки для коники
  F2 c2/c8: кривая не построена (нет точки на квартике)
  F2 c3/c5@t0=23: rank[2,2] g=2 src=pari sat=1 tors=4 st=4140 hmax=899 pr=50 surv=4 ex=0 bad=0 hits=0 t=0s
  F2 c3/c6: кривая не построена (нет точки на квартике)
  F2 c3/c8@t0=23: rank[1,1] g=1 src=pari sat=1 tors=4 st=132 hmax=885 pr=50 surv=4 ex=0 bad=0 hits=0 t=0s
  F2 c5/c6: кривая не построена (нет точки на квартике)
  F2 c5/c8@t0=23: rank[2,2] g=2 src=pari sat=1 tors=4 st=3084 hmax=895 pr=50 surv=4 ex=0 bad=0 hits=0 t=0s
  F2 c6/c8: кривая не построена (нет точки на квартике)
  F3 c1/c3: нет рациональной точки для коники
  F3 c1/c5: нет рациональной точки для коники
  F3 c1/c6: кривая не построена (нет точки на квартике)
  F3 c1/c7: нет рациональной точки для коники
  F3 c3/c5: нет рациональной точки для коники
  F3 c3/c6: кривая не построена (нет точки на квартике)
  F3 c3/c7: нет рациональной точки для коники
  F3 c5/c6: кривая не построена (нет точки на квартике)
  F3 c5/c7: нет рациональной точки для коники
  F3 c6/c7: кривая не построена (нет точки на квартике)
  F4 c2/c3: кривая не построена (нет точки на квартике)
  F4 c2/c5: кривая не построена (нет точки на квартике)
  F4 c2/c6: нет рациональной точки для коники
  F4 c2/c7: кривая не построена (нет точки на квартике)
  F4 c3/c5@t0=23: rank[2,2] g=2 src=pari sat=1 tors=4 st=3716 hmax=898 pr=50 surv=4 ex=0 bad=0 hits=0 t=0s
  F4 c3/c6: кривая не построена (нет точки на квартике)
  F4 c3/c7@t0=23: rank[2,2] g=2 src=pari sat=1 tors=4 st=3716 hmax=898 pr=50 surv=4 ex=0 bad=0 hits=0 t=0s
  F4 c5/c6@t0=23: rank[1,1] g=1 src=pari sat=1 tors=4 st=140 hmax=875 pr=50 surv=6 ex=0 bad=0 hits=0 t=0s
  F4 c5/c7@t0=23: rank[2,2] g=2 src=pari sat=1 tors=4 st=3300 hmax=898 pr=50 surv=4 ex=0 bad=0 hits=0 t=0s
  F4 c6/c7: кривая не построена (нет точки на квартике)
== (P,Q)=(43,24) C=2425/2 non
  F1 c0/c2: кривая не построена (нет точки на квартике)
  F1 c0/c3@t0=24: rank[1,1] g=1 src=pari sat=1 tors=4 st=116 hmax=824 pr=50 surv=4 ex=0 bad=0 hits=0 t=0s
  F1 c0/c6: кривая не построена (нет точки на квартике)
  F1 c0/c8@t0=24: rank[2,2] g=2 src=pari sat=1 tors=4 st=2332 hmax=900 pr=50 surv=4 ex=0 bad=0 hits=0 t=0s
  F1 c3/c2@t0=24: rank[1,1] g=1 src=pari sat=1 tors=4 st=116 hmax=824 pr=50 surv=2 ex=0 bad=0 hits=0 t=0s
  F1 c2/c6@t0=43: rank[1,1] g=1 src=pari sat=1 tors=4 st=124 hmax=898 pr=50 surv=4 ex=0 bad=0 hits=0 t=0s
  F1 c2/c8: кривая не построена (нет точки на квартике)
  F1 c3/c6@t0=24: rank[2,2] g=2 src=pari sat=1 tors=4 st=1836 hmax=893 pr=50 surv=2 ex=0 bad=0 hits=0 t=0s
  F1 c3/c8@t0=24: rank[2,2] g=2 src=pari sat=1 tors=4 st=1836 hmax=893 pr=50 surv=4 ex=0 bad=0 hits=0 t=0s
  F1 c6/c8: кривая не построена (нет точки на квартике)
  F2 c2/c3: кривая не построена (нет точки на квартике)
  F2 c2/c5: кривая не построена (нет точки на квартике)
  F2 c2/c6: нет рациональной точки для коники
  F2 c2/c8: кривая не построена (нет точки на квартике)
  F2 c3/c5@t0=24: rank[1,1] g=1 src=pari sat=1 tors=4 st=116 hmax=824 pr=50 surv=4 ex=0 bad=0 hits=0 t=0s
  F2 c3/c6: кривая не построена (нет точки на квартике)
  F2 c3/c8@t0=24: rank[1,1] g=1 src=pari sat=1 tors=4 st=124 hmax=898 pr=50 surv=4 ex=0 bad=0 hits=0 t=0s
  F2 c5/c6: кривая не построена (нет точки на квартике)
  F2 c5/c8@t0=24: rank[2,2] g=2 src=pari sat=1 tors=4 st=2332 hmax=900 pr=50 surv=4 ex=0 bad=0 hits=0 t=0s
  F2 c6/c8: кривая не построена (нет точки на квартике)
  F3 c1/c3: нет рациональной точки для коники
  F3 c1/c5: нет рациональной точки для коники
  F3 c1/c6: кривая не построена (нет точки на квартике)
  F3 c1/c7: нет рациональной точки для коники
  F3 c3/c5: нет рациональной точки для коники
  F3 c3/c6: кривая не построена (нет точки на квартике)
  F3 c3/c7: нет рациональной точки для коники
  F3 c5/c6: кривая не построена (нет точки на квартике)
  F3 c5/c7: нет рациональной точки для коники
  F3 c6/c7: кривая не построена (нет точки на квартике)
  F4 c2/c3: кривая не построена (нет точки на квартике)
  F4 c2/c5: кривая не построена (нет точки на квартике)
  F4 c2/c6: нет рациональной точки для коники
  F4 c2/c7: кривая не построена (нет точки на квартике)
  F4 c3/c5@t0=24: rank[1,1] g=1 src=pari sat=1 tors=4 st=124 hmax=845 pr=50 surv=4 ex=0 bad=0 hits=0 t=0s
  F4 c3/c6: кривая не построена (нет точки на квартике)
  F4 c3/c7@t0=24: rank[1,1] g=1 src=pari sat=1 tors=4 st=124 hmax=845 pr=50 surv=4 ex=0 bad=0 hits=0 t=0s
  F4 c5/c6: кривая не построена (нет точки на квартике)
  F4 c5/c7@t0=24: rank[1,1] g=1 src=pari sat=1 tors=4 st=124 hmax=873 pr=50 surv=4 ex=0 bad=0 hits=0 t=0s
  F4 c6/c7: кривая не построена (нет точки на квартике)
== (P,Q)=(43,25) C=1237 non
  F1 c0/c2: кривая не построена (нет точки на квартике)
  F1 c0/c3@t0=25: rank[2,2] g=2 src=pari sat=1 tors=4 st=1972 hmax=892 pr=50 surv=4 ex=0 bad=0 hits=0 t=0s
  F1 c0/c6: кривая не построена (нет точки на квартике)
  F1 c0/c8@t0=25: rank[1,1] g=1 src=pari sat=1 tors=4 st=124 hmax=812 pr=50 surv=4 ex=0 bad=0 hits=0 t=0s
  F1 c3/c2@t0=25: rank[2,2] g=2 src=pari sat=1 tors=4 st=1972 hmax=892 pr=50 surv=2 ex=0 bad=0 hits=0 t=0s
  F1 c2/c6@t0=43: rank[2,2] g=2 src=pari sat=1 tors=4 st=1564 hmax=896 pr=50 surv=4 ex=0 bad=0 hits=0 t=0s
  F1 c2/c8: кривая не построена (нет точки на квартике)
  F1 c3/c6@t0=25: rank[1,1] g=1 src=pari sat=1 tors=4 st=116 hmax=832 pr=50 surv=2 ex=0 bad=0 hits=0 t=0s
  F1 c3/c8@t0=25: rank[1,1] g=1 src=pari sat=1 tors=4 st=116 hmax=832 pr=50 surv=4 ex=0 bad=0 hits=0 t=0s
  F1 c6/c8: кривая не построена (нет точки на квартике)
  F2 c2/c3: кривая не построена (нет точки на квартике)
  F2 c2/c5: кривая не построена (нет точки на квартике)
  F2 c2/c6: нет рациональной точки для коники
  F2 c2/c8: кривая не построена (нет точки на квартике)
  F2 c3/c5@t0=25: rank[2,2] g=2 src=pari sat=1 tors=4 st=1972 hmax=892 pr=50 surv=4 ex=0 bad=0 hits=0 t=0s
  F2 c3/c6: кривая не построена (нет точки на квартике)
  F2 c3/c8@t0=25: rank[2,2] g=2 src=pari sat=1 tors=4 st=1564 hmax=896 pr=50 surv=4 ex=0 bad=0 hits=0 t=0s
  F2 c5/c6: кривая не построена (нет точки на квартике)
  F2 c5/c8@t0=25: rank[1,1] g=1 src=pari sat=1 tors=4 st=124 hmax=812 pr=50 surv=4 ex=0 bad=0 hits=0 t=0s
  F2 c6/c8: кривая не построена (нет точки на квартике)
  F3 c1/c3: нет рациональной точки для коники
  F3 c1/c5: нет рациональной точки для коники
  F3 c1/c6: кривая не построена (нет точки на квартике)
  F3 c1/c7: нет рациональной точки для коники
  F3 c3/c5: нет рациональной точки для коники
  F3 c3/c6: кривая не построена (нет точки на квартике)
  F3 c3/c7: нет рациональной точки для коники
  F3 c5/c6: кривая не построена (нет точки на квартике)
  F3 c5/c7: нет рациональной точки для коники
  F3 c6/c7: кривая не построена (нет точки на квартике)
  F4 c2/c3: кривая не построена (нет точки на квартике)
  F4 c2/c5: кривая не построена (нет точки на квартике)
  F4 c2/c6: нет рациональной точки для коники
  F4 c2/c7: кривая не построена (нет точки на квартике)
  F4 c3/c5@t0=25: rank[1,1] g=1 src=pari sat=1 tors=4 st=116 hmax=804 pr=50 surv=4 ex=0 bad=0 hits=0 t=0s
  F4 c3/c6: кривая не построена (нет точки на квартике)
  F4 c3/c7@t0=25: rank[1,1] g=1 src=pari sat=1 tors=4 st=116 hmax=804 pr=50 surv=4 ex=0 bad=0 hits=0 t=0s
  F4 c5/c6: кривая не построена (нет точки на квартике)
  F4 c5/c7@t0=25: rank[2,2] g=2 src=pari sat=1 tors=4 st=1820 hmax=893 pr=50 surv=4 ex=0 bad=0 hits=0 t=0s
  F4 c6/c7: кривая не построена (нет точки на квартике)
== (P,Q)=(43,26) C=2525/2 non
  F1 c0/c2: кривая не построена (нет точки на квартике)
  F1 c0/c3@t0=26: rank[2,2] g=2 src=pari sat=1 tors=4 st=3588 hmax=894 pr=50 surv=4 ex=0 bad=0 hits=0 t=0s
  F1 c0/c6: кривая не построена (нет точки на квартике)
  F1 c0/c8@t0=26: rank[2,2] g=2 src=pari sat=1 tors=4 st=2868 hmax=900 pr=50 surv=4 ex=0 bad=0 hits=0 t=0s
  F1 c3/c2@t0=26: rank[2,2] g=2 src=pari sat=1 tors=4 st=3588 hmax=894 pr=50 surv=2 ex=0 bad=0 hits=0 t=0s
  F1 c2/c6@t0=43: rank[1,1] g=1 src=pari sat=1 tors=4 st=116 hmax=788 pr=50 surv=4 ex=0 bad=0 hits=0 t=0s
  F1 c2/c8: кривая не построена (нет точки на квартике)
  F1 c3/c6@t0=26: rank[1,1] g=1 src=pari sat=1 tors=4 st=124 hmax=880 pr=50 surv=2 ex=0 bad=0 hits=0 t=0s
  F1 c3/c8@t0=26: rank[1,1] g=1 src=pari sat=1 tors=4 st=124 hmax=880 pr=50 surv=4 ex=0 bad=0 hits=0 t=0s
  F1 c6/c8: кривая не построена (нет точки на квартике)
  F2 c2/c3: кривая не построена (нет точки на квартике)
  F2 c2/c5: кривая не построена (нет точки на квартике)
  F2 c2/c6: нет рациональной точки для коники
  F2 c2/c8: кривая не построена (нет точки на квартике)
  F2 c3/c5@t0=26: rank[2,2] g=2 src=pari sat=1 tors=4 st=3588 hmax=894 pr=50 surv=4 ex=0 bad=0 hits=0 t=0s
  F2 c3/c6: кривая не построена (нет точки на квартике)
  F2 c3/c8@t0=26: rank[1,1] g=1 src=pari sat=1 tors=4 st=116 hmax=788 pr=50 surv=4 ex=0 bad=0 hits=0 t=0s
  F2 c5/c6: кривая не построена (нет точки на квартике)
  F2 c5/c8@t0=26: rank[2,2] g=2 src=pari sat=1 tors=4 st=2868 hmax=900 pr=50 surv=4 ex=0 bad=0 hits=0 t=0s
  F2 c6/c8: кривая не построена (нет точки на квартике)
  F3 c1/c3: нет рациональной точки для коники
  F3 c1/c5: нет рациональной точки для коники
  F3 c1/c6: кривая не построена (нет точки на квартике)
  F3 c1/c7: нет рациональной точки для коники
  F3 c3/c5: нет рациональной точки для коники
  F3 c3/c6: кривая не построена (нет точки на квартике)
  F3 c3/c7: нет рациональной точки для коники
  F3 c5/c6: кривая не построена (нет точки на квартике)
  F3 c5/c7: нет рациональной точки для коники
  F3 c6/c7: кривая не построена (нет точки на квартике)
  F4 c2/c3: кривая не построена (нет точки на квартике)
  F4 c2/c5: кривая не построена (нет точки на квартике)
  F4 c2/c6: нет рациональной точки для коники
  F4 c2/c7: кривая не построена (нет точки на квартике)
  F4 c3/c5@t0=26: rank[4,4] g=4 src=pari sat=1 tors=4 st=9524 hmax=47 pr=50 surv=4 ex=0 bad=0 hits=0 t=0s
  F4 c3/c6: кривая не построена (нет точки на квартике)
  F4 c3/c7@t0=26: rank[4,4] g=4 src=pari sat=1 tors=4 st=9524 hmax=47 pr=50 surv=4 ex=0 bad=0 hits=0 t=0s
  F4 c5/c6: кривая не построена (нет точки на квартике)
  F4 c5/c7@t0=26: rank[1,1] g=1 src=pari sat=1 tors=4 st=124 hmax=877 pr=50 surv=4 ex=0 bad=0 hits=0 t=0s
  F4 c6/c7: кривая не построена (нет точки на квартике)
== (P,Q)=(43,27) C=1289 non
  F1 c0/c2: кривая не построена (нет точки на квартике)
  F1 c0/c3@t0=27: rank[2,2] g=2 src=pari sat=1 tors=4 st=1196 hmax=897 pr=50 surv=4 ex=0 bad=0 hits=0 t=0s
  F1 c0/c6: кривая не построена (нет точки на квартике)
  F1 c0/c8@t0=27: rank[2,2] g=2 src=pari sat=1 tors=4 st=1556 hmax=900 pr=50 surv=4 ex=0 bad=0 hits=0 t=0s
  F1 c3/c2@t0=27: rank[2,2] g=2 src=pari sat=1 tors=4 st=1196 hmax=897 pr=50 surv=2 ex=0 bad=0 hits=0 t=0s
  F1 c2/c6@t0=43: rank[1,1] g=1 src=pari sat=1 tors=4 st=124 hmax=792 pr=50 surv=4 ex=0 bad=0 hits=0 t=0s
  F1 c8/c2@t0=27: rank[2,2] g=2 src=pari sat=1 tors=4 st=1500 hmax=899 pr=50 surv=2 ex=0 bad=0 hits=0 t=0s
  F1 c3/c6@t0=27: rank[1,1] g=1 src=pari sat=1 tors=4 st=116 hmax=836 pr=50 surv=2 ex=0 bad=0 hits=0 t=0s
  F1 c3/c8@t0=27: rank[1,1] g=1 src=pari sat=1 tors=4 st=116 hmax=836 pr=50 surv=4 ex=0 bad=0 hits=0 t=0s
  F1 c6/c8: кривая не построена (нет точки на квартике)
  F2 c2/c3: кривая не построена (нет точки на квартике)
  F2 c2/c5: кривая не построена (нет точки на квартике)
  F2 c2/c6@t0=13: rank[4,4] g=4 src=pari sat=1 tors=4 st=9604 hmax=95 pr=50 surv=4 ex=0 bad=0 hits=0 t=0s
  F2 c2/c8@t0=13: rank[4,4] g=4 src=pari sat=1 tors=4 st=9604 hmax=95 pr=50 surv=2 ex=0 bad=0 hits=0 t=0s
  F2 c3/c5@t0=27: rank[2,2] g=2 src=pari sat=1 tors=4 st=1196 hmax=897 pr=50 surv=4 ex=0 bad=0 hits=0 t=0s
  F2 c6/c3@t0=13: rank[2,2] g=2 src=pari sat=1 tors=4 st=1500 hmax=899 pr=50 surv=2 ex=0 bad=0 hits=0 t=0s
  F2 c3/c8@t0=27: rank[1,1] g=1 src=pari sat=1 tors=4 st=124 hmax=792 pr=50 surv=4 ex=0 bad=0 hits=0 t=0s
  F2 c5/c6: кривая не построена (нет точки на квартике)
  F2 c5/c8@t0=27: rank[2,2] g=2 src=pari sat=1 tors=4 st=1556 hmax=900 pr=50 surv=4 ex=0 bad=0 hits=0 t=0s
  F2 c6/c8: кривая не построена (нет точки на квартике)
  F3 c1/c3: кривая не построена (нет точки на квартике)
  F3 c1/c5: кривая не построена (нет точки на квартике)
  F3 c1/c6@t0=13: rank[4,4] g=4 src=pari sat=1 tors=4 st=9604 hmax=95 pr=50 surv=2 ex=0 bad=0 hits=0 t=0s
  F3 c1/c7@t0=13: rank[4,4] g=4 src=pari sat=1 tors=4 st=9604 hmax=95 pr=50 surv=4 ex=0 bad=0 hits=0 t=0s
  F3 c3/c5: кривая не построена (нет точки на квартике)
  F3 c3/c6@t0=27: rank[4,4] g=4 src=pari sat=1 tors=4 st=9604 hmax=95 pr=50 surv=4 ex=0 bad=0 hits=0 t=0s
  F3 c3/c7: кривая не построена (нет точки на квартике)
  F3 c5/c6: кривая не построена (нет точки на квартике)
  F3 c5/c7: кривая не построена (нет точки на квартике)
  F3 c6/c7: кривая не построена (нет точки на квартике)
  F4 c2/c3: кривая не построена (нет точки на квартике)
  F4 c2/c5: кривая не построена (нет точки на квартике)
  F4 c2/c6@t0=13: rank[4,4] g=4 src=pari sat=1 tors=4 st=9604 hmax=95 pr=50 surv=4 ex=0 bad=0 hits=0 t=0s
  F4 c2/c7@t0=13: rank[4,4] g=4 src=pari sat=1 tors=4 st=9604 hmax=95 pr=50 surv=2 ex=0 bad=0 hits=0 t=0s
  F4 c3/c5@t0=27: rank[3,3] g=3 src=pari sat=1 tors=4 st=9604 hmax=270 pr=50 surv=4 ex=0 bad=0 hits=0 t=0s
  F4 c3/c6: кривая не построена (нет точки на квартике)
  F4 c3/c7@t0=27: rank[3,3] g=3 src=pari sat=1 tors=4 st=9604 hmax=270 pr=50 surv=4 ex=0 bad=0 hits=0 t=0s
  F4 c5/c6: кривая не построена (нет точки на квартике)
  F4 c5/c7@t0=27: rank[1,1] g=1 src=pari sat=1 tors=4 st=124 hmax=879 pr=50 surv=4 ex=0 bad=0 hits=0 t=0s
  F4 c6/c7: кривая не построена (нет точки на квартике)
== (P,Q)=(43,28) C=2633/2 non
  F1 c0/c2: кривая не построена (нет точки на квартике)
  F1 c0/c3@t0=28: rank[2,2] g=2 src=pari sat=1 tors=4 st=2116 hmax=897 pr=50 surv=4 ex=0 bad=0 hits=0 t=0s
  F1 c0/c6: кривая не построена (нет точки на квартике)
  F1 c0/c8@t0=28: rank[3,3] g=3 src=pari sat=1 tors=4 st=9564 hmax=280 pr=50 surv=4 ex=0 bad=0 hits=0 t=0s
  F1 c3/c2@t0=28: rank[2,2] g=2 src=pari sat=1 tors=4 st=2116 hmax=897 pr=50 surv=2 ex=0 bad=0 hits=0 t=0s
  F1 c2/c6@t0=43: rank[2,2] g=2 src=pari sat=1 tors=4 st=1620 hmax=900 pr=50 surv=4 ex=0 bad=0 hits=0 t=0s
  F1 c2/c8: кривая не построена (нет точки на квартике)
  F1 c3/c6@t0=28: rank[1,1] g=1 src=pari sat=1 tors=4 st=124 hmax=884 pr=50 surv=2 ex=0 bad=0 hits=0 t=0s
  F1 c3/c8@t0=28: rank[1,1] g=1 src=pari sat=1 tors=4 st=124 hmax=884 pr=50 surv=4 ex=0 bad=0 hits=0 t=0s
  F1 c6/c8: кривая не построена (нет точки на квартике)
  F2 c2/c3: кривая не построена (нет точки на квартике)
  F2 c2/c5: кривая не построена (нет точки на квартике)
  F2 c2/c6: нет рациональной точки для коники
  F2 c2/c8: кривая не построена (нет точки на квартике)
  F2 c3/c5@t0=28: rank[2,2] g=2 src=pari sat=1 tors=4 st=2116 hmax=897 pr=50 surv=4 ex=0 bad=0 hits=0 t=0s
  F2 c3/c6: кривая не построена (нет точки на квартике)
  F2 c3/c8@t0=28: rank[2,2] g=2 src=pari sat=1 tors=4 st=1620 hmax=900 pr=50 surv=4 ex=0 bad=0 hits=0 t=0s
  F2 c5/c6: кривая не построена (нет точки на квартике)
  F2 c5/c8@t0=28: rank[3,3] g=3 src=pari sat=1 tors=4 st=9564 hmax=280 pr=50 surv=4 ex=0 bad=0 hits=0 t=0s
  F2 c6/c8: кривая не построена (нет точки на квартике)
  F3 c1/c3: нет рациональной точки для коники
  F3 c1/c5: нет рациональной точки для коники
  F3 c1/c6: кривая не построена (нет точки на квартике)
  F3 c1/c7: нет рациональной точки для коники
  F3 c3/c5: нет рациональной точки для коники
  F3 c3/c6: кривая не построена (нет точки на квартике)
  F3 c3/c7: нет рациональной точки для коники
  F3 c5/c6: кривая не построена (нет точки на квартике)
  F3 c5/c7: нет рациональной точки для коники
  F3 c6/c7: кривая не построена (нет точки на квартике)
  F4 c2/c3: кривая не построена (нет точки на квартике)
  F4 c2/c5: кривая не построена (нет точки на квартике)
  F4 c2/c6: нет рациональной точки для коники
  F4 c2/c7: кривая не построена (нет точки на квартике)
  F4 c3/c5@t0=28: rank[2,2] g=2 src=pari sat=1 tors=4 st=3132 hmax=898 pr=50 surv=4 ex=0 bad=0 hits=0 t=0s
  F4 c3/c6: кривая не построена (нет точки на квартике)
  F4 c3/c7@t0=28: rank[2,2] g=2 src=pari sat=1 tors=4 st=3132 hmax=898 pr=50 surv=4 ex=0 bad=0 hits=0 t=0s
  F4 c5/c6@t0=28: rank[2,2] g=2 src=pari sat=1 tors=4 st=2612 hmax=898 pr=50 surv=6 ex=0 bad=0 hits=0 t=0s
  F4 c5/c7@t0=28: rank[2,2] g=2 src=pari sat=1 tors=4 st=2020 hmax=895 pr=50 surv=4 ex=0 bad=0 hits=0 t=0s
  F4 c6/c7: кривая не построена (нет точки на квартике)
== (P,Q)=(43,29) C=1345 non
  F1 c0/c2: кривая не построена (нет точки на квартике)
  F1 c0/c3@t0=29: rank[1,1] g=1 src=pari sat=1 tors=4 st=116 hmax=836 pr=50 surv=4 ex=0 bad=0 hits=0 t=0s
  F1 c0/c6: кривая не построена (нет точки на квартике)
  F1 c0/c8@t0=29: rank[2,2] g=2 src=pari sat=1 tors=4 st=2828 hmax=895 pr=50 surv=4 ex=0 bad=0 hits=0 t=0s
  F1 c3/c2@t0=29: rank[1,1] g=1 src=pari sat=1 tors=4 st=116 hmax=836 pr=50 surv=2 ex=0 bad=0 hits=0 t=0s
  F1 c2/c6@t0=43: rank[2,2] g=2 src=pari sat=1 tors=4 st=2724 hmax=897 pr=50 surv=4 ex=0 bad=0 hits=0 t=0s
  F1 c8/c2@t0=29: rank[3,3] g=3 src=pari sat=1 tors=4 st=9604 hmax=213 pr=50 surv=2 ex=0 bad=0 hits=0 t=0s
  F1 c3/c6@t0=29: rank[3,3] g=3 src=pari sat=1 tors=4 st=9580 hmax=278 pr=50 surv=2 ex=0 bad=0 hits=0 t=0s
  F1 c3/c8@t0=29: rank[3,3] g=3 src=pari sat=1 tors=4 st=9580 hmax=278 pr=50 surv=4 ex=0 bad=0 hits=0 t=0s
  F1 c6/c8: кривая не построена (нет точки на квартике)
  F2 c2/c3: кривая не построена (нет точки на квартике)
  F2 c2/c5: кривая не построена (нет точки на квартике)
  F2 c2/c6: нет рациональной точки для коники
  F2 c8/c2@t0=29: rank[2,2] g=2 src=pari sat=1 tors=4 st=1812 hmax=899 pr=50 surv=2 ex=0 bad=0 hits=0 t=0s
  F2 c3/c5@t0=29: rank[1,1] g=1 src=pari sat=1 tors=4 st=116 hmax=836 pr=50 surv=4 ex=0 bad=0 hits=0 t=0s
  F2 c3/c6@t0=29: rank[3,3] g=3 src=pari sat=1 tors=4 st=9604 hmax=213 pr=50 surv=2 ex=0 bad=0 hits=0 t=0s
  F2 c3/c8@t0=29: rank[2,2] g=2 src=pari sat=1 tors=4 st=2724 hmax=897 pr=50 surv=4 ex=0 bad=0 hits=0 t=0s
  F2 c5/c6: кривая не построена (нет точки на квартике)
  F2 c5/c8@t0=29: rank[2,2] g=2 src=pari sat=1 tors=4 st=2828 hmax=895 pr=50 surv=4 ex=0 bad=0 hits=0 t=0s
  F2 c8/c6@t0=29: rank[2,2] g=2 src=pari sat=1 tors=4 st=1820 hmax=896 pr=50 surv=2 ex=0 bad=0 hits=0 t=0s
  F3 c1/c3: нет рациональной точки для коники
  F3 c1/c5: нет рациональной точки для коники
  F3 c6/c1@t0=29: rank[2,2] g=2 src=pari sat=1 tors=4 st=1812 hmax=899 pr=50 surv=2 ex=0 bad=0 hits=0 t=0s
  F3 c1/c7: нет рациональной точки для коники
  F3 c3/c5: нет рациональной точки для коники
  F3 c6/c3@t0=29: rank[2,2] g=2 src=pari sat=1 tors=4 st=1812 hmax=899 pr=50 surv=2 ex=0 bad=0 hits=0 t=0s
  F3 c3/c7: нет рациональной точки для коники
  F3 c6/c5@t0=29: rank[2,2] g=2 src=pari sat=1 tors=4 st=1820 hmax=896 pr=50 surv=2 ex=0 bad=0 hits=0 t=0s
  F3 c5/c7: нет рациональной точки для коники
  F3 c6/c7@t0=29: rank[2,2] g=2 src=pari sat=1 tors=4 st=1820 hmax=896 pr=50 surv=2 ex=0 bad=0 hits=0 t=0s
  F4 c2/c3: кривая не построена (нет точки на квартике)
  F4 c2/c5: кривая не построена (нет точки на квартике)
  F4 c2/c6: нет рациональной точки для коники
  F4 c7/c2@t0=29: rank[2,2] g=2 src=pari sat=1 tors=4 st=1812 hmax=899 pr=50 surv=2 ex=0 bad=0 hits=0 t=0s
  F4 c3/c5@t0=29: rank[1,1] g=1 src=pari sat=1 tors=4 st=116 hmax=802 pr=50 surv=4 ex=0 bad=0 hits=0 t=0s
  F4 c3/c6: кривая не построена (нет точки на квартике)
  F4 c3/c7@t0=29: rank[1,1] g=1 src=pari sat=1 tors=4 st=116 hmax=802 pr=50 surv=4 ex=0 bad=0 hits=0 t=0s
  F4 c5/c6@t0=29: rank[1,1] g=1 src=pari sat=1 tors=4 st=164 hmax=854 pr=50 surv=6 ex=0 bad=0 hits=0 t=0s
  F4 c5/c7@t0=29: rank[2,2] g=2 src=pari sat=1 tors=4 st=2564 hmax=893 pr=50 surv=4 ex=0 bad=0 hits=0 t=0s
  F4 c7/c6@t0=29: rank[2,2] g=2 src=pari sat=1 tors=4 st=1820 hmax=896 pr=50 surv=2 ex=0 bad=0 hits=0 t=0s
== (P,Q)=(43,30) C=2749/2 non
  F1 c0/c2: кривая не построена (нет точки на квартике)
  F1 c0/c3@t0=30: rank[1,1] g=1 src=pari sat=1 tors=4 st=116 hmax=838 pr=50 surv=4 ex=0 bad=0 hits=0 t=0s
  F1 c0/c6: кривая не построена (нет точки на квартике)
  F1 c0/c8@t0=30: rank[1,1] g=1 src=pari sat=1 tors=4 st=116 hmax=817 pr=50 surv=4 ex=0 bad=0 hits=0 t=0s
  F1 c3/c2@t0=30: rank[1,1] g=1 src=pari sat=1 tors=4 st=116 hmax=838 pr=50 surv=2 ex=0 bad=0 hits=0 t=0s
  F1 c2/c6@t0=43: rank[1,1] g=1 src=pari sat=1 tors=4 st=116 hmax=800 pr=50 surv=4 ex=0 bad=0 hits=0 t=1s
  F1 c2/c8: кривая не построена (нет точки на квартике)
  F1 c3/c6@t0=30: rank[1,1] g=1 src=pari sat=1 tors=4 st=124 hmax=889 pr=50 surv=2 ex=0 bad=0 hits=0 t=0s
  F1 c3/c8@t0=30: rank[1,1] g=1 src=pari sat=1 tors=4 st=124 hmax=889 pr=50 surv=4 ex=0 bad=0 hits=0 t=0s
  F1 c6/c8: кривая не построена (нет точки на квартике)
  F2 c2/c3: кривая не построена (нет точки на квартике)
  F2 c2/c5: кривая не построена (нет точки на квартике)
  F2 c2/c6: нет рациональной точки для коники
  F2 c2/c8: кривая не построена (нет точки на квартике)
  F2 c3/c5@t0=30: rank[1,1] g=1 src=pari sat=1 tors=4 st=116 hmax=838 pr=50 surv=4 ex=0 bad=0 hits=0 t=0s
  F2 c3/c6: кривая не построена (нет точки на квартике)
  F2 c3/c8@t0=30: rank[1,1] g=1 src=pari sat=1 tors=4 st=116 hmax=800 pr=50 surv=4 ex=0 bad=0 hits=0 t=0s
  F2 c5/c6: кривая не построена (нет точки на квартике)
  F2 c5/c8@t0=30: rank[1,1] g=1 src=pari sat=1 tors=4 st=116 hmax=817 pr=50 surv=4 ex=0 bad=0 hits=0 t=0s
  F2 c6/c8: кривая не построена (нет точки на квартике)
  F3 c1/c3: нет рациональной точки для коники
  F3 c1/c5: нет рациональной точки для коники
  F3 c1/c6: кривая не построена (нет точки на квартике)
  F3 c1/c7: нет рациональной точки для коники
  F3 c3/c5: нет рациональной точки для коники
  F3 c3/c6: кривая не построена (нет точки на квартике)
  F3 c3/c7: нет рациональной точки для коники
  F3 c5/c6: кривая не построена (нет точки на квартике)
  F3 c5/c7: нет рациональной точки для коники
  F3 c6/c7: кривая не построена (нет точки на квартике)
  F4 c2/c3: кривая не построена (нет точки на квартике)
  F4 c2/c5: кривая не построена (нет точки на квартике)
  F4 c2/c6: нет рациональной точки для коники
  F4 c2/c7: кривая не построена (нет точки на квартике)
  F4 c3/c5@t0=30: rank[1,1] g=1 src=pari sat=1 tors=4 st=124 hmax=843 pr=50 surv=4 ex=0 bad=0 hits=0 t=0s
  F4 c3/c6: кривая не построена (нет точки на квартике)
  F4 c3/c7@t0=30: rank[1,1] g=1 src=pari sat=1 tors=4 st=124 hmax=843 pr=50 surv=4 ex=0 bad=0 hits=0 t=0s
  F4 c5/c6: кривая не построена (нет точки на квартике)
  F4 c5/c7@t0=30: rank[2,2] g=2 src=pari sat=1 tors=4 st=2436 hmax=898 pr=50 surv=4 ex=0 bad=0 hits=0 t=0s
  F4 c6/c7: кривая не построена (нет точки на квартике)
== (P,Q)=(43,31) C=1405 non
  F1 c0/c2: кривая не построена (нет точки на квартике)
  F1 c0/c3@t0=31: rank[3,3] g=3 src=pari sat=1 tors=4 st=9604 hmax=287 pr=50 surv=4 ex=0 bad=0 hits=0 t=0s
  F1 c0/c6: кривая не построена (нет точки на квартике)
  F1 c0/c8@t0=31: rank[2,2] g=2 src=pari sat=1 tors=4 st=2972 hmax=898 pr=50 surv=4 ex=0 bad=0 hits=0 t=0s
  F1 c3/c2@t0=31: rank[3,3] g=3 src=pari sat=1 tors=4 st=9604 hmax=287 pr=50 surv=2 ex=0 bad=0 hits=0 t=0s
  F1 c2/c6@t0=43: rank[2,2] g=2 src=pari sat=1 tors=4 st=1780 hmax=900 pr=50 surv=4 ex=0 bad=0 hits=0 t=0s
  F1 c2/c8: кривая не построена (нет точки на квартике)
  F1 c3/c6@t0=31: rank[1,1] g=1 src=pari sat=1 tors=4 st=116 hmax=844 pr=50 surv=2 ex=0 bad=0 hits=0 t=0s
  F1 c3/c8@t0=31: rank[1,1] g=1 src=pari sat=1 tors=4 st=116 hmax=844 pr=50 surv=4 ex=0 bad=0 hits=0 t=0s
  F1 c6/c8: кривая не построена (нет точки на квартике)
  F2 c2/c3: кривая не построена (нет точки на квартике)
  F2 c2/c5: кривая не построена (нет точки на квартике)
  F2 c2/c6: нет рациональной точки для коники
  F2 c2/c8: кривая не построена (нет точки на квартике)
  F2 c3/c5@t0=31: rank[3,3] g=3 src=pari sat=1 tors=4 st=9604 hmax=287 pr=50 surv=4 ex=0 bad=0 hits=0 t=0s
  F2 c3/c6: кривая не построена (нет точки на квартике)
  F2 c3/c8@t0=31: rank[2,2] g=2 src=pari sat=1 tors=4 st=1780 hmax=900 pr=50 surv=4 ex=0 bad=0 hits=0 t=0s
  F2 c5/c6: кривая не построена (нет точки на квартике)
  F2 c5/c8@t0=31: rank[2,2] g=2 src=pari sat=1 tors=4 st=2972 hmax=898 pr=50 surv=4 ex=0 bad=0 hits=0 t=0s
  F2 c6/c8: кривая не построена (нет точки на квартике)
  F3 c1/c3: нет рациональной точки для коники
  F3 c1/c5: нет рациональной точки для коники
  F3 c1/c6: кривая не построена (нет точки на квартике)
  F3 c1/c7: нет рациональной точки для коники
  F3 c3/c5: нет рациональной точки для коники
  F3 c3/c6: кривая не построена (нет точки на квартике)
  F3 c3/c7: нет рациональной точки для коники
  F3 c5/c6: кривая не построена (нет точки на квартике)
  F3 c5/c7: нет рациональной точки для коники
  F3 c6/c7: кривая не построена (нет точки на квартике)
  F4 c2/c3: кривая не построена (нет точки на квартике)
  F4 c2/c5: кривая не построена (нет точки на квартике)
  F4 c2/c6: нет рациональной точки для коники
  F4 c2/c7: кривая не построена (нет точки на квартике)
  F4 c3/c5@t0=31: rank[2,2] g=2 src=pari sat=1 tors=4 st=2948 hmax=900 pr=50 surv=4 ex=0 bad=0 hits=0 t=0s
  F4 c3/c6: кривая не построена (нет точки на квартике)
  F4 c3/c7@t0=31: rank[2,2] g=2 src=pari sat=1 tors=4 st=2948 hmax=900 pr=50 surv=4 ex=0 bad=0 hits=0 t=0s
  F4 c5/c6@t0=31: rank[1,1] g=1 src=pari sat=1 tors=4 st=124 hmax=842 pr=50 surv=6 ex=0 bad=0 hits=0 t=0s
  F4 c5/c7@t0=31: rank[2,2] g=2 src=pari sat=1 tors=4 st=3020 hmax=898 pr=50 surv=4 ex=0 bad=0 hits=0 t=0s
  F4 c6/c7: кривая не построена (нет точки на квартике)
== (P,Q)=(43,32) C=2873/2 non
  F1 c0/c2: кривая не построена (нет точки на квартике)
  F1 c0/c3@t0=32: rank[1,1] g=1 src=pari sat=1 tors=4 st=116 hmax=843 pr=50 surv=4 ex=0 bad=0 hits=0 t=0s
  F1 c0/c6: кривая не построена (нет точки на квартике)
  F1 c0/c8@t0=32: rank[1,1] g=1 src=pari sat=1 tors=4 st=116 hmax=821 pr=50 surv=4 ex=0 bad=0 hits=0 t=0s
  F1 c3/c2@t0=32: rank[1,1] g=1 src=pari sat=1 tors=4 st=116 hmax=843 pr=50 surv=2 ex=0 bad=0 hits=0 t=0s
  F1 c2/c6@t0=43: rank[1,1] g=1 src=pari sat=1 tors=4 st=116 hmax=807 pr=50 surv=4 ex=0 bad=0 hits=0 t=0s
  F1 c2/c8: кривая не построена (нет точки на квартике)
  F1 c3/c6@t0=32: rank[1,1] g=1 src=pari sat=1 tors=4 st=124 hmax=893 pr=50 surv=2 ex=0 bad=0 hits=0 t=0s
  F1 c3/c8@t0=32: rank[1,1] g=1 src=pari sat=1 tors=4 st=124 hmax=893 pr=50 surv=4 ex=0 bad=0 hits=0 t=0s
  F1 c6/c8: кривая не построена (нет точки на квартике)
  F2 c2/c3: кривая не построена (нет точки на квартике)
  F2 c2/c5: кривая не построена (нет точки на квартике)
  F2 c2/c6: нет рациональной точки для коники
  F2 c2/c8: кривая не построена (нет точки на квартике)
  F2 c3/c5@t0=32: rank[1,1] g=1 src=pari sat=1 tors=4 st=116 hmax=843 pr=50 surv=4 ex=0 bad=0 hits=0 t=0s
  F2 c3/c6: кривая не построена (нет точки на квартике)
  F2 c3/c8@t0=32: rank[1,1] g=1 src=pari sat=1 tors=4 st=116 hmax=807 pr=50 surv=4 ex=0 bad=0 hits=0 t=0s
  F2 c5/c6: кривая не построена (нет точки на квартике)
  F2 c5/c8@t0=32: rank[1,1] g=1 src=pari sat=1 tors=4 st=116 hmax=821 pr=50 surv=4 ex=0 bad=0 hits=0 t=0s
  F2 c6/c8: кривая не построена (нет точки на квартике)
  F3 c1/c3: нет рациональной точки для коники
  F3 c1/c5: нет рациональной точки для коники
  F3 c1/c6: кривая не построена (нет точки на квартике)
  F3 c1/c7: нет рациональной точки для коники
  F3 c3/c5: нет рациональной точки для коники
  F3 c3/c6: кривая не построена (нет точки на квартике)
  F3 c3/c7: нет рациональной точки для коники
  F3 c5/c6: кривая не построена (нет точки на квартике)
  F3 c5/c7: нет рациональной точки для коники
  F3 c6/c7: кривая не построена (нет точки на квартике)
  F4 c2/c3: кривая не построена (нет точки на квартике)
  F4 c2/c5: кривая не построена (нет точки на квартике)
  F4 c2/c6: нет рациональной точки для коники
  F4 c2/c7: кривая не построена (нет точки на квартике)
  F4 c3/c5@t0=32: rank[1,1] g=1 src=pari sat=1 tors=4 st=124 hmax=841 pr=50 surv=4 ex=0 bad=0 hits=0 t=1s
  F4 c3/c6: кривая не построена (нет точки на квартике)
  F4 c3/c7@t0=32: rank[1,1] g=1 src=pari sat=1 tors=4 st=124 hmax=841 pr=50 surv=4 ex=0 bad=0 hits=0 t=1s
  F4 c5/c6: кривая не построена (нет точки на квартике)
  F4 c5/c7@t0=32: rank[1,1] g=1 src=pari sat=1 tors=4 st=124 hmax=888 pr=50 surv=4 ex=0 bad=0 hits=0 t=1s
  F4 c6/c7: кривая не построена (нет точки на квартике)
== (P,Q)=(43,33) C=1469 non
  F1 c0/c2: кривая не построена (нет точки на квартике)
  F1 c0/c3@t0=33: rank[2,2] g=2 src=pari sat=1 tors=4 st=2388 hmax=900 pr=50 surv=4 ex=0 bad=0 hits=0 t=1s
  F1 c0/c6: кривая не построена (нет точки на квартике)
  F1 c0/c8@t0=33: rank[2,2] g=2 src=pari sat=1 tors=4 st=2564 hmax=899 pr=50 surv=4 ex=0 bad=0 hits=0 t=1s
  F1 c3/c2@t0=33: rank[2,2] g=2 src=pari sat=1 tors=4 st=2388 hmax=900 pr=50 surv=2 ex=0 bad=0 hits=0 t=1s
  F1 c2/c6@t0=43: rank[2,2] g=2 src=pari sat=1 tors=4 st=1868 hmax=893 pr=50 surv=4 ex=0 bad=0 hits=0 t=1s
  F1 c2/c8: кривая не построена (нет точки на квартике)
  F1 c3/c6@t0=33: rank[2,2] g=2 src=pari sat=1 tors=4 st=876 hmax=893 pr=50 surv=2 ex=0 bad=0 hits=0 t=1s
  F1 c3/c8@t0=33: rank[2,2] g=2 src=pari sat=1 tors=4 st=876 hmax=893 pr=50 surv=4 ex=0 bad=0 hits=0 t=1s
  F1 c6/c8: кривая не построена (нет точки на квартике)
  F2 c2/c3: кривая не построена (нет точки на квартике)
  F2 c2/c5: кривая не построена (нет точки на квартике)
  F2 c2/c6: нет рациональной точки для коники
  F2 c2/c8: кривая не построена (нет точки на квартике)
  F2 c3/c5@t0=33: rank[2,2] g=2 src=pari sat=1 tors=4 st=2388 hmax=900 pr=50 surv=4 ex=0 bad=0 hits=0 t=1s
  F2 c3/c6: кривая не построена (нет точки на квартике)
  F2 c3/c8@t0=33: rank[2,2] g=2 src=pari sat=1 tors=4 st=1868 hmax=893 pr=50 surv=4 ex=0 bad=0 hits=0 t=1s
  F2 c5/c6: кривая не построена (нет точки на квартике)
  F2 c5/c8@t0=33: rank[2,2] g=2 src=pari sat=1 tors=4 st=2564 hmax=899 pr=50 surv=4 ex=0 bad=0 hits=0 t=1s
  F2 c6/c8: кривая не построена (нет точки на квартике)
  F3 c1/c3: нет рациональной точки для коники
  F3 c1/c5: нет рациональной точки для коники
  F3 c1/c6: кривая не построена (нет точки на квартике)
  F3 c1/c7: нет рациональной точки для коники
  F3 c3/c5: нет рациональной точки для коники
  F3 c3/c6: кривая не построена (нет точки на квартике)
  F3 c3/c7: нет рациональной точки для коники
  F3 c5/c6: кривая не построена (нет точки на квартике)
  F3 c5/c7: нет рациональной точки для коники
  F3 c6/c7: кривая не построена (нет точки на квартике)
  F4 c2/c3: кривая не построена (нет точки на квартике)
  F4 c2/c5: кривая не построена (нет точки на квартике)
  F4 c2/c6: нет рациональной точки для коники
  F4 c2/c7: кривая не построена (нет точки на квартике)
  F4 c3/c5@t0=33: rank[2,2] g=2 src=pari sat=1 tors=4 st=4148 hmax=899 pr=50 surv=4 ex=0 bad=0 hits=0 t=0s
  F4 c3/c6: кривая не построена (нет точки на квартике)
  F4 c3/c7@t0=33: rank[2,2] g=2 src=pari sat=1 tors=4 st=4148 hmax=899 pr=50 surv=4 ex=0 bad=0 hits=0 t=0s
  F4 c5/c6: кривая не построена (нет точки на квартике)
  F4 c5/c7@t0=33: rank[2,2] g=2 src=pari sat=1 tors=4 st=1868 hmax=897 pr=50 surv=4 ex=0 bad=0 hits=0 t=0s
  F4 c6/c7: кривая не построена (нет точки на квартике)
== (P,Q)=(43,34) C=3005/2 non
  F1 c0/c2: кривая не построена (нет точки на квартике)
  F1 c0/c3@t0=34: rank[2,2] g=2 src=pari sat=1 tors=4 st=4148 hmax=897 pr=50 surv=4 ex=0 bad=0 hits=0 t=0s
  F1 c0/c6: кривая не построена (нет точки на квартике)
  F1 c0/c8@t0=34: rank[2,2] g=2 src=pari sat=1 tors=4 st=1668 hmax=900 pr=50 surv=4 ex=0 bad=0 hits=0 t=0s
  F1 c3/c2@t0=34: rank[2,2] g=2 src=pari sat=1 tors=4 st=4148 hmax=897 pr=50 surv=2 ex=0 bad=0 hits=0 t=0s
  F1 c2/c6@t0=43: rank[1,1] g=1 src=pari sat=1 tors=4 st=116 hmax=813 pr=50 surv=4 ex=0 bad=0 hits=0 t=0s
  F1 c2/c8: кривая не построена (нет точки на квартике)
  F1 c3/c6@t0=34: rank[3,3] g=3 src=pari sat=1 tors=4 st=9540 hmax=392 pr=50 surv=2 ex=0 bad=0 hits=0 t=0s
  F1 c3/c8@t0=34: rank[3,3] g=3 src=pari sat=1 tors=4 st=9540 hmax=392 pr=50 surv=4 ex=0 bad=0 hits=0 t=0s
  F1 c6/c8: кривая не построена (нет точки на квартике)
  F2 c2/c3: кривая не построена (нет точки на квартике)
  F2 c2/c5: кривая не построена (нет точки на квартике)
  F2 c2/c6: нет рациональной точки для коники
  F2 c2/c8: кривая не построена (нет точки на квартике)
  F2 c3/c5@t0=34: rank[2,2] g=2 src=pari sat=1 tors=4 st=4148 hmax=897 pr=50 surv=4 ex=0 bad=0 hits=0 t=0s
  F2 c3/c6: кривая не построена (нет точки на квартике)
  F2 c3/c8@t0=34: rank[1,1] g=1 src=pari sat=1 tors=4 st=116 hmax=813 pr=50 surv=4 ex=0 bad=0 hits=0 t=0s
  F2 c5/c6: кривая не построена (нет точки на квартике)
  F2 c5/c8@t0=34: rank[2,2] g=2 src=pari sat=1 tors=4 st=1668 hmax=900 pr=50 surv=4 ex=0 bad=0 hits=0 t=0s
  F2 c6/c8: кривая не построена (нет точки на квартике)
  F3 c1/c3: нет рациональной точки для коники
  F3 c1/c5: нет рациональной точки для коники
  F3 c1/c6: кривая не построена (нет точки на квартике)
  F3 c1/c7: нет рациональной точки для коники
  F3 c3/c5: нет рациональной точки для коники
  F3 c3/c6: кривая не построена (нет точки на квартике)
  F3 c3/c7: нет рациональной точки для коники
  F3 c5/c6: кривая не построена (нет точки на квартике)
  F3 c5/c7: нет рациональной точки для коники
  F3 c6/c7: кривая не построена (нет точки на квартике)
  F4 c2/c3: кривая не построена (нет точки на квартике)
  F4 c2/c5: кривая не построена (нет точки на квартике)
  F4 c2/c6: нет рациональной точки для коники
  F4 c2/c7: кривая не построена (нет точки на квартике)
  F4 c3/c5@t0=34: rank[2,2] g=2 src=pari sat=1 tors=4 st=4588 hmax=899 pr=50 surv=4 ex=0 bad=0 hits=0 t=0s
  F4 c3/c6: кривая не построена (нет точки на квартике)
  F4 c3/c7@t0=34: rank[2,2] g=2 src=pari sat=1 tors=4 st=4588 hmax=899 pr=50 surv=4 ex=0 bad=0 hits=0 t=0s
  F4 c5/c6@t0=34: rank[2,2] g=2 src=pari sat=1 tors=4 st=4276 hmax=897 pr=50 surv=6 ex=0 bad=0 hits=0 t=0s
  F4 c5/c7@t0=34: rank[1,1] g=1 src=pari sat=1 tors=4 st=124 hmax=892 pr=50 surv=4 ex=0 bad=0 hits=0 t=0s
  F4 c6/c7: кривая не построена (нет точки на квартике)
== (P,Q)=(43,35) C=1537 non
  F1 c0/c2: кривая не построена (нет точки на квартике)
  F1 c0/c3@t0=35: rank[1,1] g=1 src=pari sat=1 tors=4 st=116 hmax=850 pr=50 surv=4 ex=0 bad=0 hits=0 t=0s
  F1 c0/c6: кривая не построена (нет точки на квартике)
  F1 c0/c8@t0=35: rank[3,3] g=3 src=pari sat=1 tors=4 st=9604 hmax=202 pr=50 surv=4 ex=0 bad=0 hits=0 t=0s
  F1 c3/c2@t0=35: rank[1,1] g=1 src=pari sat=1 tors=4 st=116 hmax=850 pr=50 surv=2 ex=0 bad=0 hits=0 t=0s
  F1 c2/c6@t0=43: rank[1,1] g=1 src=pari sat=1 tors=4 st=124 hmax=819 pr=50 surv=4 ex=0 bad=0 hits=0 t=0s
  F1 c2/c8: кривая не построена (нет точки на квартике)
  F1 c3/c6@t0=35: rank[1,1] g=1 src=pari sat=1 tors=4 st=116 hmax=853 pr=50 surv=2 ex=0 bad=0 hits=0 t=0s
  F1 c3/c8@t0=35: rank[1,1] g=1 src=pari sat=1 tors=4 st=116 hmax=853 pr=50 surv=4 ex=0 bad=0 hits=0 t=0s
  F1 c6/c8: кривая не построена (нет точки на квартике)
  F2 c2/c3: кривая не построена (нет точки на квартике)
  F2 c2/c5: кривая не построена (нет точки на квартике)
  F2 c2/c6: нет рациональной точки для коники
  F2 c2/c8: кривая не построена (нет точки на квартике)
  F2 c3/c5@t0=35: rank[1,1] g=1 src=pari sat=1 tors=4 st=116 hmax=850 pr=50 surv=4 ex=0 bad=0 hits=0 t=0s
  F2 c3/c6: кривая не построена (нет точки на квартике)
  F2 c3/c8@t0=35: rank[1,1] g=1 src=pari sat=1 tors=4 st=124 hmax=819 pr=50 surv=4 ex=0 bad=0 hits=0 t=0s
  F2 c5/c6: кривая не построена (нет точки на квартике)
  F2 c5/c8@t0=35: rank[3,3] g=3 src=pari sat=1 tors=4 st=9604 hmax=202 pr=50 surv=4 ex=0 bad=0 hits=0 t=0s
  F2 c8/c6@t0=35: rank[3,3] g=3 src=pari sat=1 tors=4 st=9604 hmax=243 pr=50 surv=2 ex=0 bad=0 hits=0 t=0s
  F3 c1/c3: нет рациональной точки для коники
  F3 c1/c5: нет рациональной точки для коники
  F3 c1/c6: кривая не построена (нет точки на квартике)
  F3 c1/c7: нет рациональной точки для коники
  F3 c3/c5: нет рациональной точки для коники
  F3 c3/c6: кривая не построена (нет точки на квартике)
  F3 c3/c7: нет рациональной точки для коники
  F3 c6/c5@t0=35: rank[3,3] g=3 src=pari sat=1 tors=4 st=9604 hmax=243 pr=50 surv=2 ex=0 bad=0 hits=0 t=0s
  F3 c5/c7: нет рациональной точки для коники
  F3 c6/c7@t0=35: rank[3,3] g=3 src=pari sat=1 tors=4 st=9604 hmax=243 pr=50 surv=2 ex=0 bad=0 hits=0 t=0s
  F4 c3/c2@t0=35: rank[1,1] g=1 src=pari sat=1 tors=4 st=108 hmax=825 pr=50 surv=2 ex=0 bad=0 hits=0 t=0s
  F4 c5/c2@t0=35: rank[1,1] g=1 src=pari sat=1 tors=4 st=84 hmax=796 pr=50 surv=2 ex=0 bad=0 hits=0 t=0s
  F4 c2/c6: нет рациональной точки для коники
  F4 c2/c7: кривая не построена (нет точки на квартике)
  F4 c3/c5@t0=35: rank[2,2] g=2 src=pari sat=1 tors=4 st=4580 hmax=898 pr=50 surv=4 ex=0 bad=0 hits=0 t=0s
  F4 c3/c6@t0=35: rank[1,1] g=1 src=pari sat=1 tors=4 st=108 hmax=825 pr=50 surv=2 ex=0 bad=0 hits=0 t=0s
  F4 c3/c7@t0=35: rank[2,2] g=2 src=pari sat=1 tors=4 st=4580 hmax=898 pr=50 surv=4 ex=0 bad=0 hits=0 t=0s
  F4 c5/c6@t0=35: rank[1,1] g=1 src=pari sat=1 tors=4 st=132 hmax=839 pr=50 surv=6 ex=0 bad=0 hits=0 t=0s
  F4 c5/c7@t0=35: rank[1,1] g=1 src=pari sat=1 tors=4 st=124 hmax=893 pr=50 surv=4 ex=0 bad=0 hits=0 t=0s
  F4 c7/c6@t0=35: rank[3,3] g=3 src=pari sat=1 tors=4 st=9604 hmax=243 pr=50 surv=2 ex=0 bad=0 hits=0 t=0s
== (P,Q)=(43,36) C=3145/2 non
  F1 c0/c2: кривая не построена (нет точки на квартике)
  F1 c0/c3@t0=36: rank[3,3] g=3 src=pari sat=1 tors=4 st=9524 hmax=308 pr=50 surv=4 ex=0 bad=0 hits=0 t=0s
  F1 c0/c6: кривая не построена (нет точки на квартике)
  F1 c0/c8@t0=36: rank[2,2] g=2 src=pari sat=1 tors=4 st=2780 hmax=899 pr=50 surv=4 ex=0 bad=0 hits=0 t=0s
  F1 c3/c2@t0=36: rank[3,3] g=3 src=pari sat=1 tors=4 st=9524 hmax=308 pr=50 surv=2 ex=0 bad=0 hits=0 t=0s
  F1 c2/c6@t0=43: rank[2,2] g=2 src=pari sat=1 tors=4 st=1804 hmax=898 pr=50 surv=4 ex=0 bad=0 hits=0 t=0s
  F1 c2/c8: кривая не построена (нет точки на квартике)
  F1 c3/c6@t0=36: rank[1,1] g=1 src=pari sat=1 tors=4 st=116 hmax=787 pr=50 surv=2 ex=0 bad=0 hits=0 t=0s
  F1 c3/c8@t0=36: rank[1,1] g=1 src=pari sat=1 tors=4 st=116 hmax=787 pr=50 surv=4 ex=0 bad=0 hits=0 t=0s
  F1 c6/c8: кривая не построена (нет точки на квартике)
  F2 c2/c3: кривая не построена (нет точки на квартике)
  F2 c2/c5: кривая не построена (нет точки на квартике)
  F2 c2/c6: нет рациональной точки для коники
  F2 c2/c8: кривая не построена (нет точки на квартике)
  F2 c3/c5@t0=36: rank[3,3] g=3 src=pari sat=1 tors=4 st=9524 hmax=308 pr=50 surv=4 ex=0 bad=0 hits=0 t=0s
  F2 c3/c6: кривая не построена (нет точки на квартике)
  F2 c3/c8@t0=36: rank[2,2] g=2 src=pari sat=1 tors=4 st=1804 hmax=898 pr=50 surv=4 ex=0 bad=0 hits=0 t=0s
  F2 c5/c6: кривая не построена (нет точки на квартике)
  F2 c5/c8@t0=36: rank[2,2] g=2 src=pari sat=1 tors=4 st=2780 hmax=899 pr=50 surv=4 ex=0 bad=0 hits=0 t=0s
  F2 c6/c8: кривая не построена (нет точки на квартике)
  F3 c1/c3: нет рациональной точки для коники
  F3 c1/c5: нет рациональной точки для коники
  F3 c1/c6: кривая не построена (нет точки на квартике)
  F3 c1/c7: нет рациональной точки для коники
  F3 c3/c5: нет рациональной точки для коники
  F3 c3/c6: кривая не построена (нет точки на квартике)
  F3 c3/c7: нет рациональной точки для коники
  F3 c5/c6: кривая не построена (нет точки на квартике)
  F3 c5/c7: нет рациональной точки для коники
  F3 c6/c7: кривая не построена (нет точки на квартике)
  F4 c2/c3: кривая не построена (нет точки на квартике)
  F4 c2/c5: кривая не построена (нет точки на квартике)
  F4 c2/c6: нет рациональной точки для коники
  F4 c2/c7: кривая не построена (нет точки на квартике)
  F4 c3/c5@t0=36: rank[1,1] g=1 src=pari sat=1 tors=4 st=124 hmax=838 pr=50 surv=4 ex=0 bad=0 hits=0 t=0s
  F4 c3/c6: кривая не построена (нет точки на квартике)
  F4 c3/c7@t0=36: rank[1,1] g=1 src=pari sat=1 tors=4 st=124 hmax=838 pr=50 surv=4 ex=0 bad=0 hits=0 t=0s
  F4 c5/c6: кривая не построена (нет точки на квартике)
  F4 c5/c7@t0=36: rank[1,1] g=1 src=pari sat=1 tors=4 st=124 hmax=895 pr=50 surv=4 ex=0 bad=0 hits=0 t=0s
  F4 c6/c7: кривая не построена (нет точки на квартике)
== (P,Q)=(43,37) C=1609 non
  F1 c0/c2: кривая не построена (нет точки на квартике)
  F1 c0/c3@t0=37: rank[2,2] g=2 src=pari sat=1 tors=4 st=1628 hmax=900 pr=50 surv=4 ex=0 bad=0 hits=0 t=0s
  F1 c0/c6: кривая не построена (нет точки на квартике)
  F1 c0/c8@t0=37: rank[1,1] g=1 src=pari sat=1 tors=4 st=124 hmax=835 pr=50 surv=4 ex=0 bad=0 hits=0 t=0s
  F1 c3/c2@t0=37: rank[2,2] g=2 src=pari sat=1 tors=4 st=1628 hmax=900 pr=50 surv=2 ex=0 bad=0 hits=0 t=0s
  F1 c2/c6@t0=43: rank[1,1] g=1 src=pari sat=1 tors=4 st=124 hmax=826 pr=50 surv=4 ex=0 bad=0 hits=0 t=0s
  F1 c8/c2@t0=37: rank[1,1] g=1 src=pari sat=1 tors=4 st=92 hmax=808 pr=50 surv=2 ex=0 bad=0 hits=0 t=0s
  F1 c3/c6@t0=37: rank[2,2] g=2 src=pari sat=1 tors=4 st=1588 hmax=897 pr=50 surv=2 ex=0 bad=0 hits=0 t=0s
  F1 c3/c8@t0=37: rank[2,2] g=2 src=pari sat=1 tors=4 st=1588 hmax=897 pr=50 surv=4 ex=0 bad=0 hits=0 t=0s
  F1 c6/c8: кривая не построена (нет точки на квартике)
  F2 c2/c3: кривая не построена (нет точки на квартике)
  F2 c2/c5: кривая не построена (нет точки на квартике)
  F2 c2/c6: нет рациональной точки для коники
  F2 c8/c2@t0=37: rank[3,3] g=3 src=pari sat=1 tors=4 st=9604 hmax=332 pr=50 surv=2 ex=0 bad=0 hits=0 t=0s
  F2 c3/c5@t0=37: rank[2,2] g=2 src=pari sat=1 tors=4 st=1628 hmax=900 pr=50 surv=4 ex=0 bad=0 hits=0 t=0s
  F2 c3/c6@t0=37: rank[1,1] g=1 src=pari sat=1 tors=4 st=92 hmax=808 pr=50 surv=2 ex=0 bad=0 hits=0 t=0s
  F2 c3/c8@t0=37: rank[1,1] g=1 src=pari sat=1 tors=4 st=124 hmax=826 pr=50 surv=4 ex=0 bad=0 hits=0 t=0s
  F2 c5/c6: кривая не построена (нет точки на квартике)
  F2 c5/c8@t0=37: rank[1,1] g=1 src=pari sat=1 tors=4 st=124 hmax=835 pr=50 surv=4 ex=0 bad=0 hits=0 t=0s
  F2 c6/c8: кривая не построена (нет точки на квартике)
  F3 c1/c3: нет рациональной точки для коники
  F3 c1/c5: нет рациональной точки для коники
  F3 c6/c1@t0=37: rank[3,3] g=3 src=pari sat=1 tors=4 st=9604 hmax=332 pr=50 surv=2 ex=0 bad=0 hits=0 t=0s
  F3 c1/c7: нет рациональной точки для коники
  F3 c3/c5: нет рациональной точки для коники
  F3 c6/c3@t0=37: rank[3,3] g=3 src=pari sat=1 tors=4 st=9604 hmax=332 pr=50 surv=2 ex=0 bad=0 hits=0 t=0s
  F3 c3/c7: нет рациональной точки для коники
  F3 c5/c6: кривая не построена (нет точки на квартике)
  F3 c5/c7: нет рациональной точки для коники
  F3 c6/c7: кривая не построена (нет точки на квартике)
  F4 c2/c3: кривая не построена (нет точки на квартике)
  F4 c2/c5: кривая не построена (нет точки на квартике)
  F4 c2/c6: нет рациональной точки для коники
  F4 c7/c2@t0=37: rank[3,3] g=3 src=pari sat=1 tors=4 st=9604 hmax=332 pr=50 surv=2 ex=0 bad=0 hits=0 t=0s
  F4 c3/c5@t0=37: rank[1,1] g=1 src=pari sat=1 tors=4 st=116 hmax=796 pr=50 surv=4 ex=0 bad=0 hits=0 t=0s
  F4 c3/c6: кривая не построена (нет точки на квартике)
  F4 c3/c7@t0=37: rank[1,1] g=1 src=pari sat=1 tors=4 st=116 hmax=796 pr=50 surv=4 ex=0 bad=0 hits=0 t=0s
  F4 c5/c6@t0=37: rank[1,1] g=1 src=pari sat=1 tors=4 st=196 hmax=859 pr=50 surv=6 ex=0 bad=0 hits=0 t=0s
  F4 c5/c7@t0=37: rank[2,2] g=2 src=pari sat=1 tors=4 st=1940 hmax=896 pr=50 surv=4 ex=0 bad=0 hits=0 t=0s
  F4 c6/c7: кривая не построена (нет точки на квартике)
== (P,Q)=(43,38) C=3293/2 non
  F1 c0/c2: кривая не построена (нет точки на квартике)
  F1 c0/c3@t0=38: rank[2,2] g=2 src=pari sat=1 tors=4 st=1868 hmax=899 pr=50 surv=4 ex=0 bad=0 hits=0 t=0s
  F1 c0/c6: кривая не построена (нет точки на квартике)
  F1 c0/c8@t0=38: rank[1,1] g=1 src=pari sat=1 tors=4 st=116 hmax=831 pr=50 surv=4 ex=0 bad=0 hits=0 t=0s
  F1 c3/c2@t0=38: rank[2,2] g=2 src=pari sat=1 tors=4 st=1868 hmax=899 pr=50 surv=2 ex=0 bad=0 hits=0 t=0s
  F1 c2/c6@t0=43: rank[2,2] g=2 src=pari sat=1 tors=4 st=2308 hmax=898 pr=50 surv=4 ex=0 bad=0 hits=0 t=0s
  F1 c2/c8: кривая не построена (нет точки на квартике)
  F1 c3/c6@t0=38: rank[1,1] g=1 src=pari sat=1 tors=4 st=116 hmax=791 pr=50 surv=2 ex=0 bad=0 hits=0 t=0s
  F1 c3/c8@t0=38: rank[1,1] g=1 src=pari sat=1 tors=4 st=116 hmax=791 pr=50 surv=4 ex=0 bad=0 hits=0 t=0s
  F1 c6/c8: кривая не построена (нет точки на квартике)
  F2 c2/c3: кривая не построена (нет точки на квартике)
  F2 c2/c5: кривая не построена (нет точки на квартике)
  F2 c2/c6: нет рациональной точки для коники
  F2 c2/c8: кривая не построена (нет точки на квартике)
  F2 c3/c5@t0=38: rank[2,2] g=2 src=pari sat=1 tors=4 st=1868 hmax=899 pr=50 surv=4 ex=0 bad=0 hits=0 t=0s
  F2 c3/c6: кривая не построена (нет точки на квартике)
  F2 c3/c8@t0=38: rank[2,2] g=2 src=pari sat=1 tors=4 st=2308 hmax=898 pr=50 surv=4 ex=0 bad=0 hits=0 t=0s
  F2 c5/c6: кривая не построена (нет точки на квартике)
  F2 c5/c8@t0=38: rank[1,1] g=1 src=pari sat=1 tors=4 st=116 hmax=831 pr=50 surv=4 ex=0 bad=0 hits=0 t=0s
  F2 c6/c8: кривая не построена (нет точки на квартике)
  F3 c1/c3: нет рациональной точки для коники
  F3 c1/c5: нет рациональной точки для коники
  F3 c1/c6: кривая не построена (нет точки на квартике)
  F3 c1/c7: нет рациональной точки для коники
  F3 c3/c5: нет рациональной точки для коники
  F3 c3/c6: кривая не построена (нет точки на квартике)
  F3 c3/c7: нет рациональной точки для коники
  F3 c5/c6: кривая не построена (нет точки на квартике)
  F3 c5/c7: нет рациональной точки для коники
  F3 c6/c7: кривая не построена (нет точки на квартике)
  F4 c2/c3: кривая не построена (нет точки на квартике)
  F4 c2/c5: кривая не построена (нет точки на квартике)
  F4 c2/c6: нет рациональной точки для коники
  F4 c2/c7: кривая не построена (нет точки на квартике)
  F4 c3/c5@t0=38: rank[2,2] g=2 src=pari sat=1 tors=4 st=3452 hmax=897 pr=50 surv=4 ex=0 bad=0 hits=0 t=0s
  F4 c3/c6: кривая не построена (нет точки на квартике)
  F4 c3/c7@t0=38: rank[2,2] g=2 src=pari sat=1 tors=4 st=3452 hmax=897 pr=50 surv=4 ex=0 bad=0 hits=0 t=0s
  F4 c5/c6: кривая не построена (нет точки на квартике)
  F4 c5/c7@t0=38: rank[2,2] g=2 src=pari sat=1 tors=4 st=1852 hmax=897 pr=50 surv=4 ex=0 bad=0 hits=0 t=0s
  F4 c6/c7: кривая не построена (нет точки на квартике)
== (P,Q)=(43,39) C=1685 non
  F1 c0/c2: кривая не построена (нет точки на квартике)
  F1 c0/c3@t0=39: rank[1,1] g=1 src=pari sat=1 tors=4 st=116 hmax=860 pr=50 surv=4 ex=0 bad=0 hits=0 t=0s
  F1 c0/c6: кривая не построена (нет точки на квартике)
  F1 c0/c8@t0=39: rank[1,1] g=1 src=pari sat=1 tors=4 st=124 hmax=838 pr=50 surv=4 ex=0 bad=0 hits=0 t=0s
  F1 c3/c2@t0=39: rank[1,1] g=1 src=pari sat=1 tors=4 st=116 hmax=860 pr=50 surv=2 ex=0 bad=0 hits=0 t=0s
  F1 c2/c6@t0=43: rank[1,1] g=1 src=pari sat=1 tors=4 st=124 hmax=833 pr=50 surv=4 ex=0 bad=0 hits=0 t=0s
  F1 c2/c8: кривая не построена (нет точки на квартике)
  F1 c3/c6@t0=39: rank[1,1] g=1 src=pari sat=1 tors=4 st=116 hmax=861 pr=50 surv=2 ex=0 bad=0 hits=0 t=0s
  F1 c3/c8@t0=39: rank[1,1] g=1 src=pari sat=1 tors=4 st=116 hmax=861 pr=50 surv=4 ex=0 bad=0 hits=0 t=0s
  F1 c6/c8: кривая не построена (нет точки на квартике)
  F2 c2/c3: кривая не построена (нет точки на квартике)
  F2 c2/c5: кривая не построена (нет точки на квартике)
  F2 c2/c6: нет рациональной точки для коники
  F2 c2/c8: кривая не построена (нет точки на квартике)
  F2 c3/c5@t0=39: rank[1,1] g=1 src=pari sat=1 tors=4 st=116 hmax=860 pr=50 surv=4 ex=0 bad=0 hits=0 t=0s
  F2 c3/c6: кривая не построена (нет точки на квартике)
  F2 c3/c8@t0=39: rank[1,1] g=1 src=pari sat=1 tors=4 st=124 hmax=833 pr=50 surv=4 ex=0 bad=0 hits=0 t=0s
  F2 c5/c6: кривая не построена (нет точки на квартике)
  F2 c5/c8@t0=39: rank[1,1] g=1 src=pari sat=1 tors=4 st=124 hmax=838 pr=50 surv=4 ex=0 bad=0 hits=0 t=0s
  F2 c6/c8: кривая не построена (нет точки на квартике)
  F3 c1/c3: нет рациональной точки для коники
  F3 c1/c5: нет рациональной точки для коники
  F3 c1/c6: кривая не построена (нет точки на квартике)
  F3 c1/c7: нет рациональной точки для коники
  F3 c3/c5: нет рациональной точки для коники
  F3 c3/c6: кривая не построена (нет точки на квартике)
  F3 c3/c7: нет рациональной точки для коники
  F3 c5/c6: кривая не построена (нет точки на квартике)
  F3 c5/c7: нет рациональной точки для коники
  F3 c6/c7: кривая не построена (нет точки на квартике)
  F4 c2/c3: кривая не построена (нет точки на квартике)
  F4 c2/c5: кривая не построена (нет точки на квартике)
  F4 c2/c6: нет рациональной точки для коники
  F4 c2/c7: кривая не построена (нет точки на квартике)
  F4 c3/c5@t0=39: rank[2,2] g=2 src=pari sat=1 tors=4 st=3500 hmax=900 pr=50 surv=4 ex=0 bad=0 hits=0 t=0s
  F4 c3/c6: кривая не построена (нет точки на квартике)
  F4 c3/c7@t0=39: rank[2,2] g=2 src=pari sat=1 tors=4 st=3500 hmax=900 pr=50 surv=4 ex=0 bad=0 hits=0 t=0s
  F4 c5/c6@t0=39: rank[2,2] g=2 src=pari sat=1 tors=4 st=2516 hmax=892 pr=50 surv=6 ex=0 bad=0 hits=0 t=0s
  F4 c5/c7@t0=39: rank[1,1] g=1 src=pari sat=1 tors=4 st=124 hmax=898 pr=50 surv=4 ex=0 bad=0 hits=0 t=0s
  F4 c6/c7: кривая не построена (нет точки на квартике)
== (P,Q)=(43,40) C=3449/2 non
  F1 c0/c2: кривая не построена (нет точки на квартике)
  F1 c0/c3@t0=40: rank[3,3] g=3 src=pari sat=1 tors=4 st=9604 hmax=364 pr=50 surv=4 ex=0 bad=0 hits=0 t=0s
  F1 c0/c6: кривая не построена (нет точки на квартике)
  F1 c0/c8@t0=40: rank[2,2] g=2 src=pari sat=1 tors=4 st=1804 hmax=900 pr=50 surv=4 ex=0 bad=0 hits=0 t=0s
  F1 c3/c2@t0=40: rank[3,3] g=3 src=pari sat=1 tors=4 st=9604 hmax=364 pr=50 surv=2 ex=0 bad=0 hits=0 t=0s
  F1 c2/c6@t0=43: rank[2,2] g=2 src=pari sat=1 tors=4 st=1612 hmax=899 pr=50 surv=4 ex=0 bad=0 hits=0 t=0s
  F1 c2/c8: кривая не построена (нет точки на квартике)
  F1 c3/c6@t0=40: rank[1,1] g=1 src=pari sat=1 tors=4 st=116 hmax=795 pr=50 surv=2 ex=0 bad=0 hits=0 t=0s
  F1 c3/c8@t0=40: rank[1,1] g=1 src=pari sat=1 tors=4 st=116 hmax=795 pr=50 surv=4 ex=0 bad=0 hits=0 t=0s
  F1 c6/c8: кривая не построена (нет точки на квартике)
  F2 c2/c3: кривая не построена (нет точки на квартике)
  F2 c2/c5: кривая не построена (нет точки на квартике)
  F2 c2/c6: нет рациональной точки для коники
  F2 c2/c8: кривая не построена (нет точки на квартике)
  F2 c3/c5@t0=40: rank[3,3] g=3 src=pari sat=1 tors=4 st=9604 hmax=364 pr=50 surv=4 ex=0 bad=0 hits=0 t=0s
  F2 c3/c6: кривая не построена (нет точки на квартике)
  F2 c3/c8@t0=40: rank[2,2] g=2 src=pari sat=1 tors=4 st=1612 hmax=899 pr=50 surv=4 ex=0 bad=0 hits=0 t=0s
  F2 c5/c6: кривая не построена (нет точки на квартике)
  F2 c5/c8@t0=40: rank[2,2] g=2 src=pari sat=1 tors=4 st=1804 hmax=900 pr=50 surv=4 ex=0 bad=0 hits=0 t=0s
  F2 c6/c8: кривая не построена (нет точки на квартике)
  F3 c1/c3: нет рациональной точки для коники
  F3 c1/c5: нет рациональной точки для коники
  F3 c1/c6: кривая не построена (нет точки на квартике)
  F3 c1/c7: нет рациональной точки для коники
  F3 c3/c5: нет рациональной точки для коники
  F3 c3/c6: кривая не построена (нет точки на квартике)
  F3 c3/c7: нет рациональной точки для коники
  F3 c5/c6: кривая не построена (нет точки на квартике)
  F3 c5/c7: нет рациональной точки для коники
  F3 c6/c7: кривая не построена (нет точки на квартике)
  F4 c2/c3: кривая не построена (нет точки на квартике)
  F4 c2/c5: кривая не построена (нет точки на квартике)
  F4 c2/c6: нет рациональной точки для коники
  F4 c2/c7: кривая не построена (нет точки на квартике)
  F4 c3/c5@t0=40: rank[2,2] g=2 src=pari sat=1 tors=4 st=2948 hmax=900 pr=50 surv=4 ex=0 bad=0 hits=0 t=0s
  F4 c3/c6: кривая не построена (нет точки на квартике)
  F4 c3/c7@t0=40: rank[2,2] g=2 src=pari sat=1 tors=4 st=2948 hmax=900 pr=50 surv=4 ex=0 bad=0 hits=0 t=0s
  F4 c5/c6: кривая не построена (нет точки на квартике)
  F4 c5/c7@t0=40: rank[1,1] g=1 src=pari sat=1 tors=4 st=124 hmax=898 pr=50 surv=4 ex=0 bad=0 hits=0 t=0s
  F4 c6/c7: кривая не построена (нет точки на квартике)
== (P,Q)=(43,41) C=1765 non
  F1 c0/c2: кривая не построена (нет точки на квартике)
  F1 c0/c3@t0=41: rank[2,2] g=2 src=pari sat=1 tors=4 st=2932 hmax=899 pr=50 surv=4 ex=0 bad=0 hits=0 t=0s
  F1 c0/c6: кривая не построена (нет точки на квартике)
  F1 c0/c8@t0=41: rank[1,1] g=1 src=pari sat=1 tors=4 st=124 hmax=842 pr=50 surv=4 ex=0 bad=0 hits=0 t=0s
  F1 c3/c2@t0=41: rank[2,2] g=2 src=pari sat=1 tors=4 st=2932 hmax=899 pr=50 surv=2 ex=0 bad=0 hits=0 t=0s
  F1 c2/c6@t0=43: rank[1,1] g=1 src=pari sat=1 tors=4 st=124 hmax=840 pr=50 surv=4 ex=0 bad=0 hits=0 t=0s
  F1 c2/c8: кривая не построена (нет точки на квартике)
  F1 c3/c6@t0=41: rank[2,2] g=2 src=pari sat=1 tors=4 st=2700 hmax=898 pr=50 surv=2 ex=0 bad=0 hits=0 t=0s
  F1 c3/c8@t0=41: rank[2,2] g=2 src=pari sat=1 tors=4 st=2700 hmax=898 pr=50 surv=4 ex=0 bad=0 hits=0 t=0s
  F1 c6/c8: кривая не построена (нет точки на квартике)
  F2 c2/c3: кривая не построена (нет точки на квартике)
  F2 c2/c5: кривая не построена (нет точки на квартике)
  F2 c2/c6: нет рациональной точки для коники
  F2 c2/c8: кривая не построена (нет точки на квартике)
  F2 c3/c5@t0=41: rank[2,2] g=2 src=pari sat=1 tors=4 st=2932 hmax=899 pr=50 surv=4 ex=0 bad=0 hits=0 t=0s
  F2 c3/c6: кривая не построена (нет точки на квартике)
  F2 c3/c8@t0=41: rank[1,1] g=1 src=pari sat=1 tors=4 st=124 hmax=840 pr=50 surv=4 ex=0 bad=0 hits=0 t=0s
  F2 c5/c6: кривая не построена (нет точки на квартике)
  F2 c5/c8@t0=41: rank[1,1] g=1 src=pari sat=1 tors=4 st=124 hmax=842 pr=50 surv=4 ex=0 bad=0 hits=0 t=0s
  F2 c6/c8: кривая не построена (нет точки на квартике)
  F3 c1/c3: нет рациональной точки для коники
  F3 c1/c5: нет рациональной точки для коники
  F3 c1/c6: кривая не построена (нет точки на квартике)
  F3 c1/c7: нет рациональной точки для коники
  F3 c3/c5: нет рациональной точки для коники
  F3 c3/c6: кривая не построена (нет точки на квартике)
  F3 c3/c7: нет рациональной точки для коники
  F3 c5/c6: кривая не построена (нет точки на квартике)
  F3 c5/c7: нет рациональной точки для коники
  F3 c6/c7: кривая не построена (нет точки на квартике)
  F4 c2/c3: кривая не построена (нет точки на квартике)
  F4 c2/c5: кривая не построена (нет точки на квартике)
  F4 c2/c6: нет рациональной точки для коники
  F4 c2/c7: кривая не построена (нет точки на квартике)
  F4 c3/c5@t0=41: rank[2,2] g=2 src=pari sat=1 tors=4 st=3660 hmax=899 pr=50 surv=4 ex=0 bad=0 hits=0 t=0s
  F4 c3/c6: кривая не построена (нет точки на квартике)
  F4 c3/c7@t0=41: rank[2,2] g=2 src=pari sat=1 tors=4 st=3660 hmax=899 pr=50 surv=4 ex=0 bad=0 hits=0 t=0s
  F4 c5/c6@t0=41: rank[1,1] g=1 src=pari sat=1 tors=4 st=188 hmax=879 pr=50 surv=6 ex=0 bad=0 hits=0 t=0s
  F4 c5/c7@t0=41: rank[1,1] g=1 src=pari sat=1 tors=4 st=124 hmax=898 pr=50 surv=4 ex=0 bad=0 hits=0 t=0s
  F4 c6/c7: кривая не построена (нет точки на квартике)
== (P,Q)=(43,42) C=3613/2 non
  F1 c0/c2: кривая не построена (нет точки на квартике)
  F1 c0/c3@t0=42: rank[2,2] g=2 src=pari sat=1 tors=4 st=1660 hmax=898 pr=50 surv=4 ex=0 bad=0 hits=0 t=0s
  F1 c0/c6: кривая не построена (нет точки на квартике)
  F1 c0/c8@t0=42: rank[2,2] g=2 src=pari sat=1 tors=4 st=2140 hmax=893 pr=50 surv=4 ex=0 bad=0 hits=0 t=0s
  F1 c3/c2@t0=42: rank[2,2] g=2 src=pari sat=1 tors=4 st=1660 hmax=898 pr=50 surv=2 ex=0 bad=0 hits=0 t=0s
  F1 c2/c6@t0=43: rank[1,1] g=1 src=pari sat=1 tors=4 st=116 hmax=836 pr=50 surv=4 ex=0 bad=0 hits=0 t=0s
  F1 c2/c8: кривая не построена (нет точки на квартике)
  F1 c3/c6@t0=42: rank[1,1] g=1 src=pari sat=1 tors=4 st=116 hmax=800 pr=50 surv=2 ex=0 bad=0 hits=0 t=0s
  F1 c3/c8@t0=42: rank[1,1] g=1 src=pari sat=1 tors=4 st=116 hmax=800 pr=50 surv=4 ex=0 bad=0 hits=0 t=0s
  F1 c6/c8: кривая не построена (нет точки на квартике)
  F2 c2/c3: кривая не построена (нет точки на квартике)
  F2 c2/c5: кривая не построена (нет точки на квартике)
  F2 c2/c6: нет рациональной точки для коники
  F2 c2/c8: кривая не построена (нет точки на квартике)
  F2 c3/c5@t0=42: rank[2,2] g=2 src=pari sat=1 tors=4 st=1660 hmax=898 pr=50 surv=4 ex=0 bad=0 hits=0 t=0s
  F2 c3/c6: кривая не построена (нет точки на квартике)
  F2 c3/c8@t0=42: rank[1,1] g=1 src=pari sat=1 tors=4 st=116 hmax=836 pr=50 surv=4 ex=0 bad=0 hits=0 t=0s
  F2 c5/c6: кривая не построена (нет точки на квартике)
  F2 c5/c8@t0=42: rank[2,2] g=2 src=pari sat=1 tors=4 st=2140 hmax=893 pr=50 surv=4 ex=0 bad=0 hits=0 t=0s
  F2 c6/c8: кривая не построена (нет точки на квартике)
  F3 c1/c3: нет рациональной точки для коники
  F3 c1/c5: нет рациональной точки для коники
  F3 c1/c6: кривая не построена (нет точки на квартике)
  F3 c1/c7: нет рациональной точки для коники
  F3 c3/c5: нет рациональной точки для коники
  F3 c3/c6: кривая не построена (нет точки на квартике)
  F3 c3/c7: нет рациональной точки для коники
  F3 c5/c6: кривая не построена (нет точки на квартике)
  F3 c5/c7: нет рациональной точки для коники
  F3 c6/c7: кривая не построена (нет точки на квартике)
  F4 c2/c3: кривая не построена (нет точки на квартике)
  F4 c2/c5: кривая не построена (нет точки на квартике)
  F4 c2/c6: нет рациональной точки для коники
  F4 c2/c7: кривая не построена (нет точки на квартике)
  F4 c3/c5@t0=42: rank[2,2] g=2 src=pari sat=1 tors=4 st=2604 hmax=898 pr=50 surv=4 ex=0 bad=0 hits=0 t=0s
  F4 c3/c6: кривая не построена (нет точки на квартике)
  F4 c3/c7@t0=42: rank[2,2] g=2 src=pari sat=1 tors=4 st=2604 hmax=898 pr=50 surv=4 ex=0 bad=0 hits=0 t=0s
  F4 c5/c6: кривая не построена (нет точки на квартике)
  F4 c5/c7@t0=42: rank[2,2] g=2 src=pari sat=1 tors=4 st=1492 hmax=899 pr=50 surv=4 ex=0 bad=0 hits=0 t=0s
  F4 c6/c7: кривая не построена (нет точки на квартике)
== (P,Q)=(44,1) C=1937/2 non
  F1 c0/c2: кривая не построена (нет точки на квартике)
  F1 c0/c3@t0=1: rank[3,3] g=3 src=pari sat=1 tors=4 st=9604 hmax=195 pr=50 surv=4 ex=0 bad=0 hits=0 t=0s
  F1 c0/c6: кривая не построена (нет точки на квартике)
  F1 c0/c8@t0=1: rank[2,2] g=2 src=pari sat=1 tors=4 st=1884 hmax=898 pr=50 surv=4 ex=0 bad=0 hits=0 t=0s
  F1 c3/c2@t0=1: rank[3,3] g=3 src=pari sat=1 tors=4 st=9604 hmax=195 pr=50 surv=2 ex=0 bad=0 hits=0 t=0s
  F1 c2/c6@t0=44: rank[2,2] g=2 src=pari sat=1 tors=4 st=2372 hmax=898 pr=50 surv=4 ex=0 bad=0 hits=0 t=0s
  F1 c2/c8: кривая не построена (нет точки на квартике)
  F1 c3/c6@t0=1: rank[1,1] g=1 src=pari sat=1 tors=4 st=116 hmax=810 pr=50 surv=2 ex=0 bad=0 hits=0 t=0s
  F1 c3/c8@t0=1: rank[1,1] g=1 src=pari sat=1 tors=4 st=116 hmax=810 pr=50 surv=4 ex=0 bad=0 hits=0 t=0s
  F1 c6/c8: кривая не построена (нет точки на квартике)
  F2 c2/c3: кривая не построена (нет точки на квартике)
  F2 c2/c5: кривая не построена (нет точки на квартике)
  F2 c2/c6: нет рациональной точки для коники
  F2 c2/c8: кривая не построена (нет точки на квартике)
  F2 c3/c5@t0=1: rank[3,3] g=3 src=pari sat=1 tors=4 st=9604 hmax=195 pr=50 surv=4 ex=0 bad=0 hits=0 t=0s
  F2 c3/c6: кривая не построена (нет точки на квартике)
  F2 c3/c8@t0=1: rank[2,2] g=2 src=pari sat=1 tors=4 st=2372 hmax=898 pr=50 surv=4 ex=0 bad=0 hits=0 t=0s
  F2 c5/c6: кривая не построена (нет точки на квартике)
  F2 c5/c8@t0=1: rank[2,2] g=2 src=pari sat=1 tors=4 st=1884 hmax=898 pr=50 surv=4 ex=0 bad=0 hits=0 t=0s
  F2 c6/c8: кривая не построена (нет точки на квартике)
  F3 c1/c3: нет рациональной точки для коники
  F3 c1/c5: нет рациональной точки для коники
  F3 c1/c6: кривая не построена (нет точки на квартике)
  F3 c1/c7: нет рациональной точки для коники
  F3 c3/c5: нет рациональной точки для коники
  F3 c3/c6: кривая не построена (нет точки на квартике)
  F3 c3/c7: нет рациональной точки для коники
  F3 c5/c6: кривая не построена (нет точки на квартике)
  F3 c5/c7: нет рациональной точки для коники
  F3 c6/c7: кривая не построена (нет точки на квартике)
  F4 c2/c3: кривая не построена (нет точки на квартике)
  F4 c2/c5: кривая не построена (нет точки на квартике)
  F4 c2/c6: нет рациональной точки для коники
  F4 c2/c7: кривая не построена (нет точки на квартике)
  F4 c3/c5@t0=1: rank[2,2] g=2 src=pari sat=1 tors=4 st=1948 hmax=896 pr=50 surv=4 ex=0 bad=0 hits=0 t=0s
  F4 c3/c6: кривая не построена (нет точки на квартике)
  F4 c3/c7@t0=1: rank[2,2] g=2 src=pari sat=1 tors=4 st=1948 hmax=896 pr=50 surv=4 ex=0 bad=0 hits=0 t=0s
  F4 c5/c6: кривая не построена (нет точки на квартике)
  F4 c5/c7@t0=1: rank[2,2] g=2 src=pari sat=1 tors=4 st=3164 hmax=899 pr=50 surv=4 ex=0 bad=0 hits=0 t=0s
  F4 c6/c7: кривая не построена (нет точки на квартике)
== (P,Q)=(44,3) C=1945/2 non
  F1 c0/c2: кривая не построена (нет точки на квартике)
  F1 c0/c3@t0=3: rank[1,1] g=1 src=pari sat=1 tors=4 st=124 hmax=817 pr=50 surv=4 ex=0 bad=0 hits=0 t=0s
  F1 c0/c6: кривая не построена (нет точки на квартике)
  F1 c0/c8@t0=3: rank[1,1] g=1 src=pari sat=1 tors=4 st=124 hmax=891 pr=50 surv=4 ex=0 bad=0 hits=0 t=0s
  F1 c3/c2@t0=3: rank[1,1] g=1 src=pari sat=1 tors=4 st=124 hmax=817 pr=50 surv=2 ex=0 bad=0 hits=0 t=0s
  F1 c2/c6@t0=44: rank[2,2] g=2 src=pari sat=1 tors=4 st=1668 hmax=895 pr=50 surv=4 ex=0 bad=0 hits=0 t=0s
  F1 c2/c8: кривая не построена (нет точки на квартике)
  F1 c3/c6@t0=3: rank[2,2] g=2 src=pari sat=1 tors=4 st=1068 hmax=899 pr=50 surv=2 ex=0 bad=0 hits=0 t=0s
  F1 c3/c8@t0=3: rank[2,2] g=2 src=pari sat=1 tors=4 st=1068 hmax=899 pr=50 surv=4 ex=0 bad=0 hits=0 t=0s
  F1 c6/c8: кривая не построена (нет точки на квартике)
  F2 c2/c3: кривая не построена (нет точки на квартике)
  F2 c2/c5: кривая не построена (нет точки на квартике)
  F2 c2/c6: нет рациональной точки для коники
  F2 c2/c8: кривая не построена (нет точки на квартике)
  F2 c3/c5@t0=3: rank[1,1] g=1 src=pari sat=1 tors=4 st=124 hmax=817 pr=50 surv=4 ex=0 bad=0 hits=0 t=0s
  F2 c3/c6: кривая не построена (нет точки на квартике)
  F2 c3/c8@t0=3: rank[2,2] g=2 src=pari sat=1 tors=4 st=1668 hmax=895 pr=50 surv=4 ex=0 bad=0 hits=0 t=0s
  F2 c5/c6: кривая не построена (нет точки на квартике)
  F2 c5/c8@t0=3: rank[1,1] g=1 src=pari sat=1 tors=4 st=124 hmax=891 pr=50 surv=4 ex=0 bad=0 hits=0 t=0s
  F2 c6/c8: кривая не построена (нет точки на квартике)
  F3 c1/c3: нет рациональной точки для коники
  F3 c1/c5: нет рациональной точки для коники
  F3 c1/c6: кривая не построена (нет точки на квартике)
  F3 c1/c7: нет рациональной точки для коники
  F3 c3/c5: нет рациональной точки для коники
  F3 c3/c6: кривая не построена (нет точки на квартике)
  F3 c3/c7: нет рациональной точки для коники
  F3 c5/c6: кривая не построена (нет точки на квартике)
  F3 c5/c7: нет рациональной точки для коники
  F3 c6/c7: кривая не построена (нет точки на квартике)
  F4 c2/c3: кривая не построена (нет точки на квартике)
  F4 c2/c5: кривая не построена (нет точки на квартике)
  F4 c2/c6: нет рациональной точки для коники
  F4 c2/c7: кривая не построена (нет точки на квартике)
  F4 c3/c5@t0=3: rank[2,2] g=2 src=pari sat=1 tors=4 st=2148 hmax=899 pr=50 surv=4 ex=0 bad=0 hits=0 t=0s
  F4 c3/c6: кривая не построена (нет точки на квартике)
  F4 c3/c7@t0=3: rank[2,2] g=2 src=pari sat=1 tors=4 st=2148 hmax=899 pr=50 surv=4 ex=0 bad=0 hits=0 t=0s
  F4 c5/c6: кривая не построена (нет точки на квартике)
  F4 c5/c7@t0=3: rank[2,2] g=2 src=pari sat=1 tors=4 st=2524 hmax=898 pr=50 surv=4 ex=0 bad=0 hits=0 t=0s
  F4 c6/c7: кривая не построена (нет точки на квартике)
== (P,Q)=(44,5) C=1961/2 non
  F1 c0/c2: кривая не построена (нет точки на квартике)
  F1 c0/c3@t0=5: rank[2,2] g=2 src=pari sat=1 tors=4 st=3932 hmax=900 pr=50 surv=4 ex=0 bad=0 hits=0 t=0s
  F1 c0/c6: кривая не построена (нет точки на квартике)
  F1 c0/c8@t0=5: rank[3,3] g=3 src=pari sat=1 tors=4 st=9604 hmax=291 pr=50 surv=4 ex=0 bad=0 hits=0 t=0s
  F1 c3/c2@t0=5: rank[2,2] g=2 src=pari sat=1 tors=4 st=3932 hmax=900 pr=50 surv=2 ex=0 bad=0 hits=0 t=0s
  F1 c2/c6@t0=44: rank[1,1] g=1 src=pari sat=1 tors=4 st=124 hmax=854 pr=50 surv=4 ex=0 bad=0 hits=0 t=0s
  F1 c2/c8: кривая не построена (нет точки на квартике)
  F1 c3/c6@t0=5: rank[2,2] g=2 src=pari sat=1 tors=4 st=1924 hmax=899 pr=50 surv=2 ex=0 bad=0 hits=0 t=0s
  F1 c3/c8@t0=5: rank[2,2] g=2 src=pari sat=1 tors=4 st=1924 hmax=899 pr=50 surv=4 ex=0 bad=0 hits=0 t=0s
  F1 c6/c8: кривая не построена (нет точки на квартике)
  F2 c2/c3: кривая не построена (нет точки на квартике)
  F2 c2/c5: кривая не построена (нет точки на квартике)
  F2 c2/c6: нет рациональной точки для коники
  F2 c2/c8: кривая не построена (нет точки на квартике)
  F2 c3/c5@t0=5: rank[2,2] g=2 src=pari sat=1 tors=4 st=3932 hmax=900 pr=50 surv=4 ex=0 bad=0 hits=0 t=0s
  F2 c3/c6: кривая не построена (нет точки на квартике)
  F2 c3/c8@t0=5: rank[1,1] g=1 src=pari sat=1 tors=4 st=124 hmax=854 pr=50 surv=4 ex=0 bad=0 hits=0 t=0s
  F2 c5/c6: кривая не построена (нет точки на квартике)
  F2 c5/c8@t0=5: rank[3,3] g=3 src=pari sat=1 tors=4 st=9604 hmax=291 pr=50 surv=4 ex=0 bad=0 hits=0 t=1s
  F2 c6/c8: кривая не построена (нет точки на квартике)
  F3 c1/c3: нет рациональной точки для коники
  F3 c1/c5: нет рациональной точки для коники
  F3 c1/c6: кривая не построена (нет точки на квартике)
  F3 c1/c7: нет рациональной точки для коники
  F3 c3/c5: нет рациональной точки для коники
  F3 c3/c6: кривая не построена (нет точки на квартике)
  F3 c3/c7: нет рациональной точки для коники
  F3 c5/c6: кривая не построена (нет точки на квартике)
  F3 c5/c7: нет рациональной точки для коники
  F3 c6/c7: кривая не построена (нет точки на квартике)
  F4 c2/c3: кривая не построена (нет точки на квартике)
  F4 c2/c5: кривая не построена (нет точки на квартике)
  F4 c2/c6: нет рациональной точки для коники
  F4 c2/c7: кривая не построена (нет точки на квартике)
  F4 c3/c5@t0=5: rank[2,2] g=2 src=pari sat=1 tors=4 st=3668 hmax=899 pr=50 surv=4 ex=0 bad=0 hits=0 t=1s
  F4 c3/c6: кривая не построена (нет точки на квартике)
  F4 c3/c7@t0=5: rank[2,2] g=2 src=pari sat=1 tors=4 st=3668 hmax=899 pr=50 surv=4 ex=0 bad=0 hits=0 t=0s
  F4 c5/c6@t0=5: rank[1,1] g=1 src=pari sat=1 tors=4 st=132 hmax=839 pr=50 surv=6 ex=0 bad=0 hits=0 t=0s
  F4 c5/c7@t0=5: rank[3,3] g=3 src=pari sat=1 tors=4 st=9492 hmax=172 pr=50 surv=4 ex=0 bad=0 hits=0 t=0s
  F4 c6/c7: кривая не построена (нет точки на квартике)
== (P,Q)=(44,7) C=1985/2 non
  F1 c0/c2: кривая не построена (нет точки на квартике)
  F1 c0/c3@t0=7: rank[2,2] g=2 src=pari sat=1 tors=4 st=3100 hmax=899 pr=50 surv=4 ex=0 bad=0 hits=0 t=0s
  F1 c0/c6: кривая не построена (нет точки на квартике)
  F1 c0/c8@t0=7: rank[1,1] g=1 src=pari sat=1 tors=4 st=116 hmax=785 pr=50 surv=4 ex=0 bad=0 hits=0 t=0s
  F1 c3/c2@t0=7: rank[2,2] g=2 src=pari sat=1 tors=4 st=3100 hmax=899 pr=50 surv=2 ex=0 bad=0 hits=0 t=0s
  F1 c2/c6@t0=44: rank[2,2] g=2 src=pari sat=1 tors=4 st=1676 hmax=888 pr=50 surv=4 ex=0 bad=0 hits=0 t=1s
  F1 c2/c8: кривая не построена (нет точки на квартике)
  F1 c3/c6@t0=7: rank[1,1] g=1 src=pari sat=1 tors=4 st=116 hmax=812 pr=50 surv=2 ex=0 bad=0 hits=0 t=1s
  F1 c3/c8@t0=7: rank[1,1] g=1 src=pari sat=1 tors=4 st=116 hmax=812 pr=50 surv=4 ex=0 bad=0 hits=0 t=0s
  F1 c6/c8: кривая не построена (нет точки на квартике)
  F2 c2/c3: кривая не построена (нет точки на квартике)
  F2 c2/c5: кривая не построена (нет точки на квартике)
  F2 c2/c6: нет рациональной точки для коники
  F2 c2/c8: кривая не построена (нет точки на квартике)
  F2 c3/c5@t0=7: rank[2,2] g=2 src=pari sat=1 tors=4 st=3100 hmax=899 pr=50 surv=4 ex=0 bad=0 hits=0 t=0s
  F2 c3/c6: кривая не построена (нет точки на квартике)
  F2 c3/c8@t0=7: rank[2,2] g=2 src=pari sat=1 tors=4 st=1676 hmax=888 pr=50 surv=4 ex=0 bad=0 hits=0 t=0s
  F2 c5/c6: кривая не построена (нет точки на квартике)
  F2 c5/c8@t0=7: rank[1,1] g=1 src=pari sat=1 tors=4 st=116 hmax=785 pr=50 surv=4 ex=0 bad=0 hits=0 t=0s
  F2 c6/c8: кривая не построена (нет точки на квартике)
  F3 c1/c3: нет рациональной точки для коники
  F3 c1/c5: нет рациональной точки для коники
  F3 c1/c6: кривая не построена (нет точки на квартике)
  F3 c1/c7: нет рациональной точки для коники
  F3 c3/c5: нет рациональной точки для коники
  F3 c3/c6: кривая не построена (нет точки на квартике)
  F3 c3/c7: нет рациональной точки для коники
  F3 c5/c6: кривая не построена (нет точки на квартике)
  F3 c5/c7: нет рациональной точки для коники
  F3 c6/c7: кривая не построена (нет точки на квартике)
  F4 c2/c3: кривая не построена (нет точки на квартике)
  F4 c2/c5: кривая не построена (нет точки на квартике)
  F4 c2/c6: нет рациональной точки для коники
  F4 c2/c7: кривая не построена (нет точки на квартике)
  F4 c3/c5@t0=7: rank[1,1] g=1 src=pari sat=1 tors=4 st=116 hmax=810 pr=50 surv=4 ex=0 bad=0 hits=0 t=0s
  F4 c3/c6: кривая не построена (нет точки на квартике)
  F4 c3/c7@t0=7: rank[1,1] g=1 src=pari sat=1 tors=4 st=116 hmax=810 pr=50 surv=4 ex=0 bad=0 hits=0 t=0s
  F4 c5/c6: кривая не построена (нет точки на квартике)
  F4 c5/c7@t0=7: rank[1,1] g=1 src=pari sat=1 tors=4 st=132 hmax=883 pr=50 surv=4 ex=0 bad=0 hits=0 t=0s
  F4 c6/c7: кривая не построена (нет точки на квартике)
== (P,Q)=(44,9) C=2017/2 non
  F1 c0/c2: кривая не построена (нет точки на квартике)
  F1 c0/c3@t0=9: rank[2,2] g=2 src=pari sat=1 tors=4 st=2700 hmax=891 pr=50 surv=4 ex=0 bad=0 hits=0 t=0s
  F1 c0/c6: кривая не построена (нет точки на квартике)
  F1 c0/c8@t0=9: rank[1,1] g=1 src=pari sat=1 tors=4 st=116 hmax=788 pr=50 surv=4 ex=0 bad=0 hits=0 t=0s
  F1 c3/c2@t0=9: rank[2,2] g=2 src=pari sat=1 tors=4 st=2700 hmax=891 pr=50 surv=2 ex=0 bad=0 hits=0 t=0s
  F1 c2/c6@t0=44: rank[1,3] g=1 INC src=pari+mw sat=1 tors=4 st=124 hmax=860 pr=50 surv=4 ex=0 bad=0 hits=0 t=9s
  F1 c2/c8: кривая не построена (нет точки на квартике)
  F1 c3/c6@t0=9: rank[2,2] g=2 src=pari sat=1 tors=4 st=1604 hmax=899 pr=50 surv=2 ex=0 bad=0 hits=0 t=0s
  F1 c3/c8@t0=9: rank[2,2] g=2 src=pari sat=1 tors=4 st=1604 hmax=899 pr=50 surv=4 ex=0 bad=0 hits=0 t=0s
  F1 c6/c8: кривая не построена (нет точки на квартике)
  F2 c2/c3: кривая не построена (нет точки на квартике)
  F2 c2/c5: кривая не построена (нет точки на квартике)
  F2 c2/c6: нет рациональной точки для коники
  F2 c2/c8: кривая не построена (нет точки на квартике)
  F2 c3/c5@t0=9: rank[2,2] g=2 src=pari sat=1 tors=4 st=2700 hmax=891 pr=50 surv=4 ex=0 bad=0 hits=0 t=0s
  F2 c3/c6: кривая не построена (нет точки на квартике)
  F2 c3/c8@t0=9: rank[1,3] g=1 INC src=pari+mw sat=1 tors=4 st=124 hmax=860 pr=50 surv=4 ex=0 bad=0 hits=0 t=0s
  F2 c5/c6: кривая не построена (нет точки на квартике)
  F2 c5/c8@t0=9: rank[1,1] g=1 src=pari sat=1 tors=4 st=116 hmax=788 pr=50 surv=4 ex=0 bad=0 hits=0 t=0s
  F2 c6/c8: кривая не построена (нет точки на квартике)
  F3 c1/c3: нет рациональной точки для коники
  F3 c1/c5: нет рациональной точки для коники
  F3 c1/c6: кривая не построена (нет точки на квартике)
  F3 c1/c7: нет рациональной точки для коники
  F3 c3/c5: нет рациональной точки для коники
  F3 c3/c6: кривая не построена (нет точки на квартике)
  F3 c3/c7: нет рациональной точки для коники
  F3 c5/c6: кривая не построена (нет точки на квартике)
  F3 c5/c7: нет рациональной точки для коники
  F3 c6/c7: кривая не построена (нет точки на квартике)
  F4 c2/c3: кривая не построена (нет точки на квартике)
  F4 c2/c5: кривая не построена (нет точки на квартике)
  F4 c2/c6: нет рациональной точки для коники
  F4 c2/c7: кривая не построена (нет точки на квартике)
  F4 c3/c5@t0=9: rank[2,2] g=2 src=pari sat=1 tors=4 st=1244 hmax=888 pr=50 surv=4 ex=0 bad=0 hits=0 t=0s
  F4 c3/c6: кривая не построена (нет точки на квартике)
  F4 c3/c7@t0=9: rank[2,2] g=2 src=pari sat=1 tors=4 st=1244 hmax=888 pr=50 surv=4 ex=0 bad=0 hits=0 t=0s
  F4 c5/c6: кривая не построена (нет точки на квартике)
  F4 c5/c7@t0=9: rank[2,2] g=2 src=pari sat=1 tors=4 st=1972 hmax=897 pr=50 surv=4 ex=0 bad=0 hits=0 t=0s
  F4 c6/c7: кривая не построена (нет точки на квартике)
== (P,Q)=(44,13) C=2105/2 non
  F1 c0/c2: кривая не построена (нет точки на квартике)
  F1 c0/c3@t0=13: rank[2,2] g=2 src=pari sat=1 tors=4 st=2004 hmax=900 pr=50 surv=4 ex=0 bad=0 hits=0 t=0s
  F1 c0/c6: кривая не построена (нет точки на квартике)
  F1 c0/c8@t0=13: rank[1,1] g=1 src=pari sat=1 tors=4 st=116 hmax=795 pr=50 surv=4 ex=0 bad=0 hits=0 t=0s
  F1 c3/c2@t0=13: rank[2,2] g=2 src=pari sat=1 tors=4 st=2004 hmax=900 pr=50 surv=2 ex=0 bad=0 hits=0 t=0s
  F1 c2/c6@t0=44: rank[1,1] g=1 src=pari sat=1 tors=4 st=124 hmax=869 pr=50 surv=4 ex=0 bad=0 hits=0 t=0s
  F1 c2/c8: кривая не построена (нет точки на квартике)
  F1 c3/c6@t0=13: rank[2,2] g=2 src=pari sat=1 tors=4 st=1572 hmax=885 pr=50 surv=2 ex=0 bad=0 hits=0 t=0s
  F1 c3/c8@t0=13: rank[2,2] g=2 src=pari sat=1 tors=4 st=1572 hmax=885 pr=50 surv=4 ex=0 bad=0 hits=0 t=0s
  F1 c6/c8: кривая не построена (нет точки на квартике)
  F2 c2/c3: кривая не построена (нет точки на квартике)
  F2 c2/c5: кривая не построена (нет точки на квартике)
  F2 c2/c6: нет рациональной точки для коники
  F2 c2/c8: кривая не построена (нет точки на квартике)
  F2 c3/c5@t0=13: rank[2,2] g=2 src=pari sat=1 tors=4 st=2004 hmax=900 pr=50 surv=4 ex=0 bad=0 hits=0 t=0s
  F2 c3/c6: кривая не построена (нет точки на квартике)
  F2 c3/c8@t0=13: rank[1,1] g=1 src=pari sat=1 tors=4 st=124 hmax=869 pr=50 surv=4 ex=0 bad=0 hits=0 t=0s
  F2 c5/c6: кривая не построена (нет точки на квартике)
  F2 c5/c8@t0=13: rank[1,1] g=1 src=pari sat=1 tors=4 st=116 hmax=795 pr=50 surv=4 ex=0 bad=0 hits=0 t=0s
  F2 c6/c8: кривая не построена (нет точки на квартике)
  F3 c1/c3: нет рациональной точки для коники
  F3 c1/c5: нет рациональной точки для коники
  F3 c1/c6: кривая не построена (нет точки на квартике)
  F3 c1/c7: нет рациональной точки для коники
  F3 c3/c5: нет рациональной точки для коники
  F3 c3/c6: кривая не построена (нет точки на квартике)
  F3 c3/c7: нет рациональной точки для коники
  F3 c5/c6: кривая не построена (нет точки на квартике)
  F3 c5/c7: нет рациональной точки для коники
  F3 c6/c7: кривая не построена (нет точки на квартике)
  F4 c2/c3: кривая не построена (нет точки на квартике)
  F4 c2/c5: кривая не построена (нет точки на квартике)
  F4 c2/c6: нет рациональной точки для коники
  F4 c2/c7: кривая не построена (нет точки на квартике)
  F4 c3/c5@t0=13: rank[2,2] g=2 src=pari sat=1 tors=4 st=2988 hmax=899 pr=50 surv=4 ex=0 bad=0 hits=0 t=0s
  F4 c3/c6: кривая не построена (нет точки на квартике)
  F4 c3/c7@t0=13: rank[2,2] g=2 src=pari sat=1 tors=4 st=2988 hmax=899 pr=50 surv=4 ex=0 bad=0 hits=0 t=0s
  F4 c5/c6@t0=13: rank[1,1] g=1 src=pari sat=1 tors=4 st=132 hmax=850 pr=50 surv=6 ex=0 bad=0 hits=0 t=0s
  F4 c5/c7@t0=13: rank[3,3] g=3 src=pari sat=1 tors=4 st=9580 hmax=247 pr=50 surv=4 ex=0 bad=0 hits=0 t=0s
  F4 c6/c7: кривая не построена (нет точки на квартике)
== (P,Q)=(44,15) C=2161/2 non
  F1 c0/c2: кривая не построена (нет точки на квартике)
  F1 c0/c3@t0=15: rank[2,2] g=2 src=pari sat=1 tors=4 st=2732 hmax=900 pr=50 surv=4 ex=0 bad=0 hits=0 t=0s
  F1 c0/c6: кривая не построена (нет точки на квартике)
  F1 c0/c8@t0=15: rank[1,1] g=1 src=pari sat=1 tors=4 st=116 hmax=798 pr=50 surv=4 ex=0 bad=0 hits=0 t=0s
  F1 c3/c2@t0=15: rank[2,2] g=2 src=pari sat=1 tors=4 st=2732 hmax=900 pr=50 surv=2 ex=0 bad=0 hits=0 t=0s
  F1 c2/c6@t0=44: rank[3,3] g=3 src=pari sat=1 tors=4 st=9596 hmax=484 pr=50 surv=4 ex=0 bad=0 hits=0 t=0s
  F1 c2/c8: кривая не построена (нет точки на квартике)
  F1 c3/c6@t0=15: rank[2,2] g=2 src=pari+mw sat=1 tors=4 st=1492 hmax=897 pr=50 surv=2 ex=0 bad=0 hits=0 t=0s
  F1 c3/c8@t0=15: rank[2,2] g=2 src=pari+mw sat=1 tors=4 st=1492 hmax=897 pr=50 surv=4 ex=0 bad=0 hits=0 t=0s
  F1 c6/c8: кривая не построена (нет точки на квартике)
  F2 c2/c3: кривая не построена (нет точки на квартике)
  F2 c2/c5: кривая не построена (нет точки на квартике)
  F2 c2/c6: нет рациональной точки для коники
  F2 c2/c8: кривая не построена (нет точки на квартике)
  F2 c3/c5@t0=15: rank[2,2] g=2 src=pari sat=1 tors=4 st=2732 hmax=900 pr=50 surv=4 ex=0 bad=0 hits=0 t=0s
  F2 c3/c6: кривая не построена (нет точки на квартике)
  F2 c3/c8@t0=15: rank[3,3] g=3 src=pari sat=1 tors=4 st=9596 hmax=484 pr=50 surv=4 ex=0 bad=0 hits=0 t=0s
  F2 c5/c6: кривая не построена (нет точки на квартике)
  F2 c5/c8@t0=15: rank[1,1] g=1 src=pari sat=1 tors=4 st=116 hmax=798 pr=50 surv=4 ex=0 bad=0 hits=0 t=0s
  F2 c6/c8: кривая не построена (нет точки на квартике)
  F3 c1/c3: нет рациональной точки для коники
  F3 c1/c5: нет рациональной точки для коники
  F3 c1/c6: кривая не построена (нет точки на квартике)
  F3 c1/c7: нет рациональной точки для коники
  F3 c3/c5: нет рациональной точки для коники
  F3 c3/c6: кривая не построена (нет точки на квартике)
  F3 c3/c7: нет рациональной точки для коники
  F3 c5/c6: кривая не построена (нет точки на квартике)
  F3 c5/c7: нет рациональной точки для коники
  F3 c6/c7: кривая не построена (нет точки на квартике)
  F4 c2/c3: кривая не построена (нет точки на квартике)
  F4 c2/c5: кривая не построена (нет точки на квартике)
  F4 c2/c6: нет рациональной точки для коники
  F4 c2/c7: кривая не построена (нет точки на квартике)
  F4 c3/c5@t0=15: rank[2,2] g=2 src=pari sat=1 tors=4 st=2604 hmax=897 pr=50 surv=4 ex=0 bad=0 hits=0 t=0s
  F4 c3/c6: кривая не построена (нет точки на квартике)
  F4 c3/c7@t0=15: rank[2,2] g=2 src=pari sat=1 tors=4 st=2604 hmax=897 pr=50 surv=4 ex=0 bad=0 hits=0 t=0s
  F4 c5/c6: кривая не построена (нет точки на квартике)
  F4 c5/c7@t0=15: rank[1,1] g=1 src=pari sat=1 tors=4 st=132 hmax=893 pr=50 surv=4 ex=0 bad=0 hits=0 t=0s
  F4 c6/c7: кривая не построена (нет точки на квартике)
== (P,Q)=(44,17) C=2225/2 non
  F1 c0/c2: кривая не построена (нет точки на квартике)
  F1 c0/c3@t0=17: rank[2,2] g=2 src=pari sat=1 tors=4 st=2684 hmax=900 pr=50 surv=4 ex=0 bad=0 hits=0 t=0s
  F1 c0/c6: кривая не построена (нет точки на квартике)
  F1 c0/c8@t0=17: rank[2,2] g=2 src=pari sat=1 tors=4 st=4820 hmax=900 pr=50 surv=4 ex=0 bad=0 hits=0 t=0s
  F1 c3/c2@t0=17: rank[2,2] g=2 src=pari sat=1 tors=4 st=2684 hmax=900 pr=50 surv=2 ex=0 bad=0 hits=0 t=0s
  F1 c2/c6@t0=44: rank[1,1] g=1 src=pari sat=1 tors=4 st=124 hmax=879 pr=50 surv=4 ex=0 bad=0 hits=0 t=0s
  F1 c2/c8: кривая не построена (нет точки на квартике)
  F1 c3/c6@t0=17: rank[3,3] g=3 src=pari sat=1 tors=4 st=9604 hmax=288 pr=50 surv=2 ex=0 bad=0 hits=0 t=0s
  F1 c3/c8@t0=17: rank[3,3] g=3 src=pari sat=1 tors=4 st=9604 hmax=288 pr=50 surv=4 ex=0 bad=0 hits=0 t=0s
  F1 c6/c8: кривая не построена (нет точки на квартике)
  F2 c2/c3: кривая не построена (нет точки на квартике)
  F2 c2/c5: кривая не построена (нет точки на квартике)
  F2 c2/c6: нет рациональной точки для коники
  F2 c2/c8: кривая не построена (нет точки на квартике)
  F2 c3/c5@t0=17: rank[2,2] g=2 src=pari sat=1 tors=4 st=2684 hmax=900 pr=50 surv=4 ex=0 bad=0 hits=0 t=0s
  F2 c3/c6: кривая не построена (нет точки на квартике)
  F2 c3/c8@t0=17: rank[1,1] g=1 src=pari sat=1 tors=4 st=124 hmax=879 pr=50 surv=4 ex=0 bad=0 hits=0 t=0s
  F2 c5/c6: кривая не построена (нет точки на квартике)
  F2 c5/c8@t0=17: rank[2,2] g=2 src=pari sat=1 tors=4 st=4820 hmax=900 pr=50 surv=4 ex=0 bad=0 hits=0 t=0s
  F2 c6/c8: кривая не построена (нет точки на квартике)
  F3 c1/c3: нет рациональной точки для коники
  F3 c1/c5: нет рациональной точки для коники
  F3 c1/c6: кривая не построена (нет точки на квартике)
  F3 c1/c7: нет рациональной точки для коники
  F3 c3/c5: нет рациональной точки для коники
  F3 c3/c6: кривая не построена (нет точки на квартике)
  F3 c3/c7: нет рациональной точки для коники
  F3 c5/c6: кривая не построена (нет точки на квартике)
  F3 c5/c7: нет рациональной точки для коники
  F3 c6/c7: кривая не построена (нет точки на квартике)
  F4 c2/c3: кривая не построена (нет точки на квартике)
  F4 c2/c5: кривая не построена (нет точки на квартике)
  F4 c2/c6: нет рациональной точки для коники
  F4 c2/c7: кривая не построена (нет точки на квартике)
  F4 c3/c5@t0=17: rank[2,2] g=2 src=pari sat=1 tors=4 st=2852 hmax=898 pr=50 surv=4 ex=0 bad=0 hits=0 t=0s
  F4 c3/c6: кривая не построена (нет точки на квартике)
  F4 c3/c7@t0=17: rank[2,2] g=2 src=pari sat=1 tors=4 st=2852 hmax=898 pr=50 surv=4 ex=0 bad=0 hits=0 t=0s
  F4 c5/c6@t0=17: rank[1,1] g=1 src=pari sat=1 tors=4 st=108 hmax=870 pr=50 surv=6 ex=0 bad=0 hits=0 t=0s
  F4 c5/c7@t0=17: rank[1,1] g=1 src=pari sat=1 tors=4 st=132 hmax=896 pr=50 surv=4 ex=0 bad=0 hits=0 t=0s
  F4 c6/c7: кривая не построена (нет точки на квартике)
== (P,Q)=(44,19) C=2297/2 non
  F1 c0/c2: кривая не построена (нет точки на квартике)
  F1 c0/c3@t0=19: rank[1,1] g=1 src=pari sat=1 tors=4 st=124 hmax=858 pr=50 surv=4 ex=0 bad=0 hits=0 t=0s
  F1 c0/c6: кривая не построена (нет точки на квартике)
  F1 c0/c8@t0=19: rank[2,2] g=2 src=pari sat=1 tors=4 st=1820 hmax=899 pr=50 surv=4 ex=0 bad=0 hits=0 t=0s
  F1 c3/c2@t0=19: rank[1,1] g=1 src=pari sat=1 tors=4 st=124 hmax=858 pr=50 surv=2 ex=0 bad=0 hits=0 t=0s
  F1 c2/c6@t0=44: rank[2,2] g=2 src=pari sat=1 tors=4 st=2140 hmax=897 pr=50 surv=4 ex=0 bad=0 hits=0 t=0s
  F1 c2/c8: кривая не построена (нет точки на квартике)
  F1 c3/c6@t0=19: rank[3,3] g=3 src=pari sat=1 tors=4 st=9588 hmax=340 pr=50 surv=2 ex=0 bad=0 hits=0 t=0s
  F1 c3/c8@t0=19: rank[3,3] g=3 src=pari sat=1 tors=4 st=9588 hmax=340 pr=50 surv=4 ex=0 bad=0 hits=0 t=0s
  F1 c6/c8: кривая не построена (нет точки на квартике)
  F2 c2/c3: кривая не построена (нет точки на квартике)
  F2 c2/c5: кривая не построена (нет точки на квартике)
  F2 c2/c6: нет рациональной точки для коники
  F2 c2/c8: кривая не построена (нет точки на квартике)
  F2 c3/c5@t0=19: rank[1,1] g=1 src=pari sat=1 tors=4 st=124 hmax=858 pr=50 surv=4 ex=0 bad=0 hits=0 t=0s
  F2 c3/c6: кривая не построена (нет точки на квартике)
  F2 c3/c8@t0=19: rank[2,2] g=2 src=pari sat=1 tors=4 st=2140 hmax=897 pr=50 surv=4 ex=0 bad=0 hits=0 t=0s
  F2 c5/c6: кривая не построена (нет точки на квартике)
  F2 c5/c8@t0=19: rank[2,2] g=2 src=pari sat=1 tors=4 st=1820 hmax=899 pr=50 surv=4 ex=0 bad=0 hits=0 t=0s
  F2 c6/c8: кривая не построена (нет точки на квартике)
  F3 c1/c3: нет рациональной точки для коники
  F3 c1/c5: нет рациональной точки для коники
  F3 c1/c6: кривая не построена (нет точки на квартике)
  F3 c1/c7: нет рациональной точки для коники
  F3 c3/c5: нет рациональной точки для коники
  F3 c3/c6: кривая не построена (нет точки на квартике)
  F3 c3/c7: нет рациональной точки для коники
  F3 c5/c6: кривая не построена (нет точки на квартике)
  F3 c5/c7: нет рациональной точки для коники
  F3 c6/c7: кривая не построена (нет точки на квартике)
  F4 c2/c3: кривая не построена (нет точки на квартике)
  F4 c2/c5: кривая не построена (нет точки на квартике)
  F4 c2/c6: нет рациональной точки для коники
  F4 c2/c7: кривая не построена (нет точки на квартике)
  F4 c3/c5@t0=19: rank[2,2] g=2 src=pari sat=1 tors=4 st=1356 hmax=888 pr=50 surv=4 ex=0 bad=0 hits=0 t=0s
  F4 c3/c6: кривая не построена (нет точки на квартике)
  F4 c3/c7@t0=19: rank[2,2] g=2 src=pari sat=1 tors=4 st=1356 hmax=888 pr=50 surv=4 ex=0 bad=0 hits=0 t=0s
  F4 c5/c6@t0=19: rank[1,1] g=1 src=pari sat=1 tors=4 st=164 hmax=854 pr=50 surv=6 ex=0 bad=0 hits=0 t=0s
  F4 c5/c7@t0=19: rank[2,2] g=2 src=pari sat=1 tors=4 st=2348 hmax=900 pr=50 surv=4 ex=0 bad=0 hits=0 t=0s
  F4 c6/c7: кривая не построена (нет точки на квартике)
== (P,Q)=(44,21) C=2377/2 non
  F1 c0/c2: кривая не построена (нет точки на квартике)
  F1 c0/c3@t0=21: rank[1,1] g=1 src=pari sat=1 tors=4 st=124 hmax=864 pr=50 surv=4 ex=0 bad=0 hits=0 t=0s
  F1 c0/c6: кривая не построена (нет точки на квартике)
  F1 c0/c8@t0=21: rank[2,2] g=2 src=pari sat=1 tors=4 st=2676 hmax=899 pr=50 surv=4 ex=0 bad=0 hits=0 t=0s
  F1 c3/c2@t0=21: rank[1,1] g=1 src=pari sat=1 tors=4 st=124 hmax=864 pr=50 surv=2 ex=0 bad=0 hits=0 t=0s
  F1 c2/c6@t0=44: rank[1,1] g=1 src=pari sat=1 tors=4 st=124 hmax=892 pr=50 surv=4 ex=0 bad=0 hits=0 t=0s
  F1 c2/c8: кривая не построена (нет точки на квартике)
  F1 c3/c6@t0=21: rank[2,2] g=2 src=pari sat=1 tors=4 st=1068 hmax=898 pr=50 surv=2 ex=0 bad=0 hits=0 t=0s
  F1 c3/c8@t0=21: rank[2,2] g=2 src=pari sat=1 tors=4 st=1068 hmax=898 pr=50 surv=4 ex=0 bad=0 hits=0 t=0s
  F1 c6/c8: кривая не построена (нет точки на квартике)
  F2 c2/c3: кривая не построена (нет точки на квартике)
  F2 c2/c5: кривая не построена (нет точки на квартике)
  F2 c2/c6: нет рациональной точки для коники
  F2 c2/c8: кривая не построена (нет точки на квартике)
  F2 c3/c5@t0=21: rank[1,1] g=1 src=pari sat=1 tors=4 st=124 hmax=864 pr=50 surv=4 ex=0 bad=0 hits=0 t=0s
  F2 c3/c6: кривая не построена (нет точки на квартике)
  F2 c3/c8@t0=21: rank[1,1] g=1 src=pari sat=1 tors=4 st=124 hmax=892 pr=50 surv=4 ex=0 bad=0 hits=0 t=0s
  F2 c5/c6: кривая не построена (нет точки на квартике)
  F2 c5/c8@t0=21: rank[2,2] g=2 src=pari sat=1 tors=4 st=2676 hmax=899 pr=50 surv=4 ex=0 bad=0 hits=0 t=0s
  F2 c6/c8: кривая не построена (нет точки на квартике)
  F3 c1/c3: нет рациональной точки для коники
  F3 c1/c5: нет рациональной точки для коники
  F3 c1/c6: кривая не построена (нет точки на квартике)
  F3 c1/c7: нет рациональной точки для коники
  F3 c3/c5: нет рациональной точки для коники
  F3 c3/c6: кривая не построена (нет точки на квартике)
  F3 c3/c7: нет рациональной точки для коники
  F3 c5/c6: кривая не построена (нет точки на квартике)
  F3 c5/c7: нет рациональной точки для коники
  F3 c6/c7: кривая не построена (нет точки на квартике)
  F4 c2/c3: кривая не построена (нет точки на квартике)
  F4 c2/c5: кривая не построена (нет точки на квартике)
  F4 c2/c6: нет рациональной точки для коники
  F4 c2/c7: кривая не построена (нет точки на квартике)
  F4 c3/c5@t0=21: rank[2,2] g=2 src=pari sat=1 tors=4 st=1980 hmax=897 pr=50 surv=4 ex=0 bad=0 hits=0 t=0s
  F4 c3/c6: кривая не построена (нет точки на квартике)
  F4 c3/c7@t0=21: rank[2,2] g=2 src=pari sat=1 tors=4 st=1980 hmax=897 pr=50 surv=4 ex=0 bad=0 hits=0 t=0s
  F4 c5/c6@t0=21: rank[1,1] g=1 src=pari sat=1 tors=4 st=140 hmax=869 pr=50 surv=6 ex=0 bad=0 hits=0 t=0s
  F4 c5/c7@t0=21: rank[2,2] g=2 src=pari sat=1 tors=4 st=1604 hmax=891 pr=50 surv=4 ex=0 bad=0 hits=0 t=0s
  F4 c6/c7: кривая не построена (нет точки на квартике)
== (P,Q)=(44,23) C=2465/2 non
  F1 c0/c2: кривая не построена (нет точки на квартике)
  F1 c0/c3@t0=23: rank[2,2] g=2 src=pari sat=1 tors=4 st=4292 hmax=898 pr=50 surv=4 ex=0 bad=0 hits=0 t=0s
  F1 c0/c6: кривая не построена (нет точки на квартике)
  F1 c0/c8@t0=23: rank[2,2] g=2 src=pari sat=1 tors=4 st=2340 hmax=898 pr=50 surv=4 ex=0 bad=0 hits=0 t=0s
  F1 c3/c2@t0=23: rank[2,2] g=2 src=pari sat=1 tors=4 st=4292 hmax=898 pr=50 surv=2 ex=0 bad=0 hits=0 t=0s
  F1 c2/c6@t0=44: rank[2,2] g=2 src=pari sat=1 tors=4 st=2876 hmax=900 pr=50 surv=4 ex=0 bad=0 hits=0 t=0s
  F1 c2/c8: кривая не построена (нет точки на квартике)
  F1 c3/c6@t0=23: rank[2,2] g=2 src=pari sat=1 tors=4 st=2716 hmax=896 pr=50 surv=2 ex=0 bad=0 hits=0 t=0s
  F1 c3/c8@t0=23: rank[2,2] g=2 src=pari sat=1 tors=4 st=2716 hmax=896 pr=50 surv=4 ex=0 bad=0 hits=0 t=0s
  F1 c6/c8: кривая не построена (нет точки на квартике)
  F2 c2/c3: кривая не построена (нет точки на квартике)
  F2 c2/c5: кривая не построена (нет точки на квартике)
  F2 c2/c6: нет рациональной точки для коники
  F2 c2/c8: кривая не построена (нет точки на квартике)
  F2 c3/c5@t0=23: rank[2,2] g=2 src=pari sat=1 tors=4 st=4292 hmax=898 pr=50 surv=4 ex=0 bad=0 hits=0 t=0s
  F2 c3/c6: кривая не построена (нет точки на квартике)
  F2 c3/c8@t0=23: rank[2,2] g=2 src=pari sat=1 tors=4 st=2876 hmax=900 pr=50 surv=4 ex=0 bad=0 hits=0 t=0s
  F2 c5/c6: кривая не построена (нет точки на квартике)
  F2 c5/c8@t0=23: rank[2,2] g=2 src=pari sat=1 tors=4 st=2340 hmax=898 pr=50 surv=4 ex=0 bad=0 hits=0 t=0s
  F2 c6/c8: кривая не построена (нет точки на квартике)
  F3 c1/c3: нет рациональной точки для коники
  F3 c1/c5: нет рациональной точки для коники
  F3 c1/c6: кривая не построена (нет точки на квартике)
  F3 c1/c7: нет рациональной точки для коники
  F3 c3/c5: нет рациональной точки для коники
  F3 c3/c6: кривая не построена (нет точки на квартике)
  F3 c3/c7: нет рациональной точки для коники
  F3 c5/c6: кривая не построена (нет точки на квартике)
  F3 c5/c7: нет рациональной точки для коники
  F3 c6/c7: кривая не построена (нет точки на квартике)
  F4 c2/c3: кривая не построена (нет точки на квартике)
  F4 c2/c5: кривая не построена (нет точки на квартике)
  F4 c2/c6: нет рациональной точки для коники
  F4 c2/c7: кривая не построена (нет точки на квартике)
  F4 c3/c5@t0=23: rank[2,2] g=2 src=pari sat=1 tors=4 st=3468 hmax=895 pr=50 surv=4 ex=0 bad=0 hits=0 t=0s
  F4 c3/c6: кривая не построена (нет точки на квартике)
  F4 c3/c7@t0=23: rank[2,2] g=2 src=pari sat=1 tors=4 st=3468 hmax=895 pr=50 surv=4 ex=0 bad=0 hits=0 t=0s
  F4 c5/c6@t0=23: rank[1,1] g=1 src=pari sat=1 tors=4 st=108 hmax=840 pr=50 surv=6 ex=0 bad=0 hits=0 t=0s
  F4 c5/c7@t0=23: rank[2,2] g=2 src=pari sat=1 tors=4 st=3348 hmax=900 pr=50 surv=4 ex=0 bad=0 hits=0 t=0s
  F4 c6/c7: кривая не построена (нет точки на квартике)
== (P,Q)=(44,25) C=2561/2 non
  F1 c0/c2: кривая не построена (нет точки на квартике)
  F1 c0/c3@t0=25: rank[2,2] g=2 src=pari sat=1 tors=4 st=1804 hmax=898 pr=50 surv=4 ex=0 bad=0 hits=0 t=0s
  F1 c0/c6: кривая не построена (нет точки на квартике)
  F1 c0/c8@t0=25: rank[2,2] g=2 src=pari sat=1 tors=4 st=1620 hmax=895 pr=50 surv=4 ex=0 bad=0 hits=0 t=0s
  F1 c3/c2@t0=25: rank[2,2] g=2 src=pari sat=1 tors=4 st=1804 hmax=898 pr=50 surv=2 ex=0 bad=0 hits=0 t=0s
  F1 c2/c6@t0=44: rank[1,1] g=1 src=pari sat=1 tors=4 st=116 hmax=788 pr=50 surv=4 ex=0 bad=0 hits=0 t=0s
  F1 c2/c8: кривая не построена (нет точки на квартике)
  F1 c3/c6@t0=25: rank[1,1] g=1 src=pari sat=1 tors=4 st=116 hmax=836 pr=50 surv=2 ex=0 bad=0 hits=0 t=0s
  F1 c3/c8@t0=25: rank[1,1] g=1 src=pari sat=1 tors=4 st=116 hmax=836 pr=50 surv=4 ex=0 bad=0 hits=0 t=0s
  F1 c6/c8: кривая не построена (нет точки на квартике)
  F2 c2/c3: кривая не построена (нет точки на квартике)
  F2 c2/c5: кривая не построена (нет точки на квартике)
  F2 c2/c6: нет рациональной точки для коники
  F2 c2/c8: кривая не построена (нет точки на квартике)
  F2 c3/c5@t0=25: rank[2,2] g=2 src=pari sat=1 tors=4 st=1804 hmax=898 pr=50 surv=4 ex=0 bad=0 hits=0 t=0s
  F2 c3/c6: кривая не построена (нет точки на квартике)
  F2 c3/c8@t0=25: rank[1,1] g=1 src=pari sat=1 tors=4 st=116 hmax=788 pr=50 surv=4 ex=0 bad=0 hits=0 t=0s
  F2 c5/c6: кривая не построена (нет точки на квартике)
  F2 c5/c8@t0=25: rank[2,2] g=2 src=pari sat=1 tors=4 st=1620 hmax=895 pr=50 surv=4 ex=0 bad=0 hits=0 t=0s
  F2 c6/c8: кривая не построена (нет точки на квартике)
  F3 c1/c3: нет рациональной точки для коники
  F3 c1/c5: нет рациональной точки для коники
  F3 c1/c6: кривая не построена (нет точки на квартике)
  F3 c1/c7: нет рациональной точки для коники
  F3 c3/c5: нет рациональной точки для коники
  F3 c3/c6: кривая не построена (нет точки на квартике)
  F3 c3/c7: нет рациональной точки для коники
  F3 c5/c6: кривая не построена (нет точки на квартике)
  F3 c5/c7: нет рациональной точки для коники
  F3 c6/c7: кривая не построена (нет точки на квартике)
  F4 c2/c3: кривая не построена (нет точки на квартике)
  F4 c2/c5: кривая не построена (нет точки на квартике)
  F4 c2/c6: нет рациональной точки для коники
  F4 c2/c7: кривая не построена (нет точки на квартике)
  F4 c3/c5@t0=25: rank[2,2] g=2 src=pari sat=1 tors=4 st=4140 hmax=899 pr=50 surv=4 ex=0 bad=0 hits=0 t=0s
  F4 c3/c6: кривая не построена (нет точки на квартике)
  F4 c3/c7@t0=25: rank[2,2] g=2 src=pari sat=1 tors=4 st=4140 hmax=899 pr=50 surv=4 ex=0 bad=0 hits=0 t=0s
  F4 c5/c6: кривая не построена (нет точки на квартике)
  F4 c5/c7@t0=25: rank[3,3] g=3 src=pari sat=1 tors=4 st=9532 hmax=222 pr=50 surv=4 ex=0 bad=0 hits=0 t=0s
  F4 c6/c7: кривая не построена (нет точки на квартике)
== (P,Q)=(44,27) C=2665/2 non
  F1 c0/c2: кривая не построена (нет точки на квартике)
  F1 c0/c3@t0=27: rank[2,2] g=2 src=pari sat=1 tors=4 st=2620 hmax=895 pr=50 surv=4 ex=0 bad=0 hits=0 t=0s
  F1 c0/c6: кривая не построена (нет точки на квартике)
  F1 c0/c8@t0=27: rank[1,1] g=1 src=pari sat=1 tors=4 st=116 hmax=816 pr=50 surv=4 ex=0 bad=0 hits=0 t=0s
  F1 c3/c2@t0=27: rank[2,2] g=2 src=pari sat=1 tors=4 st=2620 hmax=895 pr=50 surv=2 ex=0 bad=0 hits=0 t=0s
  F1 c2/c6@t0=44: rank[3,3] g=3 src=pari sat=1 tors=4 st=9468 hmax=383 pr=50 surv=4 ex=0 bad=0 hits=0 t=0s
  F1 c2/c8: кривая не построена (нет точки на квартике)
  F1 c3/c6@t0=27: rank[2,2] g=2 src=pari sat=1 tors=4 st=2532 hmax=899 pr=50 surv=2 ex=0 bad=0 hits=0 t=0s
  F1 c3/c8@t0=27: rank[2,2] g=2 src=pari sat=1 tors=4 st=2532 hmax=899 pr=50 surv=4 ex=0 bad=0 hits=0 t=0s
  F1 c6/c8: кривая не построена (нет точки на квартике)
  F2 c2/c3: кривая не построена (нет точки на квартике)
  F2 c2/c5: кривая не построена (нет точки на квартике)
  F2 c2/c6: нет рациональной точки для коники
  F2 c2/c8: кривая не построена (нет точки на квартике)
  F2 c3/c5@t0=27: rank[2,2] g=2 src=pari sat=1 tors=4 st=2620 hmax=895 pr=50 surv=4 ex=0 bad=0 hits=0 t=0s
  F2 c3/c6: кривая не построена (нет точки на квартике)
  F2 c3/c8@t0=27: rank[3,3] g=3 src=pari sat=1 tors=4 st=9468 hmax=383 pr=50 surv=4 ex=0 bad=0 hits=0 t=0s
  F2 c5/c6: кривая не построена (нет точки на квартике)
  F2 c5/c8@t0=27: rank[1,1] g=1 src=pari sat=1 tors=4 st=116 hmax=816 pr=50 surv=4 ex=0 bad=0 hits=0 t=0s
  F2 c6/c8: кривая не построена (нет точки на квартике)
  F3 c1/c3: нет рациональной точки для коники
  F3 c1/c5: нет рациональной точки для коники
  F3 c1/c6: кривая не построена (нет точки на квартике)
  F3 c1/c7: нет рациональной точки для коники
  F3 c3/c5: нет рациональной точки для коники
  F3 c3/c6: кривая не построена (нет точки на квартике)
  F3 c3/c7: нет рациональной точки для коники
  F3 c5/c6: кривая не построена (нет точки на квартике)
  F3 c5/c7: нет рациональной точки для коники
  F3 c6/c7: кривая не построена (нет точки на квартике)
  F4 c2/c3: кривая не построена (нет точки на квартике)
  F4 c2/c5: кривая не построена (нет точки на квартике)
  F4 c2/c6: нет рациональной точки для коники
  F4 c2/c7: кривая не построена (нет точки на квартике)
  F4 c3/c5@t0=27: rank[1,1] g=1 src=pari sat=1 tors=4 st=116 hmax=808 pr=50 surv=4 ex=0 bad=0 hits=0 t=0s
  F4 c3/c6: кривая не построена (нет точки на квартике)
  F4 c3/c7@t0=27: rank[1,1] g=1 src=pari sat=1 tors=4 st=116 hmax=808 pr=50 surv=4 ex=0 bad=0 hits=0 t=0s
  F4 c5/c6: кривая не построена (нет точки на квартике)
  F4 c5/c7@t0=27: rank[1,1] g=1 src=pari sat=1 tors=4 st=124 hmax=805 pr=50 surv=4 ex=0 bad=0 hits=0 t=0s
  F4 c6/c7: кривая не построена (нет точки на квартике)
== (P,Q)=(44,29) C=2777/2 non
  F1 c0/c2: кривая не построена (нет точки на квартике)
  F1 c0/c3@t0=29: rank[1,1] g=1 src=pari sat=1 tors=4 st=124 hmax=885 pr=50 surv=4 ex=0 bad=0 hits=0 t=0s
  F1 c0/c6: кривая не построена (нет точки на квартике)
  F1 c0/c8@t0=29: rank[1,1] g=1 src=pari sat=1 tors=4 st=116 hmax=819 pr=50 surv=4 ex=0 bad=0 hits=0 t=0s
  F1 c3/c2@t0=29: rank[1,1] g=1 src=pari sat=1 tors=4 st=124 hmax=885 pr=50 surv=2 ex=0 bad=0 hits=0 t=0s
  F1 c2/c6@t0=44: rank[2,2] g=2 src=pari sat=1 tors=4 st=1564 hmax=893 pr=50 surv=4 ex=0 bad=0 hits=0 t=0s
  F1 c2/c8: кривая не построена (нет точки на квартике)
  F1 c3/c6@t0=29: rank[2,2] g=2 src=pari sat=1 tors=4 st=996 hmax=891 pr=50 surv=2 ex=0 bad=0 hits=0 t=0s
  F1 c3/c8@t0=29: rank[2,2] g=2 src=pari sat=1 tors=4 st=996 hmax=891 pr=50 surv=4 ex=0 bad=0 hits=0 t=0s
  F1 c6/c8: кривая не построена (нет точки на квартике)
  F2 c2/c3: кривая не построена (нет точки на квартике)
  F2 c2/c5: кривая не построена (нет точки на квартике)
  F2 c2/c6: нет рациональной точки для коники
  F2 c2/c8: кривая не построена (нет точки на квартике)
  F2 c3/c5@t0=29: rank[1,1] g=1 src=pari sat=1 tors=4 st=124 hmax=885 pr=50 surv=4 ex=0 bad=0 hits=0 t=0s
  F2 c3/c6: кривая не построена (нет точки на квартике)
  F2 c3/c8@t0=29: rank[2,2] g=2 src=pari sat=1 tors=4 st=1564 hmax=893 pr=50 surv=4 ex=0 bad=0 hits=0 t=0s
  F2 c5/c6: кривая не построена (нет точки на квартике)
  F2 c5/c8@t0=29: rank[1,1] g=1 src=pari sat=1 tors=4 st=116 hmax=819 pr=50 surv=4 ex=0 bad=0 hits=0 t=0s
  F2 c6/c8: кривая не построена (нет точки на квартике)
  F3 c1/c3: нет рациональной точки для коники
  F3 c1/c5: нет рациональной точки для коники
  F3 c1/c6: кривая не построена (нет точки на квартике)
  F3 c1/c7: нет рациональной точки для коники
  F3 c3/c5: нет рациональной точки для коники
  F3 c3/c6: кривая не построена (нет точки на квартике)
  F3 c3/c7: нет рациональной точки для коники
  F3 c5/c6: кривая не построена (нет точки на квартике)
  F3 c5/c7: нет рациональной точки для коники
  F3 c6/c7: кривая не построена (нет точки на квартике)
  F4 c2/c3: кривая не построена (нет точки на квартике)
  F4 c2/c5: кривая не построена (нет точки на квартике)
  F4 c2/c6: нет рациональной точки для коники
  F4 c2/c7: кривая не построена (нет точки на квартике)
  F4 c3/c5@t0=29: rank[1,1] g=1 src=pari sat=1 tors=4 st=116 hmax=807 pr=50 surv=4 ex=0 bad=0 hits=0 t=0s
  F4 c3/c6: кривая не построена (нет точки на квартике)
  F4 c3/c7@t0=29: rank[1,1] g=1 src=pari sat=1 tors=4 st=116 hmax=807 pr=50 surv=4 ex=0 bad=0 hits=0 t=0s
  F4 c5/c6@t0=29: rank[1,1] g=1 src=pari sat=1 tors=4 st=100 hmax=849 pr=50 surv=6 ex=0 bad=0 hits=0 t=0s
  F4 c5/c7@t0=29: rank[2,2] g=2 src=pari sat=1 tors=4 st=3220 hmax=899 pr=50 surv=4 ex=0 bad=0 hits=0 t=0s
  F4 c6/c7: кривая не построена (нет точки на квартике)
== (P,Q)=(44,31) C=2897/2 non
  F1 c0/c2: кривая не построена (нет точки на квартике)
  F1 c0/c3@t0=31: rank[2,2] g=2 src=pari sat=1 tors=4 st=1524 hmax=896 pr=50 surv=4 ex=0 bad=0 hits=0 t=0s
  F1 c0/c6: кривая не построена (нет точки на квартике)
  F1 c0/c8@t0=31: rank[2,2] g=2 src=pari sat=1 tors=4 st=2620 hmax=892 pr=50 surv=4 ex=0 bad=0 hits=0 t=0s
  F1 c3/c2@t0=31: rank[2,2] g=2 src=pari sat=1 tors=4 st=1524 hmax=896 pr=50 surv=2 ex=0 bad=0 hits=0 t=0s
  F1 c2/c6@t0=44: rank[2,2] g=2 src=pari sat=1 tors=4 st=1636 hmax=890 pr=50 surv=4 ex=0 bad=0 hits=0 t=0s
  F1 c2/c8: кривая не построена (нет точки на квартике)
  F1 c3/c6@t0=31: rank[2,2] g=2 src=pari sat=1 tors=4 st=988 hmax=890 pr=50 surv=2 ex=0 bad=0 hits=0 t=0s
  F1 c3/c8@t0=31: rank[2,2] g=2 src=pari sat=1 tors=4 st=988 hmax=890 pr=50 surv=4 ex=0 bad=0 hits=0 t=0s
  F1 c6/c8: кривая не построена (нет точки на квартике)
  F2 c2/c3: кривая не построена (нет точки на квартике)
  F2 c2/c5: кривая не построена (нет точки на квартике)
  F2 c2/c6: нет рациональной точки для коники
  F2 c2/c8: кривая не построена (нет точки на квартике)
  F2 c3/c5@t0=31: rank[2,2] g=2 src=pari sat=1 tors=4 st=1524 hmax=896 pr=50 surv=4 ex=0 bad=0 hits=0 t=0s
  F2 c3/c6: кривая не построена (нет точки на квартике)
  F2 c3/c8@t0=31: rank[2,2] g=2 src=pari sat=1 tors=4 st=1636 hmax=890 pr=50 surv=4 ex=0 bad=0 hits=0 t=0s
  F2 c5/c6: кривая не построена (нет точки на квартике)
  F2 c5/c8@t0=31: rank[2,2] g=2 src=pari sat=1 tors=4 st=2620 hmax=892 pr=50 surv=4 ex=0 bad=0 hits=0 t=0s
  F2 c6/c8: кривая не построена (нет точки на квартике)
  F3 c1/c3: нет рациональной точки для коники
  F3 c1/c5: нет рациональной точки для коники
  F3 c1/c6: кривая не построена (нет точки на квартике)
  F3 c1/c7: нет рациональной точки для коники
  F3 c3/c5: нет рациональной точки для коники
  F3 c3/c6: кривая не построена (нет точки на квартике)
  F3 c3/c7: нет рациональной точки для коники
  F3 c5/c6: кривая не построена (нет точки на квартике)
  F3 c5/c7: нет рациональной точки для коники
  F3 c6/c7: кривая не построена (нет точки на квартике)
  F4 c2/c3: кривая не построена (нет точки на квартике)
  F4 c2/c5: кривая не построена (нет точки на квартике)
  F4 c2/c6: нет рациональной точки для коники
  F4 c2/c7: кривая не построена (нет точки на квартике)
  F4 c3/c5@t0=31: rank[1,1] g=1 src=pari sat=1 tors=4 st=116 hmax=806 pr=50 surv=4 ex=0 bad=0 hits=0 t=0s
  F4 c3/c6: кривая не построена (нет точки на квартике)
  F4 c3/c7@t0=31: rank[1,1] g=1 src=pari sat=1 tors=4 st=116 hmax=806 pr=50 surv=4 ex=0 bad=0 hits=0 t=0s
  F4 c5/c6@t0=31: rank[1,1] g=1 src=pari sat=1 tors=4 st=132 hmax=839 pr=50 surv=6 ex=0 bad=0 hits=0 t=0s
  F4 c5/c7@t0=31: rank[1,1] g=1 src=pari sat=1 tors=4 st=124 hmax=812 pr=50 surv=4 ex=0 bad=0 hits=0 t=0s
  F4 c6/c7: кривая не построена (нет точки на квартике)
== (P,Q)=(44,35) C=3161/2 non
  F1 c0/c2: кривая не построена (нет точки на квартике)
  F1 c0/c3@t0=35: rank[2,2] g=2 src=pari sat=1 tors=4 st=4796 hmax=900 pr=50 surv=4 ex=0 bad=0 hits=0 t=0s
  F1 c0/c6: кривая не построена (нет точки на квартике)
  F1 c0/c8@t0=35: rank[3,3] g=3 src=pari sat=1 tors=4 st=9604 hmax=280 pr=50 surv=4 ex=0 bad=0 hits=0 t=0s
  F1 c3/c2@t0=35: rank[2,2] g=2 src=pari sat=1 tors=4 st=4796 hmax=900 pr=50 surv=2 ex=0 bad=0 hits=0 t=0s
  F1 c2/c6@t0=44: rank[2,2] g=2 src=pari sat=1 tors=4 st=2812 hmax=899 pr=50 surv=4 ex=0 bad=0 hits=0 t=0s
  F1 c2/c8: кривая не построена (нет точки на квартике)
  F1 c3/c6@t0=35: rank[1,1] g=1 src=pari sat=1 tors=4 st=116 hmax=855 pr=50 surv=2 ex=0 bad=0 hits=0 t=0s
  F1 c3/c8@t0=35: rank[1,1] g=1 src=pari sat=1 tors=4 st=116 hmax=855 pr=50 surv=4 ex=0 bad=0 hits=0 t=0s
  F1 c6/c8: кривая не построена (нет точки на квартике)
  F2 c2/c3: кривая не построена (нет точки на квартике)
  F2 c2/c5: кривая не построена (нет точки на квартике)
  F2 c2/c6: нет рациональной точки для коники
  F2 c2/c8: кривая не построена (нет точки на квартике)
  F2 c3/c5@t0=35: rank[2,2] g=2 src=pari sat=1 tors=4 st=4796 hmax=900 pr=50 surv=4 ex=0 bad=0 hits=0 t=0s
  F2 c3/c6: кривая не построена (нет точки на квартике)
  F2 c3/c8@t0=35: rank[2,2] g=2 src=pari sat=1 tors=4 st=2812 hmax=899 pr=50 surv=4 ex=0 bad=0 hits=0 t=0s
  F2 c5/c6: кривая не построена (нет точки на квартике)
  F2 c5/c8@t0=35: rank[3,3] g=3 src=pari sat=1 tors=4 st=9604 hmax=280 pr=50 surv=4 ex=0 bad=0 hits=0 t=1s
  F2 c6/c8: кривая не построена (нет точки на квартике)
  F3 c1/c3: нет рациональной точки для коники
  F3 c1/c5: нет рациональной точки для коники
  F3 c1/c6: кривая не построена (нет точки на квартике)
  F3 c1/c7: нет рациональной точки для коники
  F3 c3/c5: нет рациональной точки для коники
  F3 c3/c6: кривая не построена (нет точки на квартике)
  F3 c3/c7: нет рациональной точки для коники
  F3 c5/c6: кривая не построена (нет точки на квартике)
  F3 c5/c7: нет рациональной точки для коники
  F3 c6/c7: кривая не построена (нет точки на квартике)
  F4 c2/c3: кривая не построена (нет точки на квартике)
  F4 c2/c5: кривая не построена (нет точки на квартике)
  F4 c2/c6: нет рациональной точки для коники
  F4 c2/c7: кривая не построена (нет точки на квартике)
  F4 c3/c5@t0=35: rank[2,2] g=2 src=pari sat=1 tors=4 st=2924 hmax=900 pr=50 surv=4 ex=0 bad=0 hits=0 t=1s
  F4 c3/c6: кривая не построена (нет точки на квартике)
  F4 c3/c7@t0=35: rank[2,2] g=2 src=pari sat=1 tors=4 st=2924 hmax=900 pr=50 surv=4 ex=0 bad=0 hits=0 t=1s
  F4 c5/c6: кривая не построена (нет точки на квартике)
  F4 c5/c7@t0=35: rank[1,1] g=1 src=pari sat=1 tors=4 st=124 hmax=819 pr=50 surv=4 ex=0 bad=0 hits=0 t=1s
  F4 c6/c7: кривая не построена (нет точки на квартике)
== (P,Q)=(44,37) C=3305/2 non
  F1 c0/c2: кривая не построена (нет точки на квартике)
  F1 c0/c3@t0=37: rank[3,3] g=3 src=pari sat=1 tors=4 st=9588 hmax=307 pr=50 surv=4 ex=0 bad=0 hits=0 t=1s
  F1 c0/c6: кривая не построена (нет точки на квартике)
  F1 c0/c8@t0=37: rank[2,2] g=2 src=pari sat=1 tors=4 st=828 hmax=890 pr=50 surv=4 ex=0 bad=0 hits=0 t=1s
  F1 c3/c2@t0=37: rank[3,3] g=3 src=pari sat=1 tors=4 st=9588 hmax=307 pr=50 surv=2 ex=0 bad=0 hits=0 t=1s
  F1 c2/c6@t0=44: rank[2,2] g=2 src=pari sat=1 tors=4 st=2604 hmax=899 pr=50 surv=4 ex=0 bad=0 hits=0 t=0s
  F1 c2/c8: кривая не построена (нет точки на квартике)
  F1 c3/c6@t0=37: rank[1,1] g=1 src=pari sat=1 tors=4 st=116 hmax=859 pr=50 surv=2 ex=0 bad=0 hits=0 t=0s
  F1 c3/c8@t0=37: rank[1,1] g=1 src=pari sat=1 tors=4 st=116 hmax=859 pr=50 surv=4 ex=0 bad=0 hits=0 t=0s
  F1 c6/c8: кривая не построена (нет точки на квартике)
  F2 c2/c3: кривая не построена (нет точки на квартике)
  F2 c2/c5: кривая не построена (нет точки на квартике)
  F2 c2/c6: нет рациональной точки для коники
  F2 c2/c8: кривая не построена (нет точки на квартике)
  F2 c3/c5@t0=37: rank[3,3] g=3 src=pari sat=1 tors=4 st=9588 hmax=307 pr=50 surv=4 ex=0 bad=0 hits=0 t=0s
  F2 c3/c6: кривая не построена (нет точки на квартике)
  F2 c3/c8@t0=37: rank[2,2] g=2 src=pari sat=1 tors=4 st=2604 hmax=899 pr=50 surv=4 ex=0 bad=0 hits=0 t=0s
  F2 c5/c6: кривая не построена (нет точки на квартике)
  F2 c5/c8@t0=37: rank[2,2] g=2 src=pari sat=1 tors=4 st=828 hmax=890 pr=50 surv=4 ex=0 bad=0 hits=0 t=0s
  F2 c6/c8: кривая не построена (нет точки на квартике)
  F3 c1/c3: нет рациональной точки для коники
  F3 c1/c5: нет рациональной точки для коники
  F3 c1/c6: кривая не построена (нет точки на квартике)
  F3 c1/c7: нет рациональной точки для коники
  F3 c3/c5: нет рациональной точки для коники
  F3 c3/c6: кривая не построена (нет точки на квартике)
  F3 c3/c7: нет рациональной точки для коники
  F3 c5/c6: кривая не построена (нет точки на квартике)
  F3 c5/c7: нет рациональной точки для коники
  F3 c6/c7: кривая не построена (нет точки на квартике)
  F4 c2/c3: кривая не построена (нет точки на квартике)
  F4 c2/c5: кривая не построена (нет точки на квартике)
  F4 c2/c6: нет рациональной точки для коники
  F4 c2/c7: кривая не построена (нет точки на квартике)
  F4 c3/c5@t0=37: rank[2,2] g=2 src=pari sat=1 tors=4 st=2700 hmax=897 pr=50 surv=4 ex=0 bad=0 hits=0 t=0s
  F4 c3/c6: кривая не построена (нет точки на квартике)
  F4 c3/c7@t0=37: rank[2,2] g=2 src=pari sat=1 tors=4 st=2700 hmax=897 pr=50 surv=4 ex=0 bad=0 hits=0 t=0s
  F4 c5/c6@t0=37: rank[1,1] g=1 src=pari sat=1 tors=4 st=164 hmax=854 pr=50 surv=6 ex=0 bad=0 hits=0 t=0s
  F4 c5/c7@t0=37: rank[1,1] g=1 src=pari sat=1 tors=4 st=124 hmax=822 pr=50 surv=4 ex=0 bad=0 hits=0 t=0s
  F4 c6/c7: кривая не построена (нет точки на квартике)
== (P,Q)=(44,39) C=3457/2 non
  F1 c0/c2: кривая не построена (нет точки на квартике)
  F1 c0/c3@t0=39: rank[1,1] g=1 src=pari sat=1 tors=4 st=116 hmax=794 pr=50 surv=4 ex=0 bad=0 hits=0 t=0s
  F1 c0/c6: кривая не построена (нет точки на квартике)
  F1 c0/c8@t0=39: rank[2,2] g=2 src=pari+mw sat=1 tors=4 st=732 hmax=899 pr=50 surv=4 ex=0 bad=0 hits=0 t=0s
  F1 c3/c2@t0=39: rank[1,1] g=1 src=pari sat=1 tors=4 st=116 hmax=794 pr=50 surv=2 ex=0 bad=0 hits=0 t=0s
  F1 c2/c6@t0=44: rank[2,2] g=2 src=pari sat=1 tors=4 st=1684 hmax=899 pr=50 surv=4 ex=0 bad=0 hits=0 t=0s
  F1 c2/c8: кривая не построена (нет точки на квартике)
  F1 c3/c6@t0=39: rank[1,1] g=1 src=pari sat=1 tors=4 st=116 hmax=864 pr=50 surv=2 ex=0 bad=0 hits=0 t=0s
  F1 c3/c8@t0=39: rank[1,1] g=1 src=pari sat=1 tors=4 st=116 hmax=864 pr=50 surv=4 ex=0 bad=0 hits=0 t=0s
  F1 c6/c8: кривая не построена (нет точки на квартике)
  F2 c2/c3: кривая не построена (нет точки на квартике)
  F2 c2/c5: кривая не построена (нет точки на квартике)
  F2 c2/c6: нет рациональной точки для коники
  F2 c2/c8: кривая не построена (нет точки на квартике)
  F2 c3/c5@t0=39: rank[1,1] g=1 src=pari sat=1 tors=4 st=116 hmax=794 pr=50 surv=4 ex=0 bad=0 hits=0 t=0s
  F2 c3/c6: кривая не построена (нет точки на квартике)
  F2 c3/c8@t0=39: rank[2,2] g=2 src=pari sat=1 tors=4 st=1684 hmax=899 pr=50 surv=4 ex=0 bad=0 hits=0 t=0s
  F2 c5/c6: кривая не построена (нет точки на квартике)
  F2 c5/c8@t0=39: rank[2,2] g=2 src=pari+mw sat=1 tors=4 st=732 hmax=899 pr=50 surv=4 ex=0 bad=0 hits=0 t=0s
  F2 c6/c8: кривая не построена (нет точки на квартике)
  F3 c1/c3: нет рациональной точки для коники
  F3 c1/c5: нет рациональной точки для коники
  F3 c1/c6: кривая не построена (нет точки на квартике)
  F3 c1/c7: нет рациональной точки для коники
  F3 c3/c5: нет рациональной точки для коники
  F3 c3/c6: кривая не построена (нет точки на квартике)
  F3 c3/c7: нет рациональной точки для коники
  F3 c5/c6: кривая не построена (нет точки на квартике)
  F3 c5/c7: нет рациональной точки для коники
  F3 c6/c7: кривая не построена (нет точки на квартике)
  F4 c2/c3: кривая не построена (нет точки на квартике)
  F4 c2/c5: кривая не построена (нет точки на квартике)
  F4 c2/c6: нет рациональной точки для коники
  F4 c2/c7: кривая не построена (нет точки на квартике)
  F4 c3/c5@t0=39: rank[2,2] g=2 src=pari sat=1 tors=4 st=2124 hmax=896 pr=50 surv=4 ex=0 bad=0 hits=0 t=0s
  F4 c3/c6: кривая не построена (нет точки на квартике)
  F4 c3/c7@t0=39: rank[2,2] g=2 src=pari sat=1 tors=4 st=2124 hmax=896 pr=50 surv=4 ex=0 bad=0 hits=0 t=0s
  F4 c5/c6: кривая не построена (нет точки на квартике)
  F4 c5/c7@t0=39: rank[1,1] g=1 src=pari sat=1 tors=4 st=124 hmax=824 pr=50 surv=4 ex=0 bad=0 hits=0 t=0s
  F4 c6/c7: кривая не построена (нет точки на квартике)
== (P,Q)=(44,41) C=3617/2 non
  F1 c0/c2: кривая не построена (нет точки на квартике)
  F1 c0/c3@t0=41: rank[2,2] g=2 src=pari sat=1 tors=4 st=1836 hmax=896 pr=50 surv=4 ex=0 bad=0 hits=0 t=0s
  F1 c0/c6: кривая не построена (нет точки на квартике)
  F1 c0/c8@t0=41: rank[3,3] g=3 src=pari sat=1 tors=4 st=9604 hmax=388 pr=50 surv=4 ex=0 bad=0 hits=0 t=0s
  F1 c3/c2@t0=41: rank[2,2] g=2 src=pari sat=1 tors=4 st=1836 hmax=896 pr=50 surv=2 ex=0 bad=0 hits=0 t=0s
  F1 c2/c6@t0=44: rank[2,2] g=2 src=pari sat=1 tors=4 st=1396 hmax=896 pr=50 surv=4 ex=0 bad=0 hits=0 t=0s
  F1 c2/c8: кривая не построена (нет точки на квартике)
  F1 c3/c6@t0=41: rank[1,1] g=1 src=pari sat=1 tors=4 st=116 hmax=868 pr=50 surv=2 ex=0 bad=0 hits=0 t=0s
  F1 c3/c8@t0=41: rank[1,1] g=1 src=pari sat=1 tors=4 st=116 hmax=868 pr=50 surv=4 ex=0 bad=0 hits=0 t=0s
  F1 c6/c8: кривая не построена (нет точки на квартике)
  F2 c2/c3: кривая не построена (нет точки на квартике)
  F2 c2/c5: кривая не построена (нет точки на квартике)
  F2 c2/c6: нет рациональной точки для коники
  F2 c2/c8: кривая не построена (нет точки на квартике)
  F2 c3/c5@t0=41: rank[2,2] g=2 src=pari sat=1 tors=4 st=1836 hmax=896 pr=50 surv=4 ex=0 bad=0 hits=0 t=0s
  F2 c3/c6: кривая не построена (нет точки на квартике)
  F2 c3/c8@t0=41: rank[2,2] g=2 src=pari sat=1 tors=4 st=1396 hmax=896 pr=50 surv=4 ex=0 bad=0 hits=0 t=0s
  F2 c5/c6: кривая не построена (нет точки на квартике)
  F2 c5/c8@t0=41: rank[3,3] g=3 src=pari sat=1 tors=4 st=9604 hmax=388 pr=50 surv=4 ex=0 bad=0 hits=0 t=0s
  F2 c6/c8: кривая не построена (нет точки на квартике)
  F3 c1/c3: нет рациональной точки для коники
  F3 c1/c5: нет рациональной точки для коники
  F3 c1/c6: кривая не построена (нет точки на квартике)
  F3 c1/c7: нет рациональной точки для коники
  F3 c3/c5: нет рациональной точки для коники
  F3 c3/c6: кривая не построена (нет точки на квартике)
  F3 c3/c7: нет рациональной точки для коники
  F3 c5/c6: кривая не построена (нет точки на квартике)
  F3 c5/c7: нет рациональной точки для коники
  F3 c6/c7: кривая не построена (нет точки на квартике)
  F4 c2/c3: кривая не построена (нет точки на квартике)
  F4 c2/c5: кривая не построена (нет точки на квартике)
  F4 c2/c6: нет рациональной точки для коники
  F4 c2/c7: кривая не построена (нет точки на квартике)
  F4 c3/c5@t0=41: rank[1,1] g=1 src=pari sat=1 tors=4 st=116 hmax=795 pr=50 surv=4 ex=0 bad=0 hits=0 t=0s
  F4 c3/c6: кривая не построена (нет точки на квартике)
  F4 c3/c7@t0=41: rank[1,1] g=1 src=pari sat=1 tors=4 st=116 hmax=795 pr=50 surv=4 ex=0 bad=0 hits=0 t=0s
  F4 c5/c6@t0=41: rank[1,1] g=1 src=pari sat=1 tors=4 st=124 hmax=826 pr=50 surv=6 ex=0 bad=0 hits=0 t=0s
  F4 c5/c7@t0=41: rank[2,2] g=2 src=pari sat=1 tors=4 st=3092 hmax=900 pr=50 surv=4 ex=0 bad=0 hits=0 t=0s
  F4 c6/c7: кривая не построена (нет точки на квартике)
== (P,Q)=(44,43) C=3785/2 non
  F1 c0/c2: кривая не построена (нет точки на квартике)
  F1 c0/c3@t0=43: rank[1,1] g=1 src=pari sat=1 tors=4 st=116 hmax=804 pr=50 surv=4 ex=0 bad=0 hits=0 t=0s
  F1 c0/c6: кривая не построена (нет точки на квартике)
  F1 c0/c8@t0=43: rank[2,2] g=2 src=pari sat=1 tors=4 st=1212 hmax=897 pr=50 surv=4 ex=0 bad=0 hits=0 t=0s
  F1 c3/c2@t0=43: rank[1,1] g=1 src=pari sat=1 tors=4 st=116 hmax=804 pr=50 surv=2 ex=0 bad=0 hits=0 t=0s
  F1 c2/c6@t0=44: rank[2,2] g=2 src=pari sat=1 tors=4 st=1268 hmax=899 pr=50 surv=4 ex=0 bad=0 hits=0 t=0s
  F1 c2/c8: кривая не построена (нет точки на квартике)
  F1 c3/c6@t0=43: rank[1,1] g=1 src=pari sat=1 tors=4 st=116 hmax=872 pr=50 surv=2 ex=0 bad=0 hits=0 t=0s
  F1 c3/c8@t0=43: rank[1,1] g=1 src=pari sat=1 tors=4 st=116 hmax=872 pr=50 surv=4 ex=0 bad=0 hits=0 t=0s
  F1 c6/c8: кривая не построена (нет точки на квартике)
  F2 c2/c3: кривая не построена (нет точки на квартике)
  F2 c2/c5: кривая не построена (нет точки на квартике)
  F2 c2/c6: нет рациональной точки для коники
  F2 c2/c8: кривая не построена (нет точки на квартике)
  F2 c3/c5@t0=43: rank[1,1] g=1 src=pari sat=1 tors=4 st=116 hmax=804 pr=50 surv=4 ex=0 bad=0 hits=0 t=0s
  F2 c3/c6: кривая не построена (нет точки на квартике)
  F2 c3/c8@t0=43: rank[2,2] g=2 src=pari sat=1 tors=4 st=1268 hmax=899 pr=50 surv=4 ex=0 bad=0 hits=0 t=0s
  F2 c5/c6: кривая не построена (нет точки на квартике)
  F2 c5/c8@t0=43: rank[2,2] g=2 src=pari sat=1 tors=4 st=1212 hmax=897 pr=50 surv=4 ex=0 bad=0 hits=0 t=0s
  F2 c6/c8: кривая не построена (нет точки на квартике)
  F3 c1/c3: нет рациональной точки для коники
  F3 c1/c5: нет рациональной точки для коники
  F3 c1/c6: кривая не построена (нет точки на квартике)
  F3 c1/c7: нет рациональной точки для коники
  F3 c3/c5: нет рациональной точки для коники
  F3 c3/c6: кривая не построена (нет точки на квартике)
  F3 c3/c7: нет рациональной точки для коники
  F3 c5/c6: кривая не построена (нет точки на квартике)
  F3 c5/c7: нет рациональной точки для коники
  F3 c6/c7: кривая не построена (нет точки на квартике)
  F4 c2/c3: кривая не построена (нет точки на квартике)
  F4 c2/c5: кривая не построена (нет точки на квартике)
  F4 c2/c6: нет рациональной точки для коники
  F4 c2/c7: кривая не построена (нет точки на квартике)
  F4 c3/c5@t0=43: rank[2,2] g=2 src=pari sat=1 tors=4 st=1676 hmax=899 pr=50 surv=4 ex=0 bad=0 hits=0 t=0s
  F4 c3/c6: кривая не построена (нет точки на квартике)
  F4 c3/c7@t0=43: rank[2,2] g=2 src=pari sat=1 tors=4 st=1676 hmax=899 pr=50 surv=4 ex=0 bad=0 hits=0 t=0s
  F4 c5/c6@t0=43: rank[1,1] g=1 src=pari sat=1 tors=4 st=132 hmax=852 pr=50 surv=6 ex=0 bad=0 hits=0 t=0s
  F4 c5/c7@t0=43: rank[2,2] g=2 src=pari sat=1 tors=4 st=3540 hmax=900 pr=50 surv=4 ex=0 bad=0 hits=0 t=0s
  F4 c6/c7: кривая не построена (нет точки на квартике)
== (P,Q)=(45,1) C=1013 non
  F1 c0/c2: кривая не построена (нет точки на квартике)
  F1 c0/c3@t0=1: rank[1,1] g=1 src=pari sat=1 tors=4 st=124 hmax=890 pr=50 surv=4 ex=0 bad=0 hits=0 t=0s
  F1 c0/c6: кривая не построена (нет точки на квартике)
  F1 c0/c8@t0=1: rank[1,1] g=1 src=pari sat=1 tors=4 st=132 hmax=877 pr=50 surv=4 ex=0 bad=0 hits=0 t=0s
  F1 c3/c2@t0=1: rank[1,1] g=1 src=pari sat=1 tors=4 st=124 hmax=890 pr=50 surv=2 ex=0 bad=0 hits=0 t=0s
  F1 c2/c6@t0=45: rank[1,1] g=1 src=pari sat=1 tors=4 st=132 hmax=842 pr=50 surv=4 ex=0 bad=0 hits=0 t=0s
  F1 c2/c8: кривая не построена (нет точки на квартике)
  F1 c3/c6@t0=1: rank[1,1] g=1 src=pari sat=1 tors=4 st=116 hmax=814 pr=50 surv=2 ex=0 bad=0 hits=0 t=0s
  F1 c3/c8@t0=1: rank[1,1] g=1 src=pari sat=1 tors=4 st=116 hmax=814 pr=50 surv=4 ex=0 bad=0 hits=0 t=0s
  F1 c6/c8: кривая не построена (нет точки на квартике)
  F2 c2/c3: кривая не построена (нет точки на квартике)
  F2 c2/c5: кривая не построена (нет точки на квартике)
  F2 c2/c6: нет рациональной точки для коники
  F2 c2/c8: кривая не построена (нет точки на квартике)
  F2 c3/c5@t0=1: rank[1,1] g=1 src=pari sat=1 tors=4 st=124 hmax=890 pr=50 surv=4 ex=0 bad=0 hits=0 t=0s
  F2 c3/c6: кривая не построена (нет точки на квартике)
  F2 c3/c8@t0=1: rank[1,1] g=1 src=pari sat=1 tors=4 st=132 hmax=842 pr=50 surv=4 ex=0 bad=0 hits=0 t=0s
  F2 c5/c6: кривая не построена (нет точки на квартике)
  F2 c5/c8@t0=1: rank[1,1] g=1 src=pari sat=1 tors=4 st=132 hmax=877 pr=50 surv=4 ex=0 bad=0 hits=0 t=0s
  F2 c6/c8: кривая не построена (нет точки на квартике)
  F3 c1/c3: нет рациональной точки для коники
  F3 c1/c5: нет рациональной точки для коники
  F3 c1/c6: кривая не построена (нет точки на квартике)
  F3 c1/c7: нет рациональной точки для коники
  F3 c3/c5: нет рациональной точки для коники
  F3 c3/c6: кривая не построена (нет точки на квартике)
  F3 c3/c7: нет рациональной точки для коники
  F3 c5/c6: кривая не построена (нет точки на квартике)
  F3 c5/c7: нет рациональной точки для коники
  F3 c6/c7: кривая не построена (нет точки на квартике)
  F4 c2/c3: кривая не построена (нет точки на квартике)
  F4 c2/c5: кривая не построена (нет точки на квартике)
  F4 c2/c6: нет рациональной точки для коники
  F4 c2/c7: кривая не построена (нет точки на квартике)
  F4 c3/c5@t0=1: rank[2,2] g=2 src=pari sat=1 tors=4 st=1604 hmax=900 pr=50 surv=4 ex=0 bad=0 hits=0 t=0s
  F4 c3/c6: кривая не построена (нет точки на квартике)
  F4 c3/c7@t0=1: rank[2,2] g=2 src=pari sat=1 tors=4 st=1604 hmax=900 pr=50 surv=4 ex=0 bad=0 hits=0 t=0s
  F4 c5/c6: кривая не построена (нет точки на квартике)
  F4 c5/c7@t0=1: rank[1,1] g=1 src=pari sat=1 tors=4 st=124 hmax=857 pr=50 surv=4 ex=0 bad=0 hits=0 t=0s
  F4 c6/c7: кривая не построена (нет точки на квартике)
== (P,Q)=(45,2) C=2029/2 non
  F1 c0/c2: кривая не построена (нет точки на квартике)
  F1 c0/c3@t0=2: rank[1,1] g=1 src=pari sat=1 tors=4 st=124 hmax=895 pr=50 surv=4 ex=0 bad=0 hits=0 t=0s
  F1 c0/c6: кривая не построена (нет точки на квартике)
  F1 c0/c8@t0=2: rank[1,1] g=1 src=pari sat=1 tors=4 st=124 hmax=893 pr=50 surv=4 ex=0 bad=0 hits=0 t=0s
  F1 c3/c2@t0=2: rank[1,1] g=1 src=pari sat=1 tors=4 st=124 hmax=895 pr=50 surv=2 ex=0 bad=0 hits=0 t=0s
  F1 c2/c6@t0=45: rank[1,1] g=1 src=pari sat=1 tors=4 st=124 hmax=857 pr=50 surv=4 ex=0 bad=0 hits=0 t=0s
  F1 c2/c8: кривая не построена (нет точки на квартике)
  F1 c3/c6@t0=2: rank[1,1] g=1 src=pari sat=1 tors=4 st=124 hmax=857 pr=50 surv=2 ex=0 bad=0 hits=0 t=0s
  F1 c3/c8@t0=2: rank[1,1] g=1 src=pari sat=1 tors=4 st=124 hmax=857 pr=50 surv=4 ex=0 bad=0 hits=0 t=0s
  F1 c6/c8: кривая не построена (нет точки на квартике)
  F2 c2/c3: кривая не построена (нет точки на квартике)
  F2 c2/c5: кривая не построена (нет точки на квартике)
  F2 c2/c6: нет рациональной точки для коники
  F2 c2/c8: кривая не построена (нет точки на квартике)
  F2 c3/c5@t0=2: rank[1,1] g=1 src=pari sat=1 tors=4 st=124 hmax=895 pr=50 surv=4 ex=0 bad=0 hits=0 t=0s
  F2 c3/c6: кривая не построена (нет точки на квартике)
  F2 c3/c8@t0=2: rank[1,1] g=1 src=pari sat=1 tors=4 st=124 hmax=857 pr=50 surv=4 ex=0 bad=0 hits=0 t=0s
  F2 c5/c6: кривая не построена (нет точки на квартике)
  F2 c5/c8@t0=2: rank[1,1] g=1 src=pari sat=1 tors=4 st=124 hmax=893 pr=50 surv=4 ex=0 bad=0 hits=0 t=0s
  F2 c6/c8: кривая не построена (нет точки на квартике)
  F3 c1/c3: нет рациональной точки для коники
  F3 c1/c5: нет рациональной точки для коники
  F3 c1/c6: кривая не построена (нет точки на квартике)
  F3 c1/c7: нет рациональной точки для коники
  F3 c3/c5: нет рациональной точки для коники
  F3 c3/c6: кривая не построена (нет точки на квартике)
  F3 c3/c7: нет рациональной точки для коники
  F3 c5/c6: кривая не построена (нет точки на квартике)
  F3 c5/c7: нет рациональной точки для коники
  F3 c6/c7: кривая не построена (нет точки на квартике)
  F4 c2/c3: кривая не построена (нет точки на квартике)
  F4 c2/c5: кривая не построена (нет точки на квартике)
  F4 c2/c6: нет рациональной точки для коники
  F4 c2/c7: кривая не построена (нет точки на квартике)
  F4 c3/c5@t0=2: rank[2,2] g=2 src=pari sat=1 tors=4 st=1004 hmax=891 pr=50 surv=4 ex=0 bad=0 hits=0 t=0s
  F4 c3/c6: кривая не построена (нет точки на квартике)
  F4 c3/c7@t0=2: rank[2,2] g=2 src=pari sat=1 tors=4 st=1004 hmax=891 pr=50 surv=4 ex=0 bad=0 hits=0 t=0s
  F4 c5/c6: кривая не построена (нет точки на квартике)
  F4 c5/c7@t0=2: rank[1,1] g=1 src=pari sat=1 tors=4 st=124 hmax=857 pr=50 surv=4 ex=0 bad=0 hits=0 t=0s
  F4 c6/c7: кривая не построена (нет точки на квартике)
# ИТОГ {'bases': 3909, 'err': 0, 'nocurve': 8091, 'timeout': 0, 'states': 0, 'exact': 0, 'hits': 0}
