# MODE=sq пар=200 K=1500 hcap=1200 primes=60 tmax=90 fams=['F1', 'F2', 'F3', 'F4']
== (P,Q)=(7,1) C=25 SQ
  F1 c0/c2@t0=1: rank[2,2] g=2 src=pari sat=3 tors=4 st=12004 hmax=950 pr=60 surv=27 ex=23 bad=0 hits=0 t=1s
  F1 c0/c3@t0=1: rank[2,2] g=2 src=pari sat=1 tors=4 st=10356 hmax=1199 pr=60 surv=66 ex=62 bad=0 hits=0 t=1s
  F1 c0/c6@t0=1: rank[1,1] g=1 src=pari sat=1 tors=8 st=456 hmax=1170 pr=60 surv=17 ex=13 bad=0 hits=0 t=1s
  F1 c0/c8@t0=1: rank[1,1] g=1 src=pari sat=1 tors=8 st=440 hmax=1194 pr=60 surv=17 ex=13 bad=0 hits=0 t=1s
  F1 c2/c3@t0=1: rank[2,2] g=2 src=pari sat=1 tors=4 st=10356 hmax=1199 pr=60 surv=65 ex=61 bad=0 hits=0 t=1s
  F1 c2/c6@t0=1: rank[1,1] g=1 src=pari sat=1 tors=8 st=456 hmax=1133 pr=60 surv=17 ex=13 bad=0 hits=0 t=1s
  F1 c2/c8@t0=1: rank[2,2] g=2 src=pari sat=1 tors=4 st=9588 hmax=1199 pr=60 surv=44 ex=40 bad=0 hits=0 t=1s
  F1 c3/c6@t0=1: rank[2,2] g=2 src=pari sat=1 tors=4 st=10516 hmax=1199 pr=60 surv=35 ex=31 bad=0 hits=0 t=1s
  F1 c3/c8@t0=1: rank[2,2] g=2 src=pari sat=1 tors=4 st=10516 hmax=1199 pr=60 surv=34 ex=30 bad=0 hits=0 t=1s
  F1 c6/c8@t0=1: rank[2,2] g=2 src=pari sat=1 tors=4 st=12004 hmax=1160 pr=60 surv=26 ex=22 bad=0 hits=0 t=1s
  F2 c2/c3@t0=1: rank[2,2] g=2 src=pari sat=3 tors=4 st=12004 hmax=950 pr=60 surv=26 ex=22 bad=0 hits=0 t=1s
  F2 c2/c5@t0=1: rank[2,2] g=2 src=pari sat=3 tors=4 st=12004 hmax=950 pr=60 surv=27 ex=23 bad=0 hits=0 t=1s
  F2 c2/c6@t0=1: rank[2,2] g=2 src=pari sat=1 tors=4 st=12004 hmax=1076 pr=60 surv=18 ex=14 bad=0 hits=0 t=1s
  F2 c2/c8@t0=1: rank[2,2] g=2 src=pari sat=1 tors=4 st=12004 hmax=1076 pr=60 surv=18 ex=14 bad=0 hits=0 t=1s
  F2 c3/c5@t0=1: rank[2,2] g=2 src=pari sat=1 tors=4 st=10356 hmax=1199 pr=60 surv=56 ex=52 bad=0 hits=0 t=1s
  F2 c3/c6@t0=1: rank[2,2] g=2 src=pari sat=1 tors=4 st=9588 hmax=1199 pr=60 surv=40 ex=36 bad=0 hits=0 t=1s
  F2 c3/c8@t0=1: rank[1,1] g=1 src=pari sat=1 tors=8 st=456 hmax=1133 pr=60 surv=17 ex=13 bad=0 hits=0 t=1s
  F2 c5/c6@t0=1: rank[1,1] g=1 src=pari sat=1 tors=8 st=456 hmax=1170 pr=60 surv=17 ex=13 bad=0 hits=0 t=1s
  F2 c5/c8@t0=1: rank[1,1] g=1 src=pari sat=1 tors=8 st=440 hmax=1194 pr=60 surv=17 ex=13 bad=0 hits=0 t=0s
  F2 c6/c8@t0=1: rank[2,2] g=2 src=pari sat=1 tors=4 st=10588 hmax=1199 pr=60 surv=18 ex=14 bad=0 hits=0 t=1s
  F3 c1/c3@t0=1: rank[1,1] g=1 src=pari sat=1 tors=4 st=196 hmax=1127 pr=60 surv=9 ex=7 bad=0 hits=0 t=1s
  F3 c1/c5@t0=1: rank[1,1] g=1 src=pari sat=1 tors=4 st=148 hmax=1158 pr=60 surv=9 ex=7 bad=0 hits=0 t=1s
  F3 c1/c6@t0=1: rank[2,2] g=2 src=pari sat=1 tors=4 st=12004 hmax=1076 pr=60 surv=24 ex=20 bad=0 hits=0 t=1s
  F3 c1/c7@t0=1: rank[2,2] g=2 src=pari sat=1 tors=4 st=12004 hmax=1076 pr=60 surv=52 ex=48 bad=0 hits=0 t=1s
  F3 c3/c5@t0=5: rank[2,2] g=2 src=pari sat=1 tors=4 st=10588 hmax=1199 pr=60 surv=17 ex=13 bad=0 hits=0 t=1s
  F3 c6/c3@t0=1: rank[2,2] g=2 src=pari sat=1 tors=4 st=12004 hmax=1076 pr=60 surv=18 ex=16 bad=0 hits=0 t=1s
  F3 c7/c3@t0=1: rank[1,1] g=1 src=pari sat=1 tors=4 st=292 hmax=1152 pr=60 surv=13 ex=7 bad=0 hits=0 t=1s
  F3 c6/c5@t0=1: rank[2,2] g=2 src=pari sat=1 tors=4 st=10588 hmax=1199 pr=60 surv=25 ex=23 bad=0 hits=0 t=1s
  F3 c7/c5@t0=1: rank[1,1] g=1 src=pari sat=1 tors=4 st=188 hmax=1122 pr=60 surv=9 ex=7 bad=0 hits=0 t=1s
  F3 c6/c7@t0=1: rank[2,2] g=2 src=pari sat=1 tors=4 st=10588 hmax=1199 pr=60 surv=25 ex=21 bad=0 hits=0 t=1s
  F4 c2/c3@t0=1: rank[1,1] g=1 src=pari sat=1 tors=4 st=196 hmax=1127 pr=60 surv=10 ex=6 bad=0 hits=0 t=1s
  F4 c2/c5@t0=1: rank[1,1] g=1 src=pari sat=1 tors=4 st=148 hmax=1158 pr=60 surv=9 ex=5 bad=0 hits=0 t=1s
  F4 c2/c6@t0=1: rank[2,2] g=2 src=pari sat=1 tors=4 st=12004 hmax=1076 pr=60 surv=24 ex=20 bad=0 hits=0 t=1s
  F4 c2/c7@t0=1: rank[2,2] g=2 src=pari sat=1 tors=4 st=12004 hmax=1076 pr=60 surv=36 ex=32 bad=0 hits=0 t=0s
  F4 c3/c5@t0=1: rank[1,1] g=1 src=pari sat=1 tors=4 st=180 hmax=1110 pr=60 surv=9 ex=5 bad=0 hits=0 t=0s
  F4 c3/c6@t0=1: rank[1,1] g=1 src=pari sat=1 tors=4 st=196 hmax=1127 pr=60 surv=9 ex=5 bad=0 hits=0 t=0s
  F4 c3/c7@t0=1: rank[1,1] g=1 src=pari sat=1 tors=4 st=180 hmax=1110 pr=60 surv=10 ex=6 bad=0 hits=0 t=0s
  F4 c5/c6@t0=1: rank[1,1] g=1 src=pari sat=1 tors=4 st=292 hmax=1152 pr=60 surv=13 ex=5 bad=0 hits=0 t=0s
  F4 c5/c7@t0=1: rank[1,1] g=1 src=pari sat=1 tors=4 st=196 hmax=1126 pr=60 surv=9 ex=5 bad=0 hits=0 t=0s
  F4 c6/c7@t0=1: rank[2,2] g=2 src=pari sat=1 tors=4 st=10588 hmax=1199 pr=60 surv=17 ex=13 bad=0 hits=0 t=0s
== (P,Q)=(17,7) C=169 SQ
  F1 c0/c2@t0=7: rank[2,2] g=2 src=pari sat=1 tors=4 st=8732 hmax=1198 pr=60 surv=33 ex=29 bad=0 hits=0 t=1s
  F1 c0/c3@t0=7: rank[2,2] g=2 src=pari sat=1 tors=4 st=7020 hmax=1199 pr=60 surv=17 ex=13 bad=0 hits=0 t=1s
  F1 c0/c6@t0=7: rank[1,1] g=1 src=pari sat=1 tors=8 st=344 hmax=1113 pr=60 surv=17 ex=13 bad=0 hits=0 t=0s
  F1 c0/c8@t0=7: rank[2,2] g=2 src=pari sat=1 tors=8 st=15816 hmax=1200 pr=60 surv=18 ex=14 bad=0 hits=0 t=0s
  F1 c2/c3@t0=7: rank[2,2] g=2 src=pari sat=1 tors=4 st=7020 hmax=1199 pr=60 surv=20 ex=16 bad=0 hits=0 t=0s
  F1 c2/c6@t0=7: rank[2,2] g=2 src=pari sat=1 tors=8 st=10408 hmax=1199 pr=60 surv=27 ex=23 bad=0 hits=0 t=0s
  F1 c2/c8@t0=7: rank[2,2] g=2 src=pari sat=1 tors=4 st=6244 hmax=1193 pr=60 surv=33 ex=29 bad=0 hits=0 t=0s
  F1 c3/c6@t0=7: rank[2,2] g=2 src=pari sat=1 tors=4 st=7084 hmax=1200 pr=60 surv=42 ex=38 bad=0 hits=0 t=0s
  F1 c3/c8@t0=7: rank[2,2] g=2 src=pari sat=1 tors=4 st=7084 hmax=1200 pr=60 surv=36 ex=32 bad=0 hits=0 t=0s
  F1 c6/c8@t0=7: rank[2,2] g=2 src=pari sat=1 tors=4 st=8084 hmax=1200 pr=60 surv=17 ex=13 bad=0 hits=0 t=0s
  F2 c2/c3@t0=7: rank[2,2] g=2 src=pari sat=1 tors=4 st=8732 hmax=1198 pr=60 surv=34 ex=30 bad=0 hits=0 t=0s
  F2 c2/c5@t0=7: rank[2,2] g=2 src=pari sat=1 tors=4 st=8732 hmax=1198 pr=60 surv=34 ex=30 bad=0 hits=0 t=0s
  F2 c2/c6@t0=7: rank[2,2] g=2 src=pari sat=1 tors=4 st=7940 hmax=1197 pr=60 surv=18 ex=14 bad=0 hits=0 t=0s
  F2 c2/c8@t0=7: rank[2,2] g=2 src=pari sat=1 tors=4 st=7940 hmax=1197 pr=60 surv=17 ex=13 bad=0 hits=0 t=0s
  F2 c3/c5@t0=7: rank[2,2] g=2 src=pari sat=1 tors=4 st=7020 hmax=1199 pr=60 surv=17 ex=13 bad=0 hits=0 t=0s
  F2 c3/c6@t0=7: rank[2,2] g=2 src=pari sat=1 tors=4 st=6244 hmax=1193 pr=60 surv=33 ex=29 bad=0 hits=0 t=0s
  F2 c3/c8@t0=7: rank[2,2] g=2 src=pari sat=1 tors=8 st=10408 hmax=1199 pr=60 surv=25 ex=21 bad=0 hits=0 t=0s
  F2 c5/c6@t0=7: rank[1,1] g=1 src=pari sat=1 tors=8 st=344 hmax=1113 pr=60 surv=17 ex=13 bad=0 hits=0 t=0s
  F2 c5/c8@t0=7: rank[2,2] g=2 src=pari sat=1 tors=8 st=15816 hmax=1200 pr=60 surv=18 ex=14 bad=0 hits=0 t=0s
  F2 c6/c8@t0=7: rank[2,2] g=2 src=pari sat=1 tors=4 st=7236 hmax=1199 pr=60 surv=26 ex=22 bad=0 hits=0 t=1s
  F3 c1/c3@t0=7: rank[1,1] g=1 src=pari sat=1 tors=4 st=164 hmax=1162 pr=60 surv=9 ex=7 bad=0 hits=0 t=1s
  F3 c1/c5@t0=7: rank[1,1] g=1 src=pari sat=1 tors=4 st=116 hmax=1082 pr=60 surv=9 ex=7 bad=0 hits=0 t=1s
  F3 c1/c6@t0=7: rank[2,2] g=2 src=pari sat=1 tors=4 st=7940 hmax=1197 pr=60 surv=17 ex=13 bad=0 hits=0 t=1s
  F3 c1/c7@t0=7: rank[2,2] g=2 src=pari sat=1 tors=4 st=7940 hmax=1197 pr=60 surv=25 ex=21 bad=0 hits=0 t=1s
  F3 c3/c5@t0=13: rank[2,2] g=2 src=pari sat=1 tors=4 st=7236 hmax=1199 pr=60 surv=26 ex=22 bad=0 hits=0 t=1s
  F3 c6/c3@t0=7: rank[2,2] g=2 src=pari sat=1 tors=4 st=7940 hmax=1197 pr=60 surv=18 ex=16 bad=0 hits=0 t=1s
  F3 c7/c3@t0=7: rank[1,1] g=1 src=pari sat=1 tors=4 st=236 hmax=1134 pr=60 surv=21 ex=15 bad=0 hits=0 t=1s
  F3 c6/c5@t0=7: rank[2,2] g=2 src=pari sat=1 tors=4 st=7236 hmax=1199 pr=60 surv=17 ex=15 bad=0 hits=0 t=1s
  F3 c7/c5@t0=7: rank[2,2] g=2 src=pari sat=1 tors=4 st=5396 hmax=1198 pr=60 surv=9 ex=7 bad=0 hits=0 t=1s
  F3 c6/c7@t0=7: rank[2,2] g=2 src=pari sat=1 tors=4 st=7236 hmax=1199 pr=60 surv=17 ex=13 bad=0 hits=0 t=1s
  F4 c2/c3@t0=7: rank[1,1] g=1 src=pari sat=1 tors=4 st=164 hmax=1162 pr=60 surv=9 ex=5 bad=0 hits=0 t=1s
  F4 c2/c5@t0=7: rank[1,1] g=1 src=pari sat=1 tors=4 st=116 hmax=1082 pr=60 surv=9 ex=5 bad=0 hits=0 t=0s
  F4 c2/c6@t0=7: rank[2,2] g=2 src=pari sat=1 tors=4 st=7940 hmax=1197 pr=60 surv=17 ex=13 bad=0 hits=0 t=0s
  F4 c2/c7@t0=7: rank[2,2] g=2 src=pari sat=1 tors=4 st=7940 hmax=1197 pr=60 surv=25 ex=21 bad=0 hits=0 t=0s
  F4 c3/c5@t0=7: rank[1,1] g=1 src=pari sat=1 tors=4 st=156 hmax=1147 pr=60 surv=9 ex=5 bad=0 hits=0 t=0s
  F4 c3/c6@t0=7: rank[1,1] g=1 src=pari sat=1 tors=4 st=164 hmax=1162 pr=60 surv=9 ex=5 bad=0 hits=0 t=0s
  F4 c3/c7@t0=7: rank[1,1] g=1 src=pari sat=1 tors=4 st=156 hmax=1147 pr=60 surv=9 ex=5 bad=0 hits=0 t=0s
  F4 c5/c6@t0=7: rank[1,1] g=1 src=pari sat=1 tors=4 st=236 hmax=1134 pr=60 surv=21 ex=13 bad=0 hits=0 t=0s
  F4 c5/c7@t0=7: rank[2,2] g=2 src=pari sat=1 tors=4 st=7316 hmax=1199 pr=60 surv=19 ex=15 bad=0 hits=0 t=0s
  F4 c6/c7@t0=7: rank[2,2] g=2 src=pari sat=1 tors=4 st=7236 hmax=1199 pr=60 surv=26 ex=22 bad=0 hits=0 t=0s
== (P,Q)=(23,7) C=289 SQ
  F1 c0/c2@t0=7: rank[2,2] g=2 src=pari sat=1 tors=8 st=15816 hmax=1200 pr=60 surv=35 ex=31 bad=0 hits=0 t=0s
  F1 c0/c3@t0=7: rank[3,3] g=3 src=pari sat=1 tors=4 st=11964 hmax=121 pr=60 surv=42 ex=38 bad=0 hits=0 t=0s
  F1 c0/c6@t0=7: rank[1,1] g=1 src=pari sat=1 tors=8 st=328 hmax=1108 pr=60 surv=17 ex=13 bad=0 hits=0 t=0s
  F1 c0/c8@t0=7: rank[1,1] g=1 src=pari sat=1 tors=8 st=328 hmax=1155 pr=60 surv=18 ex=14 bad=0 hits=0 t=0s
  F1 c2/c3@t0=7: rank[3,3] g=3 src=pari sat=1 tors=4 st=11964 hmax=121 pr=60 surv=42 ex=38 bad=0 hits=0 t=0s
  F1 c2/c6@t0=7: rank[2,2] g=2 src=pari sat=1 tors=8 st=10648 hmax=1197 pr=60 surv=26 ex=22 bad=0 hits=0 t=0s
  F1 c2/c8@t0=7: rank[2,2] g=2 src=pari sat=1 tors=4 st=5684 hmax=1199 pr=60 surv=17 ex=13 bad=0 hits=0 t=0s
  F1 c3/c6@t0=7: rank[2,2] g=2 src=pari sat=1 tors=4 st=6492 hmax=1198 pr=60 surv=57 ex=53 bad=0 hits=0 t=0s
  F1 c3/c8@t0=7: rank[2,2] g=2 src=pari sat=1 tors=4 st=6492 hmax=1198 pr=60 surv=57 ex=53 bad=0 hits=0 t=0s
  F1 c6/c8@t0=7: rank[3,3] g=3 src=pari sat=1 tors=4 st=11988 hmax=200 pr=60 surv=25 ex=21 bad=0 hits=0 t=0s
  F2 c2/c3@t0=7: rank[2,2] g=2 src=pari sat=1 tors=8 st=15816 hmax=1200 pr=60 surv=35 ex=31 bad=0 hits=0 t=0s
  F2 c2/c5@t0=7: rank[2,2] g=2 src=pari sat=1 tors=8 st=15816 hmax=1200 pr=60 surv=30 ex=26 bad=0 hits=0 t=0s
  F2 c2/c6@t0=7: rank[2,2] g=2 src=pari sat=1 tors=4 st=7316 hmax=1199 pr=60 surv=26 ex=22 bad=0 hits=0 t=1s
  F2 c2/c8@t0=7: rank[2,2] g=2 src=pari sat=1 tors=4 st=7316 hmax=1199 pr=60 surv=25 ex=21 bad=0 hits=0 t=0s
  F2 c3/c5@t0=7: rank[3,3] g=3 src=pari sat=1 tors=4 st=11964 hmax=121 pr=60 surv=41 ex=37 bad=0 hits=0 t=0s
  F2 c3/c6@t0=7: rank[2,2] g=2 src=pari sat=1 tors=4 st=5684 hmax=1199 pr=60 surv=17 ex=13 bad=0 hits=0 t=0s
  F2 c3/c8@t0=7: rank[2,2] g=2 src=pari sat=1 tors=8 st=10648 hmax=1197 pr=60 surv=26 ex=22 bad=0 hits=0 t=0s
  F2 c5/c6@t0=7: rank[1,1] g=1 src=pari sat=1 tors=8 st=328 hmax=1108 pr=60 surv=17 ex=13 bad=0 hits=0 t=0s
  F2 c5/c8@t0=7: rank[1,1] g=1 src=pari sat=1 tors=8 st=328 hmax=1155 pr=60 surv=18 ex=14 bad=0 hits=0 t=0s
  F2 c6/c8@t0=7: rank[3,3] g=3 src=pari sat=1 tors=4 st=11940 hmax=180 pr=60 surv=33 ex=29 bad=0 hits=0 t=1s
  F3 c1/c3@t0=7: rank[1,1] g=1 src=pari sat=1 tors=4 st=156 hmax=1147 pr=60 surv=9 ex=7 bad=0 hits=0 t=1s
  F3 c1/c5@t0=7: rank[1,1] g=1 src=pari sat=1 tors=4 st=116 hmax=1185 pr=60 surv=9 ex=7 bad=0 hits=0 t=1s
  F3 c1/c6@t0=7: rank[2,2] g=2 src=pari sat=1 tors=4 st=7316 hmax=1199 pr=60 surv=17 ex=13 bad=0 hits=0 t=1s
  F3 c1/c7@t0=7: rank[2,2] g=2 src=pari sat=1 tors=4 st=7316 hmax=1199 pr=60 surv=17 ex=13 bad=0 hits=0 t=1s
  F3 c3/c5@t0=17: rank[3,3] g=3 src=pari sat=1 tors=4 st=11940 hmax=180 pr=60 surv=22 ex=18 bad=0 hits=0 t=0s
  F3 c6/c3@t0=7: rank[2,2] g=2 src=pari sat=1 tors=4 st=7316 hmax=1199 pr=60 surv=17 ex=15 bad=0 hits=0 t=0s
  F3 c7/c3@t0=7: rank[1,1] g=1 src=pari sat=1 tors=4 st=228 hmax=1169 pr=60 surv=37 ex=31 bad=0 hits=0 t=0s
  F3 c6/c5@t0=7: rank[3,3] g=3 src=pari sat=1 tors=4 st=11940 hmax=180 pr=60 surv=19 ex=17 bad=0 hits=0 t=0s
  F3 c7/c5@t0=7: rank[2,2] g=2 src=pari sat=1 tors=4 st=3476 hmax=1199 pr=60 surv=9 ex=7 bad=0 hits=0 t=0s
  F3 c6/c7@t0=7: rank[3,3] g=3 src=pari sat=1 tors=4 st=11940 hmax=180 pr=60 surv=18 ex=14 bad=0 hits=0 t=0s
  F4 c2/c3@t0=7: rank[1,1] g=1 src=pari sat=1 tors=4 st=156 hmax=1147 pr=60 surv=9 ex=5 bad=0 hits=0 t=0s
  F4 c2/c5@t0=7: rank[1,1] g=1 src=pari sat=1 tors=4 st=116 hmax=1185 pr=60 surv=9 ex=5 bad=0 hits=0 t=0s
  F4 c2/c6@t0=7: rank[2,2] g=2 src=pari sat=1 tors=4 st=7316 hmax=1199 pr=60 surv=17 ex=13 bad=0 hits=0 t=0s
  F4 c2/c7@t0=7: rank[2,2] g=2 src=pari sat=1 tors=4 st=7316 hmax=1199 pr=60 surv=18 ex=14 bad=0 hits=0 t=0s
  F4 c3/c5@t0=7: rank[2,2] g=2 src=pari sat=1 tors=4 st=7692 hmax=1198 pr=60 surv=10 ex=6 bad=0 hits=0 t=0s
  F4 c3/c6@t0=7: rank[1,1] g=1 src=pari sat=1 tors=4 st=156 hmax=1147 pr=60 surv=9 ex=5 bad=0 hits=0 t=0s
  F4 c3/c7@t0=7: rank[2,2] g=2 src=pari sat=1 tors=4 st=7692 hmax=1198 pr=60 surv=11 ex=7 bad=0 hits=0 t=0s
  F4 c5/c6@t0=7: rank[1,1] g=1 src=pari sat=1 tors=4 st=228 hmax=1169 pr=60 surv=37 ex=29 bad=0 hits=0 t=0s
  F4 c5/c7@t0=7: rank[2,2] g=2 src=pari sat=1 tors=4 st=5532 hmax=1192 pr=60 surv=10 ex=6 bad=0 hits=0 t=0s
  F4 c6/c7@t0=7: rank[3,3] g=3 src=pari sat=1 tors=4 st=11940 hmax=180 pr=60 surv=22 ex=18 bad=0 hits=0 t=0s
== (P,Q)=(31,17) C=625 SQ
  F1 c0/c2@t0=17: rank[2,2] g=2 src=pari sat=1 tors=4 st=6844 hmax=1198 pr=60 surv=25 ex=21 bad=0 hits=0 t=0s
  F1 c0/c3@t0=17: rank[2,2] g=2 src=pari sat=1 tors=4 st=5756 hmax=1199 pr=60 surv=17 ex=13 bad=0 hits=0 t=0s
  F1 c0/c6@t0=17: rank[2,2] g=2 src=pari sat=1 tors=8 st=10440 hmax=1193 pr=60 surv=35 ex=31 bad=0 hits=8 t=0s
   HIT F1 (P,Q)=(31,17) t=23/17 nsq=7 pos=True cells=[42025/289, 961, 222121/289, 360721/289, 625, 529/289, 139129/289, 289, 319225/289]
   HIT F1 (P,Q)=(31,17) t=23/17 nsq=7 pos=True cells=[42025/289, 961, 222121/289, 360721/289, 625, 529/289, 139129/289, 289, 319225/289]
   HIT F1 (P,Q)=(31,17) t=-23/17 nsq=7 pos=True cells=[42025/289, 961, 222121/289, 360721/289, 625, 529/289, 139129/289, 289, 319225/289]
   HIT F1 (P,Q)=(31,17) t=-23/17 nsq=7 pos=True cells=[42025/289, 961, 222121/289, 360721/289, 625, 529/289, 139129/289, 289, 319225/289]
   HIT F1 (P,Q)=(31,17) t=23/17 nsq=7 pos=True cells=[42025/289, 961, 222121/289, 360721/289, 625, 529/289, 139129/289, 289, 319225/289]
   HIT F1 (P,Q)=(31,17) t=23/17 nsq=7 pos=True cells=[42025/289, 961, 222121/289, 360721/289, 625, 529/289, 139129/289, 289, 319225/289]
   HIT F1 (P,Q)=(31,17) t=-23/17 nsq=7 pos=True cells=[42025/289, 961, 222121/289, 360721/289, 625, 529/289, 139129/289, 289, 319225/289]
   HIT F1 (P,Q)=(31,17) t=-23/17 nsq=7 pos=True cells=[42025/289, 961, 222121/289, 360721/289, 625, 529/289, 139129/289, 289, 319225/289]
  F1 c0/c8@t0=17: rank[2,2] g=2 src=pari sat=1 tors=8 st=12120 hmax=1199 pr=60 surv=28 ex=24 bad=0 hits=8 t=0s
   HIT F1 (P,Q)=(31,17) t=23/17 nsq=7 pos=True cells=[42025/289, 961, 222121/289, 360721/289, 625, 529/289, 139129/289, 289, 319225/289]
   HIT F1 (P,Q)=(31,17) t=-23/17 nsq=7 pos=True cells=[42025/289, 961, 222121/289, 360721/289, 625, 529/289, 139129/289, 289, 319225/289]
   HIT F1 (P,Q)=(31,17) t=23/17 nsq=7 pos=True cells=[42025/289, 961, 222121/289, 360721/289, 625, 529/289, 139129/289, 289, 319225/289]
   HIT F1 (P,Q)=(31,17) t=-23/17 nsq=7 pos=True cells=[42025/289, 961, 222121/289, 360721/289, 625, 529/289, 139129/289, 289, 319225/289]
   HIT F1 (P,Q)=(31,17) t=-23/17 nsq=7 pos=True cells=[42025/289, 961, 222121/289, 360721/289, 625, 529/289, 139129/289, 289, 319225/289]
   HIT F1 (P,Q)=(31,17) t=23/17 nsq=7 pos=True cells=[42025/289, 961, 222121/289, 360721/289, 625, 529/289, 139129/289, 289, 319225/289]
   HIT F1 (P,Q)=(31,17) t=-23/17 nsq=7 pos=True cells=[42025/289, 961, 222121/289, 360721/289, 625, 529/289, 139129/289, 289, 319225/289]
   HIT F1 (P,Q)=(31,17) t=23/17 nsq=7 pos=True cells=[42025/289, 961, 222121/289, 360721/289, 625, 529/289, 139129/289, 289, 319225/289]
  F1 c2/c3@t0=17: rank[2,2] g=2 src=pari sat=1 tors=4 st=5756 hmax=1199 pr=60 surv=17 ex=13 bad=0 hits=0 t=0s
  F1 c2/c6@t0=17: rank[2,2] g=2 src=pari sat=1 tors=8 st=11016 hmax=1198 pr=60 surv=17 ex=13 bad=0 hits=0 t=0s
  F1 c2/c8@t0=17: rank[2,2] g=2 src=pari sat=1 tors=4 st=5084 hmax=1198 pr=60 surv=18 ex=14 bad=0 hits=0 t=1s
  F1 c3/c6@t0=17: rank[2,2] g=2 src=pari sat=1 tors=4 st=5804 hmax=1197 pr=60 surv=17 ex=13 bad=0 hits=0 t=0s
  F1 c3/c8@t0=17: rank[2,2] g=2 src=pari sat=1 tors=4 st=5804 hmax=1197 pr=60 surv=17 ex=13 bad=0 hits=0 t=0s
  F1 c6/c8@t0=17: rank[3,3] g=3 src=pari sat=1 tors=4 st=11980 hmax=191 pr=60 surv=25 ex=21 bad=0 hits=8 t=0s
   HIT F1 (P,Q)=(31,17) t=23/17 nsq=7 pos=True cells=[42025/289, 961, 222121/289, 360721/289, 625, 529/289, 139129/289, 289, 319225/289]
   HIT F1 (P,Q)=(31,17) t=-23/17 nsq=7 pos=True cells=[42025/289, 961, 222121/289, 360721/289, 625, 529/289, 139129/289, 289, 319225/289]
   HIT F1 (P,Q)=(31,17) t=23/17 nsq=7 pos=True cells=[42025/289, 961, 222121/289, 360721/289, 625, 529/289, 139129/289, 289, 319225/289]
   HIT F1 (P,Q)=(31,17) t=-23/17 nsq=7 pos=True cells=[42025/289, 961, 222121/289, 360721/289, 625, 529/289, 139129/289, 289, 319225/289]
   HIT F1 (P,Q)=(31,17) t=-23/17 nsq=7 pos=True cells=[42025/289, 961, 222121/289, 360721/289, 625, 529/289, 139129/289, 289, 319225/289]
   HIT F1 (P,Q)=(31,17) t=23/17 nsq=7 pos=True cells=[42025/289, 961, 222121/289, 360721/289, 625, 529/289, 139129/289, 289, 319225/289]
   HIT F1 (P,Q)=(31,17) t=-23/17 nsq=7 pos=True cells=[42025/289, 961, 222121/289, 360721/289, 625, 529/289, 139129/289, 289, 319225/289]
   HIT F1 (P,Q)=(31,17) t=23/17 nsq=7 pos=True cells=[42025/289, 961, 222121/289, 360721/289, 625, 529/289, 139129/289, 289, 319225/289]
  F2 c2/c3@t0=17: rank[2,2] g=2 src=pari sat=1 tors=4 st=6844 hmax=1198 pr=60 surv=25 ex=21 bad=0 hits=0 t=0s
  F2 c2/c5@t0=17: rank[2,2] g=2 src=pari sat=1 tors=4 st=6844 hmax=1198 pr=60 surv=26 ex=22 bad=0 hits=0 t=0s
  F2 c2/c6@t0=17: rank[2,2] g=2 src=pari sat=1 tors=4 st=6316 hmax=1198 pr=60 surv=25 ex=21 bad=0 hits=0 t=0s
  F2 c2/c8@t0=17: rank[2,2] g=2 src=pari sat=1 tors=4 st=6316 hmax=1198 pr=60 surv=31 ex=27 bad=0 hits=0 t=0s
  F2 c3/c5@t0=17: rank[2,2] g=2 src=pari sat=1 tors=4 st=5756 hmax=1199 pr=60 surv=17 ex=13 bad=0 hits=0 t=0s
  F2 c3/c6@t0=17: rank[2,2] g=2 src=pari sat=1 tors=4 st=5084 hmax=1198 pr=60 surv=18 ex=14 bad=0 hits=0 t=0s
  F2 c3/c8@t0=17: rank[2,2] g=2 src=pari sat=1 tors=8 st=11016 hmax=1198 pr=60 surv=17 ex=13 bad=0 hits=0 t=0s
  F2 c5/c6@t0=17: rank[2,2] g=2 src=pari sat=1 tors=8 st=10440 hmax=1193 pr=60 surv=35 ex=31 bad=0 hits=8 t=0s
   HIT F2 (P,Q)=(31,17) t=-205/17 nsq=7 pos=True cells=[42025/289, 961, 222121/289, 360721/289, 625, 529/289, 139129/289, 289, 319225/289]
   HIT F2 (P,Q)=(31,17) t=205/17 nsq=7 pos=True cells=[42025/289, 961, 222121/289, 360721/289, 625, 529/289, 139129/289, 289, 319225/289]
   HIT F2 (P,Q)=(31,17) t=-205/17 nsq=7 pos=True cells=[42025/289, 961, 222121/289, 360721/289, 625, 529/289, 139129/289, 289, 319225/289]
   HIT F2 (P,Q)=(31,17) t=205/17 nsq=7 pos=True cells=[42025/289, 961, 222121/289, 360721/289, 625, 529/289, 139129/289, 289, 319225/289]
   HIT F2 (P,Q)=(31,17) t=205/17 nsq=7 pos=True cells=[42025/289, 961, 222121/289, 360721/289, 625, 529/289, 139129/289, 289, 319225/289]
   HIT F2 (P,Q)=(31,17) t=-205/17 nsq=7 pos=True cells=[42025/289, 961, 222121/289, 360721/289, 625, 529/289, 139129/289, 289, 319225/289]
   HIT F2 (P,Q)=(31,17) t=205/17 nsq=7 pos=True cells=[42025/289, 961, 222121/289, 360721/289, 625, 529/289, 139129/289, 289, 319225/289]
   HIT F2 (P,Q)=(31,17) t=-205/17 nsq=7 pos=True cells=[42025/289, 961, 222121/289, 360721/289, 625, 529/289, 139129/289, 289, 319225/289]
  F2 c5/c8@t0=17: rank[2,2] g=2 src=pari sat=1 tors=8 st=12120 hmax=1199 pr=60 surv=28 ex=24 bad=0 hits=8 t=0s
   HIT F2 (P,Q)=(31,17) t=205/17 nsq=7 pos=True cells=[42025/289, 961, 222121/289, 360721/289, 625, 529/289, 139129/289, 289, 319225/289]
   HIT F2 (P,Q)=(31,17) t=205/17 nsq=7 pos=True cells=[42025/289, 961, 222121/289, 360721/289, 625, 529/289, 139129/289, 289, 319225/289]
   HIT F2 (P,Q)=(31,17) t=-205/17 nsq=7 pos=True cells=[42025/289, 961, 222121/289, 360721/289, 625, 529/289, 139129/289, 289, 319225/289]
   HIT F2 (P,Q)=(31,17) t=-205/17 nsq=7 pos=True cells=[42025/289, 961, 222121/289, 360721/289, 625, 529/289, 139129/289, 289, 319225/289]
   HIT F2 (P,Q)=(31,17) t=-205/17 nsq=7 pos=True cells=[42025/289, 961, 222121/289, 360721/289, 625, 529/289, 139129/289, 289, 319225/289]
   HIT F2 (P,Q)=(31,17) t=205/17 nsq=7 pos=True cells=[42025/289, 961, 222121/289, 360721/289, 625, 529/289, 139129/289, 289, 319225/289]
   HIT F2 (P,Q)=(31,17) t=205/17 nsq=7 pos=True cells=[42025/289, 961, 222121/289, 360721/289, 625, 529/289, 139129/289, 289, 319225/289]
   HIT F2 (P,Q)=(31,17) t=-205/17 nsq=7 pos=True cells=[42025/289, 961, 222121/289, 360721/289, 625, 529/289, 139129/289, 289, 319225/289]
  F2 c6/c8@t0=17: rank[3,3] g=3 src=pari sat=1 tors=4 st=12004 hmax=142 pr=60 surv=41 ex=37 bad=0 hits=8 t=1s
   HIT F2 (P,Q)=(31,17) t=-205/17 nsq=7 pos=True cells=[42025/289, 961, 222121/289, 360721/289, 625, 529/289, 139129/289, 289, 319225/289]
   HIT F2 (P,Q)=(31,17) t=205/17 nsq=7 pos=True cells=[42025/289, 961, 222121/289, 360721/289, 625, 529/289, 139129/289, 289, 319225/289]
   HIT F2 (P,Q)=(31,17) t=-205/17 nsq=7 pos=True cells=[42025/289, 961, 222121/289, 360721/289, 625, 529/289, 139129/289, 289, 319225/289]
   HIT F2 (P,Q)=(31,17) t=205/17 nsq=7 pos=True cells=[42025/289, 961, 222121/289, 360721/289, 625, 529/289, 139129/289, 289, 319225/289]
   HIT F2 (P,Q)=(31,17) t=-205/17 nsq=7 pos=True cells=[42025/289, 961, 222121/289, 360721/289, 625, 529/289, 139129/289, 289, 319225/289]
   HIT F2 (P,Q)=(31,17) t=205/17 nsq=7 pos=True cells=[42025/289, 961, 222121/289, 360721/289, 625, 529/289, 139129/289, 289, 319225/289]
   HIT F2 (P,Q)=(31,17) t=-205/17 nsq=7 pos=True cells=[42025/289, 961, 222121/289, 360721/289, 625, 529/289, 139129/289, 289, 319225/289]
   HIT F2 (P,Q)=(31,17) t=205/17 nsq=7 pos=True cells=[42025/289, 961, 222121/289, 360721/289, 625, 529/289, 139129/289, 289, 319225/289]
  F3 c1/c3@t0=17: rank[2,2] g=2 src=pari sat=1 tors=4 st=4564 hmax=1197 pr=60 surv=9 ex=7 bad=0 hits=0 t=0s
  F3 c1/c5@t0=17: rank[3,3] g=3 src=pari sat=1 tors=4 st=12004 hmax=280 pr=60 surv=11 ex=9 bad=0 hits=0 t=0s
  F3 c1/c6@t0=17: rank[2,2] g=2 src=pari sat=1 tors=4 st=6316 hmax=1198 pr=60 surv=18 ex=14 bad=0 hits=0 t=0s
  F3 c1/c7@t0=17: rank[2,2] g=2 src=pari sat=1 tors=4 st=6316 hmax=1198 pr=60 surv=43 ex=39 bad=0 hits=0 t=0s
  F3 c3/c5@t0=25: rank[3,3] g=3 src=pari sat=1 tors=4 st=12004 hmax=142 pr=60 surv=26 ex=22 bad=0 hits=0 t=0s
  F3 c6/c3@t0=17: rank[2,2] g=2 src=pari sat=1 tors=4 st=6316 hmax=1198 pr=60 surv=18 ex=16 bad=0 hits=0 t=0s
  F3 c7/c3@t0=17: rank[1,1] g=1 src=pari sat=1 tors=4 st=212 hmax=1123 pr=60 surv=13 ex=7 bad=0 hits=0 t=0s
  F3 c6/c5@t0=17: rank[3,3] g=3 src=pari sat=1 tors=4 st=12004 hmax=142 pr=60 surv=17 ex=15 bad=0 hits=0 t=0s
  F3 c7/c5@t0=17: rank[2,2] g=2 src=pari sat=1 tors=4 st=3916 hmax=1195 pr=60 surv=9 ex=7 bad=0 hits=0 t=0s
  F3 c6/c7@t0=17: rank[3,3] g=3 src=pari sat=1 tors=4 st=12004 hmax=142 pr=60 surv=17 ex=13 bad=0 hits=0 t=0s
  F4 c2/c3@t0=17: rank[2,2] g=2 src=pari sat=1 tors=4 st=4564 hmax=1197 pr=60 surv=9 ex=5 bad=0 hits=0 t=0s
  F4 c2/c5@t0=17: rank[3,3] g=3 src=pari sat=1 tors=4 st=12004 hmax=280 pr=60 surv=17 ex=13 bad=0 hits=0 t=0s
  F4 c2/c6@t0=17: rank[2,2] g=2 src=pari sat=1 tors=4 st=6316 hmax=1198 pr=60 surv=18 ex=14 bad=0 hits=0 t=0s
  F4 c2/c7@t0=17: rank[2,2] g=2 src=pari sat=1 tors=4 st=6316 hmax=1198 pr=60 surv=33 ex=29 bad=0 hits=0 t=0s
  F4 c3/c5@t0=17: rank[1,1] g=1 src=pari sat=1 tors=4 st=140 hmax=1091 pr=60 surv=9 ex=5 bad=0 hits=0 t=0s
  F4 c3/c6@t0=17: rank[2,2] g=2 src=pari sat=1 tors=4 st=4564 hmax=1197 pr=60 surv=10 ex=6 bad=0 hits=0 t=0s
  F4 c3/c7@t0=17: rank[1,1] g=1 src=pari sat=1 tors=4 st=140 hmax=1091 pr=60 surv=9 ex=5 bad=0 hits=0 t=0s
  F4 c5/c6@t0=17: rank[1,1] g=1 src=pari sat=1 tors=4 st=212 hmax=1123 pr=60 surv=13 ex=5 bad=0 hits=0 t=0s
  F4 c5/c7@t0=17: rank[2,2] g=2 src=pari sat=1 tors=4 st=4076 hmax=1199 pr=60 surv=9 ex=5 bad=0 hits=0 t=0s
  F4 c6/c7@t0=17: rank[3,3] g=3 src=pari sat=1 tors=4 st=12004 hmax=142 pr=60 surv=26 ex=22 bad=0 hits=0 t=0s
== (P,Q)=(41,1) C=841 SQ
  F1 c0/c2@t0=1: rank[2,2] g=2 src=pari sat=1 tors=4 st=6796 hmax=1200 pr=60 surv=27 ex=23 bad=0 hits=0 t=0s
  F1 c0/c3@t0=1: rank[2,2] g=2 src=pari sat=1 tors=4 st=5620 hmax=1199 pr=60 surv=33 ex=29 bad=0 hits=0 t=0s
  F1 c0/c6@t0=1: rank[2,2] g=2 src=pari sat=1 tors=8 st=10040 hmax=1196 pr=60 surv=47 ex=43 bad=0 hits=0 t=0s
  F1 c0/c8@t0=1: rank[1,1] g=1 src=pari sat=1 tors=8 st=296 hmax=1081 pr=60 surv=25 ex=21 bad=0 hits=0 t=0s
  F1 c2/c3@t0=1: rank[2,2] g=2 src=pari sat=1 tors=4 st=5620 hmax=1199 pr=60 surv=34 ex=30 bad=0 hits=0 t=0s
  F1 c2/c6@t0=1: rank[1,1] g=1 src=pari sat=1 tors=8 st=312 hmax=1153 pr=60 surv=17 ex=13 bad=0 hits=0 t=0s
  F1 c2/c8@t0=1: rank[3,3] g=3 src=pari sat=1 tors=4 st=12004 hmax=192 pr=60 surv=51 ex=47 bad=0 hits=0 t=0s
  F1 c3/c6@t0=1: rank[2,2] g=2 src=pari sat=1 tors=4 st=5540 hmax=1200 pr=60 surv=37 ex=33 bad=0 hits=0 t=0s
  F1 c3/c8@t0=1: rank[2,2] g=2 src=pari sat=1 tors=4 st=5540 hmax=1200 pr=60 surv=34 ex=30 bad=0 hits=0 t=0s
  F1 c6/c8@t0=1: rank[3,3] g=3 src=pari sat=1 tors=4 st=12004 hmax=202 pr=60 surv=18 ex=14 bad=0 hits=0 t=0s
  F2 c2/c3@t0=1: rank[2,2] g=2 src=pari sat=1 tors=4 st=6796 hmax=1200 pr=60 surv=27 ex=23 bad=0 hits=0 t=0s
  F2 c2/c5@t0=1: rank[2,2] g=2 src=pari sat=1 tors=4 st=6796 hmax=1200 pr=60 surv=25 ex=21 bad=0 hits=0 t=0s
  F2 c2/c6@t0=1: rank[3,3] g=3 src=pari sat=1 tors=4 st=12004 hmax=195 pr=60 surv=25 ex=21 bad=0 hits=0 t=0s
  F2 c2/c8@t0=1: rank[3,3] g=3 src=pari sat=1 tors=4 st=12004 hmax=195 pr=60 surv=27 ex=23 bad=0 hits=0 t=0s
  F2 c3/c5@t0=1: rank[2,2] g=2 src=pari sat=1 tors=4 st=5620 hmax=1199 pr=60 surv=33 ex=29 bad=0 hits=0 t=0s
  F2 c3/c6@t0=1: rank[3,3] g=3 src=pari sat=1 tors=4 st=12004 hmax=192 pr=60 surv=44 ex=40 bad=0 hits=0 t=0s
  F2 c3/c8@t0=1: rank[1,1] g=1 src=pari sat=1 tors=8 st=312 hmax=1153 pr=60 surv=17 ex=13 bad=0 hits=0 t=0s
  F2 c5/c6@t0=1: rank[2,2] g=2 src=pari sat=1 tors=8 st=10040 hmax=1196 pr=60 surv=47 ex=43 bad=0 hits=0 t=0s
  F2 c5/c8@t0=1: rank[1,1] g=1 src=pari sat=1 tors=8 st=296 hmax=1081 pr=60 surv=25 ex=21 bad=0 hits=0 t=0s
  F2 c6/c8@t0=1: rank[2,2] g=2 src=pari sat=1 tors=4 st=5652 hmax=1199 pr=60 surv=17 ex=13 bad=0 hits=0 t=0s
  F3 c1/c3@t0=1: rank[2,2] g=2 src=pari sat=1 tors=4 st=3068 hmax=1194 pr=60 surv=17 ex=15 bad=0 hits=0 t=0s
  F3 c1/c5@t0=1: rank[1,1] g=1 src=pari sat=1 tors=4 st=108 hmax=1197 pr=60 surv=9 ex=7 bad=0 hits=0 t=0s
  F3 c1/c6@t0=1: rank[3,3] g=3 src=pari sat=1 tors=4 st=12004 hmax=195 pr=60 surv=18 ex=14 bad=0 hits=0 t=0s
  F3 c1/c7@t0=1: rank[3,3] g=3 src=pari sat=1 tors=4 st=12004 hmax=195 pr=60 surv=34 ex=30 bad=0 hits=0 t=0s
  F3 c3/c5@t0=29: rank[2,2] g=2 src=pari sat=1 tors=4 st=5652 hmax=1199 pr=60 surv=17 ex=13 bad=0 hits=0 t=0s
  F3 c6/c3@t0=1: rank[3,3] g=3 src=pari sat=1 tors=4 st=12004 hmax=195 pr=60 surv=18 ex=16 bad=0 hits=0 t=0s
  F3 c7/c3@t0=1: rank[2,2] g=2 src=pari sat=1 tors=4 st=8812 hmax=1198 pr=60 surv=42 ex=36 bad=0 hits=0 t=0s
  F3 c6/c5@t0=1: rank[2,2] g=2 src=pari sat=1 tors=4 st=5652 hmax=1199 pr=60 surv=22 ex=20 bad=0 hits=0 t=0s
  F3 c7/c5@t0=1: rank[2,2] g=2 src=pari sat=1 tors=4 st=6748 hmax=1199 pr=60 surv=10 ex=8 bad=0 hits=0 t=0s
  F3 c6/c7@t0=1: rank[2,2] g=2 src=pari sat=1 tors=4 st=5652 hmax=1199 pr=60 surv=22 ex=18 bad=0 hits=0 t=0s
  F4 c2/c3@t0=1: rank[2,2] g=2 src=pari sat=1 tors=4 st=3068 hmax=1194 pr=60 surv=14 ex=10 bad=0 hits=0 t=0s
  F4 c2/c5@t0=1: rank[1,1] g=1 src=pari sat=1 tors=4 st=108 hmax=1197 pr=60 surv=9 ex=5 bad=0 hits=0 t=1s
  F4 c2/c6@t0=1: rank[3,3] g=3 src=pari sat=1 tors=4 st=12004 hmax=195 pr=60 surv=17 ex=13 bad=0 hits=0 t=0s
  F4 c2/c7@t0=1: rank[3,3] g=3 src=pari sat=1 tors=4 st=12004 hmax=195 pr=60 surv=34 ex=30 bad=0 hits=0 t=0s
  F4 c3/c5@t0=1: rank[2,2] g=2 src=pari sat=1 tors=4 st=3612 hmax=1185 pr=60 surv=11 ex=7 bad=0 hits=0 t=0s
  F4 c3/c6@t0=1: rank[2,2] g=2 src=pari sat=1 tors=4 st=3068 hmax=1194 pr=60 surv=17 ex=13 bad=0 hits=0 t=0s
  F4 c3/c7@t0=1: rank[2,2] g=2 src=pari sat=1 tors=4 st=3612 hmax=1185 pr=60 surv=11 ex=7 bad=0 hits=0 t=0s
  F4 c5/c6@t0=1: rank[2,2] g=2 src=pari sat=1 tors=4 st=8812 hmax=1198 pr=60 surv=42 ex=34 bad=0 hits=0 t=0s
  F4 c5/c7@t0=1: rank[1,1] g=1 src=pari sat=1 tors=4 st=140 hmax=1073 pr=60 surv=9 ex=5 bad=0 hits=0 t=0s
  F4 c6/c7@t0=1: rank[2,2] g=2 src=pari sat=1 tors=4 st=5652 hmax=1199 pr=60 surv=17 ex=13 bad=0 hits=0 t=0s
== (P,Q)=(47,23) C=1369 SQ
  F1 c0/c2@t0=23: rank[3,3] g=3 src=pari sat=1 tors=4 st=11988 hmax=192 pr=60 surv=17 ex=13 bad=0 hits=0 t=0s
  F1 c0/c3@t0=23: rank[2,2] g=2 src=pari sat=1 tors=4 st=5204 hmax=1199 pr=60 surv=33 ex=29 bad=0 hits=0 t=0s
  F1 c0/c6@t0=23: rank[1,1] g=1 src=pari sat=1 tors=8 st=296 hmax=1161 pr=60 surv=17 ex=13 bad=0 hits=0 t=0s
  F1 c0/c8@t0=23: rank[2,2] g=2 src=pari sat=1 tors=8 st=8536 hmax=1198 pr=60 surv=18 ex=14 bad=0 hits=0 t=1s
  F1 c2/c3@t0=23: rank[2,2] g=2 src=pari sat=1 tors=4 st=5204 hmax=1199 pr=60 surv=33 ex=29 bad=0 hits=0 t=0s
  F1 c2/c6@t0=23: rank[2,2] g=2 src=pari sat=1 tors=8 st=5896 hmax=1198 pr=60 surv=17 ex=13 bad=0 hits=0 t=0s
  F1 c2/c8@t0=23: rank[3,3] g=3 src=pari sat=1 tors=4 st=12004 hmax=172 pr=60 surv=29 ex=25 bad=0 hits=0 t=0s
  F1 c3/c6@t0=23: rank[4,4] g=4 src=pari sat=1 tors=4 st=12004 hmax=77 pr=60 surv=23 ex=19 bad=0 hits=0 t=0s
  F1 c3/c8@t0=23: rank[4,4] g=4 src=pari sat=1 tors=4 st=12004 hmax=77 pr=60 surv=17 ex=13 bad=0 hits=0 t=1s
  F1 c6/c8@t0=23: rank[4,4] g=4 src=pari sat=1 tors=4 st=12004 hmax=83 pr=60 surv=38 ex=34 bad=0 hits=0 t=1s
  F2 c2/c3@t0=23: rank[3,3] g=3 src=pari sat=1 tors=4 st=11988 hmax=192 pr=60 surv=17 ex=13 bad=0 hits=0 t=1s
  F2 c2/c5@t0=23: rank[3,3] g=3 src=pari sat=1 tors=4 st=11988 hmax=192 pr=60 surv=19 ex=15 bad=0 hits=0 t=0s
  F2 c2/c6@t0=23: rank[2,2] g=2 src=pari sat=1 tors=4 st=5668 hmax=1198 pr=60 surv=17 ex=13 bad=0 hits=0 t=0s
  F2 c2/c8@t0=23: rank[2,2] g=2 src=pari sat=1 tors=4 st=5668 hmax=1198 pr=60 surv=17 ex=13 bad=0 hits=0 t=0s
  F2 c3/c5@t0=23: rank[2,2] g=2 src=pari sat=1 tors=4 st=5204 hmax=1199 pr=60 surv=33 ex=29 bad=0 hits=0 t=0s
  F2 c3/c6@t0=23: rank[3,3] g=3 src=pari sat=1 tors=4 st=12004 hmax=172 pr=60 surv=29 ex=25 bad=0 hits=0 t=1s
  F2 c3/c8@t0=23: rank[2,2] g=2 src=pari sat=1 tors=8 st=5896 hmax=1198 pr=60 surv=17 ex=13 bad=0 hits=0 t=0s
  F2 c5/c6@t0=23: rank[1,1] g=1 src=pari sat=1 tors=8 st=296 hmax=1161 pr=60 surv=17 ex=13 bad=0 hits=0 t=0s
  F2 c5/c8@t0=23: rank[2,2] g=2 src=pari sat=1 tors=8 st=8536 hmax=1198 pr=60 surv=18 ex=14 bad=0 hits=0 t=0s
  F2 c6/c8@t0=23: rank[3,3] g=3 src=pari sat=1 tors=4 st=11988 hmax=227 pr=60 surv=17 ex=13 bad=0 hits=0 t=0s
  F3 c1/c3@t0=23: rank[1,1] g=1 src=pari sat=1 tors=4 st=140 hmax=1141 pr=60 surv=9 ex=7 bad=0 hits=0 t=0s
  F3 c1/c5@t0=23: rank[1,1] g=1 src=pari sat=1 tors=4 st=100 hmax=1097 pr=60 surv=9 ex=7 bad=0 hits=0 t=0s
  F3 c1/c6@t0=23: rank[2,2] g=2 src=pari sat=1 tors=4 st=5668 hmax=1198 pr=60 surv=17 ex=13 bad=0 hits=0 t=0s
  F3 c1/c7@t0=23: rank[2,2] g=2 src=pari sat=1 tors=4 st=5668 hmax=1198 pr=60 surv=17 ex=13 bad=0 hits=0 t=0s
  F3 c3/c5@t0=37: rank[3,3] g=3 src=pari sat=1 tors=4 st=11988 hmax=227 pr=60 surv=49 ex=45 bad=0 hits=0 t=1s
  F3 c6/c3@t0=23: rank[2,2] g=2 src=pari sat=1 tors=4 st=5668 hmax=1198 pr=60 surv=17 ex=15 bad=0 hits=0 t=0s
  F3 c7/c3@t0=23: rank[2,2] g=2 src=pari sat=1 tors=4 st=8812 hmax=1198 pr=60 surv=62 ex=56 bad=0 hits=0 t=0s
  F3 c6/c5@t0=23: rank[3,3] g=3 src=pari sat=1 tors=4 st=11988 hmax=227 pr=60 surv=17 ex=15 bad=0 hits=0 t=0s
  F3 c7/c5@t0=23: rank[2,2] g=2 src=pari sat=1 tors=4 st=3324 hmax=1196 pr=60 surv=10 ex=8 bad=0 hits=0 t=0s
  F3 c6/c7@t0=23: rank[3,3] g=3 src=pari sat=1 tors=4 st=11988 hmax=227 pr=60 surv=17 ex=13 bad=0 hits=0 t=1s
  F4 c2/c3@t0=23: rank[1,1] g=1 src=pari sat=1 tors=4 st=140 hmax=1141 pr=60 surv=9 ex=5 bad=0 hits=0 t=0s
  F4 c2/c5@t0=23: rank[1,1] g=1 src=pari sat=1 tors=4 st=100 hmax=1097 pr=60 surv=9 ex=5 bad=0 hits=0 t=0s
  F4 c2/c6@t0=23: rank[2,2] g=2 src=pari sat=1 tors=4 st=5668 hmax=1198 pr=60 surv=17 ex=13 bad=0 hits=0 t=0s
  F4 c2/c7@t0=23: rank[2,2] g=2 src=pari sat=1 tors=4 st=5668 hmax=1198 pr=60 surv=18 ex=14 bad=0 hits=0 t=1s
  F4 c3/c5@t0=23: rank[2,2] g=2 src=pari sat=1 tors=4 st=3572 hmax=1197 pr=60 surv=9 ex=5 bad=0 hits=0 t=1s
  F4 c3/c6@t0=23: rank[1,1] g=1 src=pari sat=1 tors=4 st=140 hmax=1141 pr=60 surv=9 ex=5 bad=0 hits=0 t=1s
  F4 c3/c7@t0=23: rank[2,2] g=2 src=pari sat=1 tors=4 st=3572 hmax=1197 pr=60 surv=9 ex=5 bad=0 hits=0 t=0s
  F4 c5/c6@t0=23: rank[2,2] g=2 src=pari sat=1 tors=4 st=8812 hmax=1198 pr=60 surv=54 ex=46 bad=0 hits=0 t=0s
  F4 c5/c7@t0=23: rank[2,2] g=2 src=pari sat=1 tors=4 st=2868 hmax=1199 pr=60 surv=18 ex=14 bad=0 hits=0 t=0s
  F4 c6/c7@t0=23: rank[3,3] g=3 src=pari sat=1 tors=4 st=11988 hmax=227 pr=60 surv=49 ex=45 bad=0 hits=0 t=0s
== (P,Q)=(49,31) C=1681 SQ
  F1 c0/c2@t0=31: rank[2,2] g=2 src=pari sat=1 tors=4 st=5860 hmax=1200 pr=60 surv=17 ex=13 bad=0 hits=0 t=0s
  F1 c0/c3@t0=31: rank[3,3] g=3 src=pari sat=1 tors=4 st=12004 hmax=222 pr=60 surv=25 ex=21 bad=0 hits=0 t=0s
  F1 c0/c6@t0=31: rank[1,1] g=1 src=pari sat=1 tors=8 st=296 hmax=1199 pr=60 surv=17 ex=13 bad=0 hits=0 t=0s
  F1 c0/c8@t0=31: rank[2,2] g=2 src=pari sat=1 tors=8 st=6984 hmax=1199 pr=60 surv=30 ex=26 bad=0 hits=0 t=0s
  F1 c2/c3@t0=31: rank[3,3] g=3 src=pari sat=1 tors=4 st=12004 hmax=222 pr=60 surv=26 ex=22 bad=0 hits=0 t=0s
  F1 c2/c6@t0=31: rank[2,2] g=2 src=pari sat=1 tors=8 st=9448 hmax=1196 pr=60 surv=39 ex=35 bad=0 hits=0 t=0s
  F1 c2/c8@t0=31: rank[3,3] g=3 src=pari sat=1 tors=4 st=11948 hmax=261 pr=60 surv=17 ex=13 bad=0 hits=0 t=0s
  F1 c3/c6@t0=31: rank[3,3] g=3 src=pari sat=1 tors=4 st=11972 hmax=179 pr=60 surv=17 ex=13 bad=0 hits=0 t=0s
  F1 c3/c8@t0=31: rank[3,3] g=3 src=pari sat=1 tors=4 st=11972 hmax=179 pr=60 surv=18 ex=14 bad=0 hits=0 t=0s
  F1 c6/c8@t0=31: rank[3,3] g=3 src=pari sat=1 tors=4 st=12004 hmax=192 pr=60 surv=17 ex=13 bad=0 hits=0 t=0s
  F2 c2/c3@t0=31: rank[2,2] g=2 src=pari sat=1 tors=4 st=5860 hmax=1200 pr=60 surv=17 ex=13 bad=0 hits=0 t=0s
  F2 c2/c5@t0=31: rank[2,2] g=2 src=pari sat=1 tors=4 st=5860 hmax=1200 pr=60 surv=18 ex=14 bad=0 hits=0 t=0s
  F2 c2/c6@t0=31: rank[3,3] g=3 src=pari sat=1 tors=4 st=12004 hmax=250 pr=60 surv=19 ex=15 bad=0 hits=0 t=0s
  F2 c2/c8@t0=31: rank[3,3] g=3 src=pari sat=1 tors=4 st=12004 hmax=250 pr=60 surv=19 ex=15 bad=0 hits=0 t=0s
  F2 c3/c5@t0=31: rank[3,3] g=3 src=pari sat=1 tors=4 st=12004 hmax=222 pr=60 surv=25 ex=21 bad=0 hits=0 t=1s
  F2 c3/c6@t0=31: rank[3,3] g=3 src=pari sat=1 tors=4 st=11948 hmax=261 pr=60 surv=17 ex=13 bad=0 hits=0 t=0s
  F2 c3/c8@t0=31: rank[2,2] g=2 src=pari sat=1 tors=8 st=9448 hmax=1196 pr=60 surv=37 ex=33 bad=0 hits=0 t=0s
  F2 c5/c6@t0=31: rank[1,1] g=1 src=pari sat=1 tors=8 st=296 hmax=1199 pr=60 surv=17 ex=13 bad=0 hits=0 t=0s
  F2 c5/c8@t0=31: rank[2,2] g=2 src=pari sat=1 tors=8 st=6984 hmax=1199 pr=60 surv=30 ex=26 bad=0 hits=0 t=0s
  F2 c6/c8@t0=31: rank[2,2] g=2 src=pari sat=1 tors=4 st=5292 hmax=1199 pr=60 surv=18 ex=14 bad=0 hits=0 t=0s
  F3 c1/c3@t0=31: rank[2,2] g=2 src=pari sat=1 tors=4 st=2076 hmax=1198 pr=60 surv=10 ex=8 bad=0 hits=0 t=0s
  F3 c1/c5@t0=31: rank[2,2] g=2 src=pari sat=1 tors=4 st=1972 hmax=1195 pr=60 surv=9 ex=7 bad=0 hits=0 t=0s
  F3 c1/c6@t0=31: rank[3,3] g=3 src=pari sat=1 tors=4 st=12004 hmax=250 pr=60 surv=31 ex=27 bad=0 hits=0 t=0s
  F3 c1/c7@t0=31: rank[3,3] g=3 src=pari sat=1 tors=4 st=12004 hmax=250 pr=60 surv=18 ex=14 bad=0 hits=0 t=0s
  F3 c3/c5@t0=41: rank[2,2] g=2 src=pari sat=1 tors=4 st=5292 hmax=1199 pr=60 surv=26 ex=22 bad=0 hits=0 t=0s
  F3 c6/c3@t0=31: rank[3,3] g=3 src=pari sat=1 tors=4 st=12004 hmax=250 pr=60 surv=26 ex=24 bad=0 hits=0 t=0s
  F3 c7/c3@t0=31: rank[1,1] g=1 src=pari sat=1 tors=4 st=204 hmax=1187 pr=60 surv=13 ex=7 bad=0 hits=0 t=0s
  F3 c6/c5@t0=31: rank[2,2] g=2 src=pari sat=1 tors=4 st=5292 hmax=1199 pr=60 surv=17 ex=15 bad=0 hits=0 t=0s
  F3 c7/c5@t0=31: rank[1,1] g=1 src=pari sat=1 tors=4 st=140 hmax=1187 pr=60 surv=9 ex=7 bad=0 hits=0 t=0s
  F3 c6/c7@t0=31: rank[2,2] g=2 src=pari sat=1 tors=4 st=5292 hmax=1199 pr=60 surv=17 ex=13 bad=0 hits=0 t=0s
  F4 c2/c3@t0=31: rank[2,2] g=2 src=pari sat=1 tors=4 st=2076 hmax=1198 pr=60 surv=10 ex=6 bad=0 hits=0 t=0s
  F4 c2/c5@t0=31: rank[2,2] g=2 src=pari sat=1 tors=4 st=1972 hmax=1195 pr=60 surv=9 ex=5 bad=0 hits=0 t=0s
  F4 c2/c6@t0=31: rank[3,3] g=3 src=pari sat=1 tors=4 st=12004 hmax=250 pr=60 surv=25 ex=21 bad=0 hits=0 t=0s
  F4 c2/c7@t0=31: rank[3,3] g=3 src=pari sat=1 tors=4 st=12004 hmax=250 pr=60 surv=23 ex=19 bad=0 hits=0 t=0s
  F4 c3/c5@t0=31: rank[2,2] g=2 src=pari sat=1 tors=4 st=3948 hmax=1196 pr=60 surv=9 ex=5 bad=0 hits=0 t=0s
  F4 c3/c6@t0=31: rank[2,2] g=2 src=pari sat=1 tors=4 st=2076 hmax=1198 pr=60 surv=10 ex=6 bad=0 hits=0 t=0s
  F4 c3/c7@t0=31: rank[2,2] g=2 src=pari sat=1 tors=4 st=3948 hmax=1196 pr=60 surv=9 ex=5 bad=0 hits=0 t=0s
  F4 c5/c6@t0=31: rank[1,1] g=1 src=pari sat=1 tors=4 st=204 hmax=1187 pr=60 surv=13 ex=5 bad=0 hits=0 t=0s
  F4 c5/c7@t0=31: rank[2,2] g=2 src=pari sat=1 tors=4 st=4492 hmax=1200 pr=60 surv=9 ex=5 bad=0 hits=0 t=0s
  F4 c6/c7@t0=31: rank[2,2] g=2 src=pari sat=1 tors=4 st=5292 hmax=1199 pr=60 surv=26 ex=22 bad=0 hits=0 t=0s
== (P,Q)=(71,49) C=3721 SQ
  F1 c0/c2@t0=49: rank[2,2] g=2 src=pari sat=1 tors=4 st=5284 hmax=1197 pr=60 surv=17 ex=13 bad=0 hits=0 t=0s
  F1 c0/c3@t0=49: rank[2,2] g=2 src=pari sat=1 tors=4 st=4636 hmax=1199 pr=60 surv=17 ex=13 bad=0 hits=0 t=0s
  F1 c0/c6@t0=49: rank[1,1] g=1 src=pari sat=1 tors=8 st=280 hmax=1186 pr=60 surv=18 ex=14 bad=0 hits=0 t=0s
  F1 c0/c8@t0=49: rank[1,1] g=1 src=pari sat=1 tors=8 st=280 hmax=1199 pr=60 surv=17 ex=13 bad=0 hits=0 t=0s
  F1 c2/c3@t0=49: rank[2,2] g=2 src=pari sat=1 tors=4 st=4636 hmax=1199 pr=60 surv=17 ex=13 bad=0 hits=0 t=0s
  F1 c2/c6@t0=49: rank[2,2] g=2 src=pari sat=1 tors=8 st=3400 hmax=1200 pr=60 surv=18 ex=14 bad=0 hits=0 t=0s
  F1 c2/c8@t0=49: rank[2,2] g=2 src=pari sat=1 tors=4 st=4020 hmax=1199 pr=60 surv=21 ex=17 bad=0 hits=0 t=0s
  F1 c3/c6@t0=49: rank[3,3] g=3 src=pari sat=1 tors=4 st=12004 hmax=303 pr=60 surv=20 ex=16 bad=0 hits=0 t=0s
  F1 c3/c8@t0=49: rank[3,3] g=3 src=pari sat=1 tors=4 st=12004 hmax=303 pr=60 surv=17 ex=13 bad=0 hits=0 t=0s
  F1 c6/c8@t0=49: rank[2,2] g=2 src=pari sat=1 tors=4 st=5148 hmax=1199 pr=60 surv=25 ex=21 bad=0 hits=0 t=0s
  F2 c2/c3@t0=49: rank[2,2] g=2 src=pari sat=1 tors=4 st=5284 hmax=1197 pr=60 surv=17 ex=13 bad=0 hits=0 t=0s
  F2 c2/c5@t0=49: rank[2,2] g=2 src=pari sat=1 tors=4 st=5284 hmax=1197 pr=60 surv=19 ex=15 bad=0 hits=0 t=1s
  F2 c2/c6@t0=49: rank[2,2] g=2 src=pari sat=1 tors=4 st=4980 hmax=1196 pr=60 surv=25 ex=21 bad=0 hits=0 t=0s
  F2 c2/c8@t0=49: rank[2,2] g=2 src=pari sat=1 tors=4 st=4980 hmax=1196 pr=60 surv=26 ex=22 bad=0 hits=0 t=0s
  F2 c3/c5@t0=49: rank[2,2] g=2 src=pari sat=1 tors=4 st=4636 hmax=1199 pr=60 surv=17 ex=13 bad=0 hits=0 t=0s
  F2 c3/c6@t0=49: rank[2,2] g=2 src=pari sat=1 tors=4 st=4020 hmax=1199 pr=60 surv=19 ex=15 bad=0 hits=0 t=0s
  F2 c3/c8@t0=49: rank[2,2] g=2 src=pari sat=1 tors=8 st=3400 hmax=1200 pr=60 surv=17 ex=13 bad=0 hits=0 t=0s
  F2 c5/c6@t0=49: rank[1,1] g=1 src=pari sat=1 tors=8 st=280 hmax=1186 pr=60 surv=18 ex=14 bad=0 hits=0 t=0s
  F2 c5/c8@t0=49: rank[1,1] g=1 src=pari sat=1 tors=8 st=280 hmax=1199 pr=60 surv=17 ex=13 bad=0 hits=0 t=0s
  F2 c6/c8@t0=49: rank[3,3] g=3 src=pari sat=1 tors=4 st=12004 hmax=238 pr=60 surv=26 ex=22 bad=0 hits=0 t=0s
  F3 c1/c3@t0=49: rank[1,1] g=1 src=pari sat=1 tors=4 st=132 hmax=1133 pr=60 surv=9 ex=7 bad=0 hits=0 t=0s
  F3 c1/c5@t0=49: rank[2,2] g=2 src=pari sat=1 tors=4 st=1724 hmax=1198 pr=60 surv=17 ex=15 bad=0 hits=0 t=0s
  F3 c1/c6@t0=49: rank[2,2] g=2 src=pari sat=1 tors=4 st=4980 hmax=1196 pr=60 surv=17 ex=13 bad=0 hits=0 t=0s
  F3 c1/c7@t0=49: rank[2,2] g=2 src=pari sat=1 tors=4 st=4980 hmax=1196 pr=60 surv=27 ex=23 bad=0 hits=0 t=0s
  F3 c3/c5@t0=61: rank[3,3] g=3 src=pari sat=1 tors=4 st=12004 hmax=238 pr=60 surv=42 ex=38 bad=0 hits=0 t=0s
  F3 c6/c3@t0=49: rank[2,2] g=2 src=pari sat=1 tors=4 st=4980 hmax=1196 pr=60 surv=18 ex=16 bad=0 hits=0 t=0s
  F3 c7/c3@t0=49: rank[2,2] g=2 src=pari sat=1 tors=4 st=7108 hmax=1199 pr=60 surv=30 ex=24 bad=0 hits=0 t=0s
  F3 c6/c5@t0=49: rank[3,3] g=3 src=pari sat=1 tors=4 st=12004 hmax=238 pr=60 surv=17 ex=15 bad=0 hits=0 t=0s
  F3 c7/c5@t0=49: rank[2,2] g=2 src=pari sat=1 tors=4 st=3668 hmax=1199 pr=60 surv=9 ex=7 bad=0 hits=0 t=0s
  F3 c6/c7@t0=49: rank[3,3] g=3 src=pari sat=1 tors=4 st=12004 hmax=238 pr=60 surv=17 ex=13 bad=0 hits=0 t=0s
  F4 c2/c3@t0=49: rank[1,1] g=1 src=pari sat=1 tors=4 st=132 hmax=1133 pr=60 surv=9 ex=5 bad=0 hits=0 t=0s
  F4 c2/c5@t0=49: rank[2,2] g=2 src=pari sat=1 tors=4 st=1724 hmax=1198 pr=60 surv=17 ex=13 bad=0 hits=0 t=0s
  F4 c2/c6@t0=49: rank[2,2] g=2 src=pari sat=1 tors=4 st=4980 hmax=1196 pr=60 surv=17 ex=13 bad=0 hits=0 t=0s
  F4 c2/c7@t0=49: rank[2,2] g=2 src=pari sat=1 tors=4 st=4980 hmax=1196 pr=60 surv=17 ex=13 bad=0 hits=0 t=0s
  F4 c3/c5@t0=49: rank[1,1] g=1 src=pari sat=1 tors=4 st=132 hmax=1176 pr=60 surv=9 ex=5 bad=0 hits=0 t=0s
  F4 c3/c6@t0=49: rank[1,1] g=1 src=pari sat=1 tors=4 st=132 hmax=1133 pr=60 surv=9 ex=5 bad=0 hits=0 t=0s
  F4 c3/c7@t0=49: rank[1,1] g=1 src=pari sat=1 tors=4 st=132 hmax=1176 pr=60 surv=9 ex=5 bad=0 hits=0 t=0s
  F4 c5/c6@t0=49: rank[2,2] g=2 src=pari sat=1 tors=4 st=7108 hmax=1199 pr=60 surv=30 ex=22 bad=0 hits=0 t=0s
  F4 c5/c7@t0=49: rank[1,1] g=1 src=pari sat=1 tors=4 st=132 hmax=1134 pr=60 surv=9 ex=5 bad=0 hits=0 t=0s
  F4 c6/c7@t0=49: rank[3,3] g=3 src=pari sat=1 tors=4 st=12004 hmax=238 pr=60 surv=42 ex=38 bad=0 hits=0 t=0s
== (P,Q)=(73,17) C=2809 SQ
  F1 c0/c2@t0=17: rank[2,2] g=2 src=pari sat=1 tors=4 st=5572 hmax=1196 pr=60 surv=25 ex=21 bad=0 hits=0 t=0s
  F1 c0/c3@t0=17: rank[2,2] g=2 src=pari sat=1 tors=4 st=4820 hmax=1197 pr=60 surv=17 ex=13 bad=0 hits=0 t=0s
  F1 c0/c6@t0=17: rank[1,1] g=1 src=pari sat=1 tors=8 st=280 hmax=1123 pr=60 surv=17 ex=13 bad=0 hits=0 t=0s
  F1 c0/c8@t0=17: rank[2,2] g=2 src=pari sat=1 tors=8 st=6696 hmax=1200 pr=60 surv=18 ex=14 bad=0 hits=0 t=0s
  F1 c2/c3@t0=17: rank[2,2] g=2 src=pari sat=1 tors=4 st=4820 hmax=1197 pr=60 surv=19 ex=15 bad=0 hits=0 t=1s
  F1 c2/c6@t0=17: rank[2,2] g=2 src=pari sat=1 tors=8 st=4248 hmax=1194 pr=60 surv=30 ex=26 bad=0 hits=0 t=1s
  F1 c2/c8@t0=17: rank[3,3] g=3 src=pari sat=1 tors=4 st=12004 hmax=273 pr=60 surv=25 ex=21 bad=0 hits=0 t=0s
  F1 c3/c6@t0=17: rank[4,4] g=4 src=pari sat=1 tors=4 st=12004 hmax=87 pr=60 surv=26 ex=22 bad=0 hits=0 t=1s
  F1 c3/c8@t0=17: rank[4,4] g=4 src=pari sat=1 tors=4 st=12004 hmax=87 pr=60 surv=23 ex=19 bad=0 hits=0 t=0s
  F1 c6/c8@t0=17: rank[3,3] g=3 src=pari sat=1 tors=4 st=12004 hmax=257 pr=60 surv=37 ex=33 bad=0 hits=0 t=0s
  F2 c2/c3@t0=17: rank[2,2] g=2 src=pari sat=1 tors=4 st=5572 hmax=1196 pr=60 surv=26 ex=22 bad=0 hits=0 t=0s
  F2 c2/c5@t0=17: rank[2,2] g=2 src=pari sat=1 tors=4 st=5572 hmax=1196 pr=60 surv=27 ex=23 bad=0 hits=0 t=0s
  F2 c2/c6@t0=17: rank[3,3] g=3 src=pari sat=1 tors=4 st=12004 hmax=267 pr=60 surv=18 ex=14 bad=0 hits=0 t=0s
  F2 c2/c8@t0=17: rank[3,3] g=3 src=pari sat=1 tors=4 st=12004 hmax=267 pr=60 surv=17 ex=13 bad=0 hits=0 t=0s
  F2 c3/c5@t0=17: rank[2,2] g=2 src=pari sat=1 tors=4 st=4820 hmax=1197 pr=60 surv=17 ex=13 bad=0 hits=0 t=0s
  F2 c3/c6@t0=17: rank[3,3] g=3 src=pari sat=1 tors=4 st=12004 hmax=273 pr=60 surv=26 ex=22 bad=0 hits=0 t=0s
  F2 c3/c8@t0=17: rank[2,2] g=2 src=pari sat=1 tors=8 st=4248 hmax=1194 pr=60 surv=29 ex=25 bad=0 hits=0 t=0s
  F2 c5/c6@t0=17: rank[1,1] g=1 src=pari sat=1 tors=8 st=280 hmax=1123 pr=60 surv=17 ex=13 bad=0 hits=0 t=0s
  F2 c5/c8@t0=17: rank[2,2] g=2 src=pari sat=1 tors=8 st=6696 hmax=1200 pr=60 surv=18 ex=14 bad=0 hits=0 t=0s
  F2 c6/c8@t0=17: rank[2,2] g=2 src=pari sat=1 tors=4 st=4876 hmax=1199 pr=60 surv=18 ex=14 bad=0 hits=0 t=0s
  F3 c1/c3@t0=17: rank[1,1] g=1 src=pari sat=1 tors=4 st=132 hmax=1105 pr=60 surv=9 ex=7 bad=0 hits=0 t=0s
  F3 c1/c5@t0=17: rank[1,1] g=1 src=pari sat=1 tors=4 st=100 hmax=1196 pr=60 surv=9 ex=7 bad=0 hits=0 t=0s
  F3 c1/c6@t0=17: rank[3,3] g=3 src=pari sat=1 tors=4 st=12004 hmax=267 pr=60 surv=33 ex=29 bad=0 hits=0 t=0s
  F3 c1/c7@t0=17: rank[3,3] g=3 src=pari sat=1 tors=4 st=12004 hmax=267 pr=60 surv=18 ex=14 bad=0 hits=0 t=0s
  F3 c3/c5@t0=53: rank[2,2] g=2 src=pari sat=1 tors=4 st=4876 hmax=1199 pr=60 surv=17 ex=13 bad=0 hits=0 t=0s
  F3 c6/c3@t0=17: rank[3,3] g=3 src=pari sat=1 tors=4 st=12004 hmax=267 pr=60 surv=34 ex=32 bad=0 hits=0 t=0s
  F3 c7/c3@t0=17: rank[1,1] g=1 src=pari sat=1 tors=4 st=196 hmax=1189 pr=60 surv=13 ex=7 bad=0 hits=0 t=0s
  F3 c6/c5@t0=17: rank[2,2] g=2 src=pari sat=1 tors=4 st=4876 hmax=1199 pr=60 surv=26 ex=24 bad=0 hits=0 t=0s
  F3 c7/c5@t0=17: rank[2,2] g=2 src=pari sat=1 tors=4 st=3324 hmax=1198 pr=60 surv=9 ex=7 bad=0 hits=0 t=0s
  F3 c6/c7@t0=17: rank[2,2] g=2 src=pari sat=1 tors=4 st=4876 hmax=1199 pr=60 surv=26 ex=22 bad=0 hits=0 t=0s
  F4 c2/c3@t0=17: rank[1,1] g=1 src=pari sat=1 tors=4 st=132 hmax=1105 pr=60 surv=9 ex=5 bad=0 hits=0 t=0s
  F4 c2/c5@t0=17: rank[1,1] g=1 src=pari sat=1 tors=4 st=100 hmax=1196 pr=60 surv=9 ex=5 bad=0 hits=0 t=0s
  F4 c2/c6@t0=17: rank[3,3] g=3 src=pari sat=1 tors=4 st=12004 hmax=267 pr=60 surv=36 ex=32 bad=0 hits=0 t=0s
  F4 c2/c7@t0=17: rank[3,3] g=3 src=pari sat=1 tors=4 st=12004 hmax=267 pr=60 surv=17 ex=13 bad=0 hits=0 t=0s
  F4 c3/c5@t0=17: rank[1,1] g=1 src=pari sat=1 tors=4 st=132 hmax=1187 pr=60 surv=9 ex=5 bad=0 hits=0 t=0s
  F4 c3/c6@t0=17: rank[1,1] g=1 src=pari sat=1 tors=4 st=132 hmax=1105 pr=60 surv=9 ex=5 bad=0 hits=0 t=0s
  F4 c3/c7@t0=17: rank[1,1] g=1 src=pari sat=1 tors=4 st=132 hmax=1187 pr=60 surv=9 ex=5 bad=0 hits=0 t=0s
  F4 c5/c6@t0=17: rank[1,1] g=1 src=pari sat=1 tors=4 st=196 hmax=1189 pr=60 surv=13 ex=5 bad=0 hits=0 t=0s
  F4 c5/c7@t0=17: rank[1,1] g=1 src=pari sat=1 tors=4 st=132 hmax=1105 pr=60 surv=9 ex=5 bad=0 hits=0 t=0s
  F4 c6/c7@t0=17: rank[2,2] g=2 src=pari sat=1 tors=4 st=4876 hmax=1199 pr=60 surv=17 ex=13 bad=0 hits=0 t=0s
== (P,Q)=(79,47) C=4225 SQ
  F1 c0/c2@t0=47: rank[3,3] g=3 src=pari sat=1 tors=4 st=11980 hmax=297 pr=60 surv=25 ex=21 bad=0 hits=0 t=1s
  F1 c0/c3@t0=47: rank[3,3] g=3 src=pari sat=1 tors=4 st=11972 hmax=227 pr=60 surv=33 ex=29 bad=0 hits=0 t=0s
  F1 c0/c6@t0=47: rank[2,2] g=2 src=pari sat=1 tors=8 st=5400 hmax=1199 pr=60 surv=27 ex=23 bad=0 hits=0 t=0s
  F1 c0/c8@t0=47: rank[1,1] g=1 src=pari sat=1 tors=8 st=264 hmax=1081 pr=60 surv=17 ex=13 bad=0 hits=0 t=0s
  F1 c2/c3@t0=47: rank[3,3] g=3 src=pari sat=1 tors=4 st=11972 hmax=227 pr=60 surv=33 ex=29 bad=0 hits=0 t=0s
  F1 c2/c6@t0=47: rank[2,2] g=2 src=pari sat=1 tors=8 st=8488 hmax=1198 pr=60 surv=25 ex=21 bad=0 hits=0 t=0s
  F1 c2/c8@t0=47: rank[2,2] g=2 src=pari sat=1 tors=4 st=3956 hmax=1197 pr=60 surv=25 ex=21 bad=0 hits=0 t=0s
  F1 c3/c6@t0=47: rank[2,2] g=2 src=pari sat=1 tors=4 st=4588 hmax=1194 pr=60 surv=17 ex=13 bad=0 hits=0 t=0s
  F1 c3/c8@t0=47: rank[2,2] g=2 src=pari sat=1 tors=4 st=4588 hmax=1194 pr=60 surv=17 ex=13 bad=0 hits=0 t=0s
  F1 c6/c8@t0=47: rank[2,2] g=2 src=pari sat=1 tors=4 st=5036 hmax=1199 pr=60 surv=18 ex=14 bad=0 hits=0 t=0s
  F2 c2/c3@t0=47: rank[3,3] g=3 src=pari sat=1 tors=4 st=11980 hmax=297 pr=60 surv=25 ex=21 bad=0 hits=0 t=0s
  F2 c2/c5@t0=47: rank[3,3] g=3 src=pari sat=1 tors=4 st=11980 hmax=297 pr=60 surv=32 ex=28 bad=0 hits=0 t=0s
  F2 c2/c6@t0=47: rank[3,3] g=3 src=pari sat=1 tors=4 st=12004 hmax=251 pr=60 surv=38 ex=34 bad=0 hits=0 t=0s
  F2 c2/c8@t0=47: rank[3,3] g=3 src=pari sat=1 tors=4 st=12004 hmax=251 pr=60 surv=42 ex=38 bad=0 hits=0 t=1s
  F2 c3/c5@t0=47: rank[3,3] g=3 src=pari sat=1 tors=4 st=11972 hmax=227 pr=60 surv=33 ex=29 bad=0 hits=0 t=0s
  F2 c3/c6@t0=47: rank[2,2] g=2 src=pari sat=1 tors=4 st=3956 hmax=1197 pr=60 surv=25 ex=21 bad=0 hits=0 t=0s
  F2 c3/c8@t0=47: rank[2,2] g=2 src=pari sat=1 tors=8 st=8488 hmax=1198 pr=60 surv=25 ex=21 bad=0 hits=0 t=0s
  F2 c5/c6@t0=47: rank[2,2] g=2 src=pari sat=1 tors=8 st=5400 hmax=1199 pr=60 surv=26 ex=22 bad=0 hits=0 t=0s
  F2 c5/c8@t0=47: rank[1,1] g=1 src=pari sat=1 tors=8 st=264 hmax=1081 pr=60 surv=17 ex=13 bad=0 hits=0 t=0s
  F2 c6/c8@t0=47: rank[3,3] g=3 src=pari sat=1 tors=4 st=12004 hmax=256 pr=60 surv=18 ex=14 bad=0 hits=0 t=0s
  F3 c1/c3@t0=47: rank[1,1] g=1 src=pari sat=1 tors=4 st=132 hmax=1152 pr=60 surv=9 ex=7 bad=0 hits=0 t=0s
  F3 c1/c5@t0=47: rank[2,2] g=2 src=pari sat=1 tors=4 st=1716 hmax=1191 pr=60 surv=10 ex=8 bad=0 hits=0 t=0s
  F3 c1/c6@t0=47: rank[3,3] g=3 src=pari sat=1 tors=4 st=12004 hmax=251 pr=60 surv=25 ex=21 bad=0 hits=0 t=0s
  F3 c1/c7@t0=47: rank[3,3] g=3 src=pari sat=1 tors=4 st=12004 hmax=251 pr=60 surv=33 ex=29 bad=0 hits=0 t=0s
  F3 c3/c5@t0=65: rank[3,3] g=3 src=pari sat=1 tors=4 st=12004 hmax=256 pr=60 surv=26 ex=22 bad=0 hits=0 t=0s
  F3 c6/c3@t0=47: rank[3,3] g=3 src=pari sat=1 tors=4 st=12004 hmax=251 pr=60 surv=43 ex=41 bad=0 hits=0 t=0s
  F3 c7/c3@t0=47: rank[1,1] g=1 src=pari sat=1 tors=4 st=188 hmax=1129 pr=60 surv=13 ex=7 bad=0 hits=0 t=0s
  F3 c6/c5@t0=47: rank[3,3] g=3 src=pari sat=1 tors=4 st=12004 hmax=256 pr=60 surv=18 ex=16 bad=0 hits=0 t=1s
  F3 c7/c5@t0=47: rank[1,1] g=1 src=pari sat=1 tors=4 st=132 hmax=1173 pr=60 surv=9 ex=7 bad=0 hits=0 t=0s
  F3 c6/c7@t0=47: rank[3,3] g=3 src=pari sat=1 tors=4 st=12004 hmax=256 pr=60 surv=18 ex=14 bad=0 hits=0 t=0s
  F4 c2/c3@t0=47: rank[1,1] g=1 src=pari sat=1 tors=4 st=132 hmax=1152 pr=60 surv=9 ex=5 bad=0 hits=0 t=0s
  F4 c2/c5@t0=47: rank[2,2] g=2 src=pari sat=1 tors=4 st=1716 hmax=1191 pr=60 surv=10 ex=6 bad=0 hits=0 t=0s
  F4 c2/c6@t0=47: rank[3,3] g=3 src=pari sat=1 tors=4 st=12004 hmax=251 pr=60 surv=29 ex=25 bad=0 hits=0 t=0s
  F4 c2/c7@t0=47: rank[3,3] g=3 src=pari sat=1 tors=4 st=12004 hmax=251 pr=60 surv=34 ex=30 bad=0 hits=0 t=0s
  F4 c3/c5@t0=47: rank[2,2] g=2 src=pari sat=1 tors=4 st=2980 hmax=1196 pr=60 surv=9 ex=5 bad=0 hits=0 t=0s
  F4 c3/c6@t0=47: rank[1,1] g=1 src=pari sat=1 tors=4 st=132 hmax=1152 pr=60 surv=9 ex=5 bad=0 hits=0 t=0s
  F4 c3/c7@t0=47: rank[2,2] g=2 src=pari sat=1 tors=4 st=2980 hmax=1196 pr=60 surv=9 ex=5 bad=0 hits=0 t=0s
  F4 c5/c6@t0=47: rank[1,1] g=1 src=pari sat=1 tors=4 st=188 hmax=1129 pr=60 surv=13 ex=5 bad=0 hits=0 t=0s
  F4 c5/c7@t0=47: rank[2,2] g=2 src=pari sat=1 tors=4 st=2412 hmax=1194 pr=60 surv=10 ex=6 bad=0 hits=0 t=0s
  F4 c6/c7@t0=47: rank[3,3] g=3 src=pari sat=1 tors=4 st=12004 hmax=256 pr=60 surv=26 ex=22 bad=0 hits=0 t=0s
== (P,Q)=(89,23) C=4225 SQ
  F1 c0/c2@t0=23: rank[2,2] g=2 src=pari sat=1 tors=4 st=5316 hmax=1197 pr=60 surv=17 ex=13 bad=0 hits=0 t=0s
  F1 c0/c3@t0=23: rank[4,4] g=4 src=pari sat=1 tors=4 st=11908 hmax=64 pr=60 surv=21 ex=17 bad=0 hits=0 t=0s
  F1 c0/c6@t0=23: rank[2,2] g=2 src=pari sat=1 tors=8 st=6904 hmax=1199 pr=60 surv=17 ex=13 bad=0 hits=0 t=0s
  F1 c0/c8@t0=23: rank[2,2] g=2 src=pari sat=1 tors=8 st=7960 hmax=1199 pr=60 surv=46 ex=42 bad=0 hits=0 t=0s
  F1 c2/c3@t0=23: rank[4,4] g=4 src=pari sat=1 tors=4 st=11908 hmax=64 pr=60 surv=24 ex=20 bad=0 hits=0 t=0s
  F1 c2/c6@t0=23: rank[1,1] g=1 src=pari sat=1 tors=8 st=280 hmax=1164 pr=60 surv=17 ex=13 bad=0 hits=0 t=0s
  F1 c2/c8@t0=23: rank[2,2] g=2 src=pari sat=1 tors=4 st=3940 hmax=1198 pr=60 surv=17 ex=13 bad=0 hits=0 t=0s
  F1 c3/c6@t0=23: rank[3,3] g=3 src=pari sat=1 tors=4 st=11948 hmax=296 pr=60 surv=58 ex=54 bad=0 hits=0 t=0s
  F1 c3/c8@t0=23: rank[3,3] g=3 src=pari sat=1 tors=4 st=11948 hmax=296 pr=60 surv=56 ex=52 bad=0 hits=0 t=0s
  F1 c6/c8@t0=23: rank[3,3] g=3 src=pari sat=1 tors=4 st=12004 hmax=460 pr=60 surv=33 ex=29 bad=0 hits=0 t=0s
  F2 c2/c3@t0=23: rank[2,2] g=2 src=pari sat=1 tors=4 st=5316 hmax=1197 pr=60 surv=17 ex=13 bad=0 hits=0 t=0s
  F2 c2/c5@t0=23: rank[2,2] g=2 src=pari sat=1 tors=4 st=5316 hmax=1197 pr=60 surv=17 ex=13 bad=0 hits=0 t=0s
  F2 c2/c6@t0=23: rank[3,3] g=3 src=pari sat=1 tors=4 st=11940 hmax=239 pr=60 surv=21 ex=17 bad=0 hits=0 t=0s
  F2 c2/c8@t0=23: rank[3,3] g=3 src=pari sat=1 tors=4 st=11940 hmax=239 pr=60 surv=20 ex=16 bad=0 hits=0 t=1s
  F2 c3/c5@t0=23: rank[4,4] g=4 src=pari sat=1 tors=4 st=11908 hmax=64 pr=60 surv=27 ex=23 bad=0 hits=0 t=0s
  F2 c3/c6@t0=23: rank[2,2] g=2 src=pari sat=1 tors=4 st=3940 hmax=1198 pr=60 surv=17 ex=13 bad=0 hits=0 t=0s
  F2 c3/c8@t0=23: rank[1,1] g=1 src=pari sat=1 tors=8 st=280 hmax=1164 pr=60 surv=17 ex=13 bad=0 hits=0 t=0s
  F2 c5/c6@t0=23: rank[2,2] g=2 src=pari sat=1 tors=8 st=6904 hmax=1199 pr=60 surv=17 ex=13 bad=0 hits=0 t=0s
  F2 c5/c8@t0=23: rank[2,2] g=2 src=pari sat=1 tors=8 st=7960 hmax=1199 pr=60 surv=46 ex=42 bad=0 hits=0 t=0s
  F2 c6/c8@t0=23: rank[3,3] g=3 src=pari sat=1 tors=4 st=12004 hmax=267 pr=60 surv=33 ex=29 bad=0 hits=0 t=0s
  F3 c1/c3@t0=23: rank[3,3] g=3 src=pari sat=1 tors=4 st=12004 hmax=377 pr=60 surv=35 ex=33 bad=0 hits=0 t=0s
  F3 c1/c5@t0=23: rank[2,2] g=2 src=pari sat=1 tors=4 st=2324 hmax=1193 pr=60 surv=9 ex=7 bad=0 hits=0 t=0s
  F3 c1/c6@t0=23: rank[3,3] g=3 src=pari sat=1 tors=4 st=11940 hmax=239 pr=60 surv=18 ex=14 bad=0 hits=0 t=0s
  F3 c1/c7@t0=23: rank[3,3] g=3 src=pari sat=1 tors=4 st=11940 hmax=239 pr=60 surv=32 ex=28 bad=0 hits=0 t=0s
  F3 c3/c5@t0=65: rank[3,3] g=3 src=pari sat=1 tors=4 st=12004 hmax=267 pr=60 surv=25 ex=21 bad=0 hits=0 t=0s
  F3 c6/c3@t0=23: rank[3,3] g=3 src=pari sat=1 tors=4 st=11940 hmax=239 pr=60 surv=18 ex=16 bad=0 hits=0 t=0s
  F3 c7/c3@t0=23: rank[1,1] g=1 src=pari sat=1 tors=4 st=188 hmax=1145 pr=60 surv=17 ex=11 bad=0 hits=0 t=0s
  F3 c6/c5@t0=23: rank[3,3] g=3 src=pari sat=1 tors=4 st=12004 hmax=267 pr=60 surv=17 ex=15 bad=0 hits=0 t=1s
  F3 c7/c5@t0=23: rank[2,2] g=2 src=pari sat=1 tors=4 st=2436 hmax=1197 pr=60 surv=9 ex=7 bad=0 hits=0 t=0s
  F3 c6/c7@t0=23: rank[3,3] g=3 src=pari sat=1 tors=4 st=12004 hmax=267 pr=60 surv=17 ex=13 bad=0 hits=0 t=0s
  F4 c2/c3@t0=23: rank[3,3] g=3 src=pari sat=1 tors=4 st=12004 hmax=377 pr=60 surv=35 ex=31 bad=0 hits=0 t=0s
  F4 c2/c5@t0=23: rank[2,2] g=2 src=pari sat=1 tors=4 st=2324 hmax=1193 pr=60 surv=9 ex=5 bad=0 hits=0 t=0s
  F4 c2/c6@t0=23: rank[3,3] g=3 src=pari sat=1 tors=4 st=11940 hmax=239 pr=60 surv=19 ex=15 bad=0 hits=0 t=0s
  F4 c2/c7@t0=23: rank[3,3] g=3 src=pari sat=1 tors=4 st=11940 hmax=239 pr=60 surv=28 ex=24 bad=0 hits=0 t=0s
  F4 c3/c5@t0=23: rank[2,2] g=2 src=pari sat=1 tors=4 st=3340 hmax=1194 pr=60 surv=9 ex=5 bad=0 hits=0 t=0s
  F4 c3/c6@t0=23: rank[3,3] g=3 src=pari sat=1 tors=4 st=12004 hmax=377 pr=60 surv=27 ex=23 bad=0 hits=0 t=0s
  F4 c3/c7@t0=23: rank[2,2] g=2 src=pari sat=1 tors=4 st=3340 hmax=1194 pr=60 surv=9 ex=5 bad=0 hits=0 t=0s
  F4 c5/c6@t0=23: rank[1,1] g=1 src=pari sat=1 tors=4 st=188 hmax=1145 pr=60 surv=17 ex=9 bad=0 hits=0 t=0s
  F4 c5/c7@t0=23: rank[1,1] g=1 src=pari sat=1 tors=4 st=132 hmax=1157 pr=60 surv=9 ex=5 bad=0 hits=0 t=0s
  F4 c6/c7@t0=23: rank[3,3] g=3 src=pari sat=1 tors=4 st=12004 hmax=267 pr=60 surv=25 ex=21 bad=0 hits=0 t=1s
== (P,Q)=(97,71) C=7225 SQ
  F1 c0/c2@t0=71: rank[2,2] g=2 src=pari sat=1 tors=4 st=4852 hmax=1200 pr=60 surv=18 ex=14 bad=0 hits=0 t=0s
  F1 c0/c3@t0=71: rank[3,3] g=3 src=pari sat=1 tors=4 st=12004 hmax=278 pr=60 surv=21 ex=17 bad=0 hits=0 t=0s
  F1 c0/c6@t0=71: rank[1,1] g=1 src=pari sat=1 tors=8 st=264 hmax=1136 pr=60 surv=17 ex=13 bad=0 hits=0 t=0s
  F1 c0/c8@t0=71: rank[2,2] g=2 src=pari sat=1 tors=8 st=6392 hmax=1195 pr=60 surv=36 ex=32 bad=0 hits=0 t=0s
  F1 c2/c3@t0=71: rank[3,3] g=3 src=pari sat=1 tors=4 st=12004 hmax=278 pr=60 surv=17 ex=13 bad=0 hits=0 t=0s
  F1 c2/c6@t0=71: rank[3,3] g=3 src=pari sat=1 tors=8 st=24008 hmax=300 pr=60 surv=30 ex=26 bad=0 hits=0 t=0s
  F1 c2/c8@t0=71: rank[3,3] g=3 src=pari sat=1 tors=4 st=12004 hmax=302 pr=60 surv=25 ex=21 bad=0 hits=0 t=0s
  F1 c3/c6@t0=71: rank[2,2] g=2 src=pari sat=1 tors=4 st=4324 hmax=1198 pr=60 surv=17 ex=13 bad=0 hits=0 t=0s
  F1 c3/c8@t0=71: rank[2,2] g=2 src=pari sat=1 tors=4 st=4324 hmax=1198 pr=60 surv=18 ex=14 bad=0 hits=0 t=0s
  F1 c6/c8@t0=71: rank[3,3] g=3 src=pari sat=1 tors=4 st=11940 hmax=293 pr=60 surv=17 ex=13 bad=0 hits=0 t=0s
  F2 c2/c3@t0=71: rank[2,2] g=2 src=pari sat=1 tors=4 st=4852 hmax=1200 pr=60 surv=18 ex=14 bad=0 hits=0 t=0s
  F2 c2/c5@t0=71: rank[2,2] g=2 src=pari sat=1 tors=4 st=4852 hmax=1200 pr=60 surv=20 ex=16 bad=0 hits=0 t=0s
  F2 c2/c6@t0=71: rank[2,2] g=2 src=pari sat=1 tors=4 st=4612 hmax=1200 pr=60 surv=26 ex=22 bad=0 hits=0 t=0s
  F2 c2/c8@t0=71: rank[2,2] g=2 src=pari sat=1 tors=4 st=4612 hmax=1200 pr=60 surv=26 ex=22 bad=0 hits=0 t=1s
  F2 c3/c5@t0=71: rank[3,3] g=3 src=pari sat=1 tors=4 st=12004 hmax=278 pr=60 surv=21 ex=17 bad=0 hits=0 t=1s
  F2 c3/c6@t0=71: rank[3,3] g=3 src=pari sat=1 tors=4 st=12004 hmax=302 pr=60 surv=25 ex=21 bad=0 hits=0 t=1s
  F2 c3/c8@t0=71: rank[3,3] g=3 src=pari sat=1 tors=8 st=24008 hmax=300 pr=60 surv=30 ex=26 bad=0 hits=0 t=1s
  F2 c5/c6@t0=71: rank[1,1] g=1 src=pari sat=1 tors=8 st=264 hmax=1136 pr=60 surv=17 ex=13 bad=0 hits=0 t=0s
  F2 c5/c8@t0=71: rank[2,2] g=2 src=pari sat=1 tors=8 st=6392 hmax=1195 pr=60 surv=36 ex=32 bad=0 hits=0 t=0s
  F2 c6/c8@t0=71: rank[2,2] g=2 src=pari sat=1 tors=4 st=4516 hmax=1198 pr=60 surv=26 ex=22 bad=0 hits=0 t=0s
  F3 c1/c3@t0=71: rank[2,2] g=2 src=pari sat=1 tors=4 st=1940 hmax=1196 pr=60 surv=9 ex=7 bad=0 hits=0 t=0s
  F3 c1/c5@t0=71: rank[2,2] g=2 src=pari sat=1 tors=4 st=1780 hmax=1200 pr=60 surv=11 ex=9 bad=0 hits=0 t=0s
  F3 c1/c6@t0=71: rank[2,2] g=2 src=pari sat=1 tors=4 st=4612 hmax=1200 pr=60 surv=18 ex=14 bad=0 hits=0 t=0s
  F3 c1/c7@t0=71: rank[2,2] g=2 src=pari sat=1 tors=4 st=4612 hmax=1200 pr=60 surv=17 ex=13 bad=0 hits=0 t=0s
  F3 c3/c5@t0=85: rank[2,2] g=2 src=pari sat=1 tors=4 st=4516 hmax=1198 pr=60 surv=17 ex=13 bad=0 hits=0 t=0s
  F3 c6/c3@t0=71: rank[2,2] g=2 src=pari sat=1 tors=4 st=4612 hmax=1200 pr=60 surv=20 ex=18 bad=0 hits=0 t=0s
  F3 c7/c3@t0=71: rank[2,2] g=2 src=pari sat=1 tors=4 st=6188 hmax=1197 pr=60 surv=37 ex=31 bad=0 hits=0 t=0s
  F3 c6/c5@t0=71: rank[2,2] g=2 src=pari sat=1 tors=4 st=4516 hmax=1198 pr=60 surv=17 ex=15 bad=0 hits=0 t=0s
  F3 c7/c5@t0=71: rank[1,1] g=1 src=pari sat=1 tors=4 st=124 hmax=1080 pr=60 surv=9 ex=7 bad=0 hits=0 t=0s
  F3 c6/c7@t0=71: rank[2,2] g=2 src=pari sat=1 tors=4 st=4516 hmax=1198 pr=60 surv=17 ex=13 bad=0 hits=0 t=0s
  F4 c2/c3@t0=71: rank[2,2] g=2 src=pari sat=1 tors=4 st=1940 hmax=1196 pr=60 surv=9 ex=5 bad=0 hits=0 t=0s
  F4 c2/c5@t0=71: rank[2,2] g=2 src=pari sat=1 tors=4 st=1780 hmax=1200 pr=60 surv=11 ex=7 bad=0 hits=0 t=0s
  F4 c2/c6@t0=71: rank[2,2] g=2 src=pari sat=1 tors=4 st=4612 hmax=1200 pr=60 surv=27 ex=23 bad=0 hits=0 t=0s
  F4 c2/c7@t0=71: rank[2,2] g=2 src=pari sat=1 tors=4 st=4612 hmax=1200 pr=60 surv=17 ex=13 bad=0 hits=0 t=0s
  F4 c3/c5@t0=71: rank[1,1] g=1 src=pari sat=1 tors=4 st=124 hmax=1103 pr=60 surv=9 ex=5 bad=0 hits=0 t=0s
  F4 c3/c6@t0=71: rank[2,2] g=2 src=pari sat=1 tors=4 st=1940 hmax=1196 pr=60 surv=9 ex=5 bad=0 hits=0 t=0s
  F4 c3/c7@t0=71: rank[1,1] g=1 src=pari sat=1 tors=4 st=124 hmax=1103 pr=60 surv=9 ex=5 bad=0 hits=0 t=0s
  F4 c5/c6@t0=71: rank[2,2] g=2 src=pari sat=1 tors=4 st=6188 hmax=1197 pr=60 surv=29 ex=21 bad=0 hits=0 t=0s
  F4 c5/c7@t0=71: rank[2,2] g=2 src=pari sat=1 tors=4 st=5452 hmax=1199 pr=60 surv=10 ex=6 bad=0 hits=0 t=0s
  F4 c6/c7@t0=71: rank[2,2] g=2 src=pari sat=1 tors=4 st=4516 hmax=1198 pr=60 surv=17 ex=13 bad=0 hits=0 t=0s
== (P,Q)=(103,7) C=5329 SQ
  F1 c0/c2@t0=7: rank[2,2] g=2 src=pari sat=1 tors=4 st=5212 hmax=1200 pr=60 surv=17 ex=13 bad=0 hits=0 t=0s
  F1 c0/c3@t0=7: rank[3,3] g=3 src=pari sat=1 tors=4 st=12004 hmax=190 pr=60 surv=18 ex=14 bad=0 hits=0 t=0s
  F1 c0/c6@t0=7: rank[1,1] g=1 src=pari sat=1 tors=8 st=280 hmax=1195 pr=60 surv=18 ex=14 bad=0 hits=0 t=0s
  F1 c0/c8@t0=7: rank[1,1] g=1 src=pari sat=1 tors=8 st=264 hmax=1098 pr=60 surv=25 ex=21 bad=0 hits=0 t=0s
  F1 c2/c3@t0=7: rank[3,3] g=3 src=pari sat=1 tors=4 st=12004 hmax=190 pr=60 surv=18 ex=14 bad=0 hits=0 t=0s
  F1 c2/c6@t0=7: rank[2,2] g=2 src=pari sat=1 tors=8 st=4232 hmax=1194 pr=60 surv=18 ex=14 bad=0 hits=0 t=0s
  F1 c2/c8@t0=7: rank[3,3] g=3 src=pari sat=1 tors=4 st=11876 hmax=274 pr=60 surv=34 ex=30 bad=0 hits=0 t=0s
  F1 c3/c6@t0=7: rank[2,2] g=2 src=pari sat=1 tors=4 st=4468 hmax=1197 pr=60 surv=18 ex=14 bad=0 hits=0 t=0s
  F1 c3/c8@t0=7: rank[2,2] g=2 src=pari sat=1 tors=4 st=4468 hmax=1197 pr=60 surv=19 ex=15 bad=0 hits=0 t=0s
  F1 c6/c8@t0=7: rank[4,4] g=4 src=pari sat=1 tors=4 st=11916 hmax=94 pr=60 surv=34 ex=30 bad=0 hits=0 t=0s
  F2 c2/c3@t0=7: rank[2,2] g=2 src=pari sat=1 tors=4 st=5212 hmax=1200 pr=60 surv=17 ex=13 bad=0 hits=0 t=0s
  F2 c2/c5@t0=7: rank[2,2] g=2 src=pari sat=1 tors=4 st=5212 hmax=1200 pr=60 surv=17 ex=13 bad=0 hits=0 t=0s
  F2 c2/c6@t0=7: rank[3,3] g=3 src=pari sat=1 tors=4 st=11988 hmax=306 pr=60 surv=34 ex=30 bad=0 hits=0 t=0s
  F2 c2/c8@t0=7: rank[3,3] g=3 src=pari sat=1 tors=4 st=11988 hmax=306 pr=60 surv=34 ex=30 bad=0 hits=0 t=1s
  F2 c3/c5@t0=7: rank[3,3] g=3 src=pari sat=1 tors=4 st=12004 hmax=190 pr=60 surv=19 ex=15 bad=0 hits=0 t=0s
  F2 c3/c6@t0=7: rank[3,3] g=3 src=pari sat=1 tors=4 st=11876 hmax=274 pr=60 surv=33 ex=29 bad=0 hits=0 t=0s
  F2 c3/c8@t0=7: rank[2,2] g=2 src=pari sat=1 tors=8 st=4232 hmax=1194 pr=60 surv=17 ex=13 bad=0 hits=0 t=0s
  F2 c5/c6@t0=7: rank[1,1] g=1 src=pari sat=1 tors=8 st=280 hmax=1195 pr=60 surv=18 ex=14 bad=0 hits=0 t=0s
  F2 c5/c8@t0=7: rank[1,1] g=1 src=pari sat=1 tors=8 st=264 hmax=1098 pr=60 surv=25 ex=21 bad=0 hits=0 t=0s
  F2 c6/c8@t0=7: rank[2,2] g=2 src=pari sat=1 tors=4 st=4564 hmax=1200 pr=60 surv=17 ex=13 bad=0 hits=0 t=0s
  F3 c1/c3@t0=7: rank[2,2] g=2 src=pari sat=1 tors=4 st=2292 hmax=1198 pr=60 surv=11 ex=9 bad=0 hits=0 t=0s
  F3 c1/c5@t0=7: rank[2,2] g=2 src=pari sat=1 tors=4 st=1492 hmax=1194 pr=60 surv=9 ex=7 bad=0 hits=0 t=0s
  F3 c1/c6@t0=7: rank[3,3] g=3 src=pari sat=1 tors=4 st=11988 hmax=306 pr=60 surv=17 ex=13 bad=0 hits=0 t=0s
  F3 c1/c7@t0=7: rank[3,3] g=3 src=pari sat=1 tors=4 st=11988 hmax=306 pr=60 surv=25 ex=21 bad=0 hits=0 t=0s
  F3 c3/c5@t0=73: rank[2,2] g=2 src=pari sat=1 tors=4 st=4564 hmax=1200 pr=60 surv=42 ex=38 bad=0 hits=0 t=0s
  F3 c6/c3@t0=7: rank[3,3] g=3 src=pari sat=1 tors=4 st=11988 hmax=306 pr=60 surv=17 ex=15 bad=0 hits=0 t=0s
  F3 c7/c3@t0=7: rank[2,2] g=2 src=pari sat=1 tors=4 st=7108 hmax=1199 pr=60 surv=38 ex=32 bad=0 hits=0 t=0s
  F3 c6/c5@t0=7: rank[2,2] g=2 src=pari sat=1 tors=4 st=4564 hmax=1200 pr=60 surv=25 ex=23 bad=0 hits=0 t=1s
  F3 c7/c5@t0=7: rank[1,1] g=1 src=pari sat=1 tors=4 st=124 hmax=1082 pr=60 surv=9 ex=7 bad=0 hits=0 t=0s
  F3 c6/c7@t0=7: rank[2,2] g=2 src=pari sat=1 tors=4 st=4564 hmax=1200 pr=60 surv=25 ex=21 bad=0 hits=0 t=1s
  F4 c2/c3@t0=7: rank[2,2] g=2 src=pari sat=1 tors=4 st=2292 hmax=1198 pr=60 surv=11 ex=7 bad=0 hits=0 t=1s
  F4 c2/c5@t0=7: rank[2,2] g=2 src=pari sat=1 tors=4 st=1492 hmax=1194 pr=60 surv=9 ex=5 bad=0 hits=0 t=1s
  F4 c2/c6@t0=7: rank[3,3] g=3 src=pari sat=1 tors=4 st=11988 hmax=306 pr=60 surv=17 ex=13 bad=0 hits=0 t=1s
  F4 c2/c7@t0=7: rank[3,3] g=3 src=pari sat=1 tors=4 st=11988 hmax=306 pr=60 surv=17 ex=13 bad=0 hits=0 t=0s
  F4 c3/c5@t0=7: rank[2,2] g=2 src=pari sat=1 tors=4 st=3404 hmax=1196 pr=60 surv=10 ex=6 bad=0 hits=0 t=0s
  F4 c3/c6@t0=7: rank[2,2] g=2 src=pari sat=1 tors=4 st=2292 hmax=1198 pr=60 surv=11 ex=7 bad=0 hits=0 t=0s
  F4 c3/c7@t0=7: rank[2,2] g=2 src=pari sat=1 tors=4 st=3404 hmax=1196 pr=60 surv=10 ex=6 bad=0 hits=0 t=0s
  F4 c5/c6@t0=7: rank[2,2] g=2 src=pari sat=1 tors=4 st=7108 hmax=1199 pr=60 surv=38 ex=30 bad=0 hits=0 t=0s
  F4 c5/c7@t0=7: rank[2,2] g=2 src=pari sat=1 tors=4 st=3900 hmax=1195 pr=60 surv=9 ex=5 bad=0 hits=0 t=0s
  F4 c6/c7@t0=7: rank[2,2] g=2 src=pari sat=1 tors=4 st=4564 hmax=1200 pr=60 surv=42 ex=38 bad=0 hits=0 t=0s
== (P,Q)=(113,41) C=7225 SQ
  F1 c0/c2@t0=41: rank[3,3] g=3 src=pari sat=1 tors=4 st=11980 hmax=300 pr=60 surv=18 ex=14 bad=0 hits=0 t=1s
  F1 c0/c3@t0=41: rank[3,3] g=3 src=pari sat=1 tors=4 st=11924 hmax=214 pr=60 surv=37 ex=33 bad=0 hits=0 t=0s
  F1 c0/c6@t0=41: rank[2,2] g=2 src=pari sat=1 tors=8 st=5544 hmax=1191 pr=60 surv=30 ex=26 bad=0 hits=0 t=0s
  F1 c0/c8@t0=41: rank[1,1] g=1 src=pari sat=1 tors=8 st=264 hmax=1152 pr=60 surv=17 ex=13 bad=0 hits=0 t=0s
  F1 c2/c3@t0=41: rank[3,3] g=3 src=pari sat=1 tors=4 st=11924 hmax=214 pr=60 surv=34 ex=30 bad=0 hits=0 t=0s
  F1 c2/c6@t0=41: rank[1,1] g=1 src=pari sat=1 tors=8 st=264 hmax=1106 pr=60 surv=17 ex=13 bad=0 hits=0 t=0s
  F1 c2/c8@t0=41: rank[4,4] g=4 src=pari sat=1 tors=4 st=12004 hmax=91 pr=60 surv=28 ex=24 bad=0 hits=0 t=0s
  F1 c3/c6@t0=41: rank[3,3] g=3 src=pari sat=1 tors=4 st=11948 hmax=273 pr=60 surv=41 ex=37 bad=0 hits=0 t=0s
  F1 c3/c8@t0=41: rank[3,3] g=3 src=pari sat=1 tors=4 st=11948 hmax=273 pr=60 surv=44 ex=40 bad=0 hits=0 t=0s
  F1 c6/c8@t0=41: rank[3,3] g=3 src=pari sat=1 tors=4 st=11956 hmax=396 pr=60 surv=35 ex=31 bad=0 hits=0 t=0s
  F2 c2/c3@t0=41: rank[3,3] g=3 src=pari sat=1 tors=4 st=11980 hmax=300 pr=60 surv=18 ex=14 bad=0 hits=0 t=1s
  F2 c2/c5@t0=41: rank[3,3] g=3 src=pari sat=1 tors=4 st=11980 hmax=300 pr=60 surv=17 ex=13 bad=0 hits=0 t=1s
  F2 c2/c6@t0=41: rank[3,3] g=3 src=pari sat=1 tors=4 st=11940 hmax=212 pr=60 surv=17 ex=13 bad=0 hits=0 t=1s
  F2 c2/c8@t0=41: rank[3,3] g=3 src=pari sat=1 tors=4 st=11940 hmax=212 pr=60 surv=18 ex=14 bad=0 hits=0 t=0s
  F2 c3/c5@t0=41: rank[3,3] g=3 src=pari sat=1 tors=4 st=11924 hmax=214 pr=60 surv=34 ex=30 bad=0 hits=0 t=0s
  F2 c3/c6@t0=41: rank[4,4] g=4 src=pari sat=1 tors=4 st=12004 hmax=91 pr=60 surv=23 ex=19 bad=0 hits=0 t=0s
  F2 c3/c8@t0=41: rank[1,1] g=1 src=pari sat=1 tors=8 st=264 hmax=1106 pr=60 surv=17 ex=13 bad=0 hits=0 t=1s
  F2 c5/c6@t0=41: rank[2,2] g=2 src=pari sat=1 tors=8 st=5544 hmax=1191 pr=60 surv=30 ex=26 bad=0 hits=0 t=1s
  F2 c5/c8@t0=41: rank[1,1] g=1 src=pari sat=1 tors=8 st=264 hmax=1152 pr=60 surv=17 ex=13 bad=0 hits=0 t=0s
  F2 c6/c8@t0=41: rank[3,3] g=3 src=pari sat=1 tors=4 st=11972 hmax=224 pr=60 surv=20 ex=16 bad=0 hits=0 t=0s
  F3 c1/c3@t0=41: rank[2,2] g=2 src=pari sat=1 tors=4 st=4572 hmax=1198 pr=60 surv=17 ex=15 bad=0 hits=8 t=0s
   HIT F3 (P,Q)=(113,41) t=-373/5 nsq=7 pos=True cells=[12769, 83521/25, 139129/25, 529/25, 7225, 360721/25, 222121/25, 277729/25, 1681]
   HIT F3 (P,Q)=(113,41) t=373/5 nsq=7 pos=True cells=[12769, 83521/25, 139129/25, 529/25, 7225, 360721/25, 222121/25, 277729/25, 1681]
   HIT F3 (P,Q)=(113,41) t=373/5 nsq=7 pos=True cells=[12769, 83521/25, 139129/25, 529/25, 7225, 360721/25, 222121/25, 277729/25, 1681]
   HIT F3 (P,Q)=(113,41) t=-373/5 nsq=7 pos=True cells=[12769, 83521/25, 139129/25, 529/25, 7225, 360721/25, 222121/25, 277729/25, 1681]
   HIT F3 (P,Q)=(113,41) t=373/5 nsq=7 pos=True cells=[12769, 83521/25, 139129/25, 529/25, 7225, 360721/25, 222121/25, 277729/25, 1681]
   HIT F3 (P,Q)=(113,41) t=-373/5 nsq=7 pos=True cells=[12769, 83521/25, 139129/25, 529/25, 7225, 360721/25, 222121/25, 277729/25, 1681]
   HIT F3 (P,Q)=(113,41) t=-373/5 nsq=7 pos=True cells=[12769, 83521/25, 139129/25, 529/25, 7225, 360721/25, 222121/25, 277729/25, 1681]
   HIT F3 (P,Q)=(113,41) t=373/5 nsq=7 pos=True cells=[12769, 83521/25, 139129/25, 529/25, 7225, 360721/25, 222121/25, 277729/25, 1681]
  F3 c1/c5@t0=41: rank[2,2] g=2 src=pari sat=1 tors=4 st=2260 hmax=1197 pr=60 surv=9 ex=7 bad=0 hits=0 t=0s
  F3 c1/c6@t0=41: rank[3,3] g=3 src=pari sat=1 tors=4 st=11940 hmax=212 pr=60 surv=17 ex=13 bad=0 hits=0 t=0s
  F3 c1/c7@t0=41: rank[3,3] g=3 src=pari sat=1 tors=4 st=11940 hmax=212 pr=60 surv=25 ex=21 bad=0 hits=8 t=1s
   HIT F3 (P,Q)=(113,41) t=-373/5 nsq=7 pos=True cells=[12769, 83521/25, 139129/25, 529/25, 7225, 360721/25, 222121/25, 277729/25, 1681]
   HIT F3 (P,Q)=(113,41) t=373/5 nsq=7 pos=True cells=[12769, 83521/25, 139129/25, 529/25, 7225, 360721/25, 222121/25, 277729/25, 1681]
   HIT F3 (P,Q)=(113,41) t=-373/5 nsq=7 pos=True cells=[12769, 83521/25, 139129/25, 529/25, 7225, 360721/25, 222121/25, 277729/25, 1681]
   HIT F3 (P,Q)=(113,41) t=373/5 nsq=7 pos=True cells=[12769, 83521/25, 139129/25, 529/25, 7225, 360721/25, 222121/25, 277729/25, 1681]
   HIT F3 (P,Q)=(113,41) t=373/5 nsq=7 pos=True cells=[12769, 83521/25, 139129/25, 529/25, 7225, 360721/25, 222121/25, 277729/25, 1681]
   HIT F3 (P,Q)=(113,41) t=-373/5 nsq=7 pos=True cells=[12769, 83521/25, 139129/25, 529/25, 7225, 360721/25, 222121/25, 277729/25, 1681]
   HIT F3 (P,Q)=(113,41) t=373/5 nsq=7 pos=True cells=[12769, 83521/25, 139129/25, 529/25, 7225, 360721/25, 222121/25, 277729/25, 1681]
   HIT F3 (P,Q)=(113,41) t=-373/5 nsq=7 pos=True cells=[12769, 83521/25, 139129/25, 529/25, 7225, 360721/25, 222121/25, 277729/25, 1681]
  F3 c3/c5@t0=85: rank[3,3] g=3 src=pari sat=1 tors=4 st=11972 hmax=224 pr=60 surv=23 ex=19 bad=0 hits=0 t=0s
  F3 c6/c3@t0=41: rank[3,3] g=3 src=pari sat=1 tors=4 st=11940 hmax=212 pr=60 surv=17 ex=15 bad=0 hits=0 t=0s
  F3 c7/c3@t0=41: rank[2,2] g=2 src=pari sat=1 tors=4 st=5668 hmax=1200 pr=60 surv=45 ex=39 bad=0 hits=8 t=0s
   HIT F3 (P,Q)=(113,41) t=373/5 nsq=7 pos=True cells=[12769, 83521/25, 139129/25, 529/25, 7225, 360721/25, 222121/25, 277729/25, 1681]
   HIT F3 (P,Q)=(113,41) t=-373/5 nsq=7 pos=True cells=[12769, 83521/25, 139129/25, 529/25, 7225, 360721/25, 222121/25, 277729/25, 1681]
   HIT F3 (P,Q)=(113,41) t=373/5 nsq=7 pos=True cells=[12769, 83521/25, 139129/25, 529/25, 7225, 360721/25, 222121/25, 277729/25, 1681]
   HIT F3 (P,Q)=(113,41) t=-373/5 nsq=7 pos=True cells=[12769, 83521/25, 139129/25, 529/25, 7225, 360721/25, 222121/25, 277729/25, 1681]
   HIT F3 (P,Q)=(113,41) t=-373/5 nsq=7 pos=True cells=[12769, 83521/25, 139129/25, 529/25, 7225, 360721/25, 222121/25, 277729/25, 1681]
   HIT F3 (P,Q)=(113,41) t=373/5 nsq=7 pos=True cells=[12769, 83521/25, 139129/25, 529/25, 7225, 360721/25, 222121/25, 277729/25, 1681]
   HIT F3 (P,Q)=(113,41) t=-373/5 nsq=7 pos=True cells=[12769, 83521/25, 139129/25, 529/25, 7225, 360721/25, 222121/25, 277729/25, 1681]
   HIT F3 (P,Q)=(113,41) t=373/5 nsq=7 pos=True cells=[12769, 83521/25, 139129/25, 529/25, 7225, 360721/25, 222121/25, 277729/25, 1681]
  F3 c6/c5@t0=41: rank[3,3] g=3 src=pari sat=1 tors=4 st=11972 hmax=224 pr=60 surv=21 ex=19 bad=0 hits=0 t=0s
  F3 c7/c5@t0=41: rank[2,2] g=2 src=pari sat=1 tors=4 st=2916 hmax=1190 pr=60 surv=21 ex=19 bad=0 hits=0 t=0s
  F3 c6/c7@t0=41: rank[3,3] g=3 src=pari sat=1 tors=4 st=11972 hmax=224 pr=60 surv=22 ex=18 bad=0 hits=0 t=0s
  F4 c2/c3@t0=41: rank[2,2] g=2 src=pari sat=1 tors=4 st=4572 hmax=1198 pr=60 surv=17 ex=13 bad=0 hits=8 t=0s
   HIT F4 (P,Q)=(113,41) t=289/5 nsq=7 pos=True cells=[12769, 83521/25, 139129/25, 529/25, 7225, 360721/25, 222121/25, 277729/25, 1681]
   HIT F4 (P,Q)=(113,41) t=289/5 nsq=7 pos=True cells=[12769, 83521/25, 139129/25, 529/25, 7225, 360721/25, 222121/25, 277729/25, 1681]
   HIT F4 (P,Q)=(113,41) t=-289/5 nsq=7 pos=True cells=[12769, 83521/25, 139129/25, 529/25, 7225, 360721/25, 222121/25, 277729/25, 1681]
   HIT F4 (P,Q)=(113,41) t=-289/5 nsq=7 pos=True cells=[12769, 83521/25, 139129/25, 529/25, 7225, 360721/25, 222121/25, 277729/25, 1681]
   HIT F4 (P,Q)=(113,41) t=-289/5 nsq=7 pos=True cells=[12769, 83521/25, 139129/25, 529/25, 7225, 360721/25, 222121/25, 277729/25, 1681]
   HIT F4 (P,Q)=(113,41) t=-289/5 nsq=7 pos=True cells=[12769, 83521/25, 139129/25, 529/25, 7225, 360721/25, 222121/25, 277729/25, 1681]
   HIT F4 (P,Q)=(113,41) t=289/5 nsq=7 pos=True cells=[12769, 83521/25, 139129/25, 529/25, 7225, 360721/25, 222121/25, 277729/25, 1681]
   HIT F4 (P,Q)=(113,41) t=289/5 nsq=7 pos=True cells=[12769, 83521/25, 139129/25, 529/25, 7225, 360721/25, 222121/25, 277729/25, 1681]
  F4 c2/c5@t0=41: rank[2,2] g=2 src=pari sat=1 tors=4 st=2260 hmax=1197 pr=60 surv=9 ex=5 bad=0 hits=0 t=0s
  F4 c2/c6@t0=41: rank[3,3] g=3 src=pari sat=1 tors=4 st=11940 hmax=212 pr=60 surv=17 ex=13 bad=0 hits=0 t=0s
  F4 c2/c7@t0=41: rank[3,3] g=3 src=pari sat=1 tors=4 st=11940 hmax=212 pr=60 surv=25 ex=21 bad=0 hits=8 t=0s
   HIT F4 (P,Q)=(113,41) t=-289/5 nsq=7 pos=True cells=[12769, 83521/25, 139129/25, 529/25, 7225, 360721/25, 222121/25, 277729/25, 1681]
   HIT F4 (P,Q)=(113,41) t=-289/5 nsq=7 pos=True cells=[12769, 83521/25, 139129/25, 529/25, 7225, 360721/25, 222121/25, 277729/25, 1681]
   HIT F4 (P,Q)=(113,41) t=289/5 nsq=7 pos=True cells=[12769, 83521/25, 139129/25, 529/25, 7225, 360721/25, 222121/25, 277729/25, 1681]
   HIT F4 (P,Q)=(113,41) t=289/5 nsq=7 pos=True cells=[12769, 83521/25, 139129/25, 529/25, 7225, 360721/25, 222121/25, 277729/25, 1681]
   HIT F4 (P,Q)=(113,41) t=289/5 nsq=7 pos=True cells=[12769, 83521/25, 139129/25, 529/25, 7225, 360721/25, 222121/25, 277729/25, 1681]
   HIT F4 (P,Q)=(113,41) t=289/5 nsq=7 pos=True cells=[12769, 83521/25, 139129/25, 529/25, 7225, 360721/25, 222121/25, 277729/25, 1681]
   HIT F4 (P,Q)=(113,41) t=-289/5 nsq=7 pos=True cells=[12769, 83521/25, 139129/25, 529/25, 7225, 360721/25, 222121/25, 277729/25, 1681]
   HIT F4 (P,Q)=(113,41) t=-289/5 nsq=7 pos=True cells=[12769, 83521/25, 139129/25, 529/25, 7225, 360721/25, 222121/25, 277729/25, 1681]
  F4 c3/c5@t0=41: rank[2,2] g=2 src=pari sat=1 tors=4 st=4860 hmax=1199 pr=60 surv=21 ex=17 bad=0 hits=8 t=0s
   HIT F4 (P,Q)=(113,41) t=23/5 nsq=7 pos=True cells=[12769, 529/25, 222121/25, 83521/25, 7225, 277729/25, 139129/25, 360721/25, 1681]
   HIT F4 (P,Q)=(113,41) t=-23/5 nsq=7 pos=True cells=[12769, 529/25, 222121/25, 83521/25, 7225, 277729/25, 139129/25, 360721/25, 1681]
   HIT F4 (P,Q)=(113,41) t=23/5 nsq=7 pos=True cells=[12769, 529/25, 222121/25, 83521/25, 7225, 277729/25, 139129/25, 360721/25, 1681]
   HIT F4 (P,Q)=(113,41) t=-23/5 nsq=7 pos=True cells=[12769, 529/25, 222121/25, 83521/25, 7225, 277729/25, 139129/25, 360721/25, 1681]
   HIT F4 (P,Q)=(113,41) t=-23/5 nsq=7 pos=True cells=[12769, 529/25, 222121/25, 83521/25, 7225, 277729/25, 139129/25, 360721/25, 1681]
   HIT F4 (P,Q)=(113,41) t=23/5 nsq=7 pos=True cells=[12769, 529/25, 222121/25, 83521/25, 7225, 277729/25, 139129/25, 360721/25, 1681]
   HIT F4 (P,Q)=(113,41) t=-23/5 nsq=7 pos=True cells=[12769, 529/25, 222121/25, 83521/25, 7225, 277729/25, 139129/25, 360721/25, 1681]
   HIT F4 (P,Q)=(113,41) t=23/5 nsq=7 pos=True cells=[12769, 529/25, 222121/25, 83521/25, 7225, 277729/25, 139129/25, 360721/25, 1681]
  F4 c3/c6@t0=41: rank[2,2] g=2 src=pari sat=1 tors=4 st=4572 hmax=1198 pr=60 surv=17 ex=13 bad=0 hits=8 t=0s
   HIT F4 (P,Q)=(113,41) t=23/5 nsq=7 pos=True cells=[12769, 529/25, 222121/25, 83521/25, 7225, 277729/25, 139129/25, 360721/25, 1681]
   HIT F4 (P,Q)=(113,41) t=-23/5 nsq=7 pos=True cells=[12769, 529/25, 222121/25, 83521/25, 7225, 277729/25, 139129/25, 360721/25, 1681]
   HIT F4 (P,Q)=(113,41) t=23/5 nsq=7 pos=True cells=[12769, 529/25, 222121/25, 83521/25, 7225, 277729/25, 139129/25, 360721/25, 1681]
   HIT F4 (P,Q)=(113,41) t=-23/5 nsq=7 pos=True cells=[12769, 529/25, 222121/25, 83521/25, 7225, 277729/25, 139129/25, 360721/25, 1681]
   HIT F4 (P,Q)=(113,41) t=-23/5 nsq=7 pos=True cells=[12769, 529/25, 222121/25, 83521/25, 7225, 277729/25, 139129/25, 360721/25, 1681]
   HIT F4 (P,Q)=(113,41) t=23/5 nsq=7 pos=True cells=[12769, 529/25, 222121/25, 83521/25, 7225, 277729/25, 139129/25, 360721/25, 1681]
   HIT F4 (P,Q)=(113,41) t=-23/5 nsq=7 pos=True cells=[12769, 529/25, 222121/25, 83521/25, 7225, 277729/25, 139129/25, 360721/25, 1681]
   HIT F4 (P,Q)=(113,41) t=23/5 nsq=7 pos=True cells=[12769, 529/25, 222121/25, 83521/25, 7225, 277729/25, 139129/25, 360721/25, 1681]
  F4 c3/c7@t0=41: rank[2,2] g=2 src=pari sat=1 tors=4 st=4860 hmax=1199 pr=60 surv=21 ex=17 bad=0 hits=8 t=0s
   HIT F4 (P,Q)=(113,41) t=-289/5 nsq=7 pos=True cells=[12769, 83521/25, 139129/25, 529/25, 7225, 360721/25, 222121/25, 277729/25, 1681]
   HIT F4 (P,Q)=(113,41) t=-289/5 nsq=7 pos=True cells=[12769, 83521/25, 139129/25, 529/25, 7225, 360721/25, 222121/25, 277729/25, 1681]
   HIT F4 (P,Q)=(113,41) t=289/5 nsq=7 pos=True cells=[12769, 83521/25, 139129/25, 529/25, 7225, 360721/25, 222121/25, 277729/25, 1681]
   HIT F4 (P,Q)=(113,41) t=289/5 nsq=7 pos=True cells=[12769, 83521/25, 139129/25, 529/25, 7225, 360721/25, 222121/25, 277729/25, 1681]
   HIT F4 (P,Q)=(113,41) t=289/5 nsq=7 pos=True cells=[12769, 83521/25, 139129/25, 529/25, 7225, 360721/25, 222121/25, 277729/25, 1681]
   HIT F4 (P,Q)=(113,41) t=289/5 nsq=7 pos=True cells=[12769, 83521/25, 139129/25, 529/25, 7225, 360721/25, 222121/25, 277729/25, 1681]
   HIT F4 (P,Q)=(113,41) t=-289/5 nsq=7 pos=True cells=[12769, 83521/25, 139129/25, 529/25, 7225, 360721/25, 222121/25, 277729/25, 1681]
   HIT F4 (P,Q)=(113,41) t=-289/5 nsq=7 pos=True cells=[12769, 83521/25, 139129/25, 529/25, 7225, 360721/25, 222121/25, 277729/25, 1681]
  F4 c5/c6@t0=41: rank[2,2] g=2 src=pari sat=1 tors=4 st=5668 hmax=1200 pr=60 surv=37 ex=29 bad=0 hits=8 t=0s
   HIT F4 (P,Q)=(113,41) t=-23/5 nsq=7 pos=True cells=[12769, 529/25, 222121/25, 83521/25, 7225, 277729/25, 139129/25, 360721/25, 1681]
   HIT F4 (P,Q)=(113,41) t=23/5 nsq=7 pos=True cells=[12769, 529/25, 222121/25, 83521/25, 7225, 277729/25, 139129/25, 360721/25, 1681]
   HIT F4 (P,Q)=(113,41) t=23/5 nsq=7 pos=True cells=[12769, 529/25, 222121/25, 83521/25, 7225, 277729/25, 139129/25, 360721/25, 1681]
   HIT F4 (P,Q)=(113,41) t=-23/5 nsq=7 pos=True cells=[12769, 529/25, 222121/25, 83521/25, 7225, 277729/25, 139129/25, 360721/25, 1681]
   HIT F4 (P,Q)=(113,41) t=23/5 nsq=7 pos=True cells=[12769, 529/25, 222121/25, 83521/25, 7225, 277729/25, 139129/25, 360721/25, 1681]
   HIT F4 (P,Q)=(113,41) t=-23/5 nsq=7 pos=True cells=[12769, 529/25, 222121/25, 83521/25, 7225, 277729/25, 139129/25, 360721/25, 1681]
   HIT F4 (P,Q)=(113,41) t=-23/5 nsq=7 pos=True cells=[12769, 529/25, 222121/25, 83521/25, 7225, 277729/25, 139129/25, 360721/25, 1681]
   HIT F4 (P,Q)=(113,41) t=23/5 nsq=7 pos=True cells=[12769, 529/25, 222121/25, 83521/25, 7225, 277729/25, 139129/25, 360721/25, 1681]
  F4 c5/c7@t0=41: rank[2,2] g=2 src=pari sat=1 tors=4 st=5436 hmax=1198 pr=60 surv=10 ex=6 bad=0 hits=0 t=0s
  F4 c6/c7@t0=41: rank[3,3] g=3 src=pari sat=1 tors=4 st=11972 hmax=224 pr=60 surv=23 ex=19 bad=0 hits=0 t=1s
== (P,Q)=(119,41) C=7921 SQ
  F1 c0/c2@t0=41: rank[2,2] g=2 src=pari sat=1 tors=4 st=4876 hmax=1198 pr=60 surv=17 ex=13 bad=0 hits=0 t=0s
  F1 c0/c3@t0=41: rank[3,3] g=3 src=pari sat=1 tors=4 st=11892 hmax=265 pr=60 surv=17 ex=13 bad=0 hits=0 t=0s
  F1 c0/c6@t0=41: rank[1,1] g=1 src=pari sat=1 tors=8 st=264 hmax=1135 pr=60 surv=18 ex=14 bad=0 hits=0 t=0s
  F1 c0/c8@t0=41: rank[2,2] g=2 src=pari sat=1 tors=8 st=3848 hmax=1189 pr=60 surv=25 ex=21 bad=0 hits=0 t=0s
  F1 c2/c3@t0=41: rank[3,3] g=3 src=pari sat=1 tors=4 st=11892 hmax=265 pr=60 surv=17 ex=13 bad=0 hits=0 t=0s
  F1 c2/c6@t0=41: rank[1,1] g=1 src=pari sat=1 tors=8 st=264 hmax=1116 pr=60 surv=17 ex=13 bad=0 hits=0 t=0s
  F1 c2/c8@t0=41: rank[3,3] g=3 src=pari sat=1 tors=4 st=11964 hmax=331 pr=60 surv=25 ex=21 bad=0 hits=0 t=1s
  F1 c3/c6@t0=41: rank[2,2] g=2 src=pari sat=1 tors=4 st=4284 hmax=1196 pr=60 surv=33 ex=29 bad=0 hits=0 t=0s
  F1 c3/c8@t0=41: rank[2,2] g=2 src=pari sat=1 tors=4 st=4284 hmax=1196 pr=60 surv=34 ex=30 bad=0 hits=0 t=0s
  F1 c6/c8@t0=41: rank[4,4] g=4 src=pari sat=1 tors=4 st=11972 hmax=70 pr=60 surv=26 ex=22 bad=0 hits=0 t=1s
  F2 c2/c3@t0=41: rank[2,2] g=2 src=pari sat=1 tors=4 st=4876 hmax=1198 pr=60 surv=17 ex=13 bad=0 hits=0 t=0s
  F2 c2/c5@t0=41: rank[2,2] g=2 src=pari sat=1 tors=4 st=4876 hmax=1198 pr=60 surv=19 ex=15 bad=0 hits=0 t=0s
  F2 c2/c6@t0=41: rank[3,3] g=3 src=pari sat=1 tors=4 st=12004 hmax=305 pr=60 surv=18 ex=14 bad=0 hits=0 t=1s
  F2 c2/c8@t0=41: rank[3,3] g=3 src=pari sat=1 tors=4 st=12004 hmax=305 pr=60 surv=19 ex=15 bad=0 hits=0 t=1s
  F2 c3/c5@t0=41: rank[3,3] g=3 src=pari sat=1 tors=4 st=11892 hmax=265 pr=60 surv=25 ex=21 bad=0 hits=0 t=1s
  F2 c3/c6@t0=41: rank[3,3] g=3 src=pari sat=1 tors=4 st=11964 hmax=331 pr=60 surv=35 ex=31 bad=0 hits=0 t=0s
  F2 c3/c8@t0=41: rank[1,1] g=1 src=pari sat=1 tors=8 st=264 hmax=1116 pr=60 surv=17 ex=13 bad=0 hits=0 t=0s
  F2 c5/c6@t0=41: rank[1,1] g=1 src=pari sat=1 tors=8 st=264 hmax=1135 pr=60 surv=18 ex=14 bad=0 hits=0 t=1s
  F2 c5/c8@t0=41: rank[2,2] g=2 src=pari sat=1 tors=8 st=3848 hmax=1189 pr=60 surv=25 ex=21 bad=0 hits=0 t=1s
  F2 c6/c8@t0=41: rank[2,2] g=2 src=pari sat=1 tors=4 st=4388 hmax=1199 pr=60 surv=25 ex=21 bad=0 hits=0 t=1s
  F3 c1/c3@t0=41: rank[3,3] g=3 src=pari sat=1 tors=4 st=11932 hmax=371 pr=60 surv=12 ex=10 bad=0 hits=0 t=1s
  F3 c1/c5@t0=41: rank[2,2] g=2 src=pari sat=1 tors=4 st=1340 hmax=1200 pr=60 surv=9 ex=7 bad=0 hits=0 t=1s
  F3 c1/c6@t0=41: rank[3,3] g=3 src=pari sat=1 tors=4 st=12004 hmax=305 pr=60 surv=22 ex=18 bad=0 hits=0 t=0s
  F3 c1/c7@t0=41: rank[3,3] g=3 src=pari sat=1 tors=4 st=12004 hmax=305 pr=60 surv=25 ex=21 bad=0 hits=0 t=0s
  F3 c3/c5@t0=89: rank[2,2] g=2 src=pari sat=1 tors=4 st=4388 hmax=1199 pr=60 surv=38 ex=34 bad=0 hits=0 t=0s
  F3 c6/c3@t0=41: rank[3,3] g=3 src=pari sat=1 tors=4 st=12004 hmax=305 pr=60 surv=22 ex=20 bad=0 hits=0 t=1s
  F3 c7/c3@t0=41: rank[1,1] g=1 src=pari sat=1 tors=4 st=180 hmax=1121 pr=60 surv=13 ex=7 bad=0 hits=0 t=0s
  F3 c6/c5@t0=41: rank[2,2] g=2 src=pari sat=1 tors=4 st=4388 hmax=1199 pr=60 surv=17 ex=15 bad=0 hits=0 t=0s
  F3 c7/c5@t0=41: rank[2,2] g=2 src=pari sat=1 tors=4 st=3652 hmax=1198 pr=60 surv=11 ex=9 bad=0 hits=0 t=0s
  F3 c6/c7@t0=41: rank[2,2] g=2 src=pari sat=1 tors=4 st=4388 hmax=1199 pr=60 surv=17 ex=13 bad=0 hits=0 t=0s
  F4 c2/c3@t0=41: rank[3,3] g=3 src=pari sat=1 tors=4 st=11932 hmax=371 pr=60 surv=10 ex=6 bad=0 hits=0 t=0s
  F4 c2/c5@t0=41: rank[2,2] g=2 src=pari sat=1 tors=4 st=1340 hmax=1200 pr=60 surv=9 ex=5 bad=0 hits=0 t=0s
  F4 c2/c6@t0=41: rank[3,3] g=3 src=pari sat=1 tors=4 st=12004 hmax=305 pr=60 surv=21 ex=17 bad=0 hits=0 t=0s
  F4 c2/c7@t0=41: rank[3,3] g=3 src=pari sat=1 tors=4 st=12004 hmax=305 pr=60 surv=42 ex=38 bad=0 hits=0 t=0s
  F4 c3/c5@t0=41: rank[1,1] g=1 src=pari sat=1 tors=4 st=124 hmax=1153 pr=60 surv=9 ex=5 bad=0 hits=0 t=0s
  F4 c3/c6@t0=41: rank[3,3] g=3 src=pari sat=1 tors=4 st=11932 hmax=371 pr=60 surv=10 ex=6 bad=0 hits=0 t=0s
  F4 c3/c7@t0=41: rank[1,1] g=1 src=pari sat=1 tors=4 st=124 hmax=1153 pr=60 surv=9 ex=5 bad=0 hits=0 t=0s
  F4 c5/c6@t0=41: rank[1,1] g=1 src=pari sat=1 tors=4 st=180 hmax=1121 pr=60 surv=13 ex=5 bad=0 hits=0 t=0s
  F4 c5/c7@t0=41: rank[1,1] g=1 src=pari sat=1 tors=4 st=124 hmax=1087 pr=60 surv=9 ex=5 bad=0 hits=0 t=0s
  F4 c6/c7@t0=41: rank[2,2] g=2 src=pari sat=1 tors=4 st=4388 hmax=1199 pr=60 surv=38 ex=34 bad=0 hits=0 t=1s
== (P,Q)=(119,79) C=10201 SQ
  F1 c0/c2@t0=79: rank[2,2] g=2 src=pari sat=1 tors=4 st=4644 hmax=1199 pr=60 surv=33 ex=29 bad=0 hits=0 t=0s
  F1 c0/c3@t0=79: rank[2,2] g=2 src=pari sat=1 tors=4 st=4204 hmax=1199 pr=60 surv=34 ex=30 bad=0 hits=0 t=0s
  F1 c0/c6@t0=79: rank[2,2] g=2 src=pari sat=1 tors=8 st=8232 hmax=1198 pr=60 surv=30 ex=26 bad=0 hits=0 t=0s
  F1 c0/c8@t0=79: rank[2,2] g=2 src=pari sat=1 tors=8 st=4904 hmax=1200 pr=60 surv=20 ex=16 bad=0 hits=0 t=0s
  F1 c2/c3@t0=79: rank[2,2] g=2 src=pari sat=1 tors=4 st=4204 hmax=1199 pr=60 surv=34 ex=30 bad=0 hits=0 t=0s
  F1 c2/c6@t0=79: rank[1,1] g=1 src=pari sat=1 tors=8 st=264 hmax=1167 pr=60 surv=17 ex=13 bad=0 hits=0 t=0s
  F1 c2/c8@t0=79: rank[4,4] g=4 src=pari sat=1 tors=4 st=12004 hmax=94 pr=60 surv=78 ex=74 bad=0 hits=0 t=1s
  F1 c3/c6@t0=79: rank[3,3] g=3 src=pari sat=1 tors=4 st=12004 hmax=313 pr=60 surv=45 ex=41 bad=0 hits=0 t=0s
  F1 c3/c8@t0=79: rank[3,3] g=3 src=pari sat=1 tors=4 st=12004 hmax=313 pr=60 surv=47 ex=43 bad=0 hits=0 t=0s
  F1 c6/c8@t0=79: rank[2,2] g=2 src=pari sat=1 tors=4 st=4572 hmax=1199 pr=60 surv=41 ex=37 bad=0 hits=0 t=0s
  F2 c2/c3@t0=79: rank[2,2] g=2 src=pari sat=1 tors=4 st=4644 hmax=1199 pr=60 surv=33 ex=29 bad=0 hits=0 t=0s
  F2 c2/c5@t0=79: rank[2,2] g=2 src=pari sat=1 tors=4 st=4644 hmax=1199 pr=60 surv=42 ex=38 bad=0 hits=0 t=0s
  F2 c2/c6@t0=79: rank[2,2] g=2 src=pari sat=1 tors=4 st=4444 hmax=1198 pr=60 surv=17 ex=13 bad=0 hits=0 t=0s
  F2 c2/c8@t0=79: rank[2,2] g=2 src=pari sat=1 tors=4 st=4444 hmax=1198 pr=60 surv=17 ex=13 bad=0 hits=0 t=0s
  F2 c3/c5@t0=79: rank[2,2] g=2 src=pari sat=1 tors=4 st=4204 hmax=1199 pr=60 surv=34 ex=30 bad=0 hits=0 t=0s
  F2 c3/c6@t0=79: rank[4,4] g=4 src=pari sat=1 tors=4 st=12004 hmax=94 pr=60 surv=78 ex=74 bad=0 hits=0 t=0s
  F2 c3/c8@t0=79: rank[1,1] g=1 src=pari sat=1 tors=8 st=264 hmax=1167 pr=60 surv=17 ex=13 bad=0 hits=0 t=0s
  F2 c5/c6@t0=79: rank[2,2] g=2 src=pari sat=1 tors=8 st=8232 hmax=1198 pr=60 surv=38 ex=34 bad=0 hits=0 t=0s
  F2 c5/c8@t0=79: rank[2,2] g=2 src=pari sat=1 tors=8 st=4904 hmax=1200 pr=60 surv=19 ex=15 bad=0 hits=0 t=0s
  F2 c6/c8@t0=79: rank[3,3] g=3 src=pari sat=1 tors=4 st=12004 hmax=344 pr=60 surv=25 ex=21 bad=0 hits=0 t=0s
  F3 c1/c3@t0=79: rank[1,1] g=1 src=pari sat=1 tors=4 st=124 hmax=1110 pr=60 surv=9 ex=7 bad=0 hits=0 t=0s
  F3 c1/c5@t0=79: rank[2,2] g=2 src=pari sat=1 tors=4 st=2156 hmax=1198 pr=60 surv=9 ex=7 bad=0 hits=0 t=0s
  F3 c1/c6@t0=79: rank[2,2] g=2 src=pari sat=1 tors=4 st=4444 hmax=1198 pr=60 surv=17 ex=13 bad=0 hits=0 t=0s
  F3 c1/c7@t0=79: rank[2,2] g=2 src=pari sat=1 tors=4 st=4444 hmax=1198 pr=60 surv=17 ex=13 bad=0 hits=0 t=0s
  F3 c3/c5@t0=101: rank[3,3] g=3 src=pari sat=1 tors=4 st=12004 hmax=344 pr=60 surv=34 ex=30 bad=0 hits=0 t=0s
  F3 c6/c3@t0=79: rank[2,2] g=2 src=pari sat=1 tors=4 st=4444 hmax=1198 pr=60 surv=17 ex=15 bad=0 hits=0 t=0s
  F3 c7/c3@t0=79: rank[1,1] g=1 src=pari sat=1 tors=4 st=180 hmax=1136 pr=60 surv=13 ex=7 bad=0 hits=0 t=0s
  F3 c6/c5@t0=79: rank[3,3] g=3 src=pari sat=1 tors=4 st=12004 hmax=344 pr=60 surv=33 ex=31 bad=0 hits=0 t=0s
  F3 c7/c5@t0=79: rank[3,3] g=3 src=pari sat=1 tors=4 st=12004 hmax=262 pr=60 surv=12 ex=10 bad=0 hits=0 t=0s
  F3 c6/c7@t0=79: rank[3,3] g=3 src=pari sat=1 tors=4 st=12004 hmax=344 pr=60 surv=33 ex=29 bad=0 hits=0 t=0s
  F4 c2/c3@t0=79: rank[1,1] g=1 src=pari sat=1 tors=4 st=124 hmax=1110 pr=60 surv=9 ex=5 bad=0 hits=0 t=0s
  F4 c2/c5@t0=79: rank[2,2] g=2 src=pari sat=1 tors=4 st=2156 hmax=1198 pr=60 surv=9 ex=5 bad=0 hits=0 t=0s
  F4 c2/c6@t0=79: rank[2,2] g=2 src=pari sat=1 tors=4 st=4444 hmax=1198 pr=60 surv=17 ex=13 bad=0 hits=0 t=0s
  F4 c2/c7@t0=79: rank[2,2] g=2 src=pari sat=1 tors=4 st=4444 hmax=1198 pr=60 surv=17 ex=13 bad=0 hits=0 t=0s
  F4 c3/c5@t0=79: rank[1,1] g=1 src=pari sat=1 tors=4 st=124 hmax=1150 pr=60 surv=9 ex=5 bad=0 hits=0 t=0s
  F4 c3/c6@t0=79: rank[1,1] g=1 src=pari sat=1 tors=4 st=124 hmax=1110 pr=60 surv=9 ex=5 bad=0 hits=0 t=0s
  F4 c3/c7@t0=79: rank[1,1] g=1 src=pari sat=1 tors=4 st=124 hmax=1150 pr=60 surv=9 ex=5 bad=0 hits=0 t=0s
  F4 c5/c6@t0=79: rank[1,1] g=1 src=pari sat=1 tors=4 st=180 hmax=1136 pr=60 surv=13 ex=5 bad=0 hits=0 t=0s
  F4 c5/c7@t0=79: rank[2,2] g=2 src=pari sat=1 tors=4 st=3668 hmax=1198 pr=60 surv=19 ex=15 bad=0 hits=0 t=0s
  F4 c6/c7@t0=79: rank[3,3] g=3 src=pari sat=1 tors=4 st=12004 hmax=344 pr=60 surv=34 ex=30 bad=0 hits=0 t=1s
== (P,Q)=(127,97) C=12769 SQ
  F1 c0/c2@t0=97: rank[2,2] g=2 src=pari sat=1 tors=4 st=4564 hmax=1199 pr=60 surv=37 ex=33 bad=0 hits=0 t=0s
  F1 c0/c3@t0=97: rank[4,4] g=4 src=pari sat=1 tors=4 st=11940 hmax=89 pr=60 surv=17 ex=13 bad=0 hits=0 t=1s
  F1 c0/c6@t0=97: rank[1,1] g=1 src=pari sat=1 tors=8 st=248 hmax=1063 pr=60 surv=17 ex=13 bad=0 hits=0 t=0s
  F1 c0/c8@t0=97: rank[1,1] g=1 src=pari sat=1 tors=8 st=248 hmax=1070 pr=60 surv=17 ex=13 bad=0 hits=0 t=0s
  F1 c2/c3@t0=97: rank[4,4] g=4 src=pari sat=1 tors=4 st=11940 hmax=89 pr=60 surv=20 ex=16 bad=0 hits=0 t=0s
  F1 c2/c6@t0=97: rank[1,1] g=1 src=pari sat=1 tors=8 st=248 hmax=1056 pr=60 surv=25 ex=21 bad=0 hits=0 t=0s
  F1 c2/c8@t0=97: rank[4,4] g=4 src=pari sat=1 tors=4 st=11996 hmax=75 pr=60 surv=19 ex=15 bad=0 hits=0 t=0s
  F1 c3/c6@t0=97: rank[2,2] g=2 src=pari sat=1 tors=4 st=4100 hmax=1196 pr=60 surv=18 ex=14 bad=0 hits=0 t=0s
  F1 c3/c8@t0=97: rank[2,2] g=2 src=pari sat=1 tors=4 st=4100 hmax=1196 pr=60 surv=17 ex=13 bad=0 hits=0 t=0s
  F1 c6/c8@t0=97: rank[3,3] g=3 src=pari sat=1 tors=4 st=12004 hmax=389 pr=60 surv=25 ex=21 bad=0 hits=0 t=0s
  F2 c2/c3@t0=97: rank[2,2] g=2 src=pari sat=1 tors=4 st=4564 hmax=1199 pr=60 surv=42 ex=38 bad=0 hits=0 t=0s
  F2 c2/c5@t0=97: rank[2,2] g=2 src=pari sat=1 tors=4 st=4564 hmax=1199 pr=60 surv=33 ex=29 bad=0 hits=0 t=0s
  F2 c2/c6@t0=97: rank[3,3] g=3 src=pari sat=1 tors=4 st=11932 hmax=276 pr=60 surv=19 ex=15 bad=0 hits=0 t=0s
  F2 c2/c8@t0=97: rank[3,3] g=3 src=pari sat=1 tors=4 st=11932 hmax=276 pr=60 surv=26 ex=22 bad=0 hits=0 t=0s
  F2 c3/c5@t0=97: rank[4,4] g=4 src=pari sat=1 tors=4 st=11940 hmax=89 pr=60 surv=17 ex=13 bad=0 hits=0 t=0s
  F2 c3/c6@t0=97: rank[4,4] g=4 src=pari sat=1 tors=4 st=11996 hmax=75 pr=60 surv=18 ex=14 bad=0 hits=0 t=1s
  F2 c3/c8@t0=97: rank[1,1] g=1 src=pari sat=1 tors=8 st=248 hmax=1056 pr=60 surv=25 ex=21 bad=0 hits=0 t=0s
  F2 c5/c6@t0=97: rank[1,1] g=1 src=pari sat=1 tors=8 st=248 hmax=1063 pr=60 surv=17 ex=13 bad=0 hits=0 t=0s
  F2 c5/c8@t0=97: rank[1,1] g=1 src=pari sat=1 tors=8 st=248 hmax=1070 pr=60 surv=17 ex=13 bad=0 hits=0 t=0s
  F2 c6/c8@t0=97: rank[4,4] g=4 src=pari sat=1 tors=4 st=11932 hmax=101 pr=60 surv=41 ex=37 bad=0 hits=0 t=0s
  F3 c1/c3@t0=97: rank[1,1] g=1 src=pari sat=1 tors=4 st=124 hmax=1132 pr=60 surv=9 ex=7 bad=0 hits=0 t=0s
  F3 c1/c5@t0=97: rank[3,3] g=3 src=pari sat=1 tors=4 st=12004 hmax=575 pr=60 surv=20 ex=18 bad=0 hits=0 t=0s
  F3 c1/c6@t0=97: rank[3,3] g=3 src=pari sat=1 tors=4 st=11932 hmax=276 pr=60 surv=25 ex=21 bad=0 hits=0 t=0s
  F3 c1/c7@t0=97: rank[3,3] g=3 src=pari sat=1 tors=4 st=11932 hmax=276 pr=60 surv=18 ex=14 bad=0 hits=0 t=0s
  F3 c3/c5@t0=113: rank[4,4] g=4 src=pari sat=1 tors=4 st=11932 hmax=101 pr=60 surv=23 ex=19 bad=0 hits=0 t=1s
  F3 c6/c3@t0=97: rank[3,3] g=3 src=pari sat=1 tors=4 st=11932 hmax=276 pr=60 surv=32 ex=30 bad=0 hits=0 t=1s
  F3 c7/c3@t0=97: rank[2,2] g=2 src=pari sat=1 tors=4 st=8812 hmax=1198 pr=60 surv=30 ex=24 bad=0 hits=0 t=1s
  F3 c6/c5@t0=97: rank[4,4] g=4 src=pari sat=1 tors=4 st=11932 hmax=101 pr=60 surv=25 ex=23 bad=0 hits=0 t=1s
  F3 c7/c5@t0=97: rank[3,3] g=3 src=pari sat=1 tors=4 st=12004 hmax=539 pr=60 surv=10 ex=8 bad=0 hits=0 t=1s
  F3 c6/c7@t0=97: rank[4,4] g=4 src=pari sat=1 tors=4 st=11932 hmax=101 pr=60 surv=25 ex=21 bad=0 hits=0 t=0s
  F4 c2/c3@t0=97: rank[1,1] g=1 src=pari sat=1 tors=4 st=124 hmax=1132 pr=60 surv=9 ex=5 bad=0 hits=0 t=0s
  F4 c2/c5@t0=97: rank[3,3] g=3 src=pari sat=1 tors=4 st=12004 hmax=575 pr=60 surv=20 ex=16 bad=0 hits=0 t=0s
  F4 c2/c6@t0=97: rank[3,3] g=3 src=pari sat=1 tors=4 st=11932 hmax=276 pr=60 surv=31 ex=27 bad=0 hits=0 t=0s
  F4 c2/c7@t0=97: rank[3,3] g=3 src=pari sat=1 tors=4 st=11932 hmax=276 pr=60 surv=18 ex=14 bad=0 hits=0 t=0s
  F4 c3/c5@t0=97: rank[2,2] g=2 src=pari sat=1 tors=4 st=4428 hmax=1200 pr=60 surv=9 ex=5 bad=0 hits=0 t=0s
  F4 c3/c6@t0=97: rank[1,1] g=1 src=pari sat=1 tors=4 st=124 hmax=1132 pr=60 surv=9 ex=5 bad=0 hits=0 t=0s
  F4 c3/c7@t0=97: rank[2,2] g=2 src=pari sat=1 tors=4 st=4428 hmax=1200 pr=60 surv=9 ex=5 bad=0 hits=0 t=0s
  F4 c5/c6@t0=97: rank[2,2] g=2 src=pari sat=1 tors=4 st=8812 hmax=1198 pr=60 surv=30 ex=22 bad=0 hits=0 t=0s
  F4 c5/c7@t0=97: rank[1,1] g=1 src=pari sat=1 tors=4 st=124 hmax=1133 pr=60 surv=9 ex=5 bad=0 hits=0 t=0s
  F4 c6/c7@t0=97: rank[4,4] g=4 src=pari sat=1 tors=4 st=11932 hmax=101 pr=60 surv=23 ex=19 bad=0 hits=0 t=1s
== (P,Q)=(137,7) C=9409 SQ
  F1 c0/c2@t0=7: rank[2,2] g=2 src=pari sat=1 tors=4 st=4892 hmax=1198 pr=60 surv=26 ex=22 bad=0 hits=0 t=1s
  F1 c0/c3@t0=7: rank[3,3] g=3 src=pari sat=1 tors=4 st=12004 hmax=240 pr=60 surv=26 ex=22 bad=0 hits=0 t=1s
  F1 c0/c6@t0=7: rank[2,2] g=2 src=pari sat=1 tors=8 st=6664 hmax=1198 pr=60 surv=25 ex=21 bad=0 hits=0 t=1s
  F1 c0/c8@t0=7: rank[1,1] g=1 src=pari sat=1 tors=8 st=264 hmax=1169 pr=60 surv=17 ex=13 bad=0 hits=0 t=1s
  F1 c2/c3@t0=7: rank[3,3] g=3 src=pari sat=1 tors=4 st=12004 hmax=240 pr=60 surv=28 ex=24 bad=0 hits=0 t=1s
  F1 c2/c6@t0=7: rank[2,2] g=2 src=pari sat=1 tors=8 st=6376 hmax=1192 pr=60 surv=39 ex=35 bad=0 hits=0 t=0s
  F1 c2/c8@t0=7: rank[3,3] g=3 src=pari sat=1 tors=4 st=11996 hmax=316 pr=60 surv=50 ex=46 bad=0 hits=0 t=1s
  F1 c3/c6@t0=7: rank[2,2] g=2 src=pari sat=1 tors=4 st=4220 hmax=1198 pr=60 surv=25 ex=21 bad=0 hits=0 t=1s
  F1 c3/c8@t0=7: rank[2,2] g=2 src=pari sat=1 tors=4 st=4220 hmax=1198 pr=60 surv=25 ex=21 bad=0 hits=0 t=1s
  F1 c6/c8@t0=7: rank[2,2] g=2 src=pari sat=1 tors=4 st=4532 hmax=1194 pr=60 surv=17 ex=13 bad=0 hits=0 t=1s
  F2 c2/c3@t0=7: rank[2,2] g=2 src=pari sat=1 tors=4 st=4892 hmax=1198 pr=60 surv=26 ex=22 bad=0 hits=0 t=1s
  F2 c2/c5@t0=7: rank[2,2] g=2 src=pari sat=1 tors=4 st=4892 hmax=1198 pr=60 surv=25 ex=21 bad=0 hits=0 t=0s
  F2 c2/c6@t0=7: rank[3,3] g=3 src=pari sat=1 tors=4 st=12004 hmax=419 pr=60 surv=17 ex=13 bad=0 hits=0 t=0s
  F2 c2/c8@t0=7: rank[3,3] g=3 src=pari sat=1 tors=4 st=12004 hmax=419 pr=60 surv=18 ex=14 bad=0 hits=0 t=0s
  F2 c3/c5@t0=7: rank[3,3] g=3 src=pari sat=1 tors=4 st=12004 hmax=240 pr=60 surv=26 ex=22 bad=0 hits=0 t=0s
  F2 c3/c6@t0=7: rank[3,3] g=3 src=pari sat=1 tors=4 st=11996 hmax=316 pr=60 surv=50 ex=46 bad=0 hits=0 t=0s
  F2 c3/c8@t0=7: rank[2,2] g=2 src=pari sat=1 tors=8 st=6376 hmax=1192 pr=60 surv=37 ex=33 bad=0 hits=0 t=0s
  F2 c5/c6@t0=7: rank[2,2] g=2 src=pari sat=1 tors=8 st=6664 hmax=1198 pr=60 surv=25 ex=21 bad=0 hits=0 t=0s
  F2 c5/c8@t0=7: rank[1,1] g=1 src=pari sat=1 tors=8 st=264 hmax=1169 pr=60 surv=17 ex=13 bad=0 hits=0 t=0s
  F2 c6/c8@t0=7: rank[4,4] g=4 src=pari sat=1 tors=4 st=11868 hmax=80 pr=60 surv=17 ex=13 bad=0 hits=0 t=0s
  F3 c1/c3@t0=7: rank[2,2] g=2 src=pari sat=1 tors=4 st=2348 hmax=1200 pr=60 surv=9 ex=7 bad=0 hits=0 t=0s
  F3 c1/c5@t0=7: rank[2,2] g=2 src=pari sat=1 tors=4 st=2588 hmax=1199 pr=60 surv=21 ex=19 bad=0 hits=0 t=0s
  F3 c1/c6@t0=7: rank[3,3] g=3 src=pari sat=1 tors=4 st=12004 hmax=419 pr=60 surv=34 ex=30 bad=0 hits=0 t=0s
  F3 c1/c7@t0=7: rank[3,3] g=3 src=pari sat=1 tors=4 st=12004 hmax=419 pr=60 surv=26 ex=22 bad=0 hits=0 t=0s
  F3 c3/c5@t0=97: rank[4,4] g=4 src=pari sat=1 tors=4 st=11868 hmax=80 pr=60 surv=26 ex=22 bad=0 hits=0 t=0s
  F3 c6/c3@t0=7: rank[3,3] g=3 src=pari sat=1 tors=4 st=12004 hmax=419 pr=60 surv=35 ex=33 bad=0 hits=0 t=0s
  F3 c7/c3@t0=7: rank[2,2] g=2 src=pari sat=1 tors=4 st=4948 hmax=1200 pr=60 surv=27 ex=21 bad=0 hits=0 t=0s
  F3 c6/c5@t0=7: rank[4,4] g=4 src=pari sat=1 tors=4 st=11868 hmax=80 pr=60 surv=18 ex=16 bad=0 hits=0 t=0s
  F3 c7/c5@t0=7: rank[2,2] g=2 src=pari sat=1 tors=4 st=4580 hmax=1200 pr=60 surv=10 ex=8 bad=0 hits=0 t=0s
  F3 c6/c7@t0=7: rank[4,4] g=4 src=pari sat=1 tors=4 st=11868 hmax=80 pr=60 surv=19 ex=15 bad=0 hits=0 t=0s
  F4 c2/c3@t0=7: rank[2,2] g=2 src=pari sat=1 tors=4 st=2348 hmax=1200 pr=60 surv=9 ex=5 bad=0 hits=0 t=0s
  F4 c2/c5@t0=7: rank[2,2] g=2 src=pari sat=1 tors=4 st=2588 hmax=1199 pr=60 surv=17 ex=13 bad=0 hits=0 t=0s
  F4 c2/c6@t0=7: rank[3,3] g=3 src=pari sat=1 tors=4 st=12004 hmax=419 pr=60 surv=35 ex=31 bad=0 hits=0 t=0s
  F4 c2/c7@t0=7: rank[3,3] g=3 src=pari sat=1 tors=4 st=12004 hmax=419 pr=60 surv=33 ex=29 bad=0 hits=0 t=0s
  F4 c3/c5@t0=7: rank[2,2] g=2 src=pari sat=1 tors=4 st=2620 hmax=1197 pr=60 surv=10 ex=6 bad=0 hits=0 t=0s
  F4 c3/c6@t0=7: rank[2,2] g=2 src=pari sat=1 tors=4 st=2348 hmax=1200 pr=60 surv=9 ex=5 bad=0 hits=0 t=0s
  F4 c3/c7@t0=7: rank[2,2] g=2 src=pari sat=1 tors=4 st=2620 hmax=1197 pr=60 surv=10 ex=6 bad=0 hits=0 t=0s
  F4 c5/c6@t0=7: rank[2,2] g=2 src=pari sat=1 tors=4 st=4948 hmax=1200 pr=60 surv=27 ex=19 bad=0 hits=0 t=0s
  F4 c5/c7@t0=7: rank[1,1] g=1 src=pari sat=1 tors=4 st=124 hmax=1107 pr=60 surv=9 ex=5 bad=0 hits=0 t=0s
  F4 c6/c7@t0=7: rank[4,4] g=4 src=pari sat=1 tors=4 st=11868 hmax=80 pr=60 surv=26 ex=22 bad=0 hits=0 t=0s
== (P,Q)=(151,31) C=11881 SQ
  F1 c0/c2@t0=31: rank[3,3] g=3 src=pari sat=1 tors=4 st=12004 hmax=302 pr=60 surv=27 ex=23 bad=0 hits=0 t=0s
  F1 c0/c3@t0=31: rank[3,3] g=3 src=pari sat=1 tors=4 st=11964 hmax=313 pr=60 surv=25 ex=21 bad=0 hits=0 t=0s
  F1 c0/c6@t0=31: rank[2,2] g=2 src=pari sat=1 tors=8 st=6328 hmax=1193 pr=60 surv=25 ex=21 bad=0 hits=0 t=0s
  F1 c0/c8@t0=31: rank[1,1] g=1 src=pari sat=1 tors=8 st=248 hmax=1065 pr=60 surv=17 ex=13 bad=0 hits=0 t=0s
  F1 c2/c3@t0=31: rank[3,3] g=3 src=pari sat=1 tors=4 st=11964 hmax=313 pr=60 surv=27 ex=23 bad=0 hits=0 t=0s
  F1 c2/c6@t0=31: rank[1,1] g=1 src=pari sat=1 tors=8 st=264 hmax=1161 pr=60 surv=25 ex=21 bad=0 hits=0 t=0s
  F1 c2/c8@t0=31: rank[4,4] g=4 src=pari sat=1 tors=4 st=12004 hmax=73 pr=60 surv=36 ex=32 bad=0 hits=0 t=0s
  F1 c3/c6@t0=31: rank[3,3] g=3 src=pari sat=1 tors=4 st=11988 hmax=357 pr=60 surv=54 ex=50 bad=0 hits=0 t=0s
  F1 c3/c8@t0=31: rank[3,3] g=3 src=pari sat=1 tors=4 st=11988 hmax=357 pr=60 surv=55 ex=51 bad=0 hits=0 t=0s
  F1 c6/c8@t0=31: rank[3,3] g=3 src=pari sat=1 tors=4 st=11948 hmax=397 pr=60 surv=18 ex=14 bad=0 hits=0 t=0s
  F2 c2/c3@t0=31: rank[3,3] g=3 src=pari sat=1 tors=4 st=12004 hmax=302 pr=60 surv=27 ex=23 bad=0 hits=0 t=1s
  F2 c2/c5@t0=31: rank[3,3] g=3 src=pari sat=1 tors=4 st=12004 hmax=302 pr=60 surv=27 ex=23 bad=0 hits=0 t=0s
  F2 c2/c6@t0=31: rank[3,3] g=3 src=pari sat=1 tors=4 st=12004 hmax=326 pr=60 surv=31 ex=27 bad=0 hits=0 t=0s
  F2 c2/c8@t0=31: rank[3,3] g=3 src=pari sat=1 tors=4 st=12004 hmax=326 pr=60 surv=32 ex=28 bad=0 hits=0 t=0s
  F2 c3/c5@t0=31: rank[3,3] g=3 src=pari sat=1 tors=4 st=11964 hmax=313 pr=60 surv=25 ex=21 bad=0 hits=0 t=0s
  F2 c3/c6@t0=31: rank[4,4] g=4 src=pari sat=1 tors=4 st=12004 hmax=73 pr=60 surv=36 ex=32 bad=0 hits=0 t=0s
  F2 c3/c8@t0=31: rank[1,1] g=1 src=pari sat=1 tors=8 st=264 hmax=1161 pr=60 surv=25 ex=21 bad=0 hits=0 t=0s
  F2 c5/c6@t0=31: rank[2,2] g=2 src=pari sat=1 tors=8 st=6328 hmax=1193 pr=60 surv=25 ex=21 bad=0 hits=0 t=0s
  F2 c5/c8@t0=31: rank[1,1] g=1 src=pari sat=1 tors=8 st=248 hmax=1065 pr=60 surv=17 ex=13 bad=0 hits=0 t=0s
  F2 c6/c8@t0=31: rank[3,3] g=3 src=pari sat=1 tors=4 st=11996 hmax=362 pr=60 surv=17 ex=13 bad=0 hits=0 t=0s
  F3 c1/c3@t0=31: rank[2,2] g=2 src=pari sat=1 tors=4 st=2668 hmax=1196 pr=60 surv=9 ex=7 bad=0 hits=0 t=0s
  F3 c1/c5@t0=31: rank[2,2] g=2 src=pari sat=1 tors=4 st=1636 hmax=1191 pr=60 surv=9 ex=7 bad=0 hits=0 t=0s
  F3 c1/c6@t0=31: rank[3,3] g=3 src=pari sat=1 tors=4 st=12004 hmax=326 pr=60 surv=18 ex=14 bad=0 hits=0 t=0s
  F3 c1/c7@t0=31: rank[3,3] g=3 src=pari sat=1 tors=4 st=12004 hmax=326 pr=60 surv=25 ex=21 bad=0 hits=0 t=0s
  F3 c3/c5@t0=109: rank[3,3] g=3 src=pari sat=1 tors=4 st=11996 hmax=362 pr=60 surv=21 ex=17 bad=0 hits=0 t=0s
  F3 c6/c3@t0=31: rank[3,3] g=3 src=pari sat=1 tors=4 st=12004 hmax=326 pr=60 surv=17 ex=15 bad=0 hits=0 t=0s
  F3 c7/c3@t0=31: rank[2,2] g=2 src=pari sat=1 tors=4 st=6628 hmax=1199 pr=60 surv=51 ex=45 bad=0 hits=0 t=0s
  F3 c6/c5@t0=31: rank[3,3] g=3 src=pari sat=1 tors=4 st=11996 hmax=362 pr=60 surv=18 ex=16 bad=0 hits=0 t=0s
  F3 c7/c5@t0=31: rank[2,2] g=2 src=pari sat=1 tors=4 st=1116 hmax=1195 pr=60 surv=9 ex=7 bad=0 hits=0 t=0s
  F3 c6/c7@t0=31: rank[3,3] g=3 src=pari sat=1 tors=4 st=11996 hmax=362 pr=60 surv=17 ex=13 bad=0 hits=0 t=0s
  F4 c2/c3@t0=31: rank[2,2] g=2 src=pari sat=1 tors=4 st=2668 hmax=1196 pr=60 surv=9 ex=5 bad=0 hits=0 t=0s
  F4 c2/c5@t0=31: rank[2,2] g=2 src=pari sat=1 tors=4 st=1636 hmax=1191 pr=60 surv=9 ex=5 bad=0 hits=0 t=0s
  F4 c2/c6@t0=31: rank[3,3] g=3 src=pari sat=1 tors=4 st=12004 hmax=326 pr=60 surv=17 ex=13 bad=0 hits=0 t=0s
  F4 c2/c7@t0=31: rank[3,3] g=3 src=pari sat=1 tors=4 st=12004 hmax=326 pr=60 surv=25 ex=21 bad=0 hits=0 t=0s
  F4 c3/c5@t0=31: rank[2,2] g=2 src=pari sat=1 tors=4 st=1844 hmax=1191 pr=60 surv=9 ex=5 bad=0 hits=0 t=0s
  F4 c3/c6@t0=31: rank[2,2] g=2 src=pari sat=1 tors=4 st=2668 hmax=1196 pr=60 surv=9 ex=5 bad=0 hits=0 t=0s
  F4 c3/c7@t0=31: rank[2,2] g=2 src=pari sat=1 tors=4 st=1844 hmax=1191 pr=60 surv=9 ex=5 bad=0 hits=0 t=0s
  F4 c5/c6@t0=31: rank[2,2] g=2 src=pari sat=1 tors=4 st=6628 hmax=1199 pr=60 surv=48 ex=40 bad=0 hits=0 t=0s
  F4 c5/c7@t0=31: rank[2,2] g=2 src=pari sat=1 tors=4 st=2708 hmax=1199 pr=60 surv=9 ex=5 bad=0 hits=0 t=0s
  F4 c6/c7@t0=31: rank[3,3] g=3 src=pari sat=1 tors=4 st=11996 hmax=362 pr=60 surv=21 ex=17 bad=0 hits=0 t=0s
== (P,Q)=(161,73) C=15625 SQ
  F1 c0/c2@t0=73: rank[4,4] g=4 src=pari sat=1 tors=4 st=12004 hmax=114 pr=60 surv=17 ex=13 bad=0 hits=0 t=1s
  F1 c0/c3@t0=73: rank[2,2] g=2 src=pari+mw sat=1 tors=4 st=3996 hmax=1196 pr=60 surv=17 ex=13 bad=0 hits=0 t=2s
  F1 c0/c6@t0=73: rank[2,2] g=2 src=pari sat=1 tors=8 st=7416 hmax=1199 pr=60 surv=17 ex=13 bad=0 hits=0 t=0s
  F1 c0/c8@t0=73: rank[1,1] g=1 src=pari sat=1 tors=8 st=248 hmax=1099 pr=60 surv=17 ex=13 bad=0 hits=0 t=0s
  F1 c2/c3@t0=73: rank[2,2] g=2 src=pari+mw sat=1 tors=4 st=3996 hmax=1196 pr=60 surv=18 ex=14 bad=0 hits=0 t=0s
  F1 c2/c6@t0=73: rank[1,1] g=1 src=pari sat=1 tors=8 st=248 hmax=1063 pr=60 surv=17 ex=13 bad=0 hits=0 t=0s
  F1 c2/c8@t0=73: rank[4,4] g=4 src=pari sat=1 tors=4 st=11860 hmax=92 pr=60 surv=19 ex=15 bad=0 hits=0 t=1s
  F1 c3/c6@t0=73: rank[2,2] g=2 src=pari sat=1 tors=4 st=4036 hmax=1199 pr=60 surv=25 ex=21 bad=0 hits=0 t=0s
  F1 c3/c8@t0=73: rank[2,2] g=2 src=pari sat=1 tors=4 st=4036 hmax=1199 pr=60 surv=25 ex=21 bad=0 hits=0 t=0s
  F1 c6/c8@t0=73: rank[2,2] g=2 src=pari sat=1 tors=4 st=4340 hmax=1199 pr=60 surv=17 ex=13 bad=0 hits=0 t=0s
  F2 c2/c3@t0=73: rank[4,4] g=4 src=pari sat=1 tors=4 st=12004 hmax=114 pr=60 surv=17 ex=13 bad=0 hits=0 t=0s
  F2 c2/c5@t0=73: rank[4,4] g=4 src=pari sat=1 tors=4 st=12004 hmax=114 pr=60 surv=19 ex=15 bad=0 hits=0 t=0s
  F2 c2/c6@t0=73: rank[2,2] g=2 src=pari sat=1 tors=4 st=4284 hmax=1198 pr=60 surv=26 ex=22 bad=0 hits=0 t=0s
  F2 c2/c8@t0=73: rank[2,2] g=2 src=pari sat=1 tors=4 st=4284 hmax=1198 pr=60 surv=26 ex=22 bad=0 hits=0 t=0s
  F2 c3/c5@t0=73: rank[2,2] g=2 src=pari+mw sat=1 tors=4 st=3996 hmax=1196 pr=60 surv=17 ex=13 bad=0 hits=0 t=0s
  F2 c3/c6@t0=73: rank[4,4] g=4 src=pari sat=1 tors=4 st=11860 hmax=92 pr=60 surv=17 ex=13 bad=0 hits=0 t=0s
  F2 c3/c8@t0=73: rank[1,1] g=1 src=pari sat=1 tors=8 st=248 hmax=1063 pr=60 surv=18 ex=14 bad=0 hits=0 t=0s
  F2 c5/c6@t0=73: rank[2,2] g=2 src=pari sat=1 tors=8 st=7416 hmax=1199 pr=60 surv=17 ex=13 bad=0 hits=0 t=0s
  F2 c5/c8@t0=73: rank[1,1] g=1 src=pari sat=1 tors=8 st=248 hmax=1099 pr=60 surv=17 ex=13 bad=0 hits=0 t=0s
  F2 c6/c8@t0=73: rank[2,2] g=2 src=pari sat=1 tors=4 st=4092 hmax=1195 pr=60 surv=25 ex=21 bad=0 hits=0 t=0s
  F3 c1/c3@t0=73: rank[2,2] g=2 src=pari sat=1 tors=4 st=3764 hmax=1198 pr=60 surv=12 ex=10 bad=0 hits=0 t=0s
  F3 c1/c5@t0=73: rank[1,1] g=1 src=pari sat=1 tors=4 st=84 hmax=1005 pr=60 surv=9 ex=7 bad=0 hits=0 t=0s
  F3 c1/c6@t0=73: rank[2,2] g=2 src=pari sat=1 tors=4 st=4284 hmax=1198 pr=60 surv=18 ex=14 bad=0 hits=0 t=0s
  F3 c1/c7@t0=73: rank[2,2] g=2 src=pari sat=1 tors=4 st=4284 hmax=1198 pr=60 surv=17 ex=13 bad=0 hits=0 t=1s
  F3 c3/c5@t0=125: rank[2,2] g=2 src=pari sat=1 tors=4 st=4092 hmax=1195 pr=60 surv=17 ex=13 bad=0 hits=0 t=1s
  F3 c6/c3@t0=73: rank[2,2] g=2 src=pari sat=1 tors=4 st=4284 hmax=1198 pr=60 surv=17 ex=15 bad=0 hits=0 t=1s
  F3 c7/c3@t0=73: rank[1,1] g=1 src=pari sat=1 tors=4 st=180 hmax=1198 pr=60 surv=13 ex=7 bad=0 hits=0 t=1s
  F3 c6/c5@t0=73: rank[2,2] g=2 src=pari sat=1 tors=4 st=4092 hmax=1195 pr=60 surv=17 ex=15 bad=0 hits=0 t=0s
  F3 c7/c5@t0=73: rank[1,1] g=1 src=pari sat=1 tors=4 st=124 hmax=1188 pr=60 surv=9 ex=7 bad=0 hits=0 t=0s
  F3 c6/c7@t0=73: rank[2,2] g=2 src=pari sat=1 tors=4 st=4092 hmax=1195 pr=60 surv=17 ex=13 bad=0 hits=0 t=0s
  F4 c2/c3@t0=73: rank[2,2] g=2 src=pari sat=1 tors=4 st=3764 hmax=1198 pr=60 surv=9 ex=5 bad=0 hits=0 t=0s
  F4 c2/c5@t0=73: rank[1,1] g=1 src=pari sat=1 tors=4 st=84 hmax=1005 pr=60 surv=9 ex=5 bad=0 hits=0 t=0s
  F4 c2/c6@t0=73: rank[2,2] g=2 src=pari sat=1 tors=4 st=4284 hmax=1198 pr=60 surv=17 ex=13 bad=0 hits=0 t=0s
  F4 c2/c7@t0=73: rank[2,2] g=2 src=pari sat=1 tors=4 st=4284 hmax=1198 pr=60 surv=18 ex=14 bad=0 hits=0 t=0s
  F4 c3/c5@t0=73: rank[2,2] g=2 src=pari sat=1 tors=4 st=2468 hmax=1198 pr=60 surv=10 ex=6 bad=0 hits=0 t=0s
  F4 c3/c6@t0=73: rank[2,2] g=2 src=pari sat=1 tors=4 st=3764 hmax=1198 pr=60 surv=9 ex=5 bad=0 hits=0 t=0s
  F4 c3/c7@t0=73: rank[2,2] g=2 src=pari sat=1 tors=4 st=2468 hmax=1198 pr=60 surv=10 ex=6 bad=0 hits=0 t=0s
  F4 c5/c6@t0=73: rank[1,1] g=1 src=pari sat=1 tors=4 st=180 hmax=1198 pr=60 surv=13 ex=5 bad=0 hits=0 t=0s
  F4 c5/c7@t0=73: rank[1,1] g=1 src=pari sat=1 tors=4 st=124 hmax=1162 pr=60 surv=9 ex=5 bad=0 hits=0 t=0s
  F4 c6/c7@t0=73: rank[2,2] g=2 src=pari sat=1 tors=4 st=4092 hmax=1195 pr=60 surv=17 ex=13 bad=0 hits=0 t=0s
== (P,Q)=(161,127) C=21025 SQ
  F1 c0/c2@t0=127: rank[2,2] g=2 src=pari sat=1 tors=4 st=4332 hmax=1199 pr=60 surv=19 ex=15 bad=0 hits=0 t=0s
  F1 c0/c3@t0=127: rank[3,3] g=3 src=pari sat=1 tors=4 st=11972 hmax=303 pr=60 surv=25 ex=21 bad=0 hits=0 t=0s
  F1 c0/c6@t0=127: rank[2,2] g=2 src=pari sat=1 tors=8 st=5800 hmax=1200 pr=60 surv=62 ex=58 bad=0 hits=0 t=0s
  F1 c0/c8@t0=127: rank[3,3] g=3 src=pari sat=1 tors=8 st=23960 hmax=425 pr=60 surv=38 ex=34 bad=0 hits=0 t=0s
  F1 c2/c3@t0=127: rank[3,3] g=3 src=pari sat=1 tors=4 st=11972 hmax=303 pr=60 surv=27 ex=23 bad=0 hits=0 t=1s
  F1 c2/c6@t0=127: rank[3,3] g=3 src=pari sat=1 tors=8 st=23960 hmax=228 pr=60 surv=33 ex=29 bad=0 hits=0 t=1s
  F1 c2/c8@t0=127: rank[2,2] g=2 src=pari sat=1 tors=4 st=3372 hmax=1198 pr=60 surv=17 ex=13 bad=0 hits=0 t=0s
  F1 c3/c6@t0=127: rank[3,3] g=3 src=pari sat=1 tors=4 st=12004 hmax=293 pr=60 surv=34 ex=30 bad=0 hits=0 t=0s
  F1 c3/c8@t0=127: rank[3,3] g=3 src=pari sat=1 tors=4 st=12004 hmax=293 pr=60 surv=34 ex=30 bad=0 hits=0 t=1s
  F1 c6/c8@t0=127: rank[3,3] g=3 src=pari sat=1 tors=4 st=12004 hmax=348 pr=60 surv=33 ex=29 bad=0 hits=0 t=0s
  F2 c2/c3@t0=127: rank[2,2] g=2 src=pari sat=1 tors=4 st=4332 hmax=1199 pr=60 surv=19 ex=15 bad=0 hits=0 t=0s
  F2 c2/c5@t0=127: rank[2,2] g=2 src=pari sat=1 tors=4 st=4332 hmax=1199 pr=60 surv=23 ex=19 bad=0 hits=0 t=1s
  F2 c2/c6@t0=127: rank[2,2] g=2 src=pari sat=1 tors=4 st=4156 hmax=1199 pr=60 surv=18 ex=14 bad=0 hits=0 t=0s
  F2 c2/c8@t0=127: rank[2,2] g=2 src=pari sat=1 tors=4 st=4156 hmax=1199 pr=60 surv=20 ex=16 bad=0 hits=0 t=0s
  F2 c3/c5@t0=127: rank[3,3] g=3 src=pari sat=1 tors=4 st=11972 hmax=303 pr=60 surv=25 ex=21 bad=0 hits=0 t=1s
  F2 c3/c6@t0=127: rank[2,2] g=2 src=pari sat=1 tors=4 st=3372 hmax=1198 pr=60 surv=17 ex=13 bad=0 hits=0 t=1s
  F2 c3/c8@t0=127: rank[3,3] g=3 src=pari sat=1 tors=8 st=23960 hmax=228 pr=60 surv=34 ex=30 bad=0 hits=0 t=1s
  F2 c5/c6@t0=127: rank[2,2] g=2 src=pari sat=1 tors=8 st=5800 hmax=1200 pr=60 surv=62 ex=58 bad=0 hits=0 t=1s
  F2 c5/c8@t0=127: rank[3,3] g=3 src=pari sat=1 tors=8 st=23960 hmax=425 pr=60 surv=38 ex=34 bad=0 hits=0 t=1s
  F2 c6/c8@t0=127: rank[3,3] g=3 src=pari sat=1 tors=4 st=11964 hmax=332 pr=60 surv=26 ex=22 bad=0 hits=0 t=1s
  F3 c1/c3@t0=127: rank[2,2] g=2 src=pari sat=1 tors=4 st=2204 hmax=1192 pr=60 surv=9 ex=7 bad=0 hits=0 t=1s
  F3 c1/c5@t0=127: rank[1,1] g=1 src=pari sat=1 tors=4 st=84 hmax=1031 pr=60 surv=9 ex=7 bad=0 hits=0 t=1s
  F3 c1/c6@t0=127: rank[2,2] g=2 src=pari sat=1 tors=4 st=4156 hmax=1199 pr=60 surv=26 ex=22 bad=0 hits=0 t=1s
  F3 c1/c7@t0=127: rank[2,2] g=2 src=pari sat=1 tors=4 st=4156 hmax=1199 pr=60 surv=22 ex=18 bad=0 hits=0 t=1s
  F3 c3/c5@t0=145: rank[3,3] g=3 src=pari sat=1 tors=4 st=11964 hmax=332 pr=60 surv=34 ex=30 bad=0 hits=0 t=1s
  F3 c6/c3@t0=127: rank[2,2] g=2 src=pari sat=1 tors=4 st=4156 hmax=1199 pr=60 surv=26 ex=24 bad=0 hits=0 t=0s
  F3 c7/c3@t0=127: rank[2,2] g=2 src=pari sat=1 tors=4 st=5668 hmax=1196 pr=60 surv=22 ex=16 bad=0 hits=0 t=0s
  F3 c6/c5@t0=127: rank[3,3] g=3 src=pari sat=1 tors=4 st=11964 hmax=332 pr=60 surv=18 ex=16 bad=0 hits=0 t=0s
  F3 c7/c5@t0=127: rank[1,1] g=1 src=pari sat=1 tors=4 st=124 hmax=1195 pr=60 surv=9 ex=7 bad=0 hits=0 t=0s
  F3 c6/c7@t0=127: rank[3,3] g=3 src=pari sat=1 tors=4 st=11964 hmax=332 pr=60 surv=18 ex=14 bad=0 hits=0 t=0s
  F4 c2/c3@t0=127: rank[2,2] g=2 src=pari sat=1 tors=4 st=2204 hmax=1192 pr=60 surv=9 ex=5 bad=0 hits=0 t=0s
  F4 c2/c5@t0=127: rank[1,1] g=1 src=pari sat=1 tors=4 st=84 hmax=1031 pr=60 surv=9 ex=5 bad=0 hits=0 t=0s
  F4 c2/c6@t0=127: rank[2,2] g=2 src=pari sat=1 tors=4 st=4156 hmax=1199 pr=60 surv=25 ex=21 bad=0 hits=0 t=0s
  F4 c2/c7@t0=127: rank[2,2] g=2 src=pari sat=1 tors=4 st=4156 hmax=1199 pr=60 surv=24 ex=20 bad=0 hits=0 t=0s
  F4 c3/c5@t0=127: rank[2,2] g=2 src=pari sat=1 tors=4 st=2172 hmax=1197 pr=60 surv=10 ex=6 bad=0 hits=0 t=0s
  F4 c3/c6@t0=127: rank[2,2] g=2 src=pari sat=1 tors=4 st=2204 hmax=1192 pr=60 surv=9 ex=5 bad=0 hits=0 t=0s
  F4 c3/c7@t0=127: rank[2,2] g=2 src=pari sat=1 tors=4 st=2172 hmax=1197 pr=60 surv=10 ex=6 bad=0 hits=0 t=0s
  F4 c5/c6@t0=127: rank[2,2] g=2 src=pari sat=1 tors=4 st=5668 hmax=1196 pr=60 surv=22 ex=14 bad=0 hits=0 t=0s
  F4 c5/c7@t0=127: rank[2,2] g=2 src=pari sat=1 tors=4 st=1972 hmax=1196 pr=60 surv=9 ex=5 bad=0 hits=0 t=0s
  F4 c6/c7@t0=127: rank[3,3] g=3 src=pari sat=1 tors=4 st=11964 hmax=332 pr=60 surv=34 ex=30 bad=0 hits=0 t=0s
== (P,Q)=(167,119) C=21025 SQ
  F1 c0/c2@t0=119: rank[4,4] g=4 src=pari sat=1 tors=4 st=12004 hmax=83 pr=60 surv=18 ex=14 bad=0 hits=0 t=0s
  F1 c0/c3@t0=119: rank[3,3] g=3 src=pari sat=1 tors=4 st=11964 hmax=291 pr=60 surv=18 ex=14 bad=0 hits=0 t=0s
  F1 c0/c6@t0=119: rank[2,2] g=2 src=pari sat=1 tors=8 st=6312 hmax=1199 pr=60 surv=34 ex=30 bad=0 hits=0 t=0s
  F1 c0/c8@t0=119: rank[1,1] g=1 src=pari sat=1 tors=8 st=248 hmax=1128 pr=60 surv=17 ex=13 bad=0 hits=0 t=0s
  F1 c2/c3@t0=119: rank[3,3] g=3 src=pari sat=1 tors=4 st=11964 hmax=291 pr=60 surv=17 ex=13 bad=0 hits=0 t=0s
  F1 c2/c6@t0=119: rank[1,1] g=1 src=pari sat=1 tors=8 st=248 hmax=1109 pr=60 surv=17 ex=13 bad=0 hits=0 t=0s
  F1 c2/c8@t0=119: rank[3,3] g=3 src=pari sat=1 tors=4 st=12004 hmax=388 pr=60 surv=60 ex=56 bad=0 hits=0 t=0s
  F1 c3/c6@t0=119: rank[3,3] g=3 src=pari sat=1 tors=4 st=12004 hmax=488 pr=60 surv=17 ex=13 bad=0 hits=0 t=0s
  F1 c3/c8@t0=119: rank[3,3] g=3 src=pari sat=1 tors=4 st=12004 hmax=488 pr=60 surv=19 ex=15 bad=0 hits=0 t=0s
  F1 c6/c8@t0=119: rank[2,2] g=2 src=pari sat=1 tors=4 st=4204 hmax=1191 pr=60 surv=17 ex=13 bad=0 hits=0 t=0s
  F2 c2/c3@t0=119: rank[4,4] g=4 src=pari sat=1 tors=4 st=12004 hmax=83 pr=60 surv=18 ex=14 bad=0 hits=0 t=0s
  F2 c2/c5@t0=119: rank[4,4] g=4 src=pari sat=1 tors=4 st=12004 hmax=83 pr=60 surv=20 ex=16 bad=0 hits=0 t=0s
  F2 c2/c6@t0=119: rank[3,3] g=3 src=pari sat=1 tors=4 st=12004 hmax=250 pr=60 surv=19 ex=15 bad=0 hits=0 t=1s
  F2 c2/c8@t0=119: rank[3,3] g=3 src=pari sat=1 tors=4 st=12004 hmax=250 pr=60 surv=17 ex=13 bad=0 hits=0 t=0s
  F2 c3/c5@t0=119: rank[3,3] g=3 src=pari sat=1 tors=4 st=11964 hmax=291 pr=60 surv=17 ex=13 bad=0 hits=0 t=0s
  F2 c3/c6@t0=119: rank[3,3] g=3 src=pari sat=1 tors=4 st=12004 hmax=388 pr=60 surv=60 ex=56 bad=0 hits=0 t=0s
  F2 c3/c8@t0=119: rank[1,1] g=1 src=pari sat=1 tors=8 st=248 hmax=1109 pr=60 surv=17 ex=13 bad=0 hits=0 t=1s
  F2 c5/c6@t0=119: rank[2,2] g=2 src=pari sat=1 tors=8 st=6312 hmax=1199 pr=60 surv=33 ex=29 bad=0 hits=0 t=0s
  F2 c5/c8@t0=119: rank[1,1] g=1 src=pari sat=1 tors=8 st=248 hmax=1128 pr=60 surv=17 ex=13 bad=0 hits=0 t=0s
  F2 c6/c8@t0=119: rank[3,3] g=3 src=pari sat=1 tors=4 st=11956 hmax=236 pr=60 surv=18 ex=14 bad=0 hits=0 t=0s
  F3 c1/c3@t0=119: rank[4,4] g=4 src=pari sat=1 tors=4 st=12004 hmax=77 pr=60 surv=28 ex=26 bad=0 hits=0 t=1s
  F3 c1/c5@t0=119: rank[3,3] g=3 src=pari sat=1 tors=4 st=11996 hmax=482 pr=60 surv=36 ex=34 bad=0 hits=0 t=0s
  F3 c1/c6@t0=119: rank[3,3] g=3 src=pari sat=1 tors=4 st=12004 hmax=250 pr=60 surv=26 ex=22 bad=0 hits=0 t=0s
  F3 c1/c7@t0=119: rank[3,3] g=3 src=pari sat=1 tors=4 st=12004 hmax=250 pr=60 surv=33 ex=29 bad=0 hits=0 t=0s
  F3 c3/c5@t0=145: rank[3,3] g=3 src=pari sat=1 tors=4 st=11956 hmax=236 pr=60 surv=17 ex=13 bad=0 hits=0 t=0s
  F3 c6/c3@t0=119: rank[3,3] g=3 src=pari sat=1 tors=4 st=12004 hmax=250 pr=60 surv=17 ex=15 bad=0 hits=0 t=0s
  F3 c7/c3@t0=119: rank[1,1] g=1 src=pari sat=1 tors=4 st=172 hmax=1112 pr=60 surv=13 ex=7 bad=0 hits=0 t=0s
  F3 c6/c5@t0=119: rank[3,3] g=3 src=pari sat=1 tors=4 st=11956 hmax=236 pr=60 surv=17 ex=15 bad=0 hits=0 t=0s
  F3 c7/c5@t0=119: rank[1,1] g=1 src=pari sat=1 tors=4 st=116 hmax=1047 pr=60 surv=9 ex=7 bad=0 hits=0 t=0s
  F3 c6/c7@t0=119: rank[3,3] g=3 src=pari sat=1 tors=4 st=11956 hmax=236 pr=60 surv=17 ex=13 bad=0 hits=0 t=0s
  F4 c2/c3@t0=119: rank[4,4] g=4 src=pari sat=1 tors=4 st=12004 hmax=77 pr=60 surv=25 ex=21 bad=0 hits=0 t=0s
  F4 c2/c5@t0=119: rank[3,3] g=3 src=pari sat=1 tors=4 st=11996 hmax=482 pr=60 surv=36 ex=32 bad=0 hits=0 t=0s
  F4 c2/c6@t0=119: rank[3,3] g=3 src=pari sat=1 tors=4 st=12004 hmax=250 pr=60 surv=20 ex=16 bad=0 hits=0 t=0s
  F4 c2/c7@t0=119: rank[3,3] g=3 src=pari sat=1 tors=4 st=12004 hmax=250 pr=60 surv=25 ex=21 bad=0 hits=0 t=0s
  F4 c3/c5@t0=119: rank[2,2] g=2 src=pari sat=1 tors=4 st=4620 hmax=1199 pr=60 surv=17 ex=13 bad=0 hits=0 t=0s
  F4 c3/c6@t0=119: rank[4,4] g=4 src=pari sat=1 tors=4 st=12004 hmax=77 pr=60 surv=25 ex=21 bad=0 hits=0 t=0s
  F4 c3/c7@t0=119: rank[2,2] g=2 src=pari sat=1 tors=4 st=4620 hmax=1199 pr=60 surv=10 ex=6 bad=0 hits=0 t=0s
  F4 c5/c6@t0=119: rank[1,1] g=1 src=pari sat=1 tors=4 st=172 hmax=1112 pr=60 surv=13 ex=5 bad=0 hits=0 t=0s
  F4 c5/c7@t0=119: rank[1,1] g=1 src=pari sat=1 tors=4 st=124 hmax=1191 pr=60 surv=9 ex=5 bad=0 hits=0 t=0s
  F4 c6/c7@t0=119: rank[3,3] g=3 src=pari sat=1 tors=4 st=11956 hmax=236 pr=60 surv=17 ex=13 bad=0 hits=0 t=0s
== (P,Q)=(191,89) C=22201 SQ
  F1 c0/c2@t0=89: rank[2,2] g=2 src=pari sat=1 tors=4 st=4340 hmax=1196 pr=60 surv=27 ex=23 bad=0 hits=0 t=0s
  F1 c0/c3@t0=89: rank[2,2] g=2 src=pari sat=1 tors=4 st=3908 hmax=1198 pr=60 surv=17 ex=13 bad=0 hits=0 t=0s
  F1 c0/c6@t0=89: rank[2,2] g=2 src=pari sat=1 tors=8 st=8104 hmax=1198 pr=60 surv=25 ex=21 bad=0 hits=0 t=0s
  F1 c0/c8@t0=89: rank[2,2] g=2 src=pari sat=1 tors=8 st=3368 hmax=1190 pr=60 surv=26 ex=22 bad=0 hits=0 t=0s
  F1 c2/c3@t0=89: rank[2,2] g=2 src=pari sat=1 tors=4 st=3908 hmax=1198 pr=60 surv=17 ex=13 bad=0 hits=0 t=0s
  F1 c2/c6@t0=89: rank[2,2] g=2 src=pari sat=1 tors=8 st=2888 hmax=1191 pr=60 surv=18 ex=14 bad=0 hits=0 t=0s
  F1 c2/c8@t0=89: rank[3,3] g=3 src=pari sat=1 tors=4 st=11956 hmax=301 pr=60 surv=33 ex=29 bad=0 hits=0 t=0s
  F1 c3/c6@t0=89: rank[2,2] g=2 src=pari sat=1 tors=4 st=3892 hmax=1198 pr=60 surv=42 ex=38 bad=0 hits=0 t=0s
  F1 c3/c8@t0=89: rank[2,2] g=2 src=pari sat=1 tors=4 st=3892 hmax=1198 pr=60 surv=41 ex=37 bad=0 hits=0 t=0s
  F1 c6/c8@t0=89: rank[2,2] g=2 src=pari sat=1 tors=4 st=4212 hmax=1199 pr=60 surv=21 ex=17 bad=0 hits=0 t=0s
  F2 c2/c3@t0=89: rank[2,2] g=2 src=pari sat=1 tors=4 st=4340 hmax=1196 pr=60 surv=27 ex=23 bad=0 hits=0 t=0s
  F2 c2/c5@t0=89: rank[2,2] g=2 src=pari sat=1 tors=4 st=4340 hmax=1196 pr=60 surv=26 ex=22 bad=0 hits=0 t=0s
  F2 c2/c6@t0=89: rank[4,4] g=4 src=pari sat=1 tors=4 st=11948 hmax=105 pr=60 surv=23 ex=19 bad=0 hits=0 t=0s
  F2 c2/c8@t0=89: rank[4,4] g=4 src=pari sat=1 tors=4 st=11948 hmax=105 pr=60 surv=23 ex=19 bad=0 hits=0 t=0s
  F2 c3/c5@t0=89: rank[2,2] g=2 src=pari sat=1 tors=4 st=3908 hmax=1198 pr=60 surv=17 ex=13 bad=0 hits=0 t=0s
  F2 c3/c6@t0=89: rank[3,3] g=3 src=pari sat=1 tors=4 st=11956 hmax=301 pr=60 surv=35 ex=31 bad=0 hits=0 t=0s
  F2 c3/c8@t0=89: rank[2,2] g=2 src=pari sat=1 tors=8 st=2888 hmax=1191 pr=60 surv=17 ex=13 bad=0 hits=0 t=0s
  F2 c5/c6@t0=89: rank[2,2] g=2 src=pari sat=1 tors=8 st=8104 hmax=1198 pr=60 surv=25 ex=21 bad=0 hits=0 t=0s
  F2 c5/c8@t0=89: rank[2,2] g=2 src=pari sat=1 tors=8 st=3368 hmax=1190 pr=60 surv=26 ex=22 bad=0 hits=0 t=0s
  F2 c6/c8@t0=89: rank[2,2] g=2 src=pari sat=1 tors=4 st=3988 hmax=1198 pr=60 surv=17 ex=13 bad=0 hits=0 t=0s
  F3 c1/c3@t0=89: rank[2,2] g=2 src=pari sat=1 tors=4 st=2268 hmax=1187 pr=60 surv=9 ex=7 bad=0 hits=0 t=0s
  F3 c1/c5@t0=89: rank[1,1] g=1 src=pari sat=1 tors=4 st=84 hmax=1040 pr=60 surv=9 ex=7 bad=0 hits=0 t=0s
  F3 c1/c6@t0=89: rank[4,4] g=4 src=pari sat=1 tors=4 st=11948 hmax=105 pr=60 surv=28 ex=24 bad=0 hits=0 t=0s
  F3 c1/c7@t0=89: rank[4,4] g=4 src=pari sat=1 tors=4 st=11948 hmax=105 pr=60 surv=25 ex=21 bad=0 hits=0 t=0s
  F3 c3/c5@t0=149: rank[2,2] g=2 src=pari sat=1 tors=4 st=3988 hmax=1198 pr=60 surv=17 ex=13 bad=0 hits=0 t=0s
  F3 c6/c3@t0=89: rank[4,4] g=4 src=pari sat=1 tors=4 st=11948 hmax=105 pr=60 surv=24 ex=22 bad=0 hits=0 t=0s
  F3 c7/c3@t0=89: rank[2,2] g=2 src=pari sat=1 tors=4 st=5420 hmax=1198 pr=60 surv=96 ex=90 bad=0 hits=0 t=0s
  F3 c6/c5@t0=89: rank[2,2] g=2 src=pari sat=1 tors=4 st=3988 hmax=1198 pr=60 surv=18 ex=16 bad=0 hits=0 t=0s
  F3 c7/c5@t0=89: rank[1,1] g=1 src=pari sat=1 tors=4 st=116 hmax=1068 pr=60 surv=9 ex=7 bad=0 hits=0 t=0s
  F3 c6/c7@t0=89: rank[2,2] g=2 src=pari sat=1 tors=4 st=3988 hmax=1198 pr=60 surv=18 ex=14 bad=0 hits=0 t=0s
  F4 c2/c3@t0=89: rank[2,2] g=2 src=pari sat=1 tors=4 st=2268 hmax=1187 pr=60 surv=9 ex=5 bad=0 hits=0 t=0s
  F4 c2/c5@t0=89: rank[1,1] g=1 src=pari sat=1 tors=4 st=84 hmax=1040 pr=60 surv=9 ex=5 bad=0 hits=0 t=0s
  F4 c2/c6@t0=89: rank[4,4] g=4 src=pari sat=1 tors=4 st=11948 hmax=105 pr=60 surv=23 ex=19 bad=0 hits=0 t=0s
  F4 c2/c7@t0=89: rank[4,4] g=4 src=pari sat=1 tors=4 st=11948 hmax=105 pr=60 surv=25 ex=21 bad=0 hits=0 t=0s
  F4 c3/c5@t0=89: rank[2,2] g=2 src=pari sat=1 tors=4 st=2012 hmax=1198 pr=60 surv=18 ex=14 bad=0 hits=0 t=0s
  F4 c3/c6@t0=89: rank[2,2] g=2 src=pari sat=1 tors=4 st=2268 hmax=1187 pr=60 surv=9 ex=5 bad=0 hits=0 t=0s
  F4 c3/c7@t0=89: rank[2,2] g=2 src=pari sat=1 tors=4 st=2012 hmax=1198 pr=60 surv=18 ex=14 bad=0 hits=0 t=0s
  F4 c5/c6@t0=89: rank[2,2] g=2 src=pari sat=1 tors=4 st=5420 hmax=1198 pr=60 surv=76 ex=68 bad=0 hits=0 t=0s
  F4 c5/c7@t0=89: rank[1,1] g=1 src=pari sat=1 tors=4 st=116 hmax=1047 pr=60 surv=9 ex=5 bad=0 hits=0 t=0s
  F4 c6/c7@t0=89: rank[2,2] g=2 src=pari sat=1 tors=4 st=3988 hmax=1198 pr=60 surv=17 ex=13 bad=0 hits=0 t=0s
== (P,Q)=(193,17) C=18769 SQ
  F1 c0/c2@t0=17: rank[3,3] g=3 src=pari sat=1 tors=4 st=12004 hmax=359 pr=60 surv=30 ex=26 bad=0 hits=0 t=0s
  F1 c0/c3@t0=17: rank[3,3] g=3 src=pari sat=1 tors=4 st=11972 hmax=262 pr=60 surv=50 ex=46 bad=0 hits=0 t=0s
  F1 c0/c6@t0=17: rank[1,1] g=1 src=pari sat=1 tors=8 st=248 hmax=1075 pr=60 surv=25 ex=21 bad=0 hits=0 t=0s
  F1 c0/c8@t0=17: rank[2,2] g=2 src=pari sat=1 tors=8 st=3048 hmax=1195 pr=60 surv=22 ex=18 bad=0 hits=0 t=0s
  F1 c2/c3@t0=17: rank[3,3] g=3 src=pari sat=1 tors=4 st=11972 hmax=262 pr=60 surv=50 ex=46 bad=0 hits=0 t=0s
  F1 c2/c6@t0=17: rank[2,2] g=1 INC src=pari+mw sat=1 tors=8 st=248 hmax=1069 pr=60 surv=17 ex=13 bad=0 hits=0 t=7s
  F1 c2/c8@t0=17: rank[4,4] g=4 src=pari sat=1 tors=4 st=12004 hmax=105 pr=60 surv=25 ex=21 bad=0 hits=0 t=0s
  F1 c3/c6@t0=17: rank[3,3] g=3 src=pari sat=1 tors=4 st=11932 hmax=436 pr=60 surv=42 ex=38 bad=0 hits=0 t=0s
  F1 c3/c8@t0=17: rank[3,3] g=3 src=pari sat=1 tors=4 st=11932 hmax=436 pr=60 surv=42 ex=38 bad=0 hits=0 t=0s
  F1 c6/c8@t0=17: rank[3,3] g=3 src=pari sat=1 tors=4 st=12004 hmax=452 pr=60 surv=25 ex=21 bad=0 hits=0 t=0s
  F2 c2/c3@t0=17: rank[3,3] g=3 src=pari sat=1 tors=4 st=12004 hmax=359 pr=60 surv=30 ex=26 bad=0 hits=0 t=0s
  F2 c2/c5@t0=17: rank[3,3] g=3 src=pari sat=1 tors=4 st=12004 hmax=359 pr=60 surv=32 ex=28 bad=0 hits=0 t=0s
  F2 c2/c6@t0=17: rank[3,3] g=3 src=pari sat=1 tors=4 st=11972 hmax=307 pr=60 surv=26 ex=22 bad=0 hits=0 t=0s
  F2 c2/c8@t0=17: rank[3,3] g=3 src=pari sat=1 tors=4 st=11972 hmax=307 pr=60 surv=26 ex=22 bad=0 hits=0 t=0s
  F2 c3/c5@t0=17: rank[3,3] g=3 src=pari sat=1 tors=4 st=11972 hmax=262 pr=60 surv=50 ex=46 bad=0 hits=0 t=0s
  F2 c3/c6@t0=17: rank[4,4] g=4 src=pari sat=1 tors=4 st=12004 hmax=105 pr=60 surv=26 ex=22 bad=0 hits=0 t=0s
  F2 c3/c8@t0=17: rank[2,2] g=1 INC src=pari+mw sat=1 tors=8 st=248 hmax=1069 pr=60 surv=17 ex=13 bad=0 hits=0 t=8s
  F2 c5/c6@t0=17: rank[1,1] g=1 src=pari sat=1 tors=8 st=248 hmax=1075 pr=60 surv=25 ex=21 bad=0 hits=0 t=0s
  F2 c5/c8@t0=17: rank[2,2] g=2 src=pari sat=1 tors=8 st=3048 hmax=1195 pr=60 surv=22 ex=18 bad=0 hits=0 t=0s
  F2 c6/c8@t0=17: rank[3,3] g=3 src=pari sat=1 tors=4 st=11940 hmax=308 pr=60 surv=17 ex=13 bad=0 hits=0 t=1s
  F3 c1/c3@t0=17: rank[1,1] g=1 src=pari sat=1 tors=4 st=124 hmax=1185 pr=60 surv=9 ex=7 bad=0 hits=0 t=0s
  F3 c1/c5@t0=17: rank[2,2] g=2 src=pari sat=1 tors=4 st=2100 hmax=1196 pr=60 surv=17 ex=15 bad=0 hits=0 t=0s
  F3 c1/c6@t0=17: rank[3,3] g=3 src=pari sat=1 tors=4 st=11972 hmax=307 pr=60 surv=17 ex=13 bad=0 hits=0 t=0s
  F3 c1/c7@t0=17: rank[3,3] g=3 src=pari sat=1 tors=4 st=11972 hmax=307 pr=60 surv=33 ex=29 bad=0 hits=0 t=1s
  F3 c3/c5@t0=137: rank[3,3] g=3 src=pari sat=1 tors=4 st=11940 hmax=308 pr=60 surv=59 ex=55 bad=0 hits=0 t=0s
  F3 c6/c3@t0=17: rank[3,3] g=3 src=pari sat=1 tors=4 st=11972 hmax=307 pr=60 surv=17 ex=15 bad=0 hits=0 t=1s
  F3 c7/c3@t0=17: rank[2,2] g=2 src=pari sat=1 tors=4 st=5860 hmax=1200 pr=60 surv=26 ex=20 bad=0 hits=0 t=0s
  F3 c6/c5@t0=17: rank[3,3] g=3 src=pari sat=1 tors=4 st=11940 hmax=308 pr=60 surv=20 ex=18 bad=0 hits=0 t=0s
  F3 c7/c5@t0=17: rank[3,3] g=3 src=pari sat=1 tors=4 st=12004 hmax=400 pr=60 surv=18 ex=16 bad=0 hits=0 t=0s
  F3 c6/c7@t0=17: rank[3,3] g=3 src=pari sat=1 tors=4 st=11940 hmax=308 pr=60 surv=23 ex=19 bad=0 hits=0 t=0s
  F4 c2/c3@t0=17: rank[1,1] g=1 src=pari sat=1 tors=4 st=124 hmax=1185 pr=60 surv=9 ex=5 bad=0 hits=0 t=0s
  F4 c2/c5@t0=17: rank[2,2] g=2 src=pari sat=1 tors=4 st=2100 hmax=1196 pr=60 surv=17 ex=13 bad=0 hits=0 t=0s
  F4 c2/c6@t0=17: rank[3,3] g=3 src=pari sat=1 tors=4 st=11972 hmax=307 pr=60 surv=17 ex=13 bad=0 hits=0 t=0s
  F4 c2/c7@t0=17: rank[3,3] g=3 src=pari sat=1 tors=4 st=11972 hmax=307 pr=60 surv=33 ex=29 bad=0 hits=0 t=0s
  F4 c3/c5@t0=17: rank[2,2] g=2 src=pari sat=1 tors=4 st=4012 hmax=1194 pr=60 surv=17 ex=13 bad=0 hits=0 t=0s
  F4 c3/c6@t0=17: rank[1,1] g=1 src=pari sat=1 tors=4 st=124 hmax=1185 pr=60 surv=9 ex=5 bad=0 hits=0 t=0s
  F4 c3/c7@t0=17: rank[2,2] g=2 src=pari sat=1 tors=4 st=4012 hmax=1194 pr=60 surv=17 ex=13 bad=0 hits=0 t=0s
  F4 c5/c6@t0=17: rank[2,2] g=2 src=pari sat=1 tors=4 st=5860 hmax=1200 pr=60 surv=26 ex=18 bad=0 hits=0 t=0s
  F4 c5/c7@t0=17: rank[2,2] g=2 src=pari sat=1 tors=4 st=2708 hmax=1198 pr=60 surv=9 ex=5 bad=0 hits=0 t=0s
  F4 c6/c7@t0=17: rank[3,3] g=3 src=pari sat=1 tors=4 st=11940 hmax=308 pr=60 surv=59 ex=55 bad=0 hits=0 t=0s
== (P,Q)=(199,161) C=32761 SQ
  F1 c0/c2@t0=161: rank[4,4] g=4 src=pari sat=1 tors=4 st=12004 hmax=67 pr=60 surv=17 ex=13 bad=0 hits=0 t=0s
  F1 c0/c3@t0=161: rank[2,2] g=2 src=pari sat=1 tors=4 st=3772 hmax=1199 pr=60 surv=44 ex=40 bad=0 hits=0 t=0s
  F1 c0/c6@t0=161: rank[2,2] g=2 src=pari sat=1 tors=8 st=6072 hmax=1198 pr=60 surv=18 ex=14 bad=0 hits=0 t=0s
  F1 c0/c8@t0=161: rank[1,1] g=1 src=pari sat=1 tors=8 st=248 hmax=1175 pr=60 surv=17 ex=13 bad=0 hits=0 t=0s
  F1 c2/c3@t0=161: rank[2,2] g=2 src=pari sat=1 tors=4 st=3772 hmax=1199 pr=60 surv=42 ex=38 bad=0 hits=0 t=0s
  F1 c2/c6@t0=161: rank[1,1] g=1 src=pari sat=1 tors=8 st=248 hmax=1163 pr=60 surv=29 ex=25 bad=0 hits=0 t=0s
  F1 c2/c8@t0=161: rank[2,2] g=2 src=pari sat=1 tors=4 st=3260 hmax=1195 pr=60 surv=29 ex=25 bad=0 hits=0 t=0s
  F1 c3/c6@t0=161: rank[2,2] g=2 src=pari sat=1 tors=4 st=3732 hmax=1191 pr=60 surv=25 ex=21 bad=0 hits=0 t=0s
  F1 c3/c8@t0=161: rank[2,2] g=2 src=pari sat=1 tors=4 st=3732 hmax=1191 pr=60 surv=25 ex=21 bad=0 hits=0 t=0s
  F1 c6/c8@t0=161: rank[3,3] g=3 src=pari sat=3 tors=4 st=12004 hmax=305 pr=60 surv=19 ex=15 bad=0 hits=0 t=0s
  F2 c2/c3@t0=161: rank[4,4] g=4 src=pari sat=1 tors=4 st=12004 hmax=67 pr=60 surv=20 ex=16 bad=0 hits=0 t=0s
  F2 c2/c5@t0=161: rank[4,4] g=4 src=pari sat=1 tors=4 st=12004 hmax=67 pr=60 surv=23 ex=19 bad=0 hits=0 t=0s
  F2 c2/c6@t0=161: rank[2,2] g=2 src=pari sat=1 tors=4 st=3956 hmax=1196 pr=60 surv=18 ex=14 bad=0 hits=0 t=0s
  F2 c2/c8@t0=161: rank[2,2] g=2 src=pari sat=1 tors=4 st=3956 hmax=1196 pr=60 surv=17 ex=13 bad=0 hits=0 t=0s
  F2 c3/c5@t0=161: rank[2,2] g=2 src=pari sat=1 tors=4 st=3772 hmax=1199 pr=60 surv=43 ex=39 bad=0 hits=0 t=0s
  F2 c3/c6@t0=161: rank[2,2] g=2 src=pari sat=1 tors=4 st=3260 hmax=1195 pr=60 surv=33 ex=29 bad=0 hits=0 t=0s
  F2 c3/c8@t0=161: rank[1,1] g=1 src=pari sat=1 tors=8 st=248 hmax=1163 pr=60 surv=29 ex=25 bad=0 hits=0 t=0s
  F2 c5/c6@t0=161: rank[2,2] g=2 src=pari sat=1 tors=8 st=6072 hmax=1198 pr=60 surv=18 ex=14 bad=0 hits=0 t=0s
  F2 c5/c8@t0=161: rank[1,1] g=1 src=pari sat=1 tors=8 st=248 hmax=1175 pr=60 surv=17 ex=13 bad=0 hits=0 t=0s
  F2 c6/c8@t0=161: rank[3,3] g=3 src=pari sat=1 tors=4 st=11900 hmax=345 pr=60 surv=18 ex=14 bad=0 hits=0 t=0s
  F3 c1/c3@t0=161: rank[1,1] g=1 src=pari sat=1 tors=4 st=116 hmax=1076 pr=60 surv=9 ex=7 bad=0 hits=0 t=0s
  F3 c1/c5@t0=161: rank[2,2] g=2 src=pari sat=1 tors=4 st=1788 hmax=1189 pr=60 surv=17 ex=15 bad=0 hits=0 t=0s
  F3 c1/c6@t0=161: rank[2,2] g=2 src=pari sat=1 tors=4 st=3956 hmax=1196 pr=60 surv=25 ex=21 bad=0 hits=0 t=0s
  F3 c1/c7@t0=161: rank[2,2] g=2 src=pari sat=1 tors=4 st=3956 hmax=1196 pr=60 surv=25 ex=21 bad=0 hits=0 t=0s
  F3 c3/c5@t0=181: rank[3,3] g=3 src=pari sat=1 tors=4 st=11900 hmax=345 pr=60 surv=26 ex=22 bad=0 hits=0 t=0s
  F3 c6/c3@t0=161: rank[2,2] g=2 src=pari sat=1 tors=4 st=3956 hmax=1196 pr=60 surv=27 ex=25 bad=0 hits=0 t=0s
  F3 c7/c3@t0=161: rank[1,1] g=1 src=pari sat=1 tors=4 st=172 hmax=1156 pr=60 surv=13 ex=7 bad=0 hits=0 t=0s
  F3 c6/c5@t0=161: rank[3,3] g=3 src=pari sat=1 tors=4 st=11900 hmax=345 pr=60 surv=47 ex=45 bad=0 hits=0 t=0s
  F3 c7/c5@t0=161: rank[2,2] g=2 src=pari sat=1 tors=4 st=3028 hmax=1199 pr=60 surv=15 ex=13 bad=0 hits=0 t=0s
  F3 c6/c7@t0=161: rank[3,3] g=3 src=pari sat=1 tors=4 st=11900 hmax=345 pr=60 surv=47 ex=43 bad=0 hits=0 t=1s
  F4 c2/c3@t0=161: rank[1,1] g=1 src=pari sat=1 tors=4 st=116 hmax=1076 pr=60 surv=9 ex=5 bad=0 hits=0 t=0s
  F4 c2/c5@t0=161: rank[2,2] g=2 src=pari sat=1 tors=4 st=1788 hmax=1189 pr=60 surv=17 ex=13 bad=0 hits=0 t=0s
  F4 c2/c6@t0=161: rank[2,2] g=2 src=pari sat=1 tors=4 st=3956 hmax=1196 pr=60 surv=25 ex=21 bad=0 hits=0 t=0s
  F4 c2/c7@t0=161: rank[2,2] g=2 src=pari sat=1 tors=4 st=3956 hmax=1196 pr=60 surv=25 ex=21 bad=0 hits=0 t=0s
  F4 c3/c5@t0=161: rank[1,1] g=1 src=pari sat=1 tors=4 st=116 hmax=1099 pr=60 surv=9 ex=5 bad=0 hits=0 t=0s
  F4 c3/c6@t0=161: rank[1,1] g=1 src=pari sat=1 tors=4 st=116 hmax=1076 pr=60 surv=9 ex=5 bad=0 hits=0 t=0s
  F4 c3/c7@t0=161: rank[1,1] g=1 src=pari sat=1 tors=4 st=116 hmax=1099 pr=60 surv=9 ex=5 bad=0 hits=0 t=0s
  F4 c5/c6@t0=161: rank[1,1] g=1 src=pari sat=1 tors=4 st=172 hmax=1156 pr=60 surv=13 ex=5 bad=0 hits=0 t=0s
  F4 c5/c7@t0=161: rank[1,1] g=1 src=pari sat=1 tors=4 st=116 hmax=1078 pr=60 surv=9 ex=5 bad=0 hits=0 t=0s
  F4 c6/c7@t0=161: rank[3,3] g=3 src=pari sat=1 tors=4 st=11900 hmax=345 pr=60 surv=26 ex=22 bad=0 hits=0 t=0s
== (P,Q)=(217,47) C=24649 SQ
  F1 c0/c2@t0=47: rank[2,2] g=2 src=pari sat=1 tors=4 st=4348 hmax=1200 pr=60 surv=26 ex=22 bad=0 hits=0 t=0s
  F1 c0/c3@t0=47: rank[3,3] g=3 src=pari sat=1 tors=4 st=11916 hmax=396 pr=60 surv=19 ex=15 bad=0 hits=0 t=0s
  F1 c0/c6@t0=47: rank[1,1] g=1 src=pari sat=1 tors=8 st=248 hmax=1118 pr=60 surv=17 ex=13 bad=0 hits=0 t=0s
  F1 c0/c8@t0=47: rank[1,1] g=1 src=pari+mw sat=1 tors=8 st=248 hmax=1148 pr=60 surv=17 ex=13 bad=0 hits=0 t=30s
  F1 c2/c3@t0=47: rank[3,3] g=3 src=pari sat=1 tors=4 st=11916 hmax=396 pr=60 surv=17 ex=13 bad=0 hits=0 t=1s
  F1 c2/c6@t0=47: rank[2,2] g=2 src=pari sat=1 tors=8 st=3448 hmax=1186 pr=60 surv=33 ex=29 bad=0 hits=0 t=0s
  F1 c2/c8@t0=47: rank[4,4] g=4 src=pari sat=1 tors=4 st=11964 hmax=97 pr=60 surv=37 ex=33 bad=0 hits=0 t=0s
  F1 c3/c6@t0=47: rank[2,2] g=2 src=pari sat=1 tors=4 st=3836 hmax=1199 pr=60 surv=33 ex=29 bad=0 hits=0 t=0s
  F1 c3/c8@t0=47: rank[2,2] g=2 src=pari sat=1 tors=4 st=3836 hmax=1199 pr=60 surv=33 ex=29 bad=0 hits=0 t=0s
  F1 c6/c8@t0=47: rank[2,2] g=2 src=pari sat=1 tors=4 st=4140 hmax=1198 pr=60 surv=17 ex=13 bad=0 hits=0 t=0s
  F2 c2/c3@t0=47: rank[2,2] g=2 src=pari sat=1 tors=4 st=4348 hmax=1200 pr=60 surv=27 ex=23 bad=0 hits=0 t=0s
  F2 c2/c5@t0=47: rank[2,2] g=2 src=pari sat=1 tors=4 st=4348 hmax=1200 pr=60 surv=26 ex=22 bad=0 hits=0 t=0s
  F2 c2/c6@t0=47: rank[4,4] g=4 src=pari sat=1 tors=4 st=12004 hmax=88 pr=60 surv=22 ex=18 bad=0 hits=0 t=0s
  F2 c2/c8@t0=47: rank[4,4] g=4 src=pari sat=1 tors=4 st=12004 hmax=88 pr=60 surv=17 ex=13 bad=0 hits=0 t=0s
  F2 c3/c5@t0=47: rank[3,3] g=3 src=pari sat=1 tors=4 st=11916 hmax=396 pr=60 surv=19 ex=15 bad=0 hits=0 t=0s
  F2 c3/c6@t0=47: rank[4,4] g=4 src=pari sat=1 tors=4 st=11964 hmax=97 pr=60 surv=39 ex=35 bad=0 hits=0 t=0s
  F2 c3/c8@t0=47: rank[2,2] g=2 src=pari sat=1 tors=8 st=3448 hmax=1186 pr=60 surv=33 ex=29 bad=0 hits=0 t=0s
  F2 c5/c6@t0=47: rank[1,1] g=1 src=pari sat=1 tors=8 st=248 hmax=1118 pr=60 surv=17 ex=13 bad=0 hits=0 t=0s
  F2 c5/c8@t0=47: rank[1,1] g=1 src=pari sat=1 tors=8 st=248 hmax=1148 pr=60 surv=17 ex=13 bad=0 hits=0 t=0s
  F2 c6/c8@t0=47: rank[3,3] g=3 src=pari sat=1 tors=4 st=12004 hmax=448 pr=60 surv=31 ex=27 bad=0 hits=0 t=1s
  F3 c1/c3@t0=47: rank[3,3] g=3 src=pari sat=1 tors=4 st=12004 hmax=411 pr=60 surv=29 ex=27 bad=0 hits=0 t=1s
  F3 c1/c5@t0=47: rank[3,3] g=3 src=pari sat=1 tors=4 st=12004 hmax=735 pr=60 surv=9 ex=7 bad=0 hits=0 t=0s
  F3 c1/c6@t0=47: rank[4,4] g=4 src=pari sat=1 tors=4 st=12004 hmax=88 pr=60 surv=22 ex=18 bad=0 hits=0 t=0s
  F3 c1/c7@t0=47: rank[4,4] g=4 src=pari sat=1 tors=4 st=12004 hmax=88 pr=60 surv=18 ex=14 bad=0 hits=0 t=0s
  F3 c3/c5@t0=157: rank[3,3] g=3 src=pari sat=1 tors=4 st=12004 hmax=448 pr=60 surv=17 ex=13 bad=0 hits=0 t=0s
  F3 c6/c3@t0=47: rank[4,4] g=4 src=pari sat=1 tors=4 st=12004 hmax=88 pr=60 surv=21 ex=19 bad=0 hits=0 t=0s
  F3 c7/c3@t0=47: rank[2,2] g=2 src=pari sat=1 tors=4 st=5284 hmax=1200 pr=60 surv=54 ex=48 bad=0 hits=0 t=0s
  F3 c6/c5@t0=47: rank[3,3] g=3 src=pari sat=1 tors=4 st=12004 hmax=448 pr=60 surv=22 ex=20 bad=0 hits=0 t=0s
  F3 c7/c5@t0=47: rank[2,2] g=2 src=pari sat=1 tors=4 st=1932 hmax=1198 pr=60 surv=9 ex=7 bad=0 hits=0 t=0s
  F3 c6/c7@t0=47: rank[3,3] g=3 src=pari sat=1 tors=4 st=12004 hmax=448 pr=60 surv=22 ex=18 bad=0 hits=0 t=0s
  F4 c2/c3@t0=47: rank[3,3] g=3 src=pari sat=1 tors=4 st=12004 hmax=411 pr=60 surv=31 ex=27 bad=0 hits=0 t=1s
  F4 c2/c5@t0=47: rank[3,3] g=3 src=pari sat=1 tors=4 st=12004 hmax=735 pr=60 surv=9 ex=5 bad=0 hits=0 t=0s
  F4 c2/c6@t0=47: rank[4,4] g=4 src=pari sat=1 tors=4 st=12004 hmax=88 pr=60 surv=18 ex=14 bad=0 hits=0 t=0s
  F4 c2/c7@t0=47: rank[4,4] g=4 src=pari sat=1 tors=4 st=12004 hmax=88 pr=60 surv=17 ex=13 bad=0 hits=0 t=0s
  F4 c3/c5@t0=47: rank[2,2] g=2 src=pari sat=1 tors=4 st=1956 hmax=1190 pr=60 surv=9 ex=5 bad=0 hits=0 t=0s
  F4 c3/c6@t0=47: rank[3,3] g=3 src=pari sat=1 tors=4 st=12004 hmax=411 pr=60 surv=29 ex=25 bad=0 hits=0 t=0s
  F4 c3/c7@t0=47: rank[2,2] g=2 src=pari sat=1 tors=4 st=1956 hmax=1190 pr=60 surv=9 ex=5 bad=0 hits=0 t=0s
  F4 c5/c6@t0=47: rank[2,2] g=2 src=pari sat=1 tors=4 st=5284 hmax=1200 pr=60 surv=54 ex=46 bad=0 hits=0 t=0s
  F4 c5/c7@t0=47: rank[2,2] g=2 src=pari sat=1 tors=4 st=1724 hmax=1199 pr=60 surv=18 ex=14 bad=0 hits=0 t=0s
  F4 c6/c7@t0=47: rank[3,3] g=3 src=pari sat=1 tors=4 st=12004 hmax=448 pr=60 surv=17 ex=13 bad=0 hits=0 t=0s
== (P,Q)=(217,113) C=29929 SQ
  F1 c0/c2@t0=113: rank[3,3] g=3 src=pari sat=1 tors=4 st=11940 hmax=368 pr=60 surv=35 ex=31 bad=0 hits=0 t=0s
  F1 c0/c3@t0=113: rank[2,2] g=2 src=pari sat=1 tors=4 st=3788 hmax=1196 pr=60 surv=35 ex=31 bad=0 hits=0 t=0s
  F1 c0/c6@t0=113: rank[1,1] g=1 src=pari sat=1 tors=8 st=248 hmax=1154 pr=60 surv=17 ex=13 bad=0 hits=0 t=0s
  F1 c0/c8@t0=113: rank[2,2] g=2 src=pari sat=1 tors=8 st=2520 hmax=1198 pr=60 surv=17 ex=13 bad=0 hits=0 t=0s
  F1 c2/c3@t0=113: rank[2,2] g=2 src=pari sat=1 tors=4 st=3788 hmax=1196 pr=60 surv=38 ex=34 bad=0 hits=0 t=0s
  F1 c2/c6@t0=113: rank[1,1] g=1 src=pari sat=1 tors=8 st=248 hmax=1140 pr=60 surv=25 ex=21 bad=0 hits=0 t=0s
  F1 c2/c8@t0=113: rank[4,4] g=4 src=pari sat=1 tors=4 st=11836 hmax=109 pr=60 surv=33 ex=29 bad=0 hits=0 t=0s
  F1 c3/c6@t0=113: rank[3,3] g=3 src=pari sat=1 tors=4 st=12004 hmax=368 pr=60 surv=43 ex=39 bad=0 hits=0 t=0s
  F1 c3/c8@t0=113: rank[3,3] g=3 src=pari sat=1 tors=4 st=12004 hmax=368 pr=60 surv=41 ex=37 bad=0 hits=0 t=0s
  F1 c6/c8@t0=113: rank[2,2] g=2 src=pari sat=1 tors=4 st=4100 hmax=1200 pr=60 surv=17 ex=13 bad=0 hits=0 t=0s
  F2 c2/c3@t0=113: rank[3,3] g=3 src=pari sat=1 tors=4 st=11940 hmax=368 pr=60 surv=35 ex=31 bad=0 hits=0 t=0s
  F2 c2/c5@t0=113: rank[3,3] g=3 src=pari sat=1 tors=4 st=11940 hmax=368 pr=60 surv=33 ex=29 bad=0 hits=0 t=0s
  F2 c2/c6@t0=113: rank[3,3] g=3 src=pari sat=1 tors=4 st=11972 hmax=284 pr=60 surv=27 ex=23 bad=0 hits=0 t=0s
  F2 c2/c8@t0=113: rank[3,3] g=3 src=pari sat=1 tors=4 st=11972 hmax=284 pr=60 surv=53 ex=49 bad=0 hits=0 t=0s
  F2 c3/c5@t0=113: rank[2,2] g=2 src=pari sat=1 tors=4 st=3788 hmax=1196 pr=60 surv=35 ex=31 bad=0 hits=0 t=0s
  F2 c3/c6@t0=113: rank[4,4] g=4 src=pari sat=1 tors=4 st=11836 hmax=109 pr=60 surv=36 ex=32 bad=0 hits=0 t=0s
  F2 c3/c8@t0=113: rank[1,1] g=1 src=pari sat=1 tors=8 st=248 hmax=1140 pr=60 surv=25 ex=21 bad=0 hits=0 t=0s
  F2 c5/c6@t0=113: rank[1,1] g=1 src=pari sat=1 tors=8 st=248 hmax=1154 pr=60 surv=17 ex=13 bad=0 hits=0 t=0s
  F2 c5/c8@t0=113: rank[2,2] g=2 src=pari sat=1 tors=8 st=2520 hmax=1198 pr=60 surv=17 ex=13 bad=0 hits=0 t=0s
  F2 c6/c8@t0=113: rank[3,3] g=3 src=pari sat=1 tors=4 st=11956 hmax=348 pr=60 surv=25 ex=21 bad=0 hits=0 t=0s
  F3 c1/c3@t0=113: rank[3,3] g=3 src=pari sat=1 tors=4 st=11996 hmax=349 pr=60 surv=11 ex=9 bad=0 hits=0 t=0s
  F3 c1/c5@t0=113: rank[1,1] g=1 src=pari sat=1 tors=4 st=84 hmax=1070 pr=60 surv=9 ex=7 bad=0 hits=0 t=0s
  F3 c1/c6@t0=113: rank[3,3] g=3 src=pari sat=1 tors=4 st=11972 hmax=284 pr=60 surv=18 ex=14 bad=0 hits=0 t=0s
  F3 c1/c7@t0=113: rank[3,3] g=3 src=pari sat=1 tors=4 st=11972 hmax=284 pr=60 surv=17 ex=13 bad=0 hits=0 t=0s
  F3 c3/c5@t0=173: rank[3,3] g=3 src=pari sat=1 tors=4 st=11956 hmax=348 pr=60 surv=50 ex=46 bad=0 hits=0 t=0s
  F3 c6/c3@t0=113: rank[3,3] g=3 src=pari sat=1 tors=4 st=11972 hmax=284 pr=60 surv=18 ex=16 bad=0 hits=0 t=0s
  F3 c7/c3@t0=113: rank[2,2] g=2 src=pari sat=1 tors=4 st=4748 hmax=1200 pr=60 surv=48 ex=42 bad=0 hits=0 t=0s
  F3 c6/c5@t0=113: rank[3,3] g=3 src=pari sat=1 tors=4 st=11956 hmax=348 pr=60 surv=17 ex=15 bad=0 hits=0 t=0s
  F3 c7/c5@t0=113: rank[2,2] g=2 src=pari sat=1 tors=4 st=3052 hmax=1191 pr=60 surv=9 ex=7 bad=0 hits=0 t=0s
  F3 c6/c7@t0=113: rank[3,3] g=3 src=pari sat=1 tors=4 st=11956 hmax=348 pr=60 surv=17 ex=13 bad=0 hits=0 t=0s
  F4 c2/c3@t0=113: rank[3,3] g=3 src=pari sat=1 tors=4 st=11996 hmax=349 pr=60 surv=11 ex=7 bad=0 hits=0 t=0s
  F4 c2/c5@t0=113: rank[1,1] g=1 src=pari sat=1 tors=4 st=84 hmax=1070 pr=60 surv=9 ex=5 bad=0 hits=0 t=0s
  F4 c2/c6@t0=113: rank[3,3] g=3 src=pari sat=1 tors=4 st=11972 hmax=284 pr=60 surv=17 ex=13 bad=0 hits=0 t=0s
  F4 c2/c7@t0=113: rank[3,3] g=3 src=pari sat=1 tors=4 st=11972 hmax=284 pr=60 surv=18 ex=14 bad=0 hits=0 t=0s
  F4 c3/c5@t0=113: rank[2,2] g=2 src=pari sat=1 tors=4 st=2500 hmax=1199 pr=60 surv=9 ex=5 bad=0 hits=0 t=0s
  F4 c3/c6@t0=113: rank[3,3] g=3 src=pari sat=1 tors=4 st=11996 hmax=349 pr=60 surv=10 ex=6 bad=0 hits=0 t=0s
  F4 c3/c7@t0=113: rank[2,2] g=2 src=pari sat=1 tors=4 st=2500 hmax=1199 pr=60 surv=9 ex=5 bad=0 hits=0 t=0s
  F4 c5/c6@t0=113: rank[2,2] g=2 src=pari sat=1 tors=4 st=4748 hmax=1200 pr=60 surv=48 ex=40 bad=0 hits=0 t=0s
  F4 c5/c7@t0=113: rank[1,1] g=1 src=pari sat=1 tors=4 st=116 hmax=1075 pr=60 surv=9 ex=5 bad=0 hits=0 t=0s
  F4 c6/c7@t0=113: rank[3,3] g=3 src=pari sat=1 tors=4 st=11956 hmax=348 pr=60 surv=50 ex=46 bad=0 hits=0 t=0s
== (P,Q)=(223,167) C=38809 SQ
  F1 c0/c2@t0=167: rank[3,3] g=3 src=pari sat=1 tors=4 st=12004 hmax=421 pr=60 surv=29 ex=25 bad=0 hits=0 t=1s
  F1 c0/c3@t0=167: rank[3,3] g=3 src=pari sat=1 tors=4 st=12004 hmax=378 pr=60 surv=29 ex=25 bad=0 hits=0 t=0s
  F1 c0/c6@t0=167: rank[2,2] g=2 src=pari sat=1 tors=8 st=3208 hmax=1191 pr=60 surv=25 ex=21 bad=0 hits=0 t=0s
  F1 c0/c8@t0=167: rank[1,1] g=1 src=pari sat=1 tors=8 st=248 hmax=1196 pr=60 surv=17 ex=13 bad=0 hits=0 t=0s
  F1 c2/c3@t0=167: rank[3,3] g=3 src=pari sat=1 tors=4 st=12004 hmax=378 pr=60 surv=35 ex=31 bad=0 hits=0 t=0s
  F1 c2/c6@t0=167: rank[3,3] g=3 src=pari sat=1 tors=8 st=24008 hmax=604 pr=60 surv=52 ex=48 bad=0 hits=0 t=0s
  F1 c2/c8@t0=167: rank[4,4] g=4 src=pari sat=1 tors=4 st=11940 hmax=89 pr=60 surv=72 ex=68 bad=0 hits=0 t=0s
  F1 c3/c6@t0=167: rank[3,3] g=3 src=pari sat=1 tors=4 st=11972 hmax=573 pr=60 surv=41 ex=37 bad=0 hits=0 t=1s
  F1 c3/c8@t0=167: rank[3,3] g=3 src=pari sat=1 tors=4 st=11972 hmax=573 pr=60 surv=47 ex=43 bad=0 hits=0 t=0s
  F1 c6/c8@t0=167: rank[3,3] g=3 src=pari sat=1 tors=4 st=12004 hmax=367 pr=60 surv=17 ex=13 bad=0 hits=0 t=0s
  F2 c2/c3@t0=167: rank[3,3] g=3 src=pari sat=1 tors=4 st=12004 hmax=421 pr=60 surv=29 ex=25 bad=0 hits=0 t=0s
  F2 c2/c5@t0=167: rank[3,3] g=3 src=pari sat=1 tors=4 st=12004 hmax=421 pr=60 surv=32 ex=28 bad=0 hits=0 t=0s
  F2 c2/c6@t0=167: rank[3,3] g=3 src=pari sat=1 tors=4 st=11988 hmax=388 pr=60 surv=25 ex=21 bad=0 hits=0 t=1s
  F2 c2/c8@t0=167: rank[3,3] g=3 src=pari sat=1 tors=4 st=11988 hmax=388 pr=60 surv=33 ex=29 bad=0 hits=0 t=0s
  F2 c3/c5@t0=167: rank[3,3] g=3 src=pari sat=1 tors=4 st=12004 hmax=378 pr=60 surv=35 ex=31 bad=0 hits=0 t=0s
  F2 c3/c6@t0=167: rank[4,4] g=4 src=pari sat=1 tors=4 st=11940 hmax=89 pr=60 surv=55 ex=51 bad=0 hits=0 t=0s
  F2 c3/c8@t0=167: rank[3,3] g=3 src=pari sat=1 tors=8 st=24008 hmax=604 pr=60 surv=52 ex=48 bad=0 hits=0 t=0s
  F2 c5/c6@t0=167: rank[2,2] g=2 src=pari sat=1 tors=8 st=3208 hmax=1191 pr=60 surv=25 ex=21 bad=0 hits=0 t=0s
  F2 c5/c8@t0=167: rank[1,1] g=1 src=pari sat=1 tors=8 st=248 hmax=1196 pr=60 surv=17 ex=13 bad=0 hits=0 t=0s
  F2 c6/c8@t0=167: rank[3,3] g=3 src=pari sat=1 tors=4 st=11988 hmax=365 pr=60 surv=19 ex=15 bad=0 hits=0 t=1s
  F3 c1/c3@t0=167: rank[2,2] g=2 src=pari sat=1 tors=4 st=1596 hmax=1196 pr=60 surv=9 ex=7 bad=0 hits=0 t=1s
  F3 c1/c5@t0=167: rank[2,2] g=2 src=pari sat=1 tors=4 st=1380 hmax=1200 pr=60 surv=9 ex=7 bad=0 hits=0 t=0s
  F3 c1/c6@t0=167: rank[3,3] g=3 src=pari sat=1 tors=4 st=11988 hmax=388 pr=60 surv=17 ex=13 bad=0 hits=0 t=0s
  F3 c1/c7@t0=167: rank[3,3] g=3 src=pari sat=1 tors=4 st=11988 hmax=388 pr=60 surv=17 ex=13 bad=0 hits=0 t=0s
  F3 c3/c5@t0=197: rank[3,3] g=3 src=pari sat=1 tors=4 st=11988 hmax=365 pr=60 surv=45 ex=41 bad=0 hits=0 t=0s
  F3 c6/c3@t0=167: rank[3,3] g=3 src=pari sat=1 tors=4 st=11988 hmax=388 pr=60 surv=17 ex=15 bad=0 hits=0 t=0s
  F3 c7/c3@t0=167: rank[2,2] g=2 src=pari sat=1 tors=4 st=6628 hmax=1199 pr=60 surv=45 ex=39 bad=0 hits=0 t=1s
  F3 c6/c5@t0=167: rank[3,3] g=3 src=pari sat=1 tors=4 st=11988 hmax=365 pr=60 surv=43 ex=41 bad=0 hits=0 t=1s
  F3 c7/c5@t0=167: rank[2,2] g=2 src=pari sat=1 tors=4 st=1204 hmax=1191 pr=60 surv=9 ex=7 bad=0 hits=0 t=1s
  F3 c6/c7@t0=167: rank[3,3] g=3 src=pari sat=1 tors=4 st=11988 hmax=365 pr=60 surv=43 ex=39 bad=0 hits=0 t=0s
  F4 c2/c3@t0=167: rank[2,2] g=2 src=pari sat=1 tors=4 st=1596 hmax=1196 pr=60 surv=9 ex=5 bad=0 hits=0 t=0s
  F4 c2/c5@t0=167: rank[2,2] g=2 src=pari sat=1 tors=4 st=1380 hmax=1200 pr=60 surv=9 ex=5 bad=0 hits=0 t=0s
  F4 c2/c6@t0=167: rank[3,3] g=3 src=pari sat=1 tors=4 st=11988 hmax=388 pr=60 surv=19 ex=15 bad=0 hits=0 t=0s
  F4 c2/c7@t0=167: rank[3,3] g=3 src=pari sat=1 tors=4 st=11988 hmax=388 pr=60 surv=17 ex=13 bad=0 hits=0 t=0s
  F4 c3/c5@t0=167: rank[2,2] g=2 src=pari sat=1 tors=4 st=1236 hmax=1189 pr=60 surv=17 ex=13 bad=0 hits=0 t=0s
  F4 c3/c6@t0=167: rank[2,2] g=2 src=pari sat=1 tors=4 st=1596 hmax=1196 pr=60 surv=9 ex=5 bad=0 hits=0 t=0s
  F4 c3/c7@t0=167: rank[2,2] g=2 src=pari sat=1 tors=4 st=1236 hmax=1189 pr=60 surv=17 ex=13 bad=0 hits=0 t=0s
  F4 c5/c6@t0=167: rank[2,2] g=2 src=pari sat=1 tors=4 st=6628 hmax=1199 pr=60 surv=29 ex=21 bad=0 hits=0 t=0s
  F4 c5/c7@t0=167: rank[2,2] g=2 src=pari sat=1 tors=4 st=2540 hmax=1188 pr=60 surv=9 ex=5 bad=0 hits=0 t=0s
  F4 c6/c7@t0=167: rank[3,3] g=3 src=pari sat=1 tors=4 st=11988 hmax=365 pr=60 surv=45 ex=41 bad=0 hits=0 t=0s
== (P,Q)=(233,119) C=34225 SQ
  F1 c0/c2@t0=119: rank[3,3] g=3 src=pari sat=1 tors=4 st=11980 hmax=312 pr=60 surv=19 ex=15 bad=0 hits=0 t=0s
  F1 c0/c3@t0=119: rank[4,4] g=4 src=pari sat=1 tors=4 st=12004 hmax=79 pr=60 surv=37 ex=33 bad=0 hits=0 t=0s
  F1 c0/c6@t0=119: rank[1,1] g=1 src=pari sat=1 tors=8 st=248 hmax=1169 pr=60 surv=17 ex=13 bad=0 hits=0 t=0s
  F1 c0/c8@t0=119: rank[2,2] g=2 src=pari sat=1 tors=8 st=6248 hmax=1194 pr=60 surv=33 ex=29 bad=0 hits=0 t=0s
  F1 c2/c3@t0=119: rank[4,4] g=4 src=pari sat=1 tors=4 st=12004 hmax=79 pr=60 surv=40 ex=36 bad=0 hits=0 t=0s
  F1 c2/c6@t0=119: rank[2,2] g=2 src=pari sat=1 tors=8 st=2936 hmax=1198 pr=60 surv=26 ex=22 bad=0 hits=0 t=0s
  F1 c2/c8@t0=119: rank[3,3] g=3 src=pari sat=1 tors=4 st=12004 hmax=449 pr=60 surv=38 ex=34 bad=0 hits=0 t=0s
  F1 c3/c6@t0=119: rank[2,2] g=2 src=pari sat=1 tors=4 st=3716 hmax=1194 pr=60 surv=26 ex=22 bad=0 hits=0 t=0s
  F1 c3/c8@t0=119: rank[2,2] g=2 src=pari sat=1 tors=4 st=3716 hmax=1194 pr=60 surv=25 ex=21 bad=0 hits=0 t=0s
  F1 c6/c8@t0=119: rank[2,2] g=2 src=pari sat=1 tors=4 st=4020 hmax=1198 pr=60 surv=18 ex=14 bad=0 hits=0 t=0s
  F2 c2/c3@t0=119: rank[3,3] g=3 src=pari sat=1 tors=4 st=11980 hmax=312 pr=60 surv=20 ex=16 bad=0 hits=0 t=0s
  F2 c2/c5@t0=119: rank[3,3] g=3 src=pari sat=1 tors=4 st=11980 hmax=312 pr=60 surv=18 ex=14 bad=0 hits=0 t=0s
  F2 c2/c6@t0=119: rank[3,3] g=3 src=pari sat=1 tors=4 st=12004 hmax=275 pr=60 surv=17 ex=13 bad=0 hits=0 t=0s
  F2 c2/c8@t0=119: rank[3,3] g=3 src=pari sat=1 tors=4 st=12004 hmax=275 pr=60 surv=17 ex=13 bad=0 hits=0 t=0s
  F2 c3/c5@t0=119: rank[4,4] g=4 src=pari sat=1 tors=4 st=12004 hmax=79 pr=60 surv=37 ex=33 bad=0 hits=0 t=0s
  F2 c3/c6@t0=119: rank[3,3] g=3 src=pari sat=1 tors=4 st=12004 hmax=449 pr=60 surv=33 ex=29 bad=0 hits=0 t=0s
  F2 c3/c8@t0=119: rank[2,2] g=2 src=pari sat=1 tors=8 st=2936 hmax=1198 pr=60 surv=26 ex=22 bad=0 hits=0 t=0s
  F2 c5/c6@t0=119: rank[1,1] g=1 src=pari sat=1 tors=8 st=248 hmax=1169 pr=60 surv=17 ex=13 bad=0 hits=0 t=0s
  F2 c5/c8@t0=119: rank[2,2] g=2 src=pari sat=1 tors=8 st=6248 hmax=1194 pr=60 surv=33 ex=29 bad=0 hits=0 t=0s
  F2 c6/c8@t0=119: rank[2,2] g=2 src=pari sat=1 tors=4 st=3828 hmax=1199 pr=60 surv=17 ex=13 bad=0 hits=0 t=0s
  F3 c1/c3@t0=119: rank[2,2] g=2 src=pari sat=1 tors=4 st=3284 hmax=1192 pr=60 surv=10 ex=8 bad=0 hits=0 t=0s
  F3 c1/c5@t0=119: rank[2,2] g=2 src=pari sat=1 tors=4 st=1156 hmax=1199 pr=60 surv=9 ex=7 bad=0 hits=0 t=0s
  F3 c1/c6@t0=119: rank[3,3] g=3 src=pari sat=1 tors=4 st=12004 hmax=275 pr=60 surv=17 ex=13 bad=0 hits=0 t=1s
  F3 c1/c7@t0=119: rank[3,3] g=3 src=pari sat=1 tors=4 st=12004 hmax=275 pr=60 surv=17 ex=13 bad=0 hits=0 t=1s
  F3 c3/c5@t0=185: rank[2,2] g=2 src=pari sat=1 tors=4 st=3828 hmax=1199 pr=60 surv=17 ex=13 bad=0 hits=0 t=0s
  F3 c6/c3@t0=119: rank[3,3] g=3 src=pari sat=1 tors=4 st=12004 hmax=275 pr=60 surv=17 ex=15 bad=0 hits=0 t=0s
  F3 c7/c3@t0=119: rank[3,3] g=3 src=pari sat=1 tors=4 st=12004 hmax=225 pr=60 surv=47 ex=41 bad=0 hits=0 t=0s
  F3 c6/c5@t0=119: rank[2,2] g=2 src=pari sat=1 tors=4 st=3828 hmax=1199 pr=60 surv=17 ex=15 bad=0 hits=0 t=0s
  F3 c7/c5@t0=119: rank[1,1] g=1 src=pari sat=1 tors=4 st=116 hmax=1108 pr=60 surv=9 ex=7 bad=0 hits=0 t=0s
  F3 c6/c7@t0=119: rank[2,2] g=2 src=pari sat=1 tors=4 st=3828 hmax=1199 pr=60 surv=17 ex=13 bad=0 hits=0 t=0s
  F4 c2/c3@t0=119: rank[2,2] g=2 src=pari sat=1 tors=4 st=3284 hmax=1192 pr=60 surv=9 ex=5 bad=0 hits=0 t=0s
  F4 c2/c5@t0=119: rank[2,2] g=2 src=pari sat=1 tors=4 st=1156 hmax=1199 pr=60 surv=9 ex=5 bad=0 hits=0 t=0s
  F4 c2/c6@t0=119: rank[3,3] g=3 src=pari sat=1 tors=4 st=12004 hmax=275 pr=60 surv=17 ex=13 bad=0 hits=0 t=0s
  F4 c2/c7@t0=119: rank[3,3] g=3 src=pari sat=1 tors=4 st=12004 hmax=275 pr=60 surv=17 ex=13 bad=0 hits=0 t=0s
  F4 c3/c5@t0=119: rank[2,2] g=2 src=pari sat=1 tors=4 st=4324 hmax=1199 pr=60 surv=18 ex=14 bad=0 hits=0 t=0s
  F4 c3/c6@t0=119: rank[2,2] g=2 src=pari sat=1 tors=4 st=3284 hmax=1192 pr=60 surv=9 ex=5 bad=0 hits=0 t=0s
  F4 c3/c7@t0=119: rank[2,2] g=2 src=pari sat=1 tors=4 st=4324 hmax=1199 pr=60 surv=11 ex=7 bad=0 hits=0 t=0s
  F4 c5/c6@t0=119: rank[3,3] g=3 src=pari sat=1 tors=4 st=12004 hmax=225 pr=60 surv=36 ex=28 bad=0 hits=0 t=0s
  F4 c5/c7@t0=119: rank[2,2] g=2 src=pari sat=1 tors=4 st=2252 hmax=1190 pr=60 surv=9 ex=5 bad=0 hits=0 t=1s
  F4 c6/c7@t0=119: rank[2,2] g=2 src=pari sat=1 tors=4 st=3828 hmax=1199 pr=60 surv=17 ex=13 bad=0 hits=0 t=1s
== (P,Q)=(239,1) C=28561 SQ
  F1 c0/c2@t0=1: rank[2,2] g=2 src=pari sat=1 tors=4 st=4356 hmax=1200 pr=60 surv=17 ex=13 bad=0 hits=0 t=0s
  F1 c0/c3@t0=1: rank[2,2] g=2 src=pari sat=1 tors=4 st=3836 hmax=1200 pr=60 surv=17 ex=13 bad=0 hits=0 t=0s
  F1 c0/c6@t0=1: rank[1,1] g=1 src=pari sat=1 tors=8 st=248 hmax=1102 pr=60 surv=17 ex=13 bad=0 hits=0 t=0s
  F1 c0/c8@t0=1: rank[1,1] g=1 src=pari sat=1 tors=8 st=248 hmax=1139 pr=60 surv=17 ex=13 bad=0 hits=0 t=0s
  F1 c2/c3@t0=1: rank[2,2] g=2 src=pari sat=1 tors=4 st=3836 hmax=1200 pr=60 surv=17 ex=13 bad=0 hits=0 t=0s
  F1 c2/c6@t0=1: rank[1,1] g=1 src=pari sat=1 tors=8 st=248 hmax=1115 pr=60 surv=17 ex=13 bad=0 hits=0 t=0s
  F1 c2/c8@t0=1: rank[4,4] g=4 src=pari sat=3 tors=4 st=12004 hmax=108 pr=60 surv=36 ex=32 bad=0 hits=0 t=1s
  F1 c3/c6@t0=1: rank[2,2] g=2 src=pari+mw sat=1 tors=4 st=3788 hmax=1200 pr=60 surv=25 ex=21 bad=0 hits=0 t=1s
  F1 c3/c8@t0=1: rank[2,2] g=2 src=pari+mw sat=1 tors=4 st=3788 hmax=1200 pr=60 surv=29 ex=25 bad=0 hits=0 t=1s
  F1 c6/c8@t0=1: rank[2,2] g=2 src=pari+mw sat=1 tors=4 st=4076 hmax=1197 pr=60 surv=18 ex=14 bad=0 hits=0 t=1s
  F2 c2/c3@t0=1: rank[2,2] g=2 src=pari sat=1 tors=4 st=4356 hmax=1200 pr=60 surv=17 ex=13 bad=0 hits=0 t=1s
  F2 c2/c5@t0=1: rank[2,2] g=2 src=pari sat=1 tors=4 st=4356 hmax=1200 pr=60 surv=17 ex=13 bad=0 hits=0 t=1s
  F2 c2/c6@t0=1: rank[3,3] g=3 src=pari sat=1 tors=4 st=12004 hmax=333 pr=60 surv=17 ex=13 bad=0 hits=0 t=1s
  F2 c2/c8@t0=1: rank[3,3] g=3 src=pari sat=1 tors=4 st=12004 hmax=333 pr=60 surv=17 ex=13 bad=0 hits=0 t=1s
  F2 c3/c5@t0=1: rank[2,2] g=2 src=pari sat=1 tors=4 st=3836 hmax=1200 pr=60 surv=17 ex=13 bad=0 hits=0 t=1s
  F2 c3/c6@t0=1: rank[4,4] g=4 src=pari sat=3 tors=4 st=12004 hmax=108 pr=60 surv=32 ex=28 bad=0 hits=0 t=1s
  F2 c3/c8@t0=1: rank[1,1] g=1 src=pari sat=1 tors=8 st=248 hmax=1115 pr=60 surv=17 ex=13 bad=0 hits=0 t=1s
  F2 c5/c6@t0=1: rank[1,1] g=1 src=pari sat=1 tors=8 st=248 hmax=1102 pr=60 surv=17 ex=13 bad=0 hits=0 t=1s
  F2 c5/c8@t0=1: rank[1,1] g=1 src=pari sat=1 tors=8 st=248 hmax=1139 pr=60 surv=17 ex=13 bad=0 hits=0 t=1s
  F2 c6/c8@t0=1: rank[3,3] g=3 src=pari sat=1 tors=4 st=11964 hmax=322 pr=60 surv=17 ex=13 bad=0 hits=0 t=1s
  F3 c1/c3@t0=1: rank[2,2] g=2 src=pari sat=1 tors=4 st=2180 hmax=1198 pr=60 surv=9 ex=7 bad=0 hits=0 t=1s
  F3 c1/c5@t0=1: rank[1,3] g=3 src=pari+mw sat=1 tors=4 st=12004 hmax=435 pr=60 surv=10 ex=8 bad=0 hits=0 t=1s
  F3 c1/c6@t0=1: rank[3,3] g=3 src=pari sat=1 tors=4 st=12004 hmax=333 pr=60 surv=34 ex=30 bad=0 hits=0 t=1s
  F3 c1/c7@t0=1: rank[3,3] g=3 src=pari sat=1 tors=4 st=12004 hmax=333 pr=60 surv=34 ex=30 bad=0 hits=0 t=1s
  F3 c3/c5@t0=169: rank[3,3] g=3 src=pari sat=1 tors=4 st=11964 hmax=322 pr=60 surv=46 ex=42 bad=0 hits=0 t=1s
  F3 c6/c3@t0=1: rank[3,3] g=3 src=pari sat=1 tors=4 st=12004 hmax=333 pr=60 surv=29 ex=27 bad=0 hits=0 t=1s
  F3 c7/c3@t0=1: rank[2,2] g=2 src=pari sat=1 tors=4 st=4364 hmax=1200 pr=60 surv=63 ex=57 bad=0 hits=0 t=1s
  F3 c6/c5@t0=1: rank[3,3] g=3 src=pari sat=1 tors=4 st=11964 hmax=322 pr=60 surv=17 ex=15 bad=0 hits=0 t=1s
  F3 c7/c5@t0=1: rank[2,2] g=2 src=pari+mw sat=1 tors=4 st=1604 hmax=1192 pr=60 surv=9 ex=7 bad=0 hits=0 t=1s
  F3 c6/c7@t0=1: rank[3,3] g=3 src=pari sat=1 tors=4 st=11964 hmax=322 pr=60 surv=20 ex=16 bad=0 hits=0 t=1s
  F4 c2/c3@t0=1: rank[2,2] g=2 src=pari sat=1 tors=4 st=2180 hmax=1198 pr=60 surv=9 ex=5 bad=0 hits=0 t=1s
  F4 c2/c5@t0=1: rank[1,3] g=3 src=pari+mw sat=1 tors=4 st=12004 hmax=435 pr=60 surv=22 ex=18 bad=0 hits=0 t=1s
  F4 c2/c6@t0=1: rank[3,3] g=3 src=pari sat=1 tors=4 st=12004 hmax=333 pr=60 surv=29 ex=25 bad=0 hits=0 t=1s
  F4 c2/c7@t0=1: rank[3,3] g=3 src=pari sat=1 tors=4 st=12004 hmax=333 pr=60 surv=35 ex=31 bad=0 hits=0 t=1s
  F4 c3/c5@t0=1: rank[1,1] g=1 src=pari sat=1 tors=4 st=116 hmax=1141 pr=60 surv=9 ex=5 bad=0 hits=0 t=1s
  F4 c3/c6@t0=1: rank[2,2] g=2 src=pari sat=1 tors=4 st=2180 hmax=1198 pr=60 surv=9 ex=5 bad=0 hits=0 t=1s
  F4 c3/c7@t0=1: rank[1,1] g=1 src=pari sat=1 tors=4 st=116 hmax=1141 pr=60 surv=9 ex=5 bad=0 hits=0 t=1s
  F4 c5/c6@t0=1: rank[2,2] g=2 src=pari sat=1 tors=4 st=4364 hmax=1200 pr=60 surv=55 ex=47 bad=0 hits=0 t=1s
  F4 c5/c7@t0=1: rank[1,1] g=1 src=pari sat=1 tors=4 st=116 hmax=1073 pr=60 surv=9 ex=5 bad=0 hits=0 t=1s
  F4 c6/c7@t0=1: rank[3,3] g=3 src=pari sat=1 tors=4 st=11964 hmax=322 pr=60 surv=46 ex=42 bad=0 hits=0 t=1s
== (P,Q)=(241,199) C=48841 SQ
  F1 c0/c2@t0=199: rank[2,2] g=2 src=pari sat=1 tors=4 st=3948 hmax=1191 pr=60 surv=17 ex=13 bad=0 hits=0 t=1s
  F1 c0/c3@t0=199: rank[3,3] g=3 src=pari sat=1 tors=4 st=11988 hmax=316 pr=60 surv=18 ex=14 bad=0 hits=0 t=1s
  F1 c0/c6@t0=199: rank[1,1] g=1 src=pari sat=1 tors=8 st=232 hmax=1058 pr=60 surv=25 ex=21 bad=0 hits=0 t=1s
  F1 c0/c8@t0=199: rank[2,2] g=2 src=pari sat=1 tors=8 st=2904 hmax=1191 pr=60 surv=25 ex=21 bad=0 hits=0 t=1s
  F1 c2/c3@t0=199: rank[3,3] g=3 src=pari sat=1 tors=4 st=11988 hmax=316 pr=60 surv=17 ex=13 bad=0 hits=0 t=1s
  F1 c2/c6@t0=199: rank[1,1] g=1 src=pari sat=1 tors=8 st=232 hmax=1053 pr=60 surv=17 ex=13 bad=0 hits=0 t=1s
  F1 c2/c8@t0=199: rank[3,3] g=3 src=pari sat=1 tors=4 st=11964 hmax=453 pr=60 surv=41 ex=37 bad=0 hits=0 t=1s
  F1 c3/c6@t0=199: rank[2,2] g=2 src=pari sat=1 tors=4 st=3628 hmax=1197 pr=60 surv=33 ex=29 bad=0 hits=0 t=1s
  F1 c3/c8@t0=199: rank[2,2] g=2 src=pari sat=1 tors=4 st=3628 hmax=1197 pr=60 surv=33 ex=29 bad=0 hits=0 t=1s
  F1 c6/c8@t0=199: rank[2,2] g=2 src=pari+mw sat=1 tors=4 st=3940 hmax=1199 pr=60 surv=18 ex=14 bad=0 hits=0 t=52s
  F2 c2/c3@t0=199: rank[2,2] g=2 src=pari sat=1 tors=4 st=3948 hmax=1191 pr=60 surv=17 ex=13 bad=0 hits=0 t=0s
  F2 c2/c5@t0=199: rank[2,2] g=2 src=pari sat=1 tors=4 st=3948 hmax=1191 pr=60 surv=17 ex=13 bad=0 hits=0 t=0s
  F2 c2/c6@t0=199: rank[2,2] g=2 src=pari sat=1 tors=4 st=3828 hmax=1198 pr=60 surv=19 ex=15 bad=0 hits=0 t=0s
  F2 c2/c8@t0=199: rank[2,2] g=2 src=pari sat=1 tors=4 st=3828 hmax=1198 pr=60 surv=20 ex=16 bad=0 hits=0 t=0s
  F2 c3/c5@t0=199: rank[3,3] g=3 src=pari sat=1 tors=4 st=11988 hmax=316 pr=60 surv=18 ex=14 bad=0 hits=0 t=0s
  F2 c3/c6@t0=199: rank[3,3] g=3 src=pari sat=1 tors=4 st=11964 hmax=453 pr=60 surv=41 ex=37 bad=0 hits=0 t=0s
  F2 c3/c8@t0=199: rank[1,1] g=1 src=pari sat=1 tors=8 st=232 hmax=1053 pr=60 surv=17 ex=13 bad=0 hits=0 t=0s
  F2 c5/c6@t0=199: rank[1,1] g=1 src=pari sat=1 tors=8 st=232 hmax=1058 pr=60 surv=25 ex=21 bad=0 hits=0 t=0s
  F2 c5/c8@t0=199: rank[2,2] g=2 src=pari sat=1 tors=8 st=2904 hmax=1191 pr=60 surv=25 ex=21 bad=0 hits=0 t=0s
  F2 c6/c8@t0=199: rank[3,3] g=3 src=pari sat=1 tors=4 st=12004 hmax=207 pr=60 surv=29 ex=25 bad=0 hits=0 t=0s
  F3 c1/c3@t0=199: rank[2,2] g=2 src=pari+mw sat=1 tors=4 st=972 hmax=1195 pr=60 surv=9 ex=7 bad=0 hits=0 t=1s
  F3 c1/c5@t0=199: rank[3,3] g=3 src=pari sat=1 tors=4 st=12004 hmax=692 pr=60 surv=10 ex=8 bad=0 hits=0 t=0s
  F3 c1/c6@t0=199: rank[2,2] g=2 src=pari sat=1 tors=4 st=3828 hmax=1198 pr=60 surv=17 ex=13 bad=0 hits=0 t=0s
  F3 c1/c7@t0=199: rank[2,2] g=2 src=pari sat=1 tors=4 st=3828 hmax=1198 pr=60 surv=17 ex=13 bad=0 hits=0 t=0s
  F3 c3/c5@t0=221: rank[3,3] g=3 src=pari sat=1 tors=4 st=12004 hmax=207 pr=60 surv=26 ex=22 bad=0 hits=0 t=0s
  F3 c6/c3@t0=199: rank[2,2] g=2 src=pari sat=1 tors=4 st=3828 hmax=1198 pr=60 surv=20 ex=18 bad=0 hits=0 t=0s
  F3 c7/c3@t0=199: rank[1,1] g=1 src=pari sat=1 tors=4 st=172 hmax=1199 pr=60 surv=13 ex=7 bad=0 hits=0 t=0s
  F3 c6/c5@t0=199: rank[3,3] g=3 src=pari sat=1 tors=4 st=12004 hmax=207 pr=60 surv=19 ex=17 bad=0 hits=0 t=0s
  F3 c7/c5@t0=199: rank[2,2] g=2 src=pari sat=1 tors=4 st=2068 hmax=1198 pr=60 surv=17 ex=15 bad=0 hits=0 t=1s
  F3 c6/c7@t0=199: rank[3,3] g=3 src=pari sat=1 tors=4 st=12004 hmax=207 pr=60 surv=19 ex=15 bad=0 hits=0 t=0s
  F4 c2/c3@t0=199: rank[2,2] g=2 src=pari+mw sat=1 tors=4 st=972 hmax=1195 pr=60 surv=9 ex=5 bad=0 hits=0 t=1s
  F4 c2/c5@t0=199: rank[3,3] g=3 src=pari sat=1 tors=4 st=12004 hmax=692 pr=60 surv=10 ex=6 bad=0 hits=0 t=1s
  F4 c2/c6@t0=199: rank[2,2] g=2 src=pari sat=1 tors=4 st=3828 hmax=1198 pr=60 surv=19 ex=15 bad=0 hits=0 t=1s
  F4 c2/c7@t0=199: rank[2,2] g=2 src=pari sat=1 tors=4 st=3828 hmax=1198 pr=60 surv=17 ex=13 bad=0 hits=0 t=0s
  F4 c3/c5@t0=199: rank[1,1] g=1 src=pari sat=1 tors=4 st=116 hmax=1136 pr=60 surv=9 ex=5 bad=0 hits=0 t=0s
  F4 c3/c6@t0=199: rank[2,2] g=2 src=pari+mw sat=1 tors=4 st=972 hmax=1195 pr=60 surv=9 ex=5 bad=0 hits=0 t=1s
  F4 c3/c7@t0=199: rank[1,1] g=1 src=pari sat=1 tors=4 st=116 hmax=1136 pr=60 surv=9 ex=5 bad=0 hits=0 t=1s
  F4 c5/c6@t0=199: rank[1,1] g=1 src=pari sat=1 tors=4 st=172 hmax=1199 pr=60 surv=13 ex=5 bad=0 hits=0 t=1s
  F4 c5/c7@t0=199: rank[2,2] g=2 src=pari sat=1 tors=4 st=4684 hmax=1197 pr=60 surv=9 ex=5 bad=0 hits=0 t=1s
  F4 c6/c7@t0=199: rank[3,3] g=3 src=pari sat=1 tors=4 st=12004 hmax=207 pr=60 surv=26 ex=22 bad=0 hits=0 t=1s
== (P,Q)=(257,49) C=34225 SQ
  F1 c0/c2@t0=49: rank[3,3] g=3 src=pari sat=1 tors=4 st=11996 hmax=297 pr=60 surv=17 ex=13 bad=0 hits=0 t=1s
  F1 c0/c3@t0=49: rank[3,3] g=3 src=pari sat=1 tors=4 st=11956 hmax=243 pr=60 surv=44 ex=40 bad=0 hits=0 t=1s
  F1 c0/c6@t0=49: rank[2,2] g=2 src=pari sat=1 tors=8 st=5480 hmax=1197 pr=60 surv=72 ex=68 bad=0 hits=0 t=1s
  F1 c0/c8@t0=49: rank[3,3] g=3 src=pari sat=1 tors=8 st=23880 hmax=308 pr=60 surv=29 ex=25 bad=0 hits=0 t=1s
  F1 c2/c3@t0=49: rank[3,3] g=3 src=pari sat=1 tors=4 st=11956 hmax=243 pr=60 surv=38 ex=34 bad=0 hits=0 t=1s
  F1 c2/c6@t0=49: rank[2,2] g=2 src=pari sat=1 tors=8 st=5240 hmax=1197 pr=60 surv=17 ex=13 bad=0 hits=0 t=1s
  F1 c2/c8@t0=49: rank[3,3] g=3 src=pari sat=1 tors=4 st=11932 hmax=352 pr=60 surv=40 ex=36 bad=0 hits=0 t=1s
  F1 c3/c6@t0=49: rank[2,2] g=2 src=pari sat=1 tors=4 st=3724 hmax=1199 pr=60 surv=25 ex=21 bad=0 hits=0 t=1s
  F1 c3/c8@t0=49: rank[2,2] g=2 src=pari sat=1 tors=4 st=3724 hmax=1199 pr=60 surv=26 ex=22 bad=0 hits=0 t=1s
  F1 c6/c8@t0=49: rank[3,3] g=3 src=pari sat=1 tors=4 st=11996 hmax=307 pr=60 surv=19 ex=15 bad=0 hits=0 t=1s
  F2 c2/c3@t0=49: rank[3,3] g=3 src=pari sat=1 tors=4 st=11996 hmax=297 pr=60 surv=17 ex=13 bad=0 hits=0 t=1s
  F2 c2/c5@t0=49: rank[3,3] g=3 src=pari sat=1 tors=4 st=11996 hmax=297 pr=60 surv=17 ex=13 bad=0 hits=0 t=1s
  F2 c2/c6@t0=49: rank[3,3] g=3 src=pari sat=1 tors=4 st=12004 hmax=420 pr=60 surv=17 ex=13 bad=0 hits=0 t=0s
  F2 c2/c8@t0=49: rank[3,3] g=3 src=pari sat=1 tors=4 st=12004 hmax=420 pr=60 surv=17 ex=13 bad=0 hits=0 t=0s
  F2 c3/c5@t0=49: rank[3,3] g=3 src=pari sat=1 tors=4 st=11956 hmax=243 pr=60 surv=44 ex=40 bad=0 hits=0 t=1s
  F2 c3/c6@t0=49: rank[3,3] g=3 src=pari sat=1 tors=4 st=11932 hmax=352 pr=60 surv=33 ex=29 bad=0 hits=0 t=1s
  F2 c3/c8@t0=49: rank[2,2] g=2 src=pari sat=1 tors=8 st=5240 hmax=1197 pr=60 surv=17 ex=13 bad=0 hits=0 t=1s
  F2 c5/c6@t0=49: rank[2,2] g=2 src=pari sat=1 tors=8 st=5480 hmax=1197 pr=60 surv=72 ex=68 bad=0 hits=0 t=1s
  F2 c5/c8@t0=49: rank[3,3] g=3 src=pari sat=1 tors=8 st=23880 hmax=308 pr=60 surv=34 ex=30 bad=0 hits=0 t=1s
  F2 c6/c8@t0=49: rank[4,4] g=4 src=pari sat=1 tors=4 st=12004 hmax=82 pr=60 surv=21 ex=17 bad=0 hits=0 t=1s
  F3 c1/c3@t0=49: rank[1,1] g=1 src=pari sat=1 tors=4 st=116 hmax=1091 pr=60 surv=9 ex=7 bad=0 hits=0 t=1s
  F3 c1/c5@t0=49: rank[3,3] g=3 src=pari sat=1 tors=4 st=11924 hmax=729 pr=60 surv=10 ex=8 bad=0 hits=0 t=1s
  F3 c1/c6@t0=49: rank[3,3] g=3 src=pari sat=1 tors=4 st=12004 hmax=420 pr=60 surv=17 ex=13 bad=0 hits=0 t=1s
  F3 c1/c7@t0=49: rank[3,3] g=3 src=pari sat=1 tors=4 st=12004 hmax=420 pr=60 surv=21 ex=17 bad=0 hits=0 t=1s
  F3 c3/c5@t0=185: rank[4,4] g=4 src=pari sat=1 tors=4 st=12004 hmax=82 pr=60 surv=46 ex=42 bad=0 hits=0 t=1s
  F3 c6/c3@t0=49: rank[3,3] g=3 src=pari sat=1 tors=4 st=12004 hmax=420 pr=60 surv=17 ex=15 bad=0 hits=0 t=1s
  F3 c7/c3@t0=49: rank[1,1] g=1 src=pari sat=1 tors=4 st=172 hmax=1187 pr=60 surv=13 ex=7 bad=0 hits=0 t=1s
  F3 c6/c5@t0=49: rank[4,4] g=4 src=pari sat=1 tors=4 st=12004 hmax=82 pr=60 surv=18 ex=16 bad=0 hits=0 t=1s
  F3 c7/c5@t0=49: rank[3,3] g=3 src=pari sat=1 tors=4 st=11988 hmax=480 pr=60 surv=10 ex=8 bad=0 hits=0 t=1s
  F3 c6/c7@t0=49: rank[4,4] g=4 src=pari sat=1 tors=4 st=12004 hmax=82 pr=60 surv=19 ex=15 bad=0 hits=0 t=1s
  F4 c2/c3@t0=49: rank[1,1] g=1 src=pari sat=1 tors=4 st=116 hmax=1091 pr=60 surv=9 ex=5 bad=0 hits=0 t=1s
  F4 c2/c5@t0=49: rank[3,3] g=3 src=pari sat=1 tors=4 st=11924 hmax=729 pr=60 surv=10 ex=6 bad=0 hits=0 t=1s
  F4 c2/c6@t0=49: rank[3,3] g=3 src=pari sat=1 tors=4 st=12004 hmax=420 pr=60 surv=17 ex=13 bad=0 hits=0 t=1s
  F4 c2/c7@t0=49: rank[3,3] g=3 src=pari sat=1 tors=4 st=12004 hmax=420 pr=60 surv=17 ex=13 bad=0 hits=0 t=1s
  F4 c3/c5@t0=49: rank[2,2] g=2 src=pari sat=1 tors=4 st=2676 hmax=1197 pr=60 surv=17 ex=13 bad=0 hits=0 t=1s
  F4 c3/c6@t0=49: rank[1,1] g=1 src=pari sat=1 tors=4 st=116 hmax=1091 pr=60 surv=9 ex=5 bad=0 hits=0 t=1s
  F4 c3/c7@t0=49: rank[2,2] g=2 src=pari sat=1 tors=4 st=2676 hmax=1197 pr=60 surv=17 ex=13 bad=0 hits=0 t=1s
  F4 c5/c6@t0=49: rank[1,1] g=1 src=pari sat=1 tors=4 st=172 hmax=1187 pr=60 surv=13 ex=5 bad=0 hits=0 t=1s
  F4 c5/c7@t0=49: rank[1,1] g=1 src=pari sat=1 tors=4 st=116 hmax=1091 pr=60 surv=9 ex=5 bad=0 hits=0 t=1s
  F4 c6/c7@t0=49: rank[4,4] g=4 src=pari sat=1 tors=4 st=12004 hmax=82 pr=60 surv=46 ex=42 bad=0 hits=0 t=1s
== (P,Q)=(263,73) C=37249 SQ
  F1 c0/c2@t0=73: rank[4,4] g=4 src=pari sat=5 tors=4 st=11932 hmax=82 pr=60 surv=17 ex=13 bad=0 hits=0 t=1s
  F1 c0/c3@t0=73: rank[2,2] g=2 src=pari sat=1 tors=4 st=3708 hmax=1192 pr=60 surv=43 ex=39 bad=0 hits=0 t=1s
  F1 c0/c6@t0=73: rank[1,1] g=1 src=pari sat=1 tors=8 st=248 hmax=1168 pr=60 surv=25 ex=21 bad=0 hits=0 t=1s
  F1 c0/c8@t0=73: rank[2,2] g=2 src=pari sat=1 tors=8 st=2904 hmax=1197 pr=60 surv=25 ex=21 bad=0 hits=0 t=1s
  F1 c2/c3@t0=73: rank[2,2] g=2 src=pari sat=1 tors=4 st=3708 hmax=1192 pr=60 surv=42 ex=38 bad=0 hits=0 t=1s
  F1 c2/c6@t0=73: rank[1,1] g=1 src=pari sat=1 tors=8 st=248 hmax=1152 pr=60 surv=17 ex=13 bad=0 hits=0 t=1s
  F1 c2/c8@t0=73: rank[4,4] g=4 src=pari sat=1 tors=4 st=11972 hmax=90 pr=60 surv=48 ex=44 bad=0 hits=0 t=1s
  F1 c3/c6@t0=73: rank[3,3] g=3 src=pari sat=1 tors=4 st=11956 hmax=428 pr=60 surv=17 ex=13 bad=0 hits=0 t=1s
  F1 c3/c8@t0=73: rank[3,3] g=3 src=pari sat=1 tors=4 st=11956 hmax=428 pr=60 surv=18 ex=14 bad=0 hits=0 t=1s
  F1 c6/c8@t0=73: rank[3,3] g=3 src=pari+mw sat=1 tors=4 st=12004 hmax=347 pr=60 surv=29 ex=25 bad=0 hits=0 t=1s
  F2 c2/c3@t0=73: rank[4,4] g=4 src=pari sat=5 tors=4 st=11932 hmax=82 pr=60 surv=17 ex=13 bad=0 hits=0 t=1s
  F2 c2/c5@t0=73: rank[4,4] g=4 src=pari sat=5 tors=4 st=11932 hmax=82 pr=60 surv=17 ex=13 bad=0 hits=0 t=1s
  F2 c2/c6@t0=73: rank[3,3] g=3 src=pari sat=1 tors=4 st=11932 hmax=377 pr=60 surv=17 ex=13 bad=0 hits=0 t=1s
  F2 c2/c8@t0=73: rank[3,3] g=3 src=pari sat=1 tors=4 st=11932 hmax=377 pr=60 surv=18 ex=14 bad=0 hits=0 t=1s
  F2 c3/c5@t0=73: rank[2,2] g=2 src=pari sat=1 tors=4 st=3708 hmax=1192 pr=60 surv=43 ex=39 bad=0 hits=0 t=0s
  F2 c3/c6@t0=73: rank[4,4] g=4 src=pari sat=1 tors=4 st=11972 hmax=90 pr=60 surv=55 ex=51 bad=0 hits=0 t=0s
  F2 c3/c8@t0=73: rank[1,1] g=1 src=pari sat=1 tors=8 st=248 hmax=1152 pr=60 surv=17 ex=13 bad=0 hits=0 t=0s
  F2 c5/c6@t0=73: rank[1,1] g=1 src=pari sat=1 tors=8 st=248 hmax=1168 pr=60 surv=25 ex=21 bad=0 hits=0 t=0s
  F2 c5/c8@t0=73: rank[2,2] g=2 src=pari sat=1 tors=8 st=2904 hmax=1197 pr=60 surv=25 ex=21 bad=0 hits=0 t=0s
  F2 c6/c8@t0=73: rank[3,3] g=3 src=pari sat=1 tors=4 st=11972 hmax=321 pr=60 surv=17 ex=13 bad=0 hits=0 t=0s
  F3 c1/c3@t0=73: rank[1,1] g=1 src=pari sat=1 tors=4 st=116 hmax=1099 pr=60 surv=9 ex=7 bad=0 hits=0 t=0s
  F3 c1/c5@t0=73: rank[2,2] g=2 src=pari sat=1 tors=4 st=1628 hmax=1196 pr=60 surv=17 ex=15 bad=0 hits=0 t=0s
  F3 c1/c6@t0=73: rank[3,3] g=3 src=pari sat=1 tors=4 st=11932 hmax=377 pr=60 surv=25 ex=21 bad=0 hits=0 t=0s
  F3 c1/c7@t0=73: rank[3,3] g=3 src=pari sat=1 tors=4 st=11932 hmax=377 pr=60 surv=18 ex=14 bad=0 hits=0 t=0s
  F3 c3/c5@t0=193: rank[3,3] g=3 src=pari sat=1 tors=4 st=11972 hmax=321 pr=60 surv=33 ex=29 bad=0 hits=0 t=0s
  F3 c6/c3@t0=73: rank[3,3] g=3 src=pari sat=1 tors=4 st=11932 hmax=377 pr=60 surv=22 ex=20 bad=0 hits=0 t=1s
  F3 c7/c3@t0=73: rank[2,2] g=2 src=pari sat=1 tors=4 st=5892 hmax=1200 pr=60 surv=54 ex=48 bad=0 hits=0 t=0s
  F3 c6/c5@t0=73: rank[3,3] g=3 src=pari sat=1 tors=4 st=11972 hmax=321 pr=60 surv=22 ex=20 bad=0 hits=0 t=0s
  F3 c7/c5@t0=73: rank[2,2] g=2 src=pari sat=1 tors=4 st=1516 hmax=1193 pr=60 surv=9 ex=7 bad=0 hits=0 t=0s
  F3 c6/c7@t0=73: rank[3,3] g=3 src=pari sat=1 tors=4 st=11972 hmax=321 pr=60 surv=21 ex=17 bad=0 hits=0 t=0s
  F4 c2/c3@t0=73: rank[1,1] g=1 src=pari sat=1 tors=4 st=116 hmax=1099 pr=60 surv=9 ex=5 bad=0 hits=0 t=0s
  F4 c2/c5@t0=73: rank[2,2] g=2 src=pari sat=1 tors=4 st=1628 hmax=1196 pr=60 surv=17 ex=13 bad=0 hits=0 t=0s
  F4 c2/c6@t0=73: rank[3,3] g=3 src=pari sat=1 tors=4 st=11932 hmax=377 pr=60 surv=22 ex=18 bad=0 hits=0 t=0s
  F4 c2/c7@t0=73: rank[3,3] g=3 src=pari sat=1 tors=4 st=11932 hmax=377 pr=60 surv=17 ex=13 bad=0 hits=0 t=0s
  F4 c3/c5@t0=73: rank[2,2] g=2 src=pari sat=1 tors=4 st=2956 hmax=1197 pr=60 surv=9 ex=5 bad=0 hits=0 t=0s
  F4 c3/c6@t0=73: rank[1,1] g=1 src=pari sat=1 tors=4 st=116 hmax=1099 pr=60 surv=9 ex=5 bad=0 hits=0 t=0s
  F4 c3/c7@t0=73: rank[2,2] g=2 src=pari sat=1 tors=4 st=2956 hmax=1197 pr=60 surv=9 ex=5 bad=0 hits=0 t=0s
  F4 c5/c6@t0=73: rank[2,2] g=2 src=pari sat=1 tors=4 st=5892 hmax=1200 pr=60 surv=47 ex=39 bad=0 hits=0 t=0s
  F4 c5/c7@t0=73: rank[3,3] g=3 src=pari sat=1 tors=4 st=11980 hmax=468 pr=60 surv=17 ex=13 bad=0 hits=0 t=0s
  F4 c6/c7@t0=73: rank[3,3] g=3 src=pari sat=1 tors=4 st=11972 hmax=321 pr=60 surv=33 ex=29 bad=0 hits=0 t=0s
== (P,Q)=(271,103) C=42025 SQ
  F1 c0/c2@t0=103: rank[2,2] g=2 src=pari sat=1 tors=4 st=4124 hmax=1200 pr=60 surv=35 ex=31 bad=0 hits=0 t=0s
  F1 c0/c3@t0=103: rank[3,3] g=3 src=pari sat=1 tors=4 st=11964 hmax=320 pr=60 surv=17 ex=13 bad=0 hits=0 t=0s
  F1 c0/c6@t0=103: rank[1,1] g=1 src=pari sat=1 tors=8 st=248 hmax=1187 pr=60 surv=21 ex=17 bad=0 hits=0 t=0s
  F1 c0/c8@t0=103: rank[1,1] g=1 src=pari sat=1 tors=8 st=232 hmax=1055 pr=60 surv=17 ex=13 bad=0 hits=0 t=0s
  F1 c2/c3@t0=103: rank[3,3] g=3 src=pari sat=1 tors=4 st=11964 hmax=320 pr=60 surv=17 ex=13 bad=0 hits=0 t=0s
  F1 c2/c6@t0=103: rank[3,3] g=3 src=pari sat=1 tors=8 st=23992 hmax=602 pr=60 surv=52 ex=48 bad=0 hits=0 t=0s
  F1 c2/c8@t0=103: rank[3,3] g=3 src=pari sat=1 tors=4 st=11916 hmax=374 pr=60 surv=42 ex=38 bad=0 hits=0 t=0s
  F1 c3/c6@t0=103: rank[3,3] g=3 src=pari sat=1 tors=4 st=11924 hmax=319 pr=60 surv=18 ex=14 bad=0 hits=0 t=0s
  F1 c3/c8@t0=103: rank[3,3] g=3 src=pari sat=1 tors=4 st=11924 hmax=319 pr=60 surv=17 ex=13 bad=0 hits=0 t=0s
  F1 c6/c8@t0=103: rank[3,3] g=3 src=pari sat=1 tors=4 st=12004 hmax=642 pr=60 surv=67 ex=63 bad=0 hits=0 t=0s
  F2 c2/c3@t0=103: rank[2,2] g=2 src=pari sat=1 tors=4 st=4124 hmax=1200 pr=60 surv=35 ex=31 bad=0 hits=0 t=0s
  F2 c2/c5@t0=103: rank[2,2] g=2 src=pari sat=1 tors=4 st=4124 hmax=1200 pr=60 surv=33 ex=29 bad=0 hits=0 t=0s
  F2 c2/c6@t0=103: rank[3,3] g=3 src=pari sat=1 tors=4 st=12004 hmax=299 pr=60 surv=28 ex=24 bad=0 hits=0 t=0s
  F2 c2/c8@t0=103: rank[3,3] g=3 src=pari sat=1 tors=4 st=12004 hmax=299 pr=60 surv=35 ex=31 bad=0 hits=0 t=0s
  F2 c3/c5@t0=103: rank[3,3] g=3 src=pari sat=1 tors=4 st=11964 hmax=320 pr=60 surv=17 ex=13 bad=0 hits=0 t=0s
  F2 c3/c6@t0=103: rank[3,3] g=3 src=pari sat=1 tors=4 st=11916 hmax=374 pr=60 surv=46 ex=42 bad=0 hits=0 t=0s
  F2 c3/c8@t0=103: rank[3,3] g=3 src=pari sat=1 tors=8 st=23992 hmax=602 pr=60 surv=52 ex=48 bad=0 hits=0 t=0s
  F2 c5/c6@t0=103: rank[1,1] g=1 src=pari sat=1 tors=8 st=248 hmax=1187 pr=60 surv=21 ex=17 bad=0 hits=0 t=0s
  F2 c5/c8@t0=103: rank[1,1] g=1 src=pari sat=1 tors=8 st=232 hmax=1055 pr=60 surv=17 ex=13 bad=0 hits=0 t=0s
  F2 c6/c8@t0=103: rank[2,2] g=2 src=pari sat=1 tors=4 st=3724 hmax=1198 pr=60 surv=17 ex=13 bad=0 hits=0 t=0s
  F3 c1/c3@t0=103: rank[3,3] g=3 src=pari sat=1 tors=4 st=12004 hmax=586 pr=60 surv=22 ex=20 bad=0 hits=0 t=0s
  F3 c1/c5@t0=103: rank[2,2] g=2 src=pari sat=1 tors=4 st=1460 hmax=1198 pr=60 surv=9 ex=7 bad=0 hits=0 t=0s
  F3 c1/c6@t0=103: rank[3,3] g=3 src=pari sat=1 tors=4 st=12004 hmax=299 pr=60 surv=39 ex=35 bad=0 hits=0 t=0s
  F3 c1/c7@t0=103: rank[3,3] g=3 src=pari sat=1 tors=4 st=12004 hmax=299 pr=60 surv=17 ex=13 bad=0 hits=0 t=0s
  F3 c3/c5@t0=205: rank[2,2] g=2 src=pari sat=1 tors=4 st=3724 hmax=1198 pr=60 surv=17 ex=13 bad=0 hits=0 t=0s
  F3 c6/c3@t0=103: rank[3,3] g=3 src=pari sat=1 tors=4 st=12004 hmax=299 pr=60 surv=41 ex=39 bad=0 hits=0 t=0s
  F3 c7/c3@t0=103: rank[1,1] g=1 src=pari sat=1 tors=4 st=164 hmax=1092 pr=60 surv=13 ex=7 bad=0 hits=0 t=0s
  F3 c6/c5@t0=103: rank[2,2] g=2 src=pari sat=1 tors=4 st=3724 hmax=1198 pr=60 surv=25 ex=23 bad=0 hits=0 t=0s
  F3 c7/c5@t0=103: rank[2,2] g=2 src=pari sat=1 tors=4 st=1484 hmax=1198 pr=60 surv=9 ex=7 bad=0 hits=0 t=0s
  F3 c6/c7@t0=103: rank[2,2] g=2 src=pari sat=1 tors=4 st=3724 hmax=1198 pr=60 surv=25 ex=21 bad=0 hits=0 t=0s
  F4 c2/c3@t0=103: rank[3,3] g=3 src=pari sat=1 tors=4 st=12004 hmax=586 pr=60 surv=22 ex=18 bad=0 hits=0 t=0s
  F4 c2/c5@t0=103: rank[2,2] g=2 src=pari sat=1 tors=4 st=1460 hmax=1198 pr=60 surv=9 ex=5 bad=0 hits=0 t=0s
  F4 c2/c6@t0=103: rank[3,3] g=3 src=pari sat=1 tors=4 st=12004 hmax=299 pr=60 surv=29 ex=25 bad=0 hits=0 t=0s
  F4 c2/c7@t0=103: rank[3,3] g=3 src=pari sat=1 tors=4 st=12004 hmax=299 pr=60 surv=21 ex=17 bad=0 hits=0 t=0s
  F4 c3/c5@t0=103: rank[2,2] g=2 src=pari sat=1 tors=4 st=2788 hmax=1198 pr=60 surv=9 ex=5 bad=0 hits=0 t=0s
  F4 c3/c6@t0=103: rank[3,3] g=3 src=pari sat=1 tors=4 st=12004 hmax=586 pr=60 surv=14 ex=10 bad=0 hits=0 t=0s
  F4 c3/c7@t0=103: rank[2,2] g=2 src=pari sat=1 tors=4 st=2788 hmax=1198 pr=60 surv=9 ex=5 bad=0 hits=0 t=0s
  F4 c5/c6@t0=103: rank[1,1] g=1 src=pari sat=1 tors=4 st=164 hmax=1092 pr=60 surv=13 ex=5 bad=0 hits=0 t=0s
  F4 c5/c7@t0=103: rank[2,2] g=2 src=pari sat=1 tors=4 st=2092 hmax=1198 pr=60 surv=9 ex=5 bad=0 hits=0 t=0s
  F4 c6/c7@t0=103: rank[2,2] g=2 src=pari sat=1 tors=4 st=3724 hmax=1198 pr=60 surv=17 ex=13 bad=0 hits=0 t=0s
== (P,Q)=(281,161) C=52441 SQ
  F1 c0/c2@t0=161: rank[3,3] g=3 src=pari sat=1 tors=4 st=12004 hmax=409 pr=60 surv=25 ex=21 bad=0 hits=0 t=0s
  F1 c0/c3@t0=161: rank[3,3] g=3 src=pari sat=1 tors=4 st=11964 hmax=377 pr=60 surv=25 ex=21 bad=0 hits=0 t=0s
  F1 c0/c6@t0=161: rank[2,2] g=2 src=pari sat=1 tors=8 st=5768 hmax=1200 pr=60 surv=21 ex=17 bad=0 hits=0 t=0s
  F1 c0/c8@t0=161: rank[1,1] g=1 src=pari sat=1 tors=8 st=232 hmax=1075 pr=60 surv=17 ex=13 bad=0 hits=0 t=0s
  F1 c2/c3@t0=161: rank[3,3] g=3 src=pari sat=1 tors=4 st=11964 hmax=377 pr=60 surv=21 ex=17 bad=0 hits=0 t=0s
  F1 c2/c6@t0=161: rank[2,2] g=2 src=pari sat=1 tors=8 st=2008 hmax=1190 pr=60 surv=17 ex=13 bad=0 hits=0 t=0s
  F1 c2/c8@t0=161: rank[2,2] g=2 src=pari sat=1 tors=4 st=3100 hmax=1199 pr=60 surv=17 ex=13 bad=0 hits=0 t=0s
  F1 c3/c6@t0=161: rank[2,2] g=2 src=pari sat=1 tors=4 st=3620 hmax=1200 pr=60 surv=18 ex=14 bad=0 hits=0 t=0s
  F1 c3/c8@t0=161: rank[2,2] g=2 src=pari sat=1 tors=4 st=3620 hmax=1200 pr=60 surv=17 ex=13 bad=0 hits=0 t=0s
  F1 c6/c8@t0=161: rank[2,2] g=2 src=pari sat=3 tors=4 st=3876 hmax=1200 pr=60 surv=17 ex=13 bad=0 hits=0 t=1s
  F2 c2/c3@t0=161: rank[3,3] g=3 src=pari sat=1 tors=4 st=12004 hmax=409 pr=60 surv=25 ex=21 bad=0 hits=0 t=0s
  F2 c2/c5@t0=161: rank[3,3] g=3 src=pari sat=1 tors=4 st=12004 hmax=409 pr=60 surv=25 ex=21 bad=0 hits=0 t=0s
  F2 c2/c6@t0=161: rank[3,3] g=3 src=pari sat=1 tors=4 st=11996 hmax=488 pr=60 surv=21 ex=17 bad=0 hits=0 t=0s
  F2 c2/c8@t0=161: rank[3,3] g=3 src=pari sat=1 tors=4 st=11996 hmax=488 pr=60 surv=26 ex=22 bad=0 hits=0 t=0s
  F2 c3/c5@t0=161: rank[3,3] g=3 src=pari sat=1 tors=4 st=11964 hmax=377 pr=60 surv=41 ex=37 bad=0 hits=0 t=0s
  F2 c3/c6@t0=161: rank[2,2] g=2 src=pari sat=1 tors=4 st=3100 hmax=1199 pr=60 surv=17 ex=13 bad=0 hits=0 t=0s
  F2 c3/c8@t0=161: rank[2,2] g=2 src=pari sat=1 tors=8 st=2008 hmax=1190 pr=60 surv=17 ex=13 bad=0 hits=0 t=0s
  F2 c5/c6@t0=161: rank[2,2] g=2 src=pari sat=1 tors=8 st=5768 hmax=1200 pr=60 surv=21 ex=17 bad=0 hits=0 t=0s
  F2 c5/c8@t0=161: rank[1,1] g=1 src=pari sat=1 tors=8 st=232 hmax=1075 pr=60 surv=17 ex=13 bad=0 hits=0 t=0s
  F2 c6/c8@t0=161: rank[3,3] g=3 src=pari sat=1 tors=4 st=11956 hmax=379 pr=60 surv=18 ex=14 bad=0 hits=0 t=0s
  F3 c1/c3@t0=161: rank[2,2] g=2 src=pari sat=1 tors=4 st=2396 hmax=1196 pr=60 surv=9 ex=7 bad=0 hits=0 t=0s
  F3 c1/c5@t0=161: rank[2,2] g=2 src=pari sat=1 tors=4 st=756 hmax=1170 pr=60 surv=9 ex=7 bad=0 hits=0 t=0s
  F3 c1/c6@t0=161: rank[3,3] g=3 src=pari sat=1 tors=4 st=11996 hmax=488 pr=60 surv=29 ex=25 bad=0 hits=0 t=0s
  F3 c1/c7@t0=161: rank[3,3] g=3 src=pari sat=1 tors=4 st=11996 hmax=488 pr=60 surv=18 ex=14 bad=0 hits=0 t=0s
  F3 c3/c5@t0=229: rank[3,3] g=3 src=pari sat=1 tors=4 st=11956 hmax=379 pr=60 surv=26 ex=22 bad=0 hits=0 t=0s
  F3 c6/c3@t0=161: rank[3,3] g=3 src=pari sat=1 tors=4 st=11996 hmax=488 pr=60 surv=30 ex=28 bad=0 hits=0 t=0s
  F3 c7/c3@t0=161: rank[1,1] g=1 src=pari sat=1 tors=4 st=164 hmax=1106 pr=60 surv=13 ex=7 bad=0 hits=0 t=0s
  F3 c6/c5@t0=161: rank[3,3] g=3 src=pari sat=1 tors=4 st=11956 hmax=379 pr=60 surv=17 ex=15 bad=0 hits=0 t=0s
  F3 c7/c5@t0=161: rank[1,1] g=1 src=pari sat=1 tors=4 st=116 hmax=1146 pr=60 surv=9 ex=7 bad=0 hits=0 t=0s
  F3 c6/c7@t0=161: rank[3,3] g=3 src=pari sat=1 tors=4 st=11956 hmax=379 pr=60 surv=17 ex=13 bad=0 hits=0 t=0s
  F4 c2/c3@t0=161: rank[2,2] g=2 src=pari sat=1 tors=4 st=2396 hmax=1196 pr=60 surv=9 ex=5 bad=0 hits=0 t=0s
  F4 c2/c5@t0=161: rank[2,2] g=2 src=pari sat=1 tors=4 st=756 hmax=1170 pr=60 surv=9 ex=5 bad=0 hits=0 t=0s
  F4 c2/c6@t0=161: rank[3,3] g=3 src=pari sat=1 tors=4 st=11996 hmax=488 pr=60 surv=30 ex=26 bad=0 hits=0 t=0s
  F4 c2/c7@t0=161: rank[3,3] g=3 src=pari sat=1 tors=4 st=11996 hmax=488 pr=60 surv=19 ex=15 bad=0 hits=0 t=0s
  F4 c3/c5@t0=161: rank[2,2] g=2 src=pari sat=1 tors=4 st=1740 hmax=1190 pr=60 surv=9 ex=5 bad=0 hits=0 t=0s
  F4 c3/c6@t0=161: rank[2,2] g=2 src=pari sat=1 tors=4 st=2396 hmax=1196 pr=60 surv=9 ex=5 bad=0 hits=0 t=0s
  F4 c3/c7@t0=161: rank[2,2] g=2 src=pari sat=1 tors=4 st=1740 hmax=1190 pr=60 surv=9 ex=5 bad=0 hits=0 t=0s
  F4 c5/c6@t0=161: rank[1,1] g=1 src=pari sat=1 tors=4 st=164 hmax=1106 pr=60 surv=13 ex=5 bad=0 hits=0 t=1s
  F4 c5/c7@t0=161: rank[3,3] g=3 src=pari sat=1 tors=4 st=11996 hmax=463 pr=60 surv=9 ex=5 bad=0 hits=0 t=1s
  F4 c6/c7@t0=161: rank[3,3] g=3 src=pari sat=1 tors=4 st=11956 hmax=379 pr=60 surv=26 ex=22 bad=0 hits=0 t=1s
== (P,Q)=(287,223) C=66049 SQ
  F1 c0/c2@t0=223: rank[3,3] g=3 src=pari sat=1 tors=4 st=12004 hmax=433 pr=60 surv=33 ex=29 bad=0 hits=0 t=1s
  F1 c0/c3@t0=223: rank[4,4] g=4 src=pari sat=1 tors=4 st=12004 hmax=118 pr=60 surv=41 ex=37 bad=0 hits=0 t=1s
  F1 c0/c6@t0=223: rank[1,1] g=1 src=pari sat=1 tors=8 st=232 hmax=1087 pr=60 surv=17 ex=13 bad=0 hits=0 t=1s
  F1 c0/c8@t0=223: rank[1,1] g=1 src=pari sat=1 tors=8 st=232 hmax=1093 pr=60 surv=17 ex=13 bad=0 hits=0 t=0s
  F1 c2/c3@t0=223: rank[4,4] g=4 src=pari sat=1 tors=4 st=12004 hmax=118 pr=60 surv=45 ex=41 bad=0 hits=0 t=0s
  F1 c2/c6@t0=223: rank[2,2] g=2 src=pari sat=1 tors=8 st=3320 hmax=1194 pr=60 surv=18 ex=14 bad=0 hits=0 t=0s
  F1 c2/c8@t0=223: rank[2,2] g=2 src=pari sat=1 tors=4 st=3044 hmax=1200 pr=60 surv=17 ex=13 bad=0 hits=0 t=0s
  F1 c3/c6@t0=223: rank[3,3] g=3 src=pari sat=1 tors=4 st=12004 hmax=282 pr=60 surv=26 ex=22 bad=0 hits=0 t=0s
  F1 c3/c8@t0=223: rank[3,3] g=3 src=pari sat=1 tors=4 st=12004 hmax=282 pr=60 surv=30 ex=26 bad=0 hits=0 t=1s
  F1 c6/c8@t0=223: rank[2,2] g=2 src=pari sat=3 tors=4 st=3780 hmax=1198 pr=60 surv=25 ex=21 bad=0 hits=0 t=0s
  F2 c2/c3@t0=223: rank[3,3] g=3 src=pari sat=1 tors=4 st=12004 hmax=433 pr=60 surv=35 ex=31 bad=0 hits=0 t=0s
  F2 c2/c5@t0=223: rank[3,3] g=3 src=pari sat=1 tors=4 st=12004 hmax=433 pr=60 surv=32 ex=28 bad=0 hits=0 t=0s
  F2 c2/c6@t0=223: rank[2,2] g=2 src=pari sat=1 tors=4 st=3724 hmax=1199 pr=60 surv=17 ex=13 bad=0 hits=0 t=0s
  F2 c2/c8@t0=223: rank[2,2] g=2 src=pari sat=1 tors=4 st=3724 hmax=1199 pr=60 surv=17 ex=13 bad=0 hits=0 t=0s
  F2 c3/c5@t0=223: rank[4,4] g=4 src=pari sat=1 tors=4 st=12004 hmax=118 pr=60 surv=45 ex=41 bad=0 hits=0 t=0s
  F2 c3/c6@t0=223: rank[2,2] g=2 src=pari sat=1 tors=4 st=3044 hmax=1200 pr=60 surv=17 ex=13 bad=0 hits=0 t=0s
  F2 c3/c8@t0=223: rank[2,2] g=2 src=pari sat=1 tors=8 st=3320 hmax=1194 pr=60 surv=18 ex=14 bad=0 hits=0 t=0s
  F2 c5/c6@t0=223: rank[1,1] g=1 src=pari sat=1 tors=8 st=232 hmax=1087 pr=60 surv=17 ex=13 bad=0 hits=0 t=0s
  F2 c5/c8@t0=223: rank[1,1] g=1 src=pari sat=1 tors=8 st=232 hmax=1093 pr=60 surv=17 ex=13 bad=0 hits=0 t=0s
  F2 c6/c8@t0=223: rank[2,2] g=2 src=pari+mw sat=1 tors=4 st=3676 hmax=1199 pr=60 surv=17 ex=13 bad=0 hits=0 t=1s
  F3 c1/c3@t0=223: rank[1,1] g=1 src=pari sat=1 tors=4 st=116 hmax=1146 pr=60 surv=9 ex=7 bad=0 hits=0 t=0s
  F3 c1/c5@t0=223: rank[2,2] g=2 src=pari sat=1 tors=4 st=1612 hmax=1193 pr=60 surv=9 ex=7 bad=0 hits=0 t=1s
  F3 c1/c6@t0=223: rank[2,2] g=2 src=pari sat=1 tors=4 st=3724 hmax=1199 pr=60 surv=17 ex=13 bad=0 hits=0 t=0s
  F3 c1/c7@t0=223: rank[2,2] g=2 src=pari sat=1 tors=4 st=3724 hmax=1199 pr=60 surv=18 ex=14 bad=0 hits=0 t=0s
  F3 c3/c5@t0=257: rank[2,2] g=2 src=pari+mw sat=1 tors=4 st=3676 hmax=1199 pr=60 surv=17 ex=13 bad=0 hits=0 t=1s
  F3 c6/c3@t0=223: rank[2,2] g=2 src=pari sat=1 tors=4 st=3724 hmax=1199 pr=60 surv=17 ex=15 bad=0 hits=0 t=0s
  F3 c7/c3@t0=223: rank[1,1] g=1 src=pari sat=1 tors=4 st=164 hmax=1120 pr=60 surv=13 ex=7 bad=0 hits=0 t=0s
  F3 c6/c5@t0=223: rank[2,2] g=2 src=pari+mw sat=1 tors=4 st=3676 hmax=1199 pr=60 surv=17 ex=15 bad=0 hits=0 t=0s
  F3 c7/c5@t0=223: rank[2,2] g=2 src=pari sat=1 tors=4 st=1404 hmax=1197 pr=60 surv=10 ex=8 bad=0 hits=0 t=0s
  F3 c6/c7@t0=223: rank[2,2] g=2 src=pari+mw sat=1 tors=4 st=3676 hmax=1199 pr=60 surv=17 ex=13 bad=0 hits=0 t=0s
  F4 c2/c3@t0=223: rank[1,1] g=1 src=pari sat=1 tors=4 st=116 hmax=1146 pr=60 surv=9 ex=5 bad=0 hits=0 t=0s
  F4 c2/c5@t0=223: rank[2,2] g=2 src=pari sat=1 tors=4 st=1612 hmax=1193 pr=60 surv=9 ex=5 bad=0 hits=0 t=1s
  F4 c2/c6@t0=223: rank[2,2] g=2 src=pari sat=1 tors=4 st=3724 hmax=1199 pr=60 surv=17 ex=13 bad=0 hits=0 t=1s
  F4 c2/c7@t0=223: rank[2,2] g=2 src=pari sat=1 tors=4 st=3724 hmax=1199 pr=60 surv=19 ex=15 bad=0 hits=0 t=1s
  F4 c3/c5@t0=223: rank[1,1] g=1 src=pari sat=1 tors=4 st=116 hmax=1172 pr=60 surv=9 ex=5 bad=0 hits=0 t=1s
  F4 c3/c6@t0=223: rank[1,1] g=1 src=pari sat=1 tors=4 st=116 hmax=1146 pr=60 surv=9 ex=5 bad=0 hits=0 t=1s
  F4 c3/c7@t0=223: rank[1,1] g=1 src=pari sat=1 tors=4 st=116 hmax=1172 pr=60 surv=9 ex=5 bad=0 hits=0 t=0s
  F4 c5/c6@t0=223: rank[1,1] g=1 src=pari sat=1 tors=4 st=164 hmax=1120 pr=60 surv=13 ex=5 bad=0 hits=0 t=0s
  F4 c5/c7@t0=223: rank[2,2] g=2 src=pari sat=1 tors=4 st=3484 hmax=1198 pr=60 surv=9 ex=5 bad=0 hits=0 t=0s
  F4 c6/c7@t0=223: rank[2,2] g=2 src=pari+mw sat=1 tors=4 st=3676 hmax=1199 pr=60 surv=17 ex=13 bad=0 hits=0 t=1s
== (P,Q)=(287,241) C=70225 SQ
  F1 c0/c2@t0=241: rank[2,2] g=2 src=pari sat=1 tors=4 st=3836 hmax=1195 pr=60 surv=17 ex=13 bad=0 hits=0 t=0s
  F1 c0/c3@t0=241: rank[2,2] g=2 src=pari sat=1 tors=4 st=3524 hmax=1197 pr=60 surv=17 ex=13 bad=0 hits=0 t=0s
  F1 c0/c6@t0=241: rank[1,1] g=1 src=pari sat=1 tors=8 st=232 hmax=1093 pr=60 surv=17 ex=13 bad=0 hits=0 t=0s
  F1 c0/c8@t0=241: rank[1,1] g=1 src=pari sat=1 tors=8 st=232 hmax=1098 pr=60 surv=17 ex=13 bad=0 hits=0 t=1s
  F1 c2/c3@t0=241: rank[2,2] g=2 src=pari sat=1 tors=4 st=3524 hmax=1197 pr=60 surv=17 ex=13 bad=0 hits=0 t=1s
  F1 c2/c6@t0=241: rank[2,2] g=2 src=pari sat=1 tors=8 st=5688 hmax=1194 pr=60 surv=18 ex=14 bad=0 hits=0 t=1s
  F1 c2/c8@t0=241: rank[3,3] g=3 src=pari sat=1 tors=4 st=11932 hmax=427 pr=60 surv=22 ex=18 bad=0 hits=0 t=1s
  F1 c3/c6@t0=241: rank[3,3] g=3 src=pari sat=1 tors=4 st=11924 hmax=293 pr=60 surv=50 ex=46 bad=0 hits=0 t=1s
  F1 c3/c8@t0=241: rank[3,3] g=3 src=pari sat=1 tors=4 st=11924 hmax=293 pr=60 surv=50 ex=46 bad=0 hits=0 t=1s
  F1 c6/c8@t0=241: rank[4,4] g=4 src=pari sat=1 tors=4 st=11932 hmax=91 pr=60 surv=17 ex=13 bad=0 hits=0 t=1s
  F2 c2/c3@t0=241: rank[2,2] g=2 src=pari sat=1 tors=4 st=3836 hmax=1195 pr=60 surv=18 ex=14 bad=0 hits=0 t=1s
  F2 c2/c5@t0=241: rank[2,2] g=2 src=pari sat=1 tors=4 st=3836 hmax=1195 pr=60 surv=17 ex=13 bad=0 hits=0 t=1s
  F2 c2/c6@t0=241: rank[3,3] g=3 src=pari sat=1 tors=4 st=11996 hmax=369 pr=60 surv=19 ex=15 bad=0 hits=0 t=1s
  F2 c2/c8@t0=241: rank[3,3] g=3 src=pari sat=1 tors=4 st=11996 hmax=369 pr=60 surv=17 ex=13 bad=0 hits=0 t=1s
  F2 c3/c5@t0=241: rank[2,2] g=2 src=pari sat=1 tors=4 st=3524 hmax=1197 pr=60 surv=17 ex=13 bad=0 hits=0 t=1s
  F2 c3/c6@t0=241: rank[3,3] g=3 src=pari sat=1 tors=4 st=11932 hmax=427 pr=60 surv=17 ex=13 bad=0 hits=0 t=1s
  F2 c3/c8@t0=241: rank[2,2] g=2 src=pari sat=1 tors=8 st=5688 hmax=1194 pr=60 surv=19 ex=15 bad=0 hits=0 t=1s
  F2 c5/c6@t0=241: rank[1,1] g=1 src=pari sat=1 tors=8 st=232 hmax=1093 pr=60 surv=17 ex=13 bad=0 hits=0 t=1s
  F2 c5/c8@t0=241: rank[1,1] g=1 src=pari sat=1 tors=8 st=232 hmax=1098 pr=60 surv=17 ex=13 bad=0 hits=0 t=1s
  F2 c6/c8@t0=241: rank[2,2] g=2 src=pari sat=1 tors=4 st=3676 hmax=1196 pr=60 surv=17 ex=13 bad=0 hits=0 t=1s
  F3 c1/c3@t0=241: rank[2,2] g=2 src=pari sat=1 tors=4 st=1724 hmax=1185 pr=60 surv=10 ex=8 bad=0 hits=0 t=1s
  F3 c1/c5@t0=241: rank[1,1] g=1 src=pari sat=1 tors=4 st=84 hmax=1150 pr=60 surv=9 ex=7 bad=0 hits=0 t=1s
  F3 c1/c6@t0=241: rank[3,3] g=3 src=pari sat=1 tors=4 st=11996 hmax=369 pr=60 surv=26 ex=22 bad=0 hits=0 t=1s
  F3 c1/c7@t0=241: rank[3,3] g=3 src=pari sat=1 tors=4 st=11996 hmax=369 pr=60 surv=25 ex=21 bad=0 hits=0 t=1s
  F3 c3/c5@t0=265: rank[2,2] g=2 src=pari sat=1 tors=4 st=3676 hmax=1196 pr=60 surv=17 ex=13 bad=0 hits=0 t=1s
  F3 c6/c3@t0=241: rank[3,3] g=3 src=pari sat=1 tors=4 st=11996 hmax=369 pr=60 surv=27 ex=25 bad=0 hits=0 t=1s
  F3 c7/c3@t0=241: rank[1,1] g=1 src=pari sat=1 tors=4 st=164 hmax=1123 pr=60 surv=13 ex=7 bad=0 hits=0 t=1s
  F3 c6/c5@t0=241: rank[2,2] g=2 src=pari sat=1 tors=4 st=3676 hmax=1196 pr=60 surv=17 ex=15 bad=0 hits=0 t=1s
  F3 c7/c5@t0=241: rank[3,3] g=3 src=pari sat=1 tors=4 st=12004 hmax=401 pr=60 surv=11 ex=9 bad=0 hits=0 t=1s
  F3 c6/c7@t0=241: rank[2,2] g=2 src=pari sat=1 tors=4 st=3676 hmax=1196 pr=60 surv=17 ex=13 bad=0 hits=0 t=1s
  F4 c2/c3@t0=241: rank[2,2] g=2 src=pari sat=1 tors=4 st=1724 hmax=1185 pr=60 surv=10 ex=6 bad=0 hits=0 t=1s
  F4 c2/c5@t0=241: rank[1,1] g=1 src=pari sat=1 tors=4 st=84 hmax=1150 pr=60 surv=9 ex=5 bad=0 hits=0 t=1s
  F4 c2/c6@t0=241: rank[3,3] g=3 src=pari sat=1 tors=4 st=11996 hmax=369 pr=60 surv=33 ex=29 bad=0 hits=0 t=1s
  F4 c2/c7@t0=241: rank[3,3] g=3 src=pari sat=1 tors=4 st=11996 hmax=369 pr=60 surv=25 ex=21 bad=0 hits=0 t=1s
  F4 c3/c5@t0=241: rank[1,1] g=1 src=pari sat=1 tors=4 st=116 hmax=1169 pr=60 surv=9 ex=5 bad=0 hits=0 t=1s
  F4 c3/c6@t0=241: rank[2,2] g=2 src=pari sat=1 tors=4 st=1724 hmax=1185 pr=60 surv=10 ex=6 bad=0 hits=0 t=1s
  F4 c3/c7@t0=241: rank[1,1] g=1 src=pari sat=1 tors=4 st=116 hmax=1169 pr=60 surv=9 ex=5 bad=0 hits=0 t=1s
  F4 c5/c6@t0=241: rank[1,1] g=1 src=pari sat=1 tors=4 st=164 hmax=1123 pr=60 surv=13 ex=5 bad=0 hits=0 t=1s
  F4 c5/c7@t0=241: rank[3,3] g=3 src=pari sat=1 tors=4 st=12004 hmax=302 pr=60 surv=22 ex=18 bad=0 hits=0 t=1s
  F4 c6/c7@t0=241: rank[2,2] g=2 src=pari sat=1 tors=4 st=3676 hmax=1196 pr=60 surv=17 ex=13 bad=0 hits=0 t=1s
== (P,Q)=(289,23) C=42025 SQ
  F1 c0/c2@t0=23: rank[3,3] g=3 src=pari sat=1 tors=4 st=11948 hmax=319 pr=60 surv=33 ex=29 bad=0 hits=0 t=1s
  F1 c0/c3@t0=23: rank[2,2] g=2 src=pari sat=1 tors=4 st=3708 hmax=1199 pr=60 surv=25 ex=21 bad=0 hits=0 t=1s
  F1 c0/c6@t0=23: rank[3,3] g=3 src=pari sat=1 tors=8 st=23928 hmax=241 pr=60 surv=35 ex=31 bad=0 hits=0 t=1s
  F1 c0/c8@t0=23: rank[2,2] g=2 src=pari sat=1 tors=8 st=7768 hmax=1199 pr=60 surv=36 ex=32 bad=0 hits=0 t=1s
  F1 c2/c3@t0=23: rank[2,2] g=2 src=pari sat=1 tors=4 st=3708 hmax=1199 pr=60 surv=26 ex=22 bad=0 hits=0 t=1s
  F1 c2/c6@t0=23: rank[2,2] g=2 src=pari sat=1 tors=8 st=5528 hmax=1190 pr=60 surv=17 ex=13 bad=0 hits=0 t=1s
  F1 c2/c8@t0=23: rank[2,2] g=2 src=pari sat=1 tors=4 st=3156 hmax=1194 pr=60 surv=17 ex=13 bad=0 hits=0 t=1s
  F1 c3/c6@t0=23: rank[2,2] g=2 src=pari sat=1 tors=4 st=3684 hmax=1196 pr=60 surv=25 ex=21 bad=0 hits=0 t=1s
  F1 c3/c8@t0=23: rank[2,2] g=2 src=pari sat=1 tors=4 st=3684 hmax=1196 pr=60 surv=25 ex=21 bad=0 hits=0 t=1s
  F1 c6/c8@t0=23: rank[3,3] g=3 src=pari sat=3 tors=4 st=12004 hmax=475 pr=60 surv=21 ex=17 bad=0 hits=0 t=1s
  F2 c2/c3@t0=23: rank[3,3] g=3 src=pari sat=1 tors=4 st=11948 hmax=319 pr=60 surv=33 ex=29 bad=0 hits=0 t=1s
  F2 c2/c5@t0=23: rank[3,3] g=3 src=pari sat=1 tors=4 st=11948 hmax=319 pr=60 surv=33 ex=29 bad=0 hits=0 t=1s
  F2 c2/c6@t0=23: rank[2,2] g=2 src=pari sat=1 tors=4 st=4004 hmax=1200 pr=60 surv=17 ex=13 bad=0 hits=0 t=1s
  F2 c2/c8@t0=23: rank[2,2] g=2 src=pari sat=1 tors=4 st=4004 hmax=1200 pr=60 surv=25 ex=21 bad=0 hits=0 t=1s
  F2 c3/c5@t0=23: rank[2,2] g=2 src=pari sat=1 tors=4 st=3708 hmax=1199 pr=60 surv=25 ex=21 bad=0 hits=0 t=1s
  F2 c3/c6@t0=23: rank[2,2] g=2 src=pari sat=1 tors=4 st=3156 hmax=1194 pr=60 surv=17 ex=13 bad=0 hits=0 t=1s
  F2 c3/c8@t0=23: rank[2,2] g=2 src=pari sat=1 tors=8 st=5528 hmax=1190 pr=60 surv=18 ex=14 bad=0 hits=0 t=1s
  F2 c5/c6@t0=23: rank[3,3] g=3 src=pari sat=1 tors=8 st=23928 hmax=241 pr=60 surv=35 ex=31 bad=0 hits=0 t=1s
  F2 c5/c8@t0=23: rank[2,2] g=2 src=pari sat=1 tors=8 st=7768 hmax=1199 pr=60 surv=36 ex=32 bad=0 hits=0 t=1s
  F2 c6/c8@t0=23: rank[2,2] g=2 src=pari sat=1 tors=4 st=3732 hmax=1197 pr=60 surv=20 ex=16 bad=0 hits=0 t=1s
  F3 c1/c3@t0=23: rank[2,2] g=2 src=pari sat=1 tors=4 st=1308 hmax=1198 pr=60 surv=9 ex=7 bad=0 hits=0 t=1s
  F3 c1/c5@t0=23: rank[2,2] g=2 src=pari sat=1 tors=4 st=1380 hmax=1198 pr=60 surv=9 ex=7 bad=0 hits=0 t=1s
  F3 c1/c6@t0=23: rank[2,2] g=2 src=pari sat=1 tors=4 st=4004 hmax=1200 pr=60 surv=17 ex=13 bad=0 hits=0 t=1s
  F3 c1/c7@t0=23: rank[2,2] g=2 src=pari sat=1 tors=4 st=4004 hmax=1200 pr=60 surv=33 ex=29 bad=0 hits=0 t=1s
  F3 c3/c5@t0=205: rank[2,2] g=2 src=pari sat=1 tors=4 st=3732 hmax=1197 pr=60 surv=18 ex=14 bad=0 hits=0 t=1s
  F3 c6/c3@t0=23: rank[2,2] g=2 src=pari sat=1 tors=4 st=4004 hmax=1200 pr=60 surv=17 ex=15 bad=0 hits=0 t=1s
  F3 c7/c3@t0=23: rank[1,1] g=1 src=pari sat=1 tors=4 st=164 hmax=1099 pr=60 surv=13 ex=7 bad=0 hits=0 t=1s
  F3 c6/c5@t0=23: rank[2,2] g=2 src=pari sat=1 tors=4 st=3732 hmax=1197 pr=60 surv=17 ex=15 bad=0 hits=0 t=1s
  F3 c7/c5@t0=23: rank[1,1] g=1 src=pari sat=1 tors=4 st=116 hmax=1145 pr=60 surv=9 ex=7 bad=0 hits=0 t=1s
  F3 c6/c7@t0=23: rank[2,2] g=2 src=pari sat=1 tors=4 st=3732 hmax=1197 pr=60 surv=17 ex=13 bad=0 hits=0 t=1s
  F4 c2/c3@t0=23: rank[2,2] g=2 src=pari sat=1 tors=4 st=1308 hmax=1198 pr=60 surv=9 ex=5 bad=0 hits=0 t=1s
  F4 c2/c5@t0=23: rank[2,2] g=2 src=pari sat=1 tors=4 st=1380 hmax=1198 pr=60 surv=9 ex=5 bad=0 hits=0 t=1s
  F4 c2/c6@t0=23: rank[2,2] g=2 src=pari sat=1 tors=4 st=4004 hmax=1200 pr=60 surv=17 ex=13 bad=0 hits=0 t=1s
  F4 c2/c7@t0=23: rank[2,2] g=2 src=pari sat=1 tors=4 st=4004 hmax=1200 pr=60 surv=33 ex=29 bad=0 hits=0 t=1s
  F4 c3/c5@t0=23: rank[1,1] g=1 src=pari sat=1 tors=4 st=116 hmax=1179 pr=60 surv=9 ex=5 bad=0 hits=0 t=1s
  F4 c3/c6@t0=23: rank[2,2] g=2 src=pari sat=1 tors=4 st=1308 hmax=1198 pr=60 surv=9 ex=5 bad=0 hits=0 t=1s
  F4 c3/c7@t0=23: rank[1,1] g=1 src=pari sat=1 tors=4 st=116 hmax=1179 pr=60 surv=9 ex=5 bad=0 hits=0 t=1s
  F4 c5/c6@t0=23: rank[1,1] g=1 src=pari sat=1 tors=4 st=164 hmax=1099 pr=60 surv=13 ex=5 bad=0 hits=0 t=1s
  F4 c5/c7@t0=23: rank[2,2] g=2 src=pari sat=1 tors=4 st=4956 hmax=1197 pr=60 surv=9 ex=5 bad=0 hits=0 t=1s
  F4 c6/c7@t0=23: rank[2,2] g=2 src=pari sat=1 tors=4 st=3732 hmax=1197 pr=60 surv=18 ex=14 bad=0 hits=0 t=1s
== (P,Q)=(311,31) C=48841 SQ
  F1 c0/c2@t0=31: rank[3,3] g=3 src=pari sat=1 tors=4 st=12004 hmax=354 pr=60 surv=17 ex=13 bad=0 hits=0 t=1s
  F1 c0/c3@t0=31: rank[3,3] g=3 src=pari sat=1 tors=4 st=11924 hmax=299 pr=60 surv=34 ex=30 bad=0 hits=0 t=1s
  F1 c0/c6@t0=31: rank[1,1] g=1 src=pari sat=1 tors=8 st=248 hmax=1184 pr=60 surv=17 ex=13 bad=0 hits=0 t=1s
  F1 c0/c8@t0=31: rank[2,2] g=2 src=pari sat=1 tors=8 st=7224 hmax=1198 pr=60 surv=46 ex=42 bad=0 hits=0 t=1s
  F1 c2/c3@t0=31: rank[3,3] g=3 src=pari sat=1 tors=4 st=11924 hmax=299 pr=60 surv=34 ex=30 bad=0 hits=0 t=1s
  F1 c2/c6@t0=31: rank[1,1] g=1 src=pari sat=1 tors=8 st=248 hmax=1177 pr=60 surv=17 ex=13 bad=0 hits=0 t=1s
  F1 c2/c8@t0=31: rank[2,2] g=2 src=pari sat=1 tors=4 st=3116 hmax=1199 pr=60 surv=26 ex=22 bad=0 hits=0 t=1s
  F1 c3/c6@t0=31: rank[4,4] g=4 src=pari sat=1 tors=4 st=11980 hmax=101 pr=60 surv=33 ex=29 bad=0 hits=0 t=1s
  F1 c3/c8@t0=31: rank[4,4] g=4 src=pari sat=1 tors=4 st=11980 hmax=101 pr=60 surv=33 ex=29 bad=0 hits=0 t=1s
  F1 c6/c8@t0=31: rank[2,2] g=2 src=pari sat=1 tors=4 st=3860 hmax=1199 pr=60 surv=18 ex=14 bad=0 hits=0 t=1s
  F2 c2/c3@t0=31: rank[3,3] g=3 src=pari sat=1 tors=4 st=12004 hmax=354 pr=60 surv=17 ex=13 bad=0 hits=0 t=1s
  F2 c2/c5@t0=31: rank[3,3] g=3 src=pari sat=1 tors=4 st=12004 hmax=354 pr=60 surv=17 ex=13 bad=0 hits=0 t=1s
  F2 c2/c6@t0=31: rank[3,3] g=3 src=pari sat=1 tors=4 st=11972 hmax=252 pr=60 surv=34 ex=30 bad=0 hits=0 t=1s
  F2 c2/c8@t0=31: rank[3,3] g=3 src=pari sat=1 tors=4 st=11972 hmax=252 pr=60 surv=22 ex=18 bad=0 hits=0 t=1s
  F2 c3/c5@t0=31: rank[3,3] g=3 src=pari sat=1 tors=4 st=11924 hmax=299 pr=60 surv=42 ex=38 bad=0 hits=0 t=1s
  F2 c3/c6@t0=31: rank[2,2] g=2 src=pari sat=1 tors=4 st=3116 hmax=1199 pr=60 surv=25 ex=21 bad=0 hits=0 t=1s
  F2 c3/c8@t0=31: rank[1,1] g=1 src=pari sat=1 tors=8 st=248 hmax=1177 pr=60 surv=17 ex=13 bad=0 hits=0 t=1s
  F2 c5/c6@t0=31: rank[1,1] g=1 src=pari sat=1 tors=8 st=248 hmax=1184 pr=60 surv=17 ex=13 bad=0 hits=0 t=1s
  F2 c5/c8@t0=31: rank[2,2] g=2 src=pari sat=1 tors=8 st=7224 hmax=1198 pr=60 surv=46 ex=42 bad=0 hits=0 t=1s
  F2 c6/c8@t0=31: rank[3,3] g=3 src=pari sat=1 tors=4 st=12004 hmax=281 pr=60 surv=17 ex=13 bad=0 hits=0 t=1s
  F3 c1/c3@t0=31: rank[3,3] g=3 src=pari sat=1 tors=4 st=12004 hmax=519 pr=60 surv=25 ex=23 bad=0 hits=0 t=1s
  F3 c1/c5@t0=31: rank[2,2] g=2 src=pari sat=1 tors=4 st=1132 hmax=1173 pr=60 surv=9 ex=7 bad=0 hits=0 t=1s
  F3 c1/c6@t0=31: rank[3,3] g=3 src=pari sat=1 tors=4 st=11972 hmax=252 pr=60 surv=18 ex=14 bad=0 hits=0 t=1s
  F3 c1/c7@t0=31: rank[3,3] g=3 src=pari sat=1 tors=4 st=11972 hmax=252 pr=60 surv=18 ex=14 bad=0 hits=0 t=1s
  F3 c3/c5@t0=221: rank[3,3] g=3 src=pari sat=1 tors=4 st=12004 hmax=281 pr=60 surv=25 ex=21 bad=0 hits=0 t=1s
  F3 c6/c3@t0=31: rank[3,3] g=3 src=pari sat=1 tors=4 st=11972 hmax=252 pr=60 surv=17 ex=15 bad=0 hits=0 t=1s
  F3 c7/c3@t0=31: rank[2,2] g=2 src=pari sat=1 tors=4 st=3772 hmax=1198 pr=60 surv=13 ex=7 bad=0 hits=0 t=1s
  F3 c6/c5@t0=31: rank[3,3] g=3 src=pari sat=1 tors=4 st=12004 hmax=281 pr=60 surv=18 ex=16 bad=0 hits=0 t=1s
  F3 c7/c5@t0=31: rank[1,1] g=1 src=pari sat=1 tors=4 st=116 hmax=1159 pr=60 surv=9 ex=7 bad=0 hits=0 t=1s
  F3 c6/c7@t0=31: rank[3,3] g=3 src=pari sat=1 tors=4 st=12004 hmax=281 pr=60 surv=22 ex=18 bad=0 hits=0 t=1s
  F4 c2/c3@t0=31: rank[3,3] g=3 src=pari sat=1 tors=4 st=12004 hmax=519 pr=60 surv=25 ex=21 bad=0 hits=0 t=1s
  F4 c2/c5@t0=31: rank[2,2] g=2 src=pari sat=1 tors=4 st=1132 hmax=1173 pr=60 surv=9 ex=5 bad=0 hits=0 t=1s
  F4 c2/c6@t0=31: rank[3,3] g=3 src=pari sat=1 tors=4 st=11972 hmax=252 pr=60 surv=18 ex=14 bad=0 hits=0 t=1s
  F4 c2/c7@t0=31: rank[3,3] g=3 src=pari sat=1 tors=4 st=11972 hmax=252 pr=60 surv=17 ex=13 bad=0 hits=0 t=1s
  F4 c3/c5@t0=31: rank[1,1] g=1 src=pari sat=1 tors=4 st=116 hmax=1193 pr=60 surv=9 ex=5 bad=0 hits=0 t=1s
  F4 c3/c6@t0=31: rank[3,3] g=3 src=pari sat=1 tors=4 st=12004 hmax=519 pr=60 surv=26 ex=22 bad=0 hits=0 t=1s
  F4 c3/c7@t0=31: rank[1,1] g=1 src=pari sat=1 tors=4 st=116 hmax=1193 pr=60 surv=9 ex=5 bad=0 hits=0 t=1s
  F4 c5/c6@t0=31: rank[2,2] g=2 src=pari sat=1 tors=4 st=3772 hmax=1198 pr=60 surv=13 ex=5 bad=0 hits=0 t=1s
  F4 c5/c7@t0=31: rank[1,1] g=1 src=pari sat=1 tors=4 st=116 hmax=1126 pr=60 surv=9 ex=5 bad=0 hits=0 t=1s
  F4 c6/c7@t0=31: rank[3,3] g=3 src=pari sat=1 tors=4 st=12004 hmax=281 pr=60 surv=25 ex=21 bad=0 hits=0 t=1s
== (P,Q)=(313,103) C=54289 SQ
  F1 c0/c2@t0=103: rank[3,3] g=3 src=pari sat=1 tors=4 st=11916 hmax=326 pr=60 surv=17 ex=13 bad=0 hits=0 t=1s
  F1 c0/c3@t0=103: rank[3,3] g=3 src=pari sat=1 tors=4 st=11996 hmax=347 pr=60 surv=33 ex=29 bad=0 hits=0 t=1s
  F1 c0/c6@t0=103: rank[2,2] g=2 src=pari sat=1 tors=8 st=3368 hmax=1198 pr=60 surv=25 ex=21 bad=0 hits=0 t=1s
  F1 c0/c8@t0=103: rank[1,1] g=1 src=pari sat=1 tors=8 st=232 hmax=1079 pr=60 surv=17 ex=13 bad=0 hits=0 t=1s
  F1 c2/c3@t0=103: rank[3,3] g=3 src=pari sat=1 tors=4 st=11996 hmax=347 pr=60 surv=33 ex=29 bad=0 hits=0 t=1s
  F1 c2/c6@t0=103: rank[2,2] g=2 src=pari sat=1 tors=8 st=2888 hmax=1197 pr=60 surv=17 ex=13 bad=0 hits=0 t=1s
  F1 c2/c8@t0=103: rank[3,3] g=3 src=pari sat=1 tors=4 st=12004 hmax=274 pr=60 surv=26 ex=22 bad=0 hits=0 t=1s
  F1 c3/c6@t0=103: rank[2,2] g=2 src=pari sat=1 tors=4 st=3604 hmax=1196 pr=60 surv=17 ex=13 bad=0 hits=0 t=1s
  F1 c3/c8@t0=103: rank[2,2] g=2 src=pari sat=1 tors=4 st=3604 hmax=1196 pr=60 surv=17 ex=13 bad=0 hits=0 t=1s
  F1 c6/c8@t0=103: rank[3,3] g=3 src=pari sat=1 tors=4 st=11980 hmax=418 pr=60 surv=22 ex=18 bad=0 hits=0 t=0s
  F2 c2/c3@t0=103: rank[3,3] g=3 src=pari sat=1 tors=4 st=11916 hmax=326 pr=60 surv=17 ex=13 bad=0 hits=0 t=0s
  F2 c2/c5@t0=103: rank[3,3] g=3 src=pari sat=1 tors=4 st=11916 hmax=326 pr=60 surv=18 ex=14 bad=0 hits=0 t=0s
  F2 c2/c6@t0=103: rank[3,3] g=3 src=pari sat=1 tors=4 st=11956 hmax=407 pr=60 surv=17 ex=13 bad=0 hits=0 t=0s
  F2 c2/c8@t0=103: rank[3,3] g=3 src=pari sat=1 tors=4 st=11956 hmax=407 pr=60 surv=25 ex=21 bad=0 hits=0 t=0s
  F2 c3/c5@t0=103: rank[3,3] g=3 src=pari sat=1 tors=4 st=11996 hmax=347 pr=60 surv=33 ex=29 bad=0 hits=0 t=0s
  F2 c3/c6@t0=103: rank[3,3] g=3 src=pari sat=1 tors=4 st=12004 hmax=274 pr=60 surv=25 ex=21 bad=0 hits=0 t=0s
  F2 c3/c8@t0=103: rank[2,2] g=2 src=pari sat=1 tors=8 st=2888 hmax=1197 pr=60 surv=17 ex=13 bad=0 hits=0 t=0s
  F2 c5/c6@t0=103: rank[2,2] g=2 src=pari sat=1 tors=8 st=3368 hmax=1198 pr=60 surv=25 ex=21 bad=0 hits=0 t=0s
  F2 c5/c8@t0=103: rank[1,1] g=1 src=pari sat=1 tors=8 st=232 hmax=1079 pr=60 surv=17 ex=13 bad=0 hits=0 t=0s
  F2 c6/c8@t0=103: rank[4,4] g=4 src=pari sat=1 tors=4 st=12004 hmax=136 pr=60 surv=17 ex=13 bad=0 hits=0 t=1s
  F3 c1/c3@t0=103: rank[2,2] g=2 src=pari sat=1 tors=4 st=1812 hmax=1200 pr=60 surv=9 ex=7 bad=0 hits=0 t=0s
  F3 c1/c5@t0=103: rank[3,3] g=3 src=pari sat=1 tors=4 st=11988 hmax=660 pr=60 surv=19 ex=17 bad=0 hits=0 t=0s
  F3 c1/c6@t0=103: rank[3,3] g=3 src=pari sat=1 tors=4 st=11956 hmax=407 pr=60 surv=17 ex=13 bad=0 hits=0 t=0s
  F3 c1/c7@t0=103: rank[3,3] g=3 src=pari sat=1 tors=4 st=11956 hmax=407 pr=60 surv=25 ex=21 bad=0 hits=0 t=0s
  F3 c3/c5@t0=233: rank[4,4] g=4 src=pari sat=1 tors=4 st=12004 hmax=136 pr=60 surv=17 ex=13 bad=0 hits=0 t=0s
  F3 c6/c3@t0=103: rank[3,3] g=3 src=pari sat=1 tors=4 st=11956 hmax=407 pr=60 surv=17 ex=15 bad=0 hits=0 t=0s
  F3 c7/c3@t0=103: rank[2,2] g=2 src=pari sat=1 tors=4 st=6628 hmax=1199 pr=60 surv=74 ex=68 bad=0 hits=0 t=0s
  F3 c6/c5@t0=103: rank[4,4] g=4 src=pari sat=1 tors=4 st=12004 hmax=136 pr=60 surv=17 ex=15 bad=0 hits=0 t=0s
  F3 c7/c5@t0=103: rank[2,2] g=2 src=pari sat=1 tors=4 st=1500 hmax=1189 pr=60 surv=9 ex=7 bad=0 hits=0 t=0s
  F3 c6/c7@t0=103: rank[4,4] g=4 src=pari sat=1 tors=4 st=12004 hmax=136 pr=60 surv=17 ex=13 bad=0 hits=0 t=0s
  F4 c2/c3@t0=103: rank[2,2] g=2 src=pari sat=1 tors=4 st=1812 hmax=1200 pr=60 surv=9 ex=5 bad=0 hits=0 t=0s
  F4 c2/c5@t0=103: rank[3,3] g=3 src=pari sat=1 tors=4 st=11988 hmax=660 pr=60 surv=19 ex=15 bad=0 hits=0 t=0s
  F4 c2/c6@t0=103: rank[3,3] g=3 src=pari sat=1 tors=4 st=11956 hmax=407 pr=60 surv=17 ex=13 bad=0 hits=0 t=0s
  F4 c2/c7@t0=103: rank[3,3] g=3 src=pari sat=1 tors=4 st=11956 hmax=407 pr=60 surv=26 ex=22 bad=0 hits=0 t=1s
  F4 c3/c5@t0=103: rank[1,1] g=1 src=pari sat=1 tors=4 st=116 hmax=1194 pr=60 surv=9 ex=5 bad=0 hits=0 t=0s
  F4 c3/c6@t0=103: rank[2,2] g=2 src=pari sat=1 tors=4 st=1812 hmax=1200 pr=60 surv=9 ex=5 bad=0 hits=0 t=0s
  F4 c3/c7@t0=103: rank[1,1] g=1 src=pari sat=1 tors=4 st=116 hmax=1194 pr=60 surv=9 ex=5 bad=0 hits=0 t=0s
  F4 c5/c6@t0=103: rank[2,2] g=2 src=pari sat=1 tors=4 st=6628 hmax=1199 pr=60 surv=74 ex=66 bad=0 hits=0 t=0s
  F4 c5/c7@t0=103: rank[2,2] g=2 src=pari sat=1 tors=4 st=2668 hmax=1200 pr=60 surv=9 ex=5 bad=0 hits=0 t=0s
  F4 c6/c7@t0=103: rank[4,4] g=4 src=pari sat=1 tors=4 st=12004 hmax=136 pr=60 surv=17 ex=13 bad=0 hits=0 t=0s
== (P,Q)=(329,89) C=58081 SQ
  F1 c0/c2@t0=89: rank[2,2] g=2 src=pari sat=1 tors=4 st=4012 hmax=1200 pr=60 surv=17 ex=13 bad=0 hits=0 t=0s
  F1 c0/c3@t0=89: rank[2,2] g=2 src=pari sat=1 tors=4 st=3580 hmax=1200 pr=60 surv=17 ex=13 bad=0 hits=0 t=0s
  F1 c0/c6@t0=89: rank[2,2] g=2 src=pari sat=1 tors=8 st=8520 hmax=1199 pr=60 surv=42 ex=38 bad=0 hits=0 t=0s
  F1 c0/c8@t0=89: rank[2,2] g=2 src=pari sat=1 tors=8 st=2616 hmax=1199 pr=60 surv=33 ex=29 bad=0 hits=0 t=0s
  F1 c2/c3@t0=89: rank[2,2] g=2 src=pari sat=1 tors=4 st=3580 hmax=1200 pr=60 surv=18 ex=14 bad=0 hits=0 t=0s
  F1 c2/c6@t0=89: rank[2,2] g=2 src=pari sat=1 tors=8 st=3144 hmax=1192 pr=60 surv=17 ex=13 bad=0 hits=0 t=0s
  F1 c2/c8@t0=89: rank[3,3] g=3 src=pari sat=1 tors=4 st=12004 hmax=368 pr=60 surv=33 ex=29 bad=0 hits=0 t=0s
  F1 c3/c6@t0=89: rank[4,4] g=4 src=pari sat=1 tors=4 st=11988 hmax=104 pr=60 surv=55 ex=51 bad=0 hits=0 t=0s
  F1 c3/c8@t0=89: rank[4,4] g=4 src=pari sat=1 tors=4 st=11988 hmax=104 pr=60 surv=68 ex=64 bad=0 hits=0 t=0s
  F1 c6/c8@t0=89: rank[2,2] g=2 src=pari sat=1 tors=4 st=3804 hmax=1198 pr=60 surv=17 ex=13 bad=0 hits=0 t=0s
  F2 c2/c3@t0=89: rank[2,2] g=2 src=pari sat=1 tors=4 st=4012 hmax=1200 pr=60 surv=17 ex=13 bad=0 hits=0 t=0s
  F2 c2/c5@t0=89: rank[2,2] g=2 src=pari sat=1 tors=4 st=4012 hmax=1200 pr=60 surv=17 ex=13 bad=0 hits=0 t=0s
  F2 c2/c6@t0=89: rank[2,2] g=2 src=pari sat=1 tors=4 st=3820 hmax=1198 pr=60 surv=17 ex=13 bad=0 hits=0 t=0s
  F2 c2/c8@t0=89: rank[2,2] g=2 src=pari sat=1 tors=4 st=3820 hmax=1198 pr=60 surv=17 ex=13 bad=0 hits=0 t=0s
  F2 c3/c5@t0=89: rank[2,2] g=2 src=pari sat=1 tors=4 st=3580 hmax=1200 pr=60 surv=17 ex=13 bad=0 hits=0 t=0s
  F2 c3/c6@t0=89: rank[3,3] g=3 src=pari sat=1 tors=4 st=12004 hmax=368 pr=60 surv=34 ex=30 bad=0 hits=0 t=0s
  F2 c3/c8@t0=89: rank[2,2] g=2 src=pari sat=1 tors=8 st=3144 hmax=1192 pr=60 surv=18 ex=14 bad=0 hits=0 t=0s
  F2 c5/c6@t0=89: rank[2,2] g=2 src=pari sat=1 tors=8 st=8520 hmax=1199 pr=60 surv=42 ex=38 bad=0 hits=0 t=0s
  F2 c5/c8@t0=89: rank[2,2] g=2 src=pari sat=1 tors=8 st=2616 hmax=1199 pr=60 surv=33 ex=29 bad=0 hits=0 t=0s
  F2 c6/c8@t0=89: rank[2,2] g=2 src=pari sat=1 tors=4 st=3636 hmax=1200 pr=60 surv=17 ex=13 bad=0 hits=0 t=0s
  F3 c1/c3@t0=89: rank[2,2] g=2 src=pari sat=1 tors=4 st=3052 hmax=1199 pr=60 surv=9 ex=7 bad=0 hits=0 t=0s
  F3 c1/c5@t0=89: rank[1,1] g=1 src=pari sat=1 tors=4 st=84 hmax=1134 pr=60 surv=9 ex=7 bad=0 hits=0 t=0s
  F3 c1/c6@t0=89: rank[2,2] g=2 src=pari sat=1 tors=4 st=3820 hmax=1198 pr=60 surv=17 ex=13 bad=0 hits=0 t=0s
  F3 c1/c7@t0=89: rank[2,2] g=2 src=pari sat=1 tors=4 st=3820 hmax=1198 pr=60 surv=17 ex=13 bad=0 hits=0 t=0s
  F3 c3/c5@t0=241: rank[2,2] g=2 src=pari sat=1 tors=4 st=3636 hmax=1200 pr=60 surv=17 ex=13 bad=0 hits=0 t=0s
  F3 c6/c3@t0=89: rank[2,2] g=2 src=pari sat=1 tors=4 st=3820 hmax=1198 pr=60 surv=17 ex=15 bad=0 hits=0 t=0s
  F3 c7/c3@t0=89: rank[1,1] g=1 src=pari sat=1 tors=4 st=164 hmax=1128 pr=60 surv=13 ex=7 bad=0 hits=0 t=0s
  F3 c6/c5@t0=89: rank[2,2] g=2 src=pari sat=1 tors=4 st=3636 hmax=1200 pr=60 surv=17 ex=15 bad=0 hits=0 t=0s
  F3 c7/c5@t0=89: rank[1,1] g=1 src=pari sat=1 tors=4 st=116 hmax=1172 pr=60 surv=9 ex=7 bad=0 hits=0 t=0s
  F3 c6/c7@t0=89: rank[2,2] g=2 src=pari sat=1 tors=4 st=3636 hmax=1200 pr=60 surv=17 ex=13 bad=0 hits=0 t=0s
  F4 c2/c3@t0=89: rank[2,2] g=2 src=pari sat=1 tors=4 st=3052 hmax=1199 pr=60 surv=9 ex=5 bad=0 hits=0 t=0s
  F4 c2/c5@t0=89: rank[1,1] g=1 src=pari sat=1 tors=4 st=84 hmax=1134 pr=60 surv=9 ex=5 bad=0 hits=0 t=0s
  F4 c2/c6@t0=89: rank[2,2] g=2 src=pari sat=1 tors=4 st=3820 hmax=1198 pr=60 surv=17 ex=13 bad=0 hits=0 t=0s
  F4 c2/c7@t0=89: rank[2,2] g=2 src=pari sat=1 tors=4 st=3820 hmax=1198 pr=60 surv=17 ex=13 bad=0 hits=0 t=0s
  F4 c3/c5@t0=89: rank[3,3] g=3 src=pari sat=1 tors=4 st=11940 hmax=351 pr=60 surv=9 ex=5 bad=0 hits=0 t=0s
  F4 c3/c6@t0=89: rank[2,2] g=2 src=pari sat=1 tors=4 st=3052 hmax=1199 pr=60 surv=9 ex=5 bad=0 hits=0 t=0s
  F4 c3/c7@t0=89: rank[3,3] g=3 src=pari sat=1 tors=4 st=11940 hmax=351 pr=60 surv=9 ex=5 bad=0 hits=0 t=0s
  F4 c5/c6@t0=89: rank[1,1] g=1 src=pari sat=1 tors=4 st=164 hmax=1128 pr=60 surv=13 ex=5 bad=0 hits=0 t=0s
  F4 c5/c7@t0=89: rank[2,2] g=2 src=pari sat=1 tors=4 st=2988 hmax=1194 pr=60 surv=9 ex=5 bad=0 hits=0 t=0s
  F4 c6/c7@t0=89: rank[2,2] g=2 src=pari sat=1 tors=4 st=3636 hmax=1200 pr=60 surv=17 ex=13 bad=0 hits=0 t=0s
== (P,Q)=(329,191) C=72361 SQ
  F1 c0/c2@t0=191: rank[3,3] g=3 src=pari sat=1 tors=4 st=11956 hmax=309 pr=60 surv=27 ex=23 bad=0 hits=0 t=0s
  F1 c0/c3@t0=191: rank[3,3] g=3 src=pari sat=1 tors=4 st=11932 hmax=449 pr=60 surv=21 ex=17 bad=0 hits=0 t=0s
  F1 c0/c6@t0=191: rank[3,3] g=3 src=pari sat=1 tors=8 st=24008 hmax=361 pr=60 surv=53 ex=49 bad=0 hits=0 t=0s
  F1 c0/c8@t0=191: rank[2,2] g=2 src=pari sat=1 tors=8 st=3176 hmax=1199 pr=60 surv=18 ex=14 bad=0 hits=0 t=1s
  F1 c2/c3@t0=191: rank[3,3] g=3 src=pari sat=1 tors=4 st=11932 hmax=449 pr=60 surv=22 ex=18 bad=0 hits=0 t=1s
  F1 c2/c6@t0=191: rank[2,2] g=2 src=pari sat=1 tors=8 st=6872 hmax=1198 pr=60 surv=17 ex=13 bad=0 hits=0 t=1s
  F1 c2/c8@t0=191: rank[3,3] g=3 src=pari sat=1 tors=4 st=11972 hmax=395 pr=60 surv=27 ex=23 bad=0 hits=0 t=1s
  F1 c3/c6@t0=191: rank[3,3] g=3 src=pari sat=1 tors=4 st=12004 hmax=555 pr=60 surv=18 ex=14 bad=0 hits=0 t=1s
  F1 c3/c8@t0=191: rank[3,3] g=3 src=pari sat=1 tors=4 st=12004 hmax=555 pr=60 surv=17 ex=13 bad=0 hits=0 t=0s
  F1 c6/c8@t0=191: rank[2,2] g=2 src=pari sat=1 tors=4 st=3780 hmax=1197 pr=60 surv=17 ex=13 bad=0 hits=0 t=0s
  F2 c2/c3@t0=191: rank[3,3] g=3 src=pari sat=1 tors=4 st=11956 hmax=309 pr=60 surv=27 ex=23 bad=0 hits=0 t=0s
  F2 c2/c5@t0=191: rank[3,3] g=3 src=pari sat=1 tors=4 st=11956 hmax=309 pr=60 surv=27 ex=23 bad=0 hits=0 t=0s
  F2 c2/c6@t0=191: rank[3,3] g=3 src=pari sat=1 tors=4 st=11996 hmax=415 pr=60 surv=31 ex=27 bad=0 hits=0 t=0s
  F2 c2/c8@t0=191: rank[3,3] g=3 src=pari sat=1 tors=4 st=11996 hmax=415 pr=60 surv=26 ex=22 bad=0 hits=0 t=0s
  F2 c3/c5@t0=191: rank[3,3] g=3 src=pari sat=1 tors=4 st=11932 hmax=449 pr=60 surv=21 ex=17 bad=0 hits=0 t=0s
  F2 c3/c6@t0=191: rank[3,3] g=3 src=pari sat=1 tors=4 st=11972 hmax=395 pr=60 surv=26 ex=22 bad=0 hits=0 t=0s
  F2 c3/c8@t0=191: rank[2,2] g=2 src=pari sat=1 tors=8 st=6872 hmax=1198 pr=60 surv=19 ex=15 bad=0 hits=0 t=0s
  F2 c5/c6@t0=191: rank[3,3] g=3 src=pari sat=1 tors=8 st=24008 hmax=361 pr=60 surv=53 ex=49 bad=0 hits=0 t=1s
  F2 c5/c8@t0=191: rank[2,2] g=2 src=pari sat=1 tors=8 st=3176 hmax=1199 pr=60 surv=18 ex=14 bad=0 hits=0 t=0s
  F2 c6/c8@t0=191: rank[4,4] g=4 src=pari sat=1 tors=4 st=12004 hmax=117 pr=60 surv=25 ex=21 bad=0 hits=0 t=0s
  F3 c1/c3@t0=191: rank[2,2] g=2 src=pari sat=1 tors=4 st=956 hmax=1190 pr=60 surv=9 ex=7 bad=0 hits=0 t=0s
  F3 c1/c5@t0=191: rank[3,3] g=3 src=pari sat=1 tors=4 st=11916 hmax=825 pr=60 surv=11 ex=9 bad=0 hits=0 t=0s
  F3 c1/c6@t0=191: rank[3,3] g=3 src=pari sat=1 tors=4 st=11996 hmax=415 pr=60 surv=26 ex=22 bad=0 hits=0 t=0s
  F3 c1/c7@t0=191: rank[3,3] g=3 src=pari sat=1 tors=4 st=11996 hmax=415 pr=60 surv=25 ex=21 bad=0 hits=0 t=0s
  F3 c3/c5@t0=269: rank[4,4] g=4 src=pari sat=1 tors=4 st=12004 hmax=117 pr=60 surv=18 ex=14 bad=0 hits=0 t=1s
  F3 c6/c3@t0=191: rank[3,3] g=3 src=pari sat=1 tors=4 st=11996 hmax=415 pr=60 surv=26 ex=24 bad=0 hits=0 t=0s
  F3 c7/c3@t0=191: rank[2,2] g=2 src=pari sat=1 tors=4 st=4108 hmax=1195 pr=60 surv=58 ex=52 bad=0 hits=0 t=0s
  F3 c6/c5@t0=191: rank[4,4] g=4 src=pari sat=1 tors=4 st=12004 hmax=117 pr=60 surv=18 ex=16 bad=0 hits=0 t=0s
  F3 c7/c5@t0=191: rank[3,3] g=3 src=pari sat=5 tors=4 st=11956 hmax=432 pr=60 surv=10 ex=8 bad=0 hits=0 t=0s
  F3 c6/c7@t0=191: rank[4,4] g=4 src=pari sat=1 tors=4 st=12004 hmax=117 pr=60 surv=17 ex=13 bad=0 hits=0 t=0s
  F4 c2/c3@t0=191: rank[2,2] g=2 src=pari sat=1 tors=4 st=956 hmax=1190 pr=60 surv=9 ex=5 bad=0 hits=0 t=0s
  F4 c2/c5@t0=191: rank[3,3] g=3 src=pari sat=1 tors=4 st=11916 hmax=825 pr=60 surv=11 ex=7 bad=0 hits=0 t=0s
  F4 c2/c6@t0=191: rank[3,3] g=3 src=pari sat=1 tors=4 st=11996 hmax=415 pr=60 surv=26 ex=22 bad=0 hits=0 t=0s
  F4 c2/c7@t0=191: rank[3,3] g=3 src=pari sat=1 tors=4 st=11996 hmax=415 pr=60 surv=25 ex=21 bad=0 hits=0 t=0s
  F4 c3/c5@t0=191: rank[2,2] g=2 src=pari sat=1 tors=4 st=1324 hmax=1197 pr=60 surv=9 ex=5 bad=0 hits=0 t=0s
  F4 c3/c6@t0=191: rank[2,2] g=2 src=pari sat=1 tors=4 st=956 hmax=1190 pr=60 surv=9 ex=5 bad=0 hits=0 t=0s
  F4 c3/c7@t0=191: rank[2,2] g=2 src=pari sat=1 tors=4 st=1324 hmax=1197 pr=60 surv=9 ex=5 bad=0 hits=0 t=0s
  F4 c5/c6@t0=191: rank[2,2] g=2 src=pari sat=1 tors=4 st=4108 hmax=1195 pr=60 surv=58 ex=50 bad=0 hits=0 t=0s
  F4 c5/c7@t0=191: rank[2,2] g=2 src=pari sat=1 tors=4 st=2468 hmax=1183 pr=60 surv=9 ex=5 bad=0 hits=0 t=0s
  F4 c6/c7@t0=191: rank[4,4] g=4 src=pari sat=1 tors=4 st=12004 hmax=117 pr=60 surv=18 ex=14 bad=0 hits=0 t=0s
== (P,Q)=(337,287) C=97969 SQ
  F1 c0/c2@t0=287: rank[3,3] g=3 src=pari sat=3 tors=4 st=11980 hmax=264 pr=60 surv=21 ex=17 bad=0 hits=0 t=0s
  F1 c0/c3@t0=287: rank[3,3] g=3 src=pari sat=3 tors=4 st=12004 hmax=263 pr=60 surv=36 ex=32 bad=0 hits=0 t=0s
  F1 c0/c6@t0=287: rank[1,1] g=1 src=pari sat=1 tors=8 st=232 hmax=1126 pr=60 surv=17 ex=13 bad=0 hits=0 t=0s
  F1 c0/c8@t0=287: rank[2,2] g=2 src=pari sat=1 tors=8 st=5352 hmax=1193 pr=60 surv=17 ex=13 bad=0 hits=0 t=0s
  F1 c2/c3@t0=287: rank[3,3] g=3 src=pari sat=3 tors=4 st=12004 hmax=263 pr=60 surv=34 ex=30 bad=0 hits=0 t=0s
  F1 c2/c6@t0=287: rank[1,1] g=1 src=pari sat=1 tors=8 st=232 hmax=1122 pr=60 surv=17 ex=13 bad=0 hits=0 t=0s
  F1 c2/c8@t0=287: rank[3,3] g=3 src=pari sat=1 tors=4 st=11980 hmax=380 pr=60 surv=41 ex=37 bad=0 hits=0 t=0s
  F1 c3/c6@t0=287: rank[2,2] g=2 src=pari+mw sat=1 tors=4 st=3420 hmax=1199 pr=60 surv=25 ex=21 bad=0 hits=0 t=83s
  F1 c3/c8@t0=287: rank[2,2] g=2 src=pari+mw sat=1 tors=4 st=3420 hmax=1199 pr=60 surv=26 ex=22 bad=0 hits=0 t=1s
  F1 c6/c8@t0=287: rank[3,3] g=3 src=pari sat=1 tors=4 st=12004 hmax=504 pr=60 surv=29 ex=25 bad=0 hits=0 t=1s
  F2 c2/c3@t0=287: rank[3,3] g=3 src=pari sat=3 tors=4 st=11980 hmax=264 pr=60 surv=26 ex=22 bad=0 hits=0 t=1s
  F2 c2/c5@t0=287: rank[3,3] g=3 src=pari sat=3 tors=4 st=11980 hmax=264 pr=60 surv=21 ex=17 bad=0 hits=0 t=1s
  F2 c2/c6@t0=287: rank[2,2] g=2 src=pari sat=1 tors=4 st=3596 hmax=1199 pr=60 surv=17 ex=13 bad=0 hits=0 t=1s
  F2 c2/c8@t0=287: rank[2,2] g=2 src=pari sat=1 tors=4 st=3596 hmax=1199 pr=60 surv=17 ex=13 bad=0 hits=0 t=1s
  F2 c3/c5@t0=287: rank[3,3] g=3 src=pari sat=3 tors=4 st=12004 hmax=263 pr=60 surv=36 ex=32 bad=0 hits=0 t=1s
  F2 c3/c6@t0=287: rank[3,3] g=3 src=pari sat=1 tors=4 st=11980 hmax=380 pr=60 surv=43 ex=39 bad=0 hits=0 t=1s
  F2 c3/c8@t0=287: rank[1,1] g=1 src=pari sat=1 tors=8 st=232 hmax=1122 pr=60 surv=17 ex=13 bad=0 hits=0 t=1s
  F2 c5/c6@t0=287: rank[1,1] g=1 src=pari sat=1 tors=8 st=232 hmax=1126 pr=60 surv=17 ex=13 bad=0 hits=0 t=1s
  F2 c5/c8@t0=287: rank[2,2] g=2 src=pari sat=1 tors=8 st=5352 hmax=1193 pr=60 surv=17 ex=13 bad=0 hits=0 t=1s
  F2 c6/c8@t0=287: rank[3,3] g=3 src=pari sat=1 tors=4 st=12004 hmax=440 pr=60 surv=26 ex=22 bad=0 hits=0 t=1s
  F3 c1/c3@t0=287: rank[2,2] g=2 src=pari sat=1 tors=4 st=2932 hmax=1191 pr=60 surv=10 ex=8 bad=0 hits=0 t=1s
  F3 c1/c5@t0=287: rank[2,2] g=2 src=pari+mw sat=1 tors=4 st=508 hmax=1199 pr=60 surv=9 ex=7 bad=0 hits=0 t=1s
  F3 c1/c6@t0=287: rank[2,2] g=2 src=pari sat=1 tors=4 st=3596 hmax=1199 pr=60 surv=25 ex=21 bad=0 hits=0 t=1s
  F3 c1/c7@t0=287: rank[2,2] g=2 src=pari sat=1 tors=4 st=3596 hmax=1199 pr=60 surv=17 ex=13 bad=0 hits=0 t=1s
  F3 c3/c5@t0=313: rank[3,3] g=3 src=pari sat=1 tors=4 st=12004 hmax=440 pr=60 surv=25 ex=21 bad=0 hits=0 t=1s
  F3 c6/c3@t0=287: rank[2,2] g=2 src=pari sat=1 tors=4 st=3596 hmax=1199 pr=60 surv=23 ex=21 bad=0 hits=0 t=1s
  F3 c7/c3@t0=287: rank[1,1] g=1 src=pari sat=1 tors=4 st=164 hmax=1156 pr=60 surv=14 ex=8 bad=0 hits=0 t=1s
  F3 c6/c5@t0=287: rank[3,3] g=3 src=pari sat=1 tors=4 st=12004 hmax=440 pr=60 surv=17 ex=15 bad=0 hits=0 t=1s
  F3 c7/c5@t0=287: rank[1,1] g=1 src=pari sat=1 tors=4 st=116 hmax=1186 pr=60 surv=9 ex=7 bad=0 hits=0 t=1s
  F3 c6/c7@t0=287: rank[3,3] g=3 src=pari sat=1 tors=4 st=12004 hmax=440 pr=60 surv=17 ex=13 bad=0 hits=0 t=1s
  F4 c2/c3@t0=287: rank[2,2] g=2 src=pari sat=1 tors=4 st=2932 hmax=1191 pr=60 surv=10 ex=6 bad=0 hits=0 t=1s
  F4 c2/c5@t0=287: rank[2,2] g=2 src=pari+mw sat=1 tors=4 st=508 hmax=1199 pr=60 surv=9 ex=5 bad=0 hits=0 t=1s
  F4 c2/c6@t0=287: rank[2,2] g=2 src=pari sat=1 tors=4 st=3596 hmax=1199 pr=60 surv=26 ex=22 bad=0 hits=0 t=1s
  F4 c2/c7@t0=287: rank[2,2] g=2 src=pari sat=1 tors=4 st=3596 hmax=1199 pr=60 surv=17 ex=13 bad=0 hits=0 t=1s
  F4 c3/c5@t0=287: rank[1,1] g=1 src=pari sat=1 tors=4 st=108 hmax=1035 pr=60 surv=9 ex=5 bad=0 hits=0 t=1s
  F4 c3/c6@t0=287: rank[2,2] g=2 src=pari sat=1 tors=4 st=2932 hmax=1191 pr=60 surv=9 ex=5 bad=0 hits=0 t=1s
  F4 c3/c7@t0=287: rank[1,1] g=1 src=pari sat=1 tors=4 st=108 hmax=1035 pr=60 surv=9 ex=5 bad=0 hits=0 t=1s
  F4 c5/c6@t0=287: rank[1,1] g=1 src=pari sat=1 tors=4 st=164 hmax=1156 pr=60 surv=14 ex=6 bad=0 hits=0 t=1s
  F4 c5/c7@t0=287: rank[3,3] g=3 src=pari sat=1 tors=4 st=11988 hmax=420 pr=60 surv=9 ex=5 bad=0 hits=0 t=1s
  F4 c6/c7@t0=287: rank[3,3] g=3 src=pari sat=1 tors=4 st=12004 hmax=440 pr=60 surv=25 ex=21 bad=0 hits=0 t=1s
== (P,Q)=(343,151) C=70225 SQ
  F1 c0/c2@t0=151: rank[3,3] g=3 src=pari sat=1 tors=4 st=12004 hmax=365 pr=60 surv=18 ex=14 bad=0 hits=0 t=1s
  F1 c0/c3@t0=151: rank[2,2] g=2 src=pari+mw sat=1 tors=4 st=3516 hmax=1198 pr=60 surv=17 ex=13 bad=0 hits=0 t=1s
  F1 c0/c6@t0=151: rank[1,1] g=1 src=pari sat=1 tors=8 st=232 hmax=1087 pr=60 surv=17 ex=13 bad=0 hits=0 t=1s
  F1 c0/c8@t0=151: rank[1,1] g=1 src=pari sat=1 tors=8 st=232 hmax=1105 pr=60 surv=17 ex=13 bad=0 hits=0 t=1s
  F1 c2/c3@t0=151: rank[2,2] g=2 src=pari+mw sat=1 tors=4 st=3516 hmax=1198 pr=60 surv=17 ex=13 bad=0 hits=0 t=1s
  F1 c2/c6@t0=151: rank[3,3] g=3 src=pari sat=1 tors=8 st=24008 hmax=276 pr=60 surv=50 ex=46 bad=0 hits=0 t=1s
  F1 c2/c8@t0=151: rank[3,3] g=3 src=pari sat=1 tors=4 st=12004 hmax=343 pr=60 surv=29 ex=25 bad=0 hits=0 t=1s
  F1 c3/c6@t0=151: rank[2,2] g=2 src=pari sat=1 tors=4 st=3508 hmax=1197 pr=60 surv=25 ex=21 bad=0 hits=0 t=1s
  F1 c3/c8@t0=151: rank[2,2] g=2 src=pari sat=1 tors=4 st=3508 hmax=1197 pr=60 surv=27 ex=23 bad=0 hits=0 t=1s
  F1 c6/c8@t0=151: rank[2,2] g=2 src=pari sat=1 tors=4 st=3748 hmax=1198 pr=60 surv=17 ex=13 bad=0 hits=0 t=1s
  F2 c2/c3@t0=151: rank[3,3] g=3 src=pari sat=1 tors=4 st=12004 hmax=365 pr=60 surv=18 ex=14 bad=0 hits=0 t=1s
  F2 c2/c5@t0=151: rank[3,3] g=3 src=pari sat=1 tors=4 st=12004 hmax=365 pr=60 surv=19 ex=15 bad=0 hits=0 t=1s
  F2 c2/c6@t0=151: rank[3,3] g=3 src=pari sat=3 tors=4 st=12004 hmax=310 pr=60 surv=22 ex=18 bad=0 hits=0 t=1s
  F2 c2/c8@t0=151: rank[3,3] g=3 src=pari sat=3 tors=4 st=12004 hmax=310 pr=60 surv=22 ex=18 bad=0 hits=0 t=1s
  F2 c3/c5@t0=151: rank[2,2] g=2 src=pari+mw sat=1 tors=4 st=3516 hmax=1198 pr=60 surv=17 ex=13 bad=0 hits=0 t=1s
  F2 c3/c6@t0=151: rank[3,3] g=3 src=pari sat=1 tors=4 st=12004 hmax=343 pr=60 surv=48 ex=44 bad=0 hits=0 t=1s
  F2 c3/c8@t0=151: rank[3,3] g=3 src=pari sat=1 tors=8 st=24008 hmax=276 pr=60 surv=51 ex=47 bad=0 hits=0 t=1s
  F2 c5/c6@t0=151: rank[1,1] g=1 src=pari sat=1 tors=8 st=232 hmax=1087 pr=60 surv=17 ex=13 bad=0 hits=0 t=1s
  F2 c5/c8@t0=151: rank[1,1] g=1 src=pari sat=1 tors=8 st=232 hmax=1105 pr=60 surv=17 ex=13 bad=0 hits=0 t=1s
  F2 c6/c8@t0=151: rank[2,2] g=2 src=pari sat=1 tors=4 st=3596 hmax=1199 pr=60 surv=17 ex=13 bad=0 hits=0 t=1s
  F3 c1/c3@t0=151: rank[1,1] g=1 src=pari sat=1 tors=4 st=116 hmax=1160 pr=60 surv=9 ex=7 bad=0 hits=0 t=1s
  F3 c1/c5@t0=151: rank[2,2] g=2 src=pari sat=1 tors=4 st=1180 hmax=1185 pr=60 surv=9 ex=7 bad=0 hits=0 t=1s
  F3 c1/c6@t0=151: rank[3,3] g=3 src=pari sat=3 tors=4 st=12004 hmax=310 pr=60 surv=17 ex=13 bad=0 hits=0 t=1s
  F3 c1/c7@t0=151: rank[3,3] g=3 src=pari sat=3 tors=4 st=12004 hmax=310 pr=60 surv=22 ex=18 bad=0 hits=0 t=1s
  F3 c3/c5@t0=265: rank[2,2] g=2 src=pari sat=1 tors=4 st=3596 hmax=1199 pr=60 surv=17 ex=13 bad=0 hits=0 t=1s
  F3 c6/c3@t0=151: rank[3,3] g=3 src=pari sat=3 tors=4 st=12004 hmax=310 pr=60 surv=19 ex=17 bad=0 hits=0 t=1s
  F3 c7/c3@t0=151: rank[1,1] g=1 src=pari sat=1 tors=4 st=164 hmax=1141 pr=60 surv=21 ex=15 bad=0 hits=0 t=1s
  F3 c6/c5@t0=151: rank[2,2] g=2 src=pari sat=1 tors=4 st=3596 hmax=1199 pr=60 surv=17 ex=15 bad=0 hits=0 t=1s
  F3 c7/c5@t0=151: rank[2,2] g=2 src=pari sat=1 tors=4 st=1076 hmax=1187 pr=60 surv=11 ex=9 bad=0 hits=0 t=1s
  F3 c6/c7@t0=151: rank[2,2] g=2 src=pari sat=1 tors=4 st=3596 hmax=1199 pr=60 surv=17 ex=13 bad=0 hits=0 t=1s
  F4 c2/c3@t0=151: rank[1,1] g=1 src=pari sat=1 tors=4 st=116 hmax=1160 pr=60 surv=9 ex=5 bad=0 hits=0 t=1s
  F4 c2/c5@t0=151: rank[2,2] g=2 src=pari sat=1 tors=4 st=1180 hmax=1185 pr=60 surv=9 ex=5 bad=0 hits=0 t=1s
  F4 c2/c6@t0=151: rank[3,3] g=3 src=pari sat=3 tors=4 st=12004 hmax=310 pr=60 surv=17 ex=13 bad=0 hits=0 t=1s
  F4 c2/c7@t0=151: rank[3,3] g=3 src=pari sat=3 tors=4 st=12004 hmax=310 pr=60 surv=26 ex=22 bad=0 hits=0 t=1s
  F4 c3/c5@t0=151: rank[1,1] g=1 src=pari sat=1 tors=4 st=108 hmax=1045 pr=60 surv=9 ex=5 bad=0 hits=0 t=1s
  F4 c3/c6@t0=151: rank[1,1] g=1 src=pari sat=1 tors=4 st=116 hmax=1160 pr=60 surv=9 ex=5 bad=0 hits=0 t=1s
  F4 c3/c7@t0=151: rank[1,1] g=1 src=pari sat=1 tors=4 st=108 hmax=1045 pr=60 surv=9 ex=5 bad=0 hits=0 t=1s
  F4 c5/c6@t0=151: rank[1,1] g=1 src=pari sat=1 tors=4 st=164 hmax=1141 pr=60 surv=21 ex=13 bad=0 hits=0 t=1s
  F4 c5/c7@t0=151: rank[1,1] g=1 src=pari sat=1 tors=4 st=116 hmax=1160 pr=60 surv=9 ex=5 bad=0 hits=0 t=1s
  F4 c6/c7@t0=151: rank[2,2] g=2 src=pari sat=1 tors=4 st=3596 hmax=1199 pr=60 surv=17 ex=13 bad=0 hits=0 t=1s
== (P,Q)=(353,217) C=85849 SQ
  F1 c0/c2@t0=217: rank[4,4] g=4 src=pari sat=1 tors=4 st=11972 hmax=105 pr=60 surv=34 ex=30 bad=0 hits=0 t=1s
  F1 c0/c3@t0=217: rank[3,3] g=3 src=pari sat=1 tors=4 st=12004 hmax=404 pr=60 surv=17 ex=13 bad=0 hits=0 t=1s
  F1 c0/c6@t0=217: rank[1,1] g=1 src=pari sat=1 tors=8 st=232 hmax=1111 pr=60 surv=17 ex=13 bad=0 hits=0 t=1s
  F1 c0/c8@t0=217: rank[1,1] g=1 src=pari sat=1 tors=8 st=232 hmax=1122 pr=60 surv=17 ex=13 bad=0 hits=0 t=1s
  F1 c2/c3@t0=217: rank[3,3] g=3 src=pari sat=1 tors=4 st=12004 hmax=404 pr=60 surv=17 ex=13 bad=0 hits=0 t=1s
  F1 c2/c6@t0=217: rank[2,2] g=2 src=pari sat=1 tors=8 st=2872 hmax=1199 pr=60 surv=17 ex=13 bad=0 hits=0 t=1s
  F1 c2/c8@t0=217: rank[2,2] g=2 src=pari sat=1 tors=4 st=2940 hmax=1199 pr=60 surv=26 ex=22 bad=0 hits=0 t=1s
  F1 c3/c6@t0=217: rank[2,2] g=2 src=pari+mw sat=1 tors=4 st=3460 hmax=1198 pr=60 surv=17 ex=13 bad=0 hits=0 t=1s
  F1 c3/c8@t0=217: rank[2,2] g=2 src=pari+mw sat=1 tors=4 st=3460 hmax=1198 pr=60 surv=17 ex=13 bad=0 hits=0 t=1s
  F1 c6/c8@t0=217: rank[4,4] g=4 src=pari sat=1 tors=4 st=12004 hmax=144 pr=60 surv=33 ex=29 bad=0 hits=0 t=1s
  F2 c2/c3@t0=217: rank[4,4] g=4 src=pari sat=1 tors=4 st=11972 hmax=105 pr=60 surv=34 ex=30 bad=0 hits=0 t=1s
  F2 c2/c5@t0=217: rank[4,4] g=4 src=pari sat=1 tors=4 st=11972 hmax=105 pr=60 surv=33 ex=29 bad=0 hits=0 t=1s
  F2 c2/c6@t0=217: rank[4,4] g=4 src=pari sat=1 tors=4 st=12004 hmax=110 pr=60 surv=33 ex=29 bad=0 hits=0 t=1s
  F2 c2/c8@t0=217: rank[4,4] g=4 src=pari sat=1 tors=4 st=12004 hmax=110 pr=60 surv=30 ex=26 bad=0 hits=0 t=1s
  F2 c3/c5@t0=217: rank[3,3] g=3 src=pari sat=1 tors=4 st=12004 hmax=404 pr=60 surv=17 ex=13 bad=0 hits=0 t=1s
  F2 c3/c6@t0=217: rank[2,2] g=2 src=pari sat=1 tors=4 st=2940 hmax=1199 pr=60 surv=25 ex=21 bad=0 hits=0 t=1s
  F2 c3/c8@t0=217: rank[2,2] g=2 src=pari sat=1 tors=8 st=2872 hmax=1199 pr=60 surv=17 ex=13 bad=0 hits=0 t=1s
  F2 c5/c6@t0=217: rank[1,1] g=1 src=pari sat=1 tors=8 st=232 hmax=1111 pr=60 surv=17 ex=13 bad=0 hits=0 t=1s
  F2 c5/c8@t0=217: rank[1,1] g=1 src=pari sat=1 tors=8 st=232 hmax=1122 pr=60 surv=17 ex=13 bad=0 hits=0 t=1s
  F2 c6/c8@t0=217: rank[3,3] g=3 src=pari sat=1 tors=4 st=11964 hmax=401 pr=60 surv=49 ex=45 bad=0 hits=0 t=1s
  F3 c1/c3@t0=217: rank[3,3] g=3 src=pari sat=1 tors=4 st=12004 hmax=424 pr=60 surv=10 ex=8 bad=0 hits=0 t=1s
  F3 c1/c5@t0=217: rank[3,3] g=3 src=pari sat=1 tors=4 st=12004 hmax=899 pr=60 surv=11 ex=9 bad=0 hits=0 t=1s
  F3 c1/c6@t0=217: rank[4,4] g=4 src=pari sat=1 tors=4 st=12004 hmax=110 pr=60 surv=27 ex=23 bad=0 hits=0 t=1s
  F3 c1/c7@t0=217: rank[4,4] g=4 src=pari sat=1 tors=4 st=12004 hmax=110 pr=60 surv=21 ex=17 bad=0 hits=0 t=1s
  F3 c3/c5@t0=293: rank[3,3] g=3 src=pari sat=1 tors=4 st=11964 hmax=401 pr=60 surv=41 ex=37 bad=0 hits=0 t=1s
  F3 c6/c3@t0=217: rank[4,4] g=4 src=pari sat=1 tors=4 st=12004 hmax=110 pr=60 surv=25 ex=23 bad=0 hits=0 t=1s
  F3 c7/c3@t0=217: rank[2,2] g=2 src=pari sat=1 tors=4 st=4748 hmax=1199 pr=60 surv=31 ex=25 bad=0 hits=0 t=1s
  F3 c6/c5@t0=217: rank[3,3] g=3 src=pari sat=1 tors=4 st=11964 hmax=401 pr=60 surv=46 ex=44 bad=0 hits=0 t=1s
  F3 c7/c5@t0=217: rank[1,1] g=1 src=pari sat=1 tors=4 st=116 hmax=1192 pr=60 surv=10 ex=8 bad=0 hits=0 t=1s
  F3 c6/c7@t0=217: rank[3,3] g=3 src=pari sat=1 tors=4 st=11964 hmax=401 pr=60 surv=46 ex=42 bad=0 hits=0 t=1s
  F4 c2/c3@t0=217: rank[3,3] g=3 src=pari sat=1 tors=4 st=12004 hmax=424 pr=60 surv=10 ex=6 bad=0 hits=0 t=1s
  F4 c2/c5@t0=217: rank[3,3] g=3 src=pari sat=1 tors=4 st=12004 hmax=899 pr=60 surv=11 ex=7 bad=0 hits=0 t=1s
  F4 c2/c6@t0=217: rank[4,4] g=4 src=pari sat=1 tors=4 st=12004 hmax=110 pr=60 surv=23 ex=19 bad=0 hits=0 t=1s
  F4 c2/c7@t0=217: rank[4,4] g=4 src=pari sat=1 tors=4 st=12004 hmax=110 pr=60 surv=17 ex=13 bad=0 hits=0 t=1s
  F4 c3/c5@t0=217: rank[2,2] g=2 src=pari sat=1 tors=4 st=1564 hmax=1198 pr=60 surv=9 ex=5 bad=0 hits=0 t=1s
  F4 c3/c6@t0=217: rank[3,3] g=3 src=pari sat=1 tors=4 st=12004 hmax=424 pr=60 surv=10 ex=6 bad=0 hits=0 t=1s
  F4 c3/c7@t0=217: rank[2,2] g=2 src=pari sat=1 tors=4 st=1564 hmax=1198 pr=60 surv=9 ex=5 bad=0 hits=0 t=1s
  F4 c5/c6@t0=217: rank[2,2] g=2 src=pari sat=1 tors=4 st=4748 hmax=1199 pr=60 surv=24 ex=16 bad=0 hits=0 t=1s
  F4 c5/c7@t0=217: rank[1,1] g=1 src=pari sat=1 tors=4 st=116 hmax=1177 pr=60 surv=9 ex=5 bad=0 hits=0 t=1s
  F4 c6/c7@t0=217: rank[3,3] g=3 src=pari sat=1 tors=4 st=11964 hmax=401 pr=60 surv=41 ex=37 bad=0 hits=0 t=1s
== (P,Q)=(359,287) C=105625 SQ
  F1 c0/c2@t0=287: rank[3,3] g=3 src=pari sat=3 tors=4 st=12004 hmax=454 pr=60 surv=18 ex=14 bad=0 hits=0 t=1s
  F1 c0/c3@t0=287: rank[3,3] g=3 src=pari sat=3 tors=4 st=11932 hmax=349 pr=60 surv=27 ex=23 bad=0 hits=0 t=1s
  F1 c0/c6@t0=287: rank[2,2] g=2 src=pari sat=1 tors=8 st=3608 hmax=1199 pr=60 surv=29 ex=25 bad=0 hits=0 t=1s
  F1 c0/c8@t0=287: rank[1,1] g=1 src=pari sat=1 tors=8 st=232 hmax=1139 pr=60 surv=17 ex=13 bad=0 hits=0 t=1s
  F1 c2/c3@t0=287: rank[3,3] g=3 src=pari sat=3 tors=4 st=11932 hmax=349 pr=60 surv=26 ex=22 bad=0 hits=0 t=1s
  F1 c2/c6@t0=287: rank[1,1] g=1 src=pari sat=1 tors=8 st=232 hmax=1128 pr=60 surv=17 ex=13 bad=0 hits=0 t=1s
  F1 c2/c8@t0=287: rank[3,3] g=3 src=pari sat=1 tors=4 st=12004 hmax=477 pr=60 surv=42 ex=38 bad=0 hits=0 t=1s
  F1 c3/c6@t0=287: rank[3,3] g=3 src=pari sat=1 tors=4 st=11996 hmax=612 pr=60 surv=49 ex=45 bad=0 hits=0 t=1s
  F1 c3/c8@t0=287: rank[3,3] g=3 src=pari sat=1 tors=4 st=11996 hmax=612 pr=60 surv=56 ex=52 bad=0 hits=0 t=1s
  F1 c6/c8@t0=287: rank[2,2] g=2 src=pari+mw sat=1 tors=4 st=3668 hmax=1189 pr=60 surv=18 ex=14 bad=0 hits=0 t=69s
  F2 c2/c3@t0=287: rank[3,3] g=3 src=pari sat=3 tors=4 st=12004 hmax=454 pr=60 surv=18 ex=14 bad=0 hits=0 t=1s
  F2 c2/c5@t0=287: rank[3,3] g=3 src=pari sat=3 tors=4 st=12004 hmax=454 pr=60 surv=19 ex=15 bad=0 hits=0 t=1s
  F2 c2/c6@t0=287: rank[2,2] g=2 src=pari sat=1 tors=4 st=3548 hmax=1199 pr=60 surv=17 ex=13 bad=0 hits=0 t=1s
  F2 c2/c8@t0=287: rank[2,2] g=2 src=pari sat=1 tors=4 st=3548 hmax=1199 pr=60 surv=17 ex=13 bad=0 hits=0 t=1s
  F2 c3/c5@t0=287: rank[3,3] g=3 src=pari sat=3 tors=4 st=11932 hmax=349 pr=60 surv=26 ex=22 bad=0 hits=0 t=1s
  F2 c3/c6@t0=287: rank[3,3] g=3 src=pari sat=1 tors=4 st=12004 hmax=477 pr=60 surv=42 ex=38 bad=0 hits=0 t=1s
  F2 c3/c8@t0=287: rank[1,1] g=1 src=pari sat=1 tors=8 st=232 hmax=1128 pr=60 surv=17 ex=13 bad=0 hits=0 t=1s
  F2 c5/c6@t0=287: rank[2,2] g=2 src=pari sat=1 tors=8 st=3608 hmax=1199 pr=60 surv=37 ex=33 bad=0 hits=0 t=1s
  F2 c5/c8@t0=287: rank[1,1] g=1 src=pari sat=1 tors=8 st=232 hmax=1139 pr=60 surv=17 ex=13 bad=0 hits=0 t=1s
  F2 c6/c8@t0=287: rank[3,3] g=3 src=pari sat=1 tors=4 st=11964 hmax=268 pr=60 surv=25 ex=21 bad=0 hits=0 t=1s
  F3 c1/c3@t0=287: rank[1,1] g=1 src=pari sat=1 tors=4 st=116 hmax=1191 pr=60 surv=9 ex=7 bad=0 hits=0 t=1s
  F3 c1/c5@t0=287: rank[1,1] g=1 src=pari sat=1 tors=4 st=84 hmax=1192 pr=60 surv=9 ex=7 bad=0 hits=0 t=1s
  F3 c1/c6@t0=287: rank[2,2] g=2 src=pari sat=1 tors=4 st=3548 hmax=1199 pr=60 surv=17 ex=13 bad=0 hits=0 t=1s
  F3 c1/c7@t0=287: rank[2,2] g=2 src=pari sat=1 tors=4 st=3548 hmax=1199 pr=60 surv=25 ex=21 bad=0 hits=0 t=1s
  F3 c3/c5@t0=325: rank[3,3] g=3 src=pari sat=1 tors=4 st=11964 hmax=268 pr=60 surv=17 ex=13 bad=0 hits=0 t=1s
  F3 c6/c3@t0=287: rank[2,2] g=2 src=pari sat=1 tors=4 st=3548 hmax=1199 pr=60 surv=17 ex=15 bad=0 hits=0 t=1s
  F3 c7/c3@t0=287: rank[1,1] g=1 src=pari sat=1 tors=4 st=164 hmax=1166 pr=60 surv=14 ex=8 bad=0 hits=0 t=1s
  F3 c6/c5@t0=287: rank[3,3] g=3 src=pari sat=1 tors=4 st=11964 hmax=268 pr=60 surv=17 ex=15 bad=0 hits=0 t=1s
  F3 c7/c5@t0=287: rank[1,1] g=1 src=pari sat=1 tors=4 st=116 hmax=1198 pr=60 surv=9 ex=7 bad=0 hits=0 t=1s
  F3 c6/c7@t0=287: rank[3,3] g=3 src=pari sat=1 tors=4 st=11964 hmax=268 pr=60 surv=17 ex=13 bad=0 hits=0 t=1s
  F4 c2/c3@t0=287: rank[1,1] g=1 src=pari sat=1 tors=4 st=116 hmax=1191 pr=60 surv=9 ex=5 bad=0 hits=0 t=1s
  F4 c2/c5@t0=287: rank[1,1] g=1 src=pari sat=1 tors=4 st=84 hmax=1192 pr=60 surv=9 ex=5 bad=0 hits=0 t=1s
  F4 c2/c6@t0=287: rank[2,2] g=2 src=pari sat=1 tors=4 st=3548 hmax=1199 pr=60 surv=17 ex=13 bad=0 hits=0 t=1s
  F4 c2/c7@t0=287: rank[2,2] g=2 src=pari sat=1 tors=4 st=3548 hmax=1199 pr=60 surv=25 ex=21 bad=0 hits=0 t=1s
  F4 c3/c5@t0=287: rank[1,1] g=1 src=pari sat=1 tors=4 st=108 hmax=1048 pr=60 surv=9 ex=5 bad=0 hits=0 t=1s
  F4 c3/c6@t0=287: rank[1,1] g=1 src=pari sat=1 tors=4 st=116 hmax=1191 pr=60 surv=9 ex=5 bad=0 hits=0 t=1s
  F4 c3/c7@t0=287: rank[1,1] g=1 src=pari sat=1 tors=4 st=108 hmax=1048 pr=60 surv=9 ex=5 bad=0 hits=0 t=1s
  F4 c5/c6@t0=287: rank[1,1] g=1 src=pari sat=1 tors=4 st=164 hmax=1166 pr=60 surv=14 ex=6 bad=0 hits=0 t=1s
  F4 c5/c7@t0=287: rank[2,2] g=2 src=pari sat=1 tors=4 st=1796 hmax=1193 pr=60 surv=17 ex=13 bad=0 hits=0 t=1s
  F4 c6/c7@t0=287: rank[3,3] g=3 src=pari sat=1 tors=4 st=11964 hmax=268 pr=60 surv=17 ex=13 bad=0 hits=0 t=1s
== (P,Q)=(367,137) C=76729 SQ
  F1 c0/c2@t0=137: rank[4,4] g=4 src=pari sat=1 tors=4 st=11900 hmax=109 pr=60 surv=21 ex=17 bad=0 hits=0 t=1s
  F1 c0/c3@t0=137: rank[3,3] g=3 src=pari sat=1 tors=4 st=12004 hmax=369 pr=60 surv=25 ex=21 bad=0 hits=0 t=1s
  F1 c0/c6@t0=137: rank[1,1] g=1 src=pari sat=1 tors=8 st=232 hmax=1093 pr=60 surv=17 ex=13 bad=0 hits=0 t=1s
  F1 c0/c8@t0=137: rank[2,2] g=2 src=pari sat=1 tors=8 st=2584 hmax=1198 pr=60 surv=17 ex=13 bad=0 hits=0 t=1s
  F1 c2/c3@t0=137: rank[3,3] g=3 src=pari sat=1 tors=4 st=12004 hmax=369 pr=60 surv=25 ex=21 bad=0 hits=0 t=1s
  F1 c2/c6@t0=137: rank[1,1] g=1 src=pari sat=1 tors=8 st=232 hmax=1079 pr=60 surv=17 ex=13 bad=0 hits=0 t=1s
  F1 c2/c8@t0=137: rank[3,3] g=3 src=pari sat=1 tors=4 st=12004 hmax=414 pr=60 surv=21 ex=17 bad=0 hits=0 t=1s
  F1 c3/c6@t0=137: rank[2,2] g=2 src=pari sat=1 tors=4 st=3476 hmax=1197 pr=60 surv=17 ex=13 bad=0 hits=0 t=1s
  F1 c3/c8@t0=137: rank[2,2] g=2 src=pari sat=1 tors=4 st=3476 hmax=1197 pr=60 surv=18 ex=14 bad=0 hits=0 t=1s
  F1 c6/c8@t0=137: rank[3,3] g=3 src=pari sat=1 tors=4 st=11956 hmax=583 pr=60 surv=26 ex=22 bad=0 hits=0 t=1s
  F2 c2/c3@t0=137: rank[4,4] g=4 src=pari sat=3 tors=4 st=11900 hmax=109 pr=60 surv=29 ex=25 bad=0 hits=0 t=1s
  F2 c2/c5@t0=137: rank[4,4] g=4 src=pari sat=3 tors=4 st=11900 hmax=109 pr=60 surv=29 ex=25 bad=0 hits=0 t=1s
  F2 c2/c6@t0=137: rank[3,3] g=3 src=pari sat=1 tors=4 st=12004 hmax=433 pr=60 surv=19 ex=15 bad=0 hits=0 t=1s
  F2 c2/c8@t0=137: rank[3,3] g=3 src=pari sat=1 tors=4 st=12004 hmax=433 pr=60 surv=20 ex=16 bad=0 hits=0 t=1s
  F2 c3/c5@t0=137: rank[3,3] g=3 src=pari sat=1 tors=4 st=12004 hmax=369 pr=60 surv=25 ex=21 bad=0 hits=0 t=1s
  F2 c3/c6@t0=137: rank[3,3] g=3 src=pari sat=1 tors=4 st=12004 hmax=414 pr=60 surv=21 ex=17 bad=0 hits=0 t=1s
  F2 c3/c8@t0=137: rank[1,1] g=1 src=pari sat=1 tors=8 st=232 hmax=1079 pr=60 surv=17 ex=13 bad=0 hits=0 t=1s
  F2 c5/c6@t0=137: rank[1,1] g=1 src=pari sat=1 tors=8 st=232 hmax=1093 pr=60 surv=17 ex=13 bad=0 hits=0 t=1s
  F2 c5/c8@t0=137: rank[2,2] g=2 src=pari sat=1 tors=8 st=2584 hmax=1198 pr=60 surv=17 ex=13 bad=0 hits=0 t=1s
  F2 c6/c8@t0=137: rank[3,3] g=3 src=pari sat=1 tors=4 st=12004 hmax=389 pr=60 surv=17 ex=13 bad=0 hits=0 t=1s
  F3 c1/c3@t0=137: rank[1,1] g=1 src=pari sat=1 tors=4 st=116 hmax=1169 pr=60 surv=9 ex=7 bad=0 hits=0 t=1s
  F3 c1/c5@t0=137: rank[1,1] g=1 src=pari sat=1 tors=4 st=84 hmax=1163 pr=60 surv=9 ex=7 bad=0 hits=0 t=1s
  F3 c1/c6@t0=137: rank[3,3] g=3 src=pari sat=1 tors=4 st=12004 hmax=433 pr=60 surv=18 ex=14 bad=0 hits=0 t=1s
  F3 c1/c7@t0=137: rank[3,3] g=3 src=pari sat=1 tors=4 st=12004 hmax=433 pr=60 surv=22 ex=18 bad=0 hits=0 t=1s
  F3 c3/c5@t0=277: rank[3,3] g=3 src=pari sat=1 tors=4 st=12004 hmax=389 pr=60 surv=17 ex=13 bad=0 hits=0 t=1s
  F3 c6/c3@t0=137: rank[3,3] g=3 src=pari sat=1 tors=4 st=12004 hmax=433 pr=60 surv=17 ex=15 bad=0 hits=0 t=1s
  F3 c7/c3@t0=137: rank[2,2] g=2 src=pari sat=1 tors=4 st=4156 hmax=1199 pr=60 surv=29 ex=23 bad=0 hits=0 t=1s
  F3 c6/c5@t0=137: rank[3,3] g=3 src=pari sat=1 tors=4 st=12004 hmax=389 pr=60 surv=27 ex=25 bad=0 hits=0 t=1s
  F3 c7/c5@t0=137: rank[2,2] g=2 src=pari sat=1 tors=4 st=2268 hmax=1195 pr=60 surv=17 ex=15 bad=0 hits=0 t=1s
  F3 c6/c7@t0=137: rank[3,3] g=3 src=pari sat=1 tors=4 st=12004 hmax=389 pr=60 surv=27 ex=23 bad=0 hits=0 t=1s
  F4 c2/c3@t0=137: rank[1,1] g=1 src=pari sat=1 tors=4 st=116 hmax=1169 pr=60 surv=9 ex=5 bad=0 hits=0 t=1s
  F4 c2/c5@t0=137: rank[1,1] g=1 src=pari sat=1 tors=4 st=84 hmax=1163 pr=60 surv=9 ex=5 bad=0 hits=0 t=1s
  F4 c2/c6@t0=137: rank[3,3] g=3 src=pari sat=1 tors=4 st=12004 hmax=433 pr=60 surv=17 ex=13 bad=0 hits=0 t=1s
  F4 c2/c7@t0=137: rank[3,3] g=3 src=pari sat=1 tors=4 st=12004 hmax=433 pr=60 surv=18 ex=14 bad=0 hits=0 t=1s
  F4 c3/c5@t0=137: rank[2,2] g=2 src=pari sat=1 tors=4 st=2468 hmax=1199 pr=60 surv=9 ex=5 bad=0 hits=0 t=1s
  F4 c3/c6@t0=137: rank[1,1] g=1 src=pari sat=1 tors=4 st=116 hmax=1169 pr=60 surv=9 ex=5 bad=0 hits=0 t=1s
  F4 c3/c7@t0=137: rank[2,2] g=2 src=pari sat=1 tors=4 st=2468 hmax=1199 pr=60 surv=9 ex=5 bad=0 hits=0 t=1s
  F4 c5/c6@t0=137: rank[2,2] g=2 src=pari sat=1 tors=4 st=4156 hmax=1199 pr=60 surv=29 ex=21 bad=0 hits=0 t=1s
  F4 c5/c7@t0=137: rank[1,3] g=1 INC src=pari+mw sat=1 tors=4 st=116 hmax=1169 pr=60 surv=9 ex=5 bad=0 hits=0 t=29s
  F4 c6/c7@t0=137: rank[3,3] g=3 src=pari sat=1 tors=4 st=12004 hmax=389 pr=60 surv=17 ex=13 bad=0 hits=0 t=1s
== (P,Q)=(383,233) C=100489 SQ
  F1 c0/c2@t0=233: rank[2,2] g=2 src=pari sat=1 tors=4 st=3772 hmax=1198 pr=60 surv=17 ex=13 bad=0 hits=0 t=1s
  F1 c0/c3@t0=233: rank[3,3] g=3 src=pari sat=1 tors=4 st=12004 hmax=411 pr=60 surv=18 ex=14 bad=0 hits=0 t=1s
  F1 c0/c6@t0=233: rank[1,1] g=1 src=pari sat=1 tors=8 st=232 hmax=1126 pr=60 surv=17 ex=13 bad=0 hits=0 t=1s
  F1 c0/c8@t0=233: rank[2,2] g=2 src=pari sat=1 tors=8 st=2776 hmax=1187 pr=60 surv=18 ex=14 bad=0 hits=0 t=1s
  F1 c2/c3@t0=233: rank[3,3] g=3 src=pari sat=1 tors=4 st=12004 hmax=411 pr=60 surv=19 ex=15 bad=0 hits=0 t=1s
  F1 c2/c6@t0=233: rank[1,1] g=1 src=pari sat=1 tors=8 st=232 hmax=1116 pr=60 surv=17 ex=13 bad=0 hits=0 t=1s
  F1 c2/c8@t0=233: rank[3,3] g=3 src=pari sat=1 tors=4 st=11972 hmax=405 pr=60 surv=30 ex=26 bad=0 hits=0 t=1s
  F1 c3/c6@t0=233: rank[2,2] g=2 src=pari+mw sat=1 tors=4 st=3420 hmax=1198 pr=60 surv=17 ex=13 bad=0 hits=0 t=1s
  F1 c3/c8@t0=233: rank[2,2] g=2 src=pari+mw sat=1 tors=4 st=3420 hmax=1198 pr=60 surv=18 ex=14 bad=0 hits=0 t=1s
  F1 c6/c8@t0=233: rank[3,3] g=3 src=pari sat=1 tors=4 st=11948 hmax=447 pr=60 surv=34 ex=30 bad=0 hits=0 t=1s
  F2 c2/c3@t0=233: rank[2,2] g=2 src=pari sat=1 tors=4 st=3772 hmax=1198 pr=60 surv=17 ex=13 bad=0 hits=0 t=1s
  F2 c2/c5@t0=233: rank[2,2] g=2 src=pari sat=1 tors=4 st=3772 hmax=1198 pr=60 surv=17 ex=13 bad=0 hits=0 t=1s
  F2 c2/c6@t0=233: rank[2,2] g=2 src=pari sat=1 tors=4 st=3580 hmax=1196 pr=60 surv=18 ex=14 bad=0 hits=0 t=1s
  F2 c2/c8@t0=233: rank[2,2] g=2 src=pari sat=1 tors=4 st=3580 hmax=1196 pr=60 surv=17 ex=13 bad=0 hits=0 t=1s
  F2 c3/c5@t0=233: rank[3,3] g=3 src=pari sat=1 tors=4 st=12004 hmax=411 pr=60 surv=18 ex=14 bad=0 hits=0 t=1s
  F2 c3/c6@t0=233: rank[3,3] g=3 src=pari sat=1 tors=4 st=11972 hmax=405 pr=60 surv=33 ex=29 bad=0 hits=0 t=1s
  F2 c3/c8@t0=233: rank[1,1] g=1 src=pari sat=1 tors=8 st=232 hmax=1116 pr=60 surv=17 ex=13 bad=0 hits=0 t=1s
  F2 c5/c6@t0=233: rank[1,1] g=1 src=pari sat=1 tors=8 st=232 hmax=1126 pr=60 surv=17 ex=13 bad=0 hits=0 t=1s
  F2 c5/c8@t0=233: rank[2,2] g=2 src=pari sat=1 tors=8 st=2776 hmax=1187 pr=60 surv=18 ex=14 bad=0 hits=0 t=1s
  F2 c6/c8@t0=233: rank[2,2] g=2 src=pari sat=1 tors=4 st=3500 hmax=1199 pr=60 surv=17 ex=13 bad=0 hits=0 t=1s
  F3 c1/c3@t0=233: rank[2,2] g=2 src=pari sat=1 tors=4 st=2940 hmax=1200 pr=60 surv=9 ex=7 bad=0 hits=0 t=1s
  F3 c1/c5@t0=233: rank[2,2] g=2 src=pari sat=1 tors=4 st=1620 hmax=1200 pr=60 surv=9 ex=7 bad=0 hits=0 t=1s
  F3 c1/c6@t0=233: rank[2,2] g=2 src=pari sat=1 tors=4 st=3580 hmax=1196 pr=60 surv=17 ex=13 bad=0 hits=0 t=1s
  F3 c1/c7@t0=233: rank[2,2] g=2 src=pari sat=1 tors=4 st=3580 hmax=1196 pr=60 surv=17 ex=13 bad=0 hits=0 t=1s
  F3 c3/c5@t0=317: rank[2,2] g=2 src=pari sat=1 tors=4 st=3500 hmax=1199 pr=60 surv=26 ex=22 bad=0 hits=0 t=1s
  F3 c6/c3@t0=233: rank[2,2] g=2 src=pari sat=1 tors=4 st=3580 hmax=1196 pr=60 surv=17 ex=15 bad=0 hits=0 t=1s
  F3 c7/c3@t0=233: rank[1,1] g=1 src=pari sat=1 tors=4 st=164 hmax=1170 pr=60 surv=13 ex=7 bad=0 hits=0 t=1s
  F3 c6/c5@t0=233: rank[2,2] g=2 src=pari sat=1 tors=4 st=3500 hmax=1199 pr=60 surv=17 ex=15 bad=0 hits=0 t=1s
  F3 c7/c5@t0=233: rank[1,1] g=1 src=pari sat=1 tors=4 st=108 hmax=1041 pr=60 surv=9 ex=7 bad=0 hits=0 t=1s
  F3 c6/c7@t0=233: rank[2,2] g=2 src=pari sat=1 tors=4 st=3500 hmax=1199 pr=60 surv=17 ex=13 bad=0 hits=0 t=1s
  F4 c2/c3@t0=233: rank[2,2] g=2 src=pari sat=1 tors=4 st=2940 hmax=1200 pr=60 surv=9 ex=5 bad=0 hits=0 t=1s
  F4 c2/c5@t0=233: rank[2,2] g=2 src=pari sat=1 tors=4 st=1620 hmax=1200 pr=60 surv=9 ex=5 bad=0 hits=0 t=1s
  F4 c2/c6@t0=233: rank[2,2] g=2 src=pari sat=1 tors=4 st=3580 hmax=1196 pr=60 surv=17 ex=13 bad=0 hits=0 t=1s
  F4 c2/c7@t0=233: rank[2,2] g=2 src=pari sat=1 tors=4 st=3580 hmax=1196 pr=60 surv=17 ex=13 bad=0 hits=0 t=1s
  F4 c3/c5@t0=233: rank[1,1] g=1 src=pari sat=1 tors=4 st=108 hmax=1062 pr=60 surv=9 ex=5 bad=0 hits=0 t=1s
  F4 c3/c6@t0=233: rank[2,2] g=2 src=pari sat=1 tors=4 st=2940 hmax=1200 pr=60 surv=9 ex=5 bad=0 hits=0 t=1s
  F4 c3/c7@t0=233: rank[1,1] g=1 src=pari sat=1 tors=4 st=108 hmax=1062 pr=60 surv=9 ex=5 bad=0 hits=0 t=1s
  F4 c5/c6@t0=233: rank[1,1] g=1 src=pari sat=1 tors=4 st=164 hmax=1170 pr=60 surv=13 ex=5 bad=0 hits=0 t=1s
  F4 c5/c7@t0=233: rank[2,2] g=2 src=pari sat=1 tors=4 st=1340 hmax=1193 pr=60 surv=10 ex=6 bad=0 hits=0 t=1s
  F4 c6/c7@t0=233: rank[2,2] g=2 src=pari sat=1 tors=4 st=3500 hmax=1199 pr=60 surv=26 ex=22 bad=0 hits=0 t=1s
== (P,Q)=(391,71) C=78961 SQ
  F1 c0/c2@t0=71: rank[2,2] g=2 src=pari sat=1 tors=4 st=3900 hmax=1196 pr=60 surv=17 ex=13 bad=0 hits=0 t=1s
  F1 c0/c3@t0=71: rank[2,2] g=2 src=pari sat=1 tors=4 st=3492 hmax=1199 pr=60 surv=17 ex=13 bad=0 hits=0 t=1s
  F1 c0/c6@t0=71: rank[2,2] g=2 src=pari sat=1 tors=8 st=6104 hmax=1199 pr=60 surv=25 ex=21 bad=0 hits=0 t=1s
  F1 c0/c8@t0=71: rank[2,2] g=2 src=pari sat=1 tors=8 st=2456 hmax=1164 pr=60 surv=18 ex=14 bad=0 hits=0 t=1s
  F1 c2/c3@t0=71: rank[2,2] g=2 src=pari sat=1 tors=4 st=3492 hmax=1199 pr=60 surv=17 ex=13 bad=0 hits=0 t=1s
  F1 c2/c6@t0=71: rank[2,2] g=2 src=pari sat=1 tors=8 st=4248 hmax=1199 pr=60 surv=27 ex=23 bad=0 hits=0 t=1s
  F1 c2/c8@t0=71: rank[3,3] g=3 src=pari sat=1 tors=4 st=12004 hmax=497 pr=60 surv=64 ex=60 bad=0 hits=0 t=1s
  F1 c3/c6@t0=71: rank[2,2] g=2 src=pari sat=1 tors=4 st=3476 hmax=1197 pr=60 surv=34 ex=30 bad=0 hits=0 t=1s
  F1 c3/c8@t0=71: rank[2,2] g=2 src=pari sat=1 tors=4 st=3476 hmax=1197 pr=60 surv=33 ex=29 bad=0 hits=0 t=1s
  F1 c6/c8@t0=71: rank[3,3] g=3 src=pari sat=1 tors=4 st=12004 hmax=338 pr=60 surv=33 ex=29 bad=0 hits=0 t=1s
  F2 c2/c3@t0=71: rank[2,2] g=2 src=pari sat=1 tors=4 st=3900 hmax=1196 pr=60 surv=17 ex=13 bad=0 hits=0 t=1s
  F2 c2/c5@t0=71: rank[2,2] g=2 src=pari sat=1 tors=4 st=3900 hmax=1196 pr=60 surv=17 ex=13 bad=0 hits=0 t=1s
  F2 c2/c6@t0=71: rank[3,3] g=3 src=pari sat=1 tors=4 st=12004 hmax=450 pr=60 surv=17 ex=13 bad=0 hits=0 t=1s
  F2 c2/c8@t0=71: rank[3,3] g=3 src=pari sat=1 tors=4 st=12004 hmax=450 pr=60 surv=19 ex=15 bad=0 hits=0 t=1s
  F2 c3/c5@t0=71: rank[2,2] g=2 src=pari sat=1 tors=4 st=3492 hmax=1199 pr=60 surv=17 ex=13 bad=0 hits=0 t=1s
  F2 c3/c6@t0=71: rank[3,3] g=3 src=pari sat=1 tors=4 st=12004 hmax=497 pr=60 surv=65 ex=61 bad=0 hits=0 t=1s
  F2 c3/c8@t0=71: rank[2,2] g=2 src=pari sat=1 tors=8 st=4248 hmax=1199 pr=60 surv=28 ex=24 bad=0 hits=0 t=1s
  F2 c5/c6@t0=71: rank[2,2] g=2 src=pari sat=1 tors=8 st=6104 hmax=1199 pr=60 surv=25 ex=21 bad=0 hits=0 t=1s
  F2 c5/c8@t0=71: rank[2,2] g=2 src=pari sat=1 tors=8 st=2456 hmax=1164 pr=60 surv=18 ex=14 bad=0 hits=0 t=1s
  F2 c6/c8@t0=71: rank[2,2] g=2 src=pari sat=1 tors=4 st=3540 hmax=1194 pr=60 surv=17 ex=13 bad=0 hits=0 t=1s
  F3 c1/c3@t0=71: rank[2,2] g=2 src=pari sat=1 tors=4 st=1900 hmax=1173 pr=60 surv=9 ex=7 bad=0 hits=0 t=1s
  F3 c1/c5@t0=71: rank[3,3] g=3 src=pari sat=1 tors=4 st=11956 hmax=495 pr=60 surv=14 ex=12 bad=0 hits=0 t=1s
  F3 c1/c6@t0=71: rank[3,3] g=3 src=pari sat=1 tors=4 st=12004 hmax=450 pr=60 surv=25 ex=21 bad=0 hits=0 t=1s
  F3 c1/c7@t0=71: rank[3,3] g=3 src=pari sat=1 tors=4 st=12004 hmax=450 pr=60 surv=42 ex=38 bad=0 hits=0 t=1s
  F3 c3/c5@t0=281: rank[2,2] g=2 src=pari sat=1 tors=4 st=3540 hmax=1194 pr=60 surv=17 ex=13 bad=0 hits=0 t=1s
  F3 c6/c3@t0=71: rank[3,3] g=3 src=pari sat=1 tors=4 st=12004 hmax=450 pr=60 surv=25 ex=23 bad=0 hits=0 t=1s
  F3 c7/c3@t0=71: rank[2,2] g=2 src=pari sat=1 tors=4 st=5860 hmax=1200 pr=60 surv=49 ex=43 bad=0 hits=0 t=1s
  F3 c6/c5@t0=71: rank[2,2] g=2 src=pari sat=1 tors=4 st=3540 hmax=1194 pr=60 surv=17 ex=15 bad=0 hits=0 t=1s
  F3 c7/c5@t0=71: rank[2,2] g=2 src=pari sat=1 tors=4 st=3476 hmax=1200 pr=60 surv=9 ex=7 bad=0 hits=0 t=1s
  F3 c6/c7@t0=71: rank[2,2] g=2 src=pari sat=1 tors=4 st=3540 hmax=1194 pr=60 surv=17 ex=13 bad=0 hits=0 t=1s
  F4 c2/c3@t0=71: rank[2,2] g=2 src=pari sat=1 tors=4 st=1900 hmax=1173 pr=60 surv=9 ex=5 bad=0 hits=0 t=1s
  F4 c2/c5@t0=71: rank[3,3] g=3 src=pari sat=1 tors=4 st=11956 hmax=495 pr=60 surv=14 ex=10 bad=0 hits=0 t=1s
  F4 c2/c6@t0=71: rank[3,3] g=3 src=pari sat=1 tors=4 st=12004 hmax=450 pr=60 surv=25 ex=21 bad=0 hits=0 t=1s
  F4 c2/c7@t0=71: rank[3,3] g=3 src=pari sat=1 tors=4 st=12004 hmax=450 pr=60 surv=42 ex=38 bad=0 hits=0 t=1s
  F4 c3/c5@t0=71: rank[1,1] g=1 src=pari sat=1 tors=4 st=108 hmax=1067 pr=60 surv=9 ex=5 bad=0 hits=0 t=1s
  F4 c3/c6@t0=71: rank[2,2] g=2 src=pari sat=1 tors=4 st=1900 hmax=1173 pr=60 surv=9 ex=5 bad=0 hits=0 t=1s
  F4 c3/c7@t0=71: rank[1,1] g=1 src=pari sat=1 tors=4 st=108 hmax=1067 pr=60 surv=9 ex=5 bad=0 hits=0 t=1s
  F4 c5/c6@t0=71: rank[2,2] g=2 src=pari sat=1 tors=4 st=5860 hmax=1200 pr=60 surv=49 ex=41 bad=0 hits=0 t=1s
  F4 c5/c7@t0=71: rank[2,2] g=2 src=pari sat=1 tors=4 st=3812 hmax=1198 pr=60 surv=9 ex=5 bad=0 hits=0 t=1s
  F4 c6/c7@t0=71: rank[2,2] g=2 src=pari sat=1 tors=4 st=3540 hmax=1194 pr=60 surv=17 ex=13 bad=0 hits=0 t=1s
== (P,Q)=(391,337) C=133225 SQ
  F1 c0/c2@t0=337: rank[3,3] g=3 src=pari sat=1 tors=4 st=12004 hmax=512 pr=60 surv=33 ex=29 bad=0 hits=0 t=1s
  F1 c0/c3@t0=337: rank[2,2] g=2 src=pari sat=1 tors=4 st=3364 hmax=1200 pr=60 surv=17 ex=13 bad=0 hits=0 t=1s
  F1 c0/c6@t0=337: rank[2,2] g=2 src=pari sat=1 tors=8 st=4600 hmax=1195 pr=60 surv=25 ex=21 bad=0 hits=0 t=1s
  F1 c0/c8@t0=337: rank[2,2] g=2 src=pari sat=1 tors=8 st=2776 hmax=1199 pr=60 surv=25 ex=21 bad=0 hits=0 t=1s
  F1 c2/c3@t0=337: rank[2,2] g=2 src=pari sat=1 tors=4 st=3364 hmax=1200 pr=60 surv=17 ex=13 bad=0 hits=0 t=1s
  F1 c2/c6@t0=337: rank[3,3] g=3 src=pari sat=1 tors=8 st=23832 hmax=300 pr=60 surv=44 ex=40 bad=0 hits=0 t=1s
  F1 c2/c8@t0=337: rank[2,2] g=2 src=pari sat=1 tors=4 st=2860 hmax=1193 pr=60 surv=25 ex=21 bad=0 hits=0 t=1s
  F1 c3/c6@t0=337: rank[3,3] g=3 src=pari sat=1 tors=4 st=12004 hmax=286 pr=60 surv=30 ex=26 bad=0 hits=0 t=1s
  F1 c3/c8@t0=337: rank[3,3] g=3 src=pari sat=1 tors=4 st=12004 hmax=286 pr=60 surv=37 ex=33 bad=0 hits=0 t=1s
  F1 c6/c8@t0=337: rank[2,2] g=2 src=pari sat=1 tors=4 st=3612 hmax=1199 pr=60 surv=21 ex=17 bad=0 hits=0 t=1s
  F2 c2/c3@t0=337: rank[3,3] g=3 src=pari sat=1 tors=4 st=12004 hmax=512 pr=60 surv=35 ex=31 bad=0 hits=0 t=1s
  F2 c2/c5@t0=337: rank[3,3] g=3 src=pari sat=1 tors=4 st=12004 hmax=512 pr=60 surv=33 ex=29 bad=0 hits=0 t=1s
  F2 c2/c6@t0=337: rank[2,2] g=2 src=pari sat=1 tors=4 st=3484 hmax=1194 pr=60 surv=17 ex=13 bad=0 hits=0 t=1s
  F2 c2/c8@t0=337: rank[2,2] g=2 src=pari sat=1 tors=4 st=3484 hmax=1194 pr=60 surv=18 ex=14 bad=0 hits=0 t=1s
  F2 c3/c5@t0=337: rank[2,2] g=2 src=pari sat=1 tors=4 st=3364 hmax=1200 pr=60 surv=17 ex=13 bad=0 hits=0 t=1s
  F2 c3/c6@t0=337: rank[2,2] g=2 src=pari sat=1 tors=4 st=2860 hmax=1193 pr=60 surv=25 ex=21 bad=0 hits=0 t=1s
  F2 c3/c8@t0=337: rank[3,3] g=3 src=pari sat=1 tors=8 st=23832 hmax=300 pr=60 surv=43 ex=39 bad=0 hits=0 t=1s
  F2 c5/c6@t0=337: rank[2,2] g=2 src=pari sat=1 tors=8 st=4600 hmax=1195 pr=60 surv=25 ex=21 bad=0 hits=0 t=1s
  F2 c5/c8@t0=337: rank[2,2] g=2 src=pari sat=1 tors=8 st=2776 hmax=1199 pr=60 surv=25 ex=21 bad=0 hits=0 t=1s
  F2 c6/c8@t0=337: rank[2,2] g=2 src=pari sat=1 tors=4 st=3468 hmax=1197 pr=60 surv=17 ex=13 bad=0 hits=0 t=1s
  F3 c1/c3@t0=337: rank[1,1] g=1 src=pari sat=1 tors=4 st=108 hmax=1044 pr=60 surv=9 ex=7 bad=0 hits=0 t=1s
  F3 c1/c5@t0=337: rank[2,2] g=2 src=pari sat=1 tors=4 st=1436 hmax=1185 pr=60 surv=9 ex=7 bad=0 hits=0 t=1s
  F3 c1/c6@t0=337: rank[2,2] g=2 src=pari sat=1 tors=4 st=3484 hmax=1194 pr=60 surv=17 ex=13 bad=0 hits=0 t=1s
  F3 c1/c7@t0=337: rank[2,2] g=2 src=pari sat=1 tors=4 st=3484 hmax=1194 pr=60 surv=17 ex=13 bad=0 hits=0 t=1s
  F3 c3/c5@t0=365: rank[2,2] g=2 src=pari sat=1 tors=4 st=3468 hmax=1197 pr=60 surv=18 ex=14 bad=0 hits=0 t=1s
  F3 c6/c3@t0=337: rank[2,2] g=2 src=pari sat=1 tors=4 st=3484 hmax=1194 pr=60 surv=18 ex=16 bad=0 hits=0 t=1s
  F3 c7/c3@t0=337: rank[2,2] g=2 src=pari sat=1 tors=4 st=6188 hmax=1197 pr=60 surv=38 ex=32 bad=0 hits=0 t=1s
  F3 c6/c5@t0=337: rank[2,2] g=2 src=pari sat=1 tors=4 st=3468 hmax=1197 pr=60 surv=25 ex=23 bad=0 hits=0 t=1s
  F3 c7/c5@t0=337: rank[1,1] g=1 src=pari sat=1 tors=4 st=108 hmax=1048 pr=60 surv=9 ex=7 bad=0 hits=0 t=1s
  F3 c6/c7@t0=337: rank[2,2] g=2 src=pari sat=1 tors=4 st=3468 hmax=1197 pr=60 surv=25 ex=21 bad=0 hits=0 t=1s
  F4 c2/c3@t0=337: rank[1,1] g=1 src=pari sat=1 tors=4 st=108 hmax=1044 pr=60 surv=9 ex=5 bad=0 hits=0 t=1s
  F4 c2/c5@t0=337: rank[2,2] g=2 src=pari sat=1 tors=4 st=1436 hmax=1185 pr=60 surv=9 ex=5 bad=0 hits=0 t=1s
  F4 c2/c6@t0=337: rank[2,2] g=2 src=pari sat=1 tors=4 st=3484 hmax=1194 pr=60 surv=17 ex=13 bad=0 hits=0 t=1s
  F4 c2/c7@t0=337: rank[2,2] g=2 src=pari sat=1 tors=4 st=3484 hmax=1194 pr=60 surv=17 ex=13 bad=0 hits=0 t=1s
  F4 c3/c5@t0=337: rank[2,2] g=2 src=pari sat=1 tors=4 st=2036 hmax=1195 pr=60 surv=17 ex=13 bad=0 hits=0 t=1s
  F4 c3/c6@t0=337: rank[1,1] g=1 src=pari sat=1 tors=4 st=108 hmax=1044 pr=60 surv=9 ex=5 bad=0 hits=0 t=1s
  F4 c3/c7@t0=337: rank[2,2] g=2 src=pari sat=1 tors=4 st=2036 hmax=1195 pr=60 surv=17 ex=13 bad=0 hits=0 t=1s
  F4 c5/c6@t0=337: rank[2,2] g=2 src=pari sat=1 tors=4 st=6188 hmax=1197 pr=60 surv=14 ex=6 bad=0 hits=0 t=1s
  F4 c5/c7@t0=337: rank[2,2] g=2 src=pari sat=1 tors=4 st=3796 hmax=1188 pr=60 surv=9 ex=5 bad=0 hits=0 t=1s
  F4 c6/c7@t0=337: rank[2,2] g=2 src=pari sat=1 tors=4 st=3468 hmax=1197 pr=60 surv=18 ex=14 bad=0 hits=0 t=1s
== (P,Q)=(401,79) C=83521 SQ
  F1 c0/c2@t0=79: rank[2,2] g=2 src=pari sat=1 tors=4 st=3860 hmax=1194 pr=60 surv=22 ex=18 bad=0 hits=0 t=1s
  F1 c0/c3@t0=79: rank[4,4] g=4 src=pari sat=3 tors=4 st=12004 hmax=75 pr=60 surv=17 ex=13 bad=0 hits=0 t=1s
  F1 c0/c6@t0=79: rank[1,1] g=1 src=pari sat=1 tors=8 st=232 hmax=1092 pr=60 surv=17 ex=13 bad=0 hits=0 t=1s
  F1 c0/c8@t0=79: rank[1,1] g=1 src=pari sat=1 tors=8 st=232 hmax=1119 pr=60 surv=17 ex=13 bad=0 hits=0 t=1s
  F1 c2/c3@t0=79: rank[4,4] g=4 src=pari sat=1 tors=4 st=12004 hmax=75 pr=60 surv=19 ex=15 bad=0 hits=0 t=1s
  F1 c2/c6@t0=79: rank[3,3] g=3 src=pari sat=1 tors=8 st=23912 hmax=483 pr=60 surv=34 ex=30 bad=0 hits=0 t=1s
  F1 c2/c8@t0=79: rank[3,3] g=3 src=pari sat=1 tors=4 st=11964 hmax=413 pr=60 surv=30 ex=26 bad=0 hits=0 t=1s
  F1 c3/c6@t0=79: rank[2,2] g=2 src=pari sat=1 tors=4 st=3460 hmax=1193 pr=60 surv=25 ex=21 bad=0 hits=0 t=1s
  F1 c3/c8@t0=79: rank[2,2] g=2 src=pari sat=1 tors=4 st=3460 hmax=1193 pr=60 surv=25 ex=21 bad=0 hits=0 t=1s
  F1 c6/c8@t0=79: rank[2,2] g=2 src=pari sat=1 tors=4 st=3700 hmax=1198 pr=60 surv=18 ex=14 bad=0 hits=0 t=1s
  F2 c2/c3@t0=79: rank[2,2] g=2 src=pari sat=1 tors=4 st=3860 hmax=1194 pr=60 surv=22 ex=18 bad=0 hits=0 t=1s
  F2 c2/c5@t0=79: rank[2,2] g=2 src=pari sat=1 tors=4 st=3860 hmax=1194 pr=60 surv=21 ex=17 bad=0 hits=0 t=1s
  F2 c2/c6@t0=79: rank[2,2] g=2 src=pari sat=1 tors=4 st=3716 hmax=1194 pr=60 surv=17 ex=13 bad=0 hits=0 t=1s
  F2 c2/c8@t0=79: rank[2,2] g=2 src=pari sat=1 tors=4 st=3716 hmax=1194 pr=60 surv=17 ex=13 bad=0 hits=0 t=1s
  F2 c3/c5@t0=79: rank[4,4] g=4 src=pari sat=1 tors=4 st=12004 hmax=75 pr=60 surv=22 ex=18 bad=0 hits=0 t=1s
  F2 c3/c6@t0=79: rank[3,3] g=3 src=pari sat=1 tors=4 st=11964 hmax=413 pr=60 surv=25 ex=21 bad=0 hits=0 t=1s
  F2 c3/c8@t0=79: rank[3,3] g=3 src=pari sat=1 tors=8 st=23912 hmax=483 pr=60 surv=40 ex=36 bad=0 hits=0 t=1s
  F2 c5/c6@t0=79: rank[1,1] g=1 src=pari sat=1 tors=8 st=232 hmax=1092 pr=60 surv=17 ex=13 bad=0 hits=0 t=1s
  F2 c5/c8@t0=79: rank[1,1] g=1 src=pari sat=1 tors=8 st=232 hmax=1119 pr=60 surv=17 ex=13 bad=0 hits=0 t=1s
  F2 c6/c8@t0=79: rank[2,2] g=2 src=pari sat=1 tors=4 st=3540 hmax=1200 pr=60 surv=33 ex=29 bad=0 hits=0 t=1s
  F3 c1/c3@t0=79: rank[1,1] g=1 src=pari sat=1 tors=4 st=116 hmax=1178 pr=60 surv=9 ex=7 bad=0 hits=0 t=1s
  F3 c1/c5@t0=79: rank[3,3] g=3 src=pari sat=1 tors=4 st=12004 hmax=481 pr=60 surv=25 ex=23 bad=0 hits=0 t=1s
  F3 c1/c6@t0=79: rank[2,2] g=2 src=pari sat=1 tors=4 st=3716 hmax=1194 pr=60 surv=25 ex=21 bad=0 hits=0 t=1s
  F3 c1/c7@t0=79: rank[2,2] g=2 src=pari sat=1 tors=4 st=3716 hmax=1194 pr=60 surv=17 ex=13 bad=0 hits=0 t=1s
  F3 c3/c5@t0=289: rank[2,2] g=2 src=pari sat=1 tors=4 st=3540 hmax=1200 pr=60 surv=17 ex=13 bad=0 hits=0 t=1s
  F3 c6/c3@t0=79: rank[2,2] g=2 src=pari sat=1 tors=4 st=3716 hmax=1194 pr=60 surv=25 ex=23 bad=0 hits=0 t=1s
  F3 c7/c3@t0=79: rank[1,1] g=1 src=pari sat=1 tors=4 st=164 hmax=1166 pr=60 surv=13 ex=7 bad=0 hits=0 t=1s
  F3 c6/c5@t0=79: rank[2,2] g=2 src=pari sat=1 tors=4 st=3540 hmax=1200 pr=60 surv=42 ex=40 bad=0 hits=0 t=1s
  F3 c7/c5@t0=79: rank[2,2] g=2 src=pari sat=1 tors=4 st=2276 hmax=1197 pr=60 surv=9 ex=7 bad=0 hits=0 t=1s
  F3 c6/c7@t0=79: rank[2,2] g=2 src=pari sat=1 tors=4 st=3540 hmax=1200 pr=60 surv=42 ex=38 bad=0 hits=0 t=1s
  F4 c2/c3@t0=79: rank[1,1] g=1 src=pari sat=1 tors=4 st=116 hmax=1178 pr=60 surv=9 ex=5 bad=0 hits=0 t=1s
  F4 c2/c5@t0=79: rank[3,3] g=3 src=pari sat=1 tors=4 st=12004 hmax=481 pr=60 surv=14 ex=10 bad=0 hits=0 t=1s
  F4 c2/c6@t0=79: rank[2,2] g=2 src=pari sat=1 tors=4 st=3716 hmax=1194 pr=60 surv=25 ex=21 bad=0 hits=0 t=1s
  F4 c2/c7@t0=79: rank[2,2] g=2 src=pari sat=1 tors=4 st=3716 hmax=1194 pr=60 surv=17 ex=13 bad=0 hits=0 t=1s
  F4 c3/c5@t0=79: rank[2,2] g=2 src=pari sat=1 tors=4 st=2468 hmax=1195 pr=60 surv=11 ex=7 bad=0 hits=0 t=1s
  F4 c3/c6@t0=79: rank[1,1] g=1 src=pari sat=1 tors=4 st=116 hmax=1178 pr=60 surv=9 ex=5 bad=0 hits=0 t=1s
  F4 c3/c7@t0=79: rank[2,2] g=2 src=pari sat=1 tors=4 st=2468 hmax=1195 pr=60 surv=11 ex=7 bad=0 hits=0 t=1s
  F4 c5/c6@t0=79: rank[1,1] g=1 src=pari sat=1 tors=4 st=164 hmax=1166 pr=60 surv=13 ex=5 bad=0 hits=0 t=1s
  F4 c5/c7@t0=79: rank[1,1] g=1 src=pari sat=1 tors=4 st=116 hmax=1178 pr=60 surv=9 ex=5 bad=0 hits=0 t=1s
  F4 c6/c7@t0=79: rank[2,2] g=2 src=pari sat=1 tors=4 st=3540 hmax=1200 pr=60 surv=17 ex=13 bad=0 hits=0 t=1s
== (P,Q)=(409,137) C=93025 SQ
  F1 c0/c2@t0=137: rank[2,2] g=2 src=pari sat=1 tors=4 st=3804 hmax=1199 pr=60 surv=26 ex=22 bad=0 hits=0 t=1s
  F1 c0/c3@t0=137: rank[2,2] g=2 src=pari sat=1 tors=4 st=3452 hmax=1198 pr=60 surv=18 ex=14 bad=0 hits=0 t=1s
  F1 c0/c6@t0=137: rank[2,2] g=2 src=pari sat=1 tors=8 st=4856 hmax=1197 pr=60 surv=17 ex=13 bad=0 hits=0 t=1s
  F1 c0/c8@t0=137: rank[1,1] g=1 src=pari sat=1 tors=8 st=232 hmax=1132 pr=60 surv=17 ex=13 bad=0 hits=0 t=1s
  F1 c2/c3@t0=137: rank[2,2] g=2 src=pari sat=1 tors=4 st=3452 hmax=1198 pr=60 surv=17 ex=13 bad=0 hits=0 t=1s
  F1 c2/c6@t0=137: rank[1,1] g=1 src=pari sat=1 tors=8 st=232 hmax=1096 pr=60 surv=17 ex=13 bad=0 hits=0 t=1s
  F1 c2/c8@t0=137: rank[3,3] g=3 src=pari sat=1 tors=4 st=12004 hmax=346 pr=60 surv=34 ex=30 bad=0 hits=0 t=1s
  F1 c3/c6@t0=137: rank[2,2] g=2 src=pari sat=1 tors=4 st=3436 hmax=1199 pr=60 surv=17 ex=13 bad=0 hits=0 t=1s
  F1 c3/c8@t0=137: rank[2,2] g=2 src=pari sat=1 tors=4 st=3436 hmax=1199 pr=60 surv=17 ex=13 bad=0 hits=0 t=1s
  F1 c6/c8@t0=137: rank[3,3] g=3 src=pari sat=1 tors=4 st=12004 hmax=517 pr=60 surv=29 ex=25 bad=0 hits=0 t=1s
  F2 c2/c3@t0=137: rank[2,2] g=2 src=pari sat=1 tors=4 st=3804 hmax=1199 pr=60 surv=26 ex=22 bad=0 hits=0 t=1s
  F2 c2/c5@t0=137: rank[2,2] g=2 src=pari sat=1 tors=4 st=3804 hmax=1199 pr=60 surv=25 ex=21 bad=0 hits=0 t=1s
  F2 c2/c6@t0=137: rank[4,4] g=4 src=pari sat=1 tors=4 st=11916 hmax=111 pr=60 surv=26 ex=22 bad=0 hits=0 t=1s
  F2 c2/c8@t0=137: rank[4,4] g=4 src=pari sat=1 tors=4 st=11916 hmax=111 pr=60 surv=30 ex=26 bad=0 hits=0 t=1s
  F2 c3/c5@t0=137: rank[2,2] g=2 src=pari sat=1 tors=4 st=3452 hmax=1198 pr=60 surv=18 ex=14 bad=0 hits=0 t=1s
  F2 c3/c6@t0=137: rank[3,3] g=3 src=pari sat=1 tors=4 st=12004 hmax=346 pr=60 surv=33 ex=29 bad=0 hits=0 t=1s
  F2 c3/c8@t0=137: rank[1,1] g=1 src=pari sat=1 tors=8 st=232 hmax=1096 pr=60 surv=17 ex=13 bad=0 hits=0 t=1s
  F2 c5/c6@t0=137: rank[2,2] g=2 src=pari sat=1 tors=8 st=4856 hmax=1197 pr=60 surv=17 ex=13 bad=0 hits=0 t=1s
  F2 c5/c8@t0=137: rank[1,1] g=1 src=pari sat=1 tors=8 st=232 hmax=1132 pr=60 surv=17 ex=13 bad=0 hits=0 t=1s
  F2 c6/c8@t0=137: rank[3,3] g=3 src=pari sat=1 tors=4 st=11956 hmax=353 pr=60 surv=18 ex=14 bad=0 hits=0 t=1s
  F3 c1/c3@t0=137: rank[3,3] g=3 src=pari+mw sat=1 tors=4 st=12004 hmax=384 pr=60 surv=11 ex=9 bad=0 hits=0 t=1s
  F3 c1/c5@t0=137: rank[4,4] g=4 src=pari sat=1 tors=4 st=12004 hmax=184 pr=60 surv=11 ex=9 bad=0 hits=0 t=1s
  F3 c1/c6@t0=137: rank[4,4] g=4 src=pari sat=1 tors=4 st=11916 hmax=111 pr=60 surv=18 ex=14 bad=0 hits=0 t=1s
  F3 c1/c7@t0=137: rank[4,4] g=4 src=pari sat=1 tors=4 st=11916 hmax=111 pr=60 surv=29 ex=25 bad=0 hits=0 t=1s
  F3 c3/c5@t0=305: rank[3,3] g=3 src=pari sat=1 tors=4 st=11956 hmax=353 pr=60 surv=17 ex=13 bad=0 hits=0 t=1s
  F3 c6/c3@t0=137: rank[4,4] g=4 src=pari sat=1 tors=4 st=11916 hmax=111 pr=60 surv=17 ex=15 bad=0 hits=0 t=1s
  F3 c7/c3@t0=137: rank[2,2] g=2 src=pari sat=1 tors=4 st=4028 hmax=1199 pr=60 surv=42 ex=36 bad=0 hits=0 t=1s
  F3 c6/c5@t0=137: rank[3,3] g=3 src=pari sat=1 tors=4 st=11956 hmax=353 pr=60 surv=19 ex=17 bad=0 hits=0 t=1s
  F3 c7/c5@t0=137: rank[2,2] g=2 src=pari sat=1 tors=4 st=2148 hmax=1200 pr=60 surv=9 ex=7 bad=0 hits=0 t=1s
  F3 c6/c7@t0=137: rank[3,3] g=3 src=pari sat=1 tors=4 st=11956 hmax=353 pr=60 surv=18 ex=14 bad=0 hits=0 t=1s
  F4 c2/c3@t0=137: rank[3,3] g=3 src=pari+mw sat=1 tors=4 st=12004 hmax=384 pr=60 surv=13 ex=9 bad=0 hits=0 t=1s
  F4 c2/c5@t0=137: rank[4,4] g=4 src=pari sat=1 tors=4 st=12004 hmax=184 pr=60 surv=11 ex=7 bad=0 hits=0 t=1s
  F4 c2/c6@t0=137: rank[4,4] g=4 src=pari sat=1 tors=4 st=11916 hmax=111 pr=60 surv=17 ex=13 bad=0 hits=0 t=1s
  F4 c2/c7@t0=137: rank[4,4] g=4 src=pari sat=1 tors=4 st=11916 hmax=111 pr=60 surv=27 ex=23 bad=0 hits=0 t=1s
  F4 c3/c5@t0=137: rank[2,2] g=2 src=pari+mw sat=1 tors=4 st=3756 hmax=1198 pr=60 surv=9 ex=5 bad=0 hits=0 t=1s
  F4 c3/c6@t0=137: rank[3,3] g=3 src=pari+mw sat=1 tors=4 st=12004 hmax=384 pr=60 surv=11 ex=7 bad=0 hits=0 t=1s
  F4 c3/c7@t0=137: rank[2,2] g=2 src=pari+mw sat=1 tors=4 st=3756 hmax=1198 pr=60 surv=9 ex=5 bad=0 hits=0 t=1s
  F4 c5/c6@t0=137: rank[2,2] g=2 src=pari sat=1 tors=4 st=4028 hmax=1199 pr=60 surv=29 ex=21 bad=0 hits=0 t=1s
  F4 c5/c7@t0=137: rank[2,2] g=2 src=pari sat=1 tors=4 st=2340 hmax=1199 pr=60 surv=10 ex=6 bad=0 hits=0 t=1s
  F4 c6/c7@t0=137: rank[3,3] g=3 src=pari sat=1 tors=4 st=11956 hmax=353 pr=60 surv=17 ex=13 bad=0 hits=0 t=1s
== (P,Q)=(431,17) C=93025 SQ
  F1 c0/c2@t0=17: rank[4,4] g=4 src=pari sat=1 tors=4 st=12004 hmax=83 pr=60 surv=25 ex=21 bad=0 hits=0 t=1s
  F1 c0/c3@t0=17: rank[2,2] g=2 src=pari sat=1 tors=4 st=3444 hmax=1198 pr=60 surv=17 ex=13 bad=0 hits=0 t=1s
  F1 c0/c6@t0=17: rank[2,2] g=2 src=pari sat=1 tors=8 st=3656 hmax=1199 pr=60 surv=25 ex=21 bad=0 hits=0 t=1s
  F1 c0/c8@t0=17: rank[2,2] g=2 src=pari sat=1 tors=8 st=8104 hmax=1197 pr=60 surv=25 ex=21 bad=0 hits=0 t=1s
  F1 c2/c3@t0=17: rank[2,2] g=2 src=pari sat=1 tors=4 st=3444 hmax=1198 pr=60 surv=17 ex=13 bad=0 hits=0 t=1s
  F1 c2/c6@t0=17: rank[3,3] g=3 src=pari sat=1 tors=8 st=24008 hmax=680 pr=60 surv=33 ex=29 bad=0 hits=0 t=1s
  F1 c2/c8@t0=17: rank[3,3] g=3 src=pari sat=1 tors=4 st=11980 hmax=389 pr=60 surv=26 ex=22 bad=0 hits=0 t=1s
  F1 c3/c6@t0=17: rank[3,3] g=3 src=pari sat=1 tors=4 st=11956 hmax=586 pr=60 surv=21 ex=17 bad=0 hits=0 t=1s
  F1 c3/c8@t0=17: rank[3,3] g=3 src=pari sat=1 tors=4 st=11956 hmax=586 pr=60 surv=21 ex=17 bad=0 hits=0 t=1s
  F1 c6/c8@t0=17: rank[3,3] g=3 src=pari sat=1 tors=4 st=11948 hmax=495 pr=60 surv=17 ex=13 bad=0 hits=0 t=1s
  F2 c2/c3@t0=17: rank[4,4] g=4 src=pari sat=1 tors=4 st=12004 hmax=83 pr=60 surv=25 ex=21 bad=0 hits=0 t=1s
  F2 c2/c5@t0=17: rank[4,4] g=4 src=pari sat=1 tors=4 st=12004 hmax=83 pr=60 surv=28 ex=24 bad=0 hits=0 t=1s
  F2 c2/c6@t0=17: rank[2,2] g=2 src=pari sat=1 tors=4 st=3708 hmax=1200 pr=60 surv=17 ex=13 bad=0 hits=0 t=1s
  F2 c2/c8@t0=17: rank[2,2] g=2 src=pari sat=1 tors=4 st=3708 hmax=1200 pr=60 surv=19 ex=15 bad=0 hits=0 t=1s
  F2 c3/c5@t0=17: rank[2,2] g=2 src=pari sat=1 tors=4 st=3444 hmax=1198 pr=60 surv=17 ex=13 bad=0 hits=0 t=1s
  F2 c3/c6@t0=17: rank[3,3] g=3 src=pari sat=1 tors=4 st=11980 hmax=389 pr=60 surv=22 ex=18 bad=0 hits=0 t=1s
  F2 c3/c8@t0=17: rank[3,3] g=3 src=pari sat=1 tors=8 st=24008 hmax=680 pr=60 surv=34 ex=30 bad=0 hits=0 t=1s
  F2 c5/c6@t0=17: rank[2,2] g=2 src=pari sat=1 tors=8 st=3656 hmax=1199 pr=60 surv=25 ex=21 bad=0 hits=0 t=1s
  F2 c5/c8@t0=17: rank[2,2] g=2 src=pari sat=1 tors=8 st=8104 hmax=1197 pr=60 surv=25 ex=21 bad=0 hits=0 t=1s
  F2 c6/c8@t0=17: rank[2,2] g=2 src=pari+mw sat=2 tors=4 st=3460 hmax=1196 pr=60 surv=18 ex=14 bad=0 hits=0 t=1s
  F3 c1/c3@t0=17: rank[3,3] g=3 src=pari sat=1 tors=4 st=11980 hmax=361 pr=60 surv=19 ex=17 bad=0 hits=0 t=1s
  F3 c1/c5@t0=17: rank[3,3] g=3 src=pari sat=1 tors=4 st=11988 hmax=770 pr=60 surv=10 ex=8 bad=0 hits=0 t=1s
  F3 c1/c6@t0=17: rank[2,2] g=2 src=pari sat=1 tors=4 st=3708 hmax=1200 pr=60 surv=17 ex=13 bad=0 hits=0 t=1s
  F3 c1/c7@t0=17: rank[2,2] g=2 src=pari sat=1 tors=4 st=3708 hmax=1200 pr=60 surv=17 ex=13 bad=0 hits=0 t=1s
  F3 c3/c5@t0=305: rank[2,2] g=2 src=pari+mw sat=2 tors=4 st=3460 hmax=1196 pr=60 surv=25 ex=21 bad=0 hits=0 t=1s
  F3 c6/c3@t0=17: rank[2,2] g=2 src=pari sat=1 tors=4 st=3708 hmax=1200 pr=60 surv=17 ex=15 bad=0 hits=0 t=1s
  F3 c7/c3@t0=17: rank[2,2] g=2 src=pari sat=1 tors=4 st=3884 hmax=1200 pr=60 surv=30 ex=24 bad=0 hits=0 t=1s
  F3 c6/c5@t0=17: rank[2,2] g=2 src=pari+mw sat=2 tors=4 st=3460 hmax=1196 pr=60 surv=17 ex=15 bad=0 hits=0 t=1s
  F3 c7/c5@t0=17: rank[2,2] g=2 src=pari+mw sat=1 tors=4 st=956 hmax=1198 pr=60 surv=9 ex=7 bad=0 hits=0 t=1s
  F3 c6/c7@t0=17: rank[2,2] g=2 src=pari+mw sat=2 tors=4 st=3460 hmax=1196 pr=60 surv=17 ex=13 bad=0 hits=0 t=1s
  F4 c2/c3@t0=17: rank[3,3] g=3 src=pari sat=1 tors=4 st=11980 hmax=361 pr=60 surv=19 ex=15 bad=0 hits=0 t=1s
  F4 c2/c5@t0=17: rank[3,3] g=3 src=pari sat=1 tors=4 st=11988 hmax=770 pr=60 surv=10 ex=6 bad=0 hits=0 t=1s
  F4 c2/c6@t0=17: rank[2,2] g=2 src=pari sat=1 tors=4 st=3708 hmax=1200 pr=60 surv=17 ex=13 bad=0 hits=0 t=1s
  F4 c2/c7@t0=17: rank[2,2] g=2 src=pari sat=1 tors=4 st=3708 hmax=1200 pr=60 surv=17 ex=13 bad=0 hits=0 t=1s
  F4 c3/c5@t0=17: rank[2,2] g=2 src=pari sat=1 tors=4 st=1676 hmax=1193 pr=60 surv=9 ex=5 bad=0 hits=0 t=1s
  F4 c3/c6@t0=17: rank[3,3] g=3 src=pari sat=1 tors=4 st=11980 hmax=361 pr=60 surv=18 ex=14 bad=0 hits=0 t=1s
  F4 c3/c7@t0=17: rank[2,2] g=2 src=pari sat=1 tors=4 st=1676 hmax=1193 pr=60 surv=9 ex=5 bad=0 hits=0 t=1s
  F4 c5/c6@t0=17: rank[2,2] g=2 src=pari sat=1 tors=4 st=3884 hmax=1200 pr=60 surv=30 ex=22 bad=0 hits=0 t=1s
  F4 c5/c7@t0=17: rank[3,3] g=3 src=pari sat=1 tors=4 st=11916 hmax=722 pr=60 surv=11 ex=7 bad=0 hits=0 t=1s
  F4 c6/c7@t0=17: rank[2,2] g=2 src=pari+mw sat=2 tors=4 st=3460 hmax=1196 pr=60 surv=25 ex=21 bad=0 hits=0 t=1s
== (P,Q)=(433,281) C=133225 SQ
  F1 c0/c2@t0=281: rank[3,3] g=3 src=pari sat=1 tors=4 st=11980 hmax=574 pr=60 surv=41 ex=37 bad=0 hits=0 t=1s
  F1 c0/c3@t0=281: rank[3,3] g=3 src=pari sat=1 tors=4 st=12004 hmax=380 pr=60 surv=18 ex=14 bad=0 hits=0 t=1s
  F1 c0/c6@t0=281: rank[1,1] g=1 src=pari sat=1 tors=8 st=232 hmax=1154 pr=60 surv=17 ex=13 bad=0 hits=0 t=1s
  F1 c0/c8@t0=281: rank[1,1] g=1 src=pari sat=1 tors=8 st=232 hmax=1165 pr=60 surv=25 ex=21 bad=0 hits=0 t=1s
  F1 c2/c3@t0=281: rank[3,3] g=3 src=pari sat=1 tors=4 st=12004 hmax=380 pr=60 surv=17 ex=13 bad=0 hits=0 t=1s
  F1 c2/c6@t0=281: rank[1,1] g=1 src=pari sat=1 tors=8 st=232 hmax=1145 pr=60 surv=17 ex=13 bad=0 hits=0 t=1s
  F1 c2/c8@t0=281: rank[4,4] g=4 src=pari sat=3 tors=4 st=11996 hmax=121 pr=60 surv=26 ex=22 bad=0 hits=0 t=1s
  F1 c3/c6@t0=281: rank[3,3] g=3 src=pari sat=1 tors=4 st=12004 hmax=413 pr=60 surv=34 ex=30 bad=0 hits=0 t=1s
  F1 c3/c8@t0=281: rank[3,3] g=3 src=pari sat=1 tors=4 st=12004 hmax=413 pr=60 surv=29 ex=25 bad=0 hits=0 t=1s
  F1 c6/c8@t0=281: rank[2,2] g=2 src=pari+mw sat=1 tors=4 st=3612 hmax=1198 pr=60 surv=26 ex=22 bad=0 hits=0 t=1s
  F2 c2/c3@t0=281: rank[3,3] g=3 src=pari sat=1 tors=4 st=11980 hmax=574 pr=60 surv=41 ex=37 bad=0 hits=0 t=1s
  F2 c2/c5@t0=281: rank[3,3] g=3 src=pari sat=1 tors=4 st=11980 hmax=574 pr=60 surv=43 ex=39 bad=0 hits=0 t=1s
  F2 c2/c6@t0=281: rank[2,2] g=2 src=pari sat=1 tors=4 st=3500 hmax=1198 pr=60 surv=17 ex=13 bad=0 hits=0 t=1s
  F2 c2/c8@t0=281: rank[2,2] g=2 src=pari sat=1 tors=4 st=3500 hmax=1198 pr=60 surv=17 ex=13 bad=0 hits=0 t=1s
  F2 c3/c5@t0=281: rank[3,3] g=3 src=pari sat=1 tors=4 st=12004 hmax=380 pr=60 surv=18 ex=14 bad=0 hits=0 t=1s
  F2 c3/c6@t0=281: rank[4,4] g=4 src=pari sat=3 tors=4 st=11996 hmax=121 pr=60 surv=22 ex=18 bad=0 hits=0 t=1s
  F2 c3/c8@t0=281: rank[1,1] g=1 src=pari sat=1 tors=8 st=232 hmax=1145 pr=60 surv=17 ex=13 bad=0 hits=0 t=1s
  F2 c5/c6@t0=281: rank[1,1] g=1 src=pari sat=1 tors=8 st=232 hmax=1154 pr=60 surv=17 ex=13 bad=0 hits=0 t=1s
  F2 c5/c8@t0=281: rank[1,1] g=1 src=pari sat=1 tors=8 st=232 hmax=1165 pr=60 surv=25 ex=21 bad=0 hits=0 t=1s
  F2 c6/c8@t0=281: rank[3,3] g=3 src=pari sat=1 tors=4 st=12004 hmax=419 pr=60 surv=18 ex=14 bad=0 hits=0 t=1s
  F3 c1/c3@t0=281: rank[3,3] g=3 src=pari sat=1 tors=4 st=12004 hmax=464 pr=60 surv=26 ex=24 bad=0 hits=0 t=1s
  F3 c1/c5@t0=281: rank[2,2] g=2 src=pari sat=1 tors=4 st=1196 hmax=1184 pr=60 surv=9 ex=7 bad=0 hits=0 t=1s
  F3 c1/c6@t0=281: rank[2,2] g=2 src=pari sat=1 tors=4 st=3500 hmax=1198 pr=60 surv=34 ex=30 bad=0 hits=0 t=1s
  F3 c1/c7@t0=281: rank[2,2] g=2 src=pari sat=1 tors=4 st=3500 hmax=1198 pr=60 surv=21 ex=17 bad=0 hits=0 t=1s
  F3 c3/c5@t0=365: rank[3,3] g=3 src=pari sat=1 tors=4 st=12004 hmax=419 pr=60 surv=25 ex=21 bad=0 hits=0 t=1s
  F3 c6/c3@t0=281: rank[2,2] g=2 src=pari sat=1 tors=4 st=3500 hmax=1198 pr=60 surv=33 ex=31 bad=0 hits=0 t=1s
  F3 c7/c3@t0=281: rank[1,1] g=1 src=pari sat=1 tors=4 st=164 hmax=1196 pr=60 surv=13 ex=7 bad=0 hits=0 t=1s
  F3 c6/c5@t0=281: rank[3,3] g=3 src=pari sat=1 tors=4 st=12004 hmax=419 pr=60 surv=17 ex=15 bad=0 hits=0 t=1s
  F3 c7/c5@t0=281: rank[2,2] g=2 src=pari sat=1 tors=4 st=1476 hmax=1198 pr=60 surv=9 ex=7 bad=0 hits=0 t=1s
  F3 c6/c7@t0=281: rank[3,3] g=3 src=pari sat=1 tors=4 st=12004 hmax=419 pr=60 surv=17 ex=13 bad=0 hits=0 t=1s
  F4 c2/c3@t0=281: rank[3,3] g=3 src=pari sat=1 tors=4 st=12004 hmax=464 pr=60 surv=26 ex=22 bad=0 hits=0 t=1s
  F4 c2/c5@t0=281: rank[2,2] g=2 src=pari sat=1 tors=4 st=1196 hmax=1184 pr=60 surv=9 ex=5 bad=0 hits=0 t=1s
  F4 c2/c6@t0=281: rank[2,2] g=2 src=pari sat=1 tors=4 st=3500 hmax=1198 pr=60 surv=33 ex=29 bad=0 hits=0 t=1s
  F4 c2/c7@t0=281: rank[2,2] g=2 src=pari sat=1 tors=4 st=3500 hmax=1198 pr=60 surv=21 ex=17 bad=0 hits=0 t=1s
  F4 c3/c5@t0=281: rank[3,3] g=3 src=pari sat=1 tors=4 st=12004 hmax=324 pr=60 surv=18 ex=14 bad=0 hits=0 t=1s
  F4 c3/c6@t0=281: rank[3,3] g=3 src=pari sat=1 tors=4 st=12004 hmax=464 pr=60 surv=26 ex=22 bad=0 hits=0 t=1s
  F4 c3/c7@t0=281: rank[3,3] g=3 src=pari sat=1 tors=4 st=12004 hmax=324 pr=60 surv=18 ex=14 bad=0 hits=0 t=1s
  F4 c5/c6@t0=281: rank[1,1] g=1 src=pari sat=1 tors=4 st=164 hmax=1196 pr=60 surv=13 ex=5 bad=0 hits=0 t=1s
  F4 c5/c7@t0=281: rank[1,1] g=1 src=pari sat=1 tors=4 st=108 hmax=1052 pr=60 surv=9 ex=5 bad=0 hits=0 t=1s
  F4 c6/c7@t0=281: rank[3,3] g=3 src=pari sat=1 tors=4 st=12004 hmax=419 pr=60 surv=25 ex=21 bad=0 hits=0 t=1s
== (P,Q)=(439,359) C=160801 SQ
  F1 c0/c2@t0=359: rank[3,3] g=3 src=pari sat=1 tors=4 st=11916 hmax=424 pr=60 surv=30 ex=26 bad=0 hits=0 t=1s
  F1 c0/c3@t0=359: rank[3,3] g=3 src=pari sat=1 tors=4 st=12004 hmax=436 pr=60 surv=17 ex=13 bad=0 hits=0 t=1s
  F1 c0/c6@t0=359: rank[1,1] g=1 src=pari sat=1 tors=8 st=232 hmax=1174 pr=60 surv=17 ex=13 bad=0 hits=0 t=1s
  F1 c0/c8@t0=359: rank[2,2] g=2 src=pari sat=1 tors=8 st=5304 hmax=1196 pr=60 surv=27 ex=23 bad=0 hits=0 t=1s
  F1 c2/c3@t0=359: rank[3,3] g=3 src=pari sat=1 tors=4 st=12004 hmax=436 pr=60 surv=24 ex=20 bad=0 hits=0 t=1s
  F1 c2/c6@t0=359: rank[2,2] g=2 src=pari sat=1 tors=8 st=3704 hmax=1185 pr=60 surv=41 ex=37 bad=0 hits=0 t=1s
  F1 c2/c8@t0=359: rank[4,4] g=4 src=pari sat=1 tors=4 st=12004 hmax=84 pr=60 surv=27 ex=23 bad=0 hits=0 t=1s
  F1 c3/c6@t0=359: rank[3,3] g=3 src=pari sat=1 tors=4 st=11996 hmax=426 pr=60 surv=26 ex=22 bad=0 hits=0 t=1s
  F1 c3/c8@t0=359: rank[3,3] g=3 src=pari sat=1 tors=4 st=11996 hmax=426 pr=60 surv=25 ex=21 bad=0 hits=0 t=1s
  F1 c6/c8@t0=359: rank[3,3] g=3 src=pari sat=1 tors=4 st=12004 hmax=649 pr=60 surv=17 ex=13 bad=0 hits=0 t=1s
  F2 c2/c3@t0=359: rank[3,3] g=3 src=pari sat=1 tors=4 st=11916 hmax=424 pr=60 surv=30 ex=26 bad=0 hits=0 t=1s
  F2 c2/c5@t0=359: rank[3,3] g=3 src=pari sat=1 tors=4 st=11916 hmax=424 pr=60 surv=36 ex=32 bad=0 hits=0 t=1s
  F2 c2/c6@t0=359: rank[3,3] g=3 src=pari sat=1 tors=4 st=12004 hmax=356 pr=60 surv=34 ex=30 bad=0 hits=0 t=1s
  F2 c2/c8@t0=359: rank[3,3] g=3 src=pari sat=1 tors=4 st=12004 hmax=356 pr=60 surv=33 ex=29 bad=0 hits=0 t=1s
  F2 c3/c5@t0=359: rank[3,3] g=3 src=pari sat=1 tors=4 st=12004 hmax=436 pr=60 surv=24 ex=20 bad=0 hits=0 t=1s
  F2 c3/c6@t0=359: rank[4,4] g=4 src=pari sat=1 tors=4 st=12004 hmax=84 pr=60 surv=29 ex=25 bad=0 hits=0 t=1s
  F2 c3/c8@t0=359: rank[2,2] g=2 src=pari sat=1 tors=8 st=3704 hmax=1185 pr=60 surv=41 ex=37 bad=0 hits=0 t=1s
  F2 c5/c6@t0=359: rank[1,1] g=1 src=pari sat=1 tors=8 st=232 hmax=1174 pr=60 surv=17 ex=13 bad=0 hits=0 t=1s
  F2 c5/c8@t0=359: rank[2,2] g=2 src=pari sat=1 tors=8 st=5304 hmax=1196 pr=60 surv=29 ex=25 bad=0 hits=0 t=1s
  F2 c6/c8@t0=359: rank[3,3] g=3 src=pari sat=1 tors=4 st=11980 hmax=399 pr=60 surv=31 ex=27 bad=0 hits=0 t=1s
  F3 c1/c3@t0=359: rank[2,2] g=2 src=pari sat=1 tors=4 st=1452 hmax=1193 pr=60 surv=9 ex=7 bad=0 hits=0 t=1s
  F3 c1/c5@t0=359: rank[2,2] g=2 src=pari sat=1 tors=4 st=1420 hmax=1196 pr=60 surv=9 ex=7 bad=0 hits=0 t=1s
  F3 c1/c6@t0=359: rank[3,3] g=3 src=pari sat=1 tors=4 st=12004 hmax=356 pr=60 surv=33 ex=29 bad=0 hits=0 t=1s
  F3 c1/c7@t0=359: rank[3,3] g=3 src=pari sat=1 tors=4 st=12004 hmax=356 pr=60 surv=38 ex=34 bad=0 hits=0 t=1s
  F3 c3/c5@t0=401: rank[3,3] g=3 src=pari sat=1 tors=4 st=11980 hmax=399 pr=60 surv=17 ex=13 bad=0 hits=0 t=1s
  F3 c6/c3@t0=359: rank[3,3] g=3 src=pari sat=1 tors=4 st=12004 hmax=356 pr=60 surv=33 ex=31 bad=0 hits=0 t=1s
  F3 c7/c3@t0=359: rank[2,2] g=2 src=pari sat=1 tors=4 st=5892 hmax=1200 pr=60 surv=31 ex=25 bad=0 hits=0 t=1s
  F3 c6/c5@t0=359: rank[3,3] g=3 src=pari sat=1 tors=4 st=11980 hmax=399 pr=60 surv=17 ex=15 bad=0 hits=0 t=1s
  F3 c7/c5@t0=359: rank[2,2] g=2 src=pari sat=1 tors=4 st=1540 hmax=1198 pr=60 surv=17 ex=15 bad=0 hits=0 t=1s
  F3 c6/c7@t0=359: rank[3,3] g=3 src=pari sat=1 tors=4 st=11980 hmax=399 pr=60 surv=17 ex=13 bad=0 hits=0 t=1s
  F4 c2/c3@t0=359: rank[2,2] g=2 src=pari sat=1 tors=4 st=1452 hmax=1193 pr=60 surv=9 ex=5 bad=0 hits=0 t=1s
  F4 c2/c5@t0=359: rank[2,2] g=2 src=pari sat=1 tors=4 st=1420 hmax=1196 pr=60 surv=9 ex=5 bad=0 hits=0 t=1s
  F4 c2/c6@t0=359: rank[3,3] g=3 src=pari sat=1 tors=4 st=12004 hmax=356 pr=60 surv=34 ex=30 bad=0 hits=0 t=1s
  F4 c2/c7@t0=359: rank[3,3] g=3 src=pari sat=1 tors=4 st=12004 hmax=356 pr=60 surv=46 ex=42 bad=0 hits=0 t=1s
  F4 c3/c5@t0=359: rank[1,1] g=1 src=pari sat=1 tors=4 st=108 hmax=1081 pr=60 surv=9 ex=5 bad=0 hits=0 t=1s
  F4 c3/c6@t0=359: rank[2,2] g=2 src=pari sat=1 tors=4 st=1452 hmax=1193 pr=60 surv=9 ex=5 bad=0 hits=0 t=1s
  F4 c3/c7@t0=359: rank[1,1] g=1 src=pari sat=1 tors=4 st=108 hmax=1081 pr=60 surv=9 ex=5 bad=0 hits=0 t=1s
  F4 c5/c6@t0=359: rank[2,2] g=2 src=pari sat=1 tors=4 st=5892 hmax=1200 pr=60 surv=31 ex=23 bad=0 hits=0 t=1s
  F4 c5/c7@t0=359: rank[1,1] g=1 src=pari sat=1 tors=4 st=108 hmax=1064 pr=60 surv=9 ex=5 bad=0 hits=0 t=1s
  F4 c6/c7@t0=359: rank[3,3] g=3 src=pari sat=1 tors=4 st=11980 hmax=399 pr=60 surv=17 ex=13 bad=0 hits=0 t=1s
== (P,Q)=(449,391) C=177241 SQ
  F1 c0/c2@t0=391: rank[4,4] g=4 src=pari sat=1 tors=4 st=12004 hmax=132 pr=60 surv=17 ex=13 bad=0 hits=0 t=1s
  F1 c0/c3@t0=391: rank[3,3] g=3 src=pari sat=1 tors=4 st=11988 hmax=424 pr=60 surv=43 ex=39 bad=0 hits=0 t=1s
  F1 c0/c6@t0=391: rank[1,1] g=1 src=pari sat=1 tors=8 st=232 hmax=1184 pr=60 surv=17 ex=13 bad=0 hits=0 t=1s
  F1 c0/c8@t0=391: rank[1,1] g=1 src=pari sat=1 tors=8 st=232 hmax=1188 pr=60 surv=17 ex=13 bad=0 hits=0 t=1s
  F1 c2/c3@t0=391: rank[3,3] g=3 src=pari sat=1 tors=4 st=11988 hmax=424 pr=60 surv=44 ex=40 bad=0 hits=0 t=1s
  F1 c2/c6@t0=391: rank[2,2] g=2 src=pari sat=1 tors=8 st=3080 hmax=1199 pr=60 surv=17 ex=13 bad=0 hits=0 t=1s
  F1 c2/c8@t0=391: rank[3,3] g=3 src=pari sat=1 tors=4 st=11900 hmax=353 pr=60 surv=29 ex=25 bad=0 hits=0 t=1s
  F1 c3/c6@t0=391: rank[2,2] g=2 src=pari+mw sat=1 tors=4 st=3268 hmax=1199 pr=60 surv=17 ex=13 bad=0 hits=0 t=1s
  F1 c3/c8@t0=391: rank[2,2] g=2 src=pari+mw sat=1 tors=4 st=3268 hmax=1199 pr=60 surv=17 ex=13 bad=0 hits=0 t=1s
  F1 c6/c8@t0=391: rank[4,4] g=4 src=pari sat=1 tors=4 st=12004 hmax=150 pr=60 surv=17 ex=13 bad=0 hits=0 t=1s
  F2 c2/c3@t0=391: rank[4,4] g=4 src=pari sat=1 tors=4 st=12004 hmax=132 pr=60 surv=20 ex=16 bad=0 hits=0 t=1s
  F2 c2/c5@t0=391: rank[4,4] g=4 src=pari sat=1 tors=4 st=12004 hmax=132 pr=60 surv=17 ex=13 bad=0 hits=0 t=1s
  F2 c2/c6@t0=391: rank[2,2] g=2 src=pari sat=1 tors=4 st=3444 hmax=1198 pr=60 surv=17 ex=13 bad=0 hits=0 t=1s
  F2 c2/c8@t0=391: rank[2,2] g=2 src=pari sat=1 tors=4 st=3444 hmax=1198 pr=60 surv=17 ex=13 bad=0 hits=0 t=1s
  F2 c3/c5@t0=391: rank[3,3] g=3 src=pari sat=1 tors=4 st=11988 hmax=424 pr=60 surv=43 ex=39 bad=0 hits=0 t=1s
  F2 c3/c6@t0=391: rank[3,3] g=3 src=pari sat=1 tors=4 st=11900 hmax=353 pr=60 surv=32 ex=28 bad=0 hits=0 t=1s
  F2 c3/c8@t0=391: rank[2,2] g=2 src=pari sat=1 tors=8 st=3080 hmax=1199 pr=60 surv=17 ex=13 bad=0 hits=0 t=1s
  F2 c5/c6@t0=391: rank[1,1] g=1 src=pari sat=1 tors=8 st=232 hmax=1184 pr=60 surv=17 ex=13 bad=0 hits=0 t=1s
  F2 c5/c8@t0=391: rank[1,1] g=1 src=pari sat=1 tors=8 st=232 hmax=1188 pr=60 surv=17 ex=13 bad=0 hits=0 t=1s
  F2 c6/c8@t0=391: rank[3,3] g=3 src=pari sat=3 tors=4 st=11916 hmax=462 pr=60 surv=49 ex=45 bad=0 hits=0 t=1s
  F3 c1/c3@t0=391: rank[2,2] g=2 src=pari sat=1 tors=4 st=2092 hmax=1200 pr=60 surv=9 ex=7 bad=0 hits=0 t=1s
  F3 c1/c5@t0=391: rank[1,1] g=1 src=pari sat=1 tors=4 st=76 hmax=1005 pr=60 surv=9 ex=7 bad=0 hits=0 t=1s
  F3 c1/c6@t0=391: rank[2,2] g=2 src=pari sat=1 tors=4 st=3444 hmax=1198 pr=60 surv=17 ex=13 bad=0 hits=0 t=1s
  F3 c1/c7@t0=391: rank[2,2] g=2 src=pari sat=1 tors=4 st=3444 hmax=1198 pr=60 surv=17 ex=13 bad=0 hits=0 t=1s
  F3 c3/c5@t0=421: rank[3,3] g=3 src=pari sat=3 tors=4 st=11916 hmax=462 pr=60 surv=26 ex=22 bad=0 hits=0 t=1s
  F3 c6/c3@t0=391: rank[2,2] g=2 src=pari sat=1 tors=4 st=3444 hmax=1198 pr=60 surv=18 ex=16 bad=0 hits=0 t=1s
  F3 c7/c3@t0=391: rank[2,2] g=2 src=pari sat=1 tors=4 st=4692 hmax=1198 pr=60 surv=21 ex=15 bad=0 hits=0 t=1s
  F3 c6/c5@t0=391: rank[3,3] g=3 src=pari sat=3 tors=4 st=11916 hmax=462 pr=60 surv=34 ex=32 bad=0 hits=0 t=1s
  F3 c7/c5@t0=391: rank[3,3] g=3 src=pari sat=1 tors=4 st=12004 hmax=774 pr=60 surv=26 ex=24 bad=0 hits=0 t=1s
  F3 c6/c7@t0=391: rank[3,3] g=3 src=pari sat=3 tors=4 st=11916 hmax=462 pr=60 surv=34 ex=30 bad=0 hits=0 t=1s
  F4 c2/c3@t0=391: rank[2,2] g=2 src=pari sat=1 tors=4 st=2092 hmax=1200 pr=60 surv=9 ex=5 bad=0 hits=0 t=1s
  F4 c2/c5@t0=391: rank[1,1] g=1 src=pari sat=1 tors=4 st=76 hmax=1005 pr=60 surv=9 ex=5 bad=0 hits=0 t=1s
  F4 c2/c6@t0=391: rank[2,2] g=2 src=pari sat=1 tors=4 st=3444 hmax=1198 pr=60 surv=18 ex=14 bad=0 hits=0 t=1s
  F4 c2/c7@t0=391: rank[2,2] g=2 src=pari sat=1 tors=4 st=3444 hmax=1198 pr=60 surv=17 ex=13 bad=0 hits=0 t=1s
  F4 c3/c5@t0=391: rank[1,1] g=1 src=pari sat=1 tors=4 st=108 hmax=1083 pr=60 surv=10 ex=6 bad=0 hits=0 t=1s
  F4 c3/c6@t0=391: rank[2,2] g=2 src=pari sat=1 tors=4 st=2092 hmax=1200 pr=60 surv=9 ex=5 bad=0 hits=0 t=1s
  F4 c3/c7@t0=391: rank[1,1] g=1 src=pari sat=1 tors=4 st=108 hmax=1083 pr=60 surv=10 ex=6 bad=0 hits=0 t=1s
  F4 c5/c6@t0=391: rank[2,2] g=2 src=pari sat=1 tors=4 st=4692 hmax=1198 pr=60 surv=25 ex=17 bad=0 hits=0 t=1s
  F4 c5/c7@t0=391: rank[1,1] g=1 src=pari sat=1 tors=4 st=108 hmax=1070 pr=60 surv=9 ex=5 bad=0 hits=0 t=1s
  F4 c6/c7@t0=391: rank[3,3] g=3 src=pari sat=3 tors=4 st=11916 hmax=462 pr=60 surv=26 ex=22 bad=0 hits=0 t=1s
== (P,Q)=(457,49) C=105625 SQ
  F1 c0/c2@t0=49: rank[2,2] g=2 src=pari sat=1 tors=4 st=3812 hmax=1197 pr=60 surv=17 ex=13 bad=0 hits=0 t=1s
  F1 c0/c3@t0=49: rank[2,2] g=2 src=pari sat=1 tors=4 st=3412 hmax=1200 pr=60 surv=26 ex=22 bad=0 hits=0 t=1s
  F1 c0/c6@t0=49: rank[1,1] g=1 src=pari sat=1 tors=8 st=232 hmax=1107 pr=60 surv=17 ex=13 bad=0 hits=0 t=1s
  F1 c0/c8@t0=49: rank[1,1] g=1 src=pari sat=1 tors=8 st=232 hmax=1137 pr=60 surv=33 ex=29 bad=0 hits=0 t=1s
  F1 c2/c3@t0=49: rank[2,2] g=2 src=pari sat=1 tors=4 st=3412 hmax=1200 pr=60 surv=26 ex=22 bad=0 hits=0 t=1s
  F1 c2/c6@t0=49: rank[1,1] g=1 src=pari sat=1 tors=8 st=232 hmax=1101 pr=60 surv=17 ex=13 bad=0 hits=0 t=1s
  F1 c2/c8@t0=49: rank[3,3] g=3 src=pari sat=1 tors=4 st=11940 hmax=514 pr=60 surv=43 ex=39 bad=0 hits=0 t=1s
  F1 c3/c6@t0=49: rank[2,2] g=2 src=pari+mw sat=2 tors=4 st=3412 hmax=1200 pr=60 surv=17 ex=13 bad=0 hits=0 t=1s
  F1 c3/c8@t0=49: rank[2,2] g=2 src=pari+mw sat=2 tors=4 st=3412 hmax=1200 pr=60 surv=17 ex=13 bad=0 hits=0 t=1s
  F1 c6/c8@t0=49: rank[3,3] g=3 src=pari+mw sat=1 tors=4 st=11964 hmax=786 pr=60 surv=18 ex=14 bad=0 hits=0 t=1s
  F2 c2/c3@t0=49: rank[2,2] g=2 src=pari sat=1 tors=4 st=3812 hmax=1197 pr=60 surv=17 ex=13 bad=0 hits=0 t=1s
  F2 c2/c5@t0=49: rank[2,2] g=2 src=pari sat=1 tors=4 st=3812 hmax=1197 pr=60 surv=17 ex=13 bad=0 hits=0 t=1s
  F2 c2/c6@t0=49: rank[3,3] g=3 src=pari sat=1 tors=4 st=11996 hmax=364 pr=60 surv=25 ex=21 bad=0 hits=0 t=1s
  F2 c2/c8@t0=49: rank[3,3] g=3 src=pari sat=1 tors=4 st=11996 hmax=364 pr=60 surv=25 ex=21 bad=0 hits=0 t=1s
  F2 c3/c5@t0=49: rank[2,2] g=2 src=pari sat=1 tors=4 st=3412 hmax=1200 pr=60 surv=26 ex=22 bad=0 hits=0 t=1s
  F2 c3/c6@t0=49: rank[3,3] g=3 src=pari sat=1 tors=4 st=11940 hmax=514 pr=60 surv=38 ex=34 bad=0 hits=0 t=1s
  F2 c3/c8@t0=49: rank[1,1] g=1 src=pari sat=1 tors=8 st=232 hmax=1101 pr=60 surv=17 ex=13 bad=0 hits=0 t=1s
  F2 c5/c6@t0=49: rank[1,1] g=1 src=pari sat=1 tors=8 st=232 hmax=1107 pr=60 surv=17 ex=13 bad=0 hits=0 t=1s
  F2 c5/c8@t0=49: rank[1,1] g=1 src=pari sat=1 tors=8 st=232 hmax=1137 pr=60 surv=33 ex=29 bad=0 hits=0 t=1s
  F2 c6/c8@t0=49: rank[4,4] g=4 src=pari sat=1 tors=4 st=11972 hmax=76 pr=60 surv=18 ex=14 bad=0 hits=0 t=1s
  F3 c1/c3@t0=49: rank[1,3] g=1 INC src=pari+mw sat=1 tors=4 st=108 hmax=1036 pr=60 surv=9 ex=7 bad=0 hits=0 t=29s
  F3 c1/c5@t0=49: rank[2,2] g=2 src=pari sat=1 tors=4 st=876 hmax=1197 pr=60 surv=9 ex=7 bad=0 hits=0 t=1s
  F3 c1/c6@t0=49: rank[3,3] g=3 src=pari sat=1 tors=4 st=11996 hmax=364 pr=60 surv=17 ex=13 bad=0 hits=0 t=1s
  F3 c1/c7@t0=49: rank[3,3] g=3 src=pari sat=1 tors=4 st=11996 hmax=364 pr=60 surv=33 ex=29 bad=0 hits=0 t=1s
  F3 c3/c5@t0=325: rank[4,4] g=4 src=pari sat=1 tors=4 st=11972 hmax=76 pr=60 surv=18 ex=14 bad=0 hits=0 t=1s
  F3 c6/c3@t0=49: rank[3,3] g=3 src=pari sat=1 tors=4 st=11996 hmax=364 pr=60 surv=17 ex=15 bad=0 hits=0 t=1s
  F3 c7/c3@t0=49: rank[1,1] g=1 src=pari sat=1 tors=4 st=164 hmax=1191 pr=60 surv=13 ex=7 bad=0 hits=0 t=1s
  F3 c6/c5@t0=49: rank[4,4] g=4 src=pari sat=1 tors=4 st=11972 hmax=76 pr=60 surv=20 ex=18 bad=0 hits=0 t=1s
  F3 c7/c5@t0=49: rank[1,1] g=1 src=pari sat=1 tors=4 st=108 hmax=1065 pr=60 surv=9 ex=7 bad=0 hits=0 t=1s
  F3 c6/c7@t0=49: rank[4,4] g=4 src=pari sat=1 tors=4 st=11972 hmax=76 pr=60 surv=18 ex=14 bad=0 hits=0 t=1s
  F4 c2/c3@t0=49: rank[1,3] g=1 INC src=pari+mw sat=1 tors=4 st=108 hmax=1036 pr=60 surv=9 ex=5 bad=0 hits=0 t=29s
  F4 c2/c5@t0=49: rank[2,2] g=2 src=pari sat=1 tors=4 st=876 hmax=1197 pr=60 surv=9 ex=5 bad=0 hits=0 t=1s
  F4 c2/c6@t0=49: rank[3,3] g=3 src=pari sat=1 tors=4 st=11996 hmax=364 pr=60 surv=17 ex=13 bad=0 hits=0 t=1s
  F4 c2/c7@t0=49: rank[3,3] g=3 src=pari sat=1 tors=4 st=11996 hmax=364 pr=60 surv=33 ex=29 bad=0 hits=0 t=1s
  F4 c3/c5@t0=49: rank[1,1] g=1 src=pari sat=1 tors=4 st=108 hmax=1094 pr=60 surv=9 ex=5 bad=0 hits=0 t=1s
  F4 c3/c6@t0=49: rank[1,3] g=1 INC src=pari+mw sat=1 tors=4 st=108 hmax=1036 pr=60 surv=9 ex=5 bad=0 hits=0 t=1s
  F4 c3/c7@t0=49: rank[1,1] g=1 src=pari sat=1 tors=4 st=108 hmax=1094 pr=60 surv=9 ex=5 bad=0 hits=0 t=1s
  F4 c5/c6@t0=49: rank[1,1] g=1 src=pari sat=1 tors=4 st=164 hmax=1191 pr=60 surv=13 ex=5 bad=0 hits=0 t=1s
  F4 c5/c7@t0=49: rank[2,2] g=2 src=pari sat=1 tors=4 st=2172 hmax=1200 pr=60 surv=10 ex=6 bad=0 hits=0 t=1s
  F4 c6/c7@t0=49: rank[4,4] g=4 src=pari sat=1 tors=4 st=11972 hmax=76 pr=60 surv=18 ex=14 bad=0 hits=0 t=1s
== (P,Q)=(463,113) C=113569 SQ
  F1 c0/c2@t0=113: rank[3,3] g=3 src=pari sat=1 tors=4 st=11932 hmax=293 pr=60 surv=19 ex=15 bad=0 hits=0 t=1s
  F1 c0/c3@t0=113: rank[3,3] g=3 src=pari sat=1 tors=4 st=11900 hmax=393 pr=60 surv=31 ex=27 bad=0 hits=0 t=1s
  F1 c0/c6@t0=113: rank[1,1] g=1 src=pari sat=1 tors=8 st=232 hmax=1125 pr=60 surv=17 ex=13 bad=0 hits=0 t=1s
  F1 c0/c8@t0=113: rank[1,1] g=1 src=pari sat=1 tors=8 st=232 hmax=1150 pr=60 surv=17 ex=13 bad=0 hits=0 t=1s
  F1 c2/c3@t0=113: rank[3,3] g=3 src=pari sat=1 tors=4 st=11900 hmax=393 pr=60 surv=29 ex=25 bad=0 hits=0 t=1s
  F1 c2/c6@t0=113: rank[2,2] g=1 INC src=pari+mw sat=1 tors=8 st=232 hmax=1112 pr=60 surv=17 ex=13 bad=0 hits=0 t=15s
  F1 c2/c8@t0=113: rank[2,2] g=2 src=pari sat=1 tors=4 st=2876 hmax=1198 pr=60 surv=25 ex=21 bad=0 hits=0 t=1s
  F1 c3/c6@t0=113: rank[2,2] g=2 src=pari sat=1 tors=4 st=3372 hmax=1199 pr=60 surv=17 ex=13 bad=0 hits=0 t=1s
  F1 c3/c8@t0=113: rank[2,2] g=2 src=pari sat=1 tors=4 st=3372 hmax=1199 pr=60 surv=17 ex=13 bad=0 hits=0 t=1s
  F1 c6/c8@t0=113: rank[2,2] g=2 src=pari sat=1 tors=4 st=3604 hmax=1197 pr=60 surv=17 ex=13 bad=0 hits=0 t=1s
  F2 c2/c3@t0=113: rank[3,3] g=3 src=pari sat=1 tors=4 st=11932 hmax=293 pr=60 surv=19 ex=15 bad=0 hits=0 t=1s
  F2 c2/c5@t0=113: rank[3,3] g=3 src=pari sat=1 tors=4 st=11932 hmax=293 pr=60 surv=19 ex=15 bad=0 hits=0 t=1s
  F2 c2/c6@t0=113: rank[3,3] g=3 src=pari sat=1 tors=4 st=12004 hmax=438 pr=60 surv=17 ex=13 bad=0 hits=0 t=1s
  F2 c2/c8@t0=113: rank[3,3] g=3 src=pari sat=1 tors=4 st=12004 hmax=438 pr=60 surv=18 ex=14 bad=0 hits=0 t=1s
  F2 c3/c5@t0=113: rank[3,3] g=3 src=pari sat=1 tors=4 st=11900 hmax=393 pr=60 surv=31 ex=27 bad=0 hits=0 t=1s
  F2 c3/c6@t0=113: rank[2,2] g=2 src=pari sat=1 tors=4 st=2876 hmax=1198 pr=60 surv=25 ex=21 bad=0 hits=0 t=1s
  F2 c3/c8@t0=113: rank[2,2] g=1 INC src=pari+mw sat=1 tors=8 st=232 hmax=1112 pr=60 surv=17 ex=13 bad=0 hits=0 t=15s
  F2 c5/c6@t0=113: rank[1,1] g=1 src=pari sat=1 tors=8 st=232 hmax=1125 pr=60 surv=17 ex=13 bad=0 hits=0 t=1s
  F2 c5/c8@t0=113: rank[1,1] g=1 src=pari sat=1 tors=8 st=232 hmax=1150 pr=60 surv=17 ex=13 bad=0 hits=0 t=1s
  F2 c6/c8@t0=113: rank[3,3] g=3 src=pari sat=1 tors=4 st=12004 hmax=479 pr=60 surv=35 ex=31 bad=0 hits=0 t=1s
  F3 c1/c3@t0=113: rank[1,1] g=1 src=pari sat=1 tors=4 st=108 hmax=1042 pr=60 surv=9 ex=7 bad=0 hits=0 t=1s
  F3 c1/c5@t0=113: rank[2,2] g=2 src=pari sat=1 tors=4 st=988 hmax=1197 pr=60 surv=9 ex=7 bad=0 hits=0 t=1s
  F3 c1/c6@t0=113: rank[3,3] g=3 src=pari sat=1 tors=4 st=12004 hmax=438 pr=60 surv=19 ex=15 bad=0 hits=0 t=1s
  F3 c1/c7@t0=113: rank[3,3] g=3 src=pari sat=1 tors=4 st=12004 hmax=438 pr=60 surv=19 ex=15 bad=0 hits=0 t=1s
  F3 c3/c5@t0=337: rank[3,3] g=3 src=pari sat=1 tors=4 st=12004 hmax=479 pr=60 surv=36 ex=32 bad=0 hits=0 t=1s
  F3 c6/c3@t0=113: rank[3,3] g=3 src=pari sat=1 tors=4 st=12004 hmax=438 pr=60 surv=19 ex=17 bad=0 hits=0 t=1s
  F3 c7/c3@t0=113: rank[1,1] g=1 src=pari sat=1 tors=4 st=164 hmax=1196 pr=60 surv=21 ex=15 bad=0 hits=0 t=1s
  F3 c6/c5@t0=113: rank[3,3] g=3 src=pari sat=1 tors=4 st=12004 hmax=479 pr=60 surv=38 ex=36 bad=0 hits=0 t=1s
  F3 c7/c5@t0=113: rank[2,2] g=2 src=pari+mw sat=1 tors=4 st=780 hmax=1181 pr=60 surv=9 ex=7 bad=0 hits=0 t=1s
  F3 c6/c7@t0=113: rank[3,3] g=3 src=pari sat=1 tors=4 st=12004 hmax=479 pr=60 surv=38 ex=34 bad=0 hits=0 t=1s
  F4 c2/c3@t0=113: rank[1,1] g=1 src=pari sat=1 tors=4 st=108 hmax=1042 pr=60 surv=9 ex=5 bad=0 hits=0 t=1s
  F4 c2/c5@t0=113: rank[2,2] g=2 src=pari sat=1 tors=4 st=988 hmax=1197 pr=60 surv=9 ex=5 bad=0 hits=0 t=1s
  F4 c2/c6@t0=113: rank[3,3] g=3 src=pari sat=1 tors=4 st=12004 hmax=438 pr=60 surv=19 ex=15 bad=0 hits=0 t=1s
  F4 c2/c7@t0=113: rank[3,3] g=3 src=pari sat=1 tors=4 st=12004 hmax=438 pr=60 surv=17 ex=13 bad=0 hits=0 t=1s
  F4 c3/c5@t0=113: rank[2,2] g=2 src=pari sat=1 tors=4 st=2852 hmax=1196 pr=60 surv=9 ex=5 bad=0 hits=0 t=1s
  F4 c3/c6@t0=113: rank[1,1] g=1 src=pari sat=1 tors=4 st=108 hmax=1042 pr=60 surv=9 ex=5 bad=0 hits=0 t=1s
  F4 c3/c7@t0=113: rank[2,2] g=2 src=pari sat=1 tors=4 st=2852 hmax=1196 pr=60 surv=9 ex=5 bad=0 hits=0 t=1s
  F4 c5/c6@t0=113: rank[1,1] g=1 src=pari sat=1 tors=4 st=164 hmax=1196 pr=60 surv=21 ex=13 bad=0 hits=0 t=1s
  F4 c5/c7@t0=113: rank[3,3] g=3 src=pari sat=1 tors=4 st=11940 hmax=612 pr=60 surv=10 ex=6 bad=0 hits=0 t=1s
  F4 c6/c7@t0=113: rank[3,3] g=3 src=pari sat=1 tors=4 st=12004 hmax=479 pr=60 surv=36 ex=32 bad=0 hits=0 t=1s
== (P,Q)=(479,119) C=121801 SQ
  F1 c0/c2@t0=119: rank[3,3] g=3 src=pari sat=3 tors=4 st=12004 hmax=245 pr=60 surv=31 ex=27 bad=0 hits=0 t=1s
  F1 c0/c3@t0=119: rank[2,2] g=2 src=pari sat=1 tors=4 st=3388 hmax=1199 pr=60 surv=17 ex=13 bad=0 hits=0 t=1s
  F1 c0/c6@t0=119: rank[1,1] g=1 src=pari sat=1 tors=8 st=232 hmax=1132 pr=60 surv=17 ex=13 bad=0 hits=0 t=1s
  F1 c0/c8@t0=119: rank[2,2] g=2 src=pari sat=1 tors=8 st=5688 hmax=1199 pr=60 surv=25 ex=21 bad=0 hits=0 t=1s
  F1 c2/c3@t0=119: rank[2,2] g=2 src=pari sat=1 tors=4 st=3388 hmax=1199 pr=60 surv=17 ex=13 bad=0 hits=0 t=1s
  F1 c2/c6@t0=119: rank[3,3] g=3 src=pari sat=1 tors=8 st=23800 hmax=702 pr=60 surv=73 ex=69 bad=0 hits=0 t=1s
  F1 c2/c8@t0=119: rank[3,3] g=3 src=pari sat=1 tors=4 st=12004 hmax=393 pr=60 surv=37 ex=33 bad=0 hits=0 t=1s
  F1 c3/c6@t0=119: rank[3,3] g=3 src=pari+mw sat=1 tors=4 st=12004 hmax=732 pr=60 surv=27 ex=23 bad=0 hits=0 t=2s
  F1 c3/c8@t0=119: rank[1,3] g=3 src=pari+mw sat=1 tors=4 st=12004 hmax=732 pr=60 surv=27 ex=23 bad=0 hits=0 t=1s
  F1 c6/c8@t0=119: rank[3,3] g=3 src=pari sat=3 tors=4 st=11988 hmax=479 pr=60 surv=28 ex=24 bad=0 hits=0 t=1s
  F2 c2/c3@t0=119: rank[3,3] g=3 src=pari sat=1 tors=4 st=12004 hmax=245 pr=60 surv=31 ex=27 bad=0 hits=0 t=1s
  F2 c2/c5@t0=119: rank[3,3] g=3 src=pari sat=3 tors=4 st=12004 hmax=245 pr=60 surv=31 ex=27 bad=0 hits=0 t=1s
  F2 c2/c6@t0=119: rank[2,2] g=2 src=pari sat=1 tors=4 st=3596 hmax=1199 pr=60 surv=25 ex=21 bad=0 hits=0 t=1s
  F2 c2/c8@t0=119: rank[2,2] g=2 src=pari sat=1 tors=4 st=3596 hmax=1199 pr=60 surv=25 ex=21 bad=0 hits=0 t=1s
  F2 c3/c5@t0=119: rank[2,2] g=2 src=pari sat=1 tors=4 st=3388 hmax=1199 pr=60 surv=17 ex=13 bad=0 hits=0 t=1s
  F2 c3/c6@t0=119: rank[3,3] g=3 src=pari sat=1 tors=4 st=12004 hmax=393 pr=60 surv=37 ex=33 bad=0 hits=0 t=1s
  F2 c3/c8@t0=119: rank[3,3] g=3 src=pari sat=1 tors=8 st=23800 hmax=702 pr=60 surv=76 ex=72 bad=0 hits=0 t=1s
  F2 c5/c6@t0=119: rank[1,1] g=1 src=pari sat=1 tors=8 st=232 hmax=1132 pr=60 surv=17 ex=13 bad=0 hits=0 t=1s
  F2 c5/c8@t0=119: rank[2,2] g=2 src=pari sat=1 tors=8 st=5688 hmax=1199 pr=60 surv=25 ex=21 bad=0 hits=0 t=1s
  F2 c6/c8@t0=119: rank[3,3] g=3 src=pari sat=1 tors=4 st=11932 hmax=525 pr=60 surv=17 ex=13 bad=0 hits=0 t=1s
  F3 c1/c3@t0=119: rank[2,2] g=2 src=pari sat=1 tors=4 st=2172 hmax=1180 pr=60 surv=9 ex=7 bad=0 hits=0 t=1s
  F3 c1/c5@t0=119: rank[1,1] g=1 src=pari sat=1 tors=4 st=76 hmax=978 pr=60 surv=9 ex=7 bad=0 hits=0 t=1s
  F3 c1/c6@t0=119: rank[2,2] g=2 src=pari sat=1 tors=4 st=3596 hmax=1199 pr=60 surv=17 ex=13 bad=0 hits=0 t=1s
  F3 c1/c7@t0=119: rank[2,2] g=2 src=pari sat=1 tors=4 st=3596 hmax=1199 pr=60 surv=19 ex=15 bad=0 hits=0 t=1s
  F3 c3/c5@t0=349: rank[3,3] g=3 src=pari sat=1 tors=4 st=11932 hmax=525 pr=60 surv=18 ex=14 bad=0 hits=0 t=1s
  F3 c6/c3@t0=119: rank[2,2] g=2 src=pari sat=1 tors=4 st=3596 hmax=1199 pr=60 surv=17 ex=15 bad=0 hits=0 t=1s
  F3 c7/c3@t0=119: rank[1,1] g=1 src=pari sat=1 tors=4 st=156 hmax=1085 pr=60 surv=21 ex=15 bad=0 hits=0 t=1s
  F3 c6/c5@t0=119: rank[3,3] g=3 src=pari sat=1 tors=4 st=11932 hmax=525 pr=60 surv=33 ex=31 bad=0 hits=0 t=1s
  F3 c7/c5@t0=119: rank[2,2] g=2 src=pari+mw sat=1 tors=4 st=828 hmax=1161 pr=60 surv=11 ex=9 bad=0 hits=0 t=1s
  F3 c6/c7@t0=119: rank[3,3] g=3 src=pari sat=1 tors=4 st=11932 hmax=525 pr=60 surv=33 ex=29 bad=0 hits=0 t=1s
  F4 c2/c3@t0=119: rank[2,2] g=2 src=pari sat=1 tors=4 st=2172 hmax=1180 pr=60 surv=9 ex=5 bad=0 hits=0 t=1s
  F4 c2/c5@t0=119: rank[1,1] g=1 src=pari sat=1 tors=4 st=76 hmax=978 pr=60 surv=9 ex=5 bad=0 hits=0 t=1s
  F4 c2/c6@t0=119: rank[2,2] g=2 src=pari sat=1 tors=4 st=3596 hmax=1199 pr=60 surv=17 ex=13 bad=0 hits=0 t=1s
  F4 c2/c7@t0=119: rank[2,2] g=2 src=pari sat=1 tors=4 st=3596 hmax=1199 pr=60 surv=17 ex=13 bad=0 hits=0 t=1s
  F4 c3/c5@t0=119: rank[1,1] g=1 src=pari sat=1 tors=4 st=108 hmax=1102 pr=60 surv=9 ex=5 bad=0 hits=0 t=1s
  F4 c3/c6@t0=119: rank[2,2] g=2 src=pari sat=1 tors=4 st=2172 hmax=1180 pr=60 surv=9 ex=5 bad=0 hits=0 t=1s
  F4 c3/c7@t0=119: rank[1,1] g=1 src=pari sat=1 tors=4 st=108 hmax=1102 pr=60 surv=9 ex=5 bad=0 hits=0 t=1s
  F4 c5/c6@t0=119: rank[1,1] g=1 src=pari sat=1 tors=4 st=156 hmax=1085 pr=60 surv=21 ex=13 bad=0 hits=0 t=1s
  F4 c5/c7@t0=119: rank[2,2] g=1 INC src=pari+mw sat=1 tors=4 st=108 hmax=1048 pr=60 surv=9 ex=5 bad=0 hits=0 t=10s
  F4 c6/c7@t0=119: rank[3,3] g=3 src=pari sat=1 tors=4 st=11932 hmax=525 pr=60 surv=18 ex=14 bad=0 hits=0 t=1s
== (P,Q)=(487,217) C=142129 SQ
  F1 c0/c2@t0=217: rank[3,3] g=3 src=pari sat=1 tors=4 st=12004 hmax=355 pr=60 surv=26 ex=22 bad=0 hits=0 t=1s
  F1 c0/c3@t0=217: rank[4,4] g=4 src=pari sat=1 tors=4 st=12004 hmax=91 pr=60 surv=17 ex=13 bad=0 hits=0 t=1s
  F1 c0/c6@t0=217: rank[2,2] g=2 src=pari sat=1 tors=8 st=3864 hmax=1193 pr=60 surv=18 ex=14 bad=0 hits=0 t=1s
  F1 c0/c8@t0=217: rank[2,2] g=2 src=pari sat=1 tors=8 st=5416 hmax=1199 pr=60 surv=21 ex=17 bad=0 hits=0 t=1s
  F1 c2/c3@t0=217: rank[4,4] g=4 src=pari sat=1 tors=4 st=12004 hmax=91 pr=60 surv=17 ex=13 bad=0 hits=0 t=1s
  F1 c2/c6@t0=217: rank[2,2] g=2 src=pari sat=1 tors=8 st=3176 hmax=1196 pr=60 surv=27 ex=23 bad=0 hits=0 t=1s
  F1 c2/c8@t0=217: rank[3,3] g=3 src=pari sat=1 tors=4 st=12004 hmax=499 pr=60 surv=38 ex=34 bad=0 hits=0 t=1s
  F1 c3/c6@t0=217: rank[2,2] g=2 src=pari sat=1 tors=4 st=3316 hmax=1199 pr=60 surv=18 ex=14 bad=0 hits=0 t=1s
  F1 c3/c8@t0=217: rank[2,2] g=2 src=pari sat=1 tors=4 st=3316 hmax=1199 pr=60 surv=18 ex=14 bad=0 hits=0 t=1s
  F1 c6/c8@t0=217: rank[3,3] g=3 src=pari sat=1 tors=4 st=11916 hmax=619 pr=60 surv=27 ex=23 bad=0 hits=0 t=1s
  F2 c2/c3@t0=217: rank[3,3] g=3 src=pari sat=1 tors=4 st=12004 hmax=355 pr=60 surv=26 ex=22 bad=0 hits=0 t=1s
  F2 c2/c5@t0=217: rank[3,3] g=3 src=pari sat=1 tors=4 st=12004 hmax=355 pr=60 surv=25 ex=21 bad=0 hits=0 t=1s
  F2 c2/c6@t0=217: rank[3,3] g=3 src=pari sat=1 tors=4 st=11948 hmax=341 pr=60 surv=17 ex=13 bad=0 hits=0 t=1s
  F2 c2/c8@t0=217: rank[3,3] g=3 src=pari sat=1 tors=4 st=11948 hmax=341 pr=60 surv=17 ex=13 bad=0 hits=0 t=1s
  F2 c3/c5@t0=217: rank[4,4] g=4 src=pari sat=1 tors=4 st=12004 hmax=91 pr=60 surv=17 ex=13 bad=0 hits=0 t=1s
  F2 c3/c6@t0=217: rank[3,3] g=3 src=pari sat=1 tors=4 st=12004 hmax=499 pr=60 surv=45 ex=41 bad=0 hits=0 t=1s
  F2 c3/c8@t0=217: rank[2,2] g=2 src=pari sat=1 tors=8 st=3176 hmax=1196 pr=60 surv=25 ex=21 bad=0 hits=0 t=1s
  F2 c5/c6@t0=217: rank[2,2] g=2 src=pari sat=1 tors=8 st=3864 hmax=1193 pr=60 surv=18 ex=14 bad=0 hits=0 t=1s
  F2 c5/c8@t0=217: rank[2,2] g=2 src=pari sat=1 tors=8 st=5416 hmax=1199 pr=60 surv=21 ex=17 bad=0 hits=0 t=1s
  F2 c6/c8@t0=217: rank[3,3] g=3 src=pari sat=1 tors=4 st=12004 hmax=396 pr=60 surv=37 ex=33 bad=0 hits=0 t=1s
  F3 c1/c3@t0=217: rank[1,1] g=1 src=pari sat=1 tors=4 st=108 hmax=1060 pr=60 surv=9 ex=7 bad=0 hits=0 t=1s
  F3 c1/c5@t0=217: rank[1,1] g=1 src=pari sat=1 tors=4 st=76 hmax=993 pr=60 surv=9 ex=7 bad=0 hits=0 t=1s
  F3 c1/c6@t0=217: rank[3,3] g=3 src=pari sat=1 tors=4 st=11948 hmax=341 pr=60 surv=33 ex=29 bad=0 hits=0 t=1s
  F3 c1/c7@t0=217: rank[3,3] g=3 src=pari sat=1 tors=4 st=11948 hmax=341 pr=60 surv=17 ex=13 bad=0 hits=0 t=1s
  F3 c3/c5@t0=377: rank[3,3] g=3 src=pari sat=1 tors=4 st=12004 hmax=396 pr=60 surv=18 ex=14 bad=0 hits=0 t=1s
  F3 c6/c3@t0=217: rank[3,3] g=3 src=pari sat=1 tors=4 st=11948 hmax=341 pr=60 surv=33 ex=31 bad=0 hits=0 t=1s
  F3 c7/c3@t0=217: rank[1,1] g=1 src=pari sat=1 tors=4 st=156 hmax=1093 pr=60 surv=13 ex=7 bad=0 hits=0 t=1s
  F3 c6/c5@t0=217: rank[3,3] g=3 src=pari sat=1 tors=4 st=12004 hmax=396 pr=60 surv=33 ex=31 bad=0 hits=0 t=1s
  F3 c7/c5@t0=217: rank[1,1] g=1 src=pari sat=1 tors=4 st=108 hmax=1079 pr=60 surv=9 ex=7 bad=0 hits=0 t=1s
  F3 c6/c7@t0=217: rank[3,3] g=3 src=pari sat=1 tors=4 st=12004 hmax=396 pr=60 surv=33 ex=29 bad=0 hits=0 t=1s
  F4 c2/c3@t0=217: rank[1,1] g=1 src=pari sat=1 tors=4 st=108 hmax=1060 pr=60 surv=9 ex=5 bad=0 hits=0 t=1s
  F4 c2/c5@t0=217: rank[1,1] g=1 src=pari sat=1 tors=4 st=76 hmax=993 pr=60 surv=9 ex=5 bad=0 hits=0 t=1s
  F4 c2/c6@t0=217: rank[3,3] g=3 src=pari sat=1 tors=4 st=11948 hmax=341 pr=60 surv=33 ex=29 bad=0 hits=0 t=1s
  F4 c2/c7@t0=217: rank[3,3] g=3 src=pari sat=1 tors=4 st=11948 hmax=341 pr=60 surv=22 ex=18 bad=0 hits=0 t=1s
  F4 c3/c5@t0=217: rank[1,1] g=1 src=pari sat=1 tors=4 st=108 hmax=1104 pr=60 surv=9 ex=5 bad=0 hits=0 t=1s
  F4 c3/c6@t0=217: rank[1,1] g=1 src=pari sat=1 tors=4 st=108 hmax=1060 pr=60 surv=9 ex=5 bad=0 hits=0 t=1s
  F4 c3/c7@t0=217: rank[1,1] g=1 src=pari sat=1 tors=4 st=108 hmax=1104 pr=60 surv=9 ex=5 bad=0 hits=0 t=1s
  F4 c5/c6@t0=217: rank[1,1] g=1 src=pari sat=1 tors=4 st=156 hmax=1093 pr=60 surv=13 ex=5 bad=0 hits=0 t=1s
  F4 c5/c7@t0=217: rank[1,1] g=1 src=pari sat=1 tors=4 st=108 hmax=1060 pr=60 surv=9 ex=5 bad=0 hits=0 t=1s
  F4 c6/c7@t0=217: rank[3,3] g=3 src=pari sat=1 tors=4 st=12004 hmax=396 pr=60 surv=18 ex=14 bad=0 hits=0 t=1s
== (P,Q)=(497,47) C=124609 SQ
  F1 c0/c2@t0=47: rank[3,3] g=3 src=pari sat=1 tors=4 st=12004 hmax=368 pr=60 surv=17 ex=13 bad=0 hits=0 t=1s
  F1 c0/c3@t0=47: rank[2,2] g=2 src=pari sat=1 tors=4 st=3364 hmax=1193 pr=60 surv=22 ex=18 bad=0 hits=0 t=1s
  F1 c0/c6@t0=47: rank[1,1] g=1 src=pari sat=1 tors=8 st=232 hmax=1122 pr=60 surv=17 ex=13 bad=0 hits=0 t=1s
  F1 c0/c8@t0=47: rank[2,2] g=2 src=pari sat=1 tors=8 st=3112 hmax=1190 pr=60 surv=27 ex=23 bad=0 hits=0 t=1s
  F1 c2/c3@t0=47: rank[2,2] g=2 src=pari sat=1 tors=4 st=3364 hmax=1193 pr=60 surv=21 ex=17 bad=0 hits=0 t=1s
  F1 c2/c6@t0=47: rank[2,2] g=2 src=pari sat=1 tors=8 st=3512 hmax=1198 pr=60 surv=33 ex=29 bad=0 hits=0 t=1s
  F1 c2/c8@t0=47: rank[2,2] g=2 src=pari sat=1 tors=4 st=2860 hmax=1198 pr=60 surv=29 ex=25 bad=0 hits=0 t=1s
