(23,7) C0=289 □ K=50000
  TL/BR: rank[1,1] gens=1 src=pari sat=1 tors=8 states=800000 hmax=7220319100.0 primes=150 surv=9 exact=7 badbase=0 hits7=[(9, False), (9, False), (9, False), (9, False), (9, False), (9, False), (9, False)] exc=0 t_gens=0s t=5s
  TL/D: rank[3,3] gens=3 src=pari sat=1 tors=4 states=400000 hmax=1250.5 primes=150 surv=21 exact=18 badbase=0 hits7=[(9, False), (9, False), (9, False), (9, False), (9, False), (9, False), (9, False), (9, False), (9, False), (9, False), (7, False), (7, False), (7, False), (7, False), (9, False), (9, False), (9, False), (9, False)] exc=0 t_gens=0s t=4s
  BR/D: rank[2,2] gens=2 src=pari sat=1 tors=4 states=400000 hmax=74093.3 primes=150 surv=13 exact=11 badbase=0 hits7=[(9, False), (9, False), (9, False), (9, False), (9, False), (9, False), (9, False), (9, False), (9, False), (9, False), (9, False)] exc=0 t_gens=0s t=3s
  BL/TR: rank[2,2] gens=2 src=pari sat=1 tors=8 states=800000 hmax=90176.6 primes=150 surv=17 exact=14 badbase=0 hits7=[(9, False), (9, False), (9, False), (9, False), (9, False), (9, False), (9, False), (9, False), (9, False), (9, False), (9, False), (9, False), (9, False), (9, False)] exc=0 t_gens=0s t=4s
  BL/D: rank[2,2] gens=2 src=pari sat=1 tors=4 states=400000 hmax=74093.3 primes=150 surv=13 exact=11 badbase=0 hits7=[(9, False), (9, False), (9, False), (9, False), (9, False), (9, False), (9, False), (9, False), (9, False), (9, False), (9, False)] exc=0 t_gens=0s t=3s
  TR/D: rank[3,3] gens=3 src=pari sat=1 tors=4 states=400000 hmax=1250.5 primes=150 surv=25 exact=22 badbase=0 hits7=[(7, False), (7, False), (7, False), (7, False), (9, False), (9, False), (9, False), (9, False), (9, False), (9, False), (9, False), (9, False), (9, False), (9, False), (9, False), (9, False), (9, False), (9, False), (7, False), (7, False), (7, False), (7, False)] exc=0 t_gens=0s t=4s
(119,79) C0=10201 □ K=50000
  TL/BR: rank[2,2] gens=2 src=pari sat=1 tors=8 states=800000 hmax=196372.8 primes=150 surv=9 exact=7 badbase=0 hits7=[(9, False), (9, False), (9, False), (9, False), (9, False), (9, False), (9, False)] exc=0 t_gens=0s t=6s
  TL/D: rank[2,2] gens=2 src=pari sat=1 tors=4 states=400000 hmax=114709.0 primes=150 surv=13 exact=11 badbase=0 hits7=[(9, False), (9, False), (9, False), (9, False), (9, False), (9, False), (9, False), (9, False), (9, False), (9, False), (9, False)] exc=0 t_gens=0s t=4s
  BR/D: rank[3,3] gens=3 src=pari sat=1 tors=4 states=400000 hmax=3243.8 primes=150 surv=13 exact=11 badbase=0 hits7=[(9, False), (9, False), (9, False), (9, False), (9, False), (9, False), (9, False), (9, False), (9, False), (9, False), (9, False)] exc=0 t_gens=0s t=4s
  BL/TR: rank[1,1] gens=1 src=pari sat=1 tors=8 states=800000 hmax=11399118432.9 primes=150 surv=9 exact=7 badbase=0 hits7=[(9, False), (9, False), (9, False), (9, False), (9, False), (9, False), (9, False)] exc=0 t_gens=0s t=3s
  BL/D: rank[3,3] gens=3 src=pari sat=1 tors=4 states=400000 hmax=3243.8 primes=150 surv=13 exact=11 badbase=0 hits7=[(9, False), (9, False), (9, False), (9, False), (9, False), (9, False), (9, False), (9, False), (9, False), (9, False), (9, False)] exc=0 t_gens=0s t=4s
  TR/D: rank[2,2] gens=2 src=pari sat=1 tors=4 states=400000 hmax=114709.0 primes=150 surv=13 exact=11 badbase=0 hits7=[(9, False), (9, False), (9, False), (9, False), (9, False), (9, False), (9, False), (9, False), (9, False), (9, False), (9, False)] exc=0 t_gens=0s t=4s
(17,7) C0=169 □ K=50000
  TL/BR: rank[2,2] gens=2 src=pari sat=1 tors=8 states=800000 hmax=60514.1 primes=150 surv=9 exact=7 badbase=0 hits7=[(9, False), (9, False), (9, False), (9, False), (9, False), (9, False), (9, False)] exc=0 t_gens=0s t=6s
  TL/D: rank[2,2] gens=2 src=pari sat=1 tors=4 states=400000 hmax=68317.2 primes=150 surv=13 exact=10 badbase=0 hits7=[(9, False), (9, False), (9, False), (9, False), (9, False), (9, False), (9, False), (9, False), (9, False), (9, False)] exc=0 t_gens=0s t=4s
  BR/D: rank[2,2] gens=2 src=pari sat=1 tors=4 states=400000 hmax=67974.3 primes=150 surv=13 exact=10 badbase=0 hits7=[(9, False), (9, False), (9, False), (9, False), (9, False), (9, False), (9, False), (9, False), (9, False), (9, False)] exc=0 t_gens=0s t=3s
  BL/TR: rank[2,2] gens=2 src=pari sat=1 tors=8 states=800000 hmax=92242.6 primes=150 surv=9 exact=7 badbase=0 hits7=[(9, False), (9, False), (9, False), (9, False), (9, False), (9, False), (9, False)] exc=0 t_gens=0s t=5s
  BL/D: rank[2,2] gens=2 src=pari sat=1 tors=4 states=400000 hmax=67974.3 primes=150 surv=13 exact=11 badbase=0 hits7=[(9, False), (9, False), (9, False), (9, False), (9, False), (9, False), (9, False), (9, False), (9, False), (9, False), (9, False)] exc=0 t_gens=0s t=4s
  TR/D: rank[2,2] gens=2 src=pari sat=1 tors=4 states=400000 hmax=68317.2 primes=150 surv=13 exact=11 badbase=0 hits7=[(9, False), (9, False), (9, False), (9, False), (9, False), (9, False), (9, False), (9, False), (9, False), (9, False), (9, False)] exc=0 t_gens=0s t=4s
(79,47) C0=4225 □ K=50000
  TL/BR: rank[1,1] gens=1 src=pari sat=1 tors=8 states=800000 hmax=10554786533.9 primes=150 surv=9 exact=7 badbase=0 hits7=[(9, False), (9, False), (9, False), (9, False), (9, False), (9, False), (9, False)] exc=0 t_gens=0s t=4s
  TL/D: rank[3,3] gens=3 src=pari sat=1 tors=4 states=400000 hmax=2351.5 primes=150 surv=13 exact=11 badbase=0 hits7=[(9, False), (9, False), (9, False), (9, False), (9, False), (9, False), (9, False), (9, False), (9, False), (9, False), (9, False)] exc=0 t_gens=0s t=4s
  BR/D: rank[2,2] gens=2 src=pari sat=1 tors=4 states=400000 hmax=104707.4 primes=150 surv=13 exact=11 badbase=0 hits7=[(9, False), (9, False), (9, False), (9, False), (9, False), (9, False), (9, False), (9, False), (9, False), (9, False), (9, False)] exc=0 t_gens=0s t=3s
  BL/TR: rank[2,2] gens=2 src=pari sat=1 tors=8 states=800000 hmax=113236.2 primes=150 surv=9 exact=7 badbase=0 hits7=[(9, False), (9, False), (9, False), (9, False), (9, False), (9, False), (9, False)] exc=0 t_gens=0s t=5s
  BL/D: rank[2,2] gens=2 src=pari sat=1 tors=4 states=400000 hmax=104707.4 primes=150 surv=13 exact=11 badbase=0 hits7=[(9, False), (9, False), (9, False), (9, False), (9, False), (9, False), (9, False), (9, False), (9, False), (9, False), (9, False)] exc=0 t_gens=0s t=4s
  TR/D: rank[3,3] gens=3 src=pari sat=1 tors=4 states=400000 hmax=2351.5 primes=150 surv=17 exact=14 badbase=0 hits7=[(9, False), (9, False), (9, False), (9, False), (9, False), (9, False), (9, False), (9, False), (9, False), (9, False), (9, False), (9, False), (9, False), (9, False)] exc=0 t_gens=0s t=6s
(41,1) C0=841 □ K=50000
  TL/BR: rank[1,1] gens=1 src=pari sat=1 tors=8 states=800000 hmax=8340921787.0 primes=150 surv=9 exact=7 badbase=0 hits7=[(9, False), (9, False), (9, False), (9, False), (9, False), (9, False), (9, False)] exc=0 t_gens=0s t=5s
  TL/D: rank[2,2] gens=2 src=pari sat=1 tors=4 states=400000 hmax=85283.8 primes=150 surv=13 exact=11 badbase=0 hits7=[(9, False), (9, False), (9, False), (9, False), (9, False), (9, False), (9, False), (9, False), (9, False), (9, False), (9, False)] exc=0 t_gens=0s t=3s
  BR/D: rank[2,2] gens=2 src=pari sat=1 tors=4 states=400000 hmax=86281.5 primes=150 surv=13 exact=11 badbase=0 hits7=[(9, False), (9, False), (9, False), (9, False), (9, False), (9, False), (9, False), (9, False), (9, False), (9, False), (9, False)] exc=0 t_gens=0s t=5s
  BL/TR: rank[1,1] gens=1 src=pari sat=1 tors=8 states=800000 hmax=7985701519.2 primes=150 surv=9 exact=7 badbase=0 hits7=[(9, False), (9, False), (9, False), (9, False), (9, False), (9, False), (9, False)] exc=0 t_gens=0s t=6s
  BL/D: rank[2,2] gens=2 src=pari sat=1 tors=4 states=400000 hmax=86281.5 primes=150 surv=13 exact=11 badbase=0 hits7=[(9, False), (9, False), (9, False), (9, False), (9, False), (9, False), (9, False), (9, False), (9, False), (9, False), (9, False)] exc=0 t_gens=0s t=3s
  TR/D: rank[2,2] gens=2 src=pari sat=1 tors=4 states=400000 hmax=85283.8 primes=150 surv=13 exact=11 badbase=0 hits7=[(9, False), (9, False), (9, False), (9, False), (9, False), (9, False), (9, False), (9, False), (9, False), (9, False), (9, False)] exc=0 t_gens=0s t=3s
(127,97) C0=12769 □ K=50000
  TL/BR: rank[1,1] gens=1 src=pari sat=1 tors=8 states=800000 hmax=11892139586.1 primes=150 surv=9 exact=7 badbase=0 hits7=[(9, False), (9, False), (9, False), (9, False), (9, False), (9, False), (9, False)] exc=0 t_gens=0s t=7s
  TL/D: rank[4,4] gens=4 src=pari sat=1 tors=4 states=400000 hmax=515.8 primes=150 surv=13 exact=10 badbase=0 hits7=[(9, False), (9, False), (9, False), (9, False), (9, False), (9, False), (9, False), (9, False), (9, False), (9, False)] exc=0 t_gens=0s t=4s
  BR/D: rank[2,2] gens=2 src=pari sat=1 tors=4 states=400000 hmax=117247.6 primes=150 surv=13 exact=10 badbase=0 hits7=[(9, False), (9, False), (9, False), (9, False), (9, False), (9, False), (9, False), (9, False), (9, False), (9, False)] exc=0 t_gens=0s t=4s
  BL/TR: rank[1,1] gens=1 src=pari sat=1 tors=8 states=800000 hmax=11728243585.8 primes=150 surv=9 exact=7 badbase=0 hits7=[(9, False), (9, False), (9, False), (9, False), (9, False), (9, False), (9, False)] exc=0 t_gens=0s t=3s
  BL/D: rank[2,2] gens=2 src=pari sat=1 tors=4 states=400000 hmax=117247.6 primes=150 surv=13 exact=11 badbase=0 hits7=[(9, False), (9, False), (9, False), (9, False), (9, False), (9, False), (9, False), (9, False), (9, False), (9, False), (9, False)] exc=0 t_gens=0s t=4s
  TR/D: rank[4,4] gens=4 src=pari sat=1 tors=4 states=400000 hmax=515.8 primes=150 surv=13 exact=11 badbase=0 hits7=[(9, False), (9, False), (9, False), (9, False), (9, False), (9, False), (9, False), (9, False), (9, False), (9, False), (9, False)] exc=0 t_gens=0s t=4s
(97,71) C0=7225 □ K=50000
  TL/BR: rank[2,2] gens=2 src=pari sat=1 tors=8 states=800000 hmax=150126.5 primes=150 surv=9 exact=7 badbase=0 hits7=[(9, False), (9, False), (9, False), (9, False), (9, False), (9, False), (9, False)] exc=0 t_gens=0s t=8s
  TL/D: rank[3,3] gens=3 src=pari sat=1 tors=4 states=400000 hmax=2879.3 primes=150 surv=13 exact=10 badbase=0 hits7=[(9, False), (9, False), (9, False), (9, False), (9, False), (9, False), (9, False), (9, False), (9, False), (9, False)] exc=0 t_gens=0s t=3s
  BR/D: rank[2,2] gens=2 src=pari sat=1 tors=4 states=400000 hmax=110782.4 primes=150 surv=13 exact=10 badbase=0 hits7=[(9, False), (9, False), (9, False), (9, False), (9, False), (9, False), (9, False), (9, False), (9, False), (9, False)] exc=0 t_gens=0s t=3s
  BL/TR: rank[3,3] gens=3 src=pari sat=1 tors=8 states=800000 hmax=3111.7 primes=150 surv=17 exact=14 badbase=0 hits7=[(9, False), (9, False), (9, False), (9, False), (9, False), (9, False), (9, False), (9, False), (9, False), (9, False), (9, False), (9, False), (9, False), (9, False)] exc=0 t_gens=0s t=5s
  BL/D: rank[2,2] gens=2 src=pari sat=1 tors=4 states=400000 hmax=110782.4 primes=150 surv=13 exact=11 badbase=0 hits7=[(9, False), (9, False), (9, False), (9, False), (9, False), (9, False), (9, False), (9, False), (9, False), (9, False), (9, False)] exc=0 t_gens=0s t=3s
  TR/D: rank[3,3] gens=3 src=pari sat=1 tors=4 states=400000 hmax=2879.3 primes=150 surv=13 exact=11 badbase=0 hits7=[(9, False), (9, False), (9, False), (9, False), (9, False), (9, False), (9, False), (9, False), (9, False), (9, False), (9, False)] exc=0 t_gens=0s t=3s
(71,49) C0=3721 □ K=50000
  TL/BR: rank[1,1] gens=1 src=pari sat=1 tors=8 states=800000 hmax=10372063889.8 primes=150 surv=9 exact=7 badbase=0 hits7=[(9, False), (9, False), (9, False), (9, False), (9, False), (9, False), (9, False)] exc=0 t_gens=0s t=7s
  TL/D: rank[2,2] gens=2 src=pari sat=1 tors=4 states=400000 hmax=103305.8 primes=150 surv=13 exact=10 badbase=0 hits7=[(9, False), (9, False), (9, False), (9, False), (9, False), (9, False), (9, False), (9, False), (9, False), (9, False)] exc=0 t_gens=0s t=3s
  BR/D: rank[3,3] gens=3 src=pari sat=1 tors=4 states=400000 hmax=3151.6 primes=150 surv=13 exact=10 badbase=0 hits7=[(9, False), (9, False), (9, False), (9, False), (9, False), (9, False), (9, False), (9, False), (9, False), (9, False)] exc=0 t_gens=0s t=4s
  BL/TR: rank[2,2] gens=2 src=pari sat=1 tors=8 states=800000 hmax=278573.2 primes=150 surv=9 exact=7 badbase=0 hits7=[(9, False), (9, False), (9, False), (9, False), (9, False), (9, False), (9, False)] exc=0 t_gens=0s t=5s
  BL/D: rank[3,3] gens=3 src=pari sat=1 tors=4 states=400000 hmax=3151.6 primes=150 surv=13 exact=11 badbase=0 hits7=[(9, False), (9, False), (9, False), (9, False), (9, False), (9, False), (9, False), (9, False), (9, False), (9, False), (9, False)] exc=0 t_gens=0s t=4s
  TR/D: rank[2,2] gens=2 src=pari sat=1 tors=4 states=400000 hmax=103305.8 primes=150 surv=13 exact=11 badbase=0 hits7=[(9, False), (9, False), (9, False), (9, False), (9, False), (9, False), (9, False), (9, False), (9, False), (9, False), (9, False)] exc=0 t_gens=0s t=3s
(103,7) C0=5329 □ K=50000
  TL/BR: rank[1,1] gens=1 src=pari sat=1 tors=8 states=800000 hmax=10727023430.6 primes=150 surv=9 exact=7 badbase=0 hits7=[(9, False), (9, False), (9, False), (9, False), (9, False), (9, False), (9, False)] exc=0 t_gens=0s t=5s
  TL/D: rank[3,3] gens=3 src=pari sat=1 tors=4 states=400000 hmax=1973.1 primes=150 surv=13 exact=11 badbase=0 hits7=[(9, False), (9, False), (9, False), (9, False), (9, False), (9, False), (9, False), (9, False), (9, False), (9, False), (9, False)] exc=0 t_gens=0s t=4s
  BR/D: rank[2,2] gens=2 src=pari sat=1 tors=4 states=400000 hmax=107297.5 primes=150 surv=13 exact=11 badbase=0 hits7=[(9, False), (9, False), (9, False), (9, False), (9, False), (9, False), (9, False), (9, False), (9, False), (9, False), (9, False)] exc=0 t_gens=0s t=4s
  BL/TR: rank[2,2] gens=2 src=pari sat=1 tors=8 states=800000 hmax=226807.0 primes=150 surv=9 exact=7 badbase=0 hits7=[(9, False), (9, False), (9, False), (9, False), (9, False), (9, False), (9, False)] exc=0 t_gens=0s t=5s
  BL/D: rank[2,2] gens=2 src=pari sat=1 tors=4 states=400000 hmax=107297.5 primes=150 surv=13 exact=11 badbase=0 hits7=[(9, False), (9, False), (9, False), (9, False), (9, False), (9, False), (9, False), (9, False), (9, False), (9, False), (9, False)] exc=0 t_gens=0s t=5s
  TR/D: rank[3,3] gens=3 src=pari sat=1 tors=4 states=400000 hmax=1973.1 primes=150 surv=13 exact=11 badbase=0 hits7=[(9, False), (9, False), (9, False), (9, False), (9, False), (9, False), (9, False), (9, False), (9, False), (9, False), (9, False)] exc=0 t_gens=0s t=5s
(31,17) C0=625 □ K=50000
  TL/BR: rank[2,2] gens=2 src=pari sat=1 tors=8 states=800000 hmax=79105.6 primes=150 surv=17 exact=15 badbase=0 hits7=[(7, True), (7, True), (7, True), (7, True), (9, False), (9, False), (9, False), (9, False), (9, False), (9, False), (9, False), (7, True), (7, True), (7, True), (7, True)] exc=0 t_gens=0s t=8s
  TL/D: rank[2,2] gens=2 src=pari sat=1 tors=4 states=400000 hmax=83139.6 primes=150 surv=13 exact=10 badbase=0 hits7=[(9, False), (9, False), (9, False), (9, False), (9, False), (9, False), (9, False), (9, False), (9, False), (9, False)] exc=0 t_gens=0s t=3s
  BR/D: rank[2,2] gens=2 src=pari sat=1 tors=4 states=400000 hmax=82958.7 primes=150 surv=13 exact=10 badbase=0 hits7=[(9, False), (9, False), (9, False), (9, False), (9, False), (9, False), (9, False), (9, False), (9, False), (9, False)] exc=0 t_gens=0s t=4s
  BL/TR: rank[2,2] gens=2 src=pari sat=1 tors=8 states=800000 hmax=87396.2 primes=150 surv=9 exact=7 badbase=0 hits7=[(9, False), (9, False), (9, False), (9, False), (9, False), (9, False), (9, False)] exc=0 t_gens=0s t=5s
  BL/D: rank[2,2] gens=2 src=pari sat=1 tors=4 states=400000 hmax=82958.7 primes=150 surv=13 exact=11 badbase=0 hits7=[(9, False), (9, False), (9, False), (9, False), (9, False), (9, False), (9, False), (9, False), (9, False), (9, False), (9, False)] exc=0 t_gens=0s t=4s
  TR/D: rank[2,2] gens=2 src=pari sat=1 tors=4 states=400000 hmax=83139.6 primes=150 surv=13 exact=11 badbase=0 hits7=[(9, False), (9, False), (9, False), (9, False), (9, False), (9, False), (9, False), (9, False), (9, False), (9, False), (9, False)] exc=0 t_gens=0s t=4s
   HIT ('TL', 'BR', 7, True, 23/17)
(151,31) C0=11881 □ K=50000
  TL/BR: rank[1,1] gens=1 src=pari sat=1 tors=8 states=800000 hmax=11836287502.1 primes=150 surv=9 exact=7 badbase=0 hits7=[(9, False), (9, False), (9, False), (9, False), (9, False), (9, False), (9, False)] exc=0 t_gens=0s t=5s
  TL/D: rank[3,3] gens=3 src=pari sat=1 tors=4 states=400000 hmax=3242.3 primes=150 surv=13 exact=11 badbase=0 hits7=[(9, False), (9, False), (9, False), (9, False), (9, False), (9, False), (9, False), (9, False), (9, False), (9, False), (9, False)] exc=0 t_gens=0s t=4s
  BR/D: rank[3,3] gens=3 src=pari sat=1 tors=4 states=400000 hmax=3700.2 primes=150 surv=13 exact=11 badbase=0 hits7=[(9, False), (9, False), (9, False), (9, False), (9, False), (9, False), (9, False), (9, False), (9, False), (9, False), (9, False)] exc=0 t_gens=0s t=4s
  BL/TR: rank[1,1] gens=1 src=pari sat=1 tors=8 states=800000 hmax=11340269206.3 primes=150 surv=9 exact=7 badbase=0 hits7=[(9, False), (9, False), (9, False), (9, False), (9, False), (9, False), (9, False)] exc=0 t_gens=0s t=5s
  BL/D: rank[3,3] gens=3 src=pari sat=1 tors=4 states=400000 hmax=3700.2 primes=150 surv=13 exact=11 badbase=0 hits7=[(9, False), (9, False), (9, False), (9, False), (9, False), (9, False), (9, False), (9, False), (9, False), (9, False), (9, False)] exc=0 t_gens=0s t=4s
  TR/D: rank[3,3] gens=3 src=pari sat=1 tors=4 states=400000 hmax=3242.3 primes=150 surv=13 exact=11 badbase=0 hits7=[(9, False), (9, False), (9, False), (9, False), (9, False), (9, False), (9, False), (9, False), (9, False), (9, False), (9, False)] exc=0 t_gens=0s t=5s
(119,41) C0=7921 □ K=50000
  TL/BR: rank[2,2] gens=2 src=pari sat=1 tors=8 states=800000 hmax=249524.8 primes=150 surv=9 exact=7 badbase=0 hits7=[(9, False), (9, False), (9, False), (9, False), (9, False), (9, False), (9, False)] exc=0 t_gens=0s t=6s
  TL/D: rank[3,3] gens=3 src=pari sat=1 tors=4 states=400000 hmax=2753.2 primes=150 surv=13 exact=11 badbase=0 hits7=[(9, False), (9, False), (9, False), (9, False), (9, False), (9, False), (9, False), (9, False), (9, False), (9, False), (9, False)] exc=0 t_gens=0s t=5s
  BR/D: rank[2,2] gens=2 src=pari sat=1 tors=4 states=400000 hmax=111803.8 primes=150 surv=13 exact=11 badbase=0 hits7=[(9, False), (9, False), (9, False), (9, False), (9, False), (9, False), (9, False), (9, False), (9, False), (9, False), (9, False)] exc=0 t_gens=0s t=5s
  BL/TR: rank[1,1] gens=1 src=pari sat=1 tors=8 states=800000 hmax=10902378829.2 primes=150 surv=9 exact=7 badbase=0 hits7=[(9, False), (9, False), (9, False), (9, False), (9, False), (9, False), (9, False)] exc=0 t_gens=0s t=5s
  BL/D: rank[2,2] gens=2 src=pari sat=1 tors=4 states=400000 hmax=111803.8 primes=150 surv=13 exact=11 badbase=0 hits7=[(9, False), (9, False), (9, False), (9, False), (9, False), (9, False), (9, False), (9, False), (9, False), (9, False), (9, False)] exc=0 t_gens=0s t=4s
  TR/D: rank[3,3] gens=3 src=pari sat=1 tors=4 states=400000 hmax=2753.2 primes=150 surv=13 exact=11 badbase=0 hits7=[(9, False), (9, False), (9, False), (9, False), (9, False), (9, False), (9, False), (9, False), (9, False), (9, False), (9, False)] exc=0 t_gens=1s t=4s
(161,73) C0=15625 □ K=50000
  TL/BR: rank[1,1] gens=1 src=pari sat=1 tors=8 states=800000 hmax=12212494554.2 primes=150 surv=9 exact=7 badbase=0 hits7=[(9, False), (9, False), (9, False), (9, False), (9, False), (9, False), (9, False)] exc=0 t_gens=0s t=5s
  TL/D: rank[2,2] gens=2 src=pari+mwrank sat=1 tors=4 states=400000 hmax=119480.6 primes=150 surv=13 exact=11 badbase=0 hits7=[(9, False), (9, False), (9, False), (9, False), (9, False), (9, False), (9, False), (9, False), (9, False), (9, False), (9, False)] exc=0 t_gens=3s t=6s
  BR/D: rank[2,2] gens=2 src=pari sat=1 tors=4 states=400000 hmax=119497.9 primes=150 surv=13 exact=11 badbase=0 hits7=[(9, False), (9, False), (9, False), (9, False), (9, False), (9, False), (9, False), (9, False), (9, False), (9, False), (9, False)] exc=0 t_gens=0s t=4s
  BL/TR: rank[1,1] gens=1 src=pari sat=1 tors=8 states=800000 hmax=11814311253.7 primes=150 surv=9 exact=7 badbase=0 hits7=[(9, False), (9, False), (9, False), (9, False), (9, False), (9, False), (9, False)] exc=0 t_gens=0s t=4s
  BL/D: rank[2,2] gens=2 src=pari sat=1 tors=4 states=400000 hmax=119497.9 primes=150 surv=13 exact=11 badbase=0 hits7=[(9, False), (9, False), (9, False), (9, False), (9, False), (9, False), (9, False), (9, False), (9, False), (9, False), (9, False)] exc=0 t_gens=0s t=6s
  TR/D: rank[2,2] gens=2 src=pari+mwrank sat=1 tors=4 states=400000 hmax=119480.6 primes=150 surv=13 exact=11 badbase=0 hits7=[(9, False), (9, False), (9, False), (9, False), (9, False), (9, False), (9, False), (9, False), (9, False), (9, False), (9, False)] exc=0 t_gens=1s t=6s
(73,17) C0=2809 □ K=50000
  TL/BR: rank[2,2] gens=2 src=pari sat=1 tors=8 states=800000 hmax=143286.3 primes=150 surv=9 exact=7 badbase=0 hits7=[(9, False), (9, False), (9, False), (9, False), (9, False), (9, False), (9, False)] exc=0 t_gens=0s t=5s
  TL/D: rank[2,2] gens=2 src=pari sat=1 tors=4 states=400000 hmax=99844.3 primes=150 surv=13 exact=11 badbase=0 hits7=[(9, False), (9, False), (9, False), (9, False), (9, False), (9, False), (9, False), (9, False), (9, False), (9, False), (9, False)] exc=0 t_gens=0s t=4s
  BR/D: rank[4,4] gens=4 src=pari sat=1 tors=4 states=400000 hmax=504.2 primes=150 surv=13 exact=11 badbase=0 hits7=[(9, False), (9, False), (9, False), (9, False), (9, False), (9, False), (9, False), (9, False), (9, False), (9, False), (9, False)] exc=0 t_gens=1s t=5s
  BL/TR: rank[2,2] gens=2 src=pari sat=1 tors=8 states=800000 hmax=224527.6 primes=150 surv=9 exact=7 badbase=0 hits7=[(9, False), (9, False), (9, False), (9, False), (9, False), (9, False), (9, False)] exc=0 t_gens=0s t=6s
  BL/D: rank[4,4] gens=4 src=pari sat=1 tors=4 states=400000 hmax=504.2 primes=150 surv=13 exact=11 badbase=0 hits7=[(9, False), (9, False), (9, False), (9, False), (9, False), (9, False), (9, False), (9, False), (9, False), (9, False), (9, False)] exc=0 t_gens=0s t=5s
  TR/D: rank[2,2] gens=2 src=pari sat=1 tors=4 states=400000 hmax=99844.3 primes=150 surv=13 exact=11 badbase=0 hits7=[(9, False), (9, False), (9, False), (9, False), (9, False), (9, False), (9, False), (9, False), (9, False), (9, False), (9, False)] exc=0 t_gens=0s t=5s
(49,31) C0=1681 □ K=50000
  TL/BR: rank[2,2] gens=2 src=pari sat=1 tors=8 states=800000 hmax=137752.5 primes=150 surv=9 exact=7 badbase=0 hits7=[(9, False), (9, False), (9, False), (9, False), (9, False), (9, False), (9, False)] exc=0 t_gens=0s t=8s
  TL/D: rank[3,3] gens=3 src=pari sat=1 tors=4 states=400000 hmax=2306.4 primes=150 surv=13 exact=10 badbase=0 hits7=[(9, False), (9, False), (9, False), (9, False), (9, False), (9, False), (9, False), (9, False), (9, False), (9, False)] exc=0 t_gens=0s t=6s
  BR/D: rank[3,3] gens=3 src=pari sat=1 tors=4 states=400000 hmax=1851.6 primes=150 surv=13 exact=10 badbase=0 hits7=[(9, False), (9, False), (9, False), (9, False), (9, False), (9, False), (9, False), (9, False), (9, False), (9, False)] exc=0 t_gens=0s t=5s
  BL/TR: rank[2,2] gens=2 src=pari sat=1 tors=8 states=800000 hmax=101920.9 primes=150 surv=9 exact=7 badbase=0 hits7=[(9, False), (9, False), (9, False), (9, False), (9, False), (9, False), (9, False)] exc=0 t_gens=0s t=5s
  BL/D: rank[3,3] gens=3 src=pari sat=1 tors=4 states=400000 hmax=1851.6 primes=150 surv=13 exact=11 badbase=0 hits7=[(9, False), (9, False), (9, False), (9, False), (9, False), (9, False), (9, False), (9, False), (9, False), (9, False), (9, False)] exc=0 t_gens=0s t=4s
  TR/D: rank[3,3] gens=3 src=pari sat=1 tors=4 states=400000 hmax=2306.4 primes=150 surv=17 exact=14 badbase=0 hits7=[(9, False), (9, False), (9, False), (9, False), (9, False), (9, False), (9, False), (9, False), (9, False), (9, False), (9, False), (9, False), (9, False), (9, False)] exc=0 t_gens=0s t=4s
(7,1) C0=25 □ K=50000
  TL/BR: rank[1,1] gens=1 src=pari sat=1 tors=8 states=800000 hmax=4096255917.9 primes=150 surv=9 exact=7 badbase=0 hits7=[(9, False), (9, False), (9, False), (9, False), (9, False), (9, False), (9, False)] exc=0 t_gens=0s t=7s
  TL/D: rank[2,2] gens=2 src=pari sat=1 tors=4 states=400000 hmax=46398.2 primes=150 surv=13 exact=10 badbase=0 hits7=[(9, False), (9, False), (9, False), (9, False), (9, False), (9, False), (9, False), (9, False), (9, False), (9, False)] exc=0 t_gens=0s t=5s
  BR/D: rank[2,2] gens=2 src=pari sat=1 tors=4 states=400000 hmax=45686.3 primes=150 surv=13 exact=10 badbase=0 hits7=[(9, False), (9, False), (9, False), (9, False), (9, False), (9, False), (9, False), (9, False), (9, False), (9, False)] exc=0 t_gens=0s t=5s
  BL/TR: rank[1,1] gens=1 src=pari sat=1 tors=8 states=800000 hmax=3612957068.9 primes=150 surv=9 exact=7 badbase=0 hits7=[(9, False), (9, False), (9, False), (9, False), (9, False), (9, False), (9, False)] exc=0 t_gens=0s t=6s
  BL/D: rank[2,2] gens=2 src=pari sat=1 tors=4 states=400000 hmax=45686.3 primes=150 surv=13 exact=11 badbase=0 hits7=[(9, False), (9, False), (9, False), (9, False), (9, False), (9, False), (9, False), (9, False), (9, False), (9, False), (9, False)] exc=0 t_gens=0s t=3s
  TR/D: rank[2,2] gens=2 src=pari sat=1 tors=4 states=400000 hmax=46398.2 primes=150 surv=13 exact=11 badbase=0 hits7=[(9, False), (9, False), (9, False), (9, False), (9, False), (9, False), (9, False), (9, False), (9, False), (9, False), (9, False)] exc=0 t_gens=0s t=5s
(47,23) C0=1369 □ K=50000
  TL/BR: rank[2,2] gens=2 src=pari sat=1 tors=8 states=800000 hmax=112298.4 primes=150 surv=9 exact=7 badbase=0 hits7=[(9, False), (9, False), (9, False), (9, False), (9, False), (9, False), (9, False)] exc=0 t_gens=0s t=6s
  TL/D: rank[2,2] gens=2 src=pari sat=1 tors=4 states=400000 hmax=92010.8 primes=150 surv=13 exact=11 badbase=0 hits7=[(9, False), (9, False), (9, False), (9, False), (9, False), (9, False), (9, False), (9, False), (9, False), (9, False), (9, False)] exc=0 t_gens=0s t=3s
  BR/D: rank[4,4] gens=4 src=pari sat=1 tors=4 states=400000 hmax=446.6 primes=150 surv=17 exact=14 badbase=0 hits7=[(9, False), (9, False), (9, False), (9, False), (9, False), (9, False), (9, False), (9, False), (9, False), (9, False), (9, False), (9, False), (9, False), (9, False)] exc=0 t_gens=0s t=6s
  BL/TR: rank[2,2] gens=2 src=pari sat=1 tors=8 states=800000 hmax=162283.5 primes=150 surv=9 exact=7 badbase=0 hits7=[(9, False), (9, False), (9, False), (9, False), (9, False), (9, False), (9, False)] exc=0 t_gens=0s t=7s
  BL/D: rank[4,4] gens=4 src=pari sat=1 tors=4 states=400000 hmax=446.6 primes=150 surv=17 exact=14 badbase=0 hits7=[(9, False), (9, False), (9, False), (9, False), (9, False), (9, False), (9, False), (9, False), (9, False), (9, False), (9, False), (9, False), (9, False), (9, False)] exc=0 t_gens=1s t=6s
  TR/D: rank[2,2] gens=2 src=pari sat=1 tors=4 states=400000 hmax=92010.8 primes=150 surv=13 exact=11 badbase=0 hits7=[(9, False), (9, False), (9, False), (9, False), (9, False), (9, False), (9, False), (9, False), (9, False), (9, False), (9, False)] exc=0 t_gens=0s t=5s
(89,23) C0=4225 □ K=50000
  TL/BR: rank[2,2] gens=2 src=pari sat=1 tors=8 states=800000 hmax=121557.2 primes=150 surv=9 exact=7 badbase=0 hits7=[(9, False), (9, False), (9, False), (9, False), (9, False), (9, False), (9, False)] exc=0 t_gens=0s t=8s
  TL/D: rank[4,4] gens=4 src=pari sat=1 tors=4 states=400000 hmax=371.9 primes=150 surv=13 exact=11 badbase=0 hits7=[(9, False), (9, False), (9, False), (9, False), (9, False), (9, False), (9, False), (9, False), (9, False), (9, False), (9, False)] exc=0 t_gens=0s t=6s
  BR/D: rank[3,3] gens=3 src=pari sat=1 tors=4 states=400000 hmax=3062.7 primes=150 surv=13 exact=11 badbase=0 hits7=[(9, False), (9, False), (9, False), (9, False), (9, False), (9, False), (9, False), (9, False), (9, False), (9, False), (9, False)] exc=0 t_gens=0s t=5s
  BL/TR: rank[1,1] gens=1 src=pari sat=1 tors=8 states=800000 hmax=10071700556.4 primes=150 surv=9 exact=7 badbase=0 hits7=[(9, False), (9, False), (9, False), (9, False), (9, False), (9, False), (9, False)] exc=0 t_gens=0s t=6s
  BL/D: rank[3,3] gens=3 src=pari sat=1 tors=4 states=400000 hmax=3062.7 primes=150 surv=13 exact=11 badbase=0 hits7=[(9, False), (9, False), (9, False), (9, False), (9, False), (9, False), (9, False), (9, False), (9, False), (9, False), (9, False)] exc=0 t_gens=0s t=4s
  TR/D: rank[4,4] gens=4 src=pari sat=1 tors=4 states=400000 hmax=371.9 primes=150 surv=17 exact=14 badbase=0 hits7=[(9, False), (9, False), (9, False), (9, False), (9, False), (9, False), (9, False), (9, False), (9, False), (9, False), (9, False), (9, False), (9, False), (9, False)] exc=0 t_gens=0s t=4s
(137,7) C0=9409 □ K=50000
  TL/BR: rank[1,1] gens=1 src=pari sat=1 tors=8 states=800000 hmax=11413240443.7 primes=150 surv=9 exact=7 badbase=0 hits7=[(9, False), (9, False), (9, False), (9, False), (9, False), (9, False), (9, False)] exc=0 t_gens=0s t=7s
  TL/D: rank[3,3] gens=3 src=pari sat=1 tors=4 states=400000 hmax=2497.1 primes=150 surv=13 exact=11 badbase=0 hits7=[(9, False), (9, False), (9, False), (9, False), (9, False), (9, False), (9, False), (9, False), (9, False), (9, False), (9, False)] exc=0 t_gens=0s t=6s
  BR/D: rank[2,2] gens=2 src=pari sat=1 tors=4 states=400000 hmax=113741.9 primes=150 surv=13 exact=11 badbase=0 hits7=[(9, False), (9, False), (9, False), (9, False), (9, False), (9, False), (9, False), (9, False), (9, False), (9, False), (9, False)] exc=0 t_gens=0s t=6s
  BL/TR: rank[2,2] gens=2 src=pari sat=1 tors=8 states=800000 hmax=151162.6 primes=150 surv=9 exact=7 badbase=0 hits7=[(9, False), (9, False), (9, False), (9, False), (9, False), (9, False), (9, False)] exc=0 t_gens=0s t=7s
  BL/D: rank[2,2] gens=2 src=pari sat=1 tors=4 states=400000 hmax=113741.9 primes=150 surv=13 exact=11 badbase=0 hits7=[(9, False), (9, False), (9, False), (9, False), (9, False), (9, False), (9, False), (9, False), (9, False), (9, False), (9, False)] exc=0 t_gens=0s t=6s
  TR/D: rank[3,3] gens=3 src=pari sat=1 tors=4 states=400000 hmax=2497.1 primes=150 surv=13 exact=11 badbase=0 hits7=[(9, False), (9, False), (9, False), (9, False), (9, False), (9, False), (9, False), (9, False), (9, False), (9, False), (9, False)] exc=0 t_gens=0s t=6s
(199,161) C0=32761 □ K=50000
  TL/BR: rank[1,1] gens=1 src=pari sat=1 tors=8 states=800000 hmax=13056168737.9 primes=150 surv=9 exact=7 badbase=0 hits7=[(9, False), (9, False), (9, False), (9, False), (9, False), (9, False), (9, False)] exc=0 t_gens=0s t=5s
  TL/D: rank[2,2] gens=2 src=pari sat=1 tors=4 states=400000 hmax=127893.9 primes=150 surv=13 exact=10 badbase=0 hits7=[(9, False), (9, False), (9, False), (9, False), (9, False), (9, False), (9, False), (9, False), (9, False), (9, False)] exc=0 t_gens=0s t=3s
  BR/D: rank[2,2] gens=2 src=pari sat=1 tors=4 states=400000 hmax=127917.6 primes=150 surv=13 exact=10 badbase=0 hits7=[(9, False), (9, False), (9, False), (9, False), (9, False), (9, False), (9, False), (9, False), (9, False), (9, False)] exc=0 t_gens=0s t=3s
  BL/TR: rank[1,1] gens=1 src=pari sat=1 tors=8 states=800000 hmax=12925952758.9 primes=150 surv=9 exact=7 badbase=0 hits7=[(9, False), (9, False), (9, False), (9, False), (9, False), (9, False), (9, False)] exc=0 t_gens=0s t=4s
  BL/D: rank[2,2] gens=2 src=pari sat=1 tors=4 states=400000 hmax=127917.6 primes=150 surv=13 exact=11 badbase=0 hits7=[(9, False), (9, False), (9, False), (9, False), (9, False), (9, False), (9, False), (9, False), (9, False), (9, False), (9, False)] exc=0 t_gens=0s t=4s
  TR/D: rank[2,2] gens=2 src=pari sat=1 tors=4 states=400000 hmax=127893.9 primes=150 surv=13 exact=11 badbase=0 hits7=[(9, False), (9, False), (9, False), (9, False), (9, False), (9, False), (9, False), (9, False), (9, False), (9, False), (9, False)] exc=0 t_gens=0s t=4s
(161,127) C0=21025 □ K=50000
  TL/BR: rank[3,3] gens=3 src=pari sat=1 tors=8 states=800000 hmax=4403.1 primes=150 surv=9 exact=7 badbase=0 hits7=[(9, False), (9, False), (9, False), (9, False), (9, False), (9, False), (9, False)] exc=0 t_gens=0s t=6s
  TL/D: rank[3,3] gens=3 src=pari sat=1 tors=4 states=400000 hmax=3141.1 primes=150 surv=13 exact=10 badbase=0 hits7=[(9, False), (9, False), (9, False), (9, False), (9, False), (9, False), (9, False), (9, False), (9, False), (9, False)] exc=0 t_gens=0s t=4s
  BR/D: rank[3,3] gens=3 src=pari sat=1 tors=4 states=400000 hmax=3041.8 primes=150 surv=13 exact=10 badbase=0 hits7=[(9, False), (9, False), (9, False), (9, False), (9, False), (9, False), (9, False), (9, False), (9, False), (9, False)] exc=0 t_gens=1s t=4s
  BL/TR: rank[3,3] gens=3 src=pari sat=1 tors=8 states=800000 hmax=2369.8 primes=150 surv=17 exact=14 badbase=0 hits7=[(9, False), (9, False), (9, False), (9, False), (9, False), (9, False), (9, False), (9, False), (9, False), (9, False), (9, False), (9, False), (9, False), (9, False)] exc=0 t_gens=0s t=5s
  BL/D: rank[3,3] gens=3 src=pari sat=1 tors=4 states=400000 hmax=3041.8 primes=150 surv=17 exact=14 badbase=0 hits7=[(9, False), (9, False), (9, False), (9, False), (9, False), (9, False), (9, False), (9, False), (9, False), (9, False), (9, False), (9, False), (9, False), (9, False)] exc=0 t_gens=1s t=4s
  TR/D: rank[3,3] gens=3 src=pari sat=1 tors=4 states=400000 hmax=3141.1 primes=150 surv=13 exact=11 badbase=0 hits7=[(9, False), (9, False), (9, False), (9, False), (9, False), (9, False), (9, False), (9, False), (9, False), (9, False), (9, False)] exc=0 t_gens=1s t=3s
(217,47) C0=24649 □ K=50000
  TL/BR: rank[1,1] gens=1 src=pari sat=1 tors=8 states=800000 hmax=12753320755.3 primes=150 surv=9 exact=7 badbase=0 hits7=[(9, False), (9, False), (9, False), (9, False), (9, False), (9, False), (9, False)] exc=0 t_gens=0s t=5s
  TL/D: rank[3,3] gens=3 src=pari sat=1 tors=4 states=400000 hmax=4111.3 primes=150 surv=13 exact=11 badbase=0 hits7=[(9, False), (9, False), (9, False), (9, False), (9, False), (9, False), (9, False), (9, False), (9, False), (9, False), (9, False)] exc=0 t_gens=0s t=6s
  BR/D: rank[2,2] gens=2 src=pari sat=1 tors=4 states=400000 hmax=124663.9 primes=150 surv=13 exact=11 badbase=0 hits7=[(9, False), (9, False), (9, False), (9, False), (9, False), (9, False), (9, False), (9, False), (9, False), (9, False), (9, False)] exc=0 t_gens=0s t=4s
  BL/TR: rank[2,2] gens=2 src=pari sat=1 tors=8 states=800000 hmax=279183.1 primes=150 surv=9 exact=7 badbase=0 hits7=[(9, False), (9, False), (9, False), (9, False), (9, False), (9, False), (9, False)] exc=0 t_gens=0s t=4s
  BL/D: rank[2,2] gens=2 src=pari sat=1 tors=4 states=400000 hmax=124663.9 primes=150 surv=13 exact=11 badbase=0 hits7=[(9, False), (9, False), (9, False), (9, False), (9, False), (9, False), (9, False), (9, False), (9, False), (9, False), (9, False)] exc=0 t_gens=0s t=3s
  TR/D: rank[3,3] gens=3 src=pari sat=1 tors=4 states=400000 hmax=4111.3 primes=150 surv=13 exact=11 badbase=0 hits7=[(9, False), (9, False), (9, False), (9, False), (9, False), (9, False), (9, False), (9, False), (9, False), (9, False), (9, False)] exc=0 t_gens=0s t=3s
(241,199) C0=48841 □ K=50000
  TL/BR: rank[2,2] gens=2 src=pari sat=1 tors=8 states=800000 hmax=327444.1 primes=150 surv=9 exact=7 badbase=0 hits7=[(9, False), (9, False), (9, False), (9, False), (9, False), (9, False), (9, False)] exc=0 t_gens=0s t=5s
  TL/D: rank[3,3] gens=3 src=pari sat=1 tors=4 states=400000 hmax=3275.9 primes=150 surv=13 exact=10 badbase=0 hits7=[(9, False), (9, False), (9, False), (9, False), (9, False), (9, False), (9, False), (9, False), (9, False), (9, False)] exc=0 t_gens=0s t=4s
  BR/D: rank[2,2] gens=2 src=pari sat=1 tors=4 states=400000 hmax=132404.1 primes=150 surv=13 exact=10 badbase=0 hits7=[(9, False), (9, False), (9, False), (9, False), (9, False), (9, False), (9, False), (9, False), (9, False), (9, False)] exc=0 t_gens=0s t=5s
  BL/TR: rank[1,1] gens=1 src=pari sat=1 tors=8 states=800000 hmax=13432140274.1 primes=150 surv=9 exact=7 badbase=0 hits7=[(9, False), (9, False), (9, False), (9, False), (9, False), (9, False), (9, False)] exc=0 t_gens=0s t=4s
  BL/D: rank[2,2] gens=2 src=pari sat=1 tors=4 states=400000 hmax=132404.1 primes=150 surv=13 exact=11 badbase=0 hits7=[(9, False), (9, False), (9, False), (9, False), (9, False), (9, False), (9, False), (9, False), (9, False), (9, False), (9, False)] exc=0 t_gens=0s t=3s
  TR/D: rank[3,3] gens=3 src=pari sat=1 tors=4 states=400000 hmax=3275.9 primes=150 surv=13 exact=11 badbase=0 hits7=[(9, False), (9, False), (9, False), (9, False), (9, False), (9, False), (9, False), (9, False), (9, False), (9, False), (9, False)] exc=0 t_gens=0s t=3s
(191,89) C0=22201 □ K=50000
  TL/BR: rank[2,2] gens=2 src=pari sat=1 tors=8 states=800000 hmax=282993.4 primes=150 surv=9 exact=7 badbase=0 hits7=[(9, False), (9, False), (9, False), (9, False), (9, False), (9, False), (9, False)] exc=0 t_gens=0s t=4s
  TL/D: rank[2,2] gens=2 src=pari sat=1 tors=4 states=400000 hmax=123432.9 primes=150 surv=13 exact=11 badbase=0 hits7=[(9, False), (9, False), (9, False), (9, False), (9, False), (9, False), (9, False), (9, False), (9, False), (9, False), (9, False)] exc=0 t_gens=0s t=6s
  BR/D: rank[2,2] gens=2 src=pari sat=1 tors=4 states=400000 hmax=123498.1 primes=150 surv=13 exact=11 badbase=0 hits7=[(9, False), (9, False), (9, False), (9, False), (9, False), (9, False), (9, False), (9, False), (9, False), (9, False), (9, False)] exc=0 t_gens=0s t=6s
  BL/TR: rank[2,2] gens=2 src=pari sat=1 tors=8 states=800000 hmax=335524.7 primes=150 surv=9 exact=7 badbase=0 hits7=[(9, False), (9, False), (9, False), (9, False), (9, False), (9, False), (9, False)] exc=0 t_gens=0s t=4s
  BL/D: rank[2,2] gens=2 src=pari sat=1 tors=4 states=400000 hmax=123498.1 primes=150 surv=13 exact=11 badbase=0 hits7=[(9, False), (9, False), (9, False), (9, False), (9, False), (9, False), (9, False), (9, False), (9, False), (9, False), (9, False)] exc=0 t_gens=0s t=4s
  TR/D: rank[2,2] gens=2 src=pari sat=1 tors=4 states=400000 hmax=123432.9 primes=150 surv=13 exact=11 badbase=0 hits7=[(9, False), (9, False), (9, False), (9, False), (9, False), (9, False), (9, False), (9, False), (9, False), (9, False), (9, False)] exc=0 t_gens=0s t=4s
(263,73) C0=37249 □ K=50000
  TL/BR: rank[2,2] gens=2 src=pari sat=1 tors=8 states=800000 hmax=327417.4 primes=150 surv=9 exact=7 badbase=0 hits7=[(9, False), (9, False), (9, False), (9, False), (9, False), (9, False), (9, False)] exc=0 t_gens=0s t=5s
  TL/D: rank[2,2] gens=2 src=pari sat=1 tors=4 states=400000 hmax=129081.6 primes=150 surv=13 exact=11 badbase=0 hits7=[(9, False), (9, False), (9, False), (9, False), (9, False), (9, False), (9, False), (9, False), (9, False), (9, False), (9, False)] exc=0 t_gens=0s t=4s
  BR/D: rank[3,3] gens=3 src=pari sat=1 tors=4 states=400000 hmax=4430.9 primes=150 surv=13 exact=11 badbase=0 hits7=[(9, False), (9, False), (9, False), (9, False), (9, False), (9, False), (9, False), (9, False), (9, False), (9, False), (9, False)] exc=0 t_gens=0s t=4s
  BL/TR: rank[1,1] gens=1 src=pari sat=1 tors=8 states=800000 hmax=12801888759.2 primes=150 surv=9 exact=7 badbase=0 hits7=[(9, False), (9, False), (9, False), (9, False), (9, False), (9, False), (9, False)] exc=0 t_gens=0s t=3s
  BL/D: rank[3,3] gens=3 src=pari sat=1 tors=4 states=400000 hmax=4430.9 primes=150 surv=13 exact=11 badbase=0 hits7=[(9, False), (9, False), (9, False), (9, False), (9, False), (9, False), (9, False), (9, False), (9, False), (9, False), (9, False)] exc=0 t_gens=0s t=4s
  TR/D: rank[2,2] gens=2 src=pari sat=1 tors=4 states=400000 hmax=129081.6 primes=150 surv=13 exact=11 badbase=0 hits7=[(9, False), (9, False), (9, False), (9, False), (9, False), (9, False), (9, False), (9, False), (9, False), (9, False), (9, False)] exc=0 t_gens=0s t=4s
(257,49) C0=34225 □ K=50000
  TL/BR: rank[3,3] gens=3 src=pari sat=1 tors=8 states=800000 hmax=3193.5 primes=150 surv=9 exact=7 badbase=0 hits7=[(9, False), (9, False), (9, False), (9, False), (9, False), (9, False), (9, False)] exc=0 t_gens=0s t=7s
  TL/D: rank[3,3] gens=3 src=pari sat=1 tors=4 states=400000 hmax=2521.8 primes=150 surv=17 exact=14 badbase=0 hits7=[(9, False), (9, False), (9, False), (9, False), (9, False), (9, False), (9, False), (9, False), (9, False), (9, False), (9, False), (9, False), (9, False), (9, False)] exc=0 t_gens=0s t=4s
  BR/D: rank[2,2] gens=2 src=pari sat=1 tors=4 states=400000 hmax=128381.1 primes=150 surv=13 exact=11 badbase=0 hits7=[(9, False), (9, False), (9, False), (9, False), (9, False), (9, False), (9, False), (9, False), (9, False), (9, False), (9, False)] exc=0 t_gens=0s t=3s
  BL/TR: rank[2,2] gens=2 src=pari sat=1 tors=8 states=800000 hmax=182748.8 primes=150 surv=9 exact=7 badbase=0 hits7=[(9, False), (9, False), (9, False), (9, False), (9, False), (9, False), (9, False)] exc=0 t_gens=0s t=5s
  BL/D: rank[2,2] gens=2 src=pari sat=1 tors=4 states=400000 hmax=128381.1 primes=150 surv=13 exact=11 badbase=0 hits7=[(9, False), (9, False), (9, False), (9, False), (9, False), (9, False), (9, False), (9, False), (9, False), (9, False), (9, False)] exc=0 t_gens=0s t=4s
  TR/D: rank[3,3] gens=3 src=pari sat=1 tors=4 states=400000 hmax=2521.8 primes=150 surv=13 exact=11 badbase=0 hits7=[(9, False), (9, False), (9, False), (9, False), (9, False), (9, False), (9, False), (9, False), (9, False), (9, False), (9, False)] exc=0 t_gens=0s t=4s
(223,167) C0=38809 □ K=50000
  TL/BR: rank[1,1] gens=1 src=pari sat=1 tors=8 states=800000 hmax=13286104336.9 primes=150 surv=9 exact=7 badbase=0 hits7=[(9, False), (9, False), (9, False), (9, False), (9, False), (9, False), (9, False)] exc=0 t_gens=0s t=5s
  TL/D: rank[3,3] gens=3 src=pari sat=1 tors=4 states=400000 hmax=3925.3 primes=150 surv=13 exact=11 badbase=0 hits7=[(9, False), (9, False), (9, False), (9, False), (9, False), (9, False), (9, False), (9, False), (9, False), (9, False), (9, False)] exc=0 t_gens=0s t=6s
  BR/D: rank[3,3] gens=3 src=pari sat=1 tors=4 states=400000 hmax=5929.2 primes=150 surv=13 exact=11 badbase=0 hits7=[(9, False), (9, False), (9, False), (9, False), (9, False), (9, False), (9, False), (9, False), (9, False), (9, False), (9, False)] exc=0 t_gens=0s t=3s
  BL/TR: rank[3,3] gens=3 src=pari sat=1 tors=8 states=800000 hmax=6265.4 primes=150 surv=9 exact=7 badbase=0 hits7=[(9, False), (9, False), (9, False), (9, False), (9, False), (9, False), (9, False)] exc=0 t_gens=0s t=7s
  BL/D: rank[3,3] gens=3 src=pari sat=1 tors=4 states=400000 hmax=5929.2 primes=150 surv=13 exact=11 badbase=0 hits7=[(9, False), (9, False), (9, False), (9, False), (9, False), (9, False), (9, False), (9, False), (9, False), (9, False), (9, False)] exc=0 t_gens=0s t=4s
  TR/D: rank[3,3] gens=3 src=pari sat=1 tors=4 states=400000 hmax=3925.3 primes=150 surv=13 exact=11 badbase=0 hits7=[(9, False), (9, False), (9, False), (9, False), (9, False), (9, False), (9, False), (9, False), (9, False), (9, False), (9, False)] exc=0 t_gens=0s t=4s
(217,113) C0=29929 □ K=50000
  TL/BR: rank[2,2] gens=2 src=pari sat=1 tors=8 states=800000 hmax=385040.5 primes=150 surv=9 exact=7 badbase=0 hits7=[(9, False), (9, False), (9, False), (9, False), (9, False), (9, False), (9, False)] exc=0 t_gens=0s t=7s
  TL/D: rank[2,2] gens=2 src=pari sat=1 tors=4 states=400000 hmax=126804.9 primes=150 surv=13 exact=11 badbase=0 hits7=[(9, False), (9, False), (9, False), (9, False), (9, False), (9, False), (9, False), (9, False), (9, False), (9, False), (9, False)] exc=0 t_gens=0s t=4s
  BR/D: rank[3,3] gens=3 src=pari sat=1 tors=4 states=400000 hmax=3814.8 primes=150 surv=13 exact=11 badbase=0 hits7=[(9, False), (9, False), (9, False), (9, False), (9, False), (9, False), (9, False), (9, False), (9, False), (9, False), (9, False)] exc=0 t_gens=1s t=4s
  BL/TR: rank[1,1] gens=1 src=pari sat=1 tors=8 states=800000 hmax=12665973803.7 primes=150 surv=9 exact=7 badbase=0 hits7=[(9, False), (9, False), (9, False), (9, False), (9, False), (9, False), (9, False)] exc=0 t_gens=0s t=4s
  BL/D: rank[3,3] gens=3 src=pari sat=1 tors=4 states=400000 hmax=3814.8 primes=150 surv=13 exact=11 badbase=0 hits7=[(9, False), (9, False), (9, False), (9, False), (9, False), (9, False), (9, False), (9, False), (9, False), (9, False), (9, False)] exc=0 t_gens=1s t=5s
  TR/D: rank[2,2] gens=2 src=pari sat=1 tors=4 states=400000 hmax=126804.9 primes=150 surv=13 exact=11 badbase=0 hits7=[(9, False), (9, False), (9, False), (9, False), (9, False), (9, False), (9, False), (9, False), (9, False), (9, False), (9, False)] exc=0 t_gens=0s t=5s
(233,119) C0=34225 □ K=50000
  TL/BR: rank[2,2] gens=2 src=pari sat=1 tors=8 states=800000 hmax=152528.1 primes=150 surv=9 exact=7 badbase=0 hits7=[(9, False), (9, False), (9, False), (9, False), (9, False), (9, False), (9, False)] exc=0 t_gens=0s t=4s
  TL/D: rank[4,4] gens=4 src=pari sat=1 tors=4 states=400000 hmax=459.8 primes=150 surv=13 exact=11 badbase=0 hits7=[(9, False), (9, False), (9, False), (9, False), (9, False), (9, False), (9, False), (9, False), (9, False), (9, False), (9, False)] exc=0 t_gens=1s t=4s
  BR/D: rank[2,2] gens=2 src=pari sat=1 tors=4 states=400000 hmax=128393.0 primes=150 surv=13 exact=11 badbase=0 hits7=[(9, False), (9, False), (9, False), (9, False), (9, False), (9, False), (9, False), (9, False), (9, False), (9, False), (9, False)] exc=0 t_gens=0s t=4s
  BL/TR: rank[2,2] gens=2 src=pari sat=1 tors=8 states=800000 hmax=328295.4 primes=150 surv=9 exact=7 badbase=0 hits7=[(9, False), (9, False), (9, False), (9, False), (9, False), (9, False), (9, False)] exc=0 t_gens=0s t=5s
  BL/D: rank[2,2] gens=2 src=pari sat=1 tors=4 states=400000 hmax=128393.0 primes=150 surv=13 exact=11 badbase=0 hits7=[(9, False), (9, False), (9, False), (9, False), (9, False), (9, False), (9, False), (9, False), (9, False), (9, False), (9, False)] exc=0 t_gens=0s t=5s
  TR/D: rank[4,4] gens=4 src=pari sat=1 tors=4 states=400000 hmax=459.8 primes=150 surv=13 exact=11 badbase=0 hits7=[(9, False), (9, False), (9, False), (9, False), (9, False), (9, False), (9, False), (9, False), (9, False), (9, False), (9, False)] exc=0 t_gens=1s t=6s
(193,17) C0=18769 □ K=50000
  TL/BR: rank[2,2] gens=2 src=pari sat=1 tors=8 states=800000 hmax=311925.6 primes=150 surv=9 exact=7 badbase=0 hits7=[(9, False), (9, False), (9, False), (9, False), (9, False), (9, False), (9, False)] exc=0 t_gens=0s t=5s
  TL/D: rank[3,3] gens=3 src=pari sat=1 tors=4 states=400000 hmax=2716.4 primes=150 surv=13 exact=11 badbase=0 hits7=[(9, False), (9, False), (9, False), (9, False), (9, False), (9, False), (9, False), (9, False), (9, False), (9, False), (9, False)] exc=0 t_gens=0s t=4s
  BR/D: rank[3,3] gens=3 src=pari sat=1 tors=4 states=400000 hmax=4518.4 primes=150 surv=13 exact=11 badbase=0 hits7=[(9, False), (9, False), (9, False), (9, False), (9, False), (9, False), (9, False), (9, False), (9, False), (9, False), (9, False)] exc=0 t_gens=1s t=4s
  BL/TR: rank[2,2] gens=1 INCOMPLETE src=pari+mwrank sat=1 tors=8 states=800000 hmax=11875490258.7 primes=150 surv=9 exact=7 badbase=0 hits7=[(9, False), (9, False), (9, False), (9, False), (9, False), (9, False), (9, False)] exc=0 t_gens=12s t=15s
  BL/D: rank[3,3] gens=3 src=pari sat=1 tors=4 states=400000 hmax=4518.4 primes=150 surv=13 exact=11 badbase=0 hits7=[(9, False), (9, False), (9, False), (9, False), (9, False), (9, False), (9, False), (9, False), (9, False), (9, False), (9, False)] exc=0 t_gens=0s t=3s
  TR/D: rank[3,3] gens=3 src=pari sat=1 tors=4 states=400000 hmax=2716.4 primes=150 surv=17 exact=14 badbase=0 hits7=[(9, False), (9, False), (9, False), (9, False), (9, False), (9, False), (9, False), (9, False), (9, False), (9, False), (9, False), (9, False), (9, False), (9, False)] exc=0 t_gens=0s t=3s
(271,103) C0=42025 □ K=50000
  TL/BR: rank[1,1] gens=1 src=pari sat=1 tors=8 states=800000 hmax=13451787296.0 primes=150 surv=9 exact=7 badbase=0 hits7=[(9, False), (9, False), (9, False), (9, False), (9, False), (9, False), (9, False)] exc=0 t_gens=0s t=3s
  TL/D: rank[3,3] gens=3 src=pari sat=1 tors=4 states=400000 hmax=3314.8 primes=150 surv=13 exact=11 badbase=0 hits7=[(9, False), (9, False), (9, False), (9, False), (9, False), (9, False), (9, False), (9, False), (9, False), (9, False), (9, False)] exc=0 t_gens=0s t=4s
  BR/D: rank[3,3] gens=3 src=pari sat=1 tors=4 states=400000 hmax=3308.3 primes=150 surv=17 exact=14 badbase=0 hits7=[(9, False), (9, False), (9, False), (9, False), (9, False), (9, False), (9, False), (9, False), (9, False), (9, False), (9, False), (9, False), (9, False), (9, False)] exc=0 t_gens=0s t=5s
  BL/TR: rank[3,3] gens=3 src=pari sat=1 tors=8 states=800000 hmax=6232.9 primes=150 surv=9 exact=7 badbase=0 hits7=[(9, False), (9, False), (9, False), (9, False), (9, False), (9, False), (9, False)] exc=0 t_gens=1s t=6s
  BL/D: rank[3,3] gens=3 src=pari sat=1 tors=4 states=400000 hmax=3308.3 primes=150 surv=13 exact=11 badbase=0 hits7=[(9, False), (9, False), (9, False), (9, False), (9, False), (9, False), (9, False), (9, False), (9, False), (9, False), (9, False)] exc=0 t_gens=0s t=6s
  TR/D: rank[3,3] gens=3 src=pari sat=1 tors=4 states=400000 hmax=3314.8 primes=150 surv=13 exact=11 badbase=0 hits7=[(9, False), (9, False), (9, False), (9, False), (9, False), (9, False), (9, False), (9, False), (9, False), (9, False), (9, False)] exc=0 t_gens=0s t=6s
(167,119) C0=21025 □ K=50000
  TL/BR: rank[1,1] gens=1 src=pari sat=1 tors=8 states=800000 hmax=12530443035.3 primes=150 surv=9 exact=7 badbase=0 hits7=[(9, False), (9, False), (9, False), (9, False), (9, False), (9, False), (9, False)] exc=0 t_gens=0s t=6s
  TL/D: rank[3,3] gens=3 src=pari sat=1 tors=4 states=400000 hmax=3015.0 primes=150 surv=13 exact=11 badbase=0 hits7=[(9, False), (9, False), (9, False), (9, False), (9, False), (9, False), (9, False), (9, False), (9, False), (9, False), (9, False)] exc=0 t_gens=0s t=6s
  BR/D: rank[3,3] gens=3 src=pari sat=1 tors=4 states=400000 hmax=5065.5 primes=150 surv=13 exact=11 badbase=0 hits7=[(9, False), (9, False), (9, False), (9, False), (9, False), (9, False), (9, False), (9, False), (9, False), (9, False), (9, False)] exc=0 t_gens=1s t=6s
  BL/TR: rank[1,1] gens=1 src=pari sat=1 tors=8 states=800000 hmax=12327523113.4 primes=150 surv=9 exact=7 badbase=0 hits7=[(9, False), (9, False), (9, False), (9, False), (9, False), (9, False), (9, False)] exc=0 t_gens=0s t=6s
  BL/D: rank[3,3] gens=3 src=pari sat=1 tors=4 states=400000 hmax=5065.5 primes=150 surv=13 exact=11 badbase=0 hits7=[(9, False), (9, False), (9, False), (9, False), (9, False), (9, False), (9, False), (9, False), (9, False), (9, False), (9, False)] exc=0 t_gens=1s t=6s
  TR/D: rank[3,3] gens=3 src=pari sat=1 tors=4 states=400000 hmax=3015.0 primes=150 surv=17 exact=14 badbase=0 hits7=[(9, False), (9, False), (9, False), (9, False), (9, False), (9, False), (9, False), (9, False), (9, False), (9, False), (9, False), (9, False), (9, False), (9, False)] exc=0 t_gens=0s t=6s
(289,23) C0=42025 □ K=50000
  TL/BR: rank[2,2] gens=2 src=pari sat=1 tors=8 states=800000 hmax=123348.8 primes=150 surv=9 exact=7 badbase=0 hits7=[(9, False), (9, False), (9, False), (9, False), (9, False), (9, False), (9, False)] exc=0 t_gens=0s t=4s
  TL/D: rank[2,2] gens=2 src=pari sat=1 tors=4 states=400000 hmax=129767.1 primes=150 surv=13 exact=11 badbase=0 hits7=[(9, False), (9, False), (9, False), (9, False), (9, False), (9, False), (9, False), (9, False), (9, False), (9, False), (9, False)] exc=0 t_gens=0s t=3s
  BR/D: rank[2,2] gens=2 src=pari sat=1 tors=4 states=400000 hmax=130702.4 primes=150 surv=13 exact=11 badbase=0 hits7=[(9, False), (9, False), (9, False), (9, False), (9, False), (9, False), (9, False), (9, False), (9, False), (9, False), (9, False)] exc=0 t_gens=0s t=3s
  BL/TR: rank[2,2] gens=2 src=pari sat=1 tors=8 states=800000 hmax=174108.2 primes=150 surv=9 exact=7 badbase=0 hits7=[(9, False), (9, False), (9, False), (9, False), (9, False), (9, False), (9, False)] exc=0 t_gens=0s t=5s
  BL/D: rank[2,2] gens=2 src=pari sat=1 tors=4 states=400000 hmax=130702.4 primes=150 surv=13 exact=11 badbase=0 hits7=[(9, False), (9, False), (9, False), (9, False), (9, False), (9, False), (9, False), (9, False), (9, False), (9, False), (9, False)] exc=0 t_gens=0s t=6s
  TR/D: rank[2,2] gens=2 src=pari sat=1 tors=4 states=400000 hmax=129767.1 primes=150 surv=13 exact=11 badbase=0 hits7=[(9, False), (9, False), (9, False), (9, False), (9, False), (9, False), (9, False), (9, False), (9, False), (9, False), (9, False)] exc=0 t_gens=0s t=5s
(311,31) C0=48841 □ K=50000
  TL/BR: rank[2,2] gens=2 src=pari sat=1 tors=8 states=800000 hmax=133741.1 primes=150 surv=9 exact=7 badbase=0 hits7=[(9, False), (9, False), (9, False), (9, False), (9, False), (9, False), (9, False)] exc=0 t_gens=0s t=4s
  TL/D: rank[3,3] gens=3 src=pari sat=1 tors=4 states=400000 hmax=3094.2 primes=150 surv=13 exact=11 badbase=0 hits7=[(9, False), (9, False), (9, False), (9, False), (9, False), (9, False), (9, False), (9, False), (9, False), (9, False), (9, False)] exc=0 t_gens=0s t=4s
  BR/D: rank[4,4] gens=4 src=pari sat=1 tors=4 states=400000 hmax=585.6 primes=150 surv=13 exact=11 badbase=0 hits7=[(9, False), (9, False), (9, False), (9, False), (9, False), (9, False), (9, False), (9, False), (9, False), (9, False), (9, False)] exc=0 t_gens=1s t=5s
  BL/TR: rank[1,1] gens=1 src=pari sat=1 tors=8 states=800000 hmax=13073363191.9 primes=150 surv=9 exact=7 badbase=0 hits7=[(9, False), (9, False), (9, False), (9, False), (9, False), (9, False), (9, False)] exc=0 t_gens=0s t=4s
  BL/D: rank[4,4] gens=4 src=pari sat=1 tors=4 states=400000 hmax=585.6 primes=150 surv=13 exact=11 badbase=0 hits7=[(9, False), (9, False), (9, False), (9, False), (9, False), (9, False), (9, False), (9, False), (9, False), (9, False), (9, False)] exc=0 t_gens=0s t=4s
  TR/D: rank[3,3] gens=3 src=pari sat=1 tors=4 states=400000 hmax=3094.2 primes=150 surv=13 exact=11 badbase=0 hits7=[(9, False), (9, False), (9, False), (9, False), (9, False), (9, False), (9, False), (9, False), (9, False), (9, False), (9, False)] exc=0 t_gens=0s t=4s
(281,161) C0=52441 □ K=50000
  TL/BR: rank[1,1] gens=1 src=pari sat=1 tors=8 states=800000 hmax=13707858474.3 primes=150 surv=9 exact=7 badbase=0 hits7=[(9, False), (9, False), (9, False), (9, False), (9, False), (9, False), (9, False)] exc=0 t_gens=0s t=3s
  TL/D: rank[3,3] gens=3 src=pari sat=1 tors=4 states=400000 hmax=3903.4 primes=150 surv=13 exact=11 badbase=0 hits7=[(9, False), (9, False), (9, False), (9, False), (9, False), (9, False), (9, False), (9, False), (9, False), (9, False), (9, False)] exc=0 t_gens=0s t=4s
  BR/D: rank[2,2] gens=2 src=pari sat=1 tors=4 states=400000 hmax=133233.2 primes=150 surv=13 exact=11 badbase=0 hits7=[(9, False), (9, False), (9, False), (9, False), (9, False), (9, False), (9, False), (9, False), (9, False), (9, False), (9, False)] exc=0 t_gens=0s t=5s
  BL/TR: rank[2,2] gens=2 src=pari sat=1 tors=8 states=800000 hmax=482965.8 primes=150 surv=9 exact=7 badbase=0 hits7=[(9, False), (9, False), (9, False), (9, False), (9, False), (9, False), (9, False)] exc=0 t_gens=0s t=7s
  BL/D: rank[2,2] gens=2 src=pari sat=1 tors=4 states=400000 hmax=133233.2 primes=150 surv=13 exact=11 badbase=0 hits7=[(9, False), (9, False), (9, False), (9, False), (9, False), (9, False), (9, False), (9, False), (9, False), (9, False), (9, False)] exc=0 t_gens=1s t=6s
  TR/D: rank[3,3] gens=3 src=pari sat=1 tors=4 states=400000 hmax=3903.4 primes=150 surv=13 exact=11 badbase=0 hits7=[(9, False), (9, False), (9, False), (9, False), (9, False), (9, False), (9, False), (9, False), (9, False), (9, False), (9, False)] exc=0 t_gens=0s t=6s
(287,241) C0=70225 □ K=50000
  TL/BR: rank[1,1] gens=1 src=pari sat=1 tors=8 states=800000 hmax=13999743984.1 primes=150 surv=9 exact=7 badbase=0 hits7=[(9, False), (9, False), (9, False), (9, False), (9, False), (9, False), (9, False)] exc=0 t_gens=0s t=6s
  TL/D: rank[2,2] gens=2 src=pari sat=1 tors=4 states=400000 hmax=136495.5 primes=150 surv=13 exact=10 badbase=0 hits7=[(9, False), (9, False), (9, False), (9, False), (9, False), (9, False), (9, False), (9, False), (9, False), (9, False)] exc=0 t_gens=0s t=4s
  BR/D: rank[3,3] gens=3 src=pari sat=1 tors=4 states=400000 hmax=3035.6 primes=150 surv=13 exact=10 badbase=0 hits7=[(9, False), (9, False), (9, False), (9, False), (9, False), (9, False), (9, False), (9, False), (9, False), (9, False)] exc=0 t_gens=1s t=6s
  BL/TR: rank[2,2] gens=2 src=pari sat=1 tors=8 states=800000 hmax=170170.9 primes=150 surv=9 exact=7 badbase=0 hits7=[(9, False), (9, False), (9, False), (9, False), (9, False), (9, False), (9, False)] exc=0 t_gens=0s t=5s
  BL/D: rank[3,3] gens=3 src=pari sat=1 tors=4 states=400000 hmax=3035.6 primes=150 surv=13 exact=11 badbase=0 hits7=[(9, False), (9, False), (9, False), (9, False), (9, False), (9, False), (9, False), (9, False), (9, False), (9, False), (9, False)] exc=0 t_gens=0s t=4s
  TR/D: rank[2,2] gens=2 src=pari sat=1 tors=4 states=400000 hmax=136495.5 primes=150 surv=13 exact=11 badbase=0 hits7=[(9, False), (9, False), (9, False), (9, False), (9, False), (9, False), (9, False), (9, False), (9, False), (9, False), (9, False)] exc=0 t_gens=0s t=4s
(313,103) C0=54289 □ K=50000
  TL/BR: rank[1,1] gens=1 src=pari sat=1 tors=8 states=800000 hmax=13768406184.9 primes=150 surv=9 exact=7 badbase=0 hits7=[(9, False), (9, False), (9, False), (9, False), (9, False), (9, False), (9, False)] exc=0 t_gens=0s t=4s
  TL/D: rank[3,3] gens=3 src=pari sat=1 tors=4 states=400000 hmax=3598.0 primes=150 surv=13 exact=11 badbase=0 hits7=[(9, False), (9, False), (9, False), (9, False), (9, False), (9, False), (9, False), (9, False), (9, False), (9, False), (9, False)] exc=0 t_gens=0s t=4s
  BR/D: rank[2,2] gens=2 src=pari sat=1 tors=4 states=400000 hmax=133623.4 primes=150 surv=13 exact=11 badbase=0 hits7=[(9, False), (9, False), (9, False), (9, False), (9, False), (9, False), (9, False), (9, False), (9, False), (9, False), (9, False)] exc=0 t_gens=0s t=5s
  BL/TR: rank[2,2] gens=2 src=pari sat=1 tors=8 states=800000 hmax=332093.4 primes=150 surv=9 exact=7 badbase=0 hits7=[(9, False), (9, False), (9, False), (9, False), (9, False), (9, False), (9, False)] exc=0 t_gens=0s t=7s
  BL/D: rank[2,2] gens=2 src=pari sat=1 tors=4 states=400000 hmax=133623.4 primes=150 surv=13 exact=11 badbase=0 hits7=[(9, False), (9, False), (9, False), (9, False), (9, False), (9, False), (9, False), (9, False), (9, False), (9, False), (9, False)] exc=0 t_gens=0s t=3s
  TR/D: rank[3,3] gens=3 src=pari sat=1 tors=4 states=400000 hmax=3598.0 primes=150 surv=13 exact=11 badbase=0 hits7=[(9, False), (9, False), (9, False), (9, False), (9, False), (9, False), (9, False), (9, False), (9, False), (9, False), (9, False)] exc=0 t_gens=0s t=3s
(359,287) C0=105625 □ K=50000
  TL/BR: rank[1,1] gens=1 src=pari sat=1 tors=8 states=800000 hmax=14522437027.2 primes=150 surv=9 exact=7 badbase=0 hits7=[(9, False), (9, False), (9, False), (9, False), (9, False), (9, False), (9, False)] exc=0 t_gens=0s t=4s
  TL/D: rank[3,3] gens=3 src=pari sat=3 tors=4 states=400000 hmax=3621.2 primes=150 surv=13 exact=11 badbase=0 hits7=[(9, False), (9, False), (9, False), (9, False), (9, False), (9, False), (9, False), (9, False), (9, False), (9, False), (9, False)] exc=0 t_gens=1s t=4s
  BR/D: rank[3,3] gens=3 src=pari sat=1 tors=4 states=400000 hmax=6342.8 primes=150 surv=13 exact=11 badbase=0 hits7=[(9, False), (9, False), (9, False), (9, False), (9, False), (9, False), (9, False), (9, False), (9, False), (9, False), (9, False)] exc=0 t_gens=0s t=4s
  BL/TR: rank[1,1] gens=1 src=pari sat=1 tors=8 states=800000 hmax=14385151200.9 primes=150 surv=9 exact=7 badbase=0 hits7=[(9, False), (9, False), (9, False), (9, False), (9, False), (9, False), (9, False)] exc=0 t_gens=0s t=4s
  BL/D: rank[3,3] gens=3 src=pari sat=1 tors=4 states=400000 hmax=6342.8 primes=150 surv=13 exact=11 badbase=0 hits7=[(9, False), (9, False), (9, False), (9, False), (9, False), (9, False), (9, False), (9, False), (9, False), (9, False), (9, False)] exc=0 t_gens=1s t=4s
  TR/D: rank[3,3] gens=3 src=pari sat=3 tors=4 states=400000 hmax=3621.2 primes=150 surv=13 exact=11 badbase=0 hits7=[(9, False), (9, False), (9, False), (9, False), (9, False), (9, False), (9, False), (9, False), (9, False), (9, False), (9, False)] exc=0 t_gens=1s t=4s
(329,89) C0=58081 □ K=50000
  TL/BR: rank[2,2] gens=2 src=pari sat=1 tors=8 states=800000 hmax=366644.6 primes=150 surv=9 exact=7 badbase=0 hits7=[(9, False), (9, False), (9, False), (9, False), (9, False), (9, False), (9, False)] exc=0 t_gens=0s t=7s
  TL/D: rank[2,2] gens=2 src=pari sat=1 tors=4 states=400000 hmax=134055.1 primes=150 surv=13 exact=11 badbase=0 hits7=[(9, False), (9, False), (9, False), (9, False), (9, False), (9, False), (9, False), (9, False), (9, False), (9, False), (9, False)] exc=0 t_gens=0s t=6s
  BR/D: rank[4,4] gens=4 src=pari sat=1 tors=4 states=400000 hmax=598.4 primes=150 surv=13 exact=11 badbase=0 hits7=[(9, False), (9, False), (9, False), (9, False), (9, False), (9, False), (9, False), (9, False), (9, False), (9, False), (9, False)] exc=0 t_gens=1s t=5s
  BL/TR: rank[2,2] gens=2 src=pari sat=1 tors=8 states=800000 hmax=309970.1 primes=150 surv=9 exact=7 badbase=0 hits7=[(9, False), (9, False), (9, False), (9, False), (9, False), (9, False), (9, False)] exc=0 t_gens=0s t=5s
  BL/D: rank[4,4] gens=4 src=pari sat=1 tors=4 states=400000 hmax=598.4 primes=150 surv=13 exact=11 badbase=0 hits7=[(9, False), (9, False), (9, False), (9, False), (9, False), (9, False), (9, False), (9, False), (9, False), (9, False), (9, False)] exc=0 t_gens=1s t=5s
  TR/D: rank[2,2] gens=2 src=pari sat=1 tors=4 states=400000 hmax=134055.1 primes=150 surv=13 exact=11 badbase=0 hits7=[(9, False), (9, False), (9, False), (9, False), (9, False), (9, False), (9, False), (9, False), (9, False), (9, False), (9, False)] exc=0 t_gens=0s t=4s
(329,191) C0=72361 □ K=50000
  TL/BR: rank[2,2] gens=2 src=pari sat=1 tors=8 states=800000 hmax=301433.5 primes=150 surv=9 exact=7 badbase=0 hits7=[(9, False), (9, False), (9, False), (9, False), (9, False), (9, False), (9, False)] exc=0 t_gens=0s t=5s
  TL/D: rank[3,3] gens=3 src=pari sat=1 tors=4 states=400000 hmax=4654.4 primes=150 surv=13 exact=11 badbase=0 hits7=[(9, False), (9, False), (9, False), (9, False), (9, False), (9, False), (9, False), (9, False), (9, False), (9, False), (9, False)] exc=0 t_gens=1s t=3s
  BR/D: rank[3,3] gens=3 src=pari sat=1 tors=4 states=400000 hmax=5757.6 primes=150 surv=13 exact=11 badbase=0 hits7=[(9, False), (9, False), (9, False), (9, False), (9, False), (9, False), (9, False), (9, False), (9, False), (9, False), (9, False)] exc=0 t_gens=0s t=4s
  BL/TR: rank[2,2] gens=2 src=pari sat=1 tors=8 states=800000 hmax=140450.3 primes=150 surv=9 exact=7 badbase=0 hits7=[(9, False), (9, False), (9, False), (9, False), (9, False), (9, False), (9, False)] exc=0 t_gens=0s t=7s
  BL/D: rank[3,3] gens=3 src=pari sat=1 tors=4 states=400000 hmax=5757.6 primes=150 surv=13 exact=11 badbase=0 hits7=[(9, False), (9, False), (9, False), (9, False), (9, False), (9, False), (9, False), (9, False), (9, False), (9, False), (9, False)] exc=0 t_gens=1s t=5s
  TR/D: rank[3,3] gens=3 src=pari sat=1 tors=4 states=400000 hmax=4654.4 primes=150 surv=13 exact=11 badbase=0 hits7=[(9, False), (9, False), (9, False), (9, False), (9, False), (9, False), (9, False), (9, False), (9, False), (9, False), (9, False)] exc=0 t_gens=1s t=6s
(383,233) C0=100489 □ K=50000
  TL/BR: rank[2,2] gens=2 src=pari sat=1 tors=8 states=800000 hmax=343592.1 primes=150 surv=9 exact=7 badbase=0 hits7=[(9, False), (9, False), (9, False), (9, False), (9, False), (9, False), (9, False)] exc=0 t_gens=0s t=5s
  TL/D: rank[3,3] gens=3 src=pari sat=1 tors=4 states=400000 hmax=4256.6 primes=150 surv=13 exact=11 badbase=0 hits7=[(9, False), (9, False), (9, False), (9, False), (9, False), (9, False), (9, False), (9, False), (9, False), (9, False), (9, False)] exc=0 t_gens=0s t=4s
  BR/D: rank[2,2] gens=2 src=pari+mwrank sat=1 tors=4 states=400000 hmax=140562.7 primes=150 surv=13 exact=11 badbase=0 hits7=[(9, False), (9, False), (9, False), (9, False), (9, False), (9, False), (9, False), (9, False), (9, False), (9, False), (9, False)] exc=0 t_gens=2s t=6s
  BL/TR: rank[1,1] gens=1 src=pari sat=1 tors=8 states=800000 hmax=14229195005.2 primes=150 surv=9 exact=7 badbase=0 hits7=[(9, False), (9, False), (9, False), (9, False), (9, False), (9, False), (9, False)] exc=0 t_gens=0s t=5s
  BL/D: rank[2,2] gens=2 src=pari+mwrank sat=1 tors=4 states=400000 hmax=140562.7 primes=150 surv=13 exact=11 badbase=0 hits7=[(9, False), (9, False), (9, False), (9, False), (9, False), (9, False), (9, False), (9, False), (9, False), (9, False), (9, False)] exc=0 t_gens=1s t=4s
  TR/D: rank[3,3] gens=3 src=pari sat=1 tors=4 states=400000 hmax=4256.6 primes=150 surv=13 exact=11 badbase=0 hits7=[(9, False), (9, False), (9, False), (9, False), (9, False), (9, False), (9, False), (9, False), (9, False), (9, False), (9, False)] exc=0 t_gens=0s t=3s
(367,137) C0=76729 □ K=50000
  TL/BR: rank[2,2] gens=2 src=pari sat=1 tors=8 states=800000 hmax=372444.9 primes=150 surv=9 exact=7 badbase=0 hits7=[(9, False), (9, False), (9, False), (9, False), (9, False), (9, False), (9, False)] exc=0 t_gens=0s t=5s
  TL/D: rank[3,3] gens=3 src=pari sat=1 tors=4 states=400000 hmax=3840.9 primes=150 surv=13 exact=11 badbase=0 hits7=[(9, False), (9, False), (9, False), (9, False), (9, False), (9, False), (9, False), (9, False), (9, False), (9, False), (9, False)] exc=0 t_gens=0s t=6s
  BR/D: rank[2,2] gens=2 src=pari sat=1 tors=4 states=400000 hmax=137514.0 primes=150 surv=13 exact=11 badbase=0 hits7=[(9, False), (9, False), (9, False), (9, False), (9, False), (9, False), (9, False), (9, False), (9, False), (9, False), (9, False)] exc=0 t_gens=0s t=5s
  BL/TR: rank[1,1] gens=1 src=pari sat=1 tors=8 states=800000 hmax=13757040724.9 primes=150 surv=9 exact=7 badbase=0 hits7=[(9, False), (9, False), (9, False), (9, False), (9, False), (9, False), (9, False)] exc=0 t_gens=0s t=6s
  BL/D: rank[2,2] gens=2 src=pari sat=1 tors=4 states=400000 hmax=137514.0 primes=150 surv=13 exact=11 badbase=0 hits7=[(9, False), (9, False), (9, False), (9, False), (9, False), (9, False), (9, False), (9, False), (9, False), (9, False), (9, False)] exc=0 t_gens=0s t=3s
  TR/D: rank[3,3] gens=3 src=pari sat=1 tors=4 states=400000 hmax=3840.9 primes=150 surv=13 exact=11 badbase=0 hits7=[(9, False), (9, False), (9, False), (9, False), (9, False), (9, False), (9, False), (9, False), (9, False), (9, False), (9, False)] exc=0 t_gens=0s t=3s
(343,151) C0=70225 □ K=50000
  TL/BR: rank[1,1] gens=1 src=pari sat=1 tors=8 states=800000 hmax=14092061023.7 primes=150 surv=9 exact=7 badbase=0 hits7=[(9, False), (9, False), (9, False), (9, False), (9, False), (9, False), (9, False)] exc=0 t_gens=0s t=4s
  TL/D: rank[2,2] gens=2 src=pari+mwrank sat=1 tors=4 states=400000 hmax=136406.1 primes=150 surv=13 exact=11 badbase=0 hits7=[(9, False), (9, False), (9, False), (9, False), (9, False), (9, False), (9, False), (9, False), (9, False), (9, False), (9, False)] exc=0 t_gens=3s t=8s
  BR/D: rank[2,2] gens=2 src=pari sat=1 tors=4 states=400000 hmax=136504.8 primes=150 surv=13 exact=11 badbase=0 hits7=[(9, False), (9, False), (9, False), (9, False), (9, False), (9, False), (9, False), (9, False), (9, False), (9, False), (9, False)] exc=0 t_gens=0s t=4s
  BL/TR: rank[3,3] gens=3 src=pari sat=1 tors=8 states=800000 hmax=2866.3 primes=150 surv=9 exact=7 badbase=0 hits7=[(9, False), (9, False), (9, False), (9, False), (9, False), (9, False), (9, False)] exc=0 t_gens=1s t=5s
  BL/D: rank[2,2] gens=2 src=pari sat=1 tors=4 states=400000 hmax=136504.8 primes=150 surv=13 exact=11 badbase=0 hits7=[(9, False), (9, False), (9, False), (9, False), (9, False), (9, False), (9, False), (9, False), (9, False), (9, False), (9, False)] exc=0 t_gens=0s t=6s
  TR/D: rank[2,2] gens=2 src=pari+mwrank sat=1 tors=4 states=400000 hmax=136406.1 primes=150 surv=13 exact=11 badbase=0 hits7=[(9, False), (9, False), (9, False), (9, False), (9, False), (9, False), (9, False), (9, False), (9, False), (9, False), (9, False)] exc=0 t_gens=1s t=5s
(433,281) C0=133225 □ K=50000
  TL/BR: rank[1,1] gens=1 src=pari sat=1 tors=8 states=800000 hmax=14855574203.5 primes=150 surv=9 exact=7 badbase=0 hits7=[(9, False), (9, False), (9, False), (9, False), (9, False), (9, False), (9, False)] exc=0 t_gens=0s t=6s
  TL/D: rank[3,3] gens=3 src=pari sat=1 tors=4 states=400000 hmax=3954.7 primes=150 surv=13 exact=11 badbase=0 hits7=[(9, False), (9, False), (9, False), (9, False), (9, False), (9, False), (9, False), (9, False), (9, False), (9, False), (9, False)] exc=0 t_gens=0s t=3s
  BR/D: rank[3,3] gens=3 src=pari sat=1 tors=4 states=400000 hmax=4293.6 primes=150 surv=13 exact=11 badbase=0 hits7=[(9, False), (9, False), (9, False), (9, False), (9, False), (9, False), (9, False), (9, False), (9, False), (9, False), (9, False)] exc=0 t_gens=0s t=3s
  BL/TR: rank[1,1] gens=1 src=pari sat=1 tors=8 states=800000 hmax=14603332698.6 primes=150 surv=9 exact=7 badbase=0 hits7=[(9, False), (9, False), (9, False), (9, False), (9, False), (9, False), (9, False)] exc=0 t_gens=0s t=3s
  BL/D: rank[3,3] gens=3 src=pari sat=1 tors=4 states=400000 hmax=4293.6 primes=150 surv=13 exact=11 badbase=0 hits7=[(9, False), (9, False), (9, False), (9, False), (9, False), (9, False), (9, False), (9, False), (9, False), (9, False), (9, False)] exc=0 t_gens=0s t=4s
  TR/D: rank[3,3] gens=3 src=pari sat=1 tors=4 states=400000 hmax=3954.7 primes=150 surv=13 exact=11 badbase=0 hits7=[(9, False), (9, False), (9, False), (9, False), (9, False), (9, False), (9, False), (9, False), (9, False), (9, False), (9, False)] exc=0 t_gens=0s t=4s
(353,217) C0=85849 □ K=50000
  TL/BR: rank[1,1] gens=1 src=pari sat=1 tors=8 states=800000 hmax=14314698738.5 primes=150 surv=9 exact=7 badbase=0 hits7=[(9, False), (9, False), (9, False), (9, False), (9, False), (9, False), (9, False)] exc=0 t_gens=0s t=4s
  TL/D: rank[3,3] gens=3 src=pari sat=1 tors=4 states=400000 hmax=4197.7 primes=150 surv=13 exact=11 badbase=0 hits7=[(9, False), (9, False), (9, False), (9, False), (9, False), (9, False), (9, False), (9, False), (9, False), (9, False), (9, False)] exc=0 t_gens=0s t=5s
  BR/D: rank[2,2] gens=2 src=pari+mwrank sat=1 tors=4 states=400000 hmax=138787.5 primes=150 surv=13 exact=11 badbase=0 hits7=[(9, False), (9, False), (9, False), (9, False), (9, False), (9, False), (9, False), (9, False), (9, False), (9, False), (9, False)] exc=0 t_gens=2s t=8s
  BL/TR: rank[2,2] gens=2 src=pari sat=1 tors=8 states=800000 hmax=339716.6 primes=150 surv=9 exact=7 badbase=0 hits7=[(9, False), (9, False), (9, False), (9, False), (9, False), (9, False), (9, False)] exc=0 t_gens=0s t=7s
  BL/D: rank[2,2] gens=2 src=pari+mwrank sat=1 tors=4 states=400000 hmax=138787.5 primes=150 surv=13 exact=11 badbase=0 hits7=[(9, False), (9, False), (9, False), (9, False), (9, False), (9, False), (9, False), (9, False), (9, False), (9, False), (9, False)] exc=0 t_gens=0s t=4s
  TR/D: rank[3,3] gens=3 src=pari sat=1 tors=4 states=400000 hmax=4197.7 primes=150 surv=13 exact=11 badbase=0 hits7=[(9, False), (9, False), (9, False), (9, False), (9, False), (9, False), (9, False), (9, False), (9, False), (9, False), (9, False)] exc=0 t_gens=0s t=4s
(431,17) C0=93025 □ K=50000
  TL/BR: rank[2,2] gens=2 src=pari sat=1 tors=8 states=800000 hmax=119095.9 primes=150 surv=9 exact=7 badbase=0 hits7=[(9, False), (9, False), (9, False), (9, False), (9, False), (9, False), (9, False)] exc=0 t_gens=0s t=5s
  TL/D: rank[2,2] gens=2 src=pari sat=1 tors=4 states=400000 hmax=138430.8 primes=150 surv=13 exact=11 badbase=0 hits7=[(9, False), (9, False), (9, False), (9, False), (9, False), (9, False), (9, False), (9, False), (9, False), (9, False), (9, False)] exc=0 t_gens=0s t=3s
  BR/D: rank[3,3] gens=3 src=pari sat=1 tors=4 states=400000 hmax=6072.1 primes=150 surv=13 exact=11 badbase=0 hits7=[(9, False), (9, False), (9, False), (9, False), (9, False), (9, False), (9, False), (9, False), (9, False), (9, False), (9, False)] exc=0 t_gens=0s t=5s
  BL/TR: rank[3,3] gens=3 src=pari sat=1 tors=8 states=800000 hmax=7043.2 primes=150 surv=9 exact=7 badbase=0 hits7=[(9, False), (9, False), (9, False), (9, False), (9, False), (9, False), (9, False)] exc=0 t_gens=0s t=5s
  BL/D: rank[3,3] gens=3 src=pari sat=1 tors=4 states=400000 hmax=6072.1 primes=150 surv=13 exact=11 badbase=0 hits7=[(9, False), (9, False), (9, False), (9, False), (9, False), (9, False), (9, False), (9, False), (9, False), (9, False), (9, False)] exc=0 t_gens=1s t=4s
  TR/D: rank[2,2] gens=2 src=pari sat=1 tors=4 states=400000 hmax=138430.8 primes=150 surv=13 exact=11 badbase=0 hits7=[(9, False), (9, False), (9, False), (9, False), (9, False), (9, False), (9, False), (9, False), (9, False), (9, False), (9, False)] exc=0 t_gens=0s t=4s
(401,79) C0=83521 □ K=50000
  TL/BR: rank[1,1] gens=1 src=pari sat=1 tors=8 states=800000 hmax=14270191051.7 primes=150 surv=9 exact=7 badbase=0 hits7=[(9, False), (9, False), (9, False), (9, False), (9, False), (9, False), (9, False)] exc=0 t_gens=0s t=4s
  TL/D: rank[4,4] gens=4 src=pari sat=3 tors=4 states=400000 hmax=433.4 primes=150 surv=13 exact=11 badbase=0 hits7=[(9, False), (9, False), (9, False), (9, False), (9, False), (9, False), (9, False), (9, False), (9, False), (9, False), (9, False)] exc=0 t_gens=0s t=4s
  BR/D: rank[2,2] gens=2 src=pari sat=1 tors=4 states=400000 hmax=138469.7 primes=150 surv=13 exact=11 badbase=0 hits7=[(9, False), (9, False), (9, False), (9, False), (9, False), (9, False), (9, False), (9, False), (9, False), (9, False), (9, False)] exc=0 t_gens=0s t=4s
  BL/TR: rank[3,3] gens=3 src=pari sat=1 tors=8 states=800000 hmax=5014.6 primes=150 surv=9 exact=7 badbase=0 hits7=[(9, False), (9, False), (9, False), (9, False), (9, False), (9, False), (9, False)] exc=0 t_gens=1s t=6s
  BL/D: rank[2,2] gens=2 src=pari sat=1 tors=4 states=400000 hmax=138469.7 primes=150 surv=13 exact=11 badbase=0 hits7=[(9, False), (9, False), (9, False), (9, False), (9, False), (9, False), (9, False), (9, False), (9, False), (9, False), (9, False)] exc=0 t_gens=0s t=4s
  TR/D: rank[4,4] gens=4 src=pari sat=3 tors=4 states=400000 hmax=433.4 primes=150 surv=13 exact=11 badbase=0 hits7=[(9, False), (9, False), (9, False), (9, False), (9, False), (9, False), (9, False), (9, False), (9, False), (9, False), (9, False)] exc=0 t_gens=1s t=6s
(391,337) C0=133225 □ K=50000
  TL/BR: rank[2,2] gens=2 src=pari sat=1 tors=8 states=800000 hmax=349652.9 primes=150 surv=9 exact=7 badbase=0 hits7=[(9, False), (9, False), (9, False), (9, False), (9, False), (9, False), (9, False)] exc=0 t_gens=0s t=6s
  TL/D: rank[2,2] gens=2 src=pari sat=1 tors=4 states=400000 hmax=143751.4 primes=150 surv=13 exact=10 badbase=0 hits7=[(9, False), (9, False), (9, False), (9, False), (9, False), (9, False), (9, False), (9, False), (9, False), (9, False)] exc=0 t_gens=0s t=4s
  BR/D: rank[3,3] gens=3 src=pari sat=1 tors=4 states=400000 hmax=2961.6 primes=150 surv=13 exact=10 badbase=0 hits7=[(9, False), (9, False), (9, False), (9, False), (9, False), (9, False), (9, False), (9, False), (9, False), (9, False)] exc=0 t_gens=1s t=5s
  BL/TR: rank[3,3] gens=3 src=pari sat=1 tors=8 states=800000 hmax=3105.8 primes=150 surv=9 exact=7 badbase=0 hits7=[(9, False), (9, False), (9, False), (9, False), (9, False), (9, False), (9, False)] exc=0 t_gens=1s t=6s
  BL/D: rank[3,3] gens=3 src=pari sat=1 tors=4 states=400000 hmax=2961.6 primes=150 surv=17 exact=14 badbase=0 hits7=[(9, False), (9, False), (9, False), (9, False), (9, False), (9, False), (9, False), (9, False), (9, False), (9, False), (9, False), (9, False), (9, False), (9, False)] exc=0 t_gens=1s t=5s
  TR/D: rank[2,2] gens=2 src=pari sat=1 tors=4 states=400000 hmax=143751.4 primes=150 surv=13 exact=11 badbase=0 hits7=[(9, False), (9, False), (9, False), (9, False), (9, False), (9, False), (9, False), (9, False), (9, False), (9, False), (9, False)] exc=0 t_gens=0s t=4s
(391,71) C0=78961 □ K=50000
  TL/BR: rank[2,2] gens=2 src=pari sat=1 tors=8 states=800000 hmax=375609.1 primes=150 surv=9 exact=7 badbase=0 hits7=[(9, False), (9, False), (9, False), (9, False), (9, False), (9, False), (9, False)] exc=0 t_gens=0s t=7s
  TL/D: rank[2,2] gens=2 src=pari sat=1 tors=4 states=400000 hmax=137298.3 primes=150 surv=13 exact=11 badbase=0 hits7=[(9, False), (9, False), (9, False), (9, False), (9, False), (9, False), (9, False), (9, False), (9, False), (9, False), (9, False)] exc=0 t_gens=0s t=6s
  BR/D: rank[2,2] gens=2 src=pari sat=1 tors=4 states=400000 hmax=137859.3 primes=150 surv=13 exact=11 badbase=0 hits7=[(9, False), (9, False), (9, False), (9, False), (9, False), (9, False), (9, False), (9, False), (9, False), (9, False), (9, False)] exc=0 t_gens=0s t=3s
  BL/TR: rank[2,2] gens=2 src=pari sat=1 tors=8 states=800000 hmax=229010.8 primes=150 surv=9 exact=7 badbase=0 hits7=[(9, False), (9, False), (9, False), (9, False), (9, False), (9, False), (9, False)] exc=0 t_gens=0s t=5s
  BL/D: rank[2,2] gens=2 src=pari sat=1 tors=4 states=400000 hmax=137859.3 primes=150 surv=13 exact=11 badbase=0 hits7=[(9, False), (9, False), (9, False), (9, False), (9, False), (9, False), (9, False), (9, False), (9, False), (9, False), (9, False)] exc=0 t_gens=0s t=5s
  TR/D: rank[2,2] gens=2 src=pari sat=1 tors=4 states=400000 hmax=137298.3 primes=150 surv=13 exact=11 badbase=0 hits7=[(9, False), (9, False), (9, False), (9, False), (9, False), (9, False), (9, False), (9, False), (9, False), (9, False), (9, False)] exc=0 t_gens=0s t=5s
(409,137) C0=93025 □ K=50000
  TL/BR: rank[1,1] gens=1 src=pari sat=1 tors=8 states=800000 hmax=14442240801.5 primes=150 surv=9 exact=7 badbase=0 hits7=[(9, False), (9, False), (9, False), (9, False), (9, False), (9, False), (9, False)] exc=0 t_gens=0s t=5s
  TL/D: rank[2,2] gens=2 src=pari sat=1 tors=4 states=400000 hmax=139443.7 primes=150 surv=13 exact=11 badbase=0 hits7=[(9, False), (9, False), (9, False), (9, False), (9, False), (9, False), (9, False), (9, False), (9, False), (9, False), (9, False)] exc=0 t_gens=0s t=5s
  BR/D: rank[2,2] gens=2 src=pari sat=1 tors=4 states=400000 hmax=139693.5 primes=150 surv=13 exact=11 badbase=0 hits7=[(9, False), (9, False), (9, False), (9, False), (9, False), (9, False), (9, False), (9, False), (9, False), (9, False), (9, False)] exc=0 t_gens=0s t=4s
  BL/TR: rank[1,1] gens=1 src=pari sat=1 tors=8 states=800000 hmax=13976270302.6 primes=150 surv=9 exact=7 badbase=0 hits7=[(9, False), (9, False), (9, False), (9, False), (9, False), (9, False), (9, False)] exc=0 t_gens=0s t=5s
  BL/D: rank[2,2] gens=2 src=pari sat=1 tors=4 states=400000 hmax=139693.5 primes=150 surv=13 exact=11 badbase=0 hits7=[(9, False), (9, False), (9, False), (9, False), (9, False), (9, False), (9, False), (9, False), (9, False), (9, False), (9, False)] exc=0 t_gens=0s t=6s
  TR/D: rank[2,2] gens=2 src=pari sat=1 tors=4 states=400000 hmax=139443.7 primes=150 surv=13 exact=11 badbase=0 hits7=[(9, False), (9, False), (9, False), (9, False), (9, False), (9, False), (9, False), (9, False), (9, False), (9, False), (9, False)] exc=0 t_gens=0s t=5s
(439,359) C0=160801 □ K=50000
  TL/BR: rank[2,2] gens=2 src=pari sat=1 tors=8 states=800000 hmax=180654.8 primes=150 surv=9 exact=7 badbase=0 hits7=[(9, False), (9, False), (9, False), (9, False), (9, False), (9, False), (9, False)] exc=0 t_gens=0s t=4s
  TL/D: rank[3,3] gens=3 src=pari sat=1 tors=4 states=400000 hmax=4528.5 primes=150 surv=13 exact=11 badbase=0 hits7=[(9, False), (9, False), (9, False), (9, False), (9, False), (9, False), (9, False), (9, False), (9, False), (9, False), (9, False)] exc=0 t_gens=0s t=3s
  BR/D: rank[3,3] gens=3 src=pari sat=1 tors=4 states=400000 hmax=4411.3 primes=150 surv=13 exact=11 badbase=0 hits7=[(9, False), (9, False), (9, False), (9, False), (9, False), (9, False), (9, False), (9, False), (9, False), (9, False), (9, False)] exc=0 t_gens=0s t=5s
  BL/TR: rank[2,2] gens=2 src=pari sat=1 tors=8 states=800000 hmax=261266.4 primes=150 surv=9 exact=7 badbase=0 hits7=[(9, False), (9, False), (9, False), (9, False), (9, False), (9, False), (9, False)] exc=0 t_gens=0s t=5s
  BL/D: rank[3,3] gens=3 src=pari sat=1 tors=4 states=400000 hmax=4411.3 primes=150 surv=13 exact=11 badbase=0 hits7=[(9, False), (9, False), (9, False), (9, False), (9, False), (9, False), (9, False), (9, False), (9, False), (9, False), (9, False)] exc=0 t_gens=0s t=6s
  TR/D: rank[3,3] gens=3 src=pari sat=1 tors=4 states=400000 hmax=4528.5 primes=150 surv=13 exact=11 badbase=0 hits7=[(9, False), (9, False), (9, False), (9, False), (9, False), (9, False), (9, False), (9, False), (9, False), (9, False), (9, False)] exc=0 t_gens=0s t=6s
(457,49) C0=105625 □ K=50000
  TL/BR: rank[1,1] gens=1 src=pari sat=1 tors=8 states=800000 hmax=14503492377.1 primes=150 surv=9 exact=7 badbase=0 hits7=[(9, False), (9, False), (9, False), (9, False), (9, False), (9, False), (9, False)] exc=0 t_gens=0s t=4s
  TL/D: rank[2,2] gens=2 src=pari sat=1 tors=4 states=400000 hmax=140319.3 primes=150 surv=13 exact=11 badbase=0 hits7=[(9, False), (9, False), (9, False), (9, False), (9, False), (9, False), (9, False), (9, False), (9, False), (9, False), (9, False)] exc=0 t_gens=0s t=4s
  BR/D: rank[2,2] gens=2 src=pari+mwrank sat=2 tors=4 states=400000 hmax=141155.6 primes=150 surv=13 exact=11 badbase=0 hits7=[(9, False), (9, False), (9, False), (9, False), (9, False), (9, False), (9, False), (9, False), (9, False), (9, False), (9, False)] exc=0 t_gens=3s t=6s
  BL/TR: rank[1,1] gens=1 src=pari sat=1 tors=8 states=800000 hmax=14039242757.1 primes=150 surv=9 exact=7 badbase=0 hits7=[(9, False), (9, False), (9, False), (9, False), (9, False), (9, False), (9, False)] exc=0 t_gens=0s t=4s
  BL/D: rank[2,2] gens=2 src=pari+mwrank sat=2 tors=4 states=400000 hmax=141155.6 primes=150 surv=13 exact=11 badbase=0 hits7=[(9, False), (9, False), (9, False), (9, False), (9, False), (9, False), (9, False), (9, False), (9, False), (9, False), (9, False)] exc=0 t_gens=0s t=4s
  TR/D: rank[2,2] gens=2 src=pari sat=1 tors=4 states=400000 hmax=140319.3 primes=150 surv=13 exact=11 badbase=0 hits7=[(9, False), (9, False), (9, False), (9, False), (9, False), (9, False), (9, False), (9, False), (9, False), (9, False), (9, False)] exc=0 t_gens=0s t=4s
(497,47) C0=124609 □ K=50000
  TL/BR: rank[2,2] gens=2 src=pari sat=1 tors=8 states=800000 hmax=306085.1 primes=150 surv=9 exact=7 badbase=0 hits7=[(9, False), (9, False), (9, False), (9, False), (9, False), (9, False), (9, False)] exc=0 t_gens=0s t=5s
  TL/D: rank[2,2] gens=2 src=pari sat=1 tors=4 states=400000 hmax=142093.2 primes=150 surv=13 exact=11 badbase=0 hits7=[(9, False), (9, False), (9, False), (9, False), (9, False), (9, False), (9, False), (9, False), (9, False), (9, False), (9, False)] exc=0 t_gens=0s t=4s
  BR/D: rank[2,2] gens=2 src=pari sat=1 tors=4 states=400000 hmax=143005.7 primes=150 surv=13 exact=11 badbase=0 hits7=[(9, False), (9, False), (9, False), (9, False), (9, False), (9, False), (9, False), (9, False), (9, False), (9, False), (9, False)] exc=0 t_gens=0s t=4s
  BL/TR: rank[2,2] gens=2 src=pari sat=1 tors=8 states=800000 hmax=274904.7 primes=150 surv=9 exact=7 badbase=0 hits7=[(9, False), (9, False), (9, False), (9, False), (9, False), (9, False), (9, False)] exc=0 t_gens=0s t=6s
  BL/D: rank[2,2] gens=2 src=pari sat=1 tors=4 states=400000 hmax=143005.7 primes=150 surv=13 exact=11 badbase=0 hits7=[(9, False), (9, False), (9, False), (9, False), (9, False), (9, False), (9, False), (9, False), (9, False), (9, False), (9, False)] exc=0 t_gens=0s t=3s
  TR/D: rank[2,2] gens=2 src=pari sat=1 tors=4 states=400000 hmax=142093.2 primes=150 surv=13 exact=11 badbase=0 hits7=[(9, False), (9, False), (9, False), (9, False), (9, False), (9, False), (9, False), (9, False), (9, False), (9, False), (9, False)] exc=0 t_gens=0s t=4s
(497,193) C0=142129 □ K=50000
  TL/BR: rank[2,2] gens=2 src=pari sat=1 tors=8 states=800000 hmax=177999.3 primes=150 surv=9 exact=7 badbase=0 hits7=[(9, False), (9, False), (9, False), (9, False), (9, False), (9, False), (9, False)] exc=0 t_gens=0s t=5s
  TL/D: rank[3,3] gens=3 src=pari sat=1 tors=4 states=400000 hmax=5068.1 primes=150 surv=13 exact=11 badbase=0 hits7=[(9, False), (9, False), (9, False), (9, False), (9, False), (9, False), (9, False), (9, False), (9, False), (9, False), (9, False)] exc=0 t_gens=0s t=5s
  BR/D: rank[2,2] gens=2 src=pari sat=1 tors=4 states=400000 hmax=144466.3 primes=150 surv=13 exact=11 badbase=0 hits7=[(9, False), (9, False), (9, False), (9, False), (9, False), (9, False), (9, False), (9, False), (9, False), (9, False), (9, False)] exc=0 t_gens=0s t=4s
  BL/TR: rank[3,3] gens=3 src=pari sat=1 tors=8 states=800000 hmax=3389.8 primes=150 surv=9 exact=7 badbase=0 hits7=[(9, False), (9, False), (9, False), (9, False), (9, False), (9, False), (9, False)] exc=0 t_gens=0s t=5s
  BL/D: rank[2,2] gens=2 src=pari sat=1 tors=4 states=400000 hmax=144466.3 primes=150 surv=13 exact=11 badbase=0 hits7=[(9, False), (9, False), (9, False), (9, False), (9, False), (9, False), (9, False), (9, False), (9, False), (9, False), (9, False)] exc=0 t_gens=0s t=3s
  TR/D: rank[3,3] gens=3 src=pari sat=1 tors=4 states=400000 hmax=5068.1 primes=150 surv=13 exact=11 badbase=0 hits7=[(9, False), (9, False), (9, False), (9, False), (9, False), (9, False), (9, False), (9, False), (9, False), (9, False), (9, False)] exc=0 t_gens=0s t=3s
(503,329) C0=180625 □ K=50000
  TL/BR: rank[1,1] gens=1 src=pari sat=1 tors=8 states=800000 hmax=15234737654.4 primes=150 surv=9 exact=7 badbase=0 hits7=[(9, False), (9, False), (9, False), (9, False), (9, False), (9, False), (9, False)] exc=0 t_gens=0s t=6s
  TL/D: rank[3,3] gens=3 src=pari sat=1 tors=4 states=400000 hmax=3387.6 primes=150 surv=13 exact=11 badbase=0 hits7=[(9, False), (9, False), (9, False), (9, False), (9, False), (9, False), (9, False), (9, False), (9, False), (9, False), (9, False)] exc=0 t_gens=0s t=4s
  BR/D: rank[2,2] gens=2 src=pari sat=1 tors=4 states=400000 hmax=147185.8 primes=150 surv=13 exact=11 badbase=0 hits7=[(9, False), (9, False), (9, False), (9, False), (9, False), (9, False), (9, False), (9, False), (9, False), (9, False), (9, False)] exc=0 t_gens=0s t=4s
  BL/TR: rank[2,2] gens=2 src=pari sat=1 tors=8 states=800000 hmax=218854.9 primes=150 surv=9 exact=7 badbase=0 hits7=[(9, False), (9, False), (9, False), (9, False), (9, False), (9, False), (9, False)] exc=0 t_gens=0s t=5s
  BL/D: rank[2,2] gens=2 src=pari sat=1 tors=4 states=400000 hmax=147185.8 primes=150 surv=13 exact=11 badbase=0 hits7=[(9, False), (9, False), (9, False), (9, False), (9, False), (9, False), (9, False), (9, False), (9, False), (9, False), (9, False)] exc=0 t_gens=0s t=4s
  TR/D: rank[3,3] gens=3 src=pari sat=1 tors=4 states=400000 hmax=3387.6 primes=150 surv=13 exact=11 badbase=0 hits7=[(9, False), (9, False), (9, False), (9, False), (9, False), (9, False), (9, False), (9, False), (9, False), (9, False), (9, False)] exc=0 t_gens=0s t=4s
(521,353) C0=198025 □ K=50000
  TL/BR: rank[2,2] gens=2 src=pari sat=1 tors=8 states=800000 hmax=296335.8 primes=150 surv=9 exact=7 badbase=0 hits7=[(9, False), (9, False), (9, False), (9, False), (9, False), (9, False), (9, False)] exc=0 t_gens=0s t=5s
  TL/D: rank[3,3] gens=3 src=pari sat=1 tors=4 states=400000 hmax=4160.0 primes=150 surv=13 exact=11 badbase=0 hits7=[(9, False), (9, False), (9, False), (9, False), (9, False), (9, False), (9, False), (9, False), (9, False), (9, False), (9, False)] exc=0 t_gens=0s t=3s
  BR/D: rank[2,2] gens=2 src=pari sat=1 tors=4 states=400000 hmax=148225.8 primes=150 surv=13 exact=11 badbase=0 hits7=[(9, False), (9, False), (9, False), (9, False), (9, False), (9, False), (9, False), (9, False), (9, False), (9, False), (9, False)] exc=0 t_gens=0s t=3s
  BL/TR: rank[1,1] gens=1 src=pari sat=1 tors=8 states=800000 hmax=15113485272.0 primes=150 surv=9 exact=7 badbase=0 hits7=[(9, False), (9, False), (9, False), (9, False), (9, False), (9, False), (9, False)] exc=0 t_gens=0s t=6s
  BL/D: rank[2,2] gens=2 src=pari sat=1 tors=4 states=400000 hmax=148225.8 primes=150 surv=13 exact=11 badbase=0 hits7=[(9, False), (9, False), (9, False), (9, False), (9, False), (9, False), (9, False), (9, False), (9, False), (9, False), (9, False)] exc=0 t_gens=0s t=3s
  TR/D: rank[3,3] gens=3 src=pari sat=1 tors=4 states=400000 hmax=4160.0 primes=150 surv=13 exact=11 badbase=0 hits7=[(9, False), (9, False), (9, False), (9, False), (9, False), (9, False), (9, False), (9, False), (9, False), (9, False), (9, False)] exc=0 t_gens=0s t=4s
(529,151) C0=151321 □ K=50000
  TL/BR: rank[1,1] gens=1 src=pari sat=1 tors=8 states=800000 hmax=15042623068.5 primes=150 surv=9 exact=7 badbase=0 hits7=[(9, False), (9, False), (9, False), (9, False), (9, False), (9, False), (9, False)] exc=0 t_gens=0s t=5s
  TL/D: rank[2,2] gens=2 src=pari sat=1 tors=4 states=400000 hmax=144871.3 primes=150 surv=13 exact=11 badbase=0 hits7=[(9, False), (9, False), (9, False), (9, False), (9, False), (9, False), (9, False), (9, False), (9, False), (9, False), (9, False)] exc=0 t_gens=0s t=4s
  BR/D: rank[3,3] gens=3 src=pari sat=1 tors=4 states=400000 hmax=4265.3 primes=150 surv=13 exact=11 badbase=0 hits7=[(9, False), (9, False), (9, False), (9, False), (9, False), (9, False), (9, False), (9, False), (9, False), (9, False), (9, False)] exc=0 t_gens=0s t=3s
  BL/TR: rank[2,2] gens=2 src=pari sat=1 tors=8 states=800000 hmax=490808.9 primes=150 surv=9 exact=7 badbase=0 hits7=[(9, False), (9, False), (9, False), (9, False), (9, False), (9, False), (9, False)] exc=0 t_gens=0s t=5s
  BL/D: rank[3,3] gens=3 src=pari sat=1 tors=4 states=400000 hmax=4265.3 primes=150 surv=13 exact=11 badbase=0 hits7=[(9, False), (9, False), (9, False), (9, False), (9, False), (9, False), (9, False), (9, False), (9, False), (9, False), (9, False)] exc=0 t_gens=0s t=4s
  TR/D: rank[2,2] gens=2 src=pari sat=1 tors=4 states=400000 hmax=144871.3 primes=150 surv=13 exact=11 badbase=0 hits7=[(9, False), (9, False), (9, False), (9, False), (9, False), (9, False), (9, False), (9, False), (9, False), (9, False), (9, False)] exc=0 t_gens=0s t=3s
(479,119) C0=121801 □ K=50000
  TL/BR: rank[2,2] gens=2 src=pari sat=1 tors=8 states=800000 hmax=168226.3 primes=150 surv=9 exact=7 badbase=0 hits7=[(9, False), (9, False), (9, False), (9, False), (9, False), (9, False), (9, False)] exc=0 t_gens=0s t=5s
  TL/D: rank[2,2] gens=2 src=pari sat=1 tors=4 states=400000 hmax=142339.9 primes=150 surv=13 exact=11 badbase=0 hits7=[(9, False), (9, False), (9, False), (9, False), (9, False), (9, False), (9, False), (9, False), (9, False), (9, False), (9, False)] exc=0 t_gens=0s t=3s
  BR/D: rank[3,3] gens=3 src=pari+mwrank sat=1 tors=4 states=400000 hmax=7626.9 primes=150 surv=13 exact=11 badbase=0 hits7=[(9, False), (9, False), (9, False), (9, False), (9, False), (9, False), (9, False), (9, False), (9, False), (9, False), (9, False)] exc=0 t_gens=3s t=8s
  BL/TR: rank[3,3] gens=3 src=pari sat=1 tors=8 states=800000 hmax=7270.6 primes=150 surv=9 exact=7 badbase=0 hits7=[(9, False), (9, False), (9, False), (9, False), (9, False), (9, False), (9, False)] exc=0 t_gens=0s t=6s
  BL/D: rank[3,3] gens=3 src=pari+mwrank sat=1 tors=4 states=400000 hmax=7626.9 primes=150 surv=13 exact=11 badbase=0 hits7=[(9, False), (9, False), (9, False), (9, False), (9, False), (9, False), (9, False), (9, False), (9, False), (9, False), (9, False)] exc=0 t_gens=1s t=5s
  TR/D: rank[2,2] gens=2 src=pari sat=1 tors=4 states=400000 hmax=142339.9 primes=150 surv=13 exact=11 badbase=0 hits7=[(9, False), (9, False), (9, False), (9, False), (9, False), (9, False), (9, False), (9, False), (9, False), (9, False), (9, False)] exc=0 t_gens=0s t=4s
(527,439) C0=235225 □ K=50000
  TL/BR: rank[2,2] gens=2 src=pari sat=1 tors=8 states=800000 hmax=422703.7 primes=150 surv=9 exact=7 badbase=0 hits7=[(9, False), (9, False), (9, False), (9, False), (9, False), (9, False), (9, False)] exc=0 t_gens=0s t=5s
  TL/D: rank[3,3] gens=3 src=pari sat=1 tors=4 states=400000 hmax=5491.5 primes=150 surv=13 exact=11 badbase=0 hits7=[(9, False), (9, False), (9, False), (9, False), (9, False), (9, False), (9, False), (9, False), (9, False), (9, False), (9, False)] exc=0 t_gens=0s t=4s
  BR/D: rank[3,3] gens=3 src=pari sat=1 tors=4 states=400000 hmax=3481.3 primes=150 surv=13 exact=11 badbase=0 hits7=[(9, False), (9, False), (9, False), (9, False), (9, False), (9, False), (9, False), (9, False), (9, False), (9, False), (9, False)] exc=0 t_gens=0s t=3s
  BL/TR: rank[2,2] gens=2 src=pari sat=1 tors=8 states=800000 hmax=235409.0 primes=150 surv=9 exact=7 badbase=0 hits7=[(9, False), (9, False), (9, False), (9, False), (9, False), (9, False), (9, False)] exc=0 t_gens=0s t=5s
  BL/D: rank[3,3] gens=3 src=pari sat=1 tors=4 states=400000 hmax=3481.3 primes=150 surv=13 exact=11 badbase=0 hits7=[(9, False), (9, False), (9, False), (9, False), (9, False), (9, False), (9, False), (9, False), (9, False), (9, False), (9, False)] exc=0 t_gens=0s t=4s
  TR/D: rank[3,3] gens=3 src=pari sat=1 tors=4 states=400000 hmax=5491.5 primes=150 surv=13 exact=11 badbase=0 hits7=[(9, False), (9, False), (9, False), (9, False), (9, False), (9, False), (9, False), (9, False), (9, False), (9, False), (9, False)] exc=0 t_gens=0s t=4s
(511,271) C0=167281 □ K=50000
  TL/BR: rank[2,2] gens=2 src=pari sat=1 tors=8 states=800000 hmax=480141.3 primes=150 surv=9 exact=7 badbase=0 hits7=[(9, False), (9, False), (9, False), (9, False), (9, False), (9, False), (9, False)] exc=0 t_gens=0s t=5s
  TL/D: rank[3,3] gens=3 src=pari sat=1 tors=4 states=400000 hmax=6771.9 primes=150 surv=13 exact=11 badbase=0 hits7=[(9, False), (9, False), (9, False), (9, False), (9, False), (9, False), (9, False), (9, False), (9, False), (9, False), (9, False)] exc=0 t_gens=0s t=4s
  BR/D: rank[2,2] gens=2 src=pari sat=1 tors=4 states=400000 hmax=146333.0 primes=150 surv=13 exact=11 badbase=0 hits7=[(9, False), (9, False), (9, False), (9, False), (9, False), (9, False), (9, False), (9, False), (9, False), (9, False), (9, False)] exc=0 t_gens=0s t=6s
  BL/TR: rank[1,1] gens=1 src=pari sat=1 tors=8 states=800000 hmax=14822551760.7 primes=150 surv=9 exact=7 badbase=0 hits7=[(9, False), (9, False), (9, False), (9, False), (9, False), (9, False), (9, False)] exc=0 t_gens=0s t=6s
  BL/D: rank[2,2] gens=2 src=pari sat=1 tors=4 states=400000 hmax=146333.0 primes=150 surv=13 exact=11 badbase=0 hits7=[(9, False), (9, False), (9, False), (9, False), (9, False), (9, False), (9, False), (9, False), (9, False), (9, False), (9, False)] exc=0 t_gens=0s t=5s
  TR/D: rank[3,3] gens=3 src=pari sat=1 tors=4 states=400000 hmax=6771.9 primes=150 surv=13 exact=11 badbase=0 hits7=[(9, False), (9, False), (9, False), (9, False), (9, False), (9, False), (9, False), (9, False), (9, False), (9, False), (9, False)] exc=0 t_gens=0s t=5s
(487,217) C0=142129 □ K=50000
  TL/BR: rank[2,2] gens=2 src=pari sat=1 tors=8 states=800000 hmax=178609.3 primes=150 surv=9 exact=7 badbase=0 hits7=[(9, False), (9, False), (9, False), (9, False), (9, False), (9, False), (9, False)] exc=0 t_gens=0s t=5s
  TL/D: rank[4,4] gens=4 src=pari sat=1 tors=4 states=400000 hmax=528.3 primes=150 surv=13 exact=11 badbase=0 hits7=[(9, False), (9, False), (9, False), (9, False), (9, False), (9, False), (9, False), (9, False), (9, False), (9, False), (9, False)] exc=0 t_gens=1s t=6s
  BR/D: rank[2,2] gens=2 src=pari sat=1 tors=4 states=400000 hmax=144482.4 primes=150 surv=13 exact=11 badbase=0 hits7=[(9, False), (9, False), (9, False), (9, False), (9, False), (9, False), (9, False), (9, False), (9, False), (9, False), (9, False)] exc=0 t_gens=0s t=5s
  BL/TR: rank[2,2] gens=2 src=pari sat=1 tors=8 states=800000 hmax=303946.0 primes=150 surv=9 exact=7 badbase=0 hits7=[(9, False), (9, False), (9, False), (9, False), (9, False), (9, False), (9, False)] exc=0 t_gens=0s t=7s
  BL/D: rank[2,2] gens=2 src=pari sat=1 tors=4 states=400000 hmax=144482.4 primes=150 surv=13 exact=11 badbase=0 hits7=[(9, False), (9, False), (9, False), (9, False), (9, False), (9, False), (9, False), (9, False), (9, False), (9, False), (9, False)] exc=0 t_gens=0s t=6s
  TR/D: rank[4,4] gens=4 src=pari sat=1 tors=4 states=400000 hmax=528.3 primes=150 surv=13 exact=11 badbase=0 hits7=[(9, False), (9, False), (9, False), (9, False), (9, False), (9, False), (9, False), (9, False), (9, False), (9, False), (9, False)] exc=0 t_gens=1s t=7s
(527,23) C0=139129 □ K=50000
  TL/BR: rank[2,2] gens=2 src=pari+mwrank sat=1 tors=8 states=800000 hmax=551452.0 primes=150 surv=9 exact=7 badbase=0 hits7=[(9, False), (9, False), (9, False), (9, False), (9, False), (9, False), (9, False)] exc=0 t_gens=2s t=7s
  TL/D: rank[3,3] gens=3 src=pari sat=3 tors=4 states=400000 hmax=4144.1 primes=150 surv=13 exact=11 badbase=0 hits7=[(9, False), (9, False), (9, False), (9, False), (9, False), (9, False), (9, False), (9, False), (9, False), (9, False), (9, False)] exc=0 t_gens=0s t=4s
  BR/D: rank[3,3] gens=3 src=pari sat=3 tors=4 states=400000 hmax=4573.7 primes=150 surv=13 exact=11 badbase=0 hits7=[(9, False), (9, False), (9, False), (9, False), (9, False), (9, False), (9, False), (9, False), (9, False), (9, False), (9, False)] exc=0 t_gens=0s t=4s
  BL/TR: rank[2,2] gens=2 src=pari sat=1 tors=8 states=800000 hmax=253981.5 primes=150 surv=9 exact=7 badbase=0 hits7=[(9, False), (9, False), (9, False), (9, False), (9, False), (9, False), (9, False)] exc=0 t_gens=0s t=5s
  BL/D: rank[3,3] gens=3 src=pari sat=3 tors=4 states=400000 hmax=4573.7 primes=150 surv=13 exact=11 badbase=0 hits7=[(9, False), (9, False), (9, False), (9, False), (9, False), (9, False), (9, False), (9, False), (9, False), (9, False), (9, False)] exc=0 t_gens=0s t=4s
  TR/D: rank[3,3] gens=3 src=pari sat=3 tors=4 states=400000 hmax=4144.1 primes=150 surv=13 exact=11 badbase=0 hits7=[(9, False), (9, False), (9, False), (9, False), (9, False), (9, False), (9, False), (9, False), (9, False), (9, False), (9, False)] exc=0 t_gens=0s t=5s
(553,97) C0=157609 □ K=50000
  TL/BR: rank[2,2] gens=2 src=pari sat=1 tors=8 states=800000 hmax=333976.0 primes=150 surv=9 exact=7 badbase=0 hits7=[(9, False), (9, False), (9, False), (9, False), (9, False), (9, False), (9, False)] exc=0 t_gens=0s t=5s
  TL/D: rank[2,2] gens=2 src=pari+mwrank sat=1 tors=4 states=400000 hmax=145055.9 primes=150 surv=13 exact=11 badbase=0 hits7=[(9, False), (9, False), (9, False), (9, False), (9, False), (9, False), (9, False), (9, False), (9, False), (9, False), (9, False)] exc=0 t_gens=2s t=6s
  BR/D: rank[3,3] gens=3 src=pari sat=1 tors=4 states=400000 hmax=5147.7 primes=150 surv=13 exact=11 badbase=0 hits7=[(9, False), (9, False), (9, False), (9, False), (9, False), (9, False), (9, False), (9, False), (9, False), (9, False), (9, False)] exc=0 t_gens=0s t=4s
  BL/TR: rank[1,1] gens=1 src=pari sat=1 tors=8 states=800000 hmax=14560128568.8 primes=150 surv=9 exact=7 badbase=0 hits7=[(9, False), (9, False), (9, False), (9, False), (9, False), (9, False), (9, False)] exc=0 t_gens=0s t=4s
  BL/D: rank[3,3] gens=3 src=pari sat=1 tors=4 states=400000 hmax=5147.7 primes=150 surv=13 exact=11 badbase=0 hits7=[(9, False), (9, False), (9, False), (9, False), (9, False), (9, False), (9, False), (9, False), (9, False), (9, False), (9, False)] exc=0 t_gens=0s t=4s
  TR/D: rank[2,2] gens=2 src=pari+mwrank sat=1 tors=4 states=400000 hmax=145055.9 primes=150 surv=13 exact=11 badbase=0 hits7=[(9, False), (9, False), (9, False), (9, False), (9, False), (9, False), (9, False), (9, False), (9, False), (9, False), (9, False)] exc=0 t_gens=0s t=3s
(511,449) C0=231361 □ K=50000
  TL/BR: rank[2,2] gens=2 src=pari sat=1 tors=8 states=800000 hmax=333250.3 primes=150 surv=9 exact=7 badbase=0 hits7=[(9, False), (9, False), (9, False), (9, False), (9, False), (9, False), (9, False)] exc=0 t_gens=0s t=7s
  TL/D: rank[3,3] gens=3 src=pari sat=1 tors=4 states=400000 hmax=5965.7 primes=150 surv=13 exact=10 badbase=0 hits7=[(9, False), (9, False), (9, False), (9, False), (9, False), (9, False), (9, False), (9, False), (9, False), (9, False)] exc=0 t_gens=1s t=6s
  BR/D: rank[2,2] gens=2 src=pari sat=1 tors=4 states=400000 hmax=149989.5 primes=150 surv=13 exact=10 badbase=0 hits7=[(9, False), (9, False), (9, False), (9, False), (9, False), (9, False), (9, False), (9, False), (9, False), (9, False)] exc=0 t_gens=0s t=6s
  BL/TR: rank[3,3] gens=3 src=pari sat=1 tors=8 states=800000 hmax=3860.8 primes=150 surv=9 exact=7 badbase=0 hits7=[(9, False), (9, False), (9, False), (9, False), (9, False), (9, False), (9, False)] exc=0 t_gens=0s t=5s
  BL/D: rank[2,2] gens=2 src=pari sat=1 tors=4 states=400000 hmax=149989.5 primes=150 surv=13 exact=11 badbase=0 hits7=[(9, False), (9, False), (9, False), (9, False), (9, False), (9, False), (9, False), (9, False), (9, False), (9, False), (9, False)] exc=0 t_gens=0s t=4s
  TR/D: rank[3,3] gens=3 src=pari sat=1 tors=4 states=400000 hmax=5965.7 primes=150 surv=13 exact=11 badbase=0 hits7=[(9, False), (9, False), (9, False), (9, False), (9, False), (9, False), (9, False), (9, False), (9, False), (9, False), (9, False)] exc=0 t_gens=0s t=5s
(553,263) C0=187489 □ K=50000
  TL/BR: rank[1,1] gens=1 src=pari sat=1 tors=8 states=800000 hmax=15316332950.3 primes=150 surv=9 exact=7 badbase=0 hits7=[(9, False), (9, False), (9, False), (9, False), (9, False), (9, False), (9, False)] exc=0 t_gens=0s t=6s
  TL/D: rank[2,2] gens=2 src=pari sat=1 tors=4 states=400000 hmax=147523.6 primes=150 surv=13 exact=11 badbase=0 hits7=[(9, False), (9, False), (9, False), (9, False), (9, False), (9, False), (9, False), (9, False), (9, False), (9, False), (9, False)] exc=0 t_gens=0s t=4s
  BR/D: rank[3,3] gens=3 src=pari sat=1 tors=4 states=400000 hmax=3990.9 primes=150 surv=13 exact=11 badbase=0 hits7=[(9, False), (9, False), (9, False), (9, False), (9, False), (9, False), (9, False), (9, False), (9, False), (9, False), (9, False)] exc=0 t_gens=0s t=3s
  BL/TR: rank[2,2] gens=2 src=pari sat=1 tors=8 states=800000 hmax=281966.9 primes=150 surv=9 exact=7 badbase=0 hits7=[(9, False), (9, False), (9, False), (9, False), (9, False), (9, False), (9, False)] exc=0 t_gens=0s t=6s
  BL/D: rank[3,3] gens=3 src=pari sat=1 tors=4 states=400000 hmax=3990.9 primes=150 surv=13 exact=11 badbase=0 hits7=[(9, False), (9, False), (9, False), (9, False), (9, False), (9, False), (9, False), (9, False), (9, False), (9, False), (9, False)] exc=0 t_gens=0s t=6s
  TR/D: rank[2,2] gens=2 src=pari sat=1 tors=4 states=400000 hmax=147523.6 primes=150 surv=13 exact=11 badbase=0 hits7=[(9, False), (9, False), (9, False), (9, False), (9, False), (9, False), (9, False), (9, False), (9, False), (9, False), (9, False)] exc=0 t_gens=0s t=6s
(463,113) C0=113569 □ K=50000
  TL/BR: rank[1,1] gens=1 src=pari sat=1 tors=8 states=800000 hmax=14672876461.2 primes=150 surv=9 exact=7 badbase=0 hits7=[(9, False), (9, False), (9, False), (9, False), (9, False), (9, False), (9, False)] exc=0 t_gens=0s t=5s
  TL/D: rank[3,3] gens=3 src=pari sat=1 tors=4 states=400000 hmax=4073.7 primes=150 surv=13 exact=11 badbase=0 hits7=[(9, False), (9, False), (9, False), (9, False), (9, False), (9, False), (9, False), (9, False), (9, False), (9, False), (9, False)] exc=0 t_gens=0s t=4s
  BR/D: rank[2,2] gens=2 src=pari sat=1 tors=4 states=400000 hmax=141948.6 primes=150 surv=13 exact=11 badbase=0 hits7=[(9, False), (9, False), (9, False), (9, False), (9, False), (9, False), (9, False), (9, False), (9, False), (9, False), (9, False)] exc=0 t_gens=0s t=4s
  BL/TR: rank[2,2] gens=1 INCOMPLETE src=pari+mwrank sat=1 tors=8 states=800000 hmax=14179133871.2 primes=150 surv=9 exact=7 badbase=0 hits7=[(9, False), (9, False), (9, False), (9, False), (9, False), (9, False), (9, False)] exc=0 t_gens=17s t=21s
  BL/D: rank[2,2] gens=2 src=pari sat=1 tors=4 states=400000 hmax=141948.6 primes=150 surv=13 exact=11 badbase=0 hits7=[(9, False), (9, False), (9, False), (9, False), (9, False), (9, False), (9, False), (9, False), (9, False), (9, False), (9, False)] exc=0 t_gens=0s t=4s
  TR/D: rank[3,3] gens=3 src=pari sat=1 tors=4 states=400000 hmax=4073.7 primes=150 surv=13 exact=11 badbase=0 hits7=[(9, False), (9, False), (9, False), (9, False), (9, False), (9, False), (9, False), (9, False), (9, False), (9, False), (9, False)] exc=0 t_gens=0s t=4s
(569,383) C0=235225 □ K=50000
  TL/BR: rank[2,2] gens=2 src=pari sat=1 tors=8 states=800000 hmax=412431.1 primes=150 surv=9 exact=7 badbase=0 hits7=[(9, False), (9, False), (9, False), (9, False), (9, False), (9, False), (9, False)] exc=0 t_gens=0s t=6s
  TL/D: rank[2,2] gens=2 src=pari sat=1 tors=4 states=400000 hmax=150169.9 primes=150 surv=13 exact=11 badbase=0 hits7=[(9, False), (9, False), (9, False), (9, False), (9, False), (9, False), (9, False), (9, False), (9, False), (9, False), (9, False)] exc=0 t_gens=0s t=3s
  BR/D: rank[2,2] gens=2 src=pari sat=1 tors=4 states=400000 hmax=150161.6 primes=150 surv=13 exact=11 badbase=0 hits7=[(9, False), (9, False), (9, False), (9, False), (9, False), (9, False), (9, False), (9, False), (9, False), (9, False), (9, False)] exc=0 t_gens=0s t=3s
  BL/TR: rank[2,2] gens=2 src=pari sat=1 tors=8 states=800000 hmax=369766.7 primes=150 surv=9 exact=7 badbase=0 hits7=[(9, False), (9, False), (9, False), (9, False), (9, False), (9, False), (9, False)] exc=0 t_gens=0s t=7s
  BL/D: rank[2,2] gens=2 src=pari sat=1 tors=4 states=400000 hmax=150161.6 primes=150 surv=13 exact=11 badbase=0 hits7=[(9, False), (9, False), (9, False), (9, False), (9, False), (9, False), (9, False), (9, False), (9, False), (9, False), (9, False)] exc=0 t_gens=0s t=6s
  TR/D: rank[2,2] gens=2 src=pari sat=1 tors=4 states=400000 hmax=150169.9 primes=150 surv=13 exact=11 badbase=0 hits7=[(9, False), (9, False), (9, False), (9, False), (9, False), (9, False), (9, False), (9, False), (9, False), (9, False), (9, False)] exc=0 t_gens=0s t=3s
(577,511) C0=297025 □ K=50000
  TL/BR: rank[2,2] gens=2 src=pari sat=1 tors=8 states=800000 hmax=173163.4 primes=150 surv=9 exact=7 badbase=0 hits7=[(9, False), (9, False), (9, False), (9, False), (9, False), (9, False), (9, False)] exc=0 t_gens=0s t=6s
  TL/D: rank[3,3] gens=3 src=pari sat=1 tors=4 states=400000 hmax=4831.4 primes=150 surv=13 exact=10 badbase=0 hits7=[(9, False), (9, False), (9, False), (9, False), (9, False), (9, False), (9, False), (9, False), (9, False), (9, False)] exc=0 t_gens=1s t=4s
  BR/D: rank[4,4] gens=4 src=pari sat=3 tors=4 states=400000 hmax=1028.7 primes=150 surv=13 exact=10 badbase=0 hits7=[(9, False), (9, False), (9, False), (9, False), (9, False), (9, False), (9, False), (9, False), (9, False), (9, False)] exc=0 t_gens=1s t=5s
  BL/TR: rank[1,1] gens=1 src=pari sat=1 tors=8 states=800000 hmax=15712489665.8 primes=150 surv=9 exact=7 badbase=0 hits7=[(9, False), (9, False), (9, False), (9, False), (9, False), (9, False), (9, False)] exc=0 t_gens=0s t=5s
  BL/D: rank[4,4] gens=4 src=pari sat=3 tors=4 states=400000 hmax=1028.7 primes=150 surv=13 exact=11 badbase=0 hits7=[(9, False), (9, False), (9, False), (9, False), (9, False), (9, False), (9, False), (9, False), (9, False), (9, False), (9, False)] exc=0 t_gens=1s t=5s
  TR/D: rank[3,3] gens=3 src=pari sat=1 tors=4 states=400000 hmax=4831.4 primes=150 surv=13 exact=11 badbase=0 hits7=[(9, False), (9, False), (9, False), (9, False), (9, False), (9, False), (9, False), (9, False), (9, False), (9, False), (9, False)] exc=0 t_gens=1s t=5s
(617,433) C0=284089 □ K=50000
  TL/BR: rank[3,3] gens=3 src=pari sat=1 tors=8 states=800000 hmax=6319.5 primes=150 surv=9 exact=7 badbase=0 hits7=[(9, False), (9, False), (9, False), (9, False), (9, False), (9, False), (9, False)] exc=0 t_gens=0s t=5s
  TL/D: rank[3,3] gens=3 src=pari sat=3 tors=4 states=400000 hmax=4434.7 primes=150 surv=13 exact=11 badbase=0 hits7=[(9, False), (9, False), (9, False), (9, False), (9, False), (9, False), (9, False), (9, False), (9, False), (9, False), (9, False)] exc=0 t_gens=0s t=4s
  BR/D: rank[3,3] gens=3 src=pari sat=1 tors=4 states=400000 hmax=3990.8 primes=150 surv=13 exact=11 badbase=0 hits7=[(9, False), (9, False), (9, False), (9, False), (9, False), (9, False), (9, False), (9, False), (9, False), (9, False), (9, False)] exc=0 t_gens=0s t=3s
  BL/TR: rank[1,1] gens=1 src=pari sat=1 tors=8 states=800000 hmax=15576712540.1 primes=150 surv=9 exact=7 badbase=0 hits7=[(9, False), (9, False), (9, False), (9, False), (9, False), (9, False), (9, False)] exc=0 t_gens=0s t=4s
  BL/D: rank[3,3] gens=3 src=pari sat=1 tors=4 states=400000 hmax=3990.8 primes=150 surv=13 exact=11 badbase=0 hits7=[(9, False), (9, False), (9, False), (9, False), (9, False), (9, False), (9, False), (9, False), (9, False), (9, False), (9, False)] exc=0 t_gens=0s t=4s
  TR/D: rank[3,3] gens=3 src=pari sat=3 tors=4 states=400000 hmax=4434.7 primes=150 surv=13 exact=11 badbase=0 hits7=[(9, False), (9, False), (9, False), (9, False), (9, False), (9, False), (9, False), (9, False), (9, False), (9, False), (9, False)] exc=0 t_gens=0s t=3s
(623,313) C0=243049 □ K=50000
  TL/BR: rank[1,1] gens=1 src=pari sat=1 tors=8 states=800000 hmax=15637308805.5 primes=150 surv=9 exact=7 badbase=0 hits7=[(9, False), (9, False), (9, False), (9, False), (9, False), (9, False), (9, False)] exc=0 t_gens=0s t=3s
  TL/D: rank[2,2] gens=2 src=pari sat=1 tors=4 states=400000 hmax=150436.7 primes=150 surv=13 exact=11 badbase=0 hits7=[(9, False), (9, False), (9, False), (9, False), (9, False), (9, False), (9, False), (9, False), (9, False), (9, False), (9, False)] exc=0 t_gens=0s t=4s
  BR/D: rank[2,2] gens=2 src=pari sat=1 tors=4 states=400000 hmax=150565.8 primes=150 surv=13 exact=11 badbase=0 hits7=[(9, False), (9, False), (9, False), (9, False), (9, False), (9, False), (9, False), (9, False), (9, False), (9, False), (9, False)] exc=0 t_gens=0s t=4s
  BL/TR: rank[1,1] gens=1 src=pari sat=1 tors=8 states=800000 hmax=15273411071.6 primes=150 surv=9 exact=7 badbase=0 hits7=[(9, False), (9, False), (9, False), (9, False), (9, False), (9, False), (9, False)] exc=0 t_gens=0s t=4s
  BL/D: rank[2,2] gens=2 src=pari sat=1 tors=4 states=400000 hmax=150565.8 primes=150 surv=13 exact=11 badbase=0 hits7=[(9, False), (9, False), (9, False), (9, False), (9, False), (9, False), (9, False), (9, False), (9, False), (9, False), (9, False)] exc=0 t_gens=0s t=4s
  TR/D: rank[2,2] gens=2 src=pari sat=1 tors=4 states=400000 hmax=150436.7 primes=150 surv=13 exact=11 badbase=0 hits7=[(9, False), (9, False), (9, False), (9, False), (9, False), (9, False), (9, False), (9, False), (9, False), (9, False), (9, False)] exc=0 t_gens=0s t=4s
(593,257) C0=208849 □ K=50000
  TL/BR: rank[1,1] gens=1 src=pari sat=1 tors=8 states=800000 hmax=15454886191.0 primes=150 surv=9 exact=7 badbase=0 hits7=[(9, False), (9, False), (9, False), (9, False), (9, False), (9, False), (9, False)] exc=0 t_gens=0s t=5s
  TL/D: rank[2,2] gens=2 src=pari sat=1 tors=4 states=400000 hmax=148671.9 primes=150 surv=13 exact=11 badbase=0 hits7=[(9, False), (9, False), (9, False), (9, False), (9, False), (9, False), (9, False), (9, False), (9, False), (9, False), (9, False)] exc=0 t_gens=0s t=3s
  BR/D: rank[4,4] gens=4 src=pari sat=1 tors=4 states=400000 hmax=797.2 primes=150 surv=13 exact=11 badbase=0 hits7=[(9, False), (9, False), (9, False), (9, False), (9, False), (9, False), (9, False), (9, False), (9, False), (9, False), (9, False)] exc=0 t_gens=1s t=6s
  BL/TR: rank[1,1] gens=1 src=pari sat=1 tors=8 states=800000 hmax=15043510221.7 primes=150 surv=9 exact=7 badbase=0 hits7=[(9, False), (9, False), (9, False), (9, False), (9, False), (9, False), (9, False)] exc=0 t_gens=0s t=6s
  BL/D: rank[4,4] gens=4 src=pari sat=1 tors=4 states=400000 hmax=797.2 primes=150 surv=13 exact=11 badbase=0 hits7=[(9, False), (9, False), (9, False), (9, False), (9, False), (9, False), (9, False), (9, False), (9, False), (9, False), (9, False)] exc=0 t_gens=1s t=6s
  TR/D: rank[2,2] gens=2 src=pari sat=1 tors=4 states=400000 hmax=148671.9 primes=150 surv=13 exact=11 badbase=0 hits7=[(9, False), (9, False), (9, False), (9, False), (9, False), (9, False), (9, False), (9, False), (9, False), (9, False), (9, False)] exc=0 t_gens=0s t=4s
(607,343) C0=243049 □ K=50000
  TL/BR: rank[1,1] gens=1 src=pari sat=1 tors=8 states=800000 hmax=15626435082.6 primes=150 surv=9 exact=7 badbase=0 hits7=[(9, False), (9, False), (9, False), (9, False), (9, False), (9, False), (9, False)] exc=0 t_gens=0s t=5s
  TL/D: rank[3,3] gens=3 src=pari sat=1 tors=4 states=400000 hmax=3339.6 primes=150 surv=13 exact=11 badbase=0 hits7=[(9, False), (9, False), (9, False), (9, False), (9, False), (9, False), (9, False), (9, False), (9, False), (9, False), (9, False)] exc=0 t_gens=0s t=4s
  BR/D: rank[3,3] gens=3 src=pari sat=1 tors=4 states=400000 hmax=4476.0 primes=150 surv=13 exact=11 badbase=0 hits7=[(9, False), (9, False), (9, False), (9, False), (9, False), (9, False), (9, False), (9, False), (9, False), (9, False), (9, False)] exc=0 t_gens=0s t=4s
  BL/TR: rank[3,3] gens=3 src=pari sat=1 tors=8 states=800000 hmax=7302.3 primes=150 surv=9 exact=7 badbase=0 hits7=[(9, False), (9, False), (9, False), (9, False), (9, False), (9, False), (9, False)] exc=0 t_gens=1s t=6s
  BL/D: rank[3,3] gens=3 src=pari sat=1 tors=4 states=400000 hmax=4476.0 primes=150 surv=13 exact=11 badbase=0 hits7=[(9, False), (9, False), (9, False), (9, False), (9, False), (9, False), (9, False), (9, False), (9, False), (9, False), (9, False)] exc=0 t_gens=0s t=4s
  TR/D: rank[3,3] gens=3 src=pari sat=1 tors=4 states=400000 hmax=3339.6 primes=150 surv=13 exact=11 badbase=0 hits7=[(9, False), (9, False), (9, False), (9, False), (9, False), (9, False), (9, False), (9, False), (9, False), (9, False), (9, False)] exc=0 t_gens=0s t=6s
(631,71) C0=201601 □ K=50000
  TL/BR: rank[1,1] gens=1 src=pari sat=1 tors=8 states=800000 hmax=15316269516.6 primes=150 surv=9 exact=7 badbase=0 hits7=[(9, False), (9, False), (9, False), (9, False), (9, False), (9, False), (9, False)] exc=0 t_gens=0s t=4s
  TL/D: rank[4,4] gens=4 src=pari sat=1 tors=4 states=400000 hmax=588.9 primes=150 surv=13 exact=11 badbase=0 hits7=[(9, False), (9, False), (9, False), (9, False), (9, False), (9, False), (9, False), (9, False), (9, False), (9, False), (9, False)] exc=0 t_gens=0s t=3s
  BR/D: rank[2,2] gens=2 src=pari sat=1 tors=4 states=400000 hmax=148461.5 primes=150 surv=13 exact=11 badbase=0 hits7=[(9, False), (9, False), (9, False), (9, False), (9, False), (9, False), (9, False), (9, False), (9, False), (9, False), (9, False)] exc=0 t_gens=0s t=3s
  BL/TR: rank[3,3] gens=3 src=pari sat=1 tors=8 states=800000 hmax=9347.2 primes=150 surv=9 exact=7 badbase=0 hits7=[(9, False), (9, False), (9, False), (9, False), (9, False), (9, False), (9, False)] exc=0 t_gens=0s t=7s
  BL/D: rank[2,2] gens=2 src=pari sat=1 tors=4 states=400000 hmax=148461.5 primes=150 surv=13 exact=11 badbase=0 hits7=[(9, False), (9, False), (9, False), (9, False), (9, False), (9, False), (9, False), (9, False), (9, False), (9, False), (9, False)] exc=0 t_gens=0s t=4s
  TR/D: rank[4,4] gens=4 src=pari sat=1 tors=4 states=400000 hmax=588.9 primes=150 surv=17 exact=14 badbase=0 hits7=[(9, False), (9, False), (9, False), (9, False), (9, False), (9, False), (9, False), (9, False), (9, False), (9, False), (9, False), (9, False), (9, False), (9, False)] exc=0 t_gens=0s t=4s
(599,193) C0=198025 □ K=50000
  TL/BR: rank[1,1] gens=1 src=pari sat=1 tors=8 states=800000 hmax=15385146632.5 primes=150 surv=9 exact=7 badbase=0 hits7=[(9, False), (9, False), (9, False), (9, False), (9, False), (9, False), (9, False)] exc=0 t_gens=0s t=6s
  TL/D: rank[3,3] gens=3 src=pari sat=1 tors=4 states=400000 hmax=4688.2 primes=150 surv=13 exact=11 badbase=0 hits7=[(9, False), (9, False), (9, False), (9, False), (9, False), (9, False), (9, False), (9, False), (9, False), (9, False), (9, False)] exc=0 t_gens=0s t=6s
  BR/D: rank[3,3] gens=3 src=pari sat=1 tors=4 states=400000 hmax=4201.0 primes=150 surv=13 exact=11 badbase=0 hits7=[(9, False), (9, False), (9, False), (9, False), (9, False), (9, False), (9, False), (9, False), (9, False), (9, False), (9, False)] exc=0 t_gens=0s t=6s
  BL/TR: rank[1,1] gens=1 src=pari sat=1 tors=8 states=800000 hmax=14913709448.8 primes=150 surv=9 exact=7 badbase=0 hits7=[(9, False), (9, False), (9, False), (9, False), (9, False), (9, False), (9, False)] exc=0 t_gens=0s t=6s
  BL/D: rank[3,3] gens=3 src=pari sat=1 tors=4 states=400000 hmax=4201.0 primes=150 surv=13 exact=11 badbase=0 hits7=[(9, False), (9, False), (9, False), (9, False), (9, False), (9, False), (9, False), (9, False), (9, False), (9, False), (9, False)] exc=0 t_gens=0s t=6s
  TR/D: rank[3,3] gens=3 src=pari sat=1 tors=4 states=400000 hmax=4688.2 primes=150 surv=13 exact=11 badbase=0 hits7=[(9, False), (9, False), (9, False), (9, False), (9, False), (9, False), (9, False), (9, False), (9, False), (9, False), (9, False)] exc=0 t_gens=1s t=6s
(679,41) C0=231361 □ K=50000
  TL/BR: rank[2,2] gens=2 src=pari sat=1 tors=8 states=800000 hmax=251995.0 primes=150 surv=9 exact=7 badbase=0 hits7=[(9, False), (9, False), (9, False), (9, False), (9, False), (9, False), (9, False)] exc=0 t_gens=0s t=5s
  TL/D: rank[2,2] gens=2 src=pari sat=1 tors=4 states=400000 hmax=148867.1 primes=150 surv=13 exact=11 badbase=0 hits7=[(9, False), (9, False), (9, False), (9, False), (9, False), (9, False), (9, False), (9, False), (9, False), (9, False), (9, False)] exc=0 t_gens=0s t=4s
  BR/D: rank[2,2] gens=2 src=pari sat=1 tors=4 states=400000 hmax=149994.4 primes=150 surv=13 exact=11 badbase=0 hits7=[(9, False), (9, False), (9, False), (9, False), (9, False), (9, False), (9, False), (9, False), (9, False), (9, False), (9, False)] exc=0 t_gens=0s t=5s
  BL/TR: rank[2,2] gens=2 src=pari sat=1 tors=8 states=800000 hmax=269285.7 primes=150 surv=9 exact=7 badbase=0 hits7=[(9, False), (9, False), (9, False), (9, False), (9, False), (9, False), (9, False)] exc=0 t_gens=0s t=5s
  BL/D: rank[2,2] gens=2 src=pari sat=1 tors=4 states=400000 hmax=149994.4 primes=150 surv=13 exact=11 badbase=0 hits7=[(9, False), (9, False), (9, False), (9, False), (9, False), (9, False), (9, False), (9, False), (9, False), (9, False), (9, False)] exc=0 t_gens=0s t=3s
  TR/D: rank[2,2] gens=2 src=pari sat=1 tors=4 states=400000 hmax=148867.1 primes=150 surv=13 exact=11 badbase=0 hits7=[(9, False), (9, False), (9, False), (9, False), (9, False), (9, False), (9, False), (9, False), (9, False), (9, False), (9, False)] exc=0 t_gens=0s t=4s
(641,119) C0=212521 □ K=50000
  TL/BR: rank[2,2] gens=2 src=pari sat=1 tors=8 states=800000 hmax=172937.6 primes=150 surv=9 exact=7 badbase=0 hits7=[(9, False), (9, False), (9, False), (9, False), (9, False), (9, False), (9, False)] exc=0 t_gens=0s t=5s
  TL/D: rank[3,3] gens=3 src=pari sat=1 tors=4 states=400000 hmax=4506.8 primes=150 surv=13 exact=11 badbase=0 hits7=[(9, False), (9, False), (9, False), (9, False), (9, False), (9, False), (9, False), (9, False), (9, False), (9, False), (9, False)] exc=0 t_gens=0s t=4s
  BR/D: rank[3,3] gens=3 src=pari sat=1 tors=4 states=400000 hmax=7543.4 primes=150 surv=13 exact=11 badbase=0 hits7=[(9, False), (9, False), (9, False), (9, False), (9, False), (9, False), (9, False), (9, False), (9, False), (9, False), (9, False)] exc=0 t_gens=0s t=5s
  BL/TR: rank[2,2] gens=2 src=pari+mwrank sat=1 tors=8 states=800000 hmax=709503.2 primes=150 surv=9 exact=7 badbase=0 hits7=[(9, False), (9, False), (9, False), (9, False), (9, False), (9, False), (9, False)] exc=0 t_gens=2s t=7s
  BL/D: rank[3,3] gens=3 src=pari sat=1 tors=4 states=400000 hmax=7543.4 primes=150 surv=13 exact=11 badbase=0 hits7=[(9, False), (9, False), (9, False), (9, False), (9, False), (9, False), (9, False), (9, False), (9, False), (9, False), (9, False)] exc=0 t_gens=0s t=4s
  TR/D: rank[3,3] gens=3 src=pari sat=1 tors=4 states=400000 hmax=4506.8 primes=150 surv=13 exact=11 badbase=0 hits7=[(9, False), (9, False), (9, False), (9, False), (9, False), (9, False), (9, False), (9, False), (9, False), (9, False), (9, False)] exc=0 t_gens=0s t=4s
(673,239) C0=255025 □ K=50000
  TL/BR: rank[3,3] gens=3 src=pari sat=1 tors=8 states=800000 hmax=6316.2 primes=150 surv=9 exact=7 badbase=0 hits7=[(9, False), (9, False), (9, False), (9, False), (9, False), (9, False), (9, False)] exc=0 t_gens=0s t=7s
  TL/D: rank[4,4] gens=4 src=pari sat=3 tors=4 states=400000 hmax=783.1 primes=150 surv=13 exact=11 badbase=0 hits7=[(9, False), (9, False), (9, False), (9, False), (9, False), (9, False), (9, False), (9, False), (9, False), (9, False), (9, False)] exc=0 t_gens=1s t=4s
  BR/D: rank[2,2] gens=2 src=pari+mwrank sat=1 tors=4 states=400000 hmax=151092.3 primes=150 surv=13 exact=11 badbase=0 hits7=[(9, False), (9, False), (9, False), (9, False), (9, False), (9, False), (9, False), (9, False), (9, False), (9, False), (9, False)] exc=0 t_gens=2s t=5s
  BL/TR: rank[1,1] gens=1 src=pari sat=1 tors=8 states=800000 hmax=15248103687.9 primes=150 surv=9 exact=7 badbase=0 hits7=[(9, False), (9, False), (9, False), (9, False), (9, False), (9, False), (9, False)] exc=0 t_gens=0s t=3s
  BL/D: rank[2,2] gens=2 src=pari+mwrank sat=1 tors=4 states=400000 hmax=151092.3 primes=150 surv=13 exact=11 badbase=0 hits7=[(9, False), (9, False), (9, False), (9, False), (9, False), (9, False), (9, False), (9, False), (9, False), (9, False), (9, False)] exc=0 t_gens=0s t=4s
  TR/D: rank[4,4] gens=4 src=pari sat=3 tors=4 states=400000 hmax=783.1 primes=150 surv=13 exact=11 badbase=0 hits7=[(9, False), (9, False), (9, False), (9, False), (9, False), (9, False), (9, False), (9, False), (9, False), (9, False), (9, False)] exc=0 t_gens=1s t=7s
(623,527) C0=332929 □ K=50000
  TL/BR: rank[2,2] gens=2 src=pari sat=1 tors=8 states=800000 hmax=178179.9 primes=150 surv=9 exact=7 badbase=0 hits7=[(9, False), (9, False), (9, False), (9, False), (9, False), (9, False), (9, False)] exc=0 t_gens=0s t=6s
  TL/D: rank[1,3] gens=3 src=pari+mwrank sat=1 tors=4 states=400000 hmax=3378.5 primes=150 surv=13 exact=11 badbase=0 hits7=[(9, False), (9, False), (9, False), (9, False), (9, False), (9, False), (9, False), (9, False), (9, False), (9, False), (9, False)] exc=0 t_gens=3s t=8s
  BR/D: rank[3,3] gens=3 src=pari sat=1 tors=4 states=400000 hmax=3129.3 primes=150 surv=13 exact=11 badbase=0 hits7=[(9, False), (9, False), (9, False), (9, False), (9, False), (9, False), (9, False), (9, False), (9, False), (9, False), (9, False)] exc=0 t_gens=0s t=6s
  BL/TR: rank[2,2] gens=2 src=pari sat=1 tors=8 states=800000 hmax=459723.0 primes=150 surv=9 exact=7 badbase=0 hits7=[(9, False), (9, False), (9, False), (9, False), (9, False), (9, False), (9, False)] exc=0 t_gens=0s t=7s
  BL/D: rank[3,3] gens=3 src=pari sat=1 tors=4 states=400000 hmax=3129.3 primes=150 surv=13 exact=11 badbase=0 hits7=[(9, False), (9, False), (9, False), (9, False), (9, False), (9, False), (9, False), (9, False), (9, False), (9, False), (9, False)] exc=0 t_gens=0s t=6s
  TR/D: rank[1,3] gens=3 src=pari+mwrank sat=1 tors=4 states=400000 hmax=3378.5 primes=150 surv=13 exact=11 badbase=0 hits7=[(9, False), (9, False), (9, False), (9, False), (9, False), (9, False), (9, False), (9, False), (9, False), (9, False), (9, False)] exc=0 t_gens=1s t=5s
(697,329) C0=297025 □ K=50000
  TL/BR: rank[3,3] gens=3 src=pari sat=1 tors=8 states=800000 hmax=3976.7 primes=150 surv=9 exact=7 badbase=0 hits7=[(9, False), (9, False), (9, False), (9, False), (9, False), (9, False), (9, False)] exc=0 t_gens=0s t=5s
  TL/D: rank[3,3] gens=3 src=pari sat=1 tors=4 states=400000 hmax=5879.8 primes=150 surv=13 exact=11 badbase=0 hits7=[(9, False), (9, False), (9, False), (9, False), (9, False), (9, False), (9, False), (9, False), (9, False), (9, False), (9, False)] exc=0 t_gens=1s t=6s
  BR/D: rank[4,4] gens=4 src=pari sat=1 tors=4 states=400000 hmax=718.4 primes=150 surv=13 exact=11 badbase=0 hits7=[(9, False), (9, False), (9, False), (9, False), (9, False), (9, False), (9, False), (9, False), (9, False), (9, False), (9, False)] exc=0 t_gens=0s t=5s
  BL/TR: rank[2,2] gens=2 src=pari sat=1 tors=8 states=800000 hmax=207798.4 primes=150 surv=9 exact=7 badbase=0 hits7=[(9, False), (9, False), (9, False), (9, False), (9, False), (9, False), (9, False)] exc=0 t_gens=0s t=6s
  BL/D: rank[4,4] gens=4 src=pari sat=1 tors=4 states=400000 hmax=718.4 primes=150 surv=13 exact=11 badbase=0 hits7=[(9, False), (9, False), (9, False), (9, False), (9, False), (9, False), (9, False), (9, False), (9, False), (9, False), (9, False)] exc=0 t_gens=0s t=4s
  TR/D: rank[3,3] gens=3 src=pari sat=1 tors=4 states=400000 hmax=5879.8 primes=150 surv=13 exact=11 badbase=0 hits7=[(9, False), (9, False), (9, False), (9, False), (9, False), (9, False), (9, False), (9, False), (9, False), (9, False), (9, False)] exc=0 t_gens=0s t=4s
(713,503) C0=380689 □ K=50000
  TL/BR: rank[2,2] gens=2 src=pari sat=1 tors=8 states=800000 hmax=498384.3 primes=150 surv=9 exact=7 badbase=0 hits7=[(9, False), (9, False), (9, False), (9, False), (9, False), (9, False), (9, False)] exc=0 t_gens=0s t=7s
  TL/D: rank[2,2] gens=2 src=pari sat=1 tors=4 states=400000 hmax=155583.4 primes=150 surv=13 exact=11 badbase=0 hits7=[(9, False), (9, False), (9, False), (9, False), (9, False), (9, False), (9, False), (9, False), (9, False), (9, False), (9, False)] exc=0 t_gens=0s t=4s
  BR/D: rank[2,2] gens=2 src=pari sat=1 tors=4 states=400000 hmax=155635.0 primes=150 surv=13 exact=11 badbase=0 hits7=[(9, False), (9, False), (9, False), (9, False), (9, False), (9, False), (9, False), (9, False), (9, False), (9, False), (9, False)] exc=0 t_gens=0s t=3s
  BL/TR: rank[2,2] gens=2 src=pari sat=1 tors=8 states=800000 hmax=214882.1 primes=150 surv=9 exact=7 badbase=0 hits7=[(9, False), (9, False), (9, False), (9, False), (9, False), (9, False), (9, False)] exc=0 t_gens=0s t=4s
  BL/D: rank[2,2] gens=2 src=pari sat=1 tors=4 states=400000 hmax=155635.0 primes=150 surv=13 exact=11 badbase=0 hits7=[(9, False), (9, False), (9, False), (9, False), (9, False), (9, False), (9, False), (9, False), (9, False), (9, False), (9, False)] exc=0 t_gens=0s t=4s
  TR/D: rank[2,2] gens=2 src=pari sat=1 tors=4 states=400000 hmax=155583.4 primes=150 surv=13 exact=11 badbase=0 hits7=[(9, False), (9, False), (9, False), (9, False), (9, False), (9, False), (9, False), (9, False), (9, False), (9, False), (9, False)] exc=0 t_gens=0s t=4s
(721,647) C0=469225 □ K=50000
  TL/BR: rank[1,1] gens=1 src=pari sat=1 tors=8 states=800000 hmax=16355864921.7 primes=150 surv=9 exact=7 badbase=0 hits7=[(9, False), (9, False), (9, False), (9, False), (9, False), (9, False), (9, False)] exc=0 t_gens=0s t=3s
  TL/D: rank[3,3] gens=3 src=pari sat=1 tors=4 states=400000 hmax=4397.1 primes=150 surv=13 exact=10 badbase=0 hits7=[(9, False), (9, False), (9, False), (9, False), (9, False), (9, False), (9, False), (9, False), (9, False), (9, False)] exc=0 t_gens=0s t=3s
  BR/D: rank[4,4] gens=4 src=pari sat=1 tors=4 states=400000 hmax=749.7 primes=150 surv=13 exact=10 badbase=0 hits7=[(9, False), (9, False), (9, False), (9, False), (9, False), (9, False), (9, False), (9, False), (9, False), (9, False)] exc=0 t_gens=0s t=3s
  BL/TR: rank[2,2] gens=2 src=pari sat=1 tors=8 states=800000 hmax=133688.0 primes=150 surv=9 exact=7 badbase=0 hits7=[(9, False), (9, False), (9, False), (9, False), (9, False), (9, False), (9, False)] exc=0 t_gens=0s t=4s
  BL/D: rank[4,4] gens=4 src=pari sat=1 tors=4 states=400000 hmax=749.7 primes=150 surv=13 exact=11 badbase=0 hits7=[(9, False), (9, False), (9, False), (9, False), (9, False), (9, False), (9, False), (9, False), (9, False), (9, False), (9, False)] exc=0 t_gens=0s t=4s
  TR/D: rank[3,3] gens=3 src=pari sat=1 tors=4 states=400000 hmax=4397.1 primes=150 surv=13 exact=11 badbase=0 hits7=[(9, False), (9, False), (9, False), (9, False), (9, False), (9, False), (9, False), (9, False), (9, False), (9, False), (9, False)] exc=0 t_gens=0s t=3s
(713,41) C0=255025 □ K=50000
  TL/BR: rank[2,2] gens=2 src=pari sat=1 tors=8 states=800000 hmax=246712.6 primes=150 surv=9 exact=7 badbase=0 hits7=[(9, False), (9, False), (9, False), (9, False), (9, False), (9, False), (9, False)] exc=0 t_gens=0s t=4s
  TL/D: rank[2,2] gens=2 src=pari sat=1 tors=4 states=400000 hmax=149954.1 primes=150 surv=13 exact=11 badbase=0 hits7=[(9, False), (9, False), (9, False), (9, False), (9, False), (9, False), (9, False), (9, False), (9, False), (9, False), (9, False)] exc=0 t_gens=0s t=3s
  BR/D: rank[2,2] gens=2 src=pari sat=1 tors=4 states=400000 hmax=151091.6 primes=150 surv=13 exact=11 badbase=0 hits7=[(9, False), (9, False), (9, False), (9, False), (9, False), (9, False), (9, False), (9, False), (9, False), (9, False), (9, False)] exc=0 t_gens=0s t=3s
  BL/TR: rank[2,2] gens=2 src=pari sat=1 tors=8 states=800000 hmax=338412.0 primes=150 surv=9 exact=7 badbase=0 hits7=[(9, False), (9, False), (9, False), (9, False), (9, False), (9, False), (9, False)] exc=0 t_gens=0s t=6s
  BL/D: rank[2,2] gens=2 src=pari sat=1 tors=4 states=400000 hmax=151091.6 primes=150 surv=13 exact=11 badbase=0 hits7=[(9, False), (9, False), (9, False), (9, False), (9, False), (9, False), (9, False), (9, False), (9, False), (9, False), (9, False)] exc=0 t_gens=0s t=6s
  TR/D: rank[2,2] gens=2 src=pari sat=1 tors=4 states=400000 hmax=149954.1 primes=150 surv=13 exact=11 badbase=0 hits7=[(9, False), (9, False), (9, False), (9, False), (9, False), (9, False), (9, False), (9, False), (9, False), (9, False), (9, False)] exc=0 t_gens=0s t=5s
(719,161) C0=271441 □ K=50000
  TL/BR: rank[1,1] gens=1 src=pari sat=1 tors=8 states=800000 hmax=15754967456.7 primes=150 surv=9 exact=7 badbase=0 hits7=[(9, False), (9, False), (9, False), (9, False), (9, False), (9, False), (9, False)] exc=0 t_gens=0s t=4s
  TL/D: rank[3,3] gens=3 src=pari sat=1 tors=4 states=400000 hmax=3359.4 primes=150 surv=13 exact=11 badbase=0 hits7=[(9, False), (9, False), (9, False), (9, False), (9, False), (9, False), (9, False), (9, False), (9, False), (9, False), (9, False)] exc=0 t_gens=0s t=4s
  BR/D: rank[3,3] gens=3 src=pari+mwrank sat=1 tors=4 states=400000 hmax=8416.9 primes=150 surv=13 exact=11 badbase=0 hits7=[(9, False), (9, False), (9, False), (9, False), (9, False), (9, False), (9, False), (9, False), (9, False), (9, False), (9, False)] exc=0 t_gens=3s t=6s
  BL/TR: rank[1,1] gens=1 src=pari sat=1 tors=8 states=800000 hmax=15259197815.1 primes=150 surv=9 exact=7 badbase=0 hits7=[(9, False), (9, False), (9, False), (9, False), (9, False), (9, False), (9, False)] exc=0 t_gens=0s t=4s
  BL/D: rank[3,3] gens=3 src=pari+mwrank sat=1 tors=4 states=400000 hmax=8416.9 primes=150 surv=13 exact=11 badbase=0 hits7=[(9, False), (9, False), (9, False), (9, False), (9, False), (9, False), (9, False), (9, False), (9, False), (9, False), (9, False)] exc=0 t_gens=1s t=5s
  TR/D: rank[3,3] gens=3 src=pari sat=1 tors=4 states=400000 hmax=3359.4 primes=150 surv=13 exact=11 badbase=0 hits7=[(9, False), (9, False), (9, False), (9, False), (9, False), (9, False), (9, False), (9, False), (9, False), (9, False), (9, False)] exc=0 t_gens=0s t=4s
(721,521) C0=395641 □ K=50000
  TL/BR: rank[4,4] gens=4 src=pari sat=1 tors=8 states=800000 hmax=816.5 primes=150 surv=9 exact=7 badbase=0 hits7=[(9, False), (9, False), (9, False), (9, False), (9, False), (9, False), (9, False)] exc=0 t_gens=1s t=6s
  TL/D: rank[3,3] gens=3 src=pari sat=1 tors=4 states=400000 hmax=6191.9 primes=150 surv=13 exact=11 badbase=0 hits7=[(9, False), (9, False), (9, False), (9, False), (9, False), (9, False), (9, False), (9, False), (9, False), (9, False), (9, False)] exc=0 t_gens=1s t=6s
  BR/D: rank[3,3] gens=3 src=pari sat=1 tors=4 states=400000 hmax=3267.4 primes=150 surv=13 exact=11 badbase=0 hits7=[(9, False), (9, False), (9, False), (9, False), (9, False), (9, False), (9, False), (9, False), (9, False), (9, False), (9, False)] exc=0 t_gens=0s t=5s
  BL/TR: rank[2,2] gens=2 src=pari sat=1 tors=8 states=800000 hmax=207768.7 primes=150 surv=9 exact=7 badbase=0 hits7=[(9, False), (9, False), (9, False), (9, False), (9, False), (9, False), (9, False)] exc=0 t_gens=0s t=5s
  BL/D: rank[3,3] gens=3 src=pari sat=1 tors=4 states=400000 hmax=3267.4 primes=150 surv=17 exact=14 badbase=0 hits7=[(9, False), (9, False), (9, False), (9, False), (9, False), (9, False), (9, False), (9, False), (9, False), (9, False), (9, False), (9, False), (9, False), (9, False)] exc=0 t_gens=0s t=3s
  TR/D: rank[3,3] gens=3 src=pari sat=1 tors=4 states=400000 hmax=6191.9 primes=150 surv=13 exact=11 badbase=0 hits7=[(9, False), (9, False), (9, False), (9, False), (9, False), (9, False), (9, False), (9, False), (9, False), (9, False), (9, False)] exc=0 t_gens=0s t=3s
(761,79) C0=292681 □ K=50000
  TL/BR: rank[1,1] gens=1 src=pari sat=1 tors=8 states=800000 hmax=15774291009.3 primes=150 surv=9 exact=7 badbase=0 hits7=[(9, False), (9, False), (9, False), (9, False), (9, False), (9, False), (9, False)] exc=0 t_gens=0s t=5s
  TL/D: rank[3,3] gens=3 src=pari sat=1 tors=4 states=400000 hmax=4700.0 primes=150 surv=13 exact=11 badbase=0 hits7=[(9, False), (9, False), (9, False), (9, False), (9, False), (9, False), (9, False), (9, False), (9, False), (9, False), (9, False)] exc=0 t_gens=0s t=3s
  BR/D: rank[3,3] gens=3 src=pari sat=1 tors=4 states=400000 hmax=7219.9 primes=150 surv=13 exact=11 badbase=0 hits7=[(9, False), (9, False), (9, False), (9, False), (9, False), (9, False), (9, False), (9, False), (9, False), (9, False), (9, False)] exc=0 t_gens=1s t=4s
  BL/TR: rank[1,1] gens=1 src=pari sat=1 tors=8 states=800000 hmax=15312434294.8 primes=150 surv=9 exact=7 badbase=0 hits7=[(9, False), (9, False), (9, False), (9, False), (9, False), (9, False), (9, False)] exc=0 t_gens=0s t=4s
  BL/D: rank[3,3] gens=3 src=pari sat=1 tors=4 states=400000 hmax=7219.9 primes=150 surv=13 exact=11 badbase=0 hits7=[(9, False), (9, False), (9, False), (9, False), (9, False), (9, False), (9, False), (9, False), (9, False), (9, False), (9, False)] exc=0 t_gens=1s t=4s
  TR/D: rank[3,3] gens=3 src=pari sat=1 tors=4 states=400000 hmax=4700.0 primes=150 surv=13 exact=11 badbase=0 hits7=[(9, False), (9, False), (9, False), (9, False), (9, False), (9, False), (9, False), (9, False), (9, False), (9, False), (9, False)] exc=0 t_gens=0s t=4s
(751,289) C0=323761 □ K=50000
  TL/BR: rank[2,2] gens=2 src=pari sat=1 tors=8 states=800000 hmax=296092.4 primes=150 surv=9 exact=7 badbase=0 hits7=[(9, False), (9, False), (9, False), (9, False), (9, False), (9, False), (9, False)] exc=0 t_gens=0s t=5s
  TL/D: rank[4,4] gens=4 src=pari sat=1 tors=4 states=400000 hmax=696.2 primes=150 surv=13 exact=11 badbase=0 hits7=[(9, False), (9, False), (9, False), (9, False), (9, False), (9, False), (9, False), (9, False), (9, False), (9, False), (9, False)] exc=0 t_gens=0s t=4s
  BR/D: rank[3,3] gens=3 src=pari sat=1 tors=4 states=400000 hmax=5169.6 primes=150 surv=13 exact=11 badbase=0 hits7=[(9, False), (9, False), (9, False), (9, False), (9, False), (9, False), (9, False), (9, False), (9, False), (9, False), (9, False)] exc=0 t_gens=0s t=5s
  BL/TR: rank[1,1] gens=1 src=pari sat=1 tors=8 states=800000 hmax=15563295145.8 primes=150 surv=9 exact=7 badbase=0 hits7=[(9, False), (9, False), (9, False), (9, False), (9, False), (9, False), (9, False)] exc=0 t_gens=0s t=4s
  BL/D: rank[3,3] gens=3 src=pari sat=1 tors=4 states=400000 hmax=5169.6 primes=150 surv=13 exact=11 badbase=0 hits7=[(9, False), (9, False), (9, False), (9, False), (9, False), (9, False), (9, False), (9, False), (9, False), (9, False), (9, False)] exc=0 t_gens=0s t=6s
  TR/D: rank[4,4] gens=4 src=pari sat=1 tors=4 states=400000 hmax=696.2 primes=150 surv=13 exact=11 badbase=0 hits7=[(9, False), (9, False), (9, False), (9, False), (9, False), (9, False), (9, False), (9, False), (9, False), (9, False), (9, False)] exc=0 t_gens=0s t=4s
(743,127) C0=284089 □ K=50000
  TL/BR: rank[1,1] gens=1 src=pari sat=1 tors=8 states=800000 hmax=15786827275.2 primes=150 surv=9 exact=7 badbase=0 hits7=[(9, False), (9, False), (9, False), (9, False), (9, False), (9, False), (9, False)] exc=0 t_gens=0s t=6s
  TL/D: rank[2,2] gens=2 src=pari sat=1 tors=4 states=400000 hmax=151687.4 primes=150 surv=13 exact=11 badbase=0 hits7=[(9, False), (9, False), (9, False), (9, False), (9, False), (9, False), (9, False), (9, False), (9, False), (9, False), (9, False)] exc=0 t_gens=0s t=6s
  BR/D: rank[3,3] gens=3 src=pari sat=1 tors=4 states=400000 hmax=5365.7 primes=150 surv=13 exact=11 badbase=0 hits7=[(9, False), (9, False), (9, False), (9, False), (9, False), (9, False), (9, False), (9, False), (9, False), (9, False), (9, False)] exc=0 t_gens=0s t=6s
  BL/TR: rank[2,2] gens=2 src=pari sat=1 tors=8 states=800000 hmax=361978.5 primes=150 surv=9 exact=7 badbase=0 hits7=[(9, False), (9, False), (9, False), (9, False), (9, False), (9, False), (9, False)] exc=0 t_gens=0s t=6s
  BL/D: rank[3,3] gens=3 src=pari sat=1 tors=4 states=400000 hmax=5365.7 primes=150 surv=13 exact=11 badbase=0 hits7=[(9, False), (9, False), (9, False), (9, False), (9, False), (9, False), (9, False), (9, False), (9, False), (9, False), (9, False)] exc=0 t_gens=0s t=4s
  TR/D: rank[2,2] gens=2 src=pari sat=1 tors=4 states=400000 hmax=151687.4 primes=150 surv=13 exact=11 badbase=0 hits7=[(9, False), (9, False), (9, False), (9, False), (9, False), (9, False), (9, False), (9, False), (9, False), (9, False), (9, False)] exc=0 t_gens=0s t=6s
(647,577) C0=375769 □ K=50000
  TL/BR: rank[1,3] gens=1 INCOMPLETE src=pari+mwrank sat=1 tors=8 states=800000 hmax=16079982794.6 primes=150 surv=9 exact=7 badbase=0 hits7=[(9, False), (9, False), (9, False), (9, False), (9, False), (9, False), (9, False)] exc=0 t_gens=42s t=46s
  TL/D: rank[2,2] gens=2 src=pari+mwrank sat=1 tors=4 states=400000 hmax=155470.6 primes=150 surv=13 exact=10 badbase=0 hits7=[(9, False), (9, False), (9, False), (9, False), (9, False), (9, False), (9, False), (9, False), (9, False), (9, False)] exc=0 t_gens=1s t=4s
  BR/D: rank[3,3] gens=3 src=pari sat=1 tors=4 states=400000 hmax=5888.1 primes=150 surv=13 exact=10 badbase=0 hits7=[(9, False), (9, False), (9, False), (9, False), (9, False), (9, False), (9, False), (9, False), (9, False), (9, False)] exc=0 t_gens=0s t=4s
  BL/TR: rank[2,2] gens=2 src=pari sat=1 tors=8 states=800000 hmax=392963.8 primes=150 surv=9 exact=7 badbase=0 hits7=[(9, False), (9, False), (9, False), (9, False), (9, False), (9, False), (9, False)] exc=0 t_gens=0s t=5s
  BL/D: rank[3,3] gens=3 src=pari sat=1 tors=4 states=400000 hmax=5888.1 primes=150 surv=13 exact=11 badbase=0 hits7=[(9, False), (9, False), (9, False), (9, False), (9, False), (9, False), (9, False), (9, False), (9, False), (9, False), (9, False)] exc=0 t_gens=0s t=3s
  TR/D: rank[2,2] gens=2 src=pari+mwrank sat=1 tors=4 states=400000 hmax=155470.6 primes=150 surv=13 exact=11 badbase=0 hits7=[(9, False), (9, False), (9, False), (9, False), (9, False), (9, False), (9, False), (9, False), (9, False), (9, False), (9, False)] exc=0 t_gens=0s t=4s
(679,239) C0=259081 □ K=50000
  TL/BR: rank[1,1] gens=1 src=pari sat=1 tors=8 states=800000 hmax=15724080331.6 primes=150 surv=9 exact=7 badbase=0 hits7=[(9, False), (9, False), (9, False), (9, False), (9, False), (9, False), (9, False)] exc=0 t_gens=0s t=6s
  TL/D: rank[2,2] gens=2 src=pari+mwrank sat=1 tors=4 states=400000 hmax=151035.6 primes=150 surv=13 exact=11 badbase=0 hits7=[(9, False), (9, False), (9, False), (9, False), (9, False), (9, False), (9, False), (9, False), (9, False), (9, False), (9, False)] exc=0 t_gens=3s t=6s
  BR/D: rank[2,2] gens=2 src=pari sat=1 tors=4 states=400000 hmax=151274.1 primes=150 surv=13 exact=11 badbase=0 hits7=[(9, False), (9, False), (9, False), (9, False), (9, False), (9, False), (9, False), (9, False), (9, False), (9, False), (9, False)] exc=0 t_gens=0s t=3s
  BL/TR: rank[1,3] gens=1 INCOMPLETE src=pari+mwrank sat=1 tors=8 states=800000 hmax=15266066901.1 primes=150 surv=9 exact=7 badbase=0 hits7=[(9, False), (9, False), (9, False), (9, False), (9, False), (9, False), (9, False)] exc=0 t_gens=37s t=43s
  BL/D: rank[2,2] gens=2 src=pari sat=1 tors=4 states=400000 hmax=151274.1 primes=150 surv=13 exact=11 badbase=0 hits7=[(9, False), (9, False), (9, False), (9, False), (9, False), (9, False), (9, False), (9, False), (9, False), (9, False), (9, False)] exc=0 t_gens=0s t=3s
  TR/D: rank[2,2] gens=2 src=pari+mwrank sat=1 tors=4 states=400000 hmax=151035.6 primes=150 surv=13 exact=11 badbase=0 hits7=[(9, False), (9, False), (9, False), (9, False), (9, False), (9, False), (9, False), (9, False), (9, False), (9, False), (9, False)] exc=0 t_gens=0s t=4s
(791,311) C0=361201 □ K=50000
  TL/BR: rank[2,2] gens=2 src=pari sat=1 tors=8 states=800000 hmax=492423.1 primes=150 surv=9 exact=7 badbase=0 hits7=[(9, False), (9, False), (9, False), (9, False), (9, False), (9, False), (9, False)] exc=0 t_gens=0s t=5s
  TL/D: rank[3,3] gens=3 src=pari sat=1 tors=4 states=400000 hmax=5079.7 primes=150 surv=13 exact=11 badbase=0 hits7=[(9, False), (9, False), (9, False), (9, False), (9, False), (9, False), (9, False), (9, False), (9, False), (9, False), (9, False)] exc=0 t_gens=0s t=5s
  BR/D: rank[2,2] gens=2 src=pari sat=1 tors=4 states=400000 hmax=155033.5 primes=150 surv=13 exact=11 badbase=0 hits7=[(9, False), (9, False), (9, False), (9, False), (9, False), (9, False), (9, False), (9, False), (9, False), (9, False), (9, False)] exc=0 t_gens=0s t=5s
  BL/TR: rank[1,1] gens=1 src=pari sat=1 tors=8 states=800000 hmax=15704892374.6 primes=150 surv=9 exact=7 badbase=0 hits7=[(9, False), (9, False), (9, False), (9, False), (9, False), (9, False), (9, False)] exc=0 t_gens=0s t=4s
  BL/D: rank[2,2] gens=2 src=pari sat=1 tors=4 states=400000 hmax=155033.5 primes=150 surv=13 exact=11 badbase=0 hits7=[(9, False), (9, False), (9, False), (9, False), (9, False), (9, False), (9, False), (9, False), (9, False), (9, False), (9, False)] exc=0 t_gens=0s t=4s
  TR/D: rank[3,3] gens=3 src=pari sat=1 tors=4 states=400000 hmax=5079.7 primes=150 surv=13 exact=11 badbase=0 hits7=[(9, False), (9, False), (9, False), (9, False), (9, False), (9, False), (9, False), (9, False), (9, False), (9, False), (9, False)] exc=0 t_gens=1s t=4s
(727,623) C0=458329 □ K=50000
  TL/BR: rank[2,2] gens=2 src=pari sat=1 tors=8 states=800000 hmax=239979.0 primes=150 surv=9 exact=7 badbase=0 hits7=[(9, False), (9, False), (9, False), (9, False), (9, False), (9, False), (9, False)] exc=0 t_gens=0s t=5s
  TL/D: rank[4,4] gens=4 src=pari sat=1 tors=4 states=400000 hmax=852.6 primes=150 surv=13 exact=11 badbase=0 hits7=[(9, False), (9, False), (9, False), (9, False), (9, False), (9, False), (9, False), (9, False), (9, False), (9, False), (9, False)] exc=0 t_gens=0s t=5s
  BR/D: rank[1,3] gens=3 src=pari+mwrank sat=1 tors=4 states=400000 hmax=8898.8 primes=150 surv=13 exact=11 badbase=0 hits7=[(9, False), (9, False), (9, False), (9, False), (9, False), (9, False), (9, False), (9, False), (9, False), (9, False), (9, False)] exc=0 t_gens=12s t=16s
  BL/TR: rank[1,1] gens=1 src=pari sat=1 tors=8 states=800000 hmax=16243590622.3 primes=150 surv=9 exact=7 badbase=0 hits7=[(9, False), (9, False), (9, False), (9, False), (9, False), (9, False), (9, False)] exc=0 t_gens=0s t=4s
  BL/D: rank[1,3] gens=3 src=pari+mwrank sat=1 tors=4 states=400000 hmax=8898.8 primes=150 surv=13 exact=11 badbase=0 hits7=[(9, False), (9, False), (9, False), (9, False), (9, False), (9, False), (9, False), (9, False), (9, False), (9, False), (9, False)] exc=0 t_gens=10s t=15s
  TR/D: rank[4,4] gens=4 src=pari sat=1 tors=4 states=400000 hmax=852.6 primes=150 surv=13 exact=11 badbase=0 hits7=[(9, False), (9, False), (9, False), (9, False), (9, False), (9, False), (9, False), (9, False), (9, False), (9, False), (9, False)] exc=0 t_gens=0s t=3s
(791,569) C0=474721 □ K=50000
  TL/BR: rank[2,2] gens=2 src=pari sat=1 tors=8 states=800000 hmax=331949.9 primes=150 surv=9 exact=7 badbase=0 hits7=[(9, False), (9, False), (9, False), (9, False), (9, False), (9, False), (9, False)] exc=0 t_gens=0s t=4s
  TL/D: rank[3,3] gens=3 src=pari sat=1 tors=4 states=400000 hmax=7995.4 primes=150 surv=13 exact=11 badbase=0 hits7=[(9, False), (9, False), (9, False), (9, False), (9, False), (9, False), (9, False), (9, False), (9, False), (9, False), (9, False)] exc=0 t_gens=0s t=4s
  BR/D: rank[4,4] gens=4 src=pari sat=1 tors=4 states=400000 hmax=740.4 primes=150 surv=13 exact=11 badbase=0 hits7=[(9, False), (9, False), (9, False), (9, False), (9, False), (9, False), (9, False), (9, False), (9, False), (9, False), (9, False)] exc=0 t_gens=1s t=4s
  BL/TR: rank[3,3] gens=3 src=pari sat=1 tors=8 states=800000 hmax=5423.1 primes=150 surv=9 exact=7 badbase=0 hits7=[(9, False), (9, False), (9, False), (9, False), (9, False), (9, False), (9, False)] exc=0 t_gens=1s t=6s
  BL/D: rank[4,4] gens=4 src=pari sat=1 tors=4 states=400000 hmax=740.4 primes=150 surv=13 exact=11 badbase=0 hits7=[(9, False), (9, False), (9, False), (9, False), (9, False), (9, False), (9, False), (9, False), (9, False), (9, False), (9, False)] exc=0 t_gens=1s t=5s
  TR/D: rank[3,3] gens=3 src=pari sat=1 tors=4 states=400000 hmax=7995.4 primes=150 surv=13 exact=11 badbase=0 hits7=[(9, False), (9, False), (9, False), (9, False), (9, False), (9, False), (9, False), (9, False), (9, False), (9, False), (9, False)] exc=0 t_gens=0s t=6s
(799,7) C0=319225 □ K=50000
  TL/BR: rank[1,1] gens=1 src=pari sat=1 tors=8 states=800000 hmax=15708906575.8 primes=150 surv=9 exact=7 badbase=0 hits7=[(9, False), (9, False), (9, False), (9, False), (9, False), (9, False), (9, False)] exc=0 t_gens=0s t=4s
  TL/D: rank[3,3] gens=3 src=pari sat=1 tors=4 states=400000 hmax=4397.5 primes=150 surv=13 exact=11 badbase=0 hits7=[(9, False), (9, False), (9, False), (9, False), (9, False), (9, False), (9, False), (9, False), (9, False), (9, False), (9, False)] exc=0 t_gens=0s t=4s
  BR/D: rank[2,2] gens=2 src=pari sat=1 tors=4 states=400000 hmax=153635.4 primes=150 surv=13 exact=11 badbase=0 hits7=[(9, False), (9, False), (9, False), (9, False), (9, False), (9, False), (9, False), (9, False), (9, False), (9, False), (9, False)] exc=0 t_gens=0s t=4s
  BL/TR: rank[2,2] gens=2 src=pari sat=1 tors=8 states=800000 hmax=364737.7 primes=150 surv=9 exact=7 badbase=0 hits7=[(9, False), (9, False), (9, False), (9, False), (9, False), (9, False), (9, False)] exc=0 t_gens=0s t=7s
  BL/D: rank[2,2] gens=2 src=pari sat=1 tors=4 states=400000 hmax=153635.4 primes=150 surv=13 exact=11 badbase=0 hits7=[(9, False), (9, False), (9, False), (9, False), (9, False), (9, False), (9, False), (9, False), (9, False), (9, False), (9, False)] exc=0 t_gens=0s t=6s
  TR/D: rank[3,3] gens=3 src=pari sat=1 tors=4 states=400000 hmax=4397.5 primes=150 surv=13 exact=11 badbase=0 hits7=[(9, False), (9, False), (9, False), (9, False), (9, False), (9, False), (9, False), (9, False), (9, False), (9, False), (9, False)] exc=0 t_gens=0s t=6s
(823,511) C0=469225 □ K=50000
  TL/BR: rank[2,2] gens=2 src=pari sat=1 tors=8 states=800000 hmax=159128.5 primes=150 surv=9 exact=7 badbase=0 hits7=[(9, False), (9, False), (9, False), (9, False), (9, False), (9, False), (9, False)] exc=0 t_gens=0s t=7s
  TL/D: rank[3,3] gens=3 src=pari sat=3 tors=4 states=400000 hmax=3768.4 primes=150 surv=13 exact=11 badbase=0 hits7=[(9, False), (9, False), (9, False), (9, False), (9, False), (9, False), (9, False), (9, False), (9, False), (9, False), (9, False)] exc=0 t_gens=1s t=3s
  BR/D: rank[3,3] gens=3 src=pari sat=1 tors=4 states=400000 hmax=5996.4 primes=150 surv=13 exact=11 badbase=0 hits7=[(9, False), (9, False), (9, False), (9, False), (9, False), (9, False), (9, False), (9, False), (9, False), (9, False), (9, False)] exc=0 t_gens=0s t=6s
  BL/TR: rank[2,2] gens=2 src=pari sat=1 tors=8 states=800000 hmax=384142.6 primes=150 surv=9 exact=7 badbase=0 hits7=[(9, False), (9, False), (9, False), (9, False), (9, False), (9, False), (9, False)] exc=0 t_gens=0s t=5s
  BL/D: rank[3,3] gens=3 src=pari sat=1 tors=4 states=400000 hmax=5996.4 primes=150 surv=13 exact=11 badbase=0 hits7=[(9, False), (9, False), (9, False), (9, False), (9, False), (9, False), (9, False), (9, False), (9, False), (9, False), (9, False)] exc=0 t_gens=0s t=4s
  TR/D: rank[3,3] gens=3 src=pari sat=7 tors=4 states=400000 hmax=3768.4 primes=150 surv=13 exact=11 badbase=0 hits7=[(9, False), (9, False), (9, False), (9, False), (9, False), (9, False), (9, False), (9, False), (9, False), (9, False), (9, False)] exc=0 t_gens=1s t=4s
(809,409) C0=410881 □ K=50000
  TL/BR: rank[2,2] gens=2 src=pari+mwrank sat=1 tors=8 states=800000 hmax=668668.9 primes=150 surv=9 exact=7 badbase=0 hits7=[(9, False), (9, False), (9, False), (9, False), (9, False), (9, False), (9, False)] exc=0 t_gens=2s t=7s
  TL/D: rank[3,3] gens=3 src=pari sat=1 tors=4 states=400000 hmax=4691.2 primes=150 surv=13 exact=11 badbase=0 hits7=[(9, False), (9, False), (9, False), (9, False), (9, False), (9, False), (9, False), (9, False), (9, False), (9, False), (9, False)] exc=0 t_gens=0s t=6s
  BR/D: rank[3,3] gens=3 src=pari sat=1 tors=4 states=400000 hmax=6551.7 primes=150 surv=13 exact=11 badbase=0 hits7=[(9, False), (9, False), (9, False), (9, False), (9, False), (9, False), (9, False), (9, False), (9, False), (9, False), (9, False)] exc=0 t_gens=1s t=4s
  BL/TR: rank[2,2] gens=2 src=pari sat=1 tors=8 states=800000 hmax=475356.2 primes=150 surv=9 exact=7 badbase=0 hits7=[(9, False), (9, False), (9, False), (9, False), (9, False), (9, False), (9, False)] exc=0 t_gens=0s t=5s
  BL/D: rank[3,3] gens=3 src=pari sat=1 tors=4 states=400000 hmax=6551.7 primes=150 surv=13 exact=11 badbase=0 hits7=[(9, False), (9, False), (9, False), (9, False), (9, False), (9, False), (9, False), (9, False), (9, False), (9, False), (9, False)] exc=0 t_gens=1s t=5s
  TR/D: rank[3,3] gens=3 src=pari sat=1 tors=4 states=400000 hmax=4691.2 primes=150 surv=13 exact=11 badbase=0 hits7=[(9, False), (9, False), (9, False), (9, False), (9, False), (9, False), (9, False), (9, False), (9, False), (9, False), (9, False)] exc=0 t_gens=1s t=4s
(799,721) C0=579121 □ K=50000
  TL/BR: rank[2,2] gens=2 src=pari sat=1 tors=8 states=800000 hmax=322238.4 primes=150 surv=9 exact=7 badbase=0 hits7=[(9, False), (9, False), (9, False), (9, False), (9, False), (9, False), (9, False)] exc=0 t_gens=0s t=6s
  TL/D: rank[3,3] gens=3 src=pari sat=1 tors=4 states=400000 hmax=5648.1 primes=150 surv=13 exact=10 badbase=0 hits7=[(9, False), (9, False), (9, False), (9, False), (9, False), (9, False), (9, False), (9, False), (9, False), (9, False)] exc=0 t_gens=0s t=6s
  BR/D: rank[1,3] gens=3 src=pari+mwrank sat=2 tors=4 states=400000 hmax=3709.9 primes=150 surv=13 exact=10 badbase=0 hits7=[(9, False), (9, False), (9, False), (9, False), (9, False), (9, False), (9, False), (9, False), (9, False), (9, False)] exc=0 t_gens=3s t=9s
  BL/TR: rank[2,2] gens=2 src=pari sat=1 tors=8 states=800000 hmax=528332.8 primes=150 surv=9 exact=7 badbase=0 hits7=[(9, False), (9, False), (9, False), (9, False), (9, False), (9, False), (9, False)] exc=0 t_gens=0s t=6s
  BL/D: rank[1,3] gens=3 src=pari+mwrank sat=1 tors=4 states=400000 hmax=3709.9 primes=150 surv=13 exact=11 badbase=0 hits7=[(9, False), (9, False), (9, False), (9, False), (9, False), (9, False), (9, False), (9, False), (9, False), (9, False), (9, False)] exc=0 t_gens=1s t=5s
  TR/D: rank[3,3] gens=3 src=pari sat=1 tors=4 states=400000 hmax=5648.1 primes=150 surv=13 exact=11 badbase=0 hits7=[(9, False), (9, False), (9, False), (9, False), (9, False), (9, False), (9, False), (9, False), (9, False), (9, False), (9, False)] exc=0 t_gens=0s t=4s
(697,367) C0=310249 □ K=50000
  TL/BR: rank[1,3] gens=1 INCOMPLETE src=pari+mwrank sat=1 tors=8 states=800000 hmax=15938693381.0 primes=150 surv=9 exact=7 badbase=0 hits7=[(9, False), (9, False), (9, False), (9, False), (9, False), (9, False), (9, False)] exc=0 t_gens=42s t=47s
  TL/D: rank[2,2] gens=2 src=pari sat=1 tors=4 states=400000 hmax=153192.7 primes=150 surv=13 exact=11 badbase=0 hits7=[(9, False), (9, False), (9, False), (9, False), (9, False), (9, False), (9, False), (9, False), (9, False), (9, False), (9, False)] exc=0 t_gens=0s t=4s
  BR/D: rank[4,4] gens=4 src=pari sat=1 tors=4 states=400000 hmax=887.3 primes=150 surv=13 exact=11 badbase=0 hits7=[(9, False), (9, False), (9, False), (9, False), (9, False), (9, False), (9, False), (9, False), (9, False), (9, False), (9, False)] exc=0 t_gens=1s t=4s
  BL/TR: rank[1,1] gens=1 src=pari sat=1 tors=8 states=800000 hmax=15592499863.9 primes=150 surv=9 exact=7 badbase=0 hits7=[(9, False), (9, False), (9, False), (9, False), (9, False), (9, False), (9, False)] exc=0 t_gens=0s t=4s
  BL/D: rank[4,4] gens=4 src=pari sat=1 tors=4 states=400000 hmax=887.3 primes=150 surv=13 exact=11 badbase=0 hits7=[(9, False), (9, False), (9, False), (9, False), (9, False), (9, False), (9, False), (9, False), (9, False), (9, False), (9, False)] exc=0 t_gens=1s t=4s
  TR/D: rank[2,2] gens=2 src=pari sat=1 tors=4 states=400000 hmax=153192.7 primes=150 surv=13 exact=11 badbase=0 hits7=[(9, False), (9, False), (9, False), (9, False), (9, False), (9, False), (9, False), (9, False), (9, False), (9, False), (9, False)] exc=0 t_gens=0s t=4s
(839,727) C0=616225 □ K=50000
  TL/BR: rank[1,1] gens=1 src=pari sat=1 tors=8 states=800000 hmax=16706243948.6 primes=150 surv=9 exact=7 badbase=0 hits7=[(9, False), (9, False), (9, False), (9, False), (9, False), (9, False), (9, False)] exc=0 t_gens=0s t=4s
  TL/D: rank[4,4] gens=4 src=pari sat=1 tors=4 states=400000 hmax=841.0 primes=150 surv=13 exact=11 badbase=0 hits7=[(9, False), (9, False), (9, False), (9, False), (9, False), (9, False), (9, False), (9, False), (9, False), (9, False), (9, False)] exc=0 t_gens=0s t=4s
  BR/D: rank[4,4] gens=4 src=pari sat=1 tors=4 states=400000 hmax=995.3 primes=150 surv=13 exact=11 badbase=0 hits7=[(9, False), (9, False), (9, False), (9, False), (9, False), (9, False), (9, False), (9, False), (9, False), (9, False), (9, False)] exc=0 t_gens=1s t=4s
  BL/TR: rank[1,1] gens=1 src=pari sat=1 tors=8 states=800000 hmax=16617383997.9 primes=150 surv=9 exact=7 badbase=0 hits7=[(9, False), (9, False), (9, False), (9, False), (9, False), (9, False), (9, False)] exc=0 t_gens=0s t=4s
  BL/D: rank[4,4] gens=4 src=pari sat=1 tors=4 states=400000 hmax=995.3 primes=150 surv=13 exact=11 badbase=0 hits7=[(9, False), (9, False), (9, False), (9, False), (9, False), (9, False), (9, False), (9, False), (9, False), (9, False), (9, False)] exc=0 t_gens=0s t=4s
  TR/D: rank[4,4] gens=4 src=pari sat=1 tors=4 states=400000 hmax=841.0 primes=150 surv=13 exact=11 badbase=0 hits7=[(9, False), (9, False), (9, False), (9, False), (9, False), (9, False), (9, False), (9, False), (9, False), (9, False), (9, False)] exc=0 t_gens=0s t=4s
(863,191) C0=390625 □ K=50000
  TL/BR: rank[1,1] gens=1 src=pari sat=1 tors=8 states=800000 hmax=16208967210.3 primes=150 surv=9 exact=7 badbase=0 hits7=[(9, False), (9, False), (9, False), (9, False), (9, False), (9, False), (9, False)] exc=0 t_gens=0s t=4s
  TL/D: rank[3,3] gens=3 src=pari sat=3 tors=4 states=400000 hmax=6493.6 primes=150 surv=13 exact=11 badbase=0 hits7=[(9, False), (9, False), (9, False), (9, False), (9, False), (9, False), (9, False), (9, False), (9, False), (9, False), (9, False)] exc=0 t_gens=1s t=4s
  BR/D: rank[3,3] gens=3 src=pari sat=1 tors=4 states=400000 hmax=7197.5 primes=150 surv=13 exact=11 badbase=0 hits7=[(9, False), (9, False), (9, False), (9, False), (9, False), (9, False), (9, False), (9, False), (9, False), (9, False), (9, False)] exc=0 t_gens=0s t=3s
  BL/TR: rank[1,1] gens=1 src=pari sat=1 tors=8 states=800000 hmax=15713065548.8 primes=150 surv=9 exact=7 badbase=0 hits7=[(9, False), (9, False), (9, False), (9, False), (9, False), (9, False), (9, False)] exc=0 t_gens=0s t=3s
  BL/D: rank[3,3] gens=3 src=pari sat=1 tors=4 states=400000 hmax=7197.5 primes=150 surv=13 exact=11 badbase=0 hits7=[(9, False), (9, False), (9, False), (9, False), (9, False), (9, False), (9, False), (9, False), (9, False), (9, False), (9, False)] exc=0 t_gens=0s t=4s
  TR/D: rank[3,3] gens=3 src=pari sat=3 tors=4 states=400000 hmax=6493.6 primes=150 surv=13 exact=11 badbase=0 hits7=[(9, False), (9, False), (9, False), (9, False), (9, False), (9, False), (9, False), (9, False), (9, False), (9, False), (9, False)] exc=0 t_gens=1s t=5s
(857,487) C0=485809 □ K=50000
  TL/BR: rank[1,1] gens=1 src=pari sat=1 tors=8 states=800000 hmax=16491480842.4 primes=150 surv=9 exact=7 badbase=0 hits7=[(9, False), (9, False), (9, False), (9, False), (9, False), (9, False), (9, False)] exc=0 t_gens=0s t=3s
  TL/D: rank[2,2] gens=2 src=pari sat=1 tors=4 states=400000 hmax=158268.0 primes=150 surv=13 exact=11 badbase=0 hits7=[(9, False), (9, False), (9, False), (9, False), (9, False), (9, False), (9, False), (9, False), (9, False), (9, False), (9, False)] exc=0 t_gens=0s t=3s
  BR/D: rank[2,2] gens=2 src=pari sat=1 tors=4 states=400000 hmax=158362.5 primes=150 surv=13 exact=11 badbase=0 hits7=[(9, False), (9, False), (9, False), (9, False), (9, False), (9, False), (9, False), (9, False), (9, False), (9, False), (9, False)] exc=0 t_gens=0s t=4s
  BL/TR: rank[1,1] gens=1 src=pari sat=1 tors=8 states=800000 hmax=16176758144.6 primes=150 surv=9 exact=7 badbase=0 hits7=[(9, False), (9, False), (9, False), (9, False), (9, False), (9, False), (9, False)] exc=0 t_gens=0s t=6s
  BL/D: rank[2,2] gens=2 src=pari sat=1 tors=4 states=400000 hmax=158362.5 primes=150 surv=13 exact=11 badbase=0 hits7=[(9, False), (9, False), (9, False), (9, False), (9, False), (9, False), (9, False), (9, False), (9, False), (9, False), (9, False)] exc=0 t_gens=0s t=6s
  TR/D: rank[2,2] gens=2 src=pari sat=1 tors=4 states=400000 hmax=158268.0 primes=150 surv=13 exact=11 badbase=0 hits7=[(9, False), (9, False), (9, False), (9, False), (9, False), (9, False), (9, False), (9, False), (9, False), (9, False), (9, False)] exc=0 t_gens=0s t=6s
(889,31) C0=395641 □ K=50000
  TL/BR: rank[1,1] gens=1 src=pari sat=1 tors=8 states=800000 hmax=16057362678.2 primes=150 surv=9 exact=7 badbase=0 hits7=[(9, False), (9, False), (9, False), (9, False), (9, False), (9, False), (9, False)] exc=0 t_gens=0s t=4s
  TL/D: rank[3,3] gens=3 src=pari sat=1 tors=4 states=400000 hmax=3751.9 primes=150 surv=13 exact=11 badbase=0 hits7=[(9, False), (9, False), (9, False), (9, False), (9, False), (9, False), (9, False), (9, False), (9, False), (9, False), (9, False)] exc=0 t_gens=0s t=3s
  BR/D: rank[2,2] gens=2 src=pari sat=1 tors=4 states=400000 hmax=156059.5 primes=150 surv=13 exact=11 badbase=0 hits7=[(9, False), (9, False), (9, False), (9, False), (9, False), (9, False), (9, False), (9, False), (9, False), (9, False), (9, False)] exc=0 t_gens=0s t=3s
  BL/TR: rank[2,2] gens=2 src=pari sat=1 tors=8 states=800000 hmax=193498.2 primes=150 surv=9 exact=7 badbase=0 hits7=[(9, False), (9, False), (9, False), (9, False), (9, False), (9, False), (9, False)] exc=0 t_gens=0s t=5s
  BL/D: rank[2,2] gens=2 src=pari sat=1 tors=4 states=400000 hmax=156059.5 primes=150 surv=13 exact=11 badbase=0 hits7=[(9, False), (9, False), (9, False), (9, False), (9, False), (9, False), (9, False), (9, False), (9, False), (9, False), (9, False)] exc=0 t_gens=0s t=3s
  TR/D: rank[3,3] gens=3 src=pari sat=1 tors=4 states=400000 hmax=3751.9 primes=150 surv=17 exact=14 badbase=0 hits7=[(9, False), (9, False), (9, False), (9, False), (9, False), (9, False), (9, False), (9, False), (9, False), (9, False), (9, False), (9, False), (9, False), (9, False)] exc=0 t_gens=0s t=4s
(881,799) C0=707281 □ K=50000
  TL/BR: rank[1,1] gens=1 src=pari sat=1 tors=8 states=800000 hmax=16865780019.3 primes=150 surv=9 exact=7 badbase=0 hits7=[(9, False), (9, False), (9, False), (9, False), (9, False), (9, False), (9, False)] exc=0 t_gens=0s t=4s
  TL/D: rank[3,3] gens=3 src=pari sat=1 tors=4 states=400000 hmax=4765.8 primes=150 surv=13 exact=10 badbase=0 hits7=[(9, False), (9, False), (9, False), (9, False), (9, False), (9, False), (9, False), (9, False), (9, False), (9, False)] exc=0 t_gens=0s t=4s
  BR/D: rank[2,2] gens=2 src=pari sat=1 tors=4 states=400000 hmax=162609.5 primes=150 surv=13 exact=10 badbase=0 hits7=[(9, False), (9, False), (9, False), (9, False), (9, False), (9, False), (9, False), (9, False), (9, False), (9, False)] exc=0 t_gens=0s t=4s
  BL/TR: rank[2,2] gens=2 src=pari sat=1 tors=8 states=800000 hmax=465270.7 primes=150 surv=9 exact=7 badbase=0 hits7=[(9, False), (9, False), (9, False), (9, False), (9, False), (9, False), (9, False)] exc=0 t_gens=0s t=6s
  BL/D: rank[2,2] gens=2 src=pari sat=1 tors=4 states=400000 hmax=162609.5 primes=150 surv=13 exact=11 badbase=0 hits7=[(9, False), (9, False), (9, False), (9, False), (9, False), (9, False), (9, False), (9, False), (9, False), (9, False), (9, False)] exc=0 t_gens=0s t=3s
  TR/D: rank[3,3] gens=3 src=pari sat=1 tors=4 states=400000 hmax=4765.8 primes=150 surv=13 exact=11 badbase=0 hits7=[(9, False), (9, False), (9, False), (9, False), (9, False), (9, False), (9, False), (9, False), (9, False), (9, False), (9, False)] exc=0 t_gens=0s t=4s
(833,97) C0=351649 □ K=50000
  TL/BR: rank[2,2] gens=1 INCOMPLETE src=pari+mwrank sat=1 tors=8 states=800000 hmax=16015116855.8 primes=150 surv=9 exact=7 badbase=0 hits7=[(9, False), (9, False), (9, False), (9, False), (9, False), (9, False), (9, False)] exc=0 t_gens=15s t=19s
  TL/D: rank[3,3] gens=3 src=pari sat=1 tors=4 states=400000 hmax=5401.2 primes=150 surv=13 exact=11 badbase=0 hits7=[(9, False), (9, False), (9, False), (9, False), (9, False), (9, False), (9, False), (9, False), (9, False), (9, False), (9, False)] exc=0 t_gens=0s t=4s
  BR/D: rank[2,2] gens=2 src=pari sat=1 tors=4 states=400000 hmax=154726.8 primes=150 surv=13 exact=11 badbase=0 hits7=[(9, False), (9, False), (9, False), (9, False), (9, False), (9, False), (9, False), (9, False), (9, False), (9, False), (9, False)] exc=0 t_gens=0s t=4s
  BL/TR: rank[1,1] gens=1 src=pari sat=1 tors=8 states=800000 hmax=15544931659.1 primes=150 surv=9 exact=7 badbase=0 hits7=[(9, False), (9, False), (9, False), (9, False), (9, False), (9, False), (9, False)] exc=0 t_gens=0s t=6s
  BL/D: rank[2,2] gens=2 src=pari sat=1 tors=4 states=400000 hmax=154726.8 primes=150 surv=13 exact=11 badbase=0 hits7=[(9, False), (9, False), (9, False), (9, False), (9, False), (9, False), (9, False), (9, False), (9, False), (9, False), (9, False)] exc=0 t_gens=0s t=4s
  TR/D: rank[3,3] gens=3 src=pari sat=1 tors=4 states=400000 hmax=5401.2 primes=150 surv=13 exact=11 badbase=0 hits7=[(9, False), (9, False), (9, False), (9, False), (9, False), (9, False), (9, False), (9, False), (9, False), (9, False), (9, False)] exc=0 t_gens=1s t=4s
(887,257) C0=426409 □ K=50000
  TL/BR: rank[2,2] gens=2 src=pari sat=1 tors=8 states=800000 hmax=473920.0 primes=150 surv=9 exact=7 badbase=0 hits7=[(9, False), (9, False), (9, False), (9, False), (9, False), (9, False), (9, False)] exc=0 t_gens=0s t=7s
  TL/D: rank[3,3] gens=3 src=pari sat=1 tors=4 states=400000 hmax=5544.5 primes=150 surv=13 exact=11 badbase=0 hits7=[(9, False), (9, False), (9, False), (9, False), (9, False), (9, False), (9, False), (9, False), (9, False), (9, False), (9, False)] exc=0 t_gens=0s t=4s
  BR/D: rank[2,2] gens=2 src=pari+mwrank sat=1 tors=4 states=400000 hmax=156914.8 primes=150 surv=13 exact=11 badbase=0 hits7=[(9, False), (9, False), (9, False), (9, False), (9, False), (9, False), (9, False), (9, False), (9, False), (9, False), (9, False)] exc=0 t_gens=2s t=5s
  BL/TR: rank[1,1] gens=1 src=pari sat=1 tors=8 states=800000 hmax=15855301557.2 primes=150 surv=9 exact=7 badbase=0 hits7=[(9, False), (9, False), (9, False), (9, False), (9, False), (9, False), (9, False)] exc=0 t_gens=0s t=4s
  BL/D: rank[2,2] gens=2 src=pari+mwrank sat=1 tors=4 states=400000 hmax=156914.8 primes=150 surv=13 exact=11 badbase=0 hits7=[(9, False), (9, False), (9, False), (9, False), (9, False), (9, False), (9, False), (9, False), (9, False), (9, False), (9, False)] exc=0 t_gens=0s t=4s
  TR/D: rank[3,3] gens=3 src=pari sat=1 tors=4 states=400000 hmax=5544.5 primes=150 surv=13 exact=11 badbase=0 hits7=[(9, False), (9, False), (9, False), (9, False), (9, False), (9, False), (9, False), (9, False), (9, False), (9, False), (9, False)] exc=0 t_gens=1s t=4s
(833,617) C0=537289 □ K=50000
  TL/BR: rank[2,2] gens=1 INCOMPLETE src=pari+mwrank sat=1 tors=8 states=800000 hmax=16573363998.2 primes=150 surv=9 exact=7 badbase=0 hits7=[(9, False), (9, False), (9, False), (9, False), (9, False), (9, False), (9, False)] exc=0 t_gens=17s t=24s
  TL/D: rank[2,2] gens=2 src=pari sat=1 tors=4 states=400000 hmax=159456.4 primes=150 surv=13 exact=11 badbase=0 hits7=[(9, False), (9, False), (9, False), (9, False), (9, False), (9, False), (9, False), (9, False), (9, False), (9, False), (9, False)] exc=0 t_gens=0s t=6s
  BR/D: rank[3,3] gens=3 src=pari sat=1 tors=4 states=400000 hmax=5039.3 primes=150 surv=13 exact=11 badbase=0 hits7=[(9, False), (9, False), (9, False), (9, False), (9, False), (9, False), (9, False), (9, False), (9, False), (9, False), (9, False)] exc=0 t_gens=0s t=5s
  BL/TR: rank[1,1] gens=1 src=pari sat=1 tors=8 states=800000 hmax=16391980037.0 primes=150 surv=9 exact=7 badbase=0 hits7=[(9, False), (9, False), (9, False), (9, False), (9, False), (9, False), (9, False)] exc=0 t_gens=0s t=4s
  BL/D: rank[3,3] gens=3 src=pari sat=1 tors=4 states=400000 hmax=5039.3 primes=150 surv=13 exact=11 badbase=0 hits7=[(9, False), (9, False), (9, False), (9, False), (9, False), (9, False), (9, False), (9, False), (9, False), (9, False), (9, False)] exc=0 t_gens=0s t=5s
  TR/D: rank[2,2] gens=2 src=pari sat=1 tors=4 states=400000 hmax=159456.4 primes=150 surv=13 exact=11 badbase=0 hits7=[(9, False), (9, False), (9, False), (9, False), (9, False), (9, False), (9, False), (9, False), (9, False), (9, False), (9, False)] exc=0 t_gens=0s t=4s
(919,401) C0=502681 □ K=50000
  TL/BR: rank[2,2] gens=2 src=pari+mwrank sat=1 tors=8 states=800000 hmax=573163.5 primes=150 surv=9 exact=7 badbase=0 hits7=[(9, False), (9, False), (9, False), (9, False), (9, False), (9, False), (9, False)] exc=0 t_gens=3s t=8s
  TL/D: rank[3,3] gens=3 src=pari sat=1 tors=4 states=400000 hmax=4762.8 primes=150 surv=13 exact=11 badbase=0 hits7=[(9, False), (9, False), (9, False), (9, False), (9, False), (9, False), (9, False), (9, False), (9, False), (9, False), (9, False)] exc=0 t_gens=0s t=4s
  BR/D: rank[2,2] gens=2 src=pari+mwrank sat=1 tors=4 states=400000 hmax=158773.3 primes=150 surv=13 exact=11 badbase=0 hits7=[(9, False), (9, False), (9, False), (9, False), (9, False), (9, False), (9, False), (9, False), (9, False), (9, False), (9, False)] exc=0 t_gens=1s t=4s
  BL/TR: rank[1,1] gens=1 src=pari sat=1 tors=8 states=800000 hmax=16143168903.7 primes=150 surv=9 exact=7 badbase=0 hits7=[(9, False), (9, False), (9, False), (9, False), (9, False), (9, False), (9, False)] exc=0 t_gens=0s t=4s
  BL/D: rank[2,2] gens=2 src=pari+mwrank sat=1 tors=4 states=400000 hmax=158773.3 primes=150 surv=13 exact=11 badbase=0 hits7=[(9, False), (9, False), (9, False), (9, False), (9, False), (9, False), (9, False), (9, False), (9, False), (9, False), (9, False)] exc=0 t_gens=1s t=4s
  TR/D: rank[3,3] gens=3 src=pari sat=1 tors=4 states=400000 hmax=4762.8 primes=150 surv=13 exact=11 badbase=0 hits7=[(9, False), (9, False), (9, False), (9, False), (9, False), (9, False), (9, False), (9, False), (9, False), (9, False), (9, False)] exc=0 t_gens=0s t=4s
(929,497) C0=555025 □ K=50000
  TL/BR: rank[2,2] gens=2 src=pari sat=1 tors=8 states=800000 hmax=266952.4 primes=150 surv=9 exact=7 badbase=0 hits7=[(9, False), (9, False), (9, False), (9, False), (9, False), (9, False), (9, False)] exc=0 t_gens=0s t=6s
  TL/D: rank[3,3] gens=3 src=pari sat=1 tors=4 states=400000 hmax=4175.0 primes=150 surv=13 exact=11 badbase=0 hits7=[(9, False), (9, False), (9, False), (9, False), (9, False), (9, False), (9, False), (9, False), (9, False), (9, False), (9, False)] exc=0 t_gens=0s t=5s
  BR/D: rank[2,2] gens=2 src=pari sat=1 tors=4 states=400000 hmax=159861.1 primes=150 surv=13 exact=11 badbase=0 hits7=[(9, False), (9, False), (9, False), (9, False), (9, False), (9, False), (9, False), (9, False), (9, False), (9, False), (9, False)] exc=0 t_gens=0s t=3s
  BL/TR: rank[1,1] gens=1 src=pari sat=1 tors=8 states=800000 hmax=16324390264.8 primes=150 surv=9 exact=7 badbase=0 hits7=[(9, False), (9, False), (9, False), (9, False), (9, False), (9, False), (9, False)] exc=0 t_gens=0s t=4s
  BL/D: rank[2,2] gens=2 src=pari sat=1 tors=4 states=400000 hmax=159861.1 primes=150 surv=13 exact=11 badbase=0 hits7=[(9, False), (9, False), (9, False), (9, False), (9, False), (9, False), (9, False), (9, False), (9, False), (9, False), (9, False)] exc=0 t_gens=0s t=4s
  TR/D: rank[3,3] gens=3 src=pari sat=1 tors=4 states=400000 hmax=4175.0 primes=150 surv=13 exact=11 badbase=0 hits7=[(9, False), (9, False), (9, False), (9, False), (9, False), (9, False), (9, False), (9, False), (9, False), (9, False), (9, False)] exc=0 t_gens=1s t=4s
(889,289) C0=436921 □ K=50000
  TL/BR: rank[1,1] gens=1 src=pari sat=1 tors=8 states=800000 hmax=16374713457.7 primes=150 surv=9 exact=7 badbase=0 hits7=[(9, False), (9, False), (9, False), (9, False), (9, False), (9, False), (9, False)] exc=0 t_gens=0s t=6s
  TL/D: rank[3,3] gens=3 src=pari sat=1 tors=4 states=400000 hmax=5308.8 primes=150 surv=13 exact=11 badbase=0 hits7=[(9, False), (9, False), (9, False), (9, False), (9, False), (9, False), (9, False), (9, False), (9, False), (9, False), (9, False)] exc=0 t_gens=0s t=4s
  BR/D: rank[2,2] gens=2 src=pari+mwrank sat=1 tors=4 states=400000 hmax=157181.5 primes=150 surv=13 exact=11 badbase=0 hits7=[(9, False), (9, False), (9, False), (9, False), (9, False), (9, False), (9, False), (9, False), (9, False), (9, False), (9, False)] exc=0 t_gens=3s t=6s
  BL/TR: rank[2,2] gens=2 src=pari sat=1 tors=8 states=800000 hmax=408260.6 primes=150 surv=9 exact=7 badbase=0 hits7=[(9, False), (9, False), (9, False), (9, False), (9, False), (9, False), (9, False)] exc=0 t_gens=0s t=7s
  BL/D: rank[2,2] gens=2 src=pari+mwrank sat=1 tors=4 states=400000 hmax=157181.5 primes=150 surv=13 exact=11 badbase=0 hits7=[(9, False), (9, False), (9, False), (9, False), (9, False), (9, False), (9, False), (9, False), (9, False), (9, False), (9, False)] exc=0 t_gens=1s t=6s
  TR/D: rank[3,3] gens=3 src=pari sat=1 tors=4 states=400000 hmax=5308.8 primes=150 surv=13 exact=11 badbase=0 hits7=[(9, False), (9, False), (9, False), (9, False), (9, False), (9, False), (9, False), (9, False), (9, False), (9, False), (9, False)] exc=0 t_gens=1s t=6s
(937,167) C0=452929 □ K=50000
  TL/BR: rank[2,2] gens=2 src=pari+mwrank sat=1 tors=8 states=800000 hmax=508869.7 primes=150 surv=9 exact=7 badbase=0 hits7=[(9, False), (9, False), (9, False), (9, False), (9, False), (9, False), (9, False)] exc=0 t_gens=3s t=8s
  TL/D: rank[3,3] gens=3 src=pari sat=1 tors=4 states=400000 hmax=4660.8 primes=150 surv=13 exact=11 badbase=0 hits7=[(9, False), (9, False), (9, False), (9, False), (9, False), (9, False), (9, False), (9, False), (9, False), (9, False), (9, False)] exc=0 t_gens=0s t=4s
  BR/D: rank[3,3] gens=3 src=pari sat=1 tors=4 states=400000 hmax=5181.3 primes=150 surv=13 exact=11 badbase=0 hits7=[(9, False), (9, False), (9, False), (9, False), (9, False), (9, False), (9, False), (9, False), (9, False), (9, False), (9, False)] exc=0 t_gens=1s t=3s
  BL/TR: rank[2,2] gens=2 src=pari+mwrank sat=1 tors=8 states=800000 hmax=634417.3 primes=150 surv=9 exact=7 badbase=0 hits7=[(9, False), (9, False), (9, False), (9, False), (9, False), (9, False), (9, False)] exc=0 t_gens=0s t=5s
  BL/D: rank[3,3] gens=3 src=pari sat=1 tors=4 states=400000 hmax=5181.3 primes=150 surv=13 exact=11 badbase=0 hits7=[(9, False), (9, False), (9, False), (9, False), (9, False), (9, False), (9, False), (9, False), (9, False), (9, False), (9, False)] exc=0 t_gens=1s t=5s
  TR/D: rank[3,3] gens=3 src=pari sat=1 tors=4 states=400000 hmax=4660.8 primes=150 surv=13 exact=11 badbase=0 hits7=[(9, False), (9, False), (9, False), (9, False), (9, False), (9, False), (9, False), (9, False), (9, False), (9, False), (9, False)] exc=0 t_gens=0s t=3s
(943,607) C0=628849 □ K=50000
  TL/BR: rank[1,1] gens=1 src=pari sat=1 tors=8 states=800000 hmax=16796730693.4 primes=150 surv=9 exact=7 badbase=0 hits7=[(9, False), (9, False), (9, False), (9, False), (9, False), (9, False), (9, False)] exc=0 t_gens=0s t=4s
  TL/D: rank[3,3] gens=3 src=pari sat=1 tors=4 states=400000 hmax=5509.5 primes=150 surv=13 exact=11 badbase=0 hits7=[(9, False), (9, False), (9, False), (9, False), (9, False), (9, False), (9, False), (9, False), (9, False), (9, False), (9, False)] exc=0 t_gens=0s t=6s
  BR/D: rank[3,3] gens=3 src=pari sat=1 tors=4 states=400000 hmax=4147.9 primes=150 surv=13 exact=11 badbase=0 hits7=[(9, False), (9, False), (9, False), (9, False), (9, False), (9, False), (9, False), (9, False), (9, False), (9, False), (9, False)] exc=0 t_gens=0s t=4s
  BL/TR: rank[1,1] gens=1 src=pari sat=1 tors=8 states=800000 hmax=16540385812.9 primes=150 surv=9 exact=7 badbase=0 hits7=[(9, False), (9, False), (9, False), (9, False), (9, False), (9, False), (9, False)] exc=0 t_gens=0s t=4s
  BL/D: rank[3,3] gens=3 src=pari sat=1 tors=4 states=400000 hmax=4147.9 primes=150 surv=13 exact=11 badbase=0 hits7=[(9, False), (9, False), (9, False), (9, False), (9, False), (9, False), (9, False), (9, False), (9, False), (9, False), (9, False)] exc=0 t_gens=1s t=4s
  TR/D: rank[3,3] gens=3 src=pari sat=1 tors=4 states=400000 hmax=5509.5 primes=150 surv=13 exact=11 badbase=0 hits7=[(9, False), (9, False), (9, False), (9, False), (9, False), (9, False), (9, False), (9, False), (9, False), (9, False), (9, False)] exc=0 t_gens=0s t=4s
(953,721) C0=714025 □ K=50000
  TL/BR: rank[1,1] gens=1 src=pari sat=1 tors=8 states=800000 hmax=16924163189.1 primes=150 surv=9 exact=7 badbase=0 hits7=[(9, False), (9, False), (9, False), (9, False), (9, False), (9, False), (9, False)] exc=0 t_gens=0s t=4s
  TL/D: rank[2,2] gens=2 src=pari sat=1 tors=4 states=400000 hmax=162660.1 primes=150 surv=13 exact=11 badbase=0 hits7=[(9, False), (9, False), (9, False), (9, False), (9, False), (9, False), (9, False), (9, False), (9, False), (9, False), (9, False)] exc=0 t_gens=0s t=6s
  BR/D: rank[3,3] gens=3 src=pari sat=1 tors=4 states=400000 hmax=7863.8 primes=150 surv=13 exact=11 badbase=0 hits7=[(9, False), (9, False), (9, False), (9, False), (9, False), (9, False), (9, False), (9, False), (9, False), (9, False), (9, False)] exc=0 t_gens=0s t=4s
  BL/TR: rank[2,2] gens=2 src=pari sat=1 tors=8 states=800000 hmax=470299.2 primes=150 surv=9 exact=7 badbase=0 hits7=[(9, False), (9, False), (9, False), (9, False), (9, False), (9, False), (9, False)] exc=0 t_gens=0s t=5s
  BL/D: rank[3,3] gens=3 src=pari sat=1 tors=4 states=400000 hmax=7863.8 primes=150 surv=13 exact=11 badbase=0 hits7=[(9, False), (9, False), (9, False), (9, False), (9, False), (9, False), (9, False), (9, False), (9, False), (9, False), (9, False)] exc=0 t_gens=0s t=4s
  TR/D: rank[2,2] gens=2 src=pari sat=1 tors=4 states=400000 hmax=162660.1 primes=150 surv=13 exact=11 badbase=0 hits7=[(9, False), (9, False), (9, False), (9, False), (9, False), (9, False), (9, False), (9, False), (9, False), (9, False), (9, False)] exc=0 t_gens=0s t=3s
(959,713) C0=714025 □ K=50000
  TL/BR: rank[2,2] gens=2 src=pari sat=1 tors=8 states=800000 hmax=157108.1 primes=150 surv=9 exact=7 badbase=0 hits7=[(9, False), (9, False), (9, False), (9, False), (9, False), (9, False), (9, False)] exc=0 t_gens=0s t=4s
  TL/D: rank[2,2] gens=2 src=pari sat=1 tors=4 states=400000 hmax=162677.2 primes=150 surv=13 exact=11 badbase=0 hits7=[(9, False), (9, False), (9, False), (9, False), (9, False), (9, False), (9, False), (9, False), (9, False), (9, False), (9, False)] exc=0 t_gens=0s t=4s
  BR/D: rank[3,3] gens=3 src=pari sat=1 tors=4 states=400000 hmax=6090.4 primes=150 surv=13 exact=11 badbase=0 hits7=[(9, False), (9, False), (9, False), (9, False), (9, False), (9, False), (9, False), (9, False), (9, False), (9, False), (9, False)] exc=0 t_gens=0s t=3s
  BL/TR: rank[1,1] gens=1 src=pari sat=1 tors=8 states=800000 hmax=16748761467.4 primes=150 surv=9 exact=7 badbase=0 hits7=[(9, False), (9, False), (9, False), (9, False), (9, False), (9, False), (9, False)] exc=0 t_gens=0s t=4s
  BL/D: rank[3,3] gens=3 src=pari sat=1 tors=4 states=400000 hmax=6090.4 primes=150 surv=13 exact=11 badbase=0 hits7=[(9, False), (9, False), (9, False), (9, False), (9, False), (9, False), (9, False), (9, False), (9, False), (9, False), (9, False)] exc=0 t_gens=0s t=3s
  TR/D: rank[2,2] gens=2 src=pari sat=1 tors=4 states=400000 hmax=162677.2 primes=150 surv=13 exact=11 badbase=0 hits7=[(9, False), (9, False), (9, False), (9, False), (9, False), (9, False), (9, False), (9, False), (9, False), (9, False), (9, False)] exc=0 t_gens=0s t=4s
(943,553) C0=597529 □ K=50000
  TL/BR: rank[1,1] gens=1 src=pari sat=1 tors=8 states=800000 hmax=16746390827.1 primes=150 surv=9 exact=7 badbase=0 hits7=[(9, False), (9, False), (9, False), (9, False), (9, False), (9, False), (9, False)] exc=0 t_gens=0s t=5s
  TL/D: rank[3,3] gens=3 src=pari sat=1 tors=4 states=400000 hmax=4574.6 primes=150 surv=13 exact=11 badbase=0 hits7=[(9, False), (9, False), (9, False), (9, False), (9, False), (9, False), (9, False), (9, False), (9, False), (9, False), (9, False)] exc=0 t_gens=0s t=4s
  BR/D: rank[3,3] gens=3 src=pari sat=1 tors=4 states=400000 hmax=6377.3 primes=150 surv=13 exact=11 badbase=0 hits7=[(9, False), (9, False), (9, False), (9, False), (9, False), (9, False), (9, False), (9, False), (9, False), (9, False), (9, False)] exc=0 t_gens=1s t=5s
  BL/TR: rank[3,3] gens=3 src=pari sat=1 tors=8 states=800000 hmax=6297.3 primes=150 surv=9 exact=7 badbase=0 hits7=[(9, False), (9, False), (9, False), (9, False), (9, False), (9, False), (9, False)] exc=0 t_gens=0s t=7s
  BL/D: rank[3,3] gens=3 src=pari sat=1 tors=4 states=400000 hmax=6377.3 primes=150 surv=13 exact=11 badbase=0 hits7=[(9, False), (9, False), (9, False), (9, False), (9, False), (9, False), (9, False), (9, False), (9, False), (9, False), (9, False)] exc=0 t_gens=1s t=6s
  TR/D: rank[3,3] gens=3 src=pari sat=1 tors=4 states=400000 hmax=4574.6 primes=150 surv=13 exact=11 badbase=0 hits7=[(9, False), (9, False), (9, False), (9, False), (9, False), (9, False), (9, False), (9, False), (9, False), (9, False), (9, False)] exc=0 t_gens=0s t=6s
(961,161) C0=474721 □ K=50000
  TL/BR: rank[1,1] gens=1 src=pari sat=1 tors=8 states=800000 hmax=16426655872.1 primes=150 surv=9 exact=7 badbase=0 hits7=[(9, False), (9, False), (9, False), (9, False), (9, False), (9, False), (9, False)] exc=0 t_gens=0s t=4s
  TL/D: rank[3,3] gens=3 src=pari sat=1 tors=4 states=400000 hmax=4245.4 primes=150 surv=13 exact=11 badbase=0 hits7=[(9, False), (9, False), (9, False), (9, False), (9, False), (9, False), (9, False), (9, False), (9, False), (9, False), (9, False)] exc=0 t_gens=0s t=4s
  BR/D: rank[3,3] gens=3 src=pari sat=1 tors=4 states=400000 hmax=7037.5 primes=150 surv=13 exact=11 badbase=0 hits7=[(9, False), (9, False), (9, False), (9, False), (9, False), (9, False), (9, False), (9, False), (9, False), (9, False), (9, False)] exc=0 t_gens=0s t=4s
  BL/TR: rank[1,1] gens=1 src=pari sat=1 tors=8 states=800000 hmax=15935576787.9 primes=150 surv=9 exact=7 badbase=0 hits7=[(9, False), (9, False), (9, False), (9, False), (9, False), (9, False), (9, False)] exc=0 t_gens=0s t=6s
  BL/D: rank[3,3] gens=3 src=pari sat=1 tors=4 states=400000 hmax=7037.5 primes=150 surv=13 exact=11 badbase=0 hits7=[(9, False), (9, False), (9, False), (9, False), (9, False), (9, False), (9, False), (9, False), (9, False), (9, False), (9, False)] exc=0 t_gens=1s t=6s
  TR/D: rank[3,3] gens=3 src=pari sat=1 tors=4 states=400000 hmax=4245.4 primes=150 surv=13 exact=11 badbase=0 hits7=[(9, False), (9, False), (9, False), (9, False), (9, False), (9, False), (9, False), (9, False), (9, False), (9, False), (9, False)] exc=0 t_gens=0s t=4s
(977,311) C0=525625 □ K=50000
  TL/BR: rank[2,2] gens=2 src=pari sat=1 tors=8 states=800000 hmax=177886.3 primes=150 surv=9 exact=7 badbase=0 hits7=[(9, False), (9, False), (9, False), (9, False), (9, False), (9, False), (9, False)] exc=0 t_gens=0s t=5s
  TL/D: rank[3,3] gens=3 src=pari sat=1 tors=4 states=400000 hmax=3837.0 primes=150 surv=13 exact=11 badbase=0 hits7=[(9, False), (9, False), (9, False), (9, False), (9, False), (9, False), (9, False), (9, False), (9, False), (9, False), (9, False)] exc=0 t_gens=0s t=5s
  BR/D: rank[3,3] gens=3 src=pari sat=1 tors=4 states=400000 hmax=5050.1 primes=150 surv=13 exact=11 badbase=0 hits7=[(9, False), (9, False), (9, False), (9, False), (9, False), (9, False), (9, False), (9, False), (9, False), (9, False), (9, False)] exc=0 t_gens=0s t=4s
  BL/TR: rank[2,2] gens=2 src=pari sat=1 tors=8 states=800000 hmax=188046.4 primes=150 surv=9 exact=7 badbase=0 hits7=[(9, False), (9, False), (9, False), (9, False), (9, False), (9, False), (9, False)] exc=0 t_gens=0s t=5s
  BL/D: rank[3,3] gens=3 src=pari sat=1 tors=4 states=400000 hmax=5050.1 primes=150 surv=13 exact=11 badbase=0 hits7=[(9, False), (9, False), (9, False), (9, False), (9, False), (9, False), (9, False), (9, False), (9, False), (9, False), (9, False)] exc=0 t_gens=0s t=4s
  TR/D: rank[3,3] gens=3 src=pari sat=1 tors=4 states=400000 hmax=3837.0 primes=150 surv=13 exact=11 badbase=0 hits7=[(9, False), (9, False), (9, False), (9, False), (9, False), (9, False), (9, False), (9, False), (9, False), (9, False), (9, False)] exc=0 t_gens=1s t=4s
(967,881) C0=855625 □ K=50000
  TL/BR: rank[2,2] gens=2 src=pari+mwrank sat=1 tors=8 states=800000 hmax=554730.6 primes=150 surv=9 exact=7 badbase=0 hits7=[(9, False), (9, False), (9, False), (9, False), (9, False), (9, False), (9, False)] exc=0 t_gens=2s t=7s
  TL/D: rank[3,3] gens=3 src=pari sat=1 tors=4 states=400000 hmax=7190.2 primes=150 surv=13 exact=10 badbase=0 hits7=[(9, False), (9, False), (9, False), (9, False), (9, False), (9, False), (9, False), (9, False), (9, False), (9, False)] exc=0 t_gens=0s t=6s
  BR/D: rank[3,3] gens=3 src=pari sat=1 tors=4 states=400000 hmax=7277.8 primes=150 surv=13 exact=10 badbase=0 hits7=[(9, False), (9, False), (9, False), (9, False), (9, False), (9, False), (9, False), (9, False), (9, False), (9, False)] exc=0 t_gens=1s t=4s
  BL/TR: rank[2,2] gens=2 src=pari+mwrank sat=1 tors=8 states=800000 hmax=579913.3 primes=150 surv=9 exact=7 badbase=0 hits7=[(9, False), (9, False), (9, False), (9, False), (9, False), (9, False), (9, False)] exc=0 t_gens=0s t=5s
  BL/D: rank[3,3] gens=3 src=pari sat=1 tors=4 states=400000 hmax=7277.8 primes=150 surv=13 exact=11 badbase=0 hits7=[(9, False), (9, False), (9, False), (9, False), (9, False), (9, False), (9, False), (9, False), (9, False), (9, False), (9, False)] exc=0 t_gens=1s t=5s
  TR/D: rank[3,3] gens=3 src=pari sat=1 tors=4 states=400000 hmax=7190.2 primes=150 surv=13 exact=11 badbase=0 hits7=[(9, False), (9, False), (9, False), (9, False), (9, False), (9, False), (9, False), (9, False), (9, False), (9, False), (9, False)] exc=0 t_gens=1s t=3s
(1009,463) C0=616225 □ K=50000
  TL/BR: rank[2,2] gens=2 src=pari sat=1 tors=8 states=800000 hmax=309041.5 primes=150 surv=9 exact=7 badbase=0 hits7=[(9, False), (9, False), (9, False), (9, False), (9, False), (9, False), (9, False)] exc=0 t_gens=0s t=5s
  TL/D: rank[3,3] gens=3 src=pari sat=1 tors=4 states=400000 hmax=7933.2 primes=150 surv=13 exact=11 badbase=0 hits7=[(9, False), (9, False), (9, False), (9, False), (9, False), (9, False), (9, False), (9, False), (9, False), (9, False), (9, False)] exc=0 t_gens=0s t=3s
  BR/D: rank[3,3] gens=3 src=pari sat=1 tors=4 states=400000 hmax=6399.1 primes=150 surv=13 exact=11 badbase=0 hits7=[(9, False), (9, False), (9, False), (9, False), (9, False), (9, False), (9, False), (9, False), (9, False), (9, False), (9, False)] exc=0 t_gens=1s t=4s
  BL/TR: rank[2,2] gens=2 src=pari sat=1 tors=8 states=800000 hmax=431832.0 primes=150 surv=9 exact=7 badbase=0 hits7=[(9, False), (9, False), (9, False), (9, False), (9, False), (9, False), (9, False)] exc=0 t_gens=0s t=5s
  BL/D: rank[3,3] gens=3 src=pari sat=1 tors=4 states=400000 hmax=6399.1 primes=150 surv=13 exact=11 badbase=0 hits7=[(9, False), (9, False), (9, False), (9, False), (9, False), (9, False), (9, False), (9, False), (9, False), (9, False), (9, False)] exc=0 t_gens=0s t=4s
  TR/D: rank[3,3] gens=3 src=pari sat=1 tors=4 states=400000 hmax=7933.2 primes=150 surv=13 exact=11 badbase=0 hits7=[(9, False), (9, False), (9, False), (9, False), (9, False), (9, False), (9, False), (9, False), (9, False), (9, False), (9, False)] exc=0 t_gens=0s t=3s
(983,73) C0=485809 □ K=50000
  TL/BR: rank[2,2] gens=2 src=pari sat=1 tors=8 states=800000 hmax=403446.9 primes=150 surv=9 exact=7 badbase=0 hits7=[(9, False), (9, False), (9, False), (9, False), (9, False), (9, False), (9, False)] exc=0 t_gens=0s t=5s
  TL/D: rank[2,2] gens=2 src=pari sat=1 tors=4 states=400000 hmax=157275.1 primes=150 surv=13 exact=11 badbase=0 hits7=[(9, False), (9, False), (9, False), (9, False), (9, False), (9, False), (9, False), (9, False), (9, False), (9, False), (9, False)] exc=0 t_gens=0s t=4s
  BR/D: rank[3,3] gens=3 src=pari sat=1 tors=4 states=400000 hmax=4449.2 primes=150 surv=13 exact=11 badbase=0 hits7=[(9, False), (9, False), (9, False), (9, False), (9, False), (9, False), (9, False), (9, False), (9, False), (9, False), (9, False)] exc=0 t_gens=0s t=6s
  BL/TR: rank[1,1] gens=1 src=pari sat=1 tors=8 states=800000 hmax=15939991714.9 primes=150 surv=9 exact=7 badbase=0 hits7=[(9, False), (9, False), (9, False), (9, False), (9, False), (9, False), (9, False)] exc=0 t_gens=0s t=6s
  BL/D: rank[3,3] gens=3 src=pari sat=1 tors=4 states=400000 hmax=4449.2 primes=150 surv=13 exact=11 badbase=0 hits7=[(9, False), (9, False), (9, False), (9, False), (9, False), (9, False), (9, False), (9, False), (9, False), (9, False), (9, False)] exc=0 t_gens=0s t=6s
  TR/D: rank[2,2] gens=2 src=pari sat=1 tors=4 states=400000 hmax=157275.1 primes=150 surv=13 exact=11 badbase=0 hits7=[(9, False), (9, False), (9, False), (9, False), (9, False), (9, False), (9, False), (9, False), (9, False), (9, False), (9, False)] exc=0 t_gens=0s t=4s
(1039,479) C0=654481 □ K=50000
  TL/BR: rank[2,2] gens=2 src=pari+mwrank sat=1 tors=8 states=800000 hmax=687362.0 primes=150 surv=9 exact=7 badbase=0 hits7=[(9, False), (9, False), (9, False), (9, False), (9, False), (9, False), (9, False)] exc=0 t_gens=3s t=7s
  TL/D: rank[3,3] gens=3 src=pari sat=1 tors=4 states=400000 hmax=5412.6 primes=150 surv=13 exact=11 badbase=0 hits7=[(9, False), (9, False), (9, False), (9, False), (9, False), (9, False), (9, False), (9, False), (9, False), (9, False), (9, False)] exc=0 t_gens=0s t=3s
  BR/D: rank[3,3] gens=3 src=pari sat=1 tors=4 states=400000 hmax=6999.4 primes=150 surv=13 exact=11 badbase=0 hits7=[(9, False), (9, False), (9, False), (9, False), (9, False), (9, False), (9, False), (9, False), (9, False), (9, False), (9, False)] exc=0 t_gens=0s t=3s
  BL/TR: rank[2,2] gens=2 src=pari sat=1 tors=8 states=800000 hmax=379834.7 primes=150 surv=9 exact=7 badbase=0 hits7=[(9, False), (9, False), (9, False), (9, False), (9, False), (9, False), (9, False)] exc=0 t_gens=0s t=5s
  BL/D: rank[3,3] gens=3 src=pari sat=1 tors=4 states=400000 hmax=6999.4 primes=150 surv=13 exact=11 badbase=0 hits7=[(9, False), (9, False), (9, False), (9, False), (9, False), (9, False), (9, False), (9, False), (9, False), (9, False), (9, False)] exc=0 t_gens=0s t=4s
  TR/D: rank[3,3] gens=3 src=pari sat=1 tors=4 states=400000 hmax=5412.6 primes=150 surv=13 exact=11 badbase=0 hits7=[(9, False), (9, False), (9, False), (9, False), (9, False), (9, False), (9, False), (9, False), (9, False), (9, False), (9, False)] exc=0 t_gens=0s t=4s
(1049,791) C0=863041 □ K=50000
  TL/BR: rank[2,2] gens=2 src=pari sat=1 tors=8 states=800000 hmax=354750.1 primes=150 surv=9 exact=7 badbase=0 hits7=[(9, False), (9, False), (9, False), (9, False), (9, False), (9, False), (9, False)] exc=0 t_gens=0s t=5s
  TL/D: rank[2,2] gens=2 src=pari sat=1 tors=4 states=400000 hmax=164817.6 primes=150 surv=13 exact=11 badbase=0 hits7=[(9, False), (9, False), (9, False), (9, False), (9, False), (9, False), (9, False), (9, False), (9, False), (9, False), (9, False)] exc=0 t_gens=0s t=3s
  BR/D: rank[2,2] gens=2 src=pari sat=1 tors=4 states=400000 hmax=164895.7 primes=150 surv=13 exact=11 badbase=0 hits7=[(9, False), (9, False), (9, False), (9, False), (9, False), (9, False), (9, False), (9, False), (9, False), (9, False), (9, False)] exc=0 t_gens=0s t=3s
  BL/TR: rank[2,2] gens=2 src=pari sat=1 tors=8 states=800000 hmax=466553.0 primes=150 surv=9 exact=7 badbase=0 hits7=[(9, False), (9, False), (9, False), (9, False), (9, False), (9, False), (9, False)] exc=0 t_gens=0s t=4s
  BL/D: rank[2,2] gens=2 src=pari sat=1 tors=4 states=400000 hmax=164895.7 primes=150 surv=13 exact=11 badbase=0 hits7=[(9, False), (9, False), (9, False), (9, False), (9, False), (9, False), (9, False), (9, False), (9, False), (9, False), (9, False)] exc=0 t_gens=0s t=6s
  TR/D: rank[2,2] gens=2 src=pari sat=1 tors=4 states=400000 hmax=164817.6 primes=150 surv=13 exact=11 badbase=0 hits7=[(9, False), (9, False), (9, False), (9, False), (9, False), (9, False), (9, False), (9, False), (9, False), (9, False), (9, False)] exc=0 t_gens=0s t=6s
(1057,593) C0=734449 □ K=50000
  TL/BR: rank[1,1] gens=1 src=pari sat=1 tors=8 states=800000 hmax=17009565081.4 primes=150 surv=9 exact=7 badbase=0 hits7=[(9, False), (9, False), (9, False), (9, False), (9, False), (9, False), (9, False)] exc=0 t_gens=0s t=7s
  TL/D: rank[3,3] gens=3 src=pari sat=1 tors=4 states=400000 hmax=7255.6 primes=150 surv=13 exact=11 badbase=0 hits7=[(9, False), (9, False), (9, False), (9, False), (9, False), (9, False), (9, False), (9, False), (9, False), (9, False), (9, False)] exc=0 t_gens=0s t=6s
  BR/D: rank[3,3] gens=3 src=pari sat=1 tors=4 states=400000 hmax=4166.8 primes=150 surv=13 exact=11 badbase=0 hits7=[(9, False), (9, False), (9, False), (9, False), (9, False), (9, False), (9, False), (9, False), (9, False), (9, False), (9, False)] exc=0 t_gens=1s t=6s
  BL/TR: rank[1,1] gens=1 src=pari sat=1 tors=8 states=800000 hmax=16689319054.9 primes=150 surv=9 exact=7 badbase=0 hits7=[(9, False), (9, False), (9, False), (9, False), (9, False), (9, False), (9, False)] exc=0 t_gens=0s t=4s
  BL/D: rank[3,3] gens=3 src=pari sat=1 tors=4 states=400000 hmax=4166.8 primes=150 surv=13 exact=11 badbase=0 hits7=[(9, False), (9, False), (9, False), (9, False), (9, False), (9, False), (9, False), (9, False), (9, False), (9, False), (9, False)] exc=0 t_gens=1s t=3s
  TR/D: rank[3,3] gens=3 src=pari sat=1 tors=4 states=400000 hmax=7255.6 primes=150 surv=13 exact=11 badbase=0 hits7=[(9, False), (9, False), (9, False), (9, False), (9, False), (9, False), (9, False), (9, False), (9, False), (9, False), (9, False)] exc=0 t_gens=0s t=4s
(1081,119) C0=591361 □ K=50000
  TL/BR: rank[2,2] gens=2 src=pari sat=1 tors=8 states=800000 hmax=235329.2 primes=150 surv=9 exact=7 badbase=0 hits7=[(9, False), (9, False), (9, False), (9, False), (9, False), (9, False), (9, False)] exc=0 t_gens=0s t=5s
  TL/D: rank[2,2] gens=2 src=pari sat=1 tors=4 states=400000 hmax=159705.6 primes=150 surv=13 exact=11 badbase=0 hits7=[(9, False), (9, False), (9, False), (9, False), (9, False), (9, False), (9, False), (9, False), (9, False), (9, False), (9, False)] exc=0 t_gens=0s t=4s
  BR/D: rank[3,3] gens=3 src=pari sat=1 tors=4 states=400000 hmax=5237.0 primes=150 surv=13 exact=11 badbase=0 hits7=[(9, False), (9, False), (9, False), (9, False), (9, False), (9, False), (9, False), (9, False), (9, False), (9, False), (9, False)] exc=0 t_gens=0s t=4s
  BL/TR: rank[1,1] gens=1 src=pari sat=1 tors=8 states=800000 hmax=16193091751.7 primes=150 surv=9 exact=7 badbase=0 hits7=[(9, False), (9, False), (9, False), (9, False), (9, False), (9, False), (9, False)] exc=0 t_gens=0s t=4s
  BL/D: rank[3,3] gens=3 src=pari sat=1 tors=4 states=400000 hmax=5237.0 primes=150 surv=13 exact=11 badbase=0 hits7=[(9, False), (9, False), (9, False), (9, False), (9, False), (9, False), (9, False), (9, False), (9, False), (9, False), (9, False)] exc=0 t_gens=0s t=4s
  TR/D: rank[2,2] gens=2 src=pari sat=1 tors=4 states=400000 hmax=159705.6 primes=150 surv=13 exact=11 badbase=0 hits7=[(9, False), (9, False), (9, False), (9, False), (9, False), (9, False), (9, False), (9, False), (9, False), (9, False), (9, False)] exc=0 t_gens=0s t=3s
(911,391) C0=491401 □ K=50000
  TL/BR: rank[2,2] gens=2 src=pari sat=1 tors=8 states=800000 hmax=381851.6 primes=150 surv=9 exact=7 badbase=0 hits7=[(9, False), (9, False), (9, False), (9, False), (9, False), (9, False), (9, False)] exc=0 t_gens=0s t=5s
  TL/D: rank[4,4] gens=4 src=pari sat=1 tors=4 states=400000 hmax=857.2 primes=150 surv=13 exact=11 badbase=0 hits7=[(9, False), (9, False), (9, False), (9, False), (9, False), (9, False), (9, False), (9, False), (9, False), (9, False), (9, False)] exc=0 t_gens=1s t=4s
  BR/D: rank[1,3] gens=2 INCOMPLETE src=pari+mwrank sat=2 tors=4 states=400000 hmax=158527.2 primes=150 surv=13 exact=11 badbase=0 hits7=[(9, False), (9, False), (9, False), (9, False), (9, False), (9, False), (9, False), (9, False), (9, False), (9, False), (9, False)] exc=0 t_gens=30s t=33s
  BL/TR: rank[3,3] gens=3 src=pari+mwrank sat=1 tors=8 states=800000 hmax=13572.1 primes=150 surv=9 exact=7 badbase=0 hits7=[(9, False), (9, False), (9, False), (9, False), (9, False), (9, False), (9, False)] exc=0 t_gens=1s t=8s
  BL/D: rank[1,3] gens=2 INCOMPLETE src=pari+mwrank sat=2 tors=4 states=400000 hmax=158527.2 primes=150 surv=13 exact=11 badbase=0 hits7=[(9, False), (9, False), (9, False), (9, False), (9, False), (9, False), (9, False), (9, False), (9, False), (9, False), (9, False)] exc=0 t_gens=30s t=34s
  TR/D: rank[4,4] gens=4 src=pari sat=1 tors=4 states=400000 hmax=857.2 primes=150 surv=13 exact=11 badbase=0 hits7=[(9, False), (9, False), (9, False), (9, False), (9, False), (9, False), (9, False), (9, False), (9, False), (9, False), (9, False)] exc=0 t_gens=1s t=4s
(1097,233) C0=628849 □ K=50000
  TL/BR: rank[1,1] gens=1 src=pari sat=1 tors=8 states=800000 hmax=16800536039.0 primes=150 surv=9 exact=7 badbase=0 hits7=[(9, False), (9, False), (9, False), (9, False), (9, False), (9, False), (9, False)] exc=0 t_gens=0s t=5s
  TL/D: rank[2,2] gens=2 src=pari sat=1 tors=4 states=400000 hmax=160746.8 primes=150 surv=13 exact=11 badbase=0 hits7=[(9, False), (9, False), (9, False), (9, False), (9, False), (9, False), (9, False), (9, False), (9, False), (9, False), (9, False)] exc=0 t_gens=0s t=4s
  BR/D: rank[2,2] gens=2 src=pari+mwrank sat=1 tors=4 states=400000 hmax=161309.1 primes=150 surv=13 exact=11 badbase=0 hits7=[(9, False), (9, False), (9, False), (9, False), (9, False), (9, False), (9, False), (9, False), (9, False), (9, False), (9, False)] exc=0 t_gens=3s t=5s
  BL/TR: rank[3,3] gens=3 src=pari sat=1 tors=8 states=800000 hmax=6860.4 primes=150 surv=9 exact=7 badbase=0 hits7=[(9, False), (9, False), (9, False), (9, False), (9, False), (9, False), (9, False)] exc=0 t_gens=0s t=5s
  BL/D: rank[2,2] gens=2 src=pari+mwrank sat=1 tors=4 states=400000 hmax=161309.1 primes=150 surv=13 exact=11 badbase=0 hits7=[(9, False), (9, False), (9, False), (9, False), (9, False), (9, False), (9, False), (9, False), (9, False), (9, False), (9, False)] exc=0 t_gens=1s t=4s
  TR/D: rank[2,2] gens=2 src=pari sat=1 tors=4 states=400000 hmax=160746.8 primes=150 surv=13 exact=11 badbase=0 hits7=[(9, False), (9, False), (9, False), (9, False), (9, False), (9, False), (9, False), (9, False), (9, False), (9, False), (9, False)] exc=0 t_gens=0s t=3s
(1057,967) C0=1026169 □ K=50000
  TL/BR: rank[1,3] gens=1 INCOMPLETE src=pari+mwrank sat=1 tors=8 states=800000 hmax=17328475993.5 primes=150 surv=9 exact=7 badbase=0 hits7=[(9, False), (9, False), (9, False), (9, False), (9, False), (9, False), (9, False)] exc=0 t_gens=17s t=21s
  TL/D: rank[3,3] gens=3 src=pari sat=1 tors=4 states=400000 hmax=8063.1 primes=150 surv=13 exact=10 badbase=0 hits7=[(9, False), (9, False), (9, False), (9, False), (9, False), (9, False), (9, False), (9, False), (9, False), (9, False)] exc=0 t_gens=0s t=4s
  BR/D: rank[2,2] gens=2 src=pari+mwrank sat=1 tors=4 states=400000 hmax=166836.5 primes=150 surv=13 exact=10 badbase=0 hits7=[(9, False), (9, False), (9, False), (9, False), (9, False), (9, False), (9, False), (9, False), (9, False), (9, False)] exc=0 t_gens=1s t=4s
  BL/TR: rank[2,2] gens=2 src=pari sat=1 tors=8 states=800000 hmax=452138.8 primes=150 surv=9 exact=7 badbase=0 hits7=[(9, False), (9, False), (9, False), (9, False), (9, False), (9, False), (9, False)] exc=0 t_gens=0s t=7s
  BL/D: rank[2,2] gens=2 src=pari+mwrank sat=1 tors=4 states=400000 hmax=166836.5 primes=150 surv=13 exact=11 badbase=0 hits7=[(9, False), (9, False), (9, False), (9, False), (9, False), (9, False), (9, False), (9, False), (9, False), (9, False), (9, False)] exc=0 t_gens=1s t=6s
  TR/D: rank[3,3] gens=3 src=pari sat=1 tors=4 states=400000 hmax=8063.1 primes=150 surv=13 exact=11 badbase=0 hits7=[(9, False), (9, False), (9, False), (9, False), (9, False), (9, False), (9, False), (9, False), (9, False), (9, False), (9, False)] exc=0 t_gens=0s t=6s
(1081,833) C0=931225 □ K=50000
  TL/BR: rank[1,1] gens=1 src=pari sat=1 tors=8 states=800000 hmax=17251951749.4 primes=150 surv=9 exact=7 badbase=0 hits7=[(9, False), (9, False), (9, False), (9, False), (9, False), (9, False), (9, False)] exc=0 t_gens=0s t=5s
  TL/D: rank[2,2] gens=2 src=pari sat=1 tors=4 states=400000 hmax=165660.8 primes=150 surv=13 exact=11 badbase=0 hits7=[(9, False), (9, False), (9, False), (9, False), (9, False), (9, False), (9, False), (9, False), (9, False), (9, False), (9, False)] exc=0 t_gens=0s t=6s
  BR/D: rank[3,3] gens=3 src=pari sat=1 tors=4 states=400000 hmax=5265.8 primes=150 surv=13 exact=11 badbase=0 hits7=[(9, False), (9, False), (9, False), (9, False), (9, False), (9, False), (9, False), (9, False), (9, False), (9, False), (9, False)] exc=0 t_gens=0s t=6s
  BL/TR: rank[2,2] gens=1 INCOMPLETE src=pari+mwrank sat=1 tors=8 states=800000 hmax=17093172414.1 primes=150 surv=9 exact=7 badbase=0 hits7=[(9, False), (9, False), (9, False), (9, False), (9, False), (9, False), (9, False)] exc=0 t_gens=17s t=21s
  BL/D: rank[3,3] gens=3 src=pari sat=1 tors=4 states=400000 hmax=5265.8 primes=150 surv=13 exact=11 badbase=0 hits7=[(9, False), (9, False), (9, False), (9, False), (9, False), (9, False), (9, False), (9, False), (9, False), (9, False), (9, False)] exc=0 t_gens=0s t=4s
  TR/D: rank[2,2] gens=2 src=pari sat=1 tors=4 states=400000 hmax=165660.8 primes=150 surv=13 exact=11 badbase=0 hits7=[(9, False), (9, False), (9, False), (9, False), (9, False), (9, False), (9, False), (9, False), (9, False), (9, False), (9, False)] exc=0 t_gens=0s t=3s
(1127,697) C0=877969 □ K=50000
  TL/BR: rank[2,2] gens=2 src=pari sat=1 tors=8 states=800000 hmax=329774.6 primes=150 surv=9 exact=7 badbase=0 hits7=[(9, False), (9, False), (9, False), (9, False), (9, False), (9, False), (9, False)] exc=0 t_gens=0s t=5s
  TL/D: rank[3,3] gens=3 src=pari sat=1 tors=4 states=400000 hmax=5851.1 primes=150 surv=13 exact=11 badbase=0 hits7=[(9, False), (9, False), (9, False), (9, False), (9, False), (9, False), (9, False), (9, False), (9, False), (9, False), (9, False)] exc=0 t_gens=0s t=4s
  BR/D: rank[3,3] gens=3 src=pari sat=1 tors=4 states=400000 hmax=3559.8 primes=150 surv=13 exact=11 badbase=0 hits7=[(9, False), (9, False), (9, False), (9, False), (9, False), (9, False), (9, False), (9, False), (9, False), (9, False), (9, False)] exc=0 t_gens=0s t=4s
  BL/TR: rank[2,2] gens=2 src=pari sat=1 tors=8 states=800000 hmax=474679.7 primes=150 surv=9 exact=7 badbase=0 hits7=[(9, False), (9, False), (9, False), (9, False), (9, False), (9, False), (9, False)] exc=0 t_gens=0s t=4s
  BL/D: rank[3,3] gens=3 src=pari sat=1 tors=4 states=400000 hmax=3559.8 primes=150 surv=13 exact=11 badbase=0 hits7=[(9, False), (9, False), (9, False), (9, False), (9, False), (9, False), (9, False), (9, False), (9, False), (9, False), (9, False)] exc=0 t_gens=0s t=3s
  TR/D: rank[3,3] gens=3 src=pari sat=1 tors=4 states=400000 hmax=5851.1 primes=150 surv=13 exact=11 badbase=0 hits7=[(9, False), (9, False), (9, False), (9, False), (9, False), (9, False), (9, False), (9, False), (9, False), (9, False), (9, False)] exc=0 t_gens=0s t=4s
(337,287) C0=97969 □ K=50000
  TL/BR: rank[2,2] gens=2 src=pari sat=1 tors=8 states=800000 hmax=178128.8 primes=150 surv=9 exact=7 badbase=0 hits7=[(9, False), (9, False), (9, False), (9, False), (9, False), (9, False), (9, False)] exc=0 t_gens=0s t=5s
  TL/D: rank[3,3] gens=3 src=pari sat=3 tors=4 states=400000 hmax=2724.6 primes=150 surv=13 exact=10 badbase=0 hits7=[(9, False), (9, False), (9, False), (9, False), (9, False), (9, False), (9, False), (9, False), (9, False), (9, False)] exc=0 t_gens=0s t=4s
  BR/D: rank[2,2] gens=2 src=pari+mwrank sat=1 tors=4 states=400000 hmax=140273.1 primes=150 surv=13 exact=10 badbase=0 hits7=[(9, False), (9, False), (9, False), (9, False), (9, False), (9, False), (9, False), (9, False), (9, False), (9, False)] exc=0 t_gens=120s t=123s
  BL/TR: rank[1,1] gens=1 src=pari sat=1 tors=8 states=800000 hmax=14312804925.5 primes=150 surv=9 exact=7 badbase=0 hits7=[(9, False), (9, False), (9, False), (9, False), (9, False), (9, False), (9, False)] exc=0 t_gens=0s t=5s
  BL/D: rank[2,2] gens=2 src=pari+mwrank sat=1 tors=4 states=400000 hmax=140273.1 primes=150 surv=13 exact=11 badbase=0 hits7=[(9, False), (9, False), (9, False), (9, False), (9, False), (9, False), (9, False), (9, False), (9, False), (9, False), (9, False)] exc=0 t_gens=111s t=115s
  TR/D: rank[3,3] gens=3 src=pari sat=3 tors=4 states=400000 hmax=2724.6 primes=150 surv=13 exact=11 badbase=0 hits7=[(9, False), (9, False), (9, False), (9, False), (9, False), (9, False), (9, False), (9, False), (9, False), (9, False), (9, False)] exc=0 t_gens=0s t=4s
(1103,529) C0=748225 □ K=50000
  TL/BR: rank[2,2] gens=2 src=pari sat=1 tors=8 states=800000 hmax=451821.5 primes=150 surv=9 exact=7 badbase=0 hits7=[(9, False), (9, False), (9, False), (9, False), (9, False), (9, False), (9, False)] exc=0 t_gens=0s t=4s
  TL/D: rank[3,3] gens=3 src=pari sat=1 tors=4 states=400000 hmax=4886.7 primes=150 surv=13 exact=11 badbase=0 hits7=[(9, False), (9, False), (9, False), (9, False), (9, False), (9, False), (9, False), (9, False), (9, False), (9, False), (9, False)] exc=0 t_gens=0s t=6s
  BR/D: rank[3,3] gens=3 src=pari sat=3 tors=4 states=400000 hmax=7348.3 primes=150 surv=13 exact=11 badbase=0 hits7=[(9, False), (9, False), (9, False), (9, False), (9, False), (9, False), (9, False), (9, False), (9, False), (9, False), (9, False)] exc=0 t_gens=0s t=5s
  BL/TR: rank[2,2] gens=1 INCOMPLETE src=pari+mwrank sat=1 tors=8 states=800000 hmax=16665674698.3 primes=150 surv=9 exact=7 badbase=0 hits7=[(9, False), (9, False), (9, False), (9, False), (9, False), (9, False), (9, False)] exc=0 t_gens=18s t=21s
  BL/D: rank[3,3] gens=3 src=pari sat=3 tors=4 states=400000 hmax=7348.3 primes=150 surv=13 exact=11 badbase=0 hits7=[(9, False), (9, False), (9, False), (9, False), (9, False), (9, False), (9, False), (9, False), (9, False), (9, False), (9, False)] exc=0 t_gens=0s t=4s
  TR/D: rank[3,3] gens=3 src=pari sat=1 tors=4 states=400000 hmax=4886.7 primes=150 surv=13 exact=11 badbase=0 hits7=[(9, False), (9, False), (9, False), (9, False), (9, False), (9, False), (9, False), (9, False), (9, False), (9, False), (9, False)] exc=0 t_gens=1s t=4s
(991,263) C0=525625 □ K=50000
  TL/BR: rank[1,1] gens=1 src=pari+mwrank sat=1 tors=8 states=800000 hmax=16594330000.7 primes=150 surv=9 exact=7 badbase=0 hits7=[(9, False), (9, False), (9, False), (9, False), (9, False), (9, False), (9, False)] exc=0 t_gens=53s t=59s
  TL/D: rank[4,4] gens=4 src=pari sat=1 tors=4 states=400000 hmax=936.8 primes=150 surv=13 exact=11 badbase=0 hits7=[(9, False), (9, False), (9, False), (9, False), (9, False), (9, False), (9, False), (9, False), (9, False), (9, False), (9, False)] exc=0 t_gens=0s t=6s
  BR/D: rank[2,2] gens=2 src=pari sat=1 tors=4 states=400000 hmax=159274.2 primes=150 surv=13 exact=11 badbase=0 hits7=[(9, False), (9, False), (9, False), (9, False), (9, False), (9, False), (9, False), (9, False), (9, False), (9, False), (9, False)] exc=0 t_gens=0s t=5s
  BL/TR: rank[1,1] gens=1 src=pari sat=1 tors=8 states=800000 hmax=16104545700.3 primes=150 surv=9 exact=7 badbase=0 hits7=[(9, False), (9, False), (9, False), (9, False), (9, False), (9, False), (9, False)] exc=0 t_gens=0s t=6s
  BL/D: rank[2,2] gens=2 src=pari sat=1 tors=4 states=400000 hmax=159274.2 primes=150 surv=13 exact=11 badbase=0 hits7=[(9, False), (9, False), (9, False), (9, False), (9, False), (9, False), (9, False), (9, False), (9, False), (9, False), (9, False)] exc=0 t_gens=0s t=6s
  TR/D: rank[4,4] gens=4 src=pari sat=1 tors=4 states=400000 hmax=936.8 primes=150 surv=13 exact=11 badbase=0 hits7=[(9, False), (9, False), (9, False), (9, False), (9, False), (9, False), (9, False), (9, False), (9, False), (9, False), (9, False)] exc=0 t_gens=0s t=6s
(1129,271) C0=674041 □ K=50000
  TL/BR: rank[2,2] gens=2 src=pari+mwrank sat=1 tors=8 states=800000 hmax=753698.0 primes=150 surv=9 exact=7 badbase=0 hits7=[(9, False), (9, False), (9, False), (9, False), (9, False), (9, False), (9, False)] exc=0 t_gens=4s t=9s
  TL/D: rank[3,3] gens=3 src=pari sat=1 tors=4 states=400000 hmax=5196.7 primes=150 surv=13 exact=11 badbase=0 hits7=[(9, False), (9, False), (9, False), (9, False), (9, False), (9, False), (9, False), (9, False), (9, False), (9, False), (9, False)] exc=0 t_gens=0s t=4s
  BR/D: rank[2,2] gens=2 src=pari+mwrank sat=1 tors=4 states=400000 hmax=162089.9 primes=150 surv=13 exact=11 badbase=0 hits7=[(9, False), (9, False), (9, False), (9, False), (9, False), (9, False), (9, False), (9, False), (9, False), (9, False), (9, False)] exc=0 t_gens=1s t=4s
  BL/TR: rank[1,1] gens=1 src=pari sat=1 tors=8 states=800000 hmax=16403372676.3 primes=150 surv=9 exact=7 badbase=0 hits7=[(9, False), (9, False), (9, False), (9, False), (9, False), (9, False), (9, False)] exc=0 t_gens=0s t=4s
  BL/D: rank[2,2] gens=2 src=pari+mwrank sat=1 tors=4 states=400000 hmax=162089.9 primes=150 surv=13 exact=11 badbase=0 hits7=[(9, False), (9, False), (9, False), (9, False), (9, False), (9, False), (9, False), (9, False), (9, False), (9, False), (9, False)] exc=0 t_gens=1s t=5s
  TR/D: rank[3,3] gens=3 src=pari sat=1 tors=4 states=400000 hmax=5196.7 primes=150 surv=13 exact=11 badbase=0 hits7=[(9, False), (9, False), (9, False), (9, False), (9, False), (9, False), (9, False), (9, False), (9, False), (9, False), (9, False)] exc=0 t_gens=0s t=5s
(1151,1057) C0=1221025 □ K=50000
  TL/BR: rank[2,2] gens=2 src=pari sat=1 tors=8 states=800000 hmax=158249.5 primes=150 surv=9 exact=7 badbase=0 hits7=[(9, False), (9, False), (9, False), (9, False), (9, False), (9, False), (9, False)] exc=0 t_gens=0s t=4s
  TL/D: rank[2,2] gens=2 src=pari sat=1 tors=4 states=400000 hmax=168759.2 primes=150 surv=13 exact=10 badbase=0 hits7=[(9, False), (9, False), (9, False), (9, False), (9, False), (9, False), (9, False), (9, False), (9, False), (9, False)] exc=0 t_gens=0s t=4s
  BR/D: rank[2,2] gens=2 src=pari sat=1 tors=4 states=400000 hmax=168785.3 primes=150 surv=13 exact=10 badbase=0 hits7=[(9, False), (9, False), (9, False), (9, False), (9, False), (9, False), (9, False), (9, False), (9, False), (9, False)] exc=0 t_gens=0s t=5s
  BL/TR: rank[2,2] gens=2 src=pari sat=1 tors=8 states=800000 hmax=439682.6 primes=150 surv=9 exact=7 badbase=0 hits7=[(9, False), (9, False), (9, False), (9, False), (9, False), (9, False), (9, False)] exc=0 t_gens=0s t=5s
  BL/D: rank[2,2] gens=2 src=pari sat=1 tors=4 states=400000 hmax=168785.3 primes=150 surv=13 exact=11 badbase=0 hits7=[(9, False), (9, False), (9, False), (9, False), (9, False), (9, False), (9, False), (9, False), (9, False), (9, False), (9, False)] exc=0 t_gens=0s t=4s
  TR/D: rank[2,2] gens=2 src=pari sat=1 tors=4 states=400000 hmax=168759.2 primes=150 surv=13 exact=11 badbase=0 hits7=[(9, False), (9, False), (9, False), (9, False), (9, False), (9, False), (9, False), (9, False), (9, False), (9, False), (9, False)] exc=0 t_gens=0s t=4s
(1153,457) C0=769129 □ K=50000
  TL/BR: rank[1,1] gens=1 src=pari sat=1 tors=8 states=800000 hmax=17085665758.6 primes=150 surv=9 exact=7 badbase=0 hits7=[(9, False), (9, False), (9, False), (9, False), (9, False), (9, False), (9, False)] exc=0 t_gens=0s t=5s
  TL/D: rank[4,4] gens=4 src=pari sat=1 tors=4 states=400000 hmax=994.4 primes=150 surv=13 exact=11 badbase=0 hits7=[(9, False), (9, False), (9, False), (9, False), (9, False), (9, False), (9, False), (9, False), (9, False), (9, False), (9, False)] exc=0 t_gens=1s t=4s
  BR/D: rank[1,3] gens=3 src=pari+mwrank sat=2 tors=4 states=400000 hmax=8917.8 primes=150 surv=13 exact=11 badbase=0 hits7=[(9, False), (9, False), (9, False), (9, False), (9, False), (9, False), (9, False), (9, False), (9, False), (9, False), (9, False)] exc=0 t_gens=3s t=9s
  BL/TR: rank[2,2] gens=2 src=pari sat=1 tors=8 states=800000 hmax=560930.6 primes=150 surv=9 exact=7 badbase=0 hits7=[(9, False), (9, False), (9, False), (9, False), (9, False), (9, False), (9, False)] exc=0 t_gens=0s t=5s
  BL/D: rank[1,3] gens=3 src=pari+mwrank sat=2 tors=4 states=400000 hmax=8917.8 primes=150 surv=13 exact=11 badbase=0 hits7=[(9, False), (9, False), (9, False), (9, False), (9, False), (9, False), (9, False), (9, False), (9, False), (9, False), (9, False)] exc=0 t_gens=1s t=4s
  TR/D: rank[4,4] gens=4 src=pari sat=1 tors=4 states=400000 hmax=994.4 primes=150 surv=13 exact=11 badbase=0 hits7=[(9, False), (9, False), (9, False), (9, False), (9, False), (9, False), (9, False), (9, False), (9, False), (9, False), (9, False)] exc=0 t_gens=1s t=6s
(1087,959) C0=1050625 □ K=50000
  TL/BR: rank[1,1] gens=1 src=pari+mwrank sat=1 tors=8 states=800000 hmax=17368204273.0 primes=150 surv=9 exact=7 badbase=0 hits7=[(9, False), (9, False), (9, False), (9, False), (9, False), (9, False), (9, False)] exc=0 t_gens=43s t=47s
  TL/D: rank[3,3] gens=3 src=pari sat=1 tors=4 states=400000 hmax=4168.0 primes=150 surv=13 exact=11 badbase=0 hits7=[(9, False), (9, False), (9, False), (9, False), (9, False), (9, False), (9, False), (9, False), (9, False), (9, False), (9, False)] exc=0 t_gens=0s t=3s
  BR/D: rank[2,2] gens=2 src=pari sat=1 tors=4 states=400000 hmax=167071.7 primes=150 surv=13 exact=11 badbase=0 hits7=[(9, False), (9, False), (9, False), (9, False), (9, False), (9, False), (9, False), (9, False), (9, False), (9, False), (9, False)] exc=0 t_gens=0s t=3s
  BL/TR: rank[2,2] gens=2 src=pari sat=1 tors=8 states=800000 hmax=512688.3 primes=150 surv=9 exact=7 badbase=0 hits7=[(9, False), (9, False), (9, False), (9, False), (9, False), (9, False), (9, False)] exc=0 t_gens=0s t=4s
  BL/D: rank[2,2] gens=2 src=pari sat=1 tors=4 states=400000 hmax=167071.7 primes=150 surv=13 exact=11 badbase=0 hits7=[(9, False), (9, False), (9, False), (9, False), (9, False), (9, False), (9, False), (9, False), (9, False), (9, False), (9, False)] exc=0 t_gens=0s t=3s
  TR/D: rank[3,3] gens=3 src=pari sat=1 tors=4 states=400000 hmax=4168.0 primes=150 surv=13 exact=11 badbase=0 hits7=[(9, False), (9, False), (9, False), (9, False), (9, False), (9, False), (9, False), (9, False), (9, False), (9, False), (9, False)] exc=0 t_gens=0s t=4s
(1169,431) C0=776161 □ K=50000
  TL/BR: rank[1,1] gens=1 src=pari sat=1 tors=8 states=800000 hmax=17096547185.1 primes=150 surv=9 exact=7 badbase=0 hits7=[(9, False), (9, False), (9, False), (9, False), (9, False), (9, False), (9, False)] exc=0 t_gens=0s t=5s
  TL/D: rank[3,3] gens=3 src=pari sat=1 tors=4 states=400000 hmax=7820.6 primes=150 surv=13 exact=11 badbase=0 hits7=[(9, False), (9, False), (9, False), (9, False), (9, False), (9, False), (9, False), (9, False), (9, False), (9, False), (9, False)] exc=0 t_gens=0s t=3s
  BR/D: rank[3,3] gens=3 src=pari sat=1 tors=4 states=400000 hmax=4528.6 primes=150 surv=13 exact=11 badbase=0 hits7=[(9, False), (9, False), (9, False), (9, False), (9, False), (9, False), (9, False), (9, False), (9, False), (9, False), (9, False)] exc=0 t_gens=0s t=4s
  BL/TR: rank[1,1] gens=1 src=pari sat=1 tors=8 states=800000 hmax=16647018819.1 primes=150 surv=9 exact=7 badbase=0 hits7=[(9, False), (9, False), (9, False), (9, False), (9, False), (9, False), (9, False)] exc=0 t_gens=0s t=5s
  BL/D: rank[3,3] gens=3 src=pari sat=1 tors=4 states=400000 hmax=4528.6 primes=150 surv=13 exact=11 badbase=0 hits7=[(9, False), (9, False), (9, False), (9, False), (9, False), (9, False), (9, False), (9, False), (9, False), (9, False), (9, False)] exc=0 t_gens=0s t=4s
  TR/D: rank[3,3] gens=3 src=pari sat=1 tors=4 states=400000 hmax=7820.6 primes=150 surv=13 exact=11 badbase=0 hits7=[(9, False), (9, False), (9, False), (9, False), (9, False), (9, False), (9, False), (9, False), (9, False), (9, False), (9, False)] exc=0 t_gens=0s t=4s
(1169,89) C0=687241 □ K=50000
  TL/BR: rank[2,2] gens=2 src=pari sat=1 tors=8 states=800000 hmax=500699.3 primes=150 surv=9 exact=7 badbase=0 hits7=[(9, False), (9, False), (9, False), (9, False), (9, False), (9, False), (9, False)] exc=0 t_gens=0s t=5s
  TL/D: rank[3,3] gens=3 src=pari sat=1 tors=4 states=400000 hmax=5728.1 primes=150 surv=13 exact=11 badbase=0 hits7=[(9, False), (9, False), (9, False), (9, False), (9, False), (9, False), (9, False), (9, False), (9, False), (9, False), (9, False)] exc=0 t_gens=1s t=4s
  BR/D: rank[1,3] gens=3 src=pari+mwrank sat=2 tors=4 states=400000 hmax=8776.8 primes=150 surv=13 exact=11 badbase=0 hits7=[(9, False), (9, False), (9, False), (9, False), (9, False), (9, False), (9, False), (9, False), (9, False), (9, False), (9, False)] exc=0 t_gens=3s t=7s
  BL/TR: rank[2,2] gens=2 src=pari sat=1 tors=8 states=800000 hmax=503392.2 primes=150 surv=9 exact=7 badbase=0 hits7=[(9, False), (9, False), (9, False), (9, False), (9, False), (9, False), (9, False)] exc=0 t_gens=0s t=4s
  BL/D: rank[1,3] gens=3 src=pari+mwrank sat=2 tors=4 states=400000 hmax=8776.8 primes=150 surv=13 exact=11 badbase=0 hits7=[(9, False), (9, False), (9, False), (9, False), (9, False), (9, False), (9, False), (9, False), (9, False), (9, False), (9, False)] exc=0 t_gens=1s t=5s
  TR/D: rank[3,3] gens=3 src=pari sat=1 tors=4 states=400000 hmax=5728.1 primes=150 surv=13 exact=11 badbase=0 hits7=[(9, False), (9, False), (9, False), (9, False), (9, False), (9, False), (9, False), (9, False), (9, False), (9, False), (9, False)] exc=0 t_gens=0s t=5s
(1201,599) C0=900601 □ K=50000
  TL/BR: rank[2,2] gens=2 src=pari sat=1 tors=8 states=800000 hmax=408022.1 primes=150 surv=9 exact=7 badbase=0 hits7=[(9, False), (9, False), (9, False), (9, False), (9, False), (9, False), (9, False)] exc=0 t_gens=0s t=5s
  TL/D: rank[4,4] gens=4 src=pari sat=1 tors=4 states=400000 hmax=749.0 primes=150 surv=13 exact=11 badbase=0 hits7=[(9, False), (9, False), (9, False), (9, False), (9, False), (9, False), (9, False), (9, False), (9, False), (9, False), (9, False)] exc=0 t_gens=0s t=4s
  BR/D: rank[2,2] gens=2 src=pari sat=1 tors=4 states=400000 hmax=165357.7 primes=150 surv=13 exact=11 badbase=0 hits7=[(9, False), (9, False), (9, False), (9, False), (9, False), (9, False), (9, False), (9, False), (9, False), (9, False), (9, False)] exc=0 t_gens=0s t=6s
  BL/TR: rank[2,2] gens=2 src=pari sat=1 tors=8 states=800000 hmax=364815.6 primes=150 surv=9 exact=7 badbase=0 hits7=[(9, False), (9, False), (9, False), (9, False), (9, False), (9, False), (9, False)] exc=0 t_gens=0s t=5s
  BL/D: rank[2,2] gens=2 src=pari sat=1 tors=4 states=400000 hmax=165357.7 primes=150 surv=13 exact=11 badbase=0 hits7=[(9, False), (9, False), (9, False), (9, False), (9, False), (9, False), (9, False), (9, False), (9, False), (9, False), (9, False)] exc=0 t_gens=0s t=4s
  TR/D: rank[4,4] gens=4 src=pari sat=1 tors=4 states=400000 hmax=749.0 primes=150 surv=13 exact=11 badbase=0 hits7=[(9, False), (9, False), (9, False), (9, False), (9, False), (9, False), (9, False), (9, False), (9, False), (9, False), (9, False)] exc=0 t_gens=0s t=4s
(1207,199) C0=748225 □ K=50000
  TL/BR: rank[1,1] gens=1 src=pari sat=1 tors=8 states=800000 hmax=16993796231.7 primes=150 surv=9 exact=7 badbase=0 hits7=[(9, False), (9, False), (9, False), (9, False), (9, False), (9, False), (9, False)] exc=0 t_gens=0s t=6s
  TL/D: rank[3,3] gens=3 src=pari sat=1 tors=4 states=400000 hmax=5725.0 primes=150 surv=13 exact=11 badbase=0 hits7=[(9, False), (9, False), (9, False), (9, False), (9, False), (9, False), (9, False), (9, False), (9, False), (9, False), (9, False)] exc=0 t_gens=0s t=4s
  BR/D: rank[3,3] gens=3 src=pari sat=1 tors=4 states=400000 hmax=6846.2 primes=150 surv=13 exact=11 badbase=0 hits7=[(9, False), (9, False), (9, False), (9, False), (9, False), (9, False), (9, False), (9, False), (9, False), (9, False), (9, False)] exc=0 t_gens=1s t=4s
  BL/TR: rank[3,3] gens=3 src=pari sat=1 tors=8 states=800000 hmax=5548.3 primes=150 surv=9 exact=7 badbase=0 hits7=[(9, False), (9, False), (9, False), (9, False), (9, False), (9, False), (9, False)] exc=0 t_gens=0s t=5s
  BL/D: rank[3,3] gens=3 src=pari sat=1 tors=4 states=400000 hmax=6846.2 primes=150 surv=13 exact=11 badbase=0 hits7=[(9, False), (9, False), (9, False), (9, False), (9, False), (9, False), (9, False), (9, False), (9, False), (9, False), (9, False)] exc=0 t_gens=1s t=4s
  TR/D: rank[3,3] gens=3 src=pari sat=1 tors=4 states=400000 hmax=5725.0 primes=150 surv=13 exact=11 badbase=0 hits7=[(9, False), (9, False), (9, False), (9, False), (9, False), (9, False), (9, False), (9, False), (9, False), (9, False), (9, False)] exc=0 t_gens=1s t=4s
(1193,697) C0=954529 □ K=50000
  TL/BR: rank[2,2] gens=2 src=pari sat=1 tors=8 states=800000 hmax=301510.6 primes=150 surv=9 exact=7 badbase=0 hits7=[(9, False), (9, False), (9, False), (9, False), (9, False), (9, False), (9, False)] exc=0 t_gens=0s t=7s
  TL/D: rank[2,2] gens=2 src=pari sat=1 tors=4 states=400000 hmax=165899.4 primes=150 surv=13 exact=11 badbase=0 hits7=[(9, False), (9, False), (9, False), (9, False), (9, False), (9, False), (9, False), (9, False), (9, False), (9, False), (9, False)] exc=0 t_gens=0s t=5s
  BR/D: rank[2,2] gens=2 src=pari sat=1 tors=4 states=400000 hmax=166027.1 primes=150 surv=13 exact=11 badbase=0 hits7=[(9, False), (9, False), (9, False), (9, False), (9, False), (9, False), (9, False), (9, False), (9, False), (9, False), (9, False)] exc=0 t_gens=0s t=4s
  BL/TR: rank[2,2] gens=1 INCOMPLETE src=pari+mwrank sat=1 tors=8 states=800000 hmax=17029921653.5 primes=150 surv=9 exact=7 badbase=0 hits7=[(9, False), (9, False), (9, False), (9, False), (9, False), (9, False), (9, False)] exc=0 t_gens=8s t=13s
  BL/D: rank[2,2] gens=2 src=pari sat=1 tors=4 states=400000 hmax=166027.1 primes=150 surv=13 exact=11 badbase=0 hits7=[(9, False), (9, False), (9, False), (9, False), (9, False), (9, False), (9, False), (9, False), (9, False), (9, False), (9, False)] exc=0 t_gens=0s t=6s
  TR/D: rank[2,2] gens=2 src=pari sat=1 tors=4 states=400000 hmax=165899.4 primes=150 surv=13 exact=11 badbase=0 hits7=[(9, False), (9, False), (9, False), (9, False), (9, False), (9, False), (9, False), (9, False), (9, False), (9, False), (9, False)] exc=0 t_gens=0s t=6s
(1217,953) C0=1194649 □ K=50000
  TL/BR: rank[0,2] gens=2 src=pari+mwrank sat=1 tors=8 states=800000 hmax=855921.3 primes=150 surv=9 exact=7 badbase=0 hits7=[(9, False), (9, False), (9, False), (9, False), (9, False), (9, False), (9, False)] exc=0 t_gens=3s t=7s
  TL/D: rank[4,4] gens=4 src=pari sat=1 tors=4 states=400000 hmax=1043.7 primes=150 surv=13 exact=11 badbase=0 hits7=[(9, False), (9, False), (9, False), (9, False), (9, False), (9, False), (9, False), (9, False), (9, False), (9, False), (9, False)] exc=0 t_gens=1s t=5s
  BR/D: rank[2,2] gens=2 src=pari+mwrank sat=1 tors=4 states=400000 hmax=168512.0 primes=150 surv=13 exact=11 badbase=0 hits7=[(9, False), (9, False), (9, False), (9, False), (9, False), (9, False), (9, False), (9, False), (9, False), (9, False), (9, False)] exc=0 t_gens=1s t=4s
  BL/TR: rank[2,2] gens=2 src=pari+mwrank sat=1 tors=8 states=800000 hmax=690307.3 primes=150 surv=9 exact=7 badbase=0 hits7=[(9, False), (9, False), (9, False), (9, False), (9, False), (9, False), (9, False)] exc=0 t_gens=0s t=5s
  BL/D: rank[2,2] gens=2 src=pari+mwrank sat=1 tors=4 states=400000 hmax=168512.0 primes=150 surv=13 exact=11 badbase=0 hits7=[(9, False), (9, False), (9, False), (9, False), (9, False), (9, False), (9, False), (9, False), (9, False), (9, False), (9, False)] exc=0 t_gens=0s t=3s
  TR/D: rank[4,4] gens=4 src=pari sat=1 tors=4 states=400000 hmax=1043.7 primes=150 surv=13 exact=11 badbase=0 hits7=[(9, False), (9, False), (9, False), (9, False), (9, False), (9, False), (9, False), (9, False), (9, False), (9, False), (9, False)] exc=0 t_gens=1s t=5s
(1241,313) C0=819025 □ K=50000
  TL/BR: rank[2,2] gens=2 src=pari sat=1 tors=8 states=800000 hmax=346388.1 primes=150 surv=9 exact=7 badbase=0 hits7=[(9, False), (9, False), (9, False), (9, False), (9, False), (9, False), (9, False)] exc=0 t_gens=0s t=5s
  TL/D: rank[4,4] gens=4 src=pari sat=3 tors=4 states=400000 hmax=934.5 primes=150 surv=13 exact=11 badbase=0 hits7=[(9, False), (9, False), (9, False), (9, False), (9, False), (9, False), (9, False), (9, False), (9, False), (9, False), (9, False)] exc=0 t_gens=1s t=6s
  BR/D: rank[2,2] gens=2 src=pari sat=1 tors=4 states=400000 hmax=164310.3 primes=150 surv=13 exact=11 badbase=0 hits7=[(9, False), (9, False), (9, False), (9, False), (9, False), (9, False), (9, False), (9, False), (9, False), (9, False), (9, False)] exc=0 t_gens=0s t=4s
  BL/TR: rank[2,2] gens=2 src=pari sat=1 tors=8 states=800000 hmax=387766.5 primes=150 surv=9 exact=7 badbase=0 hits7=[(9, False), (9, False), (9, False), (9, False), (9, False), (9, False), (9, False)] exc=0 t_gens=0s t=5s
  BL/D: rank[2,2] gens=2 src=pari sat=1 tors=4 states=400000 hmax=164310.3 primes=150 surv=13 exact=11 badbase=0 hits7=[(9, False), (9, False), (9, False), (9, False), (9, False), (9, False), (9, False), (9, False), (9, False), (9, False), (9, False)] exc=0 t_gens=0s t=5s
  TR/D: rank[4,4] gens=4 src=pari sat=1 tors=4 states=400000 hmax=934.5 primes=150 surv=13 exact=11 badbase=0 hits7=[(9, False), (9, False), (9, False), (9, False), (9, False), (9, False), (9, False), (9, False), (9, False), (9, False), (9, False)] exc=0 t_gens=1s t=6s
(1223,1087) C0=1338649 □ K=50000
  TL/BR: rank[2,2] gens=1 INCOMPLETE src=pari+mwrank sat=1 tors=8 states=800000 hmax=17668983884.1 primes=150 surv=9 exact=7 badbase=0 hits7=[(9, False), (9, False), (9, False), (9, False), (9, False), (9, False), (9, False)] exc=0 t_gens=18s t=24s
  TL/D: rank[3,3] gens=3 src=pari sat=1 tors=4 states=400000 hmax=6757.6 primes=150 surv=13 exact=11 badbase=0 hits7=[(9, False), (9, False), (9, False), (9, False), (9, False), (9, False), (9, False), (9, False), (9, False), (9, False), (9, False)] exc=0 t_gens=0s t=4s
  BR/D: rank[4,4] gens=4 src=pari sat=1 tors=4 states=400000 hmax=946.6 primes=150 surv=13 exact=11 badbase=0 hits7=[(9, False), (9, False), (9, False), (9, False), (9, False), (9, False), (9, False), (9, False), (9, False), (9, False), (9, False)] exc=0 t_gens=0s t=4s
  BL/TR: rank[1,1] gens=1 src=pari sat=1 tors=8 states=800000 hmax=17595692253.0 primes=150 surv=9 exact=7 badbase=0 hits7=[(9, False), (9, False), (9, False), (9, False), (9, False), (9, False), (9, False)] exc=0 t_gens=0s t=4s
  BL/D: rank[4,4] gens=4 src=pari sat=1 tors=4 states=400000 hmax=946.6 primes=150 surv=13 exact=11 badbase=0 hits7=[(9, False), (9, False), (9, False), (9, False), (9, False), (9, False), (9, False), (9, False), (9, False), (9, False), (9, False)] exc=0 t_gens=1s t=4s
  TR/D: rank[3,3] gens=3 src=pari sat=1 tors=4 states=400000 hmax=6757.6 primes=150 surv=13 exact=11 badbase=0 hits7=[(9, False), (9, False), (9, False), (9, False), (9, False), (9, False), (9, False), (9, False), (9, False), (9, False), (9, False)] exc=0 t_gens=1s t=5s
(1271,431) C0=900601 □ K=50000
  TL/BR: rank[1,1] gens=1 src=pari sat=1 tors=8 states=800000 hmax=17280399648.2 primes=150 surv=9 exact=7 badbase=0 hits7=[(9, False), (9, False), (9, False), (9, False), (9, False), (9, False), (9, False)] exc=0 t_gens=0s t=4s
  TL/D: rank[2,2] gens=2 src=pari sat=1 tors=4 states=400000 hmax=165006.6 primes=150 surv=13 exact=11 badbase=0 hits7=[(9, False), (9, False), (9, False), (9, False), (9, False), (9, False), (9, False), (9, False), (9, False), (9, False), (9, False)] exc=0 t_gens=0s t=4s
  BR/D: rank[2,2] gens=2 src=pari sat=1 tors=4 states=400000 hmax=165372.9 primes=150 surv=13 exact=11 badbase=0 hits7=[(9, False), (9, False), (9, False), (9, False), (9, False), (9, False), (9, False), (9, False), (9, False), (9, False), (9, False)] exc=0 t_gens=0s t=4s
  BL/TR: rank[3,3] gens=3 src=pari sat=1 tors=8 states=800000 hmax=4640.9 primes=150 surv=9 exact=7 badbase=0 hits7=[(9, False), (9, False), (9, False), (9, False), (9, False), (9, False), (9, False)] exc=0 t_gens=1s t=6s
  BL/D: rank[2,2] gens=2 src=pari sat=1 tors=4 states=400000 hmax=165372.9 primes=150 surv=13 exact=11 badbase=0 hits7=[(9, False), (9, False), (9, False), (9, False), (9, False), (9, False), (9, False), (9, False), (9, False), (9, False), (9, False)] exc=0 t_gens=0s t=4s
  TR/D: rank[2,2] gens=2 src=pari sat=1 tors=4 states=400000 hmax=165006.6 primes=150 surv=13 exact=11 badbase=0 hits7=[(9, False), (9, False), (9, False), (9, False), (9, False), (9, False), (9, False), (9, False), (9, False), (9, False), (9, False)] exc=0 t_gens=0s t=4s
(1271,497) C0=931225 □ K=50000
  TL/BR: rank[2,2] gens=2 src=pari sat=1 tors=8 states=800000 hmax=384023.4 primes=150 surv=9 exact=7 badbase=0 hits7=[(9, False), (9, False), (9, False), (9, False), (9, False), (9, False), (9, False)] exc=0 t_gens=0s t=5s
  TL/D: rank[3,3] gens=3 src=pari sat=5 tors=4 states=400000 hmax=2987.2 primes=150 surv=13 exact=11 badbase=0 hits7=[(9, False), (9, False), (9, False), (9, False), (9, False), (9, False), (9, False), (9, False), (9, False), (9, False), (9, False)] exc=0 t_gens=0s t=4s
  BR/D: rank[2,2] gens=2 src=pari sat=1 tors=4 states=400000 hmax=165740.8 primes=150 surv=13 exact=11 badbase=0 hits7=[(9, False), (9, False), (9, False), (9, False), (9, False), (9, False), (9, False), (9, False), (9, False), (9, False), (9, False)] exc=0 t_gens=0s t=4s
  BL/TR: rank[1,1] gens=1 src=pari sat=1 tors=8 states=800000 hmax=16887489193.2 primes=150 surv=9 exact=7 badbase=0 hits7=[(9, False), (9, False), (9, False), (9, False), (9, False), (9, False), (9, False)] exc=0 t_gens=0s t=6s
  BL/D: rank[2,2] gens=2 src=pari sat=1 tors=4 states=400000 hmax=165740.8 primes=150 surv=13 exact=11 badbase=0 hits7=[(9, False), (9, False), (9, False), (9, False), (9, False), (9, False), (9, False), (9, False), (9, False), (9, False), (9, False)] exc=0 t_gens=0s t=3s
  TR/D: rank[3,3] gens=3 src=pari sat=5 tors=4 states=400000 hmax=2987.2 primes=150 surv=13 exact=11 badbase=0 hits7=[(9, False), (9, False), (9, False), (9, False), (9, False), (9, False), (9, False), (9, False), (9, False), (9, False), (9, False)] exc=0 t_gens=0s t=4s
(1241,959) C0=1229881 □ K=50000
  TL/BR: rank[2,2] gens=1 INCOMPLETE src=pari+mwrank sat=1 tors=8 states=800000 hmax=17599010655.7 primes=150 surv=9 exact=7 badbase=0 hits7=[(9, False), (9, False), (9, False), (9, False), (9, False), (9, False), (9, False)] exc=0 t_gens=16s t=20s
  TL/D: rank[3,3] gens=3 src=pari sat=1 tors=4 states=400000 hmax=6324.1 primes=150 surv=13 exact=11 badbase=0 hits7=[(9, False), (9, False), (9, False), (9, False), (9, False), (9, False), (9, False), (9, False), (9, False), (9, False), (9, False)] exc=0 t_gens=0s t=4s
  BR/D: rank[4,4] gens=4 src=pari sat=1 tors=4 states=400000 hmax=972.4 primes=150 surv=13 exact=11 badbase=0 hits7=[(9, False), (9, False), (9, False), (9, False), (9, False), (9, False), (9, False), (9, False), (9, False), (9, False), (9, False)] exc=0 t_gens=0s t=4s
  BL/TR: rank[1,1] gens=1 src=pari sat=1 tors=8 states=800000 hmax=17441867854.1 primes=150 surv=9 exact=7 badbase=0 hits7=[(9, False), (9, False), (9, False), (9, False), (9, False), (9, False), (9, False)] exc=0 t_gens=0s t=4s
  BL/D: rank[4,4] gens=4 src=pari sat=1 tors=4 states=400000 hmax=972.4 primes=150 surv=13 exact=11 badbase=0 hits7=[(9, False), (9, False), (9, False), (9, False), (9, False), (9, False), (9, False), (9, False), (9, False), (9, False), (9, False)] exc=0 t_gens=1s t=4s
  TR/D: rank[3,3] gens=3 src=pari sat=1 tors=4 states=400000 hmax=6324.1 primes=150 surv=13 exact=11 badbase=0 hits7=[(9, False), (9, False), (9, False), (9, False), (9, False), (9, False), (9, False), (9, False), (9, False), (9, False), (9, False)] exc=0 t_gens=1s t=4s
(1279,47) C0=819025 □ K=50000
  TL/BR: rank[2,2] gens=2 src=pari sat=1 tors=8 states=800000 hmax=444274.8 primes=150 surv=9 exact=7 badbase=0 hits7=[(9, False), (9, False), (9, False), (9, False), (9, False), (9, False), (9, False)] exc=0 t_gens=0s t=5s
  TL/D: rank[3,3] gens=3 src=pari sat=1 tors=4 states=400000 hmax=4752.9 primes=150 surv=13 exact=11 badbase=0 hits7=[(9, False), (9, False), (9, False), (9, False), (9, False), (9, False), (9, False), (9, False), (9, False), (9, False), (9, False)] exc=0 t_gens=0s t=6s
  BR/D: rank[3,3] gens=3 src=pari sat=1 tors=4 states=400000 hmax=6231.9 primes=150 surv=13 exact=11 badbase=0 hits7=[(9, False), (9, False), (9, False), (9, False), (9, False), (9, False), (9, False), (9, False), (9, False), (9, False), (9, False)] exc=0 t_gens=0s t=4s
  BL/TR: rank[2,2] gens=2 src=pari+mwrank sat=1 tors=8 states=800000 hmax=484543.7 primes=150 surv=9 exact=7 badbase=0 hits7=[(9, False), (9, False), (9, False), (9, False), (9, False), (9, False), (9, False)] exc=0 t_gens=5s t=9s
  BL/D: rank[3,3] gens=3 src=pari sat=1 tors=4 states=400000 hmax=6231.9 primes=150 surv=13 exact=11 badbase=0 hits7=[(9, False), (9, False), (9, False), (9, False), (9, False), (9, False), (9, False), (9, False), (9, False), (9, False), (9, False)] exc=0 t_gens=0s t=4s
  TR/D: rank[3,3] gens=3 src=pari sat=1 tors=4 states=400000 hmax=4752.9 primes=150 surv=13 exact=11 badbase=0 hits7=[(9, False), (9, False), (9, False), (9, False), (9, False), (9, False), (9, False), (9, False), (9, False), (9, False), (9, False)] exc=0 t_gens=0s t=4s
(959,839) C0=811801 □ K=50000
  TL/BR: rank[1,1] gens=1 src=pari sat=1 tors=8 states=800000 hmax=17048169248.6 primes=150 surv=9 exact=7 badbase=0 hits7=[(9, False), (9, False), (9, False), (9, False), (9, False), (9, False), (9, False)] exc=0 t_gens=0s t=5s
  TL/D: rank[2,2] gens=2 src=pari+mwrank sat=2 tors=4 states=400000 hmax=164175.0 primes=150 surv=13 exact=11 badbase=0 hits7=[(9, False), (9, False), (9, False), (9, False), (9, False), (9, False), (9, False), (9, False), (9, False), (9, False), (9, False)] exc=0 t_gens=77s t=82s
  BR/D: rank[4,4] gens=4 src=pari sat=1 tors=4 states=400000 hmax=615.7 primes=150 surv=13 exact=11 badbase=0 hits7=[(9, False), (9, False), (9, False), (9, False), (9, False), (9, False), (9, False), (9, False), (9, False), (9, False), (9, False)] exc=0 t_gens=1s t=5s
  BL/TR: rank[3,3] gens=3 src=pari sat=1 tors=8 states=800000 hmax=5251.1 primes=150 surv=9 exact=7 badbase=0 hits7=[(9, False), (9, False), (9, False), (9, False), (9, False), (9, False), (9, False)] exc=0 t_gens=0s t=5s
  BL/D: rank[4,4] gens=4 src=pari sat=1 tors=4 states=400000 hmax=615.7 primes=150 surv=13 exact=11 badbase=0 hits7=[(9, False), (9, False), (9, False), (9, False), (9, False), (9, False), (9, False), (9, False), (9, False), (9, False), (9, False)] exc=0 t_gens=1s t=4s
  TR/D: rank[2,2] gens=2 src=pari+mwrank sat=2 tors=4 states=400000 hmax=164175.0 primes=150 surv=13 exact=11 badbase=0 hits7=[(9, False), (9, False), (9, False), (9, False), (9, False), (9, False), (9, False), (9, False), (9, False), (9, False), (9, False)] exc=0 t_gens=66s t=69s
(1289,223) C0=855625 □ K=50000
  TL/BR: rank[3,3] gens=3 src=pari sat=1 tors=8 states=800000 hmax=5805.1 primes=150 surv=9 exact=7 badbase=0 hits7=[(9, False), (9, False), (9, False), (9, False), (9, False), (9, False), (9, False)] exc=0 t_gens=0s t=6s
  TL/D: rank[4,4] gens=4 src=pari sat=3 tors=4 states=400000 hmax=738.1 primes=150 surv=13 exact=11 badbase=0 hits7=[(9, False), (9, False), (9, False), (9, False), (9, False), (9, False), (9, False), (9, False), (9, False), (9, False), (9, False)] exc=0 t_gens=1s t=4s
  BR/D: rank[2,2] gens=2 src=pari sat=1 tors=4 states=400000 hmax=164781.8 primes=150 surv=13 exact=11 badbase=0 hits7=[(9, False), (9, False), (9, False), (9, False), (9, False), (9, False), (9, False), (9, False), (9, False), (9, False), (9, False)] exc=0 t_gens=0s t=3s
  BL/TR: rank[1,1] gens=1 src=pari sat=1 tors=8 states=800000 hmax=16673901466.1 primes=150 surv=9 exact=7 badbase=0 hits7=[(9, False), (9, False), (9, False), (9, False), (9, False), (9, False), (9, False)] exc=0 t_gens=0s t=3s
  BL/D: rank[2,2] gens=2 src=pari sat=1 tors=4 states=400000 hmax=164781.8 primes=150 surv=13 exact=11 badbase=0 hits7=[(9, False), (9, False), (9, False), (9, False), (9, False), (9, False), (9, False), (9, False), (9, False), (9, False), (9, False)] exc=0 t_gens=0s t=3s
  TR/D: rank[4,4] gens=4 src=pari sat=3 tors=4 states=400000 hmax=738.1 primes=150 surv=13 exact=11 badbase=0 hits7=[(9, False), (9, False), (9, False), (9, False), (9, False), (9, False), (9, False), (9, False), (9, False), (9, False), (9, False)] exc=0 t_gens=0s t=4s
(1303,673) C0=1075369 □ K=50000
  TL/BR: rank[2,2] gens=2 src=pari sat=1 tors=8 states=800000 hmax=179093.8 primes=150 surv=9 exact=7 badbase=0 hits7=[(9, False), (9, False), (9, False), (9, False), (9, False), (9, False), (9, False)] exc=0 t_gens=0s t=4s
  TL/D: rank[4,4] gens=4 src=pari sat=1 tors=4 states=400000 hmax=901.5 primes=150 surv=13 exact=11 badbase=0 hits7=[(9, False), (9, False), (9, False), (9, False), (9, False), (9, False), (9, False), (9, False), (9, False), (9, False), (9, False)] exc=0 t_gens=1s t=4s
  BR/D: rank[2,2] gens=2 src=pari sat=1 tors=4 states=400000 hmax=167379.9 primes=150 surv=13 exact=11 badbase=0 hits7=[(9, False), (9, False), (9, False), (9, False), (9, False), (9, False), (9, False), (9, False), (9, False), (9, False), (9, False)] exc=0 t_gens=0s t=4s
  BL/TR: rank[2,2] gens=2 src=pari sat=1 tors=8 states=800000 hmax=248677.2 primes=150 surv=9 exact=7 badbase=0 hits7=[(9, False), (9, False), (9, False), (9, False), (9, False), (9, False), (9, False)] exc=0 t_gens=0s t=5s
  BL/D: rank[2,2] gens=2 src=pari sat=1 tors=4 states=400000 hmax=167379.9 primes=150 surv=13 exact=11 badbase=0 hits7=[(9, False), (9, False), (9, False), (9, False), (9, False), (9, False), (9, False), (9, False), (9, False), (9, False), (9, False)] exc=0 t_gens=0s t=4s
  TR/D: rank[4,4] gens=4 src=pari sat=1 tors=4 states=400000 hmax=901.5 primes=150 surv=13 exact=11 badbase=0 hits7=[(9, False), (9, False), (9, False), (9, False), (9, False), (9, False), (9, False), (9, False), (9, False), (9, False), (9, False)] exc=0 t_gens=1s t=3s
(1319,679) C0=1100401 □ K=50000
  TL/BR: rank[2,2] gens=2 src=pari sat=1 tors=8 states=800000 hmax=481797.3 primes=150 surv=9 exact=7 badbase=0 hits7=[(9, False), (9, False), (9, False), (9, False), (9, False), (9, False), (9, False)] exc=0 t_gens=0s t=5s
  TL/D: rank[4,4] gens=4 src=pari sat=1 tors=4 states=400000 hmax=604.1 primes=150 surv=13 exact=11 badbase=0 hits7=[(9, False), (9, False), (9, False), (9, False), (9, False), (9, False), (9, False), (9, False), (9, False), (9, False), (9, False)] exc=0 t_gens=0s t=4s
  BR/D: rank[2,2] gens=2 src=pari sat=1 tors=4 states=400000 hmax=167636.3 primes=150 surv=13 exact=11 badbase=0 hits7=[(9, False), (9, False), (9, False), (9, False), (9, False), (9, False), (9, False), (9, False), (9, False), (9, False), (9, False)] exc=0 t_gens=0s t=4s
  BL/TR: rank[2,2] gens=2 src=pari+mwrank sat=1 tors=8 states=800000 hmax=837070.8 primes=150 surv=9 exact=7 badbase=0 hits7=[(9, False), (9, False), (9, False), (9, False), (9, False), (9, False), (9, False)] exc=0 t_gens=2s t=7s
  BL/D: rank[2,2] gens=2 src=pari sat=1 tors=4 states=400000 hmax=167636.3 primes=150 surv=13 exact=11 badbase=0 hits7=[(9, False), (9, False), (9, False), (9, False), (9, False), (9, False), (9, False), (9, False), (9, False), (9, False), (9, False)] exc=0 t_gens=0s t=3s
  TR/D: rank[4,4] gens=4 src=pari sat=3 tors=4 states=400000 hmax=604.1 primes=150 surv=13 exact=11 badbase=0 hits7=[(9, False), (9, False), (9, False), (9, False), (9, False), (9, False), (9, False), (9, False), (9, False), (9, False), (9, False)] exc=0 t_gens=0s t=4s
(1337,391) C0=970225 □ K=50000
  TL/BR: rank[2,2] gens=2 src=pari sat=1 tors=8 states=800000 hmax=461767.8 primes=150 surv=9 exact=7 badbase=0 hits7=[(9, False), (9, False), (9, False), (9, False), (9, False), (9, False), (9, False)] exc=0 t_gens=0s t=4s
  TL/D: rank[3,3] gens=3 src=pari sat=1 tors=4 states=400000 hmax=4691.4 primes=150 surv=13 exact=11 badbase=0 hits7=[(9, False), (9, False), (9, False), (9, False), (9, False), (9, False), (9, False), (9, False), (9, False), (9, False), (9, False)] exc=0 t_gens=0s t=3s
  BR/D: rank[3,3] gens=3 src=pari sat=1 tors=4 states=400000 hmax=7117.5 primes=150 surv=13 exact=11 badbase=0 hits7=[(9, False), (9, False), (9, False), (9, False), (9, False), (9, False), (9, False), (9, False), (9, False), (9, False), (9, False)] exc=0 t_gens=0s t=3s
  BL/TR: rank[2,2] gens=2 src=pari sat=1 tors=8 states=800000 hmax=382220.1 primes=150 surv=9 exact=7 badbase=0 hits7=[(9, False), (9, False), (9, False), (9, False), (9, False), (9, False), (9, False)] exc=0 t_gens=0s t=4s
  BL/D: rank[3,3] gens=3 src=pari sat=1 tors=4 states=400000 hmax=7117.5 primes=150 surv=13 exact=11 badbase=0 hits7=[(9, False), (9, False), (9, False), (9, False), (9, False), (9, False), (9, False), (9, False), (9, False), (9, False), (9, False)] exc=0 t_gens=0s t=3s
  TR/D: rank[3,3] gens=3 src=pari sat=1 tors=4 states=400000 hmax=4691.4 primes=150 surv=13 exact=11 badbase=0 hits7=[(9, False), (9, False), (9, False), (9, False), (9, False), (9, False), (9, False), (9, False), (9, False), (9, False), (9, False)] exc=0 t_gens=0s t=4s
(1231,329) C0=811801 □ K=50000
  TL/BR: rank[2,2] gens=2 src=pari sat=1 tors=8 states=800000 hmax=204847.8 primes=150 surv=9 exact=7 badbase=0 hits7=[(9, False), (9, False), (9, False), (9, False), (9, False), (9, False), (9, False)] exc=0 t_gens=0s t=6s
  TL/D: rank[3,3] gens=3 src=pari sat=1 tors=4 states=400000 hmax=3837.6 primes=150 surv=13 exact=11 badbase=0 hits7=[(9, False), (9, False), (9, False), (9, False), (9, False), (9, False), (9, False), (9, False), (9, False), (9, False), (9, False)] exc=0 t_gens=0s t=4s
  BR/D: rank[3,3] gens=2 INCOMPLETE src=pari+mwrank sat=1 tors=4 states=400000 hmax=164220.1 primes=150 surv=13 exact=11 badbase=0 hits7=[(9, False), (9, False), (9, False), (9, False), (9, False), (9, False), (9, False), (9, False), (9, False), (9, False), (9, False)] exc=0 t_gens=26s t=31s
  BL/TR: rank[2,2] gens=2 src=pari sat=1 tors=8 states=800000 hmax=235619.8 primes=150 surv=9 exact=7 badbase=0 hits7=[(9, False), (9, False), (9, False), (9, False), (9, False), (9, False), (9, False)] exc=0 t_gens=0s t=7s
  BL/D: rank[3,3] gens=2 INCOMPLETE src=pari+mwrank sat=1 tors=4 states=400000 hmax=164220.1 primes=150 surv=13 exact=11 badbase=0 hits7=[(9, False), (9, False), (9, False), (9, False), (9, False), (9, False), (9, False), (9, False), (9, False), (9, False), (9, False)] exc=0 t_gens=26s t=31s
  TR/D: rank[3,3] gens=3 src=pari sat=1 tors=4 states=400000 hmax=3837.6 primes=150 surv=13 exact=11 badbase=0 hits7=[(9, False), (9, False), (9, False), (9, False), (9, False), (9, False), (9, False), (9, False), (9, False), (9, False), (9, False)] exc=0 t_gens=0s t=6s
(1337,809) C0=1221025 □ K=50000
  TL/BR: rank[2,2] gens=2 src=pari sat=1 tors=8 states=800000 hmax=281168.8 primes=150 surv=9 exact=7 badbase=0 hits7=[(9, False), (9, False), (9, False), (9, False), (9, False), (9, False), (9, False)] exc=0 t_gens=0s t=5s
  TL/D: rank[2,2] gens=2 src=pari sat=1 tors=4 states=400000 hmax=168674.5 primes=150 surv=13 exact=11 badbase=0 hits7=[(9, False), (9, False), (9, False), (9, False), (9, False), (9, False), (9, False), (9, False), (9, False), (9, False), (9, False)] exc=0 t_gens=0s t=4s
  BR/D: rank[4,4] gens=4 src=pari sat=3 tors=4 states=400000 hmax=698.6 primes=150 surv=13 exact=11 badbase=0 hits7=[(9, False), (9, False), (9, False), (9, False), (9, False), (9, False), (9, False), (9, False), (9, False), (9, False), (9, False)] exc=0 t_gens=1s t=4s
  BL/TR: rank[2,2] gens=2 src=pari sat=1 tors=8 states=800000 hmax=177788.4 primes=150 surv=9 exact=7 badbase=0 hits7=[(9, False), (9, False), (9, False), (9, False), (9, False), (9, False), (9, False)] exc=0 t_gens=0s t=5s
  BL/D: rank[4,4] gens=4 src=pari sat=3 tors=4 states=400000 hmax=698.6 primes=150 surv=13 exact=11 badbase=0 hits7=[(9, False), (9, False), (9, False), (9, False), (9, False), (9, False), (9, False), (9, False), (9, False), (9, False), (9, False)] exc=0 t_gens=1s t=6s
  TR/D: rank[2,2] gens=2 src=pari sat=1 tors=4 states=400000 hmax=168674.5 primes=150 surv=13 exact=11 badbase=0 hits7=[(9, False), (9, False), (9, False), (9, False), (9, False), (9, False), (9, False), (9, False), (9, False), (9, False), (9, False)] exc=0 t_gens=0s t=4s
(1297,553) C0=994009 □ K=50000
  TL/BR: rank[3,3] gens=3 src=pari sat=1 tors=8 states=800000 hmax=7646.4 primes=150 surv=9 exact=7 badbase=0 hits7=[(9, False), (9, False), (9, False), (9, False), (9, False), (9, False), (9, False)] exc=0 t_gens=1s t=6s
  TL/D: rank[2,2] gens=2 src=pari+mwrank sat=1 tors=4 states=400000 hmax=166238.8 primes=150 surv=13 exact=11 badbase=0 hits7=[(9, False), (9, False), (9, False), (9, False), (9, False), (9, False), (9, False), (9, False), (9, False), (9, False), (9, False)] exc=0 t_gens=2s t=6s
  BR/D: rank[2,2] gens=2 src=pari sat=1 tors=4 states=400000 hmax=166468.8 primes=150 surv=13 exact=11 badbase=0 hits7=[(9, False), (9, False), (9, False), (9, False), (9, False), (9, False), (9, False), (9, False), (9, False), (9, False), (9, False)] exc=0 t_gens=0s t=5s
  BL/TR: rank[1,3] gens=1 INCOMPLETE src=pari+mwrank sat=1 tors=8 states=800000 hmax=16989574560.9 primes=150 surv=9 exact=7 badbase=0 hits7=[(9, False), (9, False), (9, False), (9, False), (9, False), (9, False), (9, False)] exc=0 t_gens=18s t=21s
  BL/D: rank[2,2] gens=2 src=pari sat=1 tors=4 states=400000 hmax=166468.8 primes=150 surv=13 exact=11 badbase=0 hits7=[(9, False), (9, False), (9, False), (9, False), (9, False), (9, False), (9, False), (9, False), (9, False), (9, False), (9, False)] exc=0 t_gens=0s t=4s
  TR/D: rank[2,2] gens=2 src=pari+mwrank sat=1 tors=4 states=400000 hmax=166238.8 primes=150 surv=13 exact=11 badbase=0 hits7=[(9, False), (9, False), (9, False), (9, False), (9, False), (9, False), (9, False), (9, False), (9, False), (9, False), (9, False)] exc=0 t_gens=0s t=6s
(1343,113) C0=908209 □ K=50000
  TL/BR: rank[1,1] gens=1 src=pari sat=1 tors=8 states=800000 hmax=17169520075.6 primes=150 surv=9 exact=7 badbase=0 hits7=[(9, False), (9, False), (9, False), (9, False), (9, False), (9, False), (9, False)] exc=0 t_gens=0s t=4s
  TL/D: rank[3,3] gens=3 src=pari sat=1 tors=4 states=400000 hmax=6957.7 primes=150 surv=13 exact=11 badbase=0 hits7=[(9, False), (9, False), (9, False), (9, False), (9, False), (9, False), (9, False), (9, False), (9, False), (9, False), (9, False)] exc=0 t_gens=0s t=3s
  BR/D: rank[3,3] gens=3 src=pari sat=1 tors=4 states=400000 hmax=4976.3 primes=150 surv=13 exact=11 badbase=0 hits7=[(9, False), (9, False), (9, False), (9, False), (9, False), (9, False), (9, False), (9, False), (9, False), (9, False), (9, False)] exc=0 t_gens=0s t=4s
  BL/TR: rank[1,1] gens=1 src=pari sat=1 tors=8 states=800000 hmax=16723817487.9 primes=150 surv=9 exact=7 badbase=0 hits7=[(9, False), (9, False), (9, False), (9, False), (9, False), (9, False), (9, False)] exc=0 t_gens=0s t=4s
  BL/D: rank[3,3] gens=3 src=pari sat=1 tors=4 states=400000 hmax=4976.3 primes=150 surv=13 exact=11 badbase=0 hits7=[(9, False), (9, False), (9, False), (9, False), (9, False), (9, False), (9, False), (9, False), (9, False), (9, False), (9, False)] exc=0 t_gens=1s t=5s
  TR/D: rank[3,3] gens=3 src=pari sat=1 tors=4 states=400000 hmax=6957.7 primes=150 surv=13 exact=11 badbase=0 hits7=[(9, False), (9, False), (9, False), (9, False), (9, False), (9, False), (9, False), (9, False), (9, False), (9, False), (9, False)] exc=0 t_gens=0s t=4s
(1327,857) C0=1247689 □ K=50000
  TL/BR: rank[0,2] gens=1 INCOMPLETE src=pari+mwrank sat=1 tors=8 states=800000 hmax=17652637312.9 primes=150 surv=9 exact=7 badbase=0 hits7=[(9, False), (9, False), (9, False), (9, False), (9, False), (9, False), (9, False)] exc=0 t_gens=8s t=12s
  TL/D: rank[2,2] gens=2 src=pari sat=1 tors=4 states=400000 hmax=168923.0 primes=150 surv=13 exact=11 badbase=0 hits7=[(9, False), (9, False), (9, False), (9, False), (9, False), (9, False), (9, False), (9, False), (9, False), (9, False), (9, False)] exc=0 t_gens=0s t=3s
  BR/D: rank[2,2] gens=2 src=pari+mwrank sat=1 tors=4 states=400000 hmax=169076.9 primes=150 surv=13 exact=11 badbase=0 hits7=[(9, False), (9, False), (9, False), (9, False), (9, False), (9, False), (9, False), (9, False), (9, False), (9, False), (9, False)] exc=0 t_gens=1s t=6s
  BL/TR: rank[2,2] gens=1 INCOMPLETE src=pari+mwrank sat=1 tors=8 states=800000 hmax=17397948697.5 primes=150 surv=9 exact=7 badbase=0 hits7=[(9, False), (9, False), (9, False), (9, False), (9, False), (9, False), (9, False)] exc=0 t_gens=13s t=19s
  BL/D: rank[2,2] gens=2 src=pari+mwrank sat=1 tors=4 states=400000 hmax=169076.9 primes=150 surv=13 exact=11 badbase=0 hits7=[(9, False), (9, False), (9, False), (9, False), (9, False), (9, False), (9, False), (9, False), (9, False), (9, False), (9, False)] exc=0 t_gens=1s t=6s
  TR/D: rank[2,2] gens=2 src=pari sat=1 tors=4 states=400000 hmax=168923.0 primes=150 surv=13 exact=11 badbase=0 hits7=[(9, False), (9, False), (9, False), (9, False), (9, False), (9, False), (9, False), (9, False), (9, False), (9, False), (9, False)] exc=0 t_gens=0s t=5s
(1351,1249) C0=1692601 □ K=50000
  TL/BR: rank[1,1] gens=1 src=pari sat=1 tors=8 states=800000 hmax=17950972090.6 primes=150 surv=9 exact=7 badbase=0 hits7=[(9, False), (9, False), (9, False), (9, False), (9, False), (9, False), (9, False)] exc=0 t_gens=0s t=4s
  TL/D: rank[2,2] gens=2 src=pari sat=1 tors=4 states=400000 hmax=172426.9 primes=150 surv=13 exact=10 badbase=0 hits7=[(9, False), (9, False), (9, False), (9, False), (9, False), (9, False), (9, False), (9, False), (9, False), (9, False)] exc=0 t_gens=0s t=4s
  BR/D: rank[2,2] gens=2 src=pari sat=1 tors=4 states=400000 hmax=172464.1 primes=150 surv=13 exact=10 badbase=0 hits7=[(9, False), (9, False), (9, False), (9, False), (9, False), (9, False), (9, False), (9, False), (9, False), (9, False)] exc=0 t_gens=0s t=4s
  BL/TR: rank[3,3] gens=3 src=pari sat=1 tors=8 states=800000 hmax=7058.6 primes=150 surv=9 exact=7 badbase=0 hits7=[(9, False), (9, False), (9, False), (9, False), (9, False), (9, False), (9, False)] exc=0 t_gens=0s t=5s
  BL/D: rank[2,2] gens=2 src=pari sat=1 tors=4 states=400000 hmax=172464.1 primes=150 surv=13 exact=11 badbase=0 hits7=[(9, False), (9, False), (9, False), (9, False), (9, False), (9, False), (9, False), (9, False), (9, False), (9, False), (9, False)] exc=0 t_gens=0s t=3s
  TR/D: rank[2,2] gens=2 src=pari sat=1 tors=4 states=400000 hmax=172426.9 primes=150 surv=13 exact=11 badbase=0 hits7=[(9, False), (9, False), (9, False), (9, False), (9, False), (9, False), (9, False), (9, False), (9, False), (9, False), (9, False)] exc=0 t_gens=0s t=3s
(1351,943) C0=1357225 □ K=50000
  TL/BR: rank[1,1] gens=1 src=pari sat=1 tors=8 states=800000 hmax=17743895015.7 primes=150 surv=9 exact=7 badbase=0 hits7=[(9, False), (9, False), (9, False), (9, False), (9, False), (9, False), (9, False)] exc=0 t_gens=0s t=4s
  TL/D: rank[2,2] gens=2 src=pari sat=1 tors=4 states=400000 hmax=169915.2 primes=150 surv=13 exact=11 badbase=0 hits7=[(9, False), (9, False), (9, False), (9, False), (9, False), (9, False), (9, False), (9, False), (9, False), (9, False), (9, False)] exc=0 t_gens=0s t=4s
  BR/D: rank[3,3] gens=3 src=pari sat=1 tors=4 states=400000 hmax=5575.6 primes=150 surv=13 exact=11 badbase=0 hits7=[(9, False), (9, False), (9, False), (9, False), (9, False), (9, False), (9, False), (9, False), (9, False), (9, False), (9, False)] exc=0 t_gens=0s t=6s
  BL/TR: rank[2,2] gens=2 src=pari sat=1 tors=8 states=800000 hmax=395904.7 primes=150 surv=9 exact=7 badbase=0 hits7=[(9, False), (9, False), (9, False), (9, False), (9, False), (9, False), (9, False)] exc=0 t_gens=0s t=7s
  BL/D: rank[3,3] gens=3 src=pari sat=1 tors=4 states=400000 hmax=5575.6 primes=150 surv=13 exact=11 badbase=0 hits7=[(9, False), (9, False), (9, False), (9, False), (9, False), (9, False), (9, False), (9, False), (9, False), (9, False), (9, False)] exc=0 t_gens=1s t=6s
  TR/D: rank[2,2] gens=2 src=pari sat=1 tors=4 states=400000 hmax=169915.2 primes=150 surv=13 exact=11 badbase=0 hits7=[(9, False), (9, False), (9, False), (9, False), (9, False), (9, False), (9, False), (9, False), (9, False), (9, False), (9, False)] exc=0 t_gens=0s t=6s
(1393,1) C0=970225 □ K=50000
  TL/BR: rank[1,1] gens=1 src=pari sat=1 tors=8 states=800000 hmax=17014841097.5 primes=150 surv=9 exact=7 badbase=0 hits7=[(9, False), (9, False), (9, False), (9, False), (9, False), (9, False), (9, False)] exc=0 t_gens=0s t=4s
  TL/D: rank[2,2] gens=2 src=pari sat=1 tors=4 states=400000 hmax=163931.6 primes=150 surv=13 exact=11 badbase=0 hits7=[(9, False), (9, False), (9, False), (9, False), (9, False), (9, False), (9, False), (9, False), (9, False), (9, False), (9, False)] exc=0 t_gens=0s t=4s
  BR/D: rank[2,2] gens=2 src=pari sat=1 tors=4 states=400000 hmax=166201.0 primes=150 surv=13 exact=11 badbase=0 hits7=[(9, False), (9, False), (9, False), (9, False), (9, False), (9, False), (9, False), (9, False), (9, False), (9, False), (9, False)] exc=0 t_gens=0s t=4s
  BL/TR: rank[1,1] gens=1 src=pari sat=1 tors=8 states=800000 hmax=16798387703.8 primes=150 surv=9 exact=7 badbase=0 hits7=[(9, False), (9, False), (9, False), (9, False), (9, False), (9, False), (9, False)] exc=0 t_gens=0s t=4s
  BL/D: rank[2,2] gens=2 src=pari sat=1 tors=4 states=400000 hmax=166201.0 primes=150 surv=13 exact=11 badbase=0 hits7=[(9, False), (9, False), (9, False), (9, False), (9, False), (9, False), (9, False), (9, False), (9, False), (9, False), (9, False)] exc=0 t_gens=0s t=3s
  TR/D: rank[2,2] gens=2 src=pari sat=1 tors=4 states=400000 hmax=163931.6 primes=150 surv=13 exact=11 badbase=0 hits7=[(9, False), (9, False), (9, False), (9, False), (9, False), (9, False), (9, False), (9, False), (9, False), (9, False), (9, False)] exc=0 t_gens=0s t=4s
(1367,1223) C0=1682209 □ K=50000
  TL/BR: rank[1,1] gens=1 src=pari sat=1 tors=8 states=800000 hmax=17952694100.5 primes=150 surv=9 exact=7 badbase=0 hits7=[(9, False), (9, False), (9, False), (9, False), (9, False), (9, False), (9, False)] exc=0 t_gens=0s t=5s
  TL/D: rank[4,4] gens=4 src=pari sat=1 tors=4 states=400000 hmax=1081.6 primes=150 surv=13 exact=11 badbase=0 hits7=[(9, False), (9, False), (9, False), (9, False), (9, False), (9, False), (9, False), (9, False), (9, False), (9, False), (9, False)] exc=0 t_gens=0s t=3s
  BR/D: rank[2,2] gens=2 src=pari sat=1 tors=4 states=400000 hmax=172377.0 primes=150 surv=13 exact=11 badbase=0 hits7=[(9, False), (9, False), (9, False), (9, False), (9, False), (9, False), (9, False), (9, False), (9, False), (9, False), (9, False)] exc=0 t_gens=0s t=3s
  BL/TR: rank[1,1] gens=1 src=pari sat=1 tors=8 states=800000 hmax=17883449964.4 primes=150 surv=9 exact=7 badbase=0 hits7=[(9, False), (9, False), (9, False), (9, False), (9, False), (9, False), (9, False)] exc=0 t_gens=0s t=4s
  BL/D: rank[2,2] gens=2 src=pari sat=1 tors=4 states=400000 hmax=172377.0 primes=150 surv=13 exact=11 badbase=0 hits7=[(9, False), (9, False), (9, False), (9, False), (9, False), (9, False), (9, False), (9, False), (9, False), (9, False), (9, False)] exc=0 t_gens=0s t=3s
  TR/D: rank[4,4] gens=4 src=pari sat=1 tors=4 states=400000 hmax=1081.6 primes=150 surv=13 exact=11 badbase=0 hits7=[(9, False), (9, False), (9, False), (9, False), (9, False), (9, False), (9, False), (9, False), (9, False), (9, False), (9, False)] exc=0 t_gens=0s t=4s
(1321,161) C0=885481 □ K=50000
  TL/BR: rank[2,2] gens=2 src=pari sat=1 tors=8 states=800000 hmax=302739.0 primes=150 surv=9 exact=7 badbase=0 hits7=[(9, False), (9, False), (9, False), (9, False), (9, False), (9, False), (9, False)] exc=0 t_gens=0s t=5s
  TL/D: rank[2,2] gens=2 src=pari sat=1 tors=4 states=400000 hmax=164300.1 primes=150 surv=13 exact=11 badbase=0 hits7=[(9, False), (9, False), (9, False), (9, False), (9, False), (9, False), (9, False), (9, False), (9, False), (9, False), (9, False)] exc=0 t_gens=0s t=4s
  BR/D: rank[1,3] gens=2 INCOMPLETE src=pari+mwrank sat=1 tors=4 states=400000 hmax=165170.0 primes=150 surv=13 exact=11 badbase=0 hits7=[(9, False), (9, False), (9, False), (9, False), (9, False), (9, False), (9, False), (9, False), (9, False), (9, False), (9, False)] exc=0 t_gens=28s t=31s
  BL/TR: rank[1,1] gens=1 src=pari sat=1 tors=8 states=800000 hmax=16700717319.1 primes=150 surv=9 exact=7 badbase=0 hits7=[(9, False), (9, False), (9, False), (9, False), (9, False), (9, False), (9, False)] exc=0 t_gens=0s t=4s
  BL/D: rank[1,3] gens=2 INCOMPLETE src=pari+mwrank sat=1 tors=4 states=400000 hmax=165170.0 primes=150 surv=13 exact=11 badbase=0 hits7=[(9, False), (9, False), (9, False), (9, False), (9, False), (9, False), (9, False), (9, False), (9, False), (9, False), (9, False)] exc=0 t_gens=26s t=32s
  TR/D: rank[2,2] gens=2 src=pari sat=1 tors=4 states=400000 hmax=164300.1 primes=150 surv=13 exact=11 badbase=0 hits7=[(9, False), (9, False), (9, False), (9, False), (9, False), (9, False), (9, False), (9, False), (9, False), (9, False), (9, False)] exc=0 t_gens=0s t=5s
(1033,623) C0=727609 □ K=50000
  TL/BR: rank[1,1] gens=1 src=pari sat=1 tors=8 states=800000 hmax=16988872201.2 primes=150 surv=9 exact=7 badbase=0 hits7=[(9, False), (9, False), (9, False), (9, False), (9, False), (9, False), (9, False)] exc=0 t_gens=0s t=4s
  TL/D: rank[2,2] gens=2 src=pari+mwrank sat=2 tors=4 states=400000 hmax=162836.2 primes=150 surv=13 exact=11 badbase=0 hits7=[(9, False), (9, False), (9, False), (9, False), (9, False), (9, False), (9, False), (9, False), (9, False), (9, False), (9, False)] exc=0 t_gens=99s t=104s
  BR/D: rank[2,2] gens=2 src=pari+mwrank sat=1 tors=4 states=400000 hmax=162969.6 primes=150 surv=13 exact=11 badbase=0 hits7=[(9, False), (9, False), (9, False), (9, False), (9, False), (9, False), (9, False), (9, False), (9, False), (9, False), (9, False)] exc=0 t_gens=1s t=6s
  BL/TR: rank[1,1] gens=1 src=pari sat=1 tors=8 states=800000 hmax=16700976540.7 primes=150 surv=9 exact=7 badbase=0 hits7=[(9, False), (9, False), (9, False), (9, False), (9, False), (9, False), (9, False)] exc=0 t_gens=0s t=5s
  BL/D: rank[2,2] gens=2 src=pari+mwrank sat=1 tors=4 states=400000 hmax=162969.6 primes=150 surv=13 exact=11 badbase=0 hits7=[(9, False), (9, False), (9, False), (9, False), (9, False), (9, False), (9, False), (9, False), (9, False), (9, False), (9, False)] exc=0 t_gens=0s t=4s
  TR/D: rank[2,2] gens=2 src=pari+mwrank sat=2 tors=4 states=400000 hmax=162836.2 primes=150 surv=13 exact=11 badbase=0 hits7=[(9, False), (9, False), (9, False), (9, False), (9, False), (9, False), (9, False), (9, False), (9, False), (9, False), (9, False)] exc=0 t_gens=97s t=100s
(1399,281) C0=1018081 □ K=50000
  TL/BR: rank[1,1] gens=1 src=pari sat=1 tors=8 states=800000 hmax=17397703695.7 primes=150 surv=9 exact=7 badbase=0 hits7=[(9, False), (9, False), (9, False), (9, False), (9, False), (9, False), (9, False)] exc=0 t_gens=0s t=4s
  TL/D: rank[2,2] gens=2 src=pari sat=1 tors=4 states=400000 hmax=166155.0 primes=150 surv=13 exact=11 badbase=0 hits7=[(9, False), (9, False), (9, False), (9, False), (9, False), (9, False), (9, False), (9, False), (9, False), (9, False), (9, False)] exc=0 t_gens=0s t=4s
  BR/D: rank[2,2] gens=2 src=pari sat=1 tors=4 states=400000 hmax=166755.5 primes=150 surv=13 exact=11 badbase=0 hits7=[(9, False), (9, False), (9, False), (9, False), (9, False), (9, False), (9, False), (9, False), (9, False), (9, False), (9, False)] exc=0 t_gens=0s t=4s
  BL/TR: rank[1,1] gens=1 src=pari sat=1 tors=8 states=800000 hmax=16901873281.8 primes=150 surv=9 exact=7 badbase=0 hits7=[(9, False), (9, False), (9, False), (9, False), (9, False), (9, False), (9, False)] exc=0 t_gens=0s t=4s
  BL/D: rank[2,2] gens=2 src=pari sat=1 tors=4 states=400000 hmax=166755.5 primes=150 surv=13 exact=11 badbase=0 hits7=[(9, False), (9, False), (9, False), (9, False), (9, False), (9, False), (9, False), (9, False), (9, False), (9, False), (9, False)] exc=0 t_gens=0s t=4s
  TR/D: rank[2,2] gens=2 src=pari sat=1 tors=4 states=400000 hmax=166155.0 primes=150 surv=13 exact=11 badbase=0 hits7=[(9, False), (9, False), (9, False), (9, False), (9, False), (9, False), (9, False), (9, False), (9, False), (9, False), (9, False)] exc=0 t_gens=0s t=5s
(1393,401) C0=1050625 □ K=50000
  TL/BR: rank[3,3] gens=3 src=pari sat=1 tors=8 states=800000 hmax=4767.1 primes=150 surv=9 exact=7 badbase=0 hits7=[(9, False), (9, False), (9, False), (9, False), (9, False), (9, False), (9, False)] exc=0 t_gens=0s t=8s
  TL/D: rank[3,3] gens=3 src=pari sat=1 tors=4 states=400000 hmax=5554.7 primes=150 surv=13 exact=11 badbase=0 hits7=[(9, False), (9, False), (9, False), (9, False), (9, False), (9, False), (9, False), (9, False), (9, False), (9, False), (9, False)] exc=0 t_gens=0s t=6s
  BR/D: rank[4,4] gens=4 src=pari sat=3 tors=4 states=400000 hmax=660.1 primes=150 surv=13 exact=11 badbase=0 hits7=[(9, False), (9, False), (9, False), (9, False), (9, False), (9, False), (9, False), (9, False), (9, False), (9, False), (9, False)] exc=0 t_gens=1s t=7s
  BL/TR: rank[2,2] gens=2 src=pari sat=1 tors=8 states=800000 hmax=166425.2 primes=150 surv=9 exact=7 badbase=0 hits7=[(9, False), (9, False), (9, False), (9, False), (9, False), (9, False), (9, False)] exc=0 t_gens=0s t=5s
  BL/D: rank[4,4] gens=4 src=pari sat=3 tors=4 states=400000 hmax=660.1 primes=150 surv=13 exact=11 badbase=0 hits7=[(9, False), (9, False), (9, False), (9, False), (9, False), (9, False), (9, False), (9, False), (9, False), (9, False), (9, False)] exc=0 t_gens=1s t=4s
  TR/D: rank[3,3] gens=3 src=pari sat=1 tors=4 states=400000 hmax=5554.7 primes=150 surv=13 exact=11 badbase=0 hits7=[(9, False), (9, False), (9, False), (9, False), (9, False), (9, False), (9, False), (9, False), (9, False), (9, False), (9, False)] exc=0 t_gens=0s t=6s
(1423,527) C0=1151329 □ K=50000
  TL/BR: rank[2,2] gens=2 src=pari sat=1 tors=8 states=800000 hmax=296636.8 primes=150 surv=9 exact=7 badbase=0 hits7=[(9, False), (9, False), (9, False), (9, False), (9, False), (9, False), (9, False)] exc=0 t_gens=0s t=5s
  TL/D: rank[2,2] gens=2 src=pari sat=1 tors=4 states=400000 hmax=167833.1 primes=150 surv=13 exact=11 badbase=0 hits7=[(9, False), (9, False), (9, False), (9, False), (9, False), (9, False), (9, False), (9, False), (9, False), (9, False), (9, False)] exc=0 t_gens=0s t=3s
  BR/D: rank[2,2] gens=2 src=pari sat=1 tors=4 states=400000 hmax=168131.3 primes=150 surv=13 exact=11 badbase=0 hits7=[(9, False), (9, False), (9, False), (9, False), (9, False), (9, False), (9, False), (9, False), (9, False), (9, False), (9, False)] exc=0 t_gens=0s t=3s
  BL/TR: rank[2,2] gens=2 src=pari sat=1 tors=8 states=800000 hmax=226315.3 primes=150 surv=9 exact=7 badbase=0 hits7=[(9, False), (9, False), (9, False), (9, False), (9, False), (9, False), (9, False)] exc=0 t_gens=0s t=5s
  BL/D: rank[2,2] gens=2 src=pari sat=1 tors=4 states=400000 hmax=168131.3 primes=150 surv=13 exact=11 badbase=0 hits7=[(9, False), (9, False), (9, False), (9, False), (9, False), (9, False), (9, False), (9, False), (9, False), (9, False), (9, False)] exc=0 t_gens=0s t=3s
  TR/D: rank[2,2] gens=2 src=pari sat=1 tors=4 states=400000 hmax=167833.1 primes=150 surv=13 exact=11 badbase=0 hits7=[(9, False), (9, False), (9, False), (9, False), (9, False), (9, False), (9, False), (9, False), (9, False), (9, False), (9, False)] exc=0 t_gens=0s t=4s
(1409,751) C0=1274641 □ K=50000
  TL/BR: rank[2,2] gens=2 src=pari+mwrank sat=1 tors=8 states=800000 hmax=729241.0 primes=150 surv=9 exact=7 badbase=0 hits7=[(9, False), (9, False), (9, False), (9, False), (9, False), (9, False), (9, False)] exc=0 t_gens=2s t=7s
  TL/D: rank[2,2] gens=2 src=pari sat=1 tors=4 states=400000 hmax=169085.1 primes=150 surv=13 exact=11 badbase=0 hits7=[(9, False), (9, False), (9, False), (9, False), (9, False), (9, False), (9, False), (9, False), (9, False), (9, False), (9, False)] exc=0 t_gens=0s t=4s
  BR/D: rank[3,3] gens=3 src=pari sat=1 tors=4 states=400000 hmax=7001.0 primes=150 surv=13 exact=11 badbase=0 hits7=[(9, False), (9, False), (9, False), (9, False), (9, False), (9, False), (9, False), (9, False), (9, False), (9, False), (9, False)] exc=0 t_gens=0s t=4s
  BL/TR: rank[1,1] gens=1 src=pari sat=1 tors=8 states=800000 hmax=17362513576.0 primes=150 surv=9 exact=7 badbase=0 hits7=[(9, False), (9, False), (9, False), (9, False), (9, False), (9, False), (9, False)] exc=0 t_gens=0s t=4s
  BL/D: rank[3,3] gens=3 src=pari sat=1 tors=4 states=400000 hmax=7001.0 primes=150 surv=13 exact=11 badbase=0 hits7=[(9, False), (9, False), (9, False), (9, False), (9, False), (9, False), (9, False), (9, False), (9, False), (9, False), (9, False)] exc=0 t_gens=0s t=4s
  TR/D: rank[2,2] gens=2 src=pari sat=1 tors=4 states=400000 hmax=169085.1 primes=150 surv=13 exact=11 badbase=0 hits7=[(9, False), (9, False), (9, False), (9, False), (9, False), (9, False), (9, False), (9, False), (9, False), (9, False), (9, False)] exc=0 t_gens=0s t=5s
(1433,943) C0=1471369 □ K=50000
  TL/BR: rank[1,1] gens=1 src=pari sat=1 tors=8 states=800000 hmax=17855610042.7 primes=150 surv=9 exact=7 badbase=0 hits7=[(9, False), (9, False), (9, False), (9, False), (9, False), (9, False), (9, False)] exc=0 t_gens=0s t=4s
  TL/D: rank[2,2] gens=2 src=pari sat=1 tors=4 states=400000 hmax=170783.9 primes=150 surv=13 exact=11 badbase=0 hits7=[(9, False), (9, False), (9, False), (9, False), (9, False), (9, False), (9, False), (9, False), (9, False), (9, False), (9, False)] exc=0 t_gens=0s t=5s
  BR/D: rank[2,2] gens=2 src=pari sat=1 tors=4 states=400000 hmax=170908.3 primes=150 surv=13 exact=11 badbase=0 hits7=[(9, False), (9, False), (9, False), (9, False), (9, False), (9, False), (9, False), (9, False), (9, False), (9, False), (9, False)] exc=0 t_gens=0s t=5s
  BL/TR: rank[1,1] gens=1 src=pari sat=1 tors=8 states=800000 hmax=17610451418.6 primes=150 surv=9 exact=7 badbase=0 hits7=[(9, False), (9, False), (9, False), (9, False), (9, False), (9, False), (9, False)] exc=0 t_gens=0s t=6s
  BL/D: rank[2,2] gens=2 src=pari sat=1 tors=4 states=400000 hmax=170908.3 primes=150 surv=13 exact=11 badbase=0 hits7=[(9, False), (9, False), (9, False), (9, False), (9, False), (9, False), (9, False), (9, False), (9, False), (9, False), (9, False)] exc=0 t_gens=0s t=4s
  TR/D: rank[2,2] gens=2 src=pari sat=1 tors=4 states=400000 hmax=170783.9 primes=150 surv=13 exact=11 badbase=0 hits7=[(9, False), (9, False), (9, False), (9, False), (9, False), (9, False), (9, False), (9, False), (9, False), (9, False), (9, False)] exc=0 t_gens=0s t=5s
(1457,167) C0=1075369 □ K=50000
  TL/BR: rank[3,3] gens=3 src=pari sat=1 tors=8 states=800000 hmax=7701.9 primes=150 surv=9 exact=7 badbase=0 hits7=[(9, False), (9, False), (9, False), (9, False), (9, False), (9, False), (9, False)] exc=0 t_gens=1s t=8s
  TL/D: rank[2,2] gens=2 src=pari sat=1 tors=4 states=400000 hmax=166445.9 primes=150 surv=13 exact=11 badbase=0 hits7=[(9, False), (9, False), (9, False), (9, False), (9, False), (9, False), (9, False), (9, False), (9, False), (9, False), (9, False)] exc=0 t_gens=0s t=4s
  BR/D: rank[4,4] gens=4 src=pari sat=1 tors=4 states=400000 hmax=753.0 primes=150 surv=13 exact=11 badbase=0 hits7=[(9, False), (9, False), (9, False), (9, False), (9, False), (9, False), (9, False), (9, False), (9, False), (9, False), (9, False)] exc=0 t_gens=0s t=4s
  BL/TR: rank[1,1] gens=1 src=pari sat=1 tors=8 states=800000 hmax=16941701178.8 primes=150 surv=9 exact=7 badbase=0 hits7=[(9, False), (9, False), (9, False), (9, False), (9, False), (9, False), (9, False)] exc=0 t_gens=0s t=4s
  BL/D: rank[4,4] gens=4 src=pari sat=1 tors=4 states=400000 hmax=753.0 primes=150 surv=13 exact=11 badbase=0 hits7=[(9, False), (9, False), (9, False), (9, False), (9, False), (9, False), (9, False), (9, False), (9, False), (9, False), (9, False)] exc=0 t_gens=1s t=6s
  TR/D: rank[2,2] gens=2 src=pari sat=1 tors=4 states=400000 hmax=166445.9 primes=150 surv=13 exact=11 badbase=0 hits7=[(9, False), (9, False), (9, False), (9, False), (9, False), (9, False), (9, False), (9, False), (9, False), (9, False), (9, False)] exc=0 t_gens=0s t=6s
(1471,791) C0=1394761 □ K=50000
  TL/BR: rank[1,1] gens=1 src=pari sat=1 tors=8 states=800000 hmax=17815640602.3 primes=150 surv=9 exact=7 badbase=0 hits7=[(9, False), (9, False), (9, False), (9, False), (9, False), (9, False), (9, False)] exc=0 t_gens=0s t=4s
  TL/D: rank[2,2] gens=2 src=pari+mwrank sat=2 tors=4 states=400000 hmax=170102.1 primes=150 surv=13 exact=11 badbase=0 hits7=[(9, False), (9, False), (9, False), (9, False), (9, False), (9, False), (9, False), (9, False), (9, False), (9, False), (9, False)] exc=0 t_gens=2s t=6s
  BR/D: rank[2,2] gens=2 src=pari sat=1 tors=4 states=400000 hmax=170300.5 primes=150 surv=13 exact=11 badbase=0 hits7=[(9, False), (9, False), (9, False), (9, False), (9, False), (9, False), (9, False), (9, False), (9, False), (9, False), (9, False)] exc=0 t_gens=0s t=3s
  BL/TR: rank[3,3] gens=3 src=pari sat=1 tors=8 states=800000 hmax=16811.7 primes=150 surv=9 exact=7 badbase=0 hits7=[(9, False), (9, False), (9, False), (9, False), (9, False), (9, False), (9, False)] exc=0 t_gens=0s t=5s
  BL/D: rank[2,2] gens=2 src=pari sat=1 tors=4 states=400000 hmax=170300.5 primes=150 surv=13 exact=11 badbase=0 hits7=[(9, False), (9, False), (9, False), (9, False), (9, False), (9, False), (9, False), (9, False), (9, False), (9, False), (9, False)] exc=0 t_gens=0s t=3s
  TR/D: rank[2,2] gens=2 src=pari+mwrank sat=2 tors=4 states=400000 hmax=170102.1 primes=150 surv=13 exact=11 badbase=0 hits7=[(9, False), (9, False), (9, False), (9, False), (9, False), (9, False), (9, False), (9, False), (9, False), (9, False), (9, False)] exc=0 t_gens=1s t=4s
(1457,1351) C0=1974025 □ K=50000
  TL/BR: rank[1,1] gens=1 src=pari sat=1 tors=8 states=800000 hmax=18142364827.1 primes=150 surv=9 exact=7 badbase=0 hits7=[(9, False), (9, False), (9, False), (9, False), (9, False), (9, False), (9, False)] exc=0 t_gens=0s t=5s
  TL/D: rank[2,2] gens=2 src=pari sat=1 tors=4 states=400000 hmax=174171.3 primes=150 surv=13 exact=10 badbase=0 hits7=[(9, False), (9, False), (9, False), (9, False), (9, False), (9, False), (9, False), (9, False), (9, False), (9, False)] exc=0 t_gens=0s t=6s
  BR/D: rank[3,3] gens=3 src=pari sat=3 tors=4 states=400000 hmax=3784.1 primes=150 surv=13 exact=10 badbase=0 hits7=[(9, False), (9, False), (9, False), (9, False), (9, False), (9, False), (9, False), (9, False), (9, False), (9, False)] exc=0 t_gens=1s t=4s
  BL/TR: rank[2,2] gens=2 src=pari sat=1 tors=8 states=800000 hmax=266613.2 primes=150 surv=9 exact=7 badbase=0 hits7=[(9, False), (9, False), (9, False), (9, False), (9, False), (9, False), (9, False)] exc=0 t_gens=0s t=5s
  BL/D: rank[3,3] gens=3 src=pari sat=3 tors=4 states=400000 hmax=3784.1 primes=150 surv=13 exact=11 badbase=0 hits7=[(9, False), (9, False), (9, False), (9, False), (9, False), (9, False), (9, False), (9, False), (9, False), (9, False), (9, False)] exc=0 t_gens=1s t=4s
  TR/D: rank[2,2] gens=2 src=pari sat=1 tors=4 states=400000 hmax=174171.3 primes=150 surv=13 exact=11 badbase=0 hits7=[(9, False), (9, False), (9, False), (9, False), (9, False), (9, False), (9, False), (9, False), (9, False), (9, False), (9, False)] exc=0 t_gens=0s t=6s
(1487,641) C0=1311025 □ K=50000
  TL/BR: rank[2,2] gens=2 src=pari+mwrank sat=1 tors=8 states=800000 hmax=190429.6 primes=150 surv=9 exact=7 badbase=0 hits7=[(9, False), (9, False), (9, False), (9, False), (9, False), (9, False), (9, False)] exc=0 t_gens=2s t=6s
  TL/D: rank[3,3] gens=3 src=pari sat=1 tors=4 states=400000 hmax=7155.4 primes=150 surv=13 exact=11 badbase=0 hits7=[(9, False), (9, False), (9, False), (9, False), (9, False), (9, False), (9, False), (9, False), (9, False), (9, False), (9, False)] exc=0 t_gens=0s t=4s
  BR/D: rank[3,3] gens=3 src=pari+mwrank sat=1 tors=4 states=400000 hmax=6011.9 primes=150 surv=13 exact=11 badbase=0 hits7=[(9, False), (9, False), (9, False), (9, False), (9, False), (9, False), (9, False), (9, False), (9, False), (9, False), (9, False)] exc=0 t_gens=1s t=4s
  BL/TR: rank[2,2] gens=2 src=pari sat=1 tors=8 states=800000 hmax=493755.6 primes=150 surv=9 exact=7 badbase=0 hits7=[(9, False), (9, False), (9, False), (9, False), (9, False), (9, False), (9, False)] exc=0 t_gens=0s t=5s
  BL/D: rank[3,3] gens=3 src=pari+mwrank sat=1 tors=4 states=400000 hmax=6011.9 primes=150 surv=13 exact=11 badbase=0 hits7=[(9, False), (9, False), (9, False), (9, False), (9, False), (9, False), (9, False), (9, False), (9, False), (9, False), (9, False)] exc=0 t_gens=1s t=4s
  TR/D: rank[3,3] gens=3 src=pari sat=1 tors=4 states=400000 hmax=7155.4 primes=150 surv=13 exact=11 badbase=0 hits7=[(9, False), (9, False), (9, False), (9, False), (9, False), (9, False), (9, False), (9, False), (9, False), (9, False), (9, False)] exc=0 t_gens=0s t=4s
(1481,241) C0=1125721 □ K=50000
  TL/BR: rank[1,1] gens=1 src=pari sat=1 tors=8 states=800000 hmax=17503095383.1 primes=150 surv=9 exact=7 badbase=0 hits7=[(9, False), (9, False), (9, False), (9, False), (9, False), (9, False), (9, False)] exc=0 t_gens=0s t=6s
  TL/D: rank[2,2] gens=2 src=pari+mwrank sat=1 tors=4 states=400000 hmax=167199.6 primes=150 surv=13 exact=11 badbase=0 hits7=[(9, False), (9, False), (9, False), (9, False), (9, False), (9, False), (9, False), (9, False), (9, False), (9, False), (9, False)] exc=0 t_gens=3s t=6s
  BR/D: rank[3,3] gens=3 src=pari sat=1 tors=4 states=400000 hmax=6943.5 primes=150 surv=13 exact=11 badbase=0 hits7=[(9, False), (9, False), (9, False), (9, False), (9, False), (9, False), (9, False), (9, False), (9, False), (9, False), (9, False)] exc=0 t_gens=0s t=4s
  BL/TR: rank[2,2] gens=1 INCOMPLETE src=pari+mwrank sat=1 tors=8 states=800000 hmax=17013226213.8 primes=150 surv=9 exact=7 badbase=0 hits7=[(9, False), (9, False), (9, False), (9, False), (9, False), (9, False), (9, False)] exc=0 t_gens=7s t=11s
  BL/D: rank[3,3] gens=3 src=pari sat=1 tors=4 states=400000 hmax=6943.5 primes=150 surv=13 exact=11 badbase=0 hits7=[(9, False), (9, False), (9, False), (9, False), (9, False), (9, False), (9, False), (9, False), (9, False), (9, False), (9, False)] exc=0 t_gens=0s t=4s
  TR/D: rank[2,2] gens=2 src=pari+mwrank sat=1 tors=4 states=400000 hmax=167199.6 primes=150 surv=13 exact=11 badbase=0 hits7=[(9, False), (9, False), (9, False), (9, False), (9, False), (9, False), (9, False), (9, False), (9, False), (9, False), (9, False)] exc=0 t_gens=1s t=4s
(1513,343) C0=1203409 □ K=50000
  TL/BR: rank[1,1] gens=1 src=pari sat=1 tors=8 states=800000 hmax=17617478318.9 primes=150 surv=9 exact=7 badbase=0 hits7=[(9, False), (9, False), (9, False), (9, False), (9, False), (9, False), (9, False)] exc=0 t_gens=0s t=4s
  TL/D: rank[4,4] gens=4 src=pari sat=5 tors=4 states=400000 hmax=736.4 primes=150 surv=13 exact=11 badbase=0 hits7=[(9, False), (9, False), (9, False), (9, False), (9, False), (9, False), (9, False), (9, False), (9, False), (9, False), (9, False)] exc=0 t_gens=1s t=4s
  BR/D: rank[3,3] gens=3 src=pari sat=1 tors=4 states=400000 hmax=5949.2 primes=150 surv=13 exact=11 badbase=0 hits7=[(9, False), (9, False), (9, False), (9, False), (9, False), (9, False), (9, False), (9, False), (9, False), (9, False), (9, False)] exc=0 t_gens=1s t=4s
  BL/TR: rank[2,2] gens=2 src=pari sat=1 tors=8 states=800000 hmax=517724.3 primes=150 surv=9 exact=7 badbase=0 hits7=[(9, False), (9, False), (9, False), (9, False), (9, False), (9, False), (9, False)] exc=0 t_gens=0s t=5s
  BL/D: rank[3,3] gens=3 src=pari sat=1 tors=4 states=400000 hmax=5949.2 primes=150 surv=13 exact=11 badbase=0 hits7=[(9, False), (9, False), (9, False), (9, False), (9, False), (9, False), (9, False), (9, False), (9, False), (9, False), (9, False)] exc=0 t_gens=0s t=4s
  TR/D: rank[4,4] gens=4 src=pari sat=1 tors=4 states=400000 hmax=736.4 primes=150 surv=13 exact=11 badbase=0 hits7=[(9, False), (9, False), (9, False), (9, False), (9, False), (9, False), (9, False), (9, False), (9, False), (9, False), (9, False)] exc=0 t_gens=1s t=5s
(1447,457) C0=1151329 □ K=50000
  TL/BR: rank[2,2] gens=2 src=pari sat=1 tors=8 states=800000 hmax=249082.8 primes=150 surv=9 exact=7 badbase=0 hits7=[(9, False), (9, False), (9, False), (9, False), (9, False), (9, False), (9, False)] exc=0 t_gens=0s t=5s
  TL/D: rank[2,2] gens=2 src=pari+mwrank sat=1 tors=4 states=400000 hmax=167788.8 primes=150 surv=13 exact=11 badbase=0 hits7=[(9, False), (9, False), (9, False), (9, False), (9, False), (9, False), (9, False), (9, False), (9, False), (9, False), (9, False)] exc=0 t_gens=3s t=7s
  BR/D: rank[3,3] gens=3 src=pari sat=1 tors=4 states=400000 hmax=5146.0 primes=150 surv=13 exact=11 badbase=0 hits7=[(9, False), (9, False), (9, False), (9, False), (9, False), (9, False), (9, False), (9, False), (9, False), (9, False), (9, False)] exc=0 t_gens=0s t=4s
  BL/TR: rank[1,3] gens=1 INCOMPLETE src=pari+mwrank sat=1 tors=8 states=800000 hmax=17110618798.0 primes=150 surv=9 exact=7 badbase=0 hits7=[(9, False), (9, False), (9, False), (9, False), (9, False), (9, False), (9, False)] exc=0 t_gens=45s t=48s
  BL/D: rank[3,3] gens=3 src=pari sat=1 tors=4 states=400000 hmax=5146.0 primes=150 surv=13 exact=11 badbase=0 hits7=[(9, False), (9, False), (9, False), (9, False), (9, False), (9, False), (9, False), (9, False), (9, False), (9, False), (9, False)] exc=0 t_gens=0s t=4s
  TR/D: rank[2,2] gens=2 src=pari+mwrank sat=1 tors=4 states=400000 hmax=167788.8 primes=150 surv=13 exact=11 badbase=0 hits7=[(9, False), (9, False), (9, False), (9, False), (9, False), (9, False), (9, False), (9, False), (9, False), (9, False), (9, False)] exc=0 t_gens=1s t=4s
(1519,367) C0=1221025 □ K=50000
  TL/BR: rank[3,3] gens=3 src=pari sat=1 tors=8 states=800000 hmax=4449.9 primes=150 surv=9 exact=7 badbase=0 hits7=[(9, False), (9, False), (9, False), (9, False), (9, False), (9, False), (9, False)] exc=0 t_gens=0s t=5s
  TL/D: rank[2,2] gens=2 src=pari sat=1 tors=4 states=400000 hmax=168254.6 primes=150 surv=13 exact=11 badbase=0 hits7=[(9, False), (9, False), (9, False), (9, False), (9, False), (9, False), (9, False), (9, False), (9, False), (9, False), (9, False)] exc=0 t_gens=0s t=4s
  BR/D: rank[3,3] gens=3 src=pari sat=1 tors=4 states=400000 hmax=3264.2 primes=150 surv=13 exact=11 badbase=0 hits7=[(9, False), (9, False), (9, False), (9, False), (9, False), (9, False), (9, False), (9, False), (9, False), (9, False), (9, False)] exc=0 t_gens=0s t=4s
  BL/TR: rank[2,2] gens=2 src=pari sat=1 tors=8 states=800000 hmax=129386.2 primes=150 surv=9 exact=7 badbase=0 hits7=[(9, False), (9, False), (9, False), (9, False), (9, False), (9, False), (9, False)] exc=0 t_gens=0s t=5s
  BL/D: rank[3,3] gens=3 src=pari sat=1 tors=4 states=400000 hmax=3264.2 primes=150 surv=13 exact=11 badbase=0 hits7=[(9, False), (9, False), (9, False), (9, False), (9, False), (9, False), (9, False), (9, False), (9, False), (9, False), (9, False)] exc=0 t_gens=0s t=4s
  TR/D: rank[2,2] gens=2 src=pari sat=1 tors=4 states=400000 hmax=168254.6 primes=150 surv=13 exact=11 badbase=0 hits7=[(9, False), (9, False), (9, False), (9, False), (9, False), (9, False), (9, False), (9, False), (9, False), (9, False), (9, False)] exc=0 t_gens=0s t=4s
(1361,1081) C0=1510441 □ K=50000
  TL/BR: rank[2,2] gens=2 src=pari sat=1 tors=8 states=800000 hmax=573084.1 primes=150 surv=9 exact=7 badbase=0 hits7=[(9, False), (9, False), (9, False), (9, False), (9, False), (9, False), (9, False)] exc=0 t_gens=0s t=5s
  TL/D: rank[4,4] gens=4 src=pari sat=1 tors=4 states=400000 hmax=861.3 primes=150 surv=13 exact=11 badbase=0 hits7=[(9, False), (9, False), (9, False), (9, False), (9, False), (9, False), (9, False), (9, False), (9, False), (9, False), (9, False)] exc=0 t_gens=1s t=5s
  BR/D: rank[1,3] gens=2 INCOMPLETE src=pari+mwrank sat=2 tors=4 states=400000 hmax=171151.0 primes=150 surv=13 exact=11 badbase=0 hits7=[(9, False), (9, False), (9, False), (9, False), (9, False), (9, False), (9, False), (9, False), (9, False), (9, False), (9, False)] exc=0 t_gens=30s t=33s
  BL/TR: rank[1,3] gens=1 INCOMPLETE src=pari+mwrank sat=1 tors=8 states=800000 hmax=17708233575.3 primes=150 surv=9 exact=7 badbase=0 hits7=[(9, False), (9, False), (9, False), (9, False), (9, False), (9, False), (9, False)] exc=0 t_gens=43s t=49s
  BL/D: rank[1,3] gens=2 INCOMPLETE src=pari+mwrank sat=2 tors=4 states=400000 hmax=171151.0 primes=150 surv=13 exact=11 badbase=0 hits7=[(9, False), (9, False), (9, False), (9, False), (9, False), (9, False), (9, False), (9, False), (9, False), (9, False), (9, False)] exc=0 t_gens=29s t=33s
  TR/D: rank[4,4] gens=4 src=pari sat=1 tors=4 states=400000 hmax=861.3 primes=150 surv=13 exact=11 badbase=0 hits7=[(9, False), (9, False), (9, False), (9, False), (9, False), (9, False), (9, False), (9, False), (9, False), (9, False), (9, False)] exc=0 t_gens=1s t=5s
(1519,1367) C0=2088025 □ K=50000
  TL/BR: rank[1,1] gens=1 src=pari sat=1 tors=8 states=800000 hmax=18221168594.0 primes=150 surv=9 exact=7 badbase=0 hits7=[(9, False), (9, False), (9, False), (9, False), (9, False), (9, False), (9, False)] exc=0 t_gens=0s t=4s
  TL/D: rank[3,3] gens=3 src=pari sat=1 tors=4 states=400000 hmax=7344.8 primes=150 surv=13 exact=11 badbase=0 hits7=[(9, False), (9, False), (9, False), (9, False), (9, False), (9, False), (9, False), (9, False), (9, False), (9, False), (9, False)] exc=0 t_gens=0s t=4s
  BR/D: rank[2,2] gens=2 src=pari sat=1 tors=4 states=400000 hmax=174818.4 primes=150 surv=13 exact=11 badbase=0 hits7=[(9, False), (9, False), (9, False), (9, False), (9, False), (9, False), (9, False), (9, False), (9, False), (9, False), (9, False)] exc=0 t_gens=0s t=5s
  BL/TR: rank[2,2] gens=2 src=pari sat=1 tors=8 states=800000 hmax=268328.4 primes=150 surv=9 exact=7 badbase=0 hits7=[(9, False), (9, False), (9, False), (9, False), (9, False), (9, False), (9, False)] exc=0 t_gens=0s t=5s
  BL/D: rank[2,2] gens=2 src=pari sat=1 tors=4 states=400000 hmax=174818.4 primes=150 surv=13 exact=11 badbase=0 hits7=[(9, False), (9, False), (9, False), (9, False), (9, False), (9, False), (9, False), (9, False), (9, False), (9, False), (9, False)] exc=0 t_gens=0s t=3s
  TR/D: rank[3,3] gens=3 src=pari sat=1 tors=4 states=400000 hmax=7344.8 primes=150 surv=13 exact=11 badbase=0 hits7=[(9, False), (9, False), (9, False), (9, False), (9, False), (9, False), (9, False), (9, False), (9, False), (9, False), (9, False)] exc=0 t_gens=1s t=6s
(1543,1033) C0=1723969 □ K=50000
  TL/BR: rank[1,1] gens=1 src=pari sat=1 tors=8 states=800000 hmax=18050648338.0 primes=150 surv=9 exact=7 badbase=0 hits7=[(9, False), (9, False), (9, False), (9, False), (9, False), (9, False), (9, False)] exc=0 t_gens=0s t=4s
  TL/D: rank[2,2] gens=2 src=pari sat=1 tors=4 states=400000 hmax=172574.9 primes=150 surv=13 exact=11 badbase=0 hits7=[(9, False), (9, False), (9, False), (9, False), (9, False), (9, False), (9, False), (9, False), (9, False), (9, False), (9, False)] exc=0 t_gens=0s t=4s
  BR/D: rank[2,2] gens=2 src=pari sat=1 tors=4 states=400000 hmax=172676.8 primes=150 surv=13 exact=11 badbase=0 hits7=[(9, False), (9, False), (9, False), (9, False), (9, False), (9, False), (9, False), (9, False), (9, False), (9, False), (9, False)] exc=0 t_gens=0s t=4s
  BL/TR: rank[1,1] gens=1 src=pari sat=1 tors=8 states=800000 hmax=17814368281.2 primes=150 surv=9 exact=7 badbase=0 hits7=[(9, False), (9, False), (9, False), (9, False), (9, False), (9, False), (9, False)] exc=0 t_gens=0s t=4s
  BL/D: rank[2,2] gens=2 src=pari sat=1 tors=4 states=400000 hmax=172676.8 primes=150 surv=13 exact=11 badbase=0 hits7=[(9, False), (9, False), (9, False), (9, False), (9, False), (9, False), (9, False), (9, False), (9, False), (9, False), (9, False)] exc=0 t_gens=0s t=4s
  TR/D: rank[2,2] gens=2 src=pari sat=1 tors=4 states=400000 hmax=172574.9 primes=150 surv=13 exact=11 badbase=0 hits7=[(9, False), (9, False), (9, False), (9, False), (9, False), (9, False), (9, False), (9, False), (9, False), (9, False), (9, False)] exc=0 t_gens=0s t=4s
(1553,497) C0=1329409 □ K=50000
  TL/BR: rank[1,1] gens=1 src=pari sat=1 tors=8 states=800000 hmax=17764977547.2 primes=150 surv=9 exact=7 badbase=0 hits7=[(9, False), (9, False), (9, False), (9, False), (9, False), (9, False), (9, False)] exc=0 t_gens=0s t=4s
  TL/D: rank[3,3] gens=3 src=pari sat=1 tors=4 states=400000 hmax=5453.2 primes=150 surv=13 exact=11 badbase=0 hits7=[(9, False), (9, False), (9, False), (9, False), (9, False), (9, False), (9, False), (9, False), (9, False), (9, False), (9, False)] exc=0 t_gens=0s t=6s
  BR/D: rank[3,3] gens=3 src=pari+mwrank sat=1 tors=4 states=400000 hmax=9143.4 primes=150 surv=13 exact=11 badbase=0 hits7=[(9, False), (9, False), (9, False), (9, False), (9, False), (9, False), (9, False), (9, False), (9, False), (9, False), (9, False)] exc=0 t_gens=3s t=8s
  BL/TR: rank[1,1] gens=1 src=pari sat=1 tors=8 states=800000 hmax=17292652201.3 primes=150 surv=9 exact=7 badbase=0 hits7=[(9, False), (9, False), (9, False), (9, False), (9, False), (9, False), (9, False)] exc=0 t_gens=0s t=6s
  BL/D: rank[3,3] gens=3 src=pari+mwrank sat=1 tors=4 states=400000 hmax=9143.4 primes=150 surv=13 exact=11 badbase=0 hits7=[(9, False), (9, False), (9, False), (9, False), (9, False), (9, False), (9, False), (9, False), (9, False), (9, False), (9, False)] exc=0 t_gens=1s t=4s
  TR/D: rank[3,3] gens=3 src=pari sat=1 tors=4 states=400000 hmax=5453.2 primes=150 surv=13 exact=11 badbase=0 hits7=[(9, False), (9, False), (9, False), (9, False), (9, False), (9, False), (9, False), (9, False), (9, False), (9, False), (9, False)] exc=0 t_gens=0s t=4s
(1511,49) C0=1142761 □ K=50000
  TL/BR: rank[1,1] gens=1 src=pari sat=1 tors=8 states=800000 hmax=17378047616.2 primes=150 surv=9 exact=7 badbase=0 hits7=[(9, False), (9, False), (9, False), (9, False), (9, False), (9, False), (9, False)] exc=0 t_gens=0s t=4s
  TL/D: rank[2,2] gens=2 src=pari sat=1 tors=4 states=400000 hmax=166566.0 primes=150 surv=13 exact=11 badbase=0 hits7=[(9, False), (9, False), (9, False), (9, False), (9, False), (9, False), (9, False), (9, False), (9, False), (9, False), (9, False)] exc=0 t_gens=0s t=5s
  BR/D: rank[1,3] gens=2 INCOMPLETE src=pari+mwrank sat=1 tors=4 states=400000 hmax=168079.2 primes=150 surv=13 exact=11 badbase=0 hits7=[(9, False), (9, False), (9, False), (9, False), (9, False), (9, False), (9, False), (9, False), (9, False), (9, False), (9, False)] exc=0 t_gens=23s t=27s
  BL/TR: rank[2,2] gens=2 src=pari+mwrank sat=1 tors=8 states=800000 hmax=824916.5 primes=150 surv=9 exact=7 badbase=0 hits7=[(9, False), (9, False), (9, False), (9, False), (9, False), (9, False), (9, False)] exc=0 t_gens=4s t=9s
  BL/D: rank[1,3] gens=2 INCOMPLETE src=pari+mwrank sat=1 tors=4 states=400000 hmax=168079.2 primes=150 surv=13 exact=11 badbase=0 hits7=[(9, False), (9, False), (9, False), (9, False), (9, False), (9, False), (9, False), (9, False), (9, False), (9, False), (9, False)] exc=0 t_gens=22s t=25s
  TR/D: rank[2,2] gens=2 src=pari sat=1 tors=4 states=400000 hmax=166566.0 primes=150 surv=13 exact=11 badbase=0 hits7=[(9, False), (9, False), (9, False), (9, False), (9, False), (9, False), (9, False), (9, False), (9, False), (9, False), (9, False)] exc=0 t_gens=0s t=3s
(1559,1241) C0=1985281 □ K=50000
  TL/BR: rank[2,2] gens=2 src=pari sat=1 tors=8 states=800000 hmax=262078.1 primes=150 surv=9 exact=7 badbase=0 hits7=[(9, False), (9, False), (9, False), (9, False), (9, False), (9, False), (9, False)] exc=0 t_gens=0s t=5s
  TL/D: rank[2,2] gens=2 src=pari sat=1 tors=4 states=400000 hmax=174195.7 primes=150 surv=13 exact=11 badbase=0 hits7=[(9, False), (9, False), (9, False), (9, False), (9, False), (9, False), (9, False), (9, False), (9, False), (9, False), (9, False)] exc=0 t_gens=0s t=3s
  BR/D: rank[2,2] gens=2 src=pari sat=1 tors=4 states=400000 hmax=174245.8 primes=150 surv=13 exact=11 badbase=0 hits7=[(9, False), (9, False), (9, False), (9, False), (9, False), (9, False), (9, False), (9, False), (9, False), (9, False), (9, False)] exc=0 t_gens=0s t=3s
  BL/TR: rank[2,2] gens=2 src=pari sat=1 tors=8 states=800000 hmax=527391.0 primes=150 surv=9 exact=7 badbase=0 hits7=[(9, False), (9, False), (9, False), (9, False), (9, False), (9, False), (9, False)] exc=0 t_gens=0s t=5s
  BL/D: rank[2,2] gens=2 src=pari sat=1 tors=4 states=400000 hmax=174245.8 primes=150 surv=13 exact=11 badbase=0 hits7=[(9, False), (9, False), (9, False), (9, False), (9, False), (9, False), (9, False), (9, False), (9, False), (9, False), (9, False)] exc=0 t_gens=0s t=4s
  TR/D: rank[2,2] gens=2 src=pari sat=1 tors=4 states=400000 hmax=174195.7 primes=150 surv=13 exact=11 badbase=0 hits7=[(9, False), (9, False), (9, False), (9, False), (9, False), (9, False), (9, False), (9, False), (9, False), (9, False), (9, False)] exc=0 t_gens=0s t=4s
(1561,73) C0=1221025 □ K=50000
  TL/BR: rank[2,2] gens=2 src=pari sat=1 tors=8 states=800000 hmax=248718.8 primes=150 surv=9 exact=7 badbase=0 hits7=[(9, False), (9, False), (9, False), (9, False), (9, False), (9, False), (9, False)] exc=0 t_gens=0s t=5s
  TL/D: rank[3,3] gens=3 src=pari sat=1 tors=4 states=400000 hmax=3761.0 primes=150 surv=13 exact=11 badbase=0 hits7=[(9, False), (9, False), (9, False), (9, False), (9, False), (9, False), (9, False), (9, False), (9, False), (9, False), (9, False)] exc=0 t_gens=0s t=4s
  BR/D: rank[2,2] gens=2 src=pari sat=1 tors=4 states=400000 hmax=168811.9 primes=150 surv=13 exact=11 badbase=0 hits7=[(9, False), (9, False), (9, False), (9, False), (9, False), (9, False), (9, False), (9, False), (9, False), (9, False), (9, False)] exc=0 t_gens=0s t=4s
  BL/TR: rank[1,1] gens=1 src=pari sat=1 tors=8 states=800000 hmax=17088274176.7 primes=150 surv=9 exact=7 badbase=0 hits7=[(9, False), (9, False), (9, False), (9, False), (9, False), (9, False), (9, False)] exc=0 t_gens=0s t=4s
  BL/D: rank[2,2] gens=2 src=pari sat=1 tors=4 states=400000 hmax=168811.9 primes=150 surv=13 exact=11 badbase=0 hits7=[(9, False), (9, False), (9, False), (9, False), (9, False), (9, False), (9, False), (9, False), (9, False), (9, False), (9, False)] exc=0 t_gens=0s t=4s
  TR/D: rank[3,3] gens=3 src=pari sat=1 tors=4 states=400000 hmax=3761.0 primes=150 surv=13 exact=11 badbase=0 hits7=[(9, False), (9, False), (9, False), (9, False), (9, False), (9, False), (9, False), (9, False), (9, False), (9, False), (9, False)] exc=0 t_gens=0s t=4s
(1513,1217) C0=1885129 □ K=50000
  TL/BR: rank[1,1] gens=1 src=pari sat=1 tors=8 states=800000 hmax=18123249257.9 primes=150 surv=9 exact=7 badbase=0 hits7=[(9, False), (9, False), (9, False), (9, False), (9, False), (9, False), (9, False)] exc=0 t_gens=0s t=4s
  TL/D: rank[1,3] gens=2 INCOMPLETE src=pari+mwrank sat=1 tors=4 states=400000 hmax=173609.4 primes=150 surv=13 exact=11 badbase=0 hits7=[(9, False), (9, False), (9, False), (9, False), (9, False), (9, False), (9, False), (9, False), (9, False), (9, False), (9, False)] exc=0 t_gens=28s t=34s
  BR/D: rank[2,2] gens=2 src=pari sat=1 tors=4 states=400000 hmax=173662.9 primes=150 surv=13 exact=11 badbase=0 hits7=[(9, False), (9, False), (9, False), (9, False), (9, False), (9, False), (9, False), (9, False), (9, False), (9, False), (9, False)] exc=0 t_gens=0s t=6s
  BL/TR: rank[2,2] gens=2 src=pari sat=1 tors=8 states=800000 hmax=411920.0 primes=150 surv=9 exact=7 badbase=0 hits7=[(9, False), (9, False), (9, False), (9, False), (9, False), (9, False), (9, False)] exc=0 t_gens=0s t=5s
  BL/D: rank[2,2] gens=2 src=pari sat=1 tors=4 states=400000 hmax=173662.9 primes=150 surv=13 exact=11 badbase=0 hits7=[(9, False), (9, False), (9, False), (9, False), (9, False), (9, False), (9, False), (9, False), (9, False), (9, False), (9, False)] exc=0 t_gens=0s t=4s
  TR/D: rank[1,3] gens=2 INCOMPLETE src=pari+mwrank sat=1 tors=4 states=400000 hmax=173609.4 primes=150 surv=13 exact=11 badbase=0 hits7=[(9, False), (9, False), (9, False), (9, False), (9, False), (9, False), (9, False), (9, False), (9, False), (9, False), (9, False)] exc=0 t_gens=23s t=26s
(1343,1049) C0=1452025 □ K=50000
  TL/BR: rank[1,1] gens=1 src=pari sat=1 tors=8 states=800000 hmax=17804050623.2 primes=150 surv=9 exact=7 badbase=0 hits7=[(9, False), (9, False), (9, False), (9, False), (9, False), (9, False), (9, False)] exc=0 t_gens=0s t=6s
  TL/D: rank[2,2] gens=2 src=pari+mwrank sat=2 tors=4 states=400000 hmax=170660.6 primes=150 surv=13 exact=11 badbase=0 hits7=[(9, False), (9, False), (9, False), (9, False), (9, False), (9, False), (9, False), (9, False), (9, False), (9, False), (9, False)] exc=0 t_gens=85s t=88s
  BR/D: rank[2,2] gens=2 src=pari sat=1 tors=4 states=400000 hmax=170724.8 primes=150 surv=13 exact=11 badbase=0 hits7=[(9, False), (9, False), (9, False), (9, False), (9, False), (9, False), (9, False), (9, False), (9, False), (9, False), (9, False)] exc=0 t_gens=0s t=3s
  BL/TR: rank[1,1] gens=1 src=pari sat=1 tors=8 states=800000 hmax=17653135191.8 primes=150 surv=9 exact=7 badbase=0 hits7=[(9, False), (9, False), (9, False), (9, False), (9, False), (9, False), (9, False)] exc=0 t_gens=0s t=4s
  BL/D: rank[2,2] gens=2 src=pari sat=1 tors=4 states=400000 hmax=170724.8 primes=150 surv=13 exact=11 badbase=0 hits7=[(9, False), (9, False), (9, False), (9, False), (9, False), (9, False), (9, False), (9, False), (9, False), (9, False), (9, False)] exc=0 t_gens=0s t=4s
  TR/D: rank[2,2] gens=2 src=pari+mwrank sat=2 tors=4 states=400000 hmax=170660.6 primes=150 surv=13 exact=11 badbase=0 hits7=[(9, False), (9, False), (9, False), (9, False), (9, False), (9, False), (9, False), (9, False), (9, False), (9, False), (9, False)] exc=0 t_gens=81s t=87s
(1583,631) C0=1452025 □ K=50000
  TL/BR: rank[1,1] gens=1 src=pari sat=1 tors=8 states=800000 hmax=17879970437.1 primes=150 surv=9 exact=7 badbase=0 hits7=[(9, False), (9, False), (9, False), (9, False), (9, False), (9, False), (9, False)] exc=0 t_gens=0s t=5s
  TL/D: rank[3,3] gens=3 src=pari sat=1 tors=4 states=400000 hmax=5491.1 primes=150 surv=13 exact=11 badbase=0 hits7=[(9, False), (9, False), (9, False), (9, False), (9, False), (9, False), (9, False), (9, False), (9, False), (9, False), (9, False)] exc=0 t_gens=0s t=4s
  BR/D: rank[3,3] gens=3 src=pari sat=1 tors=4 states=400000 hmax=5994.8 primes=150 surv=13 exact=11 badbase=0 hits7=[(9, False), (9, False), (9, False), (9, False), (9, False), (9, False), (9, False), (9, False), (9, False), (9, False), (9, False)] exc=0 t_gens=1s t=6s
  BL/TR: rank[1,1] gens=1 src=pari sat=1 tors=8 states=800000 hmax=17447134952.2 primes=150 surv=9 exact=7 badbase=0 hits7=[(9, False), (9, False), (9, False), (9, False), (9, False), (9, False), (9, False)] exc=0 t_gens=0s t=6s
  BL/D: rank[3,3] gens=3 src=pari sat=1 tors=4 states=400000 hmax=5994.8 primes=150 surv=13 exact=11 badbase=0 hits7=[(9, False), (9, False), (9, False), (9, False), (9, False), (9, False), (9, False), (9, False), (9, False), (9, False), (9, False)] exc=0 t_gens=1s t=4s
  TR/D: rank[3,3] gens=3 src=pari sat=1 tors=4 states=400000 hmax=5491.1 primes=150 surv=13 exact=11 badbase=0 hits7=[(9, False), (9, False), (9, False), (9, False), (9, False), (9, False), (9, False), (9, False), (9, False), (9, False), (9, False)] exc=0 t_gens=0s t=4s
(1561,527) C0=1357225 □ K=50000
  TL/BR: rank[2,2] gens=2 src=pari sat=1 tors=8 states=800000 hmax=549374.0 primes=150 surv=9 exact=7 badbase=0 hits7=[(9, False), (9, False), (9, False), (9, False), (9, False), (9, False), (9, False)] exc=0 t_gens=0s t=6s
  TL/D: rank[2,2] gens=2 src=pari sat=1 tors=4 states=400000 hmax=169636.0 primes=150 surv=13 exact=11 badbase=0 hits7=[(9, False), (9, False), (9, False), (9, False), (9, False), (9, False), (9, False), (9, False), (9, False), (9, False), (9, False)] exc=0 t_gens=0s t=4s
  BR/D: rank[2,2] gens=2 src=pari sat=1 tors=4 states=400000 hmax=169985.1 primes=150 surv=13 exact=11 badbase=0 hits7=[(9, False), (9, False), (9, False), (9, False), (9, False), (9, False), (9, False), (9, False), (9, False), (9, False), (9, False)] exc=0 t_gens=0s t=3s
  BL/TR: rank[2,2] gens=1 INCOMPLETE src=pari+mwrank sat=1 tors=8 states=800000 hmax=17328137151.3 primes=150 surv=9 exact=7 badbase=0 hits7=[(9, False), (9, False), (9, False), (9, False), (9, False), (9, False), (9, False)] exc=0 t_gens=15s t=19s
  BL/D: rank[2,2] gens=2 src=pari sat=1 tors=4 states=400000 hmax=169985.1 primes=150 surv=13 exact=11 badbase=0 hits7=[(9, False), (9, False), (9, False), (9, False), (9, False), (9, False), (9, False), (9, False), (9, False), (9, False), (9, False)] exc=0 t_gens=0s t=4s
  TR/D: rank[2,2] gens=2 src=pari sat=1 tors=4 states=400000 hmax=169636.0 primes=150 surv=13 exact=11 badbase=0 hits7=[(9, False), (9, False), (9, False), (9, False), (9, False), (9, False), (9, False), (9, False), (9, False), (9, False), (9, False)] exc=0 t_gens=0s t=4s
(1567,1457) C0=2289169 □ K=50000
  TL/BR: rank[2,2] gens=2 src=pari sat=1 tors=8 states=800000 hmax=229888.8 primes=150 surv=9 exact=7 badbase=0 hits7=[(9, False), (9, False), (9, False), (9, False), (9, False), (9, False), (9, False)] exc=0 t_gens=0s t=5s
  TL/D: rank[5,5] gens=5 src=pari sat=1 tors=4 states=400000 hmax=230.9 primes=150 surv=13 exact=10 badbase=0 hits7=[(9, False), (9, False), (9, False), (9, False), (9, False), (9, False), (9, False), (9, False), (9, False), (9, False)] exc=0 t_gens=1s t=6s
  BR/D: rank[4,4] gens=4 src=pari sat=1 tors=4 states=400000 hmax=821.4 primes=150 surv=13 exact=10 badbase=0 hits7=[(9, False), (9, False), (9, False), (9, False), (9, False), (9, False), (9, False), (9, False), (9, False), (9, False)] exc=0 t_gens=0s t=6s
  BL/TR: rank[3,3] gens=3 src=pari sat=1 tors=8 states=800000 hmax=13254.4 primes=150 surv=9 exact=7 badbase=0 hits7=[(9, False), (9, False), (9, False), (9, False), (9, False), (9, False), (9, False)] exc=0 t_gens=1s t=5s
  BL/D: rank[4,4] gens=4 src=pari sat=1 tors=4 states=400000 hmax=821.4 primes=150 surv=13 exact=11 badbase=0 hits7=[(9, False), (9, False), (9, False), (9, False), (9, False), (9, False), (9, False), (9, False), (9, False), (9, False), (9, False)] exc=0 t_gens=0s t=5s
  TR/D: rank[5,5] gens=5 src=pari sat=1 tors=4 states=400000 hmax=230.9 primes=150 surv=13 exact=11 badbase=0 hits7=[(9, False), (9, False), (9, False), (9, False), (9, False), (9, False), (9, False), (9, False), (9, False), (9, False), (9, False)] exc=0 t_gens=1s t=5s
(1601,719) C0=1540081 □ K=50000
  TL/BR: rank[1,1] gens=1 src=pari sat=1 tors=8 states=800000 hmax=17951253669.2 primes=150 surv=9 exact=7 badbase=0 hits7=[(9, False), (9, False), (9, False), (9, False), (9, False), (9, False), (9, False)] exc=0 t_gens=0s t=5s
  TL/D: rank[2,2] gens=2 src=pari sat=1 tors=4 states=400000 hmax=171198.4 primes=150 surv=13 exact=11 badbase=0 hits7=[(9, False), (9, False), (9, False), (9, False), (9, False), (9, False), (9, False), (9, False), (9, False), (9, False), (9, False)] exc=0 t_gens=0s t=6s
  BR/D: rank[4,4] gens=4 src=pari sat=1 tors=4 states=400000 hmax=694.8 primes=150 surv=13 exact=11 badbase=0 hits7=[(9, False), (9, False), (9, False), (9, False), (9, False), (9, False), (9, False), (9, False), (9, False), (9, False), (9, False)] exc=0 t_gens=1s t=5s
  BL/TR: rank[1,1] gens=1 src=pari sat=1 tors=8 states=800000 hmax=17550177385.0 primes=150 surv=9 exact=7 badbase=0 hits7=[(9, False), (9, False), (9, False), (9, False), (9, False), (9, False), (9, False)] exc=0 t_gens=0s t=4s
  BL/D: rank[4,4] gens=4 src=pari sat=1 tors=4 states=400000 hmax=694.8 primes=150 surv=13 exact=11 badbase=0 hits7=[(9, False), (9, False), (9, False), (9, False), (9, False), (9, False), (9, False), (9, False), (9, False), (9, False), (9, False)] exc=0 t_gens=1s t=6s
  TR/D: rank[2,2] gens=2 src=pari sat=1 tors=4 states=400000 hmax=171198.4 primes=150 surv=13 exact=11 badbase=0 hits7=[(9, False), (9, False), (9, False), (9, False), (9, False), (9, False), (9, False), (9, False), (9, False), (9, False), (9, False)] exc=0 t_gens=0s t=6s
(1249,1151) C0=1442401 □ K=50000
  TL/BR: rank[1,1] gens=1 src=pari sat=1 tors=8 states=800000 hmax=17751961141.5 primes=150 surv=9 exact=7 badbase=0 hits7=[(9, False), (9, False), (9, False), (9, False), (9, False), (9, False), (9, False)] exc=0 t_gens=0s t=4s
  TL/D: rank[3,3] gens=2 INCOMPLETE src=pari+mwrank_timeout sat=1 tors=4 states=400000 hmax=235907.4 primes=150 surv=0 exact=0 badbase=0 hits7=[] exc=0 t_gens=121s t=125s
  BR/D: rank[2,2] gens=2 src=pari sat=1 tors=4 states=400000 hmax=170636.0 primes=150 surv=13 exact=10 badbase=0 hits7=[(9, False), (9, False), (9, False), (9, False), (9, False), (9, False), (9, False), (9, False), (9, False), (9, False)] exc=0 t_gens=0s t=4s
  BL/TR: rank[2,2] gens=2 src=pari sat=1 tors=8 states=800000 hmax=252980.3 primes=150 surv=9 exact=7 badbase=0 hits7=[(9, False), (9, False), (9, False), (9, False), (9, False), (9, False), (9, False)] exc=0 t_gens=0s t=5s
  BL/D: rank[2,2] gens=2 src=pari sat=1 tors=4 states=400000 hmax=170636.0 primes=150 surv=13 exact=11 badbase=0 hits7=[(9, False), (9, False), (9, False), (9, False), (9, False), (9, False), (9, False), (9, False), (9, False), (9, False), (9, False)] exc=0 t_gens=0s t=4s
  TR/D: rank[1,3] gens=1 INCOMPLETE src=pari+mwrank_timeout sat=1 tors=4 states=400000 hmax=19410691615.8 primes=150 surv=5 exact=3 badbase=0 hits7=[(9, False), (9, False), (9, False)] exc=0 t_gens=127s t=130s
(1607,199) C0=1311025 □ K=50000
  TL/BR: rank[1,1] gens=1 src=pari sat=1 tors=8 states=800000 hmax=17666188169.6 primes=150 surv=9 exact=7 badbase=0 hits7=[(9, False), (9, False), (9, False), (9, False), (9, False), (9, False), (9, False)] exc=0 t_gens=0s t=5s
  TL/D: rank[1,3] gens=3 src=pari+mwrank sat=2 tors=4 states=400000 hmax=8535.6 primes=150 surv=13 exact=11 badbase=0 hits7=[(9, False), (9, False), (9, False), (9, False), (9, False), (9, False), (9, False), (9, False), (9, False), (9, False), (9, False)] exc=0 t_gens=3s t=7s
  BR/D: rank[4,4] gens=4 src=pari sat=1 tors=4 states=400000 hmax=923.6 primes=150 surv=13 exact=11 badbase=0 hits7=[(9, False), (9, False), (9, False), (9, False), (9, False), (9, False), (9, False), (9, False), (9, False), (9, False), (9, False)] exc=0 t_gens=0s t=4s
  BL/TR: rank[2,2] gens=2 src=pari+mwrank sat=1 tors=8 states=800000 hmax=612343.4 primes=150 surv=9 exact=7 badbase=0 hits7=[(9, False), (9, False), (9, False), (9, False), (9, False), (9, False), (9, False)] exc=0 t_gens=1s t=5s
  BL/D: rank[4,4] gens=4 src=pari sat=1 tors=4 states=400000 hmax=923.6 primes=150 surv=13 exact=11 badbase=0 hits7=[(9, False), (9, False), (9, False), (9, False), (9, False), (9, False), (9, False), (9, False), (9, False), (9, False), (9, False)] exc=0 t_gens=0s t=4s
  TR/D: rank[1,3] gens=3 src=pari+mwrank sat=2 tors=4 states=400000 hmax=8535.6 primes=150 surv=13 exact=11 badbase=0 hits7=[(9, False), (9, False), (9, False), (9, False), (9, False), (9, False), (9, False), (9, False), (9, False), (9, False), (9, False)] exc=0 t_gens=1s t=5s
(1609,769) C0=1590121 □ K=50000
  TL/BR: rank[3,3] gens=3 src=pari sat=1 tors=8 states=800000 hmax=9587.9 primes=150 surv=9 exact=7 badbase=0 hits7=[(9, False), (9, False), (9, False), (9, False), (9, False), (9, False), (9, False)] exc=0 t_gens=0s t=5s
  TL/D: rank[2,2] gens=2 src=pari sat=1 tors=4 states=400000 hmax=171564.7 primes=150 surv=13 exact=11 badbase=0 hits7=[(9, False), (9, False), (9, False), (9, False), (9, False), (9, False), (9, False), (9, False), (9, False), (9, False), (9, False)] exc=0 t_gens=0s t=3s
  BR/D: rank[3,3] gens=3 src=pari sat=1 tors=4 states=400000 hmax=5993.3 primes=150 surv=13 exact=11 badbase=0 hits7=[(9, False), (9, False), (9, False), (9, False), (9, False), (9, False), (9, False), (9, False), (9, False), (9, False), (9, False)] exc=0 t_gens=0s t=6s
  BL/TR: rank[2,2] gens=2 src=pari sat=1 tors=8 states=800000 hmax=521749.7 primes=150 surv=9 exact=7 badbase=0 hits7=[(9, False), (9, False), (9, False), (9, False), (9, False), (9, False), (9, False)] exc=0 t_gens=0s t=7s
  BL/D: rank[3,3] gens=3 src=pari sat=1 tors=4 states=400000 hmax=5993.3 primes=150 surv=13 exact=11 badbase=0 hits7=[(9, False), (9, False), (9, False), (9, False), (9, False), (9, False), (9, False), (9, False), (9, False), (9, False), (9, False)] exc=0 t_gens=0s t=6s
  TR/D: rank[2,2] gens=2 src=pari sat=1 tors=4 states=400000 hmax=171564.7 primes=150 surv=13 exact=11 badbase=0 hits7=[(9, False), (9, False), (9, False), (9, False), (9, False), (9, False), (9, False), (9, False), (9, False), (9, False), (9, False)] exc=0 t_gens=0s t=5s
(1631,409) C0=1413721 □ K=50000
  TL/BR: rank[2,2] gens=2 src=pari sat=1 tors=8 states=800000 hmax=254718.3 primes=150 surv=9 exact=7 badbase=0 hits7=[(9, False), (9, False), (9, False), (9, False), (9, False), (9, False), (9, False)] exc=0 t_gens=0s t=5s
  TL/D: rank[3,3] gens=3 src=pari sat=1 tors=4 states=400000 hmax=5689.2 primes=150 surv=13 exact=11 badbase=0 hits7=[(9, False), (9, False), (9, False), (9, False), (9, False), (9, False), (9, False), (9, False), (9, False), (9, False), (9, False)] exc=0 t_gens=0s t=4s
  BR/D: rank[3,3] gens=3 src=pari sat=1 tors=4 states=400000 hmax=6004.4 primes=150 surv=13 exact=11 badbase=0 hits7=[(9, False), (9, False), (9, False), (9, False), (9, False), (9, False), (9, False), (9, False), (9, False), (9, False), (9, False)] exc=0 t_gens=0s t=4s
  BL/TR: rank[2,2] gens=2 src=pari sat=1 tors=8 states=800000 hmax=209188.3 primes=150 surv=9 exact=7 badbase=0 hits7=[(9, False), (9, False), (9, False), (9, False), (9, False), (9, False), (9, False)] exc=0 t_gens=0s t=5s
  BL/D: rank[3,3] gens=3 src=pari sat=1 tors=4 states=400000 hmax=6004.4 primes=150 surv=13 exact=11 badbase=0 hits7=[(9, False), (9, False), (9, False), (9, False), (9, False), (9, False), (9, False), (9, False), (9, False), (9, False), (9, False)] exc=0 t_gens=0s t=4s
  TR/D: rank[3,3] gens=3 src=pari sat=1 tors=4 states=400000 hmax=5689.2 primes=150 surv=13 exact=11 badbase=0 hits7=[(9, False), (9, False), (9, False), (9, False), (9, False), (9, False), (9, False), (9, False), (9, False), (9, False), (9, False)] exc=0 t_gens=0s t=4s
(1633,103) C0=1338649 □ K=50000
  TL/BR: rank[2,2] gens=2 src=pari sat=1 tors=8 states=800000 hmax=254307.8 primes=150 surv=9 exact=7 badbase=0 hits7=[(9, False), (9, False), (9, False), (9, False), (9, False), (9, False), (9, False)] exc=0 t_gens=0s t=5s
  TL/D: rank[3,3] gens=3 src=pari sat=1 tors=4 states=400000 hmax=4273.6 primes=150 surv=13 exact=11 badbase=0 hits7=[(9, False), (9, False), (9, False), (9, False), (9, False), (9, False), (9, False), (9, False), (9, False), (9, False), (9, False)] exc=0 t_gens=0s t=4s
  BR/D: rank[3,3] gens=3 src=pari sat=1 tors=4 states=400000 hmax=4224.5 primes=150 surv=13 exact=11 badbase=0 hits7=[(9, False), (9, False), (9, False), (9, False), (9, False), (9, False), (9, False), (9, False), (9, False), (9, False), (9, False)] exc=0 t_gens=0s t=4s
  BL/TR: rank[2,2] gens=2 src=pari sat=1 tors=8 states=800000 hmax=315796.8 primes=150 surv=9 exact=7 badbase=0 hits7=[(9, False), (9, False), (9, False), (9, False), (9, False), (9, False), (9, False)] exc=0 t_gens=0s t=5s
  BL/D: rank[3,3] gens=3 src=pari sat=1 tors=4 states=400000 hmax=4224.5 primes=150 surv=13 exact=11 badbase=0 hits7=[(9, False), (9, False), (9, False), (9, False), (9, False), (9, False), (9, False), (9, False), (9, False), (9, False), (9, False)] exc=0 t_gens=1s t=5s
  TR/D: rank[3,3] gens=3 src=pari sat=1 tors=4 states=400000 hmax=4273.6 primes=150 surv=13 exact=11 badbase=0 hits7=[(9, False), (9, False), (9, False), (9, False), (9, False), (9, False), (9, False), (9, False), (9, False), (9, False), (9, False)] exc=0 t_gens=0s t=4s
(1649,329) C0=1413721 □ K=50000
  TL/BR: rank[2,2] gens=2 src=pari sat=1 tors=8 states=800000 hmax=247710.7 primes=150 surv=9 exact=7 badbase=0 hits7=[(9, False), (9, False), (9, False), (9, False), (9, False), (9, False), (9, False)] exc=0 t_gens=0s t=5s
  TL/D: rank[2,2] gens=2 src=pari sat=1 tors=4 states=400000 hmax=169848.7 primes=150 surv=13 exact=11 badbase=0 hits7=[(9, False), (9, False), (9, False), (9, False), (9, False), (9, False), (9, False), (9, False), (9, False), (9, False), (9, False)] exc=0 t_gens=0s t=3s
  BR/D: rank[2,2] gens=2 src=pari sat=1 tors=4 states=400000 hmax=170470.4 primes=150 surv=13 exact=11 badbase=0 hits7=[(9, False), (9, False), (9, False), (9, False), (9, False), (9, False), (9, False), (9, False), (9, False), (9, False), (9, False)] exc=0 t_gens=0s t=4s
  BL/TR: rank[2,2] gens=2 src=pari sat=1 tors=8 states=800000 hmax=378128.3 primes=150 surv=9 exact=7 badbase=0 hits7=[(9, False), (9, False), (9, False), (9, False), (9, False), (9, False), (9, False)] exc=0 t_gens=0s t=5s
  BL/D: rank[2,2] gens=2 src=pari sat=1 tors=4 states=400000 hmax=170470.4 primes=150 surv=13 exact=11 badbase=0 hits7=[(9, False), (9, False), (9, False), (9, False), (9, False), (9, False), (9, False), (9, False), (9, False), (9, False), (9, False)] exc=0 t_gens=0s t=6s
  TR/D: rank[2,2] gens=2 src=pari sat=1 tors=4 states=400000 hmax=169848.7 primes=150 surv=13 exact=11 badbase=0 hits7=[(9, False), (9, False), (9, False), (9, False), (9, False), (9, False), (9, False), (9, False), (9, False), (9, False), (9, False)] exc=0 t_gens=0s t=3s
(1649,1057) C0=1918225 □ K=50000
  TL/BR: rank[1,1] gens=1 src=pari sat=1 tors=8 states=800000 hmax=18191491779.8 primes=150 surv=9 exact=7 badbase=0 hits7=[(9, False), (9, False), (9, False), (9, False), (9, False), (9, False), (9, False)] exc=0 t_gens=0s t=4s
  TL/D: rank[3,3] gens=3 src=pari sat=1 tors=4 states=400000 hmax=4942.9 primes=150 surv=13 exact=11 badbase=0 hits7=[(9, False), (9, False), (9, False), (9, False), (9, False), (9, False), (9, False), (9, False), (9, False), (9, False), (9, False)] exc=0 t_gens=0s t=5s
  BR/D: rank[4,4] gens=4 src=pari sat=1 tors=4 states=400000 hmax=1044.7 primes=150 surv=13 exact=11 badbase=0 hits7=[(9, False), (9, False), (9, False), (9, False), (9, False), (9, False), (9, False), (9, False), (9, False), (9, False), (9, False)] exc=0 t_gens=0s t=4s
  BL/TR: rank[2,2] gens=2 src=pari sat=1 tors=8 states=800000 hmax=408286.4 primes=150 surv=9 exact=7 badbase=0 hits7=[(9, False), (9, False), (9, False), (9, False), (9, False), (9, False), (9, False)] exc=0 t_gens=0s t=5s
  BL/D: rank[4,4] gens=4 src=pari sat=1 tors=4 states=400000 hmax=1044.7 primes=150 surv=13 exact=11 badbase=0 hits7=[(9, False), (9, False), (9, False), (9, False), (9, False), (9, False), (9, False), (9, False), (9, False), (9, False), (9, False)] exc=0 t_gens=0s t=5s
  TR/D: rank[3,3] gens=3 src=pari sat=1 tors=4 states=400000 hmax=4942.9 primes=150 surv=13 exact=11 badbase=0 hits7=[(9, False), (9, False), (9, False), (9, False), (9, False), (9, False), (9, False), (9, False), (9, False), (9, False), (9, False)] exc=0 t_gens=0s t=4s
(1631,911) C0=1745041 □ K=50000
  TL/BR: rank[2,2] gens=2 src=pari+mwrank sat=1 tors=8 states=800000 hmax=600029.5 primes=150 surv=9 exact=7 badbase=0 hits7=[(9, False), (9, False), (9, False), (9, False), (9, False), (9, False), (9, False)] exc=0 t_gens=3s t=7s
  TL/D: rank[1,3] gens=3 src=pari+mwrank sat=1 tors=4 states=400000 hmax=7423.8 primes=150 surv=13 exact=11 badbase=0 hits7=[(9, False), (9, False), (9, False), (9, False), (9, False), (9, False), (9, False), (9, False), (9, False), (9, False), (9, False)] exc=0 t_gens=4s t=10s
  BR/D: rank[2,2] gens=2 src=pari sat=1 tors=4 states=400000 hmax=172851.2 primes=150 surv=13 exact=11 badbase=0 hits7=[(9, False), (9, False), (9, False), (9, False), (9, False), (9, False), (9, False), (9, False), (9, False), (9, False), (9, False)] exc=0 t_gens=0s t=6s
  BL/TR: rank[1,1] gens=1 src=pari sat=1 tors=8 states=800000 hmax=17769692480.4 primes=150 surv=9 exact=7 badbase=0 hits7=[(9, False), (9, False), (9, False), (9, False), (9, False), (9, False), (9, False)] exc=0 t_gens=0s t=6s
  BL/D: rank[2,2] gens=2 src=pari sat=1 tors=4 states=400000 hmax=172851.2 primes=150 surv=13 exact=11 badbase=0 hits7=[(9, False), (9, False), (9, False), (9, False), (9, False), (9, False), (9, False), (9, False), (9, False), (9, False), (9, False)] exc=0 t_gens=0s t=6s
  TR/D: rank[1,3] gens=3 src=pari+mwrank sat=1 tors=4 states=400000 hmax=7423.8 primes=150 surv=13 exact=11 badbase=0 hits7=[(9, False), (9, False), (9, False), (9, False), (9, False), (9, False), (9, False), (9, False), (9, False), (9, False), (9, False)] exc=0 t_gens=5s t=10s
(1657,1127) C0=2007889 □ K=50000
  TL/BR: rank[3,3] gens=3 src=pari sat=1 tors=8 states=800000 hmax=4781.6 primes=150 surv=9 exact=7 badbase=0 hits7=[(9, False), (9, False), (9, False), (9, False), (9, False), (9, False), (9, False)] exc=0 t_gens=0s t=5s
  TL/D: rank[3,3] gens=3 src=pari sat=1 tors=4 states=400000 hmax=3556.6 primes=150 surv=13 exact=11 badbase=0 hits7=[(9, False), (9, False), (9, False), (9, False), (9, False), (9, False), (9, False), (9, False), (9, False), (9, False), (9, False)] exc=0 t_gens=0s t=4s
  BR/D: rank[1,3] gens=3 src=pari+mwrank sat=1 tors=4 states=400000 hmax=6232.5 primes=150 surv=13 exact=11 badbase=0 hits7=[(9, False), (9, False), (9, False), (9, False), (9, False), (9, False), (9, False), (9, False), (9, False), (9, False), (9, False)] exc=0 t_gens=3s t=7s
  BL/TR: rank[1,1] gens=1 src=pari sat=1 tors=8 states=800000 hmax=18010358745.4 primes=150 surv=9 exact=7 badbase=0 hits7=[(9, False), (9, False), (9, False), (9, False), (9, False), (9, False), (9, False)] exc=0 t_gens=0s t=4s
  BL/D: rank[1,3] gens=3 src=pari+mwrank sat=1 tors=4 states=400000 hmax=6232.5 primes=150 surv=13 exact=11 badbase=0 hits7=[(9, False), (9, False), (9, False), (9, False), (9, False), (9, False), (9, False), (9, False), (9, False), (9, False), (9, False)] exc=0 t_gens=1s t=4s
  TR/D: rank[3,3] gens=3 src=pari sat=1 tors=4 states=400000 hmax=3556.6 primes=150 surv=13 exact=11 badbase=0 hits7=[(9, False), (9, False), (9, False), (9, False), (9, False), (9, False), (9, False), (9, False), (9, False), (9, False), (9, False)] exc=0 t_gens=0s t=4s
(1439,119) C0=1042441 □ K=50000
  TL/BR: rank[1,1] gens=1 src=pari sat=1 tors=8 states=800000 hmax=17340198518.4 primes=150 surv=9 exact=7 badbase=0 hits7=[(9, False), (9, False), (9, False), (9, False), (9, False), (9, False), (9, False)] exc=0 t_gens=0s t=4s
  TL/D: rank[3,3] gens=3 src=pari sat=3 tors=4 states=400000 hmax=5650.0 primes=150 surv=13 exact=11 badbase=0 hits7=[(9, False), (9, False), (9, False), (9, False), (9, False), (9, False), (9, False), (9, False), (9, False), (9, False), (9, False)] exc=0 t_gens=1s t=4s
  BR/D: rank[2,4] gens=2 INCOMPLETE src=pari+mwrank sat=1 tors=4 states=400000 hmax=167020.7 primes=150 surv=13 exact=11 badbase=0 hits7=[(9, False), (9, False), (9, False), (9, False), (9, False), (9, False), (9, False), (9, False), (9, False), (9, False), (9, False)] exc=0 t_gens=76s t=80s
  BL/TR: rank[2,2] gens=1 INCOMPLETE src=pari+mwrank sat=1 tors=8 states=800000 hmax=16895855630.0 primes=150 surv=9 exact=7 badbase=0 hits7=[(9, False), (9, False), (9, False), (9, False), (9, False), (9, False), (9, False)] exc=0 t_gens=9s t=13s
  BL/D: rank[2,4] gens=2 INCOMPLETE src=pari+mwrank sat=1 tors=4 states=400000 hmax=167020.7 primes=150 surv=13 exact=11 badbase=0 hits7=[(9, False), (9, False), (9, False), (9, False), (9, False), (9, False), (9, False), (9, False), (9, False), (9, False), (9, False)] exc=0 t_gens=82s t=86s
  TR/D: rank[3,3] gens=3 src=pari sat=3 tors=4 states=400000 hmax=5650.0 primes=150 surv=13 exact=11 badbase=0 hits7=[(9, False), (9, False), (9, False), (9, False), (9, False), (9, False), (9, False), (9, False), (9, False), (9, False), (9, False)] exc=0 t_gens=1s t=4s
(1673,1343) C0=2301289 □ K=50000
  TL/BR: rank[3,3] gens=3 src=pari sat=1 tors=8 states=800000 hmax=6980.2 primes=150 surv=9 exact=7 badbase=0 hits7=[(9, False), (9, False), (9, False), (9, False), (9, False), (9, False), (9, False)] exc=0 t_gens=1s t=6s
  TL/D: rank[3,3] gens=3 src=pari sat=1 tors=4 states=400000 hmax=6895.4 primes=150 surv=13 exact=11 badbase=0 hits7=[(9, False), (9, False), (9, False), (9, False), (9, False), (9, False), (9, False), (9, False), (9, False), (9, False), (9, False)] exc=0 t_gens=0s t=4s
  BR/D: rank[3,3] gens=3 src=pari sat=1 tors=4 states=400000 hmax=4316.3 primes=150 surv=13 exact=11 badbase=0 hits7=[(9, False), (9, False), (9, False), (9, False), (9, False), (9, False), (9, False), (9, False), (9, False), (9, False), (9, False)] exc=0 t_gens=0s t=4s
  BL/TR: rank[1,1] gens=1 src=pari sat=1 tors=8 states=800000 hmax=18238239140.3 primes=150 surv=9 exact=7 badbase=0 hits7=[(9, False), (9, False), (9, False), (9, False), (9, False), (9, False), (9, False)] exc=0 t_gens=0s t=5s
  BL/D: rank[3,3] gens=3 src=pari sat=1 tors=4 states=400000 hmax=4316.3 primes=150 surv=13 exact=11 badbase=0 hits7=[(9, False), (9, False), (9, False), (9, False), (9, False), (9, False), (9, False), (9, False), (9, False), (9, False), (9, False)] exc=0 t_gens=0s t=4s
  TR/D: rank[3,3] gens=3 src=pari sat=1 tors=4 states=400000 hmax=6895.4 primes=150 surv=13 exact=11 badbase=0 hits7=[(9, False), (9, False), (9, False), (9, False), (9, False), (9, False), (9, False), (9, False), (9, False), (9, False), (9, False)] exc=0 t_gens=0s t=4s
(1633,919) C0=1755625 □ K=50000
  TL/BR: rank[2,2] gens=2 src=pari+mwrank sat=1 tors=8 states=800000 hmax=650075.0 primes=150 surv=9 exact=7 badbase=0 hits7=[(9, False), (9, False), (9, False), (9, False), (9, False), (9, False), (9, False)] exc=0 t_gens=15s t=21s
  TL/D: rank[3,3] gens=3 src=pari sat=1 tors=4 states=400000 hmax=5758.0 primes=150 surv=13 exact=11 badbase=0 hits7=[(9, False), (9, False), (9, False), (9, False), (9, False), (9, False), (9, False), (9, False), (9, False), (9, False), (9, False)] exc=0 t_gens=0s t=4s
  BR/D: rank[4,4] gens=4 src=pari sat=1 tors=4 states=400000 hmax=654.5 primes=150 surv=13 exact=11 badbase=0 hits7=[(9, False), (9, False), (9, False), (9, False), (9, False), (9, False), (9, False), (9, False), (9, False), (9, False), (9, False)] exc=0 t_gens=1s t=6s
  BL/TR: rank[1,1] gens=1 src=pari sat=1 tors=8 states=800000 hmax=17779627183.9 primes=150 surv=9 exact=7 badbase=0 hits7=[(9, False), (9, False), (9, False), (9, False), (9, False), (9, False), (9, False)] exc=0 t_gens=0s t=6s
  BL/D: rank[4,4] gens=4 src=pari sat=1 tors=4 states=400000 hmax=654.5 primes=150 surv=13 exact=11 badbase=0 hits7=[(9, False), (9, False), (9, False), (9, False), (9, False), (9, False), (9, False), (9, False), (9, False), (9, False), (9, False)] exc=0 t_gens=1s t=5s
  TR/D: rank[3,3] gens=3 src=pari sat=1 tors=4 states=400000 hmax=5758.0 primes=150 surv=13 exact=11 badbase=0 hits7=[(9, False), (9, False), (9, False), (9, False), (9, False), (9, False), (9, False), (9, False), (9, False), (9, False), (9, False)] exc=0 t_gens=0s t=4s
(1679,601) C0=1590121 □ K=50000
  TL/BR: rank[1,1] gens=1 src=pari sat=1 tors=8 states=800000 hmax=17992506026.4 primes=150 surv=9 exact=7 badbase=0 hits7=[(9, False), (9, False), (9, False), (9, False), (9, False), (9, False), (9, False)] exc=0 t_gens=0s t=5s
  TL/D: rank[3,3] gens=3 src=pari sat=1 tors=4 states=400000 hmax=6376.1 primes=150 surv=13 exact=11 badbase=0 hits7=[(9, False), (9, False), (9, False), (9, False), (9, False), (9, False), (9, False), (9, False), (9, False), (9, False), (9, False)] exc=0 t_gens=0s t=4s
  BR/D: rank[2,2] gens=2 src=pari sat=1 tors=4 states=400000 hmax=171769.6 primes=150 surv=13 exact=11 badbase=0 hits7=[(9, False), (9, False), (9, False), (9, False), (9, False), (9, False), (9, False), (9, False), (9, False), (9, False), (9, False)] exc=0 t_gens=0s t=4s
  BL/TR: rank[2,2] gens=2 src=pari+mwrank sat=1 tors=8 states=800000 hmax=552953.1 primes=150 surv=9 exact=7 badbase=0 hits7=[(9, False), (9, False), (9, False), (9, False), (9, False), (9, False), (9, False)] exc=0 t_gens=2s t=7s
  BL/D: rank[2,2] gens=2 src=pari sat=1 tors=4 states=400000 hmax=171769.6 primes=150 surv=13 exact=11 badbase=0 hits7=[(9, False), (9, False), (9, False), (9, False), (9, False), (9, False), (9, False), (9, False), (9, False), (9, False), (9, False)] exc=0 t_gens=0s t=5s
  TR/D: rank[3,3] gens=3 src=pari sat=1 tors=4 states=400000 hmax=6376.1 primes=150 surv=13 exact=11 badbase=0 hits7=[(9, False), (9, False), (9, False), (9, False), (9, False), (9, False), (9, False), (9, False), (9, False), (9, False), (9, False)] exc=0 t_gens=0s t=4s
(1687,23) C0=1423249 □ K=50000
  TL/BR: rank[2,2] gens=2 src=pari sat=1 tors=8 states=800000 hmax=348030.5 primes=150 surv=9 exact=7 badbase=0 hits7=[(9, False), (9, False), (9, False), (9, False), (9, False), (9, False), (9, False)] exc=0 t_gens=0s t=5s
  TL/D: rank[3,3] gens=3 src=pari sat=1 tors=4 states=400000 hmax=6020.2 primes=150 surv=13 exact=11 badbase=0 hits7=[(9, False), (9, False), (9, False), (9, False), (9, False), (9, False), (9, False), (9, False), (9, False), (9, False), (9, False)] exc=0 t_gens=0s t=4s
  BR/D: rank[2,2] gens=2 src=pari sat=1 tors=4 states=400000 hmax=170543.4 primes=150 surv=13 exact=11 badbase=0 hits7=[(9, False), (9, False), (9, False), (9, False), (9, False), (9, False), (9, False), (9, False), (9, False), (9, False), (9, False)] exc=0 t_gens=0s t=4s
  BL/TR: rank[3,3] gens=3 src=pari sat=1 tors=8 states=800000 hmax=11395.3 primes=150 surv=9 exact=7 badbase=0 hits7=[(9, False), (9, False), (9, False), (9, False), (9, False), (9, False), (9, False)] exc=0 t_gens=0s t=5s
  BL/D: rank[2,2] gens=2 src=pari sat=1 tors=4 states=400000 hmax=170543.4 primes=150 surv=13 exact=11 badbase=0 hits7=[(9, False), (9, False), (9, False), (9, False), (9, False), (9, False), (9, False), (9, False), (9, False), (9, False), (9, False)] exc=0 t_gens=0s t=4s
  TR/D: rank[3,3] gens=3 src=pari sat=3 tors=4 states=400000 hmax=6020.2 primes=150 surv=13 exact=11 badbase=0 hits7=[(9, False), (9, False), (9, False), (9, False), (9, False), (9, False), (9, False), (9, False), (9, False), (9, False), (9, False)] exc=0 t_gens=1s t=3s
(1721,601) C0=1661521 □ K=50000
  TL/BR: rank[1,1] gens=1 src=pari sat=1 tors=8 states=800000 hmax=18046809093.8 primes=150 surv=9 exact=7 badbase=0 hits7=[(9, False), (9, False), (9, False), (9, False), (9, False), (9, False), (9, False)] exc=0 t_gens=0s t=4s
  TL/D: rank[3,3] gens=3 src=pari sat=1 tors=4 states=400000 hmax=7088.8 primes=150 surv=13 exact=11 badbase=0 hits7=[(9, False), (9, False), (9, False), (9, False), (9, False), (9, False), (9, False), (9, False), (9, False), (9, False), (9, False)] exc=0 t_gens=0s t=3s
  BR/D: rank[2,2] gens=2 src=pari sat=1 tors=4 states=400000 hmax=172263.5 primes=150 surv=13 exact=11 badbase=0 hits7=[(9, False), (9, False), (9, False), (9, False), (9, False), (9, False), (9, False), (9, False), (9, False), (9, False), (9, False)] exc=0 t_gens=0s t=4s
  BL/TR: rank[2,2] gens=2 src=pari+mwrank sat=1 tors=8 states=800000 hmax=620119.2 primes=150 surv=9 exact=7 badbase=0 hits7=[(9, False), (9, False), (9, False), (9, False), (9, False), (9, False), (9, False)] exc=0 t_gens=2s t=7s
  BL/D: rank[2,2] gens=2 src=pari sat=1 tors=4 states=400000 hmax=172263.5 primes=150 surv=13 exact=11 badbase=0 hits7=[(9, False), (9, False), (9, False), (9, False), (9, False), (9, False), (9, False), (9, False), (9, False), (9, False), (9, False)] exc=0 t_gens=0s t=4s
  TR/D: rank[3,3] gens=3 src=pari sat=1 tors=4 states=400000 hmax=7088.8 primes=150 surv=13 exact=11 badbase=0 hits7=[(9, False), (9, False), (9, False), (9, False), (9, False), (9, False), (9, False), (9, False), (9, False), (9, False), (9, False)] exc=0 t_gens=0s t=4s
(1751,1009) C0=2042041 □ K=50000
  TL/BR: rank[1,1] gens=1 src=pari sat=1 tors=8 states=800000 hmax=18284693323.1 primes=150 surv=9 exact=7 badbase=0 hits7=[(9, False), (9, False), (9, False), (9, False), (9, False), (9, False), (9, False)] exc=0 t_gens=0s t=4s
  TL/D: rank[3,3] gens=3 src=pari sat=1 tors=4 states=400000 hmax=8413.6 primes=150 surv=13 exact=11 badbase=0 hits7=[(9, False), (9, False), (9, False), (9, False), (9, False), (9, False), (9, False), (9, False), (9, False), (9, False), (9, False)] exc=0 t_gens=0s t=4s
  BR/D: rank[2,2] gens=2 src=pari sat=1 tors=4 states=400000 hmax=174626.7 primes=150 surv=13 exact=11 badbase=0 hits7=[(9, False), (9, False), (9, False), (9, False), (9, False), (9, False), (9, False), (9, False), (9, False), (9, False), (9, False)] exc=0 t_gens=0s t=4s
  BL/TR: rank[2,2] gens=2 src=pari sat=1 tors=8 states=800000 hmax=230593.6 primes=150 surv=9 exact=7 badbase=0 hits7=[(9, False), (9, False), (9, False), (9, False), (9, False), (9, False), (9, False)] exc=0 t_gens=0s t=5s
  BL/D: rank[2,2] gens=2 src=pari sat=1 tors=4 states=400000 hmax=174626.7 primes=150 surv=13 exact=11 badbase=0 hits7=[(9, False), (9, False), (9, False), (9, False), (9, False), (9, False), (9, False), (9, False), (9, False), (9, False), (9, False)] exc=0 t_gens=0s t=4s
  TR/D: rank[3,3] gens=3 src=pari sat=1 tors=4 states=400000 hmax=8413.6 primes=150 surv=13 exact=11 badbase=0 hits7=[(9, False), (9, False), (9, False), (9, False), (9, False), (9, False), (9, False), (9, False), (9, False), (9, False), (9, False)] exc=0 t_gens=0s t=4s
(1753,479) C0=1651225 □ K=50000
  TL/BR: rank[2,2] gens=2 src=pari sat=1 tors=8 states=800000 hmax=580330.6 primes=150 surv=9 exact=7 badbase=0 hits7=[(9, False), (9, False), (9, False), (9, False), (9, False), (9, False), (9, False)] exc=0 t_gens=0s t=5s
  TL/D: rank[3,3] gens=3 src=pari sat=1 tors=4 states=400000 hmax=4484.0 primes=150 surv=13 exact=11 badbase=0 hits7=[(9, False), (9, False), (9, False), (9, False), (9, False), (9, False), (9, False), (9, False), (9, False), (9, False), (9, False)] exc=0 t_gens=0s t=4s
  BR/D: rank[4,4] gens=4 src=pari sat=3 tors=4 states=400000 hmax=1117.5 primes=150 surv=13 exact=11 badbase=0 hits7=[(9, False), (9, False), (9, False), (9, False), (9, False), (9, False), (9, False), (9, False), (9, False), (9, False), (9, False)] exc=0 t_gens=1s t=5s
  BL/TR: rank[1,1] gens=1 src=pari sat=1 tors=8 states=800000 hmax=17539285068.3 primes=150 surv=9 exact=7 badbase=0 hits7=[(9, False), (9, False), (9, False), (9, False), (9, False), (9, False), (9, False)] exc=0 t_gens=0s t=4s
  BL/D: rank[4,4] gens=4 src=pari sat=7 tors=4 states=400000 hmax=1117.5 primes=150 surv=13 exact=11 badbase=0 hits7=[(9, False), (9, False), (9, False), (9, False), (9, False), (9, False), (9, False), (9, False), (9, False), (9, False), (9, False)] exc=0 t_gens=1s t=5s
  TR/D: rank[3,3] gens=3 src=pari sat=1 tors=4 states=400000 hmax=4484.0 primes=150 surv=13 exact=11 badbase=0 hits7=[(9, False), (9, False), (9, False), (9, False), (9, False), (9, False), (9, False), (9, False), (9, False), (9, False), (9, False)] exc=0 t_gens=0s t=4s
(1687,463) C0=1530169 □ K=50000
  TL/BR: rank[1,1] gens=1 src=pari+mwrank sat=1 tors=8 states=800000 hmax=17932294101.8 primes=150 surv=9 exact=7 badbase=0 hits7=[(9, False), (9, False), (9, False), (9, False), (9, False), (9, False), (9, False)] exc=0 t_gens=56s t=60s
  TL/D: rank[3,3] gens=3 src=pari sat=1 tors=4 states=400000 hmax=7797.3 primes=150 surv=13 exact=11 badbase=0 hits7=[(9, False), (9, False), (9, False), (9, False), (9, False), (9, False), (9, False), (9, False), (9, False), (9, False), (9, False)] exc=0 t_gens=0s t=4s
  BR/D: rank[2,2] gens=2 src=pari sat=1 tors=4 states=400000 hmax=171343.9 primes=150 surv=13 exact=11 badbase=0 hits7=[(9, False), (9, False), (9, False), (9, False), (9, False), (9, False), (9, False), (9, False), (9, False), (9, False), (9, False)] exc=0 t_gens=0s t=4s
  BL/TR: rank[2,2] gens=2 src=pari sat=1 tors=8 states=800000 hmax=508699.6 primes=150 surv=9 exact=7 badbase=0 hits7=[(9, False), (9, False), (9, False), (9, False), (9, False), (9, False), (9, False)] exc=0 t_gens=0s t=6s
  BL/D: rank[2,2] gens=2 src=pari sat=1 tors=4 states=400000 hmax=171343.9 primes=150 surv=13 exact=11 badbase=0 hits7=[(9, False), (9, False), (9, False), (9, False), (9, False), (9, False), (9, False), (9, False), (9, False), (9, False), (9, False)] exc=0 t_gens=0s t=5s
  TR/D: rank[3,3] gens=3 src=pari sat=1 tors=4 states=400000 hmax=7797.3 primes=150 surv=13 exact=11 badbase=0 hits7=[(9, False), (9, False), (9, False), (9, False), (9, False), (9, False), (9, False), (9, False), (9, False), (9, False), (9, False)] exc=0 t_gens=0s t=6s
(1759,161) C0=1560001 □ K=50000
  TL/BR: rank[2,2] gens=2 src=pari sat=1 tors=8 states=800000 hmax=344913.3 primes=150 surv=9 exact=7 badbase=0 hits7=[(9, False), (9, False), (9, False), (9, False), (9, False), (9, False), (9, False)] exc=0 t_gens=0s t=5s
  TL/D: rank[2,2] gens=2 src=pari sat=1 tors=4 states=400000 hmax=170527.0 primes=150 surv=13 exact=11 badbase=0 hits7=[(9, False), (9, False), (9, False), (9, False), (9, False), (9, False), (9, False), (9, False), (9, False), (9, False), (9, False)] exc=0 t_gens=0s t=4s
  BR/D: rank[2,2] gens=2 src=pari sat=1 tors=4 states=400000 hmax=171568.9 primes=150 surv=13 exact=11 badbase=0 hits7=[(9, False), (9, False), (9, False), (9, False), (9, False), (9, False), (9, False), (9, False), (9, False), (9, False), (9, False)] exc=0 t_gens=0s t=5s
  BL/TR: rank[2,2] gens=1 INCOMPLETE src=pari+mwrank sat=1 tors=8 states=800000 hmax=17401473520.1 primes=150 surv=9 exact=7 badbase=0 hits7=[(9, False), (9, False), (9, False), (9, False), (9, False), (9, False), (9, False)] exc=0 t_gens=11s t=15s
  BL/D: rank[2,2] gens=2 src=pari sat=1 tors=4 states=400000 hmax=171568.9 primes=150 surv=13 exact=11 badbase=0 hits7=[(9, False), (9, False), (9, False), (9, False), (9, False), (9, False), (9, False), (9, False), (9, False), (9, False), (9, False)] exc=0 t_gens=0s t=4s
  TR/D: rank[2,2] gens=2 src=pari sat=1 tors=4 states=400000 hmax=170527.0 primes=150 surv=13 exact=11 badbase=0 hits7=[(9, False), (9, False), (9, False), (9, False), (9, False), (9, False), (9, False), (9, False), (9, False), (9, False), (9, False)] exc=0 t_gens=0s t=3s
(1777,889) C0=1974025 □ K=50000
  TL/BR: rank[1,1] gens=1 src=pari sat=1 tors=8 states=800000 hmax=18255819762.7 primes=150 surv=9 exact=7 badbase=0 hits7=[(9, False), (9, False), (9, False), (9, False), (9, False), (9, False), (9, False)] exc=0 t_gens=0s t=4s
  TL/D: rank[3,3] gens=3 src=pari sat=1 tors=4 states=400000 hmax=5048.2 primes=150 surv=13 exact=11 badbase=0 hits7=[(9, False), (9, False), (9, False), (9, False), (9, False), (9, False), (9, False), (9, False), (9, False), (9, False), (9, False)] exc=0 t_gens=0s t=4s
  BR/D: rank[2,2] gens=2 src=pari+mwrank sat=1 tors=4 states=400000 hmax=174225.5 primes=150 surv=13 exact=11 badbase=0 hits7=[(9, False), (9, False), (9, False), (9, False), (9, False), (9, False), (9, False), (9, False), (9, False), (9, False), (9, False)] exc=0 t_gens=3s t=6s
  BL/TR: rank[2,2] gens=1 INCOMPLETE src=pari+mwrank sat=1 tors=8 states=800000 hmax=17890384461.3 primes=150 surv=9 exact=7 badbase=0 hits7=[(9, False), (9, False), (9, False), (9, False), (9, False), (9, False), (9, False)] exc=0 t_gens=17s t=21s
  BL/D: rank[2,2] gens=2 src=pari+mwrank sat=1 tors=4 states=400000 hmax=174225.5 primes=150 surv=13 exact=11 badbase=0 hits7=[(9, False), (9, False), (9, False), (9, False), (9, False), (9, False), (9, False), (9, False), (9, False), (9, False), (9, False)] exc=0 t_gens=1s t=4s
  TR/D: rank[3,3] gens=3 src=pari sat=1 tors=4 states=400000 hmax=5048.2 primes=150 surv=13 exact=11 badbase=0 hits7=[(9, False), (9, False), (9, False), (9, False), (9, False), (9, False), (9, False), (9, False), (9, False), (9, False), (9, False)] exc=0 t_gens=0s t=4s
(1663,1207) C0=2111209 □ K=50000
  TL/BR: rank[2,2] gens=1 INCOMPLETE src=pari+mwrank sat=1 tors=8 states=800000 hmax=18288291943.2 primes=150 surv=9 exact=7 badbase=0 hits7=[(9, False), (9, False), (9, False), (9, False), (9, False), (9, False), (9, False)] exc=0 t_gens=16s t=20s
  TL/D: rank[2,2] gens=2 src=pari sat=1 tors=4 states=400000 hmax=174893.5 primes=150 surv=13 exact=11 badbase=0 hits7=[(9, False), (9, False), (9, False), (9, False), (9, False), (9, False), (9, False), (9, False), (9, False), (9, False), (9, False)] exc=0 t_gens=0s t=5s
  BR/D: rank[1,3] gens=2 INCOMPLETE src=pari+mwrank sat=1 tors=4 states=400000 hmax=174928.3 primes=150 surv=13 exact=11 badbase=0 hits7=[(9, False), (9, False), (9, False), (9, False), (9, False), (9, False), (9, False), (9, False), (9, False), (9, False), (9, False)] exc=0 t_gens=29s t=34s
  BL/TR: rank[1,3] gens=1 INCOMPLETE src=pari+mwrank sat=1 tors=8 states=800000 hmax=18095525921.2 primes=150 surv=9 exact=7 badbase=0 hits7=[(9, False), (9, False), (9, False), (9, False), (9, False), (9, False), (9, False)] exc=0 t_gens=43s t=47s
  BL/D: rank[1,3] gens=2 INCOMPLETE src=pari+mwrank sat=1 tors=4 states=400000 hmax=174928.3 primes=150 surv=13 exact=11 badbase=0 hits7=[(9, False), (9, False), (9, False), (9, False), (9, False), (9, False), (9, False), (9, False), (9, False), (9, False), (9, False)] exc=0 t_gens=26s t=30s
  TR/D: rank[2,2] gens=2 src=pari sat=1 tors=4 states=400000 hmax=174893.5 primes=150 surv=13 exact=11 badbase=0 hits7=[(9, False), (9, False), (9, False), (9, False), (9, False), (9, False), (9, False), (9, False), (9, False), (9, False), (9, False)] exc=0 t_gens=0s t=4s
(1799,1039) C0=2157961 □ K=50000
  TL/BR: rank[3,3] gens=3 src=pari sat=1 tors=8 states=800000 hmax=8505.3 primes=150 surv=9 exact=7 badbase=0 hits7=[(9, False), (9, False), (9, False), (9, False), (9, False), (9, False), (9, False)] exc=0 t_gens=0s t=5s
  TL/D: rank[2,2] gens=2 src=pari sat=1 tors=4 states=400000 hmax=175034.2 primes=150 surv=13 exact=11 badbase=0 hits7=[(9, False), (9, False), (9, False), (9, False), (9, False), (9, False), (9, False), (9, False), (9, False), (9, False), (9, False)] exc=0 t_gens=0s t=4s
  BR/D: rank[4,4] gens=4 src=pari sat=1 tors=4 states=400000 hmax=746.8 primes=150 surv=13 exact=11 badbase=0 hits7=[(9, False), (9, False), (9, False), (9, False), (9, False), (9, False), (9, False), (9, False), (9, False), (9, False), (9, False)] exc=0 t_gens=0s t=4s
  BL/TR: rank[1,1] gens=1 src=pari sat=1 tors=8 states=800000 hmax=18045825821.4 primes=150 surv=9 exact=7 badbase=0 hits7=[(9, False), (9, False), (9, False), (9, False), (9, False), (9, False), (9, False)] exc=0 t_gens=0s t=4s
  BL/D: rank[4,4] gens=4 src=pari sat=1 tors=4 states=400000 hmax=746.8 primes=150 surv=17 exact=14 badbase=0 hits7=[(9, False), (9, False), (9, False), (9, False), (9, False), (9, False), (9, False), (9, False), (9, False), (9, False), (9, False), (9, False), (9, False), (9, False)] exc=0 t_gens=0s t=4s
  TR/D: rank[2,2] gens=2 src=pari sat=1 tors=4 states=400000 hmax=175034.2 primes=150 surv=13 exact=11 badbase=0 hits7=[(9, False), (9, False), (9, False), (9, False), (9, False), (9, False), (9, False), (9, False), (9, False), (9, False), (9, False)] exc=0 t_gens=0s t=3s
(1783,287) C0=1630729 □ K=50000
  TL/BR: rank[3,3] gens=3 src=pari sat=1 tors=8 states=800000 hmax=10324.4 primes=150 surv=9 exact=7 badbase=0 hits7=[(9, False), (9, False), (9, False), (9, False), (9, False), (9, False), (9, False)] exc=0 t_gens=0s t=5s
  TL/D: rank[3,3] gens=3 src=pari sat=1 tors=4 states=400000 hmax=5672.6 primes=150 surv=13 exact=11 badbase=0 hits7=[(9, False), (9, False), (9, False), (9, False), (9, False), (9, False), (9, False), (9, False), (9, False), (9, False), (9, False)] exc=0 t_gens=0s t=4s
  BR/D: rank[2,2] gens=2 src=pari sat=1 tors=4 states=400000 hmax=172083.8 primes=150 surv=13 exact=11 badbase=0 hits7=[(9, False), (9, False), (9, False), (9, False), (9, False), (9, False), (9, False), (9, False), (9, False), (9, False), (9, False)] exc=0 t_gens=0s t=3s
  BL/TR: rank[2,2] gens=1 INCOMPLETE src=pari+mwrank sat=1 tors=8 states=800000 hmax=17475879729.2 primes=150 surv=9 exact=7 badbase=0 hits7=[(9, False), (9, False), (9, False), (9, False), (9, False), (9, False), (9, False)] exc=0 t_gens=7s t=11s
  BL/D: rank[2,2] gens=2 src=pari sat=1 tors=4 states=400000 hmax=172083.8 primes=150 surv=13 exact=11 badbase=0 hits7=[(9, False), (9, False), (9, False), (9, False), (9, False), (9, False), (9, False), (9, False), (9, False), (9, False), (9, False)] exc=0 t_gens=0s t=4s
  TR/D: rank[3,3] gens=3 src=pari sat=1 tors=4 states=400000 hmax=5672.6 primes=150 surv=13 exact=11 badbase=0 hits7=[(9, False), (9, False), (9, False), (9, False), (9, False), (9, False), (9, False), (9, False), (9, False), (9, False), (9, False)] exc=0 t_gens=0s t=4s
(1799,1681) C0=3031081 □ K=50000
  TL/BR: rank[2,2] gens=2 src=pari+mwrank sat=1 tors=8 states=800000 hmax=873790.4 primes=150 surv=9 exact=7 badbase=0 hits7=[(9, False), (9, False), (9, False), (9, False), (9, False), (9, False), (9, False)] exc=0 t_gens=6s t=11s
  TL/D: rank[2,2] gens=2 src=pari sat=1 tors=4 states=400000 hmax=178958.5 primes=150 surv=13 exact=10 badbase=0 hits7=[(9, False), (9, False), (9, False), (9, False), (9, False), (9, False), (9, False), (9, False), (9, False), (9, False)] exc=0 t_gens=0s t=4s
  BR/D: rank[3,3] gens=3 src=pari sat=1 tors=4 states=400000 hmax=7549.9 primes=150 surv=13 exact=10 badbase=0 hits7=[(9, False), (9, False), (9, False), (9, False), (9, False), (9, False), (9, False), (9, False), (9, False), (9, False)] exc=0 t_gens=0s t=4s
  BL/TR: rank[1,1] gens=1 src=pari sat=1 tors=8 states=800000 hmax=18633832784.3 primes=150 surv=9 exact=7 badbase=0 hits7=[(9, False), (9, False), (9, False), (9, False), (9, False), (9, False), (9, False)] exc=0 t_gens=0s t=4s
  BL/D: rank[3,3] gens=3 src=pari sat=1 tors=4 states=400000 hmax=7549.9 primes=150 surv=13 exact=11 badbase=0 hits7=[(9, False), (9, False), (9, False), (9, False), (9, False), (9, False), (9, False), (9, False), (9, False), (9, False), (9, False)] exc=0 t_gens=0s t=4s
  TR/D: rank[2,2] gens=2 src=pari sat=1 tors=4 states=400000 hmax=178958.5 primes=150 surv=13 exact=11 badbase=0 hits7=[(9, False), (9, False), (9, False), (9, False), (9, False), (9, False), (9, False), (9, False), (9, False), (9, False), (9, False)] exc=0 t_gens=0s t=4s
(1817,31) C0=1651225 □ K=50000
  TL/BR: rank[2,2] gens=2 src=pari sat=1 tors=8 states=800000 hmax=313793.7 primes=150 surv=9 exact=7 badbase=0 hits7=[(9, False), (9, False), (9, False), (9, False), (9, False), (9, False), (9, False)] exc=0 t_gens=0s t=5s
  TL/D: rank[2,2] gens=2 src=pari sat=1 tors=4 states=400000 hmax=170505.0 primes=150 surv=13 exact=11 badbase=0 hits7=[(9, False), (9, False), (9, False), (9, False), (9, False), (9, False), (9, False), (9, False), (9, False), (9, False), (9, False)] exc=0 t_gens=0s t=4s
  BR/D: rank[3,3] gens=3 src=pari sat=1 tors=4 states=400000 hmax=4662.4 primes=150 surv=13 exact=11 badbase=0 hits7=[(9, False), (9, False), (9, False), (9, False), (9, False), (9, False), (9, False), (9, False), (9, False), (9, False), (9, False)] exc=0 t_gens=0s t=4s
  BL/TR: rank[1,1] gens=1 src=pari sat=1 tors=8 states=800000 hmax=17463400372.3 primes=150 surv=9 exact=7 badbase=0 hits7=[(9, False), (9, False), (9, False), (9, False), (9, False), (9, False), (9, False)] exc=0 t_gens=0s t=4s
  BL/D: rank[3,3] gens=3 src=pari sat=1 tors=4 states=400000 hmax=4662.4 primes=150 surv=13 exact=11 badbase=0 hits7=[(9, False), (9, False), (9, False), (9, False), (9, False), (9, False), (9, False), (9, False), (9, False), (9, False), (9, False)] exc=0 t_gens=0s t=4s
  TR/D: rank[2,2] gens=2 src=pari sat=1 tors=4 states=400000 hmax=170505.0 primes=150 surv=13 exact=11 badbase=0 hits7=[(9, False), (9, False), (9, False), (9, False), (9, False), (9, False), (9, False), (9, False), (9, False), (9, False), (9, False)] exc=0 t_gens=0s t=3s
(1817,1193) C0=2362369 □ K=50000
  TL/BR: rank[2,2] gens=2 src=pari sat=1 tors=8 states=800000 hmax=204237.7 primes=150 surv=9 exact=7 badbase=0 hits7=[(9, False), (9, False), (9, False), (9, False), (9, False), (9, False), (9, False)] exc=0 t_gens=0s t=7s
  TL/D: rank[3,3] gens=3 src=pari+mwrank sat=2 tors=4 states=400000 hmax=8444.4 primes=150 surv=13 exact=11 badbase=0 hits7=[(9, False), (9, False), (9, False), (9, False), (9, False), (9, False), (9, False), (9, False), (9, False), (9, False), (9, False)] exc=0 t_gens=3s t=6s
  BR/D: rank[2,2] gens=2 src=pari sat=1 tors=4 states=400000 hmax=176223.8 primes=150 surv=13 exact=11 badbase=0 hits7=[(9, False), (9, False), (9, False), (9, False), (9, False), (9, False), (9, False), (9, False), (9, False), (9, False), (9, False)] exc=0 t_gens=0s t=4s
  BL/TR: rank[1,1] gens=1 src=pari sat=1 tors=8 states=800000 hmax=18201522700.2 primes=150 surv=9 exact=7 badbase=0 hits7=[(9, False), (9, False), (9, False), (9, False), (9, False), (9, False), (9, False)] exc=0 t_gens=0s t=4s
  BL/D: rank[2,2] gens=2 src=pari sat=1 tors=4 states=400000 hmax=176223.8 primes=150 surv=13 exact=11 badbase=0 hits7=[(9, False), (9, False), (9, False), (9, False), (9, False), (9, False), (9, False), (9, False), (9, False), (9, False), (9, False)] exc=0 t_gens=0s t=4s
  TR/D: rank[3,3] gens=3 src=pari+mwrank sat=2 tors=4 states=400000 hmax=8444.4 primes=150 surv=13 exact=11 badbase=0 hits7=[(9, False), (9, False), (9, False), (9, False), (9, False), (9, False), (9, False), (9, False), (9, False), (9, False), (9, False)] exc=0 t_gens=1s t=5s
(1673,1361) C0=2325625 □ K=50000
  TL/BR: rank[2,2] gens=2 src=pari sat=1 tors=8 states=800000 hmax=416341.4 primes=150 surv=9 exact=7 badbase=0 hits7=[(9, False), (9, False), (9, False), (9, False), (9, False), (9, False), (9, False)] exc=0 t_gens=0s t=6s
  TL/D: rank[3,3] gens=3 src=pari sat=1 tors=4 states=400000 hmax=8146.9 primes=150 surv=13 exact=11 badbase=0 hits7=[(9, False), (9, False), (9, False), (9, False), (9, False), (9, False), (9, False), (9, False), (9, False), (9, False), (9, False)] exc=0 t_gens=0s t=4s
  BR/D: rank[2,2] gens=2 src=pari+mwrank sat=1 tors=4 states=400000 hmax=176035.0 primes=150 surv=13 exact=11 badbase=0 hits7=[(9, False), (9, False), (9, False), (9, False), (9, False), (9, False), (9, False), (9, False), (9, False), (9, False), (9, False)] exc=0 t_gens=69s t=73s
  BL/TR: rank[1,1] gens=1 src=pari sat=1 tors=8 states=800000 hmax=18255980745.1 primes=150 surv=9 exact=7 badbase=0 hits7=[(9, False), (9, False), (9, False), (9, False), (9, False), (9, False), (9, False)] exc=0 t_gens=0s t=6s
  BL/D: rank[0,2] gens=2 src=pari+mwrank sat=1 tors=4 states=400000 hmax=176035.0 primes=150 surv=13 exact=11 badbase=0 hits7=[(9, False), (9, False), (9, False), (9, False), (9, False), (9, False), (9, False), (9, False), (9, False), (9, False), (9, False)] exc=0 t_gens=68s t=73s
  TR/D: rank[3,3] gens=3 src=pari sat=1 tors=4 states=400000 hmax=8146.9 primes=150 surv=13 exact=11 badbase=0 hits7=[(9, False), (9, False), (9, False), (9, False), (9, False), (9, False), (9, False), (9, False), (9, False), (9, False), (9, False)] exc=0 t_gens=0s t=6s
(1801,679) C0=1852321 □ K=50000
  TL/BR: rank[1,1] gens=1 src=pari sat=1 tors=8 states=800000 hmax=18184125134.1 primes=150 surv=9 exact=7 badbase=0 hits7=[(9, False), (9, False), (9, False), (9, False), (9, False), (9, False), (9, False)] exc=0 t_gens=0s t=4s
  TL/D: rank[4,4] gens=4 src=pari sat=1 tors=4 states=400000 hmax=1000.1 primes=150 surv=13 exact=11 badbase=0 hits7=[(9, False), (9, False), (9, False), (9, False), (9, False), (9, False), (9, False), (9, False), (9, False), (9, False), (9, False)] exc=0 t_gens=1s t=4s
  BR/D: rank[3,3] gens=3 src=pari+mwrank sat=1 tors=4 states=400000 hmax=8223.4 primes=150 surv=13 exact=11 badbase=0 hits7=[(9, False), (9, False), (9, False), (9, False), (9, False), (9, False), (9, False), (9, False), (9, False), (9, False), (9, False)] exc=0 t_gens=3s t=6s
  BL/TR: rank[2,2] gens=1 INCOMPLETE src=pari+mwrank sat=1 tors=8 states=800000 hmax=17739056271.8 primes=150 surv=9 exact=7 badbase=0 hits7=[(9, False), (9, False), (9, False), (9, False), (9, False), (9, False), (9, False)] exc=0 t_gens=14s t=18s
  BL/D: rank[3,3] gens=3 src=pari+mwrank sat=1 tors=4 states=400000 hmax=8223.4 primes=150 surv=13 exact=11 badbase=0 hits7=[(9, False), (9, False), (9, False), (9, False), (9, False), (9, False), (9, False), (9, False), (9, False), (9, False), (9, False)] exc=0 t_gens=1s t=5s
  TR/D: rank[4,4] gens=4 src=pari sat=1 tors=4 states=400000 hmax=1000.1 primes=150 surv=13 exact=11 badbase=0 hits7=[(9, False), (9, False), (9, False), (9, False), (9, False), (9, False), (9, False), (9, False), (9, False), (9, False), (9, False)] exc=0 t_gens=1s t=5s
(1841,1513) C0=2839225 □ K=50000
  TL/BR: rank[1,1] gens=1 src=pari sat=1 tors=8 states=800000 hmax=18629779404.3 primes=150 surv=9 exact=7 badbase=0 hits7=[(9, False), (9, False), (9, False), (9, False), (9, False), (9, False), (9, False)] exc=0 t_gens=0s t=5s
  TL/D: rank[3,3] gens=3 src=pari sat=1 tors=4 states=400000 hmax=5925.9 primes=150 surv=13 exact=11 badbase=0 hits7=[(9, False), (9, False), (9, False), (9, False), (9, False), (9, False), (9, False), (9, False), (9, False), (9, False), (9, False)] exc=0 t_gens=0s t=5s
  BR/D: rank[3,3] gens=3 src=pari sat=1 tors=4 states=400000 hmax=6268.7 primes=150 surv=13 exact=11 badbase=0 hits7=[(9, False), (9, False), (9, False), (9, False), (9, False), (9, False), (9, False), (9, False), (9, False), (9, False), (9, False)] exc=0 t_gens=1s t=4s
  BL/TR: rank[1,1] gens=1 src=pari sat=1 tors=8 states=800000 hmax=18508913255.9 primes=150 surv=9 exact=7 badbase=0 hits7=[(9, False), (9, False), (9, False), (9, False), (9, False), (9, False), (9, False)] exc=0 t_gens=0s t=3s
  BL/D: rank[3,3] gens=3 src=pari sat=1 tors=4 states=400000 hmax=6268.7 primes=150 surv=13 exact=11 badbase=0 hits7=[(9, False), (9, False), (9, False), (9, False), (9, False), (9, False), (9, False), (9, False), (9, False), (9, False), (9, False)] exc=0 t_gens=0s t=4s
  TR/D: rank[3,3] gens=3 src=pari sat=1 tors=4 states=400000 hmax=5925.9 primes=150 surv=13 exact=11 badbase=0 hits7=[(9, False), (9, False), (9, False), (9, False), (9, False), (9, False), (9, False), (9, False), (9, False), (9, False), (9, False)] exc=0 t_gens=0s t=4s
(1679,1519) C0=2563201 □ K=50000
  TL/BR: rank[1,1] gens=1 src=pari sat=1 tors=8 states=800000 hmax=18475960569.7 primes=150 surv=9 exact=7 badbase=0 hits7=[(9, False), (9, False), (9, False), (9, False), (9, False), (9, False), (9, False)] exc=0 t_gens=0s t=5s
  TL/D: rank[2,2] gens=2 src=pari sat=1 tors=4 states=400000 hmax=177063.6 primes=150 surv=13 exact=11 badbase=0 hits7=[(9, False), (9, False), (9, False), (9, False), (9, False), (9, False), (9, False), (9, False), (9, False), (9, False), (9, False)] exc=0 t_gens=0s t=4s
  BR/D: rank[2,2] gens=2 src=pari+mwrank sat=1 tors=4 states=400000 hmax=177144.1 primes=150 surv=13 exact=11 badbase=0 hits7=[(9, False), (9, False), (9, False), (9, False), (9, False), (9, False), (9, False), (9, False), (9, False), (9, False), (9, False)] exc=0 t_gens=78s t=81s
  BL/TR: rank[1,1] gens=1 src=pari sat=1 tors=8 states=800000 hmax=18413606591.0 primes=150 surv=9 exact=7 badbase=0 hits7=[(9, False), (9, False), (9, False), (9, False), (9, False), (9, False), (9, False)] exc=0 t_gens=0s t=4s
  BL/D: rank[2,2] gens=2 src=pari+mwrank sat=1 tors=4 states=400000 hmax=177144.1 primes=150 surv=13 exact=11 badbase=0 hits7=[(9, False), (9, False), (9, False), (9, False), (9, False), (9, False), (9, False), (9, False), (9, False), (9, False), (9, False)] exc=0 t_gens=79s t=84s
  TR/D: rank[2,2] gens=2 src=pari sat=1 tors=4 states=400000 hmax=177063.6 primes=150 surv=13 exact=11 badbase=0 hits7=[(9, False), (9, False), (9, False), (9, False), (9, False), (9, False), (9, False), (9, False), (9, False), (9, False), (9, False)] exc=0 t_gens=0s t=6s
(1823,353) C0=1723969 □ K=50000
  TL/BR: rank[2,2] gens=2 src=pari sat=1 tors=8 states=800000 hmax=568367.0 primes=150 surv=9 exact=7 badbase=0 hits7=[(9, False), (9, False), (9, False), (9, False), (9, False), (9, False), (9, False)] exc=0 t_gens=0s t=5s
  TL/D: rank[3,3] gens=3 src=pari sat=3 tors=4 states=400000 hmax=5241.5 primes=150 surv=13 exact=11 badbase=0 hits7=[(9, False), (9, False), (9, False), (9, False), (9, False), (9, False), (9, False), (9, False), (9, False), (9, False), (9, False)] exc=0 t_gens=0s t=4s
  BR/D: rank[3,3] gens=3 src=pari sat=1 tors=4 states=400000 hmax=7308.0 primes=150 surv=13 exact=11 badbase=0 hits7=[(9, False), (9, False), (9, False), (9, False), (9, False), (9, False), (9, False), (9, False), (9, False), (9, False), (9, False)] exc=0 t_gens=0s t=4s
  BL/TR: rank[2,2] gens=1 INCOMPLETE src=pari+mwrank sat=1 tors=8 states=800000 hmax=17557375419.2 primes=150 surv=9 exact=7 badbase=0 hits7=[(9, False), (9, False), (9, False), (9, False), (9, False), (9, False), (9, False)] exc=0 t_gens=20s t=26s
  BL/D: rank[3,3] gens=3 src=pari sat=1 tors=4 states=400000 hmax=7308.0 primes=150 surv=13 exact=11 badbase=0 hits7=[(9, False), (9, False), (9, False), (9, False), (9, False), (9, False), (9, False), (9, False), (9, False), (9, False), (9, False)] exc=0 t_gens=0s t=4s
  TR/D: rank[3,3] gens=3 src=pari sat=3 tors=4 states=400000 hmax=5241.5 primes=150 surv=13 exact=11 badbase=0 hits7=[(9, False), (9, False), (9, False), (9, False), (9, False), (9, False), (9, False), (9, False), (9, False), (9, False), (9, False)] exc=0 t_gens=0s t=5s
(1847,1679) C0=3115225 □ K=50000
  TL/BR: rank[2,2] gens=2 src=pari sat=1 tors=8 states=800000 hmax=251920.0 primes=150 surv=9 exact=7 badbase=0 hits7=[(9, False), (9, False), (9, False), (9, False), (9, False), (9, False), (9, False)] exc=0 t_gens=0s t=5s
  TL/D: rank[3,3] gens=3 src=pari sat=1 tors=4 states=400000 hmax=3762.4 primes=150 surv=13 exact=11 badbase=0 hits7=[(9, False), (9, False), (9, False), (9, False), (9, False), (9, False), (9, False), (9, False), (9, False), (9, False), (9, False)] exc=0 t_gens=0s t=4s
  BR/D: rank[3,3] gens=3 src=pari sat=1 tors=4 states=400000 hmax=8210.1 primes=150 surv=13 exact=11 badbase=0 hits7=[(9, False), (9, False), (9, False), (9, False), (9, False), (9, False), (9, False), (9, False), (9, False), (9, False), (9, False)] exc=0 t_gens=0s t=4s
  BL/TR: rank[2,2] gens=2 src=pari sat=1 tors=8 states=800000 hmax=344070.7 primes=150 surv=9 exact=7 badbase=0 hits7=[(9, False), (9, False), (9, False), (9, False), (9, False), (9, False), (9, False)] exc=0 t_gens=0s t=5s
  BL/D: rank[3,3] gens=3 src=pari sat=1 tors=4 states=400000 hmax=8210.1 primes=150 surv=13 exact=11 badbase=0 hits7=[(9, False), (9, False), (9, False), (9, False), (9, False), (9, False), (9, False), (9, False), (9, False), (9, False), (9, False)] exc=0 t_gens=0s t=4s
  TR/D: rank[3,3] gens=3 src=pari sat=1 tors=4 states=400000 hmax=3762.4 primes=150 surv=13 exact=11 badbase=0 hits7=[(9, False), (9, False), (9, False), (9, False), (9, False), (9, False), (9, False), (9, False), (9, False), (9, False), (9, False)] exc=0 t_gens=0s t=6s
(1831,1351) C0=2588881 □ K=50000
  TL/BR: rank[3,3] gens=3 src=pari sat=1 tors=8 states=800000 hmax=13030.2 primes=150 surv=9 exact=7 badbase=0 hits7=[(9, False), (9, False), (9, False), (9, False), (9, False), (9, False), (9, False)] exc=0 t_gens=0s t=5s
  TL/D: rank[2,2] gens=2 src=pari sat=1 tors=4 states=400000 hmax=177195.1 primes=150 surv=13 exact=11 badbase=0 hits7=[(9, False), (9, False), (9, False), (9, False), (9, False), (9, False), (9, False), (9, False), (9, False), (9, False), (9, False)] exc=0 t_gens=0s t=4s
  BR/D: rank[3,3] gens=2 INCOMPLETE src=pari+mwrank sat=1 tors=4 states=400000 hmax=177210.8 primes=150 surv=13 exact=11 badbase=0 hits7=[(9, False), (9, False), (9, False), (9, False), (9, False), (9, False), (9, False), (9, False), (9, False), (9, False), (9, False)] exc=0 t_gens=33s t=36s
  BL/TR: rank[2,2] gens=2 src=pari+mwrank sat=1 tors=8 states=800000 hmax=704995.8 primes=150 surv=9 exact=7 badbase=0 hits7=[(9, False), (9, False), (9, False), (9, False), (9, False), (9, False), (9, False)] exc=0 t_gens=1s t=5s
  BL/D: rank[3,3] gens=2 INCOMPLETE src=pari+mwrank sat=1 tors=4 states=400000 hmax=177210.8 primes=150 surv=13 exact=11 badbase=0 hits7=[(9, False), (9, False), (9, False), (9, False), (9, False), (9, False), (9, False), (9, False), (9, False), (9, False), (9, False)] exc=0 t_gens=27s t=30s
  TR/D: rank[2,2] gens=2 src=pari sat=1 tors=4 states=400000 hmax=177195.1 primes=150 surv=13 exact=11 badbase=0 hits7=[(9, False), (9, False), (9, False), (9, False), (9, False), (9, False), (9, False), (9, False), (9, False), (9, False), (9, False)] exc=0 t_gens=0s t=4s
(1879,553) C0=1918225 □ K=50000
  TL/BR: rank[2,2] gens=2 src=pari sat=1 tors=8 states=800000 hmax=334548.2 primes=150 surv=9 exact=7 badbase=0 hits7=[(9, False), (9, False), (9, False), (9, False), (9, False), (9, False), (9, False)] exc=0 t_gens=0s t=5s
  TL/D: rank[2,2] gens=2 src=pari+mwrank sat=2 tors=4 states=400000 hmax=173485.2 primes=150 surv=13 exact=11 badbase=0 hits7=[(9, False), (9, False), (9, False), (9, False), (9, False), (9, False), (9, False), (9, False), (9, False), (9, False), (9, False)] exc=0 t_gens=2s t=6s
  BR/D: rank[2,2] gens=2 src=pari sat=1 tors=4 states=400000 hmax=173882.4 primes=150 surv=13 exact=11 badbase=0 hits7=[(9, False), (9, False), (9, False), (9, False), (9, False), (9, False), (9, False), (9, False), (9, False), (9, False), (9, False)] exc=0 t_gens=0s t=4s
  BL/TR: rank[2,2] gens=1 INCOMPLETE src=pari+mwrank sat=1 tors=8 states=800000 hmax=17737356656.0 primes=150 surv=9 exact=7 badbase=0 hits7=[(9, False), (9, False), (9, False), (9, False), (9, False), (9, False), (9, False)] exc=0 t_gens=12s t=18s
  BL/D: rank[2,2] gens=2 src=pari sat=1 tors=4 states=400000 hmax=173882.4 primes=150 surv=13 exact=11 badbase=0 hits7=[(9, False), (9, False), (9, False), (9, False), (9, False), (9, False), (9, False), (9, False), (9, False), (9, False), (9, False)] exc=0 t_gens=0s t=5s
  TR/D: rank[2,2] gens=2 src=pari+mwrank sat=2 tors=4 states=400000 hmax=173485.2 primes=150 surv=13 exact=11 badbase=0 hits7=[(9, False), (9, False), (9, False), (9, False), (9, False), (9, False), (9, False), (9, False), (9, False), (9, False), (9, False)] exc=0 t_gens=1s t=4s
(1871,103) C0=1755625 □ K=50000
  TL/BR: rank[2,2] gens=2 src=pari sat=1 tors=8 states=800000 hmax=355360.0 primes=150 surv=9 exact=7 badbase=0 hits7=[(9, False), (9, False), (9, False), (9, False), (9, False), (9, False), (9, False)] exc=0 t_gens=0s t=5s
  TL/D: rank[4,4] gens=4 src=pari sat=5 tors=4 states=400000 hmax=608.3 primes=150 surv=13 exact=11 badbase=0 hits7=[(9, False), (9, False), (9, False), (9, False), (9, False), (9, False), (9, False), (9, False), (9, False), (9, False), (9, False)] exc=0 t_gens=1s t=5s
  BR/D: rank[1,3] gens=2 INCOMPLETE src=pari+mwrank sat=1 tors=4 states=400000 hmax=172918.8 primes=150 surv=13 exact=11 badbase=0 hits7=[(9, False), (9, False), (9, False), (9, False), (9, False), (9, False), (9, False), (9, False), (9, False), (9, False), (9, False)] exc=0 t_gens=23s t=27s
  BL/TR: rank[1,1] gens=1 src=pari sat=1 tors=8 states=800000 hmax=17543147763.8 primes=150 surv=9 exact=7 badbase=0 hits7=[(9, False), (9, False), (9, False), (9, False), (9, False), (9, False), (9, False)] exc=0 t_gens=0s t=4s
  BL/D: rank[1,3] gens=2 INCOMPLETE src=pari+mwrank sat=1 tors=4 states=400000 hmax=172918.8 primes=150 surv=13 exact=11 badbase=0 hits7=[(9, False), (9, False), (9, False), (9, False), (9, False), (9, False), (9, False), (9, False), (9, False), (9, False), (9, False)] exc=0 t_gens=20s t=24s
  TR/D: rank[4,4] gens=4 src=pari sat=5 tors=4 states=400000 hmax=608.3 primes=150 surv=13 exact=11 badbase=0 hits7=[(9, False), (9, False), (9, False), (9, False), (9, False), (9, False), (9, False), (9, False), (9, False), (9, False), (9, False)] exc=0 t_gens=1s t=4s
(1897,713) C0=2053489 □ K=50000
  TL/BR: rank[1,1] gens=1 src=pari sat=1 tors=8 states=800000 hmax=18312968823.1 primes=150 surv=9 exact=7 badbase=0 hits7=[(9, False), (9, False), (9, False), (9, False), (9, False), (9, False), (9, False)] exc=0 t_gens=0s t=4s
  TL/D: rank[4,4] gens=4 src=pari sat=3 tors=4 states=400000 hmax=642.1 primes=150 surv=13 exact=11 badbase=0 hits7=[(9, False), (9, False), (9, False), (9, False), (9, False), (9, False), (9, False), (9, False), (9, False), (9, False), (9, False)] exc=0 t_gens=1s t=5s
  BR/D: rank[2,2] gens=2 src=pari sat=1 tors=4 states=400000 hmax=174675.8 primes=150 surv=13 exact=11 badbase=0 hits7=[(9, False), (9, False), (9, False), (9, False), (9, False), (9, False), (9, False), (9, False), (9, False), (9, False), (9, False)] exc=0 t_gens=0s t=4s
  BL/TR: rank[3,3] gens=3 src=pari sat=1 tors=8 states=800000 hmax=8377.2 primes=150 surv=9 exact=7 badbase=0 hits7=[(9, False), (9, False), (9, False), (9, False), (9, False), (9, False), (9, False)] exc=0 t_gens=0s t=5s
  BL/D: rank[2,2] gens=2 src=pari sat=1 tors=4 states=400000 hmax=174675.8 primes=150 surv=13 exact=11 badbase=0 hits7=[(9, False), (9, False), (9, False), (9, False), (9, False), (9, False), (9, False), (9, False), (9, False), (9, False), (9, False)] exc=0 t_gens=0s t=4s
  TR/D: rank[4,4] gens=4 src=pari sat=3 tors=4 states=400000 hmax=642.1 primes=150 surv=13 exact=11 badbase=0 hits7=[(9, False), (9, False), (9, False), (9, False), (9, False), (9, False), (9, False), (9, False), (9, False), (9, False), (9, False)] exc=0 t_gens=1s t=6s
(1873,1103) C0=2362369 □ K=50000
  TL/BR: rank[1,3] gens=1 INCOMPLETE src=pari+mwrank sat=1 tors=8 states=800000 hmax=18464124036.2 primes=150 surv=9 exact=7 badbase=0 hits7=[(9, False), (9, False), (9, False), (9, False), (9, False), (9, False), (9, False)] exc=0 t_gens=42s t=47s
  TL/D: rank[1,3] gens=3 src=pari+mwrank sat=2 tors=4 states=400000 hmax=4608.4 primes=150 surv=13 exact=11 badbase=0 hits7=[(9, False), (9, False), (9, False), (9, False), (9, False), (9, False), (9, False), (9, False), (9, False), (9, False), (9, False)] exc=0 t_gens=1s t=6s
  BR/D: rank[2,2] gens=2 src=pari+mwrank sat=1 tors=4 states=400000 hmax=176228.8 primes=150 surv=13 exact=11 badbase=0 hits7=[(9, False), (9, False), (9, False), (9, False), (9, False), (9, False), (9, False), (9, False), (9, False), (9, False), (9, False)] exc=0 t_gens=1s t=6s
  BL/TR: rank[2,2] gens=2 src=pari+mwrank sat=1 tors=8 states=800000 hmax=609407.6 primes=150 surv=9 exact=7 badbase=0 hits7=[(9, False), (9, False), (9, False), (9, False), (9, False), (9, False), (9, False)] exc=0 t_gens=1s t=7s
  BL/D: rank[2,2] gens=2 src=pari+mwrank sat=1 tors=4 states=400000 hmax=176228.8 primes=150 surv=13 exact=11 badbase=0 hits7=[(9, False), (9, False), (9, False), (9, False), (9, False), (9, False), (9, False), (9, False), (9, False), (9, False), (9, False)] exc=0 t_gens=1s t=6s
  TR/D: rank[1,3] gens=3 src=pari+mwrank sat=2 tors=4 states=400000 hmax=4608.4 primes=150 surv=13 exact=11 badbase=0 hits7=[(9, False), (9, False), (9, False), (9, False), (9, False), (9, False), (9, False), (9, False), (9, False), (9, False), (9, False)] exc=0 t_gens=1s t=6s
(1889,223) C0=1809025 □ K=50000
  TL/BR: rank[1,1] gens=1 src=pari+mwrank sat=1 tors=8 states=800000 hmax=18063872004.5 primes=150 surv=9 exact=7 badbase=0 hits7=[(9, False), (9, False), (9, False), (9, False), (9, False), (9, False), (9, False)] exc=0 t_gens=57s t=62s
  TL/D: rank[4,4] gens=4 src=pari sat=3 tors=4 states=400000 hmax=802.5 primes=150 surv=13 exact=11 badbase=0 hits7=[(9, False), (9, False), (9, False), (9, False), (9, False), (9, False), (9, False), (9, False), (9, False), (9, False), (9, False)] exc=0 t_gens=1s t=4s
  BR/D: rank[2,2] gens=2 src=pari sat=1 tors=4 states=400000 hmax=173246.6 primes=150 surv=13 exact=11 badbase=0 hits7=[(9, False), (9, False), (9, False), (9, False), (9, False), (9, False), (9, False), (9, False), (9, False), (9, False), (9, False)] exc=0 t_gens=0s t=5s
  BL/TR: rank[1,1] gens=1 src=pari sat=1 tors=8 states=800000 hmax=17592730683.5 primes=150 surv=9 exact=7 badbase=0 hits7=[(9, False), (9, False), (9, False), (9, False), (9, False), (9, False), (9, False)] exc=0 t_gens=0s t=6s
  BL/D: rank[2,2] gens=2 src=pari sat=1 tors=4 states=400000 hmax=173246.6 primes=150 surv=13 exact=11 badbase=0 hits7=[(9, False), (9, False), (9, False), (9, False), (9, False), (9, False), (9, False), (9, False), (9, False), (9, False), (9, False)] exc=0 t_gens=0s t=3s
  TR/D: rank[4,4] gens=4 src=pari sat=3 tors=4 states=400000 hmax=802.5 primes=150 surv=13 exact=11 badbase=0 hits7=[(9, False), (9, False), (9, False), (9, False), (9, False), (9, False), (9, False), (9, False), (9, False), (9, False), (9, False)] exc=0 t_gens=1s t=6s
(1921,241) C0=1874161 □ K=50000
  TL/BR: rank[2,2] gens=2 src=pari sat=1 tors=8 states=800000 hmax=472581.1 primes=150 surv=9 exact=7 badbase=0 hits7=[(9, False), (9, False), (9, False), (9, False), (9, False), (9, False), (9, False)] exc=0 t_gens=0s t=6s
  TL/D: rank[3,3] gens=3 src=pari sat=1 tors=4 states=400000 hmax=5314.0 primes=150 surv=13 exact=11 badbase=0 hits7=[(9, False), (9, False), (9, False), (9, False), (9, False), (9, False), (9, False), (9, False), (9, False), (9, False), (9, False)] exc=0 t_gens=0s t=4s
  BR/D: rank[3,3] gens=3 src=pari+mwrank sat=1 tors=4 states=400000 hmax=7824.9 primes=150 surv=13 exact=11 badbase=0 hits7=[(9, False), (9, False), (9, False), (9, False), (9, False), (9, False), (9, False), (9, False), (9, False), (9, False), (9, False)] exc=0 t_gens=3s t=7s
  BL/TR: rank[2,2] gens=2 src=pari sat=1 tors=8 states=800000 hmax=198826.9 primes=150 surv=9 exact=7 badbase=0 hits7=[(9, False), (9, False), (9, False), (9, False), (9, False), (9, False), (9, False)] exc=0 t_gens=0s t=5s
  BL/D: rank[3,3] gens=3 src=pari sat=1 tors=4 states=400000 hmax=7824.9 primes=150 surv=13 exact=11 badbase=0 hits7=[(9, False), (9, False), (9, False), (9, False), (9, False), (9, False), (9, False), (9, False), (9, False), (9, False), (9, False)] exc=0 t_gens=0s t=4s
  TR/D: rank[3,3] gens=3 src=pari sat=1 tors=4 states=400000 hmax=5314.0 primes=150 surv=13 exact=11 badbase=0 hits7=[(9, False), (9, False), (9, False), (9, False), (9, False), (9, False), (9, False), (9, False), (9, False), (9, False), (9, False)] exc=0 t_gens=0s t=4s
(1921,1799) C0=3463321 □ K=50000
  TL/BR: rank[1,1] gens=1 src=pari sat=1 tors=8 states=800000 hmax=18842138346.5 primes=150 surv=9 exact=7 badbase=0 hits7=[(9, False), (9, False), (9, False), (9, False), (9, False), (9, False), (9, False)] exc=0 t_gens=0s t=6s
  TL/D: rank[4,4] gens=4 src=pari sat=1 tors=4 states=400000 hmax=1192.4 primes=150 surv=13 exact=10 badbase=0 hits7=[(9, False), (9, False), (9, False), (9, False), (9, False), (9, False), (9, False), (9, False), (9, False), (9, False)] exc=0 t_gens=0s t=6s
  BR/D: rank[3,3] gens=3 src=pari sat=1 tors=4 states=400000 hmax=5469.7 primes=150 surv=13 exact=10 badbase=0 hits7=[(9, False), (9, False), (9, False), (9, False), (9, False), (9, False), (9, False), (9, False), (9, False), (9, False)] exc=0 t_gens=0s t=4s
  BL/TR: rank[2,2] gens=2 src=pari sat=1 tors=8 states=800000 hmax=449054.4 primes=150 surv=9 exact=7 badbase=0 hits7=[(9, False), (9, False), (9, False), (9, False), (9, False), (9, False), (9, False)] exc=0 t_gens=0s t=5s
  BL/D: rank[3,3] gens=3 src=pari sat=3 tors=4 states=400000 hmax=5469.7 primes=150 surv=13 exact=11 badbase=0 hits7=[(9, False), (9, False), (9, False), (9, False), (9, False), (9, False), (9, False), (9, False), (9, False), (9, False), (9, False)] exc=0 t_gens=0s t=4s
  TR/D: rank[4,4] gens=4 src=pari sat=1 tors=4 states=400000 hmax=1192.4 primes=150 surv=13 exact=11 badbase=0 hits7=[(9, False), (9, False), (9, False), (9, False), (9, False), (9, False), (9, False), (9, False), (9, False), (9, False), (9, False)] exc=0 t_gens=0s t=4s
(1897,1327) C0=2679769 □ K=50000
  TL/BR: rank[2,2] gens=2 src=pari sat=1 tors=8 states=800000 hmax=488256.9 primes=150 surv=9 exact=7 badbase=0 hits7=[(9, False), (9, False), (9, False), (9, False), (9, False), (9, False), (9, False)] exc=0 t_gens=0s t=5s
  TL/D: rank[1,3] gens=2 INCOMPLETE src=pari+mwrank sat=2 tors=4 states=400000 hmax=177547.1 primes=150 surv=13 exact=11 badbase=0 hits7=[(9, False), (9, False), (9, False), (9, False), (9, False), (9, False), (9, False), (9, False), (9, False), (9, False), (9, False)] exc=0 t_gens=25s t=31s
  BR/D: rank[3,3] gens=3 src=pari+mwrank sat=1 tors=4 states=400000 hmax=9318.5 primes=150 surv=13 exact=11 badbase=0 hits7=[(9, False), (9, False), (9, False), (9, False), (9, False), (9, False), (9, False), (9, False), (9, False), (9, False), (9, False)] exc=0 t_gens=1s t=7s
  BL/TR: rank[2,2] gens=2 src=pari+mwrank sat=1 tors=8 states=800000 hmax=626232.3 primes=150 surv=9 exact=7 badbase=0 hits7=[(9, False), (9, False), (9, False), (9, False), (9, False), (9, False), (9, False)] exc=0 t_gens=1s t=5s
  BL/D: rank[3,3] gens=3 src=pari+mwrank sat=1 tors=4 states=400000 hmax=9318.5 primes=150 surv=13 exact=11 badbase=0 hits7=[(9, False), (9, False), (9, False), (9, False), (9, False), (9, False), (9, False), (9, False), (9, False), (9, False), (9, False)] exc=0 t_gens=1s t=7s
  TR/D: rank[1,3] gens=2 INCOMPLETE src=pari+mwrank sat=2 tors=4 states=400000 hmax=177547.1 primes=150 surv=13 exact=11 badbase=0 hits7=[(9, False), (9, False), (9, False), (9, False), (9, False), (9, False), (9, False), (9, False), (9, False), (9, False), (9, False)] exc=0 t_gens=23s t=26s
(1967,383) C0=2007889 □ K=50000
  TL/BR: rank[2,2] gens=2 src=pari sat=1 tors=8 states=800000 hmax=550835.4 primes=150 surv=9 exact=7 badbase=0 hits7=[(9, False), (9, False), (9, False), (9, False), (9, False), (9, False), (9, False)] exc=0 t_gens=0s t=5s
  TL/D: rank[4,4] gens=4 src=pari sat=1 tors=4 states=400000 hmax=1000.6 primes=150 surv=13 exact=11 badbase=0 hits7=[(9, False), (9, False), (9, False), (9, False), (9, False), (9, False), (9, False), (9, False), (9, False), (9, False), (9, False)] exc=0 t_gens=0s t=4s
  BR/D: rank[4,4] gens=4 src=pari sat=1 tors=4 states=400000 hmax=925.7 primes=150 surv=13 exact=11 badbase=0 hits7=[(9, False), (9, False), (9, False), (9, False), (9, False), (9, False), (9, False), (9, False), (9, False), (9, False), (9, False)] exc=0 t_gens=1s t=4s
  BL/TR: rank[2,2] gens=2 src=pari sat=1 tors=8 states=800000 hmax=334878.3 primes=150 surv=9 exact=7 badbase=0 hits7=[(9, False), (9, False), (9, False), (9, False), (9, False), (9, False), (9, False)] exc=0 t_gens=0s t=5s
  BL/D: rank[4,4] gens=4 src=pari sat=1 tors=4 states=400000 hmax=925.7 primes=150 surv=13 exact=11 badbase=0 hits7=[(9, False), (9, False), (9, False), (9, False), (9, False), (9, False), (9, False), (9, False), (9, False), (9, False), (9, False)] exc=0 t_gens=1s t=4s
  TR/D: rank[4,4] gens=4 src=pari sat=1 tors=4 states=400000 hmax=1000.6 primes=150 surv=13 exact=11 badbase=0 hits7=[(9, False), (9, False), (9, False), (9, False), (9, False), (9, False), (9, False), (9, False), (9, False), (9, False), (9, False)] exc=0 t_gens=0s t=3s
(1951,89) C0=1907161 □ K=50000
  TL/BR: rank[2,2] gens=1 INCOMPLETE src=pari+mwrank sat=1 tors=8 states=800000 hmax=18043750701.5 primes=150 surv=9 exact=7 badbase=0 hits7=[(9, False), (9, False), (9, False), (9, False), (9, False), (9, False), (9, False)] exc=0 t_gens=20s t=24s
  TL/D: rank[2,2] gens=2 src=pari sat=1 tors=4 states=400000 hmax=172504.6 primes=150 surv=13 exact=11 badbase=0 hits7=[(9, False), (9, False), (9, False), (9, False), (9, False), (9, False), (9, False), (9, False), (9, False), (9, False), (9, False)] exc=0 t_gens=0s t=4s
  BR/D: rank[2,2] gens=2 src=pari sat=1 tors=4 states=400000 hmax=173835.8 primes=150 surv=13 exact=11 badbase=0 hits7=[(9, False), (9, False), (9, False), (9, False), (9, False), (9, False), (9, False), (9, False), (9, False), (9, False), (9, False)] exc=0 t_gens=0s t=4s
  BL/TR: rank[2,2] gens=1 INCOMPLETE src=pari+mwrank sat=1 tors=8 states=800000 hmax=17645560268.5 primes=150 surv=9 exact=7 badbase=0 hits7=[(9, False), (9, False), (9, False), (9, False), (9, False), (9, False), (9, False)] exc=0 t_gens=8s t=12s
  BL/D: rank[2,2] gens=2 src=pari sat=1 tors=4 states=400000 hmax=173835.8 primes=150 surv=13 exact=11 badbase=0 hits7=[(9, False), (9, False), (9, False), (9, False), (9, False), (9, False), (9, False), (9, False), (9, False), (9, False), (9, False)] exc=0 t_gens=0s t=3s
  TR/D: rank[2,2] gens=2 src=pari sat=1 tors=4 states=400000 hmax=172504.6 primes=150 surv=13 exact=11 badbase=0 hits7=[(9, False), (9, False), (9, False), (9, False), (9, False), (9, False), (9, False), (9, False), (9, False), (9, False), (9, False)] exc=0 t_gens=0s t=4s
(1927,863) C0=2229049 □ K=50000
  TL/BR: rank[1,1] gens=1 src=pari sat=1 tors=8 states=800000 hmax=18413528578.7 primes=150 surv=9 exact=7 badbase=0 hits7=[(9, False), (9, False), (9, False), (9, False), (9, False), (9, False), (9, False)] exc=0 t_gens=0s t=5s
  TL/D: rank[2,2] gens=2 src=pari+mwrank sat=1 tors=4 states=400000 hmax=175349.4 primes=150 surv=13 exact=11 badbase=0 hits7=[(9, False), (9, False), (9, False), (9, False), (9, False), (9, False), (9, False), (9, False), (9, False), (9, False), (9, False)] exc=0 t_gens=2s t=6s
  BR/D: rank[2,2] gens=2 src=pari sat=1 tors=4 states=400000 hmax=175594.3 primes=150 surv=13 exact=11 badbase=0 hits7=[(9, False), (9, False), (9, False), (9, False), (9, False), (9, False), (9, False), (9, False), (9, False), (9, False), (9, False)] exc=0 t_gens=0s t=3s
  BL/TR: rank[1,1] gens=1 src=pari+mwrank sat=1 tors=8 states=800000 hmax=18011621493.3 primes=150 surv=9 exact=7 badbase=0 hits7=[(9, False), (9, False), (9, False), (9, False), (9, False), (9, False), (9, False)] exc=0 t_gens=39s t=43s
  BL/D: rank[2,2] gens=2 src=pari sat=1 tors=4 states=400000 hmax=175594.3 primes=150 surv=13 exact=11 badbase=0 hits7=[(9, False), (9, False), (9, False), (9, False), (9, False), (9, False), (9, False), (9, False), (9, False), (9, False), (9, False)] exc=0 t_gens=0s t=4s
  TR/D: rank[2,2] gens=2 src=pari+mwrank sat=1 tors=4 states=400000 hmax=175349.4 primes=150 surv=13 exact=11 badbase=0 hits7=[(9, False), (9, False), (9, False), (9, False), (9, False), (9, False), (9, False), (9, False), (9, False), (9, False), (9, False)] exc=0 t_gens=1s t=4s
(1967,977) C0=2411809 □ K=50000
  TL/BR: rank[2,2] gens=1 INCOMPLETE src=pari+mwrank sat=1 tors=8 states=800000 hmax=18506697031.8 primes=150 surv=9 exact=7 badbase=0 hits7=[(9, False), (9, False), (9, False), (9, False), (9, False), (9, False), (9, False)] exc=0 t_gens=11s t=15s
  TL/D: rank[3,3] gens=3 src=pari sat=1 tors=4 states=400000 hmax=6654.3 primes=150 surv=13 exact=11 badbase=0 hits7=[(9, False), (9, False), (9, False), (9, False), (9, False), (9, False), (9, False), (9, False), (9, False), (9, False), (9, False)] exc=0 t_gens=0s t=4s
  BR/D: rank[2,2] gens=2 src=pari sat=1 tors=4 states=400000 hmax=176502.9 primes=150 surv=13 exact=11 badbase=0 hits7=[(9, False), (9, False), (9, False), (9, False), (9, False), (9, False), (9, False), (9, False), (9, False), (9, False), (9, False)] exc=0 t_gens=0s t=4s
  BL/TR: rank[1,1] gens=1 src=pari sat=1 tors=8 states=800000 hmax=18138677684.7 primes=150 surv=9 exact=7 badbase=0 hits7=[(9, False), (9, False), (9, False), (9, False), (9, False), (9, False), (9, False)] exc=0 t_gens=0s t=4s
  BL/D: rank[2,2] gens=2 src=pari sat=1 tors=4 states=400000 hmax=176502.9 primes=150 surv=13 exact=11 badbase=0 hits7=[(9, False), (9, False), (9, False), (9, False), (9, False), (9, False), (9, False), (9, False), (9, False), (9, False), (9, False)] exc=0 t_gens=0s t=4s
  TR/D: rank[3,3] gens=3 src=pari sat=1 tors=4 states=400000 hmax=6654.3 primes=150 surv=13 exact=11 badbase=0 hits7=[(9, False), (9, False), (9, False), (9, False), (9, False), (9, False), (9, False), (9, False), (9, False), (9, False), (9, False)] exc=0 t_gens=0s t=4s
(1999,1201) C0=2719201 □ K=50000
  TL/BR: rank[1,1] gens=1 src=pari sat=1 tors=8 states=800000 hmax=18637308079.7 primes=150 surv=9 exact=7 badbase=0 hits7=[(9, False), (9, False), (9, False), (9, False), (9, False), (9, False), (9, False)] exc=0 t_gens=0s t=4s
  TL/D: rank[2,2] gens=2 src=pari sat=1 tors=4 states=400000 hmax=177660.3 primes=150 surv=13 exact=11 badbase=0 hits7=[(9, False), (9, False), (9, False), (9, False), (9, False), (9, False), (9, False), (9, False), (9, False), (9, False), (9, False)] exc=0 t_gens=0s t=4s
  BR/D: rank[2,2] gens=2 src=pari sat=1 tors=4 states=400000 hmax=177806.4 primes=150 surv=13 exact=11 badbase=0 hits7=[(9, False), (9, False), (9, False), (9, False), (9, False), (9, False), (9, False), (9, False), (9, False), (9, False), (9, False)] exc=0 t_gens=0s t=4s
  BL/TR: rank[1,1] gens=1 src=pari sat=1 tors=8 states=800000 hmax=18347633356.5 primes=150 surv=9 exact=7 badbase=0 hits7=[(9, False), (9, False), (9, False), (9, False), (9, False), (9, False), (9, False)] exc=0 t_gens=0s t=4s
  BL/D: rank[2,2] gens=2 src=pari sat=1 tors=4 states=400000 hmax=177806.4 primes=150 surv=13 exact=11 badbase=0 hits7=[(9, False), (9, False), (9, False), (9, False), (9, False), (9, False), (9, False), (9, False), (9, False), (9, False), (9, False)] exc=0 t_gens=0s t=4s
  TR/D: rank[2,2] gens=2 src=pari sat=1 tors=4 states=400000 hmax=177660.3 primes=150 surv=13 exact=11 badbase=0 hits7=[(9, False), (9, False), (9, False), (9, False), (9, False), (9, False), (9, False), (9, False), (9, False), (9, False), (9, False)] exc=0 t_gens=0s t=4s
(1913,1559) C0=3045025 □ K=50000
  TL/BR: rank[2,2] gens=1 INCOMPLETE src=pari+mwrank sat=1 tors=8 states=800000 hmax=18719380628.9 primes=150 surv=9 exact=7 badbase=0 hits7=[(9, False), (9, False), (9, False), (9, False), (9, False), (9, False), (9, False)] exc=0 t_gens=12s t=16s
  TL/D: rank[3,3] gens=3 src=pari sat=1 tors=4 states=400000 hmax=5967.2 primes=150 surv=13 exact=11 badbase=0 hits7=[(9, False), (9, False), (9, False), (9, False), (9, False), (9, False), (9, False), (9, False), (9, False), (9, False), (9, False)] exc=0 t_gens=0s t=4s
  BR/D: rank[3,3] gens=3 src=pari sat=1 tors=4 states=400000 hmax=8154.6 primes=150 surv=13 exact=11 badbase=0 hits7=[(9, False), (9, False), (9, False), (9, False), (9, False), (9, False), (9, False), (9, False), (9, False), (9, False), (9, False)] exc=0 t_gens=0s t=4s
  BL/TR: rank[2,2] gens=2 src=pari+mwrank sat=1 tors=8 states=800000 hmax=292192.9 primes=150 surv=9 exact=7 badbase=0 hits7=[(9, False), (9, False), (9, False), (9, False), (9, False), (9, False), (9, False)] exc=0 t_gens=95s t=100s
  BL/D: rank[3,3] gens=3 src=pari sat=1 tors=4 states=400000 hmax=8154.6 primes=150 surv=13 exact=11 badbase=0 hits7=[(9, False), (9, False), (9, False), (9, False), (9, False), (9, False), (9, False), (9, False), (9, False), (9, False), (9, False)] exc=0 t_gens=0s t=3s
  TR/D: rank[3,3] gens=3 src=pari sat=1 tors=4 states=400000 hmax=5967.2 primes=150 surv=13 exact=11 badbase=0 hits7=[(9, False), (9, False), (9, False), (9, False), (9, False), (9, False), (9, False), (9, False), (9, False), (9, False), (9, False)] exc=0 t_gens=0s t=4s
(1993,1337) C0=2879809 □ K=50000
  TL/BR: rank[2,2] gens=2 src=pari sat=1 tors=8 states=800000 hmax=283047.7 primes=150 surv=9 exact=7 badbase=0 hits7=[(9, False), (9, False), (9, False), (9, False), (9, False), (9, False), (9, False)] exc=0 t_gens=0s t=5s
  TL/D: rank[0,2] gens=2 src=pari+mwrank sat=1 tors=4 states=400000 hmax=178360.8 primes=150 surv=13 exact=11 badbase=0 hits7=[(9, False), (9, False), (9, False), (9, False), (9, False), (9, False), (9, False), (9, False), (9, False), (9, False), (9, False)] exc=0 t_gens=92s t=96s
  BR/D: rank[2,2] gens=2 src=pari sat=1 tors=4 states=400000 hmax=178426.2 primes=150 surv=13 exact=11 badbase=0 hits7=[(9, False), (9, False), (9, False), (9, False), (9, False), (9, False), (9, False), (9, False), (9, False), (9, False), (9, False)] exc=0 t_gens=0s t=3s
  BL/TR: rank[2,2] gens=1 INCOMPLETE src=pari+mwrank sat=1 tors=8 states=800000 hmax=18456438066.0 primes=150 surv=9 exact=7 badbase=0 hits7=[(9, False), (9, False), (9, False), (9, False), (9, False), (9, False), (9, False)] exc=0 t_gens=8s t=11s
  BL/D: rank[2,2] gens=2 src=pari sat=1 tors=4 states=400000 hmax=178426.2 primes=150 surv=13 exact=11 badbase=0 hits7=[(9, False), (9, False), (9, False), (9, False), (9, False), (9, False), (9, False), (9, False), (9, False), (9, False), (9, False)] exc=0 t_gens=0s t=3s
  TR/D: rank[2,2] gens=2 src=pari+mwrank sat=2 tors=4 states=400000 hmax=178360.8 primes=150 surv=13 exact=11 badbase=0 hits7=[(9, False), (9, False), (9, False), (9, False), (9, False), (9, False), (9, False), (9, False), (9, False), (9, False), (9, False)] exc=0 t_gens=67s t=71s
