(2023,1433) C0=3073009 □ K=50000
  TL/BR: rank[1,1] gens=1 src=pari sat=1 tors=8 states=800000 hmax=18762512623.9 primes=150 surv=9 exact=7 badbase=0 hits7=[(9, False), (9, False), (9, False), (9, False), (9, False), (9, False), (9, False)] exc=0 t_gens=0s t=3s
  TL/D: rank[2,2] gens=2 src=pari sat=1 tors=4 states=400000 hmax=179081.9 primes=150 surv=13 exact=11 badbase=0 hits7=[(9, False), (9, False), (9, False), (9, False), (9, False), (9, False), (9, False), (9, False), (9, False), (9, False), (9, False)] exc=0 t_gens=0s t=4s
  BR/D: rank[3,3] gens=3 src=pari sat=1 tors=4 states=400000 hmax=5832.3 primes=150 surv=13 exact=11 badbase=0 hits7=[(9, False), (9, False), (9, False), (9, False), (9, False), (9, False), (9, False), (9, False), (9, False), (9, False), (9, False)] exc=0 t_gens=1s t=5s
  BL/TR: rank[2,2] gens=2 src=pari sat=1 tors=8 states=800000 hmax=267271.6 primes=150 surv=9 exact=7 badbase=0 hits7=[(9, False), (9, False), (9, False), (9, False), (9, False), (9, False), (9, False)] exc=0 t_gens=0s t=7s
  BL/D: rank[3,3] gens=3 src=pari sat=1 tors=4 states=400000 hmax=5832.3 primes=150 surv=13 exact=11 badbase=0 hits7=[(9, False), (9, False), (9, False), (9, False), (9, False), (9, False), (9, False), (9, False), (9, False), (9, False), (9, False)] exc=0 t_gens=1s t=4s
  TR/D: rank[2,2] gens=2 src=pari sat=1 tors=4 states=400000 hmax=179081.9 primes=150 surv=13 exact=11 badbase=0 hits7=[(9, False), (9, False), (9, False), (9, False), (9, False), (9, False), (9, False), (9, False), (9, False), (9, False), (9, False)] exc=0 t_gens=0s t=3s
(2009,631) C0=2217121 □ K=50000
  TL/BR: rank[1,1] gens=1 src=pari sat=1 tors=8 states=800000 hmax=18403480308.4 primes=150 surv=9 exact=7 badbase=0 hits7=[(9, False), (9, False), (9, False), (9, False), (9, False), (9, False), (9, False)] exc=0 t_gens=0s t=4s
  TL/D: rank[2,2] gens=2 src=pari sat=1 tors=4 states=400000 hmax=175141.7 primes=150 surv=13 exact=11 badbase=0 hits7=[(9, False), (9, False), (9, False), (9, False), (9, False), (9, False), (9, False), (9, False), (9, False), (9, False), (9, False)] exc=0 t_gens=0s t=5s
  BR/D: rank[3,3] gens=3 src=pari sat=3 tors=4 states=400000 hmax=5607.6 primes=150 surv=13 exact=11 badbase=0 hits7=[(9, False), (9, False), (9, False), (9, False), (9, False), (9, False), (9, False), (9, False), (9, False), (9, False), (9, False)] exc=0 t_gens=1s t=4s
  BL/TR: rank[2,2] gens=2 src=pari sat=1 tors=8 states=800000 hmax=430471.8 primes=150 surv=9 exact=7 badbase=0 hits7=[(9, False), (9, False), (9, False), (9, False), (9, False), (9, False), (9, False)] exc=0 t_gens=0s t=5s
  BL/D: rank[3,3] gens=3 src=pari sat=3 tors=4 states=400000 hmax=5607.6 primes=150 surv=13 exact=11 badbase=0 hits7=[(9, False), (9, False), (9, False), (9, False), (9, False), (9, False), (9, False), (9, False), (9, False), (9, False), (9, False)] exc=0 t_gens=0s t=5s
  TR/D: rank[2,2] gens=2 src=pari sat=1 tors=4 states=400000 hmax=175141.7 primes=150 surv=13 exact=11 badbase=0 hits7=[(9, False), (9, False), (9, False), (9, False), (9, False), (9, False), (9, False), (9, False), (9, False), (9, False), (9, False)] exc=0 t_gens=0s t=3s
(2047,1921) C0=3940225 □ K=50000
  TL/BR: rank[1,1] gens=1 src=pari sat=1 tors=8 states=800000 hmax=19002783650.2 primes=150 surv=9 exact=7 badbase=0 hits7=[(9, False), (9, False), (9, False), (9, False), (9, False), (9, False), (9, False)] exc=0 t_gens=0s t=6s
  TL/D: rank[2,2] gens=2 src=pari sat=1 tors=4 states=400000 hmax=181919.6 primes=150 surv=13 exact=10 badbase=0 hits7=[(9, False), (9, False), (9, False), (9, False), (9, False), (9, False), (9, False), (9, False), (9, False), (9, False)] exc=0 t_gens=0s t=3s
  BR/D: rank[2,2] gens=2 src=pari sat=1 tors=4 states=400000 hmax=181968.2 primes=150 surv=13 exact=10 badbase=0 hits7=[(9, False), (9, False), (9, False), (9, False), (9, False), (9, False), (9, False), (9, False), (9, False), (9, False)] exc=0 t_gens=0s t=5s
  BL/TR: rank[1,1] gens=1 src=pari sat=1 tors=8 states=800000 hmax=18963138482.6 primes=150 surv=9 exact=7 badbase=0 hits7=[(9, False), (9, False), (9, False), (9, False), (9, False), (9, False), (9, False)] exc=0 t_gens=0s t=5s
  BL/D: rank[2,2] gens=2 src=pari sat=1 tors=4 states=400000 hmax=181968.2 primes=150 surv=13 exact=11 badbase=0 hits7=[(9, False), (9, False), (9, False), (9, False), (9, False), (9, False), (9, False), (9, False), (9, False), (9, False), (9, False)] exc=0 t_gens=0s t=4s
  TR/D: rank[2,2] gens=2 src=pari sat=1 tors=4 states=400000 hmax=181919.6 primes=150 surv=13 exact=11 badbase=0 hits7=[(9, False), (9, False), (9, False), (9, False), (9, False), (9, False), (9, False), (9, False), (9, False), (9, False), (9, False)] exc=0 t_gens=0s t=4s
(2017,1673) C0=3433609 □ K=50000
  TL/BR: rank[2,2] gens=2 src=pari sat=1 tors=8 states=800000 hmax=210537.1 primes=150 surv=9 exact=7 badbase=0 hits7=[(9, False), (9, False), (9, False), (9, False), (9, False), (9, False), (9, False)] exc=0 t_gens=0s t=6s
  TL/D: rank[3,3] gens=3 src=pari sat=1 tors=4 states=400000 hmax=4299.1 primes=150 surv=13 exact=11 badbase=0 hits7=[(9, False), (9, False), (9, False), (9, False), (9, False), (9, False), (9, False), (9, False), (9, False), (9, False), (9, False)] exc=0 t_gens=0s t=4s
  BR/D: rank[3,3] gens=3 src=pari sat=1 tors=4 states=400000 hmax=7623.6 primes=150 surv=13 exact=11 badbase=0 hits7=[(9, False), (9, False), (9, False), (9, False), (9, False), (9, False), (9, False), (9, False), (9, False), (9, False), (9, False)] exc=0 t_gens=0s t=4s
  BL/TR: rank[2,2] gens=2 src=pari+mwrank sat=1 tors=8 states=800000 hmax=601234.2 primes=150 surv=9 exact=7 badbase=0 hits7=[(9, False), (9, False), (9, False), (9, False), (9, False), (9, False), (9, False)] exc=0 t_gens=3s t=7s
  BL/D: rank[3,3] gens=3 src=pari sat=1 tors=4 states=400000 hmax=7623.6 primes=150 surv=13 exact=11 badbase=0 hits7=[(9, False), (9, False), (9, False), (9, False), (9, False), (9, False), (9, False), (9, False), (9, False), (9, False), (9, False)] exc=0 t_gens=0s t=4s
  TR/D: rank[3,3] gens=3 src=pari sat=1 tors=4 states=400000 hmax=4299.1 primes=150 surv=13 exact=11 badbase=0 hits7=[(9, False), (9, False), (9, False), (9, False), (9, False), (9, False), (9, False), (9, False), (9, False), (9, False), (9, False)] exc=0 t_gens=0s t=4s
(2047,679) C0=2325625 □ K=50000
  TL/BR: rank[3,3] gens=3 src=pari sat=1 tors=8 states=800000 hmax=4990.2 primes=150 surv=9 exact=7 badbase=0 hits7=[(9, False), (9, False), (9, False), (9, False), (9, False), (9, False), (9, False)] exc=0 t_gens=0s t=6s
  TL/D: rank[2,2] gens=2 src=pari sat=1 tors=4 states=400000 hmax=175733.9 primes=150 surv=13 exact=11 badbase=0 hits7=[(9, False), (9, False), (9, False), (9, False), (9, False), (9, False), (9, False), (9, False), (9, False), (9, False), (9, False)] exc=0 t_gens=0s t=6s
  BR/D: rank[2,2] gens=2 src=pari sat=1 tors=4 states=400000 hmax=176075.4 primes=150 surv=13 exact=11 badbase=0 hits7=[(9, False), (9, False), (9, False), (9, False), (9, False), (9, False), (9, False), (9, False), (9, False), (9, False), (9, False)] exc=0 t_gens=0s t=6s
  BL/TR: rank[1,1] gens=1 src=pari sat=1 tors=8 states=800000 hmax=17998075489.1 primes=150 surv=9 exact=7 badbase=0 hits7=[(9, False), (9, False), (9, False), (9, False), (9, False), (9, False), (9, False)] exc=0 t_gens=0s t=7s
  BL/D: rank[2,2] gens=2 src=pari sat=1 tors=4 states=400000 hmax=176075.4 primes=150 surv=13 exact=11 badbase=0 hits7=[(9, False), (9, False), (9, False), (9, False), (9, False), (9, False), (9, False), (9, False), (9, False), (9, False), (9, False)] exc=0 t_gens=0s t=4s
  TR/D: rank[2,2] gens=2 src=pari sat=1 tors=4 states=400000 hmax=175733.9 primes=150 surv=13 exact=11 badbase=0 hits7=[(9, False), (9, False), (9, False), (9, False), (9, False), (9, False), (9, False), (9, False), (9, False), (9, False), (9, False)] exc=0 t_gens=0s t=4s
(2009,529) C0=2157961 □ K=50000
  TL/BR: rank[2,2] gens=2 src=pari sat=1 tors=8 states=800000 hmax=392902.0 primes=150 surv=9 exact=7 badbase=0 hits7=[(9, False), (9, False), (9, False), (9, False), (9, False), (9, False), (9, False)] exc=0 t_gens=0s t=6s
  TL/D: rank[2,2] gens=2 src=pari sat=1 tors=4 states=400000 hmax=174740.9 primes=150 surv=13 exact=11 badbase=0 hits7=[(9, False), (9, False), (9, False), (9, False), (9, False), (9, False), (9, False), (9, False), (9, False), (9, False), (9, False)] exc=0 t_gens=0s t=5s
  BR/D: rank[3,3] gens=3 src=pari sat=1 tors=4 states=400000 hmax=3910.4 primes=150 surv=13 exact=11 badbase=0 hits7=[(9, False), (9, False), (9, False), (9, False), (9, False), (9, False), (9, False), (9, False), (9, False), (9, False), (9, False)] exc=0 t_gens=0s t=6s
  BL/TR: rank[3,3] gens=3 src=pari sat=1 tors=8 states=800000 hmax=3928.9 primes=150 surv=9 exact=7 badbase=0 hits7=[(9, False), (9, False), (9, False), (9, False), (9, False), (9, False), (9, False)] exc=0 t_gens=1s t=8s
  BL/D: rank[3,3] gens=3 src=pari sat=1 tors=4 states=400000 hmax=3910.4 primes=150 surv=13 exact=11 badbase=0 hits7=[(9, False), (9, False), (9, False), (9, False), (9, False), (9, False), (9, False), (9, False), (9, False), (9, False), (9, False)] exc=0 t_gens=0s t=6s
  TR/D: rank[2,2] gens=2 src=pari sat=1 tors=4 states=400000 hmax=174740.9 primes=150 surv=13 exact=11 badbase=0 hits7=[(9, False), (9, False), (9, False), (9, False), (9, False), (9, False), (9, False), (9, False), (9, False), (9, False), (9, False)] exc=0 t_gens=0s t=6s
(2087,497) C0=2301289 □ K=50000
  TL/BR: rank[2,2] gens=2 src=pari sat=1 tors=8 states=800000 hmax=187375.8 primes=150 surv=9 exact=7 badbase=0 hits7=[(9, False), (9, False), (9, False), (9, False), (9, False), (9, False), (9, False)] exc=0 t_gens=0s t=6s
  TL/D: rank[3,3] gens=3 src=pari sat=1 tors=4 states=400000 hmax=5044.5 primes=150 surv=13 exact=11 badbase=0 hits7=[(9, False), (9, False), (9, False), (9, False), (9, False), (9, False), (9, False), (9, False), (9, False), (9, False), (9, False)] exc=0 t_gens=0s t=4s
  BR/D: rank[3,3] gens=3 src=pari sat=1 tors=4 states=400000 hmax=4384.5 primes=150 surv=13 exact=11 badbase=0 hits7=[(9, False), (9, False), (9, False), (9, False), (9, False), (9, False), (9, False), (9, False), (9, False), (9, False), (9, False)] exc=0 t_gens=0s t=4s
  BL/TR: rank[2,2] gens=1 INCOMPLETE src=pari+mwrank sat=1 tors=8 states=800000 hmax=17937420685.4 primes=150 surv=9 exact=7 badbase=0 hits7=[(9, False), (9, False), (9, False), (9, False), (9, False), (9, False), (9, False)] exc=0 t_gens=19s t=25s
  BL/D: rank[3,3] gens=3 src=pari sat=1 tors=4 states=400000 hmax=4384.5 primes=150 surv=13 exact=11 badbase=0 hits7=[(9, False), (9, False), (9, False), (9, False), (9, False), (9, False), (9, False), (9, False), (9, False), (9, False), (9, False)] exc=0 t_gens=0s t=5s
  TR/D: rank[3,3] gens=3 src=pari sat=1 tors=4 states=400000 hmax=5044.5 primes=150 surv=13 exact=11 badbase=0 hits7=[(9, False), (9, False), (9, False), (9, False), (9, False), (9, False), (9, False), (9, False), (9, False), (9, False), (9, False)] exc=0 t_gens=1s t=4s
(2113,337) C0=2289169 □ K=50000
  TL/BR: rank[2,2] gens=2 src=pari sat=1 tors=8 states=800000 hmax=381195.7 primes=150 surv=9 exact=7 badbase=0 hits7=[(9, False), (9, False), (9, False), (9, False), (9, False), (9, False), (9, False)] exc=0 t_gens=0s t=6s
  TL/D: rank[2,2] gens=2 src=pari sat=1 tors=4 states=400000 hmax=175180.5 primes=150 surv=13 exact=11 badbase=0 hits7=[(9, False), (9, False), (9, False), (9, False), (9, False), (9, False), (9, False), (9, False), (9, False), (9, False), (9, False)] exc=0 t_gens=0s t=3s
  BR/D: rank[3,3] gens=3 src=pari sat=1 tors=4 states=400000 hmax=4440.7 primes=150 surv=13 exact=11 badbase=0 hits7=[(9, False), (9, False), (9, False), (9, False), (9, False), (9, False), (9, False), (9, False), (9, False), (9, False), (9, False)] exc=0 t_gens=0s t=4s
  BL/TR: rank[1,1] gens=1 src=pari sat=1 tors=8 states=800000 hmax=17899333266.9 primes=150 surv=9 exact=7 badbase=0 hits7=[(9, False), (9, False), (9, False), (9, False), (9, False), (9, False), (9, False)] exc=0 t_gens=0s t=5s
  BL/D: rank[3,3] gens=3 src=pari sat=1 tors=4 states=400000 hmax=4440.7 primes=150 surv=13 exact=11 badbase=0 hits7=[(9, False), (9, False), (9, False), (9, False), (9, False), (9, False), (9, False), (9, False), (9, False), (9, False), (9, False)] exc=0 t_gens=0s t=5s
  TR/D: rank[2,2] gens=2 src=pari sat=1 tors=4 states=400000 hmax=175180.5 primes=150 surv=13 exact=11 badbase=0 hits7=[(9, False), (9, False), (9, False), (9, False), (9, False), (9, False), (9, False), (9, False), (9, False), (9, False), (9, False)] exc=0 t_gens=0s t=5s
(2153,1543) C0=3508129 □ K=50000
  TL/BR: rank[1,1] gens=1 src=pari sat=1 tors=8 states=800000 hmax=18925684501.5 primes=150 surv=9 exact=7 badbase=0 hits7=[(9, False), (9, False), (9, False), (9, False), (9, False), (9, False), (9, False)] exc=0 t_gens=0s t=4s
  TL/D: rank[2,2] gens=2 src=pari sat=1 tors=4 states=400000 hmax=180578.3 primes=150 surv=13 exact=11 badbase=0 hits7=[(9, False), (9, False), (9, False), (9, False), (9, False), (9, False), (9, False), (9, False), (9, False), (9, False), (9, False)] exc=0 t_gens=0s t=4s
  BR/D: rank[2,2] gens=2 src=pari sat=1 tors=4 states=400000 hmax=180700.6 primes=150 surv=13 exact=11 badbase=0 hits7=[(9, False), (9, False), (9, False), (9, False), (9, False), (9, False), (9, False), (9, False), (9, False), (9, False), (9, False)] exc=0 t_gens=0s t=3s
  BL/TR: rank[1,1] gens=1 src=pari sat=1 tors=8 states=800000 hmax=18725917825.0 primes=150 surv=9 exact=7 badbase=0 hits7=[(9, False), (9, False), (9, False), (9, False), (9, False), (9, False), (9, False)] exc=0 t_gens=0s t=3s
  BL/D: rank[2,2] gens=2 src=pari sat=1 tors=4 states=400000 hmax=180700.6 primes=150 surv=13 exact=11 badbase=0 hits7=[(9, False), (9, False), (9, False), (9, False), (9, False), (9, False), (9, False), (9, False), (9, False), (9, False), (9, False)] exc=0 t_gens=0s t=3s
  TR/D: rank[2,2] gens=2 src=pari sat=1 tors=4 states=400000 hmax=180578.3 primes=150 surv=13 exact=11 badbase=0 hits7=[(9, False), (9, False), (9, False), (9, False), (9, False), (9, False), (9, False), (9, False), (9, False), (9, False), (9, False)] exc=0 t_gens=0s t=3s
(2143,713) C0=2550409 □ K=50000
  TL/BR: rank[1,1] gens=1 src=pari sat=1 tors=8 states=800000 hmax=18580925932.7 primes=150 surv=9 exact=7 badbase=0 hits7=[(9, False), (9, False), (9, False), (9, False), (9, False), (9, False), (9, False)] exc=0 t_gens=0s t=4s
  TL/D: rank[4,4] gens=4 src=pari sat=1 tors=4 states=400000 hmax=1019.3 primes=150 surv=13 exact=11 badbase=0 hits7=[(9, False), (9, False), (9, False), (9, False), (9, False), (9, False), (9, False), (9, False), (9, False), (9, False), (9, False)] exc=0 t_gens=1s t=6s
  BR/D: rank[2,2] gens=2 src=pari sat=1 tors=4 states=400000 hmax=177122.6 primes=150 surv=13 exact=11 badbase=0 hits7=[(9, False), (9, False), (9, False), (9, False), (9, False), (9, False), (9, False), (9, False), (9, False), (9, False), (9, False)] exc=0 t_gens=0s t=4s
  BL/TR: rank[1,1] gens=1 src=pari sat=1 tors=8 states=800000 hmax=18113958541.0 primes=150 surv=9 exact=7 badbase=0 hits7=[(9, False), (9, False), (9, False), (9, False), (9, False), (9, False), (9, False)] exc=0 t_gens=0s t=4s
  BL/D: rank[2,2] gens=2 src=pari sat=1 tors=4 states=400000 hmax=177122.6 primes=150 surv=13 exact=11 badbase=0 hits7=[(9, False), (9, False), (9, False), (9, False), (9, False), (9, False), (9, False), (9, False), (9, False), (9, False), (9, False)] exc=0 t_gens=0s t=3s
  TR/D: rank[4,4] gens=4 src=pari sat=1 tors=4 states=400000 hmax=1019.3 primes=150 surv=13 exact=11 badbase=0 hits7=[(9, False), (9, False), (9, False), (9, False), (9, False), (9, False), (9, False), (9, False), (9, False), (9, False), (9, False)] exc=0 t_gens=1s t=4s
(2137,1153) C0=2948089 □ K=50000
  TL/BR: rank[2,2] gens=2 src=pari sat=1 tors=8 states=800000 hmax=531931.0 primes=150 surv=9 exact=7 badbase=0 hits7=[(9, False), (9, False), (9, False), (9, False), (9, False), (9, False), (9, False)] exc=0 t_gens=0s t=5s
  TL/D: rank[2,2] gens=2 src=pari sat=1 tors=4 states=400000 hmax=178565.3 primes=150 surv=13 exact=11 badbase=0 hits7=[(9, False), (9, False), (9, False), (9, False), (9, False), (9, False), (9, False), (9, False), (9, False), (9, False), (9, False)] exc=0 t_gens=0s t=5s
  BR/D: rank[2,2] gens=2 src=pari sat=1 tors=4 states=400000 hmax=178741.1 primes=150 surv=13 exact=11 badbase=0 hits7=[(9, False), (9, False), (9, False), (9, False), (9, False), (9, False), (9, False), (9, False), (9, False), (9, False), (9, False)] exc=0 t_gens=0s t=5s
  BL/TR: rank[2,2] gens=2 src=pari sat=1 tors=8 states=800000 hmax=390530.4 primes=150 surv=9 exact=7 badbase=0 hits7=[(9, False), (9, False), (9, False), (9, False), (9, False), (9, False), (9, False)] exc=0 t_gens=0s t=7s
  BL/D: rank[2,2] gens=2 src=pari sat=1 tors=4 states=400000 hmax=178741.1 primes=150 surv=13 exact=11 badbase=0 hits7=[(9, False), (9, False), (9, False), (9, False), (9, False), (9, False), (9, False), (9, False), (9, False), (9, False), (9, False)] exc=0 t_gens=0s t=4s
  TR/D: rank[2,2] gens=2 src=pari sat=1 tors=4 states=400000 hmax=178565.3 primes=150 surv=13 exact=11 badbase=0 hits7=[(9, False), (9, False), (9, False), (9, False), (9, False), (9, False), (9, False), (9, False), (9, False), (9, False), (9, False)] exc=0 t_gens=0s t=5s
(2111,991) C0=2719201 □ K=50000
  TL/BR: rank[1,1] gens=1 src=pari sat=1 tors=8 states=800000 hmax=18659974751.2 primes=150 surv=9 exact=7 badbase=0 hits7=[(9, False), (9, False), (9, False), (9, False), (9, False), (9, False), (9, False)] exc=0 t_gens=0s t=4s
  TL/D: rank[3,3] gens=3 src=pari sat=1 tors=4 states=400000 hmax=4631.5 primes=150 surv=13 exact=11 badbase=0 hits7=[(9, False), (9, False), (9, False), (9, False), (9, False), (9, False), (9, False), (9, False), (9, False), (9, False), (9, False)] exc=0 t_gens=0s t=6s
  BR/D: rank[2,2] gens=2 src=pari sat=1 tors=4 states=400000 hmax=177856.2 primes=150 surv=13 exact=11 badbase=0 hits7=[(9, False), (9, False), (9, False), (9, False), (9, False), (9, False), (9, False), (9, False), (9, False), (9, False), (9, False)] exc=0 t_gens=0s t=4s
  BL/TR: rank[2,2] gens=1 INCOMPLETE src=pari+mwrank sat=1 tors=8 states=800000 hmax=18272723734.9 primes=150 surv=9 exact=7 badbase=0 hits7=[(9, False), (9, False), (9, False), (9, False), (9, False), (9, False), (9, False)] exc=0 t_gens=16s t=21s
  BL/D: rank[2,2] gens=2 src=pari sat=1 tors=4 states=400000 hmax=177856.2 primes=150 surv=13 exact=11 badbase=0 hits7=[(9, False), (9, False), (9, False), (9, False), (9, False), (9, False), (9, False), (9, False), (9, False), (9, False), (9, False)] exc=0 t_gens=0s t=5s
  TR/D: rank[3,3] gens=3 src=pari sat=1 tors=4 states=400000 hmax=4631.5 primes=150 surv=13 exact=11 badbase=0 hits7=[(9, False), (9, False), (9, False), (9, False), (9, False), (9, False), (9, False), (9, False), (9, False), (9, False), (9, False)] exc=0 t_gens=0s t=4s
(2023,1847) C0=3751969 □ K=50000
  TL/BR: rank[1,1] gens=1 src=pari+mwrank sat=1 tors=8 states=800000 hmax=18949621466.4 primes=150 surv=9 exact=7 badbase=0 hits7=[(9, False), (9, False), (9, False), (9, False), (9, False), (9, False), (9, False)] exc=0 t_gens=54s t=58s
  TL/D: rank[2,2] gens=2 src=pari+mwrank sat=1 tors=4 states=400000 hmax=181369.4 primes=150 surv=13 exact=11 badbase=0 hits7=[(9, False), (9, False), (9, False), (9, False), (9, False), (9, False), (9, False), (9, False), (9, False), (9, False), (9, False)] exc=0 t_gens=1s t=4s
  BR/D: rank[3,3] gens=3 src=pari sat=1 tors=4 states=400000 hmax=6551.4 primes=150 surv=13 exact=11 badbase=0 hits7=[(9, False), (9, False), (9, False), (9, False), (9, False), (9, False), (9, False), (9, False), (9, False), (9, False), (9, False)] exc=0 t_gens=0s t=4s
  BL/TR: rank[2,2] gens=2 src=pari sat=1 tors=8 states=800000 hmax=512922.2 primes=150 surv=9 exact=7 badbase=0 hits7=[(9, False), (9, False), (9, False), (9, False), (9, False), (9, False), (9, False)] exc=0 t_gens=0s t=5s
  BL/D: rank[3,3] gens=3 src=pari sat=1 tors=4 states=400000 hmax=6551.4 primes=150 surv=13 exact=11 badbase=0 hits7=[(9, False), (9, False), (9, False), (9, False), (9, False), (9, False), (9, False), (9, False), (9, False), (9, False), (9, False)] exc=0 t_gens=0s t=4s
  TR/D: rank[2,2] gens=2 src=pari+mwrank sat=1 tors=4 states=400000 hmax=181369.4 primes=150 surv=13 exact=11 badbase=0 hits7=[(9, False), (9, False), (9, False), (9, False), (9, False), (9, False), (9, False), (9, False), (9, False), (9, False), (9, False)] exc=0 t_gens=1s t=4s
(2081,833) C0=2512225 □ K=50000
  TL/BR: rank[1,1] gens=1 src=pari sat=1 tors=8 states=800000 hmax=18565216198.0 primes=150 surv=9 exact=7 badbase=0 hits7=[(9, False), (9, False), (9, False), (9, False), (9, False), (9, False), (9, False)] exc=0 t_gens=0s t=6s
  TL/D: rank[2,2] gens=2 src=pari sat=1 tors=4 states=400000 hmax=176651.6 primes=150 surv=13 exact=11 badbase=0 hits7=[(9, False), (9, False), (9, False), (9, False), (9, False), (9, False), (9, False), (9, False), (9, False), (9, False), (9, False)] exc=0 t_gens=0s t=3s
  BR/D: rank[3,3] gens=2 INCOMPLETE src=pari+mwrank sat=1 tors=4 states=400000 hmax=176974.4 primes=150 surv=13 exact=11 badbase=0 hits7=[(9, False), (9, False), (9, False), (9, False), (9, False), (9, False), (9, False), (9, False), (9, False), (9, False), (9, False)] exc=0 t_gens=26s t=30s
  BL/TR: rank[2,2] gens=2 src=pari+mwrank sat=1 tors=8 states=800000 hmax=505581.8 primes=150 surv=9 exact=7 badbase=0 hits7=[(9, False), (9, False), (9, False), (9, False), (9, False), (9, False), (9, False)] exc=0 t_gens=4s t=10s
  BL/D: rank[3,3] gens=2 INCOMPLETE src=pari+mwrank sat=1 tors=4 states=400000 hmax=176974.4 primes=150 surv=13 exact=11 badbase=0 hits7=[(9, False), (9, False), (9, False), (9, False), (9, False), (9, False), (9, False), (9, False), (9, False), (9, False), (9, False)] exc=0 t_gens=24s t=29s
  TR/D: rank[2,2] gens=2 src=pari sat=1 tors=4 states=400000 hmax=176651.6 primes=150 surv=13 exact=11 badbase=0 hits7=[(9, False), (9, False), (9, False), (9, False), (9, False), (9, False), (9, False), (9, False), (9, False), (9, False), (9, False)] exc=0 t_gens=0s t=3s
(2063,191) C0=2146225 □ K=50000
  TL/BR: rank[2,2] gens=2 src=pari sat=1 tors=8 states=800000 hmax=222961.6 primes=150 surv=9 exact=7 badbase=0 hits7=[(9, False), (9, False), (9, False), (9, False), (9, False), (9, False), (9, False)] exc=0 t_gens=0s t=5s
  TL/D: rank[4,4] gens=4 src=pari sat=1 tors=4 states=400000 hmax=809.1 primes=150 surv=13 exact=11 badbase=0 hits7=[(9, False), (9, False), (9, False), (9, False), (9, False), (9, False), (9, False), (9, False), (9, False), (9, False), (9, False)] exc=0 t_gens=1s t=6s
  BR/D: rank[1,3] gens=2 INCOMPLETE src=pari+mwrank sat=1 tors=4 states=400000 hmax=175163.2 primes=150 surv=13 exact=11 badbase=0 hits7=[(9, False), (9, False), (9, False), (9, False), (9, False), (9, False), (9, False), (9, False), (9, False), (9, False), (9, False)] exc=0 t_gens=32s t=37s
  BL/TR: rank[1,1] gens=1 src=pari sat=1 tors=8 states=800000 hmax=17800469431.6 primes=150 surv=9 exact=7 badbase=0 hits7=[(9, False), (9, False), (9, False), (9, False), (9, False), (9, False), (9, False)] exc=0 t_gens=0s t=4s
  BL/D: rank[1,3] gens=2 INCOMPLETE src=pari+mwrank sat=1 tors=4 states=400000 hmax=175163.2 primes=150 surv=13 exact=11 badbase=0 hits7=[(9, False), (9, False), (9, False), (9, False), (9, False), (9, False), (9, False), (9, False), (9, False), (9, False), (9, False)] exc=0 t_gens=27s t=32s
  TR/D: rank[4,4] gens=4 src=pari sat=1 tors=4 states=400000 hmax=809.1 primes=150 surv=13 exact=11 badbase=0 hits7=[(9, False), (9, False), (9, False), (9, False), (9, False), (9, False), (9, False), (9, False), (9, False), (9, False), (9, False)] exc=0 t_gens=1s t=5s
(2191,1663) C0=3783025 □ K=50000
  TL/BR: rank[1,1] gens=1 src=pari sat=1 tors=8 states=800000 hmax=19007634480.6 primes=150 surv=9 exact=7 badbase=0 hits7=[(9, False), (9, False), (9, False), (9, False), (9, False), (9, False), (9, False)] exc=0 t_gens=0s t=3s
  TL/D: rank[2,2] gens=2 src=pari sat=1 tors=4 states=400000 hmax=181470.2 primes=150 surv=13 exact=11 badbase=0 hits7=[(9, False), (9, False), (9, False), (9, False), (9, False), (9, False), (9, False), (9, False), (9, False), (9, False), (9, False)] exc=0 t_gens=0s t=3s
  BR/D: rank[3,3] gens=3 src=pari sat=3 tors=4 states=400000 hmax=7486.1 primes=150 surv=13 exact=11 badbase=0 hits7=[(9, False), (9, False), (9, False), (9, False), (9, False), (9, False), (9, False), (9, False), (9, False), (9, False), (9, False)] exc=0 t_gens=0s t=3s
  BL/TR: rank[2,2] gens=2 src=pari sat=1 tors=8 states=800000 hmax=410641.7 primes=150 surv=9 exact=7 badbase=0 hits7=[(9, False), (9, False), (9, False), (9, False), (9, False), (9, False), (9, False)] exc=0 t_gens=0s t=5s
  BL/D: rank[3,3] gens=3 src=pari sat=3 tors=4 states=400000 hmax=7486.1 primes=150 surv=13 exact=11 badbase=0 hits7=[(9, False), (9, False), (9, False), (9, False), (9, False), (9, False), (9, False), (9, False), (9, False), (9, False), (9, False)] exc=0 t_gens=0s t=5s
  TR/D: rank[2,2] gens=2 src=pari sat=1 tors=4 states=400000 hmax=181470.2 primes=150 surv=13 exact=11 badbase=0 hits7=[(9, False), (9, False), (9, False), (9, False), (9, False), (9, False), (9, False), (9, False), (9, False), (9, False), (9, False)] exc=0 t_gens=0s t=3s
(2191,937) C0=2839225 □ K=50000
  TL/BR: rank[2,2] gens=2 src=pari sat=1 tors=8 states=800000 hmax=209819.6 primes=150 surv=9 exact=7 badbase=0 hits7=[(9, False), (9, False), (9, False), (9, False), (9, False), (9, False), (9, False)] exc=0 t_gens=0s t=7s
  TL/D: rank[3,3] gens=3 src=pari sat=1 tors=4 states=400000 hmax=7712.3 primes=150 surv=13 exact=11 badbase=0 hits7=[(9, False), (9, False), (9, False), (9, False), (9, False), (9, False), (9, False), (9, False), (9, False), (9, False), (9, False)] exc=0 t_gens=0s t=6s
  BR/D: rank[3,3] gens=3 src=pari sat=1 tors=4 states=400000 hmax=4472.8 primes=150 surv=13 exact=11 badbase=0 hits7=[(9, False), (9, False), (9, False), (9, False), (9, False), (9, False), (9, False), (9, False), (9, False), (9, False), (9, False)] exc=0 t_gens=1s t=6s
  BL/TR: rank[2,2] gens=2 src=pari sat=1 tors=8 states=800000 hmax=292869.7 primes=150 surv=9 exact=7 badbase=0 hits7=[(9, False), (9, False), (9, False), (9, False), (9, False), (9, False), (9, False)] exc=0 t_gens=0s t=7s
  BL/D: rank[3,3] gens=3 src=pari sat=1 tors=4 states=400000 hmax=4472.8 primes=150 surv=13 exact=11 badbase=0 hits7=[(9, False), (9, False), (9, False), (9, False), (9, False), (9, False), (9, False), (9, False), (9, False), (9, False), (9, False)] exc=0 t_gens=1s t=5s
  TR/D: rank[3,3] gens=3 src=pari sat=1 tors=4 states=400000 hmax=7712.3 primes=150 surv=13 exact=11 badbase=0 hits7=[(9, False), (9, False), (9, False), (9, False), (9, False), (9, False), (9, False), (9, False), (9, False), (9, False), (9, False)] exc=0 t_gens=0s t=6s
(2089,151) C0=2193361 □ K=50000
  TL/BR: rank[3,3] gens=3 src=pari sat=1 tors=8 states=800000 hmax=10312.9 primes=150 surv=9 exact=7 badbase=0 hits7=[(9, False), (9, False), (9, False), (9, False), (9, False), (9, False), (9, False)] exc=0 t_gens=0s t=7s
  TL/D: rank[2,2] gens=2 src=pari sat=1 tors=4 states=400000 hmax=174242.7 primes=150 surv=13 exact=11 badbase=0 hits7=[(9, False), (9, False), (9, False), (9, False), (9, False), (9, False), (9, False), (9, False), (9, False), (9, False), (9, False)] exc=0 t_gens=0s t=5s
  BR/D: rank[2,2] gens=2 src=pari+mwrank sat=1 tors=4 states=400000 hmax=175405.1 primes=150 surv=13 exact=11 badbase=0 hits7=[(9, False), (9, False), (9, False), (9, False), (9, False), (9, False), (9, False), (9, False), (9, False), (9, False), (9, False)] exc=0 t_gens=84s t=88s
  BL/TR: rank[1,1] gens=1 src=pari sat=1 tors=8 states=800000 hmax=17823884506.6 primes=150 surv=9 exact=7 badbase=0 hits7=[(9, False), (9, False), (9, False), (9, False), (9, False), (9, False), (9, False)] exc=0 t_gens=0s t=4s
  BL/D: rank[2,2] gens=2 src=pari+mwrank sat=1 tors=4 states=400000 hmax=175405.1 primes=150 surv=13 exact=11 badbase=0 hits7=[(9, False), (9, False), (9, False), (9, False), (9, False), (9, False), (9, False), (9, False), (9, False), (9, False), (9, False)] exc=0 t_gens=0s t=4s
  TR/D: rank[2,2] gens=2 src=pari sat=1 tors=4 states=400000 hmax=174242.7 primes=150 surv=13 exact=11 badbase=0 hits7=[(9, False), (9, False), (9, False), (9, False), (9, False), (9, False), (9, False), (9, False), (9, False), (9, False), (9, False)] exc=0 t_gens=0s t=4s
(2201,641) C0=2627641 □ K=50000
  TL/BR: rank[2,2] gens=2 src=pari+mwrank sat=1 tors=8 states=800000 hmax=790605.7 primes=150 surv=9 exact=7 badbase=0 hits7=[(9, False), (9, False), (9, False), (9, False), (9, False), (9, False), (9, False)] exc=0 t_gens=2s t=8s
  TL/D: rank[2,2] gens=2 src=pari sat=1 tors=4 states=400000 hmax=177028.8 primes=150 surv=13 exact=11 badbase=0 hits7=[(9, False), (9, False), (9, False), (9, False), (9, False), (9, False), (9, False), (9, False), (9, False), (9, False), (9, False)] exc=0 t_gens=0s t=3s
  BR/D: rank[3,3] gens=3 src=pari sat=1 tors=4 states=400000 hmax=4693.5 primes=150 surv=13 exact=11 badbase=0 hits7=[(9, False), (9, False), (9, False), (9, False), (9, False), (9, False), (9, False), (9, False), (9, False), (9, False), (9, False)] exc=0 t_gens=0s t=5s
  BL/TR: rank[1,1] gens=1 src=pari sat=1 tors=8 states=800000 hmax=18129123346.0 primes=150 surv=9 exact=7 badbase=0 hits7=[(9, False), (9, False), (9, False), (9, False), (9, False), (9, False), (9, False)] exc=0 t_gens=0s t=6s
  BL/D: rank[3,3] gens=3 src=pari sat=1 tors=4 states=400000 hmax=4693.5 primes=150 surv=13 exact=11 badbase=0 hits7=[(9, False), (9, False), (9, False), (9, False), (9, False), (9, False), (9, False), (9, False), (9, False), (9, False), (9, False)] exc=0 t_gens=0s t=4s
  TR/D: rank[2,2] gens=2 src=pari sat=1 tors=4 states=400000 hmax=177028.8 primes=150 surv=13 exact=11 badbase=0 hits7=[(9, False), (9, False), (9, False), (9, False), (9, False), (9, False), (9, False), (9, False), (9, False), (9, False), (9, False)] exc=0 t_gens=0s t=5s
(2039,1673) C0=3478225 □ K=50000
  TL/BR: rank[2,2] gens=2 src=pari+mwrank sat=1 tors=8 states=800000 hmax=211531.2 primes=150 surv=9 exact=7 badbase=0 hits7=[(9, False), (9, False), (9, False), (9, False), (9, False), (9, False), (9, False)] exc=0 t_gens=88s t=93s
  TL/D: rank[3,3] gens=3 src=pari sat=1 tors=4 states=400000 hmax=7331.7 primes=150 surv=13 exact=11 badbase=0 hits7=[(9, False), (9, False), (9, False), (9, False), (9, False), (9, False), (9, False), (9, False), (9, False), (9, False), (9, False)] exc=0 t_gens=0s t=4s
  BR/D: rank[2,2] gens=2 src=pari+mwrank sat=1 tors=4 states=400000 hmax=180572.9 primes=150 surv=13 exact=11 badbase=0 hits7=[(9, False), (9, False), (9, False), (9, False), (9, False), (9, False), (9, False), (9, False), (9, False), (9, False), (9, False)] exc=0 t_gens=1s t=4s
  BL/TR: rank[1,1] gens=1 src=pari sat=1 tors=8 states=800000 hmax=18762092749.6 primes=150 surv=9 exact=7 badbase=0 hits7=[(9, False), (9, False), (9, False), (9, False), (9, False), (9, False), (9, False)] exc=0 t_gens=0s t=5s
  BL/D: rank[2,2] gens=2 src=pari+mwrank sat=1 tors=4 states=400000 hmax=180572.9 primes=150 surv=13 exact=11 badbase=0 hits7=[(9, False), (9, False), (9, False), (9, False), (9, False), (9, False), (9, False), (9, False), (9, False), (9, False), (9, False)] exc=0 t_gens=1s t=4s
  TR/D: rank[3,3] gens=3 src=pari sat=1 tors=4 states=400000 hmax=7331.7 primes=150 surv=13 exact=11 badbase=0 hits7=[(9, False), (9, False), (9, False), (9, False), (9, False), (9, False), (9, False), (9, False), (9, False), (9, False), (9, False)] exc=0 t_gens=0s t=4s
(2207,2023) C0=4481689 □ K=50000
  TL/BR: rank[1,1] gens=1 src=pari sat=1 tors=8 states=800000 hmax=19170624732.6 primes=150 surv=9 exact=7 badbase=0 hits7=[(9, False), (9, False), (9, False), (9, False), (9, False), (9, False), (9, False)] exc=0 t_gens=0s t=5s
  TL/D: rank[3,3] gens=3 src=pari sat=1 tors=4 states=400000 hmax=3938.4 primes=150 surv=13 exact=11 badbase=0 hits7=[(9, False), (9, False), (9, False), (9, False), (9, False), (9, False), (9, False), (9, False), (9, False), (9, False), (9, False)] exc=0 t_gens=0s t=5s
  BR/D: rank[2,2] gens=2 src=pari sat=1 tors=4 states=400000 hmax=183418.3 primes=150 surv=13 exact=11 badbase=0 hits7=[(9, False), (9, False), (9, False), (9, False), (9, False), (9, False), (9, False), (9, False), (9, False), (9, False), (9, False)] exc=0 t_gens=0s t=4s
  BL/TR: rank[2,2] gens=2 src=pari sat=1 tors=8 states=800000 hmax=240537.8 primes=150 surv=9 exact=7 badbase=0 hits7=[(9, False), (9, False), (9, False), (9, False), (9, False), (9, False), (9, False)] exc=0 t_gens=0s t=7s
  BL/D: rank[2,2] gens=2 src=pari sat=1 tors=4 states=400000 hmax=183418.3 primes=150 surv=13 exact=11 badbase=0 hits7=[(9, False), (9, False), (9, False), (9, False), (9, False), (9, False), (9, False), (9, False), (9, False), (9, False), (9, False)] exc=0 t_gens=0s t=3s
  TR/D: rank[3,3] gens=3 src=pari sat=1 tors=4 states=400000 hmax=3938.4 primes=150 surv=13 exact=11 badbase=0 hits7=[(9, False), (9, False), (9, False), (9, False), (9, False), (9, False), (9, False), (9, False), (9, False), (9, False), (9, False)] exc=0 t_gens=0s t=3s
(2209,137) C0=2449225 □ K=50000
  TL/BR: rank[1,1] gens=1 src=pari sat=1 tors=8 states=800000 hmax=18381919510.9 primes=150 surv=9 exact=7 badbase=0 hits7=[(9, False), (9, False), (9, False), (9, False), (9, False), (9, False), (9, False)] exc=0 t_gens=0s t=4s
  TL/D: rank[4,4] gens=4 src=pari sat=1 tors=4 states=400000 hmax=826.5 primes=150 surv=13 exact=11 badbase=0 hits7=[(9, False), (9, False), (9, False), (9, False), (9, False), (9, False), (9, False), (9, False), (9, False), (9, False), (9, False)] exc=0 t_gens=0s t=4s
  BR/D: rank[3,3] gens=3 src=pari sat=1 tors=4 states=400000 hmax=3657.3 primes=150 surv=13 exact=11 badbase=0 hits7=[(9, False), (9, False), (9, False), (9, False), (9, False), (9, False), (9, False), (9, False), (9, False), (9, False), (9, False)] exc=0 t_gens=0s t=3s
  BL/TR: rank[2,2] gens=2 src=pari sat=1 tors=8 states=800000 hmax=275619.4 primes=150 surv=9 exact=7 badbase=0 hits7=[(9, False), (9, False), (9, False), (9, False), (9, False), (9, False), (9, False)] exc=0 t_gens=0s t=5s
  BL/D: rank[3,3] gens=3 src=pari sat=1 tors=4 states=400000 hmax=3657.3 primes=150 surv=13 exact=11 badbase=0 hits7=[(9, False), (9, False), (9, False), (9, False), (9, False), (9, False), (9, False), (9, False), (9, False), (9, False), (9, False)] exc=0 t_gens=0s t=4s
  TR/D: rank[4,4] gens=4 src=pari sat=1 tors=4 states=400000 hmax=826.5 primes=150 surv=13 exact=11 badbase=0 hits7=[(9, False), (9, False), (9, False), (9, False), (9, False), (9, False), (9, False), (9, False), (9, False), (9, False), (9, False)] exc=0 t_gens=0s t=4s
(2201,1841) C0=4116841 □ K=50000
  TL/BR: rank[2,2] gens=2 src=pari sat=1 tors=8 states=800000 hmax=221657.9 primes=150 surv=9 exact=7 badbase=0 hits7=[(9, False), (9, False), (9, False), (9, False), (9, False), (9, False), (9, False)] exc=0 t_gens=0s t=4s
  TL/D: rank[4,4] gens=4 src=pari sat=1 tors=4 states=400000 hmax=898.7 primes=150 surv=13 exact=11 badbase=0 hits7=[(9, False), (9, False), (9, False), (9, False), (9, False), (9, False), (9, False), (9, False), (9, False), (9, False), (9, False)] exc=0 t_gens=1s t=3s
  BR/D: rank[2,2] gens=2 src=pari sat=1 tors=4 states=400000 hmax=182491.0 primes=150 surv=13 exact=11 badbase=0 hits7=[(9, False), (9, False), (9, False), (9, False), (9, False), (9, False), (9, False), (9, False), (9, False), (9, False), (9, False)] exc=0 t_gens=0s t=3s
  BL/TR: rank[0,2] gens=1 INCOMPLETE src=pari+mwrank sat=1 tors=8 states=800000 hmax=18979397869.0 primes=150 surv=9 exact=7 badbase=0 hits7=[(9, False), (9, False), (9, False), (9, False), (9, False), (9, False), (9, False)] exc=0 t_gens=16s t=21s
  BL/D: rank[2,2] gens=2 src=pari sat=1 tors=4 states=400000 hmax=182491.0 primes=150 surv=13 exact=11 badbase=0 hits7=[(9, False), (9, False), (9, False), (9, False), (9, False), (9, False), (9, False), (9, False), (9, False), (9, False), (9, False)] exc=0 t_gens=0s t=6s
  TR/D: rank[4,4] gens=4 src=pari sat=1 tors=4 states=400000 hmax=898.7 primes=150 surv=13 exact=11 badbase=0 hits7=[(9, False), (9, False), (9, False), (9, False), (9, False), (9, False), (9, False), (9, False), (9, False), (9, False), (9, False)] exc=0 t_gens=1s t=6s
(2177,1489) C0=3478225 □ K=50000
  TL/BR: rank[2,2] gens=2 src=pari+mwrank sat=1 tors=8 states=800000 hmax=631781.2 primes=150 surv=9 exact=7 badbase=0 hits7=[(9, False), (9, False), (9, False), (9, False), (9, False), (9, False), (9, False)] exc=0 t_gens=9s t=14s
  TL/D: rank[1,3] gens=2 INCOMPLETE src=pari+mwrank sat=2 tors=4 states=400000 hmax=180509.1 primes=150 surv=13 exact=11 badbase=0 hits7=[(9, False), (9, False), (9, False), (9, False), (9, False), (9, False), (9, False), (9, False), (9, False), (9, False), (9, False)] exc=0 t_gens=26s t=29s
  BR/D: rank[2,2] gens=2 src=pari sat=1 tors=4 states=400000 hmax=180541.9 primes=150 surv=13 exact=11 badbase=0 hits7=[(9, False), (9, False), (9, False), (9, False), (9, False), (9, False), (9, False), (9, False), (9, False), (9, False), (9, False)] exc=0 t_gens=0s t=3s
  BL/TR: rank[1,1] gens=1 src=pari sat=1 tors=8 states=800000 hmax=18699083777.2 primes=150 surv=9 exact=7 badbase=0 hits7=[(9, False), (9, False), (9, False), (9, False), (9, False), (9, False), (9, False)] exc=0 t_gens=0s t=3s
  BL/D: rank[2,2] gens=2 src=pari sat=1 tors=4 states=400000 hmax=180541.9 primes=150 surv=13 exact=11 badbase=0 hits7=[(9, False), (9, False), (9, False), (9, False), (9, False), (9, False), (9, False), (9, False), (9, False), (9, False), (9, False)] exc=0 t_gens=0s t=4s
  TR/D: rank[1,3] gens=2 INCOMPLETE src=pari+mwrank sat=2 tors=4 states=400000 hmax=180509.1 primes=150 surv=13 exact=11 badbase=0 hits7=[(9, False), (9, False), (9, False), (9, False), (9, False), (9, False), (9, False), (9, False), (9, False), (9, False), (9, False)] exc=0 t_gens=21s t=24s
(2159,1319) C0=3200521 □ K=50000
  TL/BR: rank[0,2] gens=1 INCOMPLETE src=pari+mwrank sat=1 tors=8 states=800000 hmax=18838690944.4 primes=150 surv=9 exact=7 badbase=0 hits7=[(9, False), (9, False), (9, False), (9, False), (9, False), (9, False), (9, False)] exc=0 t_gens=16s t=19s
  TL/D: rank[1,3] gens=2 INCOMPLETE src=pari+mwrank sat=2 tors=4 states=400000 hmax=179495.8 primes=150 surv=13 exact=11 badbase=0 hits7=[(9, False), (9, False), (9, False), (9, False), (9, False), (9, False), (9, False), (9, False), (9, False), (9, False), (9, False)] exc=0 t_gens=26s t=29s
  BR/D: rank[3,3] gens=3 src=pari sat=1 tors=4 states=400000 hmax=6636.3 primes=150 surv=13 exact=11 badbase=0 hits7=[(9, False), (9, False), (9, False), (9, False), (9, False), (9, False), (9, False), (9, False), (9, False), (9, False), (9, False)] exc=0 t_gens=0s t=4s
  BL/TR: rank[2,2] gens=2 src=pari sat=1 tors=8 states=800000 hmax=251165.1 primes=150 surv=9 exact=7 badbase=0 hits7=[(9, False), (9, False), (9, False), (9, False), (9, False), (9, False), (9, False)] exc=0 t_gens=0s t=5s
  BL/D: rank[3,3] gens=3 src=pari sat=1 tors=4 states=400000 hmax=6636.3 primes=150 surv=13 exact=11 badbase=0 hits7=[(9, False), (9, False), (9, False), (9, False), (9, False), (9, False), (9, False), (9, False), (9, False), (9, False), (9, False)] exc=0 t_gens=1s t=6s
  TR/D: rank[1,3] gens=2 INCOMPLETE src=pari+mwrank sat=2 tors=4 states=400000 hmax=179495.8 primes=150 surv=13 exact=11 badbase=0 hits7=[(9, False), (9, False), (9, False), (9, False), (9, False), (9, False), (9, False), (9, False), (9, False), (9, False), (9, False)] exc=0 t_gens=27s t=31s
(2263,1409) C0=3553225 □ K=50000
  TL/BR: rank[2,2] gens=2 src=pari sat=1 tors=8 states=800000 hmax=368710.8 primes=150 surv=9 exact=7 badbase=0 hits7=[(9, False), (9, False), (9, False), (9, False), (9, False), (9, False), (9, False)] exc=0 t_gens=0s t=5s
  TL/D: rank[3,3] gens=3 src=pari sat=1 tors=4 states=400000 hmax=6468.6 primes=150 surv=13 exact=11 badbase=0 hits7=[(9, False), (9, False), (9, False), (9, False), (9, False), (9, False), (9, False), (9, False), (9, False), (9, False), (9, False)] exc=0 t_gens=0s t=4s
  BR/D: rank[3,3] gens=3 src=pari sat=1 tors=4 states=400000 hmax=5404.0 primes=150 surv=13 exact=11 badbase=0 hits7=[(9, False), (9, False), (9, False), (9, False), (9, False), (9, False), (9, False), (9, False), (9, False), (9, False), (9, False)] exc=0 t_gens=1s t=4s
  BL/TR: rank[2,2] gens=2 src=pari sat=1 tors=8 states=800000 hmax=238460.1 primes=150 surv=9 exact=7 badbase=0 hits7=[(9, False), (9, False), (9, False), (9, False), (9, False), (9, False), (9, False)] exc=0 t_gens=0s t=5s
  BL/D: rank[3,3] gens=3 src=pari sat=1 tors=4 states=400000 hmax=5404.0 primes=150 surv=13 exact=11 badbase=0 hits7=[(9, False), (9, False), (9, False), (9, False), (9, False), (9, False), (9, False), (9, False), (9, False), (9, False), (9, False)] exc=0 t_gens=1s t=4s
  TR/D: rank[3,3] gens=3 src=pari sat=3 tors=4 states=400000 hmax=6468.6 primes=150 surv=13 exact=11 badbase=0 hits7=[(9, False), (9, False), (9, False), (9, False), (9, False), (9, False), (9, False), (9, False), (9, False), (9, False), (9, False)] exc=0 t_gens=1s t=4s
(2281,799) C0=2920681 □ K=50000
  TL/BR: rank[1,1] gens=1 src=pari sat=1 tors=8 states=800000 hmax=18751994540.1 primes=150 surv=9 exact=7 badbase=0 hits7=[(9, False), (9, False), (9, False), (9, False), (9, False), (9, False), (9, False)] exc=0 t_gens=0s t=4s
  TL/D: rank[2,2] gens=2 src=pari sat=1 tors=4 states=400000 hmax=178293.3 primes=150 surv=13 exact=11 badbase=0 hits7=[(9, False), (9, False), (9, False), (9, False), (9, False), (9, False), (9, False), (9, False), (9, False), (9, False), (9, False)] exc=0 t_gens=0s t=6s
  BR/D: rank[2,2] gens=2 src=pari+mwrank sat=1 tors=4 states=400000 hmax=178685.0 primes=150 surv=13 exact=11 badbase=0 hits7=[(9, False), (9, False), (9, False), (9, False), (9, False), (9, False), (9, False), (9, False), (9, False), (9, False), (9, False)] exc=0 t_gens=3s t=6s
  BL/TR: rank[1,1] gens=1 src=pari sat=1 tors=8 states=800000 hmax=18293152573.3 primes=150 surv=9 exact=7 badbase=0 hits7=[(9, False), (9, False), (9, False), (9, False), (9, False), (9, False), (9, False)] exc=0 t_gens=0s t=4s
  BL/D: rank[2,2] gens=2 src=pari+mwrank sat=1 tors=4 states=400000 hmax=178685.0 primes=150 surv=13 exact=11 badbase=0 hits7=[(9, False), (9, False), (9, False), (9, False), (9, False), (9, False), (9, False), (9, False), (9, False), (9, False), (9, False)] exc=0 t_gens=1s t=4s
  TR/D: rank[2,2] gens=2 src=pari sat=1 tors=4 states=400000 hmax=178293.3 primes=150 surv=13 exact=11 badbase=0 hits7=[(9, False), (9, False), (9, False), (9, False), (9, False), (9, False), (9, False), (9, False), (9, False), (9, False), (9, False)] exc=0 t_gens=0s t=6s
(2287,1657) C0=3988009 □ K=50000
  TL/BR: rank[1,1] gens=1 src=pari sat=1 tors=8 states=800000 hmax=19083695898.8 primes=150 surv=9 exact=7 badbase=0 hits7=[(9, False), (9, False), (9, False), (9, False), (9, False), (9, False), (9, False)] exc=0 t_gens=0s t=4s
  TL/D: rank[3,3] gens=3 src=pari+mwrank sat=1 tors=4 states=400000 hmax=9435.7 primes=150 surv=13 exact=11 badbase=0 hits7=[(9, False), (9, False), (9, False), (9, False), (9, False), (9, False), (9, False), (9, False), (9, False), (9, False), (9, False)] exc=0 t_gens=3s t=6s
  BR/D: rank[3,3] gens=3 src=pari sat=1 tors=4 states=400000 hmax=7757.3 primes=150 surv=13 exact=11 badbase=0 hits7=[(9, False), (9, False), (9, False), (9, False), (9, False), (9, False), (9, False), (9, False), (9, False), (9, False), (9, False)] exc=0 t_gens=0s t=4s
  BL/TR: rank[1,1] gens=1 src=pari sat=1 tors=8 states=800000 hmax=18889959084.5 primes=150 surv=9 exact=7 badbase=0 hits7=[(9, False), (9, False), (9, False), (9, False), (9, False), (9, False), (9, False)] exc=0 t_gens=0s t=4s
  BL/D: rank[3,3] gens=3 src=pari sat=1 tors=4 states=400000 hmax=7757.3 primes=150 surv=13 exact=11 badbase=0 hits7=[(9, False), (9, False), (9, False), (9, False), (9, False), (9, False), (9, False), (9, False), (9, False), (9, False), (9, False)] exc=0 t_gens=0s t=3s
  TR/D: rank[3,3] gens=3 src=pari+mwrank sat=1 tors=4 states=400000 hmax=9435.7 primes=150 surv=13 exact=11 badbase=0 hits7=[(9, False), (9, False), (9, False), (9, False), (9, False), (9, False), (9, False), (9, False), (9, False), (9, False), (9, False)] exc=0 t_gens=1s t=4s
(2297,71) C0=2640625 □ K=50000
  TL/BR: rank[1,1] gens=1 src=pari sat=1 tors=8 states=800000 hmax=18421650724.6 primes=150 surv=9 exact=7 badbase=0 hits7=[(9, False), (9, False), (9, False), (9, False), (9, False), (9, False), (9, False)] exc=0 t_gens=0s t=4s
  TL/D: rank[3,3] gens=3 src=pari sat=1 tors=4 states=400000 hmax=5947.9 primes=150 surv=13 exact=11 badbase=0 hits7=[(9, False), (9, False), (9, False), (9, False), (9, False), (9, False), (9, False), (9, False), (9, False), (9, False), (9, False)] exc=0 t_gens=0s t=4s
  BR/D: rank[4,4] gens=4 src=pari sat=1 tors=4 states=400000 hmax=920.6 primes=150 surv=13 exact=11 badbase=0 hits7=[(9, False), (9, False), (9, False), (9, False), (9, False), (9, False), (9, False), (9, False), (9, False), (9, False), (9, False)] exc=0 t_gens=1s t=4s
  BL/TR: rank[2,2] gens=2 src=pari sat=1 tors=8 states=800000 hmax=495495.5 primes=150 surv=9 exact=7 badbase=0 hits7=[(9, False), (9, False), (9, False), (9, False), (9, False), (9, False), (9, False)] exc=0 t_gens=0s t=7s
  BL/D: rank[4,4] gens=4 src=pari sat=1 tors=4 states=400000 hmax=920.6 primes=150 surv=13 exact=11 badbase=0 hits7=[(9, False), (9, False), (9, False), (9, False), (9, False), (9, False), (9, False), (9, False), (9, False), (9, False), (9, False)] exc=0 t_gens=1s t=4s
  TR/D: rank[3,3] gens=3 src=pari sat=1 tors=4 states=400000 hmax=5947.9 primes=150 surv=13 exact=11 badbase=0 hits7=[(9, False), (9, False), (9, False), (9, False), (9, False), (9, False), (9, False), (9, False), (9, False), (9, False), (9, False)] exc=0 t_gens=0s t=4s
(2161,359) C0=2399401 □ K=50000
  TL/BR: rank[1,1] gens=1 src=pari sat=1 tors=8 states=800000 hmax=18451133449.5 primes=150 surv=9 exact=7 badbase=0 hits7=[(9, False), (9, False), (9, False), (9, False), (9, False), (9, False), (9, False)] exc=0 t_gens=0s t=4s
  TL/D: rank[4,4] gens=4 src=pari sat=1 tors=4 states=400000 hmax=1133.7 primes=150 surv=13 exact=11 badbase=0 hits7=[(9, False), (9, False), (9, False), (9, False), (9, False), (9, False), (9, False), (9, False), (9, False), (9, False), (9, False)] exc=0 t_gens=1s t=4s
  BR/D: rank[3,3] gens=3 src=pari sat=1 tors=4 states=400000 hmax=6385.9 primes=150 surv=13 exact=11 badbase=0 hits7=[(9, False), (9, False), (9, False), (9, False), (9, False), (9, False), (9, False), (9, False), (9, False), (9, False), (9, False)] exc=0 t_gens=0s t=4s
  BL/TR: rank[2,2] gens=2 src=pari+mwrank sat=1 tors=8 states=800000 hmax=738403.6 primes=150 surv=9 exact=7 badbase=0 hits7=[(9, False), (9, False), (9, False), (9, False), (9, False), (9, False), (9, False)] exc=0 t_gens=108s t=113s
  BL/D: rank[3,3] gens=3 src=pari sat=1 tors=4 states=400000 hmax=6385.9 primes=150 surv=13 exact=11 badbase=0 hits7=[(9, False), (9, False), (9, False), (9, False), (9, False), (9, False), (9, False), (9, False), (9, False), (9, False), (9, False)] exc=0 t_gens=0s t=4s
  TR/D: rank[4,4] gens=4 src=pari sat=1 tors=4 states=400000 hmax=1133.7 primes=150 surv=13 exact=11 badbase=0 hits7=[(9, False), (9, False), (9, False), (9, False), (9, False), (9, False), (9, False), (9, False), (9, False), (9, False), (9, False)] exc=0 t_gens=1s t=5s
(2303,433) C0=2745649 □ K=50000
  TL/BR: rank[1,1] gens=1 src=pari sat=1 tors=8 states=800000 hmax=18631640292.4 primes=150 surv=9 exact=7 badbase=0 hits7=[(9, False), (9, False), (9, False), (9, False), (9, False), (9, False), (9, False)] exc=0 t_gens=0s t=4s
  TL/D: rank[2,2] gens=2 src=pari+mwrank sat=1 tors=4 states=400000 hmax=177304.6 primes=150 surv=13 exact=11 badbase=0 hits7=[(9, False), (9, False), (9, False), (9, False), (9, False), (9, False), (9, False), (9, False), (9, False), (9, False), (9, False)] exc=0 t_gens=2s t=5s
  BR/D: rank[3,3] gens=3 src=pari sat=1 tors=4 states=400000 hmax=6310.6 primes=150 surv=13 exact=11 badbase=0 hits7=[(9, False), (9, False), (9, False), (9, False), (9, False), (9, False), (9, False), (9, False), (9, False), (9, False), (9, False)] exc=0 t_gens=0s t=5s
  BL/TR: rank[2,2] gens=2 src=pari sat=1 tors=8 states=800000 hmax=306974.5 primes=150 surv=9 exact=7 badbase=0 hits7=[(9, False), (9, False), (9, False), (9, False), (9, False), (9, False), (9, False)] exc=0 t_gens=0s t=4s
  BL/D: rank[3,3] gens=3 src=pari sat=1 tors=4 states=400000 hmax=6310.6 primes=150 surv=13 exact=11 badbase=0 hits7=[(9, False), (9, False), (9, False), (9, False), (9, False), (9, False), (9, False), (9, False), (9, False), (9, False), (9, False)] exc=0 t_gens=0s t=4s
  TR/D: rank[2,2] gens=2 src=pari+mwrank sat=1 tors=4 states=400000 hmax=177304.6 primes=150 surv=13 exact=11 badbase=0 hits7=[(9, False), (9, False), (9, False), (9, False), (9, False), (9, False), (9, False), (9, False), (9, False), (9, False), (9, False)] exc=0 t_gens=1s t=4s
(2311,2177) C0=5040025 □ K=50000
  TL/BR: rank[2,2] gens=2 src=pari sat=1 tors=8 states=800000 hmax=311415.5 primes=150 surv=9 exact=7 badbase=0 hits7=[(9, False), (9, False), (9, False), (9, False), (9, False), (9, False), (9, False)] exc=0 t_gens=0s t=5s
  TL/D: rank[2,2] gens=2 src=pari sat=1 tors=4 states=400000 hmax=184704.8 primes=150 surv=13 exact=10 badbase=0 hits7=[(9, False), (9, False), (9, False), (9, False), (9, False), (9, False), (9, False), (9, False), (9, False), (9, False)] exc=0 t_gens=0s t=3s
  BR/D: rank[3,3] gens=3 src=pari sat=1 tors=4 states=400000 hmax=6164.6 primes=150 surv=13 exact=10 badbase=0 hits7=[(9, False), (9, False), (9, False), (9, False), (9, False), (9, False), (9, False), (9, False), (9, False), (9, False)] exc=0 t_gens=0s t=4s
  BL/TR: rank[1,1] gens=1 src=pari sat=1 tors=8 states=800000 hmax=19272091326.4 primes=150 surv=9 exact=7 badbase=0 hits7=[(9, False), (9, False), (9, False), (9, False), (9, False), (9, False), (9, False)] exc=0 t_gens=0s t=3s
  BL/D: rank[3,3] gens=3 src=pari sat=1 tors=4 states=400000 hmax=6164.6 primes=150 surv=13 exact=11 badbase=0 hits7=[(9, False), (9, False), (9, False), (9, False), (9, False), (9, False), (9, False), (9, False), (9, False), (9, False), (9, False)] exc=0 t_gens=0s t=4s
  TR/D: rank[2,2] gens=2 src=pari sat=1 tors=4 states=400000 hmax=184704.8 primes=150 surv=13 exact=11 badbase=0 hits7=[(9, False), (9, False), (9, False), (9, False), (9, False), (9, False), (9, False), (9, False), (9, False), (9, False), (9, False)] exc=0 t_gens=0s t=4s
(2273,961) C0=3045025 □ K=50000
  TL/BR: rank[2,2] gens=2 src=pari+mwrank sat=1 tors=8 states=800000 hmax=396118.3 primes=150 surv=9 exact=7 badbase=0 hits7=[(9, False), (9, False), (9, False), (9, False), (9, False), (9, False), (9, False)] exc=0 t_gens=6s t=11s
  TL/D: rank[3,3] gens=3 src=pari sat=1 tors=4 states=400000 hmax=6168.6 primes=150 surv=13 exact=11 badbase=0 hits7=[(9, False), (9, False), (9, False), (9, False), (9, False), (9, False), (9, False), (9, False), (9, False), (9, False), (9, False)] exc=0 t_gens=0s t=4s
  BR/D: rank[1,3] gens=2 INCOMPLETE src=pari+mwrank sat=1 tors=4 states=400000 hmax=179129.9 primes=150 surv=13 exact=11 badbase=0 hits7=[(9, False), (9, False), (9, False), (9, False), (9, False), (9, False), (9, False), (9, False), (9, False), (9, False), (9, False)] exc=0 t_gens=25s t=28s
  BL/TR: rank[2,2] gens=2 src=pari sat=1 tors=8 states=800000 hmax=457501.5 primes=150 surv=9 exact=7 badbase=0 hits7=[(9, False), (9, False), (9, False), (9, False), (9, False), (9, False), (9, False)] exc=0 t_gens=0s t=5s
  BL/D: rank[1,3] gens=2 INCOMPLETE src=pari+mwrank sat=1 tors=4 states=400000 hmax=179129.9 primes=150 surv=13 exact=11 badbase=0 hits7=[(9, False), (9, False), (9, False), (9, False), (9, False), (9, False), (9, False), (9, False), (9, False), (9, False), (9, False)] exc=0 t_gens=27s t=30s
  TR/D: rank[3,3] gens=3 src=pari sat=1 tors=4 states=400000 hmax=6168.6 primes=150 surv=13 exact=11 badbase=0 hits7=[(9, False), (9, False), (9, False), (9, False), (9, False), (9, False), (9, False), (9, False), (9, False), (9, False), (9, False)] exc=0 t_gens=0s t=4s
(2329,1297) C0=3553225 □ K=50000
  TL/BR: rank[1,1] gens=1 src=pari sat=1 tors=8 states=800000 hmax=18980987984.0 primes=150 surv=9 exact=7 badbase=0 hits7=[(9, False), (9, False), (9, False), (9, False), (9, False), (9, False), (9, False)] exc=0 t_gens=0s t=3s
  TL/D: rank[2,2] gens=2 src=pari sat=1 tors=4 states=400000 hmax=180673.9 primes=150 surv=13 exact=11 badbase=0 hits7=[(9, False), (9, False), (9, False), (9, False), (9, False), (9, False), (9, False), (9, False), (9, False), (9, False), (9, False)] exc=0 t_gens=0s t=3s
  BR/D: rank[2,2] gens=2 src=pari+mwrank sat=2 tors=4 states=400000 hmax=180820.4 primes=150 surv=13 exact=11 badbase=0 hits7=[(9, False), (9, False), (9, False), (9, False), (9, False), (9, False), (9, False), (9, False), (9, False), (9, False), (9, False)] exc=0 t_gens=2s t=7s
  BL/TR: rank[1,1] gens=1 src=pari sat=1 tors=8 states=800000 hmax=18657600902.8 primes=150 surv=9 exact=7 badbase=0 hits7=[(9, False), (9, False), (9, False), (9, False), (9, False), (9, False), (9, False)] exc=0 t_gens=0s t=5s
  BL/D: rank[2,2] gens=2 src=pari+mwrank sat=2 tors=4 states=400000 hmax=180820.4 primes=150 surv=13 exact=11 badbase=0 hits7=[(9, False), (9, False), (9, False), (9, False), (9, False), (9, False), (9, False), (9, False), (9, False), (9, False), (9, False)] exc=0 t_gens=1s t=4s
  TR/D: rank[2,2] gens=2 src=pari sat=1 tors=4 states=400000 hmax=180673.9 primes=150 surv=13 exact=11 badbase=0 hits7=[(9, False), (9, False), (9, False), (9, False), (9, False), (9, False), (9, False), (9, False), (9, False), (9, False), (9, False)] exc=0 t_gens=0s t=4s
(2263,287) C0=2601769 □ K=50000
  TL/BR: rank[3,3] gens=3 src=pari sat=1 tors=8 states=800000 hmax=8231.1 primes=150 surv=9 exact=7 badbase=0 hits7=[(9, False), (9, False), (9, False), (9, False), (9, False), (9, False), (9, False)] exc=0 t_gens=0s t=7s
  TL/D: rank[3,3] gens=3 src=pari sat=1 tors=4 states=400000 hmax=5707.6 primes=150 surv=13 exact=11 badbase=0 hits7=[(9, False), (9, False), (9, False), (9, False), (9, False), (9, False), (9, False), (9, False), (9, False), (9, False), (9, False)] exc=0 t_gens=0s t=6s
  BR/D: rank[1,3] gens=2 INCOMPLETE src=pari+mwrank sat=1 tors=4 states=400000 hmax=177332.7 primes=150 surv=13 exact=11 badbase=0 hits7=[(9, False), (9, False), (9, False), (9, False), (9, False), (9, False), (9, False), (9, False), (9, False), (9, False), (9, False)] exc=0 t_gens=33s t=38s
  BL/TR: rank[1,1] gens=1 src=pari sat=1 tors=8 states=800000 hmax=18049325404.4 primes=150 surv=9 exact=7 badbase=0 hits7=[(9, False), (9, False), (9, False), (9, False), (9, False), (9, False), (9, False)] exc=0 t_gens=0s t=6s
  BL/D: rank[1,3] gens=2 INCOMPLETE src=pari+mwrank sat=1 tors=4 states=400000 hmax=177332.7 primes=150 surv=13 exact=11 badbase=0 hits7=[(9, False), (9, False), (9, False), (9, False), (9, False), (9, False), (9, False), (9, False), (9, False), (9, False), (9, False)] exc=0 t_gens=29s t=34s
  TR/D: rank[3,3] gens=3 src=pari sat=1 tors=4 states=400000 hmax=5707.6 primes=150 surv=13 exact=11 badbase=0 hits7=[(9, False), (9, False), (9, False), (9, False), (9, False), (9, False), (9, False), (9, False), (9, False), (9, False), (9, False)] exc=0 t_gens=0s t=5s
(2359,79) C0=2785561 □ K=50000
  TL/BR: rank[1,1] gens=1 src=pari sat=1 tors=8 states=800000 hmax=18494081319.2 primes=150 surv=9 exact=7 badbase=0 hits7=[(9, False), (9, False), (9, False), (9, False), (9, False), (9, False), (9, False)] exc=0 t_gens=0s t=4s
  TL/D: rank[3,3] gens=3 src=pari sat=1 tors=4 states=400000 hmax=7283.7 primes=150 surv=13 exact=11 badbase=0 hits7=[(9, False), (9, False), (9, False), (9, False), (9, False), (9, False), (9, False), (9, False), (9, False), (9, False), (9, False)] exc=0 t_gens=0s t=4s
  BR/D: rank[2,2] gens=2 src=pari sat=1 tors=4 states=400000 hmax=178101.9 primes=150 surv=13 exact=11 badbase=0 hits7=[(9, False), (9, False), (9, False), (9, False), (9, False), (9, False), (9, False), (9, False), (9, False), (9, False), (9, False)] exc=0 t_gens=0s t=4s
  BL/TR: rank[2,2] gens=2 src=pari sat=1 tors=8 states=800000 hmax=321782.0 primes=150 surv=9 exact=7 badbase=0 hits7=[(9, False), (9, False), (9, False), (9, False), (9, False), (9, False), (9, False)] exc=0 t_gens=0s t=5s
  BL/D: rank[2,2] gens=2 src=pari sat=1 tors=4 states=400000 hmax=178101.9 primes=150 surv=13 exact=11 badbase=0 hits7=[(9, False), (9, False), (9, False), (9, False), (9, False), (9, False), (9, False), (9, False), (9, False), (9, False), (9, False)] exc=0 t_gens=0s t=3s
  TR/D: rank[3,3] gens=3 src=pari sat=1 tors=4 states=400000 hmax=7283.7 primes=150 surv=13 exact=11 badbase=0 hits7=[(9, False), (9, False), (9, False), (9, False), (9, False), (9, False), (9, False), (9, False), (9, False), (9, False), (9, False)] exc=0 t_gens=1s t=4s
(2351,1471) C0=3845521 □ K=50000
  TL/BR: rank[2,2] gens=2 src=pari sat=1 tors=8 states=800000 hmax=357955.7 primes=150 surv=9 exact=7 badbase=0 hits7=[(9, False), (9, False), (9, False), (9, False), (9, False), (9, False), (9, False)] exc=0 t_gens=0s t=5s
  TL/D: rank[2,2] gens=2 src=pari+mwrank sat=1 tors=4 states=400000 hmax=181584.8 primes=150 surv=13 exact=11 badbase=0 hits7=[(9, False), (9, False), (9, False), (9, False), (9, False), (9, False), (9, False), (9, False), (9, False), (9, False), (9, False)] exc=0 t_gens=2s t=5s
  BR/D: rank[1,3] gens=3 src=pari+mwrank sat=1 tors=4 states=400000 hmax=9891.4 primes=150 surv=13 exact=11 badbase=0 hits7=[(9, False), (9, False), (9, False), (9, False), (9, False), (9, False), (9, False), (9, False), (9, False), (9, False), (9, False)] exc=0 t_gens=4s t=7s
  BL/TR: rank[1,1] gens=1 src=pari sat=1 tors=8 states=800000 hmax=18794310670.0 primes=150 surv=9 exact=7 badbase=0 hits7=[(9, False), (9, False), (9, False), (9, False), (9, False), (9, False), (9, False)] exc=0 t_gens=0s t=3s
  BL/D: rank[1,3] gens=3 src=pari+mwrank sat=1 tors=4 states=400000 hmax=9891.4 primes=150 surv=13 exact=11 badbase=0 hits7=[(9, False), (9, False), (9, False), (9, False), (9, False), (9, False), (9, False), (9, False), (9, False), (9, False), (9, False)] exc=0 t_gens=4s t=8s
  TR/D: rank[2,2] gens=2 src=pari+mwrank sat=1 tors=4 states=400000 hmax=181584.8 primes=150 surv=13 exact=11 badbase=0 hits7=[(9, False), (9, False), (9, False), (9, False), (9, False), (9, False), (9, False), (9, False), (9, False), (9, False), (9, False)] exc=0 t_gens=1s t=4s
(2177,2047) C0=4464769 □ K=50000
  TL/BR: rank[1,1] gens=1 src=pari sat=1 tors=8 states=800000 hmax=19158428111.1 primes=150 surv=9 exact=7 badbase=0 hits7=[(9, False), (9, False), (9, False), (9, False), (9, False), (9, False), (9, False)] exc=0 t_gens=0s t=4s
  TL/D: rank[3,3] gens=3 src=pari sat=1 tors=4 states=400000 hmax=8031.6 primes=150 surv=13 exact=10 badbase=0 hits7=[(9, False), (9, False), (9, False), (9, False), (9, False), (9, False), (9, False), (9, False), (9, False), (9, False)] exc=0 t_gens=0s t=3s
  BR/D: rank[0,2] gens=2 src=pari+mwrank sat=1 tors=4 states=400000 hmax=183373.5 primes=150 surv=13 exact=10 badbase=0 hits7=[(9, False), (9, False), (9, False), (9, False), (9, False), (9, False), (9, False), (9, False), (9, False), (9, False)] exc=0 t_gens=70s t=76s
  BL/TR: rank[2,2] gens=2 src=pari+mwrank sat=1 tors=8 states=800000 hmax=776757.9 primes=150 surv=9 exact=7 badbase=0 hits7=[(9, False), (9, False), (9, False), (9, False), (9, False), (9, False), (9, False)] exc=0 t_gens=18s t=25s
  BL/D: rank[2,2] gens=2 src=pari+mwrank sat=1 tors=4 states=400000 hmax=183373.5 primes=150 surv=13 exact=11 badbase=0 hits7=[(9, False), (9, False), (9, False), (9, False), (9, False), (9, False), (9, False), (9, False), (9, False), (9, False), (9, False)] exc=0 t_gens=73s t=77s
  TR/D: rank[3,3] gens=3 src=pari sat=1 tors=4 states=400000 hmax=8031.6 primes=150 surv=13 exact=11 badbase=0 hits7=[(9, False), (9, False), (9, False), (9, False), (9, False), (9, False), (9, False), (9, False), (9, False), (9, False), (9, False)] exc=0 t_gens=1s t=4s
(2369,1271) C0=3613801 □ K=50000
  TL/BR: rank[2,2] gens=2 src=pari sat=1 tors=8 states=800000 hmax=472824.4 primes=150 surv=9 exact=7 badbase=0 hits7=[(9, False), (9, False), (9, False), (9, False), (9, False), (9, False), (9, False)] exc=0 t_gens=0s t=4s
  TL/D: rank[1,3] gens=3 src=pari+mwrank sat=1 tors=4 states=400000 hmax=9058.0 primes=150 surv=13 exact=11 badbase=0 hits7=[(9, False), (9, False), (9, False), (9, False), (9, False), (9, False), (9, False), (9, False), (9, False), (9, False), (9, False)] exc=0 t_gens=3s t=6s
  BR/D: rank[2,2] gens=2 src=pari sat=1 tors=4 states=400000 hmax=181003.6 primes=150 surv=13 exact=11 badbase=0 hits7=[(9, False), (9, False), (9, False), (9, False), (9, False), (9, False), (9, False), (9, False), (9, False), (9, False), (9, False)] exc=0 t_gens=0s t=3s
  BL/TR: rank[1,1] gens=1 src=pari sat=1 tors=8 states=800000 hmax=18667143266.6 primes=150 surv=9 exact=7 badbase=0 hits7=[(9, False), (9, False), (9, False), (9, False), (9, False), (9, False), (9, False)] exc=0 t_gens=0s t=3s
  BL/D: rank[2,2] gens=2 src=pari sat=1 tors=4 states=400000 hmax=181003.6 primes=150 surv=13 exact=11 badbase=0 hits7=[(9, False), (9, False), (9, False), (9, False), (9, False), (9, False), (9, False), (9, False), (9, False), (9, False), (9, False)] exc=0 t_gens=0s t=3s
  TR/D: rank[1,3] gens=3 src=pari+mwrank sat=1 tors=4 states=400000 hmax=9058.0 primes=150 surv=13 exact=11 badbase=0 hits7=[(9, False), (9, False), (9, False), (9, False), (9, False), (9, False), (9, False), (9, False), (9, False), (9, False), (9, False)] exc=0 t_gens=1s t=5s
(2329,1031) C0=3243601 □ K=50000
  TL/BR: rank[1,1] gens=1 src=pari sat=1 tors=8 states=800000 hmax=18882806731.1 primes=150 surv=9 exact=7 badbase=0 hits7=[(9, False), (9, False), (9, False), (9, False), (9, False), (9, False), (9, False)] exc=0 t_gens=0s t=4s
  TL/D: rank[3,3] gens=3 src=pari sat=1 tors=4 states=400000 hmax=7063.1 primes=150 surv=13 exact=11 badbase=0 hits7=[(9, False), (9, False), (9, False), (9, False), (9, False), (9, False), (9, False), (9, False), (9, False), (9, False), (9, False)] exc=0 t_gens=0s t=4s
  BR/D: rank[3,3] gens=3 src=pari sat=1 tors=4 states=400000 hmax=5931.3 primes=150 surv=13 exact=11 badbase=0 hits7=[(9, False), (9, False), (9, False), (9, False), (9, False), (9, False), (9, False), (9, False), (9, False), (9, False), (9, False)] exc=0 t_gens=0s t=6s
  BL/TR: rank[1,3] gens=1 INCOMPLETE src=pari+mwrank sat=1 tors=8 states=800000 hmax=18477481877.1 primes=150 surv=9 exact=7 badbase=0 hits7=[(9, False), (9, False), (9, False), (9, False), (9, False), (9, False), (9, False)] exc=0 t_gens=39s t=43s
  BL/D: rank[3,3] gens=3 src=pari sat=1 tors=4 states=400000 hmax=5931.3 primes=150 surv=13 exact=11 badbase=0 hits7=[(9, False), (9, False), (9, False), (9, False), (9, False), (9, False), (9, False), (9, False), (9, False), (9, False), (9, False)] exc=0 t_gens=1s t=4s
  TR/D: rank[3,3] gens=3 src=pari sat=3 tors=4 states=400000 hmax=7063.1 primes=150 surv=13 exact=11 badbase=0 hits7=[(9, False), (9, False), (9, False), (9, False), (9, False), (9, False), (9, False), (9, False), (9, False), (9, False), (9, False)] exc=0 t_gens=1s t=4s
(2129,1303) C0=3115225 □ K=50000
  TL/BR: rank[2,2] gens=1 INCOMPLETE src=pari+mwrank sat=1 tors=8 states=800000 hmax=18804669482.5 primes=150 surv=9 exact=7 badbase=0 hits7=[(9, False), (9, False), (9, False), (9, False), (9, False), (9, False), (9, False)] exc=0 t_gens=19s t=23s
  TL/D: rank[3,3] gens=3 src=pari sat=1 tors=4 states=400000 hmax=5812.5 primes=150 surv=13 exact=11 badbase=0 hits7=[(9, False), (9, False), (9, False), (9, False), (9, False), (9, False), (9, False), (9, False), (9, False), (9, False), (9, False)] exc=0 t_gens=0s t=5s
  BR/D: rank[2,2] gens=2 src=pari+mwrank sat=2 tors=4 states=400000 hmax=179355.9 primes=150 surv=13 exact=11 badbase=0 hits7=[(9, False), (9, False), (9, False), (9, False), (9, False), (9, False), (9, False), (9, False), (9, False), (9, False), (9, False)] exc=0 t_gens=78s t=82s
  BL/TR: rank[1,3] gens=1 INCOMPLETE src=pari+mwrank sat=1 tors=8 states=800000 hmax=18523695841.5 primes=150 surv=9 exact=7 badbase=0 hits7=[(9, False), (9, False), (9, False), (9, False), (9, False), (9, False), (9, False)] exc=0 t_gens=46s t=49s
  BL/D: rank[2,2] gens=2 src=pari+mwrank sat=2 tors=4 states=400000 hmax=179355.9 primes=150 surv=13 exact=11 badbase=0 hits7=[(9, False), (9, False), (9, False), (9, False), (9, False), (9, False), (9, False), (9, False), (9, False), (9, False), (9, False)] exc=0 t_gens=68s t=71s
  TR/D: rank[3,3] gens=3 src=pari sat=1 tors=4 states=400000 hmax=5812.5 primes=150 surv=13 exact=11 badbase=0 hits7=[(9, False), (9, False), (9, False), (9, False), (9, False), (9, False), (9, False), (9, False), (9, False), (9, False), (9, False)] exc=0 t_gens=0s t=4s
(2369,1649) C0=4165681 □ K=50000
  TL/BR: rank[1,1] gens=1 src=pari sat=1 tors=8 states=800000 hmax=19146227557.9 primes=150 surv=9 exact=7 badbase=0 hits7=[(9, False), (9, False), (9, False), (9, False), (9, False), (9, False), (9, False)] exc=0 t_gens=0s t=5s
  TL/D: rank[3,3] gens=3 src=pari sat=1 tors=4 states=400000 hmax=6926.7 primes=150 surv=13 exact=11 badbase=0 hits7=[(9, False), (9, False), (9, False), (9, False), (9, False), (9, False), (9, False), (9, False), (9, False), (9, False), (9, False)] exc=0 t_gens=0s t=4s
  BR/D: rank[2,2] gens=2 src=pari sat=1 tors=4 states=400000 hmax=182637.8 primes=150 surv=13 exact=11 badbase=0 hits7=[(9, False), (9, False), (9, False), (9, False), (9, False), (9, False), (9, False), (9, False), (9, False), (9, False), (9, False)] exc=0 t_gens=0s t=3s
  BL/TR: rank[2,2] gens=2 src=pari sat=1 tors=8 states=800000 hmax=549383.7 primes=150 surv=9 exact=7 badbase=0 hits7=[(9, False), (9, False), (9, False), (9, False), (9, False), (9, False), (9, False)] exc=0 t_gens=0s t=5s
  BL/D: rank[2,2] gens=2 src=pari sat=1 tors=4 states=400000 hmax=182637.8 primes=150 surv=13 exact=11 badbase=0 hits7=[(9, False), (9, False), (9, False), (9, False), (9, False), (9, False), (9, False), (9, False), (9, False), (9, False), (9, False)] exc=0 t_gens=0s t=4s
  TR/D: rank[3,3] gens=3 src=pari sat=1 tors=4 states=400000 hmax=6926.7 primes=150 surv=13 exact=11 badbase=0 hits7=[(9, False), (9, False), (9, False), (9, False), (9, False), (9, False), (9, False), (9, False), (9, False), (9, False), (9, False)] exc=0 t_gens=0s t=6s
(2383,1831) C0=4515625 □ K=50000
  TL/BR: rank[2,2] gens=2 src=pari sat=1 tors=8 states=800000 hmax=317521.1 primes=150 surv=9 exact=7 badbase=0 hits7=[(9, False), (9, False), (9, False), (9, False), (9, False), (9, False), (9, False)] exc=0 t_gens=0s t=5s
  TL/D: rank[3,3] gens=3 src=pari sat=1 tors=4 states=400000 hmax=7266.4 primes=150 surv=13 exact=11 badbase=0 hits7=[(9, False), (9, False), (9, False), (9, False), (9, False), (9, False), (9, False), (9, False), (9, False), (9, False), (9, False)] exc=0 t_gens=0s t=4s
  BR/D: rank[2,2] gens=2 src=pari sat=1 tors=4 states=400000 hmax=183543.3 primes=150 surv=13 exact=11 badbase=0 hits7=[(9, False), (9, False), (9, False), (9, False), (9, False), (9, False), (9, False), (9, False), (9, False), (9, False), (9, False)] exc=0 t_gens=0s t=4s
  BL/TR: rank[1,1] gens=1 src=pari sat=1 tors=8 states=800000 hmax=19065666983.9 primes=150 surv=9 exact=7 badbase=0 hits7=[(9, False), (9, False), (9, False), (9, False), (9, False), (9, False), (9, False)] exc=0 t_gens=0s t=4s
  BL/D: rank[2,2] gens=2 src=pari sat=1 tors=4 states=400000 hmax=183543.3 primes=150 surv=13 exact=11 badbase=0 hits7=[(9, False), (9, False), (9, False), (9, False), (9, False), (9, False), (9, False), (9, False), (9, False), (9, False), (9, False)] exc=0 t_gens=0s t=4s
  TR/D: rank[3,3] gens=3 src=pari sat=1 tors=4 states=400000 hmax=7266.4 primes=150 surv=13 exact=11 badbase=0 hits7=[(9, False), (9, False), (9, False), (9, False), (9, False), (9, False), (9, False), (9, False), (9, False), (9, False), (9, False)] exc=0 t_gens=0s t=4s
(2303,1913) C0=4481689 □ K=50000
  TL/BR: rank[1,1] gens=1 src=pari sat=1 tors=8 states=800000 hmax=19197629542.9 primes=150 surv=9 exact=7 badbase=0 hits7=[(9, False), (9, False), (9, False), (9, False), (9, False), (9, False), (9, False)] exc=0 t_gens=0s t=4s
  TL/D: rank[3,3] gens=2 INCOMPLETE src=pari+mwrank sat=1 tors=4 states=400000 hmax=183392.4 primes=150 surv=13 exact=11 badbase=0 hits7=[(9, False), (9, False), (9, False), (9, False), (9, False), (9, False), (9, False), (9, False), (9, False), (9, False), (9, False)] exc=0 t_gens=34s t=40s
  BR/D: rank[2,2] gens=2 src=pari sat=1 tors=4 states=400000 hmax=183440.2 primes=150 surv=13 exact=11 badbase=0 hits7=[(9, False), (9, False), (9, False), (9, False), (9, False), (9, False), (9, False), (9, False), (9, False), (9, False), (9, False)] exc=0 t_gens=0s t=5s
  BL/TR: rank[2,2] gens=2 src=pari sat=1 tors=8 states=800000 hmax=413218.1 primes=150 surv=9 exact=7 badbase=0 hits7=[(9, False), (9, False), (9, False), (9, False), (9, False), (9, False), (9, False)] exc=0 t_gens=0s t=7s
  BL/D: rank[2,2] gens=2 src=pari sat=1 tors=4 states=400000 hmax=183440.2 primes=150 surv=13 exact=11 badbase=0 hits7=[(9, False), (9, False), (9, False), (9, False), (9, False), (9, False), (9, False), (9, False), (9, False), (9, False), (9, False)] exc=0 t_gens=0s t=6s
  TR/D: rank[3,3] gens=2 INCOMPLETE src=pari+mwrank sat=1 tors=4 states=400000 hmax=183392.4 primes=150 surv=13 exact=11 badbase=0 hits7=[(9, False), (9, False), (9, False), (9, False), (9, False), (9, False), (9, False), (9, False), (9, False), (9, False), (9, False)] exc=0 t_gens=34s t=38s
(2399,2207) C0=5313025 □ K=50000
  TL/BR: rank[2,2] gens=2 src=pari sat=1 tors=8 states=800000 hmax=511527.1 primes=150 surv=9 exact=7 badbase=0 hits7=[(9, False), (9, False), (9, False), (9, False), (9, False), (9, False), (9, False)] exc=0 t_gens=0s t=7s
  TL/D: rank[2,2] gens=2 src=pari sat=1 tors=4 states=400000 hmax=185301.7 primes=150 surv=13 exact=11 badbase=0 hits7=[(9, False), (9, False), (9, False), (9, False), (9, False), (9, False), (9, False), (9, False), (9, False), (9, False), (9, False)] exc=0 t_gens=0s t=4s
  BR/D: rank[3,3] gens=3 src=pari+mwrank sat=2 tors=4 states=400000 hmax=5402.6 primes=150 surv=13 exact=11 badbase=0 hits7=[(9, False), (9, False), (9, False), (9, False), (9, False), (9, False), (9, False), (9, False), (9, False), (9, False), (9, False)] exc=0 t_gens=3s t=6s
  BL/TR: rank[1,1] gens=1 src=pari sat=1 tors=8 states=800000 hmax=19330273604.7 primes=150 surv=9 exact=7 badbase=0 hits7=[(9, False), (9, False), (9, False), (9, False), (9, False), (9, False), (9, False)] exc=0 t_gens=0s t=5s
  BL/D: rank[3,3] gens=3 src=pari+mwrank sat=2 tors=4 states=400000 hmax=5402.6 primes=150 surv=13 exact=11 badbase=0 hits7=[(9, False), (9, False), (9, False), (9, False), (9, False), (9, False), (9, False), (9, False), (9, False), (9, False), (9, False)] exc=0 t_gens=1s t=5s
  TR/D: rank[2,2] gens=2 src=pari sat=1 tors=4 states=400000 hmax=185301.7 primes=150 surv=13 exact=11 badbase=0 hits7=[(9, False), (9, False), (9, False), (9, False), (9, False), (9, False), (9, False), (9, False), (9, False), (9, False), (9, False)] exc=0 t_gens=0s t=6s
(2401,761) C0=3171961 □ K=50000
  TL/BR: rank[2,2] gens=2 src=pari sat=1 tors=8 states=800000 hmax=310050.7 primes=150 surv=9 exact=7 badbase=0 hits7=[(9, False), (9, False), (9, False), (9, False), (9, False), (9, False), (9, False)] exc=0 t_gens=0s t=5s
  TL/D: rank[2,2] gens=2 src=pari sat=1 tors=4 states=400000 hmax=179212.6 primes=150 surv=13 exact=11 badbase=0 hits7=[(9, False), (9, False), (9, False), (9, False), (9, False), (9, False), (9, False), (9, False), (9, False), (9, False), (9, False)] exc=0 t_gens=0s t=4s
  BR/D: rank[4,4] gens=4 src=pari sat=1 tors=4 states=400000 hmax=752.7 primes=150 surv=13 exact=11 badbase=0 hits7=[(9, False), (9, False), (9, False), (9, False), (9, False), (9, False), (9, False), (9, False), (9, False), (9, False), (9, False)] exc=0 t_gens=0s t=4s
  BL/TR: rank[2,2] gens=2 src=pari sat=1 tors=8 states=800000 hmax=360035.3 primes=150 surv=9 exact=7 badbase=0 hits7=[(9, False), (9, False), (9, False), (9, False), (9, False), (9, False), (9, False)] exc=0 t_gens=0s t=7s
  BL/D: rank[4,4] gens=4 src=pari sat=1 tors=4 states=400000 hmax=752.7 primes=150 surv=13 exact=11 badbase=0 hits7=[(9, False), (9, False), (9, False), (9, False), (9, False), (9, False), (9, False), (9, False), (9, False), (9, False), (9, False)] exc=0 t_gens=0s t=6s
  TR/D: rank[2,2] gens=2 src=pari sat=1 tors=4 states=400000 hmax=179212.6 primes=150 surv=13 exact=11 badbase=0 hits7=[(9, False), (9, False), (9, False), (9, False), (9, False), (9, False), (9, False), (9, False), (9, False), (9, False), (9, False)] exc=0 t_gens=0s t=6s
(2231,1169) C0=3171961 □ K=50000
  TL/BR: rank[1,1] gens=1 src=pari sat=1 tors=8 states=800000 hmax=18845031894.0 primes=150 surv=9 exact=7 badbase=0 hits7=[(9, False), (9, False), (9, False), (9, False), (9, False), (9, False), (9, False)] exc=0 t_gens=0s t=6s
  TL/D: rank[2,2] gens=2 src=pari+mwrank sat=1 tors=4 states=400000 hmax=179383.1 primes=150 surv=13 exact=11 badbase=0 hits7=[(9, False), (9, False), (9, False), (9, False), (9, False), (9, False), (9, False), (9, False), (9, False), (9, False), (9, False)] exc=0 t_gens=81s t=85s
  BR/D: rank[5,5] gens=5 src=pari sat=1 tors=4 states=400000 hmax=245.2 primes=150 surv=13 exact=11 badbase=0 hits7=[(9, False), (9, False), (9, False), (9, False), (9, False), (9, False), (9, False), (9, False), (9, False), (9, False), (9, False)] exc=0 t_gens=1s t=4s
  BL/TR: rank[2,2] gens=2 src=pari sat=1 tors=8 states=800000 hmax=397022.1 primes=150 surv=9 exact=7 badbase=0 hits7=[(9, False), (9, False), (9, False), (9, False), (9, False), (9, False), (9, False)] exc=0 t_gens=0s t=5s
  BL/D: rank[5,5] gens=5 src=pari sat=1 tors=4 states=400000 hmax=245.2 primes=150 surv=13 exact=11 badbase=0 hits7=[(9, False), (9, False), (9, False), (9, False), (9, False), (9, False), (9, False), (9, False), (9, False), (9, False), (9, False)] exc=0 t_gens=1s t=5s
  TR/D: rank[0,2] gens=2 src=pari+mwrank sat=1 tors=4 states=400000 hmax=179383.1 primes=150 surv=13 exact=11 badbase=0 hits7=[(9, False), (9, False), (9, False), (9, False), (9, False), (9, False), (9, False), (9, False), (9, False), (9, False), (9, False)] exc=0 t_gens=74s t=79s
(2423,889) C0=3330625 □ K=50000
  TL/BR: rank[2,2] gens=2 src=pari sat=1 tors=8 states=800000 hmax=152060.7 primes=150 surv=9 exact=7 badbase=0 hits7=[(9, False), (9, False), (9, False), (9, False), (9, False), (9, False), (9, False)] exc=0 t_gens=0s t=5s
  TL/D: rank[2,2] gens=2 src=pari sat=1 tors=4 states=400000 hmax=179767.5 primes=150 surv=13 exact=11 badbase=0 hits7=[(9, False), (9, False), (9, False), (9, False), (9, False), (9, False), (9, False), (9, False), (9, False), (9, False), (9, False)] exc=0 t_gens=0s t=4s
  BR/D: rank[3,3] gens=3 src=pari sat=1 tors=4 states=400000 hmax=8211.0 primes=150 surv=13 exact=11 badbase=0 hits7=[(9, False), (9, False), (9, False), (9, False), (9, False), (9, False), (9, False), (9, False), (9, False), (9, False), (9, False)] exc=0 t_gens=0s t=4s
  BL/TR: rank[1,1] gens=1 src=pari sat=1 tors=8 states=800000 hmax=18466695911.4 primes=150 surv=9 exact=7 badbase=0 hits7=[(9, False), (9, False), (9, False), (9, False), (9, False), (9, False), (9, False)] exc=0 t_gens=0s t=4s
  BL/D: rank[3,3] gens=3 src=pari sat=1 tors=4 states=400000 hmax=8211.0 primes=150 surv=13 exact=11 badbase=0 hits7=[(9, False), (9, False), (9, False), (9, False), (9, False), (9, False), (9, False), (9, False), (9, False), (9, False), (9, False)] exc=0 t_gens=0s t=4s
  TR/D: rank[2,2] gens=2 src=pari sat=1 tors=4 states=400000 hmax=179767.5 primes=150 surv=13 exact=11 badbase=0 hits7=[(9, False), (9, False), (9, False), (9, False), (9, False), (9, False), (9, False), (9, False), (9, False), (9, False), (9, False)] exc=0 t_gens=0s t=6s
(2441,2039) C0=5058001 □ K=50000
  TL/BR: rank[1,1] gens=1 src=pari sat=1 tors=8 states=800000 hmax=19347395041.8 primes=150 surv=9 exact=7 badbase=0 hits7=[(9, False), (9, False), (9, False), (9, False), (9, False), (9, False), (9, False)] exc=0 t_gens=0s t=7s
  TL/D: rank[4,4] gens=4 src=pari sat=1 tors=4 states=400000 hmax=1289.1 primes=150 surv=13 exact=11 badbase=0 hits7=[(9, False), (9, False), (9, False), (9, False), (9, False), (9, False), (9, False), (9, False), (9, False), (9, False), (9, False)] exc=0 t_gens=1s t=4s
  BR/D: rank[2,2] gens=2 src=pari sat=1 tors=4 states=400000 hmax=184809.2 primes=150 surv=13 exact=11 badbase=0 hits7=[(9, False), (9, False), (9, False), (9, False), (9, False), (9, False), (9, False), (9, False), (9, False), (9, False), (9, False)] exc=0 t_gens=0s t=4s
  BL/TR: rank[1,1] gens=1 src=pari sat=1 tors=8 states=800000 hmax=19236293881.0 primes=150 surv=9 exact=7 badbase=0 hits7=[(9, False), (9, False), (9, False), (9, False), (9, False), (9, False), (9, False)] exc=0 t_gens=0s t=6s
  BL/D: rank[2,2] gens=2 src=pari sat=1 tors=4 states=400000 hmax=184809.2 primes=150 surv=13 exact=11 badbase=0 hits7=[(9, False), (9, False), (9, False), (9, False), (9, False), (9, False), (9, False), (9, False), (9, False), (9, False), (9, False)] exc=0 t_gens=0s t=4s
  TR/D: rank[4,4] gens=4 src=pari sat=1 tors=4 states=400000 hmax=1289.1 primes=150 surv=13 exact=11 badbase=0 hits7=[(9, False), (9, False), (9, False), (9, False), (9, False), (9, False), (9, False), (9, False), (9, False), (9, False), (9, False)] exc=0 t_gens=1s t=6s
(2417,233) C0=2948089 □ K=50000
  TL/BR: rank[3,3] gens=3 src=pari sat=1 tors=8 states=800000 hmax=5254.8 primes=150 surv=9 exact=7 badbase=0 hits7=[(9, False), (9, False), (9, False), (9, False), (9, False), (9, False), (9, False)] exc=0 t_gens=0s t=6s
  TL/D: rank[2,2] gens=2 src=pari sat=1 tors=4 states=400000 hmax=177711.6 primes=150 surv=13 exact=11 badbase=0 hits7=[(9, False), (9, False), (9, False), (9, False), (9, False), (9, False), (9, False), (9, False), (9, False), (9, False), (9, False)] exc=0 t_gens=0s t=4s
  BR/D: rank[3,3] gens=3 src=pari sat=1 tors=4 states=400000 hmax=5025.0 primes=150 surv=13 exact=11 badbase=0 hits7=[(9, False), (9, False), (9, False), (9, False), (9, False), (9, False), (9, False), (9, False), (9, False), (9, False), (9, False)] exc=0 t_gens=1s t=4s
  BL/TR: rank[2,2] gens=1 INCOMPLETE src=pari+mwrank sat=1 tors=8 states=800000 hmax=18198078837.7 primes=150 surv=9 exact=7 badbase=0 hits7=[(9, False), (9, False), (9, False), (9, False), (9, False), (9, False), (9, False)] exc=0 t_gens=18s t=24s
  BL/D: rank[3,3] gens=3 src=pari sat=1 tors=4 states=400000 hmax=5025.0 primes=150 surv=13 exact=11 badbase=0 hits7=[(9, False), (9, False), (9, False), (9, False), (9, False), (9, False), (9, False), (9, False), (9, False), (9, False), (9, False)] exc=0 t_gens=1s t=5s
  TR/D: rank[2,2] gens=2 src=pari sat=1 tors=4 states=400000 hmax=177711.6 primes=150 surv=13 exact=11 badbase=0 hits7=[(9, False), (9, False), (9, False), (9, False), (9, False), (9, False), (9, False), (9, False), (9, False), (9, False), (9, False)] exc=0 t_gens=0s t=3s
(2449,511) C0=3129361 □ K=50000
  TL/BR: rank[2,2] gens=2 src=pari sat=1 tors=8 states=800000 hmax=382930.1 primes=150 surv=9 exact=7 badbase=0 hits7=[(9, False), (9, False), (9, False), (9, False), (9, False), (9, False), (9, False)] exc=0 t_gens=0s t=6s
  TL/D: rank[3,3] gens=3 src=pari sat=1 tors=4 states=400000 hmax=6733.5 primes=150 surv=13 exact=11 badbase=0 hits7=[(9, False), (9, False), (9, False), (9, False), (9, False), (9, False), (9, False), (9, False), (9, False), (9, False), (9, False)] exc=0 t_gens=0s t=4s
  BR/D: rank[3,3] gens=3 src=pari sat=1 tors=4 states=400000 hmax=8780.8 primes=150 surv=13 exact=11 badbase=0 hits7=[(9, False), (9, False), (9, False), (9, False), (9, False), (9, False), (9, False), (9, False), (9, False), (9, False), (9, False)] exc=0 t_gens=0s t=3s
  BL/TR: rank[2,2] gens=2 src=pari sat=1 tors=8 states=800000 hmax=467587.8 primes=150 surv=9 exact=7 badbase=0 hits7=[(9, False), (9, False), (9, False), (9, False), (9, False), (9, False), (9, False)] exc=0 t_gens=0s t=6s
  BL/D: rank[3,3] gens=3 src=pari sat=1 tors=4 states=400000 hmax=8780.8 primes=150 surv=13 exact=11 badbase=0 hits7=[(9, False), (9, False), (9, False), (9, False), (9, False), (9, False), (9, False), (9, False), (9, False), (9, False), (9, False)] exc=0 t_gens=0s t=4s
  TR/D: rank[3,3] gens=3 src=pari sat=1 tors=4 states=400000 hmax=6733.5 primes=150 surv=13 exact=11 badbase=0 hits7=[(9, False), (9, False), (9, False), (9, False), (9, False), (9, False), (9, False), (9, False), (9, False), (9, False), (9, False)] exc=0 t_gens=0s t=5s
(2449,2311) C0=5669161 □ K=50000
  TL/BR: rank[2,2] gens=2 src=pari sat=1 tors=8 states=800000 hmax=408961.5 primes=150 surv=9 exact=7 badbase=0 hits7=[(9, False), (9, False), (9, False), (9, False), (9, False), (9, False), (9, False)] exc=0 t_gens=0s t=6s
  TL/D: rank[3,3] gens=3 src=pari sat=1 tors=4 states=400000 hmax=6418.5 primes=150 surv=13 exact=10 badbase=0 hits7=[(9, False), (9, False), (9, False), (9, False), (9, False), (9, False), (9, False), (9, False), (9, False), (9, False)] exc=0 t_gens=0s t=5s
  BR/D: rank[3,3] gens=3 src=pari sat=1 tors=4 states=400000 hmax=6666.2 primes=150 surv=13 exact=10 badbase=0 hits7=[(9, False), (9, False), (9, False), (9, False), (9, False), (9, False), (9, False), (9, False), (9, False), (9, False)] exc=0 t_gens=0s t=5s
  BL/TR: rank[2,2] gens=2 src=pari sat=1 tors=8 states=800000 hmax=409671.4 primes=150 surv=9 exact=7 badbase=0 hits7=[(9, False), (9, False), (9, False), (9, False), (9, False), (9, False), (9, False)] exc=0 t_gens=0s t=5s
  BL/D: rank[3,3] gens=3 src=pari sat=1 tors=4 states=400000 hmax=6666.2 primes=150 surv=13 exact=11 badbase=0 hits7=[(9, False), (9, False), (9, False), (9, False), (9, False), (9, False), (9, False), (9, False), (9, False), (9, False), (9, False)] exc=0 t_gens=1s t=5s
  TR/D: rank[3,3] gens=3 src=pari sat=1 tors=4 states=400000 hmax=6418.5 primes=150 surv=13 exact=11 badbase=0 hits7=[(9, False), (9, False), (9, False), (9, False), (9, False), (9, False), (9, False), (9, False), (9, False), (9, False), (9, False)] exc=0 t_gens=0s t=4s
(2447,137) C0=3003289 □ K=50000
  TL/BR: rank[2,2] gens=1 INCOMPLETE src=pari+mwrank sat=1 tors=8 states=800000 hmax=18628082476.5 primes=150 surv=9 exact=7 badbase=0 hits7=[(9, False), (9, False), (9, False), (9, False), (9, False), (9, False), (9, False)] exc=0 t_gens=11s t=14s
  TL/D: rank[1,3] gens=3 src=pari+mwrank sat=1 tors=4 states=400000 hmax=9400.1 primes=150 surv=13 exact=11 badbase=0 hits7=[(9, False), (9, False), (9, False), (9, False), (9, False), (9, False), (9, False), (9, False), (9, False), (9, False), (9, False)] exc=0 t_gens=2s t=5s
  BR/D: rank[2,2] gens=2 src=pari+mwrank sat=1 tors=4 states=400000 hmax=178963.6 primes=150 surv=13 exact=11 badbase=0 hits7=[(9, False), (9, False), (9, False), (9, False), (9, False), (9, False), (9, False), (9, False), (9, False), (9, False), (9, False)] exc=0 t_gens=1s t=4s
  BL/TR: rank[1,1] gens=1 src=pari sat=1 tors=8 states=800000 hmax=18214369230.5 primes=150 surv=9 exact=7 badbase=0 hits7=[(9, False), (9, False), (9, False), (9, False), (9, False), (9, False), (9, False)] exc=0 t_gens=0s t=5s
  BL/D: rank[2,2] gens=2 src=pari+mwrank sat=1 tors=4 states=400000 hmax=178963.6 primes=150 surv=13 exact=11 badbase=0 hits7=[(9, False), (9, False), (9, False), (9, False), (9, False), (9, False), (9, False), (9, False), (9, False), (9, False), (9, False)] exc=0 t_gens=1s t=6s
  TR/D: rank[1,3] gens=3 src=pari+mwrank sat=1 tors=4 states=400000 hmax=9400.1 primes=150 surv=13 exact=11 badbase=0 hits7=[(9, False), (9, False), (9, False), (9, False), (9, False), (9, False), (9, False), (9, False), (9, False), (9, False), (9, False)] exc=0 t_gens=3s t=7s
(2471,391) C0=3129361 □ K=50000
  TL/BR: rank[2,2] gens=2 src=pari sat=1 tors=8 states=800000 hmax=185876.6 primes=150 surv=9 exact=7 badbase=0 hits7=[(9, False), (9, False), (9, False), (9, False), (9, False), (9, False), (9, False)] exc=0 t_gens=0s t=5s
  TL/D: rank[2,2] gens=2 src=pari sat=1 tors=4 states=400000 hmax=178696.7 primes=150 surv=13 exact=11 badbase=0 hits7=[(9, False), (9, False), (9, False), (9, False), (9, False), (9, False), (9, False), (9, False), (9, False), (9, False), (9, False)] exc=0 t_gens=0s t=4s
  BR/D: rank[1,3] gens=3 src=pari+mwrank sat=1 tors=4 states=400000 hmax=9000.2 primes=150 surv=13 exact=11 badbase=0 hits7=[(9, False), (9, False), (9, False), (9, False), (9, False), (9, False), (9, False), (9, False), (9, False), (9, False), (9, False)] exc=0 t_gens=3s t=7s
  BL/TR: rank[1,1] gens=1 src=pari sat=1 tors=8 states=800000 hmax=18289712810.3 primes=150 surv=9 exact=7 badbase=0 hits7=[(9, False), (9, False), (9, False), (9, False), (9, False), (9, False), (9, False)] exc=0 t_gens=0s t=4s
  BL/D: rank[1,3] gens=3 src=pari+mwrank sat=1 tors=4 states=400000 hmax=9000.2 primes=150 surv=13 exact=11 badbase=0 hits7=[(9, False), (9, False), (9, False), (9, False), (9, False), (9, False), (9, False), (9, False), (9, False), (9, False), (9, False)] exc=0 t_gens=1s t=5s
  TR/D: rank[2,2] gens=2 src=pari sat=1 tors=4 states=400000 hmax=178696.7 primes=150 surv=13 exact=11 badbase=0 hits7=[(9, False), (9, False), (9, False), (9, False), (9, False), (9, False), (9, False), (9, False), (9, False), (9, False), (9, False)] exc=0 t_gens=0s t=4s
(2393,2017) C0=4897369 □ K=50000
  TL/BR: rank[2,2] gens=2 src=pari+mwrank sat=1 tors=8 states=800000 hmax=929629.5 primes=150 surv=9 exact=7 badbase=0 hits7=[(9, False), (9, False), (9, False), (9, False), (9, False), (9, False), (9, False)] exc=0 t_gens=3s t=8s
  TL/D: rank[3,3] gens=2 INCOMPLETE src=pari+mwrank sat=1 tors=4 states=400000 hmax=184389.7 primes=150 surv=13 exact=11 badbase=0 hits7=[(9, False), (9, False), (9, False), (9, False), (9, False), (9, False), (9, False), (9, False), (9, False), (9, False), (9, False)] exc=0 t_gens=27s t=31s
  BR/D: rank[4,4] gens=4 src=pari sat=1 tors=4 states=400000 hmax=1412.0 primes=150 surv=13 exact=11 badbase=0 hits7=[(9, False), (9, False), (9, False), (9, False), (9, False), (9, False), (9, False), (9, False), (9, False), (9, False), (9, False)] exc=0 t_gens=0s t=4s
  BL/TR: rank[3,3] gens=3 src=pari+mwrank sat=1 tors=8 states=800000 hmax=13616.0 primes=150 surv=9 exact=7 badbase=0 hits7=[(9, False), (9, False), (9, False), (9, False), (9, False), (9, False), (9, False)] exc=0 t_gens=1s t=5s
  BL/D: rank[4,4] gens=4 src=pari sat=1 tors=4 states=400000 hmax=1412.0 primes=150 surv=13 exact=11 badbase=0 hits7=[(9, False), (9, False), (9, False), (9, False), (9, False), (9, False), (9, False), (9, False), (9, False), (9, False), (9, False)] exc=0 t_gens=0s t=4s
  TR/D: rank[3,3] gens=2 INCOMPLETE src=pari+mwrank sat=1 tors=4 states=400000 hmax=184389.7 primes=150 surv=13 exact=11 badbase=0 hits7=[(9, False), (9, False), (9, False), (9, False), (9, False), (9, False), (9, False), (9, False), (9, False), (9, False), (9, False)] exc=0 t_gens=29s t=33s
(2473,1097) C0=3659569 □ K=50000
  TL/BR: rank[1,1] gens=1 src=pari sat=1 tors=8 states=800000 hmax=19033566744.5 primes=150 surv=9 exact=7 badbase=0 hits7=[(9, False), (9, False), (9, False), (9, False), (9, False), (9, False), (9, False)] exc=0 t_gens=0s t=5s
  TL/D: rank[2,2] gens=2 src=pari sat=1 tors=4 states=400000 hmax=180942.2 primes=150 surv=13 exact=11 badbase=0 hits7=[(9, False), (9, False), (9, False), (9, False), (9, False), (9, False), (9, False), (9, False), (9, False), (9, False), (9, False)] exc=0 t_gens=0s t=4s
  BR/D: rank[2,2] gens=2 src=pari sat=1 tors=4 states=400000 hmax=181188.5 primes=150 surv=13 exact=11 badbase=0 hits7=[(9, False), (9, False), (9, False), (9, False), (9, False), (9, False), (9, False), (9, False), (9, False), (9, False), (9, False)] exc=0 t_gens=0s t=4s
  BL/TR: rank[1,1] gens=1 src=pari sat=1 tors=8 states=800000 hmax=18628842172.8 primes=150 surv=9 exact=7 badbase=0 hits7=[(9, False), (9, False), (9, False), (9, False), (9, False), (9, False), (9, False)] exc=0 t_gens=0s t=4s
  BL/D: rank[2,2] gens=2 src=pari sat=1 tors=4 states=400000 hmax=181188.5 primes=150 surv=13 exact=11 badbase=0 hits7=[(9, False), (9, False), (9, False), (9, False), (9, False), (9, False), (9, False), (9, False), (9, False), (9, False), (9, False)] exc=0 t_gens=0s t=4s
  TR/D: rank[2,2] gens=2 src=pari sat=1 tors=4 states=400000 hmax=180942.2 primes=150 surv=13 exact=11 badbase=0 hits7=[(9, False), (9, False), (9, False), (9, False), (9, False), (9, False), (9, False), (9, False), (9, False), (9, False), (9, False)] exc=0 t_gens=0s t=4s
(2471,1129) C0=3690241 □ K=50000
  TL/BR: rank[1,1] gens=1 src=pari sat=1 tors=8 states=800000 hmax=19042904301.2 primes=150 surv=9 exact=7 badbase=0 hits7=[(9, False), (9, False), (9, False), (9, False), (9, False), (9, False), (9, False)] exc=0 t_gens=0s t=5s
  TL/D: rank[3,3] gens=3 src=pari sat=1 tors=4 states=400000 hmax=4421.8 primes=150 surv=13 exact=11 badbase=0 hits7=[(9, False), (9, False), (9, False), (9, False), (9, False), (9, False), (9, False), (9, False), (9, False), (9, False), (9, False)] exc=0 t_gens=0s t=5s
  BR/D: rank[3,3] gens=3 src=pari sat=1 tors=4 states=400000 hmax=5933.7 primes=150 surv=13 exact=11 badbase=0 hits7=[(9, False), (9, False), (9, False), (9, False), (9, False), (9, False), (9, False), (9, False), (9, False), (9, False), (9, False)] exc=0 t_gens=0s t=6s
  BL/TR: rank[3,3] gens=3 src=pari sat=1 tors=8 states=800000 hmax=6712.2 primes=150 surv=9 exact=7 badbase=0 hits7=[(9, False), (9, False), (9, False), (9, False), (9, False), (9, False), (9, False)] exc=0 t_gens=0s t=7s
  BL/D: rank[3,3] gens=3 src=pari sat=1 tors=4 states=400000 hmax=5933.7 primes=150 surv=13 exact=11 badbase=0 hits7=[(9, False), (9, False), (9, False), (9, False), (9, False), (9, False), (9, False), (9, False), (9, False), (9, False), (9, False)] exc=0 t_gens=1s t=5s
  TR/D: rank[3,3] gens=3 src=pari sat=1 tors=4 states=400000 hmax=4421.8 primes=150 surv=13 exact=11 badbase=0 hits7=[(9, False), (9, False), (9, False), (9, False), (9, False), (9, False), (9, False), (9, False), (9, False), (9, False), (9, False)] exc=0 t_gens=1s t=4s
(2521,553) C0=3330625 □ K=50000
  TL/BR: rank[4,4] gens=4 src=pari sat=3 tors=8 states=800000 hmax=663.1 primes=150 surv=9 exact=7 badbase=0 hits7=[(9, False), (9, False), (9, False), (9, False), (9, False), (9, False), (9, False)] exc=0 t_gens=1s t=6s
  TL/D: rank[2,2] gens=2 src=pari sat=1 tors=4 states=400000 hmax=179538.8 primes=150 surv=13 exact=11 badbase=0 hits7=[(9, False), (9, False), (9, False), (9, False), (9, False), (9, False), (9, False), (9, False), (9, False), (9, False), (9, False)] exc=0 t_gens=0s t=4s
  BR/D: rank[3,3] gens=3 src=pari sat=1 tors=4 states=400000 hmax=4913.9 primes=150 surv=13 exact=11 badbase=0 hits7=[(9, False), (9, False), (9, False), (9, False), (9, False), (9, False), (9, False), (9, False), (9, False), (9, False), (9, False)] exc=0 t_gens=0s t=4s
  BL/TR: rank[1,1] gens=1 src=pari sat=1 tors=8 states=800000 hmax=18391173064.5 primes=150 surv=9 exact=7 badbase=0 hits7=[(9, False), (9, False), (9, False), (9, False), (9, False), (9, False), (9, False)] exc=0 t_gens=0s t=4s
  BL/D: rank[3,3] gens=3 src=pari sat=1 tors=4 states=400000 hmax=4913.9 primes=150 surv=13 exact=11 badbase=0 hits7=[(9, False), (9, False), (9, False), (9, False), (9, False), (9, False), (9, False), (9, False), (9, False), (9, False), (9, False)] exc=0 t_gens=0s t=4s
  TR/D: rank[2,2] gens=2 src=pari sat=1 tors=4 states=400000 hmax=179538.8 primes=150 surv=13 exact=11 badbase=0 hits7=[(9, False), (9, False), (9, False), (9, False), (9, False), (9, False), (9, False), (9, False), (9, False), (9, False), (9, False)] exc=0 t_gens=0s t=4s
(2503,1271) C0=3940225 □ K=50000
  TL/BR: rank[2,2] gens=2 src=pari sat=1 tors=8 states=800000 hmax=406502.3 primes=150 surv=9 exact=7 badbase=0 hits7=[(9, False), (9, False), (9, False), (9, False), (9, False), (9, False), (9, False)] exc=0 t_gens=0s t=5s
  TL/D: rank[2,2] gens=2 src=pari+mwrank sat=2 tors=4 states=400000 hmax=181821.6 primes=150 surv=13 exact=11 badbase=0 hits7=[(9, False), (9, False), (9, False), (9, False), (9, False), (9, False), (9, False), (9, False), (9, False), (9, False), (9, False)] exc=0 t_gens=3s t=8s
  BR/D: rank[2,2] gens=2 src=pari sat=1 tors=4 states=400000 hmax=181986.4 primes=150 surv=13 exact=11 badbase=0 hits7=[(9, False), (9, False), (9, False), (9, False), (9, False), (9, False), (9, False), (9, False), (9, False), (9, False), (9, False)] exc=0 t_gens=0s t=4s
  BL/TR: rank[2,2] gens=1 INCOMPLETE src=pari+mwrank sat=1 tors=8 states=800000 hmax=18758696362.4 primes=150 surv=9 exact=7 badbase=0 hits7=[(9, False), (9, False), (9, False), (9, False), (9, False), (9, False), (9, False)] exc=0 t_gens=11s t=15s
  BL/D: rank[2,2] gens=2 src=pari sat=1 tors=4 states=400000 hmax=181986.4 primes=150 surv=13 exact=11 badbase=0 hits7=[(9, False), (9, False), (9, False), (9, False), (9, False), (9, False), (9, False), (9, False), (9, False), (9, False), (9, False)] exc=0 t_gens=0s t=4s
  TR/D: rank[2,2] gens=2 src=pari+mwrank sat=2 tors=4 states=400000 hmax=181821.6 primes=150 surv=13 exact=11 badbase=0 hits7=[(9, False), (9, False), (9, False), (9, False), (9, False), (9, False), (9, False), (9, False), (9, False), (9, False), (9, False)] exc=0 t_gens=1s t=4s
(2567,719) C0=3553225 □ K=50000
  TL/BR: rank[1,1] gens=1 src=pari sat=1 tors=8 states=800000 hmax=18986706811.4 primes=150 surv=9 exact=7 badbase=0 hits7=[(9, False), (9, False), (9, False), (9, False), (9, False), (9, False), (9, False)] exc=0 t_gens=0s t=6s
  TL/D: rank[4,4] gens=4 src=pari sat=1 tors=4 states=400000 hmax=1045.9 primes=150 surv=13 exact=11 badbase=0 hits7=[(9, False), (9, False), (9, False), (9, False), (9, False), (9, False), (9, False), (9, False), (9, False), (9, False), (9, False)] exc=0 t_gens=1s t=4s
  BR/D: rank[2,2] gens=2 src=pari sat=1 tors=4 states=400000 hmax=180872.2 primes=150 surv=13 exact=11 badbase=0 hits7=[(9, False), (9, False), (9, False), (9, False), (9, False), (9, False), (9, False), (9, False), (9, False), (9, False), (9, False)] exc=0 t_gens=0s t=4s
  BL/TR: rank[3,3] gens=3 src=pari sat=1 tors=8 states=800000 hmax=7774.0 primes=150 surv=9 exact=7 badbase=0 hits7=[(9, False), (9, False), (9, False), (9, False), (9, False), (9, False), (9, False)] exc=0 t_gens=0s t=6s
  BL/D: rank[2,2] gens=2 src=pari sat=1 tors=4 states=400000 hmax=180872.2 primes=150 surv=13 exact=11 badbase=0 hits7=[(9, False), (9, False), (9, False), (9, False), (9, False), (9, False), (9, False), (9, False), (9, False), (9, False), (9, False)] exc=0 t_gens=0s t=4s
  TR/D: rank[4,4] gens=4 src=pari sat=1 tors=4 states=400000 hmax=1045.9 primes=150 surv=13 exact=11 badbase=0 hits7=[(9, False), (9, False), (9, False), (9, False), (9, False), (9, False), (9, False), (9, False), (9, False), (9, False), (9, False)] exc=0 t_gens=1s t=4s
(2513,17) C0=3157729 □ K=50000
  TL/BR: rank[2,2] gens=1 INCOMPLETE src=pari+mwrank sat=1 tors=8 states=800000 hmax=18562048565.8 primes=150 surv=9 exact=7 badbase=0 hits7=[(9, False), (9, False), (9, False), (9, False), (9, False), (9, False), (9, False)] exc=0 t_gens=20s t=26s
  TL/D: rank[3,3] gens=3 src=pari sat=1 tors=4 states=400000 hmax=7922.3 primes=150 surv=13 exact=11 badbase=0 hits7=[(9, False), (9, False), (9, False), (9, False), (9, False), (9, False), (9, False), (9, False), (9, False), (9, False), (9, False)] exc=0 t_gens=0s t=4s
  BR/D: rank[2,2] gens=2 src=pari sat=1 tors=4 states=400000 hmax=179523.5 primes=150 surv=13 exact=11 badbase=0 hits7=[(9, False), (9, False), (9, False), (9, False), (9, False), (9, False), (9, False), (9, False), (9, False), (9, False), (9, False)] exc=0 t_gens=0s t=3s
  BL/TR: rank[1,1] gens=1 src=pari sat=1 tors=8 states=800000 hmax=18273539856.6 primes=150 surv=9 exact=7 badbase=0 hits7=[(9, False), (9, False), (9, False), (9, False), (9, False), (9, False), (9, False)] exc=0 t_gens=0s t=4s
  BL/D: rank[2,2] gens=2 src=pari sat=1 tors=4 states=400000 hmax=179523.5 primes=150 surv=13 exact=11 badbase=0 hits7=[(9, False), (9, False), (9, False), (9, False), (9, False), (9, False), (9, False), (9, False), (9, False), (9, False), (9, False)] exc=0 t_gens=0s t=5s
  TR/D: rank[3,3] gens=3 src=pari sat=1 tors=4 states=400000 hmax=7922.3 primes=150 surv=13 exact=11 badbase=0 hits7=[(9, False), (9, False), (9, False), (9, False), (9, False), (9, False), (9, False), (9, False), (9, False), (9, False), (9, False)] exc=0 t_gens=1s t=4s
(2543,1633) C0=4566769 □ K=50000
  TL/BR: rank[1,1] gens=1 src=pari sat=1 tors=8 states=800000 hmax=19275456397.1 primes=150 surv=9 exact=7 badbase=0 hits7=[(9, False), (9, False), (9, False), (9, False), (9, False), (9, False), (9, False)] exc=0 t_gens=0s t=5s
  TL/D: rank[3,3] gens=3 src=pari+mwrank sat=1 tors=4 states=400000 hmax=3942.2 primes=150 surv=13 exact=11 badbase=0 hits7=[(9, False), (9, False), (9, False), (9, False), (9, False), (9, False), (9, False), (9, False), (9, False), (9, False), (9, False)] exc=0 t_gens=3s t=7s
  BR/D: rank[3,3] gens=3 src=pari sat=1 tors=4 states=400000 hmax=8407.2 primes=150 surv=13 exact=11 badbase=0 hits7=[(9, False), (9, False), (9, False), (9, False), (9, False), (9, False), (9, False), (9, False), (9, False), (9, False), (9, False)] exc=0 t_gens=1s t=4s
  BL/TR: rank[1,3] gens=1 INCOMPLETE src=pari+mwrank sat=1 tors=8 states=800000 hmax=19017916078.8 primes=150 surv=9 exact=7 badbase=0 hits7=[(9, False), (9, False), (9, False), (9, False), (9, False), (9, False), (9, False)] exc=0 t_gens=23s t=27s
  BL/D: rank[3,3] gens=3 src=pari sat=1 tors=4 states=400000 hmax=8407.2 primes=150 surv=13 exact=11 badbase=0 hits7=[(9, False), (9, False), (9, False), (9, False), (9, False), (9, False), (9, False), (9, False), (9, False), (9, False), (9, False)] exc=0 t_gens=0s t=4s
  TR/D: rank[3,3] gens=3 src=pari+mwrank sat=1 tors=4 states=400000 hmax=3942.2 primes=150 surv=13 exact=11 badbase=0 hits7=[(9, False), (9, False), (9, False), (9, False), (9, False), (9, False), (9, False), (9, False), (9, False), (9, False), (9, False)] exc=0 t_gens=1s t=4s
(2569,983) C0=3783025 □ K=50000
  TL/BR: rank[2,2] gens=2 src=pari sat=1 tors=8 states=800000 hmax=268445.1 primes=150 surv=9 exact=7 badbase=0 hits7=[(9, False), (9, False), (9, False), (9, False), (9, False), (9, False), (9, False)] exc=0 t_gens=0s t=5s
  TL/D: rank[2,2] gens=2 src=pari+mwrank sat=1 tors=4 states=400000 hmax=181215.5 primes=150 surv=13 exact=11 badbase=0 hits7=[(9, False), (9, False), (9, False), (9, False), (9, False), (9, False), (9, False), (9, False), (9, False), (9, False), (9, False)] exc=0 t_gens=2s t=6s
  BR/D: rank[2,2] gens=2 src=pari sat=1 tors=4 states=400000 hmax=181558.4 primes=150 surv=13 exact=11 badbase=0 hits7=[(9, False), (9, False), (9, False), (9, False), (9, False), (9, False), (9, False), (9, False), (9, False), (9, False), (9, False)] exc=0 t_gens=0s t=5s
  BL/TR: rank[2,2] gens=2 src=pari sat=1 tors=8 states=800000 hmax=292923.2 primes=150 surv=9 exact=7 badbase=0 hits7=[(9, False), (9, False), (9, False), (9, False), (9, False), (9, False), (9, False)] exc=0 t_gens=0s t=5s
  BL/D: rank[2,2] gens=2 src=pari sat=1 tors=4 states=400000 hmax=181558.4 primes=150 surv=13 exact=11 badbase=0 hits7=[(9, False), (9, False), (9, False), (9, False), (9, False), (9, False), (9, False), (9, False), (9, False), (9, False), (9, False)] exc=0 t_gens=0s t=4s
  TR/D: rank[2,2] gens=2 src=pari+mwrank sat=1 tors=4 states=400000 hmax=181215.5 primes=150 surv=13 exact=11 badbase=0 hits7=[(9, False), (9, False), (9, False), (9, False), (9, False), (9, False), (9, False), (9, False), (9, False), (9, False), (9, False)] exc=0 t_gens=1s t=4s
(2377,287) C0=2866249 □ K=50000
  TL/BR: rank[3,3] gens=3 src=pari sat=1 tors=8 states=800000 hmax=10963.4 primes=150 surv=9 exact=7 badbase=0 hits7=[(9, False), (9, False), (9, False), (9, False), (9, False), (9, False), (9, False)] exc=0 t_gens=0s t=5s
  TL/D: rank[2,2] gens=2 src=pari+mwrank sat=1 tors=4 states=400000 hmax=177518.5 primes=150 surv=13 exact=11 badbase=0 hits7=[(9, False), (9, False), (9, False), (9, False), (9, False), (9, False), (9, False), (9, False), (9, False), (9, False), (9, False)] exc=0 t_gens=3s t=6s
  BR/D: rank[4,4] gens=3 INCOMPLETE src=pari+mwrank sat=1 tors=4 states=400000 hmax=5992.3 primes=150 surv=13 exact=11 badbase=0 hits7=[(9, False), (9, False), (9, False), (9, False), (9, False), (9, False), (9, False), (9, False), (9, False), (9, False), (9, False)] exc=0 t_gens=48s t=52s
  BL/TR: rank[1,3] gens=1 INCOMPLETE src=pari+mwrank sat=1 tors=8 states=800000 hmax=18168702089.8 primes=150 surv=9 exact=7 badbase=0 hits7=[(9, False), (9, False), (9, False), (9, False), (9, False), (9, False), (9, False)] exc=0 t_gens=17s t=21s
  BL/D: rank[4,4] gens=3 INCOMPLETE src=pari+mwrank sat=1 tors=4 states=400000 hmax=5992.3 primes=150 surv=13 exact=11 badbase=0 hits7=[(9, False), (9, False), (9, False), (9, False), (9, False), (9, False), (9, False), (9, False), (9, False), (9, False), (9, False)] exc=0 t_gens=55s t=59s
  TR/D: rank[2,2] gens=2 src=pari+mwrank sat=1 tors=4 states=400000 hmax=177518.5 primes=150 surv=13 exact=11 badbase=0 hits7=[(9, False), (9, False), (9, False), (9, False), (9, False), (9, False), (9, False), (9, False), (9, False), (9, False), (9, False)] exc=0 t_gens=1s t=4s
(2567,1897) C0=5094049 □ K=50000
  TL/BR: rank[2,2] gens=2 src=pari sat=1 tors=8 states=800000 hmax=546461.8 primes=150 surv=9 exact=7 badbase=0 hits7=[(9, False), (9, False), (9, False), (9, False), (9, False), (9, False), (9, False)] exc=0 t_gens=0s t=7s
  TL/D: rank[3,3] gens=3 src=pari sat=1 tors=4 states=400000 hmax=4698.0 primes=150 surv=13 exact=11 badbase=0 hits7=[(9, False), (9, False), (9, False), (9, False), (9, False), (9, False), (9, False), (9, False), (9, False), (9, False), (9, False)] exc=0 t_gens=0s t=4s
  BR/D: rank[1,3] gens=3 src=pari+mwrank sat=1 tors=4 states=400000 hmax=9786.1 primes=150 surv=13 exact=11 badbase=0 hits7=[(9, False), (9, False), (9, False), (9, False), (9, False), (9, False), (9, False), (9, False), (9, False), (9, False), (9, False)] exc=0 t_gens=3s t=7s
  BL/TR: rank[2,2] gens=2 src=pari sat=1 tors=8 states=800000 hmax=289679.1 primes=150 surv=9 exact=7 badbase=0 hits7=[(9, False), (9, False), (9, False), (9, False), (9, False), (9, False), (9, False)] exc=0 t_gens=0s t=5s
  BL/D: rank[1,3] gens=3 src=pari+mwrank sat=1 tors=4 states=400000 hmax=9786.1 primes=150 surv=13 exact=11 badbase=0 hits7=[(9, False), (9, False), (9, False), (9, False), (9, False), (9, False), (9, False), (9, False), (9, False), (9, False), (9, False)] exc=0 t_gens=2s t=6s
  TR/D: rank[3,3] gens=3 src=pari sat=1 tors=4 states=400000 hmax=4698.0 primes=150 surv=13 exact=11 badbase=0 hits7=[(9, False), (9, False), (9, False), (9, False), (9, False), (9, False), (9, False), (9, False), (9, False), (9, False), (9, False)] exc=0 t_gens=0s t=5s
(2569,1817) C0=4950625 □ K=50000
  TL/BR: rank[2,2] gens=2 src=pari sat=1 tors=8 states=800000 hmax=287950.8 primes=150 surv=9 exact=7 badbase=0 hits7=[(9, False), (9, False), (9, False), (9, False), (9, False), (9, False), (9, False)] exc=0 t_gens=0s t=5s
  TL/D: rank[4,4] gens=4 src=pari sat=1 tors=4 states=400000 hmax=787.2 primes=150 surv=13 exact=11 badbase=0 hits7=[(9, False), (9, False), (9, False), (9, False), (9, False), (9, False), (9, False), (9, False), (9, False), (9, False), (9, False)] exc=0 t_gens=1s t=4s
  BR/D: rank[2,2] gens=2 src=pari sat=1 tors=4 states=400000 hmax=184581.0 primes=150 surv=13 exact=11 badbase=0 hits7=[(9, False), (9, False), (9, False), (9, False), (9, False), (9, False), (9, False), (9, False), (9, False), (9, False), (9, False)] exc=0 t_gens=0s t=4s
  BL/TR: rank[2,2] gens=2 src=pari sat=1 tors=8 states=800000 hmax=329699.3 primes=150 surv=9 exact=7 badbase=0 hits7=[(9, False), (9, False), (9, False), (9, False), (9, False), (9, False), (9, False)] exc=0 t_gens=0s t=5s
  BL/D: rank[2,2] gens=2 src=pari sat=1 tors=4 states=400000 hmax=184581.0 primes=150 surv=13 exact=11 badbase=0 hits7=[(9, False), (9, False), (9, False), (9, False), (9, False), (9, False), (9, False), (9, False), (9, False), (9, False), (9, False)] exc=0 t_gens=0s t=6s
  TR/D: rank[4,4] gens=4 src=pari sat=1 tors=4 states=400000 hmax=787.2 primes=150 surv=13 exact=11 badbase=0 hits7=[(9, False), (9, False), (9, False), (9, False), (9, False), (9, False), (9, False), (9, False), (9, False), (9, False), (9, False)] exc=0 t_gens=1s t=5s
(2513,743) C0=3433609 □ K=50000
  TL/BR: rank[1,3] gens=1 INCOMPLETE src=pari+mwrank sat=1 tors=8 states=800000 hmax=18947132593.4 primes=150 surv=9 exact=7 badbase=0 hits7=[(9, False), (9, False), (9, False), (9, False), (9, False), (9, False), (9, False)] exc=0 t_gens=50s t=56s
  TL/D: rank[2,2] gens=2 src=pari sat=1 tors=4 states=400000 hmax=180040.9 primes=150 surv=13 exact=11 badbase=0 hits7=[(9, False), (9, False), (9, False), (9, False), (9, False), (9, False), (9, False), (9, False), (9, False), (9, False), (9, False)] exc=0 t_gens=0s t=4s
  BR/D: rank[4,4] gens=4 src=pari sat=1 tors=4 states=400000 hmax=1044.2 primes=150 surv=13 exact=11 badbase=0 hits7=[(9, False), (9, False), (9, False), (9, False), (9, False), (9, False), (9, False), (9, False), (9, False), (9, False), (9, False)] exc=0 t_gens=0s t=4s
  BL/TR: rank[1,1] gens=1 src=pari sat=1 tors=8 states=800000 hmax=18465826259.5 primes=150 surv=9 exact=7 badbase=0 hits7=[(9, False), (9, False), (9, False), (9, False), (9, False), (9, False), (9, False)] exc=0 t_gens=0s t=4s
  BL/D: rank[4,4] gens=4 src=pari sat=1 tors=4 states=400000 hmax=1044.2 primes=150 surv=13 exact=11 badbase=0 hits7=[(9, False), (9, False), (9, False), (9, False), (9, False), (9, False), (9, False), (9, False), (9, False), (9, False), (9, False)] exc=0 t_gens=1s t=5s
  TR/D: rank[2,2] gens=2 src=pari sat=1 tors=4 states=400000 hmax=180040.9 primes=150 surv=13 exact=11 badbase=0 hits7=[(9, False), (9, False), (9, False), (9, False), (9, False), (9, False), (9, False), (9, False), (9, False), (9, False), (9, False)] exc=0 t_gens=0s t=3s
(2593,2201) C0=5784025 □ K=50000
  TL/BR: rank[3,3] gens=3 src=pari sat=1 tors=8 states=800000 hmax=4974.0 primes=150 surv=9 exact=7 badbase=0 hits7=[(9, False), (9, False), (9, False), (9, False), (9, False), (9, False), (9, False)] exc=0 t_gens=0s t=7s
  TL/D: rank[2,2] gens=2 src=pari sat=1 tors=4 states=400000 hmax=186275.0 primes=150 surv=13 exact=11 badbase=0 hits7=[(9, False), (9, False), (9, False), (9, False), (9, False), (9, False), (9, False), (9, False), (9, False), (9, False), (9, False)] exc=0 t_gens=0s t=4s
  BR/D: rank[2,2] gens=2 src=pari+mwrank sat=1 tors=4 states=400000 hmax=186322.1 primes=150 surv=13 exact=11 badbase=0 hits7=[(9, False), (9, False), (9, False), (9, False), (9, False), (9, False), (9, False), (9, False), (9, False), (9, False), (9, False)] exc=0 t_gens=3s t=6s
  BL/TR: rank[3,3] gens=3 src=pari sat=1 tors=8 states=800000 hmax=9524.4 primes=150 surv=9 exact=7 badbase=0 hits7=[(9, False), (9, False), (9, False), (9, False), (9, False), (9, False), (9, False)] exc=0 t_gens=1s t=5s
  BL/D: rank[2,2] gens=2 src=pari+mwrank sat=1 tors=4 states=400000 hmax=186322.1 primes=150 surv=13 exact=11 badbase=0 hits7=[(9, False), (9, False), (9, False), (9, False), (9, False), (9, False), (9, False), (9, False), (9, False), (9, False), (9, False)] exc=0 t_gens=1s t=4s
  TR/D: rank[2,2] gens=2 src=pari sat=1 tors=4 states=400000 hmax=186275.0 primes=150 surv=13 exact=11 badbase=0 hits7=[(9, False), (9, False), (9, False), (9, False), (9, False), (9, False), (9, False), (9, False), (9, False), (9, False), (9, False)] exc=0 t_gens=0s t=4s
(2599,593) C0=3553225 □ K=50000
  TL/BR: rank[3,3] gens=3 src=pari sat=1 tors=8 states=800000 hmax=6928.3 primes=150 surv=9 exact=7 badbase=0 hits7=[(9, False), (9, False), (9, False), (9, False), (9, False), (9, False), (9, False)] exc=0 t_gens=0s t=7s
  TL/D: rank[3,3] gens=3 src=pari sat=1 tors=4 states=400000 hmax=6944.1 primes=150 surv=13 exact=11 badbase=0 hits7=[(9, False), (9, False), (9, False), (9, False), (9, False), (9, False), (9, False), (9, False), (9, False), (9, False), (9, False)] exc=0 t_gens=0s t=4s
  BR/D: rank[4,4] gens=4 src=pari sat=3 tors=4 states=400000 hmax=1054.8 primes=150 surv=13 exact=11 badbase=0 hits7=[(9, False), (9, False), (9, False), (9, False), (9, False), (9, False), (9, False), (9, False), (9, False), (9, False), (9, False)] exc=0 t_gens=1s t=7s
  BL/TR: rank[2,2] gens=2 src=pari sat=1 tors=8 states=800000 hmax=290450.7 primes=150 surv=9 exact=7 badbase=0 hits7=[(9, False), (9, False), (9, False), (9, False), (9, False), (9, False), (9, False)] exc=0 t_gens=0s t=7s
  BL/D: rank[4,4] gens=4 src=pari sat=3 tors=4 states=400000 hmax=1054.8 primes=150 surv=13 exact=11 badbase=0 hits7=[(9, False), (9, False), (9, False), (9, False), (9, False), (9, False), (9, False), (9, False), (9, False), (9, False), (9, False)] exc=0 t_gens=1s t=6s
  TR/D: rank[3,3] gens=3 src=pari sat=1 tors=4 states=400000 hmax=6944.1 primes=150 surv=13 exact=11 badbase=0 hits7=[(9, False), (9, False), (9, False), (9, False), (9, False), (9, False), (9, False), (9, False), (9, False), (9, False), (9, False)] exc=0 t_gens=0s t=4s
(2551,1631) C0=4583881 □ K=50000
  TL/BR: rank[1,1] gens=1 src=pari sat=1 tors=8 states=800000 hmax=19280835413.2 primes=150 surv=9 exact=7 badbase=0 hits7=[(9, False), (9, False), (9, False), (9, False), (9, False), (9, False), (9, False)] exc=0 t_gens=0s t=4s
  TL/D: rank[1,3] gens=2 INCOMPLETE src=pari+mwrank sat=1 tors=4 states=400000 hmax=183559.9 primes=150 surv=13 exact=11 badbase=0 hits7=[(9, False), (9, False), (9, False), (9, False), (9, False), (9, False), (9, False), (9, False), (9, False), (9, False), (9, False)] exc=0 t_gens=28s t=32s
  BR/D: rank[2,2] gens=2 src=pari+mwrank sat=1 tors=4 states=400000 hmax=183651.2 primes=150 surv=21 exact=19 badbase=0 hits7=[(9, False), (9, False), (9, False), (9, False), (9, False), (9, False), (9, False), (9, False), (9, False), (9, False), (9, False)] exc=0 t_gens=1s t=5s
  BL/TR: rank[2,2] gens=1 INCOMPLETE src=pari+mwrank sat=1 tors=8 states=800000 hmax=19021116853.3 primes=150 surv=9 exact=7 badbase=0 hits7=[(9, False), (9, False), (9, False), (9, False), (9, False), (9, False), (9, False)] exc=0 t_gens=7s t=11s
  BL/D: rank[2,2] gens=2 src=pari+mwrank sat=1 tors=4 states=400000 hmax=183651.2 primes=150 surv=21 exact=19 badbase=0 hits7=[(9, False), (9, False), (9, False), (9, False), (9, False), (9, False), (9, False), (9, False), (9, False), (9, False), (9, False)] exc=0 t_gens=1s t=6s
  TR/D: rank[1,3] gens=2 INCOMPLETE src=pari+mwrank sat=1 tors=4 states=400000 hmax=183559.9 primes=150 surv=13 exact=11 badbase=0 hits7=[(9, False), (9, False), (9, False), (9, False), (9, False), (9, False), (9, False), (9, False), (9, False), (9, False), (9, False)] exc=0 t_gens=28s t=32s
(2617,1231) C0=4182025 □ K=50000
  TL/BR: rank[2,2] gens=2 src=pari+mwrank sat=1 tors=8 states=800000 hmax=577507.8 primes=150 surv=9 exact=7 badbase=0 hits7=[(9, False), (9, False), (9, False), (9, False), (9, False), (9, False), (9, False)] exc=0 t_gens=3s t=8s
  TL/D: rank[2,2] gens=2 src=pari sat=1 tors=4 states=400000 hmax=182461.1 primes=150 surv=13 exact=11 badbase=0 hits7=[(9, False), (9, False), (9, False), (9, False), (9, False), (9, False), (9, False), (9, False), (9, False), (9, False), (9, False)] exc=0 t_gens=0s t=4s
  BR/D: rank[2,4] gens=4 src=pari+mwrank sat=1 tors=4 states=400000 hmax=789.4 primes=150 surv=13 exact=11 badbase=0 hits7=[(9, False), (9, False), (9, False), (9, False), (9, False), (9, False), (9, False), (9, False), (9, False), (9, False), (9, False)] exc=0 t_gens=1s t=5s
  BL/TR: rank[2,2] gens=1 INCOMPLETE src=pari+mwrank sat=1 tors=8 states=800000 hmax=18811345712.9 primes=150 surv=9 exact=7 badbase=0 hits7=[(9, False), (9, False), (9, False), (9, False), (9, False), (9, False), (9, False)] exc=0 t_gens=19s t=23s
  BL/D: rank[2,4] gens=4 src=pari+mwrank sat=1 tors=4 states=400000 hmax=789.4 primes=150 surv=13 exact=11 badbase=0 hits7=[(9, False), (9, False), (9, False), (9, False), (9, False), (9, False), (9, False), (9, False), (9, False), (9, False), (9, False)] exc=0 t_gens=1s t=5s
  TR/D: rank[2,2] gens=2 src=pari sat=1 tors=4 states=400000 hmax=182461.1 primes=150 surv=13 exact=11 badbase=0 hits7=[(9, False), (9, False), (9, False), (9, False), (9, False), (9, False), (9, False), (9, False), (9, False), (9, False), (9, False)] exc=0 t_gens=0s t=4s
(2231,217) C0=2512225 □ K=50000
  TL/BR: rank[2,2] gens=2 src=pari sat=1 tors=8 states=800000 hmax=182119.8 primes=150 surv=9 exact=7 badbase=0 hits7=[(9, False), (9, False), (9, False), (9, False), (9, False), (9, False), (9, False)] exc=0 t_gens=0s t=5s
  TL/D: rank[2,2] gens=2 src=pari sat=1 tors=4 states=400000 hmax=175923.0 primes=150 surv=13 exact=11 badbase=0 hits7=[(9, False), (9, False), (9, False), (9, False), (9, False), (9, False), (9, False), (9, False), (9, False), (9, False), (9, False)] exc=0 t_gens=0s t=3s
  BR/D: rank[3,3] gens=3 src=pari+mwrank sat=1 tors=4 states=400000 hmax=5045.1 primes=150 surv=13 exact=11 badbase=0 hits7=[(9, False), (9, False), (9, False), (9, False), (9, False), (9, False), (9, False), (9, False), (9, False), (9, False), (9, False)] exc=0 t_gens=153s t=157s
  BL/TR: rank[1,1] gens=1 src=pari sat=1 tors=8 states=800000 hmax=17998279244.1 primes=150 surv=9 exact=7 badbase=0 hits7=[(9, False), (9, False), (9, False), (9, False), (9, False), (9, False), (9, False)] exc=0 t_gens=0s t=6s
  BL/D: rank[1,3] gens=3 src=pari+mwrank sat=1 tors=4 states=400000 hmax=5045.1 primes=150 surv=13 exact=11 badbase=0 hits7=[(9, False), (9, False), (9, False), (9, False), (9, False), (9, False), (9, False), (9, False), (9, False), (9, False), (9, False)] exc=0 t_gens=173s t=177s
  TR/D: rank[2,2] gens=2 src=pari sat=1 tors=4 states=400000 hmax=175923.0 primes=150 surv=13 exact=11 badbase=0 hits7=[(9, False), (9, False), (9, False), (9, False), (9, False), (9, False), (9, False), (9, False), (9, False), (9, False), (9, False)] exc=0 t_gens=0s t=3s
(2657,1487) C0=4635409 □ K=50000
  TL/BR: rank[2,2] gens=2 src=pari sat=1 tors=8 states=800000 hmax=504172.4 primes=150 surv=9 exact=7 badbase=0 hits7=[(9, False), (9, False), (9, False), (9, False), (9, False), (9, False), (9, False)] exc=0 t_gens=0s t=6s
  TL/D: rank[3,3] gens=3 src=pari sat=1 tors=4 states=400000 hmax=7150.3 primes=150 surv=13 exact=11 badbase=0 hits7=[(9, False), (9, False), (9, False), (9, False), (9, False), (9, False), (9, False), (9, False), (9, False), (9, False), (9, False)] exc=0 t_gens=1s t=4s
  BR/D: rank[3,3] gens=3 src=pari sat=1 tors=4 states=400000 hmax=8462.6 primes=150 surv=13 exact=11 badbase=0 hits7=[(9, False), (9, False), (9, False), (9, False), (9, False), (9, False), (9, False), (9, False), (9, False), (9, False), (9, False)] exc=0 t_gens=1s t=4s
  BL/TR: rank[2,2] gens=1 INCOMPLETE src=pari+mwrank sat=1 tors=8 states=800000 hmax=18991496622.1 primes=150 surv=9 exact=7 badbase=0 hits7=[(9, False), (9, False), (9, False), (9, False), (9, False), (9, False), (9, False)] exc=0 t_gens=9s t=12s
  BL/D: rank[3,3] gens=3 src=pari sat=1 tors=4 states=400000 hmax=8462.6 primes=150 surv=13 exact=11 badbase=0 hits7=[(9, False), (9, False), (9, False), (9, False), (9, False), (9, False), (9, False), (9, False), (9, False), (9, False), (9, False)] exc=0 t_gens=1s t=4s
  TR/D: rank[3,3] gens=3 src=pari sat=1 tors=4 states=400000 hmax=7150.3 primes=150 surv=13 exact=11 badbase=0 hits7=[(9, False), (9, False), (9, False), (9, False), (9, False), (9, False), (9, False), (9, False), (9, False), (9, False), (9, False)] exc=0 t_gens=1s t=4s
(2663,833) C0=3892729 □ K=50000
  TL/BR: rank[1,1] gens=1 src=pari sat=1 tors=8 states=800000 hmax=19106915105.1 primes=150 surv=9 exact=7 badbase=0 hits7=[(9, False), (9, False), (9, False), (9, False), (9, False), (9, False), (9, False)] exc=0 t_gens=0s t=5s
  TL/D: rank[3,3] gens=3 src=pari sat=1 tors=4 states=400000 hmax=7921.0 primes=150 surv=13 exact=11 badbase=0 hits7=[(9, False), (9, False), (9, False), (9, False), (9, False), (9, False), (9, False), (9, False), (9, False), (9, False), (9, False)] exc=0 t_gens=0s t=4s
  BR/D: rank[2,2] gens=2 src=pari sat=1 tors=4 states=400000 hmax=181922.1 primes=150 surv=13 exact=11 badbase=0 hits7=[(9, False), (9, False), (9, False), (9, False), (9, False), (9, False), (9, False), (9, False), (9, False), (9, False), (9, False)] exc=0 t_gens=0s t=4s
  BL/TR: rank[2,2] gens=1 INCOMPLETE src=pari+mwrank sat=1 tors=8 states=800000 hmax=18631742460.9 primes=150 surv=9 exact=7 badbase=0 hits7=[(9, False), (9, False), (9, False), (9, False), (9, False), (9, False), (9, False)] exc=0 t_gens=16s t=20s
  BL/D: rank[2,2] gens=2 src=pari sat=1 tors=4 states=400000 hmax=181922.1 primes=150 surv=13 exact=11 badbase=0 hits7=[(9, False), (9, False), (9, False), (9, False), (9, False), (9, False), (9, False), (9, False), (9, False), (9, False), (9, False)] exc=0 t_gens=0s t=4s
  TR/D: rank[3,3] gens=3 src=pari sat=1 tors=4 states=400000 hmax=7921.0 primes=150 surv=13 exact=11 badbase=0 hits7=[(9, False), (9, False), (9, False), (9, False), (9, False), (9, False), (9, False), (9, False), (9, False), (9, False), (9, False)] exc=0 t_gens=0s t=4s
(2647,1063) C0=4068289 □ K=50000
  TL/BR: rank[0,2] gens=1 INCOMPLETE src=pari+mwrank sat=1 tors=8 states=800000 hmax=19167767657.4 primes=150 surv=9 exact=7 badbase=0 hits7=[(9, False), (9, False), (9, False), (9, False), (9, False), (9, False), (9, False)] exc=0 t_gens=20s t=24s
  TL/D: rank[3,3] gens=3 src=pari sat=1 tors=4 states=400000 hmax=4949.4 primes=150 surv=13 exact=11 badbase=0 hits7=[(9, False), (9, False), (9, False), (9, False), (9, False), (9, False), (9, False), (9, False), (9, False), (9, False), (9, False)] exc=0 t_gens=0s t=4s
  BR/D: rank[3,3] gens=3 src=pari sat=1 tors=4 states=400000 hmax=9239.9 primes=150 surv=13 exact=11 badbase=0 hits7=[(9, False), (9, False), (9, False), (9, False), (9, False), (9, False), (9, False), (9, False), (9, False), (9, False), (9, False)] exc=0 t_gens=1s t=4s
  BL/TR: rank[2,2] gens=1 INCOMPLETE src=pari+mwrank sat=1 tors=8 states=800000 hmax=18736688072.4 primes=150 surv=9 exact=7 badbase=0 hits7=[(9, False), (9, False), (9, False), (9, False), (9, False), (9, False), (9, False)] exc=0 t_gens=8s t=12s
  BL/D: rank[3,3] gens=3 src=pari sat=1 tors=4 states=400000 hmax=9239.9 primes=150 surv=13 exact=11 badbase=0 hits7=[(9, False), (9, False), (9, False), (9, False), (9, False), (9, False), (9, False), (9, False), (9, False), (9, False), (9, False)] exc=0 t_gens=0s t=4s
  TR/D: rank[3,3] gens=3 src=pari sat=1 tors=4 states=400000 hmax=4949.4 primes=150 surv=13 exact=11 badbase=0 hits7=[(9, False), (9, False), (9, False), (9, False), (9, False), (9, False), (9, False), (9, False), (9, False), (9, False), (9, False)] exc=0 t_gens=1s t=3s
(2681,439) C0=3690241 □ K=50000
  TL/BR: rank[2,2] gens=2 src=pari sat=1 tors=8 states=800000 hmax=392084.8 primes=150 surv=9 exact=7 badbase=0 hits7=[(9, False), (9, False), (9, False), (9, False), (9, False), (9, False), (9, False)] exc=0 t_gens=0s t=5s
  TL/D: rank[3,3] gens=3 src=pari sat=1 tors=4 states=400000 hmax=6248.2 primes=150 surv=13 exact=11 badbase=0 hits7=[(9, False), (9, False), (9, False), (9, False), (9, False), (9, False), (9, False), (9, False), (9, False), (9, False), (9, False)] exc=0 t_gens=0s t=3s
  BR/D: rank[2,2] gens=2 src=pari sat=1 tors=4 states=400000 hmax=181308.1 primes=150 surv=13 exact=11 badbase=0 hits7=[(9, False), (9, False), (9, False), (9, False), (9, False), (9, False), (9, False), (9, False), (9, False), (9, False), (9, False)] exc=0 t_gens=0s t=3s
  BL/TR: rank[1,1] gens=1 src=pari sat=1 tors=8 states=800000 hmax=18497660282.8 primes=150 surv=9 exact=7 badbase=0 hits7=[(9, False), (9, False), (9, False), (9, False), (9, False), (9, False), (9, False)] exc=0 t_gens=0s t=4s
  BL/D: rank[2,2] gens=2 src=pari sat=1 tors=4 states=400000 hmax=181308.1 primes=150 surv=13 exact=11 badbase=0 hits7=[(9, False), (9, False), (9, False), (9, False), (9, False), (9, False), (9, False), (9, False), (9, False), (9, False), (9, False)] exc=0 t_gens=0s t=4s
  TR/D: rank[3,3] gens=3 src=pari sat=1 tors=4 states=400000 hmax=6248.2 primes=150 surv=13 exact=11 badbase=0 hits7=[(9, False), (9, False), (9, False), (9, False), (9, False), (9, False), (9, False), (9, False), (9, False), (9, False), (9, False)] exc=0 t_gens=0s t=4s
(2671,49) C0=3568321 □ K=50000
  TL/BR: rank[2,2] gens=2 src=pari sat=1 tors=8 states=800000 hmax=320034.5 primes=150 surv=9 exact=7 badbase=0 hits7=[(9, False), (9, False), (9, False), (9, False), (9, False), (9, False), (9, False)] exc=0 t_gens=0s t=5s
  TL/D: rank[3,3] gens=3 src=pari sat=1 tors=4 states=400000 hmax=5648.6 primes=150 surv=13 exact=11 badbase=0 hits7=[(9, False), (9, False), (9, False), (9, False), (9, False), (9, False), (9, False), (9, False), (9, False), (9, False), (9, False)] exc=0 t_gens=0s t=6s
  BR/D: rank[3,3] gens=3 src=pari sat=1 tors=4 states=400000 hmax=5597.1 primes=150 surv=13 exact=11 badbase=0 hits7=[(9, False), (9, False), (9, False), (9, False), (9, False), (9, False), (9, False), (9, False), (9, False), (9, False), (9, False)] exc=0 t_gens=1s t=4s
  BL/TR: rank[2,2] gens=1 INCOMPLETE src=pari+mwrank sat=1 tors=8 states=800000 hmax=18426674433.7 primes=150 surv=9 exact=7 badbase=0 hits7=[(9, False), (9, False), (9, False), (9, False), (9, False), (9, False), (9, False)] exc=0 t_gens=9s t=15s
  BL/D: rank[3,3] gens=3 src=pari sat=1 tors=4 states=400000 hmax=5597.1 primes=150 surv=13 exact=11 badbase=0 hits7=[(9, False), (9, False), (9, False), (9, False), (9, False), (9, False), (9, False), (9, False), (9, False), (9, False), (9, False)] exc=0 t_gens=0s t=4s
  TR/D: rank[3,3] gens=3 src=pari sat=1 tors=4 states=400000 hmax=5648.6 primes=150 surv=13 exact=11 badbase=0 hits7=[(9, False), (9, False), (9, False), (9, False), (9, False), (9, False), (9, False), (9, False), (9, False), (9, False), (9, False)] exc=0 t_gens=0s t=4s
(2633,337) C0=3523129 □ K=50000
  TL/BR: rank[1,1] gens=1 src=pari sat=1 tors=8 states=800000 hmax=18905180628.0 primes=150 surv=9 exact=7 badbase=0 hits7=[(9, False), (9, False), (9, False), (9, False), (9, False), (9, False), (9, False)] exc=0 t_gens=0s t=5s
  TL/D: rank[3,3] gens=3 src=pari sat=1 tors=4 states=400000 hmax=5769.1 primes=150 surv=13 exact=11 badbase=0 hits7=[(9, False), (9, False), (9, False), (9, False), (9, False), (9, False), (9, False), (9, False), (9, False), (9, False), (9, False)] exc=0 t_gens=0s t=4s
  BR/D: rank[3,3] gens=2 INCOMPLETE src=pari+mwrank sat=1 tors=4 states=400000 hmax=180778.8 primes=150 surv=13 exact=11 badbase=0 hits7=[(9, False), (9, False), (9, False), (9, False), (9, False), (9, False), (9, False), (9, False), (9, False), (9, False), (9, False)] exc=0 t_gens=35s t=39s
  BL/TR: rank[1,3] gens=3 src=pari+mwrank sat=1 tors=8 states=800000 hmax=16756.4 primes=150 surv=9 exact=7 badbase=0 hits7=[(9, False), (9, False), (9, False), (9, False), (9, False), (9, False), (9, False)] exc=0 t_gens=1s t=6s
  BL/D: rank[3,3] gens=2 INCOMPLETE src=pari+mwrank sat=1 tors=4 states=400000 hmax=180778.8 primes=150 surv=13 exact=11 badbase=0 hits7=[(9, False), (9, False), (9, False), (9, False), (9, False), (9, False), (9, False), (9, False), (9, False), (9, False), (9, False)] exc=0 t_gens=31s t=36s
  TR/D: rank[3,3] gens=3 src=pari sat=1 tors=4 states=400000 hmax=5769.1 primes=150 surv=13 exact=11 badbase=0 hits7=[(9, False), (9, False), (9, False), (9, False), (9, False), (9, False), (9, False), (9, False), (9, False), (9, False), (9, False)] exc=0 t_gens=0s t=5s
(2681,1241) C0=4363921 □ K=50000
  TL/BR: rank[2,2] gens=2 src=pari+mwrank sat=1 tors=8 states=800000 hmax=675706.4 primes=150 surv=9 exact=7 badbase=0 hits7=[(9, False), (9, False), (9, False), (9, False), (9, False), (9, False), (9, False)] exc=0 t_gens=15s t=20s
  TL/D: rank[2,2] gens=2 src=pari sat=1 tors=4 states=400000 hmax=182951.0 primes=150 surv=13 exact=11 badbase=0 hits7=[(9, False), (9, False), (9, False), (9, False), (9, False), (9, False), (9, False), (9, False), (9, False), (9, False), (9, False)] exc=0 t_gens=0s t=4s
  BR/D: rank[3,3] gens=3 src=pari sat=1 tors=4 states=400000 hmax=7200.6 primes=150 surv=13 exact=11 badbase=0 hits7=[(9, False), (9, False), (9, False), (9, False), (9, False), (9, False), (9, False), (9, False), (9, False), (9, False), (9, False)] exc=0 t_gens=0s t=4s
  BL/TR: rank[1,1] gens=1 src=pari sat=1 tors=8 states=800000 hmax=18860175621.9 primes=150 surv=9 exact=7 badbase=0 hits7=[(9, False), (9, False), (9, False), (9, False), (9, False), (9, False), (9, False)] exc=0 t_gens=0s t=4s
  BL/D: rank[3,3] gens=3 src=pari sat=1 tors=4 states=400000 hmax=7200.6 primes=150 surv=13 exact=11 badbase=0 hits7=[(9, False), (9, False), (9, False), (9, False), (9, False), (9, False), (9, False), (9, False), (9, False), (9, False), (9, False)] exc=0 t_gens=0s t=4s
  TR/D: rank[2,2] gens=2 src=pari sat=1 tors=4 states=400000 hmax=182951.0 primes=150 surv=13 exact=11 badbase=0 hits7=[(9, False), (9, False), (9, False), (9, False), (9, False), (9, False), (9, False), (9, False), (9, False), (9, False), (9, False)] exc=0 t_gens=0s t=4s
(2609,889) C0=3798601 □ K=50000
  TL/BR: rank[2,2] gens=1 INCOMPLETE src=pari+mwrank sat=1 tors=8 states=800000 hmax=19079712530.7 primes=150 surv=9 exact=7 badbase=0 hits7=[(9, False), (9, False), (9, False), (9, False), (9, False), (9, False), (9, False)] exc=0 t_gens=23s t=28s
  TL/D: rank[3,3] gens=3 src=pari sat=1 tors=4 states=400000 hmax=8067.9 primes=150 surv=13 exact=11 badbase=0 hits7=[(9, False), (9, False), (9, False), (9, False), (9, False), (9, False), (9, False), (9, False), (9, False), (9, False), (9, False)] exc=0 t_gens=0s t=4s
  BR/D: rank[3,3] gens=2 INCOMPLETE src=pari+mwrank sat=1 tors=4 states=400000 hmax=181636.5 primes=150 surv=13 exact=11 badbase=0 hits7=[(9, False), (9, False), (9, False), (9, False), (9, False), (9, False), (9, False), (9, False), (9, False), (9, False), (9, False)] exc=0 t_gens=32s t=35s
  BL/TR: rank[2,2] gens=1 INCOMPLETE src=pari+mwrank sat=1 tors=8 states=800000 hmax=18616361348.3 primes=150 surv=9 exact=7 badbase=0 hits7=[(9, False), (9, False), (9, False), (9, False), (9, False), (9, False), (9, False)] exc=0 t_gens=5s t=9s
  BL/D: rank[3,3] gens=2 INCOMPLETE src=pari+mwrank sat=1 tors=4 states=400000 hmax=181636.5 primes=150 surv=13 exact=11 badbase=0 hits7=[(9, False), (9, False), (9, False), (9, False), (9, False), (9, False), (9, False), (9, False), (9, False), (9, False), (9, False)] exc=0 t_gens=30s t=33s
  TR/D: rank[3,3] gens=3 src=pari sat=1 tors=4 states=400000 hmax=8067.9 primes=150 surv=13 exact=11 badbase=0 hits7=[(9, False), (9, False), (9, False), (9, False), (9, False), (9, False), (9, False), (9, False), (9, False), (9, False), (9, False)] exc=0 t_gens=0s t=4s
(2737,113) C0=3751969 □ K=50000
  TL/BR: rank[2,2] gens=2 src=pari+mwrank sat=1 tors=8 states=800000 hmax=214908.7 primes=150 surv=9 exact=7 badbase=0 hits7=[(9, False), (9, False), (9, False), (9, False), (9, False), (9, False), (9, False)] exc=0 t_gens=3s t=7s
  TL/D: rank[3,3] gens=3 src=pari sat=1 tors=4 states=400000 hmax=8926.9 primes=150 surv=13 exact=11 badbase=0 hits7=[(9, False), (9, False), (9, False), (9, False), (9, False), (9, False), (9, False), (9, False), (9, False), (9, False), (9, False)] exc=0 t_gens=1s t=4s
  BR/D: rank[1,3] gens=3 src=pari+mwrank sat=1 tors=4 states=400000 hmax=4258.2 primes=150 surv=13 exact=11 badbase=0 hits7=[(9, False), (9, False), (9, False), (9, False), (9, False), (9, False), (9, False), (9, False), (9, False), (9, False), (9, False)] exc=0 t_gens=1s t=4s
  BL/TR: rank[2,2] gens=2 src=pari sat=1 tors=8 states=800000 hmax=138397.7 primes=150 surv=9 exact=7 badbase=0 hits7=[(9, False), (9, False), (9, False), (9, False), (9, False), (9, False), (9, False)] exc=0 t_gens=0s t=5s
  BL/D: rank[1,3] gens=3 src=pari+mwrank sat=1 tors=4 states=400000 hmax=4258.2 primes=150 surv=13 exact=11 badbase=0 hits7=[(9, False), (9, False), (9, False), (9, False), (9, False), (9, False), (9, False), (9, False), (9, False), (9, False), (9, False)] exc=0 t_gens=1s t=5s
  TR/D: rank[3,3] gens=3 src=pari sat=1 tors=4 states=400000 hmax=8926.9 primes=150 surv=13 exact=11 badbase=0 hits7=[(9, False), (9, False), (9, False), (9, False), (9, False), (9, False), (9, False), (9, False), (9, False), (9, False), (9, False)] exc=0 t_gens=1s t=4s
(2687,503) C0=3736489 □ K=50000
  TL/BR: rank[2,2] gens=2 src=pari sat=1 tors=8 states=800000 hmax=381551.0 primes=150 surv=9 exact=7 badbase=0 hits7=[(9, False), (9, False), (9, False), (9, False), (9, False), (9, False), (9, False)] exc=0 t_gens=0s t=5s
  TL/D: rank[1,3] gens=2 INCOMPLETE src=pari+mwrank sat=1 tors=4 states=400000 hmax=180756.8 primes=150 surv=13 exact=11 badbase=0 hits7=[(9, False), (9, False), (9, False), (9, False), (9, False), (9, False), (9, False), (9, False), (9, False), (9, False), (9, False)] exc=0 t_gens=37s t=41s
  BR/D: rank[4,4] gens=4 src=pari sat=3 tors=4 states=400000 hmax=1419.7 primes=150 surv=13 exact=11 badbase=0 hits7=[(9, False), (9, False), (9, False), (9, False), (9, False), (9, False), (9, False), (9, False), (9, False), (9, False), (9, False)] exc=0 t_gens=1s t=4s
  BL/TR: rank[1,1] gens=1 src=pari sat=1 tors=8 states=800000 hmax=18521768416.8 primes=150 surv=9 exact=7 badbase=0 hits7=[(9, False), (9, False), (9, False), (9, False), (9, False), (9, False), (9, False)] exc=0 t_gens=0s t=4s
  BL/D: rank[4,4] gens=4 src=pari+mwrank sat=2 tors=4 states=400000 hmax=1419.7 primes=150 surv=13 exact=11 badbase=0 hits7=[(9, False), (9, False), (9, False), (9, False), (9, False), (9, False), (9, False), (9, False), (9, False), (9, False), (9, False)] exc=0 t_gens=1s t=5s
  TR/D: rank[1,3] gens=2 INCOMPLETE src=pari+mwrank sat=1 tors=4 states=400000 hmax=180756.8 primes=150 surv=13 exact=11 badbase=0 hits7=[(9, False), (9, False), (9, False), (9, False), (9, False), (9, False), (9, False), (9, False), (9, False), (9, False), (9, False)] exc=0 t_gens=34s t=38s
(2729,2303) C0=6375625 □ K=50000
  TL/BR: rank[3,3] gens=3 src=pari sat=1 tors=8 states=800000 hmax=3573.3 primes=150 surv=9 exact=7 badbase=0 hits7=[(9, False), (9, False), (9, False), (9, False), (9, False), (9, False), (9, False)] exc=0 t_gens=0s t=5s
  TL/D: rank[2,2] gens=2 src=pari sat=1 tors=4 states=400000 hmax=187366.4 primes=150 surv=14 exact=12 badbase=0 hits7=[(9, False), (9, False), (9, False), (9, False), (9, False), (9, False), (9, False), (9, False), (9, False), (9, False), (9, False)] exc=0 t_gens=0s t=4s
  BR/D: rank[3,3] gens=2 INCOMPLETE src=pari+mwrank sat=1 tors=4 states=400000 hmax=187413.8 primes=150 surv=13 exact=11 badbase=0 hits7=[(9, False), (9, False), (9, False), (9, False), (9, False), (9, False), (9, False), (9, False), (9, False), (9, False), (9, False)] exc=0 t_gens=21s t=25s
  BL/TR: rank[2,2] gens=1 INCOMPLETE src=pari+mwrank sat=1 tors=8 states=800000 hmax=19529178184.2 primes=150 surv=9 exact=7 badbase=0 hits7=[(9, False), (9, False), (9, False), (9, False), (9, False), (9, False), (9, False)] exc=0 t_gens=20s t=26s
  BL/D: rank[3,3] gens=2 INCOMPLETE src=pari+mwrank sat=1 tors=4 states=400000 hmax=187413.8 primes=150 surv=13 exact=11 badbase=0 hits7=[(9, False), (9, False), (9, False), (9, False), (9, False), (9, False), (9, False), (9, False), (9, False), (9, False), (9, False)] exc=0 t_gens=0s t=4s
  TR/D: rank[2,2] gens=2 src=pari sat=1 tors=4 states=400000 hmax=187366.4 primes=150 surv=14 exact=12 badbase=0 hits7=[(9, False), (9, False), (9, False), (9, False), (9, False), (9, False), (9, False), (9, False), (9, False), (9, False), (9, False)] exc=0 t_gens=0s t=4s
(2737,1609) C0=5040025 □ K=50000
  TL/BR: rank[1,1] gens=1 src=pari sat=1 tors=8 states=800000 hmax=19411530796.6 primes=150 surv=9 exact=7 badbase=0 hits7=[(9, False), (9, False), (9, False), (9, False), (9, False), (9, False), (9, False)] exc=0 t_gens=0s t=5s
  TL/D: rank[3,3] gens=3 src=pari sat=1 tors=4 states=400000 hmax=6850.2 primes=150 surv=13 exact=11 badbase=0 hits7=[(9, False), (9, False), (9, False), (9, False), (9, False), (9, False), (9, False), (9, False), (9, False), (9, False), (9, False)] exc=0 t_gens=0s t=5s
  BR/D: rank[3,3] gens=3 src=pari sat=1 tors=4 states=400000 hmax=2786.5 primes=150 surv=13 exact=11 badbase=0 hits7=[(9, False), (9, False), (9, False), (9, False), (9, False), (9, False), (9, False), (9, False), (9, False), (9, False), (9, False)] exc=0 t_gens=0s t=5s
  BL/TR: rank[1,1] gens=1 src=pari sat=1 tors=8 states=800000 hmax=19111865327.0 primes=150 surv=9 exact=7 badbase=0 hits7=[(9, False), (9, False), (9, False), (9, False), (9, False), (9, False), (9, False)] exc=0 t_gens=0s t=5s
  BL/D: rank[3,3] gens=3 src=pari sat=1 tors=4 states=400000 hmax=2786.5 primes=150 surv=17 exact=14 badbase=0 hits7=[(9, False), (9, False), (9, False), (9, False), (9, False), (9, False), (9, False), (9, False), (9, False), (9, False), (9, False), (9, False), (9, False), (9, False)] exc=0 t_gens=0s t=5s
  TR/D: rank[3,3] gens=3 src=pari sat=1 tors=4 states=400000 hmax=6850.2 primes=150 surv=13 exact=11 badbase=0 hits7=[(9, False), (9, False), (9, False), (9, False), (9, False), (9, False), (9, False), (9, False), (9, False), (9, False), (9, False)] exc=0 t_gens=0s t=5s
(2591,2449) C0=6355441 □ K=50000
  TL/BR: rank[2,2] gens=2 src=pari sat=1 tors=8 states=800000 hmax=528672.5 primes=150 surv=9 exact=7 badbase=0 hits7=[(9, False), (9, False), (9, False), (9, False), (9, False), (9, False), (9, False)] exc=0 t_gens=0s t=5s
  TL/D: rank[4,4] gens=4 src=pari sat=1 tors=4 states=400000 hmax=750.7 primes=150 surv=13 exact=10 badbase=0 hits7=[(9, False), (9, False), (9, False), (9, False), (9, False), (9, False), (9, False), (9, False), (9, False), (9, False)] exc=0 t_gens=0s t=4s
  BR/D: rank[2,2] gens=2 src=pari+mwrank sat=1 tors=4 states=400000 hmax=187326.6 primes=150 surv=13 exact=10 badbase=0 hits7=[(9, False), (9, False), (9, False), (9, False), (9, False), (9, False), (9, False), (9, False), (9, False), (9, False)] exc=0 t_gens=102s t=106s
  BL/TR: rank[2,2] gens=2 src=pari+mwrank sat=1 tors=8 states=800000 hmax=861590.0 primes=150 surv=9 exact=7 badbase=0 hits7=[(9, False), (9, False), (9, False), (9, False), (9, False), (9, False), (9, False)] exc=0 t_gens=4s t=8s
  BL/D: rank[2,2] gens=2 src=pari+mwrank sat=1 tors=4 states=400000 hmax=187326.6 primes=150 surv=13 exact=11 badbase=0 hits7=[(9, False), (9, False), (9, False), (9, False), (9, False), (9, False), (9, False), (9, False), (9, False), (9, False), (9, False)] exc=0 t_gens=91s t=97s
  TR/D: rank[4,4] gens=4 src=pari sat=1 tors=4 states=400000 hmax=750.7 primes=150 surv=13 exact=11 badbase=0 hits7=[(9, False), (9, False), (9, False), (9, False), (9, False), (9, False), (9, False), (9, False), (9, False), (9, False), (9, False)] exc=0 t_gens=1s t=6s
(2737,2591) C0=7102225 □ K=50000
  TL/BR: rank[1,1] gens=1 src=pari sat=1 tors=8 states=800000 hmax=19736656217.3 primes=150 surv=9 exact=7 badbase=0 hits7=[(9, False), (9, False), (9, False), (9, False), (9, False), (9, False), (9, False)] exc=0 t_gens=0s t=5s
  TL/D: rank[1,3] gens=3 src=pari+mwrank sat=1 tors=4 states=400000 hmax=10188.2 primes=150 surv=13 exact=10 badbase=0 hits7=[(9, False), (9, False), (9, False), (9, False), (9, False), (9, False), (9, False), (9, False), (9, False), (9, False)] exc=0 t_gens=6s t=9s
  BR/D: rank[4,4] gens=4 src=pari sat=1 tors=4 states=400000 hmax=466.4 primes=150 surv=13 exact=10 badbase=0 hits7=[(9, False), (9, False), (9, False), (9, False), (9, False), (9, False), (9, False), (9, False), (9, False), (9, False)] exc=0 t_gens=1s t=5s
  BL/TR: rank[2,2] gens=2 src=pari sat=1 tors=8 states=800000 hmax=204600.2 primes=150 surv=9 exact=7 badbase=0 hits7=[(9, False), (9, False), (9, False), (9, False), (9, False), (9, False), (9, False)] exc=0 t_gens=0s t=6s
  BL/D: rank[4,4] gens=4 src=pari sat=1 tors=4 states=400000 hmax=466.4 primes=150 surv=13 exact=11 badbase=0 hits7=[(9, False), (9, False), (9, False), (9, False), (9, False), (9, False), (9, False), (9, False), (9, False), (9, False), (9, False)] exc=0 t_gens=1s t=6s
  TR/D: rank[1,3] gens=3 src=pari+mwrank sat=1 tors=4 states=400000 hmax=10188.2 primes=150 surv=13 exact=11 badbase=0 hits7=[(9, False), (9, False), (9, False), (9, False), (9, False), (9, False), (9, False), (9, False), (9, False), (9, False), (9, False)] exc=0 t_gens=3s t=8s
(2753,679) C0=4020025 □ K=50000
  TL/BR: rank[1,1] gens=1 src=pari sat=1 tors=8 states=800000 hmax=19131987973.0 primes=150 surv=9 exact=7 badbase=0 hits7=[(9, False), (9, False), (9, False), (9, False), (9, False), (9, False), (9, False)] exc=0 t_gens=0s t=6s
  TL/D: rank[2,2] gens=2 src=pari sat=1 tors=4 states=400000 hmax=181720.3 primes=150 surv=13 exact=11 badbase=0 hits7=[(9, False), (9, False), (9, False), (9, False), (9, False), (9, False), (9, False), (9, False), (9, False), (9, False), (9, False)] exc=0 t_gens=0s t=5s
  BR/D: rank[2,2] gens=2 src=pari sat=1 tors=4 states=400000 hmax=182273.5 primes=150 surv=13 exact=11 badbase=0 hits7=[(9, False), (9, False), (9, False), (9, False), (9, False), (9, False), (9, False), (9, False), (9, False), (9, False), (9, False)] exc=0 t_gens=0s t=5s
  BL/TR: rank[1,1] gens=1 src=pari sat=1 tors=8 states=800000 hmax=18638628591.5 primes=150 surv=9 exact=7 badbase=0 hits7=[(9, False), (9, False), (9, False), (9, False), (9, False), (9, False), (9, False)] exc=0 t_gens=0s t=6s
  BL/D: rank[2,2] gens=2 src=pari sat=1 tors=4 states=400000 hmax=182273.5 primes=150 surv=13 exact=11 badbase=0 hits7=[(9, False), (9, False), (9, False), (9, False), (9, False), (9, False), (9, False), (9, False), (9, False), (9, False), (9, False)] exc=0 t_gens=0s t=6s
  TR/D: rank[2,2] gens=2 src=pari sat=1 tors=4 states=400000 hmax=181720.3 primes=150 surv=13 exact=11 badbase=0 hits7=[(9, False), (9, False), (9, False), (9, False), (9, False), (9, False), (9, False), (9, False), (9, False), (9, False), (9, False)] exc=0 t_gens=0s t=6s
(2759,281) C0=3845521 □ K=50000
  TL/BR: rank[3,3] gens=3 src=pari sat=1 tors=8 states=800000 hmax=7404.6 primes=150 surv=9 exact=7 badbase=0 hits7=[(9, False), (9, False), (9, False), (9, False), (9, False), (9, False), (9, False)] exc=0 t_gens=1s t=7s
  TL/D: rank[3,3] gens=3 src=pari sat=1 tors=4 states=400000 hmax=7291.4 primes=150 surv=13 exact=11 badbase=0 hits7=[(9, False), (9, False), (9, False), (9, False), (9, False), (9, False), (9, False), (9, False), (9, False), (9, False), (9, False)] exc=0 t_gens=0s t=5s
  BR/D: rank[3,3] gens=3 src=pari sat=1 tors=4 states=400000 hmax=6105.3 primes=150 surv=13 exact=11 badbase=0 hits7=[(9, False), (9, False), (9, False), (9, False), (9, False), (9, False), (9, False), (9, False), (9, False), (9, False), (9, False)] exc=0 t_gens=0s t=5s
  BL/TR: rank[3,3] gens=3 src=pari sat=1 tors=8 states=800000 hmax=5119.7 primes=150 surv=9 exact=7 badbase=0 hits7=[(9, False), (9, False), (9, False), (9, False), (9, False), (9, False), (9, False)] exc=0 t_gens=1s t=9s
  BL/D: rank[3,3] gens=3 src=pari sat=1 tors=4 states=400000 hmax=6105.3 primes=150 surv=13 exact=11 badbase=0 hits7=[(9, False), (9, False), (9, False), (9, False), (9, False), (9, False), (9, False), (9, False), (9, False), (9, False), (9, False)] exc=0 t_gens=1s t=5s
  TR/D: rank[3,3] gens=3 src=pari sat=1 tors=4 states=400000 hmax=7291.4 primes=150 surv=13 exact=11 badbase=0 hits7=[(9, False), (9, False), (9, False), (9, False), (9, False), (9, False), (9, False), (9, False), (9, False), (9, False), (9, False)] exc=0 t_gens=0s t=6s
(2759,1799) C0=5424241 □ K=50000
  TL/BR: rank[3,3] gens=3 src=pari sat=1 tors=8 states=800000 hmax=6788.0 primes=150 surv=9 exact=7 badbase=0 hits7=[(9, False), (9, False), (9, False), (9, False), (9, False), (9, False), (9, False)] exc=0 t_gens=1s t=8s
  TL/D: rank[4,4] gens=4 src=pari sat=3 tors=4 states=400000 hmax=921.7 primes=150 surv=13 exact=11 badbase=0 hits7=[(9, False), (9, False), (9, False), (9, False), (9, False), (9, False), (9, False), (9, False), (9, False), (9, False), (9, False)] exc=0 t_gens=1s t=5s
  BR/D: rank[4,4] gens=4 src=pari sat=1 tors=4 states=400000 hmax=682.0 primes=150 surv=13 exact=11 badbase=0 hits7=[(9, False), (9, False), (9, False), (9, False), (9, False), (9, False), (9, False), (9, False), (9, False), (9, False), (9, False)] exc=0 t_gens=1s t=5s
  BL/TR: rank[1,1] gens=1 src=pari sat=1 tors=8 states=800000 hmax=19238185591.8 primes=150 surv=9 exact=7 badbase=0 hits7=[(9, False), (9, False), (9, False), (9, False), (9, False), (9, False), (9, False)] exc=0 t_gens=0s t=5s
  BL/D: rank[4,4] gens=4 src=pari sat=1 tors=4 states=400000 hmax=682.0 primes=150 surv=13 exact=11 badbase=0 hits7=[(9, False), (9, False), (9, False), (9, False), (9, False), (9, False), (9, False), (9, False), (9, False), (9, False), (9, False)] exc=0 t_gens=0s t=6s
  TR/D: rank[4,4] gens=4 src=pari sat=3 tors=4 states=400000 hmax=921.7 primes=150 surv=13 exact=11 badbase=0 hits7=[(9, False), (9, False), (9, False), (9, False), (9, False), (9, False), (9, False), (9, False), (9, False), (9, False), (9, False)] exc=0 t_gens=1s t=6s
(2791,2191) C0=6295081 □ K=50000
  TL/BR: rank[2,2] gens=2 src=pari sat=1 tors=8 states=800000 hmax=475658.3 primes=150 surv=9 exact=7 badbase=0 hits7=[(9, False), (9, False), (9, False), (9, False), (9, False), (9, False), (9, False)] exc=0 t_gens=0s t=6s
  TL/D: rank[4,4] gens=4 src=pari sat=1 tors=4 states=400000 hmax=782.8 primes=150 surv=13 exact=11 badbase=0 hits7=[(9, False), (9, False), (9, False), (9, False), (9, False), (9, False), (9, False), (9, False), (9, False), (9, False), (9, False)] exc=0 t_gens=0s t=5s
  BR/D: rank[3,3] gens=3 src=pari sat=1 tors=4 states=400000 hmax=4855.7 primes=150 surv=13 exact=11 badbase=0 hits7=[(9, False), (9, False), (9, False), (9, False), (9, False), (9, False), (9, False), (9, False), (9, False), (9, False), (9, False)] exc=0 t_gens=0s t=4s
  BL/TR: rank[1,1] gens=1 src=pari sat=1 tors=8 states=800000 hmax=19488388823.9 primes=150 surv=9 exact=7 badbase=0 hits7=[(9, False), (9, False), (9, False), (9, False), (9, False), (9, False), (9, False)] exc=0 t_gens=0s t=5s
  BL/D: rank[3,3] gens=3 src=pari sat=1 tors=4 states=400000 hmax=4855.7 primes=150 surv=13 exact=11 badbase=0 hits7=[(9, False), (9, False), (9, False), (9, False), (9, False), (9, False), (9, False), (9, False), (9, False), (9, False), (9, False)] exc=0 t_gens=0s t=4s
  TR/D: rank[4,4] gens=4 src=pari sat=1 tors=4 states=400000 hmax=782.8 primes=150 surv=13 exact=11 badbase=0 hits7=[(9, False), (9, False), (9, False), (9, False), (9, False), (9, False), (9, False), (9, False), (9, False), (9, False), (9, False)] exc=0 t_gens=0s t=5s
(2711,1423) C0=4687225 □ K=50000
  TL/BR: rank[2,2] gens=2 src=pari sat=1 tors=8 states=800000 hmax=206320.2 primes=150 surv=9 exact=7 badbase=0 hits7=[(9, False), (9, False), (9, False), (9, False), (9, False), (9, False), (9, False)] exc=0 t_gens=0s t=6s
  TL/D: rank[3,3] gens=3 src=pari sat=1 tors=4 states=400000 hmax=8015.7 primes=150 surv=13 exact=11 badbase=0 hits7=[(9, False), (9, False), (9, False), (9, False), (9, False), (9, False), (9, False), (9, False), (9, False), (9, False), (9, False)] exc=0 t_gens=1s t=4s
  BR/D: rank[2,2] gens=2 src=pari+mwrank sat=1 tors=4 states=400000 hmax=183956.1 primes=150 surv=13 exact=11 badbase=0 hits7=[(9, False), (9, False), (9, False), (9, False), (9, False), (9, False), (9, False), (9, False), (9, False), (9, False), (9, False)] exc=0 t_gens=84s t=90s
  BL/TR: rank[1,1] gens=1 src=pari sat=1 tors=8 states=800000 hmax=18985580470.7 primes=150 surv=9 exact=7 badbase=0 hits7=[(9, False), (9, False), (9, False), (9, False), (9, False), (9, False), (9, False)] exc=0 t_gens=0s t=7s
  BL/D: rank[2,2] gens=2 src=pari+mwrank sat=1 tors=4 states=400000 hmax=183956.1 primes=150 surv=13 exact=11 badbase=0 hits7=[(9, False), (9, False), (9, False), (9, False), (9, False), (9, False), (9, False), (9, False), (9, False), (9, False), (9, False)] exc=0 t_gens=90s t=94s
  TR/D: rank[3,3] gens=3 src=pari sat=1 tors=4 states=400000 hmax=8015.7 primes=150 surv=13 exact=11 badbase=0 hits7=[(9, False), (9, False), (9, False), (9, False), (9, False), (9, False), (9, False), (9, False), (9, False), (9, False), (9, False)] exc=0 t_gens=1s t=5s
(2777,1993) C0=5841889 □ K=50000
  TL/BR: rank[2,2] gens=1 INCOMPLETE src=pari+mwrank sat=1 tors=8 states=800000 hmax=19562861540.7 primes=150 surv=9 exact=7 badbase=0 hits7=[(9, False), (9, False), (9, False), (9, False), (9, False), (9, False), (9, False)] exc=0 t_gens=21s t=27s
  TL/D: rank[2,2] gens=2 src=pari sat=1 tors=4 states=400000 hmax=186352.3 primes=150 surv=13 exact=11 badbase=0 hits7=[(9, False), (9, False), (9, False), (9, False), (9, False), (9, False), (9, False), (9, False), (9, False), (9, False), (9, False)] exc=0 t_gens=0s t=4s
  BR/D: rank[3,3] gens=3 src=pari+mwrank sat=1 tors=4 states=400000 hmax=10004.4 primes=150 surv=13 exact=11 badbase=0 hits7=[(9, False), (9, False), (9, False), (9, False), (9, False), (9, False), (9, False), (9, False), (9, False), (9, False), (9, False)] exc=0 t_gens=1s t=5s
  BL/TR: rank[1,1] gens=1 src=pari sat=1 tors=8 states=800000 hmax=19363868404.6 primes=150 surv=9 exact=7 badbase=0 hits7=[(9, False), (9, False), (9, False), (9, False), (9, False), (9, False), (9, False)] exc=0 t_gens=0s t=4s
  BL/D: rank[3,3] gens=3 src=pari+mwrank sat=1 tors=4 states=400000 hmax=10004.4 primes=150 surv=13 exact=11 badbase=0 hits7=[(9, False), (9, False), (9, False), (9, False), (9, False), (9, False), (9, False), (9, False), (9, False), (9, False), (9, False)] exc=0 t_gens=1s t=6s
  TR/D: rank[2,2] gens=2 src=pari sat=1 tors=4 states=400000 hmax=186352.3 primes=150 surv=13 exact=11 badbase=0 hits7=[(9, False), (9, False), (9, False), (9, False), (9, False), (9, False), (9, False), (9, False), (9, False), (9, False), (9, False)] exc=0 t_gens=0s t=4s
(2767,1337) C0=4721929 □ K=50000
  TL/BR: rank[1,1] gens=1 src=pari sat=1 tors=8 states=800000 hmax=19348251016.1 primes=150 surv=9 exact=7 badbase=0 hits7=[(9, False), (9, False), (9, False), (9, False), (9, False), (9, False), (9, False)] exc=0 t_gens=0s t=7s
  TL/D: rank[2,2] gens=2 src=pari sat=1 tors=4 states=400000 hmax=183835.1 primes=150 surv=13 exact=11 badbase=0 hits7=[(9, False), (9, False), (9, False), (9, False), (9, False), (9, False), (9, False), (9, False), (9, False), (9, False), (9, False)] exc=0 t_gens=0s t=4s
  BR/D: rank[2,2] gens=2 src=pari sat=1 tors=4 states=400000 hmax=184034.8 primes=150 surv=13 exact=11 badbase=0 hits7=[(9, False), (9, False), (9, False), (9, False), (9, False), (9, False), (9, False), (9, False), (9, False), (9, False), (9, False)] exc=0 t_gens=0s t=5s
  BL/TR: rank[1,3] gens=1 INCOMPLETE src=pari+mwrank sat=1 tors=8 states=800000 hmax=18970609628.8 primes=150 surv=9 exact=7 badbase=0 hits7=[(9, False), (9, False), (9, False), (9, False), (9, False), (9, False), (9, False)] exc=0 t_gens=43s t=47s
  BL/D: rank[2,2] gens=2 src=pari sat=1 tors=4 states=400000 hmax=184034.8 primes=150 surv=13 exact=11 badbase=0 hits7=[(9, False), (9, False), (9, False), (9, False), (9, False), (9, False), (9, False), (9, False), (9, False), (9, False), (9, False)] exc=0 t_gens=0s t=4s
  TR/D: rank[2,2] gens=2 src=pari sat=1 tors=4 states=400000 hmax=183835.1 primes=150 surv=13 exact=11 badbase=0 hits7=[(9, False), (9, False), (9, False), (9, False), (9, False), (9, False), (9, False), (9, False), (9, False), (9, False), (9, False)] exc=0 t_gens=0s t=4s
(2807,1601) C0=5221225 □ K=50000
  TL/BR: rank[1,1] gens=1 src=pari sat=1 tors=8 states=800000 hmax=19459391655.3 primes=150 surv=9 exact=7 badbase=0 hits7=[(9, False), (9, False), (9, False), (9, False), (9, False), (9, False), (9, False)] exc=0 t_gens=2s t=6s
  TL/D: rank[2,2] gens=2 src=pari sat=1 tors=4 states=400000 hmax=185032.8 primes=150 surv=13 exact=11 badbase=0 hits7=[(9, False), (9, False), (9, False), (9, False), (9, False), (9, False), (9, False), (9, False), (9, False), (9, False), (9, False)] exc=0 t_gens=0s t=5s
  BR/D: rank[4,4] gens=4 src=pari sat=1 tors=4 states=400000 hmax=1029.8 primes=150 surv=13 exact=11 badbase=0 hits7=[(9, False), (9, False), (9, False), (9, False), (9, False), (9, False), (9, False), (9, False), (9, False), (9, False), (9, False)] exc=0 t_gens=1s t=5s
  BL/TR: rank[1,1] gens=1 src=pari sat=1 tors=8 states=800000 hmax=19146273883.3 primes=150 surv=9 exact=7 badbase=0 hits7=[(9, False), (9, False), (9, False), (9, False), (9, False), (9, False), (9, False)] exc=0 t_gens=0s t=5s
  BL/D: rank[4,4] gens=4 src=pari sat=1 tors=4 states=400000 hmax=1029.8 primes=150 surv=13 exact=11 badbase=0 hits7=[(9, False), (9, False), (9, False), (9, False), (9, False), (9, False), (9, False), (9, False), (9, False), (9, False), (9, False)] exc=0 t_gens=1s t=5s
  TR/D: rank[2,2] gens=2 src=pari sat=1 tors=4 states=400000 hmax=185032.8 primes=150 surv=13 exact=11 badbase=0 hits7=[(9, False), (9, False), (9, False), (9, False), (9, False), (9, False), (9, False), (9, False), (9, False), (9, False), (9, False)] exc=0 t_gens=0s t=4s
(2807,2599) C0=7317025 □ K=50000
  TL/BR: rank[2,2] gens=2 src=pari+mwrank sat=1 tors=8 states=800000 hmax=674224.1 primes=150 surv=9 exact=7 badbase=0 hits7=[(9, False), (9, False), (9, False), (9, False), (9, False), (9, False), (9, False)] exc=0 t_gens=10s t=15s
  TL/D: rank[2,2] gens=2 src=pari sat=1 tors=4 states=400000 hmax=188935.0 primes=150 surv=13 exact=11 badbase=0 hits7=[(9, False), (9, False), (9, False), (9, False), (9, False), (9, False), (9, False), (9, False), (9, False), (9, False), (9, False)] exc=0 t_gens=0s t=4s
  BR/D: rank[3,3] gens=3 src=pari+mwrank sat=1 tors=4 states=400000 hmax=9101.1 primes=150 surv=13 exact=11 badbase=0 hits7=[(9, False), (9, False), (9, False), (9, False), (9, False), (9, False), (9, False), (9, False), (9, False), (9, False), (9, False)] exc=0 t_gens=1s t=5s
  BL/TR: rank[1,1] gens=1 src=pari sat=1 tors=8 states=800000 hmax=19732441601.4 primes=150 surv=9 exact=7 badbase=0 hits7=[(9, False), (9, False), (9, False), (9, False), (9, False), (9, False), (9, False)] exc=0 t_gens=0s t=4s
  BL/D: rank[3,3] gens=3 src=pari+mwrank sat=1 tors=4 states=400000 hmax=9101.1 primes=150 surv=13 exact=11 badbase=0 hits7=[(9, False), (9, False), (9, False), (9, False), (9, False), (9, False), (9, False), (9, False), (9, False), (9, False), (9, False)] exc=0 t_gens=0s t=4s
  TR/D: rank[2,2] gens=2 src=pari sat=1 tors=4 states=400000 hmax=188935.0 primes=150 surv=13 exact=11 badbase=0 hits7=[(9, False), (9, False), (9, False), (9, False), (9, False), (9, False), (9, False), (9, False), (9, False), (9, False), (9, False)] exc=0 t_gens=0s t=4s
(2839,521) C0=4165681 □ K=50000
  TL/BR: rank[3,3] gens=3 src=pari sat=1 tors=8 states=800000 hmax=9230.3 primes=150 surv=9 exact=7 badbase=0 hits7=[(9, False), (9, False), (9, False), (9, False), (9, False), (9, False), (9, False)] exc=0 t_gens=0s t=6s
  TL/D: rank[2,2] gens=2 src=pari+mwrank sat=1 tors=4 states=400000 hmax=181978.0 primes=150 surv=13 exact=11 badbase=0 hits7=[(9, False), (9, False), (9, False), (9, False), (9, False), (9, False), (9, False), (9, False), (9, False), (9, False), (9, False)] exc=0 t_gens=4s t=8s
  BR/D: rank[3,3] gens=3 src=pari sat=1 tors=4 states=400000 hmax=6749.5 primes=150 surv=13 exact=11 badbase=0 hits7=[(9, False), (9, False), (9, False), (9, False), (9, False), (9, False), (9, False), (9, False), (9, False), (9, False), (9, False)] exc=0 t_gens=0s t=4s
  BL/TR: rank[2,2] gens=2 src=pari sat=1 tors=8 states=800000 hmax=479498.4 primes=150 surv=9 exact=7 badbase=0 hits7=[(9, False), (9, False), (9, False), (9, False), (9, False), (9, False), (9, False)] exc=0 t_gens=0s t=6s
  BL/D: rank[3,3] gens=3 src=pari sat=1 tors=4 states=400000 hmax=6749.5 primes=150 surv=13 exact=11 badbase=0 hits7=[(9, False), (9, False), (9, False), (9, False), (9, False), (9, False), (9, False), (9, False), (9, False), (9, False), (9, False)] exc=0 t_gens=0s t=6s
  TR/D: rank[2,2] gens=2 src=pari+mwrank sat=1 tors=4 states=400000 hmax=181978.0 primes=150 surv=13 exact=11 badbase=0 hits7=[(9, False), (9, False), (9, False), (9, False), (9, False), (9, False), (9, False), (9, False), (9, False), (9, False), (9, False)] exc=0 t_gens=1s t=5s
(2857,449) C0=4182025 □ K=50000
  TL/BR: rank[1,1] gens=1 src=pari sat=1 tors=8 states=800000 hmax=19140099494.4 primes=150 surv=9 exact=7 badbase=0 hits7=[(9, False), (9, False), (9, False), (9, False), (9, False), (9, False), (9, False)] exc=0 t_gens=0s t=5s
  TL/D: rank[4,4] gens=4 src=pari sat=1 tors=4 states=400000 hmax=1002.2 primes=150 surv=13 exact=11 badbase=0 hits7=[(9, False), (9, False), (9, False), (9, False), (9, False), (9, False), (9, False), (9, False), (9, False), (9, False), (9, False)] exc=0 t_gens=1s t=5s
  BR/D: rank[1,3] gens=3 src=pari+mwrank sat=1 tors=4 states=400000 hmax=4724.1 primes=150 surv=13 exact=11 badbase=0 hits7=[(9, False), (9, False), (9, False), (9, False), (9, False), (9, False), (9, False), (9, False), (9, False), (9, False), (9, False)] exc=0 t_gens=3s t=7s
  BL/TR: rank[2,2] gens=1 INCOMPLETE src=pari+mwrank sat=1 tors=8 states=800000 hmax=18651812009.6 primes=150 surv=9 exact=7 badbase=0 hits7=[(9, False), (9, False), (9, False), (9, False), (9, False), (9, False), (9, False)] exc=0 t_gens=14s t=18s
  BL/D: rank[1,3] gens=3 src=pari+mwrank sat=1 tors=4 states=400000 hmax=4724.1 primes=150 surv=13 exact=11 badbase=0 hits7=[(9, False), (9, False), (9, False), (9, False), (9, False), (9, False), (9, False), (9, False), (9, False), (9, False), (9, False)] exc=0 t_gens=1s t=5s
  TR/D: rank[4,4] gens=4 src=pari sat=1 tors=4 states=400000 hmax=1002.2 primes=150 surv=13 exact=11 badbase=0 hits7=[(9, False), (9, False), (9, False), (9, False), (9, False), (9, False), (9, False), (9, False), (9, False), (9, False), (9, False)] exc=0 t_gens=1s t=4s
(2719,1081) C0=4280761 □ K=50000
  TL/BR: rank[2,2] gens=2 src=pari sat=1 tors=8 states=800000 hmax=382698.2 primes=150 surv=9 exact=7 badbase=0 hits7=[(9, False), (9, False), (9, False), (9, False), (9, False), (9, False), (9, False)] exc=0 t_gens=0s t=5s
  TL/D: rank[2,2] gens=2 src=pari+mwrank sat=1 tors=4 states=400000 hmax=182612.6 primes=150 surv=13 exact=11 badbase=0 hits7=[(9, False), (9, False), (9, False), (9, False), (9, False), (9, False), (9, False), (9, False), (9, False), (9, False), (9, False)] exc=0 t_gens=111s t=116s
  BR/D: rank[1,3] gens=2 INCOMPLETE src=pari+mwrank sat=1 tors=4 states=400000 hmax=182956.6 primes=150 surv=13 exact=11 badbase=0 hits7=[(9, False), (9, False), (9, False), (9, False), (9, False), (9, False), (9, False), (9, False), (9, False), (9, False), (9, False)] exc=0 t_gens=35s t=39s
  BL/TR: rank[1,1] gens=1 src=pari sat=1 tors=8 states=800000 hmax=18797999130.4 primes=150 surv=9 exact=7 badbase=0 hits7=[(9, False), (9, False), (9, False), (9, False), (9, False), (9, False), (9, False)] exc=0 t_gens=0s t=4s
  BL/D: rank[1,3] gens=2 INCOMPLETE src=pari+mwrank sat=1 tors=4 states=400000 hmax=182956.6 primes=150 surv=13 exact=11 badbase=0 hits7=[(9, False), (9, False), (9, False), (9, False), (9, False), (9, False), (9, False), (9, False), (9, False), (9, False), (9, False)] exc=0 t_gens=32s t=36s
  TR/D: rank[2,2] gens=2 src=pari+mwrank sat=1 tors=4 states=400000 hmax=182612.6 primes=150 surv=13 exact=11 badbase=0 hits7=[(9, False), (9, False), (9, False), (9, False), (9, False), (9, False), (9, False), (9, False), (9, False), (9, False), (9, False)] exc=0 t_gens=105s t=111s
(2863,2153) C0=6416089 □ K=50000
  TL/BR: rank[1,1] gens=1 src=pari sat=1 tors=8 states=800000 hmax=19670069572.5 primes=150 surv=9 exact=7 badbase=0 hits7=[(9, False), (9, False), (9, False), (9, False), (9, False), (9, False), (9, False)] exc=0 t_gens=0s t=4s
  TL/D: rank[2,2] gens=2 src=pari sat=1 tors=4 states=400000 hmax=187419.9 primes=150 surv=13 exact=11 badbase=0 hits7=[(9, False), (9, False), (9, False), (9, False), (9, False), (9, False), (9, False), (9, False), (9, False), (9, False), (9, False)] exc=0 t_gens=0s t=5s
  BR/D: rank[4,4] gens=4 src=pari sat=3 tors=4 states=400000 hmax=1014.1 primes=150 surv=13 exact=11 badbase=0 hits7=[(9, False), (9, False), (9, False), (9, False), (9, False), (9, False), (9, False), (9, False), (9, False), (9, False), (9, False)] exc=0 t_gens=1s t=5s
  BL/TR: rank[1,1] gens=1 src=pari sat=1 tors=8 states=800000 hmax=19497279309.8 primes=150 surv=9 exact=7 badbase=0 hits7=[(9, False), (9, False), (9, False), (9, False), (9, False), (9, False), (9, False)] exc=0 t_gens=0s t=4s
  BL/D: rank[4,4] gens=4 src=pari sat=3 tors=4 states=400000 hmax=1014.1 primes=150 surv=13 exact=11 badbase=0 hits7=[(9, False), (9, False), (9, False), (9, False), (9, False), (9, False), (9, False), (9, False), (9, False), (9, False), (9, False)] exc=0 t_gens=1s t=5s
  TR/D: rank[2,2] gens=2 src=pari sat=1 tors=4 states=400000 hmax=187419.9 primes=150 surv=13 exact=11 badbase=0 hits7=[(9, False), (9, False), (9, False), (9, False), (9, False), (9, False), (9, False), (9, False), (9, False), (9, False), (9, False)] exc=0 t_gens=0s t=4s
(2833,119) C0=4020025 □ K=50000
  TL/BR: rank[2,2] gens=2 src=pari sat=1 tors=8 states=800000 hmax=394851.8 primes=150 surv=9 exact=7 badbase=0 hits7=[(9, False), (9, False), (9, False), (9, False), (9, False), (9, False), (9, False)] exc=0 t_gens=0s t=6s
  TL/D: rank[3,3] gens=3 src=pari sat=1 tors=4 states=400000 hmax=3856.1 primes=150 surv=13 exact=11 badbase=0 hits7=[(9, False), (9, False), (9, False), (9, False), (9, False), (9, False), (9, False), (9, False), (9, False), (9, False), (9, False)] exc=0 t_gens=0s t=4s
  BR/D: rank[3,3] gens=2 INCOMPLETE src=pari+mwrank sat=1 tors=4 states=400000 hmax=182277.8 primes=150 surv=13 exact=11 badbase=0 hits7=[(9, False), (9, False), (9, False), (9, False), (9, False), (9, False), (9, False), (9, False), (9, False), (9, False), (9, False)] exc=0 t_gens=31s t=34s
  BL/TR: rank[2,2] gens=2 src=pari+mwrank sat=1 tors=8 states=800000 hmax=244687.5 primes=150 surv=9 exact=7 badbase=0 hits7=[(9, False), (9, False), (9, False), (9, False), (9, False), (9, False), (9, False)] exc=0 t_gens=84s t=89s
  BL/D: rank[1,3] gens=2 INCOMPLETE src=pari+mwrank sat=1 tors=4 states=400000 hmax=182277.8 primes=150 surv=13 exact=11 badbase=0 hits7=[(9, False), (9, False), (9, False), (9, False), (9, False), (9, False), (9, False), (9, False), (9, False), (9, False), (9, False)] exc=0 t_gens=0s t=4s
  TR/D: rank[3,3] gens=3 src=pari sat=1 tors=4 states=400000 hmax=3856.1 primes=150 surv=13 exact=11 badbase=0 hits7=[(9, False), (9, False), (9, False), (9, False), (9, False), (9, False), (9, False), (9, False), (9, False), (9, False), (9, False)] exc=0 t_gens=0s t=4s
(2879,2441) C0=7123561 □ K=50000
  TL/BR: rank[3,3] gens=3 src=pari+mwrank sat=1 tors=8 states=800000 hmax=13544.5 primes=150 surv=9 exact=7 badbase=0 hits7=[(9, False), (9, False), (9, False), (9, False), (9, False), (9, False), (9, False)] exc=0 t_gens=3s t=9s
  TL/D: rank[3,3] gens=3 src=pari sat=1 tors=4 states=400000 hmax=8993.5 primes=150 surv=13 exact=11 badbase=0 hits7=[(9, False), (9, False), (9, False), (9, False), (9, False), (9, False), (9, False), (9, False), (9, False), (9, False), (9, False)] exc=0 t_gens=0s t=4s
  BR/D: rank[3,3] gens=3 src=pari sat=1 tors=4 states=400000 hmax=6042.0 primes=150 surv=13 exact=11 badbase=0 hits7=[(9, False), (9, False), (9, False), (9, False), (9, False), (9, False), (9, False), (9, False), (9, False), (9, False), (9, False)] exc=0 t_gens=0s t=4s
  BL/TR: rank[1,1] gens=1 src=pari sat=1 tors=8 states=800000 hmax=19669434206.4 primes=150 surv=9 exact=7 badbase=0 hits7=[(9, False), (9, False), (9, False), (9, False), (9, False), (9, False), (9, False)] exc=0 t_gens=0s t=4s
  BL/D: rank[3,3] gens=3 src=pari sat=1 tors=4 states=400000 hmax=6042.0 primes=150 surv=13 exact=11 badbase=0 hits7=[(9, False), (9, False), (9, False), (9, False), (9, False), (9, False), (9, False), (9, False), (9, False), (9, False), (9, False)] exc=0 t_gens=0s t=4s
  TR/D: rank[3,3] gens=3 src=pari sat=1 tors=4 states=400000 hmax=8993.5 primes=150 surv=13 exact=11 badbase=0 hits7=[(9, False), (9, False), (9, False), (9, False), (9, False), (9, False), (9, False), (9, False), (9, False), (9, False), (9, False)] exc=0 t_gens=0s t=4s
(2737,673) C0=3972049 □ K=50000
  TL/BR: rank[2,2] gens=2 src=pari+mwrank sat=1 tors=8 states=800000 hmax=878931.9 primes=150 surv=9 exact=7 badbase=0 hits7=[(9, False), (9, False), (9, False), (9, False), (9, False), (9, False), (9, False)] exc=0 t_gens=119s t=125s
  TL/D: rank[2,2] gens=2 src=pari+mwrank sat=2 tors=4 states=400000 hmax=181580.8 primes=150 surv=13 exact=11 badbase=0 hits7=[(9, False), (9, False), (9, False), (9, False), (9, False), (9, False), (9, False), (9, False), (9, False), (9, False), (9, False)] exc=0 t_gens=79s t=83s
  BR/D: rank[3,3] gens=3 src=pari sat=1 tors=4 states=400000 hmax=5360.0 primes=150 surv=13 exact=11 badbase=0 hits7=[(9, False), (9, False), (9, False), (9, False), (9, False), (9, False), (9, False), (9, False), (9, False), (9, False), (9, False)] exc=0 t_gens=1s t=6s
  BL/TR: rank[1,3] gens=1 INCOMPLETE src=pari+mwrank sat=1 tors=8 states=800000 hmax=18623270052.0 primes=150 surv=9 exact=7 badbase=0 hits7=[(9, False), (9, False), (9, False), (9, False), (9, False), (9, False), (9, False)] exc=0 t_gens=36s t=40s
  BL/D: rank[3,3] gens=3 src=pari sat=1 tors=4 states=400000 hmax=5360.0 primes=150 surv=13 exact=11 badbase=0 hits7=[(9, False), (9, False), (9, False), (9, False), (9, False), (9, False), (9, False), (9, False), (9, False), (9, False), (9, False)] exc=0 t_gens=0s t=4s
  TR/D: rank[2,2] gens=2 src=pari+mwrank sat=2 tors=4 states=400000 hmax=181580.8 primes=150 surv=13 exact=11 badbase=0 hits7=[(9, False), (9, False), (9, False), (9, False), (9, False), (9, False), (9, False), (9, False), (9, False), (9, False), (9, False)] exc=0 t_gens=81s t=85s
(2863,1207) C0=4826809 □ K=50000
  TL/BR: rank[1,1] gens=1 src=pari sat=1 tors=8 states=800000 hmax=19380905896.5 primes=150 surv=9 exact=7 badbase=0 hits7=[(9, False), (9, False), (9, False), (9, False), (9, False), (9, False), (9, False)] exc=0 t_gens=0s t=5s
  TL/D: rank[2,2] gens=2 src=pari sat=1 tors=4 states=400000 hmax=184002.9 primes=150 surv=13 exact=11 badbase=0 hits7=[(9, False), (9, False), (9, False), (9, False), (9, False), (9, False), (9, False), (9, False), (9, False), (9, False), (9, False)] exc=0 t_gens=0s t=4s
  BR/D: rank[1,3] gens=2 INCOMPLETE src=pari+mwrank sat=1 tors=4 states=400000 hmax=184297.8 primes=150 surv=13 exact=11 badbase=0 hits7=[(9, False), (9, False), (9, False), (9, False), (9, False), (9, False), (9, False), (9, False), (9, False), (9, False), (9, False)] exc=0 t_gens=31s t=34s
  BL/TR: rank[2,2] gens=2 src=pari sat=1 tors=8 states=800000 hmax=422873.8 primes=150 surv=9 exact=7 badbase=0 hits7=[(9, False), (9, False), (9, False), (9, False), (9, False), (9, False), (9, False)] exc=0 t_gens=0s t=7s
  BL/D: rank[1,3] gens=2 INCOMPLETE src=pari+mwrank sat=1 tors=4 states=400000 hmax=184297.8 primes=150 surv=13 exact=11 badbase=0 hits7=[(9, False), (9, False), (9, False), (9, False), (9, False), (9, False), (9, False), (9, False), (9, False), (9, False), (9, False)] exc=0 t_gens=31s t=34s
  TR/D: rank[2,2] gens=2 src=pari sat=1 tors=4 states=400000 hmax=184002.9 primes=150 surv=13 exact=11 badbase=0 hits7=[(9, False), (9, False), (9, False), (9, False), (9, False), (9, False), (9, False), (9, False), (9, False), (9, False), (9, False)] exc=0 t_gens=0s t=6s
(2903,47) C0=4214809 □ K=50000
  TL/BR: rank[2,2] gens=2 src=pari+mwrank sat=1 tors=8 states=800000 hmax=676686.2 primes=150 surv=9 exact=7 badbase=0 hits7=[(9, False), (9, False), (9, False), (9, False), (9, False), (9, False), (9, False)] exc=0 t_gens=2s t=7s
  TL/D: rank[3,3] gens=3 src=pari sat=1 tors=4 states=400000 hmax=4821.9 primes=150 surv=13 exact=11 badbase=0 hits7=[(9, False), (9, False), (9, False), (9, False), (9, False), (9, False), (9, False), (9, False), (9, False), (9, False), (9, False)] exc=0 t_gens=0s t=6s
  BR/D: rank[4,4] gens=4 src=pari+mwrank sat=1 tors=4 states=400000 hmax=1620.1 primes=150 surv=13 exact=11 badbase=0 hits7=[(9, False), (9, False), (9, False), (9, False), (9, False), (9, False), (9, False), (9, False), (9, False), (9, False), (9, False)] exc=0 t_gens=2s t=5s
  BL/TR: rank[1,1] gens=1 src=pari sat=1 tors=8 states=800000 hmax=18634725867.8 primes=150 surv=9 exact=7 badbase=0 hits7=[(9, False), (9, False), (9, False), (9, False), (9, False), (9, False), (9, False)] exc=0 t_gens=0s t=3s
  BL/D: rank[4,4] gens=4 src=pari sat=1 tors=4 states=400000 hmax=1620.1 primes=150 surv=13 exact=11 badbase=0 hits7=[(9, False), (9, False), (9, False), (9, False), (9, False), (9, False), (9, False), (9, False), (9, False), (9, False), (9, False)] exc=0 t_gens=0s t=4s
  TR/D: rank[3,3] gens=3 src=pari sat=1 tors=4 states=400000 hmax=4821.9 primes=150 surv=13 exact=11 badbase=0 hits7=[(9, False), (9, False), (9, False), (9, False), (9, False), (9, False), (9, False), (9, False), (9, False), (9, False), (9, False)] exc=0 t_gens=1s t=4s
(2911,623) C0=4431025 □ K=50000
  TL/BR: rank[1,1] gens=1 src=pari sat=1 tors=8 states=800000 hmax=19241828830.4 primes=150 surv=9 exact=7 badbase=0 hits7=[(9, False), (9, False), (9, False), (9, False), (9, False), (9, False), (9, False)] exc=0 t_gens=0s t=4s
  TL/D: rank[3,3] gens=3 src=pari sat=1 tors=4 states=400000 hmax=8200.9 primes=150 surv=13 exact=11 badbase=0 hits7=[(9, False), (9, False), (9, False), (9, False), (9, False), (9, False), (9, False), (9, False), (9, False), (9, False), (9, False)] exc=0 t_gens=0s t=4s
  BR/D: rank[2,2] gens=2 src=pari sat=1 tors=4 states=400000 hmax=183370.2 primes=150 surv=13 exact=11 badbase=0 hits7=[(9, False), (9, False), (9, False), (9, False), (9, False), (9, False), (9, False), (9, False), (9, False), (9, False), (9, False)] exc=0 t_gens=0s t=4s
  BL/TR: rank[2,2] gens=1 INCOMPLETE src=pari+mwrank sat=1 tors=8 states=800000 hmax=18745722945.5 primes=150 surv=9 exact=7 badbase=0 hits7=[(9, False), (9, False), (9, False), (9, False), (9, False), (9, False), (9, False)] exc=0 t_gens=16s t=20s
  BL/D: rank[2,2] gens=2 src=pari sat=1 tors=4 states=400000 hmax=183370.2 primes=150 surv=13 exact=11 badbase=0 hits7=[(9, False), (9, False), (9, False), (9, False), (9, False), (9, False), (9, False), (9, False), (9, False), (9, False), (9, False)] exc=0 t_gens=0s t=4s
  TR/D: rank[3,3] gens=3 src=pari sat=1 tors=4 states=400000 hmax=8200.9 primes=150 surv=13 exact=11 badbase=0 hits7=[(9, False), (9, False), (9, False), (9, False), (9, False), (9, False), (9, False), (9, False), (9, False), (9, False), (9, False)] exc=0 t_gens=0s t=4s
(2911,769) C0=4532641 □ K=50000
  TL/BR: rank[1,1] gens=1 src=pari sat=1 tors=8 states=800000 hmax=19287097109.5 primes=150 surv=9 exact=7 badbase=0 hits7=[(9, False), (9, False), (9, False), (9, False), (9, False), (9, False), (9, False)] exc=0 t_gens=0s t=4s
  TL/D: rank[2,2] gens=2 src=pari sat=1 tors=4 states=400000 hmax=183095.9 primes=150 surv=13 exact=11 badbase=0 hits7=[(9, False), (9, False), (9, False), (9, False), (9, False), (9, False), (9, False), (9, False), (9, False), (9, False), (9, False)] exc=0 t_gens=0s t=4s
  BR/D: rank[3,3] gens=3 src=pari sat=1 tors=4 states=400000 hmax=6699.5 primes=150 surv=13 exact=11 badbase=0 hits7=[(9, False), (9, False), (9, False), (9, False), (9, False), (9, False), (9, False), (9, False), (9, False), (9, False), (9, False)] exc=0 t_gens=0s t=4s
  BL/TR: rank[2,2] gens=2 src=pari sat=1 tors=8 states=800000 hmax=485651.1 primes=150 surv=9 exact=7 badbase=0 hits7=[(9, False), (9, False), (9, False), (9, False), (9, False), (9, False), (9, False)] exc=0 t_gens=0s t=7s
  BL/D: rank[3,3] gens=3 src=pari sat=1 tors=4 states=400000 hmax=6699.5 primes=150 surv=13 exact=11 badbase=0 hits7=[(9, False), (9, False), (9, False), (9, False), (9, False), (9, False), (9, False), (9, False), (9, False), (9, False), (9, False)] exc=0 t_gens=0s t=6s
  TR/D: rank[2,2] gens=2 src=pari sat=1 tors=4 states=400000 hmax=183095.9 primes=150 surv=13 exact=11 badbase=0 hits7=[(9, False), (9, False), (9, False), (9, False), (9, False), (9, False), (9, False), (9, False), (9, False), (9, False), (9, False)] exc=0 t_gens=0s t=4s
(2887,2737) C0=7912969 □ K=50000
  TL/BR: rank[1,1] gens=1 src=pari sat=1 tors=8 states=800000 hmax=19871337799.6 primes=150 surv=9 exact=7 badbase=0 hits7=[(9, False), (9, False), (9, False), (9, False), (9, False), (9, False), (9, False)] exc=0 t_gens=0s t=5s
  TL/D: rank[2,2] gens=2 src=pari sat=1 tors=4 states=400000 hmax=189808.5 primes=150 surv=13 exact=10 badbase=0 hits7=[(9, False), (9, False), (9, False), (9, False), (9, False), (9, False), (9, False), (9, False), (9, False), (9, False)] exc=0 t_gens=0s t=4s
  BR/D: rank[3,3] gens=2 INCOMPLETE src=pari+mwrank sat=1 tors=4 states=400000 hmax=189790.4 primes=150 surv=13 exact=10 badbase=0 hits7=[(9, False), (9, False), (9, False), (9, False), (9, False), (9, False), (9, False), (9, False), (9, False), (9, False)] exc=0 t_gens=33s t=37s
  BL/TR: rank[2,2] gens=1 INCOMPLETE src=pari+mwrank sat=1 tors=8 states=800000 hmax=19838026616.6 primes=150 surv=9 exact=7 badbase=0 hits7=[(9, False), (9, False), (9, False), (9, False), (9, False), (9, False), (9, False)] exc=0 t_gens=15s t=18s
  BL/D: rank[3,3] gens=2 INCOMPLETE src=pari+mwrank sat=1 tors=4 states=400000 hmax=189790.4 primes=150 surv=13 exact=11 badbase=0 hits7=[(9, False), (9, False), (9, False), (9, False), (9, False), (9, False), (9, False), (9, False), (9, False), (9, False), (9, False)] exc=0 t_gens=30s t=36s
  TR/D: rank[2,2] gens=2 src=pari sat=1 tors=4 states=400000 hmax=189808.5 primes=150 surv=13 exact=11 badbase=0 hits7=[(9, False), (9, False), (9, False), (9, False), (9, False), (9, False), (9, False), (9, False), (9, False), (9, False), (9, False)] exc=0 t_gens=0s t=5s
(2921,359) C0=4330561 □ K=50000
  TL/BR: rank[1,1] gens=1 src=pari sat=1 tors=8 states=800000 hmax=19159041521.5 primes=150 surv=9 exact=7 badbase=0 hits7=[(9, False), (9, False), (9, False), (9, False), (9, False), (9, False), (9, False)] exc=0 t_gens=0s t=5s
  TL/D: rank[3,3] gens=3 src=pari sat=1 tors=4 states=400000 hmax=5661.9 primes=150 surv=13 exact=11 badbase=0 hits7=[(9, False), (9, False), (9, False), (9, False), (9, False), (9, False), (9, False), (9, False), (9, False), (9, False), (9, False)] exc=0 t_gens=0s t=5s
  BR/D: rank[3,3] gens=3 src=pari sat=3 tors=4 states=400000 hmax=5331.0 primes=150 surv=13 exact=11 badbase=0 hits7=[(9, False), (9, False), (9, False), (9, False), (9, False), (9, False), (9, False), (9, False), (9, False), (9, False), (9, False)] exc=0 t_gens=1s t=4s
  BL/TR: rank[1,1] gens=1 src=pari sat=1 tors=8 states=800000 hmax=18685142646.5 primes=150 surv=9 exact=7 badbase=0 hits7=[(9, False), (9, False), (9, False), (9, False), (9, False), (9, False), (9, False)] exc=0 t_gens=0s t=4s
  BL/D: rank[3,3] gens=3 src=pari sat=3 tors=4 states=400000 hmax=5331.0 primes=150 surv=13 exact=11 badbase=0 hits7=[(9, False), (9, False), (9, False), (9, False), (9, False), (9, False), (9, False), (9, False), (9, False), (9, False), (9, False)] exc=0 t_gens=1s t=4s
  TR/D: rank[3,3] gens=3 src=pari sat=1 tors=4 states=400000 hmax=5661.9 primes=150 surv=13 exact=11 badbase=0 hits7=[(9, False), (9, False), (9, False), (9, False), (9, False), (9, False), (9, False), (9, False), (9, False), (9, False), (9, False)] exc=0 t_gens=1s t=4s
(2927,1583) C0=5536609 □ K=50000
  TL/BR: rank[1,1] gens=1 src=pari sat=1 tors=8 states=800000 hmax=19538409488.1 primes=150 surv=9 exact=7 badbase=0 hits7=[(9, False), (9, False), (9, False), (9, False), (9, False), (9, False), (9, False)] exc=0 t_gens=0s t=4s
  TL/D: rank[1,3] gens=3 src=pari+mwrank sat=1 tors=4 states=400000 hmax=6455.3 primes=150 surv=13 exact=11 badbase=0 hits7=[(9, False), (9, False), (9, False), (9, False), (9, False), (9, False), (9, False), (9, False), (9, False), (9, False), (9, False)] exc=0 t_gens=3s t=6s
  BR/D: rank[2,2] gens=2 src=pari sat=1 tors=4 states=400000 hmax=185825.1 primes=150 surv=13 exact=11 badbase=0 hits7=[(9, False), (9, False), (9, False), (9, False), (9, False), (9, False), (9, False), (9, False), (9, False), (9, False), (9, False)] exc=0 t_gens=0s t=4s
  BL/TR: rank[2,2] gens=2 src=pari+mwrank sat=1 tors=8 states=800000 hmax=656747.8 primes=150 surv=9 exact=7 badbase=0 hits7=[(9, False), (9, False), (9, False), (9, False), (9, False), (9, False), (9, False)] exc=0 t_gens=1s t=6s
  BL/D: rank[2,2] gens=2 src=pari sat=1 tors=4 states=400000 hmax=185825.1 primes=150 surv=13 exact=11 badbase=0 hits7=[(9, False), (9, False), (9, False), (9, False), (9, False), (9, False), (9, False), (9, False), (9, False), (9, False), (9, False)] exc=0 t_gens=0s t=5s
  TR/D: rank[1,3] gens=3 src=pari+mwrank sat=1 tors=4 states=400000 hmax=6455.3 primes=150 surv=13 exact=11 badbase=0 hits7=[(9, False), (9, False), (9, False), (9, False), (9, False), (9, False), (9, False), (9, False), (9, False), (9, False), (9, False)] exc=0 t_gens=1s t=5s
(2969,217) C0=4431025 □ K=50000
  TL/BR: rank[1,1] gens=1 src=pari sat=1 tors=8 states=800000 hmax=19137607483.1 primes=150 surv=9 exact=7 badbase=0 hits7=[(9, False), (9, False), (9, False), (9, False), (9, False), (9, False), (9, False)] exc=0 t_gens=0s t=5s
  TL/D: rank[2,2] gens=2 src=pari+mwrank sat=1 tors=4 states=400000 hmax=182167.6 primes=150 surv=13 exact=11 badbase=0 hits7=[(9, False), (9, False), (9, False), (9, False), (9, False), (9, False), (9, False), (9, False), (9, False), (9, False), (9, False)] exc=0 t_gens=3s t=6s
  BR/D: rank[3,3] gens=3 src=pari sat=1 tors=4 states=400000 hmax=8731.9 primes=150 surv=13 exact=11 badbase=0 hits7=[(9, False), (9, False), (9, False), (9, False), (9, False), (9, False), (9, False), (9, False), (9, False), (9, False), (9, False)] exc=0 t_gens=0s t=5s
  BL/TR: rank[2,2] gens=2 src=pari+mwrank sat=1 tors=8 states=800000 hmax=895802.8 primes=150 surv=9 exact=7 badbase=0 hits7=[(9, False), (9, False), (9, False), (9, False), (9, False), (9, False), (9, False)] exc=0 t_gens=1s t=5s
  BL/D: rank[3,3] gens=3 src=pari sat=1 tors=4 states=400000 hmax=8731.9 primes=150 surv=13 exact=11 badbase=0 hits7=[(9, False), (9, False), (9, False), (9, False), (9, False), (9, False), (9, False), (9, False), (9, False), (9, False), (9, False)] exc=0 t_gens=0s t=4s
  TR/D: rank[2,2] gens=2 src=pari+mwrank sat=1 tors=4 states=400000 hmax=182167.6 primes=150 surv=13 exact=11 badbase=0 hits7=[(9, False), (9, False), (9, False), (9, False), (9, False), (9, False), (9, False), (9, False), (9, False), (9, False), (9, False)] exc=0 t_gens=1s t=4s
(2921,1447) C0=5313025 □ K=50000
  TL/BR: rank[2,2] gens=2 src=pari sat=1 tors=8 states=800000 hmax=432509.8 primes=150 surv=9 exact=7 badbase=0 hits7=[(9, False), (9, False), (9, False), (9, False), (9, False), (9, False), (9, False)] exc=0 t_gens=0s t=5s
  TL/D: rank[3,3] gens=3 src=pari sat=1 tors=4 states=400000 hmax=8640.3 primes=150 surv=13 exact=11 badbase=0 hits7=[(9, False), (9, False), (9, False), (9, False), (9, False), (9, False), (9, False), (9, False), (9, False), (9, False), (9, False)] exc=0 t_gens=0s t=4s
  BR/D: rank[2,2] gens=2 src=pari+mwrank sat=1 tors=4 states=400000 hmax=185358.5 primes=150 surv=13 exact=11 badbase=0 hits7=[(9, False), (9, False), (9, False), (9, False), (9, False), (9, False), (9, False), (9, False), (9, False), (9, False), (9, False)] exc=0 t_gens=3s t=8s
  BL/TR: rank[1,1] gens=1 src=pari+mwrank sat=1 tors=8 states=800000 hmax=19125141612.1 primes=150 surv=9 exact=7 badbase=0 hits7=[(9, False), (9, False), (9, False), (9, False), (9, False), (9, False), (9, False)] exc=0 t_gens=48s t=54s
  BL/D: rank[2,2] gens=2 src=pari+mwrank sat=1 tors=4 states=400000 hmax=185358.5 primes=150 surv=13 exact=11 badbase=0 hits7=[(9, False), (9, False), (9, False), (9, False), (9, False), (9, False), (9, False), (9, False), (9, False), (9, False), (9, False)] exc=0 t_gens=0s t=4s
  TR/D: rank[3,3] gens=3 src=pari sat=1 tors=4 states=400000 hmax=8640.3 primes=150 surv=13 exact=11 badbase=0 hits7=[(9, False), (9, False), (9, False), (9, False), (9, False), (9, False), (9, False), (9, False), (9, False), (9, False), (9, False)] exc=0 t_gens=1s t=4s
(2993,2177) C0=6848689 □ K=50000
  TL/BR: rank[1,1] gens=1 src=pari sat=1 tors=8 states=800000 hmax=19758835571.6 primes=150 surv=9 exact=7 badbase=0 hits7=[(9, False), (9, False), (9, False), (9, False), (9, False), (9, False), (9, False)] exc=0 t_gens=0s t=4s
  TL/D: rank[3,3] gens=3 src=pari sat=1 tors=4 states=400000 hmax=8277.6 primes=150 surv=13 exact=11 badbase=0 hits7=[(9, False), (9, False), (9, False), (9, False), (9, False), (9, False), (9, False), (9, False), (9, False), (9, False), (9, False)] exc=0 t_gens=0s t=5s
  BR/D: rank[2,2] gens=2 src=pari sat=1 tors=4 states=400000 hmax=188241.2 primes=150 surv=13 exact=11 badbase=0 hits7=[(9, False), (9, False), (9, False), (9, False), (9, False), (9, False), (9, False), (9, False), (9, False), (9, False), (9, False)] exc=0 t_gens=0s t=4s
  BL/TR: rank[2,2] gens=2 src=pari sat=1 tors=8 states=800000 hmax=406661.5 primes=150 surv=9 exact=7 badbase=0 hits7=[(9, False), (9, False), (9, False), (9, False), (9, False), (9, False), (9, False)] exc=0 t_gens=0s t=5s
  BL/D: rank[2,2] gens=2 src=pari sat=1 tors=4 states=400000 hmax=188241.2 primes=150 surv=13 exact=11 badbase=0 hits7=[(9, False), (9, False), (9, False), (9, False), (9, False), (9, False), (9, False), (9, False), (9, False), (9, False), (9, False)] exc=0 t_gens=0s t=4s
  TR/D: rank[3,3] gens=3 src=pari sat=1 tors=4 states=400000 hmax=8277.6 primes=150 surv=13 exact=11 badbase=0 hits7=[(9, False), (9, False), (9, False), (9, False), (9, False), (9, False), (9, False), (9, False), (9, False), (9, False), (9, False)] exc=0 t_gens=1s t=4s
(2993,1999) C0=6477025 □ K=50000
  TL/BR: rank[1,1] gens=1 src=pari sat=1 tors=8 states=800000 hmax=19705609210.2 primes=150 surv=9 exact=7 badbase=0 hits7=[(9, False), (9, False), (9, False), (9, False), (9, False), (9, False), (9, False)] exc=0 t_gens=0s t=5s
  TL/D: rank[4,4] gens=4 src=pari sat=1 tors=4 states=400000 hmax=1275.1 primes=150 surv=13 exact=11 badbase=0 hits7=[(9, False), (9, False), (9, False), (9, False), (9, False), (9, False), (9, False), (9, False), (9, False), (9, False), (9, False)] exc=0 t_gens=0s t=4s
  BR/D: rank[3,3] gens=3 src=pari sat=1 tors=4 states=400000 hmax=4754.5 primes=150 surv=13 exact=11 badbase=0 hits7=[(9, False), (9, False), (9, False), (9, False), (9, False), (9, False), (9, False), (9, False), (9, False), (9, False), (9, False)] exc=0 t_gens=0s t=6s
  BL/TR: rank[2,2] gens=2 src=pari sat=1 tors=8 states=800000 hmax=537439.2 primes=150 surv=9 exact=7 badbase=0 hits7=[(9, False), (9, False), (9, False), (9, False), (9, False), (9, False), (9, False)] exc=0 t_gens=0s t=6s
  BL/D: rank[3,3] gens=3 src=pari sat=1 tors=4 states=400000 hmax=4754.5 primes=150 surv=13 exact=11 badbase=0 hits7=[(9, False), (9, False), (9, False), (9, False), (9, False), (9, False), (9, False), (9, False), (9, False), (9, False), (9, False)] exc=0 t_gens=0s t=6s
  TR/D: rank[4,4] gens=4 src=pari sat=1 tors=4 states=400000 hmax=1275.1 primes=150 surv=13 exact=11 badbase=0 hits7=[(9, False), (9, False), (9, False), (9, False), (9, False), (9, False), (9, False), (9, False), (9, False), (9, False), (9, False)] exc=0 t_gens=0s t=4s
(2999,193) C0=4515625 □ K=50000
  TL/BR: rank[1,1] gens=1 src=pari sat=1 tors=8 states=800000 hmax=19149864844.7 primes=150 surv=9 exact=7 badbase=0 hits7=[(9, False), (9, False), (9, False), (9, False), (9, False), (9, False), (9, False)] exc=0 t_gens=0s t=6s
  TL/D: rank[3,3] gens=3 src=pari sat=1 tors=4 states=400000 hmax=5264.8 primes=150 surv=13 exact=11 badbase=0 hits7=[(9, False), (9, False), (9, False), (9, False), (9, False), (9, False), (9, False), (9, False), (9, False), (9, False), (9, False)] exc=0 t_gens=1s t=6s
  BR/D: rank[3,3] gens=3 src=pari sat=1 tors=4 states=400000 hmax=9523.6 primes=150 surv=13 exact=11 badbase=0 hits7=[(9, False), (9, False), (9, False), (9, False), (9, False), (9, False), (9, False), (9, False), (9, False), (9, False), (9, False)] exc=0 t_gens=0s t=6s
  BL/TR: rank[1,1] gens=1 src=pari sat=1 tors=8 states=800000 hmax=18725300855.5 primes=150 surv=9 exact=7 badbase=0 hits7=[(9, False), (9, False), (9, False), (9, False), (9, False), (9, False), (9, False)] exc=0 t_gens=0s t=6s
  BL/D: rank[3,3] gens=3 src=pari sat=1 tors=4 states=400000 hmax=9523.6 primes=150 surv=13 exact=11 badbase=0 hits7=[(9, False), (9, False), (9, False), (9, False), (9, False), (9, False), (9, False), (9, False), (9, False), (9, False), (9, False)] exc=0 t_gens=0s t=6s
  TR/D: rank[3,3] gens=3 src=pari sat=1 tors=4 states=400000 hmax=5264.8 primes=150 surv=13 exact=11 badbase=0 hits7=[(9, False), (9, False), (9, False), (9, False), (9, False), (9, False), (9, False), (9, False), (9, False), (9, False), (9, False)] exc=0 t_gens=1s t=6s
(3001,607) C0=4687225 □ K=50000
  TL/BR: rank[2,2] gens=1 INCOMPLETE src=pari+mwrank sat=1 tors=8 states=800000 hmax=19306997474.2 primes=150 surv=9 exact=7 badbase=0 hits7=[(9, False), (9, False), (9, False), (9, False), (9, False), (9, False), (9, False)] exc=0 t_gens=9s t=13s
  TL/D: rank[3,3] gens=3 src=pari sat=1 tors=4 states=400000 hmax=5878.9 primes=150 surv=13 exact=11 badbase=0 hits7=[(9, False), (9, False), (9, False), (9, False), (9, False), (9, False), (9, False), (9, False), (9, False), (9, False), (9, False)] exc=0 t_gens=0s t=4s
  BR/D: rank[2,2] gens=2 src=pari sat=1 tors=4 states=400000 hmax=183993.4 primes=150 surv=13 exact=11 badbase=0 hits7=[(9, False), (9, False), (9, False), (9, False), (9, False), (9, False), (9, False), (9, False), (9, False), (9, False), (9, False)] exc=0 t_gens=0s t=4s
  BL/TR: rank[1,1] gens=1 src=pari sat=1 tors=8 states=800000 hmax=18811096802.7 primes=150 surv=9 exact=7 badbase=0 hits7=[(9, False), (9, False), (9, False), (9, False), (9, False), (9, False), (9, False)] exc=0 t_gens=0s t=5s
  BL/D: rank[2,2] gens=2 src=pari sat=1 tors=4 states=400000 hmax=183993.4 primes=150 surv=13 exact=11 badbase=0 hits7=[(9, False), (9, False), (9, False), (9, False), (9, False), (9, False), (9, False), (9, False), (9, False), (9, False), (9, False)] exc=0 t_gens=0s t=4s
  TR/D: rank[3,3] gens=3 src=pari sat=1 tors=4 states=400000 hmax=5878.9 primes=150 surv=13 exact=11 badbase=0 hits7=[(9, False), (9, False), (9, False), (9, False), (9, False), (9, False), (9, False), (9, False), (9, False), (9, False), (9, False)] exc=0 t_gens=0s t=4s
(3007,983) C0=5004169 □ K=50000
  TL/BR: rank[1,1] gens=1 src=pari sat=1 tors=8 states=800000 hmax=19422779798.9 primes=150 surv=9 exact=7 badbase=0 hits7=[(9, False), (9, False), (9, False), (9, False), (9, False), (9, False), (9, False)] exc=0 t_gens=0s t=5s
  TL/D: rank[3,3] gens=3 src=pari sat=1 tors=4 states=400000 hmax=6889.6 primes=150 surv=13 exact=11 badbase=0 hits7=[(9, False), (9, False), (9, False), (9, False), (9, False), (9, False), (9, False), (9, False), (9, False), (9, False), (9, False)] exc=0 t_gens=0s t=4s
  BR/D: rank[2,2] gens=2 src=pari sat=1 tors=4 states=400000 hmax=184705.2 primes=150 surv=13 exact=11 badbase=0 hits7=[(9, False), (9, False), (9, False), (9, False), (9, False), (9, False), (9, False), (9, False), (9, False), (9, False), (9, False)] exc=0 t_gens=0s t=3s
  BL/TR: rank[2,2] gens=2 src=pari sat=1 tors=8 states=800000 hmax=353535.3 primes=150 surv=9 exact=7 badbase=0 hits7=[(9, False), (9, False), (9, False), (9, False), (9, False), (9, False), (9, False)] exc=0 t_gens=0s t=5s
  BL/D: rank[2,2] gens=2 src=pari sat=1 tors=4 states=400000 hmax=184705.2 primes=150 surv=13 exact=11 badbase=0 hits7=[(9, False), (9, False), (9, False), (9, False), (9, False), (9, False), (9, False), (9, False), (9, False), (9, False), (9, False)] exc=0 t_gens=0s t=3s
  TR/D: rank[3,3] gens=3 src=pari sat=1 tors=4 states=400000 hmax=6889.6 primes=150 surv=13 exact=11 badbase=0 hits7=[(9, False), (9, False), (9, False), (9, False), (9, False), (9, False), (9, False), (9, False), (9, False), (9, False), (9, False)] exc=0 t_gens=0s t=4s
(2897,1393) C0=5166529 □ K=50000
  TL/BR: rank[3,3] gens=3 src=pari sat=1 tors=8 states=800000 hmax=13430.9 primes=150 surv=9 exact=7 badbase=0 hits7=[(9, False), (9, False), (9, False), (9, False), (9, False), (9, False), (9, False)] exc=0 t_gens=0s t=8s
  TL/D: rank[2,2] gens=2 src=pari+mwrank sat=1 tors=4 states=400000 hmax=184847.5 primes=150 surv=13 exact=11 badbase=0 hits7=[(9, False), (9, False), (9, False), (9, False), (9, False), (9, False), (9, False), (9, False), (9, False), (9, False), (9, False)] exc=0 t_gens=92s t=96s
  BR/D: rank[3,3] gens=2 INCOMPLETE src=pari+mwrank sat=1 tors=4 states=400000 hmax=185055.6 primes=150 surv=13 exact=11 badbase=0 hits7=[(9, False), (9, False), (9, False), (9, False), (9, False), (9, False), (9, False), (9, False), (9, False), (9, False), (9, False)] exc=0 t_gens=27s t=30s
  BL/TR: rank[2,2] gens=1 INCOMPLETE src=pari+mwrank sat=1 tors=8 states=800000 hmax=19081715510.3 primes=150 surv=9 exact=7 badbase=0 hits7=[(9, False), (9, False), (9, False), (9, False), (9, False), (9, False), (9, False)] exc=0 t_gens=6s t=10s
  BL/D: rank[3,3] gens=2 INCOMPLETE src=pari+mwrank sat=1 tors=4 states=400000 hmax=185055.6 primes=150 surv=13 exact=11 badbase=0 hits7=[(9, False), (9, False), (9, False), (9, False), (9, False), (9, False), (9, False), (9, False), (9, False), (9, False), (9, False)] exc=0 t_gens=24s t=27s
  TR/D: rank[2,2] gens=2 src=pari+mwrank sat=1 tors=4 states=400000 hmax=184847.5 primes=150 surv=13 exact=11 badbase=0 hits7=[(9, False), (9, False), (9, False), (9, False), (9, False), (9, False), (9, False), (9, False), (9, False), (9, False), (9, False)] exc=0 t_gens=94s t=99s
(3007,2383) C0=7360369 □ K=50000
  TL/BR: rank[2,2] gens=1 INCOMPLETE src=pari+mwrank sat=1 tors=8 states=800000 hmax=19829526286.0 primes=150 surv=9 exact=7 badbase=0 hits7=[(9, False), (9, False), (9, False), (9, False), (9, False), (9, False), (9, False)] exc=0 t_gens=8s t=13s
  TL/D: rank[1,3] gens=2 INCOMPLETE src=pari+mwrank sat=1 tors=4 states=400000 hmax=188952.9 primes=150 surv=13 exact=11 badbase=0 hits7=[(9, False), (9, False), (9, False), (9, False), (9, False), (9, False), (9, False), (9, False), (9, False), (9, False), (9, False)] exc=0 t_gens=26s t=30s
  BR/D: rank[4,4] gens=4 src=pari sat=3 tors=4 states=400000 hmax=864.2 primes=150 surv=13 exact=11 badbase=0 hits7=[(9, False), (9, False), (9, False), (9, False), (9, False), (9, False), (9, False), (9, False), (9, False), (9, False), (9, False)] exc=0 t_gens=1s t=4s
  BL/TR: rank[1,1] gens=1 src=pari sat=1 tors=8 states=800000 hmax=19687090820.9 primes=150 surv=9 exact=7 badbase=0 hits7=[(9, False), (9, False), (9, False), (9, False), (9, False), (9, False), (9, False)] exc=0 t_gens=0s t=4s
  BL/D: rank[4,4] gens=4 src=pari sat=3 tors=4 states=400000 hmax=864.2 primes=150 surv=13 exact=11 badbase=0 hits7=[(9, False), (9, False), (9, False), (9, False), (9, False), (9, False), (9, False), (9, False), (9, False), (9, False), (9, False)] exc=0 t_gens=1s t=5s
  TR/D: rank[1,3] gens=2 INCOMPLETE src=pari+mwrank sat=1 tors=4 states=400000 hmax=188952.9 primes=150 surv=13 exact=11 badbase=0 hits7=[(9, False), (9, False), (9, False), (9, False), (9, False), (9, False), (9, False), (9, False), (9, False), (9, False), (9, False)] exc=0 t_gens=24s t=28s
(3017,2593) C0=7912969 □ K=50000
  TL/BR: rank[2,2] gens=2 src=pari sat=1 tors=8 states=800000 hmax=274448.5 primes=150 surv=9 exact=7 badbase=0 hits7=[(9, False), (9, False), (9, False), (9, False), (9, False), (9, False), (9, False)] exc=0 t_gens=0s t=6s
  TL/D: rank[2,2] gens=2 src=pari sat=1 tors=4 states=400000 hmax=189789.7 primes=150 surv=13 exact=11 badbase=0 hits7=[(9, False), (9, False), (9, False), (9, False), (9, False), (9, False), (9, False), (9, False), (9, False), (9, False), (9, False)] exc=0 t_gens=0s t=3s
  BR/D: rank[3,3] gens=3 src=pari sat=5 tors=4 states=400000 hmax=5362.6 primes=150 surv=13 exact=11 badbase=0 hits7=[(9, False), (9, False), (9, False), (9, False), (9, False), (9, False), (9, False), (9, False), (9, False), (9, False), (9, False)] exc=0 t_gens=1s t=4s
  BL/TR: rank[1,1] gens=1 src=pari sat=1 tors=8 states=800000 hmax=19805425203.3 primes=150 surv=9 exact=7 badbase=0 hits7=[(9, False), (9, False), (9, False), (9, False), (9, False), (9, False), (9, False)] exc=0 t_gens=0s t=4s
  BL/D: rank[3,3] gens=3 src=pari sat=5 tors=4 states=400000 hmax=5362.6 primes=150 surv=13 exact=11 badbase=0 hits7=[(9, False), (9, False), (9, False), (9, False), (9, False), (9, False), (9, False), (9, False), (9, False), (9, False), (9, False)] exc=0 t_gens=1s t=6s
  TR/D: rank[2,2] gens=2 src=pari sat=1 tors=4 states=400000 hmax=189789.7 primes=150 surv=13 exact=11 badbase=0 hits7=[(9, False), (9, False), (9, False), (9, False), (9, False), (9, False), (9, False), (9, False), (9, False), (9, False), (9, False)] exc=0 t_gens=0s t=5s
(3017,2287) C0=7166329 □ K=50000
  TL/BR: rank[0,2] gens=1 INCOMPLETE src=pari+mwrank sat=1 tors=8 states=800000 hmax=19806511959.6 primes=150 surv=9 exact=7 badbase=0 hits7=[(9, False), (9, False), (9, False), (9, False), (9, False), (9, False), (9, False)] exc=0 t_gens=16s t=22s
  TL/D: rank[4,4] gens=4 src=pari+mwrank sat=1 tors=4 states=400000 hmax=1508.3 primes=150 surv=13 exact=11 badbase=0 hits7=[(9, False), (9, False), (9, False), (9, False), (9, False), (9, False), (9, False), (9, False), (9, False), (9, False), (9, False)] exc=0 t_gens=3s t=8s
  BR/D: rank[1,3] gens=2 INCOMPLETE src=pari+mwrank sat=1 tors=4 states=400000 hmax=188728.0 primes=150 surv=13 exact=11 badbase=0 hits7=[(9, False), (9, False), (9, False), (9, False), (9, False), (9, False), (9, False), (9, False), (9, False), (9, False), (9, False)] exc=0 t_gens=29s t=33s
  BL/TR: rank[3,3] gens=3 src=pari sat=1 tors=8 states=800000 hmax=9967.6 primes=150 surv=9 exact=7 badbase=0 hits7=[(9, False), (9, False), (9, False), (9, False), (9, False), (9, False), (9, False)] exc=0 t_gens=0s t=5s
  BL/D: rank[1,3] gens=2 INCOMPLETE src=pari+mwrank sat=1 tors=4 states=400000 hmax=188728.0 primes=150 surv=13 exact=11 badbase=0 hits7=[(9, False), (9, False), (9, False), (9, False), (9, False), (9, False), (9, False), (9, False), (9, False), (9, False), (9, False)] exc=0 t_gens=26s t=29s
  TR/D: rank[4,4] gens=4 src=pari+mwrank sat=1 tors=4 states=400000 hmax=1508.3 primes=150 surv=13 exact=11 badbase=0 hits7=[(9, False), (9, False), (9, False), (9, False), (9, False), (9, False), (9, False), (9, False), (9, False), (9, False), (9, False)] exc=0 t_gens=3s t=9s
(3031,1289) C0=5424241 □ K=50000
  TL/BR: rank[2,2] gens=2 src=pari sat=1 tors=8 states=800000 hmax=540357.5 primes=150 surv=9 exact=7 badbase=0 hits7=[(9, False), (9, False), (9, False), (9, False), (9, False), (9, False), (9, False)] exc=0 t_gens=1s t=10s
  TL/D: rank[3,3] gens=3 src=pari sat=1 tors=4 states=400000 hmax=5888.7 primes=150 surv=13 exact=11 badbase=0 hits7=[(9, False), (9, False), (9, False), (9, False), (9, False), (9, False), (9, False), (9, False), (9, False), (9, False), (9, False)] exc=0 t_gens=0s t=5s
  BR/D: rank[2,2] gens=2 src=pari sat=1 tors=4 states=400000 hmax=185615.6 primes=150 surv=13 exact=11 badbase=0 hits7=[(9, False), (9, False), (9, False), (9, False), (9, False), (9, False), (9, False), (9, False), (9, False), (9, False), (9, False)] exc=0 t_gens=2s t=6s
  BL/TR: rank[1,1] gens=1 src=pari+mwrank sat=1 tors=8 states=800000 hmax=19110042944.2 primes=150 surv=9 exact=7 badbase=0 hits7=[(9, False), (9, False), (9, False), (9, False), (9, False), (9, False), (9, False)] exc=0 t_gens=57s t=62s
  BL/D: rank[2,2] gens=2 src=pari sat=1 tors=4 states=400000 hmax=185615.6 primes=150 surv=13 exact=11 badbase=0 hits7=[(9, False), (9, False), (9, False), (9, False), (9, False), (9, False), (9, False), (9, False), (9, False), (9, False), (9, False)] exc=0 t_gens=0s t=5s
  TR/D: rank[3,3] gens=3 src=pari sat=1 tors=4 states=400000 hmax=5888.7 primes=150 surv=13 exact=11 badbase=0 hits7=[(9, False), (9, False), (9, False), (9, False), (9, False), (9, False), (9, False), (9, False), (9, False), (9, False), (9, False)] exc=0 t_gens=0s t=6s
(3023,2807) C0=8508889 □ K=50000
  TL/BR: rank[1,1] gens=1 src=pari sat=1 tors=8 states=800000 hmax=19968250319.8 primes=150 surv=9 exact=7 badbase=0 hits7=[(9, False), (9, False), (9, False), (9, False), (9, False), (9, False), (9, False)] exc=0 t_gens=0s t=6s
  TL/D: rank[4,4] gens=4 src=pari sat=1 tors=4 states=400000 hmax=1065.2 primes=150 surv=13 exact=11 badbase=0 hits7=[(9, False), (9, False), (9, False), (9, False), (9, False), (9, False), (9, False), (9, False), (9, False), (9, False), (9, False)] exc=0 t_gens=1s t=5s
  BR/D: rank[2,4] gens=2 INCOMPLETE src=pari+mwrank sat=2 tors=4 states=400000 hmax=190615.9 primes=150 surv=13 exact=11 badbase=0 hits7=[(9, False), (9, False), (9, False), (9, False), (9, False), (9, False), (9, False), (9, False), (9, False), (9, False), (9, False)] exc=0 t_gens=97s t=101s
  BL/TR: rank[1,3] gens=1 INCOMPLETE src=pari+mwrank sat=1 tors=8 states=800000 hmax=19922013369.9 primes=150 surv=9 exact=7 badbase=0 hits7=[(9, False), (9, False), (9, False), (9, False), (9, False), (9, False), (9, False)] exc=0 t_gens=23s t=27s
  BL/D: rank[2,4] gens=2 INCOMPLETE src=pari+mwrank sat=2 tors=4 states=400000 hmax=190615.9 primes=150 surv=13 exact=11 badbase=0 hits7=[(9, False), (9, False), (9, False), (9, False), (9, False), (9, False), (9, False), (9, False), (9, False), (9, False), (9, False)] exc=0 t_gens=0s t=4s
  TR/D: rank[4,4] gens=4 src=pari sat=1 tors=4 states=400000 hmax=1065.2 primes=150 surv=13 exact=11 badbase=0 hits7=[(9, False), (9, False), (9, False), (9, False), (9, False), (9, False), (9, False), (9, False), (9, False), (9, False), (9, False)] exc=0 t_gens=1s t=7s
(3031,391) C0=4669921 □ K=50000
  TL/BR: rank[1,1] gens=1 src=pari sat=1 tors=8 states=800000 hmax=19258211313.0 primes=150 surv=9 exact=7 badbase=0 hits7=[(9, False), (9, False), (9, False), (9, False), (9, False), (9, False), (9, False)] exc=0 t_gens=0s t=5s
  TL/D: rank[4,4] gens=4 src=pari sat=1 tors=4 states=400000 hmax=802.9 primes=150 surv=13 exact=11 badbase=0 hits7=[(9, False), (9, False), (9, False), (9, False), (9, False), (9, False), (9, False), (9, False), (9, False), (9, False), (9, False)] exc=0 t_gens=1s t=5s
  BR/D: rank[2,4] gens=2 INCOMPLETE src=pari+mwrank sat=2 tors=4 states=400000 hmax=183946.9 primes=150 surv=13 exact=11 badbase=0 hits7=[(9, False), (9, False), (9, False), (9, False), (9, False), (9, False), (9, False), (9, False), (9, False), (9, False), (9, False)] exc=0 t_gens=92s t=96s
  BL/TR: rank[1,1] gens=1 src=pari sat=1 tors=8 states=800000 hmax=18781118035.5 primes=150 surv=9 exact=7 badbase=0 hits7=[(9, False), (9, False), (9, False), (9, False), (9, False), (9, False), (9, False)] exc=0 t_gens=0s t=4s
  BL/D: rank[2,4] gens=2 INCOMPLETE src=pari+mwrank sat=2 tors=4 states=400000 hmax=183946.9 primes=150 surv=13 exact=11 badbase=0 hits7=[(9, False), (9, False), (9, False), (9, False), (9, False), (9, False), (9, False), (9, False), (9, False), (9, False), (9, False)] exc=0 t_gens=91s t=95s
  TR/D: rank[4,4] gens=4 src=pari sat=1 tors=4 states=400000 hmax=802.9 primes=150 surv=13 exact=11 badbase=0 hits7=[(9, False), (9, False), (9, False), (9, False), (9, False), (9, False), (9, False), (9, False), (9, False), (9, False), (9, False)] exc=0 t_gens=1s t=5s
(3049,1169) C0=5331481 □ K=50000
  TL/BR: rank[2,2] gens=1 INCOMPLETE src=pari+mwrank sat=1 tors=8 states=800000 hmax=19505750213.1 primes=150 surv=9 exact=7 badbase=0 hits7=[(9, False), (9, False), (9, False), (9, False), (9, False), (9, False), (9, False)] exc=0 t_gens=21s t=26s
  TL/D: rank[3,3] gens=3 src=pari sat=1 tors=4 states=400000 hmax=7291.1 primes=150 surv=13 exact=11 badbase=0 hits7=[(9, False), (9, False), (9, False), (9, False), (9, False), (9, False), (9, False), (9, False), (9, False), (9, False), (9, False)] exc=0 t_gens=1s t=5s
  BR/D: rank[1,3] gens=2 INCOMPLETE src=pari+mwrank sat=2 tors=4 states=400000 hmax=185427.0 primes=150 surv=13 exact=11 badbase=0 hits7=[(9, False), (9, False), (9, False), (9, False), (9, False), (9, False), (9, False), (9, False), (9, False), (9, False), (9, False)] exc=0 t_gens=27s t=32s
  BL/TR: rank[2,2] gens=2 src=pari sat=1 tors=8 states=800000 hmax=603401.8 primes=150 surv=9 exact=7 badbase=0 hits7=[(9, False), (9, False), (9, False), (9, False), (9, False), (9, False), (9, False)] exc=0 t_gens=0s t=7s
  BL/D: rank[1,3] gens=2 INCOMPLETE src=pari+mwrank sat=2 tors=4 states=400000 hmax=185427.0 primes=150 surv=13 exact=11 badbase=0 hits7=[(9, False), (9, False), (9, False), (9, False), (9, False), (9, False), (9, False), (9, False), (9, False), (9, False), (9, False)] exc=0 t_gens=0s t=4s
  TR/D: rank[3,3] gens=3 src=pari sat=1 tors=4 states=400000 hmax=7291.1 primes=150 surv=13 exact=11 badbase=0 hits7=[(9, False), (9, False), (9, False), (9, False), (9, False), (9, False), (9, False), (9, False), (9, False), (9, False), (9, False)] exc=0 t_gens=1s t=5s
(3073,23) C0=4721929 □ K=50000
  TL/BR: rank[1,1] gens=1 src=pari sat=1 tors=8 states=800000 hmax=19069394891.7 primes=150 surv=9 exact=7 badbase=0 hits7=[(9, False), (9, False), (9, False), (9, False), (9, False), (9, False), (9, False)] exc=0 t_gens=1s t=6s
  TL/D: rank[2,2] gens=2 src=pari sat=1 tors=4 states=400000 hmax=182167.3 primes=150 surv=13 exact=11 badbase=0 hits7=[(9, False), (9, False), (9, False), (9, False), (9, False), (9, False), (9, False), (9, False), (9, False), (9, False), (9, False)] exc=0 t_gens=0s t=4s
  BR/D: rank[4,4] gens=4 src=pari sat=1 tors=4 states=400000 hmax=788.5 primes=150 surv=13 exact=11 badbase=0 hits7=[(9, False), (9, False), (9, False), (9, False), (9, False), (9, False), (9, False), (9, False), (9, False), (9, False), (9, False)] exc=0 t_gens=0s t=6s
  BL/TR: rank[1,1] gens=1 src=pari sat=1 tors=8 states=800000 hmax=18776506950.6 primes=150 surv=9 exact=7 badbase=0 hits7=[(9, False), (9, False), (9, False), (9, False), (9, False), (9, False), (9, False)] exc=0 t_gens=0s t=6s
  BL/D: rank[4,4] gens=4 src=pari sat=1 tors=4 states=400000 hmax=788.5 primes=150 surv=13 exact=11 badbase=0 hits7=[(9, False), (9, False), (9, False), (9, False), (9, False), (9, False), (9, False), (9, False), (9, False), (9, False), (9, False)] exc=0 t_gens=1s t=6s
  TR/D: rank[2,2] gens=2 src=pari sat=1 tors=4 states=400000 hmax=182167.3 primes=150 surv=13 exact=11 badbase=0 hits7=[(9, False), (9, False), (9, False), (9, False), (9, False), (9, False), (9, False), (9, False), (9, False), (9, False), (9, False)] exc=0 t_gens=1s t=7s
(3073,863) C0=5094049 □ K=50000
  TL/BR: rank[2,2] gens=2 src=pari sat=1 tors=8 states=800000 hmax=209721.5 primes=150 surv=9 exact=7 badbase=0 hits7=[(9, False), (9, False), (9, False), (9, False), (9, False), (9, False), (9, False)] exc=0 t_gens=0s t=6s
  TL/D: rank[3,3] gens=3 src=pari+mwrank sat=2 tors=4 states=400000 hmax=9353.5 primes=150 surv=13 exact=11 badbase=0 hits7=[(9, False), (9, False), (9, False), (9, False), (9, False), (9, False), (9, False), (9, False), (9, False), (9, False), (9, False)] exc=0 t_gens=6s t=11s
  BR/D: rank[2,2] gens=2 src=pari sat=1 tors=4 states=400000 hmax=184928.1 primes=150 surv=13 exact=11 badbase=0 hits7=[(9, False), (9, False), (9, False), (9, False), (9, False), (9, False), (9, False), (9, False), (9, False), (9, False), (9, False)] exc=0 t_gens=0s t=5s
  BL/TR: rank[1,1] gens=1 src=pari sat=1 tors=8 states=800000 hmax=18951290785.8 primes=150 surv=9 exact=7 badbase=0 hits7=[(9, False), (9, False), (9, False), (9, False), (9, False), (9, False), (9, False)] exc=0 t_gens=0s t=4s
  BL/D: rank[2,2] gens=2 src=pari sat=1 tors=4 states=400000 hmax=184928.1 primes=150 surv=13 exact=11 badbase=0 hits7=[(9, False), (9, False), (9, False), (9, False), (9, False), (9, False), (9, False), (9, False), (9, False), (9, False), (9, False)] exc=0 t_gens=0s t=5s
  TR/D: rank[3,3] gens=3 src=pari+mwrank sat=2 tors=4 states=400000 hmax=9353.5 primes=150 surv=13 exact=11 badbase=0 hits7=[(9, False), (9, False), (9, False), (9, False), (9, False), (9, False), (9, False), (9, False), (9, False), (9, False), (9, False)] exc=0 t_gens=1s t=7s
(3089,569) C0=4932841 □ K=50000
  TL/BR: rank[2,2] gens=2 src=pari sat=1 tors=8 states=800000 hmax=606927.8 primes=150 surv=9 exact=7 badbase=0 hits7=[(9, False), (9, False), (9, False), (9, False), (9, False), (9, False), (9, False)] exc=0 t_gens=1s t=6s
  TL/D: rank[2,2] gens=2 src=pari+mwrank sat=1 tors=4 states=400000 hmax=183897.0 primes=150 surv=13 exact=11 badbase=0 hits7=[(9, False), (9, False), (9, False), (9, False), (9, False), (9, False), (9, False), (9, False), (9, False), (9, False), (9, False)] exc=0 t_gens=5s t=8s
  BR/D: rank[2,2] gens=2 src=pari sat=1 tors=4 states=400000 hmax=184565.7 primes=150 surv=13 exact=11 badbase=0 hits7=[(9, False), (9, False), (9, False), (9, False), (9, False), (9, False), (9, False), (9, False), (9, False), (9, False), (9, False)] exc=0 t_gens=1s t=5s
  BL/TR: rank[2,2] gens=1 INCOMPLETE src=pari+mwrank sat=1 tors=8 states=800000 hmax=18867837338.9 primes=150 surv=9 exact=7 badbase=0 hits7=[(9, False), (9, False), (9, False), (9, False), (9, False), (9, False), (9, False)] exc=0 t_gens=6s t=11s
  BL/D: rank[2,2] gens=2 src=pari sat=3 tors=4 states=400000 hmax=184565.7 primes=150 surv=13 exact=11 badbase=0 hits7=[(9, False), (9, False), (9, False), (9, False), (9, False), (9, False), (9, False), (9, False), (9, False), (9, False), (9, False)] exc=0 t_gens=0s t=5s
  TR/D: rank[2,2] gens=2 src=pari+mwrank sat=1 tors=4 states=400000 hmax=183897.0 primes=150 surv=13 exact=11 badbase=0 hits7=[(9, False), (9, False), (9, False), (9, False), (9, False), (9, False), (9, False), (9, False), (9, False), (9, False), (9, False)] exc=0 t_gens=1s t=6s
(3079,1561) C0=5958481 □ K=50000
  TL/BR: rank[1,1] gens=1 src=pari sat=1 tors=8 states=800000 hmax=19635776766.8 primes=150 surv=9 exact=7 badbase=0 hits7=[(9, False), (9, False), (9, False), (9, False), (9, False), (9, False), (9, False)] exc=0 t_gens=0s t=6s
  TL/D: rank[3,3] gens=3 src=pari sat=1 tors=4 states=400000 hmax=5350.3 primes=150 surv=13 exact=11 badbase=0 hits7=[(9, False), (9, False), (9, False), (9, False), (9, False), (9, False), (9, False), (9, False), (9, False), (9, False), (9, False)] exc=0 t_gens=0s t=4s
  BR/D: rank[1,3] gens=2 INCOMPLETE src=pari+mwrank sat=2 tors=4 states=400000 hmax=186656.5 primes=150 surv=13 exact=11 badbase=0 hits7=[(9, False), (9, False), (9, False), (9, False), (9, False), (9, False), (9, False), (9, False), (9, False), (9, False), (9, False)] exc=0 t_gens=32s t=36s
  BL/TR: rank[1,1] gens=1 src=pari sat=1 tors=8 states=800000 hmax=19275200285.4 primes=150 surv=9 exact=7 badbase=0 hits7=[(9, False), (9, False), (9, False), (9, False), (9, False), (9, False), (9, False)] exc=0 t_gens=0s t=5s
  BL/D: rank[1,3] gens=2 INCOMPLETE src=pari+mwrank sat=2 tors=4 states=400000 hmax=186656.5 primes=150 surv=13 exact=11 badbase=0 hits7=[(9, False), (9, False), (9, False), (9, False), (9, False), (9, False), (9, False), (9, False), (9, False), (9, False), (9, False)] exc=0 t_gens=27s t=32s
  TR/D: rank[3,3] gens=3 src=pari sat=1 tors=4 states=400000 hmax=5350.3 primes=150 surv=13 exact=11 badbase=0 hits7=[(9, False), (9, False), (9, False), (9, False), (9, False), (9, False), (9, False), (9, False), (9, False), (9, False), (9, False)] exc=0 t_gens=0s t=5s
(3119,1841) C0=6558721 □ K=50000
  TL/BR: rank[2,2] gens=2 src=pari sat=1 tors=8 states=800000 hmax=415400.2 primes=150 surv=9 exact=7 badbase=0 hits7=[(9, False), (9, False), (9, False), (9, False), (9, False), (9, False), (9, False)] exc=0 t_gens=0s t=8s
  TL/D: rank[2,2] gens=2 src=pari sat=1 tors=4 states=400000 hmax=187595.3 primes=150 surv=13 exact=11 badbase=0 hits7=[(9, False), (9, False), (9, False), (9, False), (9, False), (9, False), (9, False), (9, False), (9, False), (9, False), (9, False)] exc=0 t_gens=0s t=4s
  BR/D: rank[2,2] gens=2 src=pari+mwrank sat=1 tors=4 states=400000 hmax=187725.2 primes=150 surv=13 exact=11 badbase=0 hits7=[(9, False), (9, False), (9, False), (9, False), (9, False), (9, False), (9, False), (9, False), (9, False), (9, False), (9, False)] exc=0 t_gens=3s t=6s
  BL/TR: rank[2,2] gens=2 src=pari sat=1 tors=8 states=800000 hmax=263047.3 primes=150 surv=9 exact=7 badbase=0 hits7=[(9, False), (9, False), (9, False), (9, False), (9, False), (9, False), (9, False)] exc=0 t_gens=0s t=6s
  BL/D: rank[2,2] gens=2 src=pari+mwrank sat=1 tors=4 states=400000 hmax=187725.2 primes=150 surv=13 exact=11 badbase=0 hits7=[(9, False), (9, False), (9, False), (9, False), (9, False), (9, False), (9, False), (9, False), (9, False), (9, False), (9, False)] exc=0 t_gens=1s t=6s
  TR/D: rank[2,2] gens=2 src=pari sat=1 tors=4 states=400000 hmax=187595.3 primes=150 surv=13 exact=11 badbase=0 hits7=[(9, False), (9, False), (9, False), (9, False), (9, False), (9, False), (9, False), (9, False), (9, False), (9, False), (9, False)] exc=0 t_gens=0s t=4s
(3121,1553) C0=6076225 □ K=50000
  TL/BR: rank[1,1] gens=1 src=pari sat=1 tors=8 states=800000 hmax=19661580999.4 primes=150 surv=9 exact=7 badbase=0 hits7=[(9, False), (9, False), (9, False), (9, False), (9, False), (9, False), (9, False)] exc=0 t_gens=0s t=5s
  TL/D: rank[2,2] gens=2 src=pari sat=1 tors=4 states=400000 hmax=186682.8 primes=150 surv=13 exact=11 badbase=0 hits7=[(9, False), (9, False), (9, False), (9, False), (9, False), (9, False), (9, False), (9, False), (9, False), (9, False), (9, False)] exc=0 t_gens=0s t=5s
  BR/D: rank[4,4] gens=4 src=pari sat=1 tors=4 states=400000 hmax=942.7 primes=150 surv=13 exact=11 badbase=0 hits7=[(9, False), (9, False), (9, False), (9, False), (9, False), (9, False), (9, False), (9, False), (9, False), (9, False), (9, False)] exc=0 t_gens=1s t=4s
  BL/TR: rank[3,3] gens=3 src=pari sat=1 tors=8 states=800000 hmax=7067.1 primes=150 surv=9 exact=7 badbase=0 hits7=[(9, False), (9, False), (9, False), (9, False), (9, False), (9, False), (9, False)] exc=0 t_gens=1s t=6s
  BL/D: rank[4,4] gens=4 src=pari sat=1 tors=4 states=400000 hmax=942.7 primes=150 surv=13 exact=11 badbase=0 hits7=[(9, False), (9, False), (9, False), (9, False), (9, False), (9, False), (9, False), (9, False), (9, False), (9, False), (9, False)] exc=0 t_gens=0s t=4s
  TR/D: rank[2,2] gens=2 src=pari sat=1 tors=4 states=400000 hmax=186682.8 primes=150 surv=13 exact=11 badbase=0 hits7=[(9, False), (9, False), (9, False), (9, False), (9, False), (9, False), (9, False), (9, False), (9, False), (9, False), (9, False)] exc=0 t_gens=0s t=4s
(3143,151) C0=4950625 □ K=50000
  TL/BR: rank[2,2] gens=2 src=pari+mwrank sat=1 tors=8 states=800000 hmax=480425.6 primes=150 surv=9 exact=7 badbase=0 hits7=[(9, False), (9, False), (9, False), (9, False), (9, False), (9, False), (9, False)] exc=0 t_gens=3s t=10s
  TL/D: rank[3,3] gens=3 src=pari sat=1 tors=4 states=400000 hmax=8090.4 primes=150 surv=13 exact=11 badbase=0 hits7=[(9, False), (9, False), (9, False), (9, False), (9, False), (9, False), (9, False), (9, False), (9, False), (9, False), (9, False)] exc=0 t_gens=0s t=4s
  BR/D: rank[3,3] gens=3 src=pari sat=1 tors=4 states=400000 hmax=4985.0 primes=150 surv=13 exact=11 badbase=0 hits7=[(9, False), (9, False), (9, False), (9, False), (9, False), (9, False), (9, False), (9, False), (9, False), (9, False), (9, False)] exc=0 t_gens=1s t=5s
  BL/TR: rank[2,2] gens=2 src=pari sat=1 tors=8 states=800000 hmax=362923.0 primes=150 surv=9 exact=7 badbase=0 hits7=[(9, False), (9, False), (9, False), (9, False), (9, False), (9, False), (9, False)] exc=0 t_gens=0s t=6s
  BL/D: rank[3,3] gens=3 src=pari sat=1 tors=4 states=400000 hmax=4985.0 primes=150 surv=13 exact=11 badbase=0 hits7=[(9, False), (9, False), (9, False), (9, False), (9, False), (9, False), (9, False), (9, False), (9, False), (9, False), (9, False)] exc=0 t_gens=1s t=7s
  TR/D: rank[3,3] gens=3 src=pari sat=1 tors=4 states=400000 hmax=8090.4 primes=150 surv=13 exact=11 badbase=0 hits7=[(9, False), (9, False), (9, False), (9, False), (9, False), (9, False), (9, False), (9, False), (9, False), (9, False), (9, False)] exc=0 t_gens=1s t=6s
(3137,1127) C0=5555449 □ K=50000
  TL/BR: rank[2,2] gens=2 src=pari sat=1 tors=8 states=800000 hmax=281324.7 primes=150 surv=9 exact=7 badbase=0 hits7=[(9, False), (9, False), (9, False), (9, False), (9, False), (9, False), (9, False)] exc=0 t_gens=0s t=8s
  TL/D: rank[2,2] gens=2 src=pari sat=1 tors=4 states=400000 hmax=185567.1 primes=150 surv=13 exact=11 badbase=0 hits7=[(9, False), (9, False), (9, False), (9, False), (9, False), (9, False), (9, False), (9, False), (9, False), (9, False), (9, False)] exc=0 t_gens=0s t=5s
  BR/D: rank[3,3] gens=2 INCOMPLETE src=pari+mwrank sat=1 tors=4 states=400000 hmax=185898.8 primes=150 surv=13 exact=11 badbase=0 hits7=[(9, False), (9, False), (9, False), (9, False), (9, False), (9, False), (9, False), (9, False), (9, False), (9, False), (9, False)] exc=0 t_gens=33s t=38s
  BL/TR: rank[1,1] gens=1 src=pari sat=1 tors=8 states=800000 hmax=19101897219.1 primes=150 surv=9 exact=7 badbase=0 hits7=[(9, False), (9, False), (9, False), (9, False), (9, False), (9, False), (9, False)] exc=0 t_gens=0s t=6s
  BL/D: rank[3,3] gens=2 INCOMPLETE src=pari+mwrank sat=1 tors=4 states=400000 hmax=185898.8 primes=150 surv=13 exact=11 badbase=0 hits7=[(9, False), (9, False), (9, False), (9, False), (9, False), (9, False), (9, False), (9, False), (9, False), (9, False), (9, False)] exc=0 t_gens=0s t=5s
  TR/D: rank[2,2] gens=2 src=pari sat=1 tors=4 states=400000 hmax=185567.1 primes=150 surv=13 exact=11 badbase=0 hits7=[(9, False), (9, False), (9, False), (9, False), (9, False), (9, False), (9, False), (9, False), (9, False), (9, False), (9, False)] exc=0 t_gens=0s t=4s
