образующие (минимальные модели): [[139612548663099155740612/417526535983162489, 44620847143255204315137102374748000/269790171096210312507820237], [1970027777, -28966857829164]]
C: w^2 = x^6 - 406862*x^4 + 28590001873*x^2 - 30653297317764;  p = 13, n = 20
E1min (0, 1, 0, -26588893808, -1142199458420112) E2min (1, 0, 1, -16249442115380067051, 25205177711194954645282750498)
  q=2: N=10, K=7, |V_q|=2, стабильно при K+1: True, V_q=[0, 1]
  q=3: N=6, K=5, |V_q|=3, стабильно при K+1: True, V_q=[-2, -4/3, -1]
  q=5: N=6, K=4, |V_q|=1, стабильно при K+1: адаптивно, листьев 196, прямой перебор K+1 совпал: True, V_q=[0]
  q=7: N=2, K=2, |V_q|=1, стабильно при K+1: адаптивно, листьев 138, прямой перебор K+1 совпал: True, V_q=[0]
  q=11: N=4, K=3, |V_q|=2, стабильно при K+1: адаптивно, листьев 410, прямой перебор K+1 совпал: True, V_q=[-2, -1]
  q=41: N=2, K=2, |V_q|=1, стабильно при K+1: адаптивно, листьев 920, V_q=[0]
  q=53: N=6, K=4, |V_q|=1, стабильно при K+1: адаптивно, листьев 2548, V_q=[0]
  q=149: N=6, K=4, |V_q|=3, стабильно при K+1: адаптивно, листьев 7844, V_q=[-2, -4/3, -1]
  q=331: N=2, K=2, |V_q|=1, стабильно при K+1: адаптивно, листьев 7590, V_q=[0]
  q=563: N=4, K=3, |V_q|=2, стабильно при K+1: адаптивно, листьев 23042, V_q=[-2, -1]
  |Ω_direct| = 72 (произведение 72)
Ω_direct построено за 36.4 с; |Ω| = 72
время 39.0 с
рациональные точки, найденные QC: [(-298 : 0 : 1), (-33 : 0 : 1), (-563 : 0 : 1), (1 : -1 : 0), (1 : 1 : 0), (298 : 0 : 1), (33 : 0 : 1), (563 : 0 : 1)]
в терминах z: ['z=-1/298', 'z=-1/33', 'z=-1/563', 'z=0', 'z=1/298', 'z=1/33', 'z=1/563']
НОВЫЕ рациональные точки (не из известных восьми): []
нераспознанные p-адические точки: 1224
   (1 + 3*13 + 10*13^2 + 13^3 + 2*13^4 + 7*13^5 + 8*13^6 + 3*13^7 + 5*13^8 + 4*13^9 + 2*13^10 + 7*13^11 + 6*13^12 + 12*13^13 + 3*13^14 + 13^15 + O(13^16) : 4*13 + 3*13^2 + 5*13^3 + 3*13^4 + 12*13^5 + 3*13^6 + 3*13^7 + 5*13^8 + 3*13^9 + 11*13^10 + 9*13^11 + 6*13^13 + 13^14 + O(13^15) : 1 + O(13^20))
   (1 + 3*13 + 10*13^2 + 13^3 + 2*13^4 + 7*13^5 + 8*13^6 + 3*13^7 + 5*13^8 + 4*13^9 + 2*13^10 + 7*13^11 + 6*13^12 + 12*13^13 + 3*13^14 + 13^15 + O(13^16) : 9*13 + 9*13^2 + 7*13^3 + 9*13^4 + 9*13^6 + 9*13^7 + 7*13^8 + 9*13^9 + 13^10 + 3*13^11 + 12*13^12 + 6*13^13 + 11*13^14 + O(13^15) : 1 + O(13^20))
   (1 + 3*13 + 10*13^2 + 13^3 + 5*13^4 + 11*13^6 + 2*13^7 + 10*13^8 + 5*13^9 + 12*13^11 + 8*13^12 + 11*13^13 + 11*13^14 + 12*13^15 + O(13^16) : 4*13 + 3*13^2 + 12*13^3 + 6*13^4 + 6*13^6 + 6*13^7 + 8*13^8 + 2*13^9 + 7*13^10 + 5*13^11 + 5*13^12 + 10*13^13 + O(13^15) : 1 + O(13^20))
   (1 + 3*13 + 10*13^2 + 13^3 + 5*13^4 + 11*13^6 + 2*13^7 + 10*13^8 + 5*13^9 + 12*13^11 + 8*13^12 + 11*13^13 + 11*13^14 + 12*13^15 + O(13^16) : 9*13 + 9*13^2 + 6*13^4 + 12*13^5 + 6*13^6 + 6*13^7 + 4*13^8 + 10*13^9 + 5*13^10 + 7*13^11 + 7*13^12 + 2*13^13 + 12*13^14 + O(13^15) : 1 + O(13^20))
   (1 + 3*13 + 10*13^2 + 2*13^3 + 7*13^4 + 10*13^5 + 7*13^6 + 8*13^7 + 12*13^8 + 4*13^9 + 5*13^10 + 7*13^11 + 6*13^12 + 7*13^13 + 8*13^14 + 3*13^15 + O(13^16) : 4*13 + 13^2 + 2*13^3 + 10*13^4 + 4*13^5 + 10*13^6 + 9*13^7 + 4*13^8 + 9*13^9 + 12*13^10 + 10*13^11 + 5*13^12 + 13^13 + 4*13^14 + O(13^15) : 1 + O(13^20))
   (1 + 3*13 + 10*13^2 + 2*13^3 + 7*13^4 + 10*13^5 + 7*13^6 + 8*13^7 + 12*13^8 + 4*13^9 + 5*13^10 + 7*13^11 + 6*13^12 + 7*13^13 + 8*13^14 + 3*13^15 + O(13^16) : 9*13 + 11*13^2 + 10*13^3 + 2*13^4 + 8*13^5 + 2*13^6 + 3*13^7 + 8*13^8 + 3*13^9 + 2*13^11 + 7*13^12 + 11*13^13 + 8*13^14 + O(13^15) : 1 + O(13^20))
   (1 + 3*13 + 10*13^2 + 7*13^3 + 3*13^4 + 9*13^6 + 5*13^7 + 8*13^8 + 8*13^9 + 7*13^10 + 2*13^11 + 8*13^12 + 12*13^13 + 2*13^14 + 13^15 + O(13^16) : 4*13 + 4*13^2 + 3*13^3 + 4*13^4 + 12*13^6 + 9*13^7 + 2*13^8 + 13^9 + 12*13^10 + 11*13^11 + 4*13^12 + 5*13^13 + 10*13^14 + O(13^15) : 1 + O(13^20))
   (1 + 3*13 + 10*13^2 + 7*13^3 + 3*13^4 + 9*13^6 + 5*13^7 + 8*13^8 + 8*13^9 + 7*13^10 + 2*13^11 + 8*13^12 + 12*13^13 + 2*13^14 + 13^15 + O(13^16) : 9*13 + 8*13^2 + 9*13^3 + 8*13^4 + 12*13^5 + 3*13^7 + 10*13^8 + 11*13^9 + 13^11 + 8*13^12 + 7*13^13 + 2*13^14 + O(13^15) : 1 + O(13^20))
   (1 + 3*13 + 10*13^2 + 8*13^3 + 10*13^4 + 9*13^5 + 11*13^6 + 13^7 + 6*13^8 + 11*13^9 + 11*13^10 + 13^11 + 3*13^12 + 11*13^13 + 5*13^14 + 11*13^15 + O(13^16) : 4*13 + 2*13^2 + 3*13^3 + 12*13^4 + 11*13^5 + 12*13^6 + 8*13^7 + 12*13^8 + 9*13^9 + 3*13^10 + 12*13^11 + 10*13^12 + 6*13^13 + 2*13^14 + O(13^15) : 1 + O(13^20))
   (1 + 3*13 + 10*13^2 + 8*13^3 + 10*13^4 + 9*13^5 + 11*13^6 + 13^7 + 6*13^8 + 11*13^9 + 11*13^10 + 13^11 + 3*13^12 + 11*13^13 + 5*13^14 + 11*13^15 + O(13^16) : 9*13 + 10*13^2 + 9*13^3 + 13^5 + 4*13^7 + 3*13^9 + 9*13^10 + 2*13^12 + 6*13^13 + 10*13^14 + O(13^15) : 1 + O(13^20))
   (1 + 3*13 + 10*13^2 + 8*13^3 + 11*13^4 + 7*13^5 + 5*13^6 + 13^7 + 10*13^8 + 9*13^9 + 3*13^10 + 9*13^11 + 11*13^12 + 9*13^13 + 10*13^14 + 5*13^15 + O(13^16) : 4*13 + 2*13^2 + 13^3 + 10*13^4 + 10*13^5 + 7*13^6 + 12*13^7 + 8*13^8 + 2*13^9 + 6*13^10 + 5*13^11 + 12*13^12 + 7*13^13 + 3*13^14 + O(13^15) : 1 + O(13^20))
   (1 + 3*13 + 10*13^2 + 8*13^3 + 11*13^4 + 7*13^5 + 5*13^6 + 13^7 + 10*13^8 + 9*13^9 + 3*13^10 + 9*13^11 + 11*13^12 + 9*13^13 + 10*13^14 + 5*13^15 + O(13^16) : 9*13 + 10*13^2 + 11*13^3 + 2*13^4 + 2*13^5 + 5*13^6 + 4*13^8 + 10*13^9 + 6*13^10 + 7*13^11 + 5*13^13 + 9*13^14 + O(13^15) : 1 + O(13^20))
   (1 + 3*13 + 10*13^2 + 8*13^4 + 10*13^5 + 3*13^6 + 10*13^7 + 11*13^8 + 6*13^9 + 7*13^10 + 3*13^11 + 2*13^12 + 5*13^13 + 6*13^14 + 11*13^15 + O(13^16) : 4*13 + 5*13^2 + 11*13^3 + 12*13^4 + 12*13^5 + 12*13^6 + 5*13^7 + 4*13^8 + 13^9 + 4*13^10 + 7*13^11 + 8*13^12 + 4*13^13 + 2*13^14 + O(13^15) : 1 + O(13^20))
   (1 + 3*13 + 10*13^2 + 8*13^4 + 10*13^5 + 3*13^6 + 10*13^7 + 11*13^8 + 6*13^9 + 7*13^10 + 3*13^11 + 2*13^12 + 5*13^13 + 6*13^14 + 11*13^15 + O(13^16) : 9*13 + 7*13^2 + 13^3 + 7*13^7 + 8*13^8 + 11*13^9 + 8*13^10 + 5*13^11 + 4*13^12 + 8*13^13 + 10*13^14 + O(13^15) : 1 + O(13^20))
   (1 + 3*13 + 11*13^2 + 12*13^3 + 2*13^4 + 6*13^5 + 3*13^6 + 5*13^7 + 10*13^8 + 3*13^10 + 2*13^11 + 5*13^12 + 3*13^13 + 12*13^14 + 9*13^15 + 6*13^16 + O(13^17) : 11*13^2 + 13^3 + 3*13^4 + 6*13^5 + 5*13^6 + 6*13^8 + 4*13^9 + 9*13^11 + 12*13^12 + 10*13^13 + 13^14 + O(13^15) : 1 + O(13^20))
   (1 + 3*13 + 11*13^2 + 12*13^3 + 2*13^4 + 6*13^5 + 3*13^6 + 5*13^7 + 10*13^8 + 3*13^10 + 2*13^11 + 5*13^12 + 3*13^13 + 12*13^14 + 9*13^15 + 6*13^16 + O(13^17) : 2*13^2 + 11*13^3 + 9*13^4 + 6*13^5 + 7*13^6 + 12*13^7 + 6*13^8 + 8*13^9 + 12*13^10 + 3*13^11 + 2*13^13 + 11*13^14 + O(13^15) : 1 + O(13^20))
   (1 + 3*13 + 12*13^2 + 13^3 + 5*13^5 + 8*13^6 + 6*13^7 + 8*13^10 + 13^11 + 7*13^12 + 2*13^13 + 7*13^14 + 3*13^15 + O(13^16) : 6*13 + 13^2 + 2*13^3 + 13^4 + 13^5 + 2*13^7 + 11*13^8 + 12*13^9 + 11*13^10 + 5*13^11 + 6*13^12 + O(13^15) : 1 + O(13^20))
   (1 + 3*13 + 12*13^2 + 13^3 + 5*13^5 + 8*13^6 + 6*13^7 + 8*13^10 + 13^11 + 7*13^12 + 2*13^13 + 7*13^14 + 3*13^15 + O(13^16) : 7*13 + 11*13^2 + 10*13^3 + 11*13^4 + 11*13^5 + 12*13^6 + 10*13^7 + 13^8 + 13^10 + 7*13^11 + 6*13^12 + 12*13^13 + 12*13^14 + O(13^15) : 1 + O(13^20))
   (1 + 3*13 + 12*13^2 + 13^3 + 8*13^4 + 5*13^5 + 5*13^6 + 6*13^7 + 10*13^8 + 2*13^9 + 5*13^10 + 3*13^12 + 8*13^13 + 9*13^14 + O(13^16) : 6*13 + 13^2 + 11*13^4 + 10*13^5 + 10*13^6 + 9*13^7 + 3*13^8 + 13^9 + 2*13^10 + 3*13^12 + 10*13^13 + 12*13^14 + O(13^15) : 1 + O(13^20))
   (1 + 3*13 + 12*13^2 + 13^3 + 8*13^4 + 5*13^5 + 5*13^6 + 6*13^7 + 10*13^8 + 2*13^9 + 5*13^10 + 3*13^12 + 8*13^13 + 9*13^14 + O(13^16) : 7*13 + 11*13^2 + 12*13^3 + 13^4 + 2*13^5 + 2*13^6 + 3*13^7 + 9*13^8 + 11*13^9 + 10*13^10 + 12*13^11 + 9*13^12 + 2*13^13 + O(13^15) : 1 + O(13^20))
   (1 + 3*13 + 12*13^2 + 2*13^3 + 2*13^4 + 7*13^5 + 10*13^6 + 11*13^7 + 7*13^8 + 8*13^9 + 8*13^10 + 7*13^11 + 12*13^13 + 9*13^14 + 3*13^15 + O(13^16) : 6*13 + 4*13^2 + 5*13^3 + 8*13^4 + 11*13^5 + 4*13^6 + 5*13^7 + 10*13^8 + 10*13^9 + 5*13^10 + 8*13^11 + 12*13^12 + 7*13^13 + O(13^15) : 1 + O(13^20))
   (1 + 3*13 + 12*13^2 + 2*13^3 + 2*13^4 + 7*13^5 + 10*13^6 + 11*13^7 + 7*13^8 + 8*13^9 + 8*13^10 + 7*13^11 + 12*13^13 + 9*13^14 + 3*13^15 + O(13^16) : 7*13 + 8*13^2 + 7*13^3 + 4*13^4 + 13^5 + 8*13^6 + 7*13^7 + 2*13^8 + 2*13^9 + 7*13^10 + 4*13^11 + 5*13^13 + 12*13^14 + O(13^15) : 1 + O(13^20))
   (1 + 3*13 + 12*13^2 + 3*13^3 + 13^4 + 13^5 + 13^7 + 13^8 + 6*13^9 + 5*13^10 + 4*13^11 + 6*13^12 + 12*13^13 + 4*13^14 + 5*13^15 + O(13^16) : 6*13 + 7*13^2 + 4*13^3 + 5*13^4 + 8*13^5 + 6*13^6 + 11*13^7 + 9*13^8 + 3*13^9 + 9*13^10 + 3*13^11 + 6*13^12 + 3*13^13 + 6*13^14 + O(13^15) : 1 + O(13^20))
   (1 + 3*13 + 12*13^2 + 3*13^3 + 13^4 + 13^5 + 13^7 + 13^8 + 6*13^9 + 5*13^10 + 4*13^11 + 6*13^12 + 12*13^13 + 4*13^14 + 5*13^15 + O(13^16) : 7*13 + 5*13^2 + 8*13^3 + 7*13^4 + 4*13^5 + 6*13^6 + 13^7 + 3*13^8 + 9*13^9 + 3*13^10 + 9*13^11 + 6*13^12 + 9*13^13 + 6*13^14 + O(13^15) : 1 + O(13^20))
   (1 + 3*13 + 12*13^2 + 7*13^3 + 12*13^4 + 6*13^5 + 6*13^6 + 6*13^7 + 2*13^8 + 6*13^9 + 7*13^10 + 7*13^11 + 8*13^12 + 4*13^13 + 6*13^14 + 3*13^15 + O(13^16) : 6*13 + 6*13^2 + 5*13^3 + 13^5 + 3*13^6 + 10*13^7 + 4*13^8 + 4*13^9 + 2*13^10 + 2*13^11 + 2*13^12 + 13^13 + 13^14 + O(13^15) : 1 + O(13^20))
   (1 + 3*13 + 12*13^2 + 7*13^3 + 12*13^4 + 6*13^5 + 6*13^6 + 6*13^7 + 2*13^8 + 6*13^9 + 7*13^10 + 7*13^11 + 8*13^12 + 4*13^13 + 6*13^14 + 3*13^15 + O(13^16) : 7*13 + 6*13^2 + 7*13^3 + 12*13^4 + 11*13^5 + 9*13^6 + 2*13^7 + 8*13^8 + 8*13^9 + 10*13^10 + 10*13^11 + 10*13^12 + 11*13^13 + 11*13^14 + O(13^15) : 1 + O(13^20))
   (1 + 3*13 + 12*13^2 + 8*13^3 + 6*13^4 + 8*13^5 + 9*13^7 + 10*13^8 + 7*13^10 + 2*13^11 + 11*13^12 + 6*13^13 + 2*13^14 + 11*13^15 + O(13^16) : 6*13 + 9*13^2 + 13^3 + 4*13^5 + 10*13^6 + 7*13^7 + 8*13^8 + 3*13^9 + 12*13^10 + 9*13^11 + 4*13^12 + 11*13^13 + 13^14 + O(13^15) : 1 + O(13^20))
   (1 + 3*13 + 12*13^2 + 8*13^3 + 6*13^4 + 8*13^5 + 9*13^7 + 10*13^8 + 7*13^10 + 2*13^11 + 11*13^12 + 6*13^13 + 2*13^14 + 11*13^15 + O(13^16) : 7*13 + 3*13^2 + 11*13^3 + 12*13^4 + 8*13^5 + 2*13^6 + 5*13^7 + 4*13^8 + 9*13^9 + 3*13^11 + 8*13^12 + 13^13 + 11*13^14 + O(13^15) : 1 + O(13^20))
   (1 + 3*13 + 13^2 + 13^3 + 8*13^4 + 13^6 + 6*13^7 + 10*13^8 + 10*13^9 + 6*13^10 + 6*13^11 + 6*13^12 + 13^13 + 3*13^14 + 2*13^15 + O(13^16) : 11*13 + 7*13^2 + 5*13^3 + 2*13^4 + 13^5 + 10*13^6 + 9*13^7 + 7*13^8 + 3*13^9 + 3*13^10 + 13^11 + 9*13^12 + 5*13^13 + 4*13^14 + O(13^15) : 1 + O(13^20))
   (1 + 3*13 + 13^2 + 13^3 + 8*13^4 + 13^6 + 6*13^7 + 10*13^8 + 10*13^9 + 6*13^10 + 6*13^11 + 6*13^12 + 13^13 + 3*13^14 + 2*13^15 + O(13^16) : 2*13 + 5*13^2 + 7*13^3 + 10*13^4 + 11*13^5 + 2*13^6 + 3*13^7 + 5*13^8 + 9*13^9 + 9*13^10 + 11*13^11 + 3*13^12 + 7*13^13 + 8*13^14 + O(13^15) : 1 + O(13^20))
   (1 + 3*13 + 13^2 + 4*13^3 + 6*13^4 + 6*13^5 + 8*13^6 + 7*13^7 + 2*13^8 + 10*13^9 + 6*13^10 + 13^11 + 3*13^12 + 4*13^13 + 10*13^14 + 4*13^15 + O(13^16) : 11*13 + 6*13^2 + 7*13^3 + 2*13^5 + 12*13^6 + 7*13^7 + 6*13^8 + 6*13^9 + 8*13^10 + 12*13^11 + 13^12 + 13^13 + 10*13^14 + O(13^15) : 1 + O(13^20))
   (1 + 3*13 + 13^2 + 4*13^3 + 6*13^4 + 6*13^5 + 8*13^6 + 7*13^7 + 2*13^8 + 10*13^9 + 6*13^10 + 13^11 + 3*13^12 + 4*13^13 + 10*13^14 + 4*13^15 + O(13^16) : 2*13 + 6*13^2 + 5*13^3 + 12*13^4 + 10*13^5 + 5*13^7 + 6*13^8 + 6*13^9 + 4*13^10 + 11*13^12 + 11*13^13 + 2*13^14 + O(13^15) : 1 + O(13^20))
   (1 + 3*13 + 13^2 + 4*13^4 + 2*13^5 + 7*13^6 + 3*13^8 + 7*13^9 + 2*13^10 + 6*13^11 + 13^12 + 6*13^13 + 9*13^14 + 7*13^15 + O(13^16) : 11*13 + 3*13^2 + 2*13^3 + 7*13^4 + 9*13^5 + 5*13^6 + 8*13^7 + 4*13^8 + 9*13^9 + 13^10 + 2*13^11 + 10*13^12 + 13^13 + 10*13^14 + O(13^15) : 1 + O(13^20))
   (1 + 3*13 + 13^2 + 4*13^4 + 2*13^5 + 7*13^6 + 3*13^8 + 7*13^9 + 2*13^10 + 6*13^11 + 13^12 + 6*13^13 + 9*13^14 + 7*13^15 + O(13^16) : 2*13 + 9*13^2 + 10*13^3 + 5*13^4 + 3*13^5 + 7*13^6 + 4*13^7 + 8*13^8 + 3*13^9 + 11*13^10 + 10*13^11 + 2*13^12 + 11*13^13 + 2*13^14 + O(13^15) : 1 + O(13^20))
   (1 + 3*13 + 13^2 + 6*13^3 + 8*13^4 + 7*13^5 + 9*13^6 + 11*13^7 + 5*13^8 + 2*13^9 + 6*13^10 + 9*13^11 + 13^12 + 10*13^13 + 9*13^14 + 12*13^15 + O(13^16) : 11*13 + 13^2 + 10*13^3 + 2*13^4 + 7*13^5 + 7*13^6 + 10*13^7 + 5*13^8 + 11*13^9 + 2*13^10 + 10*13^11 + 10*13^12 + 9*13^13 + 5*13^14 + O(13^15) : 1 + O(13^20))
   (1 + 3*13 + 13^2 + 6*13^3 + 8*13^4 + 7*13^5 + 9*13^6 + 11*13^7 + 5*13^8 + 2*13^9 + 6*13^10 + 9*13^11 + 13^12 + 10*13^13 + 9*13^14 + 12*13^15 + O(13^16) : 2*13 + 11*13^2 + 2*13^3 + 10*13^4 + 5*13^5 + 5*13^6 + 2*13^7 + 7*13^8 + 13^9 + 10*13^10 + 2*13^11 + 2*13^12 + 3*13^13 + 7*13^14 + O(13^15) : 1 + O(13^20))
   (1 + 3*13 + 13^2 + 8*13^3 + 3*13^4 + 8*13^5 + 8*13^6 + 13^7 + 4*13^8 + 8*13^9 + 11*13^10 + 3*13^11 + 13^12 + 6*13^14 + O(13^16) : 11*13 + 9*13^2 + 3*13^3 + 8*13^4 + 5*13^5 + 13^6 + 6*13^7 + 6*13^8 + 9*13^9 + 6*13^10 + 13^11 + 3*13^12 + 2*13^13 + 3*13^14 + O(13^15) : 1 + O(13^20))
   (1 + 3*13 + 13^2 + 8*13^3 + 3*13^4 + 8*13^5 + 8*13^6 + 13^7 + 4*13^8 + 8*13^9 + 11*13^10 + 3*13^11 + 13^12 + 6*13^14 + O(13^16) : 2*13 + 3*13^2 + 9*13^3 + 4*13^4 + 7*13^5 + 11*13^6 + 6*13^7 + 6*13^8 + 3*13^9 + 6*13^10 + 11*13^11 + 9*13^12 + 10*13^13 + 9*13^14 + O(13^15) : 1 + O(13^20))
   (1 + 3*13 + 2*13^2 + 10*13^3 + 13^4 + 9*13^5 + 10*13^6 + 6*13^7 + 7*13^9 + 6*13^10 + 2*13^11 + 4*13^12 + 5*13^14 + 13^15 + O(13^16) : 12*13 + 5*13^2 + 11*13^3 + 12*13^5 + 11*13^6 + 4*13^7 + 7*13^8 + 3*13^10 + 6*13^11 + 5*13^12 + 3*13^13 + 6*13^14 + O(13^15) : 1 + O(13^20))
   (1 + 3*13 + 2*13^2 + 10*13^3 + 13^4 + 9*13^5 + 10*13^6 + 6*13^7 + 7*13^9 + 6*13^10 + 2*13^11 + 4*13^12 + 5*13^14 + 13^15 + O(13^16) : 13 + 7*13^2 + 13^3 + 12*13^4 + 13^6 + 8*13^7 + 5*13^8 + 12*13^9 + 9*13^10 + 6*13^11 + 7*13^12 + 9*13^13 + 6*13^14 + O(13^15) : 1 + O(13^20))
   (1 + 3*13 + 2*13^2 + 12*13^3 + 2*13^4 + 7*13^5 + 3*13^6 + 8*13^7 + 6*13^8 + 6*13^9 + 8*13^10 + 4*13^11 + 8*13^12 + 9*13^13 + 3*13^14 + 11*13^15 + O(13^16) : 12*13 + 8*13^2 + 13^3 + 6*13^4 + 7*13^5 + 10*13^6 + 10*13^7 + 12*13^9 + 4*13^10 + 5*13^11 + 12*13^12 + 9*13^13 + 11*13^14 + O(13^15) : 1 + O(13^20))
   (1 + 3*13 + 2*13^2 + 12*13^3 + 2*13^4 + 7*13^5 + 3*13^6 + 8*13^7 + 6*13^8 + 6*13^9 + 8*13^10 + 4*13^11 + 8*13^12 + 9*13^13 + 3*13^14 + 11*13^15 + O(13^16) : 13 + 4*13^2 + 11*13^3 + 6*13^4 + 5*13^5 + 2*13^6 + 2*13^7 + 12*13^8 + 8*13^10 + 7*13^11 + 3*13^13 + 13^14 + O(13^15) : 1 + O(13^20))
   (1 + 3*13 + 2*13^2 + 4*13^3 + 11*13^4 + 12*13^5 + 3*13^6 + 8*13^7 + 2*13^8 + 11*13^9 + 9*13^11 + 5*13^13 + 10*13^15 + O(13^16) : 12*13 + 9*13^2 + 3*13^3 + 10*13^4 + 8*13^5 + 3*13^6 + 9*13^7 + 8*13^8 + 11*13^9 + 11*13^10 + 10*13^11 + 11*13^12 + 3*13^13 + 3*13^14 + O(13^15) : 1 + O(13^20))
   (1 + 3*13 + 2*13^2 + 4*13^3 + 11*13^4 + 12*13^5 + 3*13^6 + 8*13^7 + 2*13^8 + 11*13^9 + 9*13^11 + 5*13^13 + 10*13^15 + O(13^16) : 13 + 3*13^2 + 9*13^3 + 2*13^4 + 4*13^5 + 9*13^6 + 3*13^7 + 4*13^8 + 13^9 + 13^10 + 2*13^11 + 13^12 + 9*13^13 + 9*13^14 + O(13^15) : 1 + O(13^20))
   (1 + 3*13 + 2*13^2 + 4*13^3 + 3*13^4 + 7*13^5 + 13^6 + 3*13^7 + 10*13^8 + 4*13^9 + 10*13^10 + 13^11 + 6*13^12 + 10*13^13 + 7*13^14 + 8*13^15 + O(13^16) : 12*13 + 9*13^2 + 4*13^3 + 11*13^4 + 3*13^5 + 12*13^6 + 9*13^7 + 12*13^8 + 13^9 + 12*13^10 + 7*13^12 + 7*13^14 + O(13^15) : 1 + O(13^20))
   (1 + 3*13 + 2*13^2 + 4*13^3 + 3*13^4 + 7*13^5 + 13^6 + 3*13^7 + 10*13^8 + 4*13^9 + 10*13^10 + 13^11 + 6*13^12 + 10*13^13 + 7*13^14 + 8*13^15 + O(13^16) : 13 + 3*13^2 + 8*13^3 + 13^4 + 9*13^5 + 3*13^7 + 11*13^9 + 12*13^11 + 5*13^12 + 12*13^13 + 5*13^14 + O(13^15) : 1 + O(13^20))
   (1 + 3*13 + 7*13^2 + 10*13^3 + 2*13^4 + 8*13^5 + 5*13^6 + 13^7 + 2*13^8 + 8*13^9 + 12*13^11 + 12*13^12 + 9*13^13 + 8*13^14 + 12*13^15 + O(13^16) : 5*13 + 9*13^2 + 4*13^3 + 9*13^4 + 11*13^5 + 6*13^6 + 7*13^7 + 11*13^8 + 3*13^9 + 10*13^10 + 9*13^11 + 11*13^12 + 7*13^13 + 4*13^14 + O(13^15) : 1 + O(13^20))
   (1 + 3*13 + 7*13^2 + 10*13^3 + 2*13^4 + 8*13^5 + 5*13^6 + 13^7 + 2*13^8 + 8*13^9 + 12*13^11 + 12*13^12 + 9*13^13 + 8*13^14 + 12*13^15 + O(13^16) : 8*13 + 3*13^2 + 8*13^3 + 3*13^4 + 13^5 + 6*13^6 + 5*13^7 + 13^8 + 9*13^9 + 2*13^10 + 3*13^11 + 13^12 + 5*13^13 + 8*13^14 + O(13^15) : 1 + O(13^20))
   (1 + 3*13 + 7*13^2 + 12*13^3 + 6*13^4 + 11*13^5 + 6*13^6 + 7*13^7 + 13^9 + 6*13^10 + 9*13^12 + 4*13^13 + 5*13^14 + O(13^16) : 5*13 + 11*13^2 + 8*13^3 + 13^4 + 6*13^5 + 10*13^6 + 7*13^7 + 5*13^8 + 12*13^9 + 5*13^11 + 5*13^12 + 2*13^13 + 8*13^14 + O(13^15) : 1 + O(13^20))
   (1 + 3*13 + 7*13^2 + 12*13^3 + 6*13^4 + 11*13^5 + 6*13^6 + 7*13^7 + 13^9 + 6*13^10 + 9*13^12 + 4*13^13 + 5*13^14 + O(13^16) : 8*13 + 13^2 + 4*13^3 + 11*13^4 + 6*13^5 + 2*13^6 + 5*13^7 + 7*13^8 + 12*13^10 + 7*13^11 + 7*13^12 + 10*13^13 + 4*13^14 + O(13^15) : 1 + O(13^20))
   (1 + 3*13 + 7*13^2 + 13^4 + 7*13^5 + 2*13^6 + 12*13^7 + 10*13^8 + 7*13^9 + 2*13^10 + 2*13^11 + 8*13^12 + 11*13^13 + 3*13^15 + O(13^16) : 5*13 + 12*13^2 + 3*13^3 + 4*13^4 + 11*13^5 + 5*13^6 + 8*13^7 + 2*13^8 + 10*13^9 + 9*13^10 + 11*13^11 + 11*13^12 + 9*13^13 + O(13^15) : 1 + O(13^20))
   (1 + 3*13 + 7*13^2 + 13^4 + 7*13^5 + 2*13^6 + 12*13^7 + 10*13^8 + 7*13^9 + 2*13^10 + 2*13^11 + 8*13^12 + 11*13^13 + 3*13^15 + O(13^16) : 8*13 + 9*13^3 + 8*13^4 + 13^5 + 7*13^6 + 4*13^7 + 10*13^8 + 2*13^9 + 3*13^10 + 13^11 + 13^12 + 3*13^13 + 12*13^14 + O(13^15) : 1 + O(13^20))
   (1 + 3*13 + 7*13^2 + 5*13^3 + 11*13^4 + 2*13^5 + 10*13^6 + 5*13^7 + 6*13^8 + 5*13^9 + 4*13^10 + 9*13^11 + 11*13^12 + 7*13^13 + 11*13^14 + 3*13^15 + O(13^16) : 5*13 + 4*13^2 + 3*13^3 + 13^4 + 8*13^5 + 8*13^6 + 11*13^7 + 10*13^8 + 4*13^9 + 7*13^10 + 13^11 + 12*13^12 + 12*13^13 + 7*13^14 + O(13^15) : 1 + O(13^20))
   (1 + 3*13 + 7*13^2 + 5*13^3 + 11*13^4 + 2*13^5 + 10*13^6 + 5*13^7 + 6*13^8 + 5*13^9 + 4*13^10 + 9*13^11 + 11*13^12 + 7*13^13 + 11*13^14 + 3*13^15 + O(13^16) : 8*13 + 8*13^2 + 9*13^3 + 11*13^4 + 4*13^5 + 4*13^6 + 13^7 + 2*13^8 + 8*13^9 + 5*13^10 + 11*13^11 + 5*13^14 + O(13^15) : 1 + O(13^20))
   (1 + 3*13 + 7*13^2 + 6*13^3 + 12*13^5 + 8*13^6 + 4*13^7 + 3*13^8 + 11*13^9 + 8*13^10 + 5*13^11 + 10*13^12 + 4*13^13 + 6*13^14 + 10*13^15 + O(13^16) : 5*13 + 5*13^2 + 10*13^3 + 7*13^4 + 12*13^5 + 11*13^6 + 9*13^8 + 11*13^9 + 10*13^10 + 9*13^11 + 2*13^13 + 12*13^14 + O(13^15) : 1 + O(13^20))
   (1 + 3*13 + 7*13^2 + 6*13^3 + 12*13^5 + 8*13^6 + 4*13^7 + 3*13^8 + 11*13^9 + 8*13^10 + 5*13^11 + 10*13^12 + 4*13^13 + 6*13^14 + 10*13^15 + O(13^16) : 8*13 + 7*13^2 + 2*13^3 + 5*13^4 + 13^6 + 12*13^7 + 3*13^8 + 13^9 + 2*13^10 + 3*13^11 + 12*13^12 + 10*13^13 + O(13^15) : 1 + O(13^20))
   (1 + 3*13 + 7*13^2 + 6*13^3 + 5*13^4 + 11*13^5 + 7*13^6 + 7*13^7 + 9*13^8 + 11*13^9 + 10*13^10 + 9*13^11 + 12*13^12 + 13^13 + 2*13^14 + 6*13^15 + O(13^16) : 5*13 + 5*13^2 + 2*13^3 + 12*13^4 + 10*13^5 + 11*13^6 + 8*13^7 + 3*13^8 + 13^9 + 8*13^10 + 5*13^11 + 10*13^12 + 10*13^13 + 9*13^14 + O(13^15) : 1 + O(13^20))
   (1 + 3*13 + 7*13^2 + 6*13^3 + 5*13^4 + 11*13^5 + 7*13^6 + 7*13^7 + 9*13^8 + 11*13^9 + 10*13^10 + 9*13^11 + 12*13^12 + 13^13 + 2*13^14 + 6*13^15 + O(13^16) : 8*13 + 7*13^2 + 10*13^3 + 2*13^5 + 13^6 + 4*13^7 + 9*13^8 + 11*13^9 + 4*13^10 + 7*13^11 + 2*13^12 + 2*13^13 + 3*13^14 + O(13^15) : 1 + O(13^20))
   (1 + 3*13 + 8*13^2 + 13^3 + 4*13^4 + 6*13^5 + 5*13^6 + 4*13^7 + 5*13^9 + 6*13^10 + 2*13^11 + 10*13^12 + 7*13^13 + 13^14 + 2*13^15 + O(13^16) : 10*13 + 4*13^2 + 2*13^3 + 6*13^4 + 12*13^5 + 9*13^6 + 2*13^7 + 13^8 + 10*13^10 + 6*13^11 + 8*13^12 + 12*13^13 + 9*13^14 + O(13^15) : 1 + O(13^20))
   (1 + 3*13 + 8*13^2 + 13^3 + 4*13^4 + 6*13^5 + 5*13^6 + 4*13^7 + 5*13^9 + 6*13^10 + 2*13^11 + 10*13^12 + 7*13^13 + 13^14 + 2*13^15 + O(13^16) : 3*13 + 8*13^2 + 10*13^3 + 6*13^4 + 3*13^6 + 10*13^7 + 11*13^8 + 12*13^9 + 2*13^10 + 6*13^11 + 4*13^12 + 3*13^14 + O(13^15) : 1 + O(13^20))
   (1 + 3*13 + 8*13^2 + 3*13^3 + 8*13^4 + 13^5 + 6*13^6 + 7*13^7 + 3*13^8 + 10*13^9 + 13^10 + 13^11 + 4*13^12 + 4*13^13 + 8*13^15 + O(13^16) : 10*13 + 5*13^2 + 13^3 + 11*13^4 + 4*13^5 + 6*13^6 + 6*13^8 + 3*13^9 + 3*13^10 + 7*13^11 + 8*13^12 + 7*13^13 + 5*13^14 + O(13^15) : 1 + O(13^20))
   (1 + 3*13 + 8*13^2 + 3*13^3 + 8*13^4 + 13^5 + 6*13^6 + 7*13^7 + 3*13^8 + 10*13^9 + 13^10 + 13^11 + 4*13^12 + 4*13^13 + 8*13^15 + O(13^16) : 3*13 + 7*13^2 + 11*13^3 + 13^4 + 8*13^5 + 6*13^6 + 12*13^7 + 6*13^8 + 9*13^9 + 9*13^10 + 5*13^11 + 4*13^12 + 5*13^13 + 7*13^14 + O(13^15) : 1 + O(13^20))
   (1 + 3*13 + 8*13^2 + 4*13^3 + 2*13^4 + 6*13^5 + 7*13^6 + 3*13^7 + 12*13^9 + 5*13^10 + 7*13^11 + 5*13^12 + 7*13^13 + 8*13^14 + 10*13^15 + O(13^16) : 10*13 + 12*13^2 + 13^3 + 4*13^4 + 4*13^5 + 7*13^6 + 9*13^7 + 5*13^8 + 8*13^9 + 11*13^10 + 2*13^12 + 5*13^13 + 11*13^14 + O(13^15) : 1 + O(13^20))
   (1 + 3*13 + 8*13^2 + 4*13^3 + 2*13^4 + 6*13^5 + 7*13^6 + 3*13^7 + 12*13^9 + 5*13^10 + 7*13^11 + 5*13^12 + 7*13^13 + 8*13^14 + 10*13^15 + O(13^16) : 3*13 + 11*13^3 + 8*13^4 + 8*13^5 + 5*13^6 + 3*13^7 + 7*13^8 + 4*13^9 + 13^10 + 12*13^11 + 10*13^12 + 7*13^13 + 13^14 + O(13^15) : 1 + O(13^20))
   (1 + 3*13 + 8*13^2 + 8*13^3 + 12*13^4 + 12*13^5 + 3*13^7 + 7*13^8 + 2*13^9 + 10*13^10 + 4*13^11 + 12*13^12 + 2*13^13 + 7*13^14 + 7*13^15 + O(13^16) : 10*13 + 13^2 + 11*13^3 + 11*13^4 + 3*13^5 + 12*13^6 + 11*13^7 + 7*13^8 + 12*13^9 + 4*13^10 + 2*13^12 + 8*13^13 + 6*13^14 + O(13^15) : 1 + O(13^20))
   (1 + 3*13 + 8*13^2 + 8*13^3 + 12*13^4 + 12*13^5 + 3*13^7 + 7*13^8 + 2*13^9 + 10*13^10 + 4*13^11 + 12*13^12 + 2*13^13 + 7*13^14 + 7*13^15 + O(13^16) : 3*13 + 11*13^2 + 13^3 + 13^4 + 9*13^5 + 13^7 + 5*13^8 + 8*13^10 + 12*13^11 + 10*13^12 + 4*13^13 + 6*13^14 + O(13^15) : 1 + O(13^20))
   (10 + 10*13 + 10*13^2 + 12*13^3 + 10*13^4 + 3*13^5 + 8*13^6 + 3*13^7 + 11*13^8 + 13^9 + 11*13^10 + 9*13^11 + 8*13^12 + 2*13^13 + 8*13^14 + 11*13^16 + O(13^17) : 11 + 10*13^2 + 8*13^3 + 12*13^4 + 12*13^5 + 8*13^6 + 7*13^7 + 12*13^8 + 4*13^10 + 8*13^11 + 11*13^12 + 3*13^13 + 5*13^14 + 7*13^15 + 11*13^16 + O(13^17) : 1 + O(13^20))
   (10 + 10*13 + 10*13^2 + 12*13^3 + 10*13^4 + 3*13^5 + 8*13^6 + 3*13^7 + 11*13^8 + 13^9 + 11*13^10 + 9*13^11 + 8*13^12 + 2*13^13 + 8*13^14 + 11*13^16 + O(13^17) : 2 + 12*13 + 2*13^2 + 4*13^3 + 4*13^6 + 5*13^7 + 12*13^9 + 8*13^10 + 4*13^11 + 13^12 + 9*13^13 + 7*13^14 + 5*13^15 + 13^16 + O(13^17) : 1 + O(13^20))
   (10 + 10*13 + 10*13^2 + 3*13^3 + 5*13^4 + 12*13^6 + 3*13^7 + 6*13^8 + 5*13^9 + 6*13^10 + 12*13^11 + 3*13^12 + 8*13^13 + 7*13^14 + 6*13^16 + O(13^17) : 11 + 10*13^2 + 4*13^3 + 2*13^4 + 8*13^5 + 6*13^6 + 12*13^8 + 3*13^9 + 7*13^10 + 11*13^11 + 10*13^12 + 3*13^14 + O(13^17) : 1 + O(13^20))
   (10 + 10*13 + 10*13^2 + 3*13^3 + 5*13^4 + 12*13^6 + 3*13^7 + 6*13^8 + 5*13^9 + 6*13^10 + 12*13^11 + 3*13^12 + 8*13^13 + 7*13^14 + 6*13^16 + O(13^17) : 2 + 12*13 + 2*13^2 + 8*13^3 + 10*13^4 + 4*13^5 + 6*13^6 + 12*13^7 + 9*13^9 + 5*13^10 + 13^11 + 2*13^12 + 12*13^13 + 9*13^14 + 12*13^15 + 12*13^16 + O(13^17) : 1 + O(13^20))
   (10 + 10*13 + 6*13^2 + 7*13^3 + 13^4 + 12*13^5 + 4*13^6 + 4*13^7 + 2*13^9 + 10*13^10 + 6*13^11 + 5*13^12 + 5*13^13 + 2*13^14 + 6*13^15 + 4*13^16 + O(13^17) : 11 + 13^2 + 4*13^3 + 7*13^4 + 12*13^5 + 13^6 + 7*13^7 + 4*13^8 + 12*13^9 + 5*13^11 + 10*13^12 + 9*13^13 + 3*13^14 + 9*13^16 + O(13^17) : 1 + O(13^20))
   (10 + 10*13 + 6*13^2 + 7*13^3 + 13^4 + 12*13^5 + 4*13^6 + 4*13^7 + 2*13^9 + 10*13^10 + 6*13^11 + 5*13^12 + 5*13^13 + 2*13^14 + 6*13^15 + 4*13^16 + O(13^17) : 2 + 12*13 + 11*13^2 + 8*13^3 + 5*13^4 + 11*13^6 + 5*13^7 + 8*13^8 + 12*13^10 + 7*13^11 + 2*13^12 + 3*13^13 + 9*13^14 + 12*13^15 + 3*13^16 + O(13^17) : 1 + O(13^20))
   (10 + 10*13 + 7*13^2 + 10*13^3 + 12*13^5 + 12*13^6 + 9*13^8 + 4*13^9 + 13^10 + 6*13^11 + 3*13^12 + 8*13^13 + 10*13^14 + 6*13^15 + 9*13^16 + O(13^17) : 11 + 10*13^3 + 6*13^4 + 4*13^5 + 5*13^6 + 7*13^7 + 5*13^8 + 8*13^9 + 11*13^10 + 9*13^11 + 4*13^12 + 4*13^13 + 10*13^14 + 12*13^15 + 9*13^16 + O(13^17) : 1 + O(13^20))
   (10 + 10*13 + 7*13^2 + 10*13^3 + 12*13^5 + 12*13^6 + 9*13^8 + 4*13^9 + 13^10 + 6*13^11 + 3*13^12 + 8*13^13 + 10*13^14 + 6*13^15 + 9*13^16 + O(13^17) : 2 + 12*13 + 12*13^2 + 2*13^3 + 6*13^4 + 8*13^5 + 7*13^6 + 5*13^7 + 7*13^8 + 4*13^9 + 13^10 + 3*13^11 + 8*13^12 + 8*13^13 + 2*13^14 + 3*13^16 + O(13^17) : 1 + O(13^20))
   (10 + 12*13 + 10*13^2 + 8*13^3 + 7*13^4 + 3*13^5 + 2*13^6 + 9*13^7 + 2*13^8 + 10*13^9 + 7*13^10 + 13^11 + 9*13^12 + 2*13^13 + 8*13^14 + 7*13^15 + 10*13^16 + O(13^17) : 11 + 11*13 + 7*13^2 + 6*13^3 + 12*13^4 + 6*13^5 + 8*13^6 + 11*13^7 + 12*13^8 + 5*13^9 + 13^10 + 13^11 + 4*13^12 + 3*13^13 + 8*13^14 + 12*13^15 + 3*13^16 + O(13^17) : 1 + O(13^20))
   (10 + 12*13 + 10*13^2 + 8*13^3 + 7*13^4 + 3*13^5 + 2*13^6 + 9*13^7 + 2*13^8 + 10*13^9 + 7*13^10 + 13^11 + 9*13^12 + 2*13^13 + 8*13^14 + 7*13^15 + 10*13^16 + O(13^17) : 2 + 13 + 5*13^2 + 6*13^3 + 6*13^5 + 4*13^6 + 13^7 + 7*13^9 + 11*13^10 + 11*13^11 + 8*13^12 + 9*13^13 + 4*13^14 + 9*13^16 + O(13^17) : 1 + O(13^20))
   (10 + 12*13 + 6*13^2 + 2*13^3 + 7*13^4 + 10*13^5 + 6*13^7 + 3*13^8 + 8*13^9 + 3*13^10 + 9*13^11 + 9*13^12 + 3*13^13 + 6*13^14 + 10*13^15 + 2*13^16 + O(13^17) : 11 + 11*13 + 11*13^2 + 4*13^3 + 10*13^4 + 5*13^5 + 12*13^7 + 7*13^8 + 3*13^9 + 6*13^10 + 8*13^11 + 2*13^12 + 8*13^13 + 12*13^14 + 6*13^15 + 2*13^16 + O(13^17) : 1 + O(13^20))
   (10 + 12*13 + 6*13^2 + 2*13^3 + 7*13^4 + 10*13^5 + 6*13^7 + 3*13^8 + 8*13^9 + 3*13^10 + 9*13^11 + 9*13^12 + 3*13^13 + 6*13^14 + 10*13^15 + 2*13^16 + O(13^17) : 2 + 13 + 13^2 + 8*13^3 + 2*13^4 + 7*13^5 + 12*13^6 + 5*13^8 + 9*13^9 + 6*13^10 + 4*13^11 + 10*13^12 + 4*13^13 + 6*13^15 + 10*13^16 + O(13^17) : 1 + O(13^20))
   (10 + 12*13 + 6*13^2 + 6*13^3 + 11*13^4 + 4*13^5 + 13^6 + 4*13^7 + 4*13^8 + 9*13^9 + 13^10 + 8*13^11 + 9*13^12 + 3*13^13 + 4*13^14 + 9*13^15 + 2*13^16 + O(13^17) : 11 + 11*13 + 11*13^2 + 13^4 + 12*13^5 + 12*13^6 + 4*13^7 + 4*13^8 + 3*13^9 + 5*13^10 + 9*13^11 + 2*13^12 + 13^13 + 8*13^14 + 2*13^15 + 6*13^16 + O(13^17) : 1 + O(13^20))
   (10 + 12*13 + 6*13^2 + 6*13^3 + 11*13^4 + 4*13^5 + 13^6 + 4*13^7 + 4*13^8 + 9*13^9 + 13^10 + 8*13^11 + 9*13^12 + 3*13^13 + 4*13^14 + 9*13^15 + 2*13^16 + O(13^17) : 2 + 13 + 13^2 + 12*13^3 + 11*13^4 + 8*13^7 + 8*13^8 + 9*13^9 + 7*13^10 + 3*13^11 + 10*13^12 + 11*13^13 + 4*13^14 + 10*13^15 + 6*13^16 + O(13^17) : 1 + O(13^20))
   (10 + 12*13 + 9*13^2 + 9*13^3 + 11*13^4 + 6*13^6 + 11*13^7 + 7*13^8 + 12*13^9 + 4*13^10 + 9*13^11 + 13^12 + 10*13^13 + 3*13^14 + 6*13^15 + 6*13^16 + O(13^17) : 11 + 11*13 + 8*13^2 + 3*13^3 + 8*13^4 + 2*13^5 + 6*13^6 + 2*13^7 + 4*13^8 + 12*13^9 + 12*13^10 + 11*13^12 + 3*13^14 + 10*13^15 + 4*13^16 + O(13^17) : 1 + O(13^20))
   (10 + 12*13 + 9*13^2 + 9*13^3 + 11*13^4 + 6*13^6 + 11*13^7 + 7*13^8 + 12*13^9 + 4*13^10 + 9*13^11 + 13^12 + 10*13^13 + 3*13^14 + 6*13^15 + 6*13^16 + O(13^17) : 2 + 13 + 4*13^2 + 9*13^3 + 4*13^4 + 10*13^5 + 6*13^6 + 10*13^7 + 8*13^8 + 12*13^11 + 13^12 + 12*13^13 + 9*13^14 + 2*13^15 + 8*13^16 + O(13^17) : 1 + O(13^20))
   (10 + 12*13^2 + 12*13^3 + 5*13^4 + 6*13^5 + 13^6 + 6*13^7 + 10*13^8 + 3*13^9 + 8*13^10 + 3*13^11 + 13^12 + 8*13^13 + 4*13^14 + 2*13^15 + 2*13^16 + O(13^17) : 11 + 10*13 + 3*13^2 + 5*13^3 + 9*13^4 + 9*13^5 + 6*13^6 + 8*13^7 + 7*13^8 + 2*13^9 + 7*13^10 + 12*13^12 + 11*13^13 + 11*13^14 + 10*13^15 + 9*13^16 + O(13^17) : 1 + O(13^20))
   (10 + 12*13^2 + 12*13^3 + 5*13^4 + 6*13^5 + 13^6 + 6*13^7 + 10*13^8 + 3*13^9 + 8*13^10 + 3*13^11 + 13^12 + 8*13^13 + 4*13^14 + 2*13^15 + 2*13^16 + O(13^17) : 2 + 2*13 + 9*13^2 + 7*13^3 + 3*13^4 + 3*13^5 + 6*13^6 + 4*13^7 + 5*13^8 + 10*13^9 + 5*13^10 + 12*13^11 + 13^13 + 13^14 + 2*13^15 + 3*13^16 + O(13^17) : 1 + O(13^20))
   (10 + 13 + 10*13^2 + 12*13^3 + 10*13^4 + 6*13^5 + 4*13^6 + 8*13^7 + 13^8 + 2*13^9 + 3*13^10 + 8*13^11 + 8*13^12 + 10*13^13 + 13^14 + 12*13^15 + 6*13^16 + O(13^17) : 11 + 9*13 + 5*13^2 + 9*13^3 + 12*13^4 + 6*13^5 + 6*13^6 + 5*13^7 + 10*13^8 + 7*13^9 + 13^10 + 10*13^11 + 12*13^12 + 12*13^13 + 11*13^14 + 4*13^15 + 3*13^16 + O(13^17) : 1 + O(13^20))
   (10 + 13 + 10*13^2 + 12*13^3 + 10*13^4 + 6*13^5 + 4*13^6 + 8*13^7 + 13^8 + 2*13^9 + 3*13^10 + 8*13^11 + 8*13^12 + 10*13^13 + 13^14 + 12*13^15 + 6*13^16 + O(13^17) : 2 + 3*13 + 7*13^2 + 3*13^3 + 6*13^5 + 6*13^6 + 7*13^7 + 2*13^8 + 5*13^9 + 11*13^10 + 2*13^11 + 13^14 + 8*13^15 + 9*13^16 + O(13^17) : 1 + O(13^20))
   (10 + 13 + 11*13^2 + 12*13^3 + 2*13^4 + 8*13^5 + 10*13^6 + 10*13^7 + 2*13^8 + 8*13^10 + 12*13^11 + 11*13^12 + 7*13^13 + 11*13^14 + 4*13^15 + 3*13^16 + O(13^17) : 11 + 9*13 + 4*13^2 + 4*13^3 + 9*13^4 + 10*13^5 + 5*13^6 + 9*13^7 + 6*13^8 + 6*13^9 + 3*13^10 + 11*13^11 + 7*13^12 + 3*13^13 + 8*13^14 + 7*13^15 + 10*13^16 + O(13^17) : 1 + O(13^20))
   (10 + 13 + 11*13^2 + 12*13^3 + 2*13^4 + 8*13^5 + 10*13^6 + 10*13^7 + 2*13^8 + 8*13^10 + 12*13^11 + 11*13^12 + 7*13^13 + 11*13^14 + 4*13^15 + 3*13^16 + O(13^17) : 2 + 3*13 + 8*13^2 + 8*13^3 + 3*13^4 + 2*13^5 + 7*13^6 + 3*13^7 + 6*13^8 + 6*13^9 + 9*13^10 + 13^11 + 5*13^12 + 9*13^13 + 4*13^14 + 5*13^15 + 2*13^16 + O(13^17) : 1 + O(13^20))
   (10 + 13 + 7*13^2 + 2*13^3 + 11*13^4 + 10*13^5 + 12*13^6 + 13^8 + 6*13^9 + 10*13^10 + 6*13^11 + 2*13^13 + 2*13^14 + 8*13^15 + 7*13^16 + O(13^17) : 11 + 9*13 + 8*13^2 + 8*13^3 + 10*13^4 + 13^6 + 10*13^8 + 13^9 + 13^10 + 5*13^11 + 7*13^12 + 7*13^13 + 10*13^14 + 11*13^15 + 5*13^16 + O(13^17) : 1 + O(13^20))
   (10 + 13 + 7*13^2 + 2*13^3 + 11*13^4 + 10*13^5 + 12*13^6 + 13^8 + 6*13^9 + 10*13^10 + 6*13^11 + 2*13^13 + 2*13^14 + 8*13^15 + 7*13^16 + O(13^17) : 2 + 3*13 + 4*13^2 + 4*13^3 + 2*13^4 + 12*13^5 + 11*13^6 + 12*13^7 + 2*13^8 + 11*13^9 + 11*13^10 + 7*13^11 + 5*13^12 + 5*13^13 + 2*13^14 + 13^15 + 7*13^16 + O(13^17) : 1 + O(13^20))
   (10 + 13 + 8*13^2 + 3*13^3 + 3*13^4 + 3*13^5 + 7*13^6 + 6*13^7 + 3*13^8 + 4*13^9 + 6*13^10 + 13^11 + 6*13^12 + 9*13^13 + 10*13^15 + 11*13^16 + O(13^17) : 11 + 9*13 + 7*13^2 + 2*13^3 + 6*13^4 + 13^5 + 9*13^6 + 2*13^7 + 6*13^8 + 10*13^9 + 7*13^10 + 9*13^11 + 2*13^12 + 2*13^13 + 3*13^15 + 9*13^16 + O(13^17) : 1 + O(13^20))
   (10 + 13 + 8*13^2 + 3*13^3 + 3*13^4 + 3*13^5 + 7*13^6 + 6*13^7 + 3*13^8 + 4*13^9 + 6*13^10 + 13^11 + 6*13^12 + 9*13^13 + 10*13^15 + 11*13^16 + O(13^17) : 2 + 3*13 + 5*13^2 + 10*13^3 + 6*13^4 + 11*13^5 + 3*13^6 + 10*13^7 + 6*13^8 + 2*13^9 + 5*13^10 + 3*13^11 + 10*13^12 + 10*13^13 + 12*13^14 + 9*13^15 + 3*13^16 + O(13^17) : 1 + O(13^20))
   (10 + 13 + 8*13^2 + 5*13^3 + 10*13^4 + 3*13^6 + 6*13^7 + 7*13^8 + 3*13^9 + 3*13^10 + 7*13^11 + 11*13^12 + 3*13^13 + 10*13^14 + 7*13^15 + 13^16 + O(13^17) : 11 + 9*13 + 7*13^2 + 2*13^4 + 9*13^5 + 8*13^6 + 11*13^7 + 9*13^8 + 12*13^9 + 10*13^10 + 9*13^11 + 6*13^12 + 5*13^14 + 8*13^15 + 3*13^16 + O(13^17) : 1 + O(13^20))
   (10 + 13 + 8*13^2 + 5*13^3 + 10*13^4 + 3*13^6 + 6*13^7 + 7*13^8 + 3*13^9 + 3*13^10 + 7*13^11 + 11*13^12 + 3*13^13 + 10*13^14 + 7*13^15 + 13^16 + O(13^17) : 2 + 3*13 + 5*13^2 + 12*13^3 + 10*13^4 + 3*13^5 + 4*13^6 + 13^7 + 3*13^8 + 2*13^10 + 3*13^11 + 6*13^12 + 12*13^13 + 7*13^14 + 4*13^15 + 9*13^16 + O(13^17) : 1 + O(13^20))
   (10 + 13 + 9*13^2 + 10*13^3 + 3*13^4 + 8*13^5 + 11*13^6 + 12*13^7 + 9*13^8 + 11*13^9 + 8*13^12 + 12*13^13 + 7*13^14 + 5*13^15 + 8*13^16 + O(13^17) : 11 + 9*13 + 6*13^2 + 3*13^3 + 5*13^4 + 10*13^5 + 9*13^6 + 7*13^7 + 13^8 + 8*13^9 + 8*13^10 + 11*13^11 + 12*13^13 + 4*13^14 + O(13^17) : 1 + O(13^20))
   (10 + 13 + 9*13^2 + 10*13^3 + 3*13^4 + 8*13^5 + 11*13^6 + 12*13^7 + 9*13^8 + 11*13^9 + 8*13^12 + 12*13^13 + 7*13^14 + 5*13^15 + 8*13^16 + O(13^17) : 2 + 3*13 + 6*13^2 + 9*13^3 + 7*13^4 + 2*13^5 + 3*13^6 + 5*13^7 + 11*13^8 + 4*13^9 + 4*13^10 + 13^11 + 12*13^12 + 8*13^14 + 12*13^15 + 12*13^16 + O(13^17) : 1 + O(13^20))
   (10 + 13 + 9*13^2 + 4*13^3 + 12*13^4 + 2*13^5 + 9*13^6 + 13^7 + 12*13^8 + 4*13^9 + 13^10 + 3*13^11 + 12*13^12 + 5*13^13 + 2*13^14 + 12*13^15 + 8*13^16 + O(13^17) : 11 + 9*13 + 6*13^2 + 9*13^3 + 13^5 + 10*13^6 + 12*13^7 + 6*13^8 + 9*13^9 + 3*13^10 + 8*13^11 + 4*13^12 + 7*13^13 + 5*13^14 + 11*13^15 + 12*13^16 + O(13^17) : 1 + O(13^20))
   (10 + 13 + 9*13^2 + 4*13^3 + 12*13^4 + 2*13^5 + 9*13^6 + 13^7 + 12*13^8 + 4*13^9 + 13^10 + 3*13^11 + 12*13^12 + 5*13^13 + 2*13^14 + 12*13^15 + 8*13^16 + O(13^17) : 2 + 3*13 + 6*13^2 + 3*13^3 + 12*13^4 + 11*13^5 + 2*13^6 + 6*13^8 + 3*13^9 + 9*13^10 + 4*13^11 + 8*13^12 + 5*13^13 + 7*13^14 + 13^15 + O(13^17) : 1 + O(13^20))
   (10 + 13^2 + 2*13^3 + 6*13^4 + 10*13^5 + 7*13^8 + 4*13^9 + 11*13^10 + 7*13^11 + 11*13^12 + 7*13^13 + 4*13^15 + 9*13^16 + O(13^17) : 11 + 10*13 + 13^2 + 11*13^4 + 13^5 + 7*13^6 + 7*13^7 + 8*13^8 + 7*13^9 + 5*13^10 + 12*13^11 + 2*13^12 + 12*13^13 + 13^14 + 5*13^16 + O(13^17) : 1 + O(13^20))
   (10 + 13^2 + 2*13^3 + 6*13^4 + 10*13^5 + 7*13^8 + 4*13^9 + 11*13^10 + 7*13^11 + 11*13^12 + 7*13^13 + 4*13^15 + 9*13^16 + O(13^17) : 2 + 2*13 + 11*13^2 + 12*13^3 + 13^4 + 11*13^5 + 5*13^6 + 5*13^7 + 4*13^8 + 5*13^9 + 7*13^10 + 10*13^12 + 11*13^14 + 12*13^15 + 7*13^16 + O(13^17) : 1 + O(13^20))
   (10 + 2*13 + 12*13^2 + 10*13^3 + 11*13^4 + 8*13^5 + 3*13^6 + 10*13^7 + 8*13^8 + 4*13^9 + 13^10 + 10*13^11 + 9*13^12 + 6*13^13 + 9*13^14 + 6*13^16 + O(13^17) : 11 + 8*13 + 6*13^2 + 2*13^3 + 7*13^4 + 5*13^5 + 3*13^6 + 5*13^7 + 5*13^8 + 7*13^9 + 8*13^10 + 4*13^11 + 13^12 + 5*13^13 + 3*13^14 + 11*13^16 + O(13^17) : 1 + O(13^20))
   (10 + 2*13 + 12*13^2 + 10*13^3 + 11*13^4 + 8*13^5 + 3*13^6 + 10*13^7 + 8*13^8 + 4*13^9 + 13^10 + 10*13^11 + 9*13^12 + 6*13^13 + 9*13^14 + 6*13^16 + O(13^17) : 2 + 4*13 + 6*13^2 + 10*13^3 + 5*13^4 + 7*13^5 + 9*13^6 + 7*13^7 + 7*13^8 + 5*13^9 + 4*13^10 + 8*13^11 + 11*13^12 + 7*13^13 + 9*13^14 + 12*13^15 + 13^16 + O(13^17) : 1 + O(13^20))
   (10 + 2*13 + 13^3 + 3*13^4 + 4*13^5 + 10*13^6 + 3*13^7 + 2*13^8 + 7*13^9 + 4*13^10 + 7*13^11 + 4*13^12 + 7*13^13 + 7*13^14 + 3*13^15 + O(13^17) : 11 + 8*13 + 5*13^2 + 10*13^3 + 5*13^4 + 3*13^5 + 8*13^6 + 2*13^7 + 7*13^8 + 5*13^9 + 4*13^10 + 12*13^11 + 3*13^12 + 8*13^13 + 8*13^14 + 12*13^15 + O(13^17) : 1 + O(13^20))
   (10 + 2*13 + 13^3 + 3*13^4 + 4*13^5 + 10*13^6 + 3*13^7 + 2*13^8 + 7*13^9 + 4*13^10 + 7*13^11 + 4*13^12 + 7*13^13 + 7*13^14 + 3*13^15 + O(13^17) : 2 + 4*13 + 7*13^2 + 2*13^3 + 7*13^4 + 9*13^5 + 4*13^6 + 10*13^7 + 5*13^8 + 7*13^9 + 8*13^10 + 9*13^12 + 4*13^13 + 4*13^14 + 12*13^16 + O(13^17) : 1 + O(13^20))
   (10 + 2*13 + 2*13^2 + 4*13^3 + 7*13^4 + 11*13^5 + 11*13^7 + 12*13^8 + 2*13^9 + 5*13^10 + 4*13^11 + 2*13^12 + 7*13^14 + 8*13^15 + 3*13^16 + O(13^17) : 11 + 8*13 + 3*13^2 + 3*13^3 + 9*13^4 + 7*13^6 + 7*13^7 + 4*13^8 + 2*13^9 + 13^10 + 3*13^11 + 5*13^12 + 5*13^13 + 13^14 + 7*13^15 + O(13^17) : 1 + O(13^20))
   (10 + 2*13 + 2*13^2 + 4*13^3 + 7*13^4 + 11*13^5 + 11*13^7 + 12*13^8 + 2*13^9 + 5*13^10 + 4*13^11 + 2*13^12 + 7*13^14 + 8*13^15 + 3*13^16 + O(13^17) : 2 + 4*13 + 9*13^2 + 9*13^3 + 3*13^4 + 12*13^5 + 5*13^6 + 5*13^7 + 8*13^8 + 10*13^9 + 11*13^10 + 9*13^11 + 7*13^12 + 7*13^13 + 11*13^14 + 5*13^15 + 12*13^16 + O(13^17) : 1 + O(13^20))
   (10 + 2*13 + 3*13^2 + 11*13^3 + 10*13^4 + 4*13^5 + 6*13^6 + 2*13^7 + 9*13^8 + 4*13^9 + 11*13^10 + 3*13^11 + 7*13^12 + 8*13^13 + 10*13^14 + 3*13^15 + 8*13^16 + O(13^17) : 11 + 8*13 + 2*13^2 + 7*13^3 + 9*13^4 + 6*13^5 + 4*13^7 + 4*13^8 + 11*13^9 + 6*13^10 + 13^11 + 4*13^12 + 2*13^13 + 4*13^14 + 2*13^15 + 7*13^16 + O(13^17) : 1 + O(13^20))
   (10 + 2*13 + 3*13^2 + 11*13^3 + 10*13^4 + 4*13^5 + 6*13^6 + 2*13^7 + 9*13^8 + 4*13^9 + 11*13^10 + 3*13^11 + 7*13^12 + 8*13^13 + 10*13^14 + 3*13^15 + 8*13^16 + O(13^17) : 2 + 4*13 + 10*13^2 + 5*13^3 + 3*13^4 + 6*13^5 + 12*13^6 + 8*13^7 + 8*13^8 + 13^9 + 6*13^10 + 11*13^11 + 8*13^12 + 10*13^13 + 8*13^14 + 10*13^15 + 5*13^16 + O(13^17) : 1 + O(13^20))
   (10 + 2*13 + 5*13^2 + 10*13^3 + 6*13^4 + 2*13^5 + 6*13^6 + 11*13^7 + 3*13^8 + 9*13^9 + 12*13^10 + 5*13^11 + 13^12 + 4*13^13 + 8*13^14 + 6*13^15 + 8*13^16 + O(13^17) : 11 + 8*13 + 4*13^3 + 8*13^4 + 12*13^5 + 6*13^6 + 6*13^7 + 5*13^10 + 8*13^11 + 2*13^12 + 5*13^13 + 6*13^14 + 3*13^15 + 7*13^16 + O(13^17) : 1 + O(13^20))
   (10 + 2*13 + 5*13^2 + 10*13^3 + 6*13^4 + 2*13^5 + 6*13^6 + 11*13^7 + 3*13^8 + 9*13^9 + 12*13^10 + 5*13^11 + 13^12 + 4*13^13 + 8*13^14 + 6*13^15 + 8*13^16 + O(13^17) : 2 + 4*13 + 12*13^2 + 8*13^3 + 4*13^4 + 6*13^6 + 6*13^7 + 12*13^8 + 12*13^9 + 7*13^10 + 4*13^11 + 10*13^12 + 7*13^13 + 6*13^14 + 9*13^15 + 5*13^16 + O(13^17) : 1 + O(13^20))
   (10 + 2*13 + 9*13^2 + 5*13^3 + 4*13^4 + 5*13^5 + 4*13^6 + 7*13^7 + 2*13^8 + 11*13^9 + 12*13^10 + 5*13^11 + 13^12 + 9*13^13 + 10*13^14 + 9*13^15 + 5*13^16 + O(13^17) : 11 + 8*13 + 9*13^2 + 3*13^4 + 13^5 + 12*13^8 + 12*13^9 + 8*13^10 + 8*13^11 + 3*13^12 + 13^13 + 7*13^14 + 5*13^15 + 4*13^16 + O(13^17) : 1 + O(13^20))
   (10 + 2*13 + 9*13^2 + 5*13^3 + 4*13^4 + 5*13^5 + 4*13^6 + 7*13^7 + 2*13^8 + 11*13^9 + 12*13^10 + 5*13^11 + 13^12 + 9*13^13 + 10*13^14 + 9*13^15 + 5*13^16 + O(13^17) : 2 + 4*13 + 3*13^2 + 12*13^3 + 9*13^4 + 11*13^5 + 12*13^6 + 12*13^7 + 4*13^10 + 4*13^11 + 9*13^12 + 11*13^13 + 5*13^14 + 7*13^15 + 8*13^16 + O(13^17) : 1 + O(13^20))
   (10 + 2*13^2 + 6*13^3 + 5*13^4 + 6*13^5 + 8*13^6 + 5*13^7 + 13^8 + 7*13^9 + 6*13^11 + 2*13^12 + 6*13^13 + 3*13^14 + 9*13^15 + 3*13^16 + O(13^17) : 11 + 10*13 + 13^3 + 6*13^4 + 3*13^5 + 4*13^6 + 12*13^7 + 13^8 + 12*13^9 + 4*13^10 + 7*13^11 + 4*13^12 + 7*13^13 + 13^14 + 10*13^15 + 10*13^16 + O(13^17) : 1 + O(13^20))
   (10 + 2*13^2 + 6*13^3 + 5*13^4 + 6*13^5 + 8*13^6 + 5*13^7 + 13^8 + 7*13^9 + 6*13^11 + 2*13^12 + 6*13^13 + 3*13^14 + 9*13^15 + 3*13^16 + O(13^17) : 2 + 2*13 + 12*13^2 + 11*13^3 + 6*13^4 + 9*13^5 + 8*13^6 + 11*13^8 + 8*13^10 + 5*13^11 + 8*13^12 + 5*13^13 + 11*13^14 + 2*13^15 + 2*13^16 + O(13^17) : 1 + O(13^20))
   (10 + 3*13 + 2*13^2 + 11*13^4 + 11*13^5 + 10*13^6 + 12*13^7 + 3*13^8 + 5*13^9 + 7*13^11 + 12*13^12 + 13^13 + 2*13^14 + 8*13^15 + 3*13^16 + O(13^17) : 11 + 7*13 + 9*13^2 + 12*13^3 + 11*13^4 + 3*13^5 + 8*13^6 + 8*13^7 + 3*13^8 + 9*13^9 + 10*13^10 + 7*13^11 + 7*13^12 + 3*13^13 + 8*13^14 + 12*13^15 + 6*13^16 + O(13^17) : 1 + O(13^20))
   (10 + 3*13 + 2*13^2 + 11*13^4 + 11*13^5 + 10*13^6 + 12*13^7 + 3*13^8 + 5*13^9 + 7*13^11 + 12*13^12 + 13^13 + 2*13^14 + 8*13^15 + 3*13^16 + O(13^17) : 2 + 5*13 + 3*13^2 + 13^4 + 9*13^5 + 4*13^6 + 4*13^7 + 9*13^8 + 3*13^9 + 2*13^10 + 5*13^11 + 5*13^12 + 9*13^13 + 4*13^14 + 6*13^16 + O(13^17) : 1 + O(13^20))
   (10 + 3*13 + 5*13^2 + 6*13^3 + 3*13^4 + 9*13^5 + 4*13^6 + 4*13^7 + 5*13^8 + 6*13^9 + 4*13^10 + 3*13^12 + 9*13^14 + 9*13^16 + O(13^17) : 11 + 7*13 + 6*13^2 + 9*13^3 + 3*13^4 + 6*13^5 + 8*13^6 + 12*13^7 + 12*13^8 + 4*13^9 + 5*13^11 + 10*13^12 + 9*13^13 + 2*13^14 + 7*13^16 + O(13^17) : 1 + O(13^20))
   (10 + 3*13 + 5*13^2 + 6*13^3 + 3*13^4 + 9*13^5 + 4*13^6 + 4*13^7 + 5*13^8 + 6*13^9 + 4*13^10 + 3*13^12 + 9*13^14 + 9*13^16 + O(13^17) : 2 + 5*13 + 6*13^2 + 3*13^3 + 9*13^4 + 6*13^5 + 4*13^6 + 8*13^9 + 12*13^10 + 7*13^11 + 2*13^12 + 3*13^13 + 10*13^14 + 12*13^15 + 5*13^16 + O(13^17) : 1 + O(13^20))
   (10 + 3*13 + 5*13^2 + 8*13^5 + 4*13^6 + 5*13^7 + 9*13^8 + 6*13^9 + 3*13^10 + 13^11 + 2*13^12 + 7*13^13 + 6*13^14 + 2*13^15 + O(13^17) : 11 + 7*13 + 6*13^2 + 2*13^3 + 13^4 + 8*13^5 + 5*13^6 + 2*13^8 + 4*13^9 + 12*13^10 + 7*13^11 + 12*13^12 + 3*13^13 + 11*13^14 + 9*13^15 + 6*13^16 + O(13^17) : 1 + O(13^20))
   (10 + 3*13 + 5*13^2 + 8*13^5 + 4*13^6 + 5*13^7 + 9*13^8 + 6*13^9 + 3*13^10 + 13^11 + 2*13^12 + 7*13^13 + 6*13^14 + 2*13^15 + O(13^17) : 2 + 5*13 + 6*13^2 + 10*13^3 + 11*13^4 + 4*13^5 + 7*13^6 + 12*13^7 + 10*13^8 + 8*13^9 + 5*13^11 + 9*13^13 + 13^14 + 3*13^15 + 6*13^16 + O(13^17) : 1 + O(13^20))
   (10 + 3*13 + 7*13^2 + 13^3 + 2*13^4 + 12*13^5 + 3*13^6 + 8*13^7 + 13^8 + 7*13^9 + 8*13^12 + 7*13^13 + 2*13^14 + 3*13^15 + 6*13^16 + O(13^17) : 11 + 7*13 + 4*13^2 + 3*13^3 + 9*13^4 + 8*13^5 + 6*13^6 + 5*13^7 + 4*13^8 + 3*13^9 + 6*13^10 + 8*13^11 + 3*13^12 + 12*13^13 + 5*13^14 + 4*13^15 + 12*13^16 + O(13^17) : 1 + O(13^20))
   (10 + 3*13 + 7*13^2 + 13^3 + 2*13^4 + 12*13^5 + 3*13^6 + 8*13^7 + 13^8 + 7*13^9 + 8*13^12 + 7*13^13 + 2*13^14 + 3*13^15 + 6*13^16 + O(13^17) : 2 + 5*13 + 8*13^2 + 9*13^3 + 3*13^4 + 4*13^5 + 6*13^6 + 7*13^7 + 8*13^8 + 9*13^9 + 6*13^10 + 4*13^11 + 9*13^12 + 7*13^14 + 8*13^15 + O(13^17) : 1 + O(13^20))
   (10 + 3*13 + 8*13^2 + 12*13^3 + 11*13^4 + 11*13^5 + 4*13^6 + 2*13^7 + 10*13^8 + 5*13^9 + 3*13^10 + 2*13^11 + 9*13^12 + 3*13^13 + 9*13^14 + 3*13^15 + 5*13^16 + O(13^17) : 11 + 7*13 + 3*13^2 + 6*13^3 + 6*13^4 + 2*13^5 + 9*13^6 + 9*13^7 + 3*13^8 + 9*13^9 + 11*13^10 + 4*13^11 + 13^12 + 6*13^13 + 7*13^14 + 5*13^15 + 8*13^16 + O(13^17) : 1 + O(13^20))
   (10 + 3*13 + 8*13^2 + 12*13^3 + 11*13^4 + 11*13^5 + 4*13^6 + 2*13^7 + 10*13^8 + 5*13^9 + 3*13^10 + 2*13^11 + 9*13^12 + 3*13^13 + 9*13^14 + 3*13^15 + 5*13^16 + O(13^17) : 2 + 5*13 + 9*13^2 + 6*13^3 + 6*13^4 + 10*13^5 + 3*13^6 + 3*13^7 + 9*13^8 + 3*13^9 + 13^10 + 8*13^11 + 11*13^12 + 6*13^13 + 5*13^14 + 7*13^15 + 4*13^16 + O(13^17) : 1 + O(13^20))
   (10 + 3*13 + 9*13^2 + 13^3 + 11*13^4 + 10*13^5 + 7*13^6 + 11*13^7 + 12*13^8 + 7*13^10 + 13^11 + 8*13^12 + 11*13^13 + 10*13^14 + 8*13^15 + 6*13^16 + O(13^17) : 11 + 7*13 + 2*13^2 + 5*13^3 + 8*13^4 + 11*13^5 + 4*13^6 + 10*13^8 + 7*13^9 + 10*13^10 + 6*13^11 + 11*13^12 + 11*13^13 + 9*13^14 + 10*13^15 + O(13^17) : 1 + O(13^20))
   (10 + 3*13 + 9*13^2 + 13^3 + 11*13^4 + 10*13^5 + 7*13^6 + 11*13^7 + 12*13^8 + 7*13^10 + 13^11 + 8*13^12 + 11*13^13 + 10*13^14 + 8*13^15 + 6*13^16 + O(13^17) : 2 + 5*13 + 10*13^2 + 7*13^3 + 4*13^4 + 13^5 + 8*13^6 + 12*13^7 + 2*13^8 + 5*13^9 + 2*13^10 + 6*13^11 + 13^12 + 13^13 + 3*13^14 + 2*13^15 + 12*13^16 + O(13^17) : 1 + O(13^20))
   (10 + 4*13 + 11*13^3 + 3*13^4 + 8*13^5 + 10*13^6 + 8*13^7 + 11*13^8 + 4*13^9 + 5*13^10 + 7*13^11 + 12*13^12 + 6*13^13 + 3*13^14 + 12*13^15 + 9*13^16 + O(13^17) : 11 + 6*13 + 7*13^2 + 8*13^3 + 11*13^4 + 9*13^5 + 7*13^6 + 2*13^7 + 10*13^8 + 2*13^9 + 4*13^10 + 11*13^11 + 12*13^12 + 12*13^13 + 6*13^14 + 12*13^15 + 2*13^16 + O(13^17) : 1 + O(13^20))
   (10 + 4*13 + 11*13^3 + 3*13^4 + 8*13^5 + 10*13^6 + 8*13^7 + 11*13^8 + 4*13^9 + 5*13^10 + 7*13^11 + 12*13^12 + 6*13^13 + 3*13^14 + 12*13^15 + 9*13^16 + O(13^17) : 2 + 6*13 + 5*13^2 + 4*13^3 + 13^4 + 3*13^5 + 5*13^6 + 10*13^7 + 2*13^8 + 10*13^9 + 8*13^10 + 13^11 + 6*13^14 + 10*13^16 + O(13^17) : 1 + O(13^20))
   (10 + 4*13 + 12*13^2 + 5*13^3 + 13^5 + 2*13^6 + 10*13^7 + 3*13^8 + 13^9 + 4*13^10 + 12*13^11 + 2*13^12 + 6*13^14 + 12*13^15 + 7*13^16 + O(13^17) : 11 + 6*13 + 8*13^2 + 9*13^3 + 6*13^4 + 13^5 + 13^6 + 7*13^7 + 9*13^8 + 7*13^9 + 13^10 + 4*13^11 + 9*13^12 + 13^13 + 9*13^14 + 5*13^15 + 3*13^16 + O(13^17) : 1 + O(13^20))
   (10 + 4*13 + 12*13^2 + 5*13^3 + 13^5 + 2*13^6 + 10*13^7 + 3*13^8 + 13^9 + 4*13^10 + 12*13^11 + 2*13^12 + 6*13^14 + 12*13^15 + 7*13^16 + O(13^17) : 2 + 6*13 + 4*13^2 + 3*13^3 + 6*13^4 + 11*13^5 + 11*13^6 + 5*13^7 + 3*13^8 + 5*13^9 + 11*13^10 + 8*13^11 + 3*13^12 + 11*13^13 + 3*13^14 + 7*13^15 + 9*13^16 + O(13^17) : 1 + O(13^20))
   (10 + 4*13 + 13^2 + 2*13^3 + 3*13^4 + 12*13^5 + 8*13^6 + 12*13^8 + 8*13^9 + 8*13^10 + 6*13^11 + 3*13^13 + 2*13^14 + 3*13^15 + 9*13^16 + O(13^17) : 11 + 6*13 + 6*13^2 + 8*13^3 + 6*13^4 + 7*13^5 + 5*13^6 + 2*13^7 + 7*13^9 + 3*13^10 + 8*13^11 + 10*13^12 + 11*13^13 + 3*13^14 + 3*13^15 + 6*13^16 + O(13^17) : 1 + O(13^20))
   (10 + 4*13 + 13^2 + 2*13^3 + 3*13^4 + 12*13^5 + 8*13^6 + 12*13^8 + 8*13^9 + 8*13^10 + 6*13^11 + 3*13^13 + 2*13^14 + 3*13^15 + 9*13^16 + O(13^17) : 2 + 6*13 + 6*13^2 + 4*13^3 + 6*13^4 + 5*13^5 + 7*13^6 + 10*13^7 + 12*13^8 + 5*13^9 + 9*13^10 + 4*13^11 + 2*13^12 + 13^13 + 9*13^14 + 9*13^15 + 6*13^16 + O(13^17) : 1 + O(13^20))
   (10 + 4*13 + 2*13^2 + 3*13^3 + 5*13^4 + 8*13^5 + 11*13^6 + 6*13^8 + 7*13^9 + 8*13^10 + 5*13^11 + 11*13^12 + 8*13^13 + 11*13^14 + 5*13^15 + 2*13^16 + O(13^17) : 11 + 6*13 + 5*13^2 + 11*13^3 + 2*13^4 + 12*13^6 + 12*13^8 + 13^9 + 4*13^10 + 6*13^11 + 3*13^12 + 6*13^14 + 13^15 + 6*13^16 + O(13^17) : 1 + O(13^20))
   (10 + 4*13 + 2*13^2 + 3*13^3 + 5*13^4 + 8*13^5 + 11*13^6 + 6*13^8 + 7*13^9 + 8*13^10 + 5*13^11 + 11*13^12 + 8*13^13 + 11*13^14 + 5*13^15 + 2*13^16 + O(13^17) : 2 + 6*13 + 7*13^2 + 13^3 + 10*13^4 + 12*13^5 + 12*13^7 + 11*13^9 + 8*13^10 + 6*13^11 + 9*13^12 + 12*13^13 + 6*13^14 + 11*13^15 + 6*13^16 + O(13^17) : 1 + O(13^20))
   (10 + 4*13 + 6*13^2 + 10*13^3 + 2*13^4 + 11*13^5 + 4*13^6 + 5*13^7 + 13^8 + 7*13^9 + 2*13^10 + 6*13^11 + 2*13^12 + 8*13^13 + 5*13^14 + 10*13^15 + 2*13^16 + O(13^17) : 11 + 6*13 + 13^2 + 7*13^3 + 13^4 + 10*13^5 + 8*13^6 + 10*13^7 + 9*13^8 + 11*13^9 + 11*13^10 + 2*13^11 + 8*13^12 + 12*13^13 + 11*13^15 + O(13^17) : 1 + O(13^20))
   (10 + 4*13 + 6*13^2 + 10*13^3 + 2*13^4 + 11*13^5 + 4*13^6 + 5*13^7 + 13^8 + 7*13^9 + 2*13^10 + 6*13^11 + 2*13^12 + 8*13^13 + 5*13^14 + 10*13^15 + 2*13^16 + O(13^17) : 2 + 6*13 + 11*13^2 + 5*13^3 + 11*13^4 + 2*13^5 + 4*13^6 + 2*13^7 + 3*13^8 + 13^9 + 13^10 + 10*13^11 + 4*13^12 + 12*13^14 + 13^15 + 12*13^16 + O(13^17) : 1 + O(13^20))
   (10 + 4*13 + 6*13^2 + 5*13^4 + 13^5 + 11*13^6 + 2*13^7 + 5*13^8 + 5*13^9 + 5*13^10 + 6*13^11 + 4*13^12 + 7*13^13 + 10*13^14 + 10*13^15 + 9*13^16 + O(13^17) : 11 + 6*13 + 13^2 + 4*13^3 + 11*13^4 + 5*13^5 + 7*13^6 + 9*13^7 + 9*13^8 + 6*13^9 + 11*13^10 + 2*13^11 + 6*13^12 + 6*13^13 + 2*13^14 + 9*13^15 + 12*13^16 + O(13^17) : 1 + O(13^20))
   (10 + 4*13 + 6*13^2 + 5*13^4 + 13^5 + 11*13^6 + 2*13^7 + 5*13^8 + 5*13^9 + 5*13^10 + 6*13^11 + 4*13^12 + 7*13^13 + 10*13^14 + 10*13^15 + 9*13^16 + O(13^17) : 2 + 6*13 + 11*13^2 + 8*13^3 + 13^4 + 7*13^5 + 5*13^6 + 3*13^7 + 3*13^8 + 6*13^9 + 13^10 + 10*13^11 + 6*13^12 + 6*13^13 + 10*13^14 + 3*13^15 + O(13^17) : 1 + O(13^20))
   (10 + 4*13 + 7*13^2 + 11*13^3 + 4*13^5 + 4*13^6 + 12*13^7 + 2*13^8 + 5*13^9 + 11*13^11 + 6*13^12 + 13^14 + 8*13^15 + 5*13^16 + O(13^17) : 11 + 6*13 + 10*13^3 + 3*13^4 + 2*13^5 + 4*13^6 + 9*13^7 + 12*13^8 + 6*13^9 + 7*13^11 + 5*13^12 + 8*13^14 + 7*13^16 + O(13^17) : 1 + O(13^20))
   (10 + 4*13 + 7*13^2 + 11*13^3 + 4*13^5 + 4*13^6 + 12*13^7 + 2*13^8 + 5*13^9 + 11*13^11 + 6*13^12 + 13^14 + 8*13^15 + 5*13^16 + O(13^17) : 2 + 6*13 + 12*13^2 + 2*13^3 + 9*13^4 + 10*13^5 + 8*13^6 + 3*13^7 + 6*13^9 + 12*13^10 + 5*13^11 + 7*13^12 + 12*13^13 + 4*13^14 + 12*13^15 + 5*13^16 + O(13^17) : 1 + O(13^20))
   (10 + 4*13^3 + 8*13^4 + 12*13^5 + 3*13^7 + 4*13^8 + 2*13^9 + 13^11 + 9*13^12 + 7*13^13 + 5*13^14 + 12*13^15 + 13^16 + O(13^17) : 11 + 10*13 + 2*13^2 + 6*13^3 + 8*13^4 + 12*13^5 + 10*13^6 + 10*13^7 + 11*13^8 + 4*13^9 + 12*13^10 + 11*13^11 + 10*13^12 + 10*13^13 + 12*13^14 + 9*13^15 + 8*13^16 + O(13^17) : 1 + O(13^20))
   (10 + 4*13^3 + 8*13^4 + 12*13^5 + 3*13^7 + 4*13^8 + 2*13^9 + 13^11 + 9*13^12 + 7*13^13 + 5*13^14 + 12*13^15 + 13^16 + O(13^17) : 2 + 2*13 + 10*13^2 + 6*13^3 + 4*13^4 + 2*13^6 + 2*13^7 + 13^8 + 8*13^9 + 13^11 + 2*13^12 + 2*13^13 + 3*13^15 + 4*13^16 + O(13^17) : 1 + O(13^20))
   (10 + 5*13 + 10*13^2 + 5*13^3 + 4*13^4 + 11*13^5 + 10*13^6 + 5*13^7 + 10*13^8 + 11*13^9 + 13^10 + 2*13^11 + 7*13^12 + 6*13^13 + 7*13^14 + 8*13^15 + 11*13^16 + O(13^17) : 11 + 5*13 + 9*13^2 + 11*13^3 + 3*13^4 + 2*13^5 + 11*13^6 + 4*13^7 + 3*13^8 + 9*13^9 + 12*13^10 + 3*13^11 + 10*13^13 + 8*13^14 + 10*13^15 + 8*13^16 + O(13^17) : 1 + O(13^20))
   (10 + 5*13 + 10*13^2 + 5*13^3 + 4*13^4 + 11*13^5 + 10*13^6 + 5*13^7 + 10*13^8 + 11*13^9 + 13^10 + 2*13^11 + 7*13^12 + 6*13^13 + 7*13^14 + 8*13^15 + 11*13^16 + O(13^17) : 2 + 7*13 + 3*13^2 + 13^3 + 9*13^4 + 10*13^5 + 13^6 + 8*13^7 + 9*13^8 + 3*13^9 + 9*13^11 + 12*13^12 + 2*13^13 + 4*13^14 + 2*13^15 + 4*13^16 + O(13^17) : 1 + O(13^20))
   (10 + 5*13 + 10*13^3 + 10*13^4 + 9*13^5 + 12*13^6 + 10*13^7 + 12*13^8 + 9*13^9 + 8*13^10 + 4*13^11 + 5*13^12 + 6*13^13 + 7*13^14 + 11*13^15 + 7*13^16 + O(13^17) : 11 + 5*13 + 6*13^2 + 2*13^3 + 7*13^4 + 8*13^5 + 5*13^6 + 8*13^7 + 5*13^8 + 8*13^9 + 13^10 + 12*13^11 + 11*13^12 + 11*13^13 + 3*13^14 + 8*13^15 + 11*13^16 + O(13^17) : 1 + O(13^20))
   (10 + 5*13 + 10*13^3 + 10*13^4 + 9*13^5 + 12*13^6 + 10*13^7 + 12*13^8 + 9*13^9 + 8*13^10 + 4*13^11 + 5*13^12 + 6*13^13 + 7*13^14 + 11*13^15 + 7*13^16 + O(13^17) : 2 + 7*13 + 6*13^2 + 10*13^3 + 5*13^4 + 4*13^5 + 7*13^6 + 4*13^7 + 7*13^8 + 4*13^9 + 11*13^10 + 13^12 + 13^13 + 9*13^14 + 4*13^15 + 13^16 + O(13^17) : 1 + O(13^20))
   (10 + 5*13 + 11*13^2 + 4*13^3 + 11*13^4 + 12*13^5 + 3*13^6 + 11*13^7 + 4*13^8 + 5*13^9 + 8*13^10 + 13^11 + 6*13^12 + 2*13^13 + 6*13^14 + 7*13^15 + 8*13^16 + O(13^17) : 11 + 5*13 + 8*13^2 + 6*13^3 + 2*13^4 + 9*13^5 + 11*13^6 + 3*13^7 + 8*13^8 + 12*13^9 + 4*13^10 + 13^11 + 12*13^12 + 12*13^13 + 10*13^14 + 3*13^15 + 13^16 + O(13^17) : 1 + O(13^20))
   (10 + 5*13 + 11*13^2 + 4*13^3 + 11*13^4 + 12*13^5 + 3*13^6 + 11*13^7 + 4*13^8 + 5*13^9 + 8*13^10 + 13^11 + 6*13^12 + 2*13^13 + 6*13^14 + 7*13^15 + 8*13^16 + O(13^17) : 2 + 7*13 + 4*13^2 + 6*13^3 + 10*13^4 + 3*13^5 + 13^6 + 9*13^7 + 4*13^8 + 8*13^10 + 11*13^11 + 2*13^14 + 9*13^15 + 11*13^16 + O(13^17) : 1 + O(13^20))
   (10 + 5*13 + 12*13^2 + 6*13^3 + 5*13^4 + 2*13^5 + 2*13^6 + 11*13^7 + 4*13^8 + 5*13^9 + 2*13^10 + 4*13^11 + 10*13^12 + 2*13^13 + 12*13^14 + 6*13^15 + 10*13^16 + O(13^17) : 11 + 5*13 + 7*13^2 + 11*13^3 + 11*13^4 + 12*13^5 + 9*13^6 + 11*13^7 + 7*13^8 + 11*13^9 + 2*13^11 + 7*13^13 + 7*13^14 + 10*13^15 + O(13^17) : 1 + O(13^20))
   (10 + 5*13 + 12*13^2 + 6*13^3 + 5*13^4 + 2*13^5 + 2*13^6 + 11*13^7 + 4*13^8 + 5*13^9 + 2*13^10 + 4*13^11 + 10*13^12 + 2*13^13 + 12*13^14 + 6*13^15 + 10*13^16 + O(13^17) : 2 + 7*13 + 5*13^2 + 13^3 + 13^4 + 3*13^6 + 13^7 + 5*13^8 + 13^9 + 12*13^10 + 10*13^11 + 12*13^12 + 5*13^13 + 5*13^14 + 2*13^15 + 12*13^16 + O(13^17) : 1 + O(13^20))
   (10 + 5*13 + 5*13^2 + 7*13^3 + 8*13^4 + 6*13^5 + 12*13^6 + 9*13^7 + 8*13^8 + 8*13^9 + 13^11 + 13^12 + 2*13^13 + 13^14 + 9*13^15 + 2*13^16 + O(13^17) : 11 + 5*13 + 13^2 + 13^3 + 9*13^4 + 9*13^5 + 12*13^6 + 2*13^7 + 13^8 + 12*13^9 + 13^10 + 3*13^11 + 2*13^12 + 7*13^13 + 4*13^14 + 9*13^15 + 7*13^16 + O(13^17) : 1 + O(13^20))
   (10 + 5*13 + 5*13^2 + 7*13^3 + 8*13^4 + 6*13^5 + 12*13^6 + 9*13^7 + 8*13^8 + 8*13^9 + 13^11 + 13^12 + 2*13^13 + 13^14 + 9*13^15 + 2*13^16 + O(13^17) : 2 + 7*13 + 11*13^2 + 11*13^3 + 3*13^4 + 3*13^5 + 10*13^7 + 11*13^8 + 11*13^10 + 9*13^11 + 10*13^12 + 5*13^13 + 8*13^14 + 3*13^15 + 5*13^16 + O(13^17) : 1 + O(13^20))
   (10 + 5*13 + 6*13^2 + 3*13^3 + 9*13^4 + 13^5 + 8*13^7 + 3*13^8 + 5*13^9 + 3*13^10 + 2*13^11 + 6*13^12 + 5*13^13 + 4*13^14 + 6*13^15 + 6*13^16 + O(13^17) : 11 + 5*13 + 12*13^3 + 3*13^4 + 7*13^5 + 9*13^6 + 13^7 + 8*13^8 + 12*13^9 + 13^10 + 5*13^11 + 10*13^12 + 7*13^13 + 3*13^14 + 5*13^15 + 8*13^16 + O(13^17) : 1 + O(13^20))
   (10 + 5*13 + 6*13^2 + 3*13^3 + 9*13^4 + 13^5 + 8*13^7 + 3*13^8 + 5*13^9 + 3*13^10 + 2*13^11 + 6*13^12 + 5*13^13 + 4*13^14 + 6*13^15 + 6*13^16 + O(13^17) : 2 + 7*13 + 12*13^2 + 9*13^4 + 5*13^5 + 3*13^6 + 11*13^7 + 4*13^8 + 11*13^10 + 7*13^11 + 2*13^12 + 5*13^13 + 9*13^14 + 7*13^15 + 4*13^16 + O(13^17) : 1 + O(13^20))
   (10 + 5*13 + 6*13^2 + 6*13^3 + 5*13^4 + 10*13^5 + 10*13^6 + 6*13^7 + 6*13^8 + 11*13^10 + 11*13^11 + 4*13^13 + 3*13^14 + 4*13^15 + 11*13^16 + O(13^17) : 11 + 5*13 + 9*13^3 + 2*13^4 + 12*13^6 + 8*13^7 + 2*13^8 + 12*13^9 + 5*13^10 + 7*13^11 + 3*13^12 + 12*13^13 + 11*13^14 + 13^16 + O(13^17) : 1 + O(13^20))
   (10 + 5*13 + 6*13^2 + 6*13^3 + 5*13^4 + 10*13^5 + 10*13^6 + 6*13^7 + 6*13^8 + 11*13^10 + 11*13^11 + 4*13^13 + 3*13^14 + 4*13^15 + 11*13^16 + O(13^17) : 2 + 7*13 + 12*13^2 + 3*13^3 + 10*13^4 + 12*13^5 + 4*13^7 + 10*13^8 + 7*13^10 + 5*13^11 + 9*13^12 + 13^14 + 12*13^15 + 11*13^16 + O(13^17) : 1 + O(13^20))
   (10 + 6*13 + 12*13^2 + 12*13^3 + 11*13^4 + 5*13^5 + 10*13^6 + 3*13^7 + 11*13^8 + 10*13^9 + 12*13^10 + 9*13^11 + 10*13^12 + 6*13^13 + 13^14 + 12*13^15 + 12*13^16 + O(13^17) : 11 + 4*13 + 9*13^2 + 6*13^3 + 7*13^4 + 9*13^5 + 9*13^6 + 3*13^7 + 11*13^8 + 7*13^9 + 7*13^10 + 13^11 + 11*13^12 + 9*13^13 + 2*13^14 + 6*13^15 + 5*13^16 + O(13^17) : 1 + O(13^20))
   (10 + 6*13 + 12*13^2 + 12*13^3 + 11*13^4 + 5*13^5 + 10*13^6 + 3*13^7 + 11*13^8 + 10*13^9 + 12*13^10 + 9*13^11 + 10*13^12 + 6*13^13 + 13^14 + 12*13^15 + 12*13^16 + O(13^17) : 2 + 8*13 + 3*13^2 + 6*13^3 + 5*13^4 + 3*13^5 + 3*13^6 + 9*13^7 + 13^8 + 5*13^9 + 5*13^10 + 11*13^11 + 13^12 + 3*13^13 + 10*13^14 + 6*13^15 + 7*13^16 + O(13^17) : 1 + O(13^20))
   (10 + 6*13 + 13^2 + 13^3 + 5*13^4 + 8*13^5 + 9*13^6 + 11*13^7 + 12*13^8 + 8*13^9 + 11*13^10 + 11*13^11 + 8*13^12 + 11*13^13 + 5*13^14 + 4*13^15 + 8*13^16 + O(13^17) : 11 + 4*13 + 7*13^2 + 12*13^3 + 9*13^4 + 8*13^5 + 6*13^6 + 2*13^7 + 7*13^8 + 3*13^9 + 8*13^10 + 8*13^11 + 12*13^12 + 10*13^13 + 6*13^14 + 11*13^15 + 6*13^16 + O(13^17) : 1 + O(13^20))
   (10 + 6*13 + 13^2 + 13^3 + 5*13^4 + 8*13^5 + 9*13^6 + 11*13^7 + 12*13^8 + 8*13^9 + 11*13^10 + 11*13^11 + 8*13^12 + 11*13^13 + 5*13^14 + 4*13^15 + 8*13^16 + O(13^17) : 2 + 8*13 + 5*13^2 + 3*13^4 + 4*13^5 + 6*13^6 + 10*13^7 + 5*13^8 + 9*13^9 + 4*13^10 + 4*13^11 + 2*13^13 + 6*13^14 + 13^15 + 6*13^16 + O(13^17) : 1 + O(13^20))
   (10 + 6*13 + 3*13^2 + 10*13^3 + 13^4 + 13^5 + 4*13^6 + 13^7 + 7*13^8 + 7*13^9 + 4*13^10 + 2*13^11 + 12*13^12 + 7*13^13 + 3*13^14 + 5*13^15 + 12*13^16 + O(13^17) : 11 + 4*13 + 5*13^2 + 10*13^3 + 9*13^4 + 5*13^5 + 8*13^6 + 6*13^7 + 6*13^8 + 7*13^9 + 12*13^10 + 12*13^11 + 4*13^12 + 3*13^13 + 8*13^14 + 12*13^15 + 7*13^16 + O(13^17) : 1 + O(13^20))
   (10 + 6*13 + 3*13^2 + 10*13^3 + 13^4 + 13^5 + 4*13^6 + 13^7 + 7*13^8 + 7*13^9 + 4*13^10 + 2*13^11 + 12*13^12 + 7*13^13 + 3*13^14 + 5*13^15 + 12*13^16 + O(13^17) : 2 + 8*13 + 7*13^2 + 2*13^3 + 3*13^4 + 7*13^5 + 4*13^6 + 6*13^7 + 6*13^8 + 5*13^9 + 8*13^12 + 9*13^13 + 4*13^14 + 5*13^16 + O(13^17) : 1 + O(13^20))
   (10 + 6*13 + 3*13^2 + 3*13^3 + 8*13^4 + 7*13^5 + 11*13^6 + 5*13^7 + 5*13^8 + 5*13^9 + 3*13^10 + 10*13^13 + 2*13^14 + 4*13^15 + 8*13^16 + O(13^17) : 11 + 4*13 + 5*13^2 + 4*13^3 + 11*13^4 + 4*13^5 + 12*13^6 + 6*13^7 + 5*13^8 + 11*13^9 + 3*13^10 + 3*13^11 + 13^12 + 9*13^14 + 7*13^15 + 7*13^16 + O(13^17) : 1 + O(13^20))
   (10 + 6*13 + 3*13^2 + 3*13^3 + 8*13^4 + 7*13^5 + 11*13^6 + 5*13^7 + 5*13^8 + 5*13^9 + 3*13^10 + 10*13^13 + 2*13^14 + 4*13^15 + 8*13^16 + O(13^17) : 2 + 8*13 + 7*13^2 + 8*13^3 + 13^4 + 8*13^5 + 6*13^7 + 7*13^8 + 13^9 + 9*13^10 + 9*13^11 + 11*13^12 + 12*13^13 + 3*13^14 + 5*13^15 + 5*13^16 + O(13^17) : 1 + O(13^20))
   (10 + 6*13 + 6*13^2 + 11*13^3 + 3*13^4 + 12*13^5 + 13^6 + 2*13^7 + 12*13^8 + 9*13^9 + 12*13^10 + 7*13^11 + 7*13^12 + 7*13^13 + 7*13^14 + 11*13^15 + 12*13^16 + O(13^17) : 11 + 4*13 + 2*13^2 + 4*13^4 + 4*13^5 + 11*13^6 + 5*13^7 + 3*13^8 + 9*13^9 + 2*13^10 + 6*13^11 + 7*13^13 + 11*13^14 + 7*13^15 + 5*13^16 + O(13^17) : 1 + O(13^20))
   (10 + 6*13 + 6*13^2 + 11*13^3 + 3*13^4 + 12*13^5 + 13^6 + 2*13^7 + 12*13^8 + 9*13^9 + 12*13^10 + 7*13^11 + 7*13^12 + 7*13^13 + 7*13^14 + 11*13^15 + 12*13^16 + O(13^17) : 2 + 8*13 + 10*13^2 + 12*13^3 + 8*13^4 + 8*13^5 + 13^6 + 7*13^7 + 9*13^8 + 3*13^9 + 10*13^10 + 6*13^11 + 12*13^12 + 5*13^13 + 13^14 + 5*13^15 + 7*13^16 + O(13^17) : 1 + O(13^20))
   (10 + 6*13 + 9*13^3 + 12*13^4 + 8*13^5 + 10*13^6 + 13^8 + 12*13^9 + 12*13^10 + 5*13^11 + 11*13^12 + 3*13^13 + 13^14 + O(13^17) : 11 + 4*13 + 8*13^2 + 7*13^3 + 3*13^4 + 12*13^5 + 11*13^6 + 10*13^7 + 4*13^8 + 8*13^9 + 2*13^10 + 7*13^11 + 6*13^12 + 4*13^13 + 3*13^15 + 4*13^16 + O(13^17) : 1 + O(13^20))
   (10 + 6*13 + 9*13^3 + 12*13^4 + 8*13^5 + 10*13^6 + 13^8 + 12*13^9 + 12*13^10 + 5*13^11 + 11*13^12 + 3*13^13 + 13^14 + O(13^17) : 2 + 8*13 + 4*13^2 + 5*13^3 + 9*13^4 + 13^6 + 2*13^7 + 8*13^8 + 4*13^9 + 10*13^10 + 5*13^11 + 6*13^12 + 8*13^13 + 12*13^14 + 9*13^15 + 8*13^16 + O(13^17) : 1 + O(13^20))
   (10 + 6*13^2 + 2*13^4 + 10*13^5 + 7*13^6 + 3*13^7 + 8*13^8 + 13^9 + 6*13^10 + 11*13^12 + 11*13^13 + 9*13^14 + 8*13^15 + 13^16 + O(13^17) : 11 + 10*13 + 9*13^2 + 11*13^4 + 4*13^5 + 6*13^6 + 6*13^7 + 9*13^8 + 5*13^9 + 4*13^10 + 3*13^11 + 2*13^12 + 5*13^13 + 7*13^14 + 12*13^15 + 13^16 + O(13^17) : 1 + O(13^20))
   (10 + 6*13^2 + 2*13^4 + 10*13^5 + 7*13^6 + 3*13^7 + 8*13^8 + 13^9 + 6*13^10 + 11*13^12 + 11*13^13 + 9*13^14 + 8*13^15 + 13^16 + O(13^17) : 2 + 2*13 + 3*13^2 + 12*13^3 + 13^4 + 8*13^5 + 6*13^6 + 6*13^7 + 3*13^8 + 7*13^9 + 8*13^10 + 9*13^11 + 10*13^12 + 7*13^13 + 5*13^14 + 11*13^16 + O(13^17) : 1 + O(13^20))
   (10 + 7*13 + 10*13^2 + 3*13^3 + 13^4 + 13^5 + 13^6 + 4*13^7 + 4*13^8 + 10*13^9 + 9*13^10 + 11*13^11 + 8*13^12 + 3*13^13 + 9*13^14 + 11*13^15 + 13^16 + O(13^17) : 11 + 3*13 + 3*13^2 + 3*13^3 + 5*13^4 + 4*13^5 + 6*13^6 + 2*13^7 + 2*13^8 + 4*13^11 + 4*13^12 + 11*13^13 + 11*13^14 + 6*13^15 + 7*13^16 + O(13^17) : 1 + O(13^20))
   (10 + 7*13 + 10*13^2 + 3*13^3 + 13^4 + 13^5 + 13^6 + 4*13^7 + 4*13^8 + 10*13^9 + 9*13^10 + 11*13^11 + 8*13^12 + 3*13^13 + 9*13^14 + 11*13^15 + 13^16 + O(13^17) : 2 + 9*13 + 9*13^2 + 9*13^3 + 7*13^4 + 8*13^5 + 6*13^6 + 10*13^7 + 10*13^8 + 12*13^9 + 12*13^10 + 8*13^11 + 8*13^12 + 13^13 + 13^14 + 6*13^15 + 5*13^16 + O(13^17) : 1 + O(13^20))
   (10 + 7*13 + 10*13^3 + 3*13^4 + 9*13^5 + 4*13^6 + 13^7 + 6*13^8 + 3*13^9 + 3*13^10 + 2*13^11 + 13^12 + 5*13^13 + 5*13^14 + 13^15 + 4*13^16 + O(13^17) : 11 + 3*13 + 10*13^3 + 5*13^4 + 4*13^5 + 8*13^6 + 3*13^7 + 12*13^8 + 7*13^9 + 12*13^10 + 10*13^11 + 11*13^12 + 9*13^14 + 13^15 + 12*13^16 + O(13^17) : 1 + O(13^20))
   (10 + 7*13 + 10*13^3 + 3*13^4 + 9*13^5 + 4*13^6 + 13^7 + 6*13^8 + 3*13^9 + 3*13^10 + 2*13^11 + 13^12 + 5*13^13 + 5*13^14 + 13^15 + 4*13^16 + O(13^17) : 2 + 9*13 + 12*13^2 + 2*13^3 + 7*13^4 + 8*13^5 + 4*13^6 + 9*13^7 + 5*13^9 + 2*13^11 + 13^12 + 12*13^13 + 3*13^14 + 11*13^15 + O(13^17) : 1 + O(13^20))
   (10 + 7*13 + 11*13^2 + 5*13^4 + 5*13^5 + 7*13^6 + 8*13^7 + 5*13^8 + 13^9 + 12*13^10 + 2*13^11 + 12*13^12 + 2*13^13 + 8*13^15 + 9*13^16 + O(13^17) : 11 + 3*13 + 2*13^2 + 6*13^3 + 12*13^4 + 3*13^5 + 7*13^6 + 2*13^7 + 3*13^8 + 4*13^9 + 8*13^10 + 4*13^11 + 2*13^12 + 13^13 + 10*13^14 + 12*13^15 + 12*13^16 + O(13^17) : 1 + O(13^20))
   (10 + 7*13 + 11*13^2 + 5*13^4 + 5*13^5 + 7*13^6 + 8*13^7 + 5*13^8 + 13^9 + 12*13^10 + 2*13^11 + 12*13^12 + 2*13^13 + 8*13^15 + 9*13^16 + O(13^17) : 2 + 9*13 + 10*13^2 + 6*13^3 + 9*13^5 + 5*13^6 + 10*13^7 + 9*13^8 + 8*13^9 + 4*13^10 + 8*13^11 + 10*13^12 + 11*13^13 + 2*13^14 + O(13^17) : 1 + O(13^20))
   (10 + 7*13 + 13^2 + 3*13^3 + 10*13^4 + 12*13^5 + 9*13^6 + 10*13^7 + 9*13^8 + 4*13^9 + 9*13^10 + 13^11 + 11*13^12 + 12*13^13 + 7*13^16 + O(13^17) : 11 + 3*13 + 12*13^2 + 3*13^3 + 6*13^4 + 13^5 + 5*13^6 + 6*13^7 + 5*13^8 + 10*13^9 + 13^10 + 8*13^11 + 9*13^12 + 7*13^13 + 13^14 + 3*13^15 + 2*13^16 + O(13^17) : 1 + O(13^20))
   (10 + 7*13 + 13^2 + 3*13^3 + 10*13^4 + 12*13^5 + 9*13^6 + 10*13^7 + 9*13^8 + 4*13^9 + 9*13^10 + 13^11 + 11*13^12 + 12*13^13 + 7*13^16 + O(13^17) : 2 + 9*13 + 9*13^3 + 6*13^4 + 11*13^5 + 7*13^6 + 6*13^7 + 7*13^8 + 2*13^9 + 11*13^10 + 4*13^11 + 3*13^12 + 5*13^13 + 11*13^14 + 9*13^15 + 10*13^16 + O(13^17) : 1 + O(13^20))
   (10 + 7*13 + 4*13^2 + 4*13^3 + 13^4 + 13^5 + 12*13^6 + 12*13^7 + 6*13^8 + 2*13^9 + 7*13^10 + 9*13^11 + 8*13^12 + 8*13^13 + 11*13^14 + 2*13^15 + 13^16 + O(13^17) : 11 + 3*13 + 9*13^2 + 2*13^3 + 2*13^4 + 6*13^5 + 12*13^6 + 3*13^7 + 9*13^8 + 6*13^9 + 3*13^10 + 4*13^11 + 6*13^12 + 13^14 + 3*13^15 + 13^16 + O(13^17) : 1 + O(13^20))
   (10 + 7*13 + 4*13^2 + 4*13^3 + 13^4 + 13^5 + 12*13^6 + 12*13^7 + 6*13^8 + 2*13^9 + 7*13^10 + 9*13^11 + 8*13^12 + 8*13^13 + 11*13^14 + 2*13^15 + 13^16 + O(13^17) : 2 + 9*13 + 3*13^2 + 10*13^3 + 10*13^4 + 6*13^5 + 9*13^7 + 3*13^8 + 6*13^9 + 9*13^10 + 8*13^11 + 6*13^12 + 12*13^13 + 11*13^14 + 9*13^15 + 11*13^16 + O(13^17) : 1 + O(13^20))
   (10 + 7*13 + 8*13^2 + 11*13^3 + 11*13^4 + 11*13^5 + 6*13^6 + 12*13^7 + 11*13^8 + 11*13^9 + 13^10 + 9*13^11 + 6*13^12 + 13^13 + 10*13^14 + 13^15 + 6*13^16 + O(13^17) : 11 + 3*13 + 5*13^2 + 8*13^3 + 7*13^4 + 4*13^5 + 2*13^6 + 13^7 + 13^8 + 12*13^9 + 11*13^10 + 8*13^11 + 12*13^12 + 9*13^13 + 10*13^14 + 12*13^15 + 5*13^16 + O(13^17) : 1 + O(13^20))
   (10 + 7*13 + 8*13^2 + 11*13^3 + 11*13^4 + 11*13^5 + 6*13^6 + 12*13^7 + 11*13^8 + 11*13^9 + 13^10 + 9*13^11 + 6*13^12 + 13^13 + 10*13^14 + 13^15 + 6*13^16 + O(13^17) : 2 + 9*13 + 7*13^2 + 4*13^3 + 5*13^4 + 8*13^5 + 10*13^6 + 11*13^7 + 11*13^8 + 13^10 + 4*13^11 + 3*13^13 + 2*13^14 + 7*13^16 + O(13^17) : 1 + O(13^20))
   (10 + 7*13^2 + 3*13^3 + 11*13^4 + 8*13^5 + 2*13^6 + 10*13^7 + 8*13^8 + 13^9 + 12*13^11 + 2*13^12 + 13^14 + 8*13^15 + 6*13^16 + O(13^17) : 11 + 10*13 + 8*13^2 + 2*13^3 + 6*13^4 + 11*13^5 + 2*13^6 + 7*13^7 + 6*13^8 + 13^9 + 11*13^10 + 4*13^11 + 2*13^12 + 11*13^13 + 12*13^15 + 10*13^16 + O(13^17) : 1 + O(13^20))
   (10 + 7*13^2 + 3*13^3 + 11*13^4 + 8*13^5 + 2*13^6 + 10*13^7 + 8*13^8 + 13^9 + 12*13^11 + 2*13^12 + 13^14 + 8*13^15 + 6*13^16 + O(13^17) : 2 + 2*13 + 4*13^2 + 10*13^3 + 6*13^4 + 13^5 + 10*13^6 + 5*13^7 + 6*13^8 + 11*13^9 + 13^10 + 8*13^11 + 10*13^12 + 13^13 + 12*13^14 + 2*13^16 + O(13^17) : 1 + O(13^20))
   (10 + 8*13 + 3*13^2 + 9*13^3 + 6*13^4 + 12*13^5 + 11*13^6 + 10*13^7 + 11*13^8 + 13^9 + 11*13^10 + 12*13^11 + 10*13^12 + 8*13^13 + 4*13^14 + O(13^17) : 11 + 2*13 + 5*13^2 + 10*13^3 + 2*13^4 + 12*13^6 + 2*13^7 + 11*13^8 + 8*13^9 + 2*13^10 + 13^11 + 9*13^12 + 5*13^13 + 7*13^14 + 10*13^15 + 13^16 + O(13^17) : 1 + O(13^20))
   (10 + 8*13 + 3*13^2 + 9*13^3 + 6*13^4 + 12*13^5 + 11*13^6 + 10*13^7 + 11*13^8 + 13^9 + 11*13^10 + 12*13^11 + 10*13^12 + 8*13^13 + 4*13^14 + O(13^17) : 2 + 10*13 + 7*13^2 + 2*13^3 + 10*13^4 + 12*13^5 + 10*13^7 + 13^8 + 4*13^9 + 10*13^10 + 11*13^11 + 3*13^12 + 7*13^13 + 5*13^14 + 2*13^15 + 11*13^16 + O(13^17) : 1 + O(13^20))
   (10 + 8*13 + 4*13^2 + 8*13^3 + 10*13^4 + 13^5 + 6*13^6 + 10*13^7 + 7*13^8 + 6*13^9 + 4*13^10 + 6*13^11 + 10*13^12 + 6*13^13 + 9*13^14 + 4*13^15 + 2*13^16 + O(13^17) : 11 + 2*13 + 4*13^2 + 13^3 + 6*13^4 + 2*13^5 + 8*13^6 + 11*13^7 + 2*13^8 + 5*13^9 + 3*13^10 + 5*13^11 + 12*13^12 + 13^13 + 8*13^14 + 9*13^15 + 5*13^16 + O(13^17) : 1 + O(13^20))
   (10 + 8*13 + 4*13^2 + 8*13^3 + 10*13^4 + 13^5 + 6*13^6 + 10*13^7 + 7*13^8 + 6*13^9 + 4*13^10 + 6*13^11 + 10*13^12 + 6*13^13 + 9*13^14 + 4*13^15 + 2*13^16 + O(13^17) : 2 + 10*13 + 8*13^2 + 11*13^3 + 6*13^4 + 10*13^5 + 4*13^6 + 13^7 + 10*13^8 + 7*13^9 + 9*13^10 + 7*13^11 + 11*13^13 + 4*13^14 + 3*13^15 + 7*13^16 + O(13^17) : 1 + O(13^20))
   (10 + 8*13 + 5*13^2 + 2*13^3 + 9*13^4 + 8*13^5 + 2*13^6 + 8*13^7 + 5*13^8 + 13^9 + 3*13^10 + 7*13^11 + 2*13^12 + 8*13^13 + 7*13^14 + 8*13^15 + 4*13^16 + O(13^17) : 11 + 2*13 + 3*13^2 + 10*13^3 + 2*13^4 + 4*13^5 + 3*13^6 + 2*13^7 + 12*13^8 + 9*13^9 + 3*13^10 + 13^11 + 9*13^12 + 3*13^13 + 6*13^14 + 4*13^15 + 6*13^16 + O(13^17) : 1 + O(13^20))
   (10 + 8*13 + 5*13^2 + 2*13^3 + 9*13^4 + 8*13^5 + 2*13^6 + 8*13^7 + 5*13^8 + 13^9 + 3*13^10 + 7*13^11 + 2*13^12 + 8*13^13 + 7*13^14 + 8*13^15 + 4*13^16 + O(13^17) : 2 + 10*13 + 9*13^2 + 2*13^3 + 10*13^4 + 8*13^5 + 9*13^6 + 10*13^7 + 3*13^9 + 9*13^10 + 11*13^11 + 3*13^12 + 9*13^13 + 6*13^14 + 8*13^15 + 6*13^16 + O(13^17) : 1 + O(13^20))
   (10 + 8*13 + 5*13^2 + 9*13^3 + 10*13^4 + 10*13^5 + 3*13^6 + 12*13^7 + 6*13^8 + 10*13^9 + 6*13^10 + 13^11 + 11*13^12 + 9*13^13 + 6*13^14 + 3*13^15 + 13^16 + O(13^17) : 11 + 2*13 + 3*13^2 + 3*13^3 + 9*13^4 + 10*13^5 + 11*13^6 + 5*13^7 + 13^8 + 4*13^9 + 11*13^10 + 6*13^11 + 7*13^12 + 3*13^13 + 4*13^14 + 6*13^15 + 12*13^16 + O(13^17) : 1 + O(13^20))
   (10 + 8*13 + 5*13^2 + 9*13^3 + 10*13^4 + 10*13^5 + 3*13^6 + 12*13^7 + 6*13^8 + 10*13^9 + 6*13^10 + 13^11 + 11*13^12 + 9*13^13 + 6*13^14 + 3*13^15 + 13^16 + O(13^17) : 2 + 10*13 + 9*13^2 + 9*13^3 + 3*13^4 + 2*13^5 + 13^6 + 7*13^7 + 11*13^8 + 8*13^9 + 13^10 + 6*13^11 + 5*13^12 + 9*13^13 + 8*13^14 + 6*13^15 + O(13^17) : 1 + O(13^20))
   (10 + 8*13 + 6*13^2 + 2*13^3 + 8*13^4 + 8*13^6 + 13^7 + 11*13^8 + 12*13^9 + 6*13^10 + 11*13^11 + 13^12 + 2*13^13 + 3*13^14 + 9*13^15 + 4*13^16 + O(13^17) : 11 + 2*13 + 2*13^2 + 7*13^4 + 13^5 + 6*13^6 + 3*13^7 + 13^8 + 6*13^9 + 9*13^10 + 11*13^11 + 12*13^12 + 3*13^13 + 8*13^14 + 2*13^15 + 5*13^16 + O(13^17) : 1 + O(13^20))
   (10 + 8*13 + 6*13^2 + 2*13^3 + 8*13^4 + 8*13^6 + 13^7 + 11*13^8 + 12*13^9 + 6*13^10 + 11*13^11 + 13^12 + 2*13^13 + 3*13^14 + 9*13^15 + 4*13^16 + O(13^17) : 2 + 10*13 + 10*13^2 + 12*13^3 + 5*13^4 + 11*13^5 + 6*13^6 + 9*13^7 + 11*13^8 + 6*13^9 + 3*13^10 + 13^11 + 9*13^13 + 4*13^14 + 10*13^15 + 7*13^16 + O(13^17) : 1 + O(13^20))
   (10 + 8*13 + 6*13^2 + 3*13^4 + 6*13^5 + 10*13^6 + 11*13^7 + 12*13^8 + 11*13^9 + 11*13^10 + 13^11 + 4*13^12 + 3*13^13 + 12*13^14 + 12*13^15 + 10*13^16 + O(13^17) : 11 + 2*13 + 2*13^2 + 2*13^3 + 6*13^4 + 10*13^5 + 11*13^6 + 3*13^7 + 9*13^8 + 3*13^9 + 11*13^10 + 9*13^11 + 13^12 + 11*13^13 + 6*13^14 + 4*13^15 + 3*13^16 + O(13^17) : 1 + O(13^20))
   (10 + 8*13 + 6*13^2 + 3*13^4 + 6*13^5 + 10*13^6 + 11*13^7 + 12*13^8 + 11*13^9 + 11*13^10 + 13^11 + 4*13^12 + 3*13^13 + 12*13^14 + 12*13^15 + 10*13^16 + O(13^17) : 2 + 10*13 + 10*13^2 + 10*13^3 + 6*13^4 + 2*13^5 + 13^6 + 9*13^7 + 3*13^8 + 9*13^9 + 13^10 + 3*13^11 + 11*13^12 + 13^13 + 6*13^14 + 8*13^15 + 9*13^16 + O(13^17) : 1 + O(13^20))
   (10 + 8*13 + 7*13^2 + 2*13^3 + 12*13^4 + 6*13^5 + 5*13^6 + 12*13^7 + 11*13^8 + 4*13^9 + 11*13^10 + 9*13^12 + 8*13^13 + 9*13^14 + 8*13^15 + 7*13^16 + O(13^17) : 11 + 2*13 + 13^2 + 3*13^3 + 9*13^4 + 13^6 + 12*13^7 + 4*13^8 + 6*13^10 + 9*13^11 + 12*13^12 + 13^13 + 2*13^14 + 8*13^15 + 5*13^16 + O(13^17) : 1 + O(13^20))
   (10 + 8*13 + 7*13^2 + 2*13^3 + 12*13^4 + 6*13^5 + 5*13^6 + 12*13^7 + 11*13^8 + 4*13^9 + 11*13^10 + 9*13^12 + 8*13^13 + 9*13^14 + 8*13^15 + 7*13^16 + O(13^17) : 2 + 10*13 + 11*13^2 + 9*13^3 + 3*13^4 + 12*13^5 + 11*13^6 + 8*13^8 + 12*13^9 + 6*13^10 + 3*13^11 + 11*13^13 + 10*13^14 + 4*13^15 + 7*13^16 + O(13^17) : 1 + O(13^20))
   (10 + 9*13 + 10*13^2 + 4*13^4 + 7*13^5 + 4*13^6 + 13^7 + 2*13^8 + 3*13^9 + 13^10 + 10*13^11 + 11*13^12 + 13^13 + 5*13^14 + 10*13^15 + O(13^17) : 11 + 13 + 9*13^2 + 9*13^3 + 6*13^4 + 4*13^6 + 8*13^7 + 8*13^8 + 6*13^9 + 8*13^10 + 9*13^11 + 5*13^12 + 2*13^13 + 6*13^14 + 8*13^15 + O(13^17) : 1 + O(13^20))
   (10 + 9*13 + 10*13^2 + 4*13^4 + 7*13^5 + 4*13^6 + 13^7 + 2*13^8 + 3*13^9 + 13^10 + 10*13^11 + 11*13^12 + 13^13 + 5*13^14 + 10*13^15 + O(13^17) : 2 + 11*13 + 3*13^2 + 3*13^3 + 6*13^4 + 12*13^5 + 8*13^6 + 4*13^7 + 4*13^8 + 6*13^9 + 4*13^10 + 3*13^11 + 7*13^12 + 10*13^13 + 6*13^14 + 4*13^15 + 12*13^16 + O(13^17) : 1 + O(13^20))
   (10 + 9*13 + 11*13^2 + 6*13^3 + 8*13^4 + 3*13^5 + 11*13^6 + 4*13^7 + 13^8 + 5*13^9 + 3*13^10 + 11*13^11 + 6*13^12 + 6*13^14 + 13^15 + O(13^17) : 11 + 13 + 8*13^2 + 9*13^3 + 12*13^4 + 8*13^5 + 9*13^7 + 7*13^8 + 10*13^9 + 7*13^10 + 9*13^11 + 6*13^12 + 5*13^13 + 11*13^14 + 4*13^15 + 12*13^16 + O(13^17) : 1 + O(13^20))
   (10 + 9*13 + 11*13^2 + 6*13^3 + 8*13^4 + 3*13^5 + 11*13^6 + 4*13^7 + 13^8 + 5*13^9 + 3*13^10 + 11*13^11 + 6*13^12 + 6*13^14 + 13^15 + O(13^17) : 2 + 11*13 + 4*13^2 + 3*13^3 + 4*13^5 + 12*13^6 + 3*13^7 + 5*13^8 + 2*13^9 + 5*13^10 + 3*13^11 + 6*13^12 + 7*13^13 + 13^14 + 8*13^15 + O(13^17) : 1 + O(13^20))
   (10 + 9*13 + 12*13^2 + 5*13^3 + 9*13^4 + 10*13^5 + 11*13^6 + 9*13^7 + 6*13^8 + 6*13^9 + 4*13^10 + 10*13^11 + 9*13^12 + 13^13 + 2*13^14 + 3*13^15 + 5*13^16 + O(13^17) : 11 + 13 + 7*13^2 + 3*13^3 + 9*13^4 + 11*13^5 + 6*13^6 + 3*13^7 + 7*13^8 + 6*13^9 + 3*13^10 + 2*13^11 + 3*13^12 + 12*13^13 + 10*13^15 + 8*13^16 + O(13^17) : 1 + O(13^20))
   (10 + 9*13 + 12*13^2 + 5*13^3 + 9*13^4 + 10*13^5 + 11*13^6 + 9*13^7 + 6*13^8 + 6*13^9 + 4*13^10 + 10*13^11 + 9*13^12 + 13^13 + 2*13^14 + 3*13^15 + 5*13^16 + O(13^17) : 2 + 11*13 + 5*13^2 + 9*13^3 + 3*13^4 + 13^5 + 6*13^6 + 9*13^7 + 5*13^8 + 6*13^9 + 9*13^10 + 10*13^11 + 9*13^12 + 12*13^14 + 2*13^15 + 4*13^16 + O(13^17) : 1 + O(13^20))
   (10 + 9*13 + 4*13^2 + 3*13^3 + 5*13^4 + 5*13^5 + 7*13^6 + 12*13^7 + 12*13^9 + 5*13^10 + 8*13^11 + 2*13^12 + 12*13^13 + 9*13^14 + 11*13^15 + 7*13^16 + O(13^17) : 11 + 13 + 2*13^2 + 10*13^3 + 5*13^4 + 8*13^5 + 8*13^6 + 5*13^7 + 9*13^8 + 4*13^9 + 6*13^11 + 9*13^12 + 3*13^13 + 11*13^14 + 11*13^15 + 13^16 + O(13^17) : 1 + O(13^20))
   (10 + 9*13 + 4*13^2 + 3*13^3 + 5*13^4 + 5*13^5 + 7*13^6 + 12*13^7 + 12*13^9 + 5*13^10 + 8*13^11 + 2*13^12 + 12*13^13 + 9*13^14 + 11*13^15 + 7*13^16 + O(13^17) : 2 + 11*13 + 10*13^2 + 2*13^3 + 7*13^4 + 4*13^5 + 4*13^6 + 7*13^7 + 3*13^8 + 8*13^9 + 12*13^10 + 6*13^11 + 3*13^12 + 9*13^13 + 13^14 + 13^15 + 11*13^16 + O(13^17) : 1 + O(13^20))
   (10 + 9*13 + 5*13^2 + 13^3 + 7*13^4 + 10*13^5 + 7*13^6 + 10*13^7 + 11*13^8 + 12*13^9 + 2*13^10 + 10*13^11 + 13^12 + 3*13^14 + 3*13^15 + 3*13^16 + O(13^17) : 11 + 13 + 13^2 + 5*13^3 + 12*13^5 + 10*13^6 + 5*13^7 + 6*13^8 + 10*13^9 + 5*13^10 + 10*13^11 + 11*13^12 + 5*13^13 + 9*13^14 + 2*13^15 + 6*13^16 + O(13^17) : 1 + O(13^20))
   (10 + 9*13 + 5*13^2 + 13^3 + 7*13^4 + 10*13^5 + 7*13^6 + 10*13^7 + 11*13^8 + 12*13^9 + 2*13^10 + 10*13^11 + 13^12 + 3*13^14 + 3*13^15 + 3*13^16 + O(13^17) : 2 + 11*13 + 11*13^2 + 7*13^3 + 12*13^4 + 2*13^6 + 7*13^7 + 6*13^8 + 2*13^9 + 7*13^10 + 2*13^11 + 13^12 + 7*13^13 + 3*13^14 + 10*13^15 + 6*13^16 + O(13^17) : 1 + O(13^20))
   (10 + 9*13 + 9*13^2 + 13^3 + 11*13^4 + 2*13^5 + 10*13^6 + 10*13^7 + 10*13^9 + 9*13^10 + 12*13^11 + 13^13 + 3*13^14 + 5*13^15 + 3*13^16 + O(13^17) : 11 + 13 + 10*13^2 + 2*13^3 + 8*13^4 + 4*13^5 + 8*13^6 + 4*13^7 + 3*13^9 + 2*13^10 + 7*13^11 + 6*13^12 + 3*13^13 + 7*13^14 + 2*13^15 + 12*13^16 + O(13^17) : 1 + O(13^20))
   (10 + 9*13 + 9*13^2 + 13^3 + 11*13^4 + 2*13^5 + 10*13^6 + 10*13^7 + 10*13^9 + 9*13^10 + 12*13^11 + 13^13 + 3*13^14 + 5*13^15 + 3*13^16 + O(13^17) : 2 + 11*13 + 2*13^2 + 10*13^3 + 4*13^4 + 8*13^5 + 4*13^6 + 8*13^7 + 12*13^8 + 9*13^9 + 10*13^10 + 5*13^11 + 6*13^12 + 9*13^13 + 5*13^14 + 10*13^15 + O(13^17) : 1 + O(13^20))
   (10*13 + 10*13^2 + 7*13^3 + 11*13^4 + 13^5 + 2*13^6 + 12*13^7 + 11*13^8 + 7*13^9 + 9*13^10 + 4*13^11 + 8*13^12 + 8*13^13 + 7*13^14 + O(13^15) : 10 + 9*13 + 5*13^2 + 2*13^3 + 10*13^4 + 9*13^5 + 6*13^7 + 12*13^8 + 2*13^9 + 2*13^10 + 2*13^11 + 13^12 + 13^13 + 2*13^14 + 4*13^15 + O(13^16) : 1 + O(13^20))
   (10*13 + 10*13^2 + 7*13^3 + 11*13^4 + 13^5 + 2*13^6 + 12*13^7 + 11*13^8 + 7*13^9 + 9*13^10 + 4*13^11 + 8*13^12 + 8*13^13 + 7*13^14 + O(13^15) : 3 + 3*13 + 7*13^2 + 10*13^3 + 2*13^4 + 3*13^5 + 12*13^6 + 6*13^7 + 10*13^9 + 10*13^10 + 10*13^11 + 11*13^12 + 11*13^13 + 10*13^14 + 8*13^15 + O(13^16) : 1 + O(13^20))
   (10*13 + 10*13^2 + 8*13^3 + 6*13^4 + 12*13^5 + 13^7 + 5*13^8 + 3*13^9 + 4*13^10 + 9*13^11 + 13^12 + 6*13^13 + 6*13^14 + O(13^15) : 10 + 9*13 + 5*13^2 + 2*13^3 + 13^4 + 2*13^5 + 12*13^6 + 3*13^7 + 9*13^8 + 10*13^9 + 3*13^10 + 6*13^11 + 10*13^12 + 3*13^13 + 13^14 + 6*13^15 + O(13^16) : 1 + O(13^20))
   (10*13 + 10*13^2 + 8*13^3 + 6*13^4 + 12*13^5 + 13^7 + 5*13^8 + 3*13^9 + 4*13^10 + 9*13^11 + 13^12 + 6*13^13 + 6*13^14 + O(13^15) : 3 + 3*13 + 7*13^2 + 10*13^3 + 11*13^4 + 10*13^5 + 9*13^7 + 3*13^8 + 2*13^9 + 9*13^10 + 6*13^11 + 2*13^12 + 9*13^13 + 11*13^14 + 6*13^15 + O(13^16) : 1 + O(13^20))
   (10*13 + 11*13^2 + 10*13^3 + 3*13^4 + 8*13^5 + 12*13^6 + 7*13^7 + 8*13^8 + 2*13^9 + 7*13^10 + 13^11 + 3*13^12 + 12*13^13 + 7*13^14 + O(13^15) : 10 + 9*13 + 5*13^2 + 6*13^3 + 3*13^4 + 11*13^5 + 12*13^6 + 13^7 + 8*13^8 + 4*13^9 + 4*13^10 + 12*13^11 + 12*13^12 + 11*13^13 + 13^14 + 11*13^15 + O(13^16) : 1 + O(13^20))
   (10*13 + 11*13^2 + 10*13^3 + 3*13^4 + 8*13^5 + 12*13^6 + 7*13^7 + 8*13^8 + 2*13^9 + 7*13^10 + 13^11 + 3*13^12 + 12*13^13 + 7*13^14 + O(13^15) : 3 + 3*13 + 7*13^2 + 6*13^3 + 9*13^4 + 13^5 + 11*13^7 + 4*13^8 + 8*13^9 + 8*13^10 + 13^13 + 11*13^14 + 13^15 + O(13^16) : 1 + O(13^20))
   (10*13 + 3*13^2 + 2*13^4 + 3*13^5 + 7*13^6 + 5*13^8 + 12*13^9 + 6*13^10 + 13^11 + 13^12 + 8*13^13 + 13^14 + O(13^15) : 10 + 9*13 + 5*13^2 + 2*13^4 + 7*13^5 + 8*13^6 + 13^7 + 9*13^8 + 5*13^9 + 9*13^10 + 4*13^11 + 12*13^12 + 10*13^13 + 3*13^14 + 9*13^15 + O(13^16) : 1 + O(13^20))
   (10*13 + 3*13^2 + 2*13^4 + 3*13^5 + 7*13^6 + 5*13^8 + 12*13^9 + 6*13^10 + 13^11 + 13^12 + 8*13^13 + 13^14 + O(13^15) : 3 + 3*13 + 7*13^2 + 12*13^3 + 10*13^4 + 5*13^5 + 4*13^6 + 11*13^7 + 3*13^8 + 7*13^9 + 3*13^10 + 8*13^11 + 2*13^13 + 9*13^14 + 3*13^15 + O(13^16) : 1 + O(13^20))
   (10*13 + 4*13^2 + 12*13^3 + 11*13^4 + 13^5 + 12*13^6 + 11*13^7 + 6*13^8 + 3*13^9 + 11*13^10 + 9*13^11 + 13^12 + 3*13^13 + 3*13^14 + O(13^15) : 10 + 9*13 + 5*13^2 + 4*13^3 + 10*13^4 + 5*13^5 + 9*13^6 + 11*13^7 + 12*13^8 + 2*13^10 + 8*13^11 + 5*13^12 + 6*13^13 + 7*13^14 + O(13^16) : 1 + O(13^20))
   (10*13 + 4*13^2 + 12*13^3 + 11*13^4 + 13^5 + 12*13^6 + 11*13^7 + 6*13^8 + 3*13^9 + 11*13^10 + 9*13^11 + 13^12 + 3*13^13 + 3*13^14 + O(13^15) : 3 + 3*13 + 7*13^2 + 8*13^3 + 2*13^4 + 7*13^5 + 3*13^6 + 13^7 + 12*13^9 + 10*13^10 + 4*13^11 + 7*13^12 + 6*13^13 + 5*13^14 + 12*13^15 + O(13^16) : 1 + O(13^20))
   (10*13 + 4*13^2 + 2*13^3 + 3*13^4 + 7*13^5 + 11*13^6 + 2*13^7 + 6*13^8 + 4*13^9 + 8*13^10 + 6*13^11 + 4*13^12 + 5*13^13 + 8*13^14 + O(13^15) : 10 + 9*13 + 5*13^2 + 4*13^3 + 9*13^4 + 4*13^5 + 10*13^6 + 9*13^7 + 4*13^8 + 5*13^10 + 3*13^11 + 11*13^12 + 8*13^13 + 10*13^14 + 2*13^15 + O(13^16) : 1 + O(13^20))
   (10*13 + 4*13^2 + 2*13^3 + 3*13^4 + 7*13^5 + 11*13^6 + 2*13^7 + 6*13^8 + 4*13^9 + 8*13^10 + 6*13^11 + 4*13^12 + 5*13^13 + 8*13^14 + O(13^15) : 3 + 3*13 + 7*13^2 + 8*13^3 + 3*13^4 + 8*13^5 + 2*13^6 + 3*13^7 + 8*13^8 + 12*13^9 + 7*13^10 + 9*13^11 + 13^12 + 4*13^13 + 2*13^14 + 10*13^15 + O(13^16) : 1 + O(13^20))
   (10*13 + 5*13^2 + 2*13^3 + 3*13^4 + 10*13^5 + 9*13^6 + 3*13^7 + 9*13^8 + 3*13^9 + 2*13^10 + 10*13^11 + 10*13^12 + 7*13^13 + 10*13^14 + O(13^15) : 10 + 9*13 + 5*13^2 + 8*13^3 + 11*13^4 + 10*13^6 + 9*13^7 + 13^8 + 4*13^9 + 12*13^10 + 4*13^11 + 9*13^12 + 7*13^13 + 7*13^14 + 8*13^15 + O(13^16) : 1 + O(13^20))
   (10*13 + 5*13^2 + 2*13^3 + 3*13^4 + 10*13^5 + 9*13^6 + 3*13^7 + 9*13^8 + 3*13^9 + 2*13^10 + 10*13^11 + 10*13^12 + 7*13^13 + 10*13^14 + O(13^15) : 3 + 3*13 + 7*13^2 + 4*13^3 + 13^4 + 12*13^5 + 2*13^6 + 3*13^7 + 11*13^8 + 8*13^9 + 8*13^11 + 3*13^12 + 5*13^13 + 5*13^14 + 4*13^15 + O(13^16) : 1 + O(13^20))
   (10*13^-1 + 1 + 9*13 + 7*13^2 + 12*13^3 + 8*13^4 + 3*13^5 + 3*13^6 + 5*13^7 + 7*13^8 + 10*13^9 + 10*13^10 + 2*13^11 + 6*13^12 + 11*13^13 + 11*13^14 + 10*13^15 + O(13^16) : 12*13^-3 + 12*13^-2 + 10*13^-1 + 7 + 8*13 + 5*13^2 + 3*13^3 + 11*13^4 + 2*13^5 + 4*13^6 + 9*13^7 + 8*13^8 + 3*13^9 + 8*13^10 + 9*13^11 + 10*13^12 + 11*13^13 + O(13^14) : 1 + O(13^20))
   (10*13^-1 + 1 + 9*13 + 7*13^2 + 12*13^3 + 8*13^4 + 3*13^5 + 3*13^6 + 5*13^7 + 7*13^8 + 10*13^9 + 10*13^10 + 2*13^11 + 6*13^12 + 11*13^13 + 11*13^14 + 10*13^15 + O(13^16) : 13^-3 + 2*13^-1 + 5 + 4*13 + 7*13^2 + 9*13^3 + 13^4 + 10*13^5 + 8*13^6 + 3*13^7 + 4*13^8 + 9*13^9 + 4*13^10 + 3*13^11 + 2*13^12 + 13^13 + O(13^14) : 1 + O(13^20))
   (10*13^-1 + 10 + 12*13 + 10*13^2 + 3*13^3 + 12*13^4 + 6*13^5 + 10*13^7 + 2*13^8 + 5*13^9 + 9*13^10 + 6*13^11 + 13^12 + 3*13^14 + 8*13^15 + O(13^16) : 12*13^-3 + 8*13^-2 + 6*13^-1 + 3 + 9*13 + 13^2 + 12*13^3 + 12*13^4 + 4*13^5 + 7*13^6 + 2*13^7 + 4*13^8 + 11*13^9 + 10*13^10 + 12*13^11 + 13^12 + 12*13^13 + O(13^14) : 1 + O(13^20))
   (10*13^-1 + 10 + 12*13 + 10*13^2 + 3*13^3 + 12*13^4 + 6*13^5 + 10*13^7 + 2*13^8 + 5*13^9 + 9*13^10 + 6*13^11 + 13^12 + 3*13^14 + 8*13^15 + O(13^16) : 13^-3 + 4*13^-2 + 6*13^-1 + 9 + 3*13 + 11*13^2 + 8*13^5 + 5*13^6 + 10*13^7 + 8*13^8 + 13^9 + 2*13^10 + 11*13^12 + O(13^14) : 1 + O(13^20))
   (10*13^-1 + 4 + 4*13 + 13^2 + 6*13^3 + 13^5 + 6*13^6 + 9*13^8 + 6*13^9 + 13^10 + 5*13^11 + 5*13^12 + 6*13^13 + 12*13^14 + 8*13^15 + O(13^16) : 12*13^-3 + 2*13^-2 + 5*13^-1 + 11 + 3*13 + 4*13^2 + 8*13^3 + 3*13^4 + 2*13^5 + 2*13^6 + 12*13^7 + 7*13^8 + 10*13^9 + 4*13^10 + 10*13^11 + 3*13^13 + O(13^14) : 1 + O(13^20))
   (10*13^-1 + 4 + 4*13 + 13^2 + 6*13^3 + 13^5 + 6*13^6 + 9*13^8 + 6*13^9 + 13^10 + 5*13^11 + 5*13^12 + 6*13^13 + 12*13^14 + 8*13^15 + O(13^16) : 13^-3 + 10*13^-2 + 7*13^-1 + 1 + 9*13 + 8*13^2 + 4*13^3 + 9*13^4 + 10*13^5 + 10*13^6 + 5*13^8 + 2*13^9 + 8*13^10 + 2*13^11 + 12*13^12 + 9*13^13 + O(13^14) : 1 + O(13^20))
   (10*13^-1 + 5 + 9*13 + 8*13^2 + 3*13^3 + 10*13^4 + 10*13^5 + 11*13^6 + 5*13^7 + 2*13^8 + 12*13^9 + 3*13^10 + 13^11 + 5*13^12 + 9*13^13 + 2*13^15 + O(13^16) : 12*13^-3 + 3*13^-2 + 4*13^-1 + 11*13 + 11*13^2 + 13^3 + 4*13^5 + 10*13^6 + 4*13^7 + 4*13^8 + 5*13^9 + 7*13^10 + 4*13^11 + 4*13^12 + 3*13^13 + O(13^14) : 1 + O(13^20))
   (10*13^-1 + 5 + 9*13 + 8*13^2 + 3*13^3 + 10*13^4 + 10*13^5 + 11*13^6 + 5*13^7 + 2*13^8 + 12*13^9 + 3*13^10 + 13^11 + 5*13^12 + 9*13^13 + 2*13^15 + O(13^16) : 13^-3 + 9*13^-2 + 8*13^-1 + 12 + 13 + 13^2 + 11*13^3 + 12*13^4 + 8*13^5 + 2*13^6 + 8*13^7 + 8*13^8 + 7*13^9 + 5*13^10 + 8*13^11 + 8*13^12 + 9*13^13 + O(13^14) : 1 + O(13^20))
   (11*13 + 12*13^2 + 12*13^3 + 3*13^4 + 8*13^5 + 11*13^6 + 2*13^7 + 2*13^8 + 12*13^9 + 13^10 + 3*13^11 + 2*13^13 + 2*13^14 + O(13^15) : 10 + 9*13 + 4*13^2 + 8*13^3 + 7*13^4 + 9*13^5 + 2*13^7 + 10*13^8 + 13^9 + 11*13^10 + 8*13^11 + 13^12 + 9*13^13 + 2*13^14 + 13^15 + O(13^16) : 1 + O(13^20))
   (11*13 + 12*13^2 + 12*13^3 + 3*13^4 + 8*13^5 + 11*13^6 + 2*13^7 + 2*13^8 + 12*13^9 + 13^10 + 3*13^11 + 2*13^13 + 2*13^14 + O(13^15) : 3 + 3*13 + 8*13^2 + 4*13^3 + 5*13^4 + 3*13^5 + 12*13^6 + 10*13^7 + 2*13^8 + 11*13^9 + 13^10 + 4*13^11 + 11*13^12 + 3*13^13 + 10*13^14 + 11*13^15 + O(13^16) : 1 + O(13^20))
   (11*13 + 12*13^3 + 2*13^4 + 10*13^5 + 5*13^6 + 9*13^7 + 3*13^8 + 6*13^9 + 7*13^10 + 9*13^11 + 6*13^12 + 7*13^13 + O(13^15) : 10 + 9*13 + 4*13^2 + 2*13^3 + 12*13^4 + 5*13^5 + 5*13^6 + 6*13^7 + 5*13^9 + 12*13^10 + 13^11 + 4*13^12 + 8*13^14 + O(13^16) : 1 + O(13^20))
   (11*13 + 12*13^3 + 2*13^4 + 10*13^5 + 5*13^6 + 9*13^7 + 3*13^8 + 6*13^9 + 7*13^10 + 9*13^11 + 6*13^12 + 7*13^13 + O(13^15) : 3 + 3*13 + 8*13^2 + 10*13^3 + 7*13^5 + 7*13^6 + 6*13^7 + 12*13^8 + 7*13^9 + 11*13^11 + 8*13^12 + 12*13^13 + 4*13^14 + 12*13^15 + O(13^16) : 1 + O(13^20))
   (11*13 + 13^2 + 13^3 + 13^4 + 9*13^5 + 10*13^6 + 2*13^7 + 13^8 + 9*13^9 + 3*13^10 + 12*13^11 + 11*13^12 + 4*13^13 + 9*13^14 + O(13^15) : 10 + 9*13 + 4*13^2 + 9*13^3 + 13^4 + 3*13^5 + 8*13^6 + 3*13^7 + 2*13^8 + 11*13^9 + 12*13^11 + 7*13^12 + 5*13^13 + 10*13^14 + 3*13^15 + O(13^16) : 1 + O(13^20))
   (11*13 + 13^2 + 13^3 + 13^4 + 9*13^5 + 10*13^6 + 2*13^7 + 13^8 + 9*13^9 + 3*13^10 + 12*13^11 + 11*13^12 + 4*13^13 + 9*13^14 + O(13^15) : 3 + 3*13 + 8*13^2 + 3*13^3 + 11*13^4 + 9*13^5 + 4*13^6 + 9*13^7 + 10*13^8 + 13^9 + 12*13^10 + 5*13^12 + 7*13^13 + 2*13^14 + 9*13^15 + O(13^16) : 1 + O(13^20))
   (11*13 + 5*13^2 + 10*13^3 + 13^4 + 7*13^5 + 13^6 + 3*13^7 + 12*13^8 + 6*13^10 + 2*13^11 + 8*13^12 + 5*13^13 + 2*13^14 + O(13^15) : 10 + 9*13 + 4*13^2 + 11*13^3 + 9*13^4 + 2*13^5 + 12*13^6 + 6*13^7 + 13^8 + 8*13^9 + 3*13^11 + 8*13^12 + 9*13^13 + 2*13^14 + 9*13^15 + O(13^16) : 1 + O(13^20))
   (11*13 + 5*13^2 + 10*13^3 + 13^4 + 7*13^5 + 13^6 + 3*13^7 + 12*13^8 + 6*13^10 + 2*13^11 + 8*13^12 + 5*13^13 + 2*13^14 + O(13^15) : 3 + 3*13 + 8*13^2 + 13^3 + 3*13^4 + 10*13^5 + 6*13^7 + 11*13^8 + 4*13^9 + 12*13^10 + 9*13^11 + 4*13^12 + 3*13^13 + 10*13^14 + 3*13^15 + O(13^16) : 1 + O(13^20))
   (11*13 + 5*13^2 + 11*13^3 + 5*13^4 + 12*13^5 + 11*13^6 + 4*13^7 + 10*13^9 + 5*13^11 + 4*13^12 + 10*13^13 + 3*13^14 + O(13^15) : 10 + 9*13 + 4*13^2 + 11*13^3 + 3*13^4 + 9*13^6 + 9*13^7 + 8*13^8 + 13^9 + 5*13^10 + 6*13^11 + 11*13^12 + 2*13^13 + 7*13^14 + 7*13^15 + O(13^16) : 1 + O(13^20))
   (11*13 + 5*13^2 + 11*13^3 + 5*13^4 + 12*13^5 + 11*13^6 + 4*13^7 + 10*13^9 + 5*13^11 + 4*13^12 + 10*13^13 + 3*13^14 + O(13^15) : 3 + 3*13 + 8*13^2 + 13^3 + 9*13^4 + 12*13^5 + 3*13^6 + 3*13^7 + 4*13^8 + 11*13^9 + 7*13^10 + 6*13^11 + 13^12 + 10*13^13 + 5*13^14 + 5*13^15 + O(13^16) : 1 + O(13^20))
   (11*13 + 9*13^2 + 12*13^3 + 12*13^4 + 8*13^5 + 11*13^6 + 12*13^7 + 7*13^8 + 4*13^9 + 11*13^10 + 10*13^11 + 13^12 + 12*13^13 + 6*13^14 + O(13^15) : 10 + 9*13 + 4*13^2 + 4*13^4 + 6*13^5 + 2*13^6 + 13^7 + 4*13^8 + 7*13^9 + 9*13^10 + 9*13^11 + 6*13^12 + 12*13^13 + 5*13^14 + 2*13^15 + O(13^16) : 1 + O(13^20))
   (11*13 + 9*13^2 + 12*13^3 + 12*13^4 + 8*13^5 + 11*13^6 + 12*13^7 + 7*13^8 + 4*13^9 + 11*13^10 + 10*13^11 + 13^12 + 12*13^13 + 6*13^14 + O(13^15) : 3 + 3*13 + 8*13^2 + 12*13^3 + 8*13^4 + 6*13^5 + 10*13^6 + 11*13^7 + 8*13^8 + 5*13^9 + 3*13^10 + 3*13^11 + 6*13^12 + 7*13^14 + 10*13^15 + O(13^16) : 1 + O(13^20))
   (11*13^-1 + 11 + 5*13 + 8*13^2 + 6*13^3 + 4*13^4 + 8*13^5 + 8*13^6 + 9*13^7 + 8*13^8 + 11*13^9 + 13^10 + 5*13^11 + 11*13^12 + 5*13^13 + 3*13^14 + 11*13^15 + O(13^16) : 5*13^-3 + 13^-1 + 3 + 2*13^3 + 12*13^4 + 3*13^5 + 5*13^6 + 5*13^7 + 4*13^8 + 7*13^9 + 10*13^10 + 11*13^13 + O(13^14) : 1 + O(13^20))
   (11*13^-1 + 11 + 5*13 + 8*13^2 + 6*13^3 + 4*13^4 + 8*13^5 + 8*13^6 + 9*13^7 + 8*13^8 + 11*13^9 + 13^10 + 5*13^11 + 11*13^12 + 5*13^13 + 3*13^14 + 11*13^15 + O(13^16) : 8*13^-3 + 12*13^-2 + 11*13^-1 + 9 + 12*13 + 12*13^2 + 10*13^3 + 9*13^5 + 7*13^6 + 7*13^7 + 8*13^8 + 5*13^9 + 2*13^10 + 12*13^11 + 12*13^12 + 13^13 + O(13^14) : 1 + O(13^20))
   (11*13^-1 + 4 + 6*13 + 9*13^2 + 2*13^3 + 12*13^4 + 4*13^5 + 10*13^6 + 10*13^8 + 7*13^9 + 7*13^10 + 8*13^11 + 13^12 + 8*13^13 + 10*13^14 + 8*13^15 + O(13^16) : 5*13^-3 + 7*13^-2 + 5*13^-1 + 7 + 5*13 + 13^2 + 4*13^4 + 6*13^5 + 2*13^6 + 4*13^7 + 7*13^8 + 13^9 + 5*13^10 + 12*13^11 + 11*13^12 + 13^13 + O(13^14) : 1 + O(13^20))
   (11*13^-1 + 4 + 6*13 + 9*13^2 + 2*13^3 + 12*13^4 + 4*13^5 + 10*13^6 + 10*13^8 + 7*13^9 + 7*13^10 + 8*13^11 + 13^12 + 8*13^13 + 10*13^14 + 8*13^15 + O(13^16) : 8*13^-3 + 5*13^-2 + 7*13^-1 + 5 + 7*13 + 11*13^2 + 12*13^3 + 8*13^4 + 6*13^5 + 10*13^6 + 8*13^7 + 5*13^8 + 11*13^9 + 7*13^10 + 13^12 + 11*13^13 + O(13^14) : 1 + O(13^20))
   (11*13^-1 + 7 + 3*13^2 + 10*13^3 + 2*13^4 + 9*13^5 + 4*13^6 + 11*13^7 + 6*13^8 + 4*13^9 + 12*13^10 + 8*13^11 + 8*13^12 + 9*13^13 + 9*13^14 + 4*13^15 + O(13^16) : 5*13^-3 + 4*13^-2 + 13^-1 + 1 + 13 + 9*13^2 + 7*13^3 + 9*13^4 + 7*13^5 + 13^6 + 8*13^7 + 8*13^8 + 6*13^9 + 10*13^10 + 7*13^11 + 7*13^12 + 10*13^13 + O(13^14) : 1 + O(13^20))
   (11*13^-1 + 7 + 3*13^2 + 10*13^3 + 2*13^4 + 9*13^5 + 4*13^6 + 11*13^7 + 6*13^8 + 4*13^9 + 12*13^10 + 8*13^11 + 8*13^12 + 9*13^13 + 9*13^14 + 4*13^15 + O(13^16) : 8*13^-3 + 8*13^-2 + 11*13^-1 + 11 + 11*13 + 3*13^2 + 5*13^3 + 3*13^4 + 5*13^5 + 11*13^6 + 4*13^7 + 4*13^8 + 6*13^9 + 2*13^10 + 5*13^11 + 5*13^12 + 2*13^13 + O(13^14) : 1 + O(13^20))
   (11*13^-1 + 9 + 10*13 + 4*13^3 + 12*13^5 + 4*13^6 + 9*13^7 + 12*13^8 + 9*13^9 + 5*13^10 + 2*13^11 + 5*13^12 + 11*13^13 + 9*13^14 + 5*13^15 + O(13^16) : 5*13^-3 + 2*13^-2 + 11*13^-1 + 11 + 12*13 + 10*13^3 + 12*13^4 + 7*13^5 + 9*13^6 + 3*13^7 + 2*13^8 + 2*13^9 + 5*13^11 + 6*13^12 + 3*13^13 + O(13^14) : 1 + O(13^20))
   (11*13^-1 + 9 + 10*13 + 4*13^3 + 12*13^5 + 4*13^6 + 9*13^7 + 12*13^8 + 9*13^9 + 5*13^10 + 2*13^11 + 5*13^12 + 11*13^13 + 9*13^14 + 5*13^15 + O(13^16) : 8*13^-3 + 10*13^-2 + 13^-1 + 1 + 12*13^2 + 2*13^3 + 5*13^5 + 3*13^6 + 9*13^7 + 10*13^8 + 10*13^9 + 12*13^10 + 7*13^11 + 6*13^12 + 9*13^13 + O(13^14) : 1 + O(13^20))
   (11*13^-1 + 9 + 13 + 4*13^2 + 13^3 + 6*13^4 + 2*13^5 + 10*13^7 + 8*13^9 + 12*13^10 + 3*13^11 + 12*13^12 + 6*13^13 + 7*13^14 + 8*13^15 + O(13^16) : 5*13^-3 + 2*13^-2 + 7*13^-1 + 10*13 + 11*13^2 + 12*13^4 + 7*13^5 + 3*13^6 + 8*13^7 + 7*13^8 + 9*13^9 + 6*13^10 + 4*13^11 + 2*13^13 + O(13^14) : 1 + O(13^20))
   (11*13^-1 + 9 + 13 + 4*13^2 + 13^3 + 6*13^4 + 2*13^5 + 10*13^7 + 8*13^9 + 12*13^10 + 3*13^11 + 12*13^12 + 6*13^13 + 7*13^14 + 8*13^15 + O(13^16) : 8*13^-3 + 10*13^-2 + 5*13^-1 + 12 + 2*13 + 13^2 + 12*13^3 + 5*13^5 + 9*13^6 + 4*13^7 + 5*13^8 + 3*13^9 + 6*13^10 + 8*13^11 + 12*13^12 + 10*13^13 + O(13^14) : 1 + O(13^20))
   (12 + 9*13 + 10*13^2 + 10*13^4 + 5*13^5 + 9*13^6 + 4*13^7 + 6*13^8 + 6*13^9 + 4*13^10 + 8*13^11 + 4*13^12 + 3*13^13 + 9*13^14 + 13^15 + O(13^16) : 12*13 + 8*13^2 + 13^3 + 6*13^4 + 7*13^5 + 10*13^6 + 10*13^7 + 12*13^9 + 4*13^10 + 5*13^11 + 12*13^12 + 9*13^13 + 11*13^14 + O(13^15) : 1 + O(13^20))
   (12 + 9*13 + 10*13^2 + 10*13^4 + 5*13^5 + 9*13^6 + 4*13^7 + 6*13^8 + 6*13^9 + 4*13^10 + 8*13^11 + 4*13^12 + 3*13^13 + 9*13^14 + 13^15 + O(13^16) : 13 + 4*13^2 + 11*13^3 + 6*13^4 + 5*13^5 + 2*13^6 + 2*13^7 + 12*13^8 + 8*13^10 + 7*13^11 + 3*13^13 + 13^14 + O(13^15) : 1 + O(13^20))
   (12 + 9*13 + 10*13^2 + 2*13^3 + 11*13^4 + 3*13^5 + 2*13^6 + 6*13^7 + 12*13^8 + 5*13^9 + 6*13^10 + 10*13^11 + 8*13^12 + 12*13^13 + 7*13^14 + 11*13^15 + O(13^16) : 12*13 + 5*13^2 + 11*13^3 + 12*13^5 + 11*13^6 + 4*13^7 + 7*13^8 + 3*13^10 + 6*13^11 + 5*13^12 + 3*13^13 + 6*13^14 + O(13^15) : 1 + O(13^20))
   (12 + 9*13 + 10*13^2 + 2*13^3 + 11*13^4 + 3*13^5 + 2*13^6 + 6*13^7 + 12*13^8 + 5*13^9 + 6*13^10 + 10*13^11 + 8*13^12 + 12*13^13 + 7*13^14 + 11*13^15 + O(13^16) : 13 + 7*13^2 + 13^3 + 12*13^4 + 13^6 + 8*13^7 + 5*13^8 + 12*13^9 + 9*13^10 + 6*13^11 + 7*13^12 + 9*13^13 + 6*13^14 + O(13^15) : 1 + O(13^20))
   (12 + 9*13 + 10*13^2 + 8*13^3 + 13^4 + 9*13^6 + 4*13^7 + 10*13^8 + 13^9 + 12*13^10 + 3*13^11 + 12*13^12 + 7*13^13 + 12*13^14 + 2*13^15 + O(13^16) : 12*13 + 9*13^2 + 3*13^3 + 10*13^4 + 8*13^5 + 3*13^6 + 9*13^7 + 8*13^8 + 11*13^9 + 11*13^10 + 10*13^11 + 11*13^12 + 3*13^13 + 3*13^14 + O(13^15) : 1 + O(13^20))
   (12 + 9*13 + 10*13^2 + 8*13^3 + 13^4 + 9*13^6 + 4*13^7 + 10*13^8 + 13^9 + 12*13^10 + 3*13^11 + 12*13^12 + 7*13^13 + 12*13^14 + 2*13^15 + O(13^16) : 13 + 3*13^2 + 9*13^3 + 2*13^4 + 4*13^5 + 9*13^6 + 3*13^7 + 4*13^8 + 13^9 + 13^10 + 2*13^11 + 13^12 + 9*13^13 + 9*13^14 + O(13^15) : 1 + O(13^20))
   (12 + 9*13 + 10*13^2 + 8*13^3 + 9*13^4 + 5*13^5 + 11*13^6 + 9*13^7 + 2*13^8 + 8*13^9 + 2*13^10 + 11*13^11 + 6*13^12 + 2*13^13 + 5*13^14 + 4*13^15 + O(13^16) : 12*13 + 9*13^2 + 4*13^3 + 11*13^4 + 3*13^5 + 12*13^6 + 9*13^7 + 12*13^8 + 13^9 + 12*13^10 + 7*13^12 + 7*13^14 + O(13^15) : 1 + O(13^20))
   (12 + 9*13 + 10*13^2 + 8*13^3 + 9*13^4 + 5*13^5 + 11*13^6 + 9*13^7 + 2*13^8 + 8*13^9 + 2*13^10 + 11*13^11 + 6*13^12 + 2*13^13 + 5*13^14 + 4*13^15 + O(13^16) : 13 + 3*13^2 + 8*13^3 + 13^4 + 9*13^5 + 3*13^7 + 11*13^9 + 12*13^11 + 5*13^12 + 12*13^13 + 5*13^14 + O(13^15) : 1 + O(13^20))
   (12 + 9*13 + 10*13^3 + 10*13^4 + 5*13^5 + 2*13^6 + 13^7 + 5*13^8 + 4*13^9 + 4*13^10 + 5*13^11 + 12*13^12 + 3*13^14 + 9*13^15 + O(13^16) : 6*13 + 4*13^2 + 5*13^3 + 8*13^4 + 11*13^5 + 4*13^6 + 5*13^7 + 10*13^8 + 10*13^9 + 5*13^10 + 8*13^11 + 12*13^12 + 7*13^13 + O(13^15) : 1 + O(13^20))
   (12 + 9*13 + 10*13^3 + 10*13^4 + 5*13^5 + 2*13^6 + 13^7 + 5*13^8 + 4*13^9 + 4*13^10 + 5*13^11 + 12*13^12 + 3*13^14 + 9*13^15 + O(13^16) : 7*13 + 8*13^2 + 7*13^3 + 4*13^4 + 13^5 + 8*13^6 + 7*13^7 + 2*13^8 + 2*13^9 + 7*13^10 + 4*13^11 + 5*13^13 + 12*13^14 + O(13^15) : 1 + O(13^20))
   (12 + 9*13 + 11*13^2 + 11*13^3 + 4*13^4 + 12*13^5 + 11*13^6 + 6*13^7 + 2*13^8 + 2*13^9 + 6*13^10 + 6*13^11 + 6*13^12 + 11*13^13 + 9*13^14 + 10*13^15 + O(13^16) : 11*13 + 7*13^2 + 5*13^3 + 2*13^4 + 13^5 + 10*13^6 + 9*13^7 + 7*13^8 + 3*13^9 + 3*13^10 + 13^11 + 9*13^12 + 5*13^13 + 4*13^14 + O(13^15) : 1 + O(13^20))
   (12 + 9*13 + 11*13^2 + 11*13^3 + 4*13^4 + 12*13^5 + 11*13^6 + 6*13^7 + 2*13^8 + 2*13^9 + 6*13^10 + 6*13^11 + 6*13^12 + 11*13^13 + 9*13^14 + 10*13^15 + O(13^16) : 2*13 + 5*13^2 + 7*13^3 + 10*13^4 + 11*13^5 + 2*13^6 + 3*13^7 + 5*13^8 + 9*13^9 + 9*13^10 + 11*13^11 + 3*13^12 + 7*13^13 + 8*13^14 + O(13^15) : 1 + O(13^20))
   (12 + 9*13 + 11*13^2 + 12*13^3 + 8*13^4 + 10*13^5 + 5*13^6 + 12*13^7 + 9*13^8 + 5*13^9 + 10*13^10 + 6*13^11 + 11*13^12 + 6*13^13 + 3*13^14 + 5*13^15 + O(13^16) : 11*13 + 3*13^2 + 2*13^3 + 7*13^4 + 9*13^5 + 5*13^6 + 8*13^7 + 4*13^8 + 9*13^9 + 13^10 + 2*13^11 + 10*13^12 + 13^13 + 10*13^14 + O(13^15) : 1 + O(13^20))
   (12 + 9*13 + 11*13^2 + 12*13^3 + 8*13^4 + 10*13^5 + 5*13^6 + 12*13^7 + 9*13^8 + 5*13^9 + 10*13^10 + 6*13^11 + 11*13^12 + 6*13^13 + 3*13^14 + 5*13^15 + O(13^16) : 2*13 + 9*13^2 + 10*13^3 + 5*13^4 + 3*13^5 + 7*13^6 + 4*13^7 + 8*13^8 + 3*13^9 + 11*13^10 + 10*13^11 + 2*13^12 + 11*13^13 + 2*13^14 + O(13^15) : 1 + O(13^20))
   (12 + 9*13 + 11*13^2 + 4*13^3 + 9*13^4 + 4*13^5 + 4*13^6 + 11*13^7 + 8*13^8 + 4*13^9 + 13^10 + 9*13^11 + 11*13^12 + 12*13^13 + 6*13^14 + 12*13^15 + O(13^16) : 11*13 + 9*13^2 + 3*13^3 + 8*13^4 + 5*13^5 + 13^6 + 6*13^7 + 6*13^8 + 9*13^9 + 6*13^10 + 13^11 + 3*13^12 + 2*13^13 + 3*13^14 + O(13^15) : 1 + O(13^20))
   (12 + 9*13 + 11*13^2 + 4*13^3 + 9*13^4 + 4*13^5 + 4*13^6 + 11*13^7 + 8*13^8 + 4*13^9 + 13^10 + 9*13^11 + 11*13^12 + 12*13^13 + 6*13^14 + 12*13^15 + O(13^16) : 2*13 + 3*13^2 + 9*13^3 + 4*13^4 + 7*13^5 + 11*13^6 + 6*13^7 + 6*13^8 + 3*13^9 + 6*13^10 + 11*13^11 + 9*13^12 + 10*13^13 + 9*13^14 + O(13^15) : 1 + O(13^20))
   (12 + 9*13 + 11*13^2 + 6*13^3 + 4*13^4 + 5*13^5 + 3*13^6 + 13^7 + 7*13^8 + 10*13^9 + 6*13^10 + 3*13^11 + 11*13^12 + 2*13^13 + 3*13^14 + O(13^16) : 11*13 + 13^2 + 10*13^3 + 2*13^4 + 7*13^5 + 7*13^6 + 10*13^7 + 5*13^8 + 11*13^9 + 2*13^10 + 10*13^11 + 10*13^12 + 9*13^13 + 5*13^14 + O(13^15) : 1 + O(13^20))
   (12 + 9*13 + 11*13^2 + 6*13^3 + 4*13^4 + 5*13^5 + 3*13^6 + 13^7 + 7*13^8 + 10*13^9 + 6*13^10 + 3*13^11 + 11*13^12 + 2*13^13 + 3*13^14 + O(13^16) : 2*13 + 11*13^2 + 2*13^3 + 10*13^4 + 5*13^5 + 5*13^6 + 2*13^7 + 7*13^8 + 13^9 + 10*13^10 + 2*13^11 + 2*13^12 + 3*13^13 + 7*13^14 + O(13^15) : 1 + O(13^20))
   (12 + 9*13 + 11*13^2 + 8*13^3 + 6*13^4 + 6*13^5 + 4*13^6 + 5*13^7 + 10*13^8 + 2*13^9 + 6*13^10 + 11*13^11 + 9*13^12 + 8*13^13 + 2*13^14 + 8*13^15 + O(13^16) : 11*13 + 6*13^2 + 7*13^3 + 2*13^5 + 12*13^6 + 7*13^7 + 6*13^8 + 6*13^9 + 8*13^10 + 12*13^11 + 13^12 + 13^13 + 10*13^14 + O(13^15) : 1 + O(13^20))
   (12 + 9*13 + 11*13^2 + 8*13^3 + 6*13^4 + 6*13^5 + 4*13^6 + 5*13^7 + 10*13^8 + 2*13^9 + 6*13^10 + 11*13^11 + 9*13^12 + 8*13^13 + 2*13^14 + 8*13^15 + O(13^16) : 2*13 + 6*13^2 + 5*13^3 + 12*13^4 + 10*13^5 + 5*13^7 + 6*13^8 + 6*13^9 + 4*13^10 + 11*13^12 + 11*13^13 + 2*13^14 + O(13^15) : 1 + O(13^20))
   (12 + 9*13 + 11*13^3 + 12*13^4 + 7*13^5 + 4*13^6 + 6*13^7 + 12*13^8 + 12*13^9 + 4*13^10 + 11*13^11 + 5*13^12 + 10*13^13 + 5*13^14 + 9*13^15 + O(13^16) : 6*13 + 13^2 + 2*13^3 + 13^4 + 13^5 + 2*13^7 + 11*13^8 + 12*13^9 + 11*13^10 + 5*13^11 + 6*13^12 + O(13^15) : 1 + O(13^20))
   (12 + 9*13 + 11*13^3 + 12*13^4 + 7*13^5 + 4*13^6 + 6*13^7 + 12*13^8 + 12*13^9 + 4*13^10 + 11*13^11 + 5*13^12 + 10*13^13 + 5*13^14 + 9*13^15 + O(13^16) : 7*13 + 11*13^2 + 10*13^3 + 11*13^4 + 11*13^5 + 12*13^6 + 10*13^7 + 13^8 + 13^10 + 7*13^11 + 6*13^12 + 12*13^13 + 12*13^14 + O(13^15) : 1 + O(13^20))
   (12 + 9*13 + 11*13^3 + 4*13^4 + 7*13^5 + 7*13^6 + 6*13^7 + 2*13^8 + 10*13^9 + 7*13^10 + 12*13^11 + 9*13^12 + 4*13^13 + 3*13^14 + 12*13^15 + O(13^16) : 6*13 + 13^2 + 11*13^4 + 10*13^5 + 10*13^6 + 9*13^7 + 3*13^8 + 13^9 + 2*13^10 + 3*13^12 + 10*13^13 + 12*13^14 + O(13^15) : 1 + O(13^20))
   (12 + 9*13 + 11*13^3 + 4*13^4 + 7*13^5 + 7*13^6 + 6*13^7 + 2*13^8 + 10*13^9 + 7*13^10 + 12*13^11 + 9*13^12 + 4*13^13 + 3*13^14 + 12*13^15 + O(13^16) : 7*13 + 11*13^2 + 12*13^3 + 13^4 + 2*13^5 + 2*13^6 + 3*13^7 + 9*13^8 + 11*13^9 + 10*13^10 + 12*13^11 + 9*13^12 + 2*13^13 + O(13^15) : 1 + O(13^20))
   (12 + 9*13 + 13^2 + 10*13^4 + 6*13^5 + 9*13^6 + 7*13^7 + 2*13^8 + 12*13^9 + 9*13^10 + 10*13^11 + 7*13^12 + 9*13^13 + 3*13^15 + 6*13^16 + O(13^17) : 11*13^2 + 13^3 + 3*13^4 + 6*13^5 + 5*13^6 + 6*13^8 + 4*13^9 + 9*13^11 + 12*13^12 + 10*13^13 + 13^14 + O(13^15) : 1 + O(13^20))
   (12 + 9*13 + 13^2 + 10*13^4 + 6*13^5 + 9*13^6 + 7*13^7 + 2*13^8 + 12*13^9 + 9*13^10 + 10*13^11 + 7*13^12 + 9*13^13 + 3*13^15 + 6*13^16 + O(13^17) : 2*13^2 + 11*13^3 + 9*13^4 + 6*13^5 + 7*13^6 + 12*13^7 + 6*13^8 + 8*13^9 + 12*13^10 + 3*13^11 + 2*13^13 + 11*13^14 + O(13^15) : 1 + O(13^20))
   (12 + 9*13 + 2*13^2 + 10*13^3 + 5*13^4 + 2*13^5 + 5*13^6 + 4*13^7 + 8*13^9 + 7*13^10 + 5*13^11 + 6*13^12 + 5*13^13 + 4*13^14 + 9*13^15 + O(13^16) : 4*13 + 13^2 + 2*13^3 + 10*13^4 + 4*13^5 + 10*13^6 + 9*13^7 + 4*13^8 + 9*13^9 + 12*13^10 + 10*13^11 + 5*13^12 + 13^13 + 4*13^14 + O(13^15) : 1 + O(13^20))
   (12 + 9*13 + 2*13^2 + 10*13^3 + 5*13^4 + 2*13^5 + 5*13^6 + 4*13^7 + 8*13^9 + 7*13^10 + 5*13^11 + 6*13^12 + 5*13^13 + 4*13^14 + 9*13^15 + O(13^16) : 9*13 + 11*13^2 + 10*13^3 + 2*13^4 + 8*13^5 + 2*13^6 + 3*13^7 + 8*13^8 + 3*13^9 + 2*13^11 + 7*13^12 + 11*13^13 + 8*13^14 + O(13^15) : 1 + O(13^20))
   (12 + 9*13 + 2*13^2 + 11*13^3 + 10*13^4 + 5*13^5 + 4*13^6 + 9*13^7 + 7*13^8 + 8*13^9 + 10*13^10 + 5*13^11 + 6*13^12 + 9*13^14 + 11*13^15 + O(13^16) : 4*13 + 3*13^2 + 5*13^3 + 3*13^4 + 12*13^5 + 3*13^6 + 3*13^7 + 5*13^8 + 3*13^9 + 11*13^10 + 9*13^11 + 6*13^13 + 13^14 + O(13^15) : 1 + O(13^20))
   (12 + 9*13 + 2*13^2 + 11*13^3 + 10*13^4 + 5*13^5 + 4*13^6 + 9*13^7 + 7*13^8 + 8*13^9 + 10*13^10 + 5*13^11 + 6*13^12 + 9*13^14 + 11*13^15 + O(13^16) : 9*13 + 9*13^2 + 7*13^3 + 9*13^4 + 9*13^6 + 9*13^7 + 7*13^8 + 9*13^9 + 13^10 + 3*13^11 + 12*13^12 + 6*13^13 + 11*13^14 + O(13^15) : 1 + O(13^20))
   (12 + 9*13 + 2*13^2 + 11*13^3 + 7*13^4 + 12*13^5 + 13^6 + 10*13^7 + 2*13^8 + 7*13^9 + 12*13^10 + 4*13^12 + 13^13 + 13^14 + O(13^16) : 4*13 + 3*13^2 + 12*13^3 + 6*13^4 + 6*13^6 + 6*13^7 + 8*13^8 + 2*13^9 + 7*13^10 + 5*13^11 + 5*13^12 + 10*13^13 + O(13^15) : 1 + O(13^20))
   (12 + 9*13 + 2*13^2 + 11*13^3 + 7*13^4 + 12*13^5 + 13^6 + 10*13^7 + 2*13^8 + 7*13^9 + 12*13^10 + 4*13^12 + 13^13 + 13^14 + O(13^16) : 9*13 + 9*13^2 + 6*13^4 + 12*13^5 + 6*13^6 + 6*13^7 + 4*13^8 + 10*13^9 + 5*13^10 + 7*13^11 + 7*13^12 + 2*13^13 + 12*13^14 + O(13^15) : 1 + O(13^20))
   (12 + 9*13 + 2*13^2 + 12*13^3 + 4*13^4 + 2*13^5 + 9*13^6 + 2*13^7 + 13^8 + 6*13^9 + 5*13^10 + 9*13^11 + 10*13^12 + 7*13^13 + 6*13^14 + 13^15 + O(13^16) : 4*13 + 5*13^2 + 11*13^3 + 12*13^4 + 12*13^5 + 12*13^6 + 5*13^7 + 4*13^8 + 13^9 + 4*13^10 + 7*13^11 + 8*13^12 + 4*13^13 + 2*13^14 + O(13^15) : 1 + O(13^20))
   (12 + 9*13 + 2*13^2 + 12*13^3 + 4*13^4 + 2*13^5 + 9*13^6 + 2*13^7 + 13^8 + 6*13^9 + 5*13^10 + 9*13^11 + 10*13^12 + 7*13^13 + 6*13^14 + 13^15 + O(13^16) : 9*13 + 7*13^2 + 13^3 + 7*13^7 + 8*13^8 + 11*13^9 + 8*13^10 + 5*13^11 + 4*13^12 + 8*13^13 + 10*13^14 + O(13^15) : 1 + O(13^20))
   (12 + 9*13 + 2*13^2 + 4*13^3 + 13^4 + 5*13^5 + 7*13^6 + 11*13^7 + 2*13^8 + 3*13^9 + 9*13^10 + 3*13^11 + 13^12 + 3*13^13 + 2*13^14 + 7*13^15 + O(13^16) : 4*13 + 2*13^2 + 13^3 + 10*13^4 + 10*13^5 + 7*13^6 + 12*13^7 + 8*13^8 + 2*13^9 + 6*13^10 + 5*13^11 + 12*13^12 + 7*13^13 + 3*13^14 + O(13^15) : 1 + O(13^20))
   (12 + 9*13 + 2*13^2 + 4*13^3 + 13^4 + 5*13^5 + 7*13^6 + 11*13^7 + 2*13^8 + 3*13^9 + 9*13^10 + 3*13^11 + 13^12 + 3*13^13 + 2*13^14 + 7*13^15 + O(13^16) : 9*13 + 10*13^2 + 11*13^3 + 2*13^4 + 2*13^5 + 5*13^6 + 4*13^8 + 10*13^9 + 6*13^10 + 7*13^11 + 5*13^13 + 9*13^14 + O(13^15) : 1 + O(13^20))
   (12 + 9*13 + 2*13^2 + 4*13^3 + 2*13^4 + 3*13^5 + 13^6 + 11*13^7 + 6*13^8 + 13^9 + 13^10 + 11*13^11 + 9*13^12 + 13^13 + 7*13^14 + 13^15 + O(13^16) : 4*13 + 2*13^2 + 3*13^3 + 12*13^4 + 11*13^5 + 12*13^6 + 8*13^7 + 12*13^8 + 9*13^9 + 3*13^10 + 12*13^11 + 10*13^12 + 6*13^13 + 2*13^14 + O(13^15) : 1 + O(13^20))
   (12 + 9*13 + 2*13^2 + 4*13^3 + 2*13^4 + 3*13^5 + 13^6 + 11*13^7 + 6*13^8 + 13^9 + 13^10 + 11*13^11 + 9*13^12 + 13^13 + 7*13^14 + 13^15 + O(13^16) : 9*13 + 10*13^2 + 9*13^3 + 13^5 + 4*13^7 + 3*13^9 + 9*13^10 + 2*13^12 + 6*13^13 + 10*13^14 + O(13^15) : 1 + O(13^20))
   (12 + 9*13 + 2*13^2 + 5*13^3 + 9*13^4 + 12*13^5 + 3*13^6 + 7*13^7 + 4*13^8 + 4*13^9 + 5*13^10 + 10*13^11 + 4*13^12 + 10*13^14 + 11*13^15 + O(13^16) : 4*13 + 4*13^2 + 3*13^3 + 4*13^4 + 12*13^6 + 9*13^7 + 2*13^8 + 13^9 + 12*13^10 + 11*13^11 + 4*13^12 + 5*13^13 + 10*13^14 + O(13^15) : 1 + O(13^20))
   (12 + 9*13 + 2*13^2 + 5*13^3 + 9*13^4 + 12*13^5 + 3*13^6 + 7*13^7 + 4*13^8 + 4*13^9 + 5*13^10 + 10*13^11 + 4*13^12 + 10*13^14 + 11*13^15 + O(13^16) : 9*13 + 8*13^2 + 9*13^3 + 8*13^4 + 12*13^5 + 3*13^7 + 10*13^8 + 11*13^9 + 13^11 + 8*13^12 + 7*13^13 + 2*13^14 + O(13^15) : 1 + O(13^20))
   (12 + 9*13 + 4*13^2 + 11*13^3 + 8*13^4 + 6*13^5 + 7*13^6 + 8*13^7 + 12*13^8 + 7*13^9 + 6*13^10 + 10*13^11 + 2*13^12 + 5*13^13 + 11*13^14 + 10*13^15 + O(13^16) : 10*13 + 4*13^2 + 2*13^3 + 6*13^4 + 12*13^5 + 9*13^6 + 2*13^7 + 13^8 + 10*13^10 + 6*13^11 + 8*13^12 + 12*13^13 + 9*13^14 + O(13^15) : 1 + O(13^20))
   (12 + 9*13 + 4*13^2 + 11*13^3 + 8*13^4 + 6*13^5 + 7*13^6 + 8*13^7 + 12*13^8 + 7*13^9 + 6*13^10 + 10*13^11 + 2*13^12 + 5*13^13 + 11*13^14 + 10*13^15 + O(13^16) : 3*13 + 8*13^2 + 10*13^3 + 6*13^4 + 3*13^6 + 10*13^7 + 11*13^8 + 12*13^9 + 2*13^10 + 6*13^11 + 4*13^12 + 3*13^14 + O(13^15) : 1 + O(13^20))
   (12 + 9*13 + 4*13^2 + 4*13^3 + 12*13^6 + 9*13^7 + 5*13^8 + 10*13^9 + 2*13^10 + 8*13^11 + 10*13^13 + 5*13^14 + 5*13^15 + O(13^16) : 10*13 + 13^2 + 11*13^3 + 11*13^4 + 3*13^5 + 12*13^6 + 11*13^7 + 7*13^8 + 12*13^9 + 4*13^10 + 2*13^12 + 8*13^13 + 6*13^14 + O(13^15) : 1 + O(13^20))
   (12 + 9*13 + 4*13^2 + 4*13^3 + 12*13^6 + 9*13^7 + 5*13^8 + 10*13^9 + 2*13^10 + 8*13^11 + 10*13^13 + 5*13^14 + 5*13^15 + O(13^16) : 3*13 + 11*13^2 + 13^3 + 13^4 + 9*13^5 + 13^7 + 5*13^8 + 8*13^10 + 12*13^11 + 10*13^12 + 4*13^13 + 6*13^14 + O(13^15) : 1 + O(13^20))
   (12 + 9*13 + 4*13^2 + 8*13^3 + 10*13^4 + 6*13^5 + 5*13^6 + 9*13^7 + 12*13^8 + 7*13^10 + 5*13^11 + 7*13^12 + 5*13^13 + 4*13^14 + 2*13^15 + O(13^16) : 10*13 + 12*13^2 + 13^3 + 4*13^4 + 4*13^5 + 7*13^6 + 9*13^7 + 5*13^8 + 8*13^9 + 11*13^10 + 2*13^12 + 5*13^13 + 11*13^14 + O(13^15) : 1 + O(13^20))
   (12 + 9*13 + 4*13^2 + 8*13^3 + 10*13^4 + 6*13^5 + 5*13^6 + 9*13^7 + 12*13^8 + 7*13^10 + 5*13^11 + 7*13^12 + 5*13^13 + 4*13^14 + 2*13^15 + O(13^16) : 3*13 + 11*13^3 + 8*13^4 + 8*13^5 + 5*13^6 + 3*13^7 + 7*13^8 + 4*13^9 + 13^10 + 12*13^11 + 10*13^12 + 7*13^13 + 13^14 + O(13^15) : 1 + O(13^20))
   (12 + 9*13 + 4*13^2 + 9*13^3 + 4*13^4 + 11*13^5 + 6*13^6 + 5*13^7 + 9*13^8 + 2*13^9 + 11*13^10 + 11*13^11 + 8*13^12 + 8*13^13 + 12*13^14 + 4*13^15 + O(13^16) : 10*13 + 5*13^2 + 13^3 + 11*13^4 + 4*13^5 + 6*13^6 + 6*13^8 + 3*13^9 + 3*13^10 + 7*13^11 + 8*13^12 + 7*13^13 + 5*13^14 + O(13^15) : 1 + O(13^20))
   (12 + 9*13 + 4*13^2 + 9*13^3 + 4*13^4 + 11*13^5 + 6*13^6 + 5*13^7 + 9*13^8 + 2*13^9 + 11*13^10 + 11*13^11 + 8*13^12 + 8*13^13 + 12*13^14 + 4*13^15 + O(13^16) : 3*13 + 7*13^2 + 11*13^3 + 13^4 + 8*13^5 + 6*13^6 + 12*13^7 + 6*13^8 + 9*13^9 + 9*13^10 + 5*13^11 + 4*13^12 + 5*13^13 + 7*13^14 + O(13^15) : 1 + O(13^20))
   (12 + 9*13 + 4*13^3 + 6*13^4 + 4*13^5 + 12*13^6 + 3*13^7 + 2*13^8 + 12*13^9 + 5*13^10 + 10*13^11 + 13^12 + 6*13^13 + 10*13^14 + 13^15 + O(13^16) : 6*13 + 9*13^2 + 13^3 + 4*13^5 + 10*13^6 + 7*13^7 + 8*13^8 + 3*13^9 + 12*13^10 + 9*13^11 + 4*13^12 + 11*13^13 + 13^14 + O(13^15) : 1 + O(13^20))
   (12 + 9*13 + 4*13^3 + 6*13^4 + 4*13^5 + 12*13^6 + 3*13^7 + 2*13^8 + 12*13^9 + 5*13^10 + 10*13^11 + 13^12 + 6*13^13 + 10*13^14 + 13^15 + O(13^16) : 7*13 + 3*13^2 + 11*13^3 + 12*13^4 + 8*13^5 + 2*13^6 + 5*13^7 + 4*13^8 + 9*13^9 + 3*13^11 + 8*13^12 + 13^13 + 11*13^14 + O(13^15) : 1 + O(13^20))
   (12 + 9*13 + 5*13^2 + 12*13^3 + 11*13^4 + 5*13^5 + 10*13^6 + 2*13^8 + 5*13^9 + 10*13^10 + 10*13^11 + 4*13^12 + 13^13 + 12*13^14 + 9*13^15 + O(13^16) : 5*13 + 12*13^2 + 3*13^3 + 4*13^4 + 11*13^5 + 5*13^6 + 8*13^7 + 2*13^8 + 10*13^9 + 9*13^10 + 11*13^11 + 11*13^12 + 9*13^13 + O(13^15) : 1 + O(13^20))
   (12 + 9*13 + 5*13^2 + 12*13^3 + 11*13^4 + 5*13^5 + 10*13^6 + 2*13^8 + 5*13^9 + 10*13^10 + 10*13^11 + 4*13^12 + 13^13 + 12*13^14 + 9*13^15 + O(13^16) : 8*13 + 9*13^3 + 8*13^4 + 13^5 + 7*13^6 + 4*13^7 + 10*13^8 + 2*13^9 + 3*13^10 + 13^11 + 13^12 + 3*13^13 + 12*13^14 + O(13^15) : 1 + O(13^20))
   (12 + 9*13 + 5*13^2 + 2*13^3 + 10*13^4 + 4*13^5 + 7*13^6 + 11*13^7 + 10*13^8 + 4*13^9 + 12*13^10 + 3*13^13 + 4*13^14 + O(13^16) : 5*13 + 9*13^2 + 4*13^3 + 9*13^4 + 11*13^5 + 6*13^6 + 7*13^7 + 11*13^8 + 3*13^9 + 10*13^10 + 9*13^11 + 11*13^12 + 7*13^13 + 4*13^14 + O(13^15) : 1 + O(13^20))
   (12 + 9*13 + 5*13^2 + 2*13^3 + 10*13^4 + 4*13^5 + 7*13^6 + 11*13^7 + 10*13^8 + 4*13^9 + 12*13^10 + 3*13^13 + 4*13^14 + O(13^16) : 8*13 + 3*13^2 + 8*13^3 + 3*13^4 + 13^5 + 6*13^6 + 5*13^7 + 13^8 + 9*13^9 + 2*13^10 + 3*13^11 + 13^12 + 5*13^13 + 8*13^14 + O(13^15) : 1 + O(13^20))
   (12 + 9*13 + 5*13^2 + 6*13^3 + 12*13^4 + 4*13^6 + 8*13^7 + 9*13^8 + 13^9 + 4*13^10 + 7*13^11 + 2*13^12 + 8*13^13 + 6*13^14 + 2*13^15 + O(13^16) : 5*13 + 5*13^2 + 10*13^3 + 7*13^4 + 12*13^5 + 11*13^6 + 9*13^8 + 11*13^9 + 10*13^10 + 9*13^11 + 2*13^13 + 12*13^14 + O(13^15) : 1 + O(13^20))
   (12 + 9*13 + 5*13^2 + 6*13^3 + 12*13^4 + 4*13^6 + 8*13^7 + 9*13^8 + 13^9 + 4*13^10 + 7*13^11 + 2*13^12 + 8*13^13 + 6*13^14 + 2*13^15 + O(13^16) : 8*13 + 7*13^2 + 2*13^3 + 5*13^4 + 13^6 + 12*13^7 + 3*13^8 + 13^9 + 2*13^10 + 3*13^11 + 12*13^12 + 10*13^13 + O(13^15) : 1 + O(13^20))
   (12 + 9*13 + 5*13^2 + 6*13^3 + 7*13^4 + 13^5 + 5*13^6 + 5*13^7 + 3*13^8 + 13^9 + 2*13^10 + 3*13^11 + 11*13^13 + 10*13^14 + 6*13^15 + O(13^16) : 5*13 + 5*13^2 + 2*13^3 + 12*13^4 + 10*13^5 + 11*13^6 + 8*13^7 + 3*13^8 + 13^9 + 8*13^10 + 5*13^11 + 10*13^12 + 10*13^13 + 9*13^14 + O(13^15) : 1 + O(13^20))
   (12 + 9*13 + 5*13^2 + 6*13^3 + 7*13^4 + 13^5 + 5*13^6 + 5*13^7 + 3*13^8 + 13^9 + 2*13^10 + 3*13^11 + 11*13^13 + 10*13^14 + 6*13^15 + O(13^16) : 8*13 + 7*13^2 + 10*13^3 + 2*13^5 + 13^6 + 4*13^7 + 9*13^8 + 11*13^9 + 4*13^10 + 7*13^11 + 2*13^12 + 2*13^13 + 3*13^14 + O(13^15) : 1 + O(13^20))
   (12 + 9*13 + 5*13^2 + 6*13^4 + 13^5 + 6*13^6 + 5*13^7 + 12*13^8 + 11*13^9 + 6*13^10 + 12*13^11 + 3*13^12 + 8*13^13 + 7*13^14 + 12*13^15 + O(13^16) : 5*13 + 11*13^2 + 8*13^3 + 13^4 + 6*13^5 + 10*13^6 + 7*13^7 + 5*13^8 + 12*13^9 + 5*13^11 + 5*13^12 + 2*13^13 + 8*13^14 + O(13^15) : 1 + O(13^20))
   (12 + 9*13 + 5*13^2 + 6*13^4 + 13^5 + 6*13^6 + 5*13^7 + 12*13^8 + 11*13^9 + 6*13^10 + 12*13^11 + 3*13^12 + 8*13^13 + 7*13^14 + 12*13^15 + O(13^16) : 8*13 + 13^2 + 4*13^3 + 11*13^4 + 6*13^5 + 2*13^6 + 5*13^7 + 7*13^8 + 12*13^10 + 7*13^11 + 7*13^12 + 10*13^13 + 4*13^14 + O(13^15) : 1 + O(13^20))
   (12 + 9*13 + 5*13^2 + 7*13^3 + 13^4 + 10*13^5 + 2*13^6 + 7*13^7 + 6*13^8 + 7*13^9 + 8*13^10 + 3*13^11 + 13^12 + 5*13^13 + 13^14 + 9*13^15 + O(13^16) : 5*13 + 4*13^2 + 3*13^3 + 13^4 + 8*13^5 + 8*13^6 + 11*13^7 + 10*13^8 + 4*13^9 + 7*13^10 + 13^11 + 12*13^12 + 12*13^13 + 7*13^14 + O(13^15) : 1 + O(13^20))
   (12 + 9*13 + 5*13^2 + 7*13^3 + 13^4 + 10*13^5 + 2*13^6 + 7*13^7 + 6*13^8 + 7*13^9 + 8*13^10 + 3*13^11 + 13^12 + 5*13^13 + 13^14 + 9*13^15 + O(13^16) : 8*13 + 8*13^2 + 9*13^3 + 11*13^4 + 4*13^5 + 4*13^6 + 13^7 + 2*13^8 + 8*13^9 + 5*13^10 + 11*13^11 + 5*13^14 + O(13^15) : 1 + O(13^20))
   (12 + 9*13 + 5*13^3 + 6*13^5 + 6*13^6 + 6*13^7 + 10*13^8 + 6*13^9 + 5*13^10 + 5*13^11 + 4*13^12 + 8*13^13 + 6*13^14 + 9*13^15 + O(13^16) : 6*13 + 6*13^2 + 5*13^3 + 13^5 + 3*13^6 + 10*13^7 + 4*13^8 + 4*13^9 + 2*13^10 + 2*13^11 + 2*13^12 + 13^13 + 13^14 + O(13^15) : 1 + O(13^20))
   (12 + 9*13 + 5*13^3 + 6*13^5 + 6*13^6 + 6*13^7 + 10*13^8 + 6*13^9 + 5*13^10 + 5*13^11 + 4*13^12 + 8*13^13 + 6*13^14 + 9*13^15 + O(13^16) : 7*13 + 6*13^2 + 7*13^3 + 12*13^4 + 11*13^5 + 9*13^6 + 2*13^7 + 8*13^8 + 8*13^9 + 10*13^10 + 10*13^11 + 10*13^12 + 11*13^13 + 11*13^14 + O(13^15) : 1 + O(13^20))
   (12 + 9*13 + 9*13^3 + 11*13^4 + 11*13^5 + 12*13^6 + 11*13^7 + 11*13^8 + 6*13^9 + 7*13^10 + 8*13^11 + 6*13^12 + 8*13^14 + 7*13^15 + O(13^16) : 6*13 + 7*13^2 + 4*13^3 + 5*13^4 + 8*13^5 + 6*13^6 + 11*13^7 + 9*13^8 + 3*13^9 + 9*13^10 + 3*13^11 + 6*13^12 + 3*13^13 + 6*13^14 + O(13^15) : 1 + O(13^20))
   (12 + 9*13 + 9*13^3 + 11*13^4 + 11*13^5 + 12*13^6 + 11*13^7 + 11*13^8 + 6*13^9 + 7*13^10 + 8*13^11 + 6*13^12 + 8*13^14 + 7*13^15 + O(13^16) : 7*13 + 5*13^2 + 8*13^3 + 7*13^4 + 4*13^5 + 6*13^6 + 13^7 + 3*13^8 + 9*13^9 + 3*13^10 + 9*13^11 + 6*13^12 + 9*13^13 + 6*13^14 + O(13^15) : 1 + O(13^20))
   (12*13 + 10*13^2 + 4*13^3 + 12*13^4 + 11*13^5 + 3*13^6 + 12*13^8 + 3*13^9 + 12*13^10 + 7*13^12 + 8*13^13 + 11*13^14 + O(13^15) : 10 + 9*13 + 6*13^2 + 10*13^3 + 4*13^4 + 13^5 + 11*13^6 + 12*13^7 + 8*13^8 + 10*13^9 + 11*13^10 + 9*13^11 + 9*13^12 + 9*13^13 + 7*13^14 + O(13^16) : 1 + O(13^20))
   (12*13 + 10*13^2 + 4*13^3 + 12*13^4 + 11*13^5 + 3*13^6 + 12*13^8 + 3*13^9 + 12*13^10 + 7*13^12 + 8*13^13 + 11*13^14 + O(13^15) : 3 + 3*13 + 6*13^2 + 2*13^3 + 8*13^4 + 11*13^5 + 13^6 + 4*13^8 + 2*13^9 + 13^10 + 3*13^11 + 3*13^12 + 3*13^13 + 5*13^14 + 12*13^15 + O(13^16) : 1 + O(13^20))
   (12*13 + 13^2 + 5*13^3 + 10*13^4 + 9*13^5 + 3*13^6 + 9*13^7 + 6*13^10 + 10*13^11 + 10*13^12 + 13^13 + 6*13^14 + O(13^15) : 10 + 9*13 + 6*13^2 + 11*13^3 + 11*13^4 + 10*13^5 + 6*13^6 + 9*13^7 + 6*13^9 + 6*13^10 + 5*13^11 + 3*13^12 + 3*13^13 + 10*13^14 + 4*13^15 + O(13^16) : 1 + O(13^20))
   (12*13 + 13^2 + 5*13^3 + 10*13^4 + 9*13^5 + 3*13^6 + 9*13^7 + 6*13^10 + 10*13^11 + 10*13^12 + 13^13 + 6*13^14 + O(13^15) : 3 + 3*13 + 6*13^2 + 13^3 + 13^4 + 2*13^5 + 6*13^6 + 3*13^7 + 12*13^8 + 6*13^9 + 6*13^10 + 7*13^11 + 9*13^12 + 9*13^13 + 2*13^14 + 8*13^15 + O(13^16) : 1 + O(13^20))
   (12*13 + 6*13^2 + 11*13^3 + 12*13^4 + 2*13^5 + 12*13^6 + 9*13^7 + 13^8 + 5*13^9 + 4*13^10 + 4*13^11 + 10*13^12 + 3*13^13 + 4*13^14 + O(13^15) : 10 + 9*13 + 6*13^2 + 9*13^3 + 11*13^4 + 11*13^5 + 12*13^6 + 8*13^7 + 5*13^8 + 3*13^9 + 2*13^10 + 8*13^11 + 4*13^12 + 9*13^13 + 5*13^14 + O(13^16) : 1 + O(13^20))
   (12*13 + 6*13^2 + 11*13^3 + 12*13^4 + 2*13^5 + 12*13^6 + 9*13^7 + 13^8 + 5*13^9 + 4*13^10 + 4*13^11 + 10*13^12 + 3*13^13 + 4*13^14 + O(13^15) : 3 + 3*13 + 6*13^2 + 3*13^3 + 13^4 + 13^5 + 4*13^7 + 7*13^8 + 9*13^9 + 10*13^10 + 4*13^11 + 8*13^12 + 3*13^13 + 7*13^14 + 12*13^15 + O(13^16) : 1 + O(13^20))
   (12*13 + 8*13^2 + 5*13^3 + 2*13^4 + 5*13^5 + 7*13^6 + 10*13^8 + 7*13^9 + 8*13^10 + 3*13^11 + 13^12 + 8*13^13 + 8*13^14 + O(13^15) : 10 + 9*13 + 6*13^2 + 3*13^3 + 3*13^4 + 2*13^5 + 5*13^6 + 12*13^7 + 2*13^8 + 8*13^9 + 6*13^10 + 7*13^11 + 7*13^12 + 7*13^13 + 13^14 + 13^15 + O(13^16) : 1 + O(13^20))
   (12*13 + 8*13^2 + 5*13^3 + 2*13^4 + 5*13^5 + 7*13^6 + 10*13^8 + 7*13^9 + 8*13^10 + 3*13^11 + 13^12 + 8*13^13 + 8*13^14 + O(13^15) : 3 + 3*13 + 6*13^2 + 9*13^3 + 9*13^4 + 10*13^5 + 7*13^6 + 10*13^8 + 4*13^9 + 6*13^10 + 5*13^11 + 5*13^12 + 5*13^13 + 11*13^14 + 11*13^15 + O(13^16) : 1 + O(13^20))
   (12*13 + 9*13^2 + 3*13^3 + 10*13^5 + 13^6 + 5*13^7 + 13^8 + 8*13^9 + 11*13^11 + 7*13^12 + 7*13^13 + 8*13^14 + O(13^15) : 10 + 9*13 + 6*13^2 + 7*13^4 + 3*13^5 + 8*13^6 + 4*13^7 + 11*13^8 + 8*13^10 + 12*13^11 + 8*13^12 + 13^13 + 10*13^15 + O(13^16) : 1 + O(13^20))
   (12*13 + 9*13^2 + 3*13^3 + 10*13^5 + 13^6 + 5*13^7 + 13^8 + 8*13^9 + 11*13^11 + 7*13^12 + 7*13^13 + 8*13^14 + O(13^15) : 3 + 3*13 + 6*13^2 + 12*13^3 + 5*13^4 + 9*13^5 + 4*13^6 + 8*13^7 + 13^8 + 12*13^9 + 4*13^10 + 4*13^12 + 11*13^13 + 12*13^14 + 2*13^15 + O(13^16) : 1 + O(13^20))
   (12*13 + 9*13^2 + 5*13^3 + 9*13^4 + 6*13^5 + 8*13^6 + 12*13^7 + 8*13^9 + 4*13^10 + 6*13^11 + 5*13^12 + 8*13^13 + 10*13^14 + O(13^15) : 10 + 9*13 + 6*13^2 + 13^4 + 13^5 + 3*13^7 + 6*13^8 + 5*13^9 + 11*13^10 + 6*13^11 + 6*13^12 + 9*13^13 + 8*13^14 + 8*13^15 + O(13^16) : 1 + O(13^20))
   (12*13 + 9*13^2 + 5*13^3 + 9*13^4 + 6*13^5 + 8*13^6 + 12*13^7 + 8*13^9 + 4*13^10 + 6*13^11 + 5*13^12 + 8*13^13 + 10*13^14 + O(13^15) : 3 + 3*13 + 6*13^2 + 12*13^3 + 11*13^4 + 11*13^5 + 12*13^6 + 9*13^7 + 6*13^8 + 7*13^9 + 13^10 + 6*13^11 + 6*13^12 + 3*13^13 + 4*13^14 + 4*13^15 + O(13^16) : 1 + O(13^20))
   (12*13^-1 + 1 + 12*13 + 2*13^2 + 13^3 + 3*13^6 + 9*13^7 + 13^8 + 13^10 + 2*13^11 + 10*13^14 + 7*13^15 + O(13^16) : 12*13^-3 + 5*13^-2 + 5*13^-1 + 10 + 4*13 + 7*13^2 + 7*13^4 + 13^5 + 8*13^6 + 5*13^7 + 7*13^8 + 6*13^9 + 6*13^10 + 13^11 + 13^12 + 6*13^13 + O(13^14) : 1 + O(13^20))
   (12*13^-1 + 1 + 12*13 + 2*13^2 + 13^3 + 3*13^6 + 9*13^7 + 13^8 + 13^10 + 2*13^11 + 10*13^14 + 7*13^15 + O(13^16) : 13^-3 + 7*13^-2 + 7*13^-1 + 2 + 8*13 + 5*13^2 + 12*13^3 + 5*13^4 + 11*13^5 + 4*13^6 + 7*13^7 + 5*13^8 + 6*13^9 + 6*13^10 + 11*13^11 + 11*13^12 + 6*13^13 + O(13^14) : 1 + O(13^20))
   (12*13^-1 + 10 + 4*13 + 5*13^2 + 10*13^3 + 2*13^4 + 13^5 + 4*13^6 + 6*13^7 + 12*13^8 + 3*13^9 + 9*13^11 + 13^12 + 2*13^13 + 11*13^14 + 6*13^15 + O(13^16) : 12*13^-3 + 6*13^-2 + 9*13^-1 + 12 + 9*13 + 10*13^2 + 13^3 + 10*13^4 + 12*13^5 + 4*13^6 + 3*13^7 + 11*13^8 + 11*13^9 + 13^10 + 12*13^11 + 9*13^12 + 13^13 + O(13^14) : 1 + O(13^20))
   (12*13^-1 + 10 + 4*13 + 5*13^2 + 10*13^3 + 2*13^4 + 13^5 + 4*13^6 + 6*13^7 + 12*13^8 + 3*13^9 + 9*13^11 + 13^12 + 2*13^13 + 11*13^14 + 6*13^15 + O(13^16) : 13^-3 + 6*13^-2 + 3*13^-1 + 3*13 + 2*13^2 + 11*13^3 + 2*13^4 + 8*13^6 + 9*13^7 + 13^8 + 13^9 + 11*13^10 + 3*13^12 + 11*13^13 + O(13^14) : 1 + O(13^20))
   (12*13^-1 + 4 + 3*13^2 + 6*13^3 + 7*13^4 + 13^5 + 10*13^6 + 4*13^7 + 10*13^8 + 8*13^9 + 4*13^10 + 7*13^11 + 11*13^12 + 10*13^13 + 5*13^14 + 2*13^15 + O(13^16) : 12*13^-3 + 13^-2 + 11*13^-1 + 11 + 4*13 + 8*13^3 + 2*13^4 + 8*13^5 + 13^6 + 3*13^7 + 4*13^8 + 7*13^9 + 12*13^10 + 6*13^11 + 11*13^12 + 2*13^13 + O(13^14) : 1 + O(13^20))
   (12*13^-1 + 4 + 3*13^2 + 6*13^3 + 7*13^4 + 13^5 + 10*13^6 + 4*13^7 + 10*13^8 + 8*13^9 + 4*13^10 + 7*13^11 + 11*13^12 + 10*13^13 + 5*13^14 + 2*13^15 + O(13^16) : 13^-3 + 11*13^-2 + 13^-1 + 1 + 8*13 + 12*13^2 + 4*13^3 + 10*13^4 + 4*13^5 + 11*13^6 + 9*13^7 + 8*13^8 + 5*13^9 + 6*13^11 + 13^12 + 10*13^13 + O(13^14) : 1 + O(13^20))
   (12*13^-1 + 4 + 4*13 + 13^2 + 4*13^3 + 9*13^4 + 5*13^5 + 8*13^7 + 12*13^8 + 6*13^9 + 2*13^10 + 13^11 + 2*13^12 + 13^13 + 11*13^14 + 9*13^15 + O(13^16) : 12*13^-3 + 13^-2 + 10*13^-1 + 3 + 13^2 + 5*13^4 + 2*13^5 + 11*13^6 + 7*13^7 + 13^8 + 2*13^9 + 7*13^10 + 10*13^11 + 4*13^12 + 2*13^13 + O(13^14) : 1 + O(13^20))
   (12*13^-1 + 4 + 4*13 + 13^2 + 4*13^3 + 9*13^4 + 5*13^5 + 8*13^7 + 12*13^8 + 6*13^9 + 2*13^10 + 13^11 + 2*13^12 + 13^13 + 11*13^14 + 9*13^15 + O(13^16) : 13^-3 + 11*13^-2 + 2*13^-1 + 9 + 12*13 + 11*13^2 + 12*13^3 + 7*13^4 + 10*13^5 + 13^6 + 5*13^7 + 11*13^8 + 10*13^9 + 5*13^10 + 2*13^11 + 8*13^12 + 10*13^13 + O(13^14) : 1 + O(13^20))
   (12*13^-1 + 6 + 11*13 + 10*13^2 + 11*13^3 + 7*13^4 + 3*13^5 + 13^6 + 6*13^7 + 11*13^9 + 11*13^10 + 3*13^11 + 3*13^12 + 13^13 + 6*13^14 + 7*13^15 + O(13^16) : 12*13^-3 + 7*13^-2 + 11*13^-1 + 5 + 11*13 + 8*13^2 + 3*13^3 + 9*13^4 + 5*13^5 + 4*13^6 + 10*13^7 + 9*13^8 + 12*13^9 + 2*13^10 + 11*13^11 + 3*13^12 + 3*13^13 + O(13^14) : 1 + O(13^20))
   (12*13^-1 + 6 + 11*13 + 10*13^2 + 11*13^3 + 7*13^4 + 3*13^5 + 13^6 + 6*13^7 + 11*13^9 + 11*13^10 + 3*13^11 + 3*13^12 + 13^13 + 6*13^14 + 7*13^15 + O(13^16) : 13^-3 + 5*13^-2 + 13^-1 + 7 + 13 + 4*13^2 + 9*13^3 + 3*13^4 + 7*13^5 + 8*13^6 + 2*13^7 + 3*13^8 + 10*13^10 + 13^11 + 9*13^12 + 9*13^13 + O(13^14) : 1 + O(13^20))
   (12*13^-1 + 7 + 5*13 + 2*13^2 + 4*13^3 + 2*13^4 + 13^5 + 13^6 + 11*13^7 + 6*13^8 + 5*13^9 + 6*13^10 + 6*13^11 + 8*13^12 + 11*13^13 + 11*13^14 + 4*13^15 + O(13^16) : 12*13^-3 + 10*13^-2 + 10 + 5*13 + 9*13^2 + 2*13^3 + 3*13^4 + 12*13^5 + 12*13^6 + 11*13^7 + 13^8 + 9*13^9 + 9*13^10 + 12*13^11 + 6*13^12 + 11*13^13 + O(13^14) : 1 + O(13^20))
   (12*13^-1 + 7 + 5*13 + 2*13^2 + 4*13^3 + 2*13^4 + 13^5 + 13^6 + 11*13^7 + 6*13^8 + 5*13^9 + 6*13^10 + 6*13^11 + 8*13^12 + 11*13^13 + 11*13^14 + 4*13^15 + O(13^16) : 13^-3 + 2*13^-2 + 12*13^-1 + 2 + 7*13 + 3*13^2 + 10*13^3 + 9*13^4 + 13^7 + 11*13^8 + 3*13^9 + 3*13^10 + 6*13^12 + 13^13 + O(13^14) : 1 + O(13^20))
   (13 + 11*13^2 + 7*13^3 + 2*13^4 + 3*13^5 + 9*13^6 + 3*13^7 + 12*13^8 + 12*13^9 + 6*13^10 + 2*13^11 + 2*13^12 + 11*13^13 + 6*13^14 + O(13^15) : 10 + 9*13 + 6*13^2 + 11*13^3 + 11*13^4 + 10*13^5 + 6*13^6 + 9*13^7 + 6*13^9 + 6*13^10 + 5*13^11 + 3*13^12 + 3*13^13 + 10*13^14 + 4*13^15 + O(13^16) : 1 + O(13^20))
   (13 + 11*13^2 + 7*13^3 + 2*13^4 + 3*13^5 + 9*13^6 + 3*13^7 + 12*13^8 + 12*13^9 + 6*13^10 + 2*13^11 + 2*13^12 + 11*13^13 + 6*13^14 + O(13^15) : 3 + 3*13 + 6*13^2 + 13^3 + 13^4 + 2*13^5 + 6*13^6 + 3*13^7 + 12*13^8 + 6*13^9 + 6*13^10 + 7*13^11 + 9*13^12 + 9*13^13 + 2*13^14 + 8*13^15 + O(13^16) : 1 + O(13^20))
   (13 + 2*13^2 + 8*13^3 + 13^5 + 9*13^6 + 12*13^7 + 9*13^9 + 12*13^11 + 5*13^12 + 4*13^13 + 13^14 + O(13^15) : 10 + 9*13 + 6*13^2 + 10*13^3 + 4*13^4 + 13^5 + 11*13^6 + 12*13^7 + 8*13^8 + 10*13^9 + 11*13^10 + 9*13^11 + 9*13^12 + 9*13^13 + 7*13^14 + O(13^16) : 1 + O(13^20))
   (13 + 2*13^2 + 8*13^3 + 13^5 + 9*13^6 + 12*13^7 + 9*13^9 + 12*13^11 + 5*13^12 + 4*13^13 + 13^14 + O(13^15) : 3 + 3*13 + 6*13^2 + 2*13^3 + 8*13^4 + 11*13^5 + 13^6 + 4*13^8 + 2*13^9 + 13^10 + 3*13^11 + 3*13^12 + 3*13^13 + 5*13^14 + 12*13^15 + O(13^16) : 1 + O(13^20))
   (13 + 3*13^2 + 7*13^3 + 3*13^4 + 6*13^5 + 4*13^6 + 12*13^8 + 4*13^9 + 8*13^10 + 6*13^11 + 7*13^12 + 4*13^13 + 2*13^14 + O(13^15) : 10 + 9*13 + 6*13^2 + 13^4 + 13^5 + 3*13^7 + 6*13^8 + 5*13^9 + 11*13^10 + 6*13^11 + 6*13^12 + 9*13^13 + 8*13^14 + 8*13^15 + O(13^16) : 1 + O(13^20))
   (13 + 3*13^2 + 7*13^3 + 3*13^4 + 6*13^5 + 4*13^6 + 12*13^8 + 4*13^9 + 8*13^10 + 6*13^11 + 7*13^12 + 4*13^13 + 2*13^14 + O(13^15) : 3 + 3*13 + 6*13^2 + 12*13^3 + 11*13^4 + 11*13^5 + 12*13^6 + 9*13^7 + 6*13^8 + 7*13^9 + 13^10 + 6*13^11 + 6*13^12 + 3*13^13 + 4*13^14 + 4*13^15 + O(13^16) : 1 + O(13^20))
   (13 + 3*13^2 + 9*13^3 + 12*13^4 + 2*13^5 + 11*13^6 + 7*13^7 + 11*13^8 + 4*13^9 + 12*13^10 + 13^11 + 5*13^12 + 5*13^13 + 4*13^14 + O(13^15) : 10 + 9*13 + 6*13^2 + 7*13^4 + 3*13^5 + 8*13^6 + 4*13^7 + 11*13^8 + 8*13^10 + 12*13^11 + 8*13^12 + 13^13 + 10*13^15 + O(13^16) : 1 + O(13^20))
   (13 + 3*13^2 + 9*13^3 + 12*13^4 + 2*13^5 + 11*13^6 + 7*13^7 + 11*13^8 + 4*13^9 + 12*13^10 + 13^11 + 5*13^12 + 5*13^13 + 4*13^14 + O(13^15) : 3 + 3*13 + 6*13^2 + 12*13^3 + 5*13^4 + 9*13^5 + 4*13^6 + 8*13^7 + 13^8 + 12*13^9 + 4*13^10 + 4*13^12 + 11*13^13 + 12*13^14 + 2*13^15 + O(13^16) : 1 + O(13^20))
   (13 + 4*13^2 + 7*13^3 + 10*13^4 + 7*13^5 + 5*13^6 + 12*13^7 + 2*13^8 + 5*13^9 + 4*13^10 + 9*13^11 + 11*13^12 + 4*13^13 + 4*13^14 + O(13^15) : 10 + 9*13 + 6*13^2 + 3*13^3 + 3*13^4 + 2*13^5 + 5*13^6 + 12*13^7 + 2*13^8 + 8*13^9 + 6*13^10 + 7*13^11 + 7*13^12 + 7*13^13 + 13^14 + 13^15 + O(13^16) : 1 + O(13^20))
   (13 + 4*13^2 + 7*13^3 + 10*13^4 + 7*13^5 + 5*13^6 + 12*13^7 + 2*13^8 + 5*13^9 + 4*13^10 + 9*13^11 + 11*13^12 + 4*13^13 + 4*13^14 + O(13^15) : 3 + 3*13 + 6*13^2 + 9*13^3 + 9*13^4 + 10*13^5 + 7*13^6 + 10*13^8 + 4*13^9 + 6*13^10 + 5*13^11 + 5*13^12 + 5*13^13 + 11*13^14 + 11*13^15 + O(13^16) : 1 + O(13^20))
   (13 + 6*13^2 + 13^3 + 10*13^5 + 3*13^7 + 11*13^8 + 7*13^9 + 8*13^10 + 8*13^11 + 2*13^12 + 9*13^13 + 8*13^14 + O(13^15) : 10 + 9*13 + 6*13^2 + 9*13^3 + 11*13^4 + 11*13^5 + 12*13^6 + 8*13^7 + 5*13^8 + 3*13^9 + 2*13^10 + 8*13^11 + 4*13^12 + 9*13^13 + 5*13^14 + O(13^16) : 1 + O(13^20))
   (13 + 6*13^2 + 13^3 + 10*13^5 + 3*13^7 + 11*13^8 + 7*13^9 + 8*13^10 + 8*13^11 + 2*13^12 + 9*13^13 + 8*13^14 + O(13^15) : 3 + 3*13 + 6*13^2 + 3*13^3 + 13^4 + 13^5 + 4*13^7 + 7*13^8 + 9*13^9 + 10*13^10 + 4*13^11 + 8*13^12 + 3*13^13 + 7*13^14 + 12*13^15 + O(13^16) : 1 + O(13^20))
   (13^-1 + 11 + 10*13^2 + 11*13^3 + 12*13^4 + 12*13^5 + 9*13^6 + 3*13^7 + 11*13^8 + 12*13^9 + 11*13^10 + 10*13^11 + 12*13^12 + 12*13^13 + 2*13^14 + 5*13^15 + O(13^16) : 12*13^-3 + 5*13^-2 + 5*13^-1 + 10 + 4*13 + 7*13^2 + 7*13^4 + 13^5 + 8*13^6 + 5*13^7 + 7*13^8 + 6*13^9 + 6*13^10 + 13^11 + 13^12 + 6*13^13 + O(13^14) : 1 + O(13^20))
   (13^-1 + 11 + 10*13^2 + 11*13^3 + 12*13^4 + 12*13^5 + 9*13^6 + 3*13^7 + 11*13^8 + 12*13^9 + 11*13^10 + 10*13^11 + 12*13^12 + 12*13^13 + 2*13^14 + 5*13^15 + O(13^16) : 13^-3 + 7*13^-2 + 7*13^-1 + 2 + 8*13 + 5*13^2 + 12*13^3 + 5*13^4 + 11*13^5 + 4*13^6 + 7*13^7 + 5*13^8 + 6*13^9 + 6*13^10 + 11*13^11 + 11*13^12 + 6*13^13 + O(13^14) : 1 + O(13^20))
   (13^-1 + 2 + 8*13 + 7*13^2 + 2*13^3 + 10*13^4 + 11*13^5 + 8*13^6 + 6*13^7 + 9*13^9 + 12*13^10 + 3*13^11 + 11*13^12 + 10*13^13 + 13^14 + 6*13^15 + O(13^16) : 12*13^-3 + 6*13^-2 + 9*13^-1 + 12 + 9*13 + 10*13^2 + 13^3 + 10*13^4 + 12*13^5 + 4*13^6 + 3*13^7 + 11*13^8 + 11*13^9 + 13^10 + 12*13^11 + 9*13^12 + 13^13 + O(13^14) : 1 + O(13^20))
   (13^-1 + 2 + 8*13 + 7*13^2 + 2*13^3 + 10*13^4 + 11*13^5 + 8*13^6 + 6*13^7 + 9*13^9 + 12*13^10 + 3*13^11 + 11*13^12 + 10*13^13 + 13^14 + 6*13^15 + O(13^16) : 13^-3 + 6*13^-2 + 3*13^-1 + 3*13 + 2*13^2 + 11*13^3 + 2*13^4 + 8*13^6 + 9*13^7 + 13^8 + 13^9 + 11*13^10 + 3*13^12 + 11*13^13 + O(13^14) : 1 + O(13^20))
   (13^-1 + 5 + 7*13 + 10*13^2 + 8*13^3 + 10*13^4 + 11*13^5 + 11*13^6 + 13^7 + 6*13^8 + 7*13^9 + 6*13^10 + 6*13^11 + 4*13^12 + 13^13 + 13^14 + 8*13^15 + O(13^16) : 12*13^-3 + 10*13^-2 + 10 + 5*13 + 9*13^2 + 2*13^3 + 3*13^4 + 12*13^5 + 12*13^6 + 11*13^7 + 13^8 + 9*13^9 + 9*13^10 + 12*13^11 + 6*13^12 + 11*13^13 + O(13^14) : 1 + O(13^20))
   (13^-1 + 5 + 7*13 + 10*13^2 + 8*13^3 + 10*13^4 + 11*13^5 + 11*13^6 + 13^7 + 6*13^8 + 7*13^9 + 6*13^10 + 6*13^11 + 4*13^12 + 13^13 + 13^14 + 8*13^15 + O(13^16) : 13^-3 + 2*13^-2 + 12*13^-1 + 2 + 7*13 + 3*13^2 + 10*13^3 + 9*13^4 + 13^7 + 11*13^8 + 3*13^9 + 3*13^10 + 6*13^12 + 13^13 + O(13^14) : 1 + O(13^20))
   (13^-1 + 6 + 13 + 2*13^2 + 13^3 + 5*13^4 + 9*13^5 + 11*13^6 + 6*13^7 + 12*13^8 + 13^9 + 13^10 + 9*13^11 + 9*13^12 + 11*13^13 + 6*13^14 + 5*13^15 + O(13^16) : 12*13^-3 + 7*13^-2 + 11*13^-1 + 5 + 11*13 + 8*13^2 + 3*13^3 + 9*13^4 + 5*13^5 + 4*13^6 + 10*13^7 + 9*13^8 + 12*13^9 + 2*13^10 + 11*13^11 + 3*13^12 + 3*13^13 + O(13^14) : 1 + O(13^20))
   (13^-1 + 6 + 13 + 2*13^2 + 13^3 + 5*13^4 + 9*13^5 + 11*13^6 + 6*13^7 + 12*13^8 + 13^9 + 13^10 + 9*13^11 + 9*13^12 + 11*13^13 + 6*13^14 + 5*13^15 + O(13^16) : 13^-3 + 5*13^-2 + 13^-1 + 7 + 13 + 4*13^2 + 9*13^3 + 3*13^4 + 7*13^5 + 8*13^6 + 2*13^7 + 3*13^8 + 10*13^10 + 13^11 + 9*13^12 + 9*13^13 + O(13^14) : 1 + O(13^20))
   (13^-1 + 8 + 12*13 + 9*13^2 + 6*13^3 + 5*13^4 + 11*13^5 + 2*13^6 + 8*13^7 + 2*13^8 + 4*13^9 + 8*13^10 + 5*13^11 + 13^12 + 2*13^13 + 7*13^14 + 10*13^15 + O(13^16) : 12*13^-3 + 13^-2 + 11*13^-1 + 11 + 4*13 + 8*13^3 + 2*13^4 + 8*13^5 + 13^6 + 3*13^7 + 4*13^8 + 7*13^9 + 12*13^10 + 6*13^11 + 11*13^12 + 2*13^13 + O(13^14) : 1 + O(13^20))
   (13^-1 + 8 + 12*13 + 9*13^2 + 6*13^3 + 5*13^4 + 11*13^5 + 2*13^6 + 8*13^7 + 2*13^8 + 4*13^9 + 8*13^10 + 5*13^11 + 13^12 + 2*13^13 + 7*13^14 + 10*13^15 + O(13^16) : 13^-3 + 11*13^-2 + 13^-1 + 1 + 8*13 + 12*13^2 + 4*13^3 + 10*13^4 + 4*13^5 + 11*13^6 + 9*13^7 + 8*13^8 + 5*13^9 + 6*13^11 + 13^12 + 10*13^13 + O(13^14) : 1 + O(13^20))
   (13^-1 + 8 + 8*13 + 11*13^2 + 8*13^3 + 3*13^4 + 7*13^5 + 12*13^6 + 4*13^7 + 6*13^9 + 10*13^10 + 11*13^11 + 10*13^12 + 11*13^13 + 13^14 + 3*13^15 + O(13^16) : 12*13^-3 + 13^-2 + 10*13^-1 + 3 + 13^2 + 5*13^4 + 2*13^5 + 11*13^6 + 7*13^7 + 13^8 + 2*13^9 + 7*13^10 + 10*13^11 + 4*13^12 + 2*13^13 + O(13^14) : 1 + O(13^20))
   (13^-1 + 8 + 8*13 + 11*13^2 + 8*13^3 + 3*13^4 + 7*13^5 + 12*13^6 + 4*13^7 + 6*13^9 + 10*13^10 + 11*13^11 + 10*13^12 + 11*13^13 + 13^14 + 3*13^15 + O(13^16) : 13^-3 + 11*13^-2 + 2*13^-1 + 9 + 12*13 + 11*13^2 + 12*13^3 + 7*13^4 + 10*13^5 + 13^6 + 5*13^7 + 11*13^8 + 10*13^9 + 5*13^10 + 2*13^11 + 8*13^12 + 10*13^13 + O(13^14) : 1 + O(13^20))
   (2*13 + 11*13^2 + 11*13^3 + 11*13^4 + 3*13^5 + 2*13^6 + 10*13^7 + 11*13^8 + 3*13^9 + 9*13^10 + 13^12 + 8*13^13 + 3*13^14 + O(13^15) : 10 + 9*13 + 4*13^2 + 9*13^3 + 13^4 + 3*13^5 + 8*13^6 + 3*13^7 + 2*13^8 + 11*13^9 + 12*13^11 + 7*13^12 + 5*13^13 + 10*13^14 + 3*13^15 + O(13^16) : 1 + O(13^20))
   (2*13 + 11*13^2 + 11*13^3 + 11*13^4 + 3*13^5 + 2*13^6 + 10*13^7 + 11*13^8 + 3*13^9 + 9*13^10 + 13^12 + 8*13^13 + 3*13^14 + O(13^15) : 3 + 3*13 + 8*13^2 + 3*13^3 + 11*13^4 + 9*13^5 + 4*13^6 + 9*13^7 + 10*13^8 + 13^9 + 12*13^10 + 5*13^12 + 7*13^13 + 2*13^14 + 9*13^15 + O(13^16) : 1 + O(13^20))
   (2*13 + 12*13^2 + 10*13^4 + 2*13^5 + 7*13^6 + 3*13^7 + 9*13^8 + 6*13^9 + 5*13^10 + 3*13^11 + 6*13^12 + 5*13^13 + 12*13^14 + O(13^15) : 10 + 9*13 + 4*13^2 + 2*13^3 + 12*13^4 + 5*13^5 + 5*13^6 + 6*13^7 + 5*13^9 + 12*13^10 + 13^11 + 4*13^12 + 8*13^14 + O(13^16) : 1 + O(13^20))
   (2*13 + 12*13^2 + 10*13^4 + 2*13^5 + 7*13^6 + 3*13^7 + 9*13^8 + 6*13^9 + 5*13^10 + 3*13^11 + 6*13^12 + 5*13^13 + 12*13^14 + O(13^15) : 3 + 3*13 + 8*13^2 + 10*13^3 + 7*13^5 + 7*13^6 + 6*13^7 + 12*13^8 + 7*13^9 + 11*13^11 + 8*13^12 + 12*13^13 + 4*13^14 + 12*13^15 + O(13^16) : 1 + O(13^20))
   (2*13 + 3*13^2 + 4*13^5 + 13^6 + 5*13^8 + 8*13^9 + 13^10 + 2*13^11 + 11*13^12 + 6*13^14 + O(13^15) : 10 + 9*13 + 4*13^2 + 4*13^4 + 6*13^5 + 2*13^6 + 13^7 + 4*13^8 + 7*13^9 + 9*13^10 + 9*13^11 + 6*13^12 + 12*13^13 + 5*13^14 + 2*13^15 + O(13^16) : 1 + O(13^20))
   (2*13 + 3*13^2 + 4*13^5 + 13^6 + 5*13^8 + 8*13^9 + 13^10 + 2*13^11 + 11*13^12 + 6*13^14 + O(13^15) : 3 + 3*13 + 8*13^2 + 12*13^3 + 8*13^4 + 6*13^5 + 10*13^6 + 11*13^7 + 8*13^8 + 5*13^9 + 3*13^10 + 3*13^11 + 6*13^12 + 7*13^14 + 10*13^15 + O(13^16) : 1 + O(13^20))
   (2*13 + 7*13^2 + 13^3 + 7*13^4 + 13^6 + 8*13^7 + 12*13^8 + 2*13^9 + 12*13^10 + 7*13^11 + 8*13^12 + 2*13^13 + 9*13^14 + O(13^15) : 10 + 9*13 + 4*13^2 + 11*13^3 + 3*13^4 + 9*13^6 + 9*13^7 + 8*13^8 + 13^9 + 5*13^10 + 6*13^11 + 11*13^12 + 2*13^13 + 7*13^14 + 7*13^15 + O(13^16) : 1 + O(13^20))
   (2*13 + 7*13^2 + 13^3 + 7*13^4 + 13^6 + 8*13^7 + 12*13^8 + 2*13^9 + 12*13^10 + 7*13^11 + 8*13^12 + 2*13^13 + 9*13^14 + O(13^15) : 3 + 3*13 + 8*13^2 + 13^3 + 9*13^4 + 12*13^5 + 3*13^6 + 3*13^7 + 4*13^8 + 11*13^9 + 7*13^10 + 6*13^11 + 13^12 + 10*13^13 + 5*13^14 + 5*13^15 + O(13^16) : 1 + O(13^20))
   (2*13 + 7*13^2 + 2*13^3 + 11*13^4 + 5*13^5 + 11*13^6 + 9*13^7 + 12*13^9 + 6*13^10 + 10*13^11 + 4*13^12 + 7*13^13 + 10*13^14 + O(13^15) : 10 + 9*13 + 4*13^2 + 11*13^3 + 9*13^4 + 2*13^5 + 12*13^6 + 6*13^7 + 13^8 + 8*13^9 + 3*13^11 + 8*13^12 + 9*13^13 + 2*13^14 + 9*13^15 + O(13^16) : 1 + O(13^20))
   (2*13 + 7*13^2 + 2*13^3 + 11*13^4 + 5*13^5 + 11*13^6 + 9*13^7 + 12*13^9 + 6*13^10 + 10*13^11 + 4*13^12 + 7*13^13 + 10*13^14 + O(13^15) : 3 + 3*13 + 8*13^2 + 13^3 + 3*13^4 + 10*13^5 + 6*13^7 + 11*13^8 + 4*13^9 + 12*13^10 + 9*13^11 + 4*13^12 + 3*13^13 + 10*13^14 + 3*13^15 + O(13^16) : 1 + O(13^20))
   (2*13 + 9*13^4 + 4*13^5 + 13^6 + 10*13^7 + 10*13^8 + 11*13^10 + 9*13^11 + 12*13^12 + 10*13^13 + 10*13^14 + O(13^15) : 10 + 9*13 + 4*13^2 + 8*13^3 + 7*13^4 + 9*13^5 + 2*13^7 + 10*13^8 + 13^9 + 11*13^10 + 8*13^11 + 13^12 + 9*13^13 + 2*13^14 + 13^15 + O(13^16) : 1 + O(13^20))
   (2*13 + 9*13^4 + 4*13^5 + 13^6 + 10*13^7 + 10*13^8 + 11*13^10 + 9*13^11 + 12*13^12 + 10*13^13 + 10*13^14 + O(13^15) : 3 + 3*13 + 8*13^2 + 4*13^3 + 5*13^4 + 3*13^5 + 12*13^6 + 10*13^7 + 2*13^8 + 11*13^9 + 13^10 + 4*13^11 + 11*13^12 + 3*13^13 + 10*13^14 + 11*13^15 + O(13^16) : 1 + O(13^20))
   (2*13^-1 + 1 + 7*13 + 4*13^2 + 6*13^3 + 8*13^4 + 4*13^5 + 4*13^6 + 3*13^7 + 4*13^8 + 13^9 + 11*13^10 + 7*13^11 + 13^12 + 7*13^13 + 9*13^14 + 13^15 + O(13^16) : 5*13^-3 + 13^-1 + 3 + 2*13^3 + 12*13^4 + 3*13^5 + 5*13^6 + 5*13^7 + 4*13^8 + 7*13^9 + 10*13^10 + 11*13^13 + O(13^14) : 1 + O(13^20))
   (2*13^-1 + 1 + 7*13 + 4*13^2 + 6*13^3 + 8*13^4 + 4*13^5 + 4*13^6 + 3*13^7 + 4*13^8 + 13^9 + 11*13^10 + 7*13^11 + 13^12 + 7*13^13 + 9*13^14 + 13^15 + O(13^16) : 8*13^-3 + 12*13^-2 + 11*13^-1 + 9 + 12*13 + 12*13^2 + 10*13^3 + 9*13^5 + 7*13^6 + 7*13^7 + 8*13^8 + 5*13^9 + 2*13^10 + 12*13^11 + 12*13^12 + 13^13 + O(13^14) : 1 + O(13^20))
   (2*13^-1 + 3 + 11*13 + 8*13^2 + 11*13^3 + 6*13^4 + 10*13^5 + 12*13^6 + 2*13^7 + 12*13^8 + 4*13^9 + 9*13^11 + 6*13^13 + 5*13^14 + 4*13^15 + O(13^16) : 5*13^-3 + 2*13^-2 + 7*13^-1 + 10*13 + 11*13^2 + 12*13^4 + 7*13^5 + 3*13^6 + 8*13^7 + 7*13^8 + 9*13^9 + 6*13^10 + 4*13^11 + 2*13^13 + O(13^14) : 1 + O(13^20))
   (2*13^-1 + 3 + 11*13 + 8*13^2 + 11*13^3 + 6*13^4 + 10*13^5 + 12*13^6 + 2*13^7 + 12*13^8 + 4*13^9 + 9*13^11 + 6*13^13 + 5*13^14 + 4*13^15 + O(13^16) : 8*13^-3 + 10*13^-2 + 5*13^-1 + 12 + 2*13 + 13^2 + 12*13^3 + 5*13^5 + 9*13^6 + 4*13^7 + 5*13^8 + 3*13^9 + 6*13^10 + 8*13^11 + 12*13^12 + 10*13^13 + O(13^14) : 1 + O(13^20))
   (2*13^-1 + 3 + 2*13 + 12*13^2 + 8*13^3 + 12*13^4 + 8*13^6 + 3*13^7 + 3*13^9 + 7*13^10 + 10*13^11 + 7*13^12 + 13^13 + 3*13^14 + 7*13^15 + O(13^16) : 5*13^-3 + 2*13^-2 + 11*13^-1 + 11 + 12*13 + 10*13^3 + 12*13^4 + 7*13^5 + 9*13^6 + 3*13^7 + 2*13^8 + 2*13^9 + 5*13^11 + 6*13^12 + 3*13^13 + O(13^14) : 1 + O(13^20))
   (2*13^-1 + 3 + 2*13 + 12*13^2 + 8*13^3 + 12*13^4 + 8*13^6 + 3*13^7 + 3*13^9 + 7*13^10 + 10*13^11 + 7*13^12 + 13^13 + 3*13^14 + 7*13^15 + O(13^16) : 8*13^-3 + 10*13^-2 + 13^-1 + 1 + 12*13^2 + 2*13^3 + 5*13^5 + 3*13^6 + 9*13^7 + 10*13^8 + 10*13^9 + 12*13^10 + 7*13^11 + 6*13^12 + 9*13^13 + O(13^14) : 1 + O(13^20))
   (2*13^-1 + 5 + 12*13 + 9*13^2 + 2*13^3 + 10*13^4 + 3*13^5 + 8*13^6 + 13^7 + 6*13^8 + 8*13^9 + 4*13^11 + 4*13^12 + 3*13^13 + 3*13^14 + 8*13^15 + O(13^16) : 5*13^-3 + 4*13^-2 + 13^-1 + 1 + 13 + 9*13^2 + 7*13^3 + 9*13^4 + 7*13^5 + 13^6 + 8*13^7 + 8*13^8 + 6*13^9 + 10*13^10 + 7*13^11 + 7*13^12 + 10*13^13 + O(13^14) : 1 + O(13^20))
   (2*13^-1 + 5 + 12*13 + 9*13^2 + 2*13^3 + 10*13^4 + 3*13^5 + 8*13^6 + 13^7 + 6*13^8 + 8*13^9 + 4*13^11 + 4*13^12 + 3*13^13 + 3*13^14 + 8*13^15 + O(13^16) : 8*13^-3 + 8*13^-2 + 11*13^-1 + 11 + 11*13 + 3*13^2 + 5*13^3 + 3*13^4 + 5*13^5 + 11*13^6 + 4*13^7 + 4*13^8 + 6*13^9 + 2*13^10 + 5*13^11 + 5*13^12 + 2*13^13 + O(13^14) : 1 + O(13^20))
   (2*13^-1 + 8 + 6*13 + 3*13^2 + 10*13^3 + 8*13^5 + 2*13^6 + 12*13^7 + 2*13^8 + 5*13^9 + 5*13^10 + 4*13^11 + 11*13^12 + 4*13^13 + 2*13^14 + 4*13^15 + O(13^16) : 5*13^-3 + 7*13^-2 + 5*13^-1 + 7 + 5*13 + 13^2 + 4*13^4 + 6*13^5 + 2*13^6 + 4*13^7 + 7*13^8 + 13^9 + 5*13^10 + 12*13^11 + 11*13^12 + 13^13 + O(13^14) : 1 + O(13^20))
   (2*13^-1 + 8 + 6*13 + 3*13^2 + 10*13^3 + 8*13^5 + 2*13^6 + 12*13^7 + 2*13^8 + 5*13^9 + 5*13^10 + 4*13^11 + 11*13^12 + 4*13^13 + 2*13^14 + 4*13^15 + O(13^16) : 8*13^-3 + 5*13^-2 + 7*13^-1 + 5 + 7*13 + 11*13^2 + 12*13^3 + 8*13^4 + 6*13^5 + 10*13^6 + 8*13^7 + 5*13^8 + 11*13^9 + 7*13^10 + 13^12 + 11*13^13 + O(13^14) : 1 + O(13^20))
   (3 + 10*13 + 10*13^2 + 8*13^3 + 5*13^4 + 13^5 + 12*13^6 + 13^7 + 10*13^9 + 7*13^10 + 8*13^11 + 10*13^12 + 12*13^13 + 5*13^14 + 4*13^15 + 9*13^16 + O(13^17) : 11 + 8*13 + 3*13^2 + 3*13^3 + 9*13^4 + 7*13^6 + 7*13^7 + 4*13^8 + 2*13^9 + 13^10 + 3*13^11 + 5*13^12 + 5*13^13 + 13^14 + 7*13^15 + O(13^17) : 1 + O(13^20))
   (3 + 10*13 + 10*13^2 + 8*13^3 + 5*13^4 + 13^5 + 12*13^6 + 13^7 + 10*13^9 + 7*13^10 + 8*13^11 + 10*13^12 + 12*13^13 + 5*13^14 + 4*13^15 + 9*13^16 + O(13^17) : 2 + 4*13 + 9*13^2 + 9*13^3 + 3*13^4 + 12*13^5 + 5*13^6 + 5*13^7 + 8*13^8 + 10*13^9 + 11*13^10 + 9*13^11 + 7*13^12 + 7*13^13 + 11*13^14 + 5*13^15 + 12*13^16 + O(13^17) : 1 + O(13^20))
   (3 + 10*13 + 12*13^2 + 11*13^3 + 9*13^4 + 8*13^5 + 2*13^6 + 9*13^7 + 10*13^8 + 5*13^9 + 8*13^10 + 5*13^11 + 8*13^12 + 5*13^13 + 5*13^14 + 9*13^15 + 12*13^16 + O(13^17) : 11 + 8*13 + 5*13^2 + 10*13^3 + 5*13^4 + 3*13^5 + 8*13^6 + 2*13^7 + 7*13^8 + 5*13^9 + 4*13^10 + 12*13^11 + 3*13^12 + 8*13^13 + 8*13^14 + 12*13^15 + O(13^17) : 1 + O(13^20))
   (3 + 10*13 + 12*13^2 + 11*13^3 + 9*13^4 + 8*13^5 + 2*13^6 + 9*13^7 + 10*13^8 + 5*13^9 + 8*13^10 + 5*13^11 + 8*13^12 + 5*13^13 + 5*13^14 + 9*13^15 + 12*13^16 + O(13^17) : 2 + 4*13 + 7*13^2 + 2*13^3 + 7*13^4 + 9*13^5 + 4*13^6 + 10*13^7 + 5*13^8 + 7*13^9 + 8*13^10 + 9*13^12 + 4*13^13 + 4*13^14 + 12*13^16 + O(13^17) : 1 + O(13^20))
   (3 + 10*13 + 2*13^3 + 13^4 + 4*13^5 + 9*13^6 + 2*13^7 + 4*13^8 + 8*13^9 + 11*13^10 + 2*13^11 + 3*13^12 + 6*13^13 + 3*13^14 + 12*13^15 + 6*13^16 + O(13^17) : 11 + 8*13 + 6*13^2 + 2*13^3 + 7*13^4 + 5*13^5 + 3*13^6 + 5*13^7 + 5*13^8 + 7*13^9 + 8*13^10 + 4*13^11 + 13^12 + 5*13^13 + 3*13^14 + 11*13^16 + O(13^17) : 1 + O(13^20))
   (3 + 10*13 + 2*13^3 + 13^4 + 4*13^5 + 9*13^6 + 2*13^7 + 4*13^8 + 8*13^9 + 11*13^10 + 2*13^11 + 3*13^12 + 6*13^13 + 3*13^14 + 12*13^15 + 6*13^16 + O(13^17) : 2 + 4*13 + 6*13^2 + 10*13^3 + 5*13^4 + 7*13^5 + 9*13^6 + 7*13^7 + 7*13^8 + 5*13^9 + 4*13^10 + 8*13^11 + 11*13^12 + 7*13^13 + 9*13^14 + 12*13^15 + 13^16 + O(13^17) : 1 + O(13^20))
   (3 + 10*13 + 3*13^2 + 7*13^3 + 8*13^4 + 7*13^5 + 8*13^6 + 5*13^7 + 10*13^8 + 13^9 + 7*13^11 + 11*13^12 + 3*13^13 + 2*13^14 + 3*13^15 + 7*13^16 + O(13^17) : 11 + 8*13 + 9*13^2 + 3*13^4 + 13^5 + 12*13^8 + 12*13^9 + 8*13^10 + 8*13^11 + 3*13^12 + 13^13 + 7*13^14 + 5*13^15 + 4*13^16 + O(13^17) : 1 + O(13^20))
   (3 + 10*13 + 3*13^2 + 7*13^3 + 8*13^4 + 7*13^5 + 8*13^6 + 5*13^7 + 10*13^8 + 13^9 + 7*13^11 + 11*13^12 + 3*13^13 + 2*13^14 + 3*13^15 + 7*13^16 + O(13^17) : 2 + 4*13 + 3*13^2 + 12*13^3 + 9*13^4 + 11*13^5 + 12*13^6 + 12*13^7 + 4*13^10 + 4*13^11 + 9*13^12 + 11*13^13 + 5*13^14 + 7*13^15 + 8*13^16 + O(13^17) : 1 + O(13^20))
   (3 + 10*13 + 7*13^2 + 2*13^3 + 6*13^4 + 10*13^5 + 6*13^6 + 13^7 + 9*13^8 + 3*13^9 + 7*13^11 + 11*13^12 + 8*13^13 + 4*13^14 + 6*13^15 + 4*13^16 + O(13^17) : 11 + 8*13 + 4*13^3 + 8*13^4 + 12*13^5 + 6*13^6 + 6*13^7 + 5*13^10 + 8*13^11 + 2*13^12 + 5*13^13 + 6*13^14 + 3*13^15 + 7*13^16 + O(13^17) : 1 + O(13^20))
   (3 + 10*13 + 7*13^2 + 2*13^3 + 6*13^4 + 10*13^5 + 6*13^6 + 13^7 + 9*13^8 + 3*13^9 + 7*13^11 + 11*13^12 + 8*13^13 + 4*13^14 + 6*13^15 + 4*13^16 + O(13^17) : 2 + 4*13 + 12*13^2 + 8*13^3 + 4*13^4 + 6*13^6 + 6*13^7 + 12*13^8 + 12*13^9 + 7*13^10 + 4*13^11 + 10*13^12 + 7*13^13 + 6*13^14 + 9*13^15 + 5*13^16 + O(13^17) : 1 + O(13^20))
   (3 + 10*13 + 9*13^2 + 13^3 + 2*13^4 + 8*13^5 + 6*13^6 + 10*13^7 + 3*13^8 + 8*13^9 + 13^10 + 9*13^11 + 5*13^12 + 4*13^13 + 2*13^14 + 9*13^15 + 4*13^16 + O(13^17) : 11 + 8*13 + 2*13^2 + 7*13^3 + 9*13^4 + 6*13^5 + 4*13^7 + 4*13^8 + 11*13^9 + 6*13^10 + 13^11 + 4*13^12 + 2*13^13 + 4*13^14 + 2*13^15 + 7*13^16 + O(13^17) : 1 + O(13^20))
   (3 + 10*13 + 9*13^2 + 13^3 + 2*13^4 + 8*13^5 + 6*13^6 + 10*13^7 + 3*13^8 + 8*13^9 + 13^10 + 9*13^11 + 5*13^12 + 4*13^13 + 2*13^14 + 9*13^15 + 4*13^16 + O(13^17) : 2 + 4*13 + 10*13^2 + 5*13^3 + 3*13^4 + 6*13^5 + 12*13^6 + 8*13^7 + 8*13^8 + 13^9 + 6*13^10 + 11*13^11 + 8*13^12 + 10*13^13 + 8*13^14 + 10*13^15 + 5*13^16 + O(13^17) : 1 + O(13^20))
   (3 + 11*13 + 13^2 + 10*13^4 + 4*13^5 + 2*13^6 + 2*13^7 + 10*13^8 + 12*13^9 + 4*13^10 + 13^12 + 5*13^13 + 13^14 + 8*13^15 + 9*13^16 + O(13^17) : 11 + 9*13 + 4*13^2 + 4*13^3 + 9*13^4 + 10*13^5 + 5*13^6 + 9*13^7 + 6*13^8 + 6*13^9 + 3*13^10 + 11*13^11 + 7*13^12 + 3*13^13 + 8*13^14 + 7*13^15 + 10*13^16 + O(13^17) : 1 + O(13^20))
   (3 + 11*13 + 13^2 + 10*13^4 + 4*13^5 + 2*13^6 + 2*13^7 + 10*13^8 + 12*13^9 + 4*13^10 + 13^12 + 5*13^13 + 13^14 + 8*13^15 + 9*13^16 + O(13^17) : 2 + 3*13 + 8*13^2 + 8*13^3 + 3*13^4 + 2*13^5 + 7*13^6 + 3*13^7 + 6*13^8 + 6*13^9 + 9*13^10 + 13^11 + 5*13^12 + 9*13^13 + 4*13^14 + 5*13^15 + 2*13^16 + O(13^17) : 1 + O(13^20))
   (3 + 11*13 + 2*13^2 + 2*13^4 + 6*13^5 + 8*13^6 + 4*13^7 + 11*13^8 + 10*13^9 + 9*13^10 + 4*13^11 + 4*13^12 + 2*13^13 + 11*13^14 + 6*13^16 + O(13^17) : 11 + 9*13 + 5*13^2 + 9*13^3 + 12*13^4 + 6*13^5 + 6*13^6 + 5*13^7 + 10*13^8 + 7*13^9 + 13^10 + 10*13^11 + 12*13^12 + 12*13^13 + 11*13^14 + 4*13^15 + 3*13^16 + O(13^17) : 1 + O(13^20))
   (3 + 11*13 + 2*13^2 + 2*13^4 + 6*13^5 + 8*13^6 + 4*13^7 + 11*13^8 + 10*13^9 + 9*13^10 + 4*13^11 + 4*13^12 + 2*13^13 + 11*13^14 + 6*13^16 + O(13^17) : 2 + 3*13 + 7*13^2 + 3*13^3 + 6*13^5 + 6*13^6 + 7*13^7 + 2*13^8 + 5*13^9 + 11*13^10 + 2*13^11 + 13^14 + 8*13^15 + 9*13^16 + O(13^17) : 1 + O(13^20))
   (3 + 11*13 + 3*13^2 + 2*13^3 + 9*13^4 + 4*13^5 + 13^6 + 3*13^8 + 13^9 + 12*13^10 + 12*13^11 + 4*13^12 + 5*13^14 + 7*13^15 + 4*13^16 + O(13^17) : 11 + 9*13 + 6*13^2 + 3*13^3 + 5*13^4 + 10*13^5 + 9*13^6 + 7*13^7 + 13^8 + 8*13^9 + 8*13^10 + 11*13^11 + 12*13^13 + 4*13^14 + O(13^17) : 1 + O(13^20))
   (3 + 11*13 + 3*13^2 + 2*13^3 + 9*13^4 + 4*13^5 + 13^6 + 3*13^8 + 13^9 + 12*13^10 + 12*13^11 + 4*13^12 + 5*13^14 + 7*13^15 + 4*13^16 + O(13^17) : 2 + 3*13 + 6*13^2 + 9*13^3 + 7*13^4 + 2*13^5 + 3*13^6 + 5*13^7 + 11*13^8 + 4*13^9 + 4*13^10 + 13^11 + 12*13^12 + 8*13^14 + 12*13^15 + 12*13^16 + O(13^17) : 1 + O(13^20))
   (3 + 11*13 + 3*13^2 + 8*13^3 + 10*13^5 + 3*13^6 + 11*13^7 + 8*13^9 + 11*13^10 + 9*13^11 + 7*13^13 + 10*13^14 + 4*13^16 + O(13^17) : 11 + 9*13 + 6*13^2 + 9*13^3 + 13^5 + 10*13^6 + 12*13^7 + 6*13^8 + 9*13^9 + 3*13^10 + 8*13^11 + 4*13^12 + 7*13^13 + 5*13^14 + 11*13^15 + 12*13^16 + O(13^17) : 1 + O(13^20))
   (3 + 11*13 + 3*13^2 + 8*13^3 + 10*13^5 + 3*13^6 + 11*13^7 + 8*13^9 + 11*13^10 + 9*13^11 + 7*13^13 + 10*13^14 + 4*13^16 + O(13^17) : 2 + 3*13 + 6*13^2 + 3*13^3 + 12*13^4 + 11*13^5 + 2*13^6 + 6*13^8 + 3*13^9 + 9*13^10 + 4*13^11 + 8*13^12 + 5*13^13 + 7*13^14 + 13^15 + O(13^17) : 1 + O(13^20))
   (3 + 11*13 + 4*13^2 + 7*13^3 + 2*13^4 + 12*13^5 + 9*13^6 + 6*13^7 + 5*13^8 + 9*13^9 + 9*13^10 + 5*13^11 + 13^12 + 9*13^13 + 2*13^14 + 5*13^15 + 11*13^16 + O(13^17) : 11 + 9*13 + 7*13^2 + 2*13^4 + 9*13^5 + 8*13^6 + 11*13^7 + 9*13^8 + 12*13^9 + 10*13^10 + 9*13^11 + 6*13^12 + 5*13^14 + 8*13^15 + 3*13^16 + O(13^17) : 1 + O(13^20))
   (3 + 11*13 + 4*13^2 + 7*13^3 + 2*13^4 + 12*13^5 + 9*13^6 + 6*13^7 + 5*13^8 + 9*13^9 + 9*13^10 + 5*13^11 + 13^12 + 9*13^13 + 2*13^14 + 5*13^15 + 11*13^16 + O(13^17) : 2 + 3*13 + 5*13^2 + 12*13^3 + 10*13^4 + 3*13^5 + 4*13^6 + 13^7 + 3*13^8 + 2*13^10 + 3*13^11 + 6*13^12 + 12*13^13 + 7*13^14 + 4*13^15 + 9*13^16 + O(13^17) : 1 + O(13^20))
   (3 + 11*13 + 4*13^2 + 9*13^3 + 9*13^4 + 9*13^5 + 5*13^6 + 6*13^7 + 9*13^8 + 8*13^9 + 6*13^10 + 11*13^11 + 6*13^12 + 3*13^13 + 12*13^14 + 2*13^15 + 13^16 + O(13^17) : 11 + 9*13 + 7*13^2 + 2*13^3 + 6*13^4 + 13^5 + 9*13^6 + 2*13^7 + 6*13^8 + 10*13^9 + 7*13^10 + 9*13^11 + 2*13^12 + 2*13^13 + 3*13^15 + 9*13^16 + O(13^17) : 1 + O(13^20))
   (3 + 11*13 + 4*13^2 + 9*13^3 + 9*13^4 + 9*13^5 + 5*13^6 + 6*13^7 + 9*13^8 + 8*13^9 + 6*13^10 + 11*13^11 + 6*13^12 + 3*13^13 + 12*13^14 + 2*13^15 + 13^16 + O(13^17) : 2 + 3*13 + 5*13^2 + 10*13^3 + 6*13^4 + 11*13^5 + 3*13^6 + 10*13^7 + 6*13^8 + 2*13^9 + 5*13^10 + 3*13^11 + 10*13^12 + 10*13^13 + 12*13^14 + 9*13^15 + 3*13^16 + O(13^17) : 1 + O(13^20))
   (3 + 11*13 + 5*13^2 + 10*13^3 + 13^4 + 2*13^5 + 12*13^7 + 11*13^8 + 6*13^9 + 2*13^10 + 6*13^11 + 12*13^12 + 10*13^13 + 10*13^14 + 4*13^15 + 5*13^16 + O(13^17) : 11 + 9*13 + 8*13^2 + 8*13^3 + 10*13^4 + 13^6 + 10*13^8 + 13^9 + 13^10 + 5*13^11 + 7*13^12 + 7*13^13 + 10*13^14 + 11*13^15 + 5*13^16 + O(13^17) : 1 + O(13^20))
   (3 + 11*13 + 5*13^2 + 10*13^3 + 13^4 + 2*13^5 + 12*13^7 + 11*13^8 + 6*13^9 + 2*13^10 + 6*13^11 + 12*13^12 + 10*13^13 + 10*13^14 + 4*13^15 + 5*13^16 + O(13^17) : 2 + 3*13 + 4*13^2 + 4*13^3 + 2*13^4 + 12*13^5 + 11*13^6 + 12*13^7 + 2*13^8 + 11*13^9 + 11*13^10 + 7*13^11 + 5*13^12 + 5*13^13 + 2*13^14 + 13^15 + 7*13^16 + O(13^17) : 1 + O(13^20))
   (3 + 12*13 + 10*13^2 + 6*13^3 + 7*13^4 + 6*13^5 + 4*13^6 + 7*13^7 + 11*13^8 + 5*13^9 + 12*13^10 + 6*13^11 + 10*13^12 + 6*13^13 + 9*13^14 + 3*13^15 + 9*13^16 + O(13^17) : 11 + 10*13 + 13^3 + 6*13^4 + 3*13^5 + 4*13^6 + 12*13^7 + 13^8 + 12*13^9 + 4*13^10 + 7*13^11 + 4*13^12 + 7*13^13 + 13^14 + 10*13^15 + 10*13^16 + O(13^17) : 1 + O(13^20))
   (3 + 12*13 + 10*13^2 + 6*13^3 + 7*13^4 + 6*13^5 + 4*13^6 + 7*13^7 + 11*13^8 + 5*13^9 + 12*13^10 + 6*13^11 + 10*13^12 + 6*13^13 + 9*13^14 + 3*13^15 + 9*13^16 + O(13^17) : 2 + 2*13 + 12*13^2 + 11*13^3 + 6*13^4 + 9*13^5 + 8*13^6 + 11*13^8 + 8*13^10 + 5*13^11 + 8*13^12 + 5*13^13 + 11*13^14 + 2*13^15 + 2*13^16 + O(13^17) : 1 + O(13^20))
   (3 + 12*13 + 11*13^2 + 10*13^3 + 6*13^4 + 2*13^5 + 12*13^6 + 12*13^7 + 5*13^8 + 8*13^9 + 13^10 + 5*13^11 + 13^12 + 5*13^13 + 12*13^14 + 8*13^15 + 3*13^16 + O(13^17) : 11 + 10*13 + 13^2 + 11*13^4 + 13^5 + 7*13^6 + 7*13^7 + 8*13^8 + 7*13^9 + 5*13^10 + 12*13^11 + 2*13^12 + 12*13^13 + 13^14 + 5*13^16 + O(13^17) : 1 + O(13^20))
   (3 + 12*13 + 11*13^2 + 10*13^3 + 6*13^4 + 2*13^5 + 12*13^6 + 12*13^7 + 5*13^8 + 8*13^9 + 13^10 + 5*13^11 + 13^12 + 5*13^13 + 12*13^14 + 8*13^15 + 3*13^16 + O(13^17) : 2 + 2*13 + 11*13^2 + 12*13^3 + 13^4 + 11*13^5 + 5*13^6 + 5*13^7 + 4*13^8 + 5*13^9 + 7*13^10 + 10*13^12 + 11*13^14 + 12*13^15 + 7*13^16 + O(13^17) : 1 + O(13^20))
   (3 + 12*13 + 12*13^2 + 8*13^3 + 4*13^4 + 12*13^6 + 9*13^7 + 8*13^8 + 10*13^9 + 12*13^10 + 11*13^11 + 3*13^12 + 5*13^13 + 7*13^14 + 11*13^16 + O(13^17) : 11 + 10*13 + 2*13^2 + 6*13^3 + 8*13^4 + 12*13^5 + 10*13^6 + 10*13^7 + 11*13^8 + 4*13^9 + 12*13^10 + 11*13^11 + 10*13^12 + 10*13^13 + 12*13^14 + 9*13^15 + 8*13^16 + O(13^17) : 1 + O(13^20))
   (3 + 12*13 + 12*13^2 + 8*13^3 + 4*13^4 + 12*13^6 + 9*13^7 + 8*13^8 + 10*13^9 + 12*13^10 + 11*13^11 + 3*13^12 + 5*13^13 + 7*13^14 + 11*13^16 + O(13^17) : 2 + 2*13 + 10*13^2 + 6*13^3 + 4*13^4 + 2*13^6 + 2*13^7 + 13^8 + 8*13^9 + 13^11 + 2*13^12 + 2*13^13 + 3*13^15 + 4*13^16 + O(13^17) : 1 + O(13^20))
   (3 + 12*13 + 5*13^2 + 9*13^3 + 13^4 + 4*13^5 + 10*13^6 + 2*13^7 + 4*13^8 + 11*13^9 + 12*13^10 + 10*13^12 + 12*13^13 + 11*13^14 + 4*13^15 + 6*13^16 + O(13^17) : 11 + 10*13 + 8*13^2 + 2*13^3 + 6*13^4 + 11*13^5 + 2*13^6 + 7*13^7 + 6*13^8 + 13^9 + 11*13^10 + 4*13^11 + 2*13^12 + 11*13^13 + 12*13^15 + 10*13^16 + O(13^17) : 1 + O(13^20))
   (3 + 12*13 + 5*13^2 + 9*13^3 + 13^4 + 4*13^5 + 10*13^6 + 2*13^7 + 4*13^8 + 11*13^9 + 12*13^10 + 10*13^12 + 12*13^13 + 11*13^14 + 4*13^15 + 6*13^16 + O(13^17) : 2 + 2*13 + 4*13^2 + 10*13^3 + 6*13^4 + 13^5 + 10*13^6 + 5*13^7 + 6*13^8 + 11*13^9 + 13^10 + 8*13^11 + 10*13^12 + 13^13 + 12*13^14 + 2*13^16 + O(13^17) : 1 + O(13^20))
   (3 + 12*13 + 6*13^2 + 12*13^3 + 10*13^4 + 2*13^5 + 5*13^6 + 9*13^7 + 4*13^8 + 11*13^9 + 6*13^10 + 12*13^11 + 13^12 + 13^13 + 3*13^14 + 4*13^15 + 11*13^16 + O(13^17) : 11 + 10*13 + 9*13^2 + 11*13^4 + 4*13^5 + 6*13^6 + 6*13^7 + 9*13^8 + 5*13^9 + 4*13^10 + 3*13^11 + 2*13^12 + 5*13^13 + 7*13^14 + 12*13^15 + 13^16 + O(13^17) : 1 + O(13^20))
   (3 + 12*13 + 6*13^2 + 12*13^3 + 10*13^4 + 2*13^5 + 5*13^6 + 9*13^7 + 4*13^8 + 11*13^9 + 6*13^10 + 12*13^11 + 13^12 + 13^13 + 3*13^14 + 4*13^15 + 11*13^16 + O(13^17) : 2 + 2*13 + 3*13^2 + 12*13^3 + 13^4 + 8*13^5 + 6*13^6 + 6*13^7 + 3*13^8 + 7*13^9 + 8*13^10 + 9*13^11 + 10*13^12 + 7*13^13 + 5*13^14 + 11*13^16 + O(13^17) : 1 + O(13^20))
   (3 + 12*13 + 7*13^4 + 6*13^5 + 11*13^6 + 6*13^7 + 2*13^8 + 9*13^9 + 4*13^10 + 9*13^11 + 11*13^12 + 4*13^13 + 8*13^14 + 10*13^15 + 10*13^16 + O(13^17) : 11 + 10*13 + 3*13^2 + 5*13^3 + 9*13^4 + 9*13^5 + 6*13^6 + 8*13^7 + 7*13^8 + 2*13^9 + 7*13^10 + 12*13^12 + 11*13^13 + 11*13^14 + 10*13^15 + 9*13^16 + O(13^17) : 1 + O(13^20))
   (3 + 12*13 + 7*13^4 + 6*13^5 + 11*13^6 + 6*13^7 + 2*13^8 + 9*13^9 + 4*13^10 + 9*13^11 + 11*13^12 + 4*13^13 + 8*13^14 + 10*13^15 + 10*13^16 + O(13^17) : 2 + 2*13 + 9*13^2 + 7*13^3 + 3*13^4 + 3*13^5 + 6*13^6 + 4*13^7 + 5*13^8 + 10*13^9 + 5*13^10 + 12*13^11 + 13^13 + 13^14 + 2*13^15 + 3*13^16 + O(13^17) : 1 + O(13^20))
   (3 + 2*13 + 2*13^2 + 2*13^4 + 9*13^5 + 4*13^6 + 9*13^7 + 13^8 + 11*13^9 + 13^10 + 3*13^11 + 4*13^12 + 10*13^13 + 4*13^14 + 12*13^15 + 13^16 + O(13^17) : 11 + 10*13^2 + 8*13^3 + 12*13^4 + 12*13^5 + 8*13^6 + 7*13^7 + 12*13^8 + 4*13^10 + 8*13^11 + 11*13^12 + 3*13^13 + 5*13^14 + 7*13^15 + 11*13^16 + O(13^17) : 1 + O(13^20))
   (3 + 2*13 + 2*13^2 + 2*13^4 + 9*13^5 + 4*13^6 + 9*13^7 + 13^8 + 11*13^9 + 13^10 + 3*13^11 + 4*13^12 + 10*13^13 + 4*13^14 + 12*13^15 + 13^16 + O(13^17) : 2 + 12*13 + 2*13^2 + 4*13^3 + 4*13^6 + 5*13^7 + 12*13^9 + 8*13^10 + 4*13^11 + 13^12 + 9*13^13 + 7*13^14 + 5*13^15 + 13^16 + O(13^17) : 1 + O(13^20))
   (3 + 2*13 + 2*13^2 + 9*13^3 + 7*13^4 + 12*13^5 + 9*13^7 + 6*13^8 + 7*13^9 + 6*13^10 + 9*13^12 + 4*13^13 + 5*13^14 + 12*13^15 + 6*13^16 + O(13^17) : 11 + 10*13^2 + 4*13^3 + 2*13^4 + 8*13^5 + 6*13^6 + 12*13^8 + 3*13^9 + 7*13^10 + 11*13^11 + 10*13^12 + 3*13^14 + O(13^17) : 1 + O(13^20))
   (3 + 2*13 + 2*13^2 + 9*13^3 + 7*13^4 + 12*13^5 + 9*13^7 + 6*13^8 + 7*13^9 + 6*13^10 + 9*13^12 + 4*13^13 + 5*13^14 + 12*13^15 + 6*13^16 + O(13^17) : 2 + 12*13 + 2*13^2 + 8*13^3 + 10*13^4 + 4*13^5 + 6*13^6 + 12*13^7 + 9*13^9 + 5*13^10 + 13^11 + 2*13^12 + 12*13^13 + 9*13^14 + 12*13^15 + 12*13^16 + O(13^17) : 1 + O(13^20))
   (3 + 2*13 + 5*13^2 + 2*13^3 + 12*13^4 + 12*13^7 + 3*13^8 + 8*13^9 + 11*13^10 + 6*13^11 + 9*13^12 + 4*13^13 + 2*13^14 + 6*13^15 + 3*13^16 + O(13^17) : 11 + 10*13^3 + 6*13^4 + 4*13^5 + 5*13^6 + 7*13^7 + 5*13^8 + 8*13^9 + 11*13^10 + 9*13^11 + 4*13^12 + 4*13^13 + 10*13^14 + 12*13^15 + 9*13^16 + O(13^17) : 1 + O(13^20))
   (3 + 2*13 + 5*13^2 + 2*13^3 + 12*13^4 + 12*13^7 + 3*13^8 + 8*13^9 + 11*13^10 + 6*13^11 + 9*13^12 + 4*13^13 + 2*13^14 + 6*13^15 + 3*13^16 + O(13^17) : 2 + 12*13 + 12*13^2 + 2*13^3 + 6*13^4 + 8*13^5 + 7*13^6 + 5*13^7 + 7*13^8 + 4*13^9 + 13^10 + 3*13^11 + 8*13^12 + 8*13^13 + 2*13^14 + 3*13^16 + O(13^17) : 1 + O(13^20))
   (3 + 2*13 + 6*13^2 + 5*13^3 + 11*13^4 + 8*13^6 + 8*13^7 + 12*13^8 + 10*13^9 + 2*13^10 + 6*13^11 + 7*13^12 + 7*13^13 + 10*13^14 + 6*13^15 + 8*13^16 + O(13^17) : 11 + 13^2 + 4*13^3 + 7*13^4 + 12*13^5 + 13^6 + 7*13^7 + 4*13^8 + 12*13^9 + 5*13^11 + 10*13^12 + 9*13^13 + 3*13^14 + 9*13^16 + O(13^17) : 1 + O(13^20))
   (3 + 2*13 + 6*13^2 + 5*13^3 + 11*13^4 + 8*13^6 + 8*13^7 + 12*13^8 + 10*13^9 + 2*13^10 + 6*13^11 + 7*13^12 + 7*13^13 + 10*13^14 + 6*13^15 + 8*13^16 + O(13^17) : 2 + 12*13 + 11*13^2 + 8*13^3 + 5*13^4 + 11*13^6 + 5*13^7 + 8*13^8 + 12*13^10 + 7*13^11 + 2*13^12 + 3*13^13 + 9*13^14 + 12*13^15 + 3*13^16 + O(13^17) : 1 + O(13^20))
   (3 + 2*13^2 + 4*13^3 + 5*13^4 + 9*13^5 + 10*13^6 + 3*13^7 + 10*13^8 + 2*13^9 + 5*13^10 + 11*13^11 + 3*13^12 + 10*13^13 + 4*13^14 + 5*13^15 + 2*13^16 + O(13^17) : 11 + 11*13 + 7*13^2 + 6*13^3 + 12*13^4 + 6*13^5 + 8*13^6 + 11*13^7 + 12*13^8 + 5*13^9 + 13^10 + 13^11 + 4*13^12 + 3*13^13 + 8*13^14 + 12*13^15 + 3*13^16 + O(13^17) : 1 + O(13^20))
   (3 + 2*13^2 + 4*13^3 + 5*13^4 + 9*13^5 + 10*13^6 + 3*13^7 + 10*13^8 + 2*13^9 + 5*13^10 + 11*13^11 + 3*13^12 + 10*13^13 + 4*13^14 + 5*13^15 + 2*13^16 + O(13^17) : 2 + 13 + 5*13^2 + 6*13^3 + 6*13^5 + 4*13^6 + 13^7 + 7*13^9 + 11*13^10 + 11*13^11 + 8*13^12 + 9*13^13 + 4*13^14 + 9*13^16 + O(13^17) : 1 + O(13^20))
   (3 + 3*13 + 13^2 + 6*13^3 + 4*13^4 + 9*13^5 + 13^6 + 8*13^7 + 11*13^8 + 7*13^9 + 9*13^10 + 13^11 + 6*13^12 + 12*13^13 + 6*13^14 + 11*13^15 + 12*13^16 + O(13^17) : 11 + 13 + 8*13^2 + 9*13^3 + 12*13^4 + 8*13^5 + 9*13^7 + 7*13^8 + 10*13^9 + 7*13^10 + 9*13^11 + 6*13^12 + 5*13^13 + 11*13^14 + 4*13^15 + 12*13^16 + O(13^17) : 1 + O(13^20))
   (3 + 3*13 + 13^2 + 6*13^3 + 4*13^4 + 9*13^5 + 13^6 + 8*13^7 + 11*13^8 + 7*13^9 + 9*13^10 + 13^11 + 6*13^12 + 12*13^13 + 6*13^14 + 11*13^15 + 12*13^16 + O(13^17) : 2 + 11*13 + 4*13^2 + 3*13^3 + 4*13^5 + 12*13^6 + 3*13^7 + 5*13^8 + 2*13^9 + 5*13^10 + 3*13^11 + 6*13^12 + 7*13^13 + 13^14 + 8*13^15 + O(13^17) : 1 + O(13^20))
   (3 + 3*13 + 2*13^2 + 12*13^3 + 8*13^4 + 5*13^5 + 8*13^6 + 11*13^7 + 10*13^8 + 9*13^9 + 11*13^10 + 2*13^11 + 13^12 + 11*13^13 + 7*13^14 + 2*13^15 + 12*13^16 + O(13^17) : 11 + 13 + 9*13^2 + 9*13^3 + 6*13^4 + 4*13^6 + 8*13^7 + 8*13^8 + 6*13^9 + 8*13^10 + 9*13^11 + 5*13^12 + 2*13^13 + 6*13^14 + 8*13^15 + O(13^17) : 1 + O(13^20))
   (3 + 3*13 + 2*13^2 + 12*13^3 + 8*13^4 + 5*13^5 + 8*13^6 + 11*13^7 + 10*13^8 + 9*13^9 + 11*13^10 + 2*13^11 + 13^12 + 11*13^13 + 7*13^14 + 2*13^15 + 12*13^16 + O(13^17) : 2 + 11*13 + 3*13^2 + 3*13^3 + 6*13^4 + 12*13^5 + 8*13^6 + 4*13^7 + 4*13^8 + 6*13^9 + 4*13^10 + 3*13^11 + 7*13^12 + 10*13^13 + 6*13^14 + 4*13^15 + 12*13^16 + O(13^17) : 1 + O(13^20))
   (3 + 3*13 + 3*13^2 + 11*13^3 + 13^4 + 10*13^5 + 2*13^6 + 2*13^7 + 12*13^8 + 2*13^9 + 3*13^10 + 12*13^12 + 11*13^13 + 9*13^14 + 7*13^15 + 9*13^16 + O(13^17) : 11 + 13 + 10*13^2 + 2*13^3 + 8*13^4 + 4*13^5 + 8*13^6 + 4*13^7 + 3*13^9 + 2*13^10 + 7*13^11 + 6*13^12 + 3*13^13 + 7*13^14 + 2*13^15 + 12*13^16 + O(13^17) : 1 + O(13^20))
   (3 + 3*13 + 3*13^2 + 11*13^3 + 13^4 + 10*13^5 + 2*13^6 + 2*13^7 + 12*13^8 + 2*13^9 + 3*13^10 + 12*13^12 + 11*13^13 + 9*13^14 + 7*13^15 + 9*13^16 + O(13^17) : 2 + 11*13 + 2*13^2 + 10*13^3 + 4*13^4 + 8*13^5 + 4*13^6 + 8*13^7 + 12*13^8 + 9*13^9 + 10*13^10 + 5*13^11 + 6*13^12 + 9*13^13 + 5*13^14 + 10*13^15 + O(13^17) : 1 + O(13^20))
   (3 + 3*13 + 7*13^2 + 11*13^3 + 5*13^4 + 2*13^5 + 5*13^6 + 2*13^7 + 13^8 + 10*13^10 + 2*13^11 + 11*13^12 + 12*13^13 + 9*13^14 + 9*13^15 + 9*13^16 + O(13^17) : 11 + 13 + 13^2 + 5*13^3 + 12*13^5 + 10*13^6 + 5*13^7 + 6*13^8 + 10*13^9 + 5*13^10 + 10*13^11 + 11*13^12 + 5*13^13 + 9*13^14 + 2*13^15 + 6*13^16 + O(13^17) : 1 + O(13^20))
   (3 + 3*13 + 7*13^2 + 11*13^3 + 5*13^4 + 2*13^5 + 5*13^6 + 2*13^7 + 13^8 + 10*13^10 + 2*13^11 + 11*13^12 + 12*13^13 + 9*13^14 + 9*13^15 + 9*13^16 + O(13^17) : 2 + 11*13 + 11*13^2 + 7*13^3 + 12*13^4 + 2*13^6 + 7*13^7 + 6*13^8 + 2*13^9 + 7*13^10 + 2*13^11 + 13^12 + 7*13^13 + 3*13^14 + 10*13^15 + 6*13^16 + O(13^17) : 1 + O(13^20))
   (3 + 3*13 + 7*13^3 + 3*13^4 + 2*13^5 + 13^6 + 3*13^7 + 6*13^8 + 6*13^9 + 8*13^10 + 2*13^11 + 3*13^12 + 11*13^13 + 10*13^14 + 9*13^15 + 7*13^16 + O(13^17) : 11 + 13 + 7*13^2 + 3*13^3 + 9*13^4 + 11*13^5 + 6*13^6 + 3*13^7 + 7*13^8 + 6*13^9 + 3*13^10 + 2*13^11 + 3*13^12 + 12*13^13 + 10*13^15 + 8*13^16 + O(13^17) : 1 + O(13^20))
   (3 + 3*13 + 7*13^3 + 3*13^4 + 2*13^5 + 13^6 + 3*13^7 + 6*13^8 + 6*13^9 + 8*13^10 + 2*13^11 + 3*13^12 + 11*13^13 + 10*13^14 + 9*13^15 + 7*13^16 + O(13^17) : 2 + 11*13 + 5*13^2 + 9*13^3 + 3*13^4 + 13^5 + 6*13^6 + 9*13^7 + 5*13^8 + 6*13^9 + 9*13^10 + 10*13^11 + 9*13^12 + 12*13^14 + 2*13^15 + 4*13^16 + O(13^17) : 1 + O(13^20))
   (3 + 3*13 + 8*13^2 + 9*13^3 + 7*13^4 + 7*13^5 + 5*13^6 + 12*13^8 + 7*13^10 + 4*13^11 + 10*13^12 + 3*13^14 + 13^15 + 5*13^16 + O(13^17) : 11 + 13 + 2*13^2 + 10*13^3 + 5*13^4 + 8*13^5 + 8*13^6 + 5*13^7 + 9*13^8 + 4*13^9 + 6*13^11 + 9*13^12 + 3*13^13 + 11*13^14 + 11*13^15 + 13^16 + O(13^17) : 1 + O(13^20))
   (3 + 3*13 + 8*13^2 + 9*13^3 + 7*13^4 + 7*13^5 + 5*13^6 + 12*13^8 + 7*13^10 + 4*13^11 + 10*13^12 + 3*13^14 + 13^15 + 5*13^16 + O(13^17) : 2 + 11*13 + 10*13^2 + 2*13^3 + 7*13^4 + 4*13^5 + 4*13^6 + 7*13^7 + 3*13^8 + 8*13^9 + 12*13^10 + 6*13^11 + 3*13^12 + 9*13^13 + 13^14 + 13^15 + 11*13^16 + O(13^17) : 1 + O(13^20))
   (3 + 3*13^2 + 3*13^3 + 13^4 + 12*13^5 + 6*13^6 + 13^7 + 5*13^8 + 8*13^10 + 3*13^11 + 11*13^12 + 2*13^13 + 9*13^14 + 6*13^15 + 6*13^16 + O(13^17) : 11 + 11*13 + 8*13^2 + 3*13^3 + 8*13^4 + 2*13^5 + 6*13^6 + 2*13^7 + 4*13^8 + 12*13^9 + 12*13^10 + 11*13^12 + 3*13^14 + 10*13^15 + 4*13^16 + O(13^17) : 1 + O(13^20))
   (3 + 3*13^2 + 3*13^3 + 13^4 + 12*13^5 + 6*13^6 + 13^7 + 5*13^8 + 8*13^10 + 3*13^11 + 11*13^12 + 2*13^13 + 9*13^14 + 6*13^15 + 6*13^16 + O(13^17) : 2 + 13 + 4*13^2 + 9*13^3 + 4*13^4 + 10*13^5 + 6*13^6 + 10*13^7 + 8*13^8 + 12*13^11 + 13^12 + 12*13^13 + 9*13^14 + 2*13^15 + 8*13^16 + O(13^17) : 1 + O(13^20))
   (3 + 4*13 + 5*13^2 + 10*13^3 + 6*13^5 + 7*13^6 + 13^8 + 8*13^9 + 13^10 + 12*13^11 + 3*13^12 + 4*13^13 + 3*13^14 + 4*13^15 + 5*13^16 + O(13^17) : 11 + 2*13 + 13^2 + 3*13^3 + 9*13^4 + 13^6 + 12*13^7 + 4*13^8 + 6*13^10 + 9*13^11 + 12*13^12 + 13^13 + 2*13^14 + 8*13^15 + 5*13^16 + O(13^17) : 1 + O(13^20))
   (3 + 4*13 + 5*13^2 + 10*13^3 + 6*13^5 + 7*13^6 + 13^8 + 8*13^9 + 13^10 + 12*13^11 + 3*13^12 + 4*13^13 + 3*13^14 + 4*13^15 + 5*13^16 + O(13^17) : 2 + 10*13 + 11*13^2 + 9*13^3 + 3*13^4 + 12*13^5 + 11*13^6 + 8*13^8 + 12*13^9 + 6*13^10 + 3*13^11 + 11*13^13 + 10*13^14 + 4*13^15 + 7*13^16 + O(13^17) : 1 + O(13^20))
   (3 + 4*13 + 6*13^2 + 10*13^3 + 4*13^4 + 12*13^5 + 4*13^6 + 11*13^7 + 13^8 + 6*13^10 + 13^11 + 11*13^12 + 10*13^13 + 9*13^14 + 3*13^15 + 8*13^16 + O(13^17) : 11 + 2*13 + 2*13^2 + 7*13^4 + 13^5 + 6*13^6 + 3*13^7 + 13^8 + 6*13^9 + 9*13^10 + 11*13^11 + 12*13^12 + 3*13^13 + 8*13^14 + 2*13^15 + 5*13^16 + O(13^17) : 1 + O(13^20))
   (3 + 4*13 + 6*13^2 + 10*13^3 + 4*13^4 + 12*13^5 + 4*13^6 + 11*13^7 + 13^8 + 6*13^10 + 13^11 + 11*13^12 + 10*13^13 + 9*13^14 + 3*13^15 + 8*13^16 + O(13^17) : 2 + 10*13 + 10*13^2 + 12*13^3 + 5*13^4 + 11*13^5 + 6*13^6 + 9*13^7 + 11*13^8 + 6*13^9 + 3*13^10 + 13^11 + 9*13^13 + 4*13^14 + 10*13^15 + 7*13^16 + O(13^17) : 1 + O(13^20))
   (3 + 4*13 + 6*13^2 + 12*13^3 + 9*13^4 + 6*13^5 + 2*13^6 + 13^7 + 13^9 + 13^10 + 11*13^11 + 8*13^12 + 9*13^13 + 2*13^16 + O(13^17) : 11 + 2*13 + 2*13^2 + 2*13^3 + 6*13^4 + 10*13^5 + 11*13^6 + 3*13^7 + 9*13^8 + 3*13^9 + 11*13^10 + 9*13^11 + 13^12 + 11*13^13 + 6*13^14 + 4*13^15 + 3*13^16 + O(13^17) : 1 + O(13^20))
   (3 + 4*13 + 6*13^2 + 12*13^3 + 9*13^4 + 6*13^5 + 2*13^6 + 13^7 + 13^9 + 13^10 + 11*13^11 + 8*13^12 + 9*13^13 + 2*13^16 + O(13^17) : 2 + 10*13 + 10*13^2 + 10*13^3 + 6*13^4 + 2*13^5 + 13^6 + 9*13^7 + 3*13^8 + 9*13^9 + 13^10 + 3*13^11 + 11*13^12 + 13^13 + 6*13^14 + 8*13^15 + 9*13^16 + O(13^17) : 1 + O(13^20))
   (3 + 4*13 + 7*13^2 + 10*13^3 + 3*13^4 + 4*13^5 + 10*13^6 + 4*13^7 + 7*13^8 + 11*13^9 + 9*13^10 + 5*13^11 + 10*13^12 + 4*13^13 + 5*13^14 + 4*13^15 + 8*13^16 + O(13^17) : 11 + 2*13 + 3*13^2 + 10*13^3 + 2*13^4 + 4*13^5 + 3*13^6 + 2*13^7 + 12*13^8 + 9*13^9 + 3*13^10 + 13^11 + 9*13^12 + 3*13^13 + 6*13^14 + 4*13^15 + 6*13^16 + O(13^17) : 1 + O(13^20))
   (3 + 4*13 + 7*13^2 + 10*13^3 + 3*13^4 + 4*13^5 + 10*13^6 + 4*13^7 + 7*13^8 + 11*13^9 + 9*13^10 + 5*13^11 + 10*13^12 + 4*13^13 + 5*13^14 + 4*13^15 + 8*13^16 + O(13^17) : 2 + 10*13 + 9*13^2 + 2*13^3 + 10*13^4 + 8*13^5 + 9*13^6 + 10*13^7 + 3*13^9 + 9*13^10 + 11*13^11 + 3*13^12 + 9*13^13 + 6*13^14 + 8*13^15 + 6*13^16 + O(13^17) : 1 + O(13^20))
   (3 + 4*13 + 7*13^2 + 3*13^3 + 2*13^4 + 2*13^5 + 9*13^6 + 6*13^8 + 2*13^9 + 6*13^10 + 11*13^11 + 13^12 + 3*13^13 + 6*13^14 + 9*13^15 + 11*13^16 + O(13^17) : 11 + 2*13 + 3*13^2 + 3*13^3 + 9*13^4 + 10*13^5 + 11*13^6 + 5*13^7 + 13^8 + 4*13^9 + 11*13^10 + 6*13^11 + 7*13^12 + 3*13^13 + 4*13^14 + 6*13^15 + 12*13^16 + O(13^17) : 1 + O(13^20))
   (3 + 4*13 + 7*13^2 + 3*13^3 + 2*13^4 + 2*13^5 + 9*13^6 + 6*13^8 + 2*13^9 + 6*13^10 + 11*13^11 + 13^12 + 3*13^13 + 6*13^14 + 9*13^15 + 11*13^16 + O(13^17) : 2 + 10*13 + 9*13^2 + 9*13^3 + 3*13^4 + 2*13^5 + 13^6 + 7*13^7 + 11*13^8 + 8*13^9 + 13^10 + 6*13^11 + 5*13^12 + 9*13^13 + 8*13^14 + 6*13^15 + O(13^17) : 1 + O(13^20))
   (3 + 4*13 + 8*13^2 + 4*13^3 + 2*13^4 + 11*13^5 + 6*13^6 + 2*13^7 + 5*13^8 + 6*13^9 + 8*13^10 + 6*13^11 + 2*13^12 + 6*13^13 + 3*13^14 + 8*13^15 + 10*13^16 + O(13^17) : 11 + 2*13 + 4*13^2 + 13^3 + 6*13^4 + 2*13^5 + 8*13^6 + 11*13^7 + 2*13^8 + 5*13^9 + 3*13^10 + 5*13^11 + 12*13^12 + 13^13 + 8*13^14 + 9*13^15 + 5*13^16 + O(13^17) : 1 + O(13^20))
   (3 + 4*13 + 8*13^2 + 4*13^3 + 2*13^4 + 11*13^5 + 6*13^6 + 2*13^7 + 5*13^8 + 6*13^9 + 8*13^10 + 6*13^11 + 2*13^12 + 6*13^13 + 3*13^14 + 8*13^15 + 10*13^16 + O(13^17) : 2 + 10*13 + 8*13^2 + 11*13^3 + 6*13^4 + 10*13^5 + 4*13^6 + 13^7 + 10*13^8 + 7*13^9 + 9*13^10 + 7*13^11 + 11*13^13 + 4*13^14 + 3*13^15 + 7*13^16 + O(13^17) : 1 + O(13^20))
   (3 + 4*13 + 9*13^2 + 3*13^3 + 6*13^4 + 13^6 + 2*13^7 + 13^8 + 11*13^9 + 13^10 + 2*13^12 + 4*13^13 + 8*13^14 + 12*13^15 + 12*13^16 + O(13^17) : 11 + 2*13 + 5*13^2 + 10*13^3 + 2*13^4 + 12*13^6 + 2*13^7 + 11*13^8 + 8*13^9 + 2*13^10 + 13^11 + 9*13^12 + 5*13^13 + 7*13^14 + 10*13^15 + 13^16 + O(13^17) : 1 + O(13^20))
   (3 + 4*13 + 9*13^2 + 3*13^3 + 6*13^4 + 13^6 + 2*13^7 + 13^8 + 11*13^9 + 13^10 + 2*13^12 + 4*13^13 + 8*13^14 + 12*13^15 + 12*13^16 + O(13^17) : 2 + 10*13 + 7*13^2 + 2*13^3 + 10*13^4 + 12*13^5 + 10*13^7 + 13^8 + 4*13^9 + 10*13^10 + 11*13^11 + 3*13^12 + 7*13^13 + 5*13^14 + 2*13^15 + 11*13^16 + O(13^17) : 1 + O(13^20))
   (3 + 5*13 + 11*13^2 + 9*13^3 + 2*13^4 + 3*13^6 + 2*13^7 + 3*13^8 + 8*13^9 + 3*13^10 + 11*13^11 + 13^12 + 12*13^14 + 12*13^15 + 5*13^16 + O(13^17) : 11 + 3*13 + 12*13^2 + 3*13^3 + 6*13^4 + 13^5 + 5*13^6 + 6*13^7 + 5*13^8 + 10*13^9 + 13^10 + 8*13^11 + 9*13^12 + 7*13^13 + 13^14 + 3*13^15 + 2*13^16 + O(13^17) : 1 + O(13^20))
   (3 + 5*13 + 11*13^2 + 9*13^3 + 2*13^4 + 3*13^6 + 2*13^7 + 3*13^8 + 8*13^9 + 3*13^10 + 11*13^11 + 13^12 + 12*13^14 + 12*13^15 + 5*13^16 + O(13^17) : 2 + 9*13 + 9*13^3 + 6*13^4 + 11*13^5 + 7*13^6 + 6*13^7 + 7*13^8 + 2*13^9 + 11*13^10 + 4*13^11 + 3*13^12 + 5*13^13 + 11*13^14 + 9*13^15 + 10*13^16 + O(13^17) : 1 + O(13^20))
   (3 + 5*13 + 12*13^2 + 2*13^3 + 9*13^4 + 3*13^5 + 8*13^6 + 11*13^7 + 6*13^8 + 9*13^9 + 9*13^10 + 10*13^11 + 11*13^12 + 7*13^13 + 7*13^14 + 11*13^15 + 8*13^16 + O(13^17) : 11 + 3*13 + 10*13^3 + 5*13^4 + 4*13^5 + 8*13^6 + 3*13^7 + 12*13^8 + 7*13^9 + 12*13^10 + 10*13^11 + 11*13^12 + 9*13^14 + 13^15 + 12*13^16 + O(13^17) : 1 + O(13^20))
   (3 + 5*13 + 12*13^2 + 2*13^3 + 9*13^4 + 3*13^5 + 8*13^6 + 11*13^7 + 6*13^8 + 9*13^9 + 9*13^10 + 10*13^11 + 11*13^12 + 7*13^13 + 7*13^14 + 11*13^15 + 8*13^16 + O(13^17) : 2 + 9*13 + 12*13^2 + 2*13^3 + 7*13^4 + 8*13^5 + 4*13^6 + 9*13^7 + 5*13^9 + 2*13^11 + 13^12 + 12*13^13 + 3*13^14 + 11*13^15 + O(13^17) : 1 + O(13^20))
   (3 + 5*13 + 13^2 + 12*13^3 + 7*13^4 + 7*13^5 + 5*13^6 + 4*13^7 + 7*13^8 + 11*13^9 + 10*13^11 + 10*13^13 + 12*13^14 + 4*13^15 + 3*13^16 + O(13^17) : 11 + 3*13 + 2*13^2 + 6*13^3 + 12*13^4 + 3*13^5 + 7*13^6 + 2*13^7 + 3*13^8 + 4*13^9 + 8*13^10 + 4*13^11 + 2*13^12 + 13^13 + 10*13^14 + 12*13^15 + 12*13^16 + O(13^17) : 1 + O(13^20))
   (3 + 5*13 + 13^2 + 12*13^3 + 7*13^4 + 7*13^5 + 5*13^6 + 4*13^7 + 7*13^8 + 11*13^9 + 10*13^11 + 10*13^13 + 12*13^14 + 4*13^15 + 3*13^16 + O(13^17) : 2 + 9*13 + 10*13^2 + 6*13^3 + 9*13^5 + 5*13^6 + 10*13^7 + 9*13^8 + 8*13^9 + 4*13^10 + 8*13^11 + 10*13^12 + 11*13^13 + 2*13^14 + O(13^17) : 1 + O(13^20))
   (3 + 5*13 + 2*13^2 + 9*13^3 + 11*13^4 + 11*13^5 + 11*13^6 + 8*13^7 + 8*13^8 + 2*13^9 + 3*13^10 + 13^11 + 4*13^12 + 9*13^13 + 3*13^14 + 13^15 + 11*13^16 + O(13^17) : 11 + 3*13 + 3*13^2 + 3*13^3 + 5*13^4 + 4*13^5 + 6*13^6 + 2*13^7 + 2*13^8 + 4*13^11 + 4*13^12 + 11*13^13 + 11*13^14 + 6*13^15 + 7*13^16 + O(13^17) : 1 + O(13^20))
   (3 + 5*13 + 2*13^2 + 9*13^3 + 11*13^4 + 11*13^5 + 11*13^6 + 8*13^7 + 8*13^8 + 2*13^9 + 3*13^10 + 13^11 + 4*13^12 + 9*13^13 + 3*13^14 + 13^15 + 11*13^16 + O(13^17) : 2 + 9*13 + 9*13^2 + 9*13^3 + 7*13^4 + 8*13^5 + 6*13^6 + 10*13^7 + 10*13^8 + 12*13^9 + 12*13^10 + 8*13^11 + 8*13^12 + 13^13 + 13^14 + 6*13^15 + 5*13^16 + O(13^17) : 1 + O(13^20))
   (3 + 5*13 + 4*13^2 + 13^3 + 13^4 + 13^5 + 6*13^6 + 13^8 + 13^9 + 11*13^10 + 3*13^11 + 6*13^12 + 11*13^13 + 2*13^14 + 11*13^15 + 6*13^16 + O(13^17) : 11 + 3*13 + 5*13^2 + 8*13^3 + 7*13^4 + 4*13^5 + 2*13^6 + 13^7 + 13^8 + 12*13^9 + 11*13^10 + 8*13^11 + 12*13^12 + 9*13^13 + 10*13^14 + 12*13^15 + 5*13^16 + O(13^17) : 1 + O(13^20))
   (3 + 5*13 + 4*13^2 + 13^3 + 13^4 + 13^5 + 6*13^6 + 13^8 + 13^9 + 11*13^10 + 3*13^11 + 6*13^12 + 11*13^13 + 2*13^14 + 11*13^15 + 6*13^16 + O(13^17) : 2 + 9*13 + 7*13^2 + 4*13^3 + 5*13^4 + 8*13^5 + 10*13^6 + 11*13^7 + 11*13^8 + 13^10 + 4*13^11 + 3*13^13 + 2*13^14 + 7*13^16 + O(13^17) : 1 + O(13^20))
   (3 + 5*13 + 8*13^2 + 8*13^3 + 11*13^4 + 11*13^5 + 6*13^8 + 10*13^9 + 5*13^10 + 3*13^11 + 4*13^12 + 4*13^13 + 13^14 + 10*13^15 + 11*13^16 + O(13^17) : 11 + 3*13 + 9*13^2 + 2*13^3 + 2*13^4 + 6*13^5 + 12*13^6 + 3*13^7 + 9*13^8 + 6*13^9 + 3*13^10 + 4*13^11 + 6*13^12 + 13^14 + 3*13^15 + 13^16 + O(13^17) : 1 + O(13^20))
   (3 + 5*13 + 8*13^2 + 8*13^3 + 11*13^4 + 11*13^5 + 6*13^8 + 10*13^9 + 5*13^10 + 3*13^11 + 4*13^12 + 4*13^13 + 13^14 + 10*13^15 + 11*13^16 + O(13^17) : 2 + 9*13 + 3*13^2 + 10*13^3 + 10*13^4 + 6*13^5 + 9*13^7 + 3*13^8 + 6*13^9 + 9*13^10 + 8*13^11 + 6*13^12 + 12*13^13 + 11*13^14 + 9*13^15 + 11*13^16 + O(13^17) : 1 + O(13^20))
   (3 + 6*13 + 11*13^2 + 11*13^3 + 7*13^4 + 4*13^5 + 3*13^6 + 13^7 + 4*13^9 + 13^10 + 13^11 + 4*13^12 + 13^13 + 7*13^14 + 8*13^15 + 4*13^16 + O(13^17) : 11 + 4*13 + 7*13^2 + 12*13^3 + 9*13^4 + 8*13^5 + 6*13^6 + 2*13^7 + 7*13^8 + 3*13^9 + 8*13^10 + 8*13^11 + 12*13^12 + 10*13^13 + 6*13^14 + 11*13^15 + 6*13^16 + O(13^17) : 1 + O(13^20))
   (3 + 6*13 + 11*13^2 + 11*13^3 + 7*13^4 + 4*13^5 + 3*13^6 + 13^7 + 4*13^9 + 13^10 + 13^11 + 4*13^12 + 13^13 + 7*13^14 + 8*13^15 + 4*13^16 + O(13^17) : 2 + 8*13 + 5*13^2 + 3*13^4 + 4*13^5 + 6*13^6 + 10*13^7 + 5*13^8 + 9*13^9 + 4*13^10 + 4*13^11 + 2*13^13 + 6*13^14 + 13^15 + 6*13^16 + O(13^17) : 1 + O(13^20))
   (3 + 6*13 + 12*13^2 + 3*13^3 + 4*13^5 + 2*13^6 + 12*13^7 + 11*13^8 + 7*13^11 + 13^12 + 9*13^13 + 11*13^14 + 12*13^15 + 12*13^16 + O(13^17) : 11 + 4*13 + 8*13^2 + 7*13^3 + 3*13^4 + 12*13^5 + 11*13^6 + 10*13^7 + 4*13^8 + 8*13^9 + 2*13^10 + 7*13^11 + 6*13^12 + 4*13^13 + 3*13^15 + 4*13^16 + O(13^17) : 1 + O(13^20))
   (3 + 6*13 + 12*13^2 + 3*13^3 + 4*13^5 + 2*13^6 + 12*13^7 + 11*13^8 + 7*13^11 + 13^12 + 9*13^13 + 11*13^14 + 12*13^15 + 12*13^16 + O(13^17) : 2 + 8*13 + 4*13^2 + 5*13^3 + 9*13^4 + 13^6 + 2*13^7 + 8*13^8 + 4*13^9 + 10*13^10 + 5*13^11 + 6*13^12 + 8*13^13 + 12*13^14 + 9*13^15 + 8*13^16 + O(13^17) : 1 + O(13^20))
   (3 + 6*13 + 13^4 + 7*13^5 + 2*13^6 + 9*13^7 + 13^8 + 2*13^9 + 3*13^11 + 2*13^12 + 6*13^13 + 11*13^14 + O(13^17) : 11 + 4*13 + 9*13^2 + 6*13^3 + 7*13^4 + 9*13^5 + 9*13^6 + 3*13^7 + 11*13^8 + 7*13^9 + 7*13^10 + 13^11 + 11*13^12 + 9*13^13 + 2*13^14 + 6*13^15 + 5*13^16 + O(13^17) : 1 + O(13^20))
   (3 + 6*13 + 13^4 + 7*13^5 + 2*13^6 + 9*13^7 + 13^8 + 2*13^9 + 3*13^11 + 2*13^12 + 6*13^13 + 11*13^14 + O(13^17) : 2 + 8*13 + 3*13^2 + 6*13^3 + 5*13^4 + 3*13^5 + 3*13^6 + 9*13^7 + 13^8 + 5*13^9 + 5*13^10 + 11*13^11 + 13^12 + 3*13^13 + 10*13^14 + 6*13^15 + 7*13^16 + O(13^17) : 1 + O(13^20))
   (3 + 6*13 + 6*13^2 + 13^3 + 9*13^4 + 11*13^6 + 10*13^7 + 3*13^9 + 5*13^11 + 5*13^12 + 5*13^13 + 5*13^14 + 13^15 + O(13^17) : 11 + 4*13 + 2*13^2 + 4*13^4 + 4*13^5 + 11*13^6 + 5*13^7 + 3*13^8 + 9*13^9 + 2*13^10 + 6*13^11 + 7*13^13 + 11*13^14 + 7*13^15 + 5*13^16 + O(13^17) : 1 + O(13^20))
   (3 + 6*13 + 6*13^2 + 13^3 + 9*13^4 + 11*13^6 + 10*13^7 + 3*13^9 + 5*13^11 + 5*13^12 + 5*13^13 + 5*13^14 + 13^15 + O(13^17) : 2 + 8*13 + 10*13^2 + 12*13^3 + 8*13^4 + 8*13^5 + 13^6 + 7*13^7 + 9*13^8 + 3*13^9 + 10*13^10 + 6*13^11 + 12*13^12 + 5*13^13 + 13^14 + 5*13^15 + 7*13^16 + O(13^17) : 1 + O(13^20))
   (3 + 6*13 + 9*13^2 + 2*13^3 + 11*13^4 + 11*13^5 + 8*13^6 + 11*13^7 + 5*13^8 + 5*13^9 + 8*13^10 + 10*13^11 + 5*13^13 + 9*13^14 + 7*13^15 + O(13^17) : 11 + 4*13 + 5*13^2 + 10*13^3 + 9*13^4 + 5*13^5 + 8*13^6 + 6*13^7 + 6*13^8 + 7*13^9 + 12*13^10 + 12*13^11 + 4*13^12 + 3*13^13 + 8*13^14 + 12*13^15 + 7*13^16 + O(13^17) : 1 + O(13^20))
   (3 + 6*13 + 9*13^2 + 2*13^3 + 11*13^4 + 11*13^5 + 8*13^6 + 11*13^7 + 5*13^8 + 5*13^9 + 8*13^10 + 10*13^11 + 5*13^13 + 9*13^14 + 7*13^15 + O(13^17) : 2 + 8*13 + 7*13^2 + 2*13^3 + 3*13^4 + 7*13^5 + 4*13^6 + 6*13^7 + 6*13^8 + 5*13^9 + 8*13^12 + 9*13^13 + 4*13^14 + 5*13^16 + O(13^17) : 1 + O(13^20))
   (3 + 6*13 + 9*13^2 + 9*13^3 + 4*13^4 + 5*13^5 + 13^6 + 7*13^7 + 7*13^8 + 7*13^9 + 9*13^10 + 12*13^11 + 12*13^12 + 2*13^13 + 10*13^14 + 8*13^15 + 4*13^16 + O(13^17) : 11 + 4*13 + 5*13^2 + 4*13^3 + 11*13^4 + 4*13^5 + 12*13^6 + 6*13^7 + 5*13^8 + 11*13^9 + 3*13^10 + 3*13^11 + 13^12 + 9*13^14 + 7*13^15 + 7*13^16 + O(13^17) : 1 + O(13^20))
   (3 + 6*13 + 9*13^2 + 9*13^3 + 4*13^4 + 5*13^5 + 13^6 + 7*13^7 + 7*13^8 + 7*13^9 + 9*13^10 + 12*13^11 + 12*13^12 + 2*13^13 + 10*13^14 + 8*13^15 + 4*13^16 + O(13^17) : 2 + 8*13 + 7*13^2 + 8*13^3 + 13^4 + 8*13^5 + 6*13^7 + 7*13^8 + 13^9 + 9*13^10 + 9*13^11 + 11*13^12 + 12*13^13 + 3*13^14 + 5*13^15 + 5*13^16 + O(13^17) : 1 + O(13^20))
   (3 + 6*13^2 + 10*13^3 + 5*13^4 + 2*13^5 + 12*13^6 + 6*13^7 + 9*13^8 + 4*13^9 + 9*13^10 + 3*13^11 + 3*13^12 + 9*13^13 + 6*13^14 + 2*13^15 + 10*13^16 + O(13^17) : 11 + 11*13 + 11*13^2 + 4*13^3 + 10*13^4 + 5*13^5 + 12*13^7 + 7*13^8 + 3*13^9 + 6*13^10 + 8*13^11 + 2*13^12 + 8*13^13 + 12*13^14 + 6*13^15 + 2*13^16 + O(13^17) : 1 + O(13^20))
   (3 + 6*13^2 + 10*13^3 + 5*13^4 + 2*13^5 + 12*13^6 + 6*13^7 + 9*13^8 + 4*13^9 + 9*13^10 + 3*13^11 + 3*13^12 + 9*13^13 + 6*13^14 + 2*13^15 + 10*13^16 + O(13^17) : 2 + 13 + 13^2 + 8*13^3 + 2*13^4 + 7*13^5 + 12*13^6 + 5*13^8 + 9*13^9 + 6*13^10 + 4*13^11 + 10*13^12 + 4*13^13 + 6*13^15 + 10*13^16 + O(13^17) : 1 + O(13^20))
   (3 + 6*13^2 + 6*13^3 + 13^4 + 8*13^5 + 11*13^6 + 8*13^7 + 8*13^8 + 3*13^9 + 11*13^10 + 4*13^11 + 3*13^12 + 9*13^13 + 8*13^14 + 3*13^15 + 10*13^16 + O(13^17) : 11 + 11*13 + 11*13^2 + 13^4 + 12*13^5 + 12*13^6 + 4*13^7 + 4*13^8 + 3*13^9 + 5*13^10 + 9*13^11 + 2*13^12 + 13^13 + 8*13^14 + 2*13^15 + 6*13^16 + O(13^17) : 1 + O(13^20))
   (3 + 6*13^2 + 6*13^3 + 13^4 + 8*13^5 + 11*13^6 + 8*13^7 + 8*13^8 + 3*13^9 + 11*13^10 + 4*13^11 + 3*13^12 + 9*13^13 + 8*13^14 + 3*13^15 + 10*13^16 + O(13^17) : 2 + 13 + 13^2 + 12*13^3 + 11*13^4 + 8*13^7 + 8*13^8 + 9*13^9 + 7*13^10 + 3*13^11 + 10*13^12 + 11*13^13 + 4*13^14 + 10*13^15 + 6*13^16 + O(13^17) : 1 + O(13^20))
   (3 + 7*13 + 12*13^2 + 2*13^3 + 2*13^4 + 3*13^5 + 2*13^7 + 3*13^9 + 4*13^10 + 8*13^11 + 7*13^12 + 6*13^13 + 5*13^14 + 13^15 + 5*13^16 + O(13^17) : 11 + 5*13 + 6*13^2 + 2*13^3 + 7*13^4 + 8*13^5 + 5*13^6 + 8*13^7 + 5*13^8 + 8*13^9 + 13^10 + 12*13^11 + 11*13^12 + 11*13^13 + 3*13^14 + 8*13^15 + 11*13^16 + O(13^17) : 1 + O(13^20))
   (3 + 7*13 + 12*13^2 + 2*13^3 + 2*13^4 + 3*13^5 + 2*13^7 + 3*13^9 + 4*13^10 + 8*13^11 + 7*13^12 + 6*13^13 + 5*13^14 + 13^15 + 5*13^16 + O(13^17) : 2 + 7*13 + 6*13^2 + 10*13^3 + 5*13^4 + 4*13^5 + 7*13^6 + 4*13^7 + 7*13^8 + 4*13^9 + 11*13^10 + 13^12 + 13^13 + 9*13^14 + 4*13^15 + 13^16 + O(13^17) : 1 + O(13^20))
   (3 + 7*13 + 13^2 + 8*13^3 + 13^4 + 9*13^6 + 13^7 + 8*13^8 + 7*13^9 + 4*13^10 + 11*13^11 + 6*13^12 + 10*13^13 + 6*13^14 + 5*13^15 + 4*13^16 + O(13^17) : 11 + 5*13 + 8*13^2 + 6*13^3 + 2*13^4 + 9*13^5 + 11*13^6 + 3*13^7 + 8*13^8 + 12*13^9 + 4*13^10 + 13^11 + 12*13^12 + 12*13^13 + 10*13^14 + 3*13^15 + 13^16 + O(13^17) : 1 + O(13^20))
   (3 + 7*13 + 13^2 + 8*13^3 + 13^4 + 9*13^6 + 13^7 + 8*13^8 + 7*13^9 + 4*13^10 + 11*13^11 + 6*13^12 + 10*13^13 + 6*13^14 + 5*13^15 + 4*13^16 + O(13^17) : 2 + 7*13 + 4*13^2 + 6*13^3 + 10*13^4 + 3*13^5 + 13^6 + 9*13^7 + 4*13^8 + 8*13^10 + 11*13^11 + 2*13^14 + 9*13^15 + 11*13^16 + O(13^17) : 1 + O(13^20))
   (3 + 7*13 + 2*13^2 + 7*13^3 + 8*13^4 + 13^5 + 2*13^6 + 7*13^7 + 2*13^8 + 13^9 + 11*13^10 + 10*13^11 + 5*13^12 + 6*13^13 + 5*13^14 + 4*13^15 + 13^16 + O(13^17) : 11 + 5*13 + 9*13^2 + 11*13^3 + 3*13^4 + 2*13^5 + 11*13^6 + 4*13^7 + 3*13^8 + 9*13^9 + 12*13^10 + 3*13^11 + 10*13^13 + 8*13^14 + 10*13^15 + 8*13^16 + O(13^17) : 1 + O(13^20))
   (3 + 7*13 + 2*13^2 + 7*13^3 + 8*13^4 + 13^5 + 2*13^6 + 7*13^7 + 2*13^8 + 13^9 + 11*13^10 + 10*13^11 + 5*13^12 + 6*13^13 + 5*13^14 + 4*13^15 + 13^16 + O(13^17) : 2 + 7*13 + 3*13^2 + 13^3 + 9*13^4 + 10*13^5 + 13^6 + 8*13^7 + 9*13^8 + 3*13^9 + 9*13^11 + 12*13^12 + 2*13^13 + 4*13^14 + 2*13^15 + 4*13^16 + O(13^17) : 1 + O(13^20))
   (3 + 7*13 + 6*13^2 + 6*13^3 + 7*13^4 + 2*13^5 + 2*13^6 + 6*13^7 + 6*13^8 + 12*13^9 + 13^10 + 13^11 + 12*13^12 + 8*13^13 + 9*13^14 + 8*13^15 + 13^16 + O(13^17) : 11 + 5*13 + 9*13^3 + 2*13^4 + 12*13^6 + 8*13^7 + 2*13^8 + 12*13^9 + 5*13^10 + 7*13^11 + 3*13^12 + 12*13^13 + 11*13^14 + 13^16 + O(13^17) : 1 + O(13^20))
   (3 + 7*13 + 6*13^2 + 6*13^3 + 7*13^4 + 2*13^5 + 2*13^6 + 6*13^7 + 6*13^8 + 12*13^9 + 13^10 + 13^11 + 12*13^12 + 8*13^13 + 9*13^14 + 8*13^15 + 13^16 + O(13^17) : 2 + 7*13 + 12*13^2 + 3*13^3 + 10*13^4 + 12*13^5 + 4*13^7 + 10*13^8 + 7*13^10 + 5*13^11 + 9*13^12 + 13^14 + 12*13^15 + 11*13^16 + O(13^17) : 1 + O(13^20))
   (3 + 7*13 + 6*13^2 + 9*13^3 + 3*13^4 + 11*13^5 + 12*13^6 + 4*13^7 + 9*13^8 + 7*13^9 + 9*13^10 + 10*13^11 + 6*13^12 + 7*13^13 + 8*13^14 + 6*13^15 + 6*13^16 + O(13^17) : 11 + 5*13 + 12*13^3 + 3*13^4 + 7*13^5 + 9*13^6 + 13^7 + 8*13^8 + 12*13^9 + 13^10 + 5*13^11 + 10*13^12 + 7*13^13 + 3*13^14 + 5*13^15 + 8*13^16 + O(13^17) : 1 + O(13^20))
   (3 + 7*13 + 6*13^2 + 9*13^3 + 3*13^4 + 11*13^5 + 12*13^6 + 4*13^7 + 9*13^8 + 7*13^9 + 9*13^10 + 10*13^11 + 6*13^12 + 7*13^13 + 8*13^14 + 6*13^15 + 6*13^16 + O(13^17) : 2 + 7*13 + 12*13^2 + 9*13^4 + 5*13^5 + 3*13^6 + 11*13^7 + 4*13^8 + 11*13^10 + 7*13^11 + 2*13^12 + 5*13^13 + 9*13^14 + 7*13^15 + 4*13^16 + O(13^17) : 1 + O(13^20))
   (3 + 7*13 + 6*13^3 + 7*13^4 + 10*13^5 + 10*13^6 + 13^7 + 8*13^8 + 7*13^9 + 10*13^10 + 8*13^11 + 2*13^12 + 10*13^13 + 6*13^15 + 2*13^16 + O(13^17) : 11 + 5*13 + 7*13^2 + 11*13^3 + 11*13^4 + 12*13^5 + 9*13^6 + 11*13^7 + 7*13^8 + 11*13^9 + 2*13^11 + 7*13^13 + 7*13^14 + 10*13^15 + O(13^17) : 1 + O(13^20))
   (3 + 7*13 + 6*13^3 + 7*13^4 + 10*13^5 + 10*13^6 + 13^7 + 8*13^8 + 7*13^9 + 10*13^10 + 8*13^11 + 2*13^12 + 10*13^13 + 6*13^15 + 2*13^16 + O(13^17) : 2 + 7*13 + 5*13^2 + 13^3 + 13^4 + 3*13^6 + 13^7 + 5*13^8 + 13^9 + 12*13^10 + 10*13^11 + 12*13^12 + 5*13^13 + 5*13^14 + 2*13^15 + 12*13^16 + O(13^17) : 1 + O(13^20))
   (3 + 7*13 + 7*13^2 + 5*13^3 + 4*13^4 + 6*13^5 + 3*13^7 + 4*13^8 + 4*13^9 + 12*13^10 + 11*13^11 + 11*13^12 + 10*13^13 + 11*13^14 + 3*13^15 + 10*13^16 + O(13^17) : 11 + 5*13 + 13^2 + 13^3 + 9*13^4 + 9*13^5 + 12*13^6 + 2*13^7 + 13^8 + 12*13^9 + 13^10 + 3*13^11 + 2*13^12 + 7*13^13 + 4*13^14 + 9*13^15 + 7*13^16 + O(13^17) : 1 + O(13^20))
   (3 + 7*13 + 7*13^2 + 5*13^3 + 4*13^4 + 6*13^5 + 3*13^7 + 4*13^8 + 4*13^9 + 12*13^10 + 11*13^11 + 11*13^12 + 10*13^13 + 11*13^14 + 3*13^15 + 10*13^16 + O(13^17) : 2 + 7*13 + 11*13^2 + 11*13^3 + 3*13^4 + 3*13^5 + 10*13^7 + 11*13^8 + 11*13^10 + 9*13^11 + 10*13^12 + 5*13^13 + 8*13^14 + 3*13^15 + 5*13^16 + O(13^17) : 1 + O(13^20))
   (3 + 8*13 + 10*13^2 + 9*13^3 + 7*13^4 + 4*13^5 + 13^6 + 12*13^7 + 6*13^8 + 5*13^9 + 4*13^10 + 7*13^11 + 13^12 + 4*13^13 + 13^14 + 7*13^15 + 10*13^16 + O(13^17) : 11 + 6*13 + 5*13^2 + 11*13^3 + 2*13^4 + 12*13^6 + 12*13^8 + 13^9 + 4*13^10 + 6*13^11 + 3*13^12 + 6*13^14 + 13^15 + 6*13^16 + O(13^17) : 1 + O(13^20))
   (3 + 8*13 + 10*13^2 + 9*13^3 + 7*13^4 + 4*13^5 + 13^6 + 12*13^7 + 6*13^8 + 5*13^9 + 4*13^10 + 7*13^11 + 13^12 + 4*13^13 + 13^14 + 7*13^15 + 10*13^16 + O(13^17) : 2 + 6*13 + 7*13^2 + 13^3 + 10*13^4 + 12*13^5 + 12*13^7 + 11*13^9 + 8*13^10 + 6*13^11 + 9*13^12 + 12*13^13 + 6*13^14 + 11*13^15 + 6*13^16 + O(13^17) : 1 + O(13^20))
   (3 + 8*13 + 11*13^2 + 10*13^3 + 9*13^4 + 4*13^6 + 12*13^7 + 4*13^9 + 4*13^10 + 6*13^11 + 12*13^12 + 9*13^13 + 10*13^14 + 9*13^15 + 3*13^16 + O(13^17) : 11 + 6*13 + 6*13^2 + 8*13^3 + 6*13^4 + 7*13^5 + 5*13^6 + 2*13^7 + 7*13^9 + 3*13^10 + 8*13^11 + 10*13^12 + 11*13^13 + 3*13^14 + 3*13^15 + 6*13^16 + O(13^17) : 1 + O(13^20))
   (3 + 8*13 + 11*13^2 + 10*13^3 + 9*13^4 + 4*13^6 + 12*13^7 + 4*13^9 + 4*13^10 + 6*13^11 + 12*13^12 + 9*13^13 + 10*13^14 + 9*13^15 + 3*13^16 + O(13^17) : 2 + 6*13 + 6*13^2 + 4*13^3 + 6*13^4 + 5*13^5 + 7*13^6 + 10*13^7 + 12*13^8 + 5*13^9 + 9*13^10 + 4*13^11 + 2*13^12 + 13^13 + 9*13^14 + 9*13^15 + 6*13^16 + O(13^17) : 1 + O(13^20))
   (3 + 8*13 + 12*13^2 + 13^3 + 9*13^4 + 4*13^5 + 2*13^6 + 4*13^7 + 13^8 + 8*13^9 + 7*13^10 + 5*13^11 + 6*13^13 + 9*13^14 + 3*13^16 + O(13^17) : 11 + 6*13 + 7*13^2 + 8*13^3 + 11*13^4 + 9*13^5 + 7*13^6 + 2*13^7 + 10*13^8 + 2*13^9 + 4*13^10 + 11*13^11 + 12*13^12 + 12*13^13 + 6*13^14 + 12*13^15 + 2*13^16 + O(13^17) : 1 + O(13^20))
   (3 + 8*13 + 12*13^2 + 13^3 + 9*13^4 + 4*13^5 + 2*13^6 + 4*13^7 + 13^8 + 8*13^9 + 7*13^10 + 5*13^11 + 6*13^13 + 9*13^14 + 3*13^16 + O(13^17) : 2 + 6*13 + 5*13^2 + 4*13^3 + 13^4 + 3*13^5 + 5*13^6 + 10*13^7 + 2*13^8 + 10*13^9 + 8*13^10 + 13^11 + 6*13^14 + 10*13^16 + O(13^17) : 1 + O(13^20))
   (3 + 8*13 + 5*13^2 + 13^3 + 12*13^4 + 8*13^5 + 8*13^6 + 10*13^8 + 7*13^9 + 12*13^10 + 13^11 + 6*13^12 + 12*13^13 + 11*13^14 + 4*13^15 + 7*13^16 + O(13^17) : 11 + 6*13 + 10*13^3 + 3*13^4 + 2*13^5 + 4*13^6 + 9*13^7 + 12*13^8 + 6*13^9 + 7*13^11 + 5*13^12 + 8*13^14 + 7*13^16 + O(13^17) : 1 + O(13^20))
   (3 + 8*13 + 5*13^2 + 13^3 + 12*13^4 + 8*13^5 + 8*13^6 + 10*13^8 + 7*13^9 + 12*13^10 + 13^11 + 6*13^12 + 12*13^13 + 11*13^14 + 4*13^15 + 7*13^16 + O(13^17) : 2 + 6*13 + 12*13^2 + 2*13^3 + 9*13^4 + 10*13^5 + 8*13^6 + 3*13^7 + 6*13^9 + 12*13^10 + 5*13^11 + 7*13^12 + 12*13^13 + 4*13^14 + 12*13^15 + 5*13^16 + O(13^17) : 1 + O(13^20))
   (3 + 8*13 + 6*13^2 + 12*13^3 + 7*13^4 + 11*13^5 + 13^6 + 10*13^7 + 7*13^8 + 7*13^9 + 7*13^10 + 6*13^11 + 8*13^12 + 5*13^13 + 2*13^14 + 2*13^15 + 3*13^16 + O(13^17) : 11 + 6*13 + 13^2 + 4*13^3 + 11*13^4 + 5*13^5 + 7*13^6 + 9*13^7 + 9*13^8 + 6*13^9 + 11*13^10 + 2*13^11 + 6*13^12 + 6*13^13 + 2*13^14 + 9*13^15 + 12*13^16 + O(13^17) : 1 + O(13^20))
   (3 + 8*13 + 6*13^2 + 12*13^3 + 7*13^4 + 11*13^5 + 13^6 + 10*13^7 + 7*13^8 + 7*13^9 + 7*13^10 + 6*13^11 + 8*13^12 + 5*13^13 + 2*13^14 + 2*13^15 + 3*13^16 + O(13^17) : 2 + 6*13 + 11*13^2 + 8*13^3 + 13^4 + 7*13^5 + 5*13^6 + 3*13^7 + 3*13^8 + 6*13^9 + 13^10 + 10*13^11 + 6*13^12 + 6*13^13 + 10*13^14 + 3*13^15 + O(13^17) : 1 + O(13^20))
   (3 + 8*13 + 6*13^2 + 2*13^3 + 10*13^4 + 13^5 + 8*13^6 + 7*13^7 + 11*13^8 + 5*13^9 + 10*13^10 + 6*13^11 + 10*13^12 + 4*13^13 + 7*13^14 + 2*13^15 + 10*13^16 + O(13^17) : 11 + 6*13 + 13^2 + 7*13^3 + 13^4 + 10*13^5 + 8*13^6 + 10*13^7 + 9*13^8 + 11*13^9 + 11*13^10 + 2*13^11 + 8*13^12 + 12*13^13 + 11*13^15 + O(13^17) : 1 + O(13^20))
   (3 + 8*13 + 6*13^2 + 2*13^3 + 10*13^4 + 13^5 + 8*13^6 + 7*13^7 + 11*13^8 + 5*13^9 + 10*13^10 + 6*13^11 + 10*13^12 + 4*13^13 + 7*13^14 + 2*13^15 + 10*13^16 + O(13^17) : 2 + 6*13 + 11*13^2 + 5*13^3 + 11*13^4 + 2*13^5 + 4*13^6 + 2*13^7 + 3*13^8 + 13^9 + 13^10 + 10*13^11 + 4*13^12 + 12*13^14 + 13^15 + 12*13^16 + O(13^17) : 1 + O(13^20))
   (3 + 8*13 + 7*13^3 + 12*13^4 + 11*13^5 + 10*13^6 + 2*13^7 + 9*13^8 + 11*13^9 + 8*13^10 + 10*13^12 + 12*13^13 + 6*13^14 + 5*13^16 + O(13^17) : 11 + 6*13 + 8*13^2 + 9*13^3 + 6*13^4 + 13^5 + 13^6 + 7*13^7 + 9*13^8 + 7*13^9 + 13^10 + 4*13^11 + 9*13^12 + 13^13 + 9*13^14 + 5*13^15 + 3*13^16 + O(13^17) : 1 + O(13^20))
   (3 + 8*13 + 7*13^3 + 12*13^4 + 11*13^5 + 10*13^6 + 2*13^7 + 9*13^8 + 11*13^9 + 8*13^10 + 10*13^12 + 12*13^13 + 6*13^14 + 5*13^16 + O(13^17) : 2 + 6*13 + 4*13^2 + 3*13^3 + 6*13^4 + 11*13^5 + 11*13^6 + 5*13^7 + 3*13^8 + 5*13^9 + 11*13^10 + 8*13^11 + 3*13^12 + 11*13^13 + 3*13^14 + 7*13^15 + 9*13^16 + O(13^17) : 1 + O(13^20))
   (3 + 9*13 + 10*13^2 + 12*13^3 + 13^4 + 13^5 + 2*13^6 + 9*13^8 + 7*13^9 + 12*13^10 + 5*13^11 + 11*13^13 + 10*13^14 + 4*13^15 + 9*13^16 + O(13^17) : 11 + 7*13 + 9*13^2 + 12*13^3 + 11*13^4 + 3*13^5 + 8*13^6 + 8*13^7 + 3*13^8 + 9*13^9 + 10*13^10 + 7*13^11 + 7*13^12 + 3*13^13 + 8*13^14 + 12*13^15 + 6*13^16 + O(13^17) : 1 + O(13^20))
   (3 + 9*13 + 10*13^2 + 12*13^3 + 13^4 + 13^5 + 2*13^6 + 9*13^8 + 7*13^9 + 12*13^10 + 5*13^11 + 11*13^13 + 10*13^14 + 4*13^15 + 9*13^16 + O(13^17) : 2 + 5*13 + 3*13^2 + 13^4 + 9*13^5 + 4*13^6 + 4*13^7 + 9*13^8 + 3*13^9 + 2*13^10 + 5*13^11 + 5*13^12 + 9*13^13 + 4*13^14 + 6*13^16 + O(13^17) : 1 + O(13^20))
   (3 + 9*13 + 3*13^2 + 11*13^3 + 13^4 + 2*13^5 + 5*13^6 + 13^7 + 12*13^9 + 5*13^10 + 11*13^11 + 4*13^12 + 13^13 + 2*13^14 + 4*13^15 + 6*13^16 + O(13^17) : 11 + 7*13 + 2*13^2 + 5*13^3 + 8*13^4 + 11*13^5 + 4*13^6 + 10*13^8 + 7*13^9 + 10*13^10 + 6*13^11 + 11*13^12 + 11*13^13 + 9*13^14 + 10*13^15 + O(13^17) : 1 + O(13^20))
   (3 + 9*13 + 3*13^2 + 11*13^3 + 13^4 + 2*13^5 + 5*13^6 + 13^7 + 12*13^9 + 5*13^10 + 11*13^11 + 4*13^12 + 13^13 + 2*13^14 + 4*13^15 + 6*13^16 + O(13^17) : 2 + 5*13 + 10*13^2 + 7*13^3 + 4*13^4 + 13^5 + 8*13^6 + 12*13^7 + 2*13^8 + 5*13^9 + 2*13^10 + 6*13^11 + 13^12 + 13^13 + 3*13^14 + 2*13^15 + 12*13^16 + O(13^17) : 1 + O(13^20))
   (3 + 9*13 + 4*13^2 + 13^4 + 13^5 + 8*13^6 + 10*13^7 + 2*13^8 + 7*13^9 + 9*13^10 + 10*13^11 + 3*13^12 + 9*13^13 + 3*13^14 + 9*13^15 + 7*13^16 + O(13^17) : 11 + 7*13 + 3*13^2 + 6*13^3 + 6*13^4 + 2*13^5 + 9*13^6 + 9*13^7 + 3*13^8 + 9*13^9 + 11*13^10 + 4*13^11 + 13^12 + 6*13^13 + 7*13^14 + 5*13^15 + 8*13^16 + O(13^17) : 1 + O(13^20))
   (3 + 9*13 + 4*13^2 + 13^4 + 13^5 + 8*13^6 + 10*13^7 + 2*13^8 + 7*13^9 + 9*13^10 + 10*13^11 + 3*13^12 + 9*13^13 + 3*13^14 + 9*13^15 + 7*13^16 + O(13^17) : 2 + 5*13 + 9*13^2 + 6*13^3 + 6*13^4 + 10*13^5 + 3*13^6 + 3*13^7 + 9*13^8 + 3*13^9 + 13^10 + 8*13^11 + 11*13^12 + 6*13^13 + 5*13^14 + 7*13^15 + 4*13^16 + O(13^17) : 1 + O(13^20))
   (3 + 9*13 + 5*13^2 + 11*13^3 + 10*13^4 + 9*13^6 + 4*13^7 + 11*13^8 + 5*13^9 + 12*13^10 + 12*13^11 + 4*13^12 + 5*13^13 + 10*13^14 + 9*13^15 + 6*13^16 + O(13^17) : 11 + 7*13 + 4*13^2 + 3*13^3 + 9*13^4 + 8*13^5 + 6*13^6 + 5*13^7 + 4*13^8 + 3*13^9 + 6*13^10 + 8*13^11 + 3*13^12 + 12*13^13 + 5*13^14 + 4*13^15 + 12*13^16 + O(13^17) : 1 + O(13^20))
   (3 + 9*13 + 5*13^2 + 11*13^3 + 10*13^4 + 9*13^6 + 4*13^7 + 11*13^8 + 5*13^9 + 12*13^10 + 12*13^11 + 4*13^12 + 5*13^13 + 10*13^14 + 9*13^15 + 6*13^16 + O(13^17) : 2 + 5*13 + 8*13^2 + 9*13^3 + 3*13^4 + 4*13^5 + 6*13^6 + 7*13^7 + 8*13^8 + 9*13^9 + 6*13^10 + 4*13^11 + 9*13^12 + 7*13^14 + 8*13^15 + O(13^17) : 1 + O(13^20))
   (3 + 9*13 + 7*13^2 + 12*13^3 + 12*13^4 + 4*13^5 + 8*13^6 + 7*13^7 + 3*13^8 + 6*13^9 + 9*13^10 + 11*13^11 + 10*13^12 + 5*13^13 + 6*13^14 + 10*13^15 + 12*13^16 + O(13^17) : 11 + 7*13 + 6*13^2 + 2*13^3 + 13^4 + 8*13^5 + 5*13^6 + 2*13^8 + 4*13^9 + 12*13^10 + 7*13^11 + 12*13^12 + 3*13^13 + 11*13^14 + 9*13^15 + 6*13^16 + O(13^17) : 1 + O(13^20))
   (3 + 9*13 + 7*13^2 + 12*13^3 + 12*13^4 + 4*13^5 + 8*13^6 + 7*13^7 + 3*13^8 + 6*13^9 + 9*13^10 + 11*13^11 + 10*13^12 + 5*13^13 + 6*13^14 + 10*13^15 + 12*13^16 + O(13^17) : 2 + 5*13 + 6*13^2 + 10*13^3 + 11*13^4 + 4*13^5 + 7*13^6 + 12*13^7 + 10*13^8 + 8*13^9 + 5*13^11 + 9*13^13 + 13^14 + 3*13^15 + 6*13^16 + O(13^17) : 1 + O(13^20))
   (3 + 9*13 + 7*13^2 + 6*13^3 + 9*13^4 + 3*13^5 + 8*13^6 + 8*13^7 + 7*13^8 + 6*13^9 + 8*13^10 + 12*13^11 + 9*13^12 + 12*13^13 + 3*13^14 + 12*13^15 + 3*13^16 + O(13^17) : 11 + 7*13 + 6*13^2 + 9*13^3 + 3*13^4 + 6*13^5 + 8*13^6 + 12*13^7 + 12*13^8 + 4*13^9 + 5*13^11 + 10*13^12 + 9*13^13 + 2*13^14 + 7*13^16 + O(13^17) : 1 + O(13^20))
   (3 + 9*13 + 7*13^2 + 6*13^3 + 9*13^4 + 3*13^5 + 8*13^6 + 8*13^7 + 7*13^8 + 6*13^9 + 8*13^10 + 12*13^11 + 9*13^12 + 12*13^13 + 3*13^14 + 12*13^15 + 3*13^16 + O(13^17) : 2 + 5*13 + 6*13^2 + 3*13^3 + 9*13^4 + 6*13^5 + 4*13^6 + 8*13^9 + 12*13^10 + 7*13^11 + 2*13^12 + 3*13^13 + 10*13^14 + 12*13^15 + 5*13^16 + O(13^17) : 1 + O(13^20))
   (3*13 + 13^2 + 2*13^3 + 9*13^4 + 4*13^5 + 5*13^7 + 4*13^8 + 10*13^9 + 5*13^10 + 11*13^11 + 9*13^12 + 5*13^14 + O(13^15) : 10 + 9*13 + 5*13^2 + 6*13^3 + 3*13^4 + 11*13^5 + 12*13^6 + 13^7 + 8*13^8 + 4*13^9 + 4*13^10 + 12*13^11 + 12*13^12 + 11*13^13 + 13^14 + 11*13^15 + O(13^16) : 1 + O(13^20))
   (3*13 + 13^2 + 2*13^3 + 9*13^4 + 4*13^5 + 5*13^7 + 4*13^8 + 10*13^9 + 5*13^10 + 11*13^11 + 9*13^12 + 5*13^14 + O(13^15) : 3 + 3*13 + 7*13^2 + 6*13^3 + 9*13^4 + 13^5 + 11*13^7 + 4*13^8 + 8*13^9 + 8*13^10 + 13^13 + 11*13^14 + 13^15 + O(13^16) : 1 + O(13^20))
   (3*13 + 2*13^2 + 4*13^3 + 6*13^4 + 12*13^6 + 11*13^7 + 7*13^8 + 9*13^9 + 8*13^10 + 3*13^11 + 11*13^12 + 6*13^13 + 6*13^14 + O(13^15) : 10 + 9*13 + 5*13^2 + 2*13^3 + 13^4 + 2*13^5 + 12*13^6 + 3*13^7 + 9*13^8 + 10*13^9 + 3*13^10 + 6*13^11 + 10*13^12 + 3*13^13 + 13^14 + 6*13^15 + O(13^16) : 1 + O(13^20))
   (3*13 + 2*13^2 + 4*13^3 + 6*13^4 + 12*13^6 + 11*13^7 + 7*13^8 + 9*13^9 + 8*13^10 + 3*13^11 + 11*13^12 + 6*13^13 + 6*13^14 + O(13^15) : 3 + 3*13 + 7*13^2 + 10*13^3 + 11*13^4 + 10*13^5 + 9*13^7 + 3*13^8 + 2*13^9 + 9*13^10 + 6*13^11 + 2*13^12 + 9*13^13 + 11*13^14 + 6*13^15 + O(13^16) : 1 + O(13^20))
   (3*13 + 2*13^2 + 5*13^3 + 13^4 + 11*13^5 + 10*13^6 + 13^8 + 5*13^9 + 3*13^10 + 8*13^11 + 4*13^12 + 4*13^13 + 5*13^14 + O(13^15) : 10 + 9*13 + 5*13^2 + 2*13^3 + 10*13^4 + 9*13^5 + 6*13^7 + 12*13^8 + 2*13^9 + 2*13^10 + 2*13^11 + 13^12 + 13^13 + 2*13^14 + 4*13^15 + O(13^16) : 1 + O(13^20))
   (3*13 + 2*13^2 + 5*13^3 + 13^4 + 11*13^5 + 10*13^6 + 13^8 + 5*13^9 + 3*13^10 + 8*13^11 + 4*13^12 + 4*13^13 + 5*13^14 + O(13^15) : 3 + 3*13 + 7*13^2 + 10*13^3 + 2*13^4 + 3*13^5 + 12*13^6 + 6*13^7 + 10*13^9 + 10*13^10 + 10*13^11 + 11*13^12 + 11*13^13 + 10*13^14 + 8*13^15 + O(13^16) : 1 + O(13^20))
   (3*13 + 7*13^2 + 10*13^3 + 9*13^4 + 2*13^5 + 3*13^6 + 9*13^7 + 3*13^8 + 9*13^9 + 10*13^10 + 2*13^11 + 2*13^12 + 5*13^13 + 2*13^14 + O(13^15) : 10 + 9*13 + 5*13^2 + 8*13^3 + 11*13^4 + 10*13^6 + 9*13^7 + 13^8 + 4*13^9 + 12*13^10 + 4*13^11 + 9*13^12 + 7*13^13 + 7*13^14 + 8*13^15 + O(13^16) : 1 + O(13^20))
   (3*13 + 7*13^2 + 10*13^3 + 9*13^4 + 2*13^5 + 3*13^6 + 9*13^7 + 3*13^8 + 9*13^9 + 10*13^10 + 2*13^11 + 2*13^12 + 5*13^13 + 2*13^14 + O(13^15) : 3 + 3*13 + 7*13^2 + 4*13^3 + 13^4 + 12*13^5 + 2*13^6 + 3*13^7 + 11*13^8 + 8*13^9 + 8*13^11 + 3*13^12 + 5*13^13 + 5*13^14 + 4*13^15 + O(13^16) : 1 + O(13^20))
   (3*13 + 8*13^2 + 10*13^3 + 9*13^4 + 5*13^5 + 13^6 + 10*13^7 + 6*13^8 + 8*13^9 + 4*13^10 + 6*13^11 + 8*13^12 + 7*13^13 + 4*13^14 + O(13^15) : 10 + 9*13 + 5*13^2 + 4*13^3 + 9*13^4 + 4*13^5 + 10*13^6 + 9*13^7 + 4*13^8 + 5*13^10 + 3*13^11 + 11*13^12 + 8*13^13 + 10*13^14 + 2*13^15 + O(13^16) : 1 + O(13^20))
   (3*13 + 8*13^2 + 10*13^3 + 9*13^4 + 5*13^5 + 13^6 + 10*13^7 + 6*13^8 + 8*13^9 + 4*13^10 + 6*13^11 + 8*13^12 + 7*13^13 + 4*13^14 + O(13^15) : 3 + 3*13 + 7*13^2 + 8*13^3 + 3*13^4 + 8*13^5 + 2*13^6 + 3*13^7 + 8*13^8 + 12*13^9 + 7*13^10 + 9*13^11 + 13^12 + 4*13^13 + 2*13^14 + 10*13^15 + O(13^16) : 1 + O(13^20))
   (3*13 + 8*13^2 + 13^4 + 11*13^5 + 13^7 + 6*13^8 + 9*13^9 + 13^10 + 3*13^11 + 11*13^12 + 9*13^13 + 9*13^14 + O(13^15) : 10 + 9*13 + 5*13^2 + 4*13^3 + 10*13^4 + 5*13^5 + 9*13^6 + 11*13^7 + 12*13^8 + 2*13^10 + 8*13^11 + 5*13^12 + 6*13^13 + 7*13^14 + O(13^16) : 1 + O(13^20))
   (3*13 + 8*13^2 + 13^4 + 11*13^5 + 13^7 + 6*13^8 + 9*13^9 + 13^10 + 3*13^11 + 11*13^12 + 9*13^13 + 9*13^14 + O(13^15) : 3 + 3*13 + 7*13^2 + 8*13^3 + 2*13^4 + 7*13^5 + 3*13^6 + 13^7 + 12*13^9 + 10*13^10 + 4*13^11 + 7*13^12 + 6*13^13 + 5*13^14 + 12*13^15 + O(13^16) : 1 + O(13^20))
   (3*13 + 9*13^2 + 12*13^3 + 10*13^4 + 9*13^5 + 5*13^6 + 12*13^7 + 7*13^8 + 6*13^10 + 11*13^11 + 11*13^12 + 4*13^13 + 11*13^14 + O(13^15) : 10 + 9*13 + 5*13^2 + 2*13^4 + 7*13^5 + 8*13^6 + 13^7 + 9*13^8 + 5*13^9 + 9*13^10 + 4*13^11 + 12*13^12 + 10*13^13 + 3*13^14 + 9*13^15 + O(13^16) : 1 + O(13^20))
   (3*13 + 9*13^2 + 12*13^3 + 10*13^4 + 9*13^5 + 5*13^6 + 12*13^7 + 7*13^8 + 6*13^10 + 11*13^11 + 11*13^12 + 4*13^13 + 11*13^14 + O(13^15) : 3 + 3*13 + 7*13^2 + 12*13^3 + 10*13^4 + 5*13^5 + 4*13^6 + 11*13^7 + 3*13^8 + 7*13^9 + 3*13^10 + 8*13^11 + 2*13^13 + 9*13^14 + 3*13^15 + O(13^16) : 1 + O(13^20))
   (3*13^-1 + 11 + 3*13 + 5*13^2 + 4*13^4 + 9*13^5 + 9*13^6 + 7*13^7 + 5*13^8 + 2*13^9 + 2*13^10 + 10*13^11 + 6*13^12 + 13^13 + 13^14 + 2*13^15 + O(13^16) : 12*13^-3 + 12*13^-2 + 10*13^-1 + 7 + 8*13 + 5*13^2 + 3*13^3 + 11*13^4 + 2*13^5 + 4*13^6 + 9*13^7 + 8*13^8 + 3*13^9 + 8*13^10 + 9*13^11 + 10*13^12 + 11*13^13 + O(13^14) : 1 + O(13^20))
   (3*13^-1 + 11 + 3*13 + 5*13^2 + 4*13^4 + 9*13^5 + 9*13^6 + 7*13^7 + 5*13^8 + 2*13^9 + 2*13^10 + 10*13^11 + 6*13^12 + 13^13 + 13^14 + 2*13^15 + O(13^16) : 13^-3 + 2*13^-1 + 5 + 4*13 + 7*13^2 + 9*13^3 + 13^4 + 10*13^5 + 8*13^6 + 3*13^7 + 4*13^8 + 9*13^9 + 4*13^10 + 3*13^11 + 2*13^12 + 13^13 + O(13^14) : 1 + O(13^20))
   (3*13^-1 + 2 + 2*13^2 + 9*13^3 + 6*13^5 + 12*13^6 + 2*13^7 + 10*13^8 + 7*13^9 + 3*13^10 + 6*13^11 + 11*13^12 + 12*13^13 + 9*13^14 + 4*13^15 + O(13^16) : 12*13^-3 + 8*13^-2 + 6*13^-1 + 3 + 9*13 + 13^2 + 12*13^3 + 12*13^4 + 4*13^5 + 7*13^6 + 2*13^7 + 4*13^8 + 11*13^9 + 10*13^10 + 12*13^11 + 13^12 + 12*13^13 + O(13^14) : 1 + O(13^20))
   (3*13^-1 + 2 + 2*13^2 + 9*13^3 + 6*13^5 + 12*13^6 + 2*13^7 + 10*13^8 + 7*13^9 + 3*13^10 + 6*13^11 + 11*13^12 + 12*13^13 + 9*13^14 + 4*13^15 + O(13^16) : 13^-3 + 4*13^-2 + 6*13^-1 + 9 + 3*13 + 11*13^2 + 8*13^5 + 5*13^6 + 10*13^7 + 8*13^8 + 13^9 + 2*13^10 + 11*13^12 + O(13^14) : 1 + O(13^20))
   (3*13^-1 + 7 + 3*13 + 4*13^2 + 9*13^3 + 2*13^4 + 2*13^5 + 13^6 + 7*13^7 + 10*13^8 + 9*13^10 + 11*13^11 + 7*13^12 + 3*13^13 + 12*13^14 + 10*13^15 + O(13^16) : 12*13^-3 + 3*13^-2 + 4*13^-1 + 11*13 + 11*13^2 + 13^3 + 4*13^5 + 10*13^6 + 4*13^7 + 4*13^8 + 5*13^9 + 7*13^10 + 4*13^11 + 4*13^12 + 3*13^13 + O(13^14) : 1 + O(13^20))
   (3*13^-1 + 7 + 3*13 + 4*13^2 + 9*13^3 + 2*13^4 + 2*13^5 + 13^6 + 7*13^7 + 10*13^8 + 9*13^10 + 11*13^11 + 7*13^12 + 3*13^13 + 12*13^14 + 10*13^15 + O(13^16) : 13^-3 + 9*13^-2 + 8*13^-1 + 12 + 13 + 13^2 + 11*13^3 + 12*13^4 + 8*13^5 + 2*13^6 + 8*13^7 + 8*13^8 + 7*13^9 + 5*13^10 + 8*13^11 + 8*13^12 + 9*13^13 + O(13^14) : 1 + O(13^20))
   (3*13^-1 + 8 + 8*13 + 11*13^2 + 6*13^3 + 12*13^4 + 11*13^5 + 6*13^6 + 12*13^7 + 3*13^8 + 6*13^9 + 11*13^10 + 7*13^11 + 7*13^12 + 6*13^13 + 4*13^15 + O(13^16) : 12*13^-3 + 2*13^-2 + 5*13^-1 + 11 + 3*13 + 4*13^2 + 8*13^3 + 3*13^4 + 2*13^5 + 2*13^6 + 12*13^7 + 7*13^8 + 10*13^9 + 4*13^10 + 10*13^11 + 3*13^13 + O(13^14) : 1 + O(13^20))
   (3*13^-1 + 8 + 8*13 + 11*13^2 + 6*13^3 + 12*13^4 + 11*13^5 + 6*13^6 + 12*13^7 + 3*13^8 + 6*13^9 + 11*13^10 + 7*13^11 + 7*13^12 + 6*13^13 + 4*13^15 + O(13^16) : 13^-3 + 10*13^-2 + 7*13^-1 + 1 + 9*13 + 8*13^2 + 4*13^3 + 9*13^4 + 10*13^5 + 10*13^6 + 5*13^8 + 2*13^9 + 8*13^10 + 2*13^11 + 12*13^12 + 9*13^13 + O(13^14) : 1 + O(13^20))
   (4 + 4*13 + 10*13^2 + 10*13^3 + 12*13^4 + 12*13^5 + 8*13^6 + 11*13^7 + 5*13^8 + 5*13^9 + 10*13^10 + 9*13^11 + 7*13^12 + 10*13^13 + 5*13^14 + 9*13^15 + O(13^16) : 10*13 + 10*13^2 + 12*13^3 + 3*13^6 + 9*13^7 + 2*13^9 + 5*13^10 + 11*13^12 + 11*13^13 + 12*13^14 + O(13^15) : 1 + O(13^20))
   (4 + 4*13 + 10*13^2 + 10*13^3 + 12*13^4 + 12*13^5 + 8*13^6 + 11*13^7 + 5*13^8 + 5*13^9 + 10*13^10 + 9*13^11 + 7*13^12 + 10*13^13 + 5*13^14 + 9*13^15 + O(13^16) : 3*13 + 2*13^2 + 12*13^4 + 12*13^5 + 9*13^6 + 3*13^7 + 12*13^8 + 10*13^9 + 7*13^10 + 12*13^11 + 13^12 + 13^13 + O(13^15) : 1 + O(13^20))
   (4 + 4*13 + 10*13^2 + 10*13^3 + 4*13^4 + 5*13^5 + 11*13^6 + 11*13^7 + 3*13^8 + 8*13^9 + 3*13^10 + 3*13^11 + 9*13^12 + 3*13^13 + 10*13^14 + 4*13^15 + O(13^16) : 10*13 + 10*13^2 + 10*13^3 + 3*13^4 + 8*13^5 + 4*13^6 + 7*13^7 + 5*13^10 + 8*13^11 + 10*13^12 + 5*13^13 + 2*13^14 + O(13^15) : 1 + O(13^20))
   (4 + 4*13 + 10*13^2 + 10*13^3 + 4*13^4 + 5*13^5 + 11*13^6 + 11*13^7 + 3*13^8 + 8*13^9 + 3*13^10 + 3*13^11 + 9*13^12 + 3*13^13 + 10*13^14 + 4*13^15 + O(13^16) : 3*13 + 2*13^2 + 2*13^3 + 9*13^4 + 4*13^5 + 8*13^6 + 5*13^7 + 12*13^8 + 12*13^9 + 7*13^10 + 4*13^11 + 2*13^12 + 7*13^13 + 10*13^14 + O(13^15) : 1 + O(13^20))
   (4 + 4*13 + 10*13^2 + 11*13^3 + 2*13^4 + 13^5 + 10*13^6 + 7*13^7 + 3*13^8 + 9*13^9 + 13^10 + 10*13^11 + 12*13^12 + 9*13^13 + 13^14 + 3*13^15 + O(13^16) : 10*13 + 7*13^2 + 7*13^3 + 4*13^4 + 4*13^5 + 6*13^7 + 9*13^8 + 13^9 + 3*13^10 + 2*13^11 + 6*13^12 + 12*13^13 + 4*13^14 + O(13^15) : 1 + O(13^20))
   (4 + 4*13 + 10*13^2 + 11*13^3 + 2*13^4 + 13^5 + 10*13^6 + 7*13^7 + 3*13^8 + 9*13^9 + 13^10 + 10*13^11 + 12*13^12 + 9*13^13 + 13^14 + 3*13^15 + O(13^16) : 3*13 + 5*13^2 + 5*13^3 + 8*13^4 + 8*13^5 + 12*13^6 + 6*13^7 + 3*13^8 + 11*13^9 + 9*13^10 + 10*13^11 + 6*13^12 + 8*13^14 + O(13^15) : 1 + O(13^20))
   (4 + 4*13 + 10*13^2 + 12*13^3 + 10*13^4 + 12*13^6 + 6*13^7 + 11*13^8 + 9*13^9 + 9*13^10 + 4*13^12 + 13^13 + 8*13^14 + 10*13^15 + O(13^16) : 10*13 + 4*13^2 + 3*13^3 + 12*13^4 + 4*13^5 + 10*13^7 + 12*13^8 + 10*13^9 + 13^10 + 7*13^11 + 8*13^12 + 8*13^13 + 4*13^14 + O(13^15) : 1 + O(13^20))
   (4 + 4*13 + 10*13^2 + 12*13^3 + 10*13^4 + 12*13^6 + 6*13^7 + 11*13^8 + 9*13^9 + 9*13^10 + 4*13^12 + 13^13 + 8*13^14 + 10*13^15 + O(13^16) : 3*13 + 8*13^2 + 9*13^3 + 8*13^5 + 12*13^6 + 2*13^7 + 2*13^9 + 11*13^10 + 5*13^11 + 4*13^12 + 4*13^13 + 8*13^14 + O(13^15) : 1 + O(13^20))
   (4 + 4*13 + 10*13^2 + 3*13^3 + 6*13^4 + 8*13^5 + 10*13^6 + 2*13^7 + 12*13^8 + 13^9 + 6*13^11 + 5*13^12 + 4*13^13 + 8*13^14 + 7*13^15 + O(13^16) : 10*13 + 5*13^2 + 10*13^3 + 3*13^4 + 10*13^5 + 12*13^6 + 8*13^7 + 6*13^8 + 8*13^9 + 5*13^10 + 9*13^11 + 11*13^12 + 10*13^13 + 10*13^14 + O(13^15) : 1 + O(13^20))
   (4 + 4*13 + 10*13^2 + 3*13^3 + 6*13^4 + 8*13^5 + 10*13^6 + 2*13^7 + 12*13^8 + 13^9 + 6*13^11 + 5*13^12 + 4*13^13 + 8*13^14 + 7*13^15 + O(13^16) : 3*13 + 7*13^2 + 2*13^3 + 9*13^4 + 2*13^5 + 4*13^7 + 6*13^8 + 4*13^9 + 7*13^10 + 3*13^11 + 13^12 + 2*13^13 + 2*13^14 + O(13^15) : 1 + O(13^20))
   (4 + 4*13 + 10*13^2 + 4*13^3 + 9*13^4 + 9*13^5 + 12*13^6 + 13^7 + 10*13^8 + 9*13^9 + 10*13^10 + 9*13^11 + 3*13^12 + 4*13^13 + 6*13^14 + 13^15 + O(13^16) : 10*13 + 2*13^2 + 10*13^3 + 5*13^4 + 2*13^5 + 12*13^6 + 3*13^7 + 12*13^8 + 9*13^9 + 5*13^10 + 8*13^11 + 13^12 + 3*13^13 + 7*13^14 + O(13^15) : 1 + O(13^20))
   (4 + 4*13 + 10*13^2 + 4*13^3 + 9*13^4 + 9*13^5 + 12*13^6 + 13^7 + 10*13^8 + 9*13^9 + 10*13^10 + 9*13^11 + 3*13^12 + 4*13^13 + 6*13^14 + 13^15 + O(13^16) : 3*13 + 10*13^2 + 2*13^3 + 7*13^4 + 10*13^5 + 9*13^7 + 3*13^9 + 7*13^10 + 4*13^11 + 11*13^12 + 9*13^13 + 5*13^14 + O(13^15) : 1 + O(13^20))
   (4 + 4*13 + 11*13^2 + 10*13^3 + 11*13^4 + 12*13^6 + 2*13^7 + 7*13^8 + 4*13^9 + 10*13^10 + 3*13^11 + 5*13^12 + 12*13^13 + 13^14 + 12*13^15 + O(13^16) : 12*13 + 3*13^3 + 5*13^4 + 4*13^5 + 13^6 + 12*13^7 + 9*13^8 + 2*13^9 + 7*13^10 + 11*13^11 + 4*13^12 + 13^13 + 10*13^14 + O(13^15) : 1 + O(13^20))
   (4 + 4*13 + 11*13^2 + 10*13^3 + 11*13^4 + 12*13^6 + 2*13^7 + 7*13^8 + 4*13^9 + 10*13^10 + 3*13^11 + 5*13^12 + 12*13^13 + 13^14 + 12*13^15 + O(13^16) : 13 + 12*13^2 + 9*13^3 + 7*13^4 + 8*13^5 + 11*13^6 + 3*13^8 + 10*13^9 + 5*13^10 + 13^11 + 8*13^12 + 11*13^13 + 2*13^14 + O(13^15) : 1 + O(13^20))
   (4 + 4*13 + 11*13^2 + 10*13^3 + 6*13^4 + 8*13^5 + 6*13^6 + 2*13^8 + 6*13^10 + 11*13^11 + 13^13 + 11*13^14 + 3*13^15 + O(13^16) : 12*13 + 9*13^3 + 6*13^4 + 8*13^5 + 3*13^6 + 8*13^7 + 9*13^9 + 5*13^10 + 10*13^11 + 7*13^12 + 4*13^13 + 5*13^14 + O(13^15) : 1 + O(13^20))
   (4 + 4*13 + 11*13^2 + 10*13^3 + 6*13^4 + 8*13^5 + 6*13^6 + 2*13^8 + 6*13^10 + 11*13^11 + 13^13 + 11*13^14 + 3*13^15 + O(13^16) : 13 + 12*13^2 + 3*13^3 + 6*13^4 + 4*13^5 + 9*13^6 + 4*13^7 + 12*13^8 + 3*13^9 + 7*13^10 + 2*13^11 + 5*13^12 + 8*13^13 + 7*13^14 + O(13^15) : 1 + O(13^20))
   (4 + 4*13 + 11*13^2 + 11*13^3 + 9*13^4 + 7*13^5 + 13^6 + 12*13^7 + 6*13^8 + 6*13^9 + 11*13^10 + 10*13^11 + 9*13^12 + 12*13^13 + 11*13^14 + 11*13^15 + O(13^16) : 12*13 + 4*13^2 + 13^3 + 9*13^4 + 12*13^5 + 8*13^6 + 10*13^7 + 6*13^8 + 12*13^10 + 11*13^11 + 8*13^12 + 4*13^13 + 11*13^14 + O(13^15) : 1 + O(13^20))
   (4 + 4*13 + 11*13^2 + 11*13^3 + 9*13^4 + 7*13^5 + 13^6 + 12*13^7 + 6*13^8 + 6*13^9 + 11*13^10 + 10*13^11 + 9*13^12 + 12*13^13 + 11*13^14 + 11*13^15 + O(13^16) : 13 + 8*13^2 + 11*13^3 + 3*13^4 + 4*13^6 + 2*13^7 + 6*13^8 + 12*13^9 + 13^11 + 4*13^12 + 8*13^13 + 13^14 + O(13^15) : 1 + O(13^20))
   (4 + 4*13 + 11*13^2 + 13^3 + 6*13^4 + 6*13^5 + 3*13^6 + 2*13^7 + 8*13^8 + 3*13^9 + 7*13^10 + 2*13^11 + 8*13^12 + 3*13^13 + 11*13^14 + O(13^16) : 12*13 + 3*13^2 + 9*13^3 + 13^4 + 10*13^5 + 8*13^6 + 7*13^7 + 7*13^8 + 9*13^9 + 5*13^10 + 11*13^11 + 7*13^12 + 9*13^13 + 9*13^14 + O(13^15) : 1 + O(13^20))
   (4 + 4*13 + 11*13^2 + 13^3 + 6*13^4 + 6*13^5 + 3*13^6 + 2*13^7 + 8*13^8 + 3*13^9 + 7*13^10 + 2*13^11 + 8*13^12 + 3*13^13 + 11*13^14 + O(13^16) : 13 + 9*13^2 + 3*13^3 + 11*13^4 + 2*13^5 + 4*13^6 + 5*13^7 + 5*13^8 + 3*13^9 + 7*13^10 + 13^11 + 5*13^12 + 3*13^13 + 3*13^14 + O(13^15) : 1 + O(13^20))
   (4 + 4*13 + 11*13^2 + 4*13^3 + 5*13^4 + 4*13^5 + 3*13^6 + 3*13^8 + 7*13^9 + 11*13^10 + 3*13^11 + 12*13^12 + 7*13^13 + 3*13^14 + 13^15 + O(13^16) : 12*13 + 2*13^2 + 4*13^3 + 9*13^4 + 3*13^5 + 2*13^6 + 5*13^7 + 6*13^8 + 8*13^9 + 12*13^10 + 2*13^11 + 10*13^12 + 6*13^13 + O(13^15) : 1 + O(13^20))
   (4 + 4*13 + 11*13^2 + 4*13^3 + 5*13^4 + 4*13^5 + 3*13^6 + 3*13^8 + 7*13^9 + 11*13^10 + 3*13^11 + 12*13^12 + 7*13^13 + 3*13^14 + 13^15 + O(13^16) : 13 + 10*13^2 + 8*13^3 + 3*13^4 + 9*13^5 + 10*13^6 + 7*13^7 + 6*13^8 + 4*13^9 + 10*13^11 + 2*13^12 + 6*13^13 + 12*13^14 + O(13^15) : 1 + O(13^20))
   (4 + 4*13 + 11*13^2 + 6*13^3 + 12*13^4 + 12*13^5 + 7*13^6 + 10*13^7 + 11*13^8 + 2*13^9 + 7*13^10 + 5*13^11 + 5*13^12 + 5*13^14 + 7*13^15 + O(13^16) : 12*13 + 10*13^2 + 11*13^3 + 11*13^4 + 11*13^5 + 9*13^6 + 10*13^7 + 11*13^8 + 13^9 + 5*13^10 + 9*13^11 + 6*13^12 + 11*13^13 + O(13^15) : 1 + O(13^20))
   (4 + 4*13 + 11*13^2 + 6*13^3 + 12*13^4 + 12*13^5 + 7*13^6 + 10*13^7 + 11*13^8 + 2*13^9 + 7*13^10 + 5*13^11 + 5*13^12 + 5*13^14 + 7*13^15 + O(13^16) : 13 + 2*13^2 + 13^3 + 13^4 + 13^5 + 3*13^6 + 2*13^7 + 13^8 + 11*13^9 + 7*13^10 + 3*13^11 + 6*13^12 + 13^13 + 12*13^14 + O(13^15) : 1 + O(13^20))
   (4 + 4*13 + 13^2 + 13^3 + 10*13^4 + 9*13^5 + 2*13^6 + 12*13^7 + 2*13^8 + 5*13^9 + 10*13^10 + 12*13^11 + 8*13^12 + 9*13^13 + 8*13^14 + 9*13^15 + O(13^16) : 4*13 + 9*13^2 + 7*13^3 + 3*13^4 + 2*13^5 + 7*13^6 + 3*13^7 + 9*13^9 + 6*13^10 + 9*13^11 + 6*13^12 + 10*13^13 + 2*13^14 + O(13^15) : 1 + O(13^20))
   (4 + 4*13 + 13^2 + 13^3 + 10*13^4 + 9*13^5 + 2*13^6 + 12*13^7 + 2*13^8 + 5*13^9 + 10*13^10 + 12*13^11 + 8*13^12 + 9*13^13 + 8*13^14 + 9*13^15 + O(13^16) : 9*13 + 3*13^2 + 5*13^3 + 9*13^4 + 10*13^5 + 5*13^6 + 9*13^7 + 12*13^8 + 3*13^9 + 6*13^10 + 3*13^11 + 6*13^12 + 2*13^13 + 10*13^14 + O(13^15) : 1 + O(13^20))
   (4 + 4*13 + 13^2 + 13^3 + 9*13^4 + 2*13^5 + 2*13^6 + 9*13^7 + 3*13^8 + 2*13^9 + 12*13^11 + 12*13^12 + 9*13^13 + 13^14 + 12*13^15 + O(13^16) : 4*13 + 9*13^2 + 8*13^3 + 3*13^4 + 5*13^5 + 2*13^6 + 10*13^7 + 11*13^8 + 6*13^9 + 10*13^10 + 7*13^11 + 11*13^12 + 10*13^13 + 5*13^14 + O(13^15) : 1 + O(13^20))
   (4 + 4*13 + 13^2 + 13^3 + 9*13^4 + 2*13^5 + 2*13^6 + 9*13^7 + 3*13^8 + 2*13^9 + 12*13^11 + 12*13^12 + 9*13^13 + 13^14 + 12*13^15 + O(13^16) : 9*13 + 3*13^2 + 4*13^3 + 9*13^4 + 7*13^5 + 10*13^6 + 2*13^7 + 13^8 + 6*13^9 + 2*13^10 + 5*13^11 + 13^12 + 2*13^13 + 7*13^14 + O(13^15) : 1 + O(13^20))
   (4 + 4*13 + 13^2 + 3*13^3 + 3*13^4 + 12*13^5 + 5*13^6 + 10*13^7 + 7*13^8 + 12*13^9 + 7*13^10 + 7*13^11 + 4*13^12 + 6*13^13 + 10*13^14 + 9*13^15 + O(13^16) : 4*13 + 7*13^2 + 8*13^3 + 13^4 + 9*13^5 + 12*13^6 + 11*13^8 + 2*13^9 + 8*13^10 + 9*13^11 + 2*13^12 + 6*13^13 + 5*13^14 + O(13^15) : 1 + O(13^20))
   (4 + 4*13 + 13^2 + 3*13^3 + 3*13^4 + 12*13^5 + 5*13^6 + 10*13^7 + 7*13^8 + 12*13^9 + 7*13^10 + 7*13^11 + 4*13^12 + 6*13^13 + 10*13^14 + 9*13^15 + O(13^16) : 9*13 + 5*13^2 + 4*13^3 + 11*13^4 + 3*13^5 + 12*13^7 + 13^8 + 10*13^9 + 4*13^10 + 3*13^11 + 10*13^12 + 6*13^13 + 7*13^14 + O(13^15) : 1 + O(13^20))
   (4 + 4*13 + 13^2 + 7*13^3 + 2*13^4 + 2*13^5 + 7*13^6 + 8*13^8 + 13^9 + 3*13^10 + 10*13^11 + 13^12 + 8*13^13 + O(13^16) : 4*13 + 3*13^2 + 7*13^3 + 13^4 + 3*13^5 + 6*13^6 + 8*13^7 + 12*13^8 + 3*13^9 + 3*13^10 + 8*13^12 + 6*13^13 + 6*13^14 + O(13^15) : 1 + O(13^20))
   (4 + 4*13 + 13^2 + 7*13^3 + 2*13^4 + 2*13^5 + 7*13^6 + 8*13^8 + 13^9 + 3*13^10 + 10*13^11 + 13^12 + 8*13^13 + O(13^16) : 9*13 + 9*13^2 + 5*13^3 + 11*13^4 + 9*13^5 + 6*13^6 + 4*13^7 + 9*13^9 + 9*13^10 + 12*13^11 + 4*13^12 + 6*13^13 + 6*13^14 + O(13^15) : 1 + O(13^20))
   (4 + 4*13 + 13^2 + 8*13^3 + 3*13^4 + 10*13^5 + 3*13^6 + 9*13^8 + 10*13^9 + 11*13^10 + 6*13^11 + 4*13^12 + 13^13 + 2*13^15 + O(13^16) : 4*13 + 2*13^2 + 8*13^4 + 9*13^5 + 9*13^6 + 10*13^7 + 5*13^8 + 8*13^9 + 5*13^10 + 8*13^11 + 13^12 + 12*13^13 + 3*13^14 + O(13^15) : 1 + O(13^20))
   (4 + 4*13 + 13^2 + 8*13^3 + 3*13^4 + 10*13^5 + 3*13^6 + 9*13^8 + 10*13^9 + 11*13^10 + 6*13^11 + 4*13^12 + 13^13 + 2*13^15 + O(13^16) : 9*13 + 10*13^2 + 12*13^3 + 4*13^4 + 3*13^5 + 3*13^6 + 2*13^7 + 7*13^8 + 4*13^9 + 7*13^10 + 4*13^11 + 11*13^12 + 9*13^14 + O(13^15) : 1 + O(13^20))
   (4 + 4*13 + 5*13^2 + 13^4 + 4*13^5 + 9*13^6 + 11*13^7 + 9*13^9 + 8*13^10 + 4*13^11 + 9*13^12 + 7*13^14 + 4*13^15 + O(13^16) : 6*13 + 6*13^2 + 8*13^3 + 7*13^4 + 13^5 + 6*13^7 + 10*13^8 + 12*13^9 + 10*13^10 + 10*13^11 + 13^12 + 9*13^13 + 4*13^14 + O(13^15) : 1 + O(13^20))
   (4 + 4*13 + 5*13^2 + 13^4 + 4*13^5 + 9*13^6 + 11*13^7 + 9*13^9 + 8*13^10 + 4*13^11 + 9*13^12 + 7*13^14 + 4*13^15 + O(13^16) : 7*13 + 6*13^2 + 4*13^3 + 5*13^4 + 11*13^5 + 12*13^6 + 6*13^7 + 2*13^8 + 2*13^10 + 2*13^11 + 11*13^12 + 3*13^13 + 8*13^14 + O(13^15) : 1 + O(13^20))
   (4 + 4*13 + 5*13^2 + 2*13^3 + 10*13^4 + 10*13^6 + 2*13^7 + 6*13^8 + 4*13^9 + 8*13^10 + 6*13^11 + 6*13^12 + 3*13^13 + 2*13^14 + 5*13^15 + O(13^16) : 6*13 + 9*13^2 + 13^3 + 7*13^4 + 4*13^5 + 8*13^6 + 7*13^8 + 8*13^9 + 4*13^10 + 5*13^11 + 7*13^13 + 11*13^14 + O(13^15) : 1 + O(13^20))
   (4 + 4*13 + 5*13^2 + 2*13^3 + 10*13^4 + 10*13^6 + 2*13^7 + 6*13^8 + 4*13^9 + 8*13^10 + 6*13^11 + 6*13^12 + 3*13^13 + 2*13^14 + 5*13^15 + O(13^16) : 7*13 + 3*13^2 + 11*13^3 + 5*13^4 + 8*13^5 + 4*13^6 + 12*13^7 + 5*13^8 + 4*13^9 + 8*13^10 + 7*13^11 + 12*13^12 + 5*13^13 + 13^14 + O(13^15) : 1 + O(13^20))
   (4 + 4*13 + 5*13^2 + 3*13^3 + 12*13^5 + 5*13^6 + 4*13^7 + 12*13^8 + 11*13^10 + 13^11 + 13^12 + 8*13^13 + 3*13^14 + 6*13^15 + O(13^16) : 6*13 + 4*13^2 + 9*13^3 + 10*13^4 + 10*13^5 + 5*13^7 + 3*13^8 + 9*13^9 + 5*13^10 + 9*13^11 + 11*13^12 + 13^13 + 2*13^14 + O(13^15) : 1 + O(13^20))
   (4 + 4*13 + 5*13^2 + 3*13^3 + 12*13^5 + 5*13^6 + 4*13^7 + 12*13^8 + 11*13^10 + 13^11 + 13^12 + 8*13^13 + 3*13^14 + 6*13^15 + O(13^16) : 7*13 + 8*13^2 + 3*13^3 + 2*13^4 + 2*13^5 + 12*13^6 + 7*13^7 + 9*13^8 + 3*13^9 + 7*13^10 + 3*13^11 + 13^12 + 11*13^13 + 10*13^14 + O(13^15) : 1 + O(13^20))
   (4 + 4*13 + 5*13^2 + 8*13^3 + 3*13^4 + 4*13^5 + 3*13^6 + 2*13^7 + 8*13^8 + 8*13^9 + 4*13^10 + 9*13^11 + 2*13^12 + 2*13^13 + 6*13^14 + 11*13^15 + O(13^16) : 6*13 + 5*13^2 + 12*13^3 + 13^4 + 2*13^5 + 11*13^7 + 4*13^8 + 2*13^9 + 3*13^10 + 7*13^11 + 12*13^12 + 6*13^13 + 5*13^14 + O(13^15) : 1 + O(13^20))
   (4 + 4*13 + 5*13^2 + 8*13^3 + 3*13^4 + 4*13^5 + 3*13^6 + 2*13^7 + 8*13^8 + 8*13^9 + 4*13^10 + 9*13^11 + 2*13^12 + 2*13^13 + 6*13^14 + 11*13^15 + O(13^16) : 7*13 + 7*13^2 + 11*13^4 + 10*13^5 + 12*13^6 + 13^7 + 8*13^8 + 10*13^9 + 9*13^10 + 5*13^11 + 6*13^13 + 7*13^14 + O(13^15) : 1 + O(13^20))
   (4 + 4*13 + 5*13^2 + 9*13^3 + 13^4 + 10*13^5 + 12*13^6 + 7*13^7 + 7*13^8 + 11*13^9 + 5*13^10 + 7*13^11 + 4*13^12 + 10*13^13 + 5*13^14 + 13^15 + O(13^16) : 6*13 + 7*13^3 + 7*13^4 + 6*13^5 + 9*13^6 + 11*13^7 + 13^8 + 8*13^9 + 5*13^10 + 11*13^11 + 5*13^12 + 13^13 + 6*13^14 + O(13^15) : 1 + O(13^20))
   (4 + 4*13 + 5*13^2 + 9*13^3 + 13^4 + 10*13^5 + 12*13^6 + 7*13^7 + 7*13^8 + 11*13^9 + 5*13^10 + 7*13^11 + 4*13^12 + 10*13^13 + 5*13^14 + 13^15 + O(13^16) : 7*13 + 12*13^2 + 5*13^3 + 5*13^4 + 6*13^5 + 3*13^6 + 13^7 + 11*13^8 + 4*13^9 + 7*13^10 + 13^11 + 7*13^12 + 11*13^13 + 6*13^14 + O(13^15) : 1 + O(13^20))
   (4 + 4*13 + 5*13^2 + 9*13^3 + 6*13^4 + 2*13^5 + 7*13^7 + 6*13^8 + 9*13^9 + 4*13^10 + 9*13^12 + 11*13^13 + 5*13^14 + 12*13^15 + O(13^16) : 6*13 + 8*13^3 + 4*13^4 + 12*13^5 + 3*13^6 + 5*13^7 + 7*13^8 + 7*13^9 + 5*13^10 + 13^11 + 5*13^12 + 13^13 + 12*13^14 + O(13^15) : 1 + O(13^20))
   (4 + 4*13 + 5*13^2 + 9*13^3 + 6*13^4 + 2*13^5 + 7*13^7 + 6*13^8 + 9*13^9 + 4*13^10 + 9*13^12 + 11*13^13 + 5*13^14 + 12*13^15 + O(13^16) : 7*13 + 12*13^2 + 4*13^3 + 8*13^4 + 9*13^6 + 7*13^7 + 5*13^8 + 5*13^9 + 7*13^10 + 11*13^11 + 7*13^12 + 11*13^13 + O(13^15) : 1 + O(13^20))
   (4 + 4*13 + 8*13^2 + 11*13^3 + 10*13^4 + 4*13^5 + 13^6 + 13^8 + 7*13^9 + 4*13^10 + 12*13^11 + 9*13^12 + 13^13 + 3*13^14 + 5*13^15 + O(13^16) : 5*13 + 11*13^2 + 8*13^3 + 5*13^4 + 5*13^5 + 2*13^6 + 13^7 + 2*13^8 + 8*13^9 + 2*13^10 + 12*13^11 + 2*13^12 + 5*13^13 + 4*13^14 + O(13^15) : 1 + O(13^20))
   (4 + 4*13 + 8*13^2 + 11*13^3 + 10*13^4 + 4*13^5 + 13^6 + 13^8 + 7*13^9 + 4*13^10 + 12*13^11 + 9*13^12 + 13^13 + 3*13^14 + 5*13^15 + O(13^16) : 8*13 + 13^2 + 4*13^3 + 7*13^4 + 7*13^5 + 10*13^6 + 11*13^7 + 10*13^8 + 4*13^9 + 10*13^10 + 10*13^12 + 7*13^13 + 8*13^14 + O(13^15) : 1 + O(13^20))
   (4 + 4*13 + 8*13^2 + 12*13^3 + 10*13^5 + 12*13^6 + 6*13^7 + 2*13^8 + 4*13^9 + 13^10 + 2*13^11 + 9*13^12 + 8*13^13 + 11*13^14 + 12*13^15 + O(13^16) : 5*13 + 5*13^2 + 9*13^3 + 6*13^4 + 2*13^5 + 9*13^6 + 3*13^7 + 3*13^8 + 5*13^9 + 9*13^10 + 9*13^11 + 9*13^12 + 9*13^13 + 5*13^14 + O(13^15) : 1 + O(13^20))
   (4 + 4*13 + 8*13^2 + 12*13^3 + 10*13^5 + 12*13^6 + 6*13^7 + 2*13^8 + 4*13^9 + 13^10 + 2*13^11 + 9*13^12 + 8*13^13 + 11*13^14 + 12*13^15 + O(13^16) : 8*13 + 7*13^2 + 3*13^3 + 6*13^4 + 10*13^5 + 3*13^6 + 9*13^7 + 9*13^8 + 7*13^9 + 3*13^10 + 3*13^11 + 3*13^12 + 3*13^13 + 7*13^14 + O(13^15) : 1 + O(13^20))
   (4 + 4*13 + 8*13^2 + 12*13^3 + 13^4 + 4*13^5 + 12*13^6 + 5*13^7 + 12*13^9 + 13^10 + 11*13^11 + 5*13^12 + 12*13^13 + 12*13^14 + 7*13^15 + O(13^16) : 5*13 + 5*13^2 + 3*13^3 + 8*13^4 + 6*13^5 + 9*13^6 + 6*13^7 + 10*13^8 + 9*13^9 + 3*13^10 + 5*13^11 + 6*13^12 + 12*13^13 + 10*13^14 + O(13^15) : 1 + O(13^20))
   (4 + 4*13 + 8*13^2 + 12*13^3 + 13^4 + 4*13^5 + 12*13^6 + 5*13^7 + 12*13^9 + 13^10 + 11*13^11 + 5*13^12 + 12*13^13 + 12*13^14 + 7*13^15 + O(13^16) : 8*13 + 7*13^2 + 9*13^3 + 4*13^4 + 6*13^5 + 3*13^6 + 6*13^7 + 2*13^8 + 3*13^9 + 9*13^10 + 7*13^11 + 6*13^12 + 2*13^14 + O(13^15) : 1 + O(13^20))
   (4 + 4*13 + 8*13^2 + 4*13^3 + 4*13^4 + 11*13^5 + 3*13^6 + 6*13^7 + 2*13^8 + 5*13^9 + 7*13^11 + 4*13^13 + 7*13^14 + 10*13^15 + O(13^16) : 5*13 + 13^2 + 2*13^3 + 8*13^4 + 7*13^5 + 11*13^7 + 13^8 + 8*13^9 + 8*13^10 + 2*13^11 + 10*13^12 + 9*13^13 + 6*13^14 + O(13^15) : 1 + O(13^20))
   (4 + 4*13 + 8*13^2 + 4*13^3 + 4*13^4 + 11*13^5 + 3*13^6 + 6*13^7 + 2*13^8 + 5*13^9 + 7*13^11 + 4*13^13 + 7*13^14 + 10*13^15 + O(13^16) : 8*13 + 11*13^2 + 10*13^3 + 4*13^4 + 5*13^5 + 12*13^6 + 13^7 + 11*13^8 + 4*13^9 + 4*13^10 + 10*13^11 + 2*13^12 + 3*13^13 + 6*13^14 + O(13^15) : 1 + O(13^20))
   (4 + 4*13 + 8*13^2 + 5*13^3 + 10*13^4 + 10*13^5 + 7*13^7 + 13^8 + 12*13^9 + 13^10 + 5*13^11 + 12*13^12 + 5*13^13 + 10*13^14 + 7*13^15 + O(13^16) : 5*13 + 8*13^2 + 11*13^3 + 9*13^4 + 3*13^5 + 12*13^6 + 8*13^7 + 9*13^8 + 7*13^9 + 8*13^10 + 3*13^11 + 3*13^12 + 6*13^14 + O(13^15) : 1 + O(13^20))
   (4 + 4*13 + 8*13^2 + 5*13^3 + 10*13^4 + 10*13^5 + 7*13^7 + 13^8 + 12*13^9 + 13^10 + 5*13^11 + 12*13^12 + 5*13^13 + 10*13^14 + 7*13^15 + O(13^16) : 8*13 + 4*13^2 + 13^3 + 3*13^4 + 9*13^5 + 4*13^7 + 3*13^8 + 5*13^9 + 4*13^10 + 9*13^11 + 9*13^12 + 12*13^13 + 6*13^14 + O(13^15) : 1 + O(13^20))
   (4 + 4*13 + 8*13^2 + 5*13^3 + 7*13^4 + 3*13^5 + 3*13^6 + 3*13^7 + 6*13^8 + 7*13^9 + 5*13^11 + 12*13^12 + 11*13^13 + 7*13^14 + 7*13^15 + O(13^16) : 5*13 + 8*13^2 + 3*13^3 + 9*13^4 + 2*13^5 + 7*13^6 + 13^7 + 4*13^8 + 12*13^9 + 6*13^10 + 11*13^11 + 11*13^12 + 4*13^13 + 10*13^14 + O(13^15) : 1 + O(13^20))
   (4 + 4*13 + 8*13^2 + 5*13^3 + 7*13^4 + 3*13^5 + 3*13^6 + 3*13^7 + 6*13^8 + 7*13^9 + 5*13^11 + 12*13^12 + 11*13^13 + 7*13^14 + 7*13^15 + O(13^16) : 8*13 + 4*13^2 + 9*13^3 + 3*13^4 + 10*13^5 + 5*13^6 + 11*13^7 + 8*13^8 + 6*13^10 + 13^11 + 13^12 + 8*13^13 + 2*13^14 + O(13^15) : 1 + O(13^20))
   (4 + 4*13 + 8*13^2 + 6*13^3 + 8*13^4 + 10*13^5 + 13^6 + 2*13^7 + 4*13^8 + 6*13^9 + 9*13^11 + 8*13^12 + 12*13^13 + 2*13^14 + 3*13^15 + O(13^16) : 5*13 + 2*13^2 + 2*13^3 + 4*13^4 + 9*13^5 + 5*13^6 + 12*13^7 + 8*13^8 + 10*13^9 + 5*13^10 + 3*13^11 + 12*13^13 + 3*13^14 + O(13^15) : 1 + O(13^20))
   (4 + 4*13 + 8*13^2 + 6*13^3 + 8*13^4 + 10*13^5 + 13^6 + 2*13^7 + 4*13^8 + 6*13^9 + 9*13^11 + 8*13^12 + 12*13^13 + 2*13^14 + 3*13^15 + O(13^16) : 8*13 + 10*13^2 + 10*13^3 + 8*13^4 + 3*13^5 + 7*13^6 + 4*13^8 + 2*13^9 + 7*13^10 + 9*13^11 + 12*13^12 + 9*13^14 + O(13^15) : 1 + O(13^20))
   (4 + 4*13 + 9*13^2 + 11*13^3 + 8*13^4 + 11*13^5 + 13^6 + 2*13^7 + 5*13^8 + 5*13^9 + 5*13^10 + 12*13^11 + 11*13^12 + 5*13^14 + 2*13^15 + O(13^16) : 11*13 + 4*13^2 + 10*13^3 + 7*13^4 + 3*13^5 + 8*13^6 + 6*13^7 + 9*13^8 + 13^9 + 12*13^10 + 5*13^11 + 10*13^12 + 3*13^13 + 5*13^14 + O(13^15) : 1 + O(13^20))
   (4 + 4*13 + 9*13^2 + 11*13^3 + 8*13^4 + 11*13^5 + 13^6 + 2*13^7 + 5*13^8 + 5*13^9 + 5*13^10 + 12*13^11 + 11*13^12 + 5*13^14 + 2*13^15 + O(13^16) : 2*13 + 8*13^2 + 2*13^3 + 5*13^4 + 9*13^5 + 4*13^6 + 6*13^7 + 3*13^8 + 11*13^9 + 7*13^11 + 2*13^12 + 9*13^13 + 7*13^14 + O(13^15) : 1 + O(13^20))
   (4 + 4*13 + 9*13^2 + 12*13^3 + 11*13^4 + 13^5 + 7*13^6 + 7*13^7 + 11*13^8 + 11*13^9 + 10*13^10 + 9*13^11 + 12*13^12 + 9*13^13 + 11*13^14 + 3*13^15 + O(13^16) : 11*13 + 6*13^2 + 6*13^3 + 12*13^4 + 4*13^5 + 2*13^6 + 9*13^7 + 5*13^8 + 3*13^9 + 10*13^10 + 10*13^11 + 9*13^12 + 7*13^13 + 10*13^14 + O(13^15) : 1 + O(13^20))
   (4 + 4*13 + 9*13^2 + 12*13^3 + 11*13^4 + 13^5 + 7*13^6 + 7*13^7 + 11*13^8 + 11*13^9 + 10*13^10 + 9*13^11 + 12*13^12 + 9*13^13 + 11*13^14 + 3*13^15 + O(13^16) : 2*13 + 6*13^2 + 6*13^3 + 8*13^5 + 10*13^6 + 3*13^7 + 7*13^8 + 9*13^9 + 2*13^10 + 2*13^11 + 3*13^12 + 5*13^13 + 2*13^14 + O(13^15) : 1 + O(13^20))
   (4 + 4*13 + 9*13^2 + 12*13^3 + 13^4 + 9*13^5 + 11*13^6 + 6*13^7 + 5*13^8 + 10*13^9 + 5*13^10 + 2*13^11 + 13^12 + 9*13^13 + 11*13^14 + 11*13^15 + O(13^16) : 11*13 + 6*13^2 + 12*13^3 + 12*13^4 + 13^5 + 6*13^6 + 12*13^7 + 7*13^8 + 6*13^9 + 10*13^10 + 9*13^11 + 12*13^12 + 2*13^13 + 9*13^14 + O(13^15) : 1 + O(13^20))
   (4 + 4*13 + 9*13^2 + 12*13^3 + 13^4 + 9*13^5 + 11*13^6 + 6*13^7 + 5*13^8 + 10*13^9 + 5*13^10 + 2*13^11 + 13^12 + 9*13^13 + 11*13^14 + 11*13^15 + O(13^16) : 2*13 + 6*13^2 + 11*13^5 + 6*13^6 + 5*13^8 + 6*13^9 + 2*13^10 + 3*13^11 + 10*13^13 + 3*13^14 + O(13^15) : 1 + O(13^20))
   (4 + 4*13 + 9*13^2 + 3*13^3 + 10*13^4 + 11*13^5 + 6*13^7 + 13^8 + 4*13^9 + 10*13^11 + 4*13^12 + 10*13^13 + 8*13^14 + 7*13^15 + O(13^16) : 11*13 + 13^2 + 9*13^3 + 6*13^4 + 5*13^5 + 12*13^6 + 12*13^7 + 4*13^8 + 2*13^9 + 9*13^10 + 12*13^11 + 4*13^12 + 2*13^13 + 9*13^14 + O(13^15) : 1 + O(13^20))
   (4 + 4*13 + 9*13^2 + 3*13^3 + 10*13^4 + 11*13^5 + 6*13^7 + 13^8 + 4*13^9 + 10*13^11 + 4*13^12 + 10*13^13 + 8*13^14 + 7*13^15 + O(13^16) : 2*13 + 11*13^2 + 3*13^3 + 6*13^4 + 7*13^5 + 8*13^8 + 10*13^9 + 3*13^10 + 8*13^12 + 10*13^13 + 3*13^14 + O(13^15) : 1 + O(13^20))
   (4 + 4*13 + 9*13^2 + 4*13^3 + 2*13^5 + 9*13^6 + 4*13^7 + 8*13^8 + 13^9 + 4*13^10 + 13^11 + 11*13^12 + 7*13^13 + 11*13^14 + 10*13^15 + O(13^16) : 11*13 + 3*13^2 + 2*13^3 + 10*13^4 + 11*13^5 + 7*13^8 + 9*13^9 + 5*13^10 + 13^11 + 11*13^12 + 4*13^13 + 13^14 + O(13^15) : 1 + O(13^20))
   (4 + 4*13 + 9*13^2 + 4*13^3 + 2*13^5 + 9*13^6 + 4*13^7 + 8*13^8 + 13^9 + 4*13^10 + 13^11 + 11*13^12 + 7*13^13 + 11*13^14 + 10*13^15 + O(13^16) : 2*13 + 9*13^2 + 10*13^3 + 2*13^4 + 13^5 + 12*13^6 + 12*13^7 + 5*13^8 + 3*13^9 + 7*13^10 + 11*13^11 + 13^12 + 8*13^13 + 11*13^14 + O(13^15) : 1 + O(13^20))
   (4 + 4*13 + 9*13^2 + 5*13^3 + 8*13^4 + 3*13^5 + 2*13^6 + 8*13^7 + 12*13^8 + 10*13^9 + 4*13^10 + 10*13^11 + 13^12 + 11*13^13 + 6*13^14 + 11*13^15 + O(13^16) : 11*13 + 5*13^2 + 7*13^3 + 4*13^4 + 10*13^5 + 12*13^6 + 10*13^7 + 6*13^8 + 7*13^9 + 4*13^10 + 6*13^11 + 9*13^12 + 6*13^13 + 2*13^14 + O(13^15) : 1 + O(13^20))
   (4 + 4*13 + 9*13^2 + 5*13^3 + 8*13^4 + 3*13^5 + 2*13^6 + 8*13^7 + 12*13^8 + 10*13^9 + 4*13^10 + 10*13^11 + 13^12 + 11*13^13 + 6*13^14 + 11*13^15 + O(13^16) : 2*13 + 7*13^2 + 5*13^3 + 8*13^4 + 2*13^5 + 2*13^7 + 6*13^8 + 5*13^9 + 8*13^10 + 6*13^11 + 3*13^12 + 6*13^13 + 10*13^14 + O(13^15) : 1 + O(13^20))
   (4 + 4*13 + 9*13^2 + 6*13^3 + 6*13^4 + 13^5 + 7*13^6 + 12*13^7 + 7*13^8 + 8*13^9 + 13^10 + 12*13^11 + 13^12 + 6*13^13 + 5*13^14 + 4*13^15 + O(13^16) : 11*13 + 7*13^2 + 7*13^3 + 11*13^4 + 13^5 + 11*13^6 + 5*13^7 + 13^8 + 3*13^9 + 13^10 + 3*13^11 + 8*13^12 + 5*13^13 + 12*13^14 + O(13^15) : 1 + O(13^20))
   (4 + 4*13 + 9*13^2 + 6*13^3 + 6*13^4 + 13^5 + 7*13^6 + 12*13^7 + 7*13^8 + 8*13^9 + 13^10 + 12*13^11 + 13^12 + 6*13^13 + 5*13^14 + 4*13^15 + O(13^16) : 2*13 + 5*13^2 + 5*13^3 + 13^4 + 11*13^5 + 13^6 + 7*13^7 + 11*13^8 + 9*13^9 + 11*13^10 + 9*13^11 + 4*13^12 + 7*13^13 + O(13^15) : 1 + O(13^20))
   (4*13 + 11*13^2 + 9*13^3 + 12*13^4 + 12*13^5 + 4*13^6 + 3*13^7 + 2*13^8 + 12*13^9 + 10*13^10 + 10*13^11 + 2*13^12 + 12*13^13 + 5*13^14 + O(13^15) : 10 + 9*13 + 9*13^2 + 12*13^3 + 4*13^4 + 7*13^5 + 9*13^7 + 7*13^8 + 12*13^9 + 7*13^10 + 4*13^11 + 6*13^12 + 2*13^13 + 10*13^14 + 12*13^15 + O(13^16) : 1 + O(13^20))
   (4*13 + 11*13^2 + 9*13^3 + 12*13^4 + 12*13^5 + 4*13^6 + 3*13^7 + 2*13^8 + 12*13^9 + 10*13^10 + 10*13^11 + 2*13^12 + 12*13^13 + 5*13^14 + O(13^15) : 3 + 3*13 + 3*13^2 + 8*13^4 + 5*13^5 + 12*13^6 + 3*13^7 + 5*13^8 + 5*13^10 + 8*13^11 + 6*13^12 + 10*13^13 + 2*13^14 + O(13^16) : 1 + O(13^20))
   (4*13 + 12*13^2 + 10*13^3 + 12*13^5 + 11*13^7 + 5*13^8 + 7*13^9 + 6*13^10 + 8*13^11 + 6*13^12 + 5*13^13 + 10*13^14 + O(13^15) : 10 + 9*13 + 9*13^2 + 11*13^3 + 11*13^4 + 11*13^6 + 4*13^7 + 9*13^8 + 3*13^9 + 9*13^10 + 13^11 + 12*13^12 + 2*13^14 + 7*13^15 + O(13^16) : 1 + O(13^20))
   (4*13 + 12*13^2 + 10*13^3 + 12*13^5 + 11*13^7 + 5*13^8 + 7*13^9 + 6*13^10 + 8*13^11 + 6*13^12 + 5*13^13 + 10*13^14 + O(13^15) : 3 + 3*13 + 3*13^2 + 13^3 + 13^4 + 12*13^5 + 13^6 + 8*13^7 + 3*13^8 + 9*13^9 + 3*13^10 + 11*13^11 + 12*13^13 + 10*13^14 + 5*13^15 + O(13^16) : 1 + O(13^20))
   (4*13 + 3*13^2 + 10*13^3 + 5*13^4 + 3*13^5 + 10*13^6 + 7*13^7 + 9*13^8 + 7*13^9 + 13^10 + 4*13^11 + 11*13^12 + 13^13 + 10*13^14 + O(13^15) : 10 + 9*13 + 9*13^2 + 7*13^3 + 9*13^4 + 6*13^5 + 7*13^6 + 2*13^7 + 4*13^8 + 12*13^9 + 11*13^10 + 4*13^11 + 7*13^12 + 11*13^13 + 2*13^15 + O(13^16) : 1 + O(13^20))
   (4*13 + 3*13^2 + 10*13^3 + 5*13^4 + 3*13^5 + 10*13^6 + 7*13^7 + 9*13^8 + 7*13^9 + 13^10 + 4*13^11 + 11*13^12 + 13^13 + 10*13^14 + O(13^15) : 3 + 3*13 + 3*13^2 + 5*13^3 + 3*13^4 + 6*13^5 + 5*13^6 + 10*13^7 + 8*13^8 + 13^10 + 8*13^11 + 5*13^12 + 13^13 + 12*13^14 + 10*13^15 + O(13^16) : 1 + O(13^20))
   (4*13 + 5*13^2 + 6*13^3 + 9*13^4 + 10*13^5 + 8*13^6 + 10*13^7 + 4*13^8 + 9*13^9 + 11*13^10 + 2*13^11 + 6*13^12 + 6*13^13 + 10*13^14 + O(13^15) : 10 + 9*13 + 9*13^2 + 5*13^3 + 10*13^4 + 12*13^5 + 7*13^6 + 11*13^7 + 9*13^8 + 13^9 + 10*13^10 + 2*13^11 + 8*13^12 + 11*13^13 + 7*13^14 + 5*13^15 + O(13^16) : 1 + O(13^20))
   (4*13 + 5*13^2 + 6*13^3 + 9*13^4 + 10*13^5 + 8*13^6 + 10*13^7 + 4*13^8 + 9*13^9 + 11*13^10 + 2*13^11 + 6*13^12 + 6*13^13 + 10*13^14 + O(13^15) : 3 + 3*13 + 3*13^2 + 7*13^3 + 2*13^4 + 5*13^6 + 13^7 + 3*13^8 + 11*13^9 + 2*13^10 + 10*13^11 + 4*13^12 + 13^13 + 5*13^14 + 7*13^15 + O(13^16) : 1 + O(13^20))
   (4*13^-1 + 10 + 10*13 + 3*13^2 + 6*13^3 + 9*13^4 + 7*13^5 + 8*13^6 + 9*13^7 + 13^8 + 6*13^9 + 6*13^10 + 4*13^11 + 13^12 + 2*13^13 + 10*13^15 + O(13^16) : 12*13^-3 + 3*13^-2 + 12*13^-1 + 5 + 12*13 + 10*13^2 + 10*13^4 + 7*13^6 + 12*13^7 + 11*13^8 + 5*13^9 + 6*13^10 + 7*13^11 + 3*13^12 + 11*13^13 + O(13^14) : 1 + O(13^20))
   (4*13^-1 + 10 + 10*13 + 3*13^2 + 6*13^3 + 9*13^4 + 7*13^5 + 8*13^6 + 9*13^7 + 13^8 + 6*13^9 + 6*13^10 + 4*13^11 + 13^12 + 2*13^13 + 10*13^15 + O(13^16) : 13^-3 + 9*13^-2 + 7 + 2*13^2 + 12*13^3 + 2*13^4 + 12*13^5 + 5*13^6 + 13^8 + 7*13^9 + 6*13^10 + 5*13^11 + 9*13^12 + 13^13 + O(13^14) : 1 + O(13^20))
   (4*13^-1 + 11 + 10*13 + 8*13^2 + 11*13^3 + 2*13^4 + 6*13^5 + 12*13^6 + 3*13^7 + 10*13^8 + 6*13^9 + 7*13^10 + 13^11 + 10*13^13 + 3*13^14 + 12*13^15 + O(13^16) : 12*13^-3 + 12*13^-2 + 7*13^-1 + 10 + 13 + 9*13^2 + 12*13^3 + 5*13^4 + 10*13^5 + 13^6 + 10*13^7 + 8*13^8 + 13^9 + 5*13^10 + 8*13^11 + 6*13^12 + 10*13^13 + O(13^14) : 1 + O(13^20))
   (4*13^-1 + 11 + 10*13 + 8*13^2 + 11*13^3 + 2*13^4 + 6*13^5 + 12*13^6 + 3*13^7 + 10*13^8 + 6*13^9 + 7*13^10 + 13^11 + 10*13^13 + 3*13^14 + 12*13^15 + O(13^16) : 13^-3 + 5*13^-1 + 2 + 11*13 + 3*13^2 + 7*13^4 + 2*13^5 + 11*13^6 + 2*13^7 + 4*13^8 + 11*13^9 + 7*13^10 + 4*13^11 + 6*13^12 + 2*13^13 + O(13^14) : 1 + O(13^20))
   (4*13^-1 + 7 + 4*13 + 10*13^2 + 13^3 + 10*13^4 + 2*13^5 + 12*13^6 + 13^7 + 12*13^8 + 8*13^9 + 12*13^10 + 3*13^11 + 6*13^12 + 12*13^14 + 3*13^15 + O(13^16) : 12*13^-3 + 2*13^-2 + 11*13^-1 + 2*13 + 4*13^2 + 13^3 + 11*13^4 + 7*13^5 + 13^6 + 13^7 + 13^8 + 12*13^9 + 8*13^10 + 8*13^11 + 10*13^12 + 6*13^13 + O(13^14) : 1 + O(13^20))
   (4*13^-1 + 7 + 4*13 + 10*13^2 + 13^3 + 10*13^4 + 2*13^5 + 12*13^6 + 13^7 + 12*13^8 + 8*13^9 + 12*13^10 + 3*13^11 + 6*13^12 + 12*13^14 + 3*13^15 + O(13^16) : 13^-3 + 10*13^-2 + 13^-1 + 12 + 10*13 + 8*13^2 + 11*13^3 + 13^4 + 5*13^5 + 11*13^6 + 11*13^7 + 11*13^8 + 4*13^10 + 4*13^11 + 2*13^12 + 6*13^13 + O(13^14) : 1 + O(13^20))
   (4*13^-1 + 7 + 8*13 + 3*13^3 + 2*13^4 + 2*13^5 + 8*13^6 + 8*13^7 + 4*13^8 + 8*13^9 + 7*13^10 + 10*13^12 + 13^13 + 6*13^14 + 2*13^15 + O(13^16) : 12*13^-3 + 2*13^-2 + 8*13^-1 + 12 + 11*13 + 3*13^2 + 6*13^3 + 5*13^4 + 2*13^5 + 3*13^6 + 11*13^7 + 8*13^8 + 3*13^9 + 9*13^10 + 13^11 + 5*13^12 + 13^13 + O(13^14) : 1 + O(13^20))
   (4*13^-1 + 7 + 8*13 + 3*13^3 + 2*13^4 + 2*13^5 + 8*13^6 + 8*13^7 + 4*13^8 + 8*13^9 + 7*13^10 + 10*13^12 + 13^13 + 6*13^14 + 2*13^15 + O(13^16) : 13^-3 + 10*13^-2 + 4*13^-1 + 13 + 9*13^2 + 6*13^3 + 7*13^4 + 10*13^5 + 9*13^6 + 13^7 + 4*13^8 + 9*13^9 + 3*13^10 + 11*13^11 + 7*13^12 + 11*13^13 + O(13^14) : 1 + O(13^20))
   (5 + 10*13 + 11*13^2 + 5*13^3 + 6*13^4 + 7*13^5 + 2*13^6 + 13^7 + 10*13^8 + 12*13^9 + 9*13^10 + 3*13^12 + 6*13^13 + 12*13^14 + 2*13^15 + 11*13^16 + O(13^17) : 4 + 11*13 + 8*13^2 + 2*13^4 + 2*13^5 + 6*13^6 + 6*13^7 + 8*13^8 + 3*13^9 + 9*13^10 + 6*13^11 + 7*13^12 + 13^13 + 4*13^14 + 8*13^16 + O(13^17) : 1 + O(13^20))
   (5 + 10*13 + 11*13^2 + 5*13^3 + 6*13^4 + 7*13^5 + 2*13^6 + 13^7 + 10*13^8 + 12*13^9 + 9*13^10 + 3*13^12 + 6*13^13 + 12*13^14 + 2*13^15 + 11*13^16 + O(13^17) : 9 + 13 + 4*13^2 + 12*13^3 + 10*13^4 + 10*13^5 + 6*13^6 + 6*13^7 + 4*13^8 + 9*13^9 + 3*13^10 + 6*13^11 + 5*13^12 + 11*13^13 + 8*13^14 + 12*13^15 + 4*13^16 + O(13^17) : 1 + O(13^20))
   (5 + 10*13 + 7*13^2 + 13^3 + 7*13^4 + 11*13^5 + 2*13^6 + 10*13^7 + 10*13^8 + 2*13^9 + 4*13^10 + 12*13^12 + 6*13^13 + 8*13^14 + 2*13^15 + 3*13^16 + O(13^17) : 4 + 11*13 + 2*13^2 + 12*13^3 + 11*13^4 + 8*13^5 + 11*13^6 + 13^7 + 6*13^8 + 13^9 + 12*13^10 + 10*13^11 + 4*13^12 + 9*13^13 + 4*13^14 + 7*13^15 + O(13^17) : 1 + O(13^20))
   (5 + 10*13 + 7*13^2 + 13^3 + 7*13^4 + 11*13^5 + 2*13^6 + 10*13^7 + 10*13^8 + 2*13^9 + 4*13^10 + 12*13^12 + 6*13^13 + 8*13^14 + 2*13^15 + 3*13^16 + O(13^17) : 9 + 13 + 10*13^2 + 13^4 + 4*13^5 + 13^6 + 11*13^7 + 6*13^8 + 11*13^9 + 2*13^11 + 8*13^12 + 3*13^13 + 8*13^14 + 5*13^15 + 12*13^16 + O(13^17) : 1 + O(13^20))
   (5 + 10*13 + 7*13^2 + 2*13^3 + 11*13^4 + 6*13^5 + 9*13^6 + 2*13^7 + 5*13^8 + 11*13^9 + 9*13^10 + 8*13^11 + 2*13^12 + 9*13^13 + 12*13^14 + 12*13^15 + 6*13^16 + O(13^17) : 4 + 11*13 + 2*13^2 + 7*13^3 + 4*13^5 + 6*13^6 + 11*13^7 + 9*13^8 + 6*13^9 + 9*13^10 + 9*13^11 + 7*13^12 + 12*13^13 + 2*13^14 + 12*13^15 + 4*13^16 + O(13^17) : 1 + O(13^20))
   (5 + 10*13 + 7*13^2 + 2*13^3 + 11*13^4 + 6*13^5 + 9*13^6 + 2*13^7 + 5*13^8 + 11*13^9 + 9*13^10 + 8*13^11 + 2*13^12 + 9*13^13 + 12*13^14 + 12*13^15 + 6*13^16 + O(13^17) : 9 + 13 + 10*13^2 + 5*13^3 + 12*13^4 + 8*13^5 + 6*13^6 + 13^7 + 3*13^8 + 6*13^9 + 3*13^10 + 3*13^11 + 5*13^12 + 10*13^14 + 8*13^16 + O(13^17) : 1 + O(13^20))
   (5 + 10*13 + 8*13^2 + 11*13^3 + 9*13^4 + 2*13^5 + 10*13^6 + 13^7 + 4*13^8 + 5*13^9 + 10*13^10 + 8*13^11 + 12*13^13 + 9*13^15 + 6*13^16 + O(13^17) : 4 + 11*13 + 10*13^2 + 9*13^3 + 10*13^4 + 12*13^5 + 4*13^6 + 5*13^7 + 13^8 + 8*13^9 + 10*13^10 + 5*13^11 + 6*13^12 + 2*13^13 + 9*13^15 + 12*13^16 + O(13^17) : 1 + O(13^20))
   (5 + 10*13 + 8*13^2 + 11*13^3 + 9*13^4 + 2*13^5 + 10*13^6 + 13^7 + 4*13^8 + 5*13^9 + 10*13^10 + 8*13^11 + 12*13^13 + 9*13^15 + 6*13^16 + O(13^17) : 9 + 13 + 2*13^2 + 3*13^3 + 2*13^4 + 8*13^6 + 7*13^7 + 11*13^8 + 4*13^9 + 2*13^10 + 7*13^11 + 6*13^12 + 10*13^13 + 12*13^14 + 3*13^15 + O(13^17) : 1 + O(13^20))
   (5 + 11*13 + 2*13^2 + 8*13^5 + 8*13^6 + 11*13^7 + 7*13^8 + 3*13^9 + 12*13^10 + 7*13^11 + 4*13^13 + 3*13^14 + 12*13^15 + O(13^17) : 4 + 6*13 + 10*13^2 + 6*13^3 + 11*13^4 + 11*13^5 + 11*13^6 + 13^7 + 10*13^8 + 11*13^10 + 12*13^11 + 5*13^12 + 6*13^14 + 13^15 + 11*13^16 + O(13^17) : 1 + O(13^20))
   (5 + 11*13 + 2*13^2 + 8*13^5 + 8*13^6 + 11*13^7 + 7*13^8 + 3*13^9 + 12*13^10 + 7*13^11 + 4*13^13 + 3*13^14 + 12*13^15 + O(13^17) : 9 + 6*13 + 2*13^2 + 6*13^3 + 13^4 + 13^5 + 13^6 + 11*13^7 + 2*13^8 + 12*13^9 + 13^10 + 7*13^12 + 12*13^13 + 6*13^14 + 11*13^15 + 13^16 + O(13^17) : 1 + O(13^20))
   (5 + 11*13 + 6*13^2 + 4*13^3 + 5*13^4 + 10*13^5 + 5*13^6 + 11*13^7 + 7*13^8 + 2*13^9 + 12*13^10 + 7*13^11 + 12*13^12 + 5*13^13 + 7*13^14 + 11*13^15 + 10*13^16 + O(13^17) : 4 + 6*13 + 3*13^2 + 8*13^3 + 11*13^4 + 11*13^5 + 6*13^6 + 9*13^8 + 10*13^9 + 6*13^10 + 10*13^12 + 8*13^13 + 8*13^14 + 13^15 + O(13^17) : 1 + O(13^20))
   (5 + 11*13 + 6*13^2 + 4*13^3 + 5*13^4 + 10*13^5 + 5*13^6 + 11*13^7 + 7*13^8 + 2*13^9 + 12*13^10 + 7*13^11 + 12*13^12 + 5*13^13 + 7*13^14 + 11*13^15 + 10*13^16 + O(13^17) : 9 + 6*13 + 9*13^2 + 4*13^3 + 13^4 + 13^5 + 6*13^6 + 12*13^7 + 3*13^8 + 2*13^9 + 6*13^10 + 12*13^11 + 2*13^12 + 4*13^13 + 4*13^14 + 11*13^15 + 12*13^16 + O(13^17) : 1 + O(13^20))
   (5 + 11*13 + 7*13^2 + 11*13^3 + 9*13^4 + 8*13^5 + 9*13^6 + 10*13^7 + 2*13^8 + 2*13^9 + 6*13^10 + 5*13^11 + 13^12 + 11*13^13 + 7*13^14 + 10*13^15 + O(13^17) : 4 + 6*13 + 11*13^2 + 7*13^3 + 10*13^4 + 13^5 + 9*13^6 + 8*13^7 + 3*13^8 + 7*13^9 + 5*13^10 + 6*13^11 + 5*13^12 + 3*13^13 + 12*13^14 + 8*13^15 + 11*13^16 + O(13^17) : 1 + O(13^20))
   (5 + 11*13 + 7*13^2 + 11*13^3 + 9*13^4 + 8*13^5 + 9*13^6 + 10*13^7 + 2*13^8 + 2*13^9 + 6*13^10 + 5*13^11 + 13^12 + 11*13^13 + 7*13^14 + 10*13^15 + O(13^17) : 9 + 6*13 + 13^2 + 5*13^3 + 2*13^4 + 11*13^5 + 3*13^6 + 4*13^7 + 9*13^8 + 5*13^9 + 7*13^10 + 6*13^11 + 7*13^12 + 9*13^13 + 4*13^15 + 13^16 + O(13^17) : 1 + O(13^20))
   (5 + 11*13 + 9*13^2 + 12*13^3 + 10*13^4 + 2*13^5 + 6*13^6 + 8*13^7 + 12*13^8 + 11*13^9 + 12*13^10 + 4*13^11 + 4*13^12 + 12*13^13 + 7*13^14 + 3*13^15 + 2*13^16 + O(13^17) : 4 + 6*13 + 13^2 + 7*13^3 + 9*13^4 + 12*13^5 + 6*13^6 + 3*13^7 + 12*13^8 + 4*13^9 + 4*13^10 + 13^11 + 13^13 + 2*13^14 + 5*13^15 + 13^16 + O(13^17) : 1 + O(13^20))
   (5 + 11*13 + 9*13^2 + 12*13^3 + 10*13^4 + 2*13^5 + 6*13^6 + 8*13^7 + 12*13^8 + 11*13^9 + 12*13^10 + 4*13^11 + 4*13^12 + 12*13^13 + 7*13^14 + 3*13^15 + 2*13^16 + O(13^17) : 9 + 6*13 + 11*13^2 + 5*13^3 + 3*13^4 + 6*13^6 + 9*13^7 + 8*13^9 + 8*13^10 + 11*13^11 + 12*13^12 + 11*13^13 + 10*13^14 + 7*13^15 + 11*13^16 + O(13^17) : 1 + O(13^20))
   (5 + 13 + 2*13^2 + 3*13^3 + 7*13^4 + 7*13^5 + 12*13^6 + 10*13^7 + 8*13^8 + 10*13^9 + 10*13^10 + 12*13^11 + 5*13^12 + 10*13^13 + 12*13^14 + 12*13^15 + 10*13^16 + O(13^17) : 4 + 4*13 + 2*13^2 + 5*13^3 + 13^4 + 11*13^5 + 10*13^6 + 13^7 + 6*13^8 + 2*13^9 + 4*13^10 + 5*13^11 + 5*13^12 + 6*13^13 + 4*13^14 + 7*13^15 + 7*13^16 + O(13^17) : 1 + O(13^20))
   (5 + 13 + 2*13^2 + 3*13^3 + 7*13^4 + 7*13^5 + 12*13^6 + 10*13^7 + 8*13^8 + 10*13^9 + 10*13^10 + 12*13^11 + 5*13^12 + 10*13^13 + 12*13^14 + 12*13^15 + 10*13^16 + O(13^17) : 9 + 8*13 + 10*13^2 + 7*13^3 + 11*13^4 + 13^5 + 2*13^6 + 11*13^7 + 6*13^8 + 10*13^9 + 8*13^10 + 7*13^11 + 7*13^12 + 6*13^13 + 8*13^14 + 5*13^15 + 5*13^16 + O(13^17) : 1 + O(13^20))
   (5 + 13 + 5*13^2 + 5*13^3 + 12*13^4 + 3*13^5 + 13^6 + 8*13^8 + 12*13^9 + 13^10 + 3*13^11 + 8*13^12 + 9*13^13 + 12*13^16 + O(13^17) : 4 + 4*13 + 8*13^3 + 3*13^4 + 8*13^5 + 4*13^7 + 13^8 + 2*13^9 + 8*13^10 + 13^11 + 9*13^12 + 9*13^13 + 10*13^14 + 2*13^15 + 5*13^16 + O(13^17) : 1 + O(13^20))
   (5 + 13 + 5*13^2 + 5*13^3 + 12*13^4 + 3*13^5 + 13^6 + 8*13^8 + 12*13^9 + 13^10 + 3*13^11 + 8*13^12 + 9*13^13 + 12*13^16 + O(13^17) : 9 + 8*13 + 12*13^2 + 4*13^3 + 9*13^4 + 4*13^5 + 12*13^6 + 8*13^7 + 11*13^8 + 10*13^9 + 4*13^10 + 11*13^11 + 3*13^12 + 3*13^13 + 2*13^14 + 10*13^15 + 7*13^16 + O(13^17) : 1 + O(13^20))
   (5 + 13 + 6*13^2 + 8*13^3 + 2*13^4 + 12*13^5 + 9*13^7 + 4*13^8 + 13^9 + 3*13^10 + 9*13^11 + 8*13^12 + 11*13^13 + 9*13^14 + 12*13^15 + 10*13^16 + O(13^17) : 4 + 4*13 + 8*13^2 + 13^3 + 9*13^4 + 12*13^5 + 3*13^6 + 9*13^7 + 11*13^8 + 13^9 + 2*13^10 + 10*13^11 + 3*13^12 + 9*13^13 + 6*13^14 + 2*13^15 + 5*13^16 + O(13^17) : 1 + O(13^20))
   (5 + 13 + 6*13^2 + 8*13^3 + 2*13^4 + 12*13^5 + 9*13^7 + 4*13^8 + 13^9 + 3*13^10 + 9*13^11 + 8*13^12 + 11*13^13 + 9*13^14 + 12*13^15 + 10*13^16 + O(13^17) : 9 + 8*13 + 4*13^2 + 11*13^3 + 3*13^4 + 9*13^6 + 3*13^7 + 13^8 + 11*13^9 + 10*13^10 + 2*13^11 + 9*13^12 + 3*13^13 + 6*13^14 + 10*13^15 + 7*13^16 + O(13^17) : 1 + O(13^20))
   (5 + 13 + 6*13^2 + 9*13^3 + 8*13^5 + 11*13^6 + 4*13^7 + 11*13^8 + 3*13^9 + 4*13^10 + 9*13^11 + 9*13^12 + 10*13^13 + 9*13^14 + 6*13^15 + 11*13^16 + O(13^17) : 4 + 4*13 + 8*13^2 + 9*13^3 + 13^4 + 10*13^5 + 8*13^6 + 4*13^7 + 7*13^8 + 5*13^9 + 12*13^10 + 8*13^12 + 12*13^13 + 7*13^14 + 9*13^15 + 2*13^16 + O(13^17) : 1 + O(13^20))
   (5 + 13 + 6*13^2 + 9*13^3 + 8*13^5 + 11*13^6 + 4*13^7 + 11*13^8 + 3*13^9 + 4*13^10 + 9*13^11 + 9*13^12 + 10*13^13 + 9*13^14 + 6*13^15 + 11*13^16 + O(13^17) : 9 + 8*13 + 4*13^2 + 3*13^3 + 11*13^4 + 2*13^5 + 4*13^6 + 8*13^7 + 5*13^8 + 7*13^9 + 12*13^11 + 4*13^12 + 5*13^14 + 3*13^15 + 10*13^16 + O(13^17) : 1 + O(13^20))
   (5 + 2*13 + 11*13^2 + 12*13^4 + 6*13^5 + 13^6 + 7*13^7 + 8*13^8 + 5*13^9 + 6*13^10 + 10*13^11 + 11*13^12 + 12*13^13 + 11*13^14 + 13^15 + 9*13^16 + O(13^17) : 4 + 12*13 + 4*13^2 + 9*13^3 + 9*13^4 + 4*13^6 + 6*13^7 + 4*13^8 + 10*13^9 + 9*13^10 + 2*13^11 + 6*13^12 + 10*13^13 + 10*13^14 + 10*13^15 + 12*13^16 + O(13^17) : 1 + O(13^20))
   (5 + 2*13 + 11*13^2 + 12*13^4 + 6*13^5 + 13^6 + 7*13^7 + 8*13^8 + 5*13^9 + 6*13^10 + 10*13^11 + 11*13^12 + 12*13^13 + 11*13^14 + 13^15 + 9*13^16 + O(13^17) : 9 + 8*13^2 + 3*13^3 + 3*13^4 + 12*13^5 + 8*13^6 + 6*13^7 + 8*13^8 + 2*13^9 + 3*13^10 + 10*13^11 + 6*13^12 + 2*13^13 + 2*13^14 + 2*13^15 + O(13^17) : 1 + O(13^20))
   (5 + 2*13 + 2*13^2 + 8*13^3 + 3*13^4 + 9*13^5 + 12*13^6 + 2*13^7 + 4*13^8 + 5*13^10 + 2*13^11 + 3*13^12 + 8*13^13 + 4*13^14 + 3*13^15 + O(13^17) : 4 + 12*13 + 10*13^2 + 8*13^3 + 6*13^4 + 12*13^5 + 8*13^7 + 13^8 + 11*13^9 + 10*13^10 + 4*13^11 + 2*13^12 + 7*13^13 + 5*13^14 + 11*13^15 + 5*13^16 + O(13^17) : 1 + O(13^20))
   (5 + 2*13 + 2*13^2 + 8*13^3 + 3*13^4 + 9*13^5 + 12*13^6 + 2*13^7 + 4*13^8 + 5*13^10 + 2*13^11 + 3*13^12 + 8*13^13 + 4*13^14 + 3*13^15 + O(13^17) : 9 + 2*13^2 + 4*13^3 + 6*13^4 + 12*13^6 + 4*13^7 + 11*13^8 + 13^9 + 2*13^10 + 8*13^11 + 10*13^12 + 5*13^13 + 7*13^14 + 13^15 + 7*13^16 + O(13^17) : 1 + O(13^20))
   (5 + 2*13 + 3*13^2 + 2*13^4 + 3*13^6 + 10*13^7 + 2*13^8 + 11*13^9 + 9*13^10 + 10*13^11 + 10*13^12 + 12*13^13 + 10*13^14 + 4*13^15 + O(13^17) : 4 + 12*13 + 5*13^2 + 5*13^3 + 3*13^4 + 7*13^5 + 11*13^6 + 13^7 + 8*13^8 + 2*13^9 + 9*13^10 + 5*13^11 + 3*13^12 + 12*13^13 + 7*13^14 + 11*13^16 + O(13^17) : 1 + O(13^20))
   (5 + 2*13 + 3*13^2 + 2*13^4 + 3*13^6 + 10*13^7 + 2*13^8 + 11*13^9 + 9*13^10 + 10*13^11 + 10*13^12 + 12*13^13 + 10*13^14 + 4*13^15 + O(13^17) : 9 + 7*13^2 + 7*13^3 + 9*13^4 + 5*13^5 + 13^6 + 11*13^7 + 4*13^8 + 10*13^9 + 3*13^10 + 7*13^11 + 9*13^12 + 5*13^14 + 12*13^15 + 13^16 + O(13^17) : 1 + O(13^20))
   (5 + 2*13 + 5*13^2 + 11*13^3 + 7*13^4 + 11*13^5 + 8*13^6 + 10*13^7 + 11*13^8 + 3*13^9 + 12*13^10 + 3*13^11 + 12*13^13 + 10*13^14 + 12*13^15 + 7*13^16 + O(13^17) : 4 + 12*13 + 8*13^2 + 6*13^3 + 12*13^4 + 10*13^6 + 9*13^7 + 13^8 + 6*13^9 + 10*13^10 + 10*13^11 + 11*13^13 + 11*13^14 + 3*13^15 + 4*13^16 + O(13^17) : 1 + O(13^20))
   (5 + 2*13 + 5*13^2 + 11*13^3 + 7*13^4 + 11*13^5 + 8*13^6 + 10*13^7 + 11*13^8 + 3*13^9 + 12*13^10 + 3*13^11 + 12*13^13 + 10*13^14 + 12*13^15 + 7*13^16 + O(13^17) : 9 + 4*13^2 + 6*13^3 + 12*13^5 + 2*13^6 + 3*13^7 + 11*13^8 + 6*13^9 + 2*13^10 + 2*13^11 + 12*13^12 + 13^13 + 13^14 + 9*13^15 + 8*13^16 + O(13^17) : 1 + O(13^20))
   (5 + 2*13 + 7*13^2 + 5*13^3 + 8*13^4 + 5*13^5 + 2*13^6 + 5*13^7 + 13^9 + 3*13^10 + 5*13^11 + 12*13^12 + 6*13^13 + 13^14 + 8*13^15 + 12*13^16 + O(13^17) : 4 + 12*13 + 11*13^2 + 13^3 + 12*13^4 + 7*13^5 + 12*13^6 + 6*13^8 + 3*13^9 + 3*13^10 + 8*13^11 + 10*13^13 + 11*13^14 + 6*13^15 + 3*13^16 + O(13^17) : 1 + O(13^20))
   (5 + 2*13 + 7*13^2 + 5*13^3 + 8*13^4 + 5*13^5 + 2*13^6 + 5*13^7 + 13^9 + 3*13^10 + 5*13^11 + 12*13^12 + 6*13^13 + 13^14 + 8*13^15 + 12*13^16 + O(13^17) : 9 + 13^2 + 11*13^3 + 5*13^5 + 12*13^7 + 6*13^8 + 9*13^9 + 9*13^10 + 4*13^11 + 12*13^12 + 2*13^13 + 13^14 + 6*13^15 + 9*13^16 + O(13^17) : 1 + O(13^20))
   (5 + 2*13 + 9*13^2 + 6*13^3 + 10*13^4 + 2*13^5 + 2*13^6 + 12*13^7 + 6*13^8 + 11*13^9 + 7*13^10 + 8*13^11 + 4*13^13 + 11*13^14 + 2*13^15 + 7*13^16 + O(13^17) : 4 + 12*13 + 13^2 + 13^3 + 2*13^4 + 10*13^5 + 5*13^6 + 2*13^7 + 13^8 + 5*13^9 + 6*13^10 + 10*13^12 + 7*13^14 + 12*13^15 + 5*13^16 + O(13^17) : 1 + O(13^20))
   (5 + 2*13 + 9*13^2 + 6*13^3 + 10*13^4 + 2*13^5 + 2*13^6 + 12*13^7 + 6*13^8 + 11*13^9 + 7*13^10 + 8*13^11 + 4*13^13 + 11*13^14 + 2*13^15 + 7*13^16 + O(13^17) : 9 + 11*13^2 + 11*13^3 + 10*13^4 + 2*13^5 + 7*13^6 + 10*13^7 + 11*13^8 + 7*13^9 + 6*13^10 + 12*13^11 + 2*13^12 + 12*13^13 + 5*13^14 + 7*13^16 + O(13^17) : 1 + O(13^20))
   (5 + 2*13^2 + 8*13^3 + 7*13^4 + 9*13^5 + 12*13^7 + 2*13^8 + 11*13^9 + 4*13^11 + 11*13^12 + 6*13^13 + 10*13^14 + 2*13^15 + O(13^17) : 4 + 9*13 + 6*13^2 + 10*13^3 + 5*13^5 + 12*13^6 + 2*13^7 + 6*13^8 + 12*13^9 + 9*13^10 + 8*13^11 + 4*13^12 + 6*13^13 + 9*13^14 + 6*13^15 + O(13^17) : 1 + O(13^20))
   (5 + 2*13^2 + 8*13^3 + 7*13^4 + 9*13^5 + 12*13^7 + 2*13^8 + 11*13^9 + 4*13^11 + 11*13^12 + 6*13^13 + 10*13^14 + 2*13^15 + O(13^17) : 9 + 3*13 + 6*13^2 + 2*13^3 + 12*13^4 + 7*13^5 + 10*13^7 + 6*13^8 + 3*13^10 + 4*13^11 + 8*13^12 + 6*13^13 + 3*13^14 + 6*13^15 + 12*13^16 + O(13^17) : 1 + O(13^20))
   (5 + 3*13 + 11*13^2 + 6*13^3 + 11*13^4 + 10*13^5 + 5*13^6 + 9*13^7 + 9*13^9 + 4*13^10 + 4*13^11 + 3*13^12 + 4*13^13 + 10*13^14 + 5*13^15 + 3*13^16 + O(13^17) : 4 + 7*13 + 3*13^3 + 2*13^4 + 12*13^5 + 11*13^6 + 5*13^7 + 6*13^9 + 11*13^10 + 7*13^11 + 9*13^12 + 13^13 + 11*13^14 + 4*13^15 + 12*13^16 + O(13^17) : 1 + O(13^20))
   (5 + 3*13 + 11*13^2 + 6*13^3 + 11*13^4 + 10*13^5 + 5*13^6 + 9*13^7 + 9*13^9 + 4*13^10 + 4*13^11 + 3*13^12 + 4*13^13 + 10*13^14 + 5*13^15 + 3*13^16 + O(13^17) : 9 + 5*13 + 12*13^2 + 9*13^3 + 10*13^4 + 13^6 + 7*13^7 + 12*13^8 + 6*13^9 + 13^10 + 5*13^11 + 3*13^12 + 11*13^13 + 13^14 + 8*13^15 + O(13^17) : 1 + O(13^20))
   (5 + 3*13 + 12*13^2 + 9*13^3 + 11*13^4 + 2*13^5 + 13^6 + 2*13^7 + 9*13^9 + 9*13^10 + 7*13^11 + 10*13^12 + 4*13^13 + 11*13^14 + 13^15 + O(13^17) : 4 + 7*13 + 8*13^2 + 9*13^3 + 12*13^4 + 8*13^5 + 2*13^6 + 9*13^7 + 11*13^8 + 12*13^9 + 9*13^10 + 3*13^11 + 9*13^12 + 7*13^13 + 4*13^14 + 7*13^15 + 8*13^16 + O(13^17) : 1 + O(13^20))
   (5 + 3*13 + 12*13^2 + 9*13^3 + 11*13^4 + 2*13^5 + 13^6 + 2*13^7 + 9*13^9 + 9*13^10 + 7*13^11 + 10*13^12 + 4*13^13 + 11*13^14 + 13^15 + O(13^17) : 9 + 5*13 + 4*13^2 + 3*13^3 + 4*13^5 + 10*13^6 + 3*13^7 + 13^8 + 3*13^10 + 9*13^11 + 3*13^12 + 5*13^13 + 8*13^14 + 5*13^15 + 4*13^16 + O(13^17) : 1 + O(13^20))
   (5 + 3*13 + 13^2 + 5*13^3 + 2*13^4 + 5*13^5 + 10*13^6 + 6*13^7 + 11*13^8 + 11*13^9 + 4*13^10 + 8*13^11 + 3*13^12 + 9*13^13 + 12*13^14 + 7*13^15 + 3*13^16 + O(13^17) : 4 + 7*13 + 11*13^2 + 12*13^3 + 9*13^4 + 12*13^5 + 8*13^6 + 6*13^7 + 8*13^8 + 11*13^9 + 12*13^10 + 4*13^11 + 7*13^12 + 9*13^13 + 6*13^14 + 7*13^15 + O(13^17) : 1 + O(13^20))
   (5 + 3*13 + 13^2 + 5*13^3 + 2*13^4 + 5*13^5 + 10*13^6 + 6*13^7 + 11*13^8 + 11*13^9 + 4*13^10 + 8*13^11 + 3*13^12 + 9*13^13 + 12*13^14 + 7*13^15 + 3*13^16 + O(13^17) : 9 + 5*13 + 13^2 + 3*13^4 + 4*13^6 + 6*13^7 + 4*13^8 + 13^9 + 8*13^11 + 5*13^12 + 3*13^13 + 6*13^14 + 5*13^15 + 12*13^16 + O(13^17) : 1 + O(13^20))
   (5 + 3*13 + 3*13^2 + 10*13^3 + 7*13^4 + 4*13^5 + 13^6 + 6*13^7 + 7*13^8 + 10*13^9 + 7*13^10 + 7*13^12 + 8*13^13 + 6*13^14 + 12*13^15 + 2*13^16 + O(13^17) : 4 + 7*13 + 13^2 + 5*13^3 + 10*13^4 + 11*13^6 + 6*13^7 + 9*13^8 + 3*13^9 + 6*13^10 + 13^11 + 12*13^12 + 5*13^13 + 6*13^15 + 4*13^16 + O(13^17) : 1 + O(13^20))
   (5 + 3*13 + 3*13^2 + 10*13^3 + 7*13^4 + 4*13^5 + 13^6 + 6*13^7 + 7*13^8 + 10*13^9 + 7*13^10 + 7*13^12 + 8*13^13 + 6*13^14 + 12*13^15 + 2*13^16 + O(13^17) : 9 + 5*13 + 11*13^2 + 7*13^3 + 2*13^4 + 12*13^5 + 13^6 + 6*13^7 + 3*13^8 + 9*13^9 + 6*13^10 + 11*13^11 + 7*13^13 + 12*13^14 + 6*13^15 + 8*13^16 + O(13^17) : 1 + O(13^20))
   (5 + 3*13 + 4*13^2 + 4*13^3 + 9*13^4 + 2*13^5 + 7*13^6 + 6*13^7 + 5*13^8 + 2*13^9 + 10*13^10 + 11*13^11 + 7*13^12 + 6*13^13 + 5*13^14 + 5*13^15 + 5*13^16 + O(13^17) : 4 + 7*13 + 9*13^2 + 4*13^3 + 11*13^4 + 11*13^5 + 5*13^6 + 6*13^7 + 4*13^8 + 5*13^9 + 10*13^10 + 11*13^11 + 12*13^12 + 13^13 + 4*13^14 + 10*13^15 + 6*13^16 + O(13^17) : 1 + O(13^20))
   (5 + 3*13 + 4*13^2 + 4*13^3 + 9*13^4 + 2*13^5 + 7*13^6 + 6*13^7 + 5*13^8 + 2*13^9 + 10*13^10 + 11*13^11 + 7*13^12 + 6*13^13 + 5*13^14 + 5*13^15 + 5*13^16 + O(13^17) : 9 + 5*13 + 3*13^2 + 8*13^3 + 13^4 + 13^5 + 7*13^6 + 6*13^7 + 8*13^8 + 7*13^9 + 2*13^10 + 13^11 + 11*13^13 + 8*13^14 + 2*13^15 + 6*13^16 + O(13^17) : 1 + O(13^20))
   (5 + 3*13 + 6*13^2 + 7*13^3 + 12*13^4 + 7*13^5 + 4*13^6 + 12*13^7 + 7*13^8 + 10*13^9 + 11*13^10 + 8*13^11 + 5*13^12 + 13^13 + 12*13^14 + 6*13^15 + 3*13^16 + O(13^17) : 4 + 7*13 + 12*13^2 + 6*13^3 + 4*13^4 + 11*13^5 + 13^6 + 8*13^7 + 6*13^8 + 10*13^9 + 13^10 + 6*13^11 + 9*13^15 + 8*13^16 + O(13^17) : 1 + O(13^20))
   (5 + 3*13 + 6*13^2 + 7*13^3 + 12*13^4 + 7*13^5 + 4*13^6 + 12*13^7 + 7*13^8 + 10*13^9 + 11*13^10 + 8*13^11 + 5*13^12 + 13^13 + 12*13^14 + 6*13^15 + 3*13^16 + O(13^17) : 9 + 5*13 + 6*13^3 + 8*13^4 + 13^5 + 11*13^6 + 4*13^7 + 6*13^8 + 2*13^9 + 11*13^10 + 6*13^11 + 12*13^12 + 12*13^13 + 12*13^14 + 3*13^15 + 4*13^16 + O(13^17) : 1 + O(13^20))
   (5 + 4*13 + 13^2 + 10*13^3 + 10*13^4 + 13^5 + 7*13^6 + 12*13^7 + 9*13^8 + 3*13^9 + 2*13^10 + 9*13^11 + 11*13^12 + 2*13^13 + 6*13^14 + 6*13^15 + 3*13^16 + O(13^17) : 4 + 2*13 + 7*13^2 + 7*13^3 + 2*13^4 + 4*13^5 + 4*13^6 + 13^7 + 12*13^8 + 11*13^9 + 7*13^10 + 10*13^11 + 7*13^13 + 4*13^14 + 11*13^15 + 11*13^16 + O(13^17) : 1 + O(13^20))
   (5 + 4*13 + 13^2 + 10*13^3 + 10*13^4 + 13^5 + 7*13^6 + 12*13^7 + 9*13^8 + 3*13^9 + 2*13^10 + 9*13^11 + 11*13^12 + 2*13^13 + 6*13^14 + 6*13^15 + 3*13^16 + O(13^17) : 9 + 10*13 + 5*13^2 + 5*13^3 + 10*13^4 + 8*13^5 + 8*13^6 + 11*13^7 + 13^9 + 5*13^10 + 2*13^11 + 12*13^12 + 5*13^13 + 8*13^14 + 13^15 + 13^16 + O(13^17) : 1 + O(13^20))
   (5 + 4*13 + 3*13^2 + 4*13^4 + 13^5 + 8*13^6 + 11*13^7 + 13^8 + 7*13^9 + 12*13^10 + 5*13^11 + 13^13 + 9*13^14 + 9*13^15 + 13^16 + O(13^17) : 4 + 2*13 + 10*13^2 + 9*13^3 + 12*13^4 + 8*13^5 + 13^6 + 8*13^7 + 11*13^8 + 9*13^9 + 12*13^10 + 5*13^12 + 6*13^13 + 6*13^14 + 2*13^15 + 2*13^16 + O(13^17) : 1 + O(13^20))
   (5 + 4*13 + 3*13^2 + 4*13^4 + 13^5 + 8*13^6 + 11*13^7 + 13^8 + 7*13^9 + 12*13^10 + 5*13^11 + 13^13 + 9*13^14 + 9*13^15 + 13^16 + O(13^17) : 9 + 10*13 + 2*13^2 + 3*13^3 + 4*13^5 + 11*13^6 + 4*13^7 + 13^8 + 3*13^9 + 12*13^11 + 7*13^12 + 6*13^13 + 6*13^14 + 10*13^15 + 10*13^16 + O(13^17) : 1 + O(13^20))
   (5 + 4*13 + 4*13^2 + 13^3 + 11*13^4 + 11*13^5 + 4*13^6 + 12*13^7 + 4*13^8 + 4*13^9 + 13^10 + 11*13^11 + 6*13^12 + 4*13^13 + 9*13^14 + 5*13^15 + 12*13^16 + O(13^17) : 4 + 2*13 + 5*13^2 + 8*13^5 + 4*13^6 + 12*13^7 + 6*13^8 + 7*13^9 + 9*13^11 + 12*13^12 + 3*13^15 + O(13^17) : 1 + O(13^20))
   (5 + 4*13 + 4*13^2 + 13^3 + 11*13^4 + 11*13^5 + 4*13^6 + 12*13^7 + 4*13^8 + 4*13^9 + 13^10 + 11*13^11 + 6*13^12 + 4*13^13 + 9*13^14 + 5*13^15 + 12*13^16 + O(13^17) : 9 + 10*13 + 7*13^2 + 12*13^3 + 12*13^4 + 4*13^5 + 8*13^6 + 6*13^8 + 5*13^9 + 12*13^10 + 3*13^11 + 12*13^13 + 12*13^14 + 9*13^15 + 12*13^16 + O(13^17) : 1 + O(13^20))
   (5 + 4*13 + 5*13^2 + 2*13^4 + 5*13^5 + 8*13^6 + 8*13^8 + 12*13^9 + 5*13^10 + 6*13^12 + 12*13^15 + O(13^17) : 4 + 2*13 + 13^3 + 11*13^4 + 9*13^5 + 3*13^7 + 12*13^8 + 4*13^9 + 11*13^10 + 9*13^11 + 8*13^12 + 7*13^13 + 11*13^14 + 3*13^15 + 12*13^16 + O(13^17) : 1 + O(13^20))
   (5 + 4*13 + 5*13^2 + 2*13^4 + 5*13^5 + 8*13^6 + 8*13^8 + 12*13^9 + 5*13^10 + 6*13^12 + 12*13^15 + O(13^17) : 9 + 10*13 + 12*13^2 + 11*13^3 + 13^4 + 3*13^5 + 12*13^6 + 9*13^7 + 8*13^9 + 13^10 + 3*13^11 + 4*13^12 + 5*13^13 + 13^14 + 9*13^15 + O(13^17) : 1 + O(13^20))
   (5 + 4*13 + 5*13^2 + 3*13^3 + 10*13^4 + 5*13^5 + 13^6 + 6*13^7 + 8*13^8 + 7*13^9 + 11*13^10 + 10*13^11 + 3*13^12 + 6*13^13 + 4*13^14 + 7*13^15 + O(13^17) : 4 + 2*13 + 12*13^3 + 9*13^4 + 2*13^5 + 11*13^6 + 12*13^7 + 12*13^8 + 5*13^9 + 3*13^10 + 3*13^11 + 8*13^12 + 12*13^13 + 12*13^14 + 2*13^15 + O(13^17) : 1 + O(13^20))
   (5 + 4*13 + 5*13^2 + 3*13^3 + 10*13^4 + 5*13^5 + 13^6 + 6*13^7 + 8*13^8 + 7*13^9 + 11*13^10 + 10*13^11 + 3*13^12 + 6*13^13 + 4*13^14 + 7*13^15 + O(13^17) : 9 + 10*13 + 12*13^2 + 3*13^4 + 10*13^5 + 13^6 + 7*13^9 + 9*13^10 + 9*13^11 + 4*13^12 + 10*13^15 + 12*13^16 + O(13^17) : 1 + O(13^20))
   (5 + 4*13 + 6*13^2 + 11*13^3 + 10*13^4 + 6*13^5 + 9*13^6 + 7*13^7 + 6*13^8 + 12*13^9 + 5*13^11 + 8*13^12 + 2*13^13 + 4*13^14 + 10*13^15 + 6*13^16 + O(13^17) : 4 + 2*13 + 8*13^2 + 6*13^3 + 13^4 + 11*13^5 + 11*13^6 + 6*13^7 + 13^8 + 2*13^9 + 5*13^10 + 4*13^11 + 10*13^12 + 2*13^13 + 6*13^14 + 9*13^15 + 5*13^16 + O(13^17) : 1 + O(13^20))
   (5 + 4*13 + 6*13^2 + 11*13^3 + 10*13^4 + 6*13^5 + 9*13^6 + 7*13^7 + 6*13^8 + 12*13^9 + 5*13^11 + 8*13^12 + 2*13^13 + 4*13^14 + 10*13^15 + 6*13^16 + O(13^17) : 9 + 10*13 + 4*13^2 + 6*13^3 + 11*13^4 + 13^5 + 13^6 + 6*13^7 + 11*13^8 + 10*13^9 + 7*13^10 + 8*13^11 + 2*13^12 + 10*13^13 + 6*13^14 + 3*13^15 + 7*13^16 + O(13^17) : 1 + O(13^20))
   (5 + 4*13^2 + 3*13^3 + 10*13^4 + 10*13^5 + 10*13^6 + 13^7 + 8*13^8 + 13^9 + 2*13^10 + 3*13^11 + 9*13^12 + 11*13^14 + 2*13^15 + 10*13^16 + O(13^17) : 4 + 9*13 + 9*13^2 + 10*13^4 + 7*13^5 + 12*13^6 + 7*13^7 + 7*13^8 + 12*13^9 + 11*13^10 + 3*13^13 + 10*13^14 + 4*13^15 + 9*13^16 + O(13^17) : 1 + O(13^20))
   (5 + 4*13^2 + 3*13^3 + 10*13^4 + 10*13^5 + 10*13^6 + 13^7 + 8*13^8 + 13^9 + 2*13^10 + 3*13^11 + 9*13^12 + 11*13^14 + 2*13^15 + 10*13^16 + O(13^17) : 9 + 3*13 + 3*13^2 + 12*13^3 + 2*13^4 + 5*13^5 + 5*13^7 + 5*13^8 + 13^10 + 12*13^11 + 12*13^12 + 9*13^13 + 2*13^14 + 8*13^15 + 3*13^16 + O(13^17) : 1 + O(13^20))
   (5 + 5*13 + 12*13^2 + 13^3 + 4*13^4 + 11*13^5 + 3*13^6 + 6*13^7 + 7*13^8 + 12*13^9 + 4*13^10 + 5*13^11 + 7*13^12 + 4*13^13 + 10*13^14 + 11*13^15 + O(13^17) : 4 + 10*13 + 12*13^2 + 7*13^3 + 8*13^4 + 2*13^5 + 3*13^6 + 12*13^7 + 5*13^8 + 12*13^9 + 10*13^10 + 11*13^11 + 9*13^12 + 12*13^13 + 8*13^14 + 2*13^15 + 6*13^16 + O(13^17) : 1 + O(13^20))
   (5 + 5*13 + 12*13^2 + 13^3 + 4*13^4 + 11*13^5 + 3*13^6 + 6*13^7 + 7*13^8 + 12*13^9 + 4*13^10 + 5*13^11 + 7*13^12 + 4*13^13 + 10*13^14 + 11*13^15 + O(13^17) : 9 + 2*13 + 5*13^3 + 4*13^4 + 10*13^5 + 9*13^6 + 7*13^8 + 2*13^10 + 13^11 + 3*13^12 + 4*13^14 + 10*13^15 + 6*13^16 + O(13^17) : 1 + O(13^20))
   (5 + 5*13 + 2*13^2 + 11*13^3 + 10*13^4 + 11*13^5 + 8*13^6 + 10*13^7 + 3*13^8 + 11*13^9 + 11*13^10 + 2*13^11 + 9*13^12 + 8*13^13 + 13^14 + 4*13^15 + 12*13^16 + O(13^17) : 4 + 10*13 + 10*13^2 + 13^3 + 5*13^4 + 9*13^5 + 13^6 + 11*13^8 + 13^9 + 9*13^10 + 7*13^11 + 9*13^12 + 11*13^13 + 11*13^14 + 4*13^16 + O(13^17) : 1 + O(13^20))
   (5 + 5*13 + 2*13^2 + 11*13^3 + 10*13^4 + 11*13^5 + 8*13^6 + 10*13^7 + 3*13^8 + 11*13^9 + 11*13^10 + 2*13^11 + 9*13^12 + 8*13^13 + 13^14 + 4*13^15 + 12*13^16 + O(13^17) : 9 + 2*13 + 2*13^2 + 11*13^3 + 7*13^4 + 3*13^5 + 11*13^6 + 12*13^7 + 13^8 + 11*13^9 + 3*13^10 + 5*13^11 + 3*13^12 + 13^13 + 13^14 + 12*13^15 + 8*13^16 + O(13^17) : 1 + O(13^20))
   (5 + 5*13 + 2*13^2 + 5*13^3 + 9*13^4 + 10*13^5 + 6*13^6 + 5*13^7 + 12*13^8 + 9*13^9 + 7*13^10 + 7*13^12 + 4*13^13 + 13^14 + 7*13^15 + 5*13^16 + O(13^17) : 4 + 10*13 + 10*13^2 + 5*13^3 + 10*13^4 + 3*13^5 + 8*13^6 + 2*13^7 + 12*13^8 + 7*13^9 + 10*13^10 + 4*13^11 + 11*13^12 + 11*13^13 + 8*13^14 + 6*13^15 + 7*13^16 + O(13^17) : 1 + O(13^20))
   (5 + 5*13 + 2*13^2 + 5*13^3 + 9*13^4 + 10*13^5 + 6*13^6 + 5*13^7 + 12*13^8 + 9*13^9 + 7*13^10 + 7*13^12 + 4*13^13 + 13^14 + 7*13^15 + 5*13^16 + O(13^17) : 9 + 2*13 + 2*13^2 + 7*13^3 + 2*13^4 + 9*13^5 + 4*13^6 + 10*13^7 + 5*13^9 + 2*13^10 + 8*13^11 + 13^12 + 13^13 + 4*13^14 + 6*13^15 + 5*13^16 + O(13^17) : 1 + O(13^20))
   (5 + 5*13 + 3*13^2 + 12*13^3 + 8*13^4 + 5*13^5 + 10*13^6 + 11*13^7 + 11*13^8 + 9*13^9 + 11*13^10 + 8*13^11 + 3*13^12 + 8*13^13 + 10*13^14 + 12*13^15 + 8*13^16 + O(13^17) : 4 + 10*13 + 5*13^2 + 5*13^3 + 2*13^4 + 11*13^5 + 8*13^6 + 8*13^7 + 6*13^8 + 6*13^9 + 11*13^10 + 11*13^11 + 6*13^12 + 6*13^13 + 5*13^14 + 13^15 + 10*13^16 + O(13^17) : 1 + O(13^20))
   (5 + 5*13 + 3*13^2 + 12*13^3 + 8*13^4 + 5*13^5 + 10*13^6 + 11*13^7 + 11*13^8 + 9*13^9 + 11*13^10 + 8*13^11 + 3*13^12 + 8*13^13 + 10*13^14 + 12*13^15 + 8*13^16 + O(13^17) : 9 + 2*13 + 7*13^2 + 7*13^3 + 10*13^4 + 13^5 + 4*13^6 + 4*13^7 + 6*13^8 + 6*13^9 + 13^10 + 13^11 + 6*13^12 + 6*13^13 + 7*13^14 + 11*13^15 + 2*13^16 + O(13^17) : 1 + O(13^20))
   (5 + 5*13 + 5*13^2 + 6*13^3 + 13^4 + 12*13^5 + 9*13^6 + 2*13^7 + 4*13^8 + 9*13^9 + 2*13^10 + 7*13^11 + 12*13^12 + 12*13^13 + 4*13^15 + 2*13^16 + O(13^17) : 4 + 10*13 + 8*13^2 + 8*13^4 + 6*13^5 + 7*13^6 + 13^7 + 6*13^8 + 3*13^9 + 9*13^11 + 11*13^12 + 4*13^13 + 11*13^14 + 2*13^15 + 11*13^16 + O(13^17) : 1 + O(13^20))
   (5 + 5*13 + 5*13^2 + 6*13^3 + 13^4 + 12*13^5 + 9*13^6 + 2*13^7 + 4*13^8 + 9*13^9 + 2*13^10 + 7*13^11 + 12*13^12 + 12*13^13 + 4*13^15 + 2*13^16 + O(13^17) : 9 + 2*13 + 4*13^2 + 12*13^3 + 4*13^4 + 6*13^5 + 5*13^6 + 11*13^7 + 6*13^8 + 9*13^9 + 12*13^10 + 3*13^11 + 13^12 + 8*13^13 + 13^14 + 10*13^15 + 13^16 + O(13^17) : 1 + O(13^20))
   (5 + 5*13^2 + 7*13^3 + 4*13^4 + 9*13^5 + 10*13^6 + 11*13^7 + 7*13^10 + 5*13^11 + 13^12 + 7*13^13 + 10*13^14 + 13^15 + 11*13^16 + O(13^17) : 4 + 9*13 + 4*13^2 + 2*13^3 + 4*13^4 + 4*13^5 + 6*13^6 + 4*13^7 + 6*13^8 + 8*13^10 + 7*13^11 + 10*13^12 + 8*13^13 + 4*13^14 + 12*13^15 + 3*13^16 + O(13^17) : 1 + O(13^20))
   (5 + 5*13^2 + 7*13^3 + 4*13^4 + 9*13^5 + 10*13^6 + 11*13^7 + 7*13^10 + 5*13^11 + 13^12 + 7*13^13 + 10*13^14 + 13^15 + 11*13^16 + O(13^17) : 9 + 3*13 + 8*13^2 + 10*13^3 + 8*13^4 + 8*13^5 + 6*13^6 + 8*13^7 + 6*13^8 + 12*13^9 + 4*13^10 + 5*13^11 + 2*13^12 + 4*13^13 + 8*13^14 + 9*13^16 + O(13^17) : 1 + O(13^20))
   (5 + 6*13 + 12*13^2 + 7*13^3 + 10*13^4 + 11*13^5 + 11*13^6 + 6*13^7 + 3*13^8 + 3*13^9 + 7*13^11 + 7*13^12 + 5*13^13 + 11*13^14 + 9*13^15 + 9*13^16 + O(13^17) : 4 + 5*13 + 8*13^2 + 5*13^3 + 9*13^4 + 3*13^5 + 6*13^6 + 10*13^7 + 4*13^8 + 5*13^9 + 11*13^10 + 9*13^12 + 8*13^13 + 4*13^15 + 11*13^16 + O(13^17) : 1 + O(13^20))
   (5 + 6*13 + 12*13^2 + 7*13^3 + 10*13^4 + 11*13^5 + 11*13^6 + 6*13^7 + 3*13^8 + 3*13^9 + 7*13^11 + 7*13^12 + 5*13^13 + 11*13^14 + 9*13^15 + 9*13^16 + O(13^17) : 9 + 7*13 + 4*13^2 + 7*13^3 + 3*13^4 + 9*13^5 + 6*13^6 + 2*13^7 + 8*13^8 + 7*13^9 + 13^10 + 12*13^11 + 3*13^12 + 4*13^13 + 12*13^14 + 8*13^15 + 13^16 + O(13^17) : 1 + O(13^20))
   (5 + 6*13 + 13^2 + 12*13^3 + 11*13^4 + 7*13^5 + 3*13^6 + 13^7 + 12*13^8 + 8*13^9 + 10*13^10 + 10*13^11 + 2*13^12 + 2*13^13 + 7*13^14 + 9*13^15 + O(13^17) : 4 + 5*13 + 11*13^2 + 2*13^3 + 6*13^4 + 13^5 + 2*13^6 + 4*13^7 + 4*13^8 + 6*13^9 + 10*13^10 + 10*13^11 + 3*13^12 + 5*13^13 + 8*13^14 + 8*13^15 + 4*13^16 + O(13^17) : 1 + O(13^20))
   (5 + 6*13 + 13^2 + 12*13^3 + 11*13^4 + 7*13^5 + 3*13^6 + 13^7 + 12*13^8 + 8*13^9 + 10*13^10 + 10*13^11 + 2*13^12 + 2*13^13 + 7*13^14 + 9*13^15 + O(13^17) : 9 + 7*13 + 13^2 + 10*13^3 + 6*13^4 + 11*13^5 + 10*13^6 + 8*13^7 + 8*13^8 + 6*13^9 + 2*13^10 + 2*13^11 + 9*13^12 + 7*13^13 + 4*13^14 + 4*13^15 + 8*13^16 + O(13^17) : 1 + O(13^20))
   (5 + 6*13 + 2*13^2 + 11*13^3 + 2*13^4 + 13^6 + 5*13^7 + 6*13^8 + 8*13^9 + 3*13^10 + 3*13^11 + 4*13^12 + 9*13^13 + 4*13^14 + 11*13^15 + 6*13^16 + O(13^17) : 4 + 5*13 + 6*13^2 + 3*13^3 + 4*13^5 + 5*13^6 + 3*13^7 + 4*13^8 + 9*13^9 + 4*13^10 + 8*13^11 + 7*13^12 + 3*13^13 + 8*13^14 + 2*13^15 + 3*13^16 + O(13^17) : 1 + O(13^20))
   (5 + 6*13 + 2*13^2 + 11*13^3 + 2*13^4 + 13^6 + 5*13^7 + 6*13^8 + 8*13^9 + 3*13^10 + 3*13^11 + 4*13^12 + 9*13^13 + 4*13^14 + 11*13^15 + 6*13^16 + O(13^17) : 9 + 7*13 + 6*13^2 + 9*13^3 + 12*13^4 + 8*13^5 + 7*13^6 + 9*13^7 + 8*13^8 + 3*13^9 + 8*13^10 + 4*13^11 + 5*13^12 + 9*13^13 + 4*13^14 + 10*13^15 + 9*13^16 + O(13^17) : 1 + O(13^20))
   (5 + 6*13 + 2*13^2 + 5*13^3 + 10*13^4 + 4*13^5 + 6*13^6 + 5*13^7 + 6*13^8 + 7*13^9 + 13^10 + 10*13^11 + 13^12 + 7*13^13 + 10*13^14 + 5*13^15 + 10*13^16 + O(13^17) : 4 + 5*13 + 6*13^2 + 7*13^3 + 12*13^4 + 7*13^5 + 12*13^7 + 4*13^8 + 10*13^9 + 9*13^10 + 12*13^12 + 5*13^14 + 2*13^15 + O(13^17) : 1 + O(13^20))
   (5 + 6*13 + 2*13^2 + 5*13^3 + 10*13^4 + 4*13^5 + 6*13^6 + 5*13^7 + 6*13^8 + 7*13^9 + 13^10 + 10*13^11 + 13^12 + 7*13^13 + 10*13^14 + 5*13^15 + 10*13^16 + O(13^17) : 9 + 7*13 + 6*13^2 + 5*13^3 + 5*13^5 + 12*13^6 + 8*13^8 + 2*13^9 + 3*13^10 + 12*13^11 + 12*13^13 + 7*13^14 + 10*13^15 + 12*13^16 + O(13^17) : 1 + O(13^20))
   (5 + 6*13 + 5*13^2 + 3*13^3 + 4*13^4 + 5*13^5 + 8*13^6 + 12*13^7 + 3*13^8 + 6*13^9 + 11*13^10 + 5*13^11 + 3*13^12 + 6*13^13 + 8*13^14 + 8*13^15 + 10*13^16 + O(13^17) : 4 + 5*13 + 4*13^2 + 4*13^3 + 2*13^4 + 12*13^5 + 8*13^6 + 3*13^7 + 12*13^10 + 10*13^11 + 2*13^13 + 10*13^14 + 9*13^15 + 8*13^16 + O(13^17) : 1 + O(13^20))
   (5 + 6*13 + 5*13^2 + 3*13^3 + 4*13^4 + 5*13^5 + 8*13^6 + 12*13^7 + 3*13^8 + 6*13^9 + 11*13^10 + 5*13^11 + 3*13^12 + 6*13^13 + 8*13^14 + 8*13^15 + 10*13^16 + O(13^17) : 9 + 7*13 + 8*13^2 + 8*13^3 + 10*13^4 + 4*13^6 + 9*13^7 + 12*13^8 + 12*13^9 + 2*13^11 + 12*13^12 + 10*13^13 + 2*13^14 + 3*13^15 + 4*13^16 + O(13^17) : 1 + O(13^20))
   (5 + 7*13 + 10*13^2 + 9*13^3 + 13^4 + 13^5 + 5*13^6 + 12*13^7 + 6*13^8 + 11*13^9 + 9*13^10 + 11*13^11 + 9*13^13 + 11*13^14 + 13^15 + 3*13^16 + O(13^17) : 4 + 13^2 + 5*13^3 + 7*13^5 + 8*13^6 + 11*13^7 + 7*13^8 + 13^9 + 8*13^10 + 10*13^11 + 13^12 + 4*13^13 + 7*13^14 + 3*13^15 + 4*13^16 + O(13^17) : 1 + O(13^20))
   (5 + 7*13 + 10*13^2 + 9*13^3 + 13^4 + 13^5 + 5*13^6 + 12*13^7 + 6*13^8 + 11*13^9 + 9*13^10 + 11*13^11 + 9*13^13 + 11*13^14 + 13^15 + 3*13^16 + O(13^17) : 9 + 12*13 + 11*13^2 + 7*13^3 + 12*13^4 + 5*13^5 + 4*13^6 + 13^7 + 5*13^8 + 11*13^9 + 4*13^10 + 2*13^11 + 11*13^12 + 8*13^13 + 5*13^14 + 9*13^15 + 8*13^16 + O(13^17) : 1 + O(13^20))
   (5 + 7*13 + 11*13^2 + 12*13^3 + 4*13^4 + 7*13^5 + 8*13^6 + 6*13^7 + 4*13^8 + 12*13^9 + 9*13^11 + 12*13^12 + 2*13^13 + 7*13^14 + 5*13^15 + 8*13^16 + O(13^17) : 4 + 9*13^2 + 11*13^3 + 11*13^5 + 2*13^6 + 6*13^7 + 9*13^8 + 7*13^9 + 12*13^12 + 6*13^13 + 8*13^14 + 5*13^15 + 4*13^16 + O(13^17) : 1 + O(13^20))
   (5 + 7*13 + 11*13^2 + 12*13^3 + 4*13^4 + 7*13^5 + 8*13^6 + 6*13^7 + 4*13^8 + 12*13^9 + 9*13^11 + 12*13^12 + 2*13^13 + 7*13^14 + 5*13^15 + 8*13^16 + O(13^17) : 9 + 12*13 + 3*13^2 + 13^3 + 12*13^4 + 13^5 + 10*13^6 + 6*13^7 + 3*13^8 + 5*13^9 + 12*13^10 + 12*13^11 + 6*13^13 + 4*13^14 + 7*13^15 + 8*13^16 + O(13^17) : 1 + O(13^20))
   (5 + 7*13 + 7*13^3 + 9*13^4 + 9*13^6 + 11*13^8 + 6*13^9 + 5*13^10 + 8*13^11 + 11*13^12 + 4*13^13 + 7*13^14 + 10*13^15 + 12*13^16 + O(13^17) : 4 + 12*13^2 + 6*13^3 + 7*13^4 + 8*13^5 + 12*13^6 + 3*13^7 + 2*13^8 + 7*13^9 + 7*13^10 + 8*13^11 + 12*13^12 + 13^13 + 5*13^14 + 8*13^15 + 9*13^16 + O(13^17) : 1 + O(13^20))
   (5 + 7*13 + 7*13^3 + 9*13^4 + 9*13^6 + 11*13^8 + 6*13^9 + 5*13^10 + 8*13^11 + 11*13^12 + 4*13^13 + 7*13^14 + 10*13^15 + 12*13^16 + O(13^17) : 9 + 12*13 + 6*13^3 + 5*13^4 + 4*13^5 + 9*13^7 + 10*13^8 + 5*13^9 + 5*13^10 + 4*13^11 + 11*13^13 + 7*13^14 + 4*13^15 + 3*13^16 + O(13^17) : 1 + O(13^20))
   (5 + 7*13 + 8*13^2 + 8*13^3 + 10*13^4 + 4*13^5 + 13^6 + 6*13^7 + 8*13^9 + 12*13^10 + 2*13^11 + 11*13^12 + 12*13^13 + 3*13^14 + 3*13^15 + 10*13^16 + O(13^17) : 4 + 11*13^2 + 5*13^3 + 6*13^4 + 13^5 + 2*13^6 + 10*13^7 + 6*13^8 + 4*13^9 + 4*13^10 + 5*13^12 + 13^13 + 7*13^14 + 4*13^15 + O(13^17) : 1 + O(13^20))
   (5 + 7*13 + 8*13^2 + 8*13^3 + 10*13^4 + 4*13^5 + 13^6 + 6*13^7 + 8*13^9 + 12*13^10 + 2*13^11 + 11*13^12 + 12*13^13 + 3*13^14 + 3*13^15 + 10*13^16 + O(13^17) : 9 + 12*13 + 13^2 + 7*13^3 + 6*13^4 + 11*13^5 + 10*13^6 + 2*13^7 + 6*13^8 + 8*13^9 + 8*13^10 + 12*13^11 + 7*13^12 + 11*13^13 + 5*13^14 + 8*13^15 + 12*13^16 + O(13^17) : 1 + O(13^20))
   (5 + 7*13 + 9*13^2 + 5*13^3 + 13^4 + 9*13^5 + 10*13^7 + 2*13^8 + 5*13^10 + 3*13^11 + 13^12 + 4*13^13 + 9*13^14 + 6*13^15 + 4*13^16 + O(13^17) : 4 + 6*13^2 + 3*13^3 + 2*13^4 + 8*13^5 + 2*13^6 + 4*13^7 + 10*13^8 + 13^9 + 2*13^10 + 6*13^11 + 4*13^12 + 13^13 + 5*13^14 + 6*13^15 + O(13^17) : 1 + O(13^20))
   (5 + 7*13 + 9*13^2 + 5*13^3 + 13^4 + 9*13^5 + 10*13^7 + 2*13^8 + 5*13^10 + 3*13^11 + 13^12 + 4*13^13 + 9*13^14 + 6*13^15 + 4*13^16 + O(13^17) : 9 + 12*13 + 6*13^2 + 9*13^3 + 10*13^4 + 4*13^5 + 10*13^6 + 8*13^7 + 2*13^8 + 11*13^9 + 10*13^10 + 6*13^11 + 8*13^12 + 11*13^13 + 7*13^14 + 6*13^15 + 12*13^16 + O(13^17) : 1 + O(13^20))
   (5 + 7*13 + 9*13^2 + 8*13^3 + 2*13^4 + 2*13^5 + 7*13^7 + 11*13^8 + 5*13^9 + 9*13^10 + 8*13^11 + 4*13^13 + 12*13^14 + 5*13^15 + 3*13^16 + O(13^17) : 4 + 6*13^2 + 13^3 + 10*13^4 + 7*13^5 + 10*13^6 + 3*13^7 + 3*13^8 + 11*13^9 + 8*13^10 + 10*13^12 + 11*13^13 + 4*13^14 + 7*13^15 + 6*13^16 + O(13^17) : 1 + O(13^20))
   (5 + 7*13 + 9*13^2 + 8*13^3 + 2*13^4 + 2*13^5 + 7*13^7 + 11*13^8 + 5*13^9 + 9*13^10 + 8*13^11 + 4*13^13 + 12*13^14 + 5*13^15 + 3*13^16 + O(13^17) : 9 + 12*13 + 6*13^2 + 11*13^3 + 2*13^4 + 5*13^5 + 2*13^6 + 9*13^7 + 9*13^8 + 13^9 + 4*13^10 + 12*13^11 + 2*13^12 + 13^13 + 8*13^14 + 5*13^15 + 6*13^16 + O(13^17) : 1 + O(13^20))
   (5 + 8*13 + 10*13^2 + 8*13^3 + 4*13^4 + 5*13^5 + 8*13^6 + 9*13^7 + 3*13^9 + 4*13^10 + 4*13^11 + 3*13^12 + 4*13^13 + 10*13^15 + 11*13^16 + O(13^17) : 4 + 8*13 + 9*13^2 + 10*13^3 + 12*13^4 + 12*13^5 + 9*13^6 + 13^7 + 6*13^8 + 5*13^9 + 3*13^10 + 4*13^11 + 4*13^12 + 6*13^13 + 9*13^14 + 8*13^15 + 2*13^16 + O(13^17) : 1 + O(13^20))
   (5 + 8*13 + 10*13^2 + 8*13^3 + 4*13^4 + 5*13^5 + 8*13^6 + 9*13^7 + 3*13^9 + 4*13^10 + 4*13^11 + 3*13^12 + 4*13^13 + 10*13^15 + 11*13^16 + O(13^17) : 9 + 4*13 + 3*13^2 + 2*13^3 + 3*13^6 + 11*13^7 + 6*13^8 + 7*13^9 + 9*13^10 + 8*13^11 + 8*13^12 + 6*13^13 + 3*13^14 + 4*13^15 + 10*13^16 + O(13^17) : 1 + O(13^20))
   (5 + 8*13 + 2*13^2 + 3*13^3 + 12*13^4 + 6*13^5 + 6*13^6 + 3*13^7 + 9*13^8 + 12*13^9 + 5*13^10 + 12*13^11 + 12*13^12 + 6*13^13 + 12*13^14 + 11*13^15 + O(13^17) : 4 + 8*13 + 10*13^2 + 5*13^3 + 8*13^4 + 12*13^5 + 10*13^6 + 7*13^7 + 7*13^8 + 12*13^9 + 5*13^10 + 8*13^11 + 13^12 + 11*13^13 + 2*13^14 + 8*13^15 + 7*13^16 + O(13^17) : 1 + O(13^20))
   (5 + 8*13 + 2*13^2 + 3*13^3 + 12*13^4 + 6*13^5 + 6*13^6 + 3*13^7 + 9*13^8 + 12*13^9 + 5*13^10 + 12*13^11 + 12*13^12 + 6*13^13 + 12*13^14 + 11*13^15 + O(13^17) : 9 + 4*13 + 2*13^2 + 7*13^3 + 4*13^4 + 2*13^6 + 5*13^7 + 5*13^8 + 7*13^10 + 4*13^11 + 11*13^12 + 13^13 + 10*13^14 + 4*13^15 + 5*13^16 + O(13^17) : 1 + O(13^20))
   (5 + 8*13 + 4*13^2 + 4*13^3 + 2*13^4 + 3*13^5 + 3*13^6 + 5*13^8 + 6*13^9 + 10*13^10 + 4*13^11 + 12*13^12 + 8*13^13 + 4*13^14 + 4*13^15 + 13^16 + O(13^17) : 4 + 8*13 + 5*13^3 + 8*13^4 + 7*13^5 + 3*13^6 + 10*13^7 + 5*13^8 + 3*13^9 + 2*13^10 + 3*13^11 + 10*13^12 + 4*13^13 + 9*13^14 + 3*13^15 + 9*13^16 + O(13^17) : 1 + O(13^20))
   (5 + 8*13 + 4*13^2 + 4*13^3 + 2*13^4 + 3*13^5 + 3*13^6 + 5*13^8 + 6*13^9 + 10*13^10 + 4*13^11 + 12*13^12 + 8*13^13 + 4*13^14 + 4*13^15 + 13^16 + O(13^17) : 9 + 4*13 + 12*13^2 + 7*13^3 + 4*13^4 + 5*13^5 + 9*13^6 + 2*13^7 + 7*13^8 + 9*13^9 + 10*13^10 + 9*13^11 + 2*13^12 + 8*13^13 + 3*13^14 + 9*13^15 + 3*13^16 + O(13^17) : 1 + O(13^20))
   (5 + 8*13 + 5*13^2 + 10*13^3 + 6*13^4 + 12*13^6 + 8*13^7 + 12*13^8 + 5*13^9 + 11*13^10 + 6*13^12 + 6*13^13 + 11*13^14 + 7*13^15 + 11*13^16 + O(13^17) : 4 + 8*13 + 8*13^2 + 9*13^3 + 10*13^4 + 13^5 + 5*13^6 + 3*13^7 + 4*13^8 + 4*13^9 + 7*13^10 + 5*13^11 + 13^12 + 12*13^13 + 13^14 + 8*13^15 + 13^16 + O(13^17) : 1 + O(13^20))
   (5 + 8*13 + 5*13^2 + 10*13^3 + 6*13^4 + 12*13^6 + 8*13^7 + 12*13^8 + 5*13^9 + 11*13^10 + 6*13^12 + 6*13^13 + 11*13^14 + 7*13^15 + 11*13^16 + O(13^17) : 9 + 4*13 + 4*13^2 + 3*13^3 + 2*13^4 + 11*13^5 + 7*13^6 + 9*13^7 + 8*13^8 + 8*13^9 + 5*13^10 + 7*13^11 + 11*13^12 + 11*13^14 + 4*13^15 + 11*13^16 + O(13^17) : 1 + O(13^20))
   (5 + 8*13 + 7*13^2 + 5*13^4 + 9*13^5 + 10*13^6 + 7*13^7 + 5*13^8 + 7*13^9 + 9*13^11 + 5*13^12 + 7*13^13 + 3*13^14 + 6*13^15 + 6*13^16 + O(13^17) : 4 + 8*13 + 11*13^2 + 11*13^3 + 5*13^5 + 4*13^6 + 6*13^7 + 11*13^8 + 2*13^9 + 2*13^10 + 5*13^11 + 2*13^12 + 7*13^13 + 13^14 + 9*13^15 + 6*13^16 + O(13^17) : 1 + O(13^20))
   (5 + 8*13 + 7*13^2 + 5*13^4 + 9*13^5 + 10*13^6 + 7*13^7 + 5*13^8 + 7*13^9 + 9*13^11 + 5*13^12 + 7*13^13 + 3*13^14 + 6*13^15 + 6*13^16 + O(13^17) : 9 + 4*13 + 13^2 + 13^3 + 12*13^4 + 7*13^5 + 8*13^6 + 6*13^7 + 13^8 + 10*13^9 + 10*13^10 + 7*13^11 + 10*13^12 + 5*13^13 + 11*13^14 + 3*13^15 + 6*13^16 + O(13^17) : 1 + O(13^20))
   (5 + 8*13 + 9*13^2 + 6*13^3 + 12*13^4 + 9*13^5 + 11*13^6 + 4*13^7 + 6*13^8 + 11*13^9 + 12*13^10 + 9*13^11 + 8*13^12 + 13^13 + 3*13^14 + 11*13^15 + 3*13^16 + O(13^17) : 4 + 8*13 + 13^2 + 12*13^3 + 10*13^4 + 7*13^5 + 5*13^6 + 2*13^7 + 7*13^8 + 10*13^9 + 11*13^10 + 12*13^11 + 9*13^12 + 8*13^13 + 4*13^14 + 13^15 + 13^16 + O(13^17) : 1 + O(13^20))
   (5 + 8*13 + 9*13^2 + 6*13^3 + 12*13^4 + 9*13^5 + 11*13^6 + 4*13^7 + 6*13^8 + 11*13^9 + 12*13^10 + 9*13^11 + 8*13^12 + 13^13 + 3*13^14 + 11*13^15 + 3*13^16 + O(13^17) : 9 + 4*13 + 11*13^2 + 2*13^4 + 5*13^5 + 7*13^6 + 10*13^7 + 5*13^8 + 2*13^9 + 13^10 + 3*13^12 + 4*13^13 + 8*13^14 + 11*13^15 + 11*13^16 + O(13^17) : 1 + O(13^20))
   (5 + 9*13 + 10*13^2 + 2*13^3 + 12*13^4 + 10*13^5 + 5*13^6 + 3*13^8 + 8*13^9 + 3*13^10 + 9*13^11 + 8*13^12 + 7*13^13 + 11*13^14 + 4*13^15 + O(13^17) : 4 + 3*13 + 5*13^2 + 3*13^3 + 7*13^4 + 13^5 + 9*13^6 + 9*13^7 + 10*13^8 + 3*13^9 + 7*13^11 + 7*13^12 + 13^13 + 9*13^15 + 2*13^16 + O(13^17) : 1 + O(13^20))
   (5 + 9*13 + 10*13^2 + 2*13^3 + 12*13^4 + 10*13^5 + 5*13^6 + 3*13^8 + 8*13^9 + 3*13^10 + 9*13^11 + 8*13^12 + 7*13^13 + 11*13^14 + 4*13^15 + O(13^17) : 9 + 9*13 + 7*13^2 + 9*13^3 + 5*13^4 + 11*13^5 + 3*13^6 + 3*13^7 + 2*13^8 + 9*13^9 + 12*13^10 + 5*13^11 + 5*13^12 + 11*13^13 + 12*13^14 + 3*13^15 + 10*13^16 + O(13^17) : 1 + O(13^20))
   (5 + 9*13 + 13^2 + 7*13^3 + 12*13^4 + 7*13^5 + 12*13^6 + 3*13^7 + 5*13^9 + 6*13^10 + 12*13^11 + 2*13^12 + 11*13^13 + 12*13^14 + 11*13^15 + 6*13^16 + O(13^17) : 4 + 3*13 + 11*13^2 + 4*13^3 + 8*13^4 + 3*13^5 + 10*13^6 + 3*13^7 + 5*13^8 + 9*13^10 + 10*13^11 + 9*13^12 + 11*13^14 + 10*13^15 + 4*13^16 + O(13^17) : 1 + O(13^20))
   (5 + 9*13 + 13^2 + 7*13^3 + 12*13^4 + 7*13^5 + 12*13^6 + 3*13^7 + 5*13^9 + 6*13^10 + 12*13^11 + 2*13^12 + 11*13^13 + 12*13^14 + 11*13^15 + 6*13^16 + O(13^17) : 9 + 9*13 + 13^2 + 8*13^3 + 4*13^4 + 9*13^5 + 2*13^6 + 9*13^7 + 7*13^8 + 12*13^9 + 3*13^10 + 2*13^11 + 3*13^12 + 12*13^13 + 13^14 + 2*13^15 + 8*13^16 + O(13^17) : 1 + O(13^20))
   (5 + 9*13 + 3*13^2 + 6*13^3 + 12*13^4 + 3*13^5 + 11*13^6 + 13^7 + 7*13^8 + 5*13^9 + 12*13^10 + 4*13^11 + 10*13^12 + 8*13^14 + 11*13^15 + 11*13^16 + O(13^17) : 4 + 3*13 + 13^2 + 13^3 + 9*13^4 + 8*13^5 + 5*13^6 + 4*13^7 + 13^8 + 11*13^9 + 3*13^10 + 13^11 + 5*13^12 + 9*13^13 + 4*13^14 + 13^15 + 2*13^16 + O(13^17) : 1 + O(13^20))
   (5 + 9*13 + 3*13^2 + 6*13^3 + 12*13^4 + 3*13^5 + 11*13^6 + 13^7 + 7*13^8 + 5*13^9 + 12*13^10 + 4*13^11 + 10*13^12 + 8*13^14 + 11*13^15 + 11*13^16 + O(13^17) : 9 + 9*13 + 11*13^2 + 11*13^3 + 3*13^4 + 4*13^5 + 7*13^6 + 8*13^7 + 11*13^8 + 13^9 + 9*13^10 + 11*13^11 + 7*13^12 + 3*13^13 + 8*13^14 + 11*13^15 + 10*13^16 + O(13^17) : 1 + O(13^20))
   (5 + 9*13 + 5*13^2 + 12*13^3 + 11*13^4 + 10*13^5 + 2*13^6 + 8*13^7 + 6*13^8 + 12*13^9 + 8*13^10 + 10*13^11 + 9*13^12 + 8*13^14 + 8*13^15 + 10*13^16 + O(13^17) : 4 + 3*13 + 4*13^2 + 13^3 + 10*13^4 + 3*13^5 + 7*13^6 + 8*13^7 + 10*13^8 + 2*13^9 + 3*13^10 + 12*13^11 + 11*13^12 + 5*13^13 + 9*13^14 + 8*13^15 + 12*13^16 + O(13^17) : 1 + O(13^20))
   (5 + 9*13 + 5*13^2 + 12*13^3 + 11*13^4 + 10*13^5 + 2*13^6 + 8*13^7 + 6*13^8 + 12*13^9 + 8*13^10 + 10*13^11 + 9*13^12 + 8*13^14 + 8*13^15 + 10*13^16 + O(13^17) : 9 + 9*13 + 8*13^2 + 11*13^3 + 2*13^4 + 9*13^5 + 5*13^6 + 4*13^7 + 2*13^8 + 10*13^9 + 9*13^10 + 13^12 + 7*13^13 + 3*13^14 + 4*13^15 + O(13^17) : 1 + O(13^20))
   (5 + 9*13 + 7*13^2 + 11*13^3 + 12*13^4 + 7*13^7 + 12*13^8 + 4*13^9 + 5*13^10 + 10*13^11 + 9*13^12 + 11*13^13 + 9*13^14 + 5*13^15 + 8*13^16 + O(13^17) : 4 + 3*13 + 7*13^2 + 10*13^3 + 5*13^4 + 11*13^5 + 9*13^6 + 6*13^7 + 3*13^8 + 6*13^9 + 9*13^10 + 11*13^12 + 11*13^13 + 13^14 + 8*13^15 + 8*13^16 + O(13^17) : 1 + O(13^20))
   (5 + 9*13 + 7*13^2 + 11*13^3 + 12*13^4 + 7*13^7 + 12*13^8 + 4*13^9 + 5*13^10 + 10*13^11 + 9*13^12 + 11*13^13 + 9*13^14 + 5*13^15 + 8*13^16 + O(13^17) : 9 + 9*13 + 5*13^2 + 2*13^3 + 7*13^4 + 13^5 + 3*13^6 + 6*13^7 + 9*13^8 + 6*13^9 + 3*13^10 + 12*13^11 + 13^12 + 13^13 + 11*13^14 + 4*13^15 + 4*13^16 + O(13^17) : 1 + O(13^20))
   (5 + 9*13 + 9*13^2 + 13^3 + 4*13^4 + 4*13^5 + 4*13^7 + 7*13^8 + 10*13^9 + 3*13^10 + 11*13^11 + 10*13^12 + 5*13^13 + 9*13^14 + 4*13^15 + 8*13^16 + O(13^17) : 4 + 3*13 + 10*13^2 + 12*13^3 + 7*13^4 + 6*13^5 + 4*13^6 + 6*13^7 + 4*13^8 + 8*13^9 + 8*13^10 + 3*13^11 + 2*13^12 + 3*13^13 + 12*13^14 + 3*13^15 + 9*13^16 + O(13^17) : 1 + O(13^20))
   (5 + 9*13 + 9*13^2 + 13^3 + 4*13^4 + 4*13^5 + 4*13^7 + 7*13^8 + 10*13^9 + 3*13^10 + 11*13^11 + 10*13^12 + 5*13^13 + 9*13^14 + 4*13^15 + 8*13^16 + O(13^17) : 9 + 9*13 + 2*13^2 + 5*13^4 + 6*13^5 + 8*13^6 + 6*13^7 + 8*13^8 + 4*13^9 + 4*13^10 + 9*13^11 + 10*13^12 + 9*13^13 + 9*13^15 + 3*13^16 + O(13^17) : 1 + O(13^20))
   (5 + 9*13^2 + 12*13^3 + 10*13^4 + 12*13^5 + 9*13^6 + 8*13^7 + 12*13^8 + 6*13^9 + 9*13^10 + 5*13^11 + 4*13^12 + 4*13^13 + 13^14 + 13^16 + O(13^17) : 4 + 9*13 + 10*13^2 + 11*13^3 + 8*13^4 + 7*13^5 + 3*13^6 + 12*13^7 + 5*13^8 + 2*13^10 + 2*13^11 + 13^12 + 9*13^13 + 9*13^14 + 11*13^15 + 2*13^16 + O(13^17) : 1 + O(13^20))
   (5 + 9*13^2 + 12*13^3 + 10*13^4 + 12*13^5 + 9*13^6 + 8*13^7 + 12*13^8 + 6*13^9 + 9*13^10 + 5*13^11 + 4*13^12 + 4*13^13 + 13^14 + 13^16 + O(13^17) : 9 + 3*13 + 2*13^2 + 13^3 + 4*13^4 + 5*13^5 + 9*13^6 + 7*13^8 + 12*13^9 + 10*13^10 + 10*13^11 + 11*13^12 + 3*13^13 + 3*13^14 + 13^15 + 10*13^16 + O(13^17) : 1 + O(13^20))
   (5*13 + 12*13^2 + 4*13^3 + 13^4 + 8*13^5 + 4*13^6 + 8*13^7 + 6*13^9 + 5*13^10 + 6*13^11 + 13^12 + 11*13^14 + O(13^15) : 10 + 9*13 + 3*13^2 + 7*13^3 + 5*13^4 + 10*13^5 + 2*13^6 + 7*13^7 + 12*13^8 + 10*13^9 + 2*13^10 + 5*13^11 + 8*13^13 + 10*13^14 + 12*13^15 + O(13^16) : 1 + O(13^20))
   (5*13 + 12*13^2 + 4*13^3 + 13^4 + 8*13^5 + 4*13^6 + 8*13^7 + 6*13^9 + 5*13^10 + 6*13^11 + 13^12 + 11*13^14 + O(13^15) : 3 + 3*13 + 9*13^2 + 5*13^3 + 7*13^4 + 2*13^5 + 10*13^6 + 5*13^7 + 2*13^9 + 10*13^10 + 7*13^11 + 12*13^12 + 4*13^13 + 2*13^14 + O(13^16) : 1 + O(13^20))
   (5*13 + 3*13^2 + 9*13^3 + 3*13^4 + 2*13^5 + 4*13^6 + 12*13^7 + 2*13^8 + 4*13^9 + 5*13^10 + 11*13^11 + 3*13^12 + 10*13^13 + 6*13^14 + O(13^15) : 10 + 9*13 + 3*13^2 + 2*13^3 + 3*13^4 + 12*13^5 + 13^6 + 3*13^7 + 3*13^8 + 11*13^9 + 9*13^10 + 13^11 + 10*13^12 + 12*13^13 + 10*13^14 + 10*13^15 + O(13^16) : 1 + O(13^20))
   (5*13 + 3*13^2 + 9*13^3 + 3*13^4 + 2*13^5 + 4*13^6 + 12*13^7 + 2*13^8 + 4*13^9 + 5*13^10 + 11*13^11 + 3*13^12 + 10*13^13 + 6*13^14 + O(13^15) : 3 + 3*13 + 9*13^2 + 10*13^3 + 9*13^4 + 11*13^6 + 9*13^7 + 9*13^8 + 13^9 + 3*13^10 + 11*13^11 + 2*13^12 + 2*13^14 + 2*13^15 + O(13^16) : 1 + O(13^20))
   (5*13 + 4*13^2 + 8*13^3 + 9*13^4 + 10*13^5 + 12*13^6 + 7*13^7 + 7*13^8 + 4*13^9 + 4*13^10 + 8*13^11 + 8*13^13 + 8*13^14 + O(13^15) : 10 + 9*13 + 3*13^2 + 4*13^3 + 9*13^4 + 11*13^5 + 12*13^7 + 12*13^8 + 8*13^9 + 2*13^11 + 9*13^12 + 6*13^13 + 9*13^14 + 4*13^15 + O(13^16) : 1 + O(13^20))
   (5*13 + 4*13^2 + 8*13^3 + 9*13^4 + 10*13^5 + 12*13^6 + 7*13^7 + 7*13^8 + 4*13^9 + 4*13^10 + 8*13^11 + 8*13^13 + 8*13^14 + O(13^15) : 3 + 3*13 + 9*13^2 + 8*13^3 + 3*13^4 + 13^5 + 12*13^6 + 4*13^9 + 12*13^10 + 10*13^11 + 3*13^12 + 6*13^13 + 3*13^14 + 8*13^15 + O(13^16) : 1 + O(13^20))
   (5*13 + 5*13^2 + 3*13^5 + 3*13^6 + 11*13^7 + 6*13^8 + 2*13^9 + 5*13^10 + 7*13^11 + 13^12 + 7*13^13 + 5*13^14 + O(13^15) : 10 + 9*13 + 3*13^2 + 6*13^3 + 4*13^4 + 8*13^5 + 9*13^7 + 2*13^8 + 8*13^9 + 11*13^10 + 7*13^11 + 6*13^12 + 7*13^13 + 13^14 + 5*13^15 + O(13^16) : 1 + O(13^20))
   (5*13 + 5*13^2 + 3*13^5 + 3*13^6 + 11*13^7 + 6*13^8 + 2*13^9 + 5*13^10 + 7*13^11 + 13^12 + 7*13^13 + 5*13^14 + O(13^15) : 3 + 3*13 + 9*13^2 + 6*13^3 + 8*13^4 + 4*13^5 + 12*13^6 + 3*13^7 + 10*13^8 + 4*13^9 + 13^10 + 5*13^11 + 6*13^12 + 5*13^13 + 11*13^14 + 7*13^15 + O(13^16) : 1 + O(13^20))
   (5*13 + 8*13^2 + 5*13^3 + 10*13^4 + 8*13^5 + 11*13^6 + 2*13^7 + 3*13^8 + 7*13^9 + 8*13^10 + 11*13^11 + 4*13^12 + 12*13^13 + 5*13^14 + O(13^15) : 10 + 9*13 + 3*13^2 + 12*13^3 + 5*13^5 + 5*13^6 + 2*13^7 + 5*13^8 + 10*13^9 + 2*13^10 + 8*13^11 + 9*13^13 + 4*13^14 + O(13^16) : 1 + O(13^20))
   (5*13 + 8*13^2 + 5*13^3 + 10*13^4 + 8*13^5 + 11*13^6 + 2*13^7 + 3*13^8 + 7*13^9 + 8*13^10 + 11*13^11 + 4*13^12 + 12*13^13 + 5*13^14 + O(13^15) : 3 + 3*13 + 9*13^2 + 12*13^4 + 7*13^5 + 7*13^6 + 10*13^7 + 7*13^8 + 2*13^9 + 10*13^10 + 4*13^11 + 12*13^12 + 3*13^13 + 8*13^14 + 12*13^15 + O(13^16) : 1 + O(13^20))
   (5*13 + 9*13^2 + 6*13^3 + 4*13^4 + 11*13^6 + 8*13^7 + 12*13^8 + 13^9 + 10*13^11 + 4*13^12 + 6*13^13 + 6*13^14 + O(13^15) : 10 + 9*13 + 3*13^2 + 13^3 + 7*13^5 + 2*13^6 + 6*13^7 + 11*13^8 + 2*13^9 + 12*13^10 + 12*13^11 + 13^12 + 4*13^13 + 13^14 + 6*13^15 + O(13^16) : 1 + O(13^20))
   (5*13 + 9*13^2 + 6*13^3 + 4*13^4 + 11*13^6 + 8*13^7 + 12*13^8 + 13^9 + 10*13^11 + 4*13^12 + 6*13^13 + 6*13^14 + O(13^15) : 3 + 3*13 + 9*13^2 + 11*13^3 + 12*13^4 + 5*13^5 + 10*13^6 + 6*13^7 + 13^8 + 10*13^9 + 11*13^12 + 8*13^13 + 11*13^14 + 6*13^15 + O(13^16) : 1 + O(13^20))
   (5*13^-1 + 1 + 6*13 + 9*13^2 + 8*13^4 + 6*13^5 + 7*13^6 + 13^7 + 3*13^9 + 9*13^10 + 4*13^12 + 2*13^13 + 12*13^14 + O(13^16) : 5*13^-3 + 6*13^-2 + 5*13^-1 + 7 + 10*13 + 9*13^2 + 12*13^3 + 7*13^4 + 13^5 + 3*13^6 + 2*13^7 + 11*13^8 + 12*13^9 + 8*13^10 + 12*13^11 + 10*13^12 + O(13^14) : 1 + O(13^20))
   (5*13^-1 + 1 + 6*13 + 9*13^2 + 8*13^4 + 6*13^5 + 7*13^6 + 13^7 + 3*13^9 + 9*13^10 + 4*13^12 + 2*13^13 + 12*13^14 + O(13^16) : 8*13^-3 + 6*13^-2 + 7*13^-1 + 5 + 2*13 + 3*13^2 + 5*13^4 + 11*13^5 + 9*13^6 + 10*13^7 + 13^8 + 4*13^10 + 2*13^12 + 12*13^13 + O(13^14) : 1 + O(13^20))
   (5*13^-1 + 11 + 6*13 + 10*13^2 + 8*13^3 + 11*13^6 + 7*13^7 + 4*13^8 + 6*13^10 + 6*13^11 + 7*13^12 + 11*13^13 + 12*13^14 + 8*13^15 + O(13^16) : 5*13^-3 + 10*13^-2 + 6*13^-1 + 5 + 12*13 + 9*13^2 + 4*13^3 + 4*13^4 + 12*13^5 + 2*13^6 + 8*13^8 + 11*13^10 + 3*13^12 + 10*13^13 + O(13^14) : 1 + O(13^20))
   (5*13^-1 + 11 + 6*13 + 10*13^2 + 8*13^3 + 11*13^6 + 7*13^7 + 4*13^8 + 6*13^10 + 6*13^11 + 7*13^12 + 11*13^13 + 12*13^14 + 8*13^15 + O(13^16) : 8*13^-3 + 2*13^-2 + 6*13^-1 + 7 + 3*13^2 + 8*13^3 + 8*13^4 + 10*13^6 + 12*13^7 + 4*13^8 + 12*13^9 + 13^10 + 12*13^11 + 9*13^12 + 2*13^13 + O(13^14) : 1 + O(13^20))
   (5*13^-1 + 3 + 8*13 + 9*13^2 + 4*13^3 + 13^5 + 7*13^6 + 9*13^7 + 9*13^8 + 10*13^9 + 13^10 + 13^11 + 8*13^12 + 3*13^13 + 8*13^14 + 10*13^15 + O(13^16) : 5*13^-3 + 12*13^-2 + 9*13^-1 + 5 + 9*13 + 3*13^2 + 7*13^3 + 13^4 + 12*13^5 + 13^6 + 4*13^7 + 5*13^8 + 13^9 + 6*13^10 + 12*13^11 + 12*13^13 + O(13^14) : 1 + O(13^20))
   (5*13^-1 + 3 + 8*13 + 9*13^2 + 4*13^3 + 13^5 + 7*13^6 + 9*13^7 + 9*13^8 + 10*13^9 + 13^10 + 13^11 + 8*13^12 + 3*13^13 + 8*13^14 + 10*13^15 + O(13^16) : 8*13^-3 + 3*13^-1 + 7 + 3*13 + 9*13^2 + 5*13^3 + 11*13^4 + 11*13^6 + 8*13^7 + 7*13^8 + 11*13^9 + 6*13^10 + 12*13^12 + O(13^14) : 1 + O(13^20))
   (5*13^-1 + 5 + 10*13^2 + 2*13^3 + 6*13^5 + 3*13^6 + 7*13^7 + 4*13^8 + 12*13^9 + 12*13^10 + 11*13^11 + 12*13^12 + 9*13^13 + 4*13^14 + 11*13^15 + O(13^16) : 5*13^-3 + 5*13^-2 + 7*13^-1 + 8 + 2*13 + 9*13^2 + 3*13^3 + 11*13^4 + 5*13^5 + 4*13^6 + 10*13^7 + 10*13^8 + 7*13^9 + 12*13^10 + 8*13^11 + 6*13^12 + 2*13^13 + O(13^14) : 1 + O(13^20))
   (5*13^-1 + 5 + 10*13^2 + 2*13^3 + 6*13^5 + 3*13^6 + 7*13^7 + 4*13^8 + 12*13^9 + 12*13^10 + 11*13^11 + 12*13^12 + 9*13^13 + 4*13^14 + 11*13^15 + O(13^16) : 8*13^-3 + 7*13^-2 + 5*13^-1 + 4 + 10*13 + 3*13^2 + 9*13^3 + 13^4 + 7*13^5 + 8*13^6 + 2*13^7 + 2*13^8 + 5*13^9 + 4*13^11 + 6*13^12 + 10*13^13 + O(13^14) : 1 + O(13^20))
   (5*13^-1 + 6 + 4*13 + 8*13^2 + 10*13^3 + 8*13^5 + 11*13^6 + 6*13^8 + 10*13^9 + 12*13^10 + 5*13^11 + 3*13^12 + 8*13^13 + 4*13^14 + 11*13^15 + O(13^16) : 5*13^-3 + 8*13^-2 + 4*13^-1 + 7 + 9*13 + 9*13^2 + 5*13^3 + 3*13^4 + 9*13^5 + 11*13^6 + 13^7 + 11*13^8 + 6*13^9 + 12*13^10 + 2*13^11 + 8*13^12 + 2*13^13 + O(13^14) : 1 + O(13^20))
   (5*13^-1 + 6 + 4*13 + 8*13^2 + 10*13^3 + 8*13^5 + 11*13^6 + 6*13^8 + 10*13^9 + 12*13^10 + 5*13^11 + 3*13^12 + 8*13^13 + 4*13^14 + 11*13^15 + O(13^16) : 8*13^-3 + 4*13^-2 + 8*13^-1 + 5 + 3*13 + 3*13^2 + 7*13^3 + 9*13^4 + 3*13^5 + 13^6 + 11*13^7 + 13^8 + 6*13^9 + 10*13^11 + 4*13^12 + 10*13^13 + O(13^14) : 1 + O(13^20))
   (5*13^-1 + 8 + 12*13 + 11*13^2 + 7*13^4 + 5*13^5 + 8*13^7 + 9*13^8 + 10*13^9 + 12*13^10 + 3*13^11 + 9*13^12 + 9*13^13 + 6*13^15 + O(13^16) : 5*13^-3 + 13^-2 + 4 + 11*13 + 13^2 + 2*13^3 + 12*13^5 + 2*13^6 + 13^7 + 5*13^8 + 6*13^9 + 4*13^10 + 2*13^11 + 8*13^12 + 5*13^13 + O(13^14) : 1 + O(13^20))
   (5*13^-1 + 8 + 12*13 + 11*13^2 + 7*13^4 + 5*13^5 + 8*13^7 + 9*13^8 + 10*13^9 + 12*13^10 + 3*13^11 + 9*13^12 + 9*13^13 + 6*13^15 + O(13^16) : 8*13^-3 + 11*13^-2 + 12*13^-1 + 8 + 13 + 11*13^2 + 10*13^3 + 12*13^4 + 10*13^6 + 11*13^7 + 7*13^8 + 6*13^9 + 8*13^10 + 10*13^11 + 4*13^12 + 7*13^13 + O(13^14) : 1 + O(13^20))
   (6 + 10*13 + 10*13^2 + 11*13^3 + 2*13^4 + 8*13^5 + 12*13^7 + 3*13^8 + 6*13^9 + 4*13^10 + 2*13^11 + 10*13^12 + 9*13^13 + 9*13^14 + 11*13^15 + O(13^16) : 10*13 + 3*13^2 + 4*13^3 + 4*13^4 + 12*13^5 + 4*13^6 + 11*13^7 + 11*13^8 + 6*13^10 + 3*13^12 + 5*13^13 + 10*13^14 + O(13^15) : 1 + O(13^20))
   (6 + 10*13 + 10*13^2 + 11*13^3 + 2*13^4 + 8*13^5 + 12*13^7 + 3*13^8 + 6*13^9 + 4*13^10 + 2*13^11 + 10*13^12 + 9*13^13 + 9*13^14 + 11*13^15 + O(13^16) : 3*13 + 9*13^2 + 8*13^3 + 8*13^4 + 8*13^6 + 13^7 + 13^8 + 12*13^9 + 6*13^10 + 12*13^11 + 9*13^12 + 7*13^13 + 2*13^14 + O(13^15) : 1 + O(13^20))
   (6 + 10*13 + 10*13^2 + 12*13^3 + 7*13^4 + 10*13^5 + 5*13^6 + 9*13^7 + 11*13^8 + 7*13^10 + 11*13^11 + 11*13^12 + 6*13^13 + 8*13^14 + 11*13^15 + O(13^16) : 10*13 + 7*13^2 + 5*13^3 + 11*13^4 + 3*13^5 + 3*13^6 + 12*13^7 + 7*13^8 + 13^9 + 9*13^11 + 2*13^12 + 6*13^13 + 10*13^14 + O(13^15) : 1 + O(13^20))
   (6 + 10*13 + 10*13^2 + 12*13^3 + 7*13^4 + 10*13^5 + 5*13^6 + 9*13^7 + 11*13^8 + 7*13^10 + 11*13^11 + 11*13^12 + 6*13^13 + 8*13^14 + 11*13^15 + O(13^16) : 3*13 + 5*13^2 + 7*13^3 + 13^4 + 9*13^5 + 9*13^6 + 5*13^8 + 11*13^9 + 12*13^10 + 3*13^11 + 10*13^12 + 6*13^13 + 2*13^14 + O(13^15) : 1 + O(13^20))
   (6 + 10*13 + 10*13^2 + 3*13^3 + 6*13^4 + 10*13^5 + 5*13^6 + 9*13^7 + 3*13^8 + 3*13^9 + 3*13^11 + 8*13^12 + 7*13^13 + 8*13^14 + 8*13^15 + O(13^16) : 10*13 + 10*13^2 + 10*13^3 + 13^4 + 9*13^5 + 2*13^6 + 12*13^7 + 6*13^8 + 13^9 + 6*13^10 + 7*13^11 + 10*13^12 + 8*13^13 + 5*13^14 + O(13^15) : 1 + O(13^20))
   (6 + 10*13 + 10*13^2 + 3*13^3 + 6*13^4 + 10*13^5 + 5*13^6 + 9*13^7 + 3*13^8 + 3*13^9 + 3*13^11 + 8*13^12 + 7*13^13 + 8*13^14 + 8*13^15 + O(13^16) : 3*13 + 2*13^2 + 2*13^3 + 11*13^4 + 3*13^5 + 10*13^6 + 6*13^8 + 11*13^9 + 6*13^10 + 5*13^11 + 2*13^12 + 4*13^13 + 7*13^14 + O(13^15) : 1 + O(13^20))
   (6 + 10*13 + 10*13^2 + 5*13^3 + 7*13^4 + 9*13^5 + 3*13^6 + 6*13^7 + 3*13^8 + 13^10 + 9*13^11 + 7*13^12 + 4*13^13 + 5*13^14 + 11*13^15 + O(13^16) : 10*13 + 5*13^2 + 13^3 + 12*13^4 + 7*13^5 + 13^6 + 3*13^7 + 4*13^8 + 11*13^9 + 3*13^10 + 12*13^11 + 5*13^12 + 6*13^13 + 8*13^14 + O(13^15) : 1 + O(13^20))
   (6 + 10*13 + 10*13^2 + 5*13^3 + 7*13^4 + 9*13^5 + 3*13^6 + 6*13^7 + 3*13^8 + 13^10 + 9*13^11 + 7*13^12 + 4*13^13 + 5*13^14 + 11*13^15 + O(13^16) : 3*13 + 7*13^2 + 11*13^3 + 5*13^5 + 11*13^6 + 9*13^7 + 8*13^8 + 13^9 + 9*13^10 + 7*13^12 + 6*13^13 + 4*13^14 + O(13^15) : 1 + O(13^20))
   (6 + 10*13 + 10*13^2 + 7*13^3 + 11*13^4 + 11*13^5 + 12*13^6 + 3*13^7 + 4*13^8 + 9*13^9 + 12*13^10 + 13^11 + 3*13^12 + 13^13 + 7*13^14 + 11*13^15 + O(13^16) : 10*13 + 8*13^3 + 7*13^4 + 12*13^5 + 6*13^6 + 7*13^7 + 2*13^9 + 5*13^10 + 12*13^11 + 9*13^12 + 5*13^13 + 11*13^14 + O(13^15) : 1 + O(13^20))
   (6 + 10*13 + 10*13^2 + 7*13^3 + 11*13^4 + 11*13^5 + 12*13^6 + 3*13^7 + 4*13^8 + 9*13^9 + 12*13^10 + 13^11 + 3*13^12 + 13^13 + 7*13^14 + 11*13^15 + O(13^16) : 3*13 + 12*13^2 + 4*13^3 + 5*13^4 + 6*13^6 + 5*13^7 + 12*13^8 + 10*13^9 + 7*13^10 + 3*13^12 + 7*13^13 + 13^14 + O(13^15) : 1 + O(13^20))
   (6 + 10*13 + 10*13^2 + 9*13^3 + 4*13^4 + 9*13^5 + 3*13^6 + 6*13^7 + 2*13^8 + 11*13^9 + 8*13^10 + 5*13^11 + 10*13^12 + 13^13 + 12*13^14 + 11*13^15 + O(13^16) : 10*13 + 8*13^2 + 8*13^4 + 6*13^6 + 12*13^7 + 9*13^8 + 12*13^9 + 5*13^10 + 10*13^11 + 5*13^12 + 11*13^13 + 2*13^14 + O(13^15) : 1 + O(13^20))
   (6 + 10*13 + 10*13^2 + 9*13^3 + 4*13^4 + 9*13^5 + 3*13^6 + 6*13^7 + 2*13^8 + 11*13^9 + 8*13^10 + 5*13^11 + 10*13^12 + 13^13 + 12*13^14 + 11*13^15 + O(13^16) : 3*13 + 4*13^2 + 12*13^3 + 4*13^4 + 12*13^5 + 6*13^6 + 3*13^8 + 7*13^10 + 2*13^11 + 7*13^12 + 13^13 + 10*13^14 + O(13^15) : 1 + O(13^20))
   (6 + 10*13 + 10*13^2 + 9*13^3 + 5*13^4 + 9*13^5 + 9*13^6 + 10*13^7 + 11*13^8 + 12*13^9 + 9*13^10 + 11*13^11 + 5*13^12 + 5*13^13 + 6*13^15 + O(13^16) : 10*13 + 8*13^2 + 4*13^3 + 6*13^4 + 7*13^5 + 11*13^6 + 4*13^7 + 12*13^8 + 9*13^9 + 10*13^10 + 8*13^11 + 5*13^12 + 12*13^13 + 6*13^14 + O(13^15) : 1 + O(13^20))
   (6 + 10*13 + 10*13^2 + 9*13^3 + 5*13^4 + 9*13^5 + 9*13^6 + 10*13^7 + 11*13^8 + 12*13^9 + 9*13^10 + 11*13^11 + 5*13^12 + 5*13^13 + 6*13^15 + O(13^16) : 3*13 + 4*13^2 + 8*13^3 + 6*13^4 + 5*13^5 + 13^6 + 8*13^7 + 3*13^9 + 2*13^10 + 4*13^11 + 7*13^12 + 6*13^14 + O(13^15) : 1 + O(13^20))
   (6 + 10*13 + 13^2 + 12*13^3 + 13^5 + 4*13^6 + 8*13^8 + 12*13^9 + 5*13^10 + 8*13^11 + 4*13^12 + 10*13^13 + 10*13^14 + 8*13^15 + O(13^16) : 11*13 + 4*13^2 + 8*13^3 + 4*13^4 + 2*13^5 + 8*13^6 + 6*13^7 + 10*13^8 + 13^9 + 12*13^10 + 9*13^11 + 4*13^12 + 13^13 + 4*13^14 + O(13^15) : 1 + O(13^20))
   (6 + 10*13 + 13^2 + 12*13^3 + 13^5 + 4*13^6 + 8*13^8 + 12*13^9 + 5*13^10 + 8*13^11 + 4*13^12 + 10*13^13 + 10*13^14 + 8*13^15 + O(13^16) : 2*13 + 8*13^2 + 4*13^3 + 8*13^4 + 10*13^5 + 4*13^6 + 6*13^7 + 2*13^8 + 11*13^9 + 3*13^11 + 8*13^12 + 11*13^13 + 8*13^14 + O(13^15) : 1 + O(13^20))
   (6 + 10*13 + 13^2 + 13^3 + 13^4 + 4*13^5 + 11*13^6 + 10*13^7 + 13^8 + 6*13^9 + 8*13^10 + 9*13^11 + 11*13^12 + 7*13^13 + 9*13^15 + O(13^16) : 11*13 + 3*13^2 + 7*13^3 + 10*13^4 + 3*13^5 + 2*13^6 + 3*13^7 + 8*13^8 + 8*13^9 + 2*13^10 + 9*13^11 + 5*13^12 + 4*13^13 + 7*13^14 + O(13^15) : 1 + O(13^20))
   (6 + 10*13 + 13^2 + 13^3 + 13^4 + 4*13^5 + 11*13^6 + 10*13^7 + 13^8 + 6*13^9 + 8*13^10 + 9*13^11 + 11*13^12 + 7*13^13 + 9*13^15 + O(13^16) : 2*13 + 9*13^2 + 5*13^3 + 2*13^4 + 9*13^5 + 10*13^6 + 9*13^7 + 4*13^8 + 4*13^9 + 10*13^10 + 3*13^11 + 7*13^12 + 8*13^13 + 5*13^14 + O(13^15) : 1 + O(13^20))
   (6 + 10*13 + 13^2 + 13^3 + 7*13^4 + 10*13^6 + 11*13^7 + 9*13^8 + 9*13^10 + 3*13^11 + 13^12 + 3*13^13 + 5*13^14 + 4*13^15 + O(13^16) : 11*13 + 3*13^2 + 4*13^3 + 13^5 + 5*13^8 + 3*13^9 + 11*13^10 + 5*13^11 + 8*13^12 + 8*13^13 + 7*13^14 + O(13^15) : 1 + O(13^20))
   (6 + 10*13 + 13^2 + 13^3 + 7*13^4 + 10*13^6 + 11*13^7 + 9*13^8 + 9*13^10 + 3*13^11 + 13^12 + 3*13^13 + 5*13^14 + 4*13^15 + O(13^16) : 2*13 + 9*13^2 + 8*13^3 + 12*13^4 + 11*13^5 + 12*13^6 + 12*13^7 + 7*13^8 + 9*13^9 + 13^10 + 7*13^11 + 4*13^12 + 4*13^13 + 5*13^14 + O(13^15) : 1 + O(13^20))
   (6 + 10*13 + 13^2 + 3*13^3 + 12*13^4 + 4*13^5 + 2*13^6 + 13^7 + 9*13^8 + 12*13^9 + 3*13^10 + 7*13^11 + 10*13^12 + 2*13^13 + 7*13^14 + 3*13^15 + O(13^16) : 11*13 + 2*13^2 + 13^3 + 13^6 + 13^7 + 12*13^8 + 10*13^9 + 3*13^11 + 3*13^12 + 12*13^13 + 11*13^14 + O(13^15) : 1 + O(13^20))
   (6 + 10*13 + 13^2 + 3*13^3 + 12*13^4 + 4*13^5 + 2*13^6 + 13^7 + 9*13^8 + 12*13^9 + 3*13^10 + 7*13^11 + 10*13^12 + 2*13^13 + 7*13^14 + 3*13^15 + O(13^16) : 2*13 + 10*13^2 + 11*13^3 + 12*13^4 + 12*13^5 + 11*13^6 + 11*13^7 + 2*13^9 + 12*13^10 + 9*13^11 + 9*13^12 + 13^14 + O(13^15) : 1 + O(13^20))
   (6 + 10*13 + 13^2 + 5*13^3 + 5*13^4 + 4*13^5 + 10*13^6 + 11*13^7 + 10*13^8 + 4*13^9 + 6*13^10 + 5*13^11 + 11*13^12 + 5*13^13 + 10*13^14 + O(13^16) : 11*13 + 13^2 + 11*13^3 + 10*13^4 + 11*13^5 + 12*13^6 + 9*13^7 + 6*13^8 + 8*13^9 + 2*13^11 + 4*13^12 + 4*13^13 + 7*13^14 + O(13^15) : 1 + O(13^20))
   (6 + 10*13 + 13^2 + 5*13^3 + 5*13^4 + 4*13^5 + 10*13^6 + 11*13^7 + 10*13^8 + 4*13^9 + 6*13^10 + 5*13^11 + 11*13^12 + 5*13^13 + 10*13^14 + O(13^16) : 2*13 + 11*13^2 + 13^3 + 2*13^4 + 13^5 + 3*13^7 + 6*13^8 + 4*13^9 + 12*13^10 + 10*13^11 + 8*13^12 + 8*13^13 + 5*13^14 + O(13^15) : 1 + O(13^20))
   (6 + 10*13 + 13^2 + 9*13^3 + 10*13^4 + 9*13^5 + 11*13^6 + 4*13^7 + 6*13^8 + 12*13^9 + 13^10 + 12*13^11 + 5*13^12 + 4*13^13 + 4*13^14 + 3*13^15 + O(13^16) : 11*13 + 12*13^2 + 9*13^3 + 12*13^4 + 12*13^5 + 5*13^6 + 9*13^7 + 10*13^8 + 5*13^9 + 5*13^10 + 8*13^11 + 11*13^12 + 11*13^13 + 3*13^14 + O(13^15) : 1 + O(13^20))
   (6 + 10*13 + 13^2 + 9*13^3 + 10*13^4 + 9*13^5 + 11*13^6 + 4*13^7 + 6*13^8 + 12*13^9 + 13^10 + 12*13^11 + 5*13^12 + 4*13^13 + 4*13^14 + 3*13^15 + O(13^16) : 2*13 + 3*13^3 + 7*13^6 + 3*13^7 + 2*13^8 + 7*13^9 + 7*13^10 + 4*13^11 + 13^12 + 13^13 + 9*13^14 + O(13^15) : 1 + O(13^20))
   (6 + 10*13 + 4*13^2 + 10*13^3 + 13^4 + 11*13^5 + 5*13^6 + 5*13^7 + 11*13^8 + 6*13^9 + 11*13^10 + 11*13^11 + 5*13^12 + 9*13^13 + 10*13^14 + 3*13^15 + O(13^16) : 6*13 + 13^2 + 5*13^3 + 13^4 + 5*13^5 + 5*13^6 + 12*13^7 + 13^8 + 3*13^9 + 13^10 + 9*13^11 + 5*13^12 + 2*13^13 + 5*13^14 + O(13^15) : 1 + O(13^20))
   (6 + 10*13 + 4*13^2 + 10*13^3 + 13^4 + 11*13^5 + 5*13^6 + 5*13^7 + 11*13^8 + 6*13^9 + 11*13^10 + 11*13^11 + 5*13^12 + 9*13^13 + 10*13^14 + 3*13^15 + O(13^16) : 7*13 + 11*13^2 + 7*13^3 + 11*13^4 + 7*13^5 + 7*13^6 + 11*13^8 + 9*13^9 + 11*13^10 + 3*13^11 + 7*13^12 + 10*13^13 + 7*13^14 + O(13^15) : 1 + O(13^20))
   (6 + 10*13 + 4*13^2 + 10*13^3 + 5*13^4 + 12*13^5 + 11*13^6 + 2*13^7 + 13^8 + 12*13^9 + 3*13^11 + 5*13^12 + 13^13 + 8*13^14 + 13^15 + O(13^16) : 6*13 + 13^2 + 10*13^3 + 10*13^4 + 7*13^5 + 13^6 + 2*13^7 + 11*13^9 + 9*13^10 + 11*13^11 + 2*13^12 + 13^13 + O(13^15) : 1 + O(13^20))
   (6 + 10*13 + 4*13^2 + 10*13^3 + 5*13^4 + 12*13^5 + 11*13^6 + 2*13^7 + 13^8 + 12*13^9 + 3*13^11 + 5*13^12 + 13^13 + 8*13^14 + 13^15 + O(13^16) : 7*13 + 11*13^2 + 2*13^3 + 2*13^4 + 5*13^5 + 11*13^6 + 10*13^7 + 12*13^8 + 13^9 + 3*13^10 + 13^11 + 10*13^12 + 11*13^13 + 12*13^14 + O(13^15) : 1 + O(13^20))
   (6 + 10*13 + 4*13^2 + 12*13^3 + 11*13^4 + 6*13^5 + 10*13^6 + 4*13^7 + 8*13^8 + 13^9 + 11*13^10 + 13^11 + 13^12 + 8*13^15 + O(13^16) : 6*13 + 10*13^2 + 6*13^3 + 13^4 + 4*13^5 + 12*13^6 + 9*13^8 + 11*13^9 + 4*13^10 + 9*13^11 + 6*13^12 + 4*13^13 + 8*13^14 + O(13^15) : 1 + O(13^20))
   (6 + 10*13 + 4*13^2 + 12*13^3 + 11*13^4 + 6*13^5 + 10*13^6 + 4*13^7 + 8*13^8 + 13^9 + 11*13^10 + 13^11 + 13^12 + 8*13^15 + O(13^16) : 7*13 + 2*13^2 + 6*13^3 + 11*13^4 + 8*13^5 + 12*13^7 + 3*13^8 + 13^9 + 8*13^10 + 3*13^11 + 6*13^12 + 8*13^13 + 4*13^14 + O(13^15) : 1 + O(13^20))
   (6 + 10*13 + 4*13^2 + 5*13^3 + 2*13^4 + 12*13^5 + 7*13^6 + 3*13^7 + 6*13^9 + 6*13^12 + 5*13^13 + 7*13^14 + 2*13^15 + O(13^16) : 6*13 + 11*13^2 + 10*13^3 + 3*13^4 + 9*13^5 + 6*13^6 + 6*13^7 + 4*13^8 + 13^9 + 7*13^10 + 3*13^11 + 4*13^12 + 7*13^13 + 9*13^14 + O(13^15) : 1 + O(13^20))
   (6 + 10*13 + 4*13^2 + 5*13^3 + 2*13^4 + 12*13^5 + 7*13^6 + 3*13^7 + 6*13^9 + 6*13^12 + 5*13^13 + 7*13^14 + 2*13^15 + O(13^16) : 7*13 + 13^2 + 2*13^3 + 9*13^4 + 3*13^5 + 6*13^6 + 6*13^7 + 8*13^8 + 11*13^9 + 5*13^10 + 9*13^11 + 8*13^12 + 5*13^13 + 3*13^14 + O(13^15) : 1 + O(13^20))
   (6 + 10*13 + 4*13^2 + 8*13^3 + 8*13^4 + 3*13^5 + 8*13^6 + 8*13^7 + 6*13^8 + 6*13^9 + 7*13^10 + 11*13^11 + 3*13^12 + 13^13 + 5*13^14 + 10*13^15 + O(13^16) : 6*13 + 5*13^2 + 13^3 + 9*13^4 + 5*13^5 + 9*13^6 + 12*13^7 + 7*13^8 + 6*13^9 + 9*13^10 + 4*13^11 + 11*13^12 + 10*13^13 + 10*13^14 + O(13^15) : 1 + O(13^20))
   (6 + 10*13 + 4*13^2 + 8*13^3 + 8*13^4 + 3*13^5 + 8*13^6 + 8*13^7 + 6*13^8 + 6*13^9 + 7*13^10 + 11*13^11 + 3*13^12 + 13^13 + 5*13^14 + 10*13^15 + O(13^16) : 7*13 + 7*13^2 + 11*13^3 + 3*13^4 + 7*13^5 + 3*13^6 + 5*13^8 + 6*13^9 + 3*13^10 + 8*13^11 + 13^12 + 2*13^13 + 2*13^14 + O(13^15) : 1 + O(13^20))
   (6 + 10*13 + 5*13^2 + 10*13^3 + 4*13^4 + 3*13^6 + 3*13^7 + 7*13^8 + 4*13^9 + 12*13^10 + 5*13^11 + 5*13^12 + 10*13^13 + 5*13^14 + 4*13^15 + O(13^16) : 5*13 + 3*13^2 + 3*13^3 + 12*13^4 + 11*13^5 + 4*13^6 + 2*13^7 + 6*13^8 + 3*13^9 + 11*13^10 + 3*13^11 + 3*13^12 + 2*13^13 + 3*13^14 + O(13^15) : 1 + O(13^20))
   (6 + 10*13 + 5*13^2 + 10*13^3 + 4*13^4 + 3*13^6 + 3*13^7 + 7*13^8 + 4*13^9 + 12*13^10 + 5*13^11 + 5*13^12 + 10*13^13 + 5*13^14 + 4*13^15 + O(13^16) : 8*13 + 9*13^2 + 9*13^3 + 13^5 + 8*13^6 + 10*13^7 + 6*13^8 + 9*13^9 + 13^10 + 9*13^11 + 9*13^12 + 10*13^13 + 9*13^14 + O(13^15) : 1 + O(13^20))
   (6 + 10*13 + 5*13^2 + 11*13^4 + 8*13^5 + 9*13^6 + 11*13^7 + 3*13^8 + 12*13^9 + 4*13^10 + 2*13^11 + 6*13^12 + 2*13^13 + 13^14 + 12*13^15 + O(13^16) : 5*13 + 13^2 + 9*13^3 + 8*13^4 + 12*13^5 + 2*13^6 + 9*13^7 + 8*13^8 + 2*13^9 + 7*13^10 + 9*13^11 + 10*13^13 + 3*13^14 + O(13^15) : 1 + O(13^20))
   (6 + 10*13 + 5*13^2 + 11*13^4 + 8*13^5 + 9*13^6 + 11*13^7 + 3*13^8 + 12*13^9 + 4*13^10 + 2*13^11 + 6*13^12 + 2*13^13 + 13^14 + 12*13^15 + O(13^16) : 8*13 + 11*13^2 + 3*13^3 + 4*13^4 + 10*13^6 + 3*13^7 + 4*13^8 + 10*13^9 + 5*13^10 + 3*13^11 + 12*13^12 + 2*13^13 + 9*13^14 + O(13^15) : 1 + O(13^20))
   (6 + 10*13 + 5*13^2 + 2*13^3 + 4*13^4 + 10*13^5 + 9*13^6 + 9*13^7 + 13^8 + 8*13^9 + 8*13^10 + 2*13^11 + 9*13^12 + 3*13^13 + 6*13^14 + 3*13^15 + O(13^16) : 5*13 + 4*13^2 + 8*13^3 + 10*13^4 + 12*13^5 + 10*13^6 + 3*13^7 + 3*13^8 + 5*13^9 + 4*13^10 + 10*13^12 + 3*13^13 + 9*13^14 + O(13^15) : 1 + O(13^20))
   (6 + 10*13 + 5*13^2 + 2*13^3 + 4*13^4 + 10*13^5 + 9*13^6 + 9*13^7 + 13^8 + 8*13^9 + 8*13^10 + 2*13^11 + 9*13^12 + 3*13^13 + 6*13^14 + 3*13^15 + O(13^16) : 8*13 + 8*13^2 + 4*13^3 + 2*13^4 + 2*13^6 + 9*13^7 + 9*13^8 + 7*13^9 + 8*13^10 + 12*13^11 + 2*13^12 + 9*13^13 + 3*13^14 + O(13^15) : 1 + O(13^20))
   (6 + 10*13 + 5*13^2 + 3*13^3 + 10*13^4 + 13^5 + 5*13^6 + 2*13^7 + 4*13^8 + 7*13^9 + 5*13^10 + 7*13^11 + 13^12 + 2*13^13 + 5*13^14 + 9*13^15 + O(13^16) : 5*13 + 12*13^2 + 4*13^3 + 12*13^4 + 12*13^5 + 2*13^6 + 4*13^7 + 12*13^8 + 6*13^9 + 12*13^10 + 9*13^11 + 8*13^12 + 11*13^13 + O(13^15) : 1 + O(13^20))
   (6 + 10*13 + 5*13^2 + 3*13^3 + 10*13^4 + 13^5 + 5*13^6 + 2*13^7 + 4*13^8 + 7*13^9 + 5*13^10 + 7*13^11 + 13^12 + 2*13^13 + 5*13^14 + 9*13^15 + O(13^16) : 8*13 + 8*13^3 + 10*13^6 + 8*13^7 + 6*13^9 + 3*13^11 + 4*13^12 + 13^13 + 12*13^14 + O(13^15) : 1 + O(13^20))
   (6 + 10*13 + 5*13^2 + 4*13^3 + 2*13^4 + 5*13^8 + 11*13^9 + 4*13^10 + 12*13^11 + 7*13^12 + 4*13^13 + 11*13^14 + O(13^16) : 5*13 + 7*13^2 + 13^3 + 6*13^4 + 5*13^5 + 10*13^6 + 2*13^7 + 6*13^8 + 11*13^10 + 13^11 + 7*13^12 + 6*13^13 + 2*13^14 + O(13^15) : 1 + O(13^20))
   (6 + 10*13 + 5*13^2 + 4*13^3 + 2*13^4 + 5*13^8 + 11*13^9 + 4*13^10 + 12*13^11 + 7*13^12 + 4*13^13 + 11*13^14 + O(13^16) : 8*13 + 5*13^2 + 11*13^3 + 6*13^4 + 7*13^5 + 2*13^6 + 10*13^7 + 6*13^8 + 12*13^9 + 13^10 + 11*13^11 + 5*13^12 + 6*13^13 + 10*13^14 + O(13^15) : 1 + O(13^20))
   (6 + 10*13 + 5*13^2 + 4*13^4 + 5*13^5 + 13^6 + 9*13^7 + 10*13^8 + 7*13^9 + 11*13^10 + 9*13^11 + 2*13^12 + 7*13^13 + 11*13^14 + 3*13^15 + O(13^16) : 5*13 + 13^2 + 5*13^3 + 3*13^4 + 3*13^5 + 7*13^6 + 12*13^7 + 8*13^8 + 10*13^9 + 9*13^10 + 2*13^11 + 12*13^12 + 8*13^13 + 11*13^14 + O(13^15) : 1 + O(13^20))
   (6 + 10*13 + 5*13^2 + 4*13^4 + 5*13^5 + 13^6 + 9*13^7 + 10*13^8 + 7*13^9 + 11*13^10 + 9*13^11 + 2*13^12 + 7*13^13 + 11*13^14 + 3*13^15 + O(13^16) : 8*13 + 11*13^2 + 7*13^3 + 9*13^4 + 9*13^5 + 5*13^6 + 4*13^8 + 2*13^9 + 3*13^10 + 10*13^11 + 4*13^13 + 13^14 + O(13^15) : 1 + O(13^20))
   (6 + 10*13 + 6*13^2 + 10*13^3 + 3*13^4 + 8*13^5 + 10*13^6 + 5*13^8 + 12*13^9 + 4*13^10 + 3*13^11 + 5*13^12 + 8*13^13 + 10*13^14 + 6*13^15 + O(13^16) : 12*13 + 7*13^2 + 11*13^3 + 8*13^4 + 6*13^5 + 2*13^7 + 12*13^8 + 3*13^9 + 6*13^10 + 4*13^11 + 13^12 + 3*13^13 + 6*13^14 + O(13^15) : 1 + O(13^20))
   (6 + 10*13 + 6*13^2 + 10*13^3 + 3*13^4 + 8*13^5 + 10*13^6 + 5*13^8 + 12*13^9 + 4*13^10 + 3*13^11 + 5*13^12 + 8*13^13 + 10*13^14 + 6*13^15 + O(13^16) : 13 + 5*13^2 + 13^3 + 4*13^4 + 6*13^5 + 12*13^6 + 10*13^7 + 9*13^9 + 6*13^10 + 8*13^11 + 11*13^12 + 9*13^13 + 6*13^14 + O(13^15) : 1 + O(13^20))
   (6 + 10*13 + 6*13^2 + 10*13^3 + 7*13^4 + 9*13^5 + 5*13^6 + 12*13^7 + 12*13^8 + 6*13^9 + 5*13^10 + 12*13^11 + 9*13^12 + 9*13^13 + 12*13^15 + O(13^16) : 12*13 + 7*13^2 + 7*13^3 + 6*13^4 + 2*13^5 + 9*13^6 + 6*13^7 + 10*13^8 + 13^9 + 6*13^10 + 6*13^11 + 7*13^12 + 10*13^13 + 8*13^14 + O(13^15) : 1 + O(13^20))
   (6 + 10*13 + 6*13^2 + 10*13^3 + 7*13^4 + 9*13^5 + 5*13^6 + 12*13^7 + 12*13^8 + 6*13^9 + 5*13^10 + 12*13^11 + 9*13^12 + 9*13^13 + 12*13^15 + O(13^16) : 13 + 5*13^2 + 5*13^3 + 6*13^4 + 10*13^5 + 3*13^6 + 6*13^7 + 2*13^8 + 11*13^9 + 6*13^10 + 6*13^11 + 5*13^12 + 2*13^13 + 4*13^14 + O(13^15) : 1 + O(13^20))
   (6 + 10*13 + 6*13^2 + 12*13^3 + 5*13^5 + 4*13^6 + 4*13^7 + 13^8 + 7*13^9 + 4*13^10 + 11*13^11 + 9*13^12 + 9*13^13 + 5*13^14 + 11*13^15 + O(13^16) : 12*13 + 5*13^2 + 9*13^3 + 6*13^4 + 3*13^5 + 5*13^6 + 4*13^7 + 5*13^8 + 5*13^9 + 4*13^10 + 7*13^11 + 11*13^12 + 12*13^13 + 6*13^14 + O(13^15) : 1 + O(13^20))
   (6 + 10*13 + 6*13^2 + 12*13^3 + 5*13^5 + 4*13^6 + 4*13^7 + 13^8 + 7*13^9 + 4*13^10 + 11*13^11 + 9*13^12 + 9*13^13 + 5*13^14 + 11*13^15 + O(13^16) : 13 + 7*13^2 + 3*13^3 + 6*13^4 + 9*13^5 + 7*13^6 + 8*13^7 + 7*13^8 + 7*13^9 + 8*13^10 + 5*13^11 + 13^12 + 6*13^14 + O(13^15) : 1 + O(13^20))
   (6 + 10*13 + 6*13^2 + 4*13^3 + 12*13^4 + 3*13^5 + 7*13^6 + 6*13^7 + 13^8 + 3*13^9 + 12*13^10 + 12*13^11 + 13^12 + 8*13^13 + 10*13^14 + 12*13^15 + O(13^16) : 12*13 + 3*13^3 + 12*13^4 + 2*13^5 + 5*13^6 + 4*13^7 + 9*13^9 + 11*13^10 + 8*13^11 + 10*13^12 + 11*13^13 + 12*13^14 + O(13^15) : 1 + O(13^20))
   (6 + 10*13 + 6*13^2 + 4*13^3 + 12*13^4 + 3*13^5 + 7*13^6 + 6*13^7 + 13^8 + 3*13^9 + 12*13^10 + 12*13^11 + 13^12 + 8*13^13 + 10*13^14 + 12*13^15 + O(13^16) : 13 + 12*13^2 + 9*13^3 + 10*13^5 + 7*13^6 + 8*13^7 + 12*13^8 + 3*13^9 + 13^10 + 4*13^11 + 2*13^12 + 13^13 + O(13^15) : 1 + O(13^20))
   (6 + 10*13 + 6*13^2 + 6*13^3 + 5*13^4 + 12*13^5 + 2*13^6 + 7*13^7 + 13^8 + 7*13^9 + 2*13^10 + 5*13^11 + 5*13^12 + 8*13^13 + 7*13^14 + 13^15 + O(13^16) : 12*13 + 11*13^2 + 5*13^3 + 6*13^4 + 3*13^5 + 4*13^6 + 11*13^7 + 7*13^8 + 13^9 + 6*13^10 + 4*13^11 + 12*13^12 + 3*13^13 + 7*13^14 + O(13^15) : 1 + O(13^20))
   (6 + 10*13 + 6*13^2 + 6*13^3 + 5*13^4 + 12*13^5 + 2*13^6 + 7*13^7 + 13^8 + 7*13^9 + 2*13^10 + 5*13^11 + 5*13^12 + 8*13^13 + 7*13^14 + 13^15 + O(13^16) : 13 + 13^2 + 7*13^3 + 6*13^4 + 9*13^5 + 8*13^6 + 13^7 + 5*13^8 + 11*13^9 + 6*13^10 + 8*13^11 + 9*13^13 + 5*13^14 + O(13^15) : 1 + O(13^20))
   (6 + 10*13 + 6*13^2 + 8*13^3 + 10*13^4 + 12*13^5 + 12*13^6 + 8*13^8 + 11*13^9 + 11*13^10 + 6*13^11 + 3*13^13 + 10*13^14 + 12*13^15 + O(13^16) : 12*13 + 9*13^2 + 10*13^4 + 5*13^5 + 8*13^6 + 13^7 + 3*13^8 + 5*13^9 + 12*13^10 + 12*13^11 + 8*13^12 + 9*13^13 + 10*13^14 + O(13^15) : 1 + O(13^20))
   (6 + 10*13 + 6*13^2 + 8*13^3 + 10*13^4 + 12*13^5 + 12*13^6 + 8*13^8 + 11*13^9 + 11*13^10 + 6*13^11 + 3*13^13 + 10*13^14 + 12*13^15 + O(13^16) : 13 + 3*13^2 + 12*13^3 + 2*13^4 + 7*13^5 + 4*13^6 + 11*13^7 + 9*13^8 + 7*13^9 + 4*13^12 + 3*13^13 + 2*13^14 + O(13^15) : 1 + O(13^20))
   (6 + 10*13 + 6*13^2 + 8*13^3 + 9*13^4 + 12*13^5 + 7*13^6 + 3*13^7 + 4*13^8 + 13^9 + 6*13^10 + 7*13^11 + 11*13^12 + 9*13^13 + 7*13^14 + 5*13^15 + O(13^16) : 12*13 + 9*13^2 + 13^3 + 9*13^4 + 9*13^5 + 12*13^6 + 3*13^7 + 10*13^8 + 6*13^10 + 8*13^11 + 4*13^12 + 10*13^13 + 12*13^14 + O(13^15) : 1 + O(13^20))
   (6 + 10*13 + 6*13^2 + 8*13^3 + 9*13^4 + 12*13^5 + 7*13^6 + 3*13^7 + 4*13^8 + 13^9 + 6*13^10 + 7*13^11 + 11*13^12 + 9*13^13 + 7*13^14 + 5*13^15 + O(13^16) : 13 + 3*13^2 + 11*13^3 + 3*13^4 + 3*13^5 + 9*13^7 + 2*13^8 + 12*13^9 + 6*13^10 + 4*13^11 + 8*13^12 + 2*13^13 + O(13^15) : 1 + O(13^20))
   (6 + 10*13 + 7*13^2 + 11*13^3 + 13^4 + 5*13^5 + 7*13^6 + 4*13^7 + 7*13^8 + 12*13^9 + 11*13^10 + 12*13^11 + 5*13^12 + 3*13^13 + 6*13^14 + 12*13^15 + O(13^16) : 4*13 + 10*13^2 + 2*13^3 + 12*13^5 + 12*13^6 + 10*13^7 + 7*13^8 + 4*13^9 + 9*13^10 + 13^12 + 4*13^13 + 10*13^14 + O(13^15) : 1 + O(13^20))
   (6 + 10*13 + 7*13^2 + 11*13^3 + 13^4 + 5*13^5 + 7*13^6 + 4*13^7 + 7*13^8 + 12*13^9 + 11*13^10 + 12*13^11 + 5*13^12 + 3*13^13 + 6*13^14 + 12*13^15 + O(13^16) : 9*13 + 2*13^2 + 10*13^3 + 12*13^4 + 2*13^7 + 5*13^8 + 8*13^9 + 3*13^10 + 12*13^11 + 11*13^12 + 8*13^13 + 2*13^14 + O(13^15) : 1 + O(13^20))
   (6 + 10*13 + 7*13^2 + 2*13^3 + 2*13^5 + 10*13^6 + 9*13^7 + 3*13^8 + 2*13^9 + 7*13^10 + 6*13^11 + 11*13^12 + 5*13^13 + 8*13^14 + 13^15 + O(13^16) : 4*13 + 11*13^2 + 9*13^3 + 13^4 + 4*13^6 + 2*13^7 + 6*13^8 + 4*13^9 + 7*13^10 + 10*13^11 + 12*13^12 + 8*13^13 + 2*13^14 + O(13^15) : 1 + O(13^20))
   (6 + 10*13 + 7*13^2 + 2*13^3 + 2*13^5 + 10*13^6 + 9*13^7 + 3*13^8 + 2*13^9 + 7*13^10 + 6*13^11 + 11*13^12 + 5*13^13 + 8*13^14 + 13^15 + O(13^16) : 9*13 + 13^2 + 3*13^3 + 11*13^4 + 12*13^5 + 8*13^6 + 10*13^7 + 6*13^8 + 8*13^9 + 5*13^10 + 2*13^11 + 4*13^13 + 10*13^14 + O(13^15) : 1 + O(13^20))
   (6 + 10*13 + 7*13^2 + 3*13^3 + 6*13^4 + 7*13^6 + 11*13^7 + 8*13^8 + 6*13^9 + 11*13^10 + 10*13^11 + 12*13^12 + 11*13^13 + 10*13^14 + 5*13^15 + O(13^16) : 4*13 + 8*13^2 + 7*13^3 + 13^4 + 3*13^5 + 13^6 + 11*13^7 + 5*13^9 + 12*13^10 + 2*13^11 + 6*13^12 + 7*13^13 + 12*13^14 + O(13^15) : 1 + O(13^20))
   (6 + 10*13 + 7*13^2 + 3*13^3 + 6*13^4 + 7*13^6 + 11*13^7 + 8*13^8 + 6*13^9 + 11*13^10 + 10*13^11 + 12*13^12 + 11*13^13 + 10*13^14 + 5*13^15 + O(13^16) : 9*13 + 4*13^2 + 5*13^3 + 11*13^4 + 9*13^5 + 11*13^6 + 13^7 + 12*13^8 + 7*13^9 + 10*13^11 + 6*13^12 + 5*13^13 + O(13^15) : 1 + O(13^20))
   (6 + 10*13 + 7*13^2 + 7*13^4 + 12*13^5 + 9*13^6 + 7*13^7 + 8*13^8 + 2*13^9 + 7*13^10 + 8*13^11 + 13^12 + 8*13^13 + 3*13^14 + 5*13^15 + O(13^16) : 4*13 + 4*13^2 + 12*13^3 + 5*13^4 + 5*13^5 + 7*13^6 + 4*13^7 + 7*13^8 + 3*13^10 + 10*13^11 + 8*13^12 + 7*13^13 + 11*13^14 + O(13^15) : 1 + O(13^20))
   (6 + 10*13 + 7*13^2 + 7*13^4 + 12*13^5 + 9*13^6 + 7*13^7 + 8*13^8 + 2*13^9 + 7*13^10 + 8*13^11 + 13^12 + 8*13^13 + 3*13^14 + 5*13^15 + O(13^16) : 9*13 + 8*13^2 + 7*13^4 + 7*13^5 + 5*13^6 + 8*13^7 + 5*13^8 + 12*13^9 + 9*13^10 + 2*13^11 + 4*13^12 + 5*13^13 + 13^14 + O(13^15) : 1 + O(13^20))
   (6 + 10*13 + 7*13^2 + 9*13^3 + 8*13^4 + 2*13^5 + 9*13^6 + 13^7 + 11*13^8 + 5*13^9 + 8*13^10 + 8*13^11 + 4*13^13 + 7*13^14 + 5*13^15 + O(13^16) : 4*13 + 3*13^2 + 3*13^4 + 3*13^5 + 11*13^6 + 2*13^7 + 9*13^8 + 11*13^9 + 9*13^10 + 11*13^11 + 2*13^13 + 8*13^14 + O(13^15) : 1 + O(13^20))
   (6 + 10*13 + 7*13^2 + 9*13^3 + 8*13^4 + 2*13^5 + 9*13^6 + 13^7 + 11*13^8 + 5*13^9 + 8*13^10 + 8*13^11 + 4*13^13 + 7*13^14 + 5*13^15 + O(13^16) : 9*13 + 9*13^2 + 12*13^3 + 9*13^4 + 9*13^5 + 13^6 + 10*13^7 + 3*13^8 + 13^9 + 3*13^10 + 13^11 + 12*13^12 + 10*13^13 + 4*13^14 + O(13^15) : 1 + O(13^20))
   (6 + 10*13 + 7*13^2 + 9*13^5 + 4*13^6 + 7*13^7 + 8*13^8 + 7*13^9 + 13^10 + 6*13^12 + 13^13 + 7*13^14 + 2*13^15 + O(13^16) : 4*13 + 4*13^2 + 7*13^3 + 6*13^4 + 8*13^5 + 7*13^6 + 8*13^7 + 9*13^8 + 10*13^9 + 3*13^11 + 10*13^12 + 11*13^13 + 6*13^14 + O(13^15) : 1 + O(13^20))
   (6 + 10*13 + 7*13^2 + 9*13^5 + 4*13^6 + 7*13^7 + 8*13^8 + 7*13^9 + 13^10 + 6*13^12 + 13^13 + 7*13^14 + 2*13^15 + O(13^16) : 9*13 + 8*13^2 + 5*13^3 + 6*13^4 + 4*13^5 + 5*13^6 + 4*13^7 + 3*13^8 + 2*13^9 + 12*13^10 + 9*13^11 + 2*13^12 + 13^13 + 6*13^14 + O(13^15) : 1 + O(13^20))
   (6*13 + 2*13^2 + 9*13^3 + 10*13^4 + 4*13^5 + 3*13^6 + 9*13^7 + 2*13^8 + 11*13^9 + 11*13^10 + 4*13^11 + 5*13^12 + 7*13^13 + 9*13^14 + O(13^15) : 10 + 9*13 + 3*13^3 + 3*13^4 + 10*13^5 + 4*13^6 + 3*13^7 + 3*13^8 + 4*13^9 + 12*13^10 + 9*13^12 + 3*13^13 + 2*13^14 + 5*13^15 + O(13^16) : 1 + O(13^20))
   (6*13 + 2*13^2 + 9*13^3 + 10*13^4 + 4*13^5 + 3*13^6 + 9*13^7 + 2*13^8 + 11*13^9 + 11*13^10 + 4*13^11 + 5*13^12 + 7*13^13 + 9*13^14 + O(13^15) : 3 + 3*13 + 12*13^2 + 9*13^3 + 9*13^4 + 2*13^5 + 8*13^6 + 9*13^7 + 9*13^8 + 8*13^9 + 12*13^11 + 3*13^12 + 9*13^13 + 10*13^14 + 7*13^15 + O(13^16) : 1 + O(13^20))
   (6*13 + 5*13^2 + 12*13^3 + 4*13^4 + 11*13^5 + 6*13^6 + 9*13^7 + 6*13^8 + 13^10 + 12*13^11 + 11*13^12 + 5*13^13 + O(13^15) : 10 + 9*13 + 5*13^3 + 11*13^4 + 10*13^5 + 7*13^6 + 7*13^7 + 7*13^8 + 3*13^9 + 9*13^10 + 6*13^11 + 6*13^12 + 13^13 + 2*13^14 + 4*13^15 + O(13^16) : 1 + O(13^20))
   (6*13 + 5*13^2 + 12*13^3 + 4*13^4 + 11*13^5 + 6*13^6 + 9*13^7 + 6*13^8 + 13^10 + 12*13^11 + 11*13^12 + 5*13^13 + O(13^15) : 3 + 3*13 + 12*13^2 + 7*13^3 + 13^4 + 2*13^5 + 5*13^6 + 5*13^7 + 5*13^8 + 9*13^9 + 3*13^10 + 6*13^11 + 6*13^12 + 11*13^13 + 10*13^14 + 8*13^15 + O(13^16) : 1 + O(13^20))
   (6*13 + 6*13^2 + 13^3 + 7*13^4 + 3*13^5 + 5*13^6 + 7*13^7 + 13^8 + 8*13^9 + 13^10 + 5*13^11 + 10*13^12 + 12*13^13 + 7*13^14 + O(13^15) : 10 + 9*13 + 10*13^3 + 7*13^4 + 3*13^5 + 11*13^6 + 7*13^7 + 13^8 + 11*13^9 + 10*13^10 + 8*13^11 + 10*13^12 + 13^13 + 9*13^14 + 9*13^15 + O(13^16) : 1 + O(13^20))
   (6*13 + 6*13^2 + 13^3 + 7*13^4 + 3*13^5 + 5*13^6 + 7*13^7 + 13^8 + 8*13^9 + 13^10 + 5*13^11 + 10*13^12 + 12*13^13 + 7*13^14 + O(13^15) : 3 + 3*13 + 12*13^2 + 2*13^3 + 5*13^4 + 9*13^5 + 13^6 + 5*13^7 + 11*13^8 + 13^9 + 2*13^10 + 4*13^11 + 2*13^12 + 11*13^13 + 3*13^14 + 3*13^15 + O(13^16) : 1 + O(13^20))
   (6*13 + 9*13^3 + 10*13^4 + 9*13^5 + 11*13^6 + 6*13^7 + 2*13^8 + 12*13^9 + 12*13^10 + 13^11 + 2*13^12 + 13^13 + 12*13^14 + O(13^15) : 10 + 9*13 + 6*13^3 + 5*13^4 + 11*13^5 + 7*13^6 + 2*13^7 + 7*13^8 + 7*13^9 + 12*13^10 + 5*13^11 + 7*13^12 + 10*13^13 + 2*13^14 + 4*13^15 + O(13^16) : 1 + O(13^20))
   (6*13 + 9*13^3 + 10*13^4 + 9*13^5 + 11*13^6 + 6*13^7 + 2*13^8 + 12*13^9 + 12*13^10 + 13^11 + 2*13^12 + 13^13 + 12*13^14 + O(13^15) : 3 + 3*13 + 12*13^2 + 6*13^3 + 7*13^4 + 13^5 + 5*13^6 + 10*13^7 + 5*13^8 + 5*13^9 + 7*13^11 + 5*13^12 + 2*13^13 + 10*13^14 + 8*13^15 + O(13^16) : 1 + O(13^20))
   (6*13^-1 + 11 + 2*13 + 9*13^2 + 11*13^3 + 3*13^4 + 5*13^5 + 13^6 + 3*13^7 + 6*13^8 + 4*13^9 + 2*13^10 + 4*13^11 + 8*13^12 + 4*13^13 + 9*13^14 + 3*13^15 + O(13^16) : 5*13^-3 + 4*13^-2 + 12*13^-1 + 6 + 11*13 + 10*13^3 + 4*13^4 + 4*13^5 + 2*13^6 + 13^7 + 6*13^8 + 12*13^9 + 12*13^10 + 13^11 + 5*13^12 + 6*13^13 + O(13^14) : 1 + O(13^20))
   (6*13^-1 + 11 + 2*13 + 9*13^2 + 11*13^3 + 3*13^4 + 5*13^5 + 13^6 + 3*13^7 + 6*13^8 + 4*13^9 + 2*13^10 + 4*13^11 + 8*13^12 + 4*13^13 + 9*13^14 + 3*13^15 + O(13^16) : 8*13^-3 + 8*13^-2 + 6 + 13 + 12*13^2 + 2*13^3 + 8*13^4 + 8*13^5 + 10*13^6 + 11*13^7 + 6*13^8 + 11*13^11 + 7*13^12 + 6*13^13 + O(13^14) : 1 + O(13^20))
   (6*13^-1 + 3 + 2*13 + 13^2 + 2*13^3 + 8*13^4 + 4*13^5 + 5*13^6 + 8*13^7 + 9*13^8 + 6*13^9 + 7*13^10 + 5*13^11 + 12*13^12 + 2*13^13 + 8*13^14 + 13^15 + O(13^16) : 5*13^-3 + 10*13^-2 + 13^-1 + 8 + 6*13 + 9*13^2 + 2*13^3 + 13^4 + 2*13^5 + 5*13^6 + 7*13^7 + 3*13^8 + 9*13^9 + 8*13^10 + 11*13^11 + 10*13^12 + 8*13^13 + O(13^14) : 1 + O(13^20))
   (6*13^-1 + 3 + 2*13 + 13^2 + 2*13^3 + 8*13^4 + 4*13^5 + 5*13^6 + 8*13^7 + 9*13^8 + 6*13^9 + 7*13^10 + 5*13^11 + 12*13^12 + 2*13^13 + 8*13^14 + 13^15 + O(13^16) : 8*13^-3 + 2*13^-2 + 11*13^-1 + 4 + 6*13 + 3*13^2 + 10*13^3 + 11*13^4 + 10*13^5 + 7*13^6 + 5*13^7 + 9*13^8 + 3*13^9 + 4*13^10 + 13^11 + 2*13^12 + 4*13^13 + O(13^14) : 1 + O(13^20))
   (6*13^-1 + 5 + 12*13 + 8*13^2 + 11*13^3 + 13^4 + 2*13^5 + 10*13^6 + 3*13^7 + 12*13^8 + 7*13^9 + 9*13^10 + 9*13^11 + 6*13^12 + 8*13^13 + 5*13^14 + 5*13^15 + O(13^16) : 5*13^-3 + 2*13^-2 + 8*13^-1 + 3 + 5*13^3 + 3*13^4 + 7*13^5 + 4*13^6 + 11*13^7 + 10*13^8 + 10*13^9 + 11*13^10 + 9*13^12 + 2*13^13 + O(13^14) : 1 + O(13^20))
   (6*13^-1 + 5 + 12*13 + 8*13^2 + 11*13^3 + 13^4 + 2*13^5 + 10*13^6 + 3*13^7 + 12*13^8 + 7*13^9 + 9*13^10 + 9*13^11 + 6*13^12 + 8*13^13 + 5*13^14 + 5*13^15 + O(13^16) : 8*13^-3 + 10*13^-2 + 4*13^-1 + 9 + 12*13 + 12*13^2 + 7*13^3 + 9*13^4 + 5*13^5 + 8*13^6 + 13^7 + 2*13^8 + 2*13^9 + 13^10 + 12*13^11 + 3*13^12 + 10*13^13 + O(13^14) : 1 + O(13^20))
   (6*13^-1 + 5 + 8*13 + 5*13^2 + 2*13^3 + 4*13^4 + 7*13^5 + 2*13^6 + 10*13^7 + 9*13^8 + 6*13^9 + 11*13^10 + 7*13^11 + 8*13^12 + 8*13^13 + 6*13^14 + 7*13^15 + O(13^16) : 5*13^-3 + 2*13^-2 + 11*13^-1 + 1 + 5*13 + 7*13^2 + 3*13^4 + 11*13^5 + 10*13^6 + 2*13^7 + 7*13^9 + 12*13^10 + 7*13^11 + 2*13^12 + 7*13^13 + O(13^14) : 1 + O(13^20))
   (6*13^-1 + 5 + 8*13 + 5*13^2 + 2*13^3 + 4*13^4 + 7*13^5 + 2*13^6 + 10*13^7 + 9*13^8 + 6*13^9 + 11*13^10 + 7*13^11 + 8*13^12 + 8*13^13 + 6*13^14 + 7*13^15 + O(13^16) : 8*13^-3 + 10*13^-2 + 13^-1 + 11 + 7*13 + 5*13^2 + 12*13^3 + 9*13^4 + 13^5 + 2*13^6 + 10*13^7 + 12*13^8 + 5*13^9 + 5*13^11 + 10*13^12 + 5*13^13 + O(13^14) : 1 + O(13^20))
   (6*13^-1 + 7 + 7*13 + 12*13^2 + 5*13^3 + 8*13^4 + 13^5 + 11*13^6 + 13^8 + 11*13^9 + 10*13^10 + 2*13^11 + 12*13^12 + 5*13^13 + 9*13^14 + 13^15 + O(13^16) : 5*13^-3 + 7*13^-2 + 8*13^-1 + 4 + 12*13 + 5*13^2 + 11*13^3 + 10*13^4 + 2*13^5 + 4*13^6 + 5*13^7 + 4*13^8 + 5*13^9 + 11*13^10 + 13^11 + 8*13^12 + 2*13^13 + O(13^14) : 1 + O(13^20))
   (6*13^-1 + 7 + 7*13 + 12*13^2 + 5*13^3 + 8*13^4 + 13^5 + 11*13^6 + 13^8 + 11*13^9 + 10*13^10 + 2*13^11 + 12*13^12 + 5*13^13 + 9*13^14 + 13^15 + O(13^16) : 8*13^-3 + 5*13^-2 + 4*13^-1 + 8 + 7*13^2 + 13^3 + 2*13^4 + 10*13^5 + 8*13^6 + 7*13^7 + 8*13^8 + 7*13^9 + 13^10 + 11*13^11 + 4*13^12 + 10*13^13 + O(13^14) : 1 + O(13^20))
   (6*13^-1 + 7 + 8*13 + 7*13^2 + 11*13^3 + 7*13^4 + 4*13^5 + 6*13^6 + 11*13^7 + 5*13^10 + 8*13^11 + 12*13^12 + 9*13^13 + 9*13^15 + O(13^16) : 5*13^-3 + 7*13^-2 + 4*13^-1 + 11 + 13 + 8*13^2 + 2*13^3 + 7*13^4 + 9*13^5 + 4*13^6 + 13^7 + 11*13^9 + 9*13^10 + 13^11 + 11*13^12 + 12*13^13 + O(13^14) : 1 + O(13^20))
   (6*13^-1 + 7 + 8*13 + 7*13^2 + 11*13^3 + 7*13^4 + 4*13^5 + 6*13^6 + 11*13^7 + 5*13^10 + 8*13^11 + 12*13^12 + 9*13^13 + 9*13^15 + O(13^16) : 8*13^-3 + 5*13^-2 + 8*13^-1 + 1 + 11*13 + 4*13^2 + 10*13^3 + 5*13^4 + 3*13^5 + 8*13^6 + 11*13^7 + 12*13^8 + 13^9 + 3*13^10 + 11*13^11 + 13^12 + O(13^14) : 1 + O(13^20))
   (6*13^-1 + 9 + 3*13 + 6*13^2 + 2*13^3 + 10*13^4 + 7*13^5 + 9*13^6 + 5*13^7 + 6*13^8 + 3*13^9 + 2*13^10 + 7*13^11 + 2*13^12 + 7*13^13 + 4*13^14 + 6*13^15 + O(13^16) : 5*13^-3 + 12*13^-2 + 3*13^-1 + 7 + 11*13 + 8*13^2 + 6*13^3 + 8*13^4 + 5*13^6 + 2*13^7 + 2*13^8 + 11*13^9 + 9*13^10 + 2*13^11 + 9*13^12 + 8*13^13 + O(13^14) : 1 + O(13^20))
   (6*13^-1 + 9 + 3*13 + 6*13^2 + 2*13^3 + 10*13^4 + 7*13^5 + 9*13^6 + 5*13^7 + 6*13^8 + 3*13^9 + 2*13^10 + 7*13^11 + 2*13^12 + 7*13^13 + 4*13^14 + 6*13^15 + O(13^16) : 8*13^-3 + 9*13^-1 + 5 + 13 + 4*13^2 + 6*13^3 + 4*13^4 + 12*13^5 + 7*13^6 + 10*13^7 + 10*13^8 + 13^9 + 3*13^10 + 10*13^11 + 3*13^12 + 4*13^13 + O(13^14) : 1 + O(13^20))
   (7 + 2*13 + 11*13^2 + 11*13^3 + 11*13^4 + 8*13^5 + 13^6 + 2*13^7 + 11*13^8 + 6*13^9 + 4*13^10 + 3*13^11 + 13^12 + 5*13^13 + 12*13^14 + 3*13^15 + O(13^16) : 11*13 + 3*13^2 + 7*13^3 + 10*13^4 + 3*13^5 + 2*13^6 + 3*13^7 + 8*13^8 + 8*13^9 + 2*13^10 + 9*13^11 + 5*13^12 + 4*13^13 + 7*13^14 + O(13^15) : 1 + O(13^20))
   (7 + 2*13 + 11*13^2 + 11*13^3 + 11*13^4 + 8*13^5 + 13^6 + 2*13^7 + 11*13^8 + 6*13^9 + 4*13^10 + 3*13^11 + 13^12 + 5*13^13 + 12*13^14 + 3*13^15 + O(13^16) : 2*13 + 9*13^2 + 5*13^3 + 2*13^4 + 9*13^5 + 10*13^6 + 9*13^7 + 4*13^8 + 4*13^9 + 10*13^10 + 3*13^11 + 7*13^12 + 8*13^13 + 5*13^14 + O(13^15) : 1 + O(13^20))
   (7 + 2*13 + 11*13^2 + 11*13^3 + 5*13^4 + 12*13^5 + 2*13^6 + 13^7 + 3*13^8 + 12*13^9 + 3*13^10 + 9*13^11 + 11*13^12 + 9*13^13 + 7*13^14 + 8*13^15 + O(13^16) : 11*13 + 3*13^2 + 4*13^3 + 13^5 + 5*13^8 + 3*13^9 + 11*13^10 + 5*13^11 + 8*13^12 + 8*13^13 + 7*13^14 + O(13^15) : 1 + O(13^20))
   (7 + 2*13 + 11*13^2 + 11*13^3 + 5*13^4 + 12*13^5 + 2*13^6 + 13^7 + 3*13^8 + 12*13^9 + 3*13^10 + 9*13^11 + 11*13^12 + 9*13^13 + 7*13^14 + 8*13^15 + O(13^16) : 2*13 + 9*13^2 + 8*13^3 + 12*13^4 + 11*13^5 + 12*13^6 + 12*13^7 + 7*13^8 + 9*13^9 + 13^10 + 7*13^11 + 4*13^12 + 4*13^13 + 5*13^14 + O(13^15) : 1 + O(13^20))
   (7 + 2*13 + 11*13^2 + 12*13^4 + 11*13^5 + 8*13^6 + 12*13^7 + 4*13^8 + 7*13^10 + 4*13^11 + 8*13^12 + 2*13^13 + 2*13^14 + 4*13^15 + O(13^16) : 11*13 + 4*13^2 + 8*13^3 + 4*13^4 + 2*13^5 + 8*13^6 + 6*13^7 + 10*13^8 + 13^9 + 12*13^10 + 9*13^11 + 4*13^12 + 13^13 + 4*13^14 + O(13^15) : 1 + O(13^20))
   (7 + 2*13 + 11*13^2 + 12*13^4 + 11*13^5 + 8*13^6 + 12*13^7 + 4*13^8 + 7*13^10 + 4*13^11 + 8*13^12 + 2*13^13 + 2*13^14 + 4*13^15 + O(13^16) : 2*13 + 8*13^2 + 4*13^3 + 8*13^4 + 10*13^5 + 4*13^6 + 6*13^7 + 2*13^8 + 11*13^9 + 3*13^11 + 8*13^12 + 11*13^13 + 8*13^14 + O(13^15) : 1 + O(13^20))
   (7 + 2*13 + 11*13^2 + 3*13^3 + 2*13^4 + 3*13^5 + 13^6 + 8*13^7 + 6*13^8 + 11*13^10 + 7*13^12 + 8*13^13 + 8*13^14 + 9*13^15 + O(13^16) : 11*13 + 12*13^2 + 9*13^3 + 12*13^4 + 12*13^5 + 5*13^6 + 9*13^7 + 10*13^8 + 5*13^9 + 5*13^10 + 8*13^11 + 11*13^12 + 11*13^13 + 3*13^14 + O(13^15) : 1 + O(13^20))
   (7 + 2*13 + 11*13^2 + 3*13^3 + 2*13^4 + 3*13^5 + 13^6 + 8*13^7 + 6*13^8 + 11*13^10 + 7*13^12 + 8*13^13 + 8*13^14 + 9*13^15 + O(13^16) : 2*13 + 3*13^3 + 7*13^6 + 3*13^7 + 2*13^8 + 7*13^9 + 7*13^10 + 4*13^11 + 13^12 + 13^13 + 9*13^14 + O(13^15) : 1 + O(13^20))
   (7 + 2*13 + 11*13^2 + 7*13^3 + 7*13^4 + 8*13^5 + 2*13^6 + 13^7 + 2*13^8 + 8*13^9 + 6*13^10 + 7*13^11 + 13^12 + 7*13^13 + 2*13^14 + 12*13^15 + O(13^16) : 11*13 + 13^2 + 11*13^3 + 10*13^4 + 11*13^5 + 12*13^6 + 9*13^7 + 6*13^8 + 8*13^9 + 2*13^11 + 4*13^12 + 4*13^13 + 7*13^14 + O(13^15) : 1 + O(13^20))
   (7 + 2*13 + 11*13^2 + 7*13^3 + 7*13^4 + 8*13^5 + 2*13^6 + 13^7 + 2*13^8 + 8*13^9 + 6*13^10 + 7*13^11 + 13^12 + 7*13^13 + 2*13^14 + 12*13^15 + O(13^16) : 2*13 + 11*13^2 + 13^3 + 2*13^4 + 13^5 + 3*13^7 + 6*13^8 + 4*13^9 + 12*13^10 + 10*13^11 + 8*13^12 + 8*13^13 + 5*13^14 + O(13^15) : 1 + O(13^20))
   (7 + 2*13 + 11*13^2 + 9*13^3 + 8*13^5 + 10*13^6 + 11*13^7 + 3*13^8 + 9*13^10 + 5*13^11 + 2*13^12 + 10*13^13 + 5*13^14 + 9*13^15 + O(13^16) : 11*13 + 2*13^2 + 13^3 + 13^6 + 13^7 + 12*13^8 + 10*13^9 + 3*13^11 + 3*13^12 + 12*13^13 + 11*13^14 + O(13^15) : 1 + O(13^20))
   (7 + 2*13 + 11*13^2 + 9*13^3 + 8*13^5 + 10*13^6 + 11*13^7 + 3*13^8 + 9*13^10 + 5*13^11 + 2*13^12 + 10*13^13 + 5*13^14 + 9*13^15 + O(13^16) : 2*13 + 10*13^2 + 11*13^3 + 12*13^4 + 12*13^5 + 11*13^6 + 11*13^7 + 2*13^9 + 12*13^10 + 9*13^11 + 9*13^12 + 13^14 + O(13^15) : 1 + O(13^20))
   (7 + 2*13 + 2*13^2 + 13^3 + 10*13^4 + 4*13^5 + 12*13^6 + 9*13^8 + 6*13^9 + 8*13^10 + 10*13^11 + 2*13^12 + 3*13^13 + 3*13^14 + 13^15 + O(13^16) : 10*13 + 3*13^2 + 4*13^3 + 4*13^4 + 12*13^5 + 4*13^6 + 11*13^7 + 11*13^8 + 6*13^10 + 3*13^12 + 5*13^13 + 10*13^14 + O(13^15) : 1 + O(13^20))
   (7 + 2*13 + 2*13^2 + 13^3 + 10*13^4 + 4*13^5 + 12*13^6 + 9*13^8 + 6*13^9 + 8*13^10 + 10*13^11 + 2*13^12 + 3*13^13 + 3*13^14 + 13^15 + O(13^16) : 3*13 + 9*13^2 + 8*13^3 + 8*13^4 + 8*13^6 + 13^7 + 13^8 + 12*13^9 + 6*13^10 + 12*13^11 + 9*13^12 + 7*13^13 + 2*13^14 + O(13^15) : 1 + O(13^20))
   (7 + 2*13 + 2*13^2 + 3*13^3 + 7*13^4 + 3*13^5 + 3*13^6 + 2*13^7 + 13^8 + 3*13^10 + 13^11 + 7*13^12 + 7*13^13 + 12*13^14 + 6*13^15 + O(13^16) : 10*13 + 8*13^2 + 4*13^3 + 6*13^4 + 7*13^5 + 11*13^6 + 4*13^7 + 12*13^8 + 9*13^9 + 10*13^10 + 8*13^11 + 5*13^12 + 12*13^13 + 6*13^14 + O(13^15) : 1 + O(13^20))
   (7 + 2*13 + 2*13^2 + 3*13^3 + 7*13^4 + 3*13^5 + 3*13^6 + 2*13^7 + 13^8 + 3*13^10 + 13^11 + 7*13^12 + 7*13^13 + 12*13^14 + 6*13^15 + O(13^16) : 3*13 + 4*13^2 + 8*13^3 + 6*13^4 + 5*13^5 + 13^6 + 8*13^7 + 3*13^9 + 2*13^10 + 4*13^11 + 7*13^12 + 6*13^14 + O(13^15) : 1 + O(13^20))
   (7 + 2*13 + 2*13^2 + 3*13^3 + 8*13^4 + 3*13^5 + 9*13^6 + 6*13^7 + 10*13^8 + 13^9 + 4*13^10 + 7*13^11 + 2*13^12 + 11*13^13 + 13^15 + O(13^16) : 10*13 + 8*13^2 + 8*13^4 + 6*13^6 + 12*13^7 + 9*13^8 + 12*13^9 + 5*13^10 + 10*13^11 + 5*13^12 + 11*13^13 + 2*13^14 + O(13^15) : 1 + O(13^20))
   (7 + 2*13 + 2*13^2 + 3*13^3 + 8*13^4 + 3*13^5 + 9*13^6 + 6*13^7 + 10*13^8 + 13^9 + 4*13^10 + 7*13^11 + 2*13^12 + 11*13^13 + 13^15 + O(13^16) : 3*13 + 4*13^2 + 12*13^3 + 4*13^4 + 12*13^5 + 6*13^6 + 3*13^8 + 7*13^10 + 2*13^11 + 7*13^12 + 13^13 + 10*13^14 + O(13^15) : 1 + O(13^20))
   (7 + 2*13 + 2*13^2 + 5*13^3 + 13^4 + 13^5 + 9*13^7 + 8*13^8 + 3*13^9 + 11*13^11 + 9*13^12 + 11*13^13 + 5*13^14 + 13^15 + O(13^16) : 10*13 + 8*13^3 + 7*13^4 + 12*13^5 + 6*13^6 + 7*13^7 + 2*13^9 + 5*13^10 + 12*13^11 + 9*13^12 + 5*13^13 + 11*13^14 + O(13^15) : 1 + O(13^20))
   (7 + 2*13 + 2*13^2 + 5*13^3 + 13^4 + 13^5 + 9*13^7 + 8*13^8 + 3*13^9 + 11*13^11 + 9*13^12 + 11*13^13 + 5*13^14 + 13^15 + O(13^16) : 3*13 + 12*13^2 + 4*13^3 + 5*13^4 + 6*13^6 + 5*13^7 + 12*13^8 + 10*13^9 + 7*13^10 + 3*13^12 + 7*13^13 + 13^14 + O(13^15) : 1 + O(13^20))
   (7 + 2*13 + 2*13^2 + 5*13^4 + 2*13^5 + 7*13^6 + 3*13^7 + 13^8 + 12*13^9 + 5*13^10 + 13^11 + 13^12 + 6*13^13 + 4*13^14 + 13^15 + O(13^16) : 10*13 + 7*13^2 + 5*13^3 + 11*13^4 + 3*13^5 + 3*13^6 + 12*13^7 + 7*13^8 + 13^9 + 9*13^11 + 2*13^12 + 6*13^13 + 10*13^14 + O(13^15) : 1 + O(13^20))
   (7 + 2*13 + 2*13^2 + 5*13^4 + 2*13^5 + 7*13^6 + 3*13^7 + 13^8 + 12*13^9 + 5*13^10 + 13^11 + 13^12 + 6*13^13 + 4*13^14 + 13^15 + O(13^16) : 3*13 + 5*13^2 + 7*13^3 + 13^4 + 9*13^5 + 9*13^6 + 5*13^8 + 11*13^9 + 12*13^10 + 3*13^11 + 10*13^12 + 6*13^13 + 2*13^14 + O(13^15) : 1 + O(13^20))
   (7 + 2*13 + 2*13^2 + 7*13^3 + 5*13^4 + 3*13^5 + 9*13^6 + 6*13^7 + 9*13^8 + 12*13^9 + 11*13^10 + 3*13^11 + 5*13^12 + 8*13^13 + 7*13^14 + 13^15 + O(13^16) : 10*13 + 5*13^2 + 13^3 + 12*13^4 + 7*13^5 + 13^6 + 3*13^7 + 4*13^8 + 11*13^9 + 3*13^10 + 12*13^11 + 5*13^12 + 6*13^13 + 8*13^14 + O(13^15) : 1 + O(13^20))
   (7 + 2*13 + 2*13^2 + 7*13^3 + 5*13^4 + 3*13^5 + 9*13^6 + 6*13^7 + 9*13^8 + 12*13^9 + 11*13^10 + 3*13^11 + 5*13^12 + 8*13^13 + 7*13^14 + 13^15 + O(13^16) : 3*13 + 7*13^2 + 11*13^3 + 5*13^5 + 11*13^6 + 9*13^7 + 8*13^8 + 13^9 + 9*13^10 + 7*13^12 + 6*13^13 + 4*13^14 + O(13^15) : 1 + O(13^20))
   (7 + 2*13 + 2*13^2 + 9*13^3 + 6*13^4 + 2*13^5 + 7*13^6 + 3*13^7 + 9*13^8 + 9*13^9 + 12*13^10 + 9*13^11 + 4*13^12 + 5*13^13 + 4*13^14 + 4*13^15 + O(13^16) : 10*13 + 10*13^2 + 10*13^3 + 13^4 + 9*13^5 + 2*13^6 + 12*13^7 + 6*13^8 + 13^9 + 6*13^10 + 7*13^11 + 10*13^12 + 8*13^13 + 5*13^14 + O(13^15) : 1 + O(13^20))
   (7 + 2*13 + 2*13^2 + 9*13^3 + 6*13^4 + 2*13^5 + 7*13^6 + 3*13^7 + 9*13^8 + 9*13^9 + 12*13^10 + 9*13^11 + 4*13^12 + 5*13^13 + 4*13^14 + 4*13^15 + O(13^16) : 3*13 + 2*13^2 + 2*13^3 + 11*13^4 + 3*13^5 + 10*13^6 + 6*13^8 + 11*13^9 + 6*13^10 + 5*13^11 + 2*13^12 + 4*13^13 + 7*13^14 + O(13^15) : 1 + O(13^20))
   (7 + 2*13 + 5*13^2 + 10*13^3 + 12*13^4 + 10*13^5 + 2*13^6 + 3*13^7 + 9*13^8 + 10*13^9 + 5*13^10 + 6*13^11 + 13^12 + 7*13^13 + 4*13^14 + 11*13^15 + O(13^16) : 4*13 + 11*13^2 + 9*13^3 + 13^4 + 4*13^6 + 2*13^7 + 6*13^8 + 4*13^9 + 7*13^10 + 10*13^11 + 12*13^12 + 8*13^13 + 2*13^14 + O(13^15) : 1 + O(13^20))
   (7 + 2*13 + 5*13^2 + 10*13^3 + 12*13^4 + 10*13^5 + 2*13^6 + 3*13^7 + 9*13^8 + 10*13^9 + 5*13^10 + 6*13^11 + 13^12 + 7*13^13 + 4*13^14 + 11*13^15 + O(13^16) : 9*13 + 13^2 + 3*13^3 + 11*13^4 + 12*13^5 + 8*13^6 + 10*13^7 + 6*13^8 + 8*13^9 + 5*13^10 + 2*13^11 + 4*13^13 + 10*13^14 + O(13^15) : 1 + O(13^20))
   (7 + 2*13 + 5*13^2 + 12*13^3 + 12*13^4 + 3*13^5 + 8*13^6 + 5*13^7 + 4*13^8 + 5*13^9 + 11*13^10 + 12*13^11 + 6*13^12 + 11*13^13 + 5*13^14 + 10*13^15 + O(13^16) : 4*13 + 4*13^2 + 7*13^3 + 6*13^4 + 8*13^5 + 7*13^6 + 8*13^7 + 9*13^8 + 10*13^9 + 3*13^11 + 10*13^12 + 11*13^13 + 6*13^14 + O(13^15) : 1 + O(13^20))
   (7 + 2*13 + 5*13^2 + 12*13^3 + 12*13^4 + 3*13^5 + 8*13^6 + 5*13^7 + 4*13^8 + 5*13^9 + 11*13^10 + 12*13^11 + 6*13^12 + 11*13^13 + 5*13^14 + 10*13^15 + O(13^16) : 9*13 + 8*13^2 + 5*13^3 + 6*13^4 + 4*13^5 + 5*13^6 + 4*13^7 + 3*13^8 + 2*13^9 + 12*13^10 + 9*13^11 + 2*13^12 + 13^13 + 6*13^14 + O(13^15) : 1 + O(13^20))
   (7 + 2*13 + 5*13^2 + 12*13^3 + 5*13^4 + 3*13^6 + 5*13^7 + 4*13^8 + 10*13^9 + 5*13^10 + 4*13^11 + 11*13^12 + 4*13^13 + 9*13^14 + 7*13^15 + O(13^16) : 4*13 + 4*13^2 + 12*13^3 + 5*13^4 + 5*13^5 + 7*13^6 + 4*13^7 + 7*13^8 + 3*13^10 + 10*13^11 + 8*13^12 + 7*13^13 + 11*13^14 + O(13^15) : 1 + O(13^20))
   (7 + 2*13 + 5*13^2 + 12*13^3 + 5*13^4 + 3*13^6 + 5*13^7 + 4*13^8 + 10*13^9 + 5*13^10 + 4*13^11 + 11*13^12 + 4*13^13 + 9*13^14 + 7*13^15 + O(13^16) : 9*13 + 8*13^2 + 7*13^4 + 7*13^5 + 5*13^6 + 8*13^7 + 5*13^8 + 12*13^9 + 9*13^10 + 2*13^11 + 4*13^12 + 5*13^13 + 13^14 + O(13^15) : 1 + O(13^20))
   (7 + 2*13 + 5*13^2 + 13^3 + 11*13^4 + 7*13^5 + 5*13^6 + 8*13^7 + 5*13^8 + 13^10 + 7*13^12 + 9*13^13 + 6*13^14 + O(13^16) : 4*13 + 10*13^2 + 2*13^3 + 12*13^5 + 12*13^6 + 10*13^7 + 7*13^8 + 4*13^9 + 9*13^10 + 13^12 + 4*13^13 + 10*13^14 + O(13^15) : 1 + O(13^20))
   (7 + 2*13 + 5*13^2 + 13^3 + 11*13^4 + 7*13^5 + 5*13^6 + 8*13^7 + 5*13^8 + 13^10 + 7*13^12 + 9*13^13 + 6*13^14 + O(13^16) : 9*13 + 2*13^2 + 10*13^3 + 12*13^4 + 2*13^7 + 5*13^8 + 8*13^9 + 3*13^10 + 12*13^11 + 11*13^12 + 8*13^13 + 2*13^14 + O(13^15) : 1 + O(13^20))
   (7 + 2*13 + 5*13^2 + 3*13^3 + 4*13^4 + 10*13^5 + 3*13^6 + 11*13^7 + 13^8 + 7*13^9 + 4*13^10 + 4*13^11 + 12*13^12 + 8*13^13 + 5*13^14 + 7*13^15 + O(13^16) : 4*13 + 3*13^2 + 3*13^4 + 3*13^5 + 11*13^6 + 2*13^7 + 9*13^8 + 11*13^9 + 9*13^10 + 11*13^11 + 2*13^13 + 8*13^14 + O(13^15) : 1 + O(13^20))
   (7 + 2*13 + 5*13^2 + 3*13^3 + 4*13^4 + 10*13^5 + 3*13^6 + 11*13^7 + 13^8 + 7*13^9 + 4*13^10 + 4*13^11 + 12*13^12 + 8*13^13 + 5*13^14 + 7*13^15 + O(13^16) : 9*13 + 9*13^2 + 12*13^3 + 9*13^4 + 9*13^5 + 13^6 + 10*13^7 + 3*13^8 + 13^9 + 3*13^10 + 13^11 + 12*13^12 + 10*13^13 + 4*13^14 + O(13^15) : 1 + O(13^20))
   (7 + 2*13 + 5*13^2 + 9*13^3 + 6*13^4 + 12*13^5 + 5*13^6 + 13^7 + 4*13^8 + 6*13^9 + 13^10 + 2*13^11 + 13^13 + 2*13^14 + 7*13^15 + O(13^16) : 4*13 + 8*13^2 + 7*13^3 + 13^4 + 3*13^5 + 13^6 + 11*13^7 + 5*13^9 + 12*13^10 + 2*13^11 + 6*13^12 + 7*13^13 + 12*13^14 + O(13^15) : 1 + O(13^20))
   (7 + 2*13 + 5*13^2 + 9*13^3 + 6*13^4 + 12*13^5 + 5*13^6 + 13^7 + 4*13^8 + 6*13^9 + 13^10 + 2*13^11 + 13^13 + 2*13^14 + 7*13^15 + O(13^16) : 9*13 + 4*13^2 + 5*13^3 + 11*13^4 + 9*13^5 + 11*13^6 + 13^7 + 12*13^8 + 7*13^9 + 10*13^11 + 6*13^12 + 5*13^13 + O(13^15) : 1 + O(13^20))
   (7 + 2*13 + 6*13^2 + 12*13^4 + 7*13^5 + 8*13^6 + 8*13^7 + 11*13^8 + 5*13^9 + 8*13^10 + 13^11 + 3*13^12 + 3*13^13 + 7*13^14 + 13^15 + O(13^16) : 12*13 + 5*13^2 + 9*13^3 + 6*13^4 + 3*13^5 + 5*13^6 + 4*13^7 + 5*13^8 + 5*13^9 + 4*13^10 + 7*13^11 + 11*13^12 + 12*13^13 + 6*13^14 + O(13^15) : 1 + O(13^20))
   (7 + 2*13 + 6*13^2 + 12*13^4 + 7*13^5 + 8*13^6 + 8*13^7 + 11*13^8 + 5*13^9 + 8*13^10 + 13^11 + 3*13^12 + 3*13^13 + 7*13^14 + 13^15 + O(13^16) : 13 + 7*13^2 + 3*13^3 + 6*13^4 + 9*13^5 + 7*13^6 + 8*13^7 + 7*13^8 + 7*13^9 + 8*13^10 + 5*13^11 + 13^12 + 6*13^14 + O(13^15) : 1 + O(13^20))
   (7 + 2*13 + 6*13^2 + 2*13^3 + 5*13^4 + 3*13^5 + 7*13^6 + 6*13^9 + 7*13^10 + 3*13^12 + 3*13^13 + 12*13^14 + O(13^16) : 12*13 + 7*13^2 + 7*13^3 + 6*13^4 + 2*13^5 + 9*13^6 + 6*13^7 + 10*13^8 + 13^9 + 6*13^10 + 6*13^11 + 7*13^12 + 10*13^13 + 8*13^14 + O(13^15) : 1 + O(13^20))
   (7 + 2*13 + 6*13^2 + 2*13^3 + 5*13^4 + 3*13^5 + 7*13^6 + 6*13^9 + 7*13^10 + 3*13^12 + 3*13^13 + 12*13^14 + O(13^16) : 13 + 5*13^2 + 5*13^3 + 6*13^4 + 10*13^5 + 3*13^6 + 6*13^7 + 2*13^8 + 11*13^9 + 6*13^10 + 6*13^11 + 5*13^12 + 2*13^13 + 4*13^14 + O(13^15) : 1 + O(13^20))
   (7 + 2*13 + 6*13^2 + 2*13^3 + 9*13^4 + 4*13^5 + 2*13^6 + 12*13^7 + 7*13^8 + 8*13^10 + 9*13^11 + 7*13^12 + 4*13^13 + 2*13^14 + 6*13^15 + O(13^16) : 12*13 + 7*13^2 + 11*13^3 + 8*13^4 + 6*13^5 + 2*13^7 + 12*13^8 + 3*13^9 + 6*13^10 + 4*13^11 + 13^12 + 3*13^13 + 6*13^14 + O(13^15) : 1 + O(13^20))
   (7 + 2*13 + 6*13^2 + 2*13^3 + 9*13^4 + 4*13^5 + 2*13^6 + 12*13^7 + 7*13^8 + 8*13^10 + 9*13^11 + 7*13^12 + 4*13^13 + 2*13^14 + 6*13^15 + O(13^16) : 13 + 5*13^2 + 13^3 + 4*13^4 + 6*13^5 + 12*13^6 + 10*13^7 + 9*13^9 + 6*13^10 + 8*13^11 + 11*13^12 + 9*13^13 + 6*13^14 + O(13^15) : 1 + O(13^20))
   (7 + 2*13 + 6*13^2 + 4*13^3 + 2*13^4 + 12*13^7 + 4*13^8 + 13^9 + 13^10 + 6*13^11 + 12*13^12 + 9*13^13 + 2*13^14 + O(13^16) : 12*13 + 9*13^2 + 10*13^4 + 5*13^5 + 8*13^6 + 13^7 + 3*13^8 + 5*13^9 + 12*13^10 + 12*13^11 + 8*13^12 + 9*13^13 + 10*13^14 + O(13^15) : 1 + O(13^20))
   (7 + 2*13 + 6*13^2 + 4*13^3 + 2*13^4 + 12*13^7 + 4*13^8 + 13^9 + 13^10 + 6*13^11 + 12*13^12 + 9*13^13 + 2*13^14 + O(13^16) : 13 + 3*13^2 + 12*13^3 + 2*13^4 + 7*13^5 + 4*13^6 + 11*13^7 + 9*13^8 + 7*13^9 + 4*13^12 + 3*13^13 + 2*13^14 + O(13^15) : 1 + O(13^20))
   (7 + 2*13 + 6*13^2 + 4*13^3 + 3*13^4 + 5*13^6 + 9*13^7 + 8*13^8 + 11*13^9 + 6*13^10 + 5*13^11 + 13^12 + 3*13^13 + 5*13^14 + 7*13^15 + O(13^16) : 12*13 + 9*13^2 + 13^3 + 9*13^4 + 9*13^5 + 12*13^6 + 3*13^7 + 10*13^8 + 6*13^10 + 8*13^11 + 4*13^12 + 10*13^13 + 12*13^14 + O(13^15) : 1 + O(13^20))
   (7 + 2*13 + 6*13^2 + 4*13^3 + 3*13^4 + 5*13^6 + 9*13^7 + 8*13^8 + 11*13^9 + 6*13^10 + 5*13^11 + 13^12 + 3*13^13 + 5*13^14 + 7*13^15 + O(13^16) : 13 + 3*13^2 + 11*13^3 + 3*13^4 + 3*13^5 + 9*13^7 + 2*13^8 + 12*13^9 + 6*13^10 + 4*13^11 + 8*13^12 + 2*13^13 + O(13^15) : 1 + O(13^20))
   (7 + 2*13 + 6*13^2 + 6*13^3 + 7*13^4 + 10*13^6 + 5*13^7 + 11*13^8 + 5*13^9 + 10*13^10 + 7*13^11 + 7*13^12 + 4*13^13 + 5*13^14 + 11*13^15 + O(13^16) : 12*13 + 11*13^2 + 5*13^3 + 6*13^4 + 3*13^5 + 4*13^6 + 11*13^7 + 7*13^8 + 13^9 + 6*13^10 + 4*13^11 + 12*13^12 + 3*13^13 + 7*13^14 + O(13^15) : 1 + O(13^20))
   (7 + 2*13 + 6*13^2 + 6*13^3 + 7*13^4 + 10*13^6 + 5*13^7 + 11*13^8 + 5*13^9 + 10*13^10 + 7*13^11 + 7*13^12 + 4*13^13 + 5*13^14 + 11*13^15 + O(13^16) : 13 + 13^2 + 7*13^3 + 6*13^4 + 9*13^5 + 8*13^6 + 13^7 + 5*13^8 + 11*13^9 + 6*13^10 + 8*13^11 + 9*13^13 + 5*13^14 + O(13^15) : 1 + O(13^20))
   (7 + 2*13 + 6*13^2 + 8*13^3 + 9*13^5 + 5*13^6 + 6*13^7 + 11*13^8 + 9*13^9 + 11*13^12 + 4*13^13 + 2*13^14 + O(13^16) : 12*13 + 3*13^3 + 12*13^4 + 2*13^5 + 5*13^6 + 4*13^7 + 9*13^9 + 11*13^10 + 8*13^11 + 10*13^12 + 11*13^13 + 12*13^14 + O(13^15) : 1 + O(13^20))
   (7 + 2*13 + 6*13^2 + 8*13^3 + 9*13^5 + 5*13^6 + 6*13^7 + 11*13^8 + 9*13^9 + 11*13^12 + 4*13^13 + 2*13^14 + O(13^16) : 13 + 12*13^2 + 9*13^3 + 10*13^5 + 7*13^6 + 8*13^7 + 12*13^8 + 3*13^9 + 13^10 + 4*13^11 + 2*13^12 + 13^13 + O(13^15) : 1 + O(13^20))
   (7 + 2*13 + 7*13^2 + 10*13^3 + 8*13^4 + 2*13^5 + 3*13^6 + 3*13^7 + 11*13^8 + 4*13^9 + 4*13^10 + 10*13^11 + 3*13^12 + 9*13^13 + 6*13^14 + 9*13^15 + O(13^16) : 5*13 + 4*13^2 + 8*13^3 + 10*13^4 + 12*13^5 + 10*13^6 + 3*13^7 + 3*13^8 + 5*13^9 + 4*13^10 + 10*13^12 + 3*13^13 + 9*13^14 + O(13^15) : 1 + O(13^20))
   (7 + 2*13 + 7*13^2 + 10*13^3 + 8*13^4 + 2*13^5 + 3*13^6 + 3*13^7 + 11*13^8 + 4*13^9 + 4*13^10 + 10*13^11 + 3*13^12 + 9*13^13 + 6*13^14 + 9*13^15 + O(13^16) : 8*13 + 8*13^2 + 4*13^3 + 2*13^4 + 2*13^6 + 9*13^7 + 9*13^8 + 7*13^9 + 8*13^10 + 12*13^11 + 2*13^12 + 9*13^13 + 3*13^14 + O(13^15) : 1 + O(13^20))
   (7 + 2*13 + 7*13^2 + 12*13^3 + 13^4 + 4*13^5 + 3*13^6 + 13^7 + 9*13^8 + 8*13^10 + 10*13^11 + 6*13^12 + 10*13^13 + 11*13^14 + O(13^16) : 5*13 + 13^2 + 9*13^3 + 8*13^4 + 12*13^5 + 2*13^6 + 9*13^7 + 8*13^8 + 2*13^9 + 7*13^10 + 9*13^11 + 10*13^13 + 3*13^14 + O(13^15) : 1 + O(13^20))
   (7 + 2*13 + 7*13^2 + 12*13^3 + 13^4 + 4*13^5 + 3*13^6 + 13^7 + 9*13^8 + 8*13^10 + 10*13^11 + 6*13^12 + 10*13^13 + 11*13^14 + O(13^16) : 8*13 + 11*13^2 + 3*13^3 + 4*13^4 + 10*13^6 + 3*13^7 + 4*13^8 + 10*13^9 + 5*13^10 + 3*13^11 + 12*13^12 + 2*13^13 + 9*13^14 + O(13^15) : 1 + O(13^20))
   (7 + 2*13 + 7*13^2 + 12*13^3 + 8*13^4 + 7*13^5 + 11*13^6 + 3*13^7 + 2*13^8 + 5*13^9 + 13^10 + 3*13^11 + 10*13^12 + 5*13^13 + 13^14 + 9*13^15 + O(13^16) : 5*13 + 13^2 + 5*13^3 + 3*13^4 + 3*13^5 + 7*13^6 + 12*13^7 + 8*13^8 + 10*13^9 + 9*13^10 + 2*13^11 + 12*13^12 + 8*13^13 + 11*13^14 + O(13^15) : 1 + O(13^20))
   (7 + 2*13 + 7*13^2 + 12*13^3 + 8*13^4 + 7*13^5 + 11*13^6 + 3*13^7 + 2*13^8 + 5*13^9 + 13^10 + 3*13^11 + 10*13^12 + 5*13^13 + 13^14 + 9*13^15 + O(13^16) : 8*13 + 11*13^2 + 7*13^3 + 9*13^4 + 9*13^5 + 5*13^6 + 4*13^8 + 2*13^9 + 3*13^10 + 10*13^11 + 4*13^13 + 13^14 + O(13^15) : 1 + O(13^20))
   (7 + 2*13 + 7*13^2 + 2*13^3 + 8*13^4 + 12*13^5 + 9*13^6 + 9*13^7 + 5*13^8 + 8*13^9 + 7*13^11 + 7*13^12 + 2*13^13 + 7*13^14 + 8*13^15 + O(13^16) : 5*13 + 3*13^2 + 3*13^3 + 12*13^4 + 11*13^5 + 4*13^6 + 2*13^7 + 6*13^8 + 3*13^9 + 11*13^10 + 3*13^11 + 3*13^12 + 2*13^13 + 3*13^14 + O(13^15) : 1 + O(13^20))
   (7 + 2*13 + 7*13^2 + 2*13^3 + 8*13^4 + 12*13^5 + 9*13^6 + 9*13^7 + 5*13^8 + 8*13^9 + 7*13^11 + 7*13^12 + 2*13^13 + 7*13^14 + 8*13^15 + O(13^16) : 8*13 + 9*13^2 + 9*13^3 + 13^5 + 8*13^6 + 10*13^7 + 6*13^8 + 9*13^9 + 13^10 + 9*13^11 + 9*13^12 + 10*13^13 + 9*13^14 + O(13^15) : 1 + O(13^20))
   (7 + 2*13 + 7*13^2 + 8*13^3 + 10*13^4 + 12*13^5 + 12*13^6 + 12*13^7 + 7*13^8 + 13^9 + 8*13^10 + 5*13^12 + 8*13^13 + 13^14 + 12*13^15 + O(13^16) : 5*13 + 7*13^2 + 13^3 + 6*13^4 + 5*13^5 + 10*13^6 + 2*13^7 + 6*13^8 + 11*13^10 + 13^11 + 7*13^12 + 6*13^13 + 2*13^14 + O(13^15) : 1 + O(13^20))
   (7 + 2*13 + 7*13^2 + 8*13^3 + 10*13^4 + 12*13^5 + 12*13^6 + 12*13^7 + 7*13^8 + 13^9 + 8*13^10 + 5*13^12 + 8*13^13 + 13^14 + 12*13^15 + O(13^16) : 8*13 + 5*13^2 + 11*13^3 + 6*13^4 + 7*13^5 + 2*13^6 + 10*13^7 + 6*13^8 + 12*13^9 + 13^10 + 11*13^11 + 5*13^12 + 6*13^13 + 10*13^14 + O(13^15) : 1 + O(13^20))
   (7 + 2*13 + 7*13^2 + 9*13^3 + 2*13^4 + 11*13^5 + 7*13^6 + 10*13^7 + 8*13^8 + 5*13^9 + 7*13^10 + 5*13^11 + 11*13^12 + 10*13^13 + 7*13^14 + 3*13^15 + O(13^16) : 5*13 + 12*13^2 + 4*13^3 + 12*13^4 + 12*13^5 + 2*13^6 + 4*13^7 + 12*13^8 + 6*13^9 + 12*13^10 + 9*13^11 + 8*13^12 + 11*13^13 + O(13^15) : 1 + O(13^20))
   (7 + 2*13 + 7*13^2 + 9*13^3 + 2*13^4 + 11*13^5 + 7*13^6 + 10*13^7 + 8*13^8 + 5*13^9 + 7*13^10 + 5*13^11 + 11*13^12 + 10*13^13 + 7*13^14 + 3*13^15 + O(13^16) : 8*13 + 8*13^3 + 10*13^6 + 8*13^7 + 6*13^9 + 3*13^11 + 4*13^12 + 13^13 + 12*13^14 + O(13^15) : 1 + O(13^20))
   (7 + 2*13 + 8*13^2 + 13^4 + 6*13^5 + 2*13^6 + 8*13^7 + 4*13^8 + 11*13^9 + 13^10 + 11*13^11 + 11*13^12 + 12*13^13 + 12*13^14 + 4*13^15 + O(13^16) : 6*13 + 10*13^2 + 6*13^3 + 13^4 + 4*13^5 + 12*13^6 + 9*13^8 + 11*13^9 + 4*13^10 + 9*13^11 + 6*13^12 + 4*13^13 + 8*13^14 + O(13^15) : 1 + O(13^20))
   (7 + 2*13 + 8*13^2 + 13^4 + 6*13^5 + 2*13^6 + 8*13^7 + 4*13^8 + 11*13^9 + 13^10 + 11*13^11 + 11*13^12 + 12*13^13 + 12*13^14 + 4*13^15 + O(13^16) : 7*13 + 2*13^2 + 6*13^3 + 11*13^4 + 8*13^5 + 12*13^7 + 3*13^8 + 13^9 + 8*13^10 + 3*13^11 + 6*13^12 + 8*13^13 + 4*13^14 + O(13^15) : 1 + O(13^20))
   (7 + 2*13 + 8*13^2 + 2*13^3 + 11*13^4 + 13^5 + 7*13^6 + 7*13^7 + 13^8 + 6*13^9 + 13^10 + 13^11 + 7*13^12 + 3*13^13 + 2*13^14 + 9*13^15 + O(13^16) : 6*13 + 13^2 + 5*13^3 + 13^4 + 5*13^5 + 5*13^6 + 12*13^7 + 13^8 + 3*13^9 + 13^10 + 9*13^11 + 5*13^12 + 2*13^13 + 5*13^14 + O(13^15) : 1 + O(13^20))
   (7 + 2*13 + 8*13^2 + 2*13^3 + 11*13^4 + 13^5 + 7*13^6 + 7*13^7 + 13^8 + 6*13^9 + 13^10 + 13^11 + 7*13^12 + 3*13^13 + 2*13^14 + 9*13^15 + O(13^16) : 7*13 + 11*13^2 + 7*13^3 + 11*13^4 + 7*13^5 + 7*13^6 + 11*13^8 + 9*13^9 + 11*13^10 + 3*13^11 + 7*13^12 + 10*13^13 + 7*13^14 + O(13^15) : 1 + O(13^20))
   (7 + 2*13 + 8*13^2 + 2*13^3 + 7*13^4 + 13^6 + 10*13^7 + 11*13^8 + 12*13^10 + 9*13^11 + 7*13^12 + 11*13^13 + 4*13^14 + 11*13^15 + O(13^16) : 6*13 + 13^2 + 10*13^3 + 10*13^4 + 7*13^5 + 13^6 + 2*13^7 + 11*13^9 + 9*13^10 + 11*13^11 + 2*13^12 + 13^13 + O(13^15) : 1 + O(13^20))
   (7 + 2*13 + 8*13^2 + 2*13^3 + 7*13^4 + 13^6 + 10*13^7 + 11*13^8 + 12*13^10 + 9*13^11 + 7*13^12 + 11*13^13 + 4*13^14 + 11*13^15 + O(13^16) : 7*13 + 11*13^2 + 2*13^3 + 2*13^4 + 5*13^5 + 11*13^6 + 10*13^7 + 12*13^8 + 13^9 + 3*13^10 + 13^11 + 10*13^12 + 11*13^13 + 12*13^14 + O(13^15) : 1 + O(13^20))
   (7 + 2*13 + 8*13^2 + 4*13^3 + 4*13^4 + 9*13^5 + 4*13^6 + 4*13^7 + 6*13^8 + 6*13^9 + 5*13^10 + 13^11 + 9*13^12 + 11*13^13 + 7*13^14 + 2*13^15 + O(13^16) : 6*13 + 5*13^2 + 13^3 + 9*13^4 + 5*13^5 + 9*13^6 + 12*13^7 + 7*13^8 + 6*13^9 + 9*13^10 + 4*13^11 + 11*13^12 + 10*13^13 + 10*13^14 + O(13^15) : 1 + O(13^20))
   (7 + 2*13 + 8*13^2 + 4*13^3 + 4*13^4 + 9*13^5 + 4*13^6 + 4*13^7 + 6*13^8 + 6*13^9 + 5*13^10 + 13^11 + 9*13^12 + 11*13^13 + 7*13^14 + 2*13^15 + O(13^16) : 7*13 + 7*13^2 + 11*13^3 + 3*13^4 + 7*13^5 + 3*13^6 + 5*13^8 + 6*13^9 + 3*13^10 + 8*13^11 + 13^12 + 2*13^13 + 2*13^14 + O(13^15) : 1 + O(13^20))
   (7 + 2*13 + 8*13^2 + 7*13^3 + 10*13^4 + 5*13^6 + 9*13^7 + 12*13^8 + 6*13^9 + 12*13^10 + 12*13^11 + 6*13^12 + 7*13^13 + 5*13^14 + 10*13^15 + O(13^16) : 6*13 + 11*13^2 + 10*13^3 + 3*13^4 + 9*13^5 + 6*13^6 + 6*13^7 + 4*13^8 + 13^9 + 7*13^10 + 3*13^11 + 4*13^12 + 7*13^13 + 9*13^14 + O(13^15) : 1 + O(13^20))
   (7 + 2*13 + 8*13^2 + 7*13^3 + 10*13^4 + 5*13^6 + 9*13^7 + 12*13^8 + 6*13^9 + 12*13^10 + 12*13^11 + 6*13^12 + 7*13^13 + 5*13^14 + 10*13^15 + O(13^16) : 7*13 + 13^2 + 2*13^3 + 9*13^4 + 3*13^5 + 6*13^6 + 6*13^7 + 8*13^8 + 11*13^9 + 5*13^10 + 9*13^11 + 8*13^12 + 5*13^13 + 3*13^14 + O(13^15) : 1 + O(13^20))
   (7*13 + 10*13^2 + 3*13^3 + 2*13^4 + 8*13^5 + 9*13^6 + 3*13^7 + 10*13^8 + 13^9 + 13^10 + 8*13^11 + 7*13^12 + 5*13^13 + 3*13^14 + O(13^15) : 10 + 9*13 + 3*13^3 + 3*13^4 + 10*13^5 + 4*13^6 + 3*13^7 + 3*13^8 + 4*13^9 + 12*13^10 + 9*13^12 + 3*13^13 + 2*13^14 + 5*13^15 + O(13^16) : 1 + O(13^20))
   (7*13 + 10*13^2 + 3*13^3 + 2*13^4 + 8*13^5 + 9*13^6 + 3*13^7 + 10*13^8 + 13^9 + 13^10 + 8*13^11 + 7*13^12 + 5*13^13 + 3*13^14 + O(13^15) : 3 + 3*13 + 12*13^2 + 9*13^3 + 9*13^4 + 2*13^5 + 8*13^6 + 9*13^7 + 9*13^8 + 8*13^9 + 12*13^11 + 3*13^12 + 9*13^13 + 10*13^14 + 7*13^15 + O(13^16) : 1 + O(13^20))
   (7*13 + 12*13^2 + 3*13^3 + 2*13^4 + 3*13^5 + 13^6 + 6*13^7 + 10*13^8 + 11*13^11 + 10*13^12 + 11*13^13 + O(13^15) : 10 + 9*13 + 6*13^3 + 5*13^4 + 11*13^5 + 7*13^6 + 2*13^7 + 7*13^8 + 7*13^9 + 12*13^10 + 5*13^11 + 7*13^12 + 10*13^13 + 2*13^14 + 4*13^15 + O(13^16) : 1 + O(13^20))
   (7*13 + 12*13^2 + 3*13^3 + 2*13^4 + 3*13^5 + 13^6 + 6*13^7 + 10*13^8 + 11*13^11 + 10*13^12 + 11*13^13 + O(13^15) : 3 + 3*13 + 12*13^2 + 6*13^3 + 7*13^4 + 13^5 + 5*13^6 + 10*13^7 + 5*13^8 + 5*13^9 + 7*13^11 + 5*13^12 + 2*13^13 + 10*13^14 + 8*13^15 + O(13^16) : 1 + O(13^20))
   (7*13 + 6*13^2 + 11*13^3 + 5*13^4 + 9*13^5 + 7*13^6 + 5*13^7 + 11*13^8 + 4*13^9 + 11*13^10 + 7*13^11 + 2*13^12 + 5*13^14 + O(13^15) : 10 + 9*13 + 10*13^3 + 7*13^4 + 3*13^5 + 11*13^6 + 7*13^7 + 13^8 + 11*13^9 + 10*13^10 + 8*13^11 + 10*13^12 + 13^13 + 9*13^14 + 9*13^15 + O(13^16) : 1 + O(13^20))
   (7*13 + 6*13^2 + 11*13^3 + 5*13^4 + 9*13^5 + 7*13^6 + 5*13^7 + 11*13^8 + 4*13^9 + 11*13^10 + 7*13^11 + 2*13^12 + 5*13^14 + O(13^15) : 3 + 3*13 + 12*13^2 + 2*13^3 + 5*13^4 + 9*13^5 + 13^6 + 5*13^7 + 11*13^8 + 13^9 + 2*13^10 + 4*13^11 + 2*13^12 + 11*13^13 + 3*13^14 + 3*13^15 + O(13^16) : 1 + O(13^20))
   (7*13 + 7*13^2 + 8*13^4 + 13^5 + 6*13^6 + 3*13^7 + 6*13^8 + 12*13^9 + 11*13^10 + 13^12 + 7*13^13 + 12*13^14 + O(13^15) : 10 + 9*13 + 5*13^3 + 11*13^4 + 10*13^5 + 7*13^6 + 7*13^7 + 7*13^8 + 3*13^9 + 9*13^10 + 6*13^11 + 6*13^12 + 13^13 + 2*13^14 + 4*13^15 + O(13^16) : 1 + O(13^20))
   (7*13 + 7*13^2 + 8*13^4 + 13^5 + 6*13^6 + 3*13^7 + 6*13^8 + 12*13^9 + 11*13^10 + 13^12 + 7*13^13 + 12*13^14 + O(13^15) : 3 + 3*13 + 12*13^2 + 7*13^3 + 13^4 + 2*13^5 + 5*13^6 + 5*13^7 + 5*13^8 + 9*13^9 + 3*13^10 + 6*13^11 + 6*13^12 + 11*13^13 + 10*13^14 + 8*13^15 + O(13^16) : 1 + O(13^20))
   (7*13^-1 + 1 + 10*13 + 3*13^2 + 13^3 + 9*13^4 + 7*13^5 + 11*13^6 + 9*13^7 + 6*13^8 + 8*13^9 + 10*13^10 + 8*13^11 + 4*13^12 + 8*13^13 + 3*13^14 + 9*13^15 + O(13^16) : 5*13^-3 + 4*13^-2 + 12*13^-1 + 6 + 11*13 + 10*13^3 + 4*13^4 + 4*13^5 + 2*13^6 + 13^7 + 6*13^8 + 12*13^9 + 12*13^10 + 13^11 + 5*13^12 + 6*13^13 + O(13^14) : 1 + O(13^20))
   (7*13^-1 + 1 + 10*13 + 3*13^2 + 13^3 + 9*13^4 + 7*13^5 + 11*13^6 + 9*13^7 + 6*13^8 + 8*13^9 + 10*13^10 + 8*13^11 + 4*13^12 + 8*13^13 + 3*13^14 + 9*13^15 + O(13^16) : 8*13^-3 + 8*13^-2 + 6 + 13 + 12*13^2 + 2*13^3 + 8*13^4 + 8*13^5 + 10*13^6 + 11*13^7 + 6*13^8 + 11*13^11 + 7*13^12 + 6*13^13 + O(13^14) : 1 + O(13^20))
   (7*13^-1 + 3 + 9*13 + 6*13^2 + 10*13^3 + 2*13^4 + 5*13^5 + 3*13^6 + 7*13^7 + 6*13^8 + 9*13^9 + 10*13^10 + 5*13^11 + 10*13^12 + 5*13^13 + 8*13^14 + 6*13^15 + O(13^16) : 5*13^-3 + 12*13^-2 + 3*13^-1 + 7 + 11*13 + 8*13^2 + 6*13^3 + 8*13^4 + 5*13^6 + 2*13^7 + 2*13^8 + 11*13^9 + 9*13^10 + 2*13^11 + 9*13^12 + 8*13^13 + O(13^14) : 1 + O(13^20))
   (7*13^-1 + 3 + 9*13 + 6*13^2 + 10*13^3 + 2*13^4 + 5*13^5 + 3*13^6 + 7*13^7 + 6*13^8 + 9*13^9 + 10*13^10 + 5*13^11 + 10*13^12 + 5*13^13 + 8*13^14 + 6*13^15 + O(13^16) : 8*13^-3 + 9*13^-1 + 5 + 13 + 4*13^2 + 6*13^3 + 4*13^4 + 12*13^5 + 7*13^6 + 10*13^7 + 10*13^8 + 13^9 + 3*13^10 + 10*13^11 + 3*13^12 + 4*13^13 + O(13^14) : 1 + O(13^20))
   (7*13^-1 + 5 + 4*13 + 5*13^2 + 13^3 + 5*13^4 + 8*13^5 + 6*13^6 + 13^7 + 12*13^8 + 12*13^9 + 7*13^10 + 4*13^11 + 3*13^13 + 12*13^14 + 3*13^15 + O(13^16) : 5*13^-3 + 7*13^-2 + 4*13^-1 + 11 + 13 + 8*13^2 + 2*13^3 + 7*13^4 + 9*13^5 + 4*13^6 + 13^7 + 11*13^9 + 9*13^10 + 13^11 + 11*13^12 + 12*13^13 + O(13^14) : 1 + O(13^20))
   (7*13^-1 + 5 + 4*13 + 5*13^2 + 13^3 + 5*13^4 + 8*13^5 + 6*13^6 + 13^7 + 12*13^8 + 12*13^9 + 7*13^10 + 4*13^11 + 3*13^13 + 12*13^14 + 3*13^15 + O(13^16) : 8*13^-3 + 5*13^-2 + 8*13^-1 + 1 + 11*13 + 4*13^2 + 10*13^3 + 5*13^4 + 3*13^5 + 8*13^6 + 11*13^7 + 12*13^8 + 13^9 + 3*13^10 + 11*13^11 + 13^12 + O(13^14) : 1 + O(13^20))
   (7*13^-1 + 5 + 5*13 + 7*13^3 + 4*13^4 + 11*13^5 + 13^6 + 12*13^7 + 11*13^8 + 13^9 + 2*13^10 + 10*13^11 + 7*13^13 + 3*13^14 + 11*13^15 + O(13^16) : 5*13^-3 + 7*13^-2 + 8*13^-1 + 4 + 12*13 + 5*13^2 + 11*13^3 + 10*13^4 + 2*13^5 + 4*13^6 + 5*13^7 + 4*13^8 + 5*13^9 + 11*13^10 + 13^11 + 8*13^12 + 2*13^13 + O(13^14) : 1 + O(13^20))
   (7*13^-1 + 5 + 5*13 + 7*13^3 + 4*13^4 + 11*13^5 + 13^6 + 12*13^7 + 11*13^8 + 13^9 + 2*13^10 + 10*13^11 + 7*13^13 + 3*13^14 + 11*13^15 + O(13^16) : 8*13^-3 + 5*13^-2 + 4*13^-1 + 8 + 7*13^2 + 13^3 + 2*13^4 + 10*13^5 + 8*13^6 + 7*13^7 + 8*13^8 + 7*13^9 + 13^10 + 11*13^11 + 4*13^12 + 10*13^13 + O(13^14) : 1 + O(13^20))
   (7*13^-1 + 7 + 4*13 + 7*13^2 + 10*13^3 + 8*13^4 + 5*13^5 + 10*13^6 + 2*13^7 + 3*13^8 + 6*13^9 + 13^10 + 5*13^11 + 4*13^12 + 4*13^13 + 6*13^14 + 5*13^15 + O(13^16) : 5*13^-3 + 2*13^-2 + 11*13^-1 + 1 + 5*13 + 7*13^2 + 3*13^4 + 11*13^5 + 10*13^6 + 2*13^7 + 7*13^9 + 12*13^10 + 7*13^11 + 2*13^12 + 7*13^13 + O(13^14) : 1 + O(13^20))
   (7*13^-1 + 7 + 4*13 + 7*13^2 + 10*13^3 + 8*13^4 + 5*13^5 + 10*13^6 + 2*13^7 + 3*13^8 + 6*13^9 + 13^10 + 5*13^11 + 4*13^12 + 4*13^13 + 6*13^14 + 5*13^15 + O(13^16) : 8*13^-3 + 10*13^-2 + 13^-1 + 11 + 7*13 + 5*13^2 + 12*13^3 + 9*13^4 + 13^5 + 2*13^6 + 10*13^7 + 12*13^8 + 5*13^9 + 5*13^11 + 10*13^12 + 5*13^13 + O(13^14) : 1 + O(13^20))
   (7*13^-1 + 7 + 4*13^2 + 13^3 + 11*13^4 + 10*13^5 + 2*13^6 + 9*13^7 + 5*13^9 + 3*13^10 + 3*13^11 + 6*13^12 + 4*13^13 + 7*13^14 + 7*13^15 + O(13^16) : 5*13^-3 + 2*13^-2 + 8*13^-1 + 3 + 5*13^3 + 3*13^4 + 7*13^5 + 4*13^6 + 11*13^7 + 10*13^8 + 10*13^9 + 11*13^10 + 9*13^12 + 2*13^13 + O(13^14) : 1 + O(13^20))
   (7*13^-1 + 7 + 4*13^2 + 13^3 + 11*13^4 + 10*13^5 + 2*13^6 + 9*13^7 + 5*13^9 + 3*13^10 + 3*13^11 + 6*13^12 + 4*13^13 + 7*13^14 + 7*13^15 + O(13^16) : 8*13^-3 + 10*13^-2 + 4*13^-1 + 9 + 12*13 + 12*13^2 + 7*13^3 + 9*13^4 + 5*13^5 + 8*13^6 + 13^7 + 2*13^8 + 2*13^9 + 13^10 + 12*13^11 + 3*13^12 + 10*13^13 + O(13^14) : 1 + O(13^20))
   (7*13^-1 + 9 + 10*13 + 11*13^2 + 10*13^3 + 4*13^4 + 8*13^5 + 7*13^6 + 4*13^7 + 3*13^8 + 6*13^9 + 5*13^10 + 7*13^11 + 10*13^13 + 4*13^14 + 11*13^15 + O(13^16) : 5*13^-3 + 10*13^-2 + 13^-1 + 8 + 6*13 + 9*13^2 + 2*13^3 + 13^4 + 2*13^5 + 5*13^6 + 7*13^7 + 3*13^8 + 9*13^9 + 8*13^10 + 11*13^11 + 10*13^12 + 8*13^13 + O(13^14) : 1 + O(13^20))
   (7*13^-1 + 9 + 10*13 + 11*13^2 + 10*13^3 + 4*13^4 + 8*13^5 + 7*13^6 + 4*13^7 + 3*13^8 + 6*13^9 + 5*13^10 + 7*13^11 + 10*13^13 + 4*13^14 + 11*13^15 + O(13^16) : 8*13^-3 + 2*13^-2 + 11*13^-1 + 4 + 6*13 + 3*13^2 + 10*13^3 + 11*13^4 + 10*13^5 + 7*13^6 + 5*13^7 + 9*13^8 + 3*13^9 + 4*13^10 + 13^11 + 2*13^12 + 4*13^13 + O(13^14) : 1 + O(13^20))
   (8 + 10*13 + 10*13^2 + 4*13^3 + 9*13^4 + 3*13^5 + 10*13^7 + 8*13^8 + 12*13^9 + 7*13^10 + 10*13^11 + 9*13^12 + 4*13^13 + 8*13^14 + 9*13^15 + 12*13^16 + O(13^17) : 4 + 12*13 + 10*13^2 + 8*13^3 + 6*13^4 + 12*13^5 + 8*13^7 + 13^8 + 11*13^9 + 10*13^10 + 4*13^11 + 2*13^12 + 7*13^13 + 5*13^14 + 11*13^15 + 5*13^16 + O(13^17) : 1 + O(13^20))
   (8 + 10*13 + 10*13^2 + 4*13^3 + 9*13^4 + 3*13^5 + 10*13^7 + 8*13^8 + 12*13^9 + 7*13^10 + 10*13^11 + 9*13^12 + 4*13^13 + 8*13^14 + 9*13^15 + 12*13^16 + O(13^17) : 9 + 2*13^2 + 4*13^3 + 6*13^4 + 12*13^6 + 4*13^7 + 11*13^8 + 13^9 + 2*13^10 + 8*13^11 + 10*13^12 + 5*13^13 + 7*13^14 + 13^15 + 7*13^16 + O(13^17) : 1 + O(13^20))
   (8 + 10*13 + 13^2 + 12*13^3 + 6*13^5 + 11*13^6 + 5*13^7 + 4*13^8 + 7*13^9 + 6*13^10 + 2*13^11 + 13^12 + 13^14 + 11*13^15 + 3*13^16 + O(13^17) : 4 + 12*13 + 4*13^2 + 9*13^3 + 9*13^4 + 4*13^6 + 6*13^7 + 4*13^8 + 10*13^9 + 9*13^10 + 2*13^11 + 6*13^12 + 10*13^13 + 10*13^14 + 10*13^15 + 12*13^16 + O(13^17) : 1 + O(13^20))
   (8 + 10*13 + 13^2 + 12*13^3 + 6*13^5 + 11*13^6 + 5*13^7 + 4*13^8 + 7*13^9 + 6*13^10 + 2*13^11 + 13^12 + 13^14 + 11*13^15 + 3*13^16 + O(13^17) : 9 + 8*13^2 + 3*13^3 + 3*13^4 + 12*13^5 + 8*13^6 + 6*13^7 + 8*13^8 + 2*13^9 + 3*13^10 + 10*13^11 + 6*13^12 + 2*13^13 + 2*13^14 + 2*13^15 + O(13^17) : 1 + O(13^20))
   (8 + 10*13 + 3*13^2 + 6*13^3 + 2*13^4 + 10*13^5 + 10*13^6 + 6*13^8 + 13^9 + 5*13^10 + 4*13^11 + 12*13^12 + 8*13^13 + 13^14 + 10*13^15 + 5*13^16 + O(13^17) : 4 + 12*13 + 13^2 + 13^3 + 2*13^4 + 10*13^5 + 5*13^6 + 2*13^7 + 13^8 + 5*13^9 + 6*13^10 + 10*13^12 + 7*13^14 + 12*13^15 + 5*13^16 + O(13^17) : 1 + O(13^20))
   (8 + 10*13 + 3*13^2 + 6*13^3 + 2*13^4 + 10*13^5 + 10*13^6 + 6*13^8 + 13^9 + 5*13^10 + 4*13^11 + 12*13^12 + 8*13^13 + 13^14 + 10*13^15 + 5*13^16 + O(13^17) : 9 + 11*13^2 + 11*13^3 + 10*13^4 + 2*13^5 + 7*13^6 + 10*13^7 + 11*13^8 + 7*13^9 + 6*13^10 + 12*13^11 + 2*13^12 + 12*13^13 + 5*13^14 + 7*13^16 + O(13^17) : 1 + O(13^20))
   (8 + 10*13 + 5*13^2 + 7*13^3 + 4*13^4 + 7*13^5 + 10*13^6 + 7*13^7 + 12*13^8 + 11*13^9 + 9*13^10 + 7*13^11 + 6*13^13 + 11*13^14 + 4*13^15 + O(13^17) : 4 + 12*13 + 11*13^2 + 13^3 + 12*13^4 + 7*13^5 + 12*13^6 + 6*13^8 + 3*13^9 + 3*13^10 + 8*13^11 + 10*13^13 + 11*13^14 + 6*13^15 + 3*13^16 + O(13^17) : 1 + O(13^20))
   (8 + 10*13 + 5*13^2 + 7*13^3 + 4*13^4 + 7*13^5 + 10*13^6 + 7*13^7 + 12*13^8 + 11*13^9 + 9*13^10 + 7*13^11 + 6*13^13 + 11*13^14 + 4*13^15 + O(13^17) : 9 + 13^2 + 11*13^3 + 5*13^5 + 12*13^7 + 6*13^8 + 9*13^9 + 9*13^10 + 4*13^11 + 12*13^12 + 2*13^13 + 13^14 + 6*13^15 + 9*13^16 + O(13^17) : 1 + O(13^20))
   (8 + 10*13 + 7*13^2 + 13^3 + 5*13^4 + 13^5 + 4*13^6 + 2*13^7 + 13^8 + 9*13^9 + 9*13^11 + 12*13^12 + 2*13^14 + 5*13^16 + O(13^17) : 4 + 12*13 + 8*13^2 + 6*13^3 + 12*13^4 + 10*13^6 + 9*13^7 + 13^8 + 6*13^9 + 10*13^10 + 10*13^11 + 11*13^13 + 11*13^14 + 3*13^15 + 4*13^16 + O(13^17) : 1 + O(13^20))
   (8 + 10*13 + 7*13^2 + 13^3 + 5*13^4 + 13^5 + 4*13^6 + 2*13^7 + 13^8 + 9*13^9 + 9*13^11 + 12*13^12 + 2*13^14 + 5*13^16 + O(13^17) : 9 + 4*13^2 + 6*13^3 + 12*13^5 + 2*13^6 + 3*13^7 + 11*13^8 + 6*13^9 + 2*13^10 + 2*13^11 + 12*13^12 + 13^13 + 13^14 + 9*13^15 + 8*13^16 + O(13^17) : 1 + O(13^20))
   (8 + 10*13 + 9*13^2 + 12*13^3 + 10*13^4 + 12*13^5 + 9*13^6 + 2*13^7 + 10*13^8 + 13^9 + 3*13^10 + 2*13^11 + 2*13^12 + 2*13^14 + 8*13^15 + 12*13^16 + O(13^17) : 4 + 12*13 + 5*13^2 + 5*13^3 + 3*13^4 + 7*13^5 + 11*13^6 + 13^7 + 8*13^8 + 2*13^9 + 9*13^10 + 5*13^11 + 3*13^12 + 12*13^13 + 7*13^14 + 11*13^16 + O(13^17) : 1 + O(13^20))
   (8 + 10*13 + 9*13^2 + 12*13^3 + 10*13^4 + 12*13^5 + 9*13^6 + 2*13^7 + 10*13^8 + 13^9 + 3*13^10 + 2*13^11 + 2*13^12 + 2*13^14 + 8*13^15 + 12*13^16 + O(13^17) : 9 + 7*13^2 + 7*13^3 + 9*13^4 + 5*13^5 + 13^6 + 11*13^7 + 4*13^8 + 10*13^9 + 3*13^10 + 7*13^11 + 9*13^12 + 5*13^14 + 12*13^15 + 13^16 + O(13^17) : 1 + O(13^20))
   (8 + 11*13 + 10*13^2 + 9*13^3 + 5*13^4 + 5*13^5 + 2*13^7 + 4*13^8 + 2*13^9 + 2*13^10 + 7*13^12 + 2*13^13 + 2*13^16 + O(13^17) : 4 + 4*13 + 2*13^2 + 5*13^3 + 13^4 + 11*13^5 + 10*13^6 + 13^7 + 6*13^8 + 2*13^9 + 4*13^10 + 5*13^11 + 5*13^12 + 6*13^13 + 4*13^14 + 7*13^15 + 7*13^16 + O(13^17) : 1 + O(13^20))
   (8 + 11*13 + 10*13^2 + 9*13^3 + 5*13^4 + 5*13^5 + 2*13^7 + 4*13^8 + 2*13^9 + 2*13^10 + 7*13^12 + 2*13^13 + 2*13^16 + O(13^17) : 9 + 8*13 + 10*13^2 + 7*13^3 + 11*13^4 + 13^5 + 2*13^6 + 11*13^7 + 6*13^8 + 10*13^9 + 8*13^10 + 7*13^11 + 7*13^12 + 6*13^13 + 8*13^14 + 5*13^15 + 5*13^16 + O(13^17) : 1 + O(13^20))
   (8 + 11*13 + 6*13^2 + 3*13^3 + 12*13^4 + 4*13^5 + 13^6 + 8*13^7 + 13^8 + 9*13^9 + 8*13^10 + 3*13^11 + 3*13^12 + 2*13^13 + 3*13^14 + 6*13^15 + 13^16 + O(13^17) : 4 + 4*13 + 8*13^2 + 9*13^3 + 13^4 + 10*13^5 + 8*13^6 + 4*13^7 + 7*13^8 + 5*13^9 + 12*13^10 + 8*13^12 + 12*13^13 + 7*13^14 + 9*13^15 + 2*13^16 + O(13^17) : 1 + O(13^20))
   (8 + 11*13 + 6*13^2 + 3*13^3 + 12*13^4 + 4*13^5 + 13^6 + 8*13^7 + 13^8 + 9*13^9 + 8*13^10 + 3*13^11 + 3*13^12 + 2*13^13 + 3*13^14 + 6*13^15 + 13^16 + O(13^17) : 9 + 8*13 + 4*13^2 + 3*13^3 + 11*13^4 + 2*13^5 + 4*13^6 + 8*13^7 + 5*13^8 + 7*13^9 + 12*13^11 + 4*13^12 + 5*13^14 + 3*13^15 + 10*13^16 + O(13^17) : 1 + O(13^20))
   (8 + 11*13 + 6*13^2 + 4*13^3 + 10*13^4 + 12*13^6 + 3*13^7 + 8*13^8 + 11*13^9 + 9*13^10 + 3*13^11 + 4*13^12 + 13^13 + 3*13^14 + 2*13^16 + O(13^17) : 4 + 4*13 + 8*13^2 + 13^3 + 9*13^4 + 12*13^5 + 3*13^6 + 9*13^7 + 11*13^8 + 13^9 + 2*13^10 + 10*13^11 + 3*13^12 + 9*13^13 + 6*13^14 + 2*13^15 + 5*13^16 + O(13^17) : 1 + O(13^20))
   (8 + 11*13 + 6*13^2 + 4*13^3 + 10*13^4 + 12*13^6 + 3*13^7 + 8*13^8 + 11*13^9 + 9*13^10 + 3*13^11 + 4*13^12 + 13^13 + 3*13^14 + 2*13^16 + O(13^17) : 9 + 8*13 + 4*13^2 + 11*13^3 + 3*13^4 + 9*13^6 + 3*13^7 + 13^8 + 11*13^9 + 10*13^10 + 2*13^11 + 9*13^12 + 3*13^13 + 6*13^14 + 10*13^15 + 7*13^16 + O(13^17) : 1 + O(13^20))
   (8 + 11*13 + 7*13^2 + 7*13^3 + 9*13^5 + 11*13^6 + 12*13^7 + 4*13^8 + 11*13^10 + 9*13^11 + 4*13^12 + 3*13^13 + 12*13^14 + 12*13^15 + O(13^17) : 4 + 4*13 + 8*13^3 + 3*13^4 + 8*13^5 + 4*13^7 + 13^8 + 2*13^9 + 8*13^10 + 13^11 + 9*13^12 + 9*13^13 + 10*13^14 + 2*13^15 + 5*13^16 + O(13^17) : 1 + O(13^20))
   (8 + 11*13 + 7*13^2 + 7*13^3 + 9*13^5 + 11*13^6 + 12*13^7 + 4*13^8 + 11*13^10 + 9*13^11 + 4*13^12 + 3*13^13 + 12*13^14 + 12*13^15 + O(13^17) : 9 + 8*13 + 12*13^2 + 4*13^3 + 9*13^4 + 4*13^5 + 12*13^6 + 8*13^7 + 11*13^8 + 10*13^9 + 4*13^10 + 11*13^11 + 3*13^12 + 3*13^13 + 2*13^14 + 10*13^15 + 7*13^16 + O(13^17) : 1 + O(13^20))
   (8 + 12*13 + 10*13^2 + 4*13^3 + 5*13^4 + 3*13^5 + 12*13^6 + 10*13^8 + 13^9 + 12*13^10 + 8*13^11 + 13^12 + 6*13^13 + 2*13^14 + 10*13^15 + 12*13^16 + O(13^17) : 4 + 9*13 + 6*13^2 + 10*13^3 + 5*13^5 + 12*13^6 + 2*13^7 + 6*13^8 + 12*13^9 + 9*13^10 + 8*13^11 + 4*13^12 + 6*13^13 + 9*13^14 + 6*13^15 + O(13^17) : 1 + O(13^20))
   (8 + 12*13 + 10*13^2 + 4*13^3 + 5*13^4 + 3*13^5 + 12*13^6 + 10*13^8 + 13^9 + 12*13^10 + 8*13^11 + 13^12 + 6*13^13 + 2*13^14 + 10*13^15 + 12*13^16 + O(13^17) : 9 + 3*13 + 6*13^2 + 2*13^3 + 12*13^4 + 7*13^5 + 10*13^7 + 6*13^8 + 3*13^10 + 4*13^11 + 8*13^12 + 6*13^13 + 3*13^14 + 6*13^15 + 12*13^16 + O(13^17) : 1 + O(13^20))
   (8 + 12*13 + 3*13^2 + 2*13^4 + 3*13^6 + 4*13^7 + 6*13^9 + 3*13^10 + 7*13^11 + 8*13^12 + 8*13^13 + 11*13^14 + 12*13^15 + 11*13^16 + O(13^17) : 4 + 9*13 + 10*13^2 + 11*13^3 + 8*13^4 + 7*13^5 + 3*13^6 + 12*13^7 + 5*13^8 + 2*13^10 + 2*13^11 + 13^12 + 9*13^13 + 9*13^14 + 11*13^15 + 2*13^16 + O(13^17) : 1 + O(13^20))
   (8 + 12*13 + 3*13^2 + 2*13^4 + 3*13^6 + 4*13^7 + 6*13^9 + 3*13^10 + 7*13^11 + 8*13^12 + 8*13^13 + 11*13^14 + 12*13^15 + 11*13^16 + O(13^17) : 9 + 3*13 + 2*13^2 + 13^3 + 4*13^4 + 5*13^5 + 9*13^6 + 7*13^8 + 12*13^9 + 10*13^10 + 10*13^11 + 11*13^12 + 3*13^13 + 3*13^14 + 13^15 + 10*13^16 + O(13^17) : 1 + O(13^20))
   (8 + 12*13 + 7*13^2 + 5*13^3 + 8*13^4 + 3*13^5 + 2*13^6 + 13^7 + 12*13^8 + 12*13^9 + 5*13^10 + 7*13^11 + 11*13^12 + 5*13^13 + 2*13^14 + 11*13^15 + 13^16 + O(13^17) : 4 + 9*13 + 4*13^2 + 2*13^3 + 4*13^4 + 4*13^5 + 6*13^6 + 4*13^7 + 6*13^8 + 8*13^10 + 7*13^11 + 10*13^12 + 8*13^13 + 4*13^14 + 12*13^15 + 3*13^16 + O(13^17) : 1 + O(13^20))
   (8 + 12*13 + 7*13^2 + 5*13^3 + 8*13^4 + 3*13^5 + 2*13^6 + 13^7 + 12*13^8 + 12*13^9 + 5*13^10 + 7*13^11 + 11*13^12 + 5*13^13 + 2*13^14 + 11*13^15 + 13^16 + O(13^17) : 9 + 3*13 + 8*13^2 + 10*13^3 + 8*13^4 + 8*13^5 + 6*13^6 + 8*13^7 + 6*13^8 + 12*13^9 + 4*13^10 + 5*13^11 + 2*13^12 + 4*13^13 + 8*13^14 + 9*13^16 + O(13^17) : 1 + O(13^20))
   (8 + 12*13 + 8*13^2 + 9*13^3 + 2*13^4 + 2*13^5 + 2*13^6 + 11*13^7 + 4*13^8 + 11*13^9 + 10*13^10 + 9*13^11 + 3*13^12 + 12*13^13 + 13^14 + 10*13^15 + 2*13^16 + O(13^17) : 4 + 9*13 + 9*13^2 + 10*13^4 + 7*13^5 + 12*13^6 + 7*13^7 + 7*13^8 + 12*13^9 + 11*13^10 + 3*13^13 + 10*13^14 + 4*13^15 + 9*13^16 + O(13^17) : 1 + O(13^20))
   (8 + 12*13 + 8*13^2 + 9*13^3 + 2*13^4 + 2*13^5 + 2*13^6 + 11*13^7 + 4*13^8 + 11*13^9 + 10*13^10 + 9*13^11 + 3*13^12 + 12*13^13 + 13^14 + 10*13^15 + 2*13^16 + O(13^17) : 9 + 3*13 + 3*13^2 + 12*13^3 + 2*13^4 + 5*13^5 + 5*13^7 + 5*13^8 + 13^10 + 12*13^11 + 12*13^12 + 9*13^13 + 2*13^14 + 8*13^15 + 3*13^16 + O(13^17) : 1 + O(13^20))
   (8 + 13 + 10*13^2 + 12*13^3 + 12*13^4 + 4*13^5 + 4*13^6 + 13^7 + 5*13^8 + 9*13^9 + 5*13^11 + 12*13^12 + 8*13^13 + 9*13^14 + 12*13^16 + O(13^17) : 4 + 6*13 + 10*13^2 + 6*13^3 + 11*13^4 + 11*13^5 + 11*13^6 + 13^7 + 10*13^8 + 11*13^10 + 12*13^11 + 5*13^12 + 6*13^14 + 13^15 + 11*13^16 + O(13^17) : 1 + O(13^20))
   (8 + 13 + 10*13^2 + 12*13^3 + 12*13^4 + 4*13^5 + 4*13^6 + 13^7 + 5*13^8 + 9*13^9 + 5*13^11 + 12*13^12 + 8*13^13 + 9*13^14 + 12*13^16 + O(13^17) : 9 + 6*13 + 2*13^2 + 6*13^3 + 13^4 + 13^5 + 13^6 + 11*13^7 + 2*13^8 + 12*13^9 + 13^10 + 7*13^12 + 12*13^13 + 6*13^14 + 11*13^15 + 13^16 + O(13^17) : 1 + O(13^20))
   (8 + 13 + 3*13^2 + 2*13^4 + 10*13^5 + 6*13^6 + 4*13^7 + 13^9 + 8*13^11 + 8*13^12 + 5*13^14 + 9*13^15 + 10*13^16 + O(13^17) : 4 + 6*13 + 13^2 + 7*13^3 + 9*13^4 + 12*13^5 + 6*13^6 + 3*13^7 + 12*13^8 + 4*13^9 + 4*13^10 + 13^11 + 13^13 + 2*13^14 + 5*13^15 + 13^16 + O(13^17) : 1 + O(13^20))
   (8 + 13 + 3*13^2 + 2*13^4 + 10*13^5 + 6*13^6 + 4*13^7 + 13^9 + 8*13^11 + 8*13^12 + 5*13^14 + 9*13^15 + 10*13^16 + O(13^17) : 9 + 6*13 + 11*13^2 + 5*13^3 + 3*13^4 + 6*13^6 + 9*13^7 + 8*13^9 + 8*13^10 + 11*13^11 + 12*13^12 + 11*13^13 + 10*13^14 + 7*13^15 + 11*13^16 + O(13^17) : 1 + O(13^20))
   (8 + 13 + 5*13^2 + 13^3 + 3*13^4 + 4*13^5 + 3*13^6 + 2*13^7 + 10*13^8 + 10*13^9 + 6*13^10 + 7*13^11 + 11*13^12 + 13^13 + 5*13^14 + 2*13^15 + 12*13^16 + O(13^17) : 4 + 6*13 + 11*13^2 + 7*13^3 + 10*13^4 + 13^5 + 9*13^6 + 8*13^7 + 3*13^8 + 7*13^9 + 5*13^10 + 6*13^11 + 5*13^12 + 3*13^13 + 12*13^14 + 8*13^15 + 11*13^16 + O(13^17) : 1 + O(13^20))
   (8 + 13 + 5*13^2 + 13^3 + 3*13^4 + 4*13^5 + 3*13^6 + 2*13^7 + 10*13^8 + 10*13^9 + 6*13^10 + 7*13^11 + 11*13^12 + 13^13 + 5*13^14 + 2*13^15 + 12*13^16 + O(13^17) : 9 + 6*13 + 13^2 + 5*13^3 + 2*13^4 + 11*13^5 + 3*13^6 + 4*13^7 + 9*13^8 + 5*13^9 + 7*13^10 + 6*13^11 + 7*13^12 + 9*13^13 + 4*13^15 + 13^16 + O(13^17) : 1 + O(13^20))
   (8 + 13 + 6*13^2 + 8*13^3 + 7*13^4 + 2*13^5 + 7*13^6 + 13^7 + 5*13^8 + 10*13^9 + 5*13^11 + 7*13^13 + 5*13^14 + 13^15 + 2*13^16 + O(13^17) : 4 + 6*13 + 3*13^2 + 8*13^3 + 11*13^4 + 11*13^5 + 6*13^6 + 9*13^8 + 10*13^9 + 6*13^10 + 10*13^12 + 8*13^13 + 8*13^14 + 13^15 + O(13^17) : 1 + O(13^20))
   (8 + 13 + 6*13^2 + 8*13^3 + 7*13^4 + 2*13^5 + 7*13^6 + 13^7 + 5*13^8 + 10*13^9 + 5*13^11 + 7*13^13 + 5*13^14 + 13^15 + 2*13^16 + O(13^17) : 9 + 6*13 + 9*13^2 + 4*13^3 + 13^4 + 13^5 + 6*13^6 + 12*13^7 + 3*13^8 + 2*13^9 + 6*13^10 + 12*13^11 + 2*13^12 + 4*13^13 + 4*13^14 + 11*13^15 + 12*13^16 + O(13^17) : 1 + O(13^20))
   (8 + 2*13 + 13^2 + 7*13^3 + 6*13^4 + 5*13^5 + 10*13^6 + 11*13^7 + 2*13^8 + 3*13^10 + 12*13^11 + 9*13^12 + 6*13^13 + 10*13^15 + 13^16 + O(13^17) : 4 + 11*13 + 8*13^2 + 2*13^4 + 2*13^5 + 6*13^6 + 6*13^7 + 8*13^8 + 3*13^9 + 9*13^10 + 6*13^11 + 7*13^12 + 13^13 + 4*13^14 + 8*13^16 + O(13^17) : 1 + O(13^20))
   (8 + 2*13 + 13^2 + 7*13^3 + 6*13^4 + 5*13^5 + 10*13^6 + 11*13^7 + 2*13^8 + 3*13^10 + 12*13^11 + 9*13^12 + 6*13^13 + 10*13^15 + 13^16 + O(13^17) : 9 + 13 + 4*13^2 + 12*13^3 + 10*13^4 + 10*13^5 + 6*13^6 + 6*13^7 + 4*13^8 + 9*13^9 + 3*13^10 + 6*13^11 + 5*13^12 + 11*13^13 + 8*13^14 + 12*13^15 + 4*13^16 + O(13^17) : 1 + O(13^20))
   (8 + 2*13 + 4*13^2 + 13^3 + 3*13^4 + 10*13^5 + 2*13^6 + 11*13^7 + 8*13^8 + 7*13^9 + 2*13^10 + 4*13^11 + 12*13^12 + 12*13^14 + 3*13^15 + 6*13^16 + O(13^17) : 4 + 11*13 + 10*13^2 + 9*13^3 + 10*13^4 + 12*13^5 + 4*13^6 + 5*13^7 + 13^8 + 8*13^9 + 10*13^10 + 5*13^11 + 6*13^12 + 2*13^13 + 9*13^15 + 12*13^16 + O(13^17) : 1 + O(13^20))
   (8 + 2*13 + 4*13^2 + 13^3 + 3*13^4 + 10*13^5 + 2*13^6 + 11*13^7 + 8*13^8 + 7*13^9 + 2*13^10 + 4*13^11 + 12*13^12 + 12*13^14 + 3*13^15 + 6*13^16 + O(13^17) : 9 + 13 + 2*13^2 + 3*13^3 + 2*13^4 + 8*13^6 + 7*13^7 + 11*13^8 + 4*13^9 + 2*13^10 + 7*13^11 + 6*13^12 + 10*13^13 + 12*13^14 + 3*13^15 + O(13^17) : 1 + O(13^20))
   (8 + 2*13 + 5*13^2 + 10*13^3 + 13^4 + 6*13^5 + 3*13^6 + 10*13^7 + 7*13^8 + 13^9 + 3*13^10 + 4*13^11 + 10*13^12 + 3*13^13 + 6*13^16 + O(13^17) : 4 + 11*13 + 2*13^2 + 7*13^3 + 4*13^5 + 6*13^6 + 11*13^7 + 9*13^8 + 6*13^9 + 9*13^10 + 9*13^11 + 7*13^12 + 12*13^13 + 2*13^14 + 12*13^15 + 4*13^16 + O(13^17) : 1 + O(13^20))
   (8 + 2*13 + 5*13^2 + 10*13^3 + 13^4 + 6*13^5 + 3*13^6 + 10*13^7 + 7*13^8 + 13^9 + 3*13^10 + 4*13^11 + 10*13^12 + 3*13^13 + 6*13^16 + O(13^17) : 9 + 13 + 10*13^2 + 5*13^3 + 12*13^4 + 8*13^5 + 6*13^6 + 13^7 + 3*13^8 + 6*13^9 + 3*13^10 + 3*13^11 + 5*13^12 + 10*13^14 + 8*13^16 + O(13^17) : 1 + O(13^20))
   (8 + 2*13 + 5*13^2 + 11*13^3 + 5*13^4 + 13^5 + 10*13^6 + 2*13^7 + 2*13^8 + 10*13^9 + 8*13^10 + 12*13^11 + 6*13^13 + 4*13^14 + 10*13^15 + 9*13^16 + O(13^17) : 4 + 11*13 + 2*13^2 + 12*13^3 + 11*13^4 + 8*13^5 + 11*13^6 + 13^7 + 6*13^8 + 13^9 + 12*13^10 + 10*13^11 + 4*13^12 + 9*13^13 + 4*13^14 + 7*13^15 + O(13^17) : 1 + O(13^20))
   (8 + 2*13 + 5*13^2 + 11*13^3 + 5*13^4 + 13^5 + 10*13^6 + 2*13^7 + 2*13^8 + 10*13^9 + 8*13^10 + 12*13^11 + 6*13^13 + 4*13^14 + 10*13^15 + 9*13^16 + O(13^17) : 9 + 13 + 10*13^2 + 13^4 + 4*13^5 + 13^6 + 11*13^7 + 6*13^8 + 11*13^9 + 2*13^11 + 8*13^12 + 3*13^13 + 8*13^14 + 5*13^15 + 12*13^16 + O(13^17) : 1 + O(13^20))
   (8 + 3*13 + 11*13^2 + 5*13^3 + 5*13^5 + 9*13^7 + 12*13^8 + 7*13^9 + 6*13^10 + 10*13^12 + 13^13 + 13^15 + 6*13^16 + O(13^17) : 4 + 3*13 + 11*13^2 + 4*13^3 + 8*13^4 + 3*13^5 + 10*13^6 + 3*13^7 + 5*13^8 + 9*13^10 + 10*13^11 + 9*13^12 + 11*13^14 + 10*13^15 + 4*13^16 + O(13^17) : 1 + O(13^20))
   (8 + 3*13 + 11*13^2 + 5*13^3 + 5*13^5 + 9*13^7 + 12*13^8 + 7*13^9 + 6*13^10 + 10*13^12 + 13^13 + 13^15 + 6*13^16 + O(13^17) : 9 + 9*13 + 13^2 + 8*13^3 + 4*13^4 + 9*13^5 + 2*13^6 + 9*13^7 + 7*13^8 + 12*13^9 + 3*13^10 + 2*13^11 + 3*13^12 + 12*13^13 + 13^14 + 2*13^15 + 8*13^16 + O(13^17) : 1 + O(13^20))
   (8 + 3*13 + 2*13^2 + 10*13^3 + 2*13^5 + 7*13^6 + 12*13^7 + 9*13^8 + 4*13^9 + 9*13^10 + 3*13^11 + 4*13^12 + 5*13^13 + 13^14 + 8*13^15 + 12*13^16 + O(13^17) : 4 + 3*13 + 5*13^2 + 3*13^3 + 7*13^4 + 13^5 + 9*13^6 + 9*13^7 + 10*13^8 + 3*13^9 + 7*13^11 + 7*13^12 + 13^13 + 9*13^15 + 2*13^16 + O(13^17) : 1 + O(13^20))
   (8 + 3*13 + 2*13^2 + 10*13^3 + 2*13^5 + 7*13^6 + 12*13^7 + 9*13^8 + 4*13^9 + 9*13^10 + 3*13^11 + 4*13^12 + 5*13^13 + 13^14 + 8*13^15 + 12*13^16 + O(13^17) : 9 + 9*13 + 7*13^2 + 9*13^3 + 5*13^4 + 11*13^5 + 3*13^6 + 3*13^7 + 2*13^8 + 9*13^9 + 12*13^10 + 5*13^11 + 5*13^12 + 11*13^13 + 12*13^14 + 3*13^15 + 10*13^16 + O(13^17) : 1 + O(13^20))
   (8 + 3*13 + 3*13^2 + 11*13^3 + 8*13^4 + 8*13^5 + 12*13^6 + 8*13^7 + 5*13^8 + 2*13^9 + 9*13^10 + 13^11 + 2*13^12 + 7*13^13 + 3*13^14 + 8*13^15 + 4*13^16 + O(13^17) : 4 + 3*13 + 10*13^2 + 12*13^3 + 7*13^4 + 6*13^5 + 4*13^6 + 6*13^7 + 4*13^8 + 8*13^9 + 8*13^10 + 3*13^11 + 2*13^12 + 3*13^13 + 12*13^14 + 3*13^15 + 9*13^16 + O(13^17) : 1 + O(13^20))
   (8 + 3*13 + 3*13^2 + 11*13^3 + 8*13^4 + 8*13^5 + 12*13^6 + 8*13^7 + 5*13^8 + 2*13^9 + 9*13^10 + 13^11 + 2*13^12 + 7*13^13 + 3*13^14 + 8*13^15 + 4*13^16 + O(13^17) : 9 + 9*13 + 2*13^2 + 5*13^4 + 6*13^5 + 8*13^6 + 6*13^7 + 8*13^8 + 4*13^9 + 4*13^10 + 9*13^11 + 10*13^12 + 9*13^13 + 9*13^15 + 3*13^16 + O(13^17) : 1 + O(13^20))
   (8 + 3*13 + 5*13^2 + 13^3 + 12*13^5 + 12*13^6 + 5*13^7 + 8*13^9 + 7*13^10 + 2*13^11 + 3*13^12 + 13^13 + 3*13^14 + 7*13^15 + 4*13^16 + O(13^17) : 4 + 3*13 + 7*13^2 + 10*13^3 + 5*13^4 + 11*13^5 + 9*13^6 + 6*13^7 + 3*13^8 + 6*13^9 + 9*13^10 + 11*13^12 + 11*13^13 + 13^14 + 8*13^15 + 8*13^16 + O(13^17) : 1 + O(13^20))
   (8 + 3*13 + 5*13^2 + 13^3 + 12*13^5 + 12*13^6 + 5*13^7 + 8*13^9 + 7*13^10 + 2*13^11 + 3*13^12 + 13^13 + 3*13^14 + 7*13^15 + 4*13^16 + O(13^17) : 9 + 9*13 + 5*13^2 + 2*13^3 + 7*13^4 + 13^5 + 3*13^6 + 6*13^7 + 9*13^8 + 6*13^9 + 3*13^10 + 12*13^11 + 13^12 + 13^13 + 11*13^14 + 4*13^15 + 4*13^16 + O(13^17) : 1 + O(13^20))
   (8 + 3*13 + 7*13^2 + 13^4 + 2*13^5 + 10*13^6 + 4*13^7 + 6*13^8 + 4*13^10 + 2*13^11 + 3*13^12 + 12*13^13 + 4*13^14 + 4*13^15 + 2*13^16 + O(13^17) : 4 + 3*13 + 4*13^2 + 13^3 + 10*13^4 + 3*13^5 + 7*13^6 + 8*13^7 + 10*13^8 + 2*13^9 + 3*13^10 + 12*13^11 + 11*13^12 + 5*13^13 + 9*13^14 + 8*13^15 + 12*13^16 + O(13^17) : 1 + O(13^20))
   (8 + 3*13 + 7*13^2 + 13^4 + 2*13^5 + 10*13^6 + 4*13^7 + 6*13^8 + 4*13^10 + 2*13^11 + 3*13^12 + 12*13^13 + 4*13^14 + 4*13^15 + 2*13^16 + O(13^17) : 9 + 9*13 + 8*13^2 + 11*13^3 + 2*13^4 + 9*13^5 + 5*13^6 + 4*13^7 + 2*13^8 + 10*13^9 + 9*13^10 + 13^12 + 7*13^13 + 3*13^14 + 4*13^15 + O(13^17) : 1 + O(13^20))
   (8 + 3*13 + 9*13^2 + 6*13^3 + 9*13^5 + 13^6 + 11*13^7 + 5*13^8 + 7*13^9 + 8*13^11 + 2*13^12 + 12*13^13 + 4*13^14 + 13^15 + 13^16 + O(13^17) : 4 + 3*13 + 13^2 + 13^3 + 9*13^4 + 8*13^5 + 5*13^6 + 4*13^7 + 13^8 + 11*13^9 + 3*13^10 + 13^11 + 5*13^12 + 9*13^13 + 4*13^14 + 13^15 + 2*13^16 + O(13^17) : 1 + O(13^20))
   (8 + 3*13 + 9*13^2 + 6*13^3 + 9*13^5 + 13^6 + 11*13^7 + 5*13^8 + 7*13^9 + 8*13^11 + 2*13^12 + 12*13^13 + 4*13^14 + 13^15 + 13^16 + O(13^17) : 9 + 9*13 + 11*13^2 + 11*13^3 + 3*13^4 + 4*13^5 + 7*13^6 + 8*13^7 + 11*13^8 + 13^9 + 9*13^10 + 11*13^11 + 7*13^12 + 3*13^13 + 8*13^14 + 11*13^15 + 10*13^16 + O(13^17) : 1 + O(13^20))
   (8 + 4*13 + 10*13^2 + 9*13^3 + 6*13^5 + 6*13^6 + 9*13^7 + 3*13^8 + 7*13^10 + 6*13^13 + 13^15 + 12*13^16 + O(13^17) : 4 + 8*13 + 10*13^2 + 5*13^3 + 8*13^4 + 12*13^5 + 10*13^6 + 7*13^7 + 7*13^8 + 12*13^9 + 5*13^10 + 8*13^11 + 13^12 + 11*13^13 + 2*13^14 + 8*13^15 + 7*13^16 + O(13^17) : 1 + O(13^20))
   (8 + 4*13 + 10*13^2 + 9*13^3 + 6*13^5 + 6*13^6 + 9*13^7 + 3*13^8 + 7*13^10 + 6*13^13 + 13^15 + 12*13^16 + O(13^17) : 9 + 4*13 + 2*13^2 + 7*13^3 + 4*13^4 + 2*13^6 + 5*13^7 + 5*13^8 + 7*13^10 + 4*13^11 + 11*13^12 + 13^13 + 10*13^14 + 4*13^15 + 5*13^16 + O(13^17) : 1 + O(13^20))
   (8 + 4*13 + 2*13^2 + 4*13^3 + 8*13^4 + 7*13^5 + 4*13^6 + 3*13^7 + 12*13^8 + 9*13^9 + 8*13^10 + 8*13^11 + 9*13^12 + 8*13^13 + 12*13^14 + 2*13^15 + 13^16 + O(13^17) : 4 + 8*13 + 9*13^2 + 10*13^3 + 12*13^4 + 12*13^5 + 9*13^6 + 13^7 + 6*13^8 + 5*13^9 + 3*13^10 + 4*13^11 + 4*13^12 + 6*13^13 + 9*13^14 + 8*13^15 + 2*13^16 + O(13^17) : 1 + O(13^20))
   (8 + 4*13 + 2*13^2 + 4*13^3 + 8*13^4 + 7*13^5 + 4*13^6 + 3*13^7 + 12*13^8 + 9*13^9 + 8*13^10 + 8*13^11 + 9*13^12 + 8*13^13 + 12*13^14 + 2*13^15 + 13^16 + O(13^17) : 9 + 4*13 + 3*13^2 + 2*13^3 + 3*13^6 + 11*13^7 + 6*13^8 + 7*13^9 + 9*13^10 + 8*13^11 + 8*13^12 + 6*13^13 + 3*13^14 + 4*13^15 + 10*13^16 + O(13^17) : 1 + O(13^20))
   (8 + 4*13 + 3*13^2 + 6*13^3 + 3*13^5 + 13^6 + 8*13^7 + 6*13^8 + 13^9 + 3*13^11 + 4*13^12 + 11*13^13 + 9*13^14 + 13^15 + 9*13^16 + O(13^17) : 4 + 8*13 + 13^2 + 12*13^3 + 10*13^4 + 7*13^5 + 5*13^6 + 2*13^7 + 7*13^8 + 10*13^9 + 11*13^10 + 12*13^11 + 9*13^12 + 8*13^13 + 4*13^14 + 13^15 + 13^16 + O(13^17) : 1 + O(13^20))
   (8 + 4*13 + 3*13^2 + 6*13^3 + 3*13^5 + 13^6 + 8*13^7 + 6*13^8 + 13^9 + 3*13^11 + 4*13^12 + 11*13^13 + 9*13^14 + 13^15 + 9*13^16 + O(13^17) : 9 + 4*13 + 11*13^2 + 2*13^4 + 5*13^5 + 7*13^6 + 10*13^7 + 5*13^8 + 2*13^9 + 13^10 + 3*13^12 + 4*13^13 + 8*13^14 + 11*13^15 + 11*13^16 + O(13^17) : 1 + O(13^20))
   (8 + 4*13 + 5*13^2 + 12*13^3 + 7*13^4 + 3*13^5 + 2*13^6 + 5*13^7 + 7*13^8 + 5*13^9 + 12*13^10 + 3*13^11 + 7*13^12 + 5*13^13 + 9*13^14 + 6*13^15 + 6*13^16 + O(13^17) : 4 + 8*13 + 11*13^2 + 11*13^3 + 5*13^5 + 4*13^6 + 6*13^7 + 11*13^8 + 2*13^9 + 2*13^10 + 5*13^11 + 2*13^12 + 7*13^13 + 13^14 + 9*13^15 + 6*13^16 + O(13^17) : 1 + O(13^20))
   (8 + 4*13 + 5*13^2 + 12*13^3 + 7*13^4 + 3*13^5 + 2*13^6 + 5*13^7 + 7*13^8 + 5*13^9 + 12*13^10 + 3*13^11 + 7*13^12 + 5*13^13 + 9*13^14 + 6*13^15 + 6*13^16 + O(13^17) : 9 + 4*13 + 13^2 + 13^3 + 12*13^4 + 7*13^5 + 8*13^6 + 6*13^7 + 13^8 + 10*13^9 + 10*13^10 + 7*13^11 + 10*13^12 + 5*13^13 + 11*13^14 + 3*13^15 + 6*13^16 + O(13^17) : 1 + O(13^20))
   (8 + 4*13 + 7*13^2 + 2*13^3 + 6*13^4 + 12*13^5 + 4*13^7 + 7*13^9 + 13^10 + 12*13^11 + 6*13^12 + 6*13^13 + 13^14 + 5*13^15 + 13^16 + O(13^17) : 4 + 8*13 + 8*13^2 + 9*13^3 + 10*13^4 + 13^5 + 5*13^6 + 3*13^7 + 4*13^8 + 4*13^9 + 7*13^10 + 5*13^11 + 13^12 + 12*13^13 + 13^14 + 8*13^15 + 13^16 + O(13^17) : 1 + O(13^20))
   (8 + 4*13 + 7*13^2 + 2*13^3 + 6*13^4 + 12*13^5 + 4*13^7 + 7*13^9 + 13^10 + 12*13^11 + 6*13^12 + 6*13^13 + 13^14 + 5*13^15 + 13^16 + O(13^17) : 9 + 4*13 + 4*13^2 + 3*13^3 + 2*13^4 + 11*13^5 + 7*13^6 + 9*13^7 + 8*13^8 + 8*13^9 + 5*13^10 + 7*13^11 + 11*13^12 + 11*13^14 + 4*13^15 + 11*13^16 + O(13^17) : 1 + O(13^20))
   (8 + 4*13 + 8*13^2 + 8*13^3 + 10*13^4 + 9*13^5 + 9*13^6 + 12*13^7 + 7*13^8 + 6*13^9 + 2*13^10 + 8*13^11 + 4*13^13 + 8*13^14 + 8*13^15 + 11*13^16 + O(13^17) : 4 + 8*13 + 5*13^3 + 8*13^4 + 7*13^5 + 3*13^6 + 10*13^7 + 5*13^8 + 3*13^9 + 2*13^10 + 3*13^11 + 10*13^12 + 4*13^13 + 9*13^14 + 3*13^15 + 9*13^16 + O(13^17) : 1 + O(13^20))
   (8 + 4*13 + 8*13^2 + 8*13^3 + 10*13^4 + 9*13^5 + 9*13^6 + 12*13^7 + 7*13^8 + 6*13^9 + 2*13^10 + 8*13^11 + 4*13^13 + 8*13^14 + 8*13^15 + 11*13^16 + O(13^17) : 9 + 4*13 + 12*13^2 + 7*13^3 + 4*13^4 + 5*13^5 + 9*13^6 + 2*13^7 + 7*13^8 + 9*13^9 + 10*13^10 + 9*13^11 + 2*13^12 + 8*13^13 + 3*13^14 + 9*13^15 + 3*13^16 + O(13^17) : 1 + O(13^20))
   (8 + 5*13 + 12*13^2 + 5*13^3 + 3*13^4 + 12*13^5 + 3*13^6 + 12*13^7 + 13^8 + 6*13^9 + 7*13^10 + 4*13^11 + 13^12 + 8*13^13 + 5*13^14 + 2*13^15 + O(13^17) : 4 + 12*13^2 + 6*13^3 + 7*13^4 + 8*13^5 + 12*13^6 + 3*13^7 + 2*13^8 + 7*13^9 + 7*13^10 + 8*13^11 + 12*13^12 + 13^13 + 5*13^14 + 8*13^15 + 9*13^16 + O(13^17) : 1 + O(13^20))
   (8 + 5*13 + 12*13^2 + 5*13^3 + 3*13^4 + 12*13^5 + 3*13^6 + 12*13^7 + 13^8 + 6*13^9 + 7*13^10 + 4*13^11 + 13^12 + 8*13^13 + 5*13^14 + 2*13^15 + O(13^17) : 9 + 12*13 + 6*13^3 + 5*13^4 + 4*13^5 + 9*13^7 + 10*13^8 + 5*13^9 + 5*13^10 + 4*13^11 + 11*13^13 + 7*13^14 + 4*13^15 + 3*13^16 + O(13^17) : 1 + O(13^20))
   (8 + 5*13 + 13^2 + 8*13^4 + 5*13^5 + 4*13^6 + 6*13^7 + 8*13^8 + 12*13^10 + 3*13^11 + 10*13^13 + 5*13^14 + 7*13^15 + 4*13^16 + O(13^17) : 4 + 9*13^2 + 11*13^3 + 11*13^5 + 2*13^6 + 6*13^7 + 9*13^8 + 7*13^9 + 12*13^12 + 6*13^13 + 8*13^14 + 5*13^15 + 4*13^16 + O(13^17) : 1 + O(13^20))
   (8 + 5*13 + 13^2 + 8*13^4 + 5*13^5 + 4*13^6 + 6*13^7 + 8*13^8 + 12*13^10 + 3*13^11 + 10*13^13 + 5*13^14 + 7*13^15 + 4*13^16 + O(13^17) : 9 + 12*13 + 3*13^2 + 13^3 + 12*13^4 + 13^5 + 10*13^6 + 6*13^7 + 3*13^8 + 5*13^9 + 12*13^10 + 12*13^11 + 6*13^13 + 4*13^14 + 7*13^15 + 8*13^16 + O(13^17) : 1 + O(13^20))
   (8 + 5*13 + 2*13^2 + 3*13^3 + 11*13^4 + 11*13^5 + 7*13^6 + 6*13^8 + 13^9 + 3*13^10 + 13^11 + 12*13^12 + 3*13^13 + 13^14 + 11*13^15 + 9*13^16 + O(13^17) : 4 + 13^2 + 5*13^3 + 7*13^5 + 8*13^6 + 11*13^7 + 7*13^8 + 13^9 + 8*13^10 + 10*13^11 + 13^12 + 4*13^13 + 7*13^14 + 3*13^15 + 4*13^16 + O(13^17) : 1 + O(13^20))
   (8 + 5*13 + 2*13^2 + 3*13^3 + 11*13^4 + 11*13^5 + 7*13^6 + 6*13^8 + 13^9 + 3*13^10 + 13^11 + 12*13^12 + 3*13^13 + 13^14 + 11*13^15 + 9*13^16 + O(13^17) : 9 + 12*13 + 11*13^2 + 7*13^3 + 12*13^4 + 5*13^5 + 4*13^6 + 13^7 + 5*13^8 + 11*13^9 + 4*13^10 + 2*13^11 + 11*13^12 + 8*13^13 + 5*13^14 + 9*13^15 + 8*13^16 + O(13^17) : 1 + O(13^20))
   (8 + 5*13 + 3*13^2 + 4*13^3 + 10*13^4 + 10*13^5 + 12*13^6 + 5*13^7 + 13^8 + 7*13^9 + 3*13^10 + 4*13^11 + 12*13^12 + 8*13^13 + 7*13^15 + 9*13^16 + O(13^17) : 4 + 6*13^2 + 13^3 + 10*13^4 + 7*13^5 + 10*13^6 + 3*13^7 + 3*13^8 + 11*13^9 + 8*13^10 + 10*13^12 + 11*13^13 + 4*13^14 + 7*13^15 + 6*13^16 + O(13^17) : 1 + O(13^20))
   (8 + 5*13 + 3*13^2 + 4*13^3 + 10*13^4 + 10*13^5 + 12*13^6 + 5*13^7 + 13^8 + 7*13^9 + 3*13^10 + 4*13^11 + 12*13^12 + 8*13^13 + 7*13^15 + 9*13^16 + O(13^17) : 9 + 12*13 + 6*13^2 + 11*13^3 + 2*13^4 + 5*13^5 + 2*13^6 + 9*13^7 + 9*13^8 + 13^9 + 4*13^10 + 12*13^11 + 2*13^12 + 13^13 + 8*13^14 + 5*13^15 + 6*13^16 + O(13^17) : 1 + O(13^20))
   (8 + 5*13 + 3*13^2 + 7*13^3 + 11*13^4 + 3*13^5 + 12*13^6 + 2*13^7 + 10*13^8 + 12*13^9 + 7*13^10 + 9*13^11 + 11*13^12 + 8*13^13 + 3*13^14 + 6*13^15 + 8*13^16 + O(13^17) : 4 + 6*13^2 + 3*13^3 + 2*13^4 + 8*13^5 + 2*13^6 + 4*13^7 + 10*13^8 + 13^9 + 2*13^10 + 6*13^11 + 4*13^12 + 13^13 + 5*13^14 + 6*13^15 + O(13^17) : 1 + O(13^20))
   (8 + 5*13 + 3*13^2 + 7*13^3 + 11*13^4 + 3*13^5 + 12*13^6 + 2*13^7 + 10*13^8 + 12*13^9 + 7*13^10 + 9*13^11 + 11*13^12 + 8*13^13 + 3*13^14 + 6*13^15 + 8*13^16 + O(13^17) : 9 + 12*13 + 6*13^2 + 9*13^3 + 10*13^4 + 4*13^5 + 10*13^6 + 8*13^7 + 2*13^8 + 11*13^9 + 10*13^10 + 6*13^11 + 8*13^12 + 11*13^13 + 7*13^14 + 6*13^15 + 12*13^16 + O(13^17) : 1 + O(13^20))
   (8 + 5*13 + 4*13^2 + 4*13^3 + 2*13^4 + 8*13^5 + 11*13^6 + 6*13^7 + 12*13^8 + 4*13^9 + 10*13^11 + 13^12 + 9*13^14 + 9*13^15 + 2*13^16 + O(13^17) : 4 + 11*13^2 + 5*13^3 + 6*13^4 + 13^5 + 2*13^6 + 10*13^7 + 6*13^8 + 4*13^9 + 4*13^10 + 5*13^12 + 13^13 + 7*13^14 + 4*13^15 + O(13^17) : 1 + O(13^20))
   (8 + 5*13 + 4*13^2 + 4*13^3 + 2*13^4 + 8*13^5 + 11*13^6 + 6*13^7 + 12*13^8 + 4*13^9 + 10*13^11 + 13^12 + 9*13^14 + 9*13^15 + 2*13^16 + O(13^17) : 9 + 12*13 + 13^2 + 7*13^3 + 6*13^4 + 11*13^5 + 10*13^6 + 2*13^7 + 6*13^8 + 8*13^9 + 8*13^10 + 12*13^11 + 7*13^12 + 11*13^13 + 5*13^14 + 8*13^15 + 12*13^16 + O(13^17) : 1 + O(13^20))
   (8 + 6*13 + 10*13^2 + 13^3 + 10*13^4 + 12*13^5 + 11*13^6 + 7*13^7 + 6*13^8 + 4*13^9 + 9*13^10 + 9*13^11 + 8*13^12 + 3*13^13 + 8*13^14 + 13^15 + 6*13^16 + O(13^17) : 4 + 5*13 + 6*13^2 + 3*13^3 + 4*13^5 + 5*13^6 + 3*13^7 + 4*13^8 + 9*13^9 + 4*13^10 + 8*13^11 + 7*13^12 + 3*13^13 + 8*13^14 + 2*13^15 + 3*13^16 + O(13^17) : 1 + O(13^20))
   (8 + 6*13 + 10*13^2 + 13^3 + 10*13^4 + 12*13^5 + 11*13^6 + 7*13^7 + 6*13^8 + 4*13^9 + 9*13^10 + 9*13^11 + 8*13^12 + 3*13^13 + 8*13^14 + 13^15 + 6*13^16 + O(13^17) : 9 + 7*13 + 6*13^2 + 9*13^3 + 12*13^4 + 8*13^5 + 7*13^6 + 9*13^7 + 8*13^8 + 3*13^9 + 8*13^10 + 4*13^11 + 5*13^12 + 9*13^13 + 4*13^14 + 10*13^15 + 9*13^16 + O(13^17) : 1 + O(13^20))
   (8 + 6*13 + 10*13^2 + 7*13^3 + 2*13^4 + 8*13^5 + 6*13^6 + 7*13^7 + 6*13^8 + 5*13^9 + 11*13^10 + 2*13^11 + 11*13^12 + 5*13^13 + 2*13^14 + 7*13^15 + 2*13^16 + O(13^17) : 4 + 5*13 + 6*13^2 + 7*13^3 + 12*13^4 + 7*13^5 + 12*13^7 + 4*13^8 + 10*13^9 + 9*13^10 + 12*13^12 + 5*13^14 + 2*13^15 + O(13^17) : 1 + O(13^20))
   (8 + 6*13 + 10*13^2 + 7*13^3 + 2*13^4 + 8*13^5 + 6*13^6 + 7*13^7 + 6*13^8 + 5*13^9 + 11*13^10 + 2*13^11 + 11*13^12 + 5*13^13 + 2*13^14 + 7*13^15 + 2*13^16 + O(13^17) : 9 + 7*13 + 6*13^2 + 5*13^3 + 5*13^5 + 12*13^6 + 8*13^8 + 2*13^9 + 3*13^10 + 12*13^11 + 12*13^13 + 7*13^14 + 10*13^15 + 12*13^16 + O(13^17) : 1 + O(13^20))
   (8 + 6*13 + 11*13^2 + 13^4 + 5*13^5 + 9*13^6 + 11*13^7 + 4*13^9 + 2*13^10 + 2*13^11 + 10*13^12 + 10*13^13 + 5*13^14 + 3*13^15 + 12*13^16 + O(13^17) : 4 + 5*13 + 11*13^2 + 2*13^3 + 6*13^4 + 13^5 + 2*13^6 + 4*13^7 + 4*13^8 + 6*13^9 + 10*13^10 + 10*13^11 + 3*13^12 + 5*13^13 + 8*13^14 + 8*13^15 + 4*13^16 + O(13^17) : 1 + O(13^20))
   (8 + 6*13 + 11*13^2 + 13^4 + 5*13^5 + 9*13^6 + 11*13^7 + 4*13^9 + 2*13^10 + 2*13^11 + 10*13^12 + 10*13^13 + 5*13^14 + 3*13^15 + 12*13^16 + O(13^17) : 9 + 7*13 + 13^2 + 10*13^3 + 6*13^4 + 11*13^5 + 10*13^6 + 8*13^7 + 8*13^8 + 6*13^9 + 2*13^10 + 2*13^11 + 9*13^12 + 7*13^13 + 4*13^14 + 4*13^15 + 8*13^16 + O(13^17) : 1 + O(13^20))
   (8 + 6*13 + 5*13^3 + 2*13^4 + 13^5 + 13^6 + 6*13^7 + 9*13^8 + 9*13^9 + 12*13^10 + 5*13^11 + 5*13^12 + 7*13^13 + 13^14 + 3*13^15 + 3*13^16 + O(13^17) : 4 + 5*13 + 8*13^2 + 5*13^3 + 9*13^4 + 3*13^5 + 6*13^6 + 10*13^7 + 4*13^8 + 5*13^9 + 11*13^10 + 9*13^12 + 8*13^13 + 4*13^15 + 11*13^16 + O(13^17) : 1 + O(13^20))
   (8 + 6*13 + 5*13^3 + 2*13^4 + 13^5 + 13^6 + 6*13^7 + 9*13^8 + 9*13^9 + 12*13^10 + 5*13^11 + 5*13^12 + 7*13^13 + 13^14 + 3*13^15 + 3*13^16 + O(13^17) : 9 + 7*13 + 4*13^2 + 7*13^3 + 3*13^4 + 9*13^5 + 6*13^6 + 2*13^7 + 8*13^8 + 7*13^9 + 13^10 + 12*13^11 + 3*13^12 + 4*13^13 + 12*13^14 + 8*13^15 + 13^16 + O(13^17) : 1 + O(13^20))
   (8 + 6*13 + 7*13^2 + 9*13^3 + 8*13^4 + 7*13^5 + 4*13^6 + 9*13^8 + 6*13^9 + 13^10 + 7*13^11 + 9*13^12 + 6*13^13 + 4*13^14 + 4*13^15 + 2*13^16 + O(13^17) : 4 + 5*13 + 4*13^2 + 4*13^3 + 2*13^4 + 12*13^5 + 8*13^6 + 3*13^7 + 12*13^10 + 10*13^11 + 2*13^13 + 10*13^14 + 9*13^15 + 8*13^16 + O(13^17) : 1 + O(13^20))
   (8 + 6*13 + 7*13^2 + 9*13^3 + 8*13^4 + 7*13^5 + 4*13^6 + 9*13^8 + 6*13^9 + 13^10 + 7*13^11 + 9*13^12 + 6*13^13 + 4*13^14 + 4*13^15 + 2*13^16 + O(13^17) : 9 + 7*13 + 8*13^2 + 8*13^3 + 10*13^4 + 4*13^6 + 9*13^7 + 12*13^8 + 12*13^9 + 2*13^11 + 12*13^12 + 10*13^13 + 2*13^14 + 3*13^15 + 4*13^16 + O(13^17) : 1 + O(13^20))
   (8 + 7*13 + 10*13^2 + 13^3 + 2*13^4 + 13^5 + 4*13^6 + 2*13^7 + 9*13^8 + 13^9 + 13^10 + 10*13^11 + 3*13^12 + 4*13^13 + 11*13^14 + 8*13^15 + O(13^17) : 4 + 10*13 + 10*13^2 + 13^3 + 5*13^4 + 9*13^5 + 13^6 + 11*13^8 + 13^9 + 9*13^10 + 7*13^11 + 9*13^12 + 11*13^13 + 11*13^14 + 4*13^16 + O(13^17) : 1 + O(13^20))
   (8 + 7*13 + 10*13^2 + 13^3 + 2*13^4 + 13^5 + 4*13^6 + 2*13^7 + 9*13^8 + 13^9 + 13^10 + 10*13^11 + 3*13^12 + 4*13^13 + 11*13^14 + 8*13^15 + O(13^17) : 9 + 2*13 + 2*13^2 + 11*13^3 + 7*13^4 + 3*13^5 + 11*13^6 + 12*13^7 + 13^8 + 11*13^9 + 3*13^10 + 5*13^11 + 3*13^12 + 13^13 + 13^14 + 12*13^15 + 8*13^16 + O(13^17) : 1 + O(13^20))
   (8 + 7*13 + 10*13^2 + 7*13^3 + 3*13^4 + 2*13^5 + 6*13^6 + 7*13^7 + 3*13^9 + 5*13^10 + 12*13^11 + 5*13^12 + 8*13^13 + 11*13^14 + 5*13^15 + 7*13^16 + O(13^17) : 4 + 10*13 + 10*13^2 + 5*13^3 + 10*13^4 + 3*13^5 + 8*13^6 + 2*13^7 + 12*13^8 + 7*13^9 + 10*13^10 + 4*13^11 + 11*13^12 + 11*13^13 + 8*13^14 + 6*13^15 + 7*13^16 + O(13^17) : 1 + O(13^20))
   (8 + 7*13 + 10*13^2 + 7*13^3 + 3*13^4 + 2*13^5 + 6*13^6 + 7*13^7 + 3*13^9 + 5*13^10 + 12*13^11 + 5*13^12 + 8*13^13 + 11*13^14 + 5*13^15 + 7*13^16 + O(13^17) : 9 + 2*13 + 2*13^2 + 7*13^3 + 2*13^4 + 9*13^5 + 4*13^6 + 10*13^7 + 5*13^9 + 2*13^10 + 8*13^11 + 13^12 + 13^13 + 4*13^14 + 6*13^15 + 5*13^16 + O(13^17) : 1 + O(13^20))
   (8 + 7*13 + 11*13^3 + 8*13^4 + 13^5 + 9*13^6 + 6*13^7 + 5*13^8 + 8*13^10 + 7*13^11 + 5*13^12 + 8*13^13 + 2*13^14 + 13^15 + 12*13^16 + O(13^17) : 4 + 10*13 + 12*13^2 + 7*13^3 + 8*13^4 + 2*13^5 + 3*13^6 + 12*13^7 + 5*13^8 + 12*13^9 + 10*13^10 + 11*13^11 + 9*13^12 + 12*13^13 + 8*13^14 + 2*13^15 + 6*13^16 + O(13^17) : 1 + O(13^20))
   (8 + 7*13 + 11*13^3 + 8*13^4 + 13^5 + 9*13^6 + 6*13^7 + 5*13^8 + 8*13^10 + 7*13^11 + 5*13^12 + 8*13^13 + 2*13^14 + 13^15 + 12*13^16 + O(13^17) : 9 + 2*13 + 5*13^3 + 4*13^4 + 10*13^5 + 9*13^6 + 7*13^8 + 2*13^10 + 13^11 + 3*13^12 + 4*13^14 + 10*13^15 + 6*13^16 + O(13^17) : 1 + O(13^20))
   (8 + 7*13 + 7*13^2 + 6*13^3 + 11*13^4 + 3*13^6 + 10*13^7 + 8*13^8 + 3*13^9 + 10*13^10 + 5*13^11 + 12*13^14 + 8*13^15 + 10*13^16 + O(13^17) : 4 + 10*13 + 8*13^2 + 8*13^4 + 6*13^5 + 7*13^6 + 13^7 + 6*13^8 + 3*13^9 + 9*13^11 + 11*13^12 + 4*13^13 + 11*13^14 + 2*13^15 + 11*13^16 + O(13^17) : 1 + O(13^20))
   (8 + 7*13 + 7*13^2 + 6*13^3 + 11*13^4 + 3*13^6 + 10*13^7 + 8*13^8 + 3*13^9 + 10*13^10 + 5*13^11 + 12*13^14 + 8*13^15 + 10*13^16 + O(13^17) : 9 + 2*13 + 4*13^2 + 12*13^3 + 4*13^4 + 6*13^5 + 5*13^6 + 11*13^7 + 6*13^8 + 9*13^9 + 12*13^10 + 3*13^11 + 13^12 + 8*13^13 + 13^14 + 10*13^15 + 13^16 + O(13^17) : 1 + O(13^20))
   (8 + 7*13 + 9*13^2 + 4*13^4 + 7*13^5 + 2*13^6 + 13^7 + 13^8 + 3*13^9 + 13^10 + 4*13^11 + 9*13^12 + 4*13^13 + 2*13^14 + 4*13^16 + O(13^17) : 4 + 10*13 + 5*13^2 + 5*13^3 + 2*13^4 + 11*13^5 + 8*13^6 + 8*13^7 + 6*13^8 + 6*13^9 + 11*13^10 + 11*13^11 + 6*13^12 + 6*13^13 + 5*13^14 + 13^15 + 10*13^16 + O(13^17) : 1 + O(13^20))
   (8 + 7*13 + 9*13^2 + 4*13^4 + 7*13^5 + 2*13^6 + 13^7 + 13^8 + 3*13^9 + 13^10 + 4*13^11 + 9*13^12 + 4*13^13 + 2*13^14 + 4*13^16 + O(13^17) : 9 + 2*13 + 7*13^2 + 7*13^3 + 10*13^4 + 13^5 + 4*13^6 + 4*13^7 + 6*13^8 + 6*13^9 + 13^10 + 13^11 + 6*13^12 + 6*13^13 + 7*13^14 + 11*13^15 + 2*13^16 + O(13^17) : 1 + O(13^20))
   (8 + 8*13 + 11*13^2 + 2*13^3 + 2*13^4 + 11*13^5 + 5*13^6 + 3*13^8 + 9*13^9 + 10*13^10 + 3*13^11 + 13^12 + 10*13^13 + 6*13^14 + 6*13^15 + 9*13^16 + O(13^17) : 4 + 2*13 + 7*13^2 + 7*13^3 + 2*13^4 + 4*13^5 + 4*13^6 + 13^7 + 12*13^8 + 11*13^9 + 7*13^10 + 10*13^11 + 7*13^13 + 4*13^14 + 11*13^15 + 11*13^16 + O(13^17) : 1 + O(13^20))
   (8 + 8*13 + 11*13^2 + 2*13^3 + 2*13^4 + 11*13^5 + 5*13^6 + 3*13^8 + 9*13^9 + 10*13^10 + 3*13^11 + 13^12 + 10*13^13 + 6*13^14 + 6*13^15 + 9*13^16 + O(13^17) : 9 + 10*13 + 5*13^2 + 5*13^3 + 10*13^4 + 8*13^5 + 8*13^6 + 11*13^7 + 13^9 + 5*13^10 + 2*13^11 + 12*13^12 + 5*13^13 + 8*13^14 + 13^15 + 13^16 + O(13^17) : 1 + O(13^20))
   (8 + 8*13 + 6*13^2 + 13^3 + 2*13^4 + 6*13^5 + 3*13^6 + 5*13^7 + 6*13^8 + 12*13^10 + 7*13^11 + 4*13^12 + 10*13^13 + 8*13^14 + 2*13^15 + 6*13^16 + O(13^17) : 4 + 2*13 + 8*13^2 + 6*13^3 + 13^4 + 11*13^5 + 11*13^6 + 6*13^7 + 13^8 + 2*13^9 + 5*13^10 + 4*13^11 + 10*13^12 + 2*13^13 + 6*13^14 + 9*13^15 + 5*13^16 + O(13^17) : 1 + O(13^20))
   (8 + 8*13 + 6*13^2 + 13^3 + 2*13^4 + 6*13^5 + 3*13^6 + 5*13^7 + 6*13^8 + 12*13^10 + 7*13^11 + 4*13^12 + 10*13^13 + 8*13^14 + 2*13^15 + 6*13^16 + O(13^17) : 9 + 10*13 + 4*13^2 + 6*13^3 + 11*13^4 + 13^5 + 13^6 + 6*13^7 + 11*13^8 + 10*13^9 + 7*13^10 + 8*13^11 + 2*13^12 + 10*13^13 + 6*13^14 + 3*13^15 + 7*13^16 + O(13^17) : 1 + O(13^20))
   (8 + 8*13 + 7*13^2 + 12*13^3 + 10*13^4 + 7*13^5 + 4*13^6 + 12*13^7 + 4*13^8 + 7*13^10 + 12*13^11 + 6*13^12 + 12*13^13 + 12*13^14 + 12*13^16 + O(13^17) : 4 + 2*13 + 13^3 + 11*13^4 + 9*13^5 + 3*13^7 + 12*13^8 + 4*13^9 + 11*13^10 + 9*13^11 + 8*13^12 + 7*13^13 + 11*13^14 + 3*13^15 + 12*13^16 + O(13^17) : 1 + O(13^20))
   (8 + 8*13 + 7*13^2 + 12*13^3 + 10*13^4 + 7*13^5 + 4*13^6 + 12*13^7 + 4*13^8 + 7*13^10 + 12*13^11 + 6*13^12 + 12*13^13 + 12*13^14 + 12*13^16 + O(13^17) : 9 + 10*13 + 12*13^2 + 11*13^3 + 13^4 + 3*13^5 + 12*13^6 + 9*13^7 + 8*13^9 + 13^10 + 3*13^11 + 4*13^12 + 5*13^13 + 13^14 + 9*13^15 + O(13^17) : 1 + O(13^20))
   (8 + 8*13 + 7*13^2 + 9*13^3 + 2*13^4 + 7*13^5 + 11*13^6 + 6*13^7 + 4*13^8 + 5*13^9 + 13^10 + 2*13^11 + 9*13^12 + 6*13^13 + 8*13^14 + 5*13^15 + 12*13^16 + O(13^17) : 4 + 2*13 + 12*13^3 + 9*13^4 + 2*13^5 + 11*13^6 + 12*13^7 + 12*13^8 + 5*13^9 + 3*13^10 + 3*13^11 + 8*13^12 + 12*13^13 + 12*13^14 + 2*13^15 + O(13^17) : 1 + O(13^20))
   (8 + 8*13 + 7*13^2 + 9*13^3 + 2*13^4 + 7*13^5 + 11*13^6 + 6*13^7 + 4*13^8 + 5*13^9 + 13^10 + 2*13^11 + 9*13^12 + 6*13^13 + 8*13^14 + 5*13^15 + 12*13^16 + O(13^17) : 9 + 10*13 + 12*13^2 + 3*13^4 + 10*13^5 + 13^6 + 7*13^9 + 9*13^10 + 9*13^11 + 4*13^12 + 10*13^15 + 12*13^16 + O(13^17) : 1 + O(13^20))
   (8 + 8*13 + 8*13^2 + 11*13^3 + 13^4 + 13^5 + 8*13^6 + 8*13^8 + 8*13^9 + 11*13^10 + 13^11 + 6*13^12 + 8*13^13 + 3*13^14 + 7*13^15 + O(13^17) : 4 + 2*13 + 5*13^2 + 8*13^5 + 4*13^6 + 12*13^7 + 6*13^8 + 7*13^9 + 9*13^11 + 12*13^12 + 3*13^15 + O(13^17) : 1 + O(13^20))
   (8 + 8*13 + 8*13^2 + 11*13^3 + 13^4 + 13^5 + 8*13^6 + 8*13^8 + 8*13^9 + 11*13^10 + 13^11 + 6*13^12 + 8*13^13 + 3*13^14 + 7*13^15 + O(13^17) : 9 + 10*13 + 7*13^2 + 12*13^3 + 12*13^4 + 4*13^5 + 8*13^6 + 6*13^8 + 5*13^9 + 12*13^10 + 3*13^11 + 12*13^13 + 12*13^14 + 9*13^15 + 12*13^16 + O(13^17) : 1 + O(13^20))
   (8 + 8*13 + 9*13^2 + 12*13^3 + 8*13^4 + 11*13^5 + 4*13^6 + 13^7 + 11*13^8 + 5*13^9 + 7*13^11 + 12*13^12 + 11*13^13 + 3*13^14 + 3*13^15 + 11*13^16 + O(13^17) : 4 + 2*13 + 10*13^2 + 9*13^3 + 12*13^4 + 8*13^5 + 13^6 + 8*13^7 + 11*13^8 + 9*13^9 + 12*13^10 + 5*13^12 + 6*13^13 + 6*13^14 + 2*13^15 + 2*13^16 + O(13^17) : 1 + O(13^20))
   (8 + 8*13 + 9*13^2 + 12*13^3 + 8*13^4 + 11*13^5 + 4*13^6 + 13^7 + 11*13^8 + 5*13^9 + 7*13^11 + 12*13^12 + 11*13^13 + 3*13^14 + 3*13^15 + 11*13^16 + O(13^17) : 9 + 10*13 + 2*13^2 + 3*13^3 + 4*13^5 + 11*13^6 + 4*13^7 + 13^8 + 3*13^9 + 12*13^11 + 7*13^12 + 6*13^13 + 6*13^14 + 10*13^15 + 10*13^16 + O(13^17) : 1 + O(13^20))
   (8 + 9*13 + 11*13^2 + 7*13^3 + 10*13^4 + 7*13^5 + 2*13^6 + 6*13^7 + 13^8 + 13^9 + 8*13^10 + 4*13^11 + 9*13^12 + 3*13^13 + 5*13^15 + 9*13^16 + O(13^17) : 4 + 7*13 + 11*13^2 + 12*13^3 + 9*13^4 + 12*13^5 + 8*13^6 + 6*13^7 + 8*13^8 + 11*13^9 + 12*13^10 + 4*13^11 + 7*13^12 + 9*13^13 + 6*13^14 + 7*13^15 + O(13^17) : 1 + O(13^20))
   (8 + 9*13 + 11*13^2 + 7*13^3 + 10*13^4 + 7*13^5 + 2*13^6 + 6*13^7 + 13^8 + 13^9 + 8*13^10 + 4*13^11 + 9*13^12 + 3*13^13 + 5*13^15 + 9*13^16 + O(13^17) : 9 + 5*13 + 13^2 + 3*13^4 + 4*13^6 + 6*13^7 + 4*13^8 + 13^9 + 8*13^11 + 5*13^12 + 3*13^13 + 6*13^14 + 5*13^15 + 12*13^16 + O(13^17) : 1 + O(13^20))
   (8 + 9*13 + 13^2 + 6*13^3 + 13^4 + 2*13^5 + 7*13^6 + 3*13^7 + 12*13^8 + 3*13^9 + 8*13^10 + 8*13^11 + 9*13^12 + 8*13^13 + 2*13^14 + 7*13^15 + 9*13^16 + O(13^17) : 4 + 7*13 + 3*13^3 + 2*13^4 + 12*13^5 + 11*13^6 + 5*13^7 + 6*13^9 + 11*13^10 + 7*13^11 + 9*13^12 + 13^13 + 11*13^14 + 4*13^15 + 12*13^16 + O(13^17) : 1 + O(13^20))
   (8 + 9*13 + 13^2 + 6*13^3 + 13^4 + 2*13^5 + 7*13^6 + 3*13^7 + 12*13^8 + 3*13^9 + 8*13^10 + 8*13^11 + 9*13^12 + 8*13^13 + 2*13^14 + 7*13^15 + 9*13^16 + O(13^17) : 9 + 5*13 + 12*13^2 + 9*13^3 + 10*13^4 + 13^6 + 7*13^7 + 12*13^8 + 6*13^9 + 13^10 + 5*13^11 + 3*13^12 + 11*13^13 + 13^14 + 8*13^15 + O(13^17) : 1 + O(13^20))
   (8 + 9*13 + 3*13^3 + 13^4 + 10*13^5 + 11*13^6 + 10*13^7 + 12*13^8 + 3*13^9 + 3*13^10 + 5*13^11 + 2*13^12 + 8*13^13 + 13^14 + 11*13^15 + 12*13^16 + O(13^17) : 4 + 7*13 + 8*13^2 + 9*13^3 + 12*13^4 + 8*13^5 + 2*13^6 + 9*13^7 + 11*13^8 + 12*13^9 + 9*13^10 + 3*13^11 + 9*13^12 + 7*13^13 + 4*13^14 + 7*13^15 + 8*13^16 + O(13^17) : 1 + O(13^20))
   (8 + 9*13 + 3*13^3 + 13^4 + 10*13^5 + 11*13^6 + 10*13^7 + 12*13^8 + 3*13^9 + 3*13^10 + 5*13^11 + 2*13^12 + 8*13^13 + 13^14 + 11*13^15 + 12*13^16 + O(13^17) : 9 + 5*13 + 4*13^2 + 3*13^3 + 4*13^5 + 10*13^6 + 3*13^7 + 13^8 + 3*13^10 + 9*13^11 + 3*13^12 + 5*13^13 + 8*13^14 + 5*13^15 + 4*13^16 + O(13^17) : 1 + O(13^20))
   (8 + 9*13 + 6*13^2 + 5*13^3 + 5*13^5 + 8*13^6 + 5*13^8 + 2*13^9 + 13^10 + 4*13^11 + 7*13^12 + 11*13^13 + 6*13^15 + 9*13^16 + O(13^17) : 4 + 7*13 + 12*13^2 + 6*13^3 + 4*13^4 + 11*13^5 + 13^6 + 8*13^7 + 6*13^8 + 10*13^9 + 13^10 + 6*13^11 + 9*13^15 + 8*13^16 + O(13^17) : 1 + O(13^20))
   (8 + 9*13 + 6*13^2 + 5*13^3 + 5*13^5 + 8*13^6 + 5*13^8 + 2*13^9 + 13^10 + 4*13^11 + 7*13^12 + 11*13^13 + 6*13^15 + 9*13^16 + O(13^17) : 9 + 5*13 + 6*13^3 + 8*13^4 + 13^5 + 11*13^6 + 4*13^7 + 6*13^8 + 2*13^9 + 11*13^10 + 6*13^11 + 12*13^12 + 12*13^13 + 12*13^14 + 3*13^15 + 4*13^16 + O(13^17) : 1 + O(13^20))
   (8 + 9*13 + 8*13^2 + 8*13^3 + 3*13^4 + 10*13^5 + 5*13^6 + 6*13^7 + 7*13^8 + 10*13^9 + 2*13^10 + 13^11 + 5*13^12 + 6*13^13 + 7*13^14 + 7*13^15 + 7*13^16 + O(13^17) : 4 + 7*13 + 9*13^2 + 4*13^3 + 11*13^4 + 11*13^5 + 5*13^6 + 6*13^7 + 4*13^8 + 5*13^9 + 10*13^10 + 11*13^11 + 12*13^12 + 13^13 + 4*13^14 + 10*13^15 + 6*13^16 + O(13^17) : 1 + O(13^20))
   (8 + 9*13 + 8*13^2 + 8*13^3 + 3*13^4 + 10*13^5 + 5*13^6 + 6*13^7 + 7*13^8 + 10*13^9 + 2*13^10 + 13^11 + 5*13^12 + 6*13^13 + 7*13^14 + 7*13^15 + 7*13^16 + O(13^17) : 9 + 5*13 + 3*13^2 + 8*13^3 + 13^4 + 13^5 + 7*13^6 + 6*13^7 + 8*13^8 + 7*13^9 + 2*13^10 + 13^11 + 11*13^13 + 8*13^14 + 2*13^15 + 6*13^16 + O(13^17) : 1 + O(13^20))
   (8 + 9*13 + 9*13^2 + 2*13^3 + 5*13^4 + 8*13^5 + 11*13^6 + 6*13^7 + 5*13^8 + 2*13^9 + 5*13^10 + 12*13^11 + 5*13^12 + 4*13^13 + 6*13^14 + 10*13^16 + O(13^17) : 4 + 7*13 + 13^2 + 5*13^3 + 10*13^4 + 11*13^6 + 6*13^7 + 9*13^8 + 3*13^9 + 6*13^10 + 13^11 + 12*13^12 + 5*13^13 + 6*13^15 + 4*13^16 + O(13^17) : 1 + O(13^20))
   (8 + 9*13 + 9*13^2 + 2*13^3 + 5*13^4 + 8*13^5 + 11*13^6 + 6*13^7 + 5*13^8 + 2*13^9 + 5*13^10 + 12*13^11 + 5*13^12 + 4*13^13 + 6*13^14 + 10*13^16 + O(13^17) : 9 + 5*13 + 11*13^2 + 7*13^3 + 2*13^4 + 12*13^5 + 13^6 + 6*13^7 + 3*13^8 + 9*13^9 + 6*13^10 + 11*13^11 + 7*13^13 + 12*13^14 + 6*13^15 + 8*13^16 + O(13^17) : 1 + O(13^20))
   (8*13 + 3*13^2 + 6*13^3 + 8*13^4 + 12*13^5 + 13^6 + 4*13^7 + 11*13^9 + 12*13^10 + 2*13^11 + 8*13^12 + 6*13^13 + 6*13^14 + O(13^15) : 10 + 9*13 + 3*13^2 + 13^3 + 7*13^5 + 2*13^6 + 6*13^7 + 11*13^8 + 2*13^9 + 12*13^10 + 12*13^11 + 13^12 + 4*13^13 + 13^14 + 6*13^15 + O(13^16) : 1 + O(13^20))
   (8*13 + 3*13^2 + 6*13^3 + 8*13^4 + 12*13^5 + 13^6 + 4*13^7 + 11*13^9 + 12*13^10 + 2*13^11 + 8*13^12 + 6*13^13 + 6*13^14 + O(13^15) : 3 + 3*13 + 9*13^2 + 11*13^3 + 12*13^4 + 5*13^5 + 10*13^6 + 6*13^7 + 13^8 + 10*13^9 + 11*13^12 + 8*13^13 + 11*13^14 + 6*13^15 + O(13^16) : 1 + O(13^20))
   (8*13 + 4*13^2 + 7*13^3 + 2*13^4 + 4*13^5 + 13^6 + 10*13^7 + 9*13^8 + 5*13^9 + 4*13^10 + 13^11 + 8*13^12 + 7*13^14 + O(13^15) : 10 + 9*13 + 3*13^2 + 12*13^3 + 5*13^5 + 5*13^6 + 2*13^7 + 5*13^8 + 10*13^9 + 2*13^10 + 8*13^11 + 9*13^13 + 4*13^14 + O(13^16) : 1 + O(13^20))
   (8*13 + 4*13^2 + 7*13^3 + 2*13^4 + 4*13^5 + 13^6 + 10*13^7 + 9*13^8 + 5*13^9 + 4*13^10 + 13^11 + 8*13^12 + 7*13^14 + O(13^15) : 3 + 3*13 + 9*13^2 + 12*13^4 + 7*13^5 + 7*13^6 + 10*13^7 + 7*13^8 + 2*13^9 + 10*13^10 + 4*13^11 + 12*13^12 + 3*13^13 + 8*13^14 + 12*13^15 + O(13^16) : 1 + O(13^20))
   (8*13 + 7*13^2 + 12*13^3 + 12*13^4 + 9*13^5 + 9*13^6 + 13^7 + 6*13^8 + 10*13^9 + 7*13^10 + 5*13^11 + 11*13^12 + 5*13^13 + 7*13^14 + O(13^15) : 10 + 9*13 + 3*13^2 + 6*13^3 + 4*13^4 + 8*13^5 + 9*13^7 + 2*13^8 + 8*13^9 + 11*13^10 + 7*13^11 + 6*13^12 + 7*13^13 + 13^14 + 5*13^15 + O(13^16) : 1 + O(13^20))
   (8*13 + 7*13^2 + 12*13^3 + 12*13^4 + 9*13^5 + 9*13^6 + 13^7 + 6*13^8 + 10*13^9 + 7*13^10 + 5*13^11 + 11*13^12 + 5*13^13 + 7*13^14 + O(13^15) : 3 + 3*13 + 9*13^2 + 6*13^3 + 8*13^4 + 4*13^5 + 12*13^6 + 3*13^7 + 10*13^8 + 4*13^9 + 13^10 + 5*13^11 + 6*13^12 + 5*13^13 + 11*13^14 + 7*13^15 + O(13^16) : 1 + O(13^20))
   (8*13 + 8*13^2 + 4*13^3 + 3*13^4 + 2*13^5 + 5*13^7 + 5*13^8 + 8*13^9 + 8*13^10 + 4*13^11 + 12*13^12 + 4*13^13 + 4*13^14 + O(13^15) : 10 + 9*13 + 3*13^2 + 4*13^3 + 9*13^4 + 11*13^5 + 12*13^7 + 12*13^8 + 8*13^9 + 2*13^11 + 9*13^12 + 6*13^13 + 9*13^14 + 4*13^15 + O(13^16) : 1 + O(13^20))
   (8*13 + 8*13^2 + 4*13^3 + 3*13^4 + 2*13^5 + 5*13^7 + 5*13^8 + 8*13^9 + 8*13^10 + 4*13^11 + 12*13^12 + 4*13^13 + 4*13^14 + O(13^15) : 3 + 3*13 + 9*13^2 + 8*13^3 + 3*13^4 + 13^5 + 12*13^6 + 4*13^9 + 12*13^10 + 10*13^11 + 3*13^12 + 6*13^13 + 3*13^14 + 8*13^15 + O(13^16) : 1 + O(13^20))
   (8*13 + 8*13^3 + 11*13^4 + 4*13^5 + 8*13^6 + 4*13^7 + 12*13^8 + 6*13^9 + 7*13^10 + 6*13^11 + 11*13^12 + 12*13^13 + 13^14 + O(13^15) : 10 + 9*13 + 3*13^2 + 7*13^3 + 5*13^4 + 10*13^5 + 2*13^6 + 7*13^7 + 12*13^8 + 10*13^9 + 2*13^10 + 5*13^11 + 8*13^13 + 10*13^14 + 12*13^15 + O(13^16) : 1 + O(13^20))
   (8*13 + 8*13^3 + 11*13^4 + 4*13^5 + 8*13^6 + 4*13^7 + 12*13^8 + 6*13^9 + 7*13^10 + 6*13^11 + 11*13^12 + 12*13^13 + 13^14 + O(13^15) : 3 + 3*13 + 9*13^2 + 5*13^3 + 7*13^4 + 2*13^5 + 10*13^6 + 5*13^7 + 2*13^9 + 10*13^10 + 7*13^11 + 12*13^12 + 4*13^13 + 2*13^14 + O(13^16) : 1 + O(13^20))
   (8*13 + 9*13^2 + 3*13^3 + 9*13^4 + 10*13^5 + 8*13^6 + 10*13^8 + 8*13^9 + 7*13^10 + 13^11 + 9*13^12 + 2*13^13 + 6*13^14 + O(13^15) : 10 + 9*13 + 3*13^2 + 2*13^3 + 3*13^4 + 12*13^5 + 13^6 + 3*13^7 + 3*13^8 + 11*13^9 + 9*13^10 + 13^11 + 10*13^12 + 12*13^13 + 10*13^14 + 10*13^15 + O(13^16) : 1 + O(13^20))
   (8*13 + 9*13^2 + 3*13^3 + 9*13^4 + 10*13^5 + 8*13^6 + 10*13^8 + 8*13^9 + 7*13^10 + 13^11 + 9*13^12 + 2*13^13 + 6*13^14 + O(13^15) : 3 + 3*13 + 9*13^2 + 10*13^3 + 9*13^4 + 11*13^6 + 9*13^7 + 9*13^8 + 13^9 + 3*13^10 + 11*13^11 + 2*13^12 + 2*13^14 + 2*13^15 + O(13^16) : 1 + O(13^20))
   (8*13^-1 + 1 + 6*13 + 2*13^2 + 4*13^3 + 12*13^4 + 12*13^5 + 13^6 + 5*13^7 + 8*13^8 + 12*13^9 + 6*13^10 + 6*13^11 + 5*13^12 + 13^13 + 4*13^15 + O(13^16) : 5*13^-3 + 10*13^-2 + 6*13^-1 + 5 + 12*13 + 9*13^2 + 4*13^3 + 4*13^4 + 12*13^5 + 2*13^6 + 8*13^8 + 11*13^10 + 3*13^12 + 10*13^13 + O(13^14) : 1 + O(13^20))
   (8*13^-1 + 1 + 6*13 + 2*13^2 + 4*13^3 + 12*13^4 + 12*13^5 + 13^6 + 5*13^7 + 8*13^8 + 12*13^9 + 6*13^10 + 6*13^11 + 5*13^12 + 13^13 + 4*13^15 + O(13^16) : 8*13^-3 + 2*13^-2 + 6*13^-1 + 7 + 3*13^2 + 8*13^3 + 8*13^4 + 10*13^6 + 12*13^7 + 4*13^8 + 12*13^9 + 13^10 + 12*13^11 + 9*13^12 + 2*13^13 + O(13^14) : 1 + O(13^20))
   (8*13^-1 + 11 + 6*13 + 3*13^2 + 12*13^3 + 4*13^4 + 6*13^5 + 5*13^6 + 11*13^7 + 12*13^8 + 9*13^9 + 3*13^10 + 12*13^11 + 8*13^12 + 10*13^13 + 12*13^15 + O(13^16) : 5*13^-3 + 6*13^-2 + 5*13^-1 + 7 + 10*13 + 9*13^2 + 12*13^3 + 7*13^4 + 13^5 + 3*13^6 + 2*13^7 + 11*13^8 + 12*13^9 + 8*13^10 + 12*13^11 + 10*13^12 + O(13^14) : 1 + O(13^20))
   (8*13^-1 + 11 + 6*13 + 3*13^2 + 12*13^3 + 4*13^4 + 6*13^5 + 5*13^6 + 11*13^7 + 12*13^8 + 9*13^9 + 3*13^10 + 12*13^11 + 8*13^12 + 10*13^13 + 12*13^15 + O(13^16) : 8*13^-3 + 6*13^-2 + 7*13^-1 + 5 + 2*13 + 3*13^2 + 5*13^4 + 11*13^5 + 9*13^6 + 10*13^7 + 13^8 + 4*13^10 + 2*13^12 + 12*13^13 + O(13^14) : 1 + O(13^20))
   (8*13^-1 + 4 + 13^2 + 12*13^3 + 5*13^4 + 7*13^5 + 12*13^6 + 4*13^7 + 3*13^8 + 2*13^9 + 9*13^11 + 3*13^12 + 3*13^13 + 12*13^14 + 6*13^15 + O(13^16) : 5*13^-3 + 13^-2 + 4 + 11*13 + 13^2 + 2*13^3 + 12*13^5 + 2*13^6 + 13^7 + 5*13^8 + 6*13^9 + 4*13^10 + 2*13^11 + 8*13^12 + 5*13^13 + O(13^14) : 1 + O(13^20))
   (8*13^-1 + 4 + 13^2 + 12*13^3 + 5*13^4 + 7*13^5 + 12*13^6 + 4*13^7 + 3*13^8 + 2*13^9 + 9*13^11 + 3*13^12 + 3*13^13 + 12*13^14 + 6*13^15 + O(13^16) : 8*13^-3 + 11*13^-2 + 12*13^-1 + 8 + 13 + 11*13^2 + 10*13^3 + 12*13^4 + 10*13^6 + 11*13^7 + 7*13^8 + 6*13^9 + 8*13^10 + 10*13^11 + 4*13^12 + 7*13^13 + O(13^14) : 1 + O(13^20))
   (8*13^-1 + 6 + 8*13 + 4*13^2 + 2*13^3 + 12*13^4 + 4*13^5 + 13^6 + 12*13^7 + 6*13^8 + 2*13^9 + 7*13^11 + 9*13^12 + 4*13^13 + 8*13^14 + 13^15 + O(13^16) : 5*13^-3 + 8*13^-2 + 4*13^-1 + 7 + 9*13 + 9*13^2 + 5*13^3 + 3*13^4 + 9*13^5 + 11*13^6 + 13^7 + 11*13^8 + 6*13^9 + 12*13^10 + 2*13^11 + 8*13^12 + 2*13^13 + O(13^14) : 1 + O(13^20))
   (8*13^-1 + 6 + 8*13 + 4*13^2 + 2*13^3 + 12*13^4 + 4*13^5 + 13^6 + 12*13^7 + 6*13^8 + 2*13^9 + 7*13^11 + 9*13^12 + 4*13^13 + 8*13^14 + 13^15 + O(13^16) : 8*13^-3 + 4*13^-2 + 8*13^-1 + 5 + 3*13 + 3*13^2 + 7*13^3 + 9*13^4 + 3*13^5 + 13^6 + 11*13^7 + 13^8 + 6*13^9 + 10*13^11 + 4*13^12 + 10*13^13 + O(13^14) : 1 + O(13^20))
   (8*13^-1 + 7 + 12*13 + 2*13^2 + 10*13^3 + 12*13^4 + 6*13^5 + 9*13^6 + 5*13^7 + 8*13^8 + 13^11 + 3*13^13 + 8*13^14 + 13^15 + O(13^16) : 5*13^-3 + 5*13^-2 + 7*13^-1 + 8 + 2*13 + 9*13^2 + 3*13^3 + 11*13^4 + 5*13^5 + 4*13^6 + 10*13^7 + 10*13^8 + 7*13^9 + 12*13^10 + 8*13^11 + 6*13^12 + 2*13^13 + O(13^14) : 1 + O(13^20))
   (8*13^-1 + 7 + 12*13 + 2*13^2 + 10*13^3 + 12*13^4 + 6*13^5 + 9*13^6 + 5*13^7 + 8*13^8 + 13^11 + 3*13^13 + 8*13^14 + 13^15 + O(13^16) : 8*13^-3 + 7*13^-2 + 5*13^-1 + 4 + 10*13 + 3*13^2 + 9*13^3 + 13^4 + 7*13^5 + 8*13^6 + 2*13^7 + 2*13^8 + 5*13^9 + 4*13^11 + 6*13^12 + 10*13^13 + O(13^14) : 1 + O(13^20))
   (8*13^-1 + 9 + 4*13 + 3*13^2 + 8*13^3 + 12*13^4 + 11*13^5 + 5*13^6 + 3*13^7 + 3*13^8 + 2*13^9 + 11*13^10 + 11*13^11 + 4*13^12 + 9*13^13 + 4*13^14 + 2*13^15 + O(13^16) : 5*13^-3 + 12*13^-2 + 9*13^-1 + 5 + 9*13 + 3*13^2 + 7*13^3 + 13^4 + 12*13^5 + 13^6 + 4*13^7 + 5*13^8 + 13^9 + 6*13^10 + 12*13^11 + 12*13^13 + O(13^14) : 1 + O(13^20))
   (8*13^-1 + 9 + 4*13 + 3*13^2 + 8*13^3 + 12*13^4 + 11*13^5 + 5*13^6 + 3*13^7 + 3*13^8 + 2*13^9 + 11*13^10 + 11*13^11 + 4*13^12 + 9*13^13 + 4*13^14 + 2*13^15 + O(13^16) : 8*13^-3 + 3*13^-1 + 7 + 3*13 + 9*13^2 + 5*13^3 + 11*13^4 + 11*13^6 + 8*13^7 + 7*13^8 + 11*13^9 + 6*13^10 + 12*13^12 + O(13^14) : 1 + O(13^20))
   (9 + 8*13 + 11*13^2 + 11*13^3 + 2*13^4 + 3*13^5 + 10*13^6 + 10*13^8 + 7*13^9 + 2*13^10 + 4*13^12 + 3*13^13 + 4*13^14 + 3*13^15 + O(13^16) : 4*13 + 9*13^2 + 7*13^3 + 3*13^4 + 2*13^5 + 7*13^6 + 3*13^7 + 9*13^9 + 6*13^10 + 9*13^11 + 6*13^12 + 10*13^13 + 2*13^14 + O(13^15) : 1 + O(13^20))
   (9 + 8*13 + 11*13^2 + 11*13^3 + 2*13^4 + 3*13^5 + 10*13^6 + 10*13^8 + 7*13^9 + 2*13^10 + 4*13^12 + 3*13^13 + 4*13^14 + 3*13^15 + O(13^16) : 9*13 + 3*13^2 + 5*13^3 + 9*13^4 + 10*13^5 + 5*13^6 + 9*13^7 + 12*13^8 + 3*13^9 + 6*13^10 + 3*13^11 + 6*13^12 + 2*13^13 + 10*13^14 + O(13^15) : 1 + O(13^20))
   (9 + 8*13 + 11*13^2 + 11*13^3 + 3*13^4 + 10*13^5 + 10*13^6 + 3*13^7 + 9*13^8 + 10*13^9 + 12*13^10 + 3*13^13 + 11*13^14 + O(13^16) : 4*13 + 9*13^2 + 8*13^3 + 3*13^4 + 5*13^5 + 2*13^6 + 10*13^7 + 11*13^8 + 6*13^9 + 10*13^10 + 7*13^11 + 11*13^12 + 10*13^13 + 5*13^14 + O(13^15) : 1 + O(13^20))
   (9 + 8*13 + 11*13^2 + 11*13^3 + 3*13^4 + 10*13^5 + 10*13^6 + 3*13^7 + 9*13^8 + 10*13^9 + 12*13^10 + 3*13^13 + 11*13^14 + O(13^16) : 9*13 + 3*13^2 + 4*13^3 + 9*13^4 + 7*13^5 + 10*13^6 + 2*13^7 + 13^8 + 6*13^9 + 2*13^10 + 5*13^11 + 13^12 + 2*13^13 + 7*13^14 + O(13^15) : 1 + O(13^20))
   (9 + 8*13 + 11*13^2 + 4*13^3 + 9*13^4 + 2*13^5 + 9*13^6 + 12*13^7 + 3*13^8 + 2*13^9 + 13^10 + 6*13^11 + 8*13^12 + 11*13^13 + 12*13^14 + 10*13^15 + O(13^16) : 4*13 + 2*13^2 + 8*13^4 + 9*13^5 + 9*13^6 + 10*13^7 + 5*13^8 + 8*13^9 + 5*13^10 + 8*13^11 + 13^12 + 12*13^13 + 3*13^14 + O(13^15) : 1 + O(13^20))
   (9 + 8*13 + 11*13^2 + 4*13^3 + 9*13^4 + 2*13^5 + 9*13^6 + 12*13^7 + 3*13^8 + 2*13^9 + 13^10 + 6*13^11 + 8*13^12 + 11*13^13 + 12*13^14 + 10*13^15 + O(13^16) : 9*13 + 10*13^2 + 12*13^3 + 4*13^4 + 3*13^5 + 3*13^6 + 2*13^7 + 7*13^8 + 4*13^9 + 7*13^10 + 4*13^11 + 11*13^12 + 9*13^14 + O(13^15) : 1 + O(13^20))
   (9 + 8*13 + 11*13^2 + 5*13^3 + 10*13^4 + 10*13^5 + 5*13^6 + 12*13^7 + 4*13^8 + 11*13^9 + 9*13^10 + 2*13^11 + 11*13^12 + 4*13^13 + 12*13^14 + 12*13^15 + O(13^16) : 4*13 + 3*13^2 + 7*13^3 + 13^4 + 3*13^5 + 6*13^6 + 8*13^7 + 12*13^8 + 3*13^9 + 3*13^10 + 8*13^12 + 6*13^13 + 6*13^14 + O(13^15) : 1 + O(13^20))
   (9 + 8*13 + 11*13^2 + 5*13^3 + 10*13^4 + 10*13^5 + 5*13^6 + 12*13^7 + 4*13^8 + 11*13^9 + 9*13^10 + 2*13^11 + 11*13^12 + 4*13^13 + 12*13^14 + 12*13^15 + O(13^16) : 9*13 + 9*13^2 + 5*13^3 + 11*13^4 + 9*13^5 + 6*13^6 + 4*13^7 + 9*13^9 + 9*13^10 + 12*13^11 + 4*13^12 + 6*13^13 + 6*13^14 + O(13^15) : 1 + O(13^20))
   (9 + 8*13 + 11*13^2 + 9*13^3 + 9*13^4 + 7*13^6 + 2*13^7 + 5*13^8 + 5*13^10 + 5*13^11 + 8*13^12 + 6*13^13 + 2*13^14 + 3*13^15 + O(13^16) : 4*13 + 7*13^2 + 8*13^3 + 13^4 + 9*13^5 + 12*13^6 + 11*13^8 + 2*13^9 + 8*13^10 + 9*13^11 + 2*13^12 + 6*13^13 + 5*13^14 + O(13^15) : 1 + O(13^20))
   (9 + 8*13 + 11*13^2 + 9*13^3 + 9*13^4 + 7*13^6 + 2*13^7 + 5*13^8 + 5*13^10 + 5*13^11 + 8*13^12 + 6*13^13 + 2*13^14 + 3*13^15 + O(13^16) : 9*13 + 5*13^2 + 4*13^3 + 11*13^4 + 3*13^5 + 12*13^7 + 13^8 + 10*13^9 + 4*13^10 + 3*13^11 + 10*13^12 + 6*13^13 + 7*13^14 + O(13^15) : 1 + O(13^20))
   (9 + 8*13 + 13^2 + 11*13^3 + 6*13^4 + 6*13^5 + 9*13^6 + 10*13^7 + 4*13^8 + 9*13^9 + 5*13^10 + 10*13^11 + 4*13^12 + 9*13^13 + 13^14 + 12*13^15 + O(13^16) : 12*13 + 3*13^2 + 9*13^3 + 13^4 + 10*13^5 + 8*13^6 + 7*13^7 + 7*13^8 + 9*13^9 + 5*13^10 + 11*13^11 + 7*13^12 + 9*13^13 + 9*13^14 + O(13^15) : 1 + O(13^20))
   (9 + 8*13 + 13^2 + 11*13^3 + 6*13^4 + 6*13^5 + 9*13^6 + 10*13^7 + 4*13^8 + 9*13^9 + 5*13^10 + 10*13^11 + 4*13^12 + 9*13^13 + 13^14 + 12*13^15 + O(13^16) : 13 + 9*13^2 + 3*13^3 + 11*13^4 + 2*13^5 + 4*13^6 + 5*13^7 + 5*13^8 + 3*13^9 + 7*13^10 + 13^11 + 5*13^12 + 3*13^13 + 3*13^14 + O(13^15) : 1 + O(13^20))
   (9 + 8*13 + 13^2 + 13^3 + 3*13^4 + 5*13^5 + 11*13^6 + 6*13^8 + 6*13^9 + 13^10 + 2*13^11 + 3*13^12 + 13^14 + 13^15 + O(13^16) : 12*13 + 4*13^2 + 13^3 + 9*13^4 + 12*13^5 + 8*13^6 + 10*13^7 + 6*13^8 + 12*13^10 + 11*13^11 + 8*13^12 + 4*13^13 + 11*13^14 + O(13^15) : 1 + O(13^20))
   (9 + 8*13 + 13^2 + 13^3 + 3*13^4 + 5*13^5 + 11*13^6 + 6*13^8 + 6*13^9 + 13^10 + 2*13^11 + 3*13^12 + 13^14 + 13^15 + O(13^16) : 13 + 8*13^2 + 11*13^3 + 3*13^4 + 4*13^6 + 2*13^7 + 6*13^8 + 12*13^9 + 13^11 + 4*13^12 + 8*13^13 + 13^14 + O(13^15) : 1 + O(13^20))
   (9 + 8*13 + 13^2 + 2*13^3 + 13^4 + 12*13^5 + 10*13^7 + 5*13^8 + 8*13^9 + 2*13^10 + 9*13^11 + 7*13^12 + 11*13^14 + O(13^16) : 12*13 + 3*13^3 + 5*13^4 + 4*13^5 + 13^6 + 12*13^7 + 9*13^8 + 2*13^9 + 7*13^10 + 11*13^11 + 4*13^12 + 13^13 + 10*13^14 + O(13^15) : 1 + O(13^20))
   (9 + 8*13 + 13^2 + 2*13^3 + 13^4 + 12*13^5 + 10*13^7 + 5*13^8 + 8*13^9 + 2*13^10 + 9*13^11 + 7*13^12 + 11*13^14 + O(13^16) : 13 + 12*13^2 + 9*13^3 + 7*13^4 + 8*13^5 + 11*13^6 + 3*13^8 + 10*13^9 + 5*13^10 + 13^11 + 8*13^12 + 11*13^13 + 2*13^14 + O(13^15) : 1 + O(13^20))
   (9 + 8*13 + 13^2 + 2*13^3 + 6*13^4 + 4*13^5 + 6*13^6 + 12*13^7 + 10*13^8 + 12*13^9 + 6*13^10 + 13^11 + 12*13^12 + 11*13^13 + 13^14 + 9*13^15 + O(13^16) : 12*13 + 9*13^3 + 6*13^4 + 8*13^5 + 3*13^6 + 8*13^7 + 9*13^9 + 5*13^10 + 10*13^11 + 7*13^12 + 4*13^13 + 5*13^14 + O(13^15) : 1 + O(13^20))
   (9 + 8*13 + 13^2 + 2*13^3 + 6*13^4 + 4*13^5 + 6*13^6 + 12*13^7 + 10*13^8 + 12*13^9 + 6*13^10 + 13^11 + 12*13^12 + 11*13^13 + 13^14 + 9*13^15 + O(13^16) : 13 + 12*13^2 + 3*13^3 + 6*13^4 + 4*13^5 + 9*13^6 + 4*13^7 + 12*13^8 + 3*13^9 + 7*13^10 + 2*13^11 + 5*13^12 + 8*13^13 + 7*13^14 + O(13^15) : 1 + O(13^20))
   (9 + 8*13 + 13^2 + 6*13^3 + 5*13^6 + 2*13^7 + 13^8 + 10*13^9 + 5*13^10 + 7*13^11 + 7*13^12 + 12*13^13 + 7*13^14 + 5*13^15 + O(13^16) : 12*13 + 10*13^2 + 11*13^3 + 11*13^4 + 11*13^5 + 9*13^6 + 10*13^7 + 11*13^8 + 13^9 + 5*13^10 + 9*13^11 + 6*13^12 + 11*13^13 + O(13^15) : 1 + O(13^20))
   (9 + 8*13 + 13^2 + 6*13^3 + 5*13^6 + 2*13^7 + 13^8 + 10*13^9 + 5*13^10 + 7*13^11 + 7*13^12 + 12*13^13 + 7*13^14 + 5*13^15 + O(13^16) : 13 + 2*13^2 + 13^3 + 13^4 + 13^5 + 3*13^6 + 2*13^7 + 13^8 + 11*13^9 + 7*13^10 + 3*13^11 + 6*13^12 + 13^13 + 12*13^14 + O(13^15) : 1 + O(13^20))
   (9 + 8*13 + 13^2 + 8*13^3 + 7*13^4 + 8*13^5 + 9*13^6 + 12*13^7 + 9*13^8 + 5*13^9 + 13^10 + 9*13^11 + 5*13^13 + 9*13^14 + 11*13^15 + O(13^16) : 12*13 + 2*13^2 + 4*13^3 + 9*13^4 + 3*13^5 + 2*13^6 + 5*13^7 + 6*13^8 + 8*13^9 + 12*13^10 + 2*13^11 + 10*13^12 + 6*13^13 + O(13^15) : 1 + O(13^20))
   (9 + 8*13 + 13^2 + 8*13^3 + 7*13^4 + 8*13^5 + 9*13^6 + 12*13^7 + 9*13^8 + 5*13^9 + 13^10 + 9*13^11 + 5*13^13 + 9*13^14 + 11*13^15 + O(13^16) : 13 + 10*13^2 + 8*13^3 + 3*13^4 + 9*13^5 + 10*13^6 + 7*13^7 + 6*13^8 + 4*13^9 + 10*13^11 + 2*13^12 + 6*13^13 + 12*13^14 + O(13^15) : 1 + O(13^20))
   (9 + 8*13 + 2*13^2 + 13^3 + 10*13^4 + 11*13^5 + 2*13^6 + 5*13^7 + 9*13^8 + 3*13^9 + 11*13^10 + 2*13^11 + 3*13^13 + 11*13^14 + 9*13^15 + O(13^16) : 10*13 + 7*13^2 + 7*13^3 + 4*13^4 + 4*13^5 + 6*13^7 + 9*13^8 + 13^9 + 3*13^10 + 2*13^11 + 6*13^12 + 12*13^13 + 4*13^14 + O(13^15) : 1 + O(13^20))
   (9 + 8*13 + 2*13^2 + 13^3 + 10*13^4 + 11*13^5 + 2*13^6 + 5*13^7 + 9*13^8 + 3*13^9 + 11*13^10 + 2*13^11 + 3*13^13 + 11*13^14 + 9*13^15 + O(13^16) : 3*13 + 5*13^2 + 5*13^3 + 8*13^4 + 8*13^5 + 12*13^6 + 6*13^7 + 3*13^8 + 11*13^9 + 9*13^10 + 10*13^11 + 6*13^12 + 8*13^14 + O(13^15) : 1 + O(13^20))
   (9 + 8*13 + 2*13^2 + 2*13^3 + 4*13^6 + 13^7 + 7*13^8 + 7*13^9 + 2*13^10 + 3*13^11 + 5*13^12 + 2*13^13 + 7*13^14 + 3*13^15 + O(13^16) : 10*13 + 10*13^2 + 12*13^3 + 3*13^6 + 9*13^7 + 2*13^9 + 5*13^10 + 11*13^12 + 11*13^13 + 12*13^14 + O(13^15) : 1 + O(13^20))
   (9 + 8*13 + 2*13^2 + 2*13^3 + 4*13^6 + 13^7 + 7*13^8 + 7*13^9 + 2*13^10 + 3*13^11 + 5*13^12 + 2*13^13 + 7*13^14 + 3*13^15 + O(13^16) : 3*13 + 2*13^2 + 12*13^4 + 12*13^5 + 9*13^6 + 3*13^7 + 12*13^8 + 10*13^9 + 7*13^10 + 12*13^11 + 13^12 + 13^13 + O(13^15) : 1 + O(13^20))
   (9 + 8*13 + 2*13^2 + 2*13^3 + 8*13^4 + 7*13^5 + 13^6 + 13^7 + 9*13^8 + 4*13^9 + 9*13^10 + 9*13^11 + 3*13^12 + 9*13^13 + 2*13^14 + 8*13^15 + O(13^16) : 10*13 + 10*13^2 + 10*13^3 + 3*13^4 + 8*13^5 + 4*13^6 + 7*13^7 + 5*13^10 + 8*13^11 + 10*13^12 + 5*13^13 + 2*13^14 + O(13^15) : 1 + O(13^20))
   (9 + 8*13 + 2*13^2 + 2*13^3 + 8*13^4 + 7*13^5 + 13^6 + 13^7 + 9*13^8 + 4*13^9 + 9*13^10 + 9*13^11 + 3*13^12 + 9*13^13 + 2*13^14 + 8*13^15 + O(13^16) : 3*13 + 2*13^2 + 2*13^3 + 9*13^4 + 4*13^5 + 8*13^6 + 5*13^7 + 12*13^8 + 12*13^9 + 7*13^10 + 4*13^11 + 2*13^12 + 7*13^13 + 10*13^14 + O(13^15) : 1 + O(13^20))
   (9 + 8*13 + 2*13^2 + 2*13^4 + 12*13^5 + 6*13^7 + 13^8 + 3*13^9 + 3*13^10 + 12*13^11 + 8*13^12 + 11*13^13 + 4*13^14 + 2*13^15 + O(13^16) : 10*13 + 4*13^2 + 3*13^3 + 12*13^4 + 4*13^5 + 10*13^7 + 12*13^8 + 10*13^9 + 13^10 + 7*13^11 + 8*13^12 + 8*13^13 + 4*13^14 + O(13^15) : 1 + O(13^20))
   (9 + 8*13 + 2*13^2 + 2*13^4 + 12*13^5 + 6*13^7 + 13^8 + 3*13^9 + 3*13^10 + 12*13^11 + 8*13^12 + 11*13^13 + 4*13^14 + 2*13^15 + O(13^16) : 3*13 + 8*13^2 + 9*13^3 + 8*13^5 + 12*13^6 + 2*13^7 + 2*13^9 + 11*13^10 + 5*13^11 + 4*13^12 + 4*13^13 + 8*13^14 + O(13^15) : 1 + O(13^20))
   (9 + 8*13 + 2*13^2 + 8*13^3 + 3*13^4 + 3*13^5 + 11*13^7 + 2*13^8 + 3*13^9 + 2*13^10 + 3*13^11 + 9*13^12 + 8*13^13 + 6*13^14 + 11*13^15 + O(13^16) : 10*13 + 2*13^2 + 10*13^3 + 5*13^4 + 2*13^5 + 12*13^6 + 3*13^7 + 12*13^8 + 9*13^9 + 5*13^10 + 8*13^11 + 13^12 + 3*13^13 + 7*13^14 + O(13^15) : 1 + O(13^20))
   (9 + 8*13 + 2*13^2 + 8*13^3 + 3*13^4 + 3*13^5 + 11*13^7 + 2*13^8 + 3*13^9 + 2*13^10 + 3*13^11 + 9*13^12 + 8*13^13 + 6*13^14 + 11*13^15 + O(13^16) : 3*13 + 10*13^2 + 2*13^3 + 7*13^4 + 10*13^5 + 9*13^7 + 3*13^9 + 7*13^10 + 4*13^11 + 11*13^12 + 9*13^13 + 5*13^14 + O(13^15) : 1 + O(13^20))
   (9 + 8*13 + 2*13^2 + 9*13^3 + 6*13^4 + 4*13^5 + 2*13^6 + 10*13^7 + 11*13^9 + 12*13^10 + 6*13^11 + 7*13^12 + 8*13^13 + 4*13^14 + 5*13^15 + O(13^16) : 10*13 + 5*13^2 + 10*13^3 + 3*13^4 + 10*13^5 + 12*13^6 + 8*13^7 + 6*13^8 + 8*13^9 + 5*13^10 + 9*13^11 + 11*13^12 + 10*13^13 + 10*13^14 + O(13^15) : 1 + O(13^20))
   (9 + 8*13 + 2*13^2 + 9*13^3 + 6*13^4 + 4*13^5 + 2*13^6 + 10*13^7 + 11*13^9 + 12*13^10 + 6*13^11 + 7*13^12 + 8*13^13 + 4*13^14 + 5*13^15 + O(13^16) : 3*13 + 7*13^2 + 2*13^3 + 9*13^4 + 2*13^5 + 4*13^7 + 6*13^8 + 4*13^9 + 7*13^10 + 3*13^11 + 13^12 + 2*13^13 + 2*13^14 + O(13^15) : 1 + O(13^20))
   (9 + 8*13 + 3*13^2 + 11*13^4 + 3*13^5 + 13^6 + 6*13^7 + 7*13^8 + 2*13^9 + 7*13^10 + 10*13^11 + 11*13^12 + 3*13^13 + 13^14 + 13^15 + O(13^16) : 11*13 + 6*13^2 + 12*13^3 + 12*13^4 + 13^5 + 6*13^6 + 12*13^7 + 7*13^8 + 6*13^9 + 10*13^10 + 9*13^11 + 12*13^12 + 2*13^13 + 9*13^14 + O(13^15) : 1 + O(13^20))
   (9 + 8*13 + 3*13^2 + 11*13^4 + 3*13^5 + 13^6 + 6*13^7 + 7*13^8 + 2*13^9 + 7*13^10 + 10*13^11 + 11*13^12 + 3*13^13 + 13^14 + 13^15 + O(13^16) : 2*13 + 6*13^2 + 11*13^5 + 6*13^6 + 5*13^8 + 6*13^9 + 2*13^10 + 3*13^11 + 10*13^13 + 3*13^14 + O(13^15) : 1 + O(13^20))
   (9 + 8*13 + 3*13^2 + 13^3 + 4*13^4 + 13^5 + 11*13^6 + 10*13^7 + 7*13^8 + 7*13^9 + 7*13^10 + 13^12 + 12*13^13 + 7*13^14 + 10*13^15 + O(13^16) : 11*13 + 4*13^2 + 10*13^3 + 7*13^4 + 3*13^5 + 8*13^6 + 6*13^7 + 9*13^8 + 13^9 + 12*13^10 + 5*13^11 + 10*13^12 + 3*13^13 + 5*13^14 + O(13^15) : 1 + O(13^20))
   (9 + 8*13 + 3*13^2 + 13^3 + 4*13^4 + 13^5 + 11*13^6 + 10*13^7 + 7*13^8 + 7*13^9 + 7*13^10 + 13^12 + 12*13^13 + 7*13^14 + 10*13^15 + O(13^16) : 2*13 + 8*13^2 + 2*13^3 + 5*13^4 + 9*13^5 + 4*13^6 + 6*13^7 + 3*13^8 + 11*13^9 + 7*13^11 + 2*13^12 + 9*13^13 + 7*13^14 + O(13^15) : 1 + O(13^20))
   (9 + 8*13 + 3*13^2 + 13^4 + 11*13^5 + 5*13^6 + 5*13^7 + 13^8 + 13^9 + 2*13^10 + 3*13^11 + 3*13^13 + 13^14 + 9*13^15 + O(13^16) : 11*13 + 6*13^2 + 6*13^3 + 12*13^4 + 4*13^5 + 2*13^6 + 9*13^7 + 5*13^8 + 3*13^9 + 10*13^10 + 10*13^11 + 9*13^12 + 7*13^13 + 10*13^14 + O(13^15) : 1 + O(13^20))
   (9 + 8*13 + 3*13^2 + 13^4 + 11*13^5 + 5*13^6 + 5*13^7 + 13^8 + 13^9 + 2*13^10 + 3*13^11 + 3*13^13 + 13^14 + 9*13^15 + O(13^16) : 2*13 + 6*13^2 + 6*13^3 + 8*13^5 + 10*13^6 + 3*13^7 + 7*13^8 + 9*13^9 + 2*13^10 + 2*13^11 + 3*13^12 + 5*13^13 + 2*13^14 + O(13^15) : 1 + O(13^20))
   (9 + 8*13 + 3*13^2 + 6*13^3 + 6*13^4 + 11*13^5 + 5*13^6 + 5*13^8 + 4*13^9 + 11*13^10 + 11*13^12 + 6*13^13 + 7*13^14 + 8*13^15 + O(13^16) : 11*13 + 7*13^2 + 7*13^3 + 11*13^4 + 13^5 + 11*13^6 + 5*13^7 + 13^8 + 3*13^9 + 13^10 + 3*13^11 + 8*13^12 + 5*13^13 + 12*13^14 + O(13^15) : 1 + O(13^20))
   (9 + 8*13 + 3*13^2 + 6*13^3 + 6*13^4 + 11*13^5 + 5*13^6 + 5*13^8 + 4*13^9 + 11*13^10 + 11*13^12 + 6*13^13 + 7*13^14 + 8*13^15 + O(13^16) : 2*13 + 5*13^2 + 5*13^3 + 13^4 + 11*13^5 + 13^6 + 7*13^7 + 11*13^8 + 9*13^9 + 11*13^10 + 9*13^11 + 4*13^12 + 7*13^13 + O(13^15) : 1 + O(13^20))
   (9 + 8*13 + 3*13^2 + 7*13^3 + 4*13^4 + 9*13^5 + 10*13^6 + 4*13^7 + 2*13^9 + 8*13^10 + 2*13^11 + 11*13^12 + 13^13 + 6*13^14 + 13^15 + O(13^16) : 11*13 + 5*13^2 + 7*13^3 + 4*13^4 + 10*13^5 + 12*13^6 + 10*13^7 + 6*13^8 + 7*13^9 + 4*13^10 + 6*13^11 + 9*13^12 + 6*13^13 + 2*13^14 + O(13^15) : 1 + O(13^20))
   (9 + 8*13 + 3*13^2 + 7*13^3 + 4*13^4 + 9*13^5 + 10*13^6 + 4*13^7 + 2*13^9 + 8*13^10 + 2*13^11 + 11*13^12 + 13^13 + 6*13^14 + 13^15 + O(13^16) : 2*13 + 7*13^2 + 5*13^3 + 8*13^4 + 2*13^5 + 2*13^7 + 6*13^8 + 5*13^9 + 8*13^10 + 6*13^11 + 3*13^12 + 6*13^13 + 10*13^14 + O(13^15) : 1 + O(13^20))
   (9 + 8*13 + 3*13^2 + 8*13^3 + 12*13^4 + 10*13^5 + 3*13^6 + 8*13^7 + 4*13^8 + 11*13^9 + 8*13^10 + 11*13^11 + 13^12 + 5*13^13 + 13^14 + 2*13^15 + O(13^16) : 11*13 + 3*13^2 + 2*13^3 + 10*13^4 + 11*13^5 + 7*13^8 + 9*13^9 + 5*13^10 + 13^11 + 11*13^12 + 4*13^13 + 13^14 + O(13^15) : 1 + O(13^20))
   (9 + 8*13 + 3*13^2 + 8*13^3 + 12*13^4 + 10*13^5 + 3*13^6 + 8*13^7 + 4*13^8 + 11*13^9 + 8*13^10 + 11*13^11 + 13^12 + 5*13^13 + 13^14 + 2*13^15 + O(13^16) : 2*13 + 9*13^2 + 10*13^3 + 2*13^4 + 13^5 + 12*13^6 + 12*13^7 + 5*13^8 + 3*13^9 + 7*13^10 + 11*13^11 + 13^12 + 8*13^13 + 11*13^14 + O(13^15) : 1 + O(13^20))
   (9 + 8*13 + 3*13^2 + 9*13^3 + 2*13^4 + 13^5 + 12*13^6 + 6*13^7 + 11*13^8 + 8*13^9 + 12*13^10 + 2*13^11 + 8*13^12 + 2*13^13 + 4*13^14 + 5*13^15 + O(13^16) : 11*13 + 13^2 + 9*13^3 + 6*13^4 + 5*13^5 + 12*13^6 + 12*13^7 + 4*13^8 + 2*13^9 + 9*13^10 + 12*13^11 + 4*13^12 + 2*13^13 + 9*13^14 + O(13^15) : 1 + O(13^20))
   (9 + 8*13 + 3*13^2 + 9*13^3 + 2*13^4 + 13^5 + 12*13^6 + 6*13^7 + 11*13^8 + 8*13^9 + 12*13^10 + 2*13^11 + 8*13^12 + 2*13^13 + 4*13^14 + 5*13^15 + O(13^16) : 2*13 + 11*13^2 + 3*13^3 + 6*13^4 + 7*13^5 + 8*13^8 + 10*13^9 + 3*13^10 + 8*13^12 + 10*13^13 + 3*13^14 + O(13^15) : 1 + O(13^20))
   (9 + 8*13 + 4*13^2 + 11*13^4 + 8*13^5 + 7*13^7 + 12*13^8 + 11*13^10 + 13^11 + 7*13^12 + 5*13^15 + O(13^16) : 5*13 + 5*13^2 + 3*13^3 + 8*13^4 + 6*13^5 + 9*13^6 + 6*13^7 + 10*13^8 + 9*13^9 + 3*13^10 + 5*13^11 + 6*13^12 + 12*13^13 + 10*13^14 + O(13^15) : 1 + O(13^20))
   (9 + 8*13 + 4*13^2 + 11*13^4 + 8*13^5 + 7*13^7 + 12*13^8 + 11*13^10 + 13^11 + 7*13^12 + 5*13^15 + O(13^16) : 8*13 + 7*13^2 + 9*13^3 + 4*13^4 + 6*13^5 + 3*13^6 + 6*13^7 + 2*13^8 + 3*13^9 + 9*13^10 + 7*13^11 + 6*13^12 + 2*13^14 + O(13^15) : 1 + O(13^20))
   (9 + 8*13 + 4*13^2 + 12*13^4 + 2*13^5 + 6*13^7 + 10*13^8 + 8*13^9 + 11*13^10 + 10*13^11 + 3*13^12 + 4*13^13 + 13^14 + O(13^16) : 5*13 + 5*13^2 + 9*13^3 + 6*13^4 + 2*13^5 + 9*13^6 + 3*13^7 + 3*13^8 + 5*13^9 + 9*13^10 + 9*13^11 + 9*13^12 + 9*13^13 + 5*13^14 + O(13^15) : 1 + O(13^20))
   (9 + 8*13 + 4*13^2 + 12*13^4 + 2*13^5 + 6*13^7 + 10*13^8 + 8*13^9 + 11*13^10 + 10*13^11 + 3*13^12 + 4*13^13 + 13^14 + O(13^16) : 8*13 + 7*13^2 + 3*13^3 + 6*13^4 + 10*13^5 + 3*13^6 + 9*13^7 + 9*13^8 + 7*13^9 + 3*13^10 + 3*13^11 + 3*13^12 + 3*13^13 + 7*13^14 + O(13^15) : 1 + O(13^20))
   (9 + 8*13 + 4*13^2 + 13^3 + 2*13^4 + 8*13^5 + 11*13^6 + 12*13^7 + 11*13^8 + 5*13^9 + 8*13^10 + 3*13^12 + 11*13^13 + 9*13^14 + 7*13^15 + O(13^16) : 5*13 + 11*13^2 + 8*13^3 + 5*13^4 + 5*13^5 + 2*13^6 + 13^7 + 2*13^8 + 8*13^9 + 2*13^10 + 12*13^11 + 2*13^12 + 5*13^13 + 4*13^14 + O(13^15) : 1 + O(13^20))
   (9 + 8*13 + 4*13^2 + 13^3 + 2*13^4 + 8*13^5 + 11*13^6 + 12*13^7 + 11*13^8 + 5*13^9 + 8*13^10 + 3*13^12 + 11*13^13 + 9*13^14 + 7*13^15 + O(13^16) : 8*13 + 13^2 + 4*13^3 + 7*13^4 + 7*13^5 + 10*13^6 + 11*13^7 + 10*13^8 + 4*13^9 + 10*13^10 + 10*13^12 + 7*13^13 + 8*13^14 + O(13^15) : 1 + O(13^20))
   (9 + 8*13 + 4*13^2 + 6*13^3 + 4*13^4 + 2*13^5 + 11*13^6 + 10*13^7 + 8*13^8 + 6*13^9 + 12*13^10 + 3*13^11 + 4*13^12 + 10*13^14 + 9*13^15 + O(13^16) : 5*13 + 2*13^2 + 2*13^3 + 4*13^4 + 9*13^5 + 5*13^6 + 12*13^7 + 8*13^8 + 10*13^9 + 5*13^10 + 3*13^11 + 12*13^13 + 3*13^14 + O(13^15) : 1 + O(13^20))
   (9 + 8*13 + 4*13^2 + 6*13^3 + 4*13^4 + 2*13^5 + 11*13^6 + 10*13^7 + 8*13^8 + 6*13^9 + 12*13^10 + 3*13^11 + 4*13^12 + 10*13^14 + 9*13^15 + O(13^16) : 8*13 + 10*13^2 + 10*13^3 + 8*13^4 + 3*13^5 + 7*13^6 + 4*13^8 + 2*13^9 + 7*13^10 + 9*13^11 + 12*13^12 + 9*13^14 + O(13^15) : 1 + O(13^20))
   (9 + 8*13 + 4*13^2 + 7*13^3 + 2*13^4 + 2*13^5 + 12*13^6 + 5*13^7 + 11*13^8 + 11*13^10 + 7*13^11 + 7*13^13 + 2*13^14 + 5*13^15 + O(13^16) : 5*13 + 8*13^2 + 11*13^3 + 9*13^4 + 3*13^5 + 12*13^6 + 8*13^7 + 9*13^8 + 7*13^9 + 8*13^10 + 3*13^11 + 3*13^12 + 6*13^14 + O(13^15) : 1 + O(13^20))
   (9 + 8*13 + 4*13^2 + 7*13^3 + 2*13^4 + 2*13^5 + 12*13^6 + 5*13^7 + 11*13^8 + 11*13^10 + 7*13^11 + 7*13^13 + 2*13^14 + 5*13^15 + O(13^16) : 8*13 + 4*13^2 + 13^3 + 3*13^4 + 9*13^5 + 4*13^7 + 3*13^8 + 5*13^9 + 4*13^10 + 9*13^11 + 9*13^12 + 12*13^13 + 6*13^14 + O(13^15) : 1 + O(13^20))
   (9 + 8*13 + 4*13^2 + 7*13^3 + 5*13^4 + 9*13^5 + 9*13^6 + 9*13^7 + 6*13^8 + 5*13^9 + 12*13^10 + 7*13^11 + 13^13 + 5*13^14 + 5*13^15 + O(13^16) : 5*13 + 8*13^2 + 3*13^3 + 9*13^4 + 2*13^5 + 7*13^6 + 13^7 + 4*13^8 + 12*13^9 + 6*13^10 + 11*13^11 + 11*13^12 + 4*13^13 + 10*13^14 + O(13^15) : 1 + O(13^20))
   (9 + 8*13 + 4*13^2 + 7*13^3 + 5*13^4 + 9*13^5 + 9*13^6 + 9*13^7 + 6*13^8 + 5*13^9 + 12*13^10 + 7*13^11 + 13^13 + 5*13^14 + 5*13^15 + O(13^16) : 8*13 + 4*13^2 + 9*13^3 + 3*13^4 + 10*13^5 + 5*13^6 + 11*13^7 + 8*13^8 + 6*13^10 + 13^11 + 13^12 + 8*13^13 + 2*13^14 + O(13^15) : 1 + O(13^20))
   (9 + 8*13 + 4*13^2 + 8*13^3 + 8*13^4 + 13^5 + 9*13^6 + 6*13^7 + 10*13^8 + 7*13^9 + 12*13^10 + 5*13^11 + 12*13^12 + 8*13^13 + 5*13^14 + 2*13^15 + O(13^16) : 5*13 + 13^2 + 2*13^3 + 8*13^4 + 7*13^5 + 11*13^7 + 13^8 + 8*13^9 + 8*13^10 + 2*13^11 + 10*13^12 + 9*13^13 + 6*13^14 + O(13^15) : 1 + O(13^20))
   (9 + 8*13 + 4*13^2 + 8*13^3 + 8*13^4 + 13^5 + 9*13^6 + 6*13^7 + 10*13^8 + 7*13^9 + 12*13^10 + 5*13^11 + 12*13^12 + 8*13^13 + 5*13^14 + 2*13^15 + O(13^16) : 8*13 + 11*13^2 + 10*13^3 + 4*13^4 + 5*13^5 + 12*13^6 + 13^7 + 11*13^8 + 4*13^9 + 4*13^10 + 10*13^11 + 2*13^12 + 3*13^13 + 6*13^14 + O(13^15) : 1 + O(13^20))
   (9 + 8*13 + 7*13^2 + 10*13^3 + 2*13^4 + 12*13^5 + 2*13^6 + 10*13^7 + 6*13^8 + 8*13^9 + 4*13^10 + 6*13^11 + 6*13^12 + 9*13^13 + 10*13^14 + 7*13^15 + O(13^16) : 6*13 + 9*13^2 + 13^3 + 7*13^4 + 4*13^5 + 8*13^6 + 7*13^8 + 8*13^9 + 4*13^10 + 5*13^11 + 7*13^13 + 11*13^14 + O(13^15) : 1 + O(13^20))
   (9 + 8*13 + 7*13^2 + 10*13^3 + 2*13^4 + 12*13^5 + 2*13^6 + 10*13^7 + 6*13^8 + 8*13^9 + 4*13^10 + 6*13^11 + 6*13^12 + 9*13^13 + 10*13^14 + 7*13^15 + O(13^16) : 7*13 + 3*13^2 + 11*13^3 + 5*13^4 + 8*13^5 + 4*13^6 + 12*13^7 + 5*13^8 + 4*13^9 + 8*13^10 + 7*13^11 + 12*13^12 + 5*13^13 + 13^14 + O(13^15) : 1 + O(13^20))
   (9 + 8*13 + 7*13^2 + 12*13^3 + 11*13^4 + 8*13^5 + 3*13^6 + 13^7 + 12*13^8 + 3*13^9 + 4*13^10 + 8*13^11 + 3*13^12 + 12*13^13 + 5*13^14 + 8*13^15 + O(13^16) : 6*13 + 6*13^2 + 8*13^3 + 7*13^4 + 13^5 + 6*13^7 + 10*13^8 + 12*13^9 + 10*13^10 + 10*13^11 + 13^12 + 9*13^13 + 4*13^14 + O(13^15) : 1 + O(13^20))
   (9 + 8*13 + 7*13^2 + 12*13^3 + 11*13^4 + 8*13^5 + 3*13^6 + 13^7 + 12*13^8 + 3*13^9 + 4*13^10 + 8*13^11 + 3*13^12 + 12*13^13 + 5*13^14 + 8*13^15 + O(13^16) : 7*13 + 6*13^2 + 4*13^3 + 5*13^4 + 11*13^5 + 12*13^6 + 6*13^7 + 2*13^8 + 2*13^10 + 2*13^11 + 11*13^12 + 3*13^13 + 8*13^14 + O(13^15) : 1 + O(13^20))
   (9 + 8*13 + 7*13^2 + 3*13^3 + 11*13^4 + 2*13^5 + 5*13^7 + 5*13^8 + 13^9 + 7*13^10 + 5*13^11 + 8*13^12 + 2*13^13 + 7*13^14 + 11*13^15 + O(13^16) : 6*13 + 7*13^3 + 7*13^4 + 6*13^5 + 9*13^6 + 11*13^7 + 13^8 + 8*13^9 + 5*13^10 + 11*13^11 + 5*13^12 + 13^13 + 6*13^14 + O(13^15) : 1 + O(13^20))
   (9 + 8*13 + 7*13^2 + 3*13^3 + 11*13^4 + 2*13^5 + 5*13^7 + 5*13^8 + 13^9 + 7*13^10 + 5*13^11 + 8*13^12 + 2*13^13 + 7*13^14 + 11*13^15 + O(13^16) : 7*13 + 12*13^2 + 5*13^3 + 5*13^4 + 6*13^5 + 3*13^6 + 13^7 + 11*13^8 + 4*13^9 + 7*13^10 + 13^11 + 7*13^12 + 11*13^13 + 6*13^14 + O(13^15) : 1 + O(13^20))
   (9 + 8*13 + 7*13^2 + 3*13^3 + 6*13^4 + 10*13^5 + 12*13^6 + 5*13^7 + 6*13^8 + 3*13^9 + 8*13^10 + 12*13^11 + 3*13^12 + 13^13 + 7*13^14 + O(13^16) : 6*13 + 8*13^3 + 4*13^4 + 12*13^5 + 3*13^6 + 5*13^7 + 7*13^8 + 7*13^9 + 5*13^10 + 13^11 + 5*13^12 + 13^13 + 12*13^14 + O(13^15) : 1 + O(13^20))
   (9 + 8*13 + 7*13^2 + 3*13^3 + 6*13^4 + 10*13^5 + 12*13^6 + 5*13^7 + 6*13^8 + 3*13^9 + 8*13^10 + 12*13^11 + 3*13^12 + 13^13 + 7*13^14 + O(13^16) : 7*13 + 12*13^2 + 4*13^3 + 8*13^4 + 9*13^6 + 7*13^7 + 5*13^8 + 5*13^9 + 7*13^10 + 11*13^11 + 7*13^12 + 11*13^13 + O(13^15) : 1 + O(13^20))
   (9 + 8*13 + 7*13^2 + 4*13^3 + 9*13^4 + 8*13^5 + 9*13^6 + 10*13^7 + 4*13^8 + 4*13^9 + 8*13^10 + 3*13^11 + 10*13^12 + 10*13^13 + 6*13^14 + 13^15 + O(13^16) : 6*13 + 5*13^2 + 12*13^3 + 13^4 + 2*13^5 + 11*13^7 + 4*13^8 + 2*13^9 + 3*13^10 + 7*13^11 + 12*13^12 + 6*13^13 + 5*13^14 + O(13^15) : 1 + O(13^20))
   (9 + 8*13 + 7*13^2 + 4*13^3 + 9*13^4 + 8*13^5 + 9*13^6 + 10*13^7 + 4*13^8 + 4*13^9 + 8*13^10 + 3*13^11 + 10*13^12 + 10*13^13 + 6*13^14 + 13^15 + O(13^16) : 7*13 + 7*13^2 + 11*13^4 + 10*13^5 + 12*13^6 + 13^7 + 8*13^8 + 10*13^9 + 9*13^10 + 5*13^11 + 6*13^13 + 7*13^14 + O(13^15) : 1 + O(13^20))
   (9 + 8*13 + 7*13^2 + 9*13^3 + 12*13^4 + 7*13^6 + 8*13^7 + 12*13^9 + 13^10 + 11*13^11 + 11*13^12 + 4*13^13 + 9*13^14 + 6*13^15 + O(13^16) : 6*13 + 4*13^2 + 9*13^3 + 10*13^4 + 10*13^5 + 5*13^7 + 3*13^8 + 9*13^9 + 5*13^10 + 9*13^11 + 11*13^12 + 13^13 + 2*13^14 + O(13^15) : 1 + O(13^20))
   (9 + 8*13 + 7*13^2 + 9*13^3 + 12*13^4 + 7*13^6 + 8*13^7 + 12*13^9 + 13^10 + 11*13^11 + 11*13^12 + 4*13^13 + 9*13^14 + 6*13^15 + O(13^16) : 7*13 + 8*13^2 + 3*13^3 + 2*13^4 + 2*13^5 + 12*13^6 + 7*13^7 + 9*13^8 + 3*13^9 + 7*13^10 + 3*13^11 + 13^12 + 11*13^13 + 10*13^14 + O(13^15) : 1 + O(13^20))
   (9*13 + 13^2 + 3*13^3 + 8*13^6 + 9*13^7 + 10*13^8 + 2*13^10 + 2*13^11 + 10*13^12 + 7*13^14 + O(13^15) : 10 + 9*13 + 9*13^2 + 12*13^3 + 4*13^4 + 7*13^5 + 9*13^7 + 7*13^8 + 12*13^9 + 7*13^10 + 4*13^11 + 6*13^12 + 2*13^13 + 10*13^14 + 12*13^15 + O(13^16) : 1 + O(13^20))
   (9*13 + 13^2 + 3*13^3 + 8*13^6 + 9*13^7 + 10*13^8 + 2*13^10 + 2*13^11 + 10*13^12 + 7*13^14 + O(13^15) : 3 + 3*13 + 3*13^2 + 8*13^4 + 5*13^5 + 12*13^6 + 3*13^7 + 5*13^8 + 5*13^10 + 8*13^11 + 6*13^12 + 10*13^13 + 2*13^14 + O(13^16) : 1 + O(13^20))
   (9*13 + 2*13^3 + 12*13^4 + 12*13^6 + 13^7 + 7*13^8 + 5*13^9 + 6*13^10 + 4*13^11 + 6*13^12 + 7*13^13 + 2*13^14 + O(13^15) : 10 + 9*13 + 9*13^2 + 11*13^3 + 11*13^4 + 11*13^6 + 4*13^7 + 9*13^8 + 3*13^9 + 9*13^10 + 13^11 + 12*13^12 + 2*13^14 + 7*13^15 + O(13^16) : 1 + O(13^20))
   (9*13 + 2*13^3 + 12*13^4 + 12*13^6 + 13^7 + 7*13^8 + 5*13^9 + 6*13^10 + 4*13^11 + 6*13^12 + 7*13^13 + 2*13^14 + O(13^15) : 3 + 3*13 + 3*13^2 + 13^3 + 13^4 + 12*13^5 + 13^6 + 8*13^7 + 3*13^8 + 9*13^9 + 3*13^10 + 11*13^11 + 12*13^13 + 10*13^14 + 5*13^15 + O(13^16) : 1 + O(13^20))
   (9*13 + 7*13^2 + 6*13^3 + 3*13^4 + 2*13^5 + 4*13^6 + 2*13^7 + 8*13^8 + 3*13^9 + 13^10 + 10*13^11 + 6*13^12 + 6*13^13 + 2*13^14 + O(13^15) : 10 + 9*13 + 9*13^2 + 5*13^3 + 10*13^4 + 12*13^5 + 7*13^6 + 11*13^7 + 9*13^8 + 13^9 + 10*13^10 + 2*13^11 + 8*13^12 + 11*13^13 + 7*13^14 + 5*13^15 + O(13^16) : 1 + O(13^20))
   (9*13 + 7*13^2 + 6*13^3 + 3*13^4 + 2*13^5 + 4*13^6 + 2*13^7 + 8*13^8 + 3*13^9 + 13^10 + 10*13^11 + 6*13^12 + 6*13^13 + 2*13^14 + O(13^15) : 3 + 3*13 + 3*13^2 + 7*13^3 + 2*13^4 + 5*13^6 + 13^7 + 3*13^8 + 11*13^9 + 2*13^10 + 10*13^11 + 4*13^12 + 13^13 + 5*13^14 + 7*13^15 + O(13^16) : 1 + O(13^20))
   (9*13 + 9*13^2 + 2*13^3 + 7*13^4 + 9*13^5 + 2*13^6 + 5*13^7 + 3*13^8 + 5*13^9 + 11*13^10 + 8*13^11 + 13^12 + 11*13^13 + 2*13^14 + O(13^15) : 10 + 9*13 + 9*13^2 + 7*13^3 + 9*13^4 + 6*13^5 + 7*13^6 + 2*13^7 + 4*13^8 + 12*13^9 + 11*13^10 + 4*13^11 + 7*13^12 + 11*13^13 + 2*13^15 + O(13^16) : 1 + O(13^20))
   (9*13 + 9*13^2 + 2*13^3 + 7*13^4 + 9*13^5 + 2*13^6 + 5*13^7 + 3*13^8 + 5*13^9 + 11*13^10 + 8*13^11 + 13^12 + 11*13^13 + 2*13^14 + O(13^15) : 3 + 3*13 + 3*13^2 + 5*13^3 + 3*13^4 + 6*13^5 + 5*13^6 + 10*13^7 + 8*13^8 + 13^10 + 8*13^11 + 5*13^12 + 13^13 + 12*13^14 + 10*13^15 + O(13^16) : 1 + O(13^20))
   (9*13^-1 + 1 + 2*13 + 4*13^2 + 13^3 + 10*13^4 + 6*13^5 + 9*13^7 + 2*13^8 + 6*13^9 + 5*13^10 + 11*13^11 + 12*13^12 + 2*13^13 + 9*13^14 + O(13^16) : 12*13^-3 + 12*13^-2 + 7*13^-1 + 10 + 13 + 9*13^2 + 12*13^3 + 5*13^4 + 10*13^5 + 13^6 + 10*13^7 + 8*13^8 + 13^9 + 5*13^10 + 8*13^11 + 6*13^12 + 10*13^13 + O(13^14) : 1 + O(13^20))
   (9*13^-1 + 1 + 2*13 + 4*13^2 + 13^3 + 10*13^4 + 6*13^5 + 9*13^7 + 2*13^8 + 6*13^9 + 5*13^10 + 11*13^11 + 12*13^12 + 2*13^13 + 9*13^14 + O(13^16) : 13^-3 + 5*13^-1 + 2 + 11*13 + 3*13^2 + 7*13^4 + 2*13^5 + 11*13^6 + 2*13^7 + 4*13^8 + 11*13^9 + 7*13^10 + 4*13^11 + 6*13^12 + 2*13^13 + O(13^14) : 1 + O(13^20))
   (9*13^-1 + 2 + 2*13 + 9*13^2 + 6*13^3 + 3*13^4 + 5*13^5 + 4*13^6 + 3*13^7 + 11*13^8 + 6*13^9 + 6*13^10 + 8*13^11 + 11*13^12 + 10*13^13 + 12*13^14 + 2*13^15 + O(13^16) : 12*13^-3 + 3*13^-2 + 12*13^-1 + 5 + 12*13 + 10*13^2 + 10*13^4 + 7*13^6 + 12*13^7 + 11*13^8 + 5*13^9 + 6*13^10 + 7*13^11 + 3*13^12 + 11*13^13 + O(13^14) : 1 + O(13^20))
   (9*13^-1 + 2 + 2*13 + 9*13^2 + 6*13^3 + 3*13^4 + 5*13^5 + 4*13^6 + 3*13^7 + 11*13^8 + 6*13^9 + 6*13^10 + 8*13^11 + 11*13^12 + 10*13^13 + 12*13^14 + 2*13^15 + O(13^16) : 13^-3 + 9*13^-2 + 7 + 2*13^2 + 12*13^3 + 2*13^4 + 12*13^5 + 5*13^6 + 13^8 + 7*13^9 + 6*13^10 + 5*13^11 + 9*13^12 + 13^13 + O(13^14) : 1 + O(13^20))
   (9*13^-1 + 5 + 4*13 + 12*13^2 + 9*13^3 + 10*13^4 + 10*13^5 + 4*13^6 + 4*13^7 + 8*13^8 + 4*13^9 + 5*13^10 + 12*13^11 + 2*13^12 + 11*13^13 + 6*13^14 + 10*13^15 + O(13^16) : 12*13^-3 + 2*13^-2 + 8*13^-1 + 12 + 11*13 + 3*13^2 + 6*13^3 + 5*13^4 + 2*13^5 + 3*13^6 + 11*13^7 + 8*13^8 + 3*13^9 + 9*13^10 + 13^11 + 5*13^12 + 13^13 + O(13^14) : 1 + O(13^20))
   (9*13^-1 + 5 + 4*13 + 12*13^2 + 9*13^3 + 10*13^4 + 10*13^5 + 4*13^6 + 4*13^7 + 8*13^8 + 4*13^9 + 5*13^10 + 12*13^11 + 2*13^12 + 11*13^13 + 6*13^14 + 10*13^15 + O(13^16) : 13^-3 + 10*13^-2 + 4*13^-1 + 13 + 9*13^2 + 6*13^3 + 7*13^4 + 10*13^5 + 9*13^6 + 13^7 + 4*13^8 + 9*13^9 + 3*13^10 + 11*13^11 + 7*13^12 + 11*13^13 + O(13^14) : 1 + O(13^20))
   (9*13^-1 + 5 + 8*13 + 2*13^2 + 11*13^3 + 2*13^4 + 10*13^5 + 11*13^7 + 4*13^9 + 9*13^11 + 6*13^12 + 12*13^13 + 9*13^15 + O(13^16) : 12*13^-3 + 2*13^-2 + 11*13^-1 + 2*13 + 4*13^2 + 13^3 + 11*13^4 + 7*13^5 + 13^6 + 13^7 + 13^8 + 12*13^9 + 8*13^10 + 8*13^11 + 10*13^12 + 6*13^13 + O(13^14) : 1 + O(13^20))
   (9*13^-1 + 5 + 8*13 + 2*13^2 + 11*13^3 + 2*13^4 + 10*13^5 + 11*13^7 + 4*13^9 + 9*13^11 + 6*13^12 + 12*13^13 + 9*13^15 + O(13^16) : 13^-3 + 10*13^-2 + 13^-1 + 12 + 10*13 + 8*13^2 + 11*13^3 + 13^4 + 5*13^5 + 11*13^6 + 11*13^7 + 11*13^8 + 4*13^10 + 4*13^11 + 2*13^12 + 6*13^13 + O(13^14) : 1 + O(13^20))
