C: w^2 = x^6 - 1526*x^4 + 582169*x^2 - 37675044;  p = 17, n = 20
E1min (1, 0, 1, -12129, -75569) E2min (1, 0, 1, -3467591524, 76221463442066)
  q=2: N=4, K=4, |V_q|=3, стабильно при K+1: True, V_q=[-2, -1, 0]
  q=3: N=12, K=8, |V_q|=5, стабильно при K+1: True, V_q=[-4, -11/3, -8/3, -13/6, -2]
  q=5: N=2, K=2, |V_q|=1, стабильно при K+1: адаптивно, листьев 92, прямой перебор K+1 совпал: True, V_q=[0]
  q=11: N=6, K=4, |V_q|=3, стабильно при K+1: адаптивно, листьев 530, V_q=[-2, -4/3, -1]
  q=13: N=2, K=2, |V_q|=1, стабильно при K+1: адаптивно, листьев 276, прямой перебор K+1 совпал: True, V_q=[0]
  q=31: N=6, K=4, |V_q|=3, стабильно при K+1: адаптивно, листьев 1590, V_q=[-2, -4/3, -1]
  q=53: N=2, K=2, |V_q|=1, стабильно при K+1: адаптивно, листьев 1196, V_q=[0]
  |Ω_direct| = 135 (произведение 135)
Ω_direct построено за 17.2 с; |Ω| = 135
время 23.8 с
рациональные точки, найденные QC: [(-22 : 0 : 1), (-31 : 0 : 1), (-31/2 : -42315/8 : 1), (-31/2 : 42315/8 : 1), (-9 : 0 : 1), (1 : -1 : 0), (1 : 1 : 0), (22 : 0 : 1), (31 : 0 : 1), (31/2 : -42315/8 : 1), (31/2 : 42315/8 : 1), (9 : 0 : 1)]
в терминах z: ['z=-1/22', 'z=-1/31', 'z=-1/9', 'z=-2/31', 'z=0', 'z=1/22', 'z=1/31', 'z=1/9', 'z=2/31']
НОВЫЕ рациональные точки (не из известных восьми): [(-31/2 : -42315/8 : 1), (-31/2 : 42315/8 : 1), (31/2 : -42315/8 : 1), (31/2 : 42315/8 : 1)]
нераспознанные p-адические точки: 2572
   (1 + 13*17 + 16*17^2 + 10*17^3 + 15*17^4 + 10*17^5 + 4*17^6 + 12*17^7 + 3*17^8 + 5*17^9 + 9*17^10 + 16*17^12 + 4*17^13 + 13*17^14 + O(17^15) : 12 + 10*17 + 6*17^2 + 11*17^3 + 9*17^4 + 2*17^6 + 15*17^7 + 3*17^8 + 15*17^9 + 3*17^10 + 17^11 + 8*17^12 + 17^13 + 13*17^14 + O(17^15) : 1 + O(17^20))
   (1 + 13*17 + 16*17^2 + 10*17^3 + 15*17^4 + 10*17^5 + 4*17^6 + 12*17^7 + 3*17^8 + 5*17^9 + 9*17^10 + 16*17^12 + 4*17^13 + 13*17^14 + O(17^15) : 5 + 6*17 + 10*17^2 + 5*17^3 + 7*17^4 + 16*17^5 + 14*17^6 + 17^7 + 13*17^8 + 17^9 + 13*17^10 + 15*17^11 + 8*17^12 + 15*17^13 + 3*17^14 + O(17^15) : 1 + O(17^20))
   (1 + 13*17 + 16*17^2 + 10*17^3 + 16*17^4 + 16*17^5 + 17^6 + 10*17^7 + 11*17^9 + 4*17^10 + 8*17^11 + 11*17^12 + 14*17^13 + 11*17^14 + O(17^15) : 12 + 10*17 + 6*17^2 + 11*17^3 + 6*17^4 + 7*17^5 + 15*17^6 + 8*17^7 + 11*17^8 + 2*17^9 + 15*17^10 + 13*17^11 + 8*17^12 + 14*17^13 + 2*17^14 + O(17^15) : 1 + O(17^20))
   (1 + 13*17 + 16*17^2 + 10*17^3 + 16*17^4 + 16*17^5 + 17^6 + 10*17^7 + 11*17^9 + 4*17^10 + 8*17^11 + 11*17^12 + 14*17^13 + 11*17^14 + O(17^15) : 5 + 6*17 + 10*17^2 + 5*17^3 + 10*17^4 + 9*17^5 + 17^6 + 8*17^7 + 5*17^8 + 14*17^9 + 17^10 + 3*17^11 + 8*17^12 + 2*17^13 + 14*17^14 + O(17^15) : 1 + O(17^20))
   (1 + 13*17 + 16*17^2 + 10*17^3 + 16*17^4 + 2*17^5 + 13*17^6 + 2*17^7 + 3*17^8 + 16*17^9 + 14*17^10 + 7*17^11 + 4*17^12 + 12*17^13 + 4*17^14 + O(17^15) : 12 + 10*17 + 6*17^2 + 11*17^3 + 6*17^4 + 15*17^5 + 5*17^6 + 8*17^7 + 16*17^8 + 15*17^9 + 6*17^10 + 6*17^11 + 11*17^13 + 17^14 + O(17^15) : 1 + O(17^20))
   (1 + 13*17 + 16*17^2 + 10*17^3 + 16*17^4 + 2*17^5 + 13*17^6 + 2*17^7 + 3*17^8 + 16*17^9 + 14*17^10 + 7*17^11 + 4*17^12 + 12*17^13 + 4*17^14 + O(17^15) : 5 + 6*17 + 10*17^2 + 5*17^3 + 10*17^4 + 17^5 + 11*17^6 + 8*17^7 + 17^9 + 10*17^10 + 10*17^11 + 16*17^12 + 5*17^13 + 15*17^14 + O(17^15) : 1 + O(17^20))
   (1 + 13*17 + 16*17^2 + 10*17^3 + 16*17^4 + 7*17^5 + 15*17^6 + 5*17^7 + 9*17^9 + 2*17^10 + 12*17^12 + 4*17^13 + 16*17^14 + O(17^15) : 12 + 10*17 + 6*17^2 + 11*17^3 + 6*17^4 + 5*17^6 + 6*17^7 + 4*17^8 + 3*17^10 + 14*17^11 + 3*17^12 + 3*17^13 + 14*17^14 + O(17^15) : 1 + O(17^20))
   (1 + 13*17 + 16*17^2 + 10*17^3 + 16*17^4 + 7*17^5 + 15*17^6 + 5*17^7 + 9*17^9 + 2*17^10 + 12*17^12 + 4*17^13 + 16*17^14 + O(17^15) : 5 + 6*17 + 10*17^2 + 5*17^3 + 10*17^4 + 16*17^5 + 11*17^6 + 10*17^7 + 12*17^8 + 16*17^9 + 13*17^10 + 2*17^11 + 13*17^12 + 13*17^13 + 2*17^14 + O(17^15) : 1 + O(17^20))
   (1 + 13*17 + 16*17^2 + 10*17^3 + 17^4 + 6*17^5 + 2*17^6 + 5*17^7 + 12*17^8 + 11*17^9 + 14*17^10 + 16*17^11 + 6*17^12 + 6*17^13 + 3*17^14 + O(17^15) : 12 + 10*17 + 6*17^2 + 11*17^3 + 5*17^5 + 11*17^6 + 12*17^7 + 14*17^8 + 4*17^9 + 8*17^10 + 6*17^11 + 12*17^12 + 4*17^13 + 4*17^14 + O(17^15) : 1 + O(17^20))
   (1 + 13*17 + 16*17^2 + 10*17^3 + 17^4 + 6*17^5 + 2*17^6 + 5*17^7 + 12*17^8 + 11*17^9 + 14*17^10 + 16*17^11 + 6*17^12 + 6*17^13 + 3*17^14 + O(17^15) : 5 + 6*17 + 10*17^2 + 5*17^3 + 16*17^4 + 11*17^5 + 5*17^6 + 4*17^7 + 2*17^8 + 12*17^9 + 8*17^10 + 10*17^11 + 4*17^12 + 12*17^13 + 12*17^14 + O(17^15) : 1 + O(17^20))
   (1 + 13*17 + 16*17^2 + 10*17^3 + 4*17^4 + 2*17^5 + 9*17^6 + 13*17^7 + 8*17^8 + 13*17^9 + 7*17^10 + 15*17^11 + 14*17^12 + 6*17^13 + 7*17^14 + O(17^15) : 12 + 10*17 + 6*17^2 + 11*17^3 + 8*17^4 + 6*17^5 + 17^6 + 10*17^7 + 14*17^8 + 17^9 + 6*17^10 + 6*17^11 + 12*17^12 + 11*17^13 + 15*17^14 + O(17^15) : 1 + O(17^20))
   (1 + 13*17 + 16*17^2 + 10*17^3 + 4*17^4 + 2*17^5 + 9*17^6 + 13*17^7 + 8*17^8 + 13*17^9 + 7*17^10 + 15*17^11 + 14*17^12 + 6*17^13 + 7*17^14 + O(17^15) : 5 + 6*17 + 10*17^2 + 5*17^3 + 8*17^4 + 10*17^5 + 15*17^6 + 6*17^7 + 2*17^8 + 15*17^9 + 10*17^10 + 10*17^11 + 4*17^12 + 5*17^13 + 17^14 + O(17^15) : 1 + O(17^20))
   (1 + 13*17 + 16*17^2 + 10*17^3 + 4*17^4 + 5*17^5 + 7*17^6 + 9*17^7 + 13*17^8 + 8*17^9 + 8*17^10 + 6*17^11 + 3*17^12 + 9*17^13 + 15*17^14 + O(17^15) : 12 + 10*17 + 6*17^2 + 11*17^3 + 8*17^4 + 14*17^5 + 13*17^6 + 14*17^7 + 2*17^8 + 13*17^9 + 7*17^10 + 17^11 + 11*17^12 + 8*17^13 + O(17^15) : 1 + O(17^20))
   (1 + 13*17 + 16*17^2 + 10*17^3 + 4*17^4 + 5*17^5 + 7*17^6 + 9*17^7 + 13*17^8 + 8*17^9 + 8*17^10 + 6*17^11 + 3*17^12 + 9*17^13 + 15*17^14 + O(17^15) : 5 + 6*17 + 10*17^2 + 5*17^3 + 8*17^4 + 2*17^5 + 3*17^6 + 2*17^7 + 14*17^8 + 3*17^9 + 9*17^10 + 15*17^11 + 5*17^12 + 8*17^13 + 16*17^14 + O(17^15) : 1 + O(17^20))
   (1 + 13*17 + 16*17^2 + 10*17^3 + 9*17^4 + 11*17^5 + 13*17^6 + 13*17^7 + 16*17^9 + 3*17^10 + 4*17^11 + 2*17^12 + 16*17^13 + O(17^15) : 12 + 10*17 + 6*17^2 + 11*17^3 + 10*17^4 + 17^5 + 5*17^7 + 12*17^8 + 7*17^10 + 2*17^12 + 15*17^13 + 4*17^14 + O(17^15) : 1 + O(17^20))
   (1 + 13*17 + 16*17^2 + 10*17^3 + 9*17^4 + 11*17^5 + 13*17^6 + 13*17^7 + 16*17^9 + 3*17^10 + 4*17^11 + 2*17^12 + 16*17^13 + O(17^15) : 5 + 6*17 + 10*17^2 + 5*17^3 + 6*17^4 + 15*17^5 + 16*17^6 + 11*17^7 + 4*17^8 + 16*17^9 + 9*17^10 + 16*17^11 + 14*17^12 + 17^13 + 12*17^14 + O(17^15) : 1 + O(17^20))
   (1 + 13*17 + 16*17^2 + 10*17^3 + 9*17^4 + 11*17^5 + 3*17^6 + 9*17^7 + 15*17^8 + 4*17^9 + 8*17^10 + 3*17^11 + 5*17^12 + 5*17^13 + 12*17^14 + O(17^15) : 12 + 10*17 + 6*17^2 + 11*17^3 + 10*17^4 + 17^5 + 13*17^6 + 6*17^7 + 4*17^8 + 5*17^9 + 9*17^11 + 6*17^12 + 2*17^13 + 9*17^14 + O(17^15) : 1 + O(17^20))
   (1 + 13*17 + 16*17^2 + 10*17^3 + 9*17^4 + 11*17^5 + 3*17^6 + 9*17^7 + 15*17^8 + 4*17^9 + 8*17^10 + 3*17^11 + 5*17^12 + 5*17^13 + 12*17^14 + O(17^15) : 5 + 6*17 + 10*17^2 + 5*17^3 + 6*17^4 + 15*17^5 + 3*17^6 + 10*17^7 + 12*17^8 + 11*17^9 + 16*17^10 + 7*17^11 + 10*17^12 + 14*17^13 + 7*17^14 + O(17^15) : 1 + O(17^20))
   (1 + 13*17 + 16*17^2 + 10*17^4 + 11*17^5 + 2*17^6 + 8*17^7 + 4*17^9 + 6*17^10 + 12*17^11 + 13*17^12 + 6*17^13 + 12*17^14 + O(17^15) : 12 + 10*17 + 6*17^2 + 7*17^3 + 14*17^4 + 9*17^5 + 11*17^6 + 4*17^7 + 15*17^8 + 3*17^9 + 17^10 + 12*17^11 + 14*17^12 + 16*17^13 + 5*17^14 + O(17^15) : 1 + O(17^20))
   (1 + 13*17 + 16*17^2 + 10*17^4 + 11*17^5 + 2*17^6 + 8*17^7 + 4*17^9 + 6*17^10 + 12*17^11 + 13*17^12 + 6*17^13 + 12*17^14 + O(17^15) : 5 + 6*17 + 10*17^2 + 9*17^3 + 2*17^4 + 7*17^5 + 5*17^6 + 12*17^7 + 17^8 + 13*17^9 + 15*17^10 + 4*17^11 + 2*17^12 + 11*17^14 + O(17^15) : 1 + O(17^20))
   (1 + 13*17 + 16*17^2 + 11*17^3 + 13*17^4 + 7*17^5 + 16*17^6 + 12*17^7 + 6*17^8 + 2*17^9 + 2*17^10 + 14*17^11 + 12*17^12 + 5*17^13 + 6*17^14 + O(17^15) : 12 + 10*17 + 6*17^2 + 8*17^3 + 6*17^4 + 2*17^5 + 5*17^6 + 12*17^7 + 3*17^8 + 2*17^9 + 5*17^10 + 5*17^11 + 17^12 + 12*17^14 + O(17^15) : 1 + O(17^20))
   (1 + 13*17 + 16*17^2 + 11*17^3 + 13*17^4 + 7*17^5 + 16*17^6 + 12*17^7 + 6*17^8 + 2*17^9 + 2*17^10 + 14*17^11 + 12*17^12 + 5*17^13 + 6*17^14 + O(17^15) : 5 + 6*17 + 10*17^2 + 8*17^3 + 10*17^4 + 14*17^5 + 11*17^6 + 4*17^7 + 13*17^8 + 14*17^9 + 11*17^10 + 11*17^11 + 15*17^12 + 16*17^13 + 4*17^14 + O(17^15) : 1 + O(17^20))
   (1 + 13*17 + 16*17^2 + 11*17^3 + 15*17^4 + 3*17^5 + 16*17^6 + 11*17^7 + 7*17^9 + 12*17^10 + 17^11 + 12*17^12 + 17^13 + O(17^15) : 12 + 10*17 + 6*17^2 + 8*17^3 + 13*17^5 + 7*17^6 + 4*17^7 + 3*17^8 + 9*17^9 + 10*17^10 + 6*17^11 + 16*17^12 + 9*17^13 + 2*17^14 + O(17^15) : 1 + O(17^20))
   (1 + 13*17 + 16*17^2 + 11*17^3 + 15*17^4 + 3*17^5 + 16*17^6 + 11*17^7 + 7*17^9 + 12*17^10 + 17^11 + 12*17^12 + 17^13 + O(17^15) : 5 + 6*17 + 10*17^2 + 8*17^3 + 16*17^4 + 3*17^5 + 9*17^6 + 12*17^7 + 13*17^8 + 7*17^9 + 6*17^10 + 10*17^11 + 7*17^13 + 14*17^14 + O(17^15) : 1 + O(17^20))
   (1 + 13*17 + 16*17^2 + 11*17^3 + 3*17^4 + 15*17^5 + 3*17^6 + 7*17^7 + 15*17^8 + 6*17^9 + 13*17^10 + 2*17^11 + 14*17^12 + 5*17^13 + 2*17^14 + O(17^15) : 12 + 10*17 + 6*17^2 + 8*17^3 + 2*17^4 + 2*17^5 + 5*17^6 + 14*17^7 + 14*17^8 + 15*17^9 + 5*17^10 + 8*17^11 + 11*17^12 + 4*17^13 + 6*17^14 + O(17^15) : 1 + O(17^20))
   (1 + 13*17 + 16*17^2 + 11*17^3 + 3*17^4 + 15*17^5 + 3*17^6 + 7*17^7 + 15*17^8 + 6*17^9 + 13*17^10 + 2*17^11 + 14*17^12 + 5*17^13 + 2*17^14 + O(17^15) : 5 + 6*17 + 10*17^2 + 8*17^3 + 14*17^4 + 14*17^5 + 11*17^6 + 2*17^7 + 2*17^8 + 17^9 + 11*17^10 + 8*17^11 + 5*17^12 + 12*17^13 + 10*17^14 + O(17^15) : 1 + O(17^20))
   (1 + 13*17 + 16*17^2 + 11*17^3 + 3*17^4 + 15*17^5 + 8*17^6 + 10*17^7 + 15*17^8 + 15*17^9 + 14*17^10 + 13*17^11 + 12*17^12 + 4*17^14 + O(17^15) : 12 + 10*17 + 6*17^2 + 8*17^3 + 2*17^4 + 2*17^5 + 7*17^6 + 10*17^7 + 12*17^8 + 3*17^9 + 9*17^10 + 5*17^11 + 15*17^12 + 12*17^13 + 2*17^14 + O(17^15) : 1 + O(17^20))
   (1 + 13*17 + 16*17^2 + 11*17^3 + 3*17^4 + 15*17^5 + 8*17^6 + 10*17^7 + 15*17^8 + 15*17^9 + 14*17^10 + 13*17^11 + 12*17^12 + 4*17^14 + O(17^15) : 5 + 6*17 + 10*17^2 + 8*17^3 + 14*17^4 + 14*17^5 + 9*17^6 + 6*17^7 + 4*17^8 + 13*17^9 + 7*17^10 + 11*17^11 + 17^12 + 4*17^13 + 14*17^14 + O(17^15) : 1 + O(17^20))
   (1 + 13*17 + 16*17^2 + 11*17^3 + 7*17^4 + 5*17^5 + 7*17^7 + 15*17^8 + 17^9 + 4*17^10 + 17^12 + 11*17^13 + O(17^15) : 12 + 10*17 + 6*17^2 + 8*17^3 + 7*17^4 + 12*17^5 + 3*17^6 + 3*17^7 + 13*17^8 + 4*17^9 + 7*17^10 + 2*17^11 + 5*17^12 + 16*17^13 + 6*17^14 + O(17^15) : 1 + O(17^20))
   (1 + 13*17 + 16*17^2 + 11*17^3 + 7*17^4 + 5*17^5 + 7*17^7 + 15*17^8 + 17^9 + 4*17^10 + 17^12 + 11*17^13 + O(17^15) : 5 + 6*17 + 10*17^2 + 8*17^3 + 9*17^4 + 4*17^5 + 13*17^6 + 13*17^7 + 3*17^8 + 12*17^9 + 9*17^10 + 14*17^11 + 11*17^12 + 10*17^14 + O(17^15) : 1 + O(17^20))
   (1 + 13*17 + 16*17^2 + 11*17^3 + 9*17^4 + 9*17^5 + 8*17^6 + 3*17^7 + 10*17^8 + 4*17^9 + 9*17^10 + 15*17^11 + 10*17^12 + 3*17^13 + 12*17^14 + O(17^15) : 12 + 10*17 + 6*17^2 + 8*17^3 + 17^4 + 16*17^5 + 10*17^6 + 15*17^7 + 9*17^8 + 9*17^9 + 15*17^10 + 12*17^11 + 8*17^12 + 14*17^13 + 14*17^14 + O(17^15) : 1 + O(17^20))
   (1 + 13*17 + 16*17^2 + 11*17^3 + 9*17^4 + 9*17^5 + 8*17^6 + 3*17^7 + 10*17^8 + 4*17^9 + 9*17^10 + 15*17^11 + 10*17^12 + 3*17^13 + 12*17^14 + O(17^15) : 5 + 6*17 + 10*17^2 + 8*17^3 + 15*17^4 + 6*17^6 + 17^7 + 7*17^8 + 7*17^9 + 17^10 + 4*17^11 + 8*17^12 + 2*17^13 + 2*17^14 + O(17^15) : 1 + O(17^20))
   (1 + 13*17 + 16*17^2 + 12*17^3 + 14*17^5 + 11*17^6 + 5*17^7 + 2*17^8 + 10*17^9 + 4*17^10 + 9*17^11 + 14*17^12 + 6*17^13 + 16*17^14 + O(17^15) : 12 + 10*17 + 6*17^2 + 5*17^3 + 2*17^4 + 7*17^5 + 10*17^6 + 4*17^7 + 9*17^8 + 6*17^9 + 5*17^10 + 11*17^11 + 5*17^12 + 12*17^14 + O(17^15) : 1 + O(17^20))
   (1 + 13*17 + 16*17^2 + 12*17^3 + 14*17^5 + 11*17^6 + 5*17^7 + 2*17^8 + 10*17^9 + 4*17^10 + 9*17^11 + 14*17^12 + 6*17^13 + 16*17^14 + O(17^15) : 5 + 6*17 + 10*17^2 + 11*17^3 + 14*17^4 + 9*17^5 + 6*17^6 + 12*17^7 + 7*17^8 + 10*17^9 + 11*17^10 + 5*17^11 + 11*17^12 + 16*17^13 + 4*17^14 + O(17^15) : 1 + O(17^20))
   (1 + 13*17 + 16*17^2 + 12*17^3 + 17^4 + 2*17^5 + 5*17^6 + 11*17^7 + 17^9 + 2*17^10 + 4*17^11 + 15*17^12 + 8*17^13 + 3*17^14 + O(17^15) : 12 + 10*17 + 6*17^2 + 5*17^3 + 16*17^4 + 16*17^5 + 10*17^6 + 2*17^7 + 6*17^8 + 13*17^9 + 11*17^10 + 2*17^11 + 9*17^13 + 6*17^14 + O(17^15) : 1 + O(17^20))
   (1 + 13*17 + 16*17^2 + 12*17^3 + 17^4 + 2*17^5 + 5*17^6 + 11*17^7 + 17^9 + 2*17^10 + 4*17^11 + 15*17^12 + 8*17^13 + 3*17^14 + O(17^15) : 5 + 6*17 + 10*17^2 + 11*17^3 + 6*17^6 + 14*17^7 + 10*17^8 + 3*17^9 + 5*17^10 + 14*17^11 + 16*17^12 + 7*17^13 + 10*17^14 + O(17^15) : 1 + O(17^20))
   (1 + 13*17 + 16*17^2 + 12*17^3 + 17^4 + 3*17^5 + 8*17^6 + 8*17^7 + 14*17^8 + 17^10 + 17^11 + 11*17^12 + 6*17^13 + 6*17^14 + O(17^15) : 12 + 10*17 + 6*17^2 + 5*17^3 + 16*17^4 + 13*17^5 + 9*17^6 + 9*17^7 + 11*17^8 + 12*17^9 + 17^10 + 5*17^12 + 2*17^13 + 3*17^14 + O(17^15) : 1 + O(17^20))
   (1 + 13*17 + 16*17^2 + 12*17^3 + 17^4 + 3*17^5 + 8*17^6 + 8*17^7 + 14*17^8 + 17^10 + 17^11 + 11*17^12 + 6*17^13 + 6*17^14 + O(17^15) : 5 + 6*17 + 10*17^2 + 11*17^3 + 3*17^5 + 7*17^6 + 7*17^7 + 5*17^8 + 4*17^9 + 15*17^10 + 16*17^11 + 11*17^12 + 14*17^13 + 13*17^14 + O(17^15) : 1 + O(17^20))
   (1 + 13*17 + 16*17^2 + 12*17^3 + 17^4 + 7*17^5 + 7*17^7 + 16*17^8 + 3*17^9 + 14*17^10 + 15*17^11 + 14*17^12 + 14*17^13 + 4*17^14 + O(17^15) : 12 + 10*17 + 6*17^2 + 5*17^3 + 16*17^4 + 17^5 + 14*17^6 + 10*17^8 + 7*17^9 + 7*17^10 + 4*17^11 + 16*17^12 + 7*17^14 + O(17^15) : 1 + O(17^20))
   (1 + 13*17 + 16*17^2 + 12*17^3 + 17^4 + 7*17^5 + 7*17^7 + 16*17^8 + 3*17^9 + 14*17^10 + 15*17^11 + 14*17^12 + 14*17^13 + 4*17^14 + O(17^15) : 5 + 6*17 + 10*17^2 + 11*17^3 + 15*17^5 + 2*17^6 + 16*17^7 + 6*17^8 + 9*17^9 + 9*17^10 + 12*17^11 + 16*17^13 + 9*17^14 + O(17^15) : 1 + O(17^20))
   (1 + 13*17 + 16*17^2 + 12*17^3 + 17^5 + 5*17^6 + 8*17^7 + 14*17^8 + 5*17^9 + 3*17^10 + 6*17^11 + 14*17^12 + 4*17^13 + 10*17^14 + O(17^15) : 12 + 10*17 + 6*17^2 + 5*17^3 + 2*17^4 + 12*17^5 + 11*17^6 + 8*17^7 + 13*17^9 + 14*17^10 + 17^11 + 3*17^12 + 6*17^13 + 16*17^14 + O(17^15) : 1 + O(17^20))
   (1 + 13*17 + 16*17^2 + 12*17^3 + 17^5 + 5*17^6 + 8*17^7 + 14*17^8 + 5*17^9 + 3*17^10 + 6*17^11 + 14*17^12 + 4*17^13 + 10*17^14 + O(17^15) : 5 + 6*17 + 10*17^2 + 11*17^3 + 14*17^4 + 4*17^5 + 5*17^6 + 8*17^7 + 16*17^8 + 3*17^9 + 2*17^10 + 15*17^11 + 13*17^12 + 10*17^13 + O(17^15) : 1 + O(17^20))
   (1 + 13*17 + 16*17^2 + 12*17^3 + 2*17^4 + 9*17^5 + 6*17^6 + 11*17^7 + 16*17^8 + 13*17^9 + 15*17^10 + 8*17^11 + 15*17^12 + 16*17^13 + 4*17^14 + O(17^15) : 12 + 10*17 + 6*17^2 + 5*17^3 + 13*17^4 + 3*17^5 + 3*17^6 + 13*17^7 + 9*17^8 + 9*17^9 + 3*17^10 + 16*17^11 + 10*17^12 + 17^13 + 5*17^14 + O(17^15) : 1 + O(17^20))
   (1 + 13*17 + 16*17^2 + 12*17^3 + 2*17^4 + 9*17^5 + 6*17^6 + 11*17^7 + 16*17^8 + 13*17^9 + 15*17^10 + 8*17^11 + 15*17^12 + 16*17^13 + 4*17^14 + O(17^15) : 5 + 6*17 + 10*17^2 + 11*17^3 + 3*17^4 + 13*17^5 + 13*17^6 + 3*17^7 + 7*17^8 + 7*17^9 + 13*17^10 + 6*17^12 + 15*17^13 + 11*17^14 + O(17^15) : 1 + O(17^20))
   (1 + 13*17 + 16*17^2 + 12*17^3 + 3*17^4 + 2*17^5 + 10*17^6 + 17^7 + 9*17^8 + 11*17^9 + 12*17^10 + 16*17^11 + 8*17^12 + 17^13 + 14*17^14 + O(17^15) : 12 + 10*17 + 6*17^2 + 5*17^3 + 10*17^4 + 15*17^5 + 12*17^6 + 9*17^7 + 4*17^8 + 13*17^9 + 12*17^10 + 6*17^11 + 9*17^12 + 13*17^13 + 16*17^14 + O(17^15) : 1 + O(17^20))
   (1 + 13*17 + 16*17^2 + 12*17^3 + 3*17^4 + 2*17^5 + 10*17^6 + 17^7 + 9*17^8 + 11*17^9 + 12*17^10 + 16*17^11 + 8*17^12 + 17^13 + 14*17^14 + O(17^15) : 5 + 6*17 + 10*17^2 + 11*17^3 + 6*17^4 + 17^5 + 4*17^6 + 7*17^7 + 12*17^8 + 3*17^9 + 4*17^10 + 10*17^11 + 7*17^12 + 3*17^13 + O(17^15) : 1 + O(17^20))
   (1 + 13*17 + 16*17^2 + 12*17^3 + 3*17^4 + 2*17^5 + 12*17^6 + 16*17^7 + 12*17^8 + 14*17^9 + 8*17^10 + 10*17^11 + 9*17^12 + 13*17^13 + 13*17^14 + O(17^15) : 12 + 10*17 + 6*17^2 + 5*17^3 + 10*17^4 + 15*17^5 + 6*17^6 + 14*17^7 + 10*17^8 + 7*17^9 + 17^10 + 16*17^11 + 7*17^12 + 9*17^13 + 9*17^14 + O(17^15) : 1 + O(17^20))
   (1 + 13*17 + 16*17^2 + 12*17^3 + 3*17^4 + 2*17^5 + 12*17^6 + 16*17^7 + 12*17^8 + 14*17^9 + 8*17^10 + 10*17^11 + 9*17^12 + 13*17^13 + 13*17^14 + O(17^15) : 5 + 6*17 + 10*17^2 + 11*17^3 + 6*17^4 + 17^5 + 10*17^6 + 2*17^7 + 6*17^8 + 9*17^9 + 15*17^10 + 9*17^12 + 7*17^13 + 7*17^14 + O(17^15) : 1 + O(17^20))
   (1 + 13*17 + 16*17^2 + 12*17^3 + 8*17^4 + 15*17^5 + 15*17^6 + 3*17^7 + 8*17^8 + 12*17^9 + 11*17^10 + 11*17^11 + 11*17^12 + 4*17^13 + 8*17^14 + O(17^15) : 12 + 10*17 + 6*17^2 + 5*17^3 + 12*17^4 + 15*17^5 + 5*17^6 + 6*17^7 + 11*17^8 + 6*17^9 + 12*17^10 + 13*17^11 + 3*17^12 + 11*17^13 + O(17^15) : 1 + O(17^20))
   (1 + 13*17 + 16*17^2 + 12*17^3 + 8*17^4 + 15*17^5 + 15*17^6 + 3*17^7 + 8*17^8 + 12*17^9 + 11*17^10 + 11*17^11 + 11*17^12 + 4*17^13 + 8*17^14 + O(17^15) : 5 + 6*17 + 10*17^2 + 11*17^3 + 4*17^4 + 17^5 + 11*17^6 + 10*17^7 + 5*17^8 + 10*17^9 + 4*17^10 + 3*17^11 + 13*17^12 + 5*17^13 + 16*17^14 + O(17^15) : 1 + O(17^20))
   (1 + 13*17 + 16*17^2 + 13*17^3 + 12*17^4 + 9*17^5 + 15*17^6 + 12*17^7 + 8*17^8 + 6*17^9 + 3*17^10 + 9*17^11 + 9*17^12 + 17^13 + 14*17^14 + O(17^15) : 12 + 10*17 + 6*17^2 + 2*17^3 + 8*17^4 + 5*17^5 + 4*17^6 + 3*17^7 + 3*17^8 + 16*17^9 + 4*17^10 + 10*17^11 + 6*17^13 + 17^14 + O(17^15) : 1 + O(17^20))
   (1 + 13*17 + 16*17^2 + 13*17^3 + 12*17^4 + 9*17^5 + 15*17^6 + 12*17^7 + 8*17^8 + 6*17^9 + 3*17^10 + 9*17^11 + 9*17^12 + 17^13 + 14*17^14 + O(17^15) : 5 + 6*17 + 10*17^2 + 14*17^3 + 8*17^4 + 11*17^5 + 12*17^6 + 13*17^7 + 13*17^8 + 12*17^10 + 6*17^11 + 16*17^12 + 10*17^13 + 15*17^14 + O(17^15) : 1 + O(17^20))
   (1 + 13*17 + 16*17^2 + 13*17^3 + 13*17^4 + 10*17^5 + 7*17^6 + 7*17^7 + 13*17^8 + 13*17^9 + 17^10 + 16*17^11 + 11*17^12 + 8*17^13 + 11*17^14 + O(17^15) : 12 + 10*17 + 6*17^2 + 2*17^3 + 5*17^4 + 10*17^5 + 10*17^6 + 9*17^7 + 4*17^8 + 4*17^9 + 16*17^10 + 15*17^12 + 11*17^14 + O(17^15) : 1 + O(17^20))
   (1 + 13*17 + 16*17^2 + 13*17^3 + 13*17^4 + 10*17^5 + 7*17^6 + 7*17^7 + 13*17^8 + 13*17^9 + 17^10 + 16*17^11 + 11*17^12 + 8*17^13 + 11*17^14 + O(17^15) : 5 + 6*17 + 10*17^2 + 14*17^3 + 11*17^4 + 6*17^5 + 6*17^6 + 7*17^7 + 12*17^8 + 12*17^9 + 16*17^11 + 17^12 + 16*17^13 + 5*17^14 + O(17^15) : 1 + O(17^20))
   (1 + 13*17 + 16*17^2 + 13*17^3 + 2*17^4 + 17^5 + 2*17^6 + 9*17^7 + 17^8 + 11*17^9 + 3*17^10 + 3*17^11 + 12*17^12 + 3*17^13 + 8*17^14 + O(17^15) : 12 + 10*17 + 6*17^2 + 2*17^3 + 4*17^4 + 2*17^5 + 15*17^6 + 16*17^7 + 7*17^8 + 7*17^9 + 8*17^10 + 11*17^11 + 12*17^12 + 3*17^13 + 15*17^14 + O(17^15) : 1 + O(17^20))
   (1 + 13*17 + 16*17^2 + 13*17^3 + 2*17^4 + 17^5 + 2*17^6 + 9*17^7 + 17^8 + 11*17^9 + 3*17^10 + 3*17^11 + 12*17^12 + 3*17^13 + 8*17^14 + O(17^15) : 5 + 6*17 + 10*17^2 + 14*17^3 + 12*17^4 + 14*17^5 + 17^6 + 9*17^8 + 9*17^9 + 8*17^10 + 5*17^11 + 4*17^12 + 13*17^13 + 17^14 + O(17^15) : 1 + O(17^20))
   (1 + 13*17 + 16*17^2 + 13*17^3 + 2*17^4 + 17^5 + 5*17^6 + 17^7 + 3*17^8 + 8*17^10 + 3*17^11 + 17^12 + 12*17^13 + 6*17^14 + O(17^15) : 12 + 10*17 + 6*17^2 + 2*17^3 + 4*17^4 + 2*17^5 + 6*17^6 + 13*17^7 + 15*17^8 + 5*17^9 + 14*17^10 + 6*17^11 + 5*17^12 + 5*17^13 + O(17^15) : 1 + O(17^20))
   (1 + 13*17 + 16*17^2 + 13*17^3 + 2*17^4 + 17^5 + 5*17^6 + 17^7 + 3*17^8 + 8*17^10 + 3*17^11 + 17^12 + 12*17^13 + 6*17^14 + O(17^15) : 5 + 6*17 + 10*17^2 + 14*17^3 + 12*17^4 + 14*17^5 + 10*17^6 + 3*17^7 + 17^8 + 11*17^9 + 2*17^10 + 10*17^11 + 11*17^12 + 11*17^13 + 16*17^14 + O(17^15) : 1 + O(17^20))
   (1 + 13*17 + 16*17^2 + 13*17^3 + 3*17^4 + 16*17^5 + 11*17^6 + 17^7 + 13*17^8 + 4*17^9 + 12*17^10 + 9*17^11 + 2*17^12 + 10*17^13 + 12*17^14 + O(17^15) : 12 + 10*17 + 6*17^2 + 2*17^3 + 17^4 + 16*17^5 + 11*17^6 + 11*17^7 + 14*17^8 + 12*17^9 + 2*17^11 + 10*17^12 + 5*17^13 + 10*17^14 + O(17^15) : 1 + O(17^20))
   (1 + 13*17 + 16*17^2 + 13*17^3 + 3*17^4 + 16*17^5 + 11*17^6 + 17^7 + 13*17^8 + 4*17^9 + 12*17^10 + 9*17^11 + 2*17^12 + 10*17^13 + 12*17^14 + O(17^15) : 5 + 6*17 + 10*17^2 + 14*17^3 + 15*17^4 + 5*17^6 + 5*17^7 + 2*17^8 + 4*17^9 + 16*17^10 + 14*17^11 + 6*17^12 + 11*17^13 + 6*17^14 + O(17^15) : 1 + O(17^20))
   (1 + 13*17 + 16*17^2 + 13*17^3 + 3*17^4 + 4*17^5 + 8*17^6 + 11*17^7 + 8*17^8 + 10*17^9 + 14*17^10 + 15*17^11 + 15*17^12 + 14*17^13 + 2*17^14 + O(17^15) : 12 + 10*17 + 6*17^2 + 2*17^3 + 17^4 + 17^5 + 12*17^6 + 9*17^7 + 12*17^8 + 8*17^9 + 7*17^10 + 5*17^11 + 13*17^12 + 12*17^13 + 5*17^14 + O(17^15) : 1 + O(17^20))
   (1 + 13*17 + 16*17^2 + 13*17^3 + 3*17^4 + 4*17^5 + 8*17^6 + 11*17^7 + 8*17^8 + 10*17^9 + 14*17^10 + 15*17^11 + 15*17^12 + 14*17^13 + 2*17^14 + O(17^15) : 5 + 6*17 + 10*17^2 + 14*17^3 + 15*17^4 + 15*17^5 + 4*17^6 + 7*17^7 + 4*17^8 + 8*17^9 + 9*17^10 + 11*17^11 + 3*17^12 + 4*17^13 + 11*17^14 + O(17^15) : 1 + O(17^20))
   (1 + 13*17 + 16*17^2 + 13*17^3 + 5*17^4 + 11*17^5 + 8*17^6 + 9*17^7 + 4*17^8 + 3*17^9 + 13*17^10 + 8*17^11 + 6*17^12 + 7*17^14 + O(17^15) : 12 + 10*17 + 6*17^2 + 2*17^3 + 12*17^4 + 12*17^5 + 15*17^6 + 12*17^7 + 6*17^8 + 2*17^10 + 12*17^11 + 4*17^12 + 3*17^13 + O(17^15) : 1 + O(17^20))
   (1 + 13*17 + 16*17^2 + 13*17^3 + 5*17^4 + 11*17^5 + 8*17^6 + 9*17^7 + 4*17^8 + 3*17^9 + 13*17^10 + 8*17^11 + 6*17^12 + 7*17^14 + O(17^15) : 5 + 6*17 + 10*17^2 + 14*17^3 + 4*17^4 + 4*17^5 + 17^6 + 4*17^7 + 10*17^8 + 16*17^9 + 14*17^10 + 4*17^11 + 12*17^12 + 13*17^13 + 16*17^14 + O(17^15) : 1 + O(17^20))
   (1 + 13*17 + 16*17^2 + 13*17^3 + 5*17^4 + 17^6 + 10*17^7 + 12*17^8 + 11*17^9 + 7*17^10 + 9*17^11 + 7*17^12 + 3*17^13 + 4*17^14 + O(17^15) : 12 + 10*17 + 6*17^2 + 2*17^3 + 12*17^4 + 11*17^5 + 17^6 + 15*17^7 + 8*17^8 + 13*17^9 + 15*17^10 + 14*17^11 + 2*17^12 + 7*17^13 + 15*17^14 + O(17^15) : 1 + O(17^20))
   (1 + 13*17 + 16*17^2 + 13*17^3 + 5*17^4 + 17^6 + 10*17^7 + 12*17^8 + 11*17^9 + 7*17^10 + 9*17^11 + 7*17^12 + 3*17^13 + 4*17^14 + O(17^15) : 5 + 6*17 + 10*17^2 + 14*17^3 + 4*17^4 + 5*17^5 + 15*17^6 + 17^7 + 8*17^8 + 3*17^9 + 17^10 + 2*17^11 + 14*17^12 + 9*17^13 + 17^14 + O(17^15) : 1 + O(17^20))
   (1 + 13*17 + 16*17^2 + 13*17^3 + 6*17^4 + 10*17^5 + 3*17^6 + 14*17^7 + 5*17^8 + 6*17^9 + 5*17^10 + 10*17^11 + 13*17^12 + 8*17^13 + 7*17^14 + O(17^15) : 12 + 10*17 + 6*17^2 + 2*17^3 + 9*17^4 + 6*17^5 + 14*17^6 + 12*17^7 + 15*17^8 + 11*17^9 + 16*17^10 + 9*17^12 + 11*17^13 + 15*17^14 + O(17^15) : 1 + O(17^20))
   (1 + 13*17 + 16*17^2 + 13*17^3 + 6*17^4 + 10*17^5 + 3*17^6 + 14*17^7 + 5*17^8 + 6*17^9 + 5*17^10 + 10*17^11 + 13*17^12 + 8*17^13 + 7*17^14 + O(17^15) : 5 + 6*17 + 10*17^2 + 14*17^3 + 7*17^4 + 10*17^5 + 2*17^6 + 4*17^7 + 17^8 + 5*17^9 + 16*17^11 + 7*17^12 + 5*17^13 + 17^14 + O(17^15) : 1 + O(17^20))
   (1 + 13*17 + 16*17^2 + 13*17^3 + 6*17^4 + 10*17^5 + 6*17^6 + 10*17^7 + 3*17^8 + 17^9 + 2*17^10 + 8*17^11 + 9*17^12 + 10*17^13 + 6*17^14 + O(17^15) : 12 + 10*17 + 6*17^2 + 2*17^3 + 9*17^4 + 6*17^5 + 5*17^6 + 14*17^7 + 15*17^8 + 11*17^9 + 3*17^10 + 3*17^11 + 7*17^12 + 3*17^13 + 2*17^14 + O(17^15) : 1 + O(17^20))
   (1 + 13*17 + 16*17^2 + 13*17^3 + 6*17^4 + 10*17^5 + 6*17^6 + 10*17^7 + 3*17^8 + 17^9 + 2*17^10 + 8*17^11 + 9*17^12 + 10*17^13 + 6*17^14 + O(17^15) : 5 + 6*17 + 10*17^2 + 14*17^3 + 7*17^4 + 10*17^5 + 11*17^6 + 2*17^7 + 17^8 + 5*17^9 + 13*17^10 + 13*17^11 + 9*17^12 + 13*17^13 + 14*17^14 + O(17^15) : 1 + O(17^20))
   (1 + 13*17 + 16*17^2 + 13*17^3 + 6*17^4 + 15*17^5 + 7*17^6 + 13*17^7 + 7*17^8 + 16*17^9 + 17^10 + 2*17^11 + 9*17^12 + 16*17^13 + 17^14 + O(17^15) : 12 + 10*17 + 6*17^2 + 2*17^3 + 9*17^4 + 8*17^5 + 7*17^6 + 4*17^7 + 8*17^8 + 15*17^9 + 5*17^10 + 16*17^11 + 13*17^12 + 8*17^13 + 4*17^14 + O(17^15) : 1 + O(17^20))
   (1 + 13*17 + 16*17^2 + 13*17^3 + 6*17^4 + 15*17^5 + 7*17^6 + 13*17^7 + 7*17^8 + 16*17^9 + 17^10 + 2*17^11 + 9*17^12 + 16*17^13 + 17^14 + O(17^15) : 5 + 6*17 + 10*17^2 + 14*17^3 + 7*17^4 + 8*17^5 + 9*17^6 + 12*17^7 + 8*17^8 + 17^9 + 11*17^10 + 3*17^12 + 8*17^13 + 12*17^14 + O(17^15) : 1 + O(17^20))
   (1 + 13*17 + 16*17^2 + 14*17^3 + 11*17^4 + 14*17^5 + 9*17^6 + 14*17^7 + 11*17^9 + 14*17^10 + 9*17^11 + 2*17^12 + 10*17^14 + O(17^15) : 12 + 10*17 + 6*17^2 + 16*17^3 + 17^4 + 8*17^5 + 13*17^6 + 5*17^7 + 12*17^8 + 12*17^9 + 7*17^10 + 17^11 + 15*17^12 + 2*17^13 + 10*17^14 + O(17^15) : 1 + O(17^20))
   (1 + 13*17 + 16*17^2 + 14*17^3 + 11*17^4 + 14*17^5 + 9*17^6 + 14*17^7 + 11*17^9 + 14*17^10 + 9*17^11 + 2*17^12 + 10*17^14 + O(17^15) : 5 + 6*17 + 10*17^2 + 15*17^4 + 8*17^5 + 3*17^6 + 11*17^7 + 4*17^8 + 4*17^9 + 9*17^10 + 15*17^11 + 17^12 + 14*17^13 + 6*17^14 + O(17^15) : 1 + O(17^20))
   (1 + 13*17 + 16*17^2 + 14*17^3 + 13*17^4 + 2*17^5 + 5*17^6 + 5*17^7 + 2*17^8 + 17^9 + 8*17^10 + 7*17^11 + 12*17^12 + 17^13 + 3*17^14 + O(17^15) : 12 + 10*17 + 6*17^2 + 16*17^3 + 12*17^4 + 8*17^5 + 16*17^6 + 7*17^7 + 13*17^8 + 7*17^9 + 8*17^10 + 3*17^11 + 6*17^12 + 10*17^13 + 13*17^14 + O(17^15) : 1 + O(17^20))
   (1 + 13*17 + 16*17^2 + 14*17^3 + 13*17^4 + 2*17^5 + 5*17^6 + 5*17^7 + 2*17^8 + 17^9 + 8*17^10 + 7*17^11 + 12*17^12 + 17^13 + 3*17^14 + O(17^15) : 5 + 6*17 + 10*17^2 + 4*17^4 + 8*17^5 + 9*17^7 + 3*17^8 + 9*17^9 + 8*17^10 + 13*17^11 + 10*17^12 + 6*17^13 + 3*17^14 + O(17^15) : 1 + O(17^20))
   (1 + 13*17 + 16*17^2 + 14*17^3 + 15*17^4 + 9*17^5 + 8*17^7 + 4*17^8 + 14*17^9 + 17^10 + 5*17^11 + 17^12 + 4*17^13 + 10*17^14 + O(17^15) : 12 + 10*17 + 6*17^2 + 16*17^3 + 6*17^4 + 3*17^5 + 17^6 + 8*17^7 + 12*17^8 + 13*17^9 + 3*17^10 + 13*17^11 + 17^12 + 2*17^13 + 9*17^14 + O(17^15) : 1 + O(17^20))
   (1 + 13*17 + 16*17^2 + 14*17^3 + 15*17^4 + 9*17^5 + 8*17^7 + 4*17^8 + 14*17^9 + 17^10 + 5*17^11 + 17^12 + 4*17^13 + 10*17^14 + O(17^15) : 5 + 6*17 + 10*17^2 + 10*17^4 + 13*17^5 + 15*17^6 + 8*17^7 + 4*17^8 + 3*17^9 + 13*17^10 + 3*17^11 + 15*17^12 + 14*17^13 + 7*17^14 + O(17^15) : 1 + O(17^20))
   (1 + 13*17 + 16*17^2 + 14*17^3 + 16*17^4 + 12*17^5 + 14*17^6 + 15*17^7 + 10*17^8 + 7*17^9 + 8*17^10 + 9*17^11 + 11*17^12 + 17^13 + 15*17^14 + O(17^15) : 12 + 10*17 + 6*17^2 + 16*17^3 + 3*17^4 + 2*17^5 + 8*17^6 + 14*17^7 + 3*17^8 + 9*17^9 + 5*17^10 + 14*17^11 + 5*17^12 + 6*17^13 + 13*17^14 + O(17^15) : 1 + O(17^20))
   (1 + 13*17 + 16*17^2 + 14*17^3 + 16*17^4 + 12*17^5 + 14*17^6 + 15*17^7 + 10*17^8 + 7*17^9 + 8*17^10 + 9*17^11 + 11*17^12 + 17^13 + 15*17^14 + O(17^15) : 5 + 6*17 + 10*17^2 + 13*17^4 + 14*17^5 + 8*17^6 + 2*17^7 + 13*17^8 + 7*17^9 + 11*17^10 + 2*17^11 + 11*17^12 + 10*17^13 + 3*17^14 + O(17^15) : 1 + O(17^20))
   (1 + 13*17 + 16*17^2 + 14*17^3 + 17^4 + 5*17^5 + 8*17^6 + 14*17^7 + 12*17^8 + 3*17^9 + 6*17^10 + 16*17^11 + 14*17^12 + 3*17^13 + 13*17^14 + O(17^15) : 12 + 10*17 + 6*17^2 + 16*17^3 + 14*17^4 + 7*17^5 + 14*17^6 + 10*17^7 + 11*17^8 + 13*17^9 + 4*17^10 + 15*17^11 + 8*17^12 + 8*17^13 + 17^14 + O(17^15) : 1 + O(17^20))
   (1 + 13*17 + 16*17^2 + 14*17^3 + 17^4 + 5*17^5 + 8*17^6 + 14*17^7 + 12*17^8 + 3*17^9 + 6*17^10 + 16*17^11 + 14*17^12 + 3*17^13 + 13*17^14 + O(17^15) : 5 + 6*17 + 10*17^2 + 2*17^4 + 9*17^5 + 2*17^6 + 6*17^7 + 5*17^8 + 3*17^9 + 12*17^10 + 17^11 + 8*17^12 + 8*17^13 + 15*17^14 + O(17^15) : 1 + O(17^20))
   (1 + 13*17 + 16*17^2 + 14*17^3 + 17^4 + 6*17^5 + 14*17^6 + 7*17^7 + 8*17^8 + 6*17^9 + 9*17^10 + 17^11 + 16*17^12 + 15*17^13 + 8*17^14 + O(17^15) : 12 + 10*17 + 6*17^2 + 16*17^3 + 14*17^4 + 4*17^5 + 4*17^6 + 2*17^7 + 14*17^8 + 5*17^9 + 10*17^10 + 17^11 + 3*17^12 + 7*17^13 + 7*17^14 + O(17^15) : 1 + O(17^20))
   (1 + 13*17 + 16*17^2 + 14*17^3 + 17^4 + 6*17^5 + 14*17^6 + 7*17^7 + 8*17^8 + 6*17^9 + 9*17^10 + 17^11 + 16*17^12 + 15*17^13 + 8*17^14 + O(17^15) : 5 + 6*17 + 10*17^2 + 2*17^4 + 12*17^5 + 12*17^6 + 14*17^7 + 2*17^8 + 11*17^9 + 6*17^10 + 15*17^11 + 13*17^12 + 9*17^13 + 9*17^14 + O(17^15) : 1 + O(17^20))
   (1 + 13*17 + 16*17^2 + 14*17^3 + 2*17^4 + 3*17^5 + 7*17^6 + 16*17^7 + 3*17^8 + 12*17^9 + 5*17^10 + 16*17^11 + 9*17^12 + 14*17^13 + 12*17^14 + O(17^15) : 12 + 10*17 + 6*17^2 + 16*17^3 + 11*17^4 + 4*17^5 + 10*17^6 + 8*17^7 + 11*17^8 + 13*17^9 + 5*17^10 + 15*17^12 + 9*17^13 + 14*17^14 + O(17^15) : 1 + O(17^20))
   (1 + 13*17 + 16*17^2 + 14*17^3 + 2*17^4 + 3*17^5 + 7*17^6 + 16*17^7 + 3*17^8 + 12*17^9 + 5*17^10 + 16*17^11 + 9*17^12 + 14*17^13 + 12*17^14 + O(17^15) : 5 + 6*17 + 10*17^2 + 5*17^4 + 12*17^5 + 6*17^6 + 8*17^7 + 5*17^8 + 3*17^9 + 11*17^10 + 16*17^11 + 17^12 + 7*17^13 + 2*17^14 + O(17^15) : 1 + O(17^20))
   (1 + 13*17 + 16*17^2 + 14*17^3 + 5*17^4 + 14*17^5 + 10*17^6 + 12*17^7 + 4*17^8 + 11*17^9 + 9*17^10 + 6*17^11 + 13*17^12 + 7*17^13 + 12*17^14 + O(17^15) : 12 + 10*17 + 6*17^2 + 16*17^3 + 2*17^4 + 12*17^5 + 10*17^6 + 17^7 + 10*17^8 + 16*17^9 + 17^10 + 17^11 + 5*17^12 + 3*17^13 + 15*17^14 + O(17^15) : 1 + O(17^20))
   (1 + 13*17 + 16*17^2 + 14*17^3 + 5*17^4 + 14*17^5 + 10*17^6 + 12*17^7 + 4*17^8 + 11*17^9 + 9*17^10 + 6*17^11 + 13*17^12 + 7*17^13 + 12*17^14 + O(17^15) : 5 + 6*17 + 10*17^2 + 14*17^4 + 4*17^5 + 6*17^6 + 15*17^7 + 6*17^8 + 15*17^10 + 15*17^11 + 11*17^12 + 13*17^13 + 17^14 + O(17^15) : 1 + O(17^20))
   (1 + 13*17 + 16*17^2 + 14*17^4 + 5*17^5 + 15*17^6 + 3*17^7 + 13*17^8 + 16*17^9 + 10*17^10 + 15*17^11 + 17^12 + 15*17^13 + 14*17^14 + O(17^15) : 12 + 10*17 + 6*17^2 + 7*17^3 + 2*17^4 + 8*17^5 + 10*17^6 + 14*17^7 + 3*17^8 + 2*17^9 + 8*17^10 + 5*17^11 + 14*17^12 + 17^13 + 11*17^14 + O(17^15) : 1 + O(17^20))
   (1 + 13*17 + 16*17^2 + 14*17^4 + 5*17^5 + 15*17^6 + 3*17^7 + 13*17^8 + 16*17^9 + 10*17^10 + 15*17^11 + 17^12 + 15*17^13 + 14*17^14 + O(17^15) : 5 + 6*17 + 10*17^2 + 9*17^3 + 14*17^4 + 8*17^5 + 6*17^6 + 2*17^7 + 13*17^8 + 14*17^9 + 8*17^10 + 11*17^11 + 2*17^12 + 15*17^13 + 5*17^14 + O(17^15) : 1 + O(17^20))
   (1 + 13*17 + 16*17^2 + 15*17^3 + 10*17^4 + 15*17^5 + 2*17^7 + 11*17^8 + 8*17^9 + 8*17^10 + 4*17^11 + 12*17^13 + 7*17^14 + O(17^15) : 12 + 10*17 + 6*17^2 + 13*17^3 + 12*17^4 + 5*17^5 + 6*17^7 + 11*17^8 + 15*17^9 + 3*17^10 + 5*17^11 + 10*17^12 + 9*17^13 + 6*17^14 + O(17^15) : 1 + O(17^20))
   (1 + 13*17 + 16*17^2 + 15*17^3 + 10*17^4 + 15*17^5 + 2*17^7 + 11*17^8 + 8*17^9 + 8*17^10 + 4*17^11 + 12*17^13 + 7*17^14 + O(17^15) : 5 + 6*17 + 10*17^2 + 3*17^3 + 4*17^4 + 11*17^5 + 16*17^6 + 10*17^7 + 5*17^8 + 17^9 + 13*17^10 + 11*17^11 + 6*17^12 + 7*17^13 + 10*17^14 + O(17^15) : 1 + O(17^20))
   (1 + 13*17 + 16*17^2 + 15*17^3 + 11*17^4 + 4*17^5 + 11*17^6 + 8*17^7 + 7*17^9 + 9*17^10 + 9*17^11 + 6*17^12 + 4*17^13 + 5*17^14 + O(17^15) : 12 + 10*17 + 6*17^2 + 13*17^3 + 9*17^4 + 12*17^5 + 8*17^6 + 9*17^7 + 8*17^8 + 4*17^9 + 12*17^10 + 5*17^11 + 3*17^12 + 4*17^13 + 10*17^14 + O(17^15) : 1 + O(17^20))
   (1 + 13*17 + 16*17^2 + 15*17^3 + 11*17^4 + 4*17^5 + 11*17^6 + 8*17^7 + 7*17^9 + 9*17^10 + 9*17^11 + 6*17^12 + 4*17^13 + 5*17^14 + O(17^15) : 5 + 6*17 + 10*17^2 + 3*17^3 + 7*17^4 + 4*17^5 + 8*17^6 + 7*17^7 + 8*17^8 + 12*17^9 + 4*17^10 + 11*17^11 + 13*17^12 + 12*17^13 + 6*17^14 + O(17^15) : 1 + O(17^20))
   (1 + 13*17 + 16*17^2 + 15*17^3 + 15*17^4 + 15*17^5 + 6*17^6 + 14*17^7 + 13*17^8 + 5*17^9 + 5*17^10 + 2*17^11 + 7*17^12 + 12*17^13 + 10*17^14 + O(17^15) : 12 + 10*17 + 6*17^2 + 13*17^3 + 14*17^4 + 10*17^5 + 7*17^6 + 6*17^7 + 5*17^8 + 8*17^9 + 14*17^11 + 5*17^12 + 7*17^13 + 11*17^14 + O(17^15) : 1 + O(17^20))
   (1 + 13*17 + 16*17^2 + 15*17^3 + 15*17^4 + 15*17^5 + 6*17^6 + 14*17^7 + 13*17^8 + 5*17^9 + 5*17^10 + 2*17^11 + 7*17^12 + 12*17^13 + 10*17^14 + O(17^15) : 5 + 6*17 + 10*17^2 + 3*17^3 + 2*17^4 + 6*17^5 + 9*17^6 + 10*17^7 + 11*17^8 + 8*17^9 + 16*17^10 + 2*17^11 + 11*17^12 + 9*17^13 + 5*17^14 + O(17^15) : 1 + O(17^20))
   (1 + 13*17 + 16*17^2 + 15*17^3 + 16*17^4 + 8*17^5 + 5*17^6 + 4*17^7 + 7*17^8 + 11*17^9 + 3*17^10 + 7*17^11 + 17^13 + 11*17^14 + O(17^15) : 12 + 10*17 + 6*17^2 + 13*17^3 + 11*17^4 + 5*17^5 + 15*17^6 + 14*17^7 + 10*17^8 + 12*17^10 + 13*17^11 + 6*17^12 + 9*17^13 + O(17^15) : 1 + O(17^20))
   (1 + 13*17 + 16*17^2 + 15*17^3 + 16*17^4 + 8*17^5 + 5*17^6 + 4*17^7 + 7*17^8 + 11*17^9 + 3*17^10 + 7*17^11 + 17^13 + 11*17^14 + O(17^15) : 5 + 6*17 + 10*17^2 + 3*17^3 + 5*17^4 + 11*17^5 + 17^6 + 2*17^7 + 6*17^8 + 16*17^9 + 4*17^10 + 3*17^11 + 10*17^12 + 7*17^13 + 16*17^14 + O(17^15) : 1 + O(17^20))
   (1 + 13*17 + 16*17^2 + 15*17^3 + 17^4 + 15*17^5 + 3*17^6 + 15*17^7 + 16*17^8 + 2*17^9 + 6*17^10 + 6*17^11 + 11*17^12 + 17^13 + 17^14 + O(17^15) : 12 + 10*17 + 6*17^2 + 13*17^3 + 5*17^4 + 3*17^5 + 6*17^7 + 6*17^8 + 3*17^9 + 12*17^10 + 15*17^11 + 14*17^12 + 16*17^13 + 12*17^14 + O(17^15) : 1 + O(17^20))
   (1 + 13*17 + 16*17^2 + 15*17^3 + 17^4 + 15*17^5 + 3*17^6 + 15*17^7 + 16*17^8 + 2*17^9 + 6*17^10 + 6*17^11 + 11*17^12 + 17^13 + 17^14 + O(17^15) : 5 + 6*17 + 10*17^2 + 3*17^3 + 11*17^4 + 13*17^5 + 16*17^6 + 10*17^7 + 10*17^8 + 13*17^9 + 4*17^10 + 17^11 + 2*17^12 + 4*17^14 + O(17^15) : 1 + O(17^20))
   (1 + 13*17 + 16*17^2 + 15*17^3 + 6*17^4 + 4*17^5 + 2*17^7 + 10*17^8 + 3*17^9 + 13*17^10 + 7*17^11 + 7*17^12 + 12*17^13 + 17^14 + O(17^15) : 12 + 10*17 + 6*17^2 + 13*17^3 + 7*17^4 + 7*17^5 + 16*17^6 + 2*17^7 + 6*17^9 + 11*17^10 + 6*17^11 + 3*17^12 + 8*17^13 + 6*17^14 + O(17^15) : 1 + O(17^20))
   (1 + 13*17 + 16*17^2 + 15*17^3 + 6*17^4 + 4*17^5 + 2*17^7 + 10*17^8 + 3*17^9 + 13*17^10 + 7*17^11 + 7*17^12 + 12*17^13 + 17^14 + O(17^15) : 5 + 6*17 + 10*17^2 + 3*17^3 + 9*17^4 + 9*17^5 + 14*17^7 + 16*17^8 + 10*17^9 + 5*17^10 + 10*17^11 + 13*17^12 + 8*17^13 + 10*17^14 + O(17^15) : 1 + O(17^20))
   (1 + 13*17 + 16*17^2 + 15*17^3 + 7*17^4 + 6*17^5 + 12*17^6 + 13*17^7 + 10*17^8 + 3*17^9 + 6*17^10 + 7*17^11 + 4*17^12 + 15*17^13 + 14*17^14 + O(17^15) : 12 + 10*17 + 6*17^2 + 13*17^3 + 4*17^4 + 9*17^5 + 4*17^6 + 7*17^7 + 8*17^8 + 16*17^9 + 12*17^10 + 4*17^11 + 15*17^12 + 7*17^13 + 14*17^14 + O(17^15) : 1 + O(17^20))
   (1 + 13*17 + 16*17^2 + 15*17^3 + 7*17^4 + 6*17^5 + 12*17^6 + 13*17^7 + 10*17^8 + 3*17^9 + 6*17^10 + 7*17^11 + 4*17^12 + 15*17^13 + 14*17^14 + O(17^15) : 5 + 6*17 + 10*17^2 + 3*17^3 + 12*17^4 + 7*17^5 + 12*17^6 + 9*17^7 + 8*17^8 + 4*17^10 + 12*17^11 + 17^12 + 9*17^13 + 2*17^14 + O(17^15) : 1 + O(17^20))
   (1 + 13*17 + 16*17^2 + 15*17^4 + 11*17^5 + 8*17^6 + 16*17^7 + 2*17^8 + 6*17^9 + 6*17^10 + 7*17^11 + 4*17^12 + 4*17^13 + 17^14 + O(17^15) : 12 + 10*17 + 6*17^2 + 7*17^3 + 16*17^4 + 14*17^5 + 17^6 + 6*17^8 + 6*17^9 + 5*17^10 + 6*17^11 + 7*17^12 + 6*17^13 + 15*17^14 + O(17^15) : 1 + O(17^20))
   (1 + 13*17 + 16*17^2 + 15*17^4 + 11*17^5 + 8*17^6 + 16*17^7 + 2*17^8 + 6*17^9 + 6*17^10 + 7*17^11 + 4*17^12 + 4*17^13 + 17^14 + O(17^15) : 5 + 6*17 + 10*17^2 + 9*17^3 + 2*17^5 + 15*17^6 + 16*17^7 + 10*17^8 + 10*17^9 + 11*17^10 + 10*17^11 + 9*17^12 + 10*17^13 + 17^14 + O(17^15) : 1 + O(17^20))
   (1 + 13*17 + 16*17^2 + 17^3 + 10*17^4 + 17^6 + 6*17^7 + 17^8 + 14*17^9 + 7*17^10 + 8*17^11 + 17^12 + 6*17^13 + 15*17^14 + O(17^15) : 12 + 10*17 + 6*17^2 + 4*17^3 + 5*17^4 + 8*17^6 + 3*17^7 + 7*17^8 + 9*17^9 + 13*17^10 + 16*17^11 + 4*17^12 + 16*17^13 + 8*17^14 + O(17^15) : 1 + O(17^20))
   (1 + 13*17 + 16*17^2 + 17^3 + 10*17^4 + 17^6 + 6*17^7 + 17^8 + 14*17^9 + 7*17^10 + 8*17^11 + 17^12 + 6*17^13 + 15*17^14 + O(17^15) : 5 + 6*17 + 10*17^2 + 12*17^3 + 11*17^4 + 16*17^5 + 8*17^6 + 13*17^7 + 9*17^8 + 7*17^9 + 3*17^10 + 12*17^12 + 8*17^14 + O(17^15) : 1 + O(17^20))
   (1 + 13*17 + 16*17^2 + 17^3 + 12*17^4 + 7*17^5 + 13*17^6 + 15*17^7 + 3*17^8 + 17^9 + 12*17^10 + 10*17^11 + 9*17^12 + 3*17^13 + 15*17^14 + O(17^15) : 12 + 10*17 + 6*17^2 + 4*17^3 + 16*17^4 + 11*17^5 + 9*17^6 + 16*17^7 + 11*17^8 + 11*17^9 + 14*17^10 + 5*17^11 + 13*17^12 + 15*17^13 + O(17^15) : 1 + O(17^20))
   (1 + 13*17 + 16*17^2 + 17^3 + 12*17^4 + 7*17^5 + 13*17^6 + 15*17^7 + 3*17^8 + 17^9 + 12*17^10 + 10*17^11 + 9*17^12 + 3*17^13 + 15*17^14 + O(17^15) : 5 + 6*17 + 10*17^2 + 12*17^3 + 5*17^5 + 7*17^6 + 5*17^8 + 5*17^9 + 2*17^10 + 11*17^11 + 3*17^12 + 17^13 + 16*17^14 + O(17^15) : 1 + O(17^20))
   (1 + 13*17 + 16*17^2 + 17^3 + 14*17^4 + 12*17^5 + 8*17^6 + 13*17^7 + 5*17^8 + 2*17^9 + 7*17^10 + 2*17^11 + 15*17^12 + 11*17^13 + 10*17^14 + O(17^15) : 12 + 10*17 + 6*17^2 + 4*17^3 + 10*17^4 + 12*17^5 + 12*17^6 + 14*17^7 + 17^8 + 11*17^9 + 16*17^10 + 3*17^11 + 17^12 + 3*17^13 + 8*17^14 + O(17^15) : 1 + O(17^20))
   (1 + 13*17 + 16*17^2 + 17^3 + 14*17^4 + 12*17^5 + 8*17^6 + 13*17^7 + 5*17^8 + 2*17^9 + 7*17^10 + 2*17^11 + 15*17^12 + 11*17^13 + 10*17^14 + O(17^15) : 5 + 6*17 + 10*17^2 + 12*17^3 + 6*17^4 + 4*17^5 + 4*17^6 + 2*17^7 + 15*17^8 + 5*17^9 + 13*17^11 + 15*17^12 + 13*17^13 + 8*17^14 + O(17^15) : 1 + O(17^20))
   (1 + 13*17 + 16*17^2 + 17^3 + 3*17^4 + 13*17^5 + 7*17^6 + 2*17^7 + 17^8 + 16*17^10 + 7*17^11 + 12*17^12 + 5*17^13 + 16*17^14 + O(17^15) : 12 + 10*17 + 6*17^2 + 4*17^3 + 9*17^4 + 8*17^5 + 15*17^6 + 6*17^7 + 10*17^8 + 4*17^9 + 15*17^10 + 7*17^11 + 14*17^12 + 11*17^13 + 4*17^14 + O(17^15) : 1 + O(17^20))
   (1 + 13*17 + 16*17^2 + 17^3 + 3*17^4 + 13*17^5 + 7*17^6 + 2*17^7 + 17^8 + 16*17^10 + 7*17^11 + 12*17^12 + 5*17^13 + 16*17^14 + O(17^15) : 5 + 6*17 + 10*17^2 + 12*17^3 + 7*17^4 + 8*17^5 + 17^6 + 10*17^7 + 6*17^8 + 12*17^9 + 17^10 + 9*17^11 + 2*17^12 + 5*17^13 + 12*17^14 + O(17^15) : 1 + O(17^20))
   (1 + 13*17 + 16*17^2 + 17^3 + 6*17^4 + 7*17^5 + 11*17^6 + 2*17^8 + 16*17^9 + 11*17^12 + 5*17^13 + O(17^15) : 12 + 10*17 + 6*17^2 + 4*17^3 + 16*17^5 + 15*17^6 + 10*17^7 + 10*17^8 + 3*17^9 + 11*17^10 + 13*17^12 + 15*17^13 + 9*17^14 + O(17^15) : 1 + O(17^20))
   (1 + 13*17 + 16*17^2 + 17^3 + 6*17^4 + 7*17^5 + 11*17^6 + 2*17^8 + 16*17^9 + 11*17^12 + 5*17^13 + O(17^15) : 5 + 6*17 + 10*17^2 + 12*17^3 + 16*17^4 + 17^6 + 6*17^7 + 6*17^8 + 13*17^9 + 5*17^10 + 16*17^11 + 3*17^12 + 17^13 + 7*17^14 + O(17^15) : 1 + O(17^20))
   (1 + 13*17 + 16*17^2 + 17^3 + 7*17^4 + 4*17^5 + 4*17^6 + 4*17^7 + 3*17^8 + 6*17^9 + 2*17^10 + 3*17^11 + 13*17^12 + 16*17^13 + 14*17^14 + O(17^15) : 12 + 10*17 + 6*17^2 + 4*17^3 + 14*17^4 + 15*17^5 + 4*17^6 + 15*17^7 + 2*17^8 + 6*17^9 + 13*17^10 + 2*17^11 + 4*17^12 + 14*17^13 + 11*17^14 + O(17^15) : 1 + O(17^20))
   (1 + 13*17 + 16*17^2 + 17^3 + 7*17^4 + 4*17^5 + 4*17^6 + 4*17^7 + 3*17^8 + 6*17^9 + 2*17^10 + 3*17^11 + 13*17^12 + 16*17^13 + 14*17^14 + O(17^15) : 5 + 6*17 + 10*17^2 + 12*17^3 + 2*17^4 + 17^5 + 12*17^6 + 17^7 + 14*17^8 + 10*17^9 + 3*17^10 + 14*17^11 + 12*17^12 + 2*17^13 + 5*17^14 + O(17^15) : 1 + O(17^20))
   (1 + 13*17 + 16*17^2 + 17^3 + 7*17^4 + 5*17^5 + 10*17^6 + 14*17^7 + 10*17^8 + 6*17^9 + 6*17^10 + 7*17^11 + 15*17^12 + 16*17^13 + 14*17^14 + O(17^15) : 12 + 10*17 + 6*17^2 + 4*17^3 + 14*17^4 + 12*17^5 + 11*17^6 + 6*17^7 + 3*17^8 + 7*17^10 + 3*17^11 + 2*17^12 + 5*17^13 + 15*17^14 + O(17^15) : 1 + O(17^20))
   (1 + 13*17 + 16*17^2 + 17^3 + 7*17^4 + 5*17^5 + 10*17^6 + 14*17^7 + 10*17^8 + 6*17^9 + 6*17^10 + 7*17^11 + 15*17^12 + 16*17^13 + 14*17^14 + O(17^15) : 5 + 6*17 + 10*17^2 + 12*17^3 + 2*17^4 + 4*17^5 + 5*17^6 + 10*17^7 + 13*17^8 + 16*17^9 + 9*17^10 + 13*17^11 + 14*17^12 + 11*17^13 + 17^14 + O(17^15) : 1 + O(17^20))
   (1 + 13*17 + 16*17^2 + 17^3 + 9*17^4 + 14*17^5 + 3*17^6 + 3*17^7 + 17^8 + 13*17^9 + 13*17^10 + 16*17^11 + 2*17^12 + 9*17^13 + 13*17^14 + O(17^15) : 12 + 10*17 + 6*17^2 + 4*17^3 + 8*17^4 + 17^5 + 17^6 + 16*17^7 + 17^8 + 16*17^9 + 6*17^10 + 3*17^11 + 14*17^12 + 5*17^13 + 3*17^14 + O(17^15) : 1 + O(17^20))
   (1 + 13*17 + 16*17^2 + 17^3 + 9*17^4 + 14*17^5 + 3*17^6 + 3*17^7 + 17^8 + 13*17^9 + 13*17^10 + 16*17^11 + 2*17^12 + 9*17^13 + 13*17^14 + O(17^15) : 5 + 6*17 + 10*17^2 + 12*17^3 + 8*17^4 + 15*17^5 + 15*17^6 + 15*17^8 + 10*17^10 + 13*17^11 + 2*17^12 + 11*17^13 + 13*17^14 + O(17^15) : 1 + O(17^20))
   (1 + 13*17 + 16*17^2 + 17^4 + 4*17^5 + 14*17^6 + 5*17^7 + 3*17^8 + 11*17^9 + 7*17^10 + 5*17^11 + 6*17^12 + 2*17^13 + 8*17^14 + O(17^15) : 12 + 10*17 + 6*17^2 + 7*17^3 + 7*17^4 + 11*17^5 + 14*17^6 + 12*17^7 + 9*17^8 + 3*17^9 + 13*17^10 + 2*17^11 + 15*17^12 + 17^13 + 4*17^14 + O(17^15) : 1 + O(17^20))
   (1 + 13*17 + 16*17^2 + 17^4 + 4*17^5 + 14*17^6 + 5*17^7 + 3*17^8 + 11*17^9 + 7*17^10 + 5*17^11 + 6*17^12 + 2*17^13 + 8*17^14 + O(17^15) : 5 + 6*17 + 10*17^2 + 9*17^3 + 9*17^4 + 5*17^5 + 2*17^6 + 4*17^7 + 7*17^8 + 13*17^9 + 3*17^10 + 14*17^11 + 17^12 + 15*17^13 + 12*17^14 + O(17^15) : 1 + O(17^20))
   (1 + 13*17 + 16*17^2 + 2*17^3 + 12*17^4 + 16*17^5 + 8*17^6 + 6*17^7 + 7*17^8 + 4*17^9 + 11*17^10 + 13*17^11 + 15*17^12 + 5*17^13 + 6*17^14 + O(17^15) : 12 + 10*17 + 6*17^2 + 17^3 + 7*17^4 + 10*17^5 + 4*17^6 + 8*17^8 + 2*17^9 + 2*17^10 + 5*17^11 + 10*17^12 + 6*17^13 + 6*17^14 + O(17^15) : 1 + O(17^20))
   (1 + 13*17 + 16*17^2 + 2*17^3 + 12*17^4 + 16*17^5 + 8*17^6 + 6*17^7 + 7*17^8 + 4*17^9 + 11*17^10 + 13*17^11 + 15*17^12 + 5*17^13 + 6*17^14 + O(17^15) : 5 + 6*17 + 10*17^2 + 15*17^3 + 9*17^4 + 6*17^5 + 12*17^6 + 16*17^7 + 8*17^8 + 14*17^9 + 14*17^10 + 11*17^11 + 6*17^12 + 10*17^13 + 10*17^14 + O(17^15) : 1 + O(17^20))
   (1 + 13*17 + 16*17^2 + 2*17^3 + 13*17^4 + 17^6 + 2*17^7 + 12*17^8 + 6*17^9 + 9*17^10 + 3*17^11 + 16*17^12 + 5*17^13 + 14*17^14 + O(17^15) : 12 + 10*17 + 6*17^2 + 17^3 + 4*17^4 + 15*17^5 + 10*17^6 + 3*17^7 + 10*17^8 + 3*17^9 + 6*17^10 + 5*17^11 + 6*17^12 + 2*17^13 + 15*17^14 + O(17^15) : 1 + O(17^20))
   (1 + 13*17 + 16*17^2 + 2*17^3 + 13*17^4 + 17^6 + 2*17^7 + 12*17^8 + 6*17^9 + 9*17^10 + 3*17^11 + 16*17^12 + 5*17^13 + 14*17^14 + O(17^15) : 5 + 6*17 + 10*17^2 + 15*17^3 + 12*17^4 + 17^5 + 6*17^6 + 13*17^7 + 6*17^8 + 13*17^9 + 10*17^10 + 11*17^11 + 10*17^12 + 14*17^13 + 17^14 + O(17^15) : 1 + O(17^20))
   (1 + 13*17 + 16*17^2 + 2*17^3 + 2*17^4 + 10*17^6 + 10*17^7 + 5*17^9 + 13*17^10 + 2*17^11 + 10*17^12 + 16*17^13 + 7*17^14 + O(17^15) : 12 + 10*17 + 6*17^2 + 17^3 + 3*17^4 + 14*17^5 + 9*17^6 + 8*17^7 + 2*17^8 + 8*17^10 + 16*17^11 + 12*17^12 + 6*17^13 + 9*17^14 + O(17^15) : 1 + O(17^20))
   (1 + 13*17 + 16*17^2 + 2*17^3 + 2*17^4 + 10*17^6 + 10*17^7 + 5*17^9 + 13*17^10 + 2*17^11 + 10*17^12 + 16*17^13 + 7*17^14 + O(17^15) : 5 + 6*17 + 10*17^2 + 15*17^3 + 13*17^4 + 2*17^5 + 7*17^6 + 8*17^7 + 14*17^8 + 16*17^9 + 8*17^10 + 4*17^12 + 10*17^13 + 7*17^14 + O(17^15) : 1 + O(17^20))
   (1 + 13*17 + 16*17^2 + 2*17^3 + 2*17^4 + 12*17^5 + 8*17^6 + 7*17^7 + 8*17^8 + 2*17^9 + 6*17^10 + 16*17^11 + 13*17^12 + 7*17^13 + 8*17^14 + O(17^15) : 12 + 10*17 + 6*17^2 + 17^3 + 3*17^4 + 12*17^5 + 7*17^6 + 17^7 + 8*17^8 + 4*17^9 + 16*17^10 + 13*17^11 + 13*17^12 + 15*17^13 + 5*17^14 + O(17^15) : 1 + O(17^20))
   (1 + 13*17 + 16*17^2 + 2*17^3 + 2*17^4 + 12*17^5 + 8*17^6 + 7*17^7 + 8*17^8 + 2*17^9 + 6*17^10 + 16*17^11 + 13*17^12 + 7*17^13 + 8*17^14 + O(17^15) : 5 + 6*17 + 10*17^2 + 15*17^3 + 13*17^4 + 4*17^5 + 9*17^6 + 15*17^7 + 8*17^8 + 12*17^9 + 3*17^11 + 3*17^12 + 17^13 + 11*17^14 + O(17^15) : 1 + O(17^20))
   (1 + 13*17 + 16*17^2 + 2*17^3 + 2*17^4 + 13*17^6 + 6*17^7 + 15*17^8 + 2*17^9 + 17^10 + 7*17^11 + 16*17^12 + 12*17^13 + 7*17^14 + O(17^15) : 12 + 10*17 + 6*17^2 + 17^3 + 3*17^4 + 14*17^5 + 10*17^7 + 2*17^8 + 8*17^9 + 7*17^10 + 17^11 + 12*17^12 + 4*17^13 + 15*17^14 + O(17^15) : 1 + O(17^20))
   (1 + 13*17 + 16*17^2 + 2*17^3 + 2*17^4 + 13*17^6 + 6*17^7 + 15*17^8 + 2*17^9 + 17^10 + 7*17^11 + 16*17^12 + 12*17^13 + 7*17^14 + O(17^15) : 5 + 6*17 + 10*17^2 + 15*17^3 + 13*17^4 + 2*17^5 + 16*17^6 + 6*17^7 + 14*17^8 + 8*17^9 + 9*17^10 + 15*17^11 + 4*17^12 + 12*17^13 + 17^14 + O(17^15) : 1 + O(17^20))
   (1 + 13*17 + 16*17^2 + 2*17^3 + 3*17^4 + 10*17^5 + 15*17^6 + 11*17^7 + 8*17^8 + 9*17^9 + 15*17^10 + 7*17^11 + 3*17^12 + 11*17^13 + 15*17^14 + O(17^15) : 12 + 10*17 + 6*17^2 + 17^3 + 9*17^5 + 13*17^6 + 4*17^7 + 10*17^8 + 2*17^9 + 17^10 + 14*17^11 + 16*17^12 + 9*17^13 + 5*17^14 + O(17^15) : 1 + O(17^20))
   (1 + 13*17 + 16*17^2 + 2*17^3 + 3*17^4 + 10*17^5 + 15*17^6 + 11*17^7 + 8*17^8 + 9*17^9 + 15*17^10 + 7*17^11 + 3*17^12 + 11*17^13 + 15*17^14 + O(17^15) : 5 + 6*17 + 10*17^2 + 15*17^3 + 16*17^4 + 7*17^5 + 3*17^6 + 12*17^7 + 6*17^8 + 14*17^9 + 15*17^10 + 2*17^11 + 7*17^13 + 11*17^14 + O(17^15) : 1 + O(17^20))
   (1 + 13*17 + 16*17^2 + 2*17^3 + 3*17^4 + 16*17^5 + 7*17^6 + 12*17^7 + 5*17^8 + 2*17^9 + 10*17^10 + 17^11 + 9*17^12 + 9*17^13 + 8*17^14 + O(17^15) : 12 + 10*17 + 6*17^2 + 17^3 + 8*17^5 + 16*17^6 + 6*17^7 + 11*17^8 + 4*17^10 + 7*17^12 + 10*17^13 + 3*17^14 + O(17^15) : 1 + O(17^20))
   (1 + 13*17 + 16*17^2 + 2*17^3 + 3*17^4 + 16*17^5 + 7*17^6 + 12*17^7 + 5*17^8 + 2*17^9 + 10*17^10 + 17^11 + 9*17^12 + 9*17^13 + 8*17^14 + O(17^15) : 5 + 6*17 + 10*17^2 + 15*17^3 + 16*17^4 + 8*17^5 + 10*17^7 + 5*17^8 + 16*17^9 + 12*17^10 + 16*17^11 + 9*17^12 + 6*17^13 + 13*17^14 + O(17^15) : 1 + O(17^20))
   (1 + 13*17 + 16*17^2 + 2*17^3 + 5*17^4 + 11*17^5 + 4*17^6 + 5*17^7 + 7*17^8 + 2*17^9 + 16*17^10 + 8*17^11 + 12*17^12 + 2*17^13 + 16*17^14 + O(17^15) : 12 + 10*17 + 6*17^2 + 17^3 + 11*17^4 + 4*17^5 + 3*17^6 + 2*17^7 + 9*17^8 + 6*17^9 + 16*17^10 + 7*17^11 + 17^12 + 4*17^13 + 13*17^14 + O(17^15) : 1 + O(17^20))
   (1 + 13*17 + 16*17^2 + 2*17^3 + 5*17^4 + 11*17^5 + 4*17^6 + 5*17^7 + 7*17^8 + 2*17^9 + 16*17^10 + 8*17^11 + 12*17^12 + 2*17^13 + 16*17^14 + O(17^15) : 5 + 6*17 + 10*17^2 + 15*17^3 + 5*17^4 + 12*17^5 + 13*17^6 + 14*17^7 + 7*17^8 + 10*17^9 + 9*17^11 + 15*17^12 + 12*17^13 + 3*17^14 + O(17^15) : 1 + O(17^20))
   (1 + 13*17 + 16*17^2 + 2*17^3 + 5*17^4 + 6*17^5 + 8*17^6 + 12*17^7 + 6*17^8 + 9*17^9 + 6*17^10 + 10*17^11 + 2*17^12 + 12*17^13 + 4*17^14 + O(17^15) : 12 + 10*17 + 6*17^2 + 17^3 + 11*17^4 + 2*17^5 + 3*17^6 + 4*17^7 + 9*17^8 + 17^9 + 3*17^10 + 15*17^11 + 5*17^12 + 11*17^13 + 16*17^14 + O(17^15) : 1 + O(17^20))
   (1 + 13*17 + 16*17^2 + 2*17^3 + 5*17^4 + 6*17^5 + 8*17^6 + 12*17^7 + 6*17^8 + 9*17^9 + 6*17^10 + 10*17^11 + 2*17^12 + 12*17^13 + 4*17^14 + O(17^15) : 5 + 6*17 + 10*17^2 + 15*17^3 + 5*17^4 + 14*17^5 + 13*17^6 + 12*17^7 + 7*17^8 + 15*17^9 + 13*17^10 + 17^11 + 11*17^12 + 5*17^13 + O(17^15) : 1 + O(17^20))
   (1 + 13*17 + 16*17^2 + 2*17^3 + 6*17^4 + 9*17^5 + 11*17^6 + 6*17^7 + 6*17^8 + 3*17^9 + 3*17^10 + 8*17^11 + 16*17^12 + 5*17^13 + O(17^15) : 12 + 10*17 + 6*17^2 + 17^3 + 8*17^4 + 17^5 + 9*17^6 + 14*17^7 + 7*17^8 + 11*17^9 + 17^10 + 13*17^11 + 13*17^12 + 17^13 + 14*17^14 + O(17^15) : 1 + O(17^20))
   (1 + 13*17 + 16*17^2 + 2*17^3 + 6*17^4 + 9*17^5 + 11*17^6 + 6*17^7 + 6*17^8 + 3*17^9 + 3*17^10 + 8*17^11 + 16*17^12 + 5*17^13 + O(17^15) : 5 + 6*17 + 10*17^2 + 15*17^3 + 8*17^4 + 15*17^5 + 7*17^6 + 2*17^7 + 9*17^8 + 5*17^9 + 15*17^10 + 3*17^11 + 3*17^12 + 15*17^13 + 2*17^14 + O(17^15) : 1 + O(17^20))
   (1 + 13*17 + 16*17^2 + 2*17^3 + 6*17^4 + 9*17^5 + 14*17^6 + 15*17^7 + 7*17^8 + 12*17^9 + 15*17^10 + 14*17^11 + 15*17^12 + 8*17^13 + 16*17^14 + O(17^15) : 12 + 10*17 + 6*17^2 + 17^3 + 8*17^4 + 17^5 + 11*17^7 + 15*17^8 + 3*17^10 + 8*17^11 + 7*17^12 + 9*17^13 + 17^14 + O(17^15) : 1 + O(17^20))
   (1 + 13*17 + 16*17^2 + 2*17^3 + 6*17^4 + 9*17^5 + 14*17^6 + 15*17^7 + 7*17^8 + 12*17^9 + 15*17^10 + 14*17^11 + 15*17^12 + 8*17^13 + 16*17^14 + O(17^15) : 5 + 6*17 + 10*17^2 + 15*17^3 + 8*17^4 + 15*17^5 + 16*17^6 + 5*17^7 + 17^8 + 16*17^9 + 13*17^10 + 8*17^11 + 9*17^12 + 7*17^13 + 15*17^14 + O(17^15) : 1 + O(17^20))
   (1 + 13*17 + 16*17^2 + 2*17^4 + 6*17^5 + 9*17^6 + 6*17^7 + 4*17^8 + 2*17^9 + 12*17^10 + 8*17^11 + 16*17^12 + 17^13 + 8*17^14 + O(17^15) : 12 + 10*17 + 6*17^2 + 7*17^3 + 4*17^4 + 13*17^5 + 2*17^6 + 16*17^7 + 5*17^8 + 12*17^9 + 3*17^10 + 17^11 + 10*17^12 + 11*17^13 + 9*17^14 + O(17^15) : 1 + O(17^20))
   (1 + 13*17 + 16*17^2 + 2*17^4 + 6*17^5 + 9*17^6 + 6*17^7 + 4*17^8 + 2*17^9 + 12*17^10 + 8*17^11 + 16*17^12 + 17^13 + 8*17^14 + O(17^15) : 5 + 6*17 + 10*17^2 + 9*17^3 + 12*17^4 + 3*17^5 + 14*17^6 + 11*17^8 + 4*17^9 + 13*17^10 + 15*17^11 + 6*17^12 + 5*17^13 + 7*17^14 + O(17^15) : 1 + O(17^20))
   (1 + 13*17 + 16*17^2 + 3*17^3 + 12*17^5 + 4*17^6 + 10*17^7 + 11*17^9 + 3*17^10 + 4*17^11 + 15*17^12 + 17^13 + 4*17^14 + O(17^15) : 12 + 10*17 + 6*17^2 + 15*17^3 + 16*17^4 + 4*17^5 + 14*17^6 + 6*17^7 + 12*17^8 + 10*17^9 + 10*17^10 + 3*17^11 + 5*17^12 + 15*17^13 + 17^14 + O(17^15) : 1 + O(17^20))
   (1 + 13*17 + 16*17^2 + 3*17^3 + 12*17^5 + 4*17^6 + 10*17^7 + 11*17^9 + 3*17^10 + 4*17^11 + 15*17^12 + 17^13 + 4*17^14 + O(17^15) : 5 + 6*17 + 10*17^2 + 17^3 + 12*17^5 + 2*17^6 + 10*17^7 + 4*17^8 + 6*17^9 + 6*17^10 + 13*17^11 + 11*17^12 + 17^13 + 15*17^14 + O(17^15) : 1 + O(17^20))
   (1 + 13*17 + 16*17^2 + 3*17^3 + 5*17^4 + 8*17^5 + 10*17^6 + 13*17^7 + 4*17^8 + 11*17^9 + 9*17^10 + 8*17^11 + 12*17^12 + 16*17^13 + 13*17^14 + O(17^15) : 12 + 10*17 + 6*17^2 + 15*17^3 + 17^4 + 5*17^5 + 7*17^6 + 5*17^8 + 9*17^9 + 9*17^10 + 9*17^11 + 7*17^12 + 6*17^13 + 6*17^14 + O(17^15) : 1 + O(17^20))
   (1 + 13*17 + 16*17^2 + 3*17^3 + 5*17^4 + 8*17^5 + 10*17^6 + 13*17^7 + 4*17^8 + 11*17^9 + 9*17^10 + 8*17^11 + 12*17^12 + 16*17^13 + 13*17^14 + O(17^15) : 5 + 6*17 + 10*17^2 + 17^3 + 15*17^4 + 11*17^5 + 9*17^6 + 16*17^7 + 11*17^8 + 7*17^9 + 7*17^10 + 7*17^11 + 9*17^12 + 10*17^13 + 10*17^14 + O(17^15) : 1 + O(17^20))
   (1 + 13*17 + 16*17^2 + 3*17^3 + 5*17^4 + 8*17^5 + 8*17^6 + 15*17^7 + 11*17^9 + 4*17^10 + 4*17^11 + 5*17^12 + 16*17^13 + 14*17^14 + O(17^15) : 12 + 10*17 + 6*17^2 + 15*17^3 + 17^4 + 5*17^5 + 13*17^6 + 12*17^7 + 15*17^8 + 5*17^9 + 16*17^10 + 16*17^11 + 9*17^12 + 16*17^13 + 15*17^14 + O(17^15) : 1 + O(17^20))
   (1 + 13*17 + 16*17^2 + 3*17^3 + 5*17^4 + 8*17^5 + 8*17^6 + 15*17^7 + 11*17^9 + 4*17^10 + 4*17^11 + 5*17^12 + 16*17^13 + 14*17^14 + O(17^15) : 5 + 6*17 + 10*17^2 + 17^3 + 15*17^4 + 11*17^5 + 3*17^6 + 4*17^7 + 17^8 + 11*17^9 + 7*17^12 + 17^14 + O(17^15) : 1 + O(17^20))
   (1 + 13*17 + 16*17^2 + 3*17^3 + 6*17^4 + 17^5 + 14*17^6 + 10*17^7 + 13*17^8 + 5*17^9 + 15*17^10 + 9*17^11 + 10*17^12 + 3*17^13 + 15*17^14 + O(17^15) : 12 + 10*17 + 6*17^2 + 15*17^3 + 15*17^4 + 16*17^5 + 16*17^6 + 9*17^7 + 8*17^8 + 7*17^9 + 3*17^10 + 2*17^11 + 3*17^12 + 3*17^13 + 2*17^14 + O(17^15) : 1 + O(17^20))
   (1 + 13*17 + 16*17^2 + 3*17^3 + 6*17^4 + 17^5 + 14*17^6 + 10*17^7 + 13*17^8 + 5*17^9 + 15*17^10 + 9*17^11 + 10*17^12 + 3*17^13 + 15*17^14 + O(17^15) : 5 + 6*17 + 10*17^2 + 17^3 + 17^4 + 7*17^7 + 8*17^8 + 9*17^9 + 13*17^10 + 14*17^11 + 13*17^12 + 13*17^13 + 14*17^14 + O(17^15) : 1 + O(17^20))
   (1 + 13*17 + 16*17^2 + 3*17^3 + 7*17^4 + 3*17^5 + 3*17^6 + 5*17^7 + 14*17^8 + 6*17^9 + 10*17^10 + 7*17^11 + 13*17^12 + 5*17^13 + 6*17^14 + O(17^15) : 12 + 10*17 + 6*17^2 + 15*17^3 + 12*17^4 + 17^5 + 6*17^6 + 17^7 + 14*17^8 + 5*17^9 + 5*17^10 + 10*17^11 + 10*17^12 + 10*17^13 + 9*17^14 + O(17^15) : 1 + O(17^20))
   (1 + 13*17 + 16*17^2 + 3*17^3 + 7*17^4 + 3*17^5 + 3*17^6 + 5*17^7 + 14*17^8 + 6*17^9 + 10*17^10 + 7*17^11 + 13*17^12 + 5*17^13 + 6*17^14 + O(17^15) : 5 + 6*17 + 10*17^2 + 17^3 + 4*17^4 + 15*17^5 + 10*17^6 + 15*17^7 + 2*17^8 + 11*17^9 + 11*17^10 + 6*17^11 + 6*17^12 + 6*17^13 + 7*17^14 + O(17^15) : 1 + O(17^20))
   (1 + 13*17 + 16*17^2 + 3*17^3 + 7*17^4 + 7*17^5 + 12*17^6 + 3*17^7 + 10*17^8 + 13*17^9 + 5*17^10 + 13*17^11 + 3*17^12 + 4*17^13 + 13*17^14 + O(17^15) : 12 + 10*17 + 6*17^2 + 15*17^3 + 12*17^4 + 6*17^5 + 10*17^6 + 9*17^7 + 13*17^8 + 12*17^10 + 10*17^12 + 13*17^13 + 15*17^14 + O(17^15) : 1 + O(17^20))
   (1 + 13*17 + 16*17^2 + 3*17^3 + 7*17^4 + 7*17^5 + 12*17^6 + 3*17^7 + 10*17^8 + 13*17^9 + 5*17^10 + 13*17^11 + 3*17^12 + 4*17^13 + 13*17^14 + O(17^15) : 5 + 6*17 + 10*17^2 + 17^3 + 4*17^4 + 10*17^5 + 6*17^6 + 7*17^7 + 3*17^8 + 16*17^9 + 4*17^10 + 16*17^11 + 6*17^12 + 3*17^13 + 17^14 + O(17^15) : 1 + O(17^20))
   (1 + 13*17 + 16*17^2 + 3*17^3 + 7*17^4 + 8*17^5 + 15*17^6 + 14*17^8 + 6*17^9 + 15*17^10 + 2*17^11 + 4*17^12 + 4*17^13 + 15*17^14 + O(17^15) : 12 + 10*17 + 6*17^2 + 15*17^3 + 12*17^4 + 3*17^5 + 9*17^6 + 16*17^7 + 14*17^8 + 9*17^9 + 6*17^11 + 9*17^12 + 13*17^13 + 15*17^14 + O(17^15) : 1 + O(17^20))
   (1 + 13*17 + 16*17^2 + 3*17^3 + 7*17^4 + 8*17^5 + 15*17^6 + 14*17^8 + 6*17^9 + 15*17^10 + 2*17^11 + 4*17^12 + 4*17^13 + 15*17^14 + O(17^15) : 5 + 6*17 + 10*17^2 + 17^3 + 4*17^4 + 13*17^5 + 7*17^6 + 2*17^8 + 7*17^9 + 16*17^10 + 10*17^11 + 7*17^12 + 3*17^13 + 17^14 + O(17^15) : 1 + O(17^20))
   (1 + 13*17 + 16*17^2 + 3*17^3 + 8*17^4 + 13*17^5 + 8*17^6 + 13*17^7 + 5*17^8 + 12*17^9 + 12*17^10 + 9*17^11 + 2*17^12 + 4*17^13 + 3*17^14 + O(17^15) : 12 + 10*17 + 6*17^2 + 15*17^3 + 9*17^4 + 13*17^5 + 9*17^6 + 10*17^7 + 4*17^8 + 3*17^9 + 14*17^10 + 2*17^11 + 5*17^12 + 5*17^13 + 4*17^14 + O(17^15) : 1 + O(17^20))
   (1 + 13*17 + 16*17^2 + 3*17^3 + 8*17^4 + 13*17^5 + 8*17^6 + 13*17^7 + 5*17^8 + 12*17^9 + 12*17^10 + 9*17^11 + 2*17^12 + 4*17^13 + 3*17^14 + O(17^15) : 5 + 6*17 + 10*17^2 + 17^3 + 7*17^4 + 3*17^5 + 7*17^6 + 6*17^7 + 12*17^8 + 13*17^9 + 2*17^10 + 14*17^11 + 11*17^12 + 11*17^13 + 12*17^14 + O(17^15) : 1 + O(17^20))
   (1 + 13*17 + 16*17^2 + 3*17^3 + 8*17^4 + 9*17^5 + 15*17^6 + 10*17^7 + 16*17^8 + 15*17^9 + 5*17^10 + 11*17^11 + 9*17^12 + 10*17^13 + 17^14 + O(17^15) : 12 + 10*17 + 6*17^2 + 15*17^3 + 9*17^4 + 8*17^5 + 8*17^6 + 6*17^7 + 12*17^8 + 4*17^9 + 16*17^10 + 8*17^11 + 3*17^12 + 17^13 + O(17^15) : 1 + O(17^20))
   (1 + 13*17 + 16*17^2 + 3*17^3 + 8*17^4 + 9*17^5 + 15*17^6 + 10*17^7 + 16*17^8 + 15*17^9 + 5*17^10 + 11*17^11 + 9*17^12 + 10*17^13 + 17^14 + O(17^15) : 5 + 6*17 + 10*17^2 + 17^3 + 7*17^4 + 8*17^5 + 8*17^6 + 10*17^7 + 4*17^8 + 12*17^9 + 8*17^11 + 13*17^12 + 15*17^13 + 16*17^14 + O(17^15) : 1 + O(17^20))
   (1 + 13*17 + 16*17^2 + 4*17^3 + 10*17^4 + 6*17^5 + 14*17^6 + 14*17^7 + 6*17^8 + 11*17^9 + 12*17^10 + 14*17^12 + 16*17^13 + 5*17^14 + O(17^15) : 12 + 10*17 + 6*17^2 + 12*17^3 + 11*17^4 + 7*17^5 + 16*17^6 + 14*17^7 + 16*17^8 + 11*17^10 + 14*17^11 + 5*17^12 + 3*17^13 + 10*17^14 + O(17^15) : 1 + O(17^20))
   (1 + 13*17 + 16*17^2 + 4*17^3 + 10*17^4 + 6*17^5 + 14*17^6 + 14*17^7 + 6*17^8 + 11*17^9 + 12*17^10 + 14*17^12 + 16*17^13 + 5*17^14 + O(17^15) : 5 + 6*17 + 10*17^2 + 4*17^3 + 5*17^4 + 9*17^5 + 2*17^7 + 16*17^9 + 5*17^10 + 2*17^11 + 11*17^12 + 13*17^13 + 6*17^14 + O(17^15) : 1 + O(17^20))
   (1 + 13*17 + 16*17^2 + 4*17^3 + 12*17^4 + 2*17^5 + 14*17^6 + 5*17^7 + 5*17^8 + 12*17^9 + 3*17^10 + 9*17^11 + 17^12 + 7*17^13 + 6*17^14 + O(17^15) : 12 + 10*17 + 6*17^2 + 12*17^3 + 5*17^4 + 17^5 + 2*17^6 + 14*17^7 + 11*17^8 + 5*17^9 + 13*17^11 + 4*17^12 + 13*17^13 + 12*17^14 + O(17^15) : 1 + O(17^20))
   (1 + 13*17 + 16*17^2 + 4*17^3 + 12*17^4 + 2*17^5 + 14*17^6 + 5*17^7 + 5*17^8 + 12*17^9 + 3*17^10 + 9*17^11 + 17^12 + 7*17^13 + 6*17^14 + O(17^15) : 5 + 6*17 + 10*17^2 + 4*17^3 + 11*17^4 + 15*17^5 + 14*17^6 + 2*17^7 + 5*17^8 + 11*17^9 + 16*17^10 + 3*17^11 + 12*17^12 + 3*17^13 + 4*17^14 + O(17^15) : 1 + O(17^20))
   (1 + 13*17 + 16*17^2 + 4*17^3 + 16*17^4 + 5*17^6 + 16*17^7 + 7*17^8 + 6*17^9 + 13*17^10 + 6*17^12 + 2*17^13 + 14*17^14 + O(17^15) : 12 + 10*17 + 6*17^2 + 12*17^3 + 10*17^4 + 4*17^5 + 13*17^6 + 7*17^7 + 5*17^8 + 13*17^9 + 5*17^10 + 15*17^11 + 4*17^12 + 12*17^13 + 9*17^14 + O(17^15) : 1 + O(17^20))
   (1 + 13*17 + 16*17^2 + 4*17^3 + 16*17^4 + 5*17^6 + 16*17^7 + 7*17^8 + 6*17^9 + 13*17^10 + 6*17^12 + 2*17^13 + 14*17^14 + O(17^15) : 5 + 6*17 + 10*17^2 + 4*17^3 + 6*17^4 + 12*17^5 + 3*17^6 + 9*17^7 + 11*17^8 + 3*17^9 + 11*17^10 + 17^11 + 12*17^12 + 4*17^13 + 7*17^14 + O(17^15) : 1 + O(17^20))
   (1 + 13*17 + 16*17^2 + 4*17^3 + 17^4 + 5*17^5 + 13*17^6 + 4*17^7 + 13*17^8 + 4*17^9 + 8*17^10 + 17^11 + 11*17^12 + 10*17^13 + 12*17^14 + O(17^15) : 12 + 10*17 + 6*17^2 + 12*17^3 + 4*17^4 + 8*17^5 + 3*17^6 + 10*17^7 + 13*17^8 + 6*17^9 + 9*17^10 + 2*17^11 + 5*17^12 + 12*17^13 + 11*17^14 + O(17^15) : 1 + O(17^20))
   (1 + 13*17 + 16*17^2 + 4*17^3 + 17^4 + 5*17^5 + 13*17^6 + 4*17^7 + 13*17^8 + 4*17^9 + 8*17^10 + 17^11 + 11*17^12 + 10*17^13 + 12*17^14 + O(17^15) : 5 + 6*17 + 10*17^2 + 4*17^3 + 12*17^4 + 8*17^5 + 13*17^6 + 6*17^7 + 3*17^8 + 10*17^9 + 7*17^10 + 14*17^11 + 11*17^12 + 4*17^13 + 5*17^14 + O(17^15) : 1 + O(17^20))
   (1 + 13*17 + 16*17^2 + 4*17^3 + 5*17^4 + 12*17^5 + 4*17^6 + 2*17^7 + 8*17^8 + 3*17^9 + 6*17^10 + 13*17^11 + 8*17^12 + 17^13 + 6*17^14 + O(17^15) : 12 + 10*17 + 6*17^2 + 12*17^3 + 9*17^4 + 17^5 + 13*17^8 + 13*17^9 + 6*17^11 + 15*17^12 + 13*17^13 + 10*17^14 + O(17^15) : 1 + O(17^20))
   (1 + 13*17 + 16*17^2 + 4*17^3 + 5*17^4 + 12*17^5 + 4*17^6 + 2*17^7 + 8*17^8 + 3*17^9 + 6*17^10 + 13*17^11 + 8*17^12 + 17^13 + 6*17^14 + O(17^15) : 5 + 6*17 + 10*17^2 + 4*17^3 + 7*17^4 + 15*17^5 + 16*17^6 + 16*17^7 + 3*17^8 + 3*17^9 + 16*17^10 + 10*17^11 + 17^12 + 3*17^13 + 6*17^14 + O(17^15) : 1 + O(17^20))
   (1 + 13*17 + 16*17^2 + 4*17^3 + 5*17^4 + 12*17^5 + 9*17^6 + 5*17^7 + 8*17^8 + 9*17^9 + 16*17^10 + 14*17^12 + 17^13 + 7*17^14 + O(17^15) : 12 + 10*17 + 6*17^2 + 12*17^3 + 9*17^4 + 17^5 + 2*17^6 + 13*17^7 + 10*17^8 + 10*17^9 + 8*17^10 + 3*17^11 + 17^12 + 16*17^13 + 4*17^14 + O(17^15) : 1 + O(17^20))
   (1 + 13*17 + 16*17^2 + 4*17^3 + 5*17^4 + 12*17^5 + 9*17^6 + 5*17^7 + 8*17^8 + 9*17^9 + 16*17^10 + 14*17^12 + 17^13 + 7*17^14 + O(17^15) : 5 + 6*17 + 10*17^2 + 4*17^3 + 7*17^4 + 15*17^5 + 14*17^6 + 3*17^7 + 6*17^8 + 6*17^9 + 8*17^10 + 13*17^11 + 15*17^12 + 12*17^14 + O(17^15) : 1 + O(17^20))
   (1 + 13*17 + 16*17^2 + 5*17^3 + 10*17^4 + 16*17^5 + 7*17^6 + 14*17^7 + 13*17^8 + 14*17^9 + 14*17^12 + 17^13 + 15*17^14 + O(17^15) : 12 + 10*17 + 6*17^2 + 9*17^3 + 2*17^4 + 3*17^5 + 8*17^6 + 3*17^7 + 5*17^8 + 3*17^9 + 10*17^10 + 6*17^12 + 17^13 + 8*17^14 + O(17^15) : 1 + O(17^20))
   (1 + 13*17 + 16*17^2 + 5*17^3 + 10*17^4 + 16*17^5 + 7*17^6 + 14*17^7 + 13*17^8 + 14*17^9 + 14*17^12 + 17^13 + 15*17^14 + O(17^15) : 5 + 6*17 + 10*17^2 + 7*17^3 + 14*17^4 + 13*17^5 + 8*17^6 + 13*17^7 + 11*17^8 + 13*17^9 + 6*17^10 + 16*17^11 + 10*17^12 + 15*17^13 + 8*17^14 + O(17^15) : 1 + O(17^20))
   (1 + 13*17 + 16*17^2 + 5*17^3 + 16*17^4 + 15*17^5 + 15*17^6 + 7*17^7 + 5*17^8 + 7*17^9 + 2*17^10 + 13*17^11 + 16*17^12 + 11*17^13 + 16*17^14 + O(17^15) : 12 + 10*17 + 6*17^2 + 9*17^3 + 17^4 + 2*17^5 + 10*17^6 + 11*17^7 + 8*17^8 + 6*17^9 + 8*17^10 + 8*17^11 + 4*17^12 + 5*17^13 + 5*17^14 + O(17^15) : 1 + O(17^20))
   (1 + 13*17 + 16*17^2 + 5*17^3 + 16*17^4 + 15*17^5 + 15*17^6 + 7*17^7 + 5*17^8 + 7*17^9 + 2*17^10 + 13*17^11 + 16*17^12 + 11*17^13 + 16*17^14 + O(17^15) : 5 + 6*17 + 10*17^2 + 7*17^3 + 15*17^4 + 14*17^5 + 6*17^6 + 5*17^7 + 8*17^8 + 10*17^9 + 8*17^10 + 8*17^11 + 12*17^12 + 11*17^13 + 11*17^14 + O(17^15) : 1 + O(17^20))
   (1 + 13*17 + 16*17^2 + 5*17^3 + 16*17^4 + 15*17^5 + 8*17^6 + 12*17^7 + 7*17^8 + 4*17^9 + 6*17^10 + 3*17^11 + 7*17^12 + 6*17^14 + O(17^15) : 12 + 10*17 + 6*17^2 + 9*17^3 + 17^4 + 2*17^5 + 14*17^6 + 9*17^7 + 16*17^8 + 9*17^9 + 10*17^10 + 16*17^11 + 7*17^13 + 3*17^14 + O(17^15) : 1 + O(17^20))
   (1 + 13*17 + 16*17^2 + 5*17^3 + 16*17^4 + 15*17^5 + 8*17^6 + 12*17^7 + 7*17^8 + 4*17^9 + 6*17^10 + 3*17^11 + 7*17^12 + 6*17^14 + O(17^15) : 5 + 6*17 + 10*17^2 + 7*17^3 + 15*17^4 + 14*17^5 + 2*17^6 + 7*17^7 + 7*17^9 + 6*17^10 + 16*17^12 + 9*17^13 + 13*17^14 + O(17^15) : 1 + O(17^20))
   (1 + 13*17 + 16*17^2 + 5*17^3 + 4*17^4 + 5*17^5 + 5*17^6 + 5*17^7 + 3*17^8 + 10*17^9 + 3*17^10 + 14*17^11 + 16*17^12 + 11*17^13 + 14*17^14 + O(17^15) : 12 + 10*17 + 6*17^2 + 9*17^3 + 3*17^4 + 6*17^5 + 13*17^6 + 5*17^7 + 13*17^8 + 14*17^9 + 2*17^10 + 14*17^11 + 4*17^12 + 5*17^13 + 6*17^14 + O(17^15) : 1 + O(17^20))
   (1 + 13*17 + 16*17^2 + 5*17^3 + 4*17^4 + 5*17^5 + 5*17^6 + 5*17^7 + 3*17^8 + 10*17^9 + 3*17^10 + 14*17^11 + 16*17^12 + 11*17^13 + 14*17^14 + O(17^15) : 5 + 6*17 + 10*17^2 + 7*17^3 + 13*17^4 + 10*17^5 + 3*17^6 + 11*17^7 + 3*17^8 + 2*17^9 + 14*17^10 + 2*17^11 + 12*17^12 + 11*17^13 + 10*17^14 + O(17^15) : 1 + O(17^20))
   (1 + 13*17 + 16*17^2 + 5*17^3 + 4*17^4 + 8*17^5 + 3*17^6 + 17^7 + 14*17^8 + 4*17^9 + 13*17^10 + 3*17^11 + 12*17^12 + 17^13 + 10*17^14 + O(17^15) : 12 + 10*17 + 6*17^2 + 9*17^3 + 3*17^4 + 14*17^5 + 8*17^6 + 10*17^7 + 16*17^10 + 5*17^11 + 16*17^12 + 3*17^13 + 9*17^14 + O(17^15) : 1 + O(17^20))
   (1 + 13*17 + 16*17^2 + 5*17^3 + 4*17^4 + 8*17^5 + 3*17^6 + 17^7 + 14*17^8 + 4*17^9 + 13*17^10 + 3*17^11 + 12*17^12 + 17^13 + 10*17^14 + O(17^15) : 5 + 6*17 + 10*17^2 + 7*17^3 + 13*17^4 + 2*17^5 + 8*17^6 + 6*17^7 + 16*17^8 + 16*17^9 + 11*17^11 + 13*17^13 + 7*17^14 + O(17^15) : 1 + O(17^20))
   (1 + 13*17 + 16*17^2 + 5*17^3 + 7*17^4 + 4*17^5 + 10*17^6 + 15*17^7 + 15*17^8 + 17^9 + 8*17^10 + 15*17^11 + 12*17^12 + 5*17^13 + 10*17^14 + O(17^15) : 12 + 10*17 + 6*17^2 + 9*17^3 + 11*17^4 + 15*17^5 + 15*17^6 + 6*17^7 + 7*17^8 + 4*17^9 + 9*17^10 + 12*17^11 + 8*17^12 + 12*17^13 + 10*17^14 + O(17^15) : 1 + O(17^20))
   (1 + 13*17 + 16*17^2 + 5*17^3 + 7*17^4 + 4*17^5 + 10*17^6 + 15*17^7 + 15*17^8 + 17^9 + 8*17^10 + 15*17^11 + 12*17^12 + 5*17^13 + 10*17^14 + O(17^15) : 5 + 6*17 + 10*17^2 + 7*17^3 + 5*17^4 + 17^5 + 17^6 + 10*17^7 + 9*17^8 + 12*17^9 + 7*17^10 + 4*17^11 + 8*17^12 + 4*17^13 + 6*17^14 + O(17^15) : 1 + O(17^20))
   (1 + 13*17 + 16*17^2 + 5*17^3 + 9*17^4 + 10*17^5 + 10*17^6 + 14*17^7 + 4*17^8 + 13*17^9 + 14*17^10 + 16*17^11 + 2*17^12 + 2*17^13 + 13*17^14 + O(17^15) : 12 + 10*17 + 6*17^2 + 9*17^3 + 5*17^4 + 13*17^5 + 11*17^6 + 15*17^7 + 14*17^8 + 11*17^9 + 5*17^10 + 2*17^11 + 6*17^12 + 17^13 + 3*17^14 + O(17^15) : 1 + O(17^20))
   (1 + 13*17 + 16*17^2 + 5*17^3 + 9*17^4 + 10*17^5 + 10*17^6 + 14*17^7 + 4*17^8 + 13*17^9 + 14*17^10 + 16*17^11 + 2*17^12 + 2*17^13 + 13*17^14 + O(17^15) : 5 + 6*17 + 10*17^2 + 7*17^3 + 11*17^4 + 3*17^5 + 5*17^6 + 17^7 + 2*17^8 + 5*17^9 + 11*17^10 + 14*17^11 + 10*17^12 + 15*17^13 + 13*17^14 + O(17^15) : 1 + O(17^20))
   (1 + 13*17 + 16*17^2 + 5*17^3 + 9*17^4 + 2*17^5 + 14*17^6 + 17^7 + 6*17^8 + 12*17^9 + 9*17^10 + 8*17^11 + 10*17^12 + 4*17^13 + 17^14 + O(17^15) : 12 + 10*17 + 6*17^2 + 9*17^3 + 5*17^4 + 3*17^5 + 5*17^6 + 17^7 + 2*17^8 + 7*17^9 + 13*17^11 + 10*17^12 + 6*17^13 + O(17^15) : 1 + O(17^20))
   (1 + 13*17 + 16*17^2 + 5*17^3 + 9*17^4 + 2*17^5 + 14*17^6 + 17^7 + 6*17^8 + 12*17^9 + 9*17^10 + 8*17^11 + 10*17^12 + 4*17^13 + 17^14 + O(17^15) : 5 + 6*17 + 10*17^2 + 7*17^3 + 11*17^4 + 13*17^5 + 11*17^6 + 15*17^7 + 14*17^8 + 9*17^9 + 16*17^10 + 3*17^11 + 6*17^12 + 10*17^13 + 16*17^14 + O(17^15) : 1 + O(17^20))
   (1 + 13*17 + 16*17^2 + 5*17^3 + 9*17^4 + 7*17^5 + 16*17^6 + 4*17^7 + 13*17^8 + 11*17^9 + 3*17^10 + 8*17^11 + 13*17^12 + 11*17^13 + 16*17^14 + O(17^15) : 12 + 10*17 + 6*17^2 + 9*17^3 + 5*17^4 + 5*17^5 + 4*17^6 + 16*17^7 + 10*17^8 + 15*17^9 + 14*17^10 + 12*17^11 + 2*17^12 + 9*17^13 + 5*17^14 + O(17^15) : 1 + O(17^20))
   (1 + 13*17 + 16*17^2 + 5*17^3 + 9*17^4 + 7*17^5 + 16*17^6 + 4*17^7 + 13*17^8 + 11*17^9 + 3*17^10 + 8*17^11 + 13*17^12 + 11*17^13 + 16*17^14 + O(17^15) : 5 + 6*17 + 10*17^2 + 7*17^3 + 11*17^4 + 11*17^5 + 12*17^6 + 6*17^8 + 17^9 + 2*17^10 + 4*17^11 + 14*17^12 + 7*17^13 + 11*17^14 + O(17^15) : 1 + O(17^20))
   (1 + 13*17 + 16*17^2 + 6*17^3 + 11*17^4 + 3*17^5 + 15*17^6 + 5*17^7 + 3*17^8 + 15*17^9 + 9*17^10 + 15*17^12 + 14*17^13 + 10*17^14 + O(17^15) : 12 + 10*17 + 6*17^2 + 6*17^3 + 7*17^4 + 7*17^5 + 4*17^6 + 9*17^8 + 11*17^9 + 3*17^10 + 4*17^11 + 5*17^12 + 7*17^13 + 9*17^14 + O(17^15) : 1 + O(17^20))
   (1 + 13*17 + 16*17^2 + 6*17^3 + 11*17^4 + 3*17^5 + 15*17^6 + 5*17^7 + 3*17^8 + 15*17^9 + 9*17^10 + 15*17^12 + 14*17^13 + 10*17^14 + O(17^15) : 5 + 6*17 + 10*17^2 + 10*17^3 + 9*17^4 + 9*17^5 + 12*17^6 + 16*17^7 + 7*17^8 + 5*17^9 + 13*17^10 + 12*17^11 + 11*17^12 + 9*17^13 + 7*17^14 + O(17^15) : 1 + O(17^20))
   (1 + 13*17 + 16*17^2 + 6*17^3 + 13*17^4 + 4*17^5 + 15*17^6 + 15*17^7 + 5*17^8 + 4*17^9 + 10*17^10 + 5*17^11 + 7*17^12 + 16*17^13 + 5*17^14 + O(17^15) : 12 + 10*17 + 6*17^2 + 6*17^3 + 17^4 + 3*17^5 + 12*17^6 + 17^7 + 15*17^8 + 17^9 + 6*17^10 + 4*17^11 + 10*17^12 + 9*17^13 + 5*17^14 + O(17^15) : 1 + O(17^20))
   (1 + 13*17 + 16*17^2 + 6*17^3 + 13*17^4 + 4*17^5 + 15*17^6 + 15*17^7 + 5*17^8 + 4*17^9 + 10*17^10 + 5*17^11 + 7*17^12 + 16*17^13 + 5*17^14 + O(17^15) : 5 + 6*17 + 10*17^2 + 10*17^3 + 15*17^4 + 13*17^5 + 4*17^6 + 15*17^7 + 17^8 + 15*17^9 + 10*17^10 + 12*17^11 + 6*17^12 + 7*17^13 + 11*17^14 + O(17^15) : 1 + O(17^20))
   (1 + 13*17 + 16*17^2 + 6*17^3 + 16*17^4 + 8*17^5 + 8*17^6 + 4*17^7 + 2*17^8 + 10*17^9 + 15*17^10 + 11*17^11 + 16*17^12 + 5*17^13 + 14*17^14 + O(17^15) : 12 + 10*17 + 6*17^2 + 6*17^3 + 9*17^4 + 14*17^5 + 4*17^6 + 14*17^7 + 3*17^8 + 2*17^9 + 9*17^10 + 12*17^11 + 17^12 + 9*17^13 + 14*17^14 + O(17^15) : 1 + O(17^20))
   (1 + 13*17 + 16*17^2 + 6*17^3 + 16*17^4 + 8*17^5 + 8*17^6 + 4*17^7 + 2*17^8 + 10*17^9 + 15*17^10 + 11*17^11 + 16*17^12 + 5*17^13 + 14*17^14 + O(17^15) : 5 + 6*17 + 10*17^2 + 10*17^3 + 7*17^4 + 2*17^5 + 12*17^6 + 2*17^7 + 13*17^8 + 14*17^9 + 7*17^10 + 4*17^11 + 15*17^12 + 7*17^13 + 2*17^14 + O(17^15) : 1 + O(17^20))
   (1 + 13*17 + 16*17^2 + 6*17^3 + 17^4 + 16*17^5 + 9*17^6 + 4*17^7 + 2*17^8 + 3*17^9 + 11*17^10 + 11*17^11 + 4*17^12 + 14*17^13 + 17^14 + O(17^15) : 12 + 10*17 + 6*17^2 + 6*17^3 + 3*17^4 + 9*17^5 + 5*17^6 + 2*17^7 + 15*17^8 + 9*17^9 + 4*17^10 + 8*17^11 + 9*17^12 + 3*17^13 + 6*17^14 + O(17^15) : 1 + O(17^20))
   (1 + 13*17 + 16*17^2 + 6*17^3 + 17^4 + 16*17^5 + 9*17^6 + 4*17^7 + 2*17^8 + 3*17^9 + 11*17^10 + 11*17^11 + 4*17^12 + 14*17^13 + 17^14 + O(17^15) : 5 + 6*17 + 10*17^2 + 10*17^3 + 13*17^4 + 7*17^5 + 11*17^6 + 14*17^7 + 17^8 + 7*17^9 + 12*17^10 + 8*17^11 + 7*17^12 + 13*17^13 + 10*17^14 + O(17^15) : 1 + O(17^20))
   (1 + 13*17 + 16*17^2 + 6*17^3 + 17^4 + 6*17^5 + 17^6 + 4*17^7 + 10*17^8 + 11*17^9 + 13*17^10 + 17^11 + 11*17^12 + 16*17^13 + 10*17^14 + O(17^15) : 12 + 10*17 + 6*17^2 + 6*17^3 + 3*17^4 + 5*17^5 + 2*17^6 + 8*17^7 + 12*17^8 + 4*17^9 + 17^10 + 14*17^11 + 8*17^12 + 4*17^13 + 16*17^14 + O(17^15) : 1 + O(17^20))
   (1 + 13*17 + 16*17^2 + 6*17^3 + 17^4 + 6*17^5 + 17^6 + 4*17^7 + 10*17^8 + 11*17^9 + 13*17^10 + 17^11 + 11*17^12 + 16*17^13 + 10*17^14 + O(17^15) : 5 + 6*17 + 10*17^2 + 10*17^3 + 13*17^4 + 11*17^5 + 14*17^6 + 8*17^7 + 4*17^8 + 12*17^9 + 15*17^10 + 2*17^11 + 8*17^12 + 12*17^13 + O(17^15) : 1 + O(17^20))
   (1 + 13*17 + 16*17^2 + 6*17^3 + 17^4 + 6*17^5 + 7*17^6 + 13*17^7 + 15*17^8 + 11*17^9 + 12*17^10 + 5*17^11 + 2*17^13 + 9*17^14 + O(17^15) : 12 + 10*17 + 6*17^2 + 6*17^3 + 3*17^4 + 5*17^5 + 17^6 + 11*17^7 + 16*17^8 + 17^9 + 2*17^10 + 11*17^11 + 7*17^12 + 10*17^13 + 16*17^14 + O(17^15) : 1 + O(17^20))
   (1 + 13*17 + 16*17^2 + 6*17^3 + 17^4 + 6*17^5 + 7*17^6 + 13*17^7 + 15*17^8 + 11*17^9 + 12*17^10 + 5*17^11 + 2*17^13 + 9*17^14 + O(17^15) : 5 + 6*17 + 10*17^2 + 10*17^3 + 13*17^4 + 11*17^5 + 15*17^6 + 5*17^7 + 15*17^9 + 14*17^10 + 5*17^11 + 9*17^12 + 6*17^13 + O(17^15) : 1 + O(17^20))
   (1 + 13*17 + 16*17^2 + 6*17^3 + 5*17^4 + 16*17^5 + 12*17^6 + 12*17^7 + 8*17^8 + 15*17^9 + 4*17^10 + 5*17^12 + 17^13 + 12*17^14 + O(17^15) : 12 + 10*17 + 6*17^2 + 6*17^3 + 8*17^4 + 6*17^5 + 13*17^6 + 13*17^7 + 14*17^8 + 7*17^9 + 13*17^10 + 5*17^11 + 11*17^12 + 12*17^13 + 6*17^14 + O(17^15) : 1 + O(17^20))
   (1 + 13*17 + 16*17^2 + 6*17^3 + 5*17^4 + 16*17^5 + 12*17^6 + 12*17^7 + 8*17^8 + 15*17^9 + 4*17^10 + 5*17^12 + 17^13 + 12*17^14 + O(17^15) : 5 + 6*17 + 10*17^2 + 10*17^3 + 8*17^4 + 10*17^5 + 3*17^6 + 3*17^7 + 2*17^8 + 9*17^9 + 3*17^10 + 11*17^11 + 5*17^12 + 4*17^13 + 10*17^14 + O(17^15) : 1 + O(17^20))
   (1 + 13*17 + 16*17^2 + 6*17^3 + 7*17^4 + 9*17^5 + 5*17^6 + 3*17^7 + 6*17^8 + 13*17^9 + 17^11 + 5*17^12 + 8*17^13 + 5*17^14 + O(17^15) : 12 + 10*17 + 6*17^2 + 6*17^3 + 2*17^4 + 9*17^5 + 13*17^6 + 5*17^8 + 6*17^9 + 14*17^10 + 2*17^11 + 17^12 + 9*17^13 + 16*17^14 + O(17^15) : 1 + O(17^20))
   (1 + 13*17 + 16*17^2 + 6*17^3 + 7*17^4 + 9*17^5 + 5*17^6 + 3*17^7 + 6*17^8 + 13*17^9 + 17^11 + 5*17^12 + 8*17^13 + 5*17^14 + O(17^15) : 5 + 6*17 + 10*17^2 + 10*17^3 + 14*17^4 + 7*17^5 + 3*17^6 + 16*17^7 + 11*17^8 + 10*17^9 + 2*17^10 + 14*17^11 + 15*17^12 + 7*17^13 + O(17^15) : 1 + O(17^20))
   (1 + 13*17 + 16*17^2 + 6*17^3 + 8*17^4 + 16*17^5 + 7*17^6 + 13*17^7 + 10*17^8 + 8*17^9 + 11*17^10 + 14*17^11 + 8*17^12 + 14*17^13 + 16*17^14 + O(17^15) : 12 + 10*17 + 6*17^2 + 6*17^3 + 16*17^4 + 12*17^5 + 2*17^6 + 6*17^7 + 2*17^8 + 3*17^9 + 16*17^10 + 6*17^11 + 3*17^12 + 11*17^14 + O(17^15) : 1 + O(17^20))
   (1 + 13*17 + 16*17^2 + 6*17^3 + 8*17^4 + 16*17^5 + 7*17^6 + 13*17^7 + 10*17^8 + 8*17^9 + 11*17^10 + 14*17^11 + 8*17^12 + 14*17^13 + 16*17^14 + O(17^15) : 5 + 6*17 + 10*17^2 + 10*17^3 + 4*17^5 + 14*17^6 + 10*17^7 + 14*17^8 + 13*17^9 + 10*17^11 + 13*17^12 + 16*17^13 + 5*17^14 + O(17^15) : 1 + O(17^20))
   (1 + 13*17 + 16*17^2 + 7*17^3 + 13*17^4 + 3*17^6 + 10*17^7 + 14*17^8 + 14*17^9 + 15*17^10 + 7*17^12 + 13*17^13 + 14*17^14 + O(17^15) : 12 + 10*17 + 6*17^2 + 3*17^3 + 9*17^4 + 6*17^5 + 11*17^6 + 9*17^7 + 12*17^8 + 16*17^9 + 7*17^10 + 12*17^11 + 6*17^12 + 15*17^13 + 11*17^14 + O(17^15) : 1 + O(17^20))
   (1 + 13*17 + 16*17^2 + 7*17^3 + 13*17^4 + 3*17^6 + 10*17^7 + 14*17^8 + 14*17^9 + 15*17^10 + 7*17^12 + 13*17^13 + 14*17^14 + O(17^15) : 5 + 6*17 + 10*17^2 + 13*17^3 + 7*17^4 + 10*17^5 + 5*17^6 + 7*17^7 + 4*17^8 + 9*17^10 + 4*17^11 + 10*17^12 + 17^13 + 5*17^14 + O(17^15) : 1 + O(17^20))
   (1 + 13*17 + 16*17^2 + 7*17^3 + 13*17^4 + 4*17^6 + 7*17^7 + 12*17^8 + 5*17^9 + 14*17^10 + 9*17^11 + 6*17^13 + O(17^15) : 12 + 10*17 + 6*17^2 + 3*17^3 + 9*17^4 + 6*17^5 + 8*17^6 + 9*17^7 + 3*17^8 + 14*17^9 + 7*17^10 + 13*17^11 + 10*17^12 + 6*17^13 + 7*17^14 + O(17^15) : 1 + O(17^20))
   (1 + 13*17 + 16*17^2 + 7*17^3 + 13*17^4 + 4*17^6 + 7*17^7 + 12*17^8 + 5*17^9 + 14*17^10 + 9*17^11 + 6*17^13 + O(17^15) : 5 + 6*17 + 10*17^2 + 13*17^3 + 7*17^4 + 10*17^5 + 8*17^6 + 7*17^7 + 13*17^8 + 2*17^9 + 9*17^10 + 3*17^11 + 6*17^12 + 10*17^13 + 9*17^14 + O(17^15) : 1 + O(17^20))
   (1 + 13*17 + 16*17^2 + 7*17^3 + 14*17^4 + 17^5 + 17^6 + 5*17^7 + 5*17^8 + 15*17^9 + 14*17^10 + 7*17^11 + 10*17^12 + 13*17^13 + 8*17^14 + O(17^15) : 12 + 10*17 + 6*17^2 + 3*17^3 + 6*17^4 + 11*17^5 + 16*17^6 + 11*17^7 + 11*17^8 + 9*17^9 + 7*17^10 + 5*17^11 + 11*17^12 + 16*17^13 + 10*17^14 + O(17^15) : 1 + O(17^20))
   (1 + 13*17 + 16*17^2 + 7*17^3 + 14*17^4 + 17^5 + 17^6 + 5*17^7 + 5*17^8 + 15*17^9 + 14*17^10 + 7*17^11 + 10*17^12 + 13*17^13 + 8*17^14 + O(17^15) : 5 + 6*17 + 10*17^2 + 13*17^3 + 10*17^4 + 5*17^5 + 5*17^7 + 5*17^8 + 7*17^9 + 9*17^10 + 11*17^11 + 5*17^12 + 6*17^14 + O(17^15) : 1 + O(17^20))
   (1 + 13*17 + 16*17^2 + 7*17^3 + 14*17^4 + 3*17^5 + 15*17^6 + 2*17^7 + 5*17^8 + 11*17^9 + 14*17^10 + 7*17^11 + 16*17^12 + 9*17^13 + 11*17^14 + O(17^15) : 12 + 10*17 + 6*17^2 + 3*17^3 + 6*17^4 + 5*17^5 + 7*17^6 + 11*17^7 + 10*17^8 + 3*17^9 + 10*17^10 + 7*17^11 + 3*17^12 + 8*17^13 + 8*17^14 + O(17^15) : 1 + O(17^20))
   (1 + 13*17 + 16*17^2 + 7*17^3 + 14*17^4 + 3*17^5 + 15*17^6 + 2*17^7 + 5*17^8 + 11*17^9 + 14*17^10 + 7*17^11 + 16*17^12 + 9*17^13 + 11*17^14 + O(17^15) : 5 + 6*17 + 10*17^2 + 13*17^3 + 10*17^4 + 11*17^5 + 9*17^6 + 5*17^7 + 6*17^8 + 13*17^9 + 6*17^10 + 9*17^11 + 13*17^12 + 8*17^13 + 8*17^14 + O(17^15) : 1 + O(17^20))
   (1 + 13*17 + 16*17^2 + 7*17^3 + 17^4 + 5*17^5 + 14*17^6 + 6*17^7 + 14*17^8 + 3*17^10 + 4*17^11 + 14*17^12 + 10*17^13 + 4*17^14 + O(17^15) : 12 + 10*17 + 6*17^2 + 3*17^3 + 11*17^4 + 16*17^5 + 12*17^7 + 16*17^8 + 4*17^9 + 15*17^10 + 12*17^11 + 13*17^12 + 11*17^13 + 12*17^14 + O(17^15) : 1 + O(17^20))
   (1 + 13*17 + 16*17^2 + 7*17^3 + 17^4 + 5*17^5 + 14*17^6 + 6*17^7 + 14*17^8 + 3*17^10 + 4*17^11 + 14*17^12 + 10*17^13 + 4*17^14 + O(17^15) : 5 + 6*17 + 10*17^2 + 13*17^3 + 5*17^4 + 16*17^6 + 4*17^7 + 12*17^9 + 17^10 + 4*17^11 + 3*17^12 + 5*17^13 + 4*17^14 + O(17^15) : 1 + O(17^20))
   (1 + 13*17 + 16*17^2 + 7*17^3 + 17^4 + 5*17^5 + 15*17^6 + 13*17^7 + 15*17^8 + 14*17^9 + 2*17^10 + 9*17^11 + 15*17^12 + 4*17^13 + 14*17^14 + O(17^15) : 12 + 10*17 + 6*17^2 + 3*17^3 + 11*17^4 + 16*17^5 + 14*17^6 + 15*17^7 + 8*17^8 + 7*17^9 + 12*17^10 + 10*17^11 + 9*17^12 + 16*17^13 + 2*17^14 + O(17^15) : 1 + O(17^20))
   (1 + 13*17 + 16*17^2 + 7*17^3 + 17^4 + 5*17^5 + 15*17^6 + 13*17^7 + 15*17^8 + 14*17^9 + 2*17^10 + 9*17^11 + 15*17^12 + 4*17^13 + 14*17^14 + O(17^15) : 5 + 6*17 + 10*17^2 + 13*17^3 + 5*17^4 + 2*17^6 + 17^7 + 8*17^8 + 9*17^9 + 4*17^10 + 6*17^11 + 7*17^12 + 14*17^14 + O(17^15) : 1 + O(17^20))
   (1 + 13*17 + 16*17^2 + 7*17^3 + 2*17^4 + 10*17^5 + 10*17^6 + 11*17^7 + 11*17^8 + 17^9 + 16*17^11 + 17^12 + 5*17^13 + 7*17^14 + O(17^15) : 12 + 10*17 + 6*17^2 + 3*17^3 + 8*17^4 + 9*17^5 + 9*17^6 + 2*17^7 + 3*17^8 + 7*17^10 + 4*17^11 + 8*17^12 + 4*17^13 + 17^14 + O(17^15) : 1 + O(17^20))
   (1 + 13*17 + 16*17^2 + 7*17^3 + 2*17^4 + 10*17^5 + 10*17^6 + 11*17^7 + 11*17^8 + 17^9 + 16*17^11 + 17^12 + 5*17^13 + 7*17^14 + O(17^15) : 5 + 6*17 + 10*17^2 + 13*17^3 + 8*17^4 + 7*17^5 + 7*17^6 + 14*17^7 + 13*17^8 + 16*17^9 + 9*17^10 + 12*17^11 + 8*17^12 + 12*17^13 + 15*17^14 + O(17^15) : 1 + O(17^20))
   (1 + 13*17 + 16*17^2 + 7*17^3 + 4*17^4 + 8*17^5 + 3*17^6 + 2*17^7 + 17^8 + 4*17^9 + 3*17^10 + 4*17^11 + 2*17^12 + 13*17^13 + 2*17^14 + O(17^15) : 12 + 10*17 + 6*17^2 + 3*17^3 + 2*17^4 + 14*17^5 + 14*17^6 + 14*17^7 + 15*17^8 + 2*17^9 + 3*17^10 + 14*17^11 + 5*17^12 + 11*17^13 + 9*17^14 + O(17^15) : 1 + O(17^20))
   (1 + 13*17 + 16*17^2 + 7*17^3 + 4*17^4 + 8*17^5 + 3*17^6 + 2*17^7 + 17^8 + 4*17^9 + 3*17^10 + 4*17^11 + 2*17^12 + 13*17^13 + 2*17^14 + O(17^15) : 5 + 6*17 + 10*17^2 + 13*17^3 + 14*17^4 + 2*17^5 + 2*17^6 + 2*17^7 + 17^8 + 14*17^9 + 13*17^10 + 2*17^11 + 11*17^12 + 5*17^13 + 7*17^14 + O(17^15) : 1 + O(17^20))
   (1 + 13*17 + 16*17^2 + 7*17^3 + 5*17^4 + 8*17^5 + 13*17^6 + 14*17^7 + 13*17^8 + 6*17^9 + 9*17^10 + 17^11 + 9*17^12 + 4*17^13 + 9*17^14 + O(17^15) : 12 + 10*17 + 6*17^2 + 3*17^3 + 16*17^4 + 4*17^5 + 10*17^6 + 5*17^8 + 16*17^9 + 3*17^10 + 2*17^11 + 8*17^12 + 8*17^13 + 4*17^14 + O(17^15) : 1 + O(17^20))
   (1 + 13*17 + 16*17^2 + 7*17^3 + 5*17^4 + 8*17^5 + 13*17^6 + 14*17^7 + 13*17^8 + 6*17^9 + 9*17^10 + 17^11 + 9*17^12 + 4*17^13 + 9*17^14 + O(17^15) : 5 + 6*17 + 10*17^2 + 13*17^3 + 12*17^5 + 6*17^6 + 16*17^7 + 11*17^8 + 13*17^10 + 14*17^11 + 8*17^12 + 8*17^13 + 12*17^14 + O(17^15) : 1 + O(17^20))
   (1 + 13*17 + 16*17^2 + 7*17^4 + 12*17^5 + 5*17^6 + 6*17^7 + 14*17^8 + 11*17^9 + 5*17^10 + 8*17^11 + 11*17^12 + 17^13 + 11*17^14 + O(17^15) : 12 + 10*17 + 6*17^2 + 7*17^3 + 6*17^4 + 2*17^6 + 8*17^7 + 13*17^8 + 12*17^9 + 13*17^10 + 7*17^12 + 14*17^13 + 16*17^14 + O(17^15) : 1 + O(17^20))
   (1 + 13*17 + 16*17^2 + 7*17^4 + 12*17^5 + 5*17^6 + 6*17^7 + 14*17^8 + 11*17^9 + 5*17^10 + 8*17^11 + 11*17^12 + 17^13 + 11*17^14 + O(17^15) : 5 + 6*17 + 10*17^2 + 9*17^3 + 10*17^4 + 16*17^5 + 14*17^6 + 8*17^7 + 3*17^8 + 4*17^9 + 3*17^10 + 16*17^11 + 9*17^12 + 2*17^13 + O(17^15) : 1 + O(17^20))
   (1 + 13*17 + 16*17^2 + 8*17^3 + 11*17^4 + 6*17^5 + 13*17^6 + 13*17^7 + 10*17^8 + 6*17^9 + 14*17^10 + 4*17^11 + 13*17^12 + 15*17^13 + 10*17^14 + O(17^15) : 12 + 10*17 + 6*17^2 + 6*17^4 + 15*17^5 + 5*17^6 + 2*17^7 + 12*17^8 + 8*17^9 + 12*17^10 + 8*17^11 + 16*17^12 + 4*17^14 + O(17^15) : 1 + O(17^20))
   (1 + 13*17 + 16*17^2 + 8*17^3 + 11*17^4 + 6*17^5 + 13*17^6 + 13*17^7 + 10*17^8 + 6*17^9 + 14*17^10 + 4*17^11 + 13*17^12 + 15*17^13 + 10*17^14 + O(17^15) : 5 + 6*17 + 10*17^2 + 16*17^3 + 10*17^4 + 17^5 + 11*17^6 + 14*17^7 + 4*17^8 + 8*17^9 + 4*17^10 + 8*17^11 + 16*17^13 + 12*17^14 + O(17^15) : 1 + O(17^20))
   (1 + 13*17 + 16*17^2 + 8*17^3 + 11*17^4 + 8*17^5 + 10*17^6 + 11*17^7 + 16*17^8 + 15*17^9 + 14*17^10 + 13*17^11 + 15*17^12 + 4*17^13 + 10*17^14 + O(17^15) : 12 + 10*17 + 6*17^2 + 6*17^4 + 9*17^5 + 13*17^6 + 17^7 + 10*17^8 + 2*17^9 + 14*17^10 + 7*17^11 + 3*17^12 + 5*17^13 + 15*17^14 + O(17^15) : 1 + O(17^20))
   (1 + 13*17 + 16*17^2 + 8*17^3 + 11*17^4 + 8*17^5 + 10*17^6 + 11*17^7 + 16*17^8 + 15*17^9 + 14*17^10 + 13*17^11 + 15*17^12 + 4*17^13 + 10*17^14 + O(17^15) : 5 + 6*17 + 10*17^2 + 16*17^3 + 10*17^4 + 7*17^5 + 3*17^6 + 15*17^7 + 6*17^8 + 14*17^9 + 2*17^10 + 9*17^11 + 13*17^12 + 11*17^13 + 17^14 + O(17^15) : 1 + O(17^20))
   (1 + 13*17 + 16*17^2 + 8*17^3 + 12*17^4 + 9*17^5 + 7*17^6 + 12*17^7 + 9*17^8 + 3*17^9 + 13*17^10 + 13*17^11 + 17^12 + 4*17^13 + O(17^15) : 12 + 10*17 + 6*17^2 + 3*17^4 + 14*17^5 + 4*17^6 + 12*17^7 + 3*17^8 + 7*17^9 + 6*17^10 + 17^11 + 11*17^12 + 14*17^13 + 9*17^14 + O(17^15) : 1 + O(17^20))
   (1 + 13*17 + 16*17^2 + 8*17^3 + 12*17^4 + 9*17^5 + 7*17^6 + 12*17^7 + 9*17^8 + 3*17^9 + 13*17^10 + 13*17^11 + 17^12 + 4*17^13 + O(17^15) : 5 + 6*17 + 10*17^2 + 16*17^3 + 13*17^4 + 2*17^5 + 12*17^6 + 4*17^7 + 13*17^8 + 9*17^9 + 10*17^10 + 15*17^11 + 5*17^12 + 2*17^13 + 7*17^14 + O(17^15) : 1 + O(17^20))
   (1 + 13*17 + 16*17^2 + 8*17^3 + 12*17^4 + 9*17^5 + 8*17^6 + 9*17^7 + 7*17^8 + 14*17^9 + 2*17^10 + 12*17^11 + 5*17^12 + 8*17^13 + 3*17^14 + O(17^15) : 12 + 10*17 + 6*17^2 + 3*17^4 + 14*17^5 + 17^6 + 12*17^7 + 11*17^8 + 12*17^9 + 17^10 + 2*17^11 + 16*17^12 + 11*17^13 + 7*17^14 + O(17^15) : 1 + O(17^20))
   (1 + 13*17 + 16*17^2 + 8*17^3 + 12*17^4 + 9*17^5 + 8*17^6 + 9*17^7 + 7*17^8 + 14*17^9 + 2*17^10 + 12*17^11 + 5*17^12 + 8*17^13 + 3*17^14 + O(17^15) : 5 + 6*17 + 10*17^2 + 16*17^3 + 13*17^4 + 2*17^5 + 15*17^6 + 4*17^7 + 5*17^8 + 4*17^9 + 15*17^10 + 14*17^11 + 5*17^13 + 9*17^14 + O(17^15) : 1 + O(17^20))
   (1 + 13*17 + 16*17^2 + 8*17^3 + 3*17^4 + 2*17^5 + 15*17^6 + 11*17^7 + 7*17^8 + 16*17^9 + 9*17^10 + 15*17^11 + 14*17^12 + 10*17^13 + 10*17^14 + O(17^15) : 12 + 10*17 + 6*17^2 + 13*17^4 + 15*17^5 + 2*17^6 + 11*17^8 + 16*17^9 + 11*17^10 + 14*17^11 + 10*17^12 + 10*17^13 + 14*17^14 + O(17^15) : 1 + O(17^20))
   (1 + 13*17 + 16*17^2 + 8*17^3 + 3*17^4 + 2*17^5 + 15*17^6 + 11*17^7 + 7*17^8 + 16*17^9 + 9*17^10 + 15*17^11 + 14*17^12 + 10*17^13 + 10*17^14 + O(17^15) : 5 + 6*17 + 10*17^2 + 16*17^3 + 3*17^4 + 17^5 + 14*17^6 + 16*17^7 + 5*17^8 + 5*17^10 + 2*17^11 + 6*17^12 + 6*17^13 + 2*17^14 + O(17^15) : 1 + O(17^20))
   (1 + 13*17 + 16*17^2 + 8*17^3 + 4*17^4 + 2*17^5 + 8*17^6 + 10*17^7 + 3*17^8 + 5*17^10 + 4*17^11 + 8*17^12 + 5*17^13 + O(17^15) : 12 + 10*17 + 6*17^2 + 10*17^4 + 6*17^5 + 15*17^6 + 10*17^7 + 2*17^8 + 13*17^9 + 4*17^11 + 4*17^12 + 13*17^13 + 12*17^14 + O(17^15) : 1 + O(17^20))
   (1 + 13*17 + 16*17^2 + 8*17^3 + 4*17^4 + 2*17^5 + 8*17^6 + 10*17^7 + 3*17^8 + 5*17^10 + 4*17^11 + 8*17^12 + 5*17^13 + O(17^15) : 5 + 6*17 + 10*17^2 + 16*17^3 + 6*17^4 + 10*17^5 + 17^6 + 6*17^7 + 14*17^8 + 3*17^9 + 16*17^10 + 12*17^11 + 12*17^12 + 3*17^13 + 4*17^14 + O(17^15) : 1 + O(17^20))
   (1 + 13*17 + 16*17^2 + 8*17^3 + 6*17^4 + 17^6 + 7*17^7 + 5*17^8 + 8*17^9 + 3*17^10 + 15*17^11 + 5*17^12 + 12*17^13 + 10*17^14 + O(17^15) : 12 + 10*17 + 6*17^2 + 4*17^4 + 11*17^5 + 3*17^6 + 5*17^7 + 17^8 + 16*17^9 + 7*17^10 + 11*17^11 + 5*17^12 + 9*17^13 + 15*17^14 + O(17^15) : 1 + O(17^20))
   (1 + 13*17 + 16*17^2 + 8*17^3 + 6*17^4 + 17^6 + 7*17^7 + 5*17^8 + 8*17^9 + 3*17^10 + 15*17^11 + 5*17^12 + 12*17^13 + 10*17^14 + O(17^15) : 5 + 6*17 + 10*17^2 + 16*17^3 + 12*17^4 + 5*17^5 + 13*17^6 + 11*17^7 + 15*17^8 + 9*17^10 + 5*17^11 + 11*17^12 + 7*17^13 + 17^14 + O(17^15) : 1 + O(17^20))
   (1 + 13*17 + 16*17^2 + 8*17^3 + 7*17^4 + 5*17^5 + 13*17^6 + 7*17^7 + 10*17^9 + 5*17^10 + 6*17^11 + 11*17^12 + 11*17^13 + 3*17^14 + O(17^15) : 12 + 10*17 + 6*17^2 + 17^4 + 4*17^5 + 15*17^6 + 16*17^7 + 8*17^9 + 12*17^10 + 12*17^11 + 11*17^12 + 2*17^13 + 4*17^14 + O(17^15) : 1 + O(17^20))
   (1 + 13*17 + 16*17^2 + 8*17^3 + 7*17^4 + 5*17^5 + 13*17^6 + 7*17^7 + 10*17^9 + 5*17^10 + 6*17^11 + 11*17^12 + 11*17^13 + 3*17^14 + O(17^15) : 5 + 6*17 + 10*17^2 + 16*17^3 + 15*17^4 + 12*17^5 + 17^6 + 16*17^8 + 8*17^9 + 4*17^10 + 4*17^11 + 5*17^12 + 14*17^13 + 12*17^14 + O(17^15) : 1 + O(17^20))
   (1 + 13*17 + 16*17^2 + 8*17^3 + 7*17^4 + 5*17^5 + 14*17^6 + 14*17^7 + 17^8 + 10*17^9 + 13*17^10 + 6*17^12 + 14*17^14 + O(17^15) : 12 + 10*17 + 6*17^2 + 17^4 + 4*17^5 + 12*17^6 + 3*17^7 + 10*17^8 + 17^9 + 5*17^10 + 10*17^11 + 8*17^12 + 13*17^13 + 13*17^14 + O(17^15) : 1 + O(17^20))
   (1 + 13*17 + 16*17^2 + 8*17^3 + 7*17^4 + 5*17^5 + 14*17^6 + 14*17^7 + 17^8 + 10*17^9 + 13*17^10 + 6*17^12 + 14*17^14 + O(17^15) : 5 + 6*17 + 10*17^2 + 16*17^3 + 15*17^4 + 12*17^5 + 4*17^6 + 13*17^7 + 6*17^8 + 15*17^9 + 11*17^10 + 6*17^11 + 8*17^12 + 3*17^13 + 3*17^14 + O(17^15) : 1 + O(17^20))
   (1 + 13*17 + 16*17^2 + 9*17^3 + 11*17^5 + 9*17^6 + 3*17^7 + 11*17^8 + 17^9 + 14*17^10 + 8*17^11 + 2*17^12 + 11*17^14 + O(17^15) : 12 + 10*17 + 6*17^2 + 14*17^3 + 12*17^4 + 7*17^5 + 9*17^6 + 12*17^7 + 7*17^8 + 2*17^9 + 13*17^10 + 2*17^11 + 17^12 + 2*17^13 + 10*17^14 + O(17^15) : 1 + O(17^20))
   (1 + 13*17 + 16*17^2 + 9*17^3 + 11*17^5 + 9*17^6 + 3*17^7 + 11*17^8 + 17^9 + 14*17^10 + 8*17^11 + 2*17^12 + 11*17^14 + O(17^15) : 5 + 6*17 + 10*17^2 + 2*17^3 + 4*17^4 + 9*17^5 + 7*17^6 + 4*17^7 + 9*17^8 + 14*17^9 + 3*17^10 + 14*17^11 + 15*17^12 + 14*17^13 + 6*17^14 + O(17^15) : 1 + O(17^20))
   (1 + 13*17 + 16*17^2 + 9*17^3 + 12*17^4 + 5*17^5 + 2*17^6 + 7*17^7 + 16*17^8 + 13*17^9 + 9*17^10 + 4*17^11 + 8*17^14 + O(17^15) : 12 + 10*17 + 6*17^2 + 14*17^3 + 10*17^4 + 16*17^7 + 16*17^8 + 17^9 + 12*17^10 + 5*17^11 + 11*17^12 + 17^13 + 2*17^14 + O(17^15) : 1 + O(17^20))
   (1 + 13*17 + 16*17^2 + 9*17^3 + 12*17^4 + 5*17^5 + 2*17^6 + 7*17^7 + 16*17^8 + 13*17^9 + 9*17^10 + 4*17^11 + 8*17^14 + O(17^15) : 5 + 6*17 + 10*17^2 + 2*17^3 + 6*17^4 + 16*17^5 + 16*17^6 + 15*17^9 + 4*17^10 + 11*17^11 + 5*17^12 + 15*17^13 + 14*17^14 + O(17^15) : 1 + O(17^20))
   (1 + 13*17 + 16*17^2 + 9*17^3 + 14*17^4 + 6*17^5 + 2*17^6 + 17^7 + 2*17^8 + 3*17^9 + 9*17^10 + 10*17^11 + 15*17^12 + 11*17^14 + O(17^15) : 12 + 10*17 + 6*17^2 + 14*17^3 + 4*17^4 + 13*17^5 + 7*17^6 + 14*17^7 + 6*17^8 + 7*17^9 + 14*17^10 + 17^11 + 12*17^12 + 11*17^13 + 6*17^14 + O(17^15) : 1 + O(17^20))
   (1 + 13*17 + 16*17^2 + 9*17^3 + 14*17^4 + 6*17^5 + 2*17^6 + 17^7 + 2*17^8 + 3*17^9 + 9*17^10 + 10*17^11 + 15*17^12 + 11*17^14 + O(17^15) : 5 + 6*17 + 10*17^2 + 2*17^3 + 12*17^4 + 3*17^5 + 9*17^6 + 2*17^7 + 10*17^8 + 9*17^9 + 2*17^10 + 15*17^11 + 4*17^12 + 5*17^13 + 10*17^14 + O(17^15) : 1 + O(17^20))
   (1 + 13*17 + 16*17^2 + 9*17^3 + 17^4 + 17^5 + 12*17^6 + 5*17^7 + 16*17^8 + 4*17^9 + 16*17^10 + 11*17^11 + 3*17^12 + 6*17^13 + 10*17^14 + O(17^15) : 12 + 10*17 + 6*17^2 + 14*17^3 + 9*17^4 + 11*17^5 + 15*17^6 + 7*17^7 + 12*17^8 + 8*17^9 + 3*17^10 + 12*17^11 + 7*17^12 + 8*17^13 + O(17^15) : 1 + O(17^20))
   (1 + 13*17 + 16*17^2 + 9*17^3 + 17^4 + 17^5 + 12*17^6 + 5*17^7 + 16*17^8 + 4*17^9 + 16*17^10 + 11*17^11 + 3*17^12 + 6*17^13 + 10*17^14 + O(17^15) : 5 + 6*17 + 10*17^2 + 2*17^3 + 7*17^4 + 5*17^5 + 17^6 + 9*17^7 + 4*17^8 + 8*17^9 + 13*17^10 + 4*17^11 + 9*17^12 + 8*17^13 + 16*17^14 + O(17^15) : 1 + O(17^20))
   (1 + 13*17 + 16*17^2 + 9*17^3 + 3*17^4 + 11*17^5 + 4*17^6 + 14*17^7 + 13*17^8 + 14*17^9 + 11*17^10 + 12*17^11 + 17^12 + 10*17^13 + 8*17^14 + O(17^15) : 12 + 10*17 + 6*17^2 + 14*17^3 + 3*17^4 + 14*17^5 + 15*17^6 + 8*17^7 + 3*17^8 + 3*17^9 + 14*17^10 + 17^11 + 13*17^12 + 11*17^13 + 9*17^14 + O(17^15) : 1 + O(17^20))
   (1 + 13*17 + 16*17^2 + 9*17^3 + 3*17^4 + 11*17^5 + 4*17^6 + 14*17^7 + 13*17^8 + 14*17^9 + 11*17^10 + 12*17^11 + 17^12 + 10*17^13 + 8*17^14 + O(17^15) : 5 + 6*17 + 10*17^2 + 2*17^3 + 13*17^4 + 2*17^5 + 17^6 + 8*17^7 + 13*17^8 + 13*17^9 + 2*17^10 + 15*17^11 + 3*17^12 + 5*17^13 + 7*17^14 + O(17^15) : 1 + O(17^20))
   (1 + 13*17 + 16*17^2 + 9*17^3 + 7*17^4 + 11*17^5 + 7*17^6 + 7*17^7 + 14*17^8 + 8*17^9 + 3*17^10 + 10*17^11 + 9*17^12 + O(17^15) : 12 + 10*17 + 6*17^2 + 14*17^3 + 8*17^4 + 11*17^5 + 6*17^6 + 14*17^7 + 5*17^8 + 12*17^9 + 16*17^10 + 7*17^11 + 14*17^12 + 5*17^13 + 11*17^14 + O(17^15) : 1 + O(17^20))
   (1 + 13*17 + 16*17^2 + 9*17^3 + 7*17^4 + 11*17^5 + 7*17^6 + 7*17^7 + 14*17^8 + 8*17^9 + 3*17^10 + 10*17^11 + 9*17^12 + O(17^15) : 5 + 6*17 + 10*17^2 + 2*17^3 + 8*17^4 + 5*17^5 + 10*17^6 + 2*17^7 + 11*17^8 + 4*17^9 + 9*17^11 + 2*17^12 + 11*17^13 + 5*17^14 + O(17^15) : 1 + O(17^20))
   (1 + 13*17 + 16*17^2 + 9*17^3 + 7*17^4 + 4*17^5 + 10*17^6 + 15*17^7 + 5*17^8 + 4*17^9 + 9*17^10 + 8*17^11 + 10*17^12 + 15*17^13 + 16*17^14 + O(17^15) : 12 + 10*17 + 6*17^2 + 14*17^3 + 8*17^4 + 15*17^5 + 10*17^6 + 5*17^7 + 6*17^8 + 12*17^9 + 8*17^10 + 11*17^11 + 8*17^12 + 17^13 + 15*17^14 + O(17^15) : 1 + O(17^20))
   (1 + 13*17 + 16*17^2 + 9*17^3 + 7*17^4 + 4*17^5 + 10*17^6 + 15*17^7 + 5*17^8 + 4*17^9 + 9*17^10 + 8*17^11 + 10*17^12 + 15*17^13 + 16*17^14 + O(17^15) : 5 + 6*17 + 10*17^2 + 2*17^3 + 8*17^4 + 17^5 + 6*17^6 + 11*17^7 + 10*17^8 + 4*17^9 + 8*17^10 + 5*17^11 + 8*17^12 + 15*17^13 + 17^14 + O(17^15) : 1 + O(17^20))
   (1 + 13*17 + 16*17^2 + 9*17^3 + 7*17^4 + 4*17^5 + 16*17^6 + 7*17^7 + 11*17^8 + 7*17^9 + 16*17^10 + 17^11 + 10*17^12 + 12*17^13 + 15*17^14 + O(17^15) : 12 + 10*17 + 6*17^2 + 14*17^3 + 8*17^4 + 15*17^5 + 9*17^6 + 8*17^7 + 10*17^8 + 5*17^10 + 8*17^11 + 8*17^12 + 13*17^13 + O(17^15) : 1 + O(17^20))
   (1 + 13*17 + 16*17^2 + 9*17^3 + 7*17^4 + 4*17^5 + 16*17^6 + 7*17^7 + 11*17^8 + 7*17^9 + 16*17^10 + 17^11 + 10*17^12 + 12*17^13 + 15*17^14 + O(17^15) : 5 + 6*17 + 10*17^2 + 2*17^3 + 8*17^4 + 17^5 + 7*17^6 + 8*17^7 + 6*17^8 + 16*17^9 + 11*17^10 + 8*17^11 + 8*17^12 + 3*17^13 + 16*17^14 + O(17^15) : 1 + O(17^20))
   (1 + 13*17 + 16*17^2 + 9*17^3 + 9*17^4 + 17^5 + 9*17^6 + 8*17^7 + 8*17^8 + 5*17^9 + 14*17^10 + 17^11 + 7*17^12 + 15*17^13 + 14*17^14 + O(17^15) : 12 + 10*17 + 6*17^2 + 14*17^3 + 2*17^4 + 6*17^5 + 7*17^6 + 16*17^7 + 17^8 + 17^9 + 13*17^10 + 2*17^11 + 6*17^12 + 12*17^13 + 4*17^14 + O(17^15) : 1 + O(17^20))
   (1 + 13*17 + 16*17^2 + 9*17^3 + 9*17^4 + 17^5 + 9*17^6 + 8*17^7 + 8*17^8 + 5*17^9 + 14*17^10 + 17^11 + 7*17^12 + 15*17^13 + 14*17^14 + O(17^15) : 5 + 6*17 + 10*17^2 + 2*17^3 + 14*17^4 + 10*17^5 + 9*17^6 + 15*17^8 + 15*17^9 + 3*17^10 + 14*17^11 + 10*17^12 + 4*17^13 + 12*17^14 + O(17^15) : 1 + O(17^20))
   (1 + 13*17 + 16*17^2 + 9*17^4 + 17^5 + 4*17^6 + 12*17^7 + 12*17^8 + 4*17^9 + 13*17^10 + 12*17^11 + 13*17^12 + 7*17^13 + 13*17^14 + O(17^15) : 12 + 10*17 + 6*17^2 + 7*17^3 + 15*17^5 + 3*17^6 + 14*17^7 + 3*17^8 + 10*17^9 + 3*17^10 + 6*17^11 + 11*17^12 + 15*17^13 + 14*17^14 + O(17^15) : 1 + O(17^20))
   (1 + 13*17 + 16*17^2 + 9*17^4 + 17^5 + 4*17^6 + 12*17^7 + 12*17^8 + 4*17^9 + 13*17^10 + 12*17^11 + 13*17^12 + 7*17^13 + 13*17^14 + O(17^15) : 5 + 6*17 + 10*17^2 + 9*17^3 + 16*17^4 + 17^5 + 13*17^6 + 2*17^7 + 13*17^8 + 6*17^9 + 13*17^10 + 10*17^11 + 5*17^12 + 17^13 + 2*17^14 + O(17^15) : 1 + O(17^20))
   (10 + 7*17 + 8*17^2 + 10*17^3 + 12*17^4 + 11*17^5 + 14*17^6 + 10*17^7 + 5*17^8 + 3*17^9 + 11*17^10 + 11*17^11 + 8*17^12 + 13*17^13 + 9*17^14 + O(17^15) : 13 + 15*17 + 11*17^2 + 11*17^3 + 7*17^4 + 3*17^5 + 14*17^6 + 13*17^7 + 17^8 + 9*17^9 + 9*17^10 + 5*17^11 + 4*17^12 + 14*17^13 + 2*17^14 + 10*17^15 + O(17^16) : 1 + O(17^20))
   (10 + 7*17 + 8*17^2 + 10*17^3 + 12*17^4 + 11*17^5 + 14*17^6 + 10*17^7 + 5*17^8 + 3*17^9 + 11*17^10 + 11*17^11 + 8*17^12 + 13*17^13 + 9*17^14 + O(17^15) : 4 + 17 + 5*17^2 + 5*17^3 + 9*17^4 + 13*17^5 + 2*17^6 + 3*17^7 + 15*17^8 + 7*17^9 + 7*17^10 + 11*17^11 + 12*17^12 + 2*17^13 + 14*17^14 + 6*17^15 + O(17^16) : 1 + O(17^20))
   (10 + 7*17 + 8*17^2 + 10*17^3 + 13*17^4 + 13*17^6 + 3*17^8 + 3*17^9 + 5*17^10 + 3*17^11 + 6*17^12 + 14*17^13 + 14*17^14 + O(17^15) : 13 + 15*17 + 11*17^2 + 11*17^3 + 7*17^4 + 10*17^5 + 4*17^6 + 10*17^7 + 13*17^8 + 3*17^9 + 13*17^10 + 16*17^11 + 16*17^12 + 12*17^14 + 14*17^15 + O(17^16) : 1 + O(17^20))
   (10 + 7*17 + 8*17^2 + 10*17^3 + 13*17^4 + 13*17^6 + 3*17^8 + 3*17^9 + 5*17^10 + 3*17^11 + 6*17^12 + 14*17^13 + 14*17^14 + O(17^15) : 4 + 17 + 5*17^2 + 5*17^3 + 9*17^4 + 6*17^5 + 12*17^6 + 6*17^7 + 3*17^8 + 13*17^9 + 3*17^10 + 16*17^13 + 4*17^14 + 2*17^15 + O(17^16) : 1 + O(17^20))
   (10 + 7*17 + 8*17^2 + 10*17^3 + 13*17^4 + 3*17^6 + 10*17^7 + 9*17^8 + 11*17^9 + 4*17^10 + 7*17^11 + 16*17^12 + 3*17^13 + O(17^15) : 13 + 15*17 + 11*17^2 + 11*17^3 + 7*17^4 + 10*17^5 + 4*17^6 + 8*17^7 + 4*17^8 + 2*17^9 + 2*17^10 + 7*17^11 + 8*17^12 + 15*17^13 + 5*17^14 + 10*17^15 + O(17^16) : 1 + O(17^20))
   (10 + 7*17 + 8*17^2 + 10*17^3 + 13*17^4 + 3*17^6 + 10*17^7 + 9*17^8 + 11*17^9 + 4*17^10 + 7*17^11 + 16*17^12 + 3*17^13 + O(17^15) : 4 + 17 + 5*17^2 + 5*17^3 + 9*17^4 + 6*17^5 + 12*17^6 + 8*17^7 + 12*17^8 + 14*17^9 + 14*17^10 + 9*17^11 + 8*17^12 + 17^13 + 11*17^14 + 6*17^15 + O(17^16) : 1 + O(17^20))
   (10 + 7*17 + 8*17^2 + 10*17^3 + 13*17^4 + 6*17^5 + 6*17^6 + 9*17^7 + 14*17^8 + 10*17^9 + 17^10 + 17^11 + 7*17^12 + 15*17^13 + 12*17^14 + O(17^15) : 13 + 15*17 + 11*17^2 + 11*17^3 + 7*17^4 + 10*17^5 + 12*17^6 + 8*17^7 + 11*17^8 + 14*17^9 + 3*17^10 + 6*17^11 + 15*17^12 + 13*17^13 + 12*17^14 + 11*17^15 + O(17^16) : 1 + O(17^20))
   (10 + 7*17 + 8*17^2 + 10*17^3 + 13*17^4 + 6*17^5 + 6*17^6 + 9*17^7 + 14*17^8 + 10*17^9 + 17^10 + 17^11 + 7*17^12 + 15*17^13 + 12*17^14 + O(17^15) : 4 + 17 + 5*17^2 + 5*17^3 + 9*17^4 + 6*17^5 + 4*17^6 + 8*17^7 + 5*17^8 + 2*17^9 + 13*17^10 + 10*17^11 + 17^12 + 3*17^13 + 4*17^14 + 5*17^15 + O(17^16) : 1 + O(17^20))
   (10 + 7*17 + 8*17^2 + 10*17^3 + 17^4 + 10*17^5 + 8*17^6 + 9*17^7 + 8*17^8 + 4*17^9 + 2*17^10 + 13*17^11 + 15*17^12 + 13*17^13 + 2*17^14 + O(17^15) : 13 + 15*17 + 11*17^2 + 11*17^3 + 7*17^4 + 11*17^5 + 13*17^6 + 5*17^7 + 10*17^8 + 3*17^9 + 6*17^10 + 8*17^11 + 9*17^12 + 13*17^13 + 13*17^14 + 9*17^15 + O(17^16) : 1 + O(17^20))
   (10 + 7*17 + 8*17^2 + 10*17^3 + 17^4 + 10*17^5 + 8*17^6 + 9*17^7 + 8*17^8 + 4*17^9 + 2*17^10 + 13*17^11 + 15*17^12 + 13*17^13 + 2*17^14 + O(17^15) : 4 + 17 + 5*17^2 + 5*17^3 + 9*17^4 + 5*17^5 + 3*17^6 + 11*17^7 + 6*17^8 + 13*17^9 + 10*17^10 + 8*17^11 + 7*17^12 + 3*17^13 + 3*17^14 + 7*17^15 + O(17^16) : 1 + O(17^20))
   (10 + 7*17 + 8*17^2 + 10*17^3 + 5*17^4 + 10*17^5 + 13*17^6 + 11*17^7 + 16*17^8 + 12*17^9 + 8*17^10 + 15*17^11 + 5*17^12 + 5*17^13 + 11*17^14 + O(17^15) : 13 + 15*17 + 11*17^2 + 11*17^3 + 7*17^4 + 5*17^5 + 11*17^6 + 11*17^7 + 7*17^8 + 17^9 + 8*17^10 + 9*17^11 + 16*17^12 + 11*17^13 + 15*17^14 + 13*17^15 + O(17^16) : 1 + O(17^20))
   (10 + 7*17 + 8*17^2 + 10*17^3 + 5*17^4 + 10*17^5 + 13*17^6 + 11*17^7 + 16*17^8 + 12*17^9 + 8*17^10 + 15*17^11 + 5*17^12 + 5*17^13 + 11*17^14 + O(17^15) : 4 + 17 + 5*17^2 + 5*17^3 + 9*17^4 + 11*17^5 + 5*17^6 + 5*17^7 + 9*17^8 + 15*17^9 + 8*17^10 + 7*17^11 + 5*17^13 + 17^14 + 3*17^15 + O(17^16) : 1 + O(17^20))
   (10 + 7*17 + 8*17^2 + 10*17^3 + 5*17^4 + 7*17^5 + 17^6 + 17^7 + 12*17^8 + 4*17^9 + 11*17^10 + 15*17^11 + 17^12 + 2*17^13 + 6*17^14 + O(17^15) : 13 + 15*17 + 11*17^2 + 11*17^3 + 7*17^4 + 5*17^5 + 7*17^6 + 14*17^7 + 4*17^8 + 3*17^9 + 14*17^10 + 10*17^11 + 4*17^12 + 16*17^13 + 11*17^14 + 8*17^15 + O(17^16) : 1 + O(17^20))
   (10 + 7*17 + 8*17^2 + 10*17^3 + 5*17^4 + 7*17^5 + 17^6 + 17^7 + 12*17^8 + 4*17^9 + 11*17^10 + 15*17^11 + 17^12 + 2*17^13 + 6*17^14 + O(17^15) : 4 + 17 + 5*17^2 + 5*17^3 + 9*17^4 + 11*17^5 + 9*17^6 + 2*17^7 + 12*17^8 + 13*17^9 + 2*17^10 + 6*17^11 + 12*17^12 + 5*17^14 + 8*17^15 + O(17^16) : 1 + O(17^20))
   (10 + 7*17 + 8*17^2 + 10*17^3 + 7*17^4 + 15*17^5 + 14*17^6 + 2*17^7 + 10*17^8 + 5*17^9 + 15*17^10 + 13*17^11 + 9*17^12 + 15*17^13 + 6*17^14 + O(17^15) : 13 + 15*17 + 11*17^2 + 11*17^3 + 7*17^4 + 2*17^5 + 11*17^6 + 9*17^7 + 8*17^8 + 11*17^9 + 14*17^10 + 12*17^11 + 10*17^12 + 7*17^13 + 17^14 + 6*17^15 + O(17^16) : 1 + O(17^20))
   (10 + 7*17 + 8*17^2 + 10*17^3 + 7*17^4 + 15*17^5 + 14*17^6 + 2*17^7 + 10*17^8 + 5*17^9 + 15*17^10 + 13*17^11 + 9*17^12 + 15*17^13 + 6*17^14 + O(17^15) : 4 + 17 + 5*17^2 + 5*17^3 + 9*17^4 + 14*17^5 + 5*17^6 + 7*17^7 + 8*17^8 + 5*17^9 + 2*17^10 + 4*17^11 + 6*17^12 + 9*17^13 + 15*17^14 + 10*17^15 + O(17^16) : 1 + O(17^20))
   (10 + 7*17 + 8*17^2 + 11*17^3 + 10*17^4 + 9*17^5 + 3*17^6 + 7*17^7 + 6*17^8 + 6*17^9 + 3*17^11 + 12*17^12 + 16*17^13 + 7*17^14 + O(17^15) : 13 + 15*17 + 11*17^2 + 11*17^3 + 14*17^4 + 5*17^5 + 13*17^6 + 2*17^7 + 6*17^8 + 16*17^9 + 6*17^10 + 17^11 + 3*17^12 + 13*17^13 + 11*17^14 + 6*17^15 + O(17^16) : 1 + O(17^20))
   (10 + 7*17 + 8*17^2 + 11*17^3 + 10*17^4 + 9*17^5 + 3*17^6 + 7*17^7 + 6*17^8 + 6*17^9 + 3*17^11 + 12*17^12 + 16*17^13 + 7*17^14 + O(17^15) : 4 + 17 + 5*17^2 + 5*17^3 + 2*17^4 + 11*17^5 + 3*17^6 + 14*17^7 + 10*17^8 + 10*17^10 + 15*17^11 + 13*17^12 + 3*17^13 + 5*17^14 + 10*17^15 + O(17^16) : 1 + O(17^20))
   (10 + 7*17 + 8*17^2 + 11*17^3 + 12*17^4 + 11*17^5 + 14*17^6 + 15*17^7 + 11*17^8 + 13*17^9 + 14*17^11 + 3*17^12 + 11*17^13 + O(17^15) : 13 + 15*17 + 11*17^2 + 11*17^3 + 14*17^4 + 2*17^5 + 9*17^6 + 13*17^7 + 16*17^8 + 17^9 + 17^11 + 17^12 + 13*17^13 + 15*17^14 + 10*17^15 + O(17^16) : 1 + O(17^20))
   (10 + 7*17 + 8*17^2 + 11*17^3 + 12*17^4 + 11*17^5 + 14*17^6 + 15*17^7 + 11*17^8 + 13*17^9 + 14*17^11 + 3*17^12 + 11*17^13 + O(17^15) : 4 + 17 + 5*17^2 + 5*17^3 + 2*17^4 + 14*17^5 + 7*17^6 + 3*17^7 + 15*17^9 + 16*17^10 + 15*17^11 + 15*17^12 + 3*17^13 + 17^14 + 6*17^15 + O(17^16) : 1 + O(17^20))
   (10 + 7*17 + 8*17^2 + 11*17^3 + 12*17^4 + 14*17^5 + 3*17^6 + 5*17^7 + 3*17^8 + 17^9 + 17^10 + 8*17^11 + 7*17^12 + 4*17^13 + O(17^15) : 13 + 15*17 + 11*17^2 + 11*17^3 + 14*17^4 + 2*17^5 + 13*17^6 + 2*17^7 + 14*17^9 + 3*17^10 + 9*17^11 + 17^12 + 17^13 + 5*17^15 + O(17^16) : 1 + O(17^20))
   (10 + 7*17 + 8*17^2 + 11*17^3 + 12*17^4 + 14*17^5 + 3*17^6 + 5*17^7 + 3*17^8 + 17^9 + 17^10 + 8*17^11 + 7*17^12 + 4*17^13 + O(17^15) : 4 + 17 + 5*17^2 + 5*17^3 + 2*17^4 + 14*17^5 + 3*17^6 + 14*17^7 + 16*17^8 + 2*17^9 + 13*17^10 + 7*17^11 + 15*17^12 + 15*17^13 + 16*17^14 + 11*17^15 + O(17^16) : 1 + O(17^20))
   (10 + 7*17 + 8*17^2 + 11*17^3 + 16*17^4 + 13*17^6 + 4*17^7 + 6*17^8 + 6*17^9 + 13*17^10 + 10*17^11 + 2*17^12 + 9*17^13 + 17^14 + O(17^15) : 13 + 15*17 + 11*17^2 + 11*17^3 + 14*17^4 + 13*17^5 + 14*17^6 + 17^7 + 5*17^8 + 15*17^9 + 15*17^10 + 7*17^11 + 6*17^12 + 4*17^13 + 4*17^14 + 7*17^15 + O(17^16) : 1 + O(17^20))
   (10 + 7*17 + 8*17^2 + 11*17^3 + 16*17^4 + 13*17^6 + 4*17^7 + 6*17^8 + 6*17^9 + 13*17^10 + 10*17^11 + 2*17^12 + 9*17^13 + 17^14 + O(17^15) : 4 + 17 + 5*17^2 + 5*17^3 + 2*17^4 + 3*17^5 + 2*17^6 + 15*17^7 + 11*17^8 + 17^9 + 17^10 + 9*17^11 + 10*17^12 + 12*17^13 + 12*17^14 + 9*17^15 + O(17^16) : 1 + O(17^20))
   (10 + 7*17 + 8*17^2 + 11*17^3 + 16*17^4 + 17^6 + 3*17^7 + 2*17^8 + 10*17^9 + 15*17^10 + 6*17^11 + 14*17^12 + 15*17^13 + 5*17^14 + O(17^15) : 13 + 15*17 + 11*17^2 + 11*17^3 + 14*17^4 + 13*17^5 + 14*17^6 + 2*17^7 + 5*17^8 + 4*17^9 + 16*17^11 + 17^12 + 9*17^13 + 17^14 + 7*17^15 + O(17^16) : 1 + O(17^20))
   (10 + 7*17 + 8*17^2 + 11*17^3 + 16*17^4 + 17^6 + 3*17^7 + 2*17^8 + 10*17^9 + 15*17^10 + 6*17^11 + 14*17^12 + 15*17^13 + 5*17^14 + O(17^15) : 4 + 17 + 5*17^2 + 5*17^3 + 2*17^4 + 3*17^5 + 2*17^6 + 14*17^7 + 11*17^8 + 12*17^9 + 16*17^10 + 15*17^12 + 7*17^13 + 15*17^14 + 9*17^15 + O(17^16) : 1 + O(17^20))
   (10 + 7*17 + 8*17^2 + 11*17^3 + 17^4 + 12*17^5 + 6*17^6 + 16*17^8 + 12*17^9 + 6*17^10 + 17^12 + 5*17^13 + 2*17^14 + O(17^15) : 13 + 15*17 + 11*17^2 + 11*17^3 + 14*17^4 + 10*17^5 + 5*17^6 + 17^8 + 4*17^9 + 8*17^10 + 16*17^11 + 7*17^12 + 8*17^13 + 5*17^14 + 17^15 + O(17^16) : 1 + O(17^20))
   (10 + 7*17 + 8*17^2 + 11*17^3 + 17^4 + 12*17^5 + 6*17^6 + 16*17^8 + 12*17^9 + 6*17^10 + 17^12 + 5*17^13 + 2*17^14 + O(17^15) : 4 + 17 + 5*17^2 + 5*17^3 + 2*17^4 + 6*17^5 + 11*17^6 + 16*17^7 + 15*17^8 + 12*17^9 + 8*17^10 + 9*17^12 + 8*17^13 + 11*17^14 + 15*17^15 + O(17^16) : 1 + O(17^20))
   (10 + 7*17 + 8*17^2 + 11*17^3 + 17^4 + 15*17^5 + 2*17^6 + 9*17^7 + 16*17^8 + 10*17^9 + 14*17^10 + 7*17^11 + 8*17^12 + 10*17^13 + 2*17^14 + O(17^15) : 13 + 15*17 + 11*17^2 + 11*17^3 + 14*17^4 + 10*17^5 + 9*17^6 + 4*17^7 + 11*17^8 + 7*17^9 + 7*17^10 + 14*17^11 + 9*17^12 + 7*17^13 + 16*17^15 + O(17^16) : 1 + O(17^20))
   (10 + 7*17 + 8*17^2 + 11*17^3 + 17^4 + 15*17^5 + 2*17^6 + 9*17^7 + 16*17^8 + 10*17^9 + 14*17^10 + 7*17^11 + 8*17^12 + 10*17^13 + 2*17^14 + O(17^15) : 4 + 17 + 5*17^2 + 5*17^3 + 2*17^4 + 6*17^5 + 7*17^6 + 12*17^7 + 5*17^8 + 9*17^9 + 9*17^10 + 2*17^11 + 7*17^12 + 9*17^13 + 16*17^14 + O(17^16) : 1 + O(17^20))
   (10 + 7*17 + 8*17^2 + 11*17^3 + 4*17^4 + 5*17^5 + 3*17^6 + 4*17^7 + 13*17^8 + 12*17^9 + 4*17^10 + 16*17^11 + 3*17^12 + 16*17^13 + 3*17^14 + O(17^15) : 13 + 15*17 + 11*17^2 + 11*17^3 + 14*17^4 + 14*17^5 + 5*17^6 + 13*17^7 + 8*17^8 + 3*17^9 + 16*17^10 + 14*17^11 + 2*17^13 + 15*17^15 + O(17^16) : 1 + O(17^20))
   (10 + 7*17 + 8*17^2 + 11*17^3 + 4*17^4 + 5*17^5 + 3*17^6 + 4*17^7 + 13*17^8 + 12*17^9 + 4*17^10 + 16*17^11 + 3*17^12 + 16*17^13 + 3*17^14 + O(17^15) : 4 + 17 + 5*17^2 + 5*17^3 + 2*17^4 + 2*17^5 + 11*17^6 + 3*17^7 + 8*17^8 + 13*17^9 + 2*17^11 + 16*17^12 + 14*17^13 + 16*17^14 + 17^15 + O(17^16) : 1 + O(17^20))
   (10 + 7*17 + 8*17^2 + 11*17^3 + 5*17^4 + 16*17^5 + 9*17^6 + 8*17^7 + 9*17^9 + 13*17^10 + 12*17^11 + 8*17^12 + 7*17^13 + 14*17^14 + O(17^15) : 13 + 15*17 + 11*17^2 + 11*17^3 + 14*17^4 + 4*17^5 + 14*17^6 + 7*17^7 + 3*17^8 + 7*17^9 + 11*17^10 + 14*17^12 + 6*17^13 + 11*17^14 + 15*17^15 + O(17^16) : 1 + O(17^20))
   (10 + 7*17 + 8*17^2 + 11*17^3 + 5*17^4 + 16*17^5 + 9*17^6 + 8*17^7 + 9*17^9 + 13*17^10 + 12*17^11 + 8*17^12 + 7*17^13 + 14*17^14 + O(17^15) : 4 + 17 + 5*17^2 + 5*17^3 + 2*17^4 + 12*17^5 + 2*17^6 + 9*17^7 + 13*17^8 + 9*17^9 + 5*17^10 + 16*17^11 + 2*17^12 + 10*17^13 + 5*17^14 + 17^15 + O(17^16) : 1 + O(17^20))
   (10 + 7*17 + 8*17^2 + 11*17^3 + 6*17^4 + 11*17^5 + 7*17^6 + 3*17^7 + 8*17^8 + 11*17^9 + 14*17^10 + 2*17^11 + 5*17^12 + 10*17^13 + 2*17^14 + O(17^15) : 13 + 15*17 + 11*17^2 + 11*17^3 + 14*17^4 + 11*17^5 + 12*17^6 + 6*17^7 + 14*17^8 + 11*17^9 + 7*17^10 + 2*17^11 + 2*17^12 + 3*17^13 + 4*17^14 + 14*17^15 + O(17^16) : 1 + O(17^20))
   (10 + 7*17 + 8*17^2 + 11*17^3 + 6*17^4 + 11*17^5 + 7*17^6 + 3*17^7 + 8*17^8 + 11*17^9 + 14*17^10 + 2*17^11 + 5*17^12 + 10*17^13 + 2*17^14 + O(17^15) : 4 + 17 + 5*17^2 + 5*17^3 + 2*17^4 + 5*17^5 + 4*17^6 + 10*17^7 + 2*17^8 + 5*17^9 + 9*17^10 + 14*17^11 + 14*17^12 + 13*17^13 + 12*17^14 + 2*17^15 + O(17^16) : 1 + O(17^20))
   (10 + 7*17 + 8*17^2 + 11*17^4 + 5*17^5 + 16*17^6 + 4*17^7 + 16*17^8 + 11*17^9 + 17^10 + 17^11 + 11*17^12 + 15*17^13 + 4*17^14 + O(17^15) : 13 + 15*17 + 11*17^2 + 11*17^3 + 5*17^4 + 2*17^5 + 7*17^6 + 9*17^7 + 8*17^8 + 13*17^9 + 4*17^10 + 7*17^11 + 12*17^12 + 3*17^13 + 9*17^14 + 9*17^15 + O(17^16) : 1 + O(17^20))
   (10 + 7*17 + 8*17^2 + 11*17^4 + 5*17^5 + 16*17^6 + 4*17^7 + 16*17^8 + 11*17^9 + 17^10 + 17^11 + 11*17^12 + 15*17^13 + 4*17^14 + O(17^15) : 4 + 17 + 5*17^2 + 5*17^3 + 11*17^4 + 14*17^5 + 9*17^6 + 7*17^7 + 8*17^8 + 3*17^9 + 12*17^10 + 9*17^11 + 4*17^12 + 13*17^13 + 7*17^14 + 7*17^15 + O(17^16) : 1 + O(17^20))
   (10 + 7*17 + 8*17^2 + 11*17^4 + 5*17^5 + 8*17^6 + 14*17^7 + 5*17^8 + 13*17^9 + 14*17^10 + 3*17^11 + 8*17^12 + 14*17^14 + O(17^15) : 13 + 15*17 + 11*17^2 + 11*17^3 + 5*17^4 + 2*17^5 + 7*17^6 + 4*17^7 + 15*17^8 + 8*17^9 + 3*17^10 + 17^11 + 8*17^12 + 15*17^13 + 16*17^14 + 8*17^15 + O(17^16) : 1 + O(17^20))
   (10 + 7*17 + 8*17^2 + 11*17^4 + 5*17^5 + 8*17^6 + 14*17^7 + 5*17^8 + 13*17^9 + 14*17^10 + 3*17^11 + 8*17^12 + 14*17^14 + O(17^15) : 4 + 17 + 5*17^2 + 5*17^3 + 11*17^4 + 14*17^5 + 9*17^6 + 12*17^7 + 17^8 + 8*17^9 + 13*17^10 + 15*17^11 + 8*17^12 + 17^13 + 8*17^15 + O(17^16) : 1 + O(17^20))
   (10 + 7*17 + 8*17^2 + 12*17^3 + 13*17^4 + 10*17^5 + 12*17^6 + 7*17^9 + 15*17^10 + 13*17^11 + 2*17^12 + 8*17^13 + 5*17^14 + O(17^15) : 13 + 15*17 + 11*17^2 + 11*17^3 + 4*17^4 + 9*17^5 + 9*17^6 + 7*17^7 + 14*17^8 + 12*17^9 + 5*17^10 + 4*17^11 + 3*17^12 + 15*17^13 + 17^14 + 16*17^15 + O(17^16) : 1 + O(17^20))
   (10 + 7*17 + 8*17^2 + 12*17^3 + 13*17^4 + 10*17^5 + 12*17^6 + 7*17^9 + 15*17^10 + 13*17^11 + 2*17^12 + 8*17^13 + 5*17^14 + O(17^15) : 4 + 17 + 5*17^2 + 5*17^3 + 12*17^4 + 7*17^5 + 7*17^6 + 9*17^7 + 2*17^8 + 4*17^9 + 11*17^10 + 12*17^11 + 13*17^12 + 17^13 + 15*17^14 + O(17^16) : 1 + O(17^20))
   (10 + 7*17 + 8*17^2 + 12*17^3 + 13*17^4 + 17^5 + 17^6 + 6*17^7 + 13*17^8 + 13*17^9 + 15*17^10 + 2*17^11 + 7*17^12 + 17^14 + O(17^15) : 13 + 15*17 + 11*17^2 + 11*17^3 + 4*17^4 + 9*17^5 + 14*17^6 + 3*17^7 + 9*17^8 + 15*17^9 + 17^10 + 4*17^11 + 12*17^12 + 5*17^13 + 6*17^14 + 12*17^15 + O(17^16) : 1 + O(17^20))
   (10 + 7*17 + 8*17^2 + 12*17^3 + 13*17^4 + 17^5 + 17^6 + 6*17^7 + 13*17^8 + 13*17^9 + 15*17^10 + 2*17^11 + 7*17^12 + 17^14 + O(17^15) : 4 + 17 + 5*17^2 + 5*17^3 + 12*17^4 + 7*17^5 + 2*17^6 + 13*17^7 + 7*17^8 + 17^9 + 15*17^10 + 12*17^11 + 4*17^12 + 11*17^13 + 10*17^14 + 4*17^15 + O(17^16) : 1 + O(17^20))
   (10 + 7*17 + 8*17^2 + 12*17^3 + 13*17^4 + 17^5 + 3*17^6 + 4*17^7 + 14*17^8 + 6*17^9 + 2*17^10 + 2*17^11 + 14*17^12 + 17^13 + 2*17^14 + O(17^15) : 13 + 15*17 + 11*17^2 + 11*17^3 + 4*17^4 + 9*17^5 + 14*17^6 + 11*17^8 + 17^9 + 5*17^10 + 11*17^11 + 15*17^12 + 15*17^13 + 13*17^14 + 6*17^15 + O(17^16) : 1 + O(17^20))
   (10 + 7*17 + 8*17^2 + 12*17^3 + 13*17^4 + 17^5 + 3*17^6 + 4*17^7 + 14*17^8 + 6*17^9 + 2*17^10 + 2*17^11 + 14*17^12 + 17^13 + 2*17^14 + O(17^15) : 4 + 17 + 5*17^2 + 5*17^3 + 12*17^4 + 7*17^5 + 2*17^6 + 16*17^7 + 5*17^8 + 15*17^9 + 11*17^10 + 5*17^11 + 17^12 + 17^13 + 3*17^14 + 10*17^15 + O(17^16) : 1 + O(17^20))
   (10 + 7*17 + 8*17^2 + 12*17^3 + 13*17^6 + 10*17^7 + 8*17^8 + 11*17^9 + 16*17^10 + 10*17^12 + 5*17^13 + 8*17^14 + O(17^15) : 13 + 15*17 + 11*17^2 + 11*17^3 + 4*17^4 + 3*17^5 + 15*17^6 + 10*17^7 + 13*17^8 + 13*17^9 + 7*17^10 + 3*17^11 + 8*17^12 + 13*17^13 + 16*17^15 + O(17^16) : 1 + O(17^20))
   (10 + 7*17 + 8*17^2 + 12*17^3 + 13*17^6 + 10*17^7 + 8*17^8 + 11*17^9 + 16*17^10 + 10*17^12 + 5*17^13 + 8*17^14 + O(17^15) : 4 + 17 + 5*17^2 + 5*17^3 + 12*17^4 + 13*17^5 + 17^6 + 6*17^7 + 3*17^8 + 3*17^9 + 9*17^10 + 13*17^11 + 8*17^12 + 3*17^13 + 16*17^14 + O(17^16) : 1 + O(17^20))
   (10 + 7*17 + 8*17^2 + 12*17^3 + 15*17^4 + 2*17^5 + 3*17^6 + 5*17^7 + 10*17^8 + 4*17^9 + 6*17^10 + 7*17^11 + 16*17^12 + 12*17^13 + 14*17^14 + O(17^15) : 13 + 15*17 + 11*17^2 + 11*17^3 + 4*17^4 + 6*17^5 + 3*17^6 + 12*17^7 + 12*17^8 + 14*17^10 + 5*17^11 + 4*17^12 + 16*17^13 + 4*17^14 + 11*17^15 + O(17^16) : 1 + O(17^20))
   (10 + 7*17 + 8*17^2 + 12*17^3 + 15*17^4 + 2*17^5 + 3*17^6 + 5*17^7 + 10*17^8 + 4*17^9 + 6*17^10 + 7*17^11 + 16*17^12 + 12*17^13 + 14*17^14 + O(17^15) : 4 + 17 + 5*17^2 + 5*17^3 + 12*17^4 + 10*17^5 + 13*17^6 + 4*17^7 + 4*17^8 + 16*17^9 + 2*17^10 + 11*17^11 + 12*17^12 + 12*17^14 + 5*17^15 + O(17^16) : 1 + O(17^20))
   (10 + 7*17 + 8*17^2 + 12*17^3 + 17^4 + 3*17^5 + 7*17^6 + 5*17^7 + 13*17^8 + 4*17^9 + 9*17^10 + 4*17^11 + 11*17^12 + 15*17^13 + 9*17^14 + O(17^15) : 13 + 15*17 + 11*17^2 + 11*17^3 + 4*17^4 + 10*17^5 + 17^6 + 7*17^7 + 14*17^8 + 3*17^10 + 8*17^12 + 11*17^13 + 15*17^14 + 3*17^15 + O(17^16) : 1 + O(17^20))
   (10 + 7*17 + 8*17^2 + 12*17^3 + 17^4 + 3*17^5 + 7*17^6 + 5*17^7 + 13*17^8 + 4*17^9 + 9*17^10 + 4*17^11 + 11*17^12 + 15*17^13 + 9*17^14 + O(17^15) : 4 + 17 + 5*17^2 + 5*17^3 + 12*17^4 + 6*17^5 + 15*17^6 + 9*17^7 + 2*17^8 + 16*17^9 + 13*17^10 + 16*17^11 + 8*17^12 + 5*17^13 + 17^14 + 13*17^15 + O(17^16) : 1 + O(17^20))
   (10 + 7*17 + 8*17^2 + 12*17^3 + 3*17^4 + 2*17^5 + 6*17^6 + 5*17^7 + 7*17^8 + 15*17^10 + 11*17^11 + 15*17^12 + 10*17^14 + O(17^15) : 13 + 15*17 + 11*17^2 + 11*17^3 + 4*17^4 + 7*17^5 + 10*17^6 + 12*17^7 + 8*17^8 + 12*17^9 + 12*17^10 + 7*17^11 + 8*17^12 + 7*17^13 + 8*17^14 + 15*17^15 + O(17^16) : 1 + O(17^20))
   (10 + 7*17 + 8*17^2 + 12*17^3 + 3*17^4 + 2*17^5 + 6*17^6 + 5*17^7 + 7*17^8 + 15*17^10 + 11*17^11 + 15*17^12 + 10*17^14 + O(17^15) : 4 + 17 + 5*17^2 + 5*17^3 + 12*17^4 + 9*17^5 + 6*17^6 + 4*17^7 + 8*17^8 + 4*17^9 + 4*17^10 + 9*17^11 + 8*17^12 + 9*17^13 + 8*17^14 + 17^15 + O(17^16) : 1 + O(17^20))
   (10 + 7*17 + 8*17^2 + 12*17^3 + 4*17^4 + 14*17^5 + 2*17^6 + 11*17^7 + 17^8 + 15*17^9 + 2*17^10 + 6*17^11 + 2*17^12 + 17^13 + 6*17^14 + O(17^15) : 13 + 15*17 + 11*17^2 + 11*17^3 + 4*17^4 + 14*17^5 + 8*17^6 + 8*17^8 + 11*17^9 + 6*17^10 + 7*17^11 + 17^12 + 8*17^13 + 15*17^14 + 3*17^15 + O(17^16) : 1 + O(17^20))
   (10 + 7*17 + 8*17^2 + 12*17^3 + 4*17^4 + 14*17^5 + 2*17^6 + 11*17^7 + 17^8 + 15*17^9 + 2*17^10 + 6*17^11 + 2*17^12 + 17^13 + 6*17^14 + O(17^15) : 4 + 17 + 5*17^2 + 5*17^3 + 12*17^4 + 2*17^5 + 8*17^6 + 16*17^7 + 8*17^8 + 5*17^9 + 10*17^10 + 9*17^11 + 15*17^12 + 8*17^13 + 17^14 + 13*17^15 + O(17^16) : 1 + O(17^20))
   (10 + 7*17 + 8*17^2 + 12*17^3 + 5*17^4 + 10*17^5 + 17^6 + 17^7 + 14*17^8 + 16*17^9 + 16*17^10 + 8*17^11 + 13*17^12 + 4*17^14 + O(17^15) : 13 + 15*17 + 11*17^2 + 11*17^3 + 4*17^4 + 4*17^5 + 14*17^6 + 17^7 + 15*17^8 + 15*17^9 + 11*17^10 + 15*17^11 + 12*17^12 + 15*17^13 + 9*17^14 + 11*17^15 + O(17^16) : 1 + O(17^20))
   (10 + 7*17 + 8*17^2 + 12*17^3 + 5*17^4 + 10*17^5 + 17^6 + 17^7 + 14*17^8 + 16*17^9 + 16*17^10 + 8*17^11 + 13*17^12 + 4*17^14 + O(17^15) : 4 + 17 + 5*17^2 + 5*17^3 + 12*17^4 + 12*17^5 + 2*17^6 + 15*17^7 + 17^8 + 17^9 + 5*17^10 + 17^11 + 4*17^12 + 17^13 + 7*17^14 + 5*17^15 + O(17^16) : 1 + O(17^20))
   (10 + 7*17 + 8*17^2 + 13*17^3 + 10*17^4 + 10*17^5 + 16*17^6 + 11*17^7 + 13*17^8 + 8*17^9 + 5*17^10 + 4*17^11 + 16*17^12 + 2*17^13 + 8*17^14 + O(17^15) : 13 + 15*17 + 11*17^2 + 11*17^3 + 11*17^4 + 4*17^5 + 15*17^6 + 11*17^7 + 4*17^8 + 17^9 + 13*17^10 + 14*17^11 + 17^12 + 5*17^13 + 17^14 + 11*17^15 + O(17^16) : 1 + O(17^20))
   (10 + 7*17 + 8*17^2 + 13*17^3 + 10*17^4 + 10*17^5 + 16*17^6 + 11*17^7 + 13*17^8 + 8*17^9 + 5*17^10 + 4*17^11 + 16*17^12 + 2*17^13 + 8*17^14 + O(17^15) : 4 + 17 + 5*17^2 + 5*17^3 + 5*17^4 + 12*17^5 + 17^6 + 5*17^7 + 12*17^8 + 15*17^9 + 3*17^10 + 2*17^11 + 15*17^12 + 11*17^13 + 15*17^14 + 5*17^15 + O(17^16) : 1 + O(17^20))
   (10 + 7*17 + 8*17^2 + 13*17^3 + 10*17^4 + 4*17^5 + 3*17^6 + 4*17^8 + 12*17^9 + 8*17^10 + 3*17^11 + 9*17^12 + 14*17^13 + 9*17^14 + O(17^15) : 13 + 15*17 + 11*17^2 + 11*17^3 + 11*17^4 + 4*17^5 + 7*17^6 + 9*17^7 + 8*17^8 + 16*17^9 + 11*17^10 + 5*17^11 + 14*17^12 + 2*17^13 + 9*17^14 + 8*17^15 + O(17^16) : 1 + O(17^20))
   (10 + 7*17 + 8*17^2 + 13*17^3 + 10*17^4 + 4*17^5 + 3*17^6 + 4*17^8 + 12*17^9 + 8*17^10 + 3*17^11 + 9*17^12 + 14*17^13 + 9*17^14 + O(17^15) : 4 + 17 + 5*17^2 + 5*17^3 + 5*17^4 + 12*17^5 + 9*17^6 + 7*17^7 + 8*17^8 + 5*17^10 + 11*17^11 + 2*17^12 + 14*17^13 + 7*17^14 + 8*17^15 + O(17^16) : 1 + O(17^20))
   (10 + 7*17 + 8*17^2 + 13*17^3 + 10*17^5 + 13*17^6 + 13*17^7 + 14*17^8 + 10*17^10 + 14*17^11 + 4*17^12 + 9*17^13 + 8*17^14 + O(17^15) : 13 + 15*17 + 11*17^2 + 11*17^3 + 11*17^4 + 2*17^5 + 4*17^6 + 5*17^7 + 5*17^8 + 14*17^9 + 17^10 + 4*17^11 + 4*17^12 + 12*17^13 + 14*17^14 + 17^15 + O(17^16) : 1 + O(17^20))
   (10 + 7*17 + 8*17^2 + 13*17^3 + 10*17^5 + 13*17^6 + 13*17^7 + 14*17^8 + 10*17^10 + 14*17^11 + 4*17^12 + 9*17^13 + 8*17^14 + O(17^15) : 4 + 17 + 5*17^2 + 5*17^3 + 5*17^4 + 14*17^5 + 12*17^6 + 11*17^7 + 11*17^8 + 2*17^9 + 15*17^10 + 12*17^11 + 12*17^12 + 4*17^13 + 2*17^14 + 15*17^15 + O(17^16) : 1 + O(17^20))
   (10 + 7*17 + 8*17^2 + 13*17^3 + 10*17^5 + 16*17^6 + 17^7 + 4*17^8 + 14*17^9 + 2*17^10 + 2*17^11 + 11*17^12 + 14*17^13 + 10*17^14 + O(17^15) : 13 + 15*17 + 11*17^2 + 11*17^3 + 11*17^4 + 2*17^5 + 4*17^6 + 9*17^7 + 4*17^8 + 8*17^9 + 9*17^11 + 10*17^12 + 2*17^13 + 5*17^14 + 7*17^15 + O(17^16) : 1 + O(17^20))
   (10 + 7*17 + 8*17^2 + 13*17^3 + 10*17^5 + 16*17^6 + 17^7 + 4*17^8 + 14*17^9 + 2*17^10 + 2*17^11 + 11*17^12 + 14*17^13 + 10*17^14 + O(17^15) : 4 + 17 + 5*17^2 + 5*17^3 + 5*17^4 + 14*17^5 + 12*17^6 + 7*17^7 + 12*17^8 + 8*17^9 + 16*17^10 + 7*17^11 + 6*17^12 + 14*17^13 + 11*17^14 + 9*17^15 + O(17^16) : 1 + O(17^20))
   (10 + 7*17 + 8*17^2 + 13*17^3 + 16*17^4 + 17^5 + 6*17^6 + 10*17^7 + 12*17^8 + 10*17^9 + 17^10 + 8*17^11 + 8*17^12 + 4*17^13 + 5*17^14 + O(17^15) : 13 + 15*17 + 11*17^2 + 11*17^3 + 11*17^4 + 12*17^5 + 16*17^6 + 9*17^7 + 3*17^8 + 16*17^9 + 4*17^10 + 6*17^11 + 6*17^12 + 2*17^13 + 14*17^14 + O(17^16) : 1 + O(17^20))
   (10 + 7*17 + 8*17^2 + 13*17^3 + 16*17^4 + 17^5 + 6*17^6 + 10*17^7 + 12*17^8 + 10*17^9 + 17^10 + 8*17^11 + 8*17^12 + 4*17^13 + 5*17^14 + O(17^15) : 4 + 17 + 5*17^2 + 5*17^3 + 5*17^4 + 4*17^5 + 7*17^7 + 13*17^8 + 12*17^10 + 10*17^11 + 10*17^12 + 14*17^13 + 2*17^14 + 16*17^15 + O(17^16) : 1 + O(17^20))
   (10 + 7*17 + 8*17^2 + 13*17^3 + 3*17^4 + 6*17^6 + 5*17^7 + 7*17^8 + 9*17^9 + 9*17^10 + 9*17^11 + 4*17^12 + 17^13 + 17^14 + O(17^15) : 13 + 15*17 + 11*17^2 + 11*17^3 + 11*17^4 + 6*17^5 + 2*17^7 + 4*17^8 + 5*17^9 + 7*17^11 + 6*17^12 + 14*17^13 + 4*17^14 + 3*17^15 + O(17^16) : 1 + O(17^20))
   (10 + 7*17 + 8*17^2 + 13*17^3 + 3*17^4 + 6*17^6 + 5*17^7 + 7*17^8 + 9*17^9 + 9*17^10 + 9*17^11 + 4*17^12 + 17^13 + 17^14 + O(17^15) : 4 + 17 + 5*17^2 + 5*17^3 + 5*17^4 + 10*17^5 + 16*17^6 + 14*17^7 + 12*17^8 + 11*17^9 + 16*17^10 + 9*17^11 + 10*17^12 + 2*17^13 + 12*17^14 + 13*17^15 + O(17^16) : 1 + O(17^20))
   (10 + 7*17 + 8*17^2 + 13*17^3 + 6*17^4 + 15*17^5 + 17^6 + 12*17^7 + 7*17^8 + 14*17^9 + 3*17^10 + 3*17^11 + 16*17^12 + 3*17^13 + 7*17^14 + O(17^15) : 13 + 15*17 + 11*17^2 + 11*17^3 + 11*17^4 + 10*17^5 + 17^6 + 15*17^7 + 13*17^9 + 4*17^10 + 14*17^11 + 5*17^12 + 11*17^13 + 10*17^14 + 15*17^15 + O(17^16) : 1 + O(17^20))
   (10 + 7*17 + 8*17^2 + 13*17^3 + 6*17^4 + 15*17^5 + 17^6 + 12*17^7 + 7*17^8 + 14*17^9 + 3*17^10 + 3*17^11 + 16*17^12 + 3*17^13 + 7*17^14 + O(17^15) : 4 + 17 + 5*17^2 + 5*17^3 + 5*17^4 + 6*17^5 + 15*17^6 + 17^7 + 16*17^8 + 3*17^9 + 12*17^10 + 2*17^11 + 11*17^12 + 5*17^13 + 6*17^14 + 17^15 + O(17^16) : 1 + O(17^20))
   (10 + 7*17 + 8*17^2 + 13*17^3 + 7*17^4 + 8*17^5 + 5*17^6 + 3*17^7 + 2*17^8 + 5*17^9 + 8*17^10 + 16*17^11 + 16*17^12 + 14*17^13 + O(17^15) : 13 + 15*17 + 11*17^2 + 11*17^3 + 11*17^4 + 3*17^6 + 15*17^7 + 15*17^8 + 4*17^10 + 3*17^11 + 11*17^12 + 11*17^13 + 17^14 + 6*17^15 + O(17^16) : 1 + O(17^20))
   (10 + 7*17 + 8*17^2 + 13*17^3 + 7*17^4 + 8*17^5 + 5*17^6 + 3*17^7 + 2*17^8 + 5*17^9 + 8*17^10 + 16*17^11 + 16*17^12 + 14*17^13 + O(17^15) : 4 + 17 + 5*17^2 + 5*17^3 + 5*17^4 + 16*17^5 + 13*17^6 + 17^7 + 17^8 + 16*17^9 + 12*17^10 + 13*17^11 + 5*17^12 + 5*17^13 + 15*17^14 + 10*17^15 + O(17^16) : 1 + O(17^20))
   (10 + 7*17 + 8*17^2 + 14*17^3 + 10*17^4 + 15*17^5 + 17^6 + 5*17^7 + 14*17^8 + 12*17^9 + 17^10 + 7*17^11 + 16*17^12 + 2*17^13 + 12*17^14 + O(17^15) : 13 + 15*17 + 11*17^2 + 11*17^3 + 17^4 + 4*17^5 + 16*17^6 + 17^7 + 4*17^9 + 12*17^10 + 17^11 + 11*17^13 + 12*17^14 + 13*17^15 + O(17^16) : 1 + O(17^20))
   (10 + 7*17 + 8*17^2 + 14*17^3 + 10*17^4 + 15*17^5 + 17^6 + 5*17^7 + 14*17^8 + 12*17^9 + 17^10 + 7*17^11 + 16*17^12 + 2*17^13 + 12*17^14 + O(17^15) : 4 + 17 + 5*17^2 + 5*17^3 + 15*17^4 + 12*17^5 + 15*17^7 + 16*17^8 + 12*17^9 + 4*17^10 + 15*17^11 + 16*17^12 + 5*17^13 + 4*17^14 + 3*17^15 + O(17^16) : 1 + O(17^20))
   (10 + 7*17 + 8*17^2 + 14*17^3 + 10*17^4 + 15*17^5 + 5*17^6 + 17^7 + 5*17^8 + 4*17^9 + 11*17^10 + 14*17^13 + 16*17^14 + O(17^15) : 13 + 15*17 + 11*17^2 + 11*17^3 + 17^4 + 4*17^5 + 16*17^6 + 12*17^7 + 3*17^8 + 3*17^9 + 8*17^10 + 11*17^11 + 3*17^12 + 8*17^13 + 14*17^14 + 13*17^15 + O(17^16) : 1 + O(17^20))
   (10 + 7*17 + 8*17^2 + 14*17^3 + 10*17^4 + 15*17^5 + 5*17^6 + 17^7 + 5*17^8 + 4*17^9 + 11*17^10 + 14*17^13 + 16*17^14 + O(17^15) : 4 + 17 + 5*17^2 + 5*17^3 + 15*17^4 + 12*17^5 + 4*17^7 + 13*17^8 + 13*17^9 + 8*17^10 + 5*17^11 + 13*17^12 + 8*17^13 + 2*17^14 + 3*17^15 + O(17^16) : 1 + O(17^20))
   (10 + 7*17 + 8*17^2 + 14*17^3 + 17^4 + 14*17^5 + 11*17^6 + 3*17^7 + 17^8 + 2*17^9 + 13*17^10 + 15*17^11 + 3*17^12 + 4*17^13 + 6*17^14 + O(17^15) : 13 + 15*17 + 11*17^2 + 11*17^3 + 17^4 + 9*17^5 + 14*17^6 + 5*17^7 + 17^8 + 16*17^9 + 3*17^10 + 11*17^11 + 6*17^12 + 17^13 + 15*17^14 + 12*17^15 + O(17^16) : 1 + O(17^20))
   (10 + 7*17 + 8*17^2 + 14*17^3 + 17^4 + 14*17^5 + 11*17^6 + 3*17^7 + 17^8 + 2*17^9 + 13*17^10 + 15*17^11 + 3*17^12 + 4*17^13 + 6*17^14 + O(17^15) : 4 + 17 + 5*17^2 + 5*17^3 + 15*17^4 + 7*17^5 + 2*17^6 + 11*17^7 + 15*17^8 + 13*17^10 + 5*17^11 + 10*17^12 + 15*17^13 + 17^14 + 4*17^15 + O(17^16) : 1 + O(17^20))
   (10 + 7*17 + 8*17^2 + 14*17^3 + 3*17^4 + 14*17^5 + 9*17^6 + 15*17^7 + 17^8 + 14*17^9 + 17^10 + 9*17^11 + 8*17^12 + 3*17^13 + 4*17^14 + O(17^15) : 13 + 15*17 + 11*17^2 + 11*17^3 + 17^4 + 6*17^5 + 13*17^6 + 4*17^7 + 8*17^8 + 4*17^9 + 5*17^10 + 2*17^11 + 9*17^12 + 7*17^13 + 16*17^14 + 10*17^15 + O(17^16) : 1 + O(17^20))
   (10 + 7*17 + 8*17^2 + 14*17^3 + 3*17^4 + 14*17^5 + 9*17^6 + 15*17^7 + 17^8 + 14*17^9 + 17^10 + 9*17^11 + 8*17^12 + 3*17^13 + 4*17^14 + O(17^15) : 4 + 17 + 5*17^2 + 5*17^3 + 15*17^4 + 10*17^5 + 3*17^6 + 12*17^7 + 8*17^8 + 12*17^9 + 11*17^10 + 14*17^11 + 7*17^12 + 9*17^13 + 6*17^15 + O(17^16) : 1 + O(17^20))
   (10 + 7*17 + 8*17^2 + 14*17^3 + 5*17^4 + 13*17^6 + 16*17^7 + 14*17^8 + 11*17^9 + 5*17^10 + 12*17^11 + 10*17^12 + 13*17^13 + 8*17^14 + O(17^15) : 13 + 15*17 + 11*17^2 + 11*17^3 + 17^4 + 3*17^5 + 16*17^6 + 2*17^7 + 15*17^8 + 17^9 + 16*17^10 + 4*17^11 + 14*17^12 + 2*17^13 + 11*17^14 + 14*17^15 + O(17^16) : 1 + O(17^20))
   (10 + 7*17 + 8*17^2 + 14*17^3 + 5*17^4 + 13*17^6 + 16*17^7 + 14*17^8 + 11*17^9 + 5*17^10 + 12*17^11 + 10*17^12 + 13*17^13 + 8*17^14 + O(17^15) : 4 + 17 + 5*17^2 + 5*17^3 + 15*17^4 + 13*17^5 + 14*17^7 + 17^8 + 15*17^9 + 12*17^11 + 2*17^12 + 14*17^13 + 5*17^14 + 2*17^15 + O(17^16) : 1 + O(17^20))
   (10 + 7*17 + 8*17^2 + 14*17^3 + 7*17^4 + 5*17^5 + 13*17^6 + 15*17^7 + 14*17^8 + 4*17^9 + 9*17^10 + 13*17^11 + 3*17^12 + 15*17^13 + 8*17^14 + O(17^15) : 13 + 15*17 + 11*17^2 + 11*17^3 + 17^4 + 16*17^6 + 12*17^7 + 6*17^8 + 11*17^9 + 8*17^10 + 17^11 + 16*17^12 + 16*17^13 + 3*17^14 + 4*17^15 + O(17^16) : 1 + O(17^20))
   (10 + 7*17 + 8*17^2 + 14*17^3 + 7*17^4 + 5*17^5 + 13*17^6 + 15*17^7 + 14*17^8 + 4*17^9 + 9*17^10 + 13*17^11 + 3*17^12 + 15*17^13 + 8*17^14 + O(17^15) : 4 + 17 + 5*17^2 + 5*17^3 + 15*17^4 + 16*17^5 + 4*17^7 + 10*17^8 + 5*17^9 + 8*17^10 + 15*17^11 + 13*17^14 + 12*17^15 + O(17^16) : 1 + O(17^20))
   (10 + 7*17 + 8*17^2 + 14*17^3 + 7*17^4 + 5*17^5 + 9*17^6 + 8*17^7 + 4*17^8 + 4*17^9 + 10*17^10 + 17^11 + 2*17^12 + 14*17^13 + 2*17^14 + O(17^15) : 13 + 15*17 + 11*17^2 + 11*17^3 + 17^4 + 16*17^6 + 17^7 + 11*17^8 + 4*17^9 + 10*17^10 + 8*17^11 + 4*17^12 + 16*17^13 + 4*17^14 + 12*17^15 + O(17^16) : 1 + O(17^20))
   (10 + 7*17 + 8*17^2 + 14*17^3 + 7*17^4 + 5*17^5 + 9*17^6 + 8*17^7 + 4*17^8 + 4*17^9 + 10*17^10 + 17^11 + 2*17^12 + 14*17^13 + 2*17^14 + O(17^15) : 4 + 17 + 5*17^2 + 5*17^3 + 15*17^4 + 16*17^5 + 15*17^7 + 5*17^8 + 12*17^9 + 6*17^10 + 8*17^11 + 12*17^12 + 12*17^14 + 4*17^15 + O(17^16) : 1 + O(17^20))
   (10 + 7*17 + 8*17^2 + 14*17^3 + 8*17^4 + 7*17^5 + 3*17^6 + 9*17^7 + 11*17^8 + 10*17^9 + 8*17^10 + 14*17^11 + 4*17^12 + 3*17^13 + 8*17^14 + O(17^15) : 13 + 15*17 + 11*17^2 + 11*17^3 + 17^4 + 7*17^5 + 12*17^6 + 7*17^7 + 7*17^8 + 14*17^9 + 6*17^10 + 7*17^11 + 16*17^12 + 6*17^13 + 4*17^14 + 15*17^15 + O(17^16) : 1 + O(17^20))
   (10 + 7*17 + 8*17^2 + 14*17^3 + 8*17^4 + 7*17^5 + 3*17^6 + 9*17^7 + 11*17^8 + 10*17^9 + 8*17^10 + 14*17^11 + 4*17^12 + 3*17^13 + 8*17^14 + O(17^15) : 4 + 17 + 5*17^2 + 5*17^3 + 15*17^4 + 9*17^5 + 4*17^6 + 9*17^7 + 9*17^8 + 2*17^9 + 10*17^10 + 9*17^11 + 10*17^13 + 12*17^14 + 17^15 + O(17^16) : 1 + O(17^20))
   (10 + 7*17 + 8*17^2 + 14*17^3 + 9*17^4 + 2*17^5 + 10*17^6 + 2*17^7 + 8*17^8 + 12*17^10 + 5*17^11 + 7*17^12 + 6*17^13 + 5*17^14 + O(17^15) : 13 + 15*17 + 11*17^2 + 11*17^3 + 17^4 + 14*17^5 + 10*17^6 + 6*17^7 + 17^8 + 14*17^9 + 16*17^11 + 2*17^12 + 14*17^14 + 3*17^15 + O(17^16) : 1 + O(17^20))
   (10 + 7*17 + 8*17^2 + 14*17^3 + 9*17^4 + 2*17^5 + 10*17^6 + 2*17^7 + 8*17^8 + 12*17^10 + 5*17^11 + 7*17^12 + 6*17^13 + 5*17^14 + O(17^15) : 4 + 17 + 5*17^2 + 5*17^3 + 15*17^4 + 2*17^5 + 6*17^6 + 10*17^7 + 15*17^8 + 2*17^9 + 16*17^10 + 14*17^12 + 16*17^13 + 2*17^14 + 13*17^15 + O(17^16) : 1 + O(17^20))
   (10 + 7*17 + 8*17^2 + 14*17^4 + 2*17^5 + 17^6 + 7*17^7 + 3*17^8 + 5*17^9 + 2*17^10 + 4*17^11 + 3*17^12 + 8*17^13 + 6*17^14 + O(17^15) : 13 + 15*17 + 11*17^2 + 11*17^3 + 5*17^4 + 6*17^5 + 17^6 + 17^8 + 5*17^9 + 14*17^10 + 11*17^11 + 14*17^12 + 2*17^13 + 2*17^15 + O(17^16) : 1 + O(17^20))
   (10 + 7*17 + 8*17^2 + 14*17^4 + 2*17^5 + 17^6 + 7*17^7 + 3*17^8 + 5*17^9 + 2*17^10 + 4*17^11 + 3*17^12 + 8*17^13 + 6*17^14 + O(17^15) : 4 + 17 + 5*17^2 + 5*17^3 + 11*17^4 + 10*17^5 + 15*17^6 + 16*17^7 + 15*17^8 + 11*17^9 + 2*17^10 + 5*17^11 + 2*17^12 + 14*17^13 + 16*17^14 + 14*17^15 + O(17^16) : 1 + O(17^20))
   (10 + 7*17 + 8*17^2 + 15*17^3 + 10*17^4 + 14*17^5 + 14*17^6 + 7*17^7 + 16*17^8 + 2*17^9 + 3*17^10 + 17^11 + 5*17^12 + 7*17^13 + 14*17^14 + O(17^15) : 13 + 15*17 + 11*17^2 + 11*17^3 + 8*17^4 + 3*17^5 + 5*17^6 + 6*17^7 + 5*17^8 + 5*17^9 + 9*17^10 + 4*17^11 + 13*17^12 + 14*17^13 + 9*17^14 + O(17^16) : 1 + O(17^20))
   (10 + 7*17 + 8*17^2 + 15*17^3 + 10*17^4 + 14*17^5 + 14*17^6 + 7*17^7 + 16*17^8 + 2*17^9 + 3*17^10 + 17^11 + 5*17^12 + 7*17^13 + 14*17^14 + O(17^15) : 4 + 17 + 5*17^2 + 5*17^3 + 8*17^4 + 13*17^5 + 11*17^6 + 10*17^7 + 11*17^8 + 11*17^9 + 7*17^10 + 12*17^11 + 3*17^12 + 2*17^13 + 7*17^14 + 16*17^15 + O(17^16) : 1 + O(17^20))
   (10 + 7*17 + 8*17^2 + 15*17^3 + 10*17^4 + 14*17^5 + 6*17^6 + 3*17^7 + 16*17^8 + 11*17^9 + 12*17^10 + 14*17^11 + 13*17^12 + 16*17^13 + 2*17^14 + O(17^15) : 13 + 15*17 + 11*17^2 + 11*17^3 + 8*17^4 + 3*17^5 + 5*17^6 + 17^7 + 16*17^8 + 4*17^9 + 5*17^10 + 9*17^11 + 8*17^12 + 5*17^13 + 5*17^14 + 2*17^15 + O(17^16) : 1 + O(17^20))
   (10 + 7*17 + 8*17^2 + 15*17^3 + 10*17^4 + 14*17^5 + 6*17^6 + 3*17^7 + 16*17^8 + 11*17^9 + 12*17^10 + 14*17^11 + 13*17^12 + 16*17^13 + 2*17^14 + O(17^15) : 4 + 17 + 5*17^2 + 5*17^3 + 8*17^4 + 13*17^5 + 11*17^6 + 15*17^7 + 12*17^9 + 11*17^10 + 7*17^11 + 8*17^12 + 11*17^13 + 11*17^14 + 14*17^15 + O(17^16) : 1 + O(17^20))
   (10 + 7*17 + 8*17^2 + 15*17^3 + 12*17^4 + 17^5 + 10*17^6 + 8*17^8 + 4*17^9 + 9*17^10 + 14*17^11 + 6*17^12 + 17^13 + 17^14 + O(17^15) : 13 + 15*17 + 11*17^2 + 11*17^3 + 8*17^4 + 15*17^6 + 7*17^7 + 9*17^8 + 2*17^9 + 10*17^10 + 5*17^11 + 11*17^12 + 10*17^13 + 16*17^14 + 11*17^15 + O(17^16) : 1 + O(17^20))
   (10 + 7*17 + 8*17^2 + 15*17^3 + 12*17^4 + 17^5 + 10*17^6 + 8*17^8 + 4*17^9 + 9*17^10 + 14*17^11 + 6*17^12 + 17^13 + 17^14 + O(17^15) : 4 + 17 + 5*17^2 + 5*17^3 + 8*17^4 + 16*17^5 + 17^6 + 9*17^7 + 7*17^8 + 14*17^9 + 6*17^10 + 11*17^11 + 5*17^12 + 6*17^13 + 5*17^15 + O(17^16) : 1 + O(17^20))
   (10 + 7*17 + 8*17^2 + 15*17^3 + 12*17^4 + 2*17^5 + 11*17^6 + 13*17^7 + 8*17^8 + 15*17^9 + 14*17^10 + 2*17^11 + 6*17^12 + 6*17^13 + 11*17^14 + O(17^15) : 13 + 15*17 + 11*17^2 + 11*17^3 + 8*17^4 + 5*17^6 + 14*17^7 + 8*17^8 + 13*17^9 + 2*17^10 + 14*17^11 + 7*17^12 + 16*17^13 + 2*17^14 + 7*17^15 + O(17^16) : 1 + O(17^20))
   (10 + 7*17 + 8*17^2 + 15*17^3 + 12*17^4 + 2*17^5 + 11*17^6 + 13*17^7 + 8*17^8 + 15*17^9 + 14*17^10 + 2*17^11 + 6*17^12 + 6*17^13 + 11*17^14 + O(17^15) : 4 + 17 + 5*17^2 + 5*17^3 + 8*17^4 + 16*17^5 + 11*17^6 + 2*17^7 + 8*17^8 + 3*17^9 + 14*17^10 + 2*17^11 + 9*17^12 + 14*17^14 + 9*17^15 + O(17^16) : 1 + O(17^20))
   (10 + 7*17 + 8*17^2 + 15*17^3 + 15*17^5 + 7*17^7 + 4*17^8 + 12*17^9 + 11*17^10 + 15*17^11 + 6*17^12 + 12*17^14 + O(17^15) : 13 + 15*17 + 11*17^2 + 11*17^3 + 8*17^4 + 17^5 + 17^6 + 2*17^7 + 8*17^8 + 4*17^9 + 8*17^11 + 13*17^12 + 11*17^13 + 15*17^15 + O(17^16) : 1 + O(17^20))
   (10 + 7*17 + 8*17^2 + 15*17^3 + 15*17^5 + 7*17^7 + 4*17^8 + 12*17^9 + 11*17^10 + 15*17^11 + 6*17^12 + 12*17^14 + O(17^15) : 4 + 17 + 5*17^2 + 5*17^3 + 8*17^4 + 15*17^5 + 15*17^6 + 14*17^7 + 8*17^8 + 12*17^9 + 16*17^10 + 8*17^11 + 3*17^12 + 5*17^13 + 16*17^14 + 17^15 + O(17^16) : 1 + O(17^20))
   (10 + 7*17 + 8*17^2 + 15*17^3 + 17^4 + 10*17^5 + 11*17^6 + 4*17^8 + 11*17^9 + 7*17^10 + 14*17^11 + 2*17^12 + 8*17^13 + 9*17^14 + O(17^15) : 13 + 15*17 + 11*17^2 + 11*17^3 + 8*17^4 + 8*17^5 + 16*17^6 + 7*17^7 + 2*17^8 + 4*17^9 + 5*17^10 + 12*17^11 + 17^13 + 17^14 + 16*17^15 + O(17^16) : 1 + O(17^20))
   (10 + 7*17 + 8*17^2 + 15*17^3 + 17^4 + 10*17^5 + 11*17^6 + 4*17^8 + 11*17^9 + 7*17^10 + 14*17^11 + 2*17^12 + 8*17^13 + 9*17^14 + O(17^15) : 4 + 17 + 5*17^2 + 5*17^3 + 8*17^4 + 8*17^5 + 9*17^7 + 14*17^8 + 12*17^9 + 11*17^10 + 4*17^11 + 16*17^12 + 15*17^13 + 15*17^14 + O(17^16) : 1 + O(17^20))
   (10 + 7*17 + 8*17^2 + 15*17^3 + 4*17^4 + 7*17^5 + 13*17^6 + 6*17^7 + 4*17^8 + 7*17^9 + 12*17^10 + 13*17^11 + 9*17^12 + 9*17^13 + 14*17^14 + O(17^15) : 13 + 15*17 + 11*17^2 + 11*17^3 + 8*17^4 + 12*17^5 + 10*17^6 + 5*17^7 + 11*17^8 + 16*17^9 + 9*17^11 + 17^12 + 6*17^13 + 10*17^14 + 3*17^15 + O(17^16) : 1 + O(17^20))
   (10 + 7*17 + 8*17^2 + 15*17^3 + 4*17^4 + 7*17^5 + 13*17^6 + 6*17^7 + 4*17^8 + 7*17^9 + 12*17^10 + 13*17^11 + 9*17^12 + 9*17^13 + 14*17^14 + O(17^15) : 4 + 17 + 5*17^2 + 5*17^3 + 8*17^4 + 4*17^5 + 6*17^6 + 11*17^7 + 5*17^8 + 16*17^10 + 7*17^11 + 15*17^12 + 10*17^13 + 6*17^14 + 13*17^15 + O(17^16) : 1 + O(17^20))
   (10 + 7*17 + 8*17^2 + 15*17^3 + 4*17^4 + 7*17^5 + 4*17^6 + 14*17^7 + 14*17^8 + 10*17^9 + 4*17^10 + 6*17^11 + 15*17^13 + 6*17^14 + O(17^15) : 13 + 15*17 + 11*17^2 + 11*17^3 + 8*17^4 + 12*17^5 + 10*17^6 + 10*17^7 + 4*17^8 + 2*17^10 + 9*17^11 + 5*17^12 + 8*17^13 + 6*17^14 + 15*17^15 + O(17^16) : 1 + O(17^20))
   (10 + 7*17 + 8*17^2 + 15*17^3 + 4*17^4 + 7*17^5 + 4*17^6 + 14*17^7 + 14*17^8 + 10*17^9 + 4*17^10 + 6*17^11 + 15*17^13 + 6*17^14 + O(17^15) : 4 + 17 + 5*17^2 + 5*17^3 + 8*17^4 + 4*17^5 + 6*17^6 + 6*17^7 + 12*17^8 + 16*17^9 + 14*17^10 + 7*17^11 + 11*17^12 + 8*17^13 + 10*17^14 + 17^15 + O(17^16) : 1 + O(17^20))
   (10 + 7*17 + 8*17^2 + 15*17^3 + 8*17^4 + 12*17^5 + 14*17^6 + 10*17^7 + 8*17^8 + 7*17^10 + 6*17^11 + 13*17^12 + 13*17^14 + O(17^15) : 13 + 15*17 + 11*17^2 + 11*17^3 + 8*17^4 + 6*17^5 + 9*17^6 + 2*17^7 + 16*17^8 + 3*17^9 + 2*17^10 + 12*17^11 + 7*17^12 + 16*17^13 + 10*17^14 + 8*17^15 + O(17^16) : 1 + O(17^20))
   (10 + 7*17 + 8*17^2 + 15*17^3 + 8*17^4 + 12*17^5 + 14*17^6 + 10*17^7 + 8*17^8 + 7*17^10 + 6*17^11 + 13*17^12 + 13*17^14 + O(17^15) : 4 + 17 + 5*17^2 + 5*17^3 + 8*17^4 + 10*17^5 + 7*17^6 + 14*17^7 + 13*17^9 + 14*17^10 + 4*17^11 + 9*17^12 + 6*17^14 + 8*17^15 + O(17^16) : 1 + O(17^20))
   (10 + 7*17 + 8*17^2 + 15*17^4 + 14*17^5 + 11*17^6 + 10*17^7 + 12*17^8 + 12*17^9 + 4*17^10 + 11*17^12 + 3*17^13 + 4*17^14 + O(17^15) : 13 + 15*17 + 11*17^2 + 11*17^3 + 5*17^4 + 13*17^5 + 16*17^6 + 14*17^7 + 5*17^8 + 17^9 + 4*17^10 + 4*17^11 + 11*17^12 + 17^13 + 16*17^14 + O(17^16) : 1 + O(17^20))
   (10 + 7*17 + 8*17^2 + 15*17^4 + 14*17^5 + 11*17^6 + 10*17^7 + 12*17^8 + 12*17^9 + 4*17^10 + 11*17^12 + 3*17^13 + 4*17^14 + O(17^15) : 4 + 17 + 5*17^2 + 5*17^3 + 11*17^4 + 3*17^5 + 2*17^7 + 11*17^8 + 15*17^9 + 12*17^10 + 12*17^11 + 5*17^12 + 15*17^13 + 16*17^15 + O(17^16) : 1 + O(17^20))
   (10 + 7*17 + 8*17^2 + 17^3 + 10*17^4 + 12*17^5 + 14*17^6 + 13*17^7 + 14*17^8 + 13*17^9 + 5*17^10 + 6*17^11 + 13*17^12 + 4*17^14 + O(17^15) : 13 + 15*17 + 11*17^2 + 11*17^3 + 12*17^4 + 11*17^5 + 6*17^6 + 12*17^7 + 14*17^8 + 12*17^9 + 13*17^10 + 14*17^11 + 16*17^12 + 7*17^13 + 2*17^14 + 14*17^15 + O(17^16) : 1 + O(17^20))
   (10 + 7*17 + 8*17^2 + 17^3 + 10*17^4 + 12*17^5 + 14*17^6 + 13*17^7 + 14*17^8 + 13*17^9 + 5*17^10 + 6*17^11 + 13*17^12 + 4*17^14 + O(17^15) : 4 + 17 + 5*17^2 + 5*17^3 + 4*17^4 + 5*17^5 + 10*17^6 + 4*17^7 + 2*17^8 + 4*17^9 + 3*17^10 + 2*17^11 + 9*17^13 + 14*17^14 + 2*17^15 + O(17^16) : 1 + O(17^20))
   (10 + 7*17 + 8*17^2 + 17^3 + 12*17^4 + 15*17^5 + 4*17^7 + 7*17^8 + 5*17^9 + 6*17^11 + 11*17^13 + 16*17^14 + O(17^15) : 13 + 15*17 + 11*17^2 + 11*17^3 + 12*17^4 + 8*17^5 + 9*17^6 + 12*17^7 + 15*17^8 + 15*17^9 + 5*17^10 + 7*17^11 + 15*17^12 + 4*17^13 + 2*17^14 + 13*17^15 + O(17^16) : 1 + O(17^20))
   (10 + 7*17 + 8*17^2 + 17^3 + 12*17^4 + 15*17^5 + 4*17^7 + 7*17^8 + 5*17^9 + 6*17^11 + 11*17^13 + 16*17^14 + O(17^15) : 4 + 17 + 5*17^2 + 5*17^3 + 4*17^4 + 8*17^5 + 7*17^6 + 4*17^7 + 17^8 + 17^9 + 11*17^10 + 9*17^11 + 17^12 + 12*17^13 + 14*17^14 + 3*17^15 + O(17^16) : 1 + O(17^20))
   (10 + 7*17 + 8*17^2 + 17^3 + 14*17^4 + 15*17^5 + 15*17^6 + 4*17^7 + 17^8 + 15*17^9 + 17^10 + 4*17^11 + 4*17^12 + 6*17^13 + 3*17^14 + O(17^15) : 13 + 15*17 + 11*17^2 + 11*17^3 + 12*17^4 + 5*17^5 + 8*17^6 + 13*17^7 + 15*17^8 + 7*17^9 + 9*17^10 + 9*17^11 + 8*17^12 + 7*17^13 + 17^14 + 3*17^15 + O(17^16) : 1 + O(17^20))
   (10 + 7*17 + 8*17^2 + 17^3 + 14*17^4 + 15*17^5 + 15*17^6 + 4*17^7 + 17^8 + 15*17^9 + 17^10 + 4*17^11 + 4*17^12 + 6*17^13 + 3*17^14 + O(17^15) : 4 + 17 + 5*17^2 + 5*17^3 + 4*17^4 + 11*17^5 + 8*17^6 + 3*17^7 + 17^8 + 9*17^9 + 7*17^10 + 7*17^11 + 8*17^12 + 9*17^13 + 15*17^14 + 13*17^15 + O(17^16) : 1 + O(17^20))
   (10 + 7*17 + 8*17^2 + 17^3 + 5*17^4 + 14*17^5 + 4*17^6 + 14*17^7 + 7*17^8 + 12*17^9 + 3*17^10 + 17^11 + 11*17^12 + 10*17^13 + 15*17^14 + O(17^15) : 13 + 15*17 + 11*17^2 + 11*17^3 + 12*17^4 + 10*17^5 + 6*17^6 + 14*17^7 + 3*17^8 + 13*17^9 + 16*17^10 + 5*17^11 + 5*17^12 + 3*17^13 + 6*17^14 + 17^15 + O(17^16) : 1 + O(17^20))
   (10 + 7*17 + 8*17^2 + 17^3 + 5*17^4 + 14*17^5 + 4*17^6 + 14*17^7 + 7*17^8 + 12*17^9 + 3*17^10 + 17^11 + 11*17^12 + 10*17^13 + 15*17^14 + O(17^15) : 4 + 17 + 5*17^2 + 5*17^3 + 4*17^4 + 6*17^5 + 10*17^6 + 2*17^7 + 13*17^8 + 3*17^9 + 11*17^11 + 11*17^12 + 13*17^13 + 10*17^14 + 15*17^15 + O(17^16) : 1 + O(17^20))
   (10 + 7*17 + 8*17^2 + 17^3 + 5*17^4 + 14*17^5 + 8*17^6 + 10*17^7 + 15*17^8 + 15*17^9 + 7*17^10 + 16*17^11 + 6*17^12 + 14*17^13 + 17^14 + O(17^15) : 13 + 15*17 + 11*17^2 + 11*17^3 + 12*17^4 + 10*17^5 + 6*17^6 + 8*17^7 + 7*17^8 + 16*17^9 + 12*17^10 + 4*17^11 + 9*17^12 + 3*17^13 + 4*17^14 + 9*17^15 + O(17^16) : 1 + O(17^20))
   (10 + 7*17 + 8*17^2 + 17^3 + 5*17^4 + 14*17^5 + 8*17^6 + 10*17^7 + 15*17^8 + 15*17^9 + 7*17^10 + 16*17^11 + 6*17^12 + 14*17^13 + 17^14 + O(17^15) : 4 + 17 + 5*17^2 + 5*17^3 + 4*17^4 + 6*17^5 + 10*17^6 + 8*17^7 + 9*17^8 + 4*17^10 + 12*17^11 + 7*17^12 + 13*17^13 + 12*17^14 + 7*17^15 + O(17^16) : 1 + O(17^20))
   (10 + 7*17 + 8*17^2 + 17^3 + 6*17^4 + 10*17^5 + 16*17^7 + 7*17^8 + 15*17^9 + 7*17^10 + 9*17^11 + 9*17^12 + 13*17^13 + 5*17^14 + O(17^15) : 13 + 15*17 + 11*17^2 + 11*17^3 + 12*17^4 + 12*17^6 + 4*17^7 + 16*17^8 + 3*17^9 + 10*17^10 + 7*17^11 + 14*17^12 + 8*17^13 + 17^14 + 3*17^15 + O(17^16) : 1 + O(17^20))
   (10 + 7*17 + 8*17^2 + 17^3 + 6*17^4 + 10*17^5 + 16*17^7 + 7*17^8 + 15*17^9 + 7*17^10 + 9*17^11 + 9*17^12 + 13*17^13 + 5*17^14 + O(17^15) : 4 + 17 + 5*17^2 + 5*17^3 + 4*17^4 + 16*17^5 + 4*17^6 + 12*17^7 + 13*17^9 + 6*17^10 + 9*17^11 + 2*17^12 + 8*17^13 + 15*17^14 + 13*17^15 + O(17^16) : 1 + O(17^20))
   (10 + 7*17 + 8*17^2 + 17^3 + 7*17^4 + 5*17^5 + 7*17^6 + 12*17^7 + 14*17^8 + 6*17^9 + 3*17^10 + 10*17^11 + 15*17^12 + 6*17^13 + 15*17^14 + O(17^15) : 13 + 15*17 + 11*17^2 + 11*17^3 + 12*17^4 + 7*17^5 + 10*17^6 + 4*17^7 + 11*17^8 + 15*17^9 + 16*17^10 + 11*17^11 + 3*17^12 + 12*17^13 + 12*17^14 + 5*17^15 + O(17^16) : 1 + O(17^20))
   (10 + 7*17 + 8*17^2 + 17^3 + 7*17^4 + 5*17^5 + 7*17^6 + 12*17^7 + 14*17^8 + 6*17^9 + 3*17^10 + 10*17^11 + 15*17^12 + 6*17^13 + 15*17^14 + O(17^15) : 4 + 17 + 5*17^2 + 5*17^3 + 4*17^4 + 9*17^5 + 6*17^6 + 12*17^7 + 5*17^8 + 17^9 + 5*17^11 + 13*17^12 + 4*17^13 + 4*17^14 + 11*17^15 + O(17^16) : 1 + O(17^20))
   (10 + 7*17 + 8*17^2 + 17^3 + 8*17^4 + 7*17^5 + 14*17^6 + 8*17^7 + 17^8 + 3*17^9 + 5*17^10 + 16*17^11 + 10*17^12 + 13*17^13 + 7*17^14 + O(17^15) : 13 + 15*17 + 11*17^2 + 11*17^3 + 12*17^4 + 14*17^5 + 6*17^6 + 12*17^8 + 6*17^9 + 5*17^10 + 16*17^11 + 3*17^12 + 3*17^13 + 9*17^14 + O(17^16) : 1 + O(17^20))
   (10 + 7*17 + 8*17^2 + 17^3 + 8*17^4 + 7*17^5 + 14*17^6 + 8*17^7 + 17^8 + 3*17^9 + 5*17^10 + 16*17^11 + 10*17^12 + 13*17^13 + 7*17^14 + O(17^15) : 4 + 17 + 5*17^2 + 5*17^3 + 4*17^4 + 2*17^5 + 10*17^6 + 16*17^7 + 4*17^8 + 10*17^9 + 11*17^10 + 13*17^12 + 13*17^13 + 7*17^14 + 16*17^15 + O(17^16) : 1 + O(17^20))
   (10 + 7*17 + 8*17^2 + 17^3 + 8*17^4 + 7*17^5 + 17^6 + 16*17^7 + 11*17^8 + 15*17^9 + 15*17^10 + 15*17^11 + 7*17^12 + 7*17^13 + 12*17^14 + O(17^15) : 13 + 15*17 + 11*17^2 + 11*17^3 + 12*17^4 + 14*17^5 + 6*17^6 + 11*17^7 + 7*17^8 + 4*17^10 + 15*17^11 + 15*17^12 + 6*17^13 + 4*17^14 + O(17^16) : 1 + O(17^20))
   (10 + 7*17 + 8*17^2 + 17^3 + 8*17^4 + 7*17^5 + 17^6 + 16*17^7 + 11*17^8 + 15*17^9 + 15*17^10 + 15*17^11 + 7*17^12 + 7*17^13 + 12*17^14 + O(17^15) : 4 + 17 + 5*17^2 + 5*17^3 + 4*17^4 + 2*17^5 + 10*17^6 + 5*17^7 + 9*17^8 + 16*17^9 + 12*17^10 + 17^11 + 17^12 + 10*17^13 + 12*17^14 + 16*17^15 + O(17^16) : 1 + O(17^20))
   (10 + 7*17 + 8*17^2 + 2*17^3 + 12*17^4 + 12*17^5 + 12*17^6 + 6*17^7 + 16*17^8 + 12*17^9 + 14*17^10 + 11*17^11 + 9*17^12 + 5*17^13 + 4*17^14 + O(17^15) : 13 + 15*17 + 11*17^2 + 11*17^3 + 2*17^4 + 8*17^5 + 2*17^6 + 14*17^7 + 13*17^8 + 12*17^9 + 16*17^10 + 11*17^11 + 15*17^12 + 13*17^13 + 4*17^14 + 10*17^15 + O(17^16) : 1 + O(17^20))
   (10 + 7*17 + 8*17^2 + 2*17^3 + 12*17^4 + 12*17^5 + 12*17^6 + 6*17^7 + 16*17^8 + 12*17^9 + 14*17^10 + 11*17^11 + 9*17^12 + 5*17^13 + 4*17^14 + O(17^15) : 4 + 17 + 5*17^2 + 5*17^3 + 14*17^4 + 8*17^5 + 14*17^6 + 2*17^7 + 3*17^8 + 4*17^9 + 5*17^11 + 17^12 + 3*17^13 + 12*17^14 + 6*17^15 + O(17^16) : 1 + O(17^20))
   (10 + 7*17 + 8*17^2 + 2*17^3 + 15*17^4 + 2*17^5 + 2*17^6 + 15*17^7 + 5*17^8 + 10*17^9 + 7*17^10 + 3*17^11 + 8*17^12 + 10*17^14 + O(17^15) : 13 + 15*17 + 11*17^2 + 11*17^3 + 2*17^4 + 12*17^5 + 15*17^6 + 2*17^7 + 17^8 + 15*17^10 + 2*17^11 + 15*17^12 + 4*17^14 + 16*17^15 + O(17^16) : 1 + O(17^20))
   (10 + 7*17 + 8*17^2 + 2*17^3 + 15*17^4 + 2*17^5 + 2*17^6 + 15*17^7 + 5*17^8 + 10*17^9 + 7*17^10 + 3*17^11 + 8*17^12 + 10*17^14 + O(17^15) : 4 + 17 + 5*17^2 + 5*17^3 + 14*17^4 + 4*17^5 + 17^6 + 14*17^7 + 15*17^8 + 16*17^9 + 17^10 + 14*17^11 + 17^12 + 16*17^13 + 12*17^14 + O(17^16) : 1 + O(17^20))
   (10 + 7*17 + 8*17^2 + 2*17^3 + 15*17^4 + 2*17^5 + 5*17^6 + 3*17^7 + 12*17^8 + 11*17^9 + 5*17^10 + 3*17^11 + 2*17^12 + 13*17^13 + 13*17^14 + O(17^15) : 13 + 15*17 + 11*17^2 + 11*17^3 + 2*17^4 + 12*17^5 + 15*17^6 + 6*17^7 + 7*17^9 + 13*17^10 + 17^11 + 4*17^12 + 5*17^13 + 15*17^14 + 4*17^15 + O(17^16) : 1 + O(17^20))
   (10 + 7*17 + 8*17^2 + 2*17^3 + 15*17^4 + 2*17^5 + 5*17^6 + 3*17^7 + 12*17^8 + 11*17^9 + 5*17^10 + 3*17^11 + 2*17^12 + 13*17^13 + 13*17^14 + O(17^15) : 4 + 17 + 5*17^2 + 5*17^3 + 14*17^4 + 4*17^5 + 17^6 + 10*17^7 + 16*17^8 + 9*17^9 + 3*17^10 + 15*17^11 + 12*17^12 + 11*17^13 + 17^14 + 12*17^15 + O(17^16) : 1 + O(17^20))
   (10 + 7*17 + 8*17^2 + 2*17^3 + 16*17^4 + 10*17^5 + 12*17^6 + 2*17^7 + 7*17^8 + 17^9 + 2*17^10 + 7*17^11 + 17^12 + 8*17^13 + 9*17^14 + O(17^15) : 13 + 15*17 + 11*17^2 + 11*17^3 + 2*17^4 + 2*17^5 + 3*17^6 + 12*17^7 + 4*17^8 + 14*17^9 + 17^10 + 9*17^11 + 16*17^12 + 6*17^13 + 6*17^14 + 14*17^15 + O(17^16) : 1 + O(17^20))
   (10 + 7*17 + 8*17^2 + 2*17^3 + 16*17^4 + 10*17^5 + 12*17^6 + 2*17^7 + 7*17^8 + 17^9 + 2*17^10 + 7*17^11 + 17^12 + 8*17^13 + 9*17^14 + O(17^15) : 4 + 17 + 5*17^2 + 5*17^3 + 14*17^4 + 14*17^5 + 13*17^6 + 4*17^7 + 12*17^8 + 2*17^9 + 15*17^10 + 7*17^11 + 10*17^13 + 10*17^14 + 2*17^15 + O(17^16) : 1 + O(17^20))
   (10 + 7*17 + 8*17^2 + 2*17^3 + 5*17^4 + 2*17^5 + 2*17^6 + 11*17^7 + 9*17^8 + 4*17^9 + 7*17^10 + 2*17^11 + 5*17^14 + O(17^15) : 13 + 15*17 + 11*17^2 + 11*17^3 + 2*17^4 + 10*17^5 + 4*17^6 + 2*17^7 + 12*17^8 + 16*17^9 + 10*17^11 + 16*17^13 + 12*17^14 + 12*17^15 + O(17^16) : 1 + O(17^20))
   (10 + 7*17 + 8*17^2 + 2*17^3 + 5*17^4 + 2*17^5 + 2*17^6 + 11*17^7 + 9*17^8 + 4*17^9 + 7*17^10 + 2*17^11 + 5*17^14 + O(17^15) : 4 + 17 + 5*17^2 + 5*17^3 + 14*17^4 + 6*17^5 + 12*17^6 + 14*17^7 + 4*17^8 + 16*17^10 + 6*17^11 + 16*17^12 + 4*17^14 + 4*17^15 + O(17^16) : 1 + O(17^20))
   (10 + 7*17 + 8*17^2 + 2*17^3 + 5*17^4 + 8*17^5 + 15*17^6 + 5*17^7 + 12*17^8 + 11*17^9 + 10*17^10 + 5*17^11 + 13*17^12 + 16*17^13 + 14*17^14 + O(17^15) : 13 + 15*17 + 11*17^2 + 11*17^3 + 2*17^4 + 10*17^5 + 12*17^6 + 4*17^7 + 17^9 + 17^10 + 13*17^11 + 9*17^12 + 2*17^15 + O(17^16) : 1 + O(17^20))
   (10 + 7*17 + 8*17^2 + 2*17^3 + 5*17^4 + 8*17^5 + 15*17^6 + 5*17^7 + 12*17^8 + 11*17^9 + 10*17^10 + 5*17^11 + 13*17^12 + 16*17^13 + 14*17^14 + O(17^15) : 4 + 17 + 5*17^2 + 5*17^3 + 14*17^4 + 6*17^5 + 4*17^6 + 12*17^7 + 16*17^8 + 15*17^9 + 15*17^10 + 3*17^11 + 7*17^12 + 16*17^13 + 16*17^14 + 14*17^15 + O(17^16) : 1 + O(17^20))
   (10 + 7*17 + 8*17^2 + 2*17^3 + 8*17^4 + 4*17^5 + 13*17^6 + 7*17^7 + 4*17^8 + 7*17^9 + 6*17^10 + 7*17^11 + 11*17^12 + 6*17^13 + 14*17^14 + O(17^15) : 13 + 15*17 + 11*17^2 + 11*17^3 + 2*17^4 + 14*17^5 + 16*17^6 + 11*17^7 + 4*17^8 + 14*17^9 + 11*17^10 + 6*17^11 + 8*17^12 + 7*17^13 + 11*17^14 + O(17^16) : 1 + O(17^20))
   (10 + 7*17 + 8*17^2 + 2*17^3 + 8*17^4 + 4*17^5 + 13*17^6 + 7*17^7 + 4*17^8 + 7*17^9 + 6*17^10 + 7*17^11 + 11*17^12 + 6*17^13 + 14*17^14 + O(17^15) : 4 + 17 + 5*17^2 + 5*17^3 + 14*17^4 + 2*17^5 + 5*17^7 + 12*17^8 + 2*17^9 + 5*17^10 + 10*17^11 + 8*17^12 + 9*17^13 + 5*17^14 + 16*17^15 + O(17^16) : 1 + O(17^20))
   (10 + 7*17 + 8*17^2 + 2*17^3 + 9*17^4 + 14*17^5 + 16*17^6 + 11*17^7 + 15*17^8 + 8*17^9 + 14*17^10 + 10*17^11 + 13*17^12 + 3*17^13 + 13*17^14 + O(17^15) : 13 + 15*17 + 11*17^2 + 11*17^3 + 2*17^4 + 4*17^5 + 17^6 + 5*17^7 + 13*17^8 + 7*17^9 + 3*17^10 + 5*17^11 + 6*17^12 + 14*17^13 + 16*17^14 + 14*17^15 + O(17^16) : 1 + O(17^20))
   (10 + 7*17 + 8*17^2 + 2*17^3 + 9*17^4 + 14*17^5 + 16*17^6 + 11*17^7 + 15*17^8 + 8*17^9 + 14*17^10 + 10*17^11 + 13*17^12 + 3*17^13 + 13*17^14 + O(17^15) : 4 + 17 + 5*17^2 + 5*17^3 + 14*17^4 + 12*17^5 + 15*17^6 + 11*17^7 + 3*17^8 + 9*17^9 + 13*17^10 + 11*17^11 + 10*17^12 + 2*17^13 + 2*17^15 + O(17^16) : 1 + O(17^20))
   (10 + 7*17 + 8*17^2 + 3*17^3 + 10*17^4 + 2*17^5 + 17^6 + 3*17^7 + 15*17^8 + 14*17^9 + 16*17^10 + 6*17^11 + 6*17^12 + 17^13 + 6*17^14 + O(17^15) : 13 + 15*17 + 11*17^2 + 11*17^3 + 9*17^4 + 10*17^5 + 11*17^6 + 14*17^7 + 2*17^8 + 12*17^9 + 15*17^10 + 9*17^11 + 6*17^12 + 11*17^13 + 16*17^14 + 15*17^15 + O(17^16) : 1 + O(17^20))
   (10 + 7*17 + 8*17^2 + 3*17^3 + 10*17^4 + 2*17^5 + 17^6 + 3*17^7 + 15*17^8 + 14*17^9 + 16*17^10 + 6*17^11 + 6*17^12 + 17^13 + 6*17^14 + O(17^15) : 4 + 17 + 5*17^2 + 5*17^3 + 7*17^4 + 6*17^5 + 5*17^6 + 2*17^7 + 14*17^8 + 4*17^9 + 17^10 + 7*17^11 + 10*17^12 + 5*17^13 + 17^15 + O(17^16) : 1 + O(17^20))
   (10 + 7*17 + 8*17^2 + 3*17^3 + 10*17^5 + 16*17^6 + 6*17^7 + 5*17^8 + 16*17^9 + 5*17^10 + 8*17^11 + 3*17^12 + 10*17^13 + 16*17^14 + O(17^15) : 13 + 15*17 + 11*17^2 + 11*17^3 + 9*17^4 + 8*17^5 + 5*17^6 + 17^7 + 2*17^8 + 6*17^9 + 10*17^10 + 6*17^12 + 7*17^13 + 2*17^14 + 15*17^15 + O(17^16) : 1 + O(17^20))
   (10 + 7*17 + 8*17^2 + 3*17^3 + 10*17^5 + 16*17^6 + 6*17^7 + 5*17^8 + 16*17^9 + 5*17^10 + 8*17^11 + 3*17^12 + 10*17^13 + 16*17^14 + O(17^15) : 4 + 17 + 5*17^2 + 5*17^3 + 7*17^4 + 8*17^5 + 11*17^6 + 15*17^7 + 14*17^8 + 10*17^9 + 6*17^10 + 16*17^11 + 10*17^12 + 9*17^13 + 14*17^14 + 17^15 + O(17^16) : 1 + O(17^20))
   (10 + 7*17 + 8*17^2 + 3*17^3 + 11*17^4 + 15*17^5 + 16*17^6 + 15*17^7 + 6*17^8 + 5*17^9 + 16*17^10 + 10*17^11 + 14*17^12 + 15*17^13 + 15*17^14 + O(17^15) : 13 + 15*17 + 11*17^2 + 11*17^3 + 9*17^4 + 17^7 + 4*17^8 + 9*17^9 + 2*17^10 + 14*17^11 + 11*17^12 + 10*17^13 + 11*17^14 + 3*17^15 + O(17^16) : 1 + O(17^20))
   (10 + 7*17 + 8*17^2 + 3*17^3 + 11*17^4 + 15*17^5 + 16*17^6 + 15*17^7 + 6*17^8 + 5*17^9 + 16*17^10 + 10*17^11 + 14*17^12 + 15*17^13 + 15*17^14 + O(17^15) : 4 + 17 + 5*17^2 + 5*17^3 + 7*17^4 + 16*17^5 + 16*17^6 + 15*17^7 + 12*17^8 + 7*17^9 + 14*17^10 + 2*17^11 + 5*17^12 + 6*17^13 + 5*17^14 + 13*17^15 + O(17^16) : 1 + O(17^20))
   (10 + 7*17 + 8*17^2 + 3*17^3 + 12*17^4 + 10*17^5 + 13*17^6 + 10*17^7 + 17^8 + 12*17^9 + 15*17^10 + 2*17^11 + 16*17^12 + 12*17^13 + 7*17^14 + O(17^15) : 13 + 15*17 + 11*17^2 + 11*17^3 + 9*17^4 + 7*17^5 + 15*17^6 + 7*17^7 + 4*17^8 + 8*17^9 + 16*17^10 + 7*17^11 + 7*17^12 + 9*17^13 + 3*17^14 + 15*17^15 + O(17^16) : 1 + O(17^20))
   (10 + 7*17 + 8*17^2 + 3*17^3 + 12*17^4 + 10*17^5 + 13*17^6 + 10*17^7 + 17^8 + 12*17^9 + 15*17^10 + 2*17^11 + 16*17^12 + 12*17^13 + 7*17^14 + O(17^15) : 4 + 17 + 5*17^2 + 5*17^3 + 7*17^4 + 9*17^5 + 17^6 + 9*17^7 + 12*17^8 + 8*17^9 + 9*17^11 + 9*17^12 + 7*17^13 + 13*17^14 + 17^15 + O(17^16) : 1 + O(17^20))
   (10 + 7*17 + 8*17^2 + 3*17^3 + 14*17^4 + 9*17^5 + 12*17^6 + 5*17^7 + 12*17^8 + 16*17^9 + 3*17^10 + 6*17^11 + 17^12 + 17^13 + 9*17^14 + O(17^15) : 13 + 15*17 + 11*17^2 + 11*17^3 + 9*17^4 + 4*17^5 + 7*17^6 + 12*17^8 + 2*17^9 + 9*17^10 + 5*17^11 + 14*17^12 + 16*17^13 + 6*17^14 + 9*17^15 + O(17^16) : 1 + O(17^20))
   (10 + 7*17 + 8*17^2 + 3*17^3 + 14*17^4 + 9*17^5 + 12*17^6 + 5*17^7 + 12*17^8 + 16*17^9 + 3*17^10 + 6*17^11 + 17^12 + 17^13 + 9*17^14 + O(17^15) : 4 + 17 + 5*17^2 + 5*17^3 + 7*17^4 + 12*17^5 + 9*17^6 + 16*17^7 + 4*17^8 + 14*17^9 + 7*17^10 + 11*17^11 + 2*17^12 + 10*17^14 + 7*17^15 + O(17^16) : 1 + O(17^20))
   (10 + 7*17 + 8*17^2 + 3*17^3 + 15*17^4 + 12*17^5 + 6*17^6 + 6*17^7 + 10*17^8 + 8*17^9 + 2*17^10 + 15*17^11 + 9*17^12 + 11*17^13 + 5*17^14 + O(17^15) : 13 + 15*17 + 11*17^2 + 11*17^3 + 9*17^4 + 11*17^5 + 10*17^6 + 15*17^7 + 5*17^8 + 16*17^9 + 12*17^10 + 14*17^11 + 15*17^12 + 6*17^13 + 16*17^14 + 17^15 + O(17^16) : 1 + O(17^20))
   (10 + 7*17 + 8*17^2 + 3*17^3 + 15*17^4 + 12*17^5 + 6*17^6 + 6*17^7 + 10*17^8 + 8*17^9 + 2*17^10 + 15*17^11 + 9*17^12 + 11*17^13 + 5*17^14 + O(17^15) : 4 + 17 + 5*17^2 + 5*17^3 + 7*17^4 + 5*17^5 + 6*17^6 + 17^7 + 11*17^8 + 4*17^10 + 2*17^11 + 17^12 + 10*17^13 + 15*17^15 + O(17^16) : 1 + O(17^20))
   (10 + 7*17 + 8*17^2 + 3*17^3 + 2*17^4 + 11*17^5 + 16*17^6 + 2*17^7 + 11*17^8 + 13*17^9 + 2*17^10 + 11*17^11 + 4*17^12 + 7*17^13 + 2*17^14 + O(17^15) : 13 + 15*17 + 11*17^2 + 11*17^3 + 9*17^4 + 5*17^5 + 11*17^6 + 16*17^7 + 8*17^8 + 3*17^9 + 16*17^10 + 14*17^11 + 15*17^12 + 4*17^13 + 4*17^14 + 9*17^15 + O(17^16) : 1 + O(17^20))
   (10 + 7*17 + 8*17^2 + 3*17^3 + 2*17^4 + 11*17^5 + 16*17^6 + 2*17^7 + 11*17^8 + 13*17^9 + 2*17^10 + 11*17^11 + 4*17^12 + 7*17^13 + 2*17^14 + O(17^15) : 4 + 17 + 5*17^2 + 5*17^3 + 7*17^4 + 11*17^5 + 5*17^6 + 8*17^8 + 13*17^9 + 2*17^11 + 17^12 + 12*17^13 + 12*17^14 + 7*17^15 + O(17^16) : 1 + O(17^20))
   (10 + 7*17 + 8*17^2 + 3*17^3 + 2*17^4 + 11*17^5 + 17^6 + 17^7 + 12*17^8 + 17^9 + 17^10 + 15*17^11 + 6*17^12 + 17^13 + 2*17^14 + O(17^15) : 13 + 15*17 + 11*17^2 + 11*17^3 + 9*17^4 + 5*17^5 + 11*17^6 + 13*17^7 + 10*17^8 + 10*17^9 + 2*17^10 + 11*17^11 + 2*17^12 + 17^13 + 8*17^14 + 2*17^15 + O(17^16) : 1 + O(17^20))
   (10 + 7*17 + 8*17^2 + 3*17^3 + 2*17^4 + 11*17^5 + 17^6 + 17^7 + 12*17^8 + 17^9 + 17^10 + 15*17^11 + 6*17^12 + 17^13 + 2*17^14 + O(17^15) : 4 + 17 + 5*17^2 + 5*17^3 + 7*17^4 + 11*17^5 + 5*17^6 + 3*17^7 + 6*17^8 + 6*17^9 + 14*17^10 + 5*17^11 + 14*17^12 + 15*17^13 + 8*17^14 + 14*17^15 + O(17^16) : 1 + O(17^20))
   (10 + 7*17 + 8*17^2 + 3*17^3 + 2*17^4 + 2*17^5 + 7*17^6 + 6*17^7 + 5*17^8 + 14*17^9 + 15*17^10 + 6*17^11 + 8*17^12 + 2*17^13 + 6*17^14 + O(17^15) : 13 + 15*17 + 11*17^2 + 11*17^3 + 9*17^4 + 5*17^5 + 16*17^6 + 9*17^7 + 4*17^8 + 6*17^9 + 11*17^11 + 17^12 + 4*17^13 + 9*17^14 + 8*17^15 + O(17^16) : 1 + O(17^20))
   (10 + 7*17 + 8*17^2 + 3*17^3 + 2*17^4 + 2*17^5 + 7*17^6 + 6*17^7 + 5*17^8 + 14*17^9 + 15*17^10 + 6*17^11 + 8*17^12 + 2*17^13 + 6*17^14 + O(17^15) : 4 + 17 + 5*17^2 + 5*17^3 + 7*17^4 + 11*17^5 + 7*17^7 + 12*17^8 + 10*17^9 + 16*17^10 + 5*17^11 + 15*17^12 + 12*17^13 + 7*17^14 + 8*17^15 + O(17^16) : 1 + O(17^20))
   (10 + 7*17 + 8*17^2 + 3*17^4 + 10*17^5 + 17^6 + 3*17^7 + 15*17^8 + 10*17^9 + 7*17^10 + 8*17^11 + 7*17^12 + 17^13 + 7*17^14 + O(17^15) : 13 + 15*17 + 11*17^2 + 11*17^3 + 5*17^4 + 14*17^5 + 12*17^6 + 13*17^7 + 15*17^8 + 2*17^9 + 17^10 + 6*17^11 + 9*17^12 + 10*17^13 + 4*17^14 + 6*17^15 + O(17^16) : 1 + O(17^20))
   (10 + 7*17 + 8*17^2 + 3*17^4 + 10*17^5 + 17^6 + 3*17^7 + 15*17^8 + 10*17^9 + 7*17^10 + 8*17^11 + 7*17^12 + 17^13 + 7*17^14 + O(17^15) : 4 + 17 + 5*17^2 + 5*17^3 + 11*17^4 + 2*17^5 + 4*17^6 + 3*17^7 + 17^8 + 14*17^9 + 15*17^10 + 10*17^11 + 7*17^12 + 6*17^13 + 12*17^14 + 10*17^15 + O(17^16) : 1 + O(17^20))
   (10 + 7*17 + 8*17^2 + 3*17^4 + 11*17^5 + 2*17^6 + 16*17^7 + 8*17^8 + 10*17^9 + 14*17^10 + 3*17^11 + 8*17^12 + 10*17^13 + 12*17^14 + O(17^15) : 13 + 15*17 + 11*17^2 + 11*17^3 + 5*17^4 + 14*17^5 + 2*17^6 + 3*17^7 + 7*17^8 + 10*17^10 + 14*17^11 + 10*17^12 + 17^13 + 4*17^14 + 4*17^15 + O(17^16) : 1 + O(17^20))
   (10 + 7*17 + 8*17^2 + 3*17^4 + 11*17^5 + 2*17^6 + 16*17^7 + 8*17^8 + 10*17^9 + 14*17^10 + 3*17^11 + 8*17^12 + 10*17^13 + 12*17^14 + O(17^15) : 4 + 17 + 5*17^2 + 5*17^3 + 11*17^4 + 2*17^5 + 14*17^6 + 13*17^7 + 9*17^8 + 16*17^9 + 6*17^10 + 2*17^11 + 6*17^12 + 15*17^13 + 12*17^14 + 12*17^15 + O(17^16) : 1 + O(17^20))
   (10 + 7*17 + 8*17^2 + 4*17^3 + 10*17^4 + 13*17^5 + 3*17^6 + 8*17^7 + 17^8 + 15*17^9 + 8*17^10 + 9*17^11 + 14*17^12 + 11*17^13 + 17^14 + O(17^15) : 13 + 15*17 + 11*17^2 + 11*17^3 + 16*17^4 + 9*17^5 + 9*17^6 + 2*17^8 + 17^9 + 5*17^10 + 15*17^11 + 2*17^12 + 14*17^13 + 7*17^14 + 16*17^15 + O(17^16) : 1 + O(17^20))
   (10 + 7*17 + 8*17^2 + 4*17^3 + 10*17^4 + 13*17^5 + 3*17^6 + 8*17^7 + 17^8 + 15*17^9 + 8*17^10 + 9*17^11 + 14*17^12 + 11*17^13 + 17^14 + O(17^15) : 4 + 17 + 5*17^2 + 5*17^3 + 7*17^5 + 7*17^6 + 16*17^7 + 14*17^8 + 15*17^9 + 11*17^10 + 17^11 + 14*17^12 + 2*17^13 + 9*17^14 + O(17^16) : 1 + O(17^20))
   (10 + 7*17 + 8*17^2 + 4*17^3 + 11*17^4 + 7*17^5 + 10*17^6 + 11*17^7 + 9*17^8 + 13*17^9 + 15*17^10 + 8*17^11 + 7*17^12 + 12*17^13 + 5*17^14 + O(17^15) : 13 + 15*17 + 11*17^2 + 11*17^3 + 16*17^4 + 16*17^5 + 6*17^7 + 6*17^8 + 12*17^9 + 17^10 + 15*17^11 + 15*17^12 + 6*17^13 + 13*17^14 + 12*17^15 + O(17^16) : 1 + O(17^20))
   (10 + 7*17 + 8*17^2 + 4*17^3 + 11*17^4 + 7*17^5 + 10*17^6 + 11*17^7 + 9*17^8 + 13*17^9 + 15*17^10 + 8*17^11 + 7*17^12 + 12*17^13 + 5*17^14 + O(17^15) : 4 + 17 + 5*17^2 + 5*17^3 + 16*17^6 + 10*17^7 + 10*17^8 + 4*17^9 + 15*17^10 + 17^11 + 17^12 + 10*17^13 + 3*17^14 + 4*17^15 + O(17^16) : 1 + O(17^20))
   (10 + 7*17 + 8*17^2 + 4*17^3 + 14*17^4 + 14*17^5 + 10*17^6 + 3*17^7 + 2*17^8 + 12*17^9 + 16*17^10 + 16*17^11 + 3*17^12 + 7*17^13 + O(17^15) : 13 + 15*17 + 11*17^2 + 11*17^3 + 16*17^4 + 3*17^5 + 14*17^6 + 13*17^7 + 4*17^8 + 2*17^9 + 17^10 + 5*17^11 + 16*17^12 + 3*17^13 + 16*17^14 + 6*17^15 + O(17^16) : 1 + O(17^20))
   (10 + 7*17 + 8*17^2 + 4*17^3 + 14*17^4 + 14*17^5 + 10*17^6 + 3*17^7 + 2*17^8 + 12*17^9 + 16*17^10 + 16*17^11 + 3*17^12 + 7*17^13 + O(17^15) : 4 + 17 + 5*17^2 + 5*17^3 + 13*17^5 + 2*17^6 + 3*17^7 + 12*17^8 + 14*17^9 + 15*17^10 + 11*17^11 + 13*17^13 + 10*17^15 + O(17^16) : 1 + O(17^20))
   (10 + 7*17 + 8*17^2 + 4*17^3 + 14*17^4 + 7*17^6 + 12*17^7 + 16*17^8 + 10*17^9 + 16*17^10 + 14*17^11 + 3*17^12 + 14*17^13 + 3*17^14 + O(17^15) : 13 + 15*17 + 11*17^2 + 11*17^3 + 16*17^4 + 3*17^5 + 17^6 + 17^7 + 14*17^8 + 2*17^9 + 2*17^10 + 9*17^11 + 8*17^12 + 17^13 + 11*17^14 + 6*17^15 + O(17^16) : 1 + O(17^20))
   (10 + 7*17 + 8*17^2 + 4*17^3 + 14*17^4 + 7*17^6 + 12*17^7 + 16*17^8 + 10*17^9 + 16*17^10 + 14*17^11 + 3*17^12 + 14*17^13 + 3*17^14 + O(17^15) : 4 + 17 + 5*17^2 + 5*17^3 + 13*17^5 + 15*17^6 + 15*17^7 + 2*17^8 + 14*17^9 + 14*17^10 + 7*17^11 + 8*17^12 + 15*17^13 + 5*17^14 + 10*17^15 + O(17^16) : 1 + O(17^20))
   (10 + 7*17 + 8*17^2 + 4*17^3 + 16*17^4 + 11*17^5 + 12*17^6 + 7*17^7 + 3*17^8 + 13*17^9 + 9*17^10 + 9*17^11 + 16*17^12 + 4*17^13 + 11*17^14 + O(17^15) : 13 + 15*17 + 11*17^2 + 11*17^3 + 16*17^4 + 9*17^6 + 3*17^7 + 6*17^8 + 7*17^9 + 15*17^11 + 3*17^12 + 14*17^13 + 8*17^15 + O(17^16) : 1 + O(17^20))
   (10 + 7*17 + 8*17^2 + 4*17^3 + 16*17^4 + 11*17^5 + 12*17^6 + 7*17^7 + 3*17^8 + 13*17^9 + 9*17^10 + 9*17^11 + 16*17^12 + 4*17^13 + 11*17^14 + O(17^15) : 4 + 17 + 5*17^2 + 5*17^3 + 16*17^5 + 7*17^6 + 13*17^7 + 10*17^8 + 9*17^9 + 16*17^10 + 17^11 + 13*17^12 + 2*17^13 + 16*17^14 + 8*17^15 + O(17^16) : 1 + O(17^20))
   (10 + 7*17 + 8*17^2 + 4*17^3 + 16*17^4 + 11*17^5 + 6*17^7 + 16*17^8 + 11*17^9 + 6*17^10 + 10*17^11 + 6*17^12 + 4*17^13 + 14*17^14 + O(17^15) : 13 + 15*17 + 11*17^2 + 11*17^3 + 16*17^4 + 9*17^6 + 4*17^7 + 6*17^8 + 2*17^10 + 12*17^11 + 16*17^12 + 4*17^13 + 11*17^14 + 12*17^15 + O(17^16) : 1 + O(17^20))
   (10 + 7*17 + 8*17^2 + 4*17^3 + 16*17^4 + 11*17^5 + 6*17^7 + 16*17^8 + 11*17^9 + 6*17^10 + 10*17^11 + 6*17^12 + 4*17^13 + 14*17^14 + O(17^15) : 4 + 17 + 5*17^2 + 5*17^3 + 16*17^5 + 7*17^6 + 12*17^7 + 10*17^8 + 16*17^9 + 14*17^10 + 4*17^11 + 12*17^13 + 5*17^14 + 4*17^15 + O(17^16) : 1 + O(17^20))
   (10 + 7*17 + 8*17^2 + 4*17^3 + 3*17^4 + 15*17^5 + 9*17^6 + 17^7 + 2*17^8 + 16*17^9 + 10*17^10 + 15*17^11 + 7*17^12 + 7*17^13 + 8*17^14 + O(17^15) : 13 + 15*17 + 11*17^2 + 11*17^3 + 16*17^4 + 11*17^5 + 10*17^6 + 13*17^7 + 4*17^8 + 3*17^9 + 6*17^10 + 14*17^11 + 13*17^12 + 15*17^13 + 10*17^14 + 12*17^15 + O(17^16) : 1 + O(17^20))
   (10 + 7*17 + 8*17^2 + 4*17^3 + 3*17^4 + 15*17^5 + 9*17^6 + 17^7 + 2*17^8 + 16*17^9 + 10*17^10 + 15*17^11 + 7*17^12 + 7*17^13 + 8*17^14 + O(17^15) : 4 + 17 + 5*17^2 + 5*17^3 + 5*17^5 + 6*17^6 + 3*17^7 + 12*17^8 + 13*17^9 + 10*17^10 + 2*17^11 + 3*17^12 + 17^13 + 6*17^14 + 4*17^15 + O(17^16) : 1 + O(17^20))
   (10 + 7*17 + 8*17^2 + 4*17^3 + 3*17^4 + 17^5 + 16*17^6 + 7*17^7 + 7*17^8 + 4*17^9 + 3*17^10 + 4*17^12 + 2*17^13 + 11*17^14 + O(17^15) : 13 + 15*17 + 11*17^2 + 11*17^3 + 16*17^4 + 11*17^5 + 14*17^6 + 2*17^7 + 4*17^8 + 12*17^9 + 11*17^10 + 11*17^11 + 4*17^12 + 2*17^13 + 12*17^14 + 15*17^15 + O(17^16) : 1 + O(17^20))
   (10 + 7*17 + 8*17^2 + 4*17^3 + 3*17^4 + 17^5 + 16*17^6 + 7*17^7 + 7*17^8 + 4*17^9 + 3*17^10 + 4*17^12 + 2*17^13 + 11*17^14 + O(17^15) : 4 + 17 + 5*17^2 + 5*17^3 + 5*17^5 + 2*17^6 + 14*17^7 + 12*17^8 + 4*17^9 + 5*17^10 + 5*17^11 + 12*17^12 + 14*17^13 + 4*17^14 + 17^15 + O(17^16) : 1 + O(17^20))
   (10 + 7*17 + 8*17^2 + 4*17^3 + 5*17^4 + 3*17^5 + 10*17^6 + 14*17^7 + 12*17^8 + 8*17^9 + 5*17^10 + 6*17^11 + 13*17^12 + 17^14 + O(17^15) : 13 + 15*17 + 11*17^2 + 11*17^3 + 16*17^4 + 8*17^5 + 10*17^6 + 17^7 + 3*17^8 + 9*17^9 + 9*17^10 + 7*17^11 + 7*17^12 + 7*17^13 + 11*17^14 + 3*17^15 + O(17^16) : 1 + O(17^20))
   (10 + 7*17 + 8*17^2 + 4*17^3 + 5*17^4 + 3*17^5 + 10*17^6 + 14*17^7 + 12*17^8 + 8*17^9 + 5*17^10 + 6*17^11 + 13*17^12 + 17^14 + O(17^15) : 4 + 17 + 5*17^2 + 5*17^3 + 8*17^5 + 6*17^6 + 15*17^7 + 13*17^8 + 7*17^9 + 7*17^10 + 9*17^11 + 9*17^12 + 9*17^13 + 5*17^14 + 13*17^15 + O(17^16) : 1 + O(17^20))
   (10 + 7*17 + 8*17^2 + 4*17^3 + 9*17^4 + 17^5 + 6*17^6 + 14*17^7 + 12*17^9 + 6*17^10 + 7*17^11 + 8*17^12 + 5*17^13 + 2*17^14 + O(17^15) : 13 + 15*17 + 11*17^2 + 11*17^3 + 16*17^4 + 2*17^5 + 11*17^6 + 7*17^7 + 13*17^8 + 16*17^9 + 3*17^10 + 14*17^11 + 2*17^12 + 5*17^13 + 11*17^14 + 6*17^15 + O(17^16) : 1 + O(17^20))
   (10 + 7*17 + 8*17^2 + 4*17^3 + 9*17^4 + 17^5 + 6*17^6 + 14*17^7 + 12*17^9 + 6*17^10 + 7*17^11 + 8*17^12 + 5*17^13 + 2*17^14 + O(17^15) : 4 + 17 + 5*17^2 + 5*17^3 + 14*17^5 + 5*17^6 + 9*17^7 + 3*17^8 + 13*17^10 + 2*17^11 + 14*17^12 + 11*17^13 + 5*17^14 + 10*17^15 + O(17^16) : 1 + O(17^20))
   (10 + 7*17 + 8*17^2 + 5*17^3 + 10*17^4 + 2*17^5 + 4*17^6 + 12*17^7 + 4*17^8 + 9*17^9 + 16*17^10 + 14*17^11 + 4*17^13 + 9*17^14 + O(17^15) : 13 + 15*17 + 11*17^2 + 11*17^3 + 6*17^4 + 9*17^5 + 2*17^6 + 11*17^7 + 11*17^9 + 12*17^10 + 3*17^11 + 16*17^12 + 14*17^13 + 3*17^14 + 6*17^15 + O(17^16) : 1 + O(17^20))
   (10 + 7*17 + 8*17^2 + 5*17^3 + 10*17^4 + 2*17^5 + 4*17^6 + 12*17^7 + 4*17^8 + 9*17^9 + 16*17^10 + 14*17^11 + 4*17^13 + 9*17^14 + O(17^15) : 4 + 17 + 5*17^2 + 5*17^3 + 10*17^4 + 7*17^5 + 14*17^6 + 5*17^7 + 16*17^8 + 5*17^9 + 4*17^10 + 13*17^11 + 2*17^13 + 13*17^14 + 10*17^15 + O(17^16) : 1 + O(17^20))
   (10 + 7*17 + 8*17^2 + 5*17^3 + 10*17^4 + 5*17^5 + 16*17^6 + 5*17^7 + 2*17^8 + 3*17^9 + 2*17^10 + 4*17^11 + 17^12 + 9*17^14 + O(17^15) : 13 + 15*17 + 11*17^2 + 11*17^3 + 6*17^4 + 9*17^5 + 6*17^6 + 8*17^7 + 12*17^8 + 11*17^9 + 3*17^10 + 4*17^11 + 9*17^12 + 16*17^13 + 12*17^14 + 7*17^15 + O(17^16) : 1 + O(17^20))
   (10 + 7*17 + 8*17^2 + 5*17^3 + 10*17^4 + 5*17^5 + 16*17^6 + 5*17^7 + 2*17^8 + 3*17^9 + 2*17^10 + 4*17^11 + 17^12 + 9*17^14 + O(17^15) : 4 + 17 + 5*17^2 + 5*17^3 + 10*17^4 + 7*17^5 + 10*17^6 + 8*17^7 + 4*17^8 + 5*17^9 + 13*17^10 + 12*17^11 + 7*17^12 + 4*17^14 + 9*17^15 + O(17^16) : 1 + O(17^20))
   (10 + 7*17 + 8*17^2 + 5*17^3 + 14*17^4 + 2*17^5 + 9*17^6 + 16*17^7 + 8*17^8 + 12*17^10 + 8*17^11 + 6*17^12 + 11*17^13 + 5*17^14 + O(17^15) : 13 + 15*17 + 11*17^2 + 11*17^3 + 6*17^4 + 3*17^5 + 12*17^7 + 2*17^8 + 7*17^9 + 5*17^10 + 10*17^11 + 9*17^12 + 6*17^13 + 16*17^14 + 15*17^15 + O(17^16) : 1 + O(17^20))
   (10 + 7*17 + 8*17^2 + 5*17^3 + 14*17^4 + 2*17^5 + 9*17^6 + 16*17^7 + 8*17^8 + 12*17^10 + 8*17^11 + 6*17^12 + 11*17^13 + 5*17^14 + O(17^15) : 4 + 17 + 5*17^2 + 5*17^3 + 10*17^4 + 13*17^5 + 16*17^6 + 4*17^7 + 14*17^8 + 9*17^9 + 11*17^10 + 6*17^11 + 7*17^12 + 10*17^13 + 17^15 + O(17^16) : 1 + O(17^20))
   (10 + 7*17 + 8*17^2 + 5*17^3 + 2*17^4 + 12*17^5 + 14*17^6 + 9*17^7 + 11*17^8 + 9*17^9 + 12*17^10 + 8*17^11 + 13*17^12 + 16*17^13 + O(17^15) : 13 + 15*17 + 11*17^2 + 11*17^3 + 6*17^4 + 4*17^5 + 9*17^6 + 7*17^7 + 14*17^8 + 11*17^9 + 10*17^10 + 9*17^11 + 16*17^12 + 8*17^13 + 13*17^14 + 9*17^15 + O(17^16) : 1 + O(17^20))
   (10 + 7*17 + 8*17^2 + 5*17^3 + 2*17^4 + 12*17^5 + 14*17^6 + 9*17^7 + 11*17^8 + 9*17^9 + 12*17^10 + 8*17^11 + 13*17^12 + 16*17^13 + O(17^15) : 4 + 17 + 5*17^2 + 5*17^3 + 10*17^4 + 12*17^5 + 7*17^6 + 9*17^7 + 2*17^8 + 5*17^9 + 6*17^10 + 7*17^11 + 8*17^13 + 3*17^14 + 7*17^15 + O(17^16) : 1 + O(17^20))
   (10 + 7*17 + 8*17^2 + 5*17^3 + 2*17^4 + 12*17^5 + 4*17^6 + 2*17^7 + 17^8 + 13*17^9 + 6*17^10 + 2*17^12 + 16*17^13 + 17^14 + O(17^15) : 13 + 15*17 + 11*17^2 + 11*17^3 + 6*17^4 + 4*17^5 + 9*17^6 + 5*17^7 + 5*17^8 + 14*17^9 + 16*17^10 + 5*17^11 + 8*17^12 + 9*17^13 + 3*17^14 + 6*17^15 + O(17^16) : 1 + O(17^20))
   (10 + 7*17 + 8*17^2 + 5*17^3 + 2*17^4 + 12*17^5 + 4*17^6 + 2*17^7 + 17^8 + 13*17^9 + 6*17^10 + 2*17^12 + 16*17^13 + 17^14 + O(17^15) : 4 + 17 + 5*17^2 + 5*17^3 + 10*17^4 + 12*17^5 + 7*17^6 + 11*17^7 + 11*17^8 + 2*17^9 + 11*17^11 + 8*17^12 + 7*17^13 + 13*17^14 + 10*17^15 + O(17^16) : 1 + O(17^20))
   (10 + 7*17 + 8*17^2 + 5*17^3 + 2*17^4 + 6*17^5 + 11*17^6 + 10*17^7 + 3*17^8 + 11*17^9 + 7*17^10 + 5*17^11 + 15*17^12 + 6*17^13 + 5*17^14 + O(17^15) : 13 + 15*17 + 11*17^2 + 11*17^3 + 6*17^4 + 4*17^5 + 17^6 + 7*17^7 + 6*17^8 + 13*17^9 + 10*17^10 + 16*17^11 + 16*17^12 + 8*17^13 + 7*17^14 + 10*17^15 + O(17^16) : 1 + O(17^20))
   (10 + 7*17 + 8*17^2 + 5*17^3 + 2*17^4 + 6*17^5 + 11*17^6 + 10*17^7 + 3*17^8 + 11*17^9 + 7*17^10 + 5*17^11 + 15*17^12 + 6*17^13 + 5*17^14 + O(17^15) : 4 + 17 + 5*17^2 + 5*17^3 + 10*17^4 + 12*17^5 + 15*17^6 + 9*17^7 + 10*17^8 + 3*17^9 + 6*17^10 + 8*17^13 + 9*17^14 + 6*17^15 + O(17^16) : 1 + O(17^20))
   (10 + 7*17 + 8*17^2 + 5*17^3 + 3*17^4 + 17^5 + 3*17^6 + 17^7 + 16*17^8 + 9*17^9 + 14*17^10 + 5*17^11 + 16*17^13 + 2*17^14 + O(17^15) : 13 + 15*17 + 11*17^2 + 11*17^3 + 6*17^4 + 11*17^5 + 16*17^6 + 4*17^7 + 10*17^8 + 3*17^9 + 11*17^10 + 5*17^12 + 16*17^13 + 4*17^14 + 4*17^15 + O(17^16) : 1 + O(17^20))
   (10 + 7*17 + 8*17^2 + 5*17^3 + 3*17^4 + 17^5 + 3*17^6 + 17^7 + 16*17^8 + 9*17^9 + 14*17^10 + 5*17^11 + 16*17^13 + 2*17^14 + O(17^15) : 4 + 17 + 5*17^2 + 5*17^3 + 10*17^4 + 5*17^5 + 12*17^7 + 6*17^8 + 13*17^9 + 5*17^10 + 16*17^11 + 11*17^12 + 12*17^14 + 12*17^15 + O(17^16) : 1 + O(17^20))
   (10 + 7*17 + 8*17^2 + 5*17^3 + 8*17^4 + 14*17^5 + 2*17^6 + 3*17^7 + 11*17^8 + 15*17^9 + 15*17^10 + 5*17^11 + 17^12 + 3*17^13 + 11*17^14 + O(17^15) : 13 + 15*17 + 11*17^2 + 11*17^3 + 6*17^4 + 12*17^5 + 2*17^6 + 7*17^7 + 2*17^8 + 17^9 + 3*17^10 + 16*17^11 + 12*17^12 + 6*17^13 + 2*17^14 + 17^15 + O(17^16) : 1 + O(17^20))
   (10 + 7*17 + 8*17^2 + 5*17^3 + 8*17^4 + 14*17^5 + 2*17^6 + 3*17^7 + 11*17^8 + 15*17^9 + 15*17^10 + 5*17^11 + 17^12 + 3*17^13 + 11*17^14 + O(17^15) : 4 + 17 + 5*17^2 + 5*17^3 + 10*17^4 + 4*17^5 + 14*17^6 + 9*17^7 + 14*17^8 + 15*17^9 + 13*17^10 + 4*17^12 + 10*17^13 + 14*17^14 + 15*17^15 + O(17^16) : 1 + O(17^20))
   (10 + 7*17 + 8*17^2 + 5*17^4 + 15*17^5 + 14*17^6 + 11*17^7 + 13*17^9 + 16*17^10 + 14*17^11 + 16*17^12 + 7*17^13 + 10*17^14 + O(17^15) : 13 + 15*17 + 11*17^2 + 11*17^3 + 5*17^4 + 11*17^5 + 12*17^6 + 5*17^7 + 3*17^8 + 2*17^9 + 7*17^10 + 5*17^11 + 6*17^12 + 10*17^13 + 7*17^14 + 3*17^15 + O(17^16) : 1 + O(17^20))
   (10 + 7*17 + 8*17^2 + 5*17^4 + 15*17^5 + 14*17^6 + 11*17^7 + 13*17^9 + 16*17^10 + 14*17^11 + 16*17^12 + 7*17^13 + 10*17^14 + O(17^15) : 4 + 17 + 5*17^2 + 5*17^3 + 11*17^4 + 5*17^5 + 4*17^6 + 11*17^7 + 13*17^8 + 14*17^9 + 9*17^10 + 11*17^11 + 10*17^12 + 6*17^13 + 9*17^14 + 13*17^15 + O(17^16) : 1 + O(17^20))
   (10 + 7*17 + 8*17^2 + 5*17^4 + 15*17^5 + 5*17^6 + 16*17^7 + 16*17^9 + 17^10 + 6*17^11 + 3*17^12 + 8*17^13 + 3*17^14 + O(17^15) : 13 + 15*17 + 11*17^2 + 11*17^3 + 5*17^4 + 11*17^5 + 12*17^6 + 10*17^7 + 9*17^8 + 6*17^9 + 11*17^10 + 6*17^11 + 11*17^12 + 5*17^13 + 8*17^14 + 7*17^15 + O(17^16) : 1 + O(17^20))
   (10 + 7*17 + 8*17^2 + 5*17^4 + 15*17^5 + 5*17^6 + 16*17^7 + 16*17^9 + 17^10 + 6*17^11 + 3*17^12 + 8*17^13 + 3*17^14 + O(17^15) : 4 + 17 + 5*17^2 + 5*17^3 + 11*17^4 + 5*17^5 + 4*17^6 + 6*17^7 + 7*17^8 + 10*17^9 + 5*17^10 + 10*17^11 + 5*17^12 + 11*17^13 + 8*17^14 + 9*17^15 + O(17^16) : 1 + O(17^20))
   (10 + 7*17 + 8*17^2 + 6*17^3 + 13*17^4 + 12*17^5 + 16*17^6 + 8*17^8 + 17^9 + 11*17^10 + 2*17^11 + 13*17^12 + 17^13 + 14*17^14 + O(17^15) : 13 + 15*17 + 11*17^2 + 11*17^3 + 13*17^4 + 12*17^5 + 8*17^7 + 9*17^8 + 9*17^9 + 6*17^10 + 16*17^11 + 9*17^12 + 4*17^13 + 3*17^14 + 6*17^15 + O(17^16) : 1 + O(17^20))
   (10 + 7*17 + 8*17^2 + 6*17^3 + 13*17^4 + 12*17^5 + 16*17^6 + 8*17^8 + 17^9 + 11*17^10 + 2*17^11 + 13*17^12 + 17^13 + 14*17^14 + O(17^15) : 4 + 17 + 5*17^2 + 5*17^3 + 3*17^4 + 4*17^5 + 16*17^6 + 8*17^7 + 7*17^8 + 7*17^9 + 10*17^10 + 7*17^12 + 12*17^13 + 13*17^14 + 10*17^15 + O(17^16) : 1 + O(17^20))
   (10 + 7*17 + 8*17^2 + 6*17^3 + 13*17^4 + 9*17^6 + 2*17^7 + 8*17^8 + 7*17^9 + 2*17^10 + 8*17^13 + 10*17^14 + O(17^15) : 13 + 15*17 + 11*17^2 + 11*17^3 + 13*17^4 + 12*17^5 + 17^6 + 8*17^8 + 13*17^9 + 15*17^10 + 4*17^11 + 16*17^12 + 8*17^13 + 5*17^15 + O(17^16) : 1 + O(17^20))
   (10 + 7*17 + 8*17^2 + 6*17^3 + 13*17^4 + 9*17^6 + 2*17^7 + 8*17^8 + 7*17^9 + 2*17^10 + 8*17^13 + 10*17^14 + O(17^15) : 4 + 17 + 5*17^2 + 5*17^3 + 3*17^4 + 4*17^5 + 15*17^6 + 16*17^7 + 8*17^8 + 3*17^9 + 17^10 + 12*17^11 + 8*17^13 + 16*17^14 + 11*17^15 + O(17^16) : 1 + O(17^20))
   (10 + 7*17 + 8*17^2 + 6*17^3 + 16*17^4 + 12*17^5 + 14*17^6 + 3*17^7 + 14*17^8 + 17^9 + 15*17^10 + 7*17^11 + 10*17^12 + 9*17^13 + 11*17^14 + O(17^15) : 13 + 15*17 + 11*17^2 + 11*17^3 + 13*17^4 + 16*17^5 + 15*17^6 + 15*17^7 + 10*17^8 + 8*17^9 + 4*17^10 + 2*17^11 + 5*17^12 + 2*17^13 + 14*17^14 + 15*17^15 + O(17^16) : 1 + O(17^20))
   (10 + 7*17 + 8*17^2 + 6*17^3 + 16*17^4 + 12*17^5 + 14*17^6 + 3*17^7 + 14*17^8 + 17^9 + 15*17^10 + 7*17^11 + 10*17^12 + 9*17^13 + 11*17^14 + O(17^15) : 4 + 17 + 5*17^2 + 5*17^3 + 3*17^4 + 17^6 + 17^7 + 6*17^8 + 8*17^9 + 12*17^10 + 14*17^11 + 11*17^12 + 14*17^13 + 2*17^14 + 17^15 + O(17^16) : 1 + O(17^20))
   (10 + 7*17 + 8*17^2 + 6*17^3 + 16*17^4 + 14*17^5 + 5*17^6 + 12*17^7 + 5*17^8 + 13*17^9 + 7*17^11 + 11*17^12 + 17^13 + 15*17^14 + O(17^15) : 13 + 15*17 + 11*17^2 + 11*17^3 + 13*17^4 + 16*17^5 + 12*17^6 + 2*17^7 + 3*17^8 + 13*17^9 + 7*17^10 + 15*17^11 + 17^12 + 9*17^13 + 5*17^14 + 6*17^15 + O(17^16) : 1 + O(17^20))
   (10 + 7*17 + 8*17^2 + 6*17^3 + 16*17^4 + 14*17^5 + 5*17^6 + 12*17^7 + 5*17^8 + 13*17^9 + 7*17^11 + 11*17^12 + 17^13 + 15*17^14 + O(17^15) : 4 + 17 + 5*17^2 + 5*17^3 + 3*17^4 + 4*17^6 + 14*17^7 + 13*17^8 + 3*17^9 + 9*17^10 + 17^11 + 15*17^12 + 7*17^13 + 11*17^14 + 10*17^15 + O(17^16) : 1 + O(17^20))
   (10 + 7*17 + 8*17^2 + 6*17^3 + 16*17^4 + 6*17^6 + 14*17^7 + 14*17^8 + 6*17^9 + 5*17^10 + 7*17^11 + 3*17^13 + 8*17^14 + O(17^15) : 13 + 15*17 + 11*17^2 + 11*17^3 + 13*17^4 + 16*17^5 + 16*17^6 + 5*17^8 + 2*17^9 + 15*17^10 + 2*17^11 + 11*17^12 + 17^13 + 7*17^14 + 5*17^15 + O(17^16) : 1 + O(17^20))
   (10 + 7*17 + 8*17^2 + 6*17^3 + 16*17^4 + 6*17^6 + 14*17^7 + 14*17^8 + 6*17^9 + 5*17^10 + 7*17^11 + 3*17^13 + 8*17^14 + O(17^15) : 4 + 17 + 5*17^2 + 5*17^3 + 3*17^4 + 16*17^7 + 11*17^8 + 14*17^9 + 17^10 + 14*17^11 + 5*17^12 + 15*17^13 + 9*17^14 + 11*17^15 + O(17^16) : 1 + O(17^20))
   (10 + 7*17 + 8*17^2 + 6*17^3 + 2*17^4 + 2*17^5 + 14*17^6 + 12*17^7 + 5*17^9 + 13*17^11 + 15*17^12 + 2*17^13 + 12*17^14 + O(17^15) : 13 + 15*17 + 11*17^2 + 11*17^3 + 13*17^4 + 3*17^5 + 5*17^6 + 10*17^7 + 10*17^8 + 15*17^9 + 13*17^10 + 13*17^11 + 10*17^12 + 15*17^13 + 8*17^14 + 7*17^15 + O(17^16) : 1 + O(17^20))
   (10 + 7*17 + 8*17^2 + 6*17^3 + 2*17^4 + 2*17^5 + 14*17^6 + 12*17^7 + 5*17^9 + 13*17^11 + 15*17^12 + 2*17^13 + 12*17^14 + O(17^15) : 4 + 17 + 5*17^2 + 5*17^3 + 3*17^4 + 13*17^5 + 11*17^6 + 6*17^7 + 6*17^8 + 17^9 + 3*17^10 + 3*17^11 + 6*17^12 + 17^13 + 8*17^14 + 9*17^15 + O(17^16) : 1 + O(17^20))
   (10 + 7*17 + 8*17^2 + 6*17^3 + 3*17^4 + 8*17^5 + 10*17^6 + 5*17^7 + 11*17^8 + 14*17^9 + 5*17^10 + 16*17^11 + 8*17^12 + 11*17^13 + 15*17^14 + O(17^15) : 13 + 15*17 + 11*17^2 + 11*17^3 + 13*17^4 + 10*17^5 + 12*17^6 + 8*17^7 + 3*17^8 + 4*17^9 + 15*17^10 + 12*17^11 + 13*17^12 + 11*17^13 + 3*17^14 + 15*17^15 + O(17^16) : 1 + O(17^20))
   (10 + 7*17 + 8*17^2 + 6*17^3 + 3*17^4 + 8*17^5 + 10*17^6 + 5*17^7 + 11*17^8 + 14*17^9 + 5*17^10 + 16*17^11 + 8*17^12 + 11*17^13 + 15*17^14 + O(17^15) : 4 + 17 + 5*17^2 + 5*17^3 + 3*17^4 + 6*17^5 + 4*17^6 + 8*17^7 + 13*17^8 + 12*17^9 + 17^10 + 4*17^11 + 3*17^12 + 5*17^13 + 13*17^14 + 17^15 + O(17^16) : 1 + O(17^20))
   (10 + 7*17 + 8*17^2 + 6*17^3 + 5*17^4 + 16*17^5 + 3*17^6 + 14*17^7 + 10*17^8 + 3*17^9 + 10*17^10 + 15*17^11 + 7*17^12 + 14*17^13 + 5*17^14 + O(17^15) : 13 + 15*17 + 11*17^2 + 11*17^3 + 13*17^4 + 7*17^5 + 16*17^6 + 14*17^7 + 10*17^9 + 13*17^10 + 12*17^12 + 2*17^13 + 5*17^14 + 7*17^15 + O(17^16) : 1 + O(17^20))
   (10 + 7*17 + 8*17^2 + 6*17^3 + 5*17^4 + 16*17^5 + 3*17^6 + 14*17^7 + 10*17^8 + 3*17^9 + 10*17^10 + 15*17^11 + 7*17^12 + 14*17^13 + 5*17^14 + O(17^15) : 4 + 17 + 5*17^2 + 5*17^3 + 3*17^4 + 9*17^5 + 2*17^7 + 16*17^8 + 6*17^9 + 3*17^10 + 16*17^11 + 4*17^12 + 14*17^13 + 11*17^14 + 9*17^15 + O(17^16) : 1 + O(17^20))
   (10 + 7*17 + 8*17^2 + 6*17^3 + 5*17^4 + 16*17^5 + 9*17^6 + 11*17^7 + 4*17^8 + 6*17^9 + 2*17^10 + 2*17^11 + 14*17^12 + 15*17^13 + 6*17^14 + O(17^15) : 13 + 15*17 + 11*17^2 + 11*17^3 + 13*17^4 + 7*17^5 + 16*17^6 + 5*17^7 + 10*17^8 + 13*17^9 + 15*17^10 + 3*17^11 + 16*17^12 + 15*17^13 + 13*17^14 + 15*17^15 + O(17^16) : 1 + O(17^20))
   (10 + 7*17 + 8*17^2 + 6*17^3 + 5*17^4 + 16*17^5 + 9*17^6 + 11*17^7 + 4*17^8 + 6*17^9 + 2*17^10 + 2*17^11 + 14*17^12 + 15*17^13 + 6*17^14 + O(17^15) : 4 + 17 + 5*17^2 + 5*17^3 + 3*17^4 + 9*17^5 + 11*17^7 + 6*17^8 + 3*17^9 + 17^10 + 13*17^11 + 17^13 + 3*17^14 + 17^15 + O(17^16) : 1 + O(17^20))
   (10 + 7*17 + 8*17^2 + 7*17^3 + 10*17^5 + 6*17^6 + 5*17^7 + 3*17^8 + 17^9 + 13*17^10 + 16*17^11 + 12*17^12 + 16*17^14 + O(17^15) : 13 + 15*17 + 11*17^2 + 11*17^3 + 3*17^4 + 6*17^5 + 5*17^6 + 15*17^7 + 13*17^8 + 6*17^9 + 3*17^10 + 3*17^11 + 3*17^12 + 17^13 + 7*17^14 + 14*17^15 + O(17^16) : 1 + O(17^20))
   (10 + 7*17 + 8*17^2 + 7*17^3 + 10*17^5 + 6*17^6 + 5*17^7 + 3*17^8 + 17^9 + 13*17^10 + 16*17^11 + 12*17^12 + 16*17^14 + O(17^15) : 4 + 17 + 5*17^2 + 5*17^3 + 13*17^4 + 10*17^5 + 11*17^6 + 17^7 + 3*17^8 + 10*17^9 + 13*17^10 + 13*17^11 + 13*17^12 + 15*17^13 + 9*17^14 + 2*17^15 + O(17^16) : 1 + O(17^20))
   (10 + 7*17 + 8*17^2 + 7*17^3 + 15*17^4 + 10*17^5 + 9*17^6 + 14*17^7 + 3*17^8 + 7*17^9 + 6*17^11 + 10*17^12 + 7*17^14 + O(17^15) : 13 + 15*17 + 11*17^2 + 11*17^3 + 3*17^4 + 9*17^5 + 13*17^6 + 10*17^8 + 8*17^9 + 4*17^11 + 16*17^12 + 3*17^13 + 12*17^14 + 10*17^15 + O(17^16) : 1 + O(17^20))
   (10 + 7*17 + 8*17^2 + 7*17^3 + 15*17^4 + 10*17^5 + 9*17^6 + 14*17^7 + 3*17^8 + 7*17^9 + 6*17^11 + 10*17^12 + 7*17^14 + O(17^15) : 4 + 17 + 5*17^2 + 5*17^3 + 13*17^4 + 7*17^5 + 3*17^6 + 16*17^7 + 6*17^8 + 8*17^9 + 16*17^10 + 12*17^11 + 13*17^13 + 4*17^14 + 6*17^15 + O(17^16) : 1 + O(17^20))
   (10 + 7*17 + 8*17^2 + 7*17^3 + 17^4 + 4*17^5 + 7*17^6 + 7*17^7 + 9*17^8 + 17^9 + 15*17^10 + 4*17^11 + 5*17^12 + 4*17^13 + 16*17^14 + O(17^15) : 13 + 15*17 + 11*17^2 + 11*17^3 + 3*17^4 + 13*17^5 + 13*17^6 + 13*17^8 + 4*17^9 + 12*17^10 + 16*17^11 + 4*17^12 + 11*17^13 + 13*17^14 + O(17^16) : 1 + O(17^20))
   (10 + 7*17 + 8*17^2 + 7*17^3 + 17^4 + 4*17^5 + 7*17^6 + 7*17^7 + 9*17^8 + 17^9 + 15*17^10 + 4*17^11 + 5*17^12 + 4*17^13 + 16*17^14 + O(17^15) : 4 + 17 + 5*17^2 + 5*17^3 + 13*17^4 + 3*17^5 + 3*17^6 + 16*17^7 + 3*17^8 + 12*17^9 + 4*17^10 + 12*17^12 + 5*17^13 + 3*17^14 + 16*17^15 + O(17^16) : 1 + O(17^20))
   (10 + 7*17 + 8*17^2 + 7*17^3 + 5*17^4 + 13*17^5 + 10*17^6 + 8*17^7 + 12*17^8 + 10*17^9 + 9*17^10 + 11*17^11 + 6*17^13 + 11*17^14 + O(17^15) : 13 + 15*17 + 11*17^2 + 11*17^3 + 3*17^4 + 7*17^5 + 6*17^6 + 17^7 + 13*17^8 + 15*17^9 + 14*17^10 + 7*17^11 + 14*17^12 + 8*17^13 + 12*17^14 + 2*17^15 + O(17^16) : 1 + O(17^20))
   (10 + 7*17 + 8*17^2 + 7*17^3 + 5*17^4 + 13*17^5 + 10*17^6 + 8*17^7 + 12*17^8 + 10*17^9 + 9*17^10 + 11*17^11 + 6*17^13 + 11*17^14 + O(17^15) : 4 + 17 + 5*17^2 + 5*17^3 + 13*17^4 + 9*17^5 + 10*17^6 + 15*17^7 + 3*17^8 + 17^9 + 2*17^10 + 9*17^11 + 2*17^12 + 8*17^13 + 4*17^14 + 14*17^15 + O(17^16) : 1 + O(17^20))
   (10 + 7*17 + 8*17^2 + 7*17^3 + 6*17^4 + 15*17^5 + 13*17^6 + 17^7 + 8*17^8 + 13*17^10 + 11*17^11 + 9*17^12 + 2*17^13 + 5*17^14 + O(17^15) : 13 + 15*17 + 11*17^2 + 11*17^3 + 3*17^4 + 14*17^5 + 2*17^6 + 13*17^7 + 16*17^8 + 2*17^9 + 15*17^10 + 2*17^11 + 8*17^12 + 17^13 + 6*17^14 + 3*17^15 + O(17^16) : 1 + O(17^20))
   (10 + 7*17 + 8*17^2 + 7*17^3 + 6*17^4 + 15*17^5 + 13*17^6 + 17^7 + 8*17^8 + 13*17^10 + 11*17^11 + 9*17^12 + 2*17^13 + 5*17^14 + O(17^15) : 4 + 17 + 5*17^2 + 5*17^3 + 13*17^4 + 2*17^5 + 14*17^6 + 3*17^7 + 14*17^9 + 17^10 + 14*17^11 + 8*17^12 + 15*17^13 + 10*17^14 + 13*17^15 + O(17^16) : 1 + O(17^20))
   (10 + 7*17 + 8*17^2 + 7*17^3 + 7*17^4 + 4*17^5 + 13*17^6 + 11*17^7 + 4*17^8 + 3*17^9 + 10*17^10 + 3*17^11 + 13*17^12 + 14*17^13 + 14*17^14 + O(17^15) : 13 + 15*17 + 11*17^2 + 11*17^3 + 3*17^4 + 4*17^5 + 10*17^6 + 11*17^7 + 3*17^8 + 17^9 + 10*17^10 + 14*17^11 + 5*17^12 + 8*17^13 + 6*17^14 + 10*17^15 + O(17^16) : 1 + O(17^20))
   (10 + 7*17 + 8*17^2 + 7*17^3 + 7*17^4 + 4*17^5 + 13*17^6 + 11*17^7 + 4*17^8 + 3*17^9 + 10*17^10 + 3*17^11 + 13*17^12 + 14*17^13 + 14*17^14 + O(17^15) : 4 + 17 + 5*17^2 + 5*17^3 + 13*17^4 + 12*17^5 + 6*17^6 + 5*17^7 + 13*17^8 + 15*17^9 + 6*17^10 + 2*17^11 + 11*17^12 + 8*17^13 + 10*17^14 + 6*17^15 + O(17^16) : 1 + O(17^20))
   (10 + 7*17 + 8*17^2 + 7*17^3 + 8*17^4 + 12*17^5 + 10*17^6 + 9*17^7 + 5*17^8 + 11*17^11 + 4*17^12 + 13*17^13 + 13*17^14 + O(17^15) : 13 + 15*17 + 11*17^2 + 11*17^3 + 3*17^4 + 11*17^5 + 14*17^6 + 11*17^7 + 6*17^8 + 13*17^9 + 6*17^10 + 17^11 + 17^12 + 17^13 + 8*17^14 + O(17^16) : 1 + O(17^20))
   (10 + 7*17 + 8*17^2 + 7*17^3 + 8*17^4 + 12*17^5 + 10*17^6 + 9*17^7 + 5*17^8 + 11*17^11 + 4*17^12 + 13*17^13 + 13*17^14 + O(17^15) : 4 + 17 + 5*17^2 + 5*17^3 + 13*17^4 + 5*17^5 + 2*17^6 + 5*17^7 + 10*17^8 + 3*17^9 + 10*17^10 + 15*17^11 + 15*17^12 + 15*17^13 + 8*17^14 + 16*17^15 + O(17^16) : 1 + O(17^20))
   (10 + 7*17 + 8*17^2 + 7*17^4 + 15*17^6 + 11*17^7 + 11*17^8 + 14*17^9 + 6*17^11 + 14*17^12 + 2*17^13 + 17^14 + O(17^15) : 13 + 15*17 + 11*17^2 + 11*17^3 + 5*17^4 + 8*17^5 + 8*17^6 + 10*17^7 + 2*17^8 + 5*17^9 + 4*17^11 + 3*17^12 + 14*17^13 + 16*17^14 + 17^15 + O(17^16) : 1 + O(17^20))
   (10 + 7*17 + 8*17^2 + 7*17^4 + 15*17^6 + 11*17^7 + 11*17^8 + 14*17^9 + 6*17^11 + 14*17^12 + 2*17^13 + 17^14 + O(17^15) : 4 + 17 + 5*17^2 + 5*17^3 + 11*17^4 + 8*17^5 + 8*17^6 + 6*17^7 + 14*17^8 + 11*17^9 + 16*17^10 + 12*17^11 + 13*17^12 + 2*17^13 + 15*17^15 + O(17^16) : 1 + O(17^20))
   (10 + 7*17 + 8*17^2 + 8*17^3 + 10*17^4 + 16*17^5 + 10*17^6 + 4*17^7 + 14*17^8 + 16*17^9 + 13*17^10 + 12*17^11 + 12*17^12 + 11*17^13 + 5*17^14 + O(17^15) : 13 + 15*17 + 11*17^2 + 11*17^3 + 10*17^4 + 7*17^5 + 14*17^6 + 12*17^7 + 17^8 + 7*17^9 + 3*17^10 + 3*17^11 + 4*17^12 + 15*17^13 + 8*17^14 + 2*17^15 + O(17^16) : 1 + O(17^20))
   (10 + 7*17 + 8*17^2 + 8*17^3 + 10*17^4 + 16*17^5 + 10*17^6 + 4*17^7 + 14*17^8 + 16*17^9 + 13*17^10 + 12*17^11 + 12*17^12 + 11*17^13 + 5*17^14 + O(17^15) : 4 + 17 + 5*17^2 + 5*17^3 + 6*17^4 + 9*17^5 + 2*17^6 + 4*17^7 + 15*17^8 + 9*17^9 + 13*17^10 + 13*17^11 + 12*17^12 + 17^13 + 8*17^14 + 14*17^15 + O(17^16) : 1 + O(17^20))
   (10 + 7*17 + 8*17^2 + 8*17^3 + 14*17^4 + 8*17^5 + 14*17^6 + 8*17^7 + 10*17^8 + 17^9 + 2*17^10 + 8*17^11 + 4*17^12 + 9*17^13 + 3*17^14 + O(17^15) : 13 + 15*17 + 11*17^2 + 11*17^3 + 10*17^4 + 17^5 + 7*17^6 + 14*17^7 + 2*17^8 + 10*17^9 + 3*17^10 + 16*17^11 + 5*17^12 + 9*17^13 + 7*17^14 + 3*17^15 + O(17^16) : 1 + O(17^20))
   (10 + 7*17 + 8*17^2 + 8*17^3 + 14*17^4 + 8*17^5 + 14*17^6 + 8*17^7 + 10*17^8 + 17^9 + 2*17^10 + 8*17^11 + 4*17^12 + 9*17^13 + 3*17^14 + O(17^15) : 4 + 17 + 5*17^2 + 5*17^3 + 6*17^4 + 15*17^5 + 9*17^6 + 2*17^7 + 14*17^8 + 6*17^9 + 13*17^10 + 11*17^12 + 7*17^13 + 9*17^14 + 13*17^15 + O(17^16) : 1 + O(17^20))
   (10 + 7*17 + 8*17^2 + 8*17^3 + 15*17^4 + 2*17^5 + 15*17^6 + 15*17^7 + 2*17^8 + 17^9 + 11*17^10 + 13*17^11 + 13*17^12 + 3*17^14 + O(17^15) : 13 + 15*17 + 11*17^2 + 11*17^3 + 10*17^4 + 8*17^5 + 15*17^6 + 12*17^7 + 6*17^8 + 14*17^9 + 8*17^10 + 7*17^11 + 4*17^12 + 17^13 + 16*17^14 + 4*17^15 + O(17^16) : 1 + O(17^20))
   (10 + 7*17 + 8*17^2 + 8*17^3 + 15*17^4 + 2*17^5 + 15*17^6 + 15*17^7 + 2*17^8 + 17^9 + 11*17^10 + 13*17^11 + 13*17^12 + 3*17^14 + O(17^15) : 4 + 17 + 5*17^2 + 5*17^3 + 6*17^4 + 8*17^5 + 17^6 + 4*17^7 + 10*17^8 + 2*17^9 + 8*17^10 + 9*17^11 + 12*17^12 + 15*17^13 + 12*17^15 + O(17^16) : 1 + O(17^20))
   (10 + 7*17 + 8*17^2 + 8*17^3 + 2*17^5 + 12*17^6 + 16*17^7 + 8*17^8 + 12*17^9 + 6*17^10 + 8*17^11 + 13*17^12 + 5*17^13 + 2*17^14 + O(17^15) : 13 + 15*17 + 11*17^2 + 11*17^3 + 10*17^4 + 5*17^5 + 7*17^6 + 2*17^7 + 3*17^8 + 3*17^9 + 10*17^11 + 14*17^12 + 5*17^14 + 5*17^15 + O(17^16) : 1 + O(17^20))
   (10 + 7*17 + 8*17^2 + 8*17^3 + 2*17^5 + 12*17^6 + 16*17^7 + 8*17^8 + 12*17^9 + 6*17^10 + 8*17^11 + 13*17^12 + 5*17^13 + 2*17^14 + O(17^15) : 4 + 17 + 5*17^2 + 5*17^3 + 6*17^4 + 11*17^5 + 9*17^6 + 14*17^7 + 13*17^8 + 13*17^9 + 16*17^10 + 6*17^11 + 2*17^12 + 16*17^13 + 11*17^14 + 11*17^15 + O(17^16) : 1 + O(17^20))
   (10 + 7*17 + 8*17^2 + 8*17^3 + 7*17^4 + 11*17^6 + 5*17^7 + 4*17^8 + 13*17^9 + 4*17^10 + 17^11 + 8*17^12 + 4*17^13 + 9*17^14 + O(17^15) : 13 + 15*17 + 11*17^2 + 11*17^3 + 10*17^4 + 3*17^5 + 6*17^6 + 14*17^7 + 2*17^8 + 15*17^9 + 6*17^10 + 13*17^11 + 12*17^12 + 10*17^13 + 16*17^14 + 6*17^15 + O(17^16) : 1 + O(17^20))
   (10 + 7*17 + 8*17^2 + 8*17^3 + 7*17^4 + 11*17^6 + 5*17^7 + 4*17^8 + 13*17^9 + 4*17^10 + 17^11 + 8*17^12 + 4*17^13 + 9*17^14 + O(17^15) : 4 + 17 + 5*17^2 + 5*17^3 + 6*17^4 + 13*17^5 + 10*17^6 + 2*17^7 + 14*17^8 + 17^9 + 10*17^10 + 3*17^11 + 4*17^12 + 6*17^13 + 10*17^15 + O(17^16) : 1 + O(17^20))
   (10 + 7*17 + 8*17^2 + 8*17^3 + 9*17^4 + 14*17^5 + 7*17^6 + 6*17^7 + 8*17^8 + 13*17^9 + 8*17^10 + 17^11 + 3*17^13 + 10*17^14 + O(17^15) : 13 + 15*17 + 11*17^2 + 11*17^3 + 10*17^4 + 17^6 + 5*17^7 + 2*17^8 + 16*17^9 + 3*17^10 + 15*17^11 + 11*17^12 + 12*17^13 + 12*17^15 + O(17^16) : 1 + O(17^20))
   (10 + 7*17 + 8*17^2 + 8*17^3 + 9*17^4 + 14*17^5 + 7*17^6 + 6*17^7 + 8*17^8 + 13*17^9 + 8*17^10 + 17^11 + 3*17^13 + 10*17^14 + O(17^15) : 4 + 17 + 5*17^2 + 5*17^3 + 6*17^4 + 16*17^5 + 15*17^6 + 11*17^7 + 14*17^8 + 13*17^10 + 17^11 + 5*17^12 + 4*17^13 + 16*17^14 + 4*17^15 + O(17^16) : 1 + O(17^20))
   (10 + 7*17 + 8*17^2 + 9*17^3 + 10*17^4 + 13*17^5 + 10*17^6 + 17^7 + 14*17^8 + 2*17^9 + 14*17^10 + 8*17^11 + 12*17^12 + 12*17^13 + 2*17^14 + O(17^15) : 13 + 15*17 + 11*17^2 + 11*17^3 + 7*17^5 + 13*17^6 + 17^7 + 3*17^8 + 7*17^9 + 2*17^11 + 6*17^12 + 6*17^13 + 12*17^14 + 10*17^15 + O(17^16) : 1 + O(17^20))
   (10 + 7*17 + 8*17^2 + 9*17^3 + 10*17^4 + 13*17^5 + 10*17^6 + 17^7 + 14*17^8 + 2*17^9 + 14*17^10 + 8*17^11 + 12*17^12 + 12*17^13 + 2*17^14 + O(17^15) : 4 + 17 + 5*17^2 + 5*17^3 + 16*17^4 + 9*17^5 + 3*17^6 + 15*17^7 + 13*17^8 + 9*17^9 + 16*17^10 + 14*17^11 + 10*17^12 + 10*17^13 + 4*17^14 + 6*17^15 + O(17^16) : 1 + O(17^20))
   (10 + 7*17 + 8*17^2 + 9*17^3 + 10*17^4 + 13*17^5 + 4*17^6 + 4*17^7 + 3*17^8 + 12*17^9 + 16*17^10 + 9*17^11 + 17^12 + 4*17^13 + O(17^15) : 13 + 15*17 + 11*17^2 + 11*17^3 + 7*17^5 + 13*17^6 + 10*17^7 + 10*17^8 + 7*17^9 + 15*17^10 + 4*17^11 + 2*17^12 + 13*17^13 + 16*17^14 + 5*17^15 + O(17^16) : 1 + O(17^20))
   (10 + 7*17 + 8*17^2 + 9*17^3 + 10*17^4 + 13*17^5 + 4*17^6 + 4*17^7 + 3*17^8 + 12*17^9 + 16*17^10 + 9*17^11 + 17^12 + 4*17^13 + O(17^15) : 4 + 17 + 5*17^2 + 5*17^3 + 16*17^4 + 9*17^5 + 3*17^6 + 6*17^7 + 6*17^8 + 9*17^9 + 17^10 + 12*17^11 + 14*17^12 + 3*17^13 + 11*17^15 + O(17^16) : 1 + O(17^20))
   (10 + 7*17 + 8*17^2 + 9*17^3 + 12*17^4 + 4*17^5 + 4*17^6 + 6*17^7 + 17^9 + 9*17^10 + 16*17^11 + 8*17^12 + 14*17^13 + 11*17^14 + O(17^15) : 13 + 15*17 + 11*17^2 + 11*17^3 + 4*17^5 + 17^7 + 17^8 + 13*17^9 + 12*17^10 + 3*17^11 + 6*17^12 + 6*17^13 + 9*17^14 + 7*17^15 + O(17^16) : 1 + O(17^20))
   (10 + 7*17 + 8*17^2 + 9*17^3 + 12*17^4 + 4*17^5 + 4*17^6 + 6*17^7 + 17^9 + 9*17^10 + 16*17^11 + 8*17^12 + 14*17^13 + 11*17^14 + O(17^15) : 4 + 17 + 5*17^2 + 5*17^3 + 16*17^4 + 12*17^5 + 16*17^6 + 15*17^7 + 15*17^8 + 3*17^9 + 4*17^10 + 13*17^11 + 10*17^12 + 10*17^13 + 7*17^14 + 9*17^15 + O(17^16) : 1 + O(17^20))
   (10 + 7*17 + 8*17^2 + 9*17^3 + 13*17^4 + 10*17^5 + 14*17^7 + 6*17^8 + 9*17^9 + 12*17^10 + 13*17^11 + 6*17^12 + 9*17^13 + 5*17^14 + O(17^15) : 13 + 15*17 + 11*17^2 + 11*17^3 + 11*17^5 + 7*17^6 + 4*17^7 + 9*17^8 + 17^9 + 14*17^10 + 11*17^11 + 4*17^12 + 17^13 + 15*17^14 + 14*17^15 + O(17^16) : 1 + O(17^20))
   (10 + 7*17 + 8*17^2 + 9*17^3 + 13*17^4 + 10*17^5 + 14*17^7 + 6*17^8 + 9*17^9 + 12*17^10 + 13*17^11 + 6*17^12 + 9*17^13 + 5*17^14 + O(17^15) : 4 + 17 + 5*17^2 + 5*17^3 + 16*17^4 + 5*17^5 + 9*17^6 + 12*17^7 + 7*17^8 + 15*17^9 + 2*17^10 + 5*17^11 + 12*17^12 + 15*17^13 + 17^14 + 2*17^15 + O(17^16) : 1 + O(17^20))
   (10 + 7*17 + 8*17^2 + 9*17^3 + 16*17^4 + 11*17^5 + 8*17^6 + 6*17^7 + 6*17^8 + 7*17^9 + 6*17^10 + 8*17^11 + 9*17^12 + 14*17^13 + 14*17^14 + O(17^15) : 13 + 15*17 + 11*17^2 + 11*17^3 + 15*17^5 + 12*17^6 + 11*17^7 + 12*17^8 + 8*17^9 + 13*17^10 + 9*17^11 + 15*17^12 + 14*17^13 + 3*17^14 + 6*17^15 + O(17^16) : 1 + O(17^20))
   (10 + 7*17 + 8*17^2 + 9*17^3 + 16*17^4 + 11*17^5 + 8*17^6 + 6*17^7 + 6*17^8 + 7*17^9 + 6*17^10 + 8*17^11 + 9*17^12 + 14*17^13 + 14*17^14 + O(17^15) : 4 + 17 + 5*17^2 + 5*17^3 + 16*17^4 + 17^5 + 4*17^6 + 5*17^7 + 4*17^8 + 8*17^9 + 3*17^10 + 7*17^11 + 17^12 + 2*17^13 + 13*17^14 + 10*17^15 + O(17^16) : 1 + O(17^20))
   (10 + 7*17 + 8*17^2 + 9*17^3 + 16*17^4 + 14*17^5 + 8*17^6 + 8*17^7 + 9*17^8 + 10*17^9 + 13*17^10 + 2*17^11 + 10*17^12 + 3*17^13 + 10*17^14 + O(17^15) : 13 + 15*17 + 11*17^2 + 11*17^3 + 15*17^5 + 16*17^6 + 9*17^7 + 12*17^8 + 5*17^9 + 9*17^10 + 17^11 + 12*17^12 + 14*17^13 + 17^14 + 14*17^15 + O(17^16) : 1 + O(17^20))
   (10 + 7*17 + 8*17^2 + 9*17^3 + 16*17^4 + 14*17^5 + 8*17^6 + 8*17^7 + 9*17^8 + 10*17^9 + 13*17^10 + 2*17^11 + 10*17^12 + 3*17^13 + 10*17^14 + O(17^15) : 4 + 17 + 5*17^2 + 5*17^3 + 16*17^4 + 17^5 + 7*17^7 + 4*17^8 + 11*17^9 + 7*17^10 + 15*17^11 + 4*17^12 + 2*17^13 + 15*17^14 + 2*17^15 + O(17^16) : 1 + O(17^20))
   (10 + 7*17 + 8*17^2 + 9*17^3 + 16*17^4 + 16*17^5 + 16*17^6 + 16*17^7 + 13*17^8 + 6*17^9 + 12*17^10 + 15*17^12 + 3*17^13 + 11*17^14 + O(17^15) : 13 + 15*17 + 11*17^2 + 11*17^3 + 15*17^5 + 13*17^6 + 13*17^7 + 14*17^8 + 15*17^9 + 7*17^10 + 10*17^11 + 16*17^12 + 11*17^13 + 13*17^14 + 5*17^15 + O(17^16) : 1 + O(17^20))
   (10 + 7*17 + 8*17^2 + 9*17^3 + 16*17^4 + 16*17^5 + 16*17^6 + 16*17^7 + 13*17^8 + 6*17^9 + 12*17^10 + 15*17^12 + 3*17^13 + 11*17^14 + O(17^15) : 4 + 17 + 5*17^2 + 5*17^3 + 16*17^4 + 17^5 + 3*17^6 + 3*17^7 + 2*17^8 + 17^9 + 9*17^10 + 6*17^11 + 5*17^13 + 3*17^14 + 11*17^15 + O(17^16) : 1 + O(17^20))
   (10 + 7*17 + 8*17^2 + 9*17^3 + 2*17^4 + 12*17^5 + 5*17^6 + 12*17^7 + 16*17^8 + 7*17^10 + 14*17^11 + 12*17^12 + 10*17^13 + 9*17^14 + O(17^15) : 13 + 15*17 + 11*17^2 + 11*17^3 + 2*17^5 + 11*17^6 + 10*17^7 + 15*17^8 + 4*17^9 + 14*17^10 + 11*17^11 + 16*17^12 + 4*17^13 + 11*17^14 + 14*17^15 + O(17^16) : 1 + O(17^20))
   (10 + 7*17 + 8*17^2 + 9*17^3 + 2*17^4 + 12*17^5 + 5*17^6 + 12*17^7 + 16*17^8 + 7*17^10 + 14*17^11 + 12*17^12 + 10*17^13 + 9*17^14 + O(17^15) : 4 + 17 + 5*17^2 + 5*17^3 + 16*17^4 + 14*17^5 + 5*17^6 + 6*17^7 + 17^8 + 12*17^9 + 2*17^10 + 5*17^11 + 12*17^13 + 5*17^14 + 2*17^15 + O(17^16) : 1 + O(17^20))
   (10 + 7*17 + 8*17^2 + 9*17^3 + 2*17^4 + 15*17^6 + 13*17^7 + 6*17^8 + 13*17^9 + 8*17^10 + 9*17^11 + 10*17^12 + 5*17^13 + 4*17^14 + O(17^15) : 13 + 15*17 + 11*17^2 + 11*17^3 + 2*17^5 + 12*17^6 + 2*17^7 + 5*17^8 + 9*17^9 + 7*17^10 + 6*17^11 + 17^12 + 10*17^13 + 4*17^14 + 5*17^15 + O(17^16) : 1 + O(17^20))
   (10 + 7*17 + 8*17^2 + 9*17^3 + 2*17^4 + 15*17^6 + 13*17^7 + 6*17^8 + 13*17^9 + 8*17^10 + 9*17^11 + 10*17^12 + 5*17^13 + 4*17^14 + O(17^15) : 4 + 17 + 5*17^2 + 5*17^3 + 16*17^4 + 14*17^5 + 4*17^6 + 14*17^7 + 11*17^8 + 7*17^9 + 9*17^10 + 10*17^11 + 15*17^12 + 6*17^13 + 12*17^14 + 11*17^15 + O(17^16) : 1 + O(17^20))
   (10*17^-3 + 11*17^-2 + 15*17^-1 + 5*17 + 15*17^2 + 13*17^4 + 9*17^5 + 11*17^6 + 8*17^7 + 2*17^8 + 15*17^9 + O(17^10) : 14*17^-9 + 9*17^-8 + 14*17^-7 + 7*17^-6 + 2*17^-5 + 6*17^-4 + 2*17^-3 + 16*17^-2 + 3*17^-1 + 6 + 4*17 + 8*17^2 + 13*17^3 + O(17^4) : 1 + O(17^20))
   (10*17^-3 + 11*17^-2 + 15*17^-1 + 5*17 + 15*17^2 + 13*17^4 + 9*17^5 + 11*17^6 + 8*17^7 + 2*17^8 + 15*17^9 + O(17^10) : 3*17^-9 + 7*17^-8 + 2*17^-7 + 9*17^-6 + 14*17^-5 + 10*17^-4 + 14*17^-3 + 13*17^-1 + 10 + 12*17 + 8*17^2 + 3*17^3 + O(17^4) : 1 + O(17^20))
   (10*17^-3 + 12*17^-2 + 13*17^-1 + 8 + 3*17 + 14*17^2 + 9*17^3 + 6*17^4 + 16*17^5 + 13*17^6 + 2*17^7 + 4*17^8 + O(17^10) : 14*17^-9 + 3*17^-8 + 3*17^-7 + 10*17^-6 + 12*17^-5 + 3*17^-4 + 13*17^-3 + 14*17^-2 + 6*17^-1 + 15 + 3*17 + 7*17^2 + 14*17^3 + O(17^4) : 1 + O(17^20))
   (10*17^-3 + 12*17^-2 + 13*17^-1 + 8 + 3*17 + 14*17^2 + 9*17^3 + 6*17^4 + 16*17^5 + 13*17^6 + 2*17^7 + 4*17^8 + O(17^10) : 3*17^-9 + 13*17^-8 + 13*17^-7 + 6*17^-6 + 4*17^-5 + 13*17^-4 + 3*17^-3 + 2*17^-2 + 10*17^-1 + 1 + 13*17 + 9*17^2 + 2*17^3 + O(17^4) : 1 + O(17^20))
   (10*17^-3 + 12*17^-2 + 8*17^-1 + 13 + 9*17 + 4*17^2 + 9*17^3 + 16*17^4 + 7*17^6 + 5*17^7 + 2*17^8 + 11*17^9 + O(17^10) : 14*17^-9 + 3*17^-8 + 16*17^-7 + 14*17^-6 + 7*17^-5 + 7*17^-4 + 5*17^-3 + 5*17^-2 + 4*17^-1 + 14*17 + 9*17^2 + 7*17^3 + O(17^4) : 1 + O(17^20))
   (10*17^-3 + 12*17^-2 + 8*17^-1 + 13 + 9*17 + 4*17^2 + 9*17^3 + 16*17^4 + 7*17^6 + 5*17^7 + 2*17^8 + 11*17^9 + O(17^10) : 3*17^-9 + 13*17^-8 + 2*17^-6 + 9*17^-5 + 9*17^-4 + 11*17^-3 + 11*17^-2 + 12*17^-1 + 16 + 2*17 + 7*17^2 + 9*17^3 + O(17^4) : 1 + O(17^20))
   (10*17^-3 + 17^-2 + 17^-1 + 2 + 2*17 + 10*17^2 + 13*17^3 + 13*17^5 + 17^6 + 11*17^7 + 8*17^8 + 6*17^9 + O(17^10) : 14*17^-9 + 17^-8 + 11*17^-7 + 17^-6 + 11*17^-5 + 14*17^-4 + 8*17^-3 + 11*17^-2 + 16*17^-1 + 14 + 13*17^2 + 7*17^3 + O(17^4) : 1 + O(17^20))
   (10*17^-3 + 17^-2 + 17^-1 + 2 + 2*17 + 10*17^2 + 13*17^3 + 13*17^5 + 17^6 + 11*17^7 + 8*17^8 + 6*17^9 + O(17^10) : 3*17^-9 + 15*17^-8 + 5*17^-7 + 15*17^-6 + 5*17^-5 + 2*17^-4 + 8*17^-3 + 5*17^-2 + 2 + 16*17 + 3*17^2 + 9*17^3 + O(17^4) : 1 + O(17^20))
   (10*17^-3 + 6*17^-2 + 3*17^-1 + 6 + 6*17^2 + 11*17^3 + 14*17^4 + 16*17^5 + 5*17^6 + 6*17^7 + 10*17^8 + 11*17^9 + O(17^10) : 14*17^-9 + 5*17^-8 + 15*17^-7 + 5*17^-6 + 2*17^-5 + 4*17^-4 + 16*17^-3 + 5*17^-2 + 15*17^-1 + 6 + 14*17 + 13*17^2 + 14*17^3 + O(17^4) : 1 + O(17^20))
   (10*17^-3 + 6*17^-2 + 3*17^-1 + 6 + 6*17^2 + 11*17^3 + 14*17^4 + 16*17^5 + 5*17^6 + 6*17^7 + 10*17^8 + 11*17^9 + O(17^10) : 3*17^-9 + 11*17^-8 + 17^-7 + 11*17^-6 + 14*17^-5 + 12*17^-4 + 11*17^-2 + 17^-1 + 10 + 2*17 + 3*17^2 + 2*17^3 + O(17^4) : 1 + O(17^20))
   (10*17^-3 + 8*17^-2 + 16*17^-1 + 9 + 16*17 + 14*17^2 + 11*17^3 + 12*17^4 + 10*17^5 + 16*17^6 + 3*17^7 + 12*17^8 + 14*17^9 + O(17^10) : 14*17^-9 + 10*17^-8 + 13*17^-7 + 7*17^-6 + 3*17^-4 + 12*17^-3 + 9*17^-2 + 7*17^-1 + 11 + 6*17 + 16*17^2 + 14*17^3 + O(17^4) : 1 + O(17^20))
   (10*17^-3 + 8*17^-2 + 16*17^-1 + 9 + 16*17 + 14*17^2 + 11*17^3 + 12*17^4 + 10*17^5 + 16*17^6 + 3*17^7 + 12*17^8 + 14*17^9 + O(17^10) : 3*17^-9 + 6*17^-8 + 3*17^-7 + 9*17^-6 + 16*17^-5 + 13*17^-4 + 4*17^-3 + 7*17^-2 + 9*17^-1 + 5 + 10*17 + 2*17^3 + O(17^4) : 1 + O(17^20))
   (11*17^-3 + 11*17^-1 + 3 + 10*17 + 10*17^2 + 9*17^3 + 9*17^5 + 9*17^6 + 15*17^7 + 10*17^8 + 12*17^9 + O(17^10) : 12*17^-9 + 6*17^-8 + 14*17^-7 + 17^-6 + 12*17^-4 + 2*17^-2 + 16 + 13*17 + 17^2 + 11*17^3 + O(17^4) : 1 + O(17^20))
   (11*17^-3 + 11*17^-1 + 3 + 10*17 + 10*17^2 + 9*17^3 + 9*17^5 + 9*17^6 + 15*17^7 + 10*17^8 + 12*17^9 + O(17^10) : 5*17^-9 + 10*17^-8 + 2*17^-7 + 15*17^-6 + 16*17^-5 + 4*17^-4 + 16*17^-3 + 14*17^-2 + 16*17^-1 + 3*17 + 15*17^2 + 5*17^3 + O(17^4) : 1 + O(17^20))
   (11*17^-3 + 13*17^-2 + 10*17^-1 + 5 + 5*17 + 2*17^2 + 5*17^3 + 3*17^4 + 6*17^5 + 12*17^6 + 12*17^7 + 12*17^8 + 2*17^9 + O(17^10) : 12*17^-9 + 13*17^-8 + 13*17^-7 + 7*17^-6 + 9*17^-4 + 14*17^-3 + 5*17^-2 + 3*17^-1 + 7 + 7*17 + 2*17^2 + 11*17^3 + O(17^4) : 1 + O(17^20))
   (11*17^-3 + 13*17^-2 + 10*17^-1 + 5 + 5*17 + 2*17^2 + 5*17^3 + 3*17^4 + 6*17^5 + 12*17^6 + 12*17^7 + 12*17^8 + 2*17^9 + O(17^10) : 5*17^-9 + 3*17^-8 + 3*17^-7 + 9*17^-6 + 16*17^-5 + 7*17^-4 + 2*17^-3 + 11*17^-2 + 13*17^-1 + 9 + 9*17 + 14*17^2 + 5*17^3 + O(17^4) : 1 + O(17^20))
   (11*17^-3 + 13*17^-2 + 10*17^-1 + 8*17 + 13*17^2 + 4*17^5 + 7*17^6 + 13*17^7 + 17^8 + 15*17^9 + O(17^10) : 12*17^-9 + 13*17^-8 + 13*17^-7 + 3*17^-6 + 10*17^-5 + 15*17^-4 + 9*17^-3 + 6*17^-2 + 15*17^-1 + 13 + 16*17 + 16*17^2 + 2*17^3 + O(17^4) : 1 + O(17^20))
   (11*17^-3 + 13*17^-2 + 10*17^-1 + 8*17 + 13*17^2 + 4*17^5 + 7*17^6 + 13*17^7 + 17^8 + 15*17^9 + O(17^10) : 5*17^-9 + 3*17^-8 + 3*17^-7 + 13*17^-6 + 6*17^-5 + 17^-4 + 7*17^-3 + 10*17^-2 + 17^-1 + 3 + 14*17^3 + O(17^4) : 1 + O(17^20))
   (11*17^-3 + 2*17^-2 + 9*17^-1 + 14 + 16*17 + 12*17^2 + 12*17^3 + 14*17^4 + 17^5 + 5*17^6 + 14*17^7 + 13*17^8 + 11*17^9 + O(17^10) : 12*17^-9 + 11*17^-8 + 4*17^-7 + 13*17^-6 + 10*17^-5 + 7*17^-4 + 14*17^-2 + 3*17^-1 + 4 + 7*17 + 17^3 + O(17^4) : 1 + O(17^20))
   (11*17^-3 + 2*17^-2 + 9*17^-1 + 14 + 16*17 + 12*17^2 + 12*17^3 + 14*17^4 + 17^5 + 5*17^6 + 14*17^7 + 13*17^8 + 11*17^9 + O(17^10) : 5*17^-9 + 5*17^-8 + 12*17^-7 + 3*17^-6 + 6*17^-5 + 9*17^-4 + 16*17^-3 + 2*17^-2 + 13*17^-1 + 12 + 9*17 + 16*17^2 + 15*17^3 + O(17^4) : 1 + O(17^20))
   (11*17^-3 + 6*17^-2 + 7*17^-1 + 3 + 7*17 + 14*17^2 + 4*17^3 + 7*17^4 + 6*17^6 + 8*17^7 + 2*17^8 + 11*17^9 + O(17^10) : 12*17^-9 + 4*17^-8 + 14*17^-7 + 13*17^-6 + 2*17^-5 + 9*17^-4 + 15*17^-3 + 7*17^-2 + 3*17^-1 + 9 + 8*17 + 8*17^2 + 9*17^3 + O(17^4) : 1 + O(17^20))
   (11*17^-3 + 6*17^-2 + 7*17^-1 + 3 + 7*17 + 14*17^2 + 4*17^3 + 7*17^4 + 6*17^6 + 8*17^7 + 2*17^8 + 11*17^9 + O(17^10) : 5*17^-9 + 12*17^-8 + 2*17^-7 + 3*17^-6 + 14*17^-5 + 7*17^-4 + 17^-3 + 9*17^-2 + 13*17^-1 + 7 + 8*17 + 8*17^2 + 7*17^3 + O(17^4) : 1 + O(17^20))
   (11*17^-3 + 8*17^-2 + 9*17^-1 + 16 + 10*17 + 10*17^2 + 13*17^3 + 11*17^4 + 17^5 + 13*17^7 + 14*17^8 + 5*17^9 + O(17^10) : 12*17^-9 + 9*17^-8 + 4*17^-7 + 8*17^-6 + 3*17^-5 + 7*17^-4 + 3*17^-3 + 4*17^-2 + 14*17^-1 + 9 + 14*17 + 4*17^2 + 11*17^3 + O(17^4) : 1 + O(17^20))
   (11*17^-3 + 8*17^-2 + 9*17^-1 + 16 + 10*17 + 10*17^2 + 13*17^3 + 11*17^4 + 17^5 + 13*17^7 + 14*17^8 + 5*17^9 + O(17^10) : 5*17^-9 + 7*17^-8 + 12*17^-7 + 8*17^-6 + 13*17^-5 + 9*17^-4 + 13*17^-3 + 12*17^-2 + 2*17^-1 + 7 + 2*17 + 12*17^2 + 5*17^3 + O(17^4) : 1 + O(17^20))
   (12 + 15*17 + 16*17^2 + 16*17^3 + 16*17^4 + 16*17^5 + 11*17^7 + 11*17^8 + 2*17^9 + 11*17^10 + 13*17^11 + 7*17^12 + 14*17^13 + 12*17^14 + 3*17^15 + 10*17^16 + O(17^17) : 16*17^3 + 2*17^4 + 2*17^5 + 7*17^6 + 14*17^7 + 7*17^8 + 17^9 + 4*17^10 + 5*17^11 + 15*17^13 + O(17^14) : 1 + O(17^20))
   (12 + 15*17 + 16*17^2 + 16*17^3 + 16*17^4 + 16*17^5 + 11*17^7 + 11*17^8 + 2*17^9 + 11*17^10 + 13*17^11 + 7*17^12 + 14*17^13 + 12*17^14 + 3*17^15 + 10*17^16 + O(17^17) : 17^3 + 14*17^4 + 14*17^5 + 9*17^6 + 2*17^7 + 9*17^8 + 15*17^9 + 12*17^10 + 11*17^11 + 16*17^12 + 17^13 + O(17^14) : 1 + O(17^20))
   (12 + 15*17 + 16*17^2 + 16*17^3 + 16*17^4 + 16*17^5 + 12*17^6 + 10*17^7 + 15*17^8 + 17^9 + 5*17^10 + 7*17^11 + 16*17^12 + 11*17^13 + 15*17^14 + 11*17^15 + 16*17^16 + O(17^17) : 8*17^3 + 10*17^4 + 15*17^5 + 6*17^6 + 8*17^7 + 9*17^8 + 5*17^9 + 15*17^10 + 7*17^11 + 5*17^12 + 9*17^13 + O(17^14) : 1 + O(17^20))
   (12 + 15*17 + 16*17^2 + 16*17^3 + 16*17^4 + 16*17^5 + 12*17^6 + 10*17^7 + 15*17^8 + 17^9 + 5*17^10 + 7*17^11 + 16*17^12 + 11*17^13 + 15*17^14 + 11*17^15 + 16*17^16 + O(17^17) : 9*17^3 + 6*17^4 + 17^5 + 10*17^6 + 8*17^7 + 7*17^8 + 11*17^9 + 17^10 + 9*17^11 + 11*17^12 + 7*17^13 + O(17^14) : 1 + O(17^20))
   (12 + 15*17 + 16*17^2 + 16*17^3 + 16*17^4 + 16*17^5 + 12*17^6 + 10*17^7 + 15*17^8 + 7*17^10 + 7*17^11 + 12*17^12 + 10*17^13 + 5*17^14 + 14*17^15 + 5*17^16 + O(17^17) : 8*17^3 + 10*17^4 + 15*17^5 + 7*17^6 + 10*17^7 + 7*17^8 + 12*17^9 + 3*17^10 + 6*17^11 + 14*17^12 + 16*17^13 + O(17^14) : 1 + O(17^20))
   (12 + 15*17 + 16*17^2 + 16*17^3 + 16*17^4 + 16*17^5 + 12*17^6 + 10*17^7 + 15*17^8 + 7*17^10 + 7*17^11 + 12*17^12 + 10*17^13 + 5*17^14 + 14*17^15 + 5*17^16 + O(17^17) : 9*17^3 + 6*17^4 + 17^5 + 9*17^6 + 6*17^7 + 9*17^8 + 4*17^9 + 13*17^10 + 10*17^11 + 2*17^12 + O(17^14) : 1 + O(17^20))
   (12 + 15*17 + 16*17^2 + 16*17^3 + 16*17^4 + 16*17^5 + 12*17^6 + 12*17^7 + 15*17^8 + 10*17^9 + 13*17^11 + 16*17^12 + 13*17^13 + 13*17^14 + 13*17^15 + 6*17^16 + O(17^17) : 8*17^3 + 8*17^4 + 11*17^5 + 4*17^7 + 12*17^8 + 15*17^9 + 17^10 + 8*17^11 + 8*17^12 + O(17^14) : 1 + O(17^20))
   (12 + 15*17 + 16*17^2 + 16*17^3 + 16*17^4 + 16*17^5 + 12*17^6 + 12*17^7 + 15*17^8 + 10*17^9 + 13*17^11 + 16*17^12 + 13*17^13 + 13*17^14 + 13*17^15 + 6*17^16 + O(17^17) : 9*17^3 + 8*17^4 + 5*17^5 + 16*17^6 + 12*17^7 + 4*17^8 + 17^9 + 15*17^10 + 8*17^11 + 8*17^12 + 16*17^13 + O(17^14) : 1 + O(17^20))
   (12 + 15*17 + 16*17^2 + 16*17^3 + 16*17^4 + 16*17^5 + 12*17^6 + 13*17^7 + 10*17^8 + 10*17^9 + 3*17^10 + 4*17^11 + 9*17^12 + 9*17^13 + 14*17^14 + 5*17^15 + 9*17^16 + O(17^17) : 8*17^3 + 7*17^4 + 7*17^6 + 2*17^7 + 5*17^8 + 2*17^10 + 3*17^11 + 8*17^12 + 13*17^13 + O(17^14) : 1 + O(17^20))
   (12 + 15*17 + 16*17^2 + 16*17^3 + 16*17^4 + 16*17^5 + 12*17^6 + 13*17^7 + 10*17^8 + 10*17^9 + 3*17^10 + 4*17^11 + 9*17^12 + 9*17^13 + 14*17^14 + 5*17^15 + 9*17^16 + O(17^17) : 9*17^3 + 9*17^4 + 16*17^5 + 9*17^6 + 14*17^7 + 11*17^8 + 16*17^9 + 14*17^10 + 13*17^11 + 8*17^12 + 3*17^13 + O(17^14) : 1 + O(17^20))
   (12 + 15*17 + 16*17^2 + 16*17^3 + 16*17^4 + 16*17^5 + 12*17^6 + 13*17^7 + 14*17^8 + 17^9 + 8*17^10 + 8*17^11 + 3*17^12 + 8*17^13 + 6*17^14 + 11*17^15 + 11*17^16 + O(17^17) : 8*17^3 + 7*17^4 + 13*17^5 + 6*17^6 + 4*17^7 + 13*17^8 + 17^9 + 7*17^10 + 7*17^11 + 6*17^12 + 7*17^13 + O(17^14) : 1 + O(17^20))
   (12 + 15*17 + 16*17^2 + 16*17^3 + 16*17^4 + 16*17^5 + 12*17^6 + 13*17^7 + 14*17^8 + 17^9 + 8*17^10 + 8*17^11 + 3*17^12 + 8*17^13 + 6*17^14 + 11*17^15 + 11*17^16 + O(17^17) : 9*17^3 + 9*17^4 + 3*17^5 + 10*17^6 + 12*17^7 + 3*17^8 + 15*17^9 + 9*17^10 + 9*17^11 + 10*17^12 + 9*17^13 + O(17^14) : 1 + O(17^20))
   (12 + 15*17 + 16*17^2 + 16*17^3 + 16*17^4 + 16*17^5 + 12*17^6 + 17^7 + 16*17^8 + 17^9 + 14*17^10 + 13*17^12 + 5*17^13 + 12*17^14 + 11*17^15 + 10*17^16 + O(17^17) : 8*17^3 + 2*17^4 + 13*17^5 + 10*17^6 + 2*17^7 + 3*17^8 + 10*17^9 + 15*17^10 + 17^11 + 5*17^12 + 4*17^13 + O(17^14) : 1 + O(17^20))
   (12 + 15*17 + 16*17^2 + 16*17^3 + 16*17^4 + 16*17^5 + 12*17^6 + 17^7 + 16*17^8 + 17^9 + 14*17^10 + 13*17^12 + 5*17^13 + 12*17^14 + 11*17^15 + 10*17^16 + O(17^17) : 9*17^3 + 14*17^4 + 3*17^5 + 6*17^6 + 14*17^7 + 13*17^8 + 6*17^9 + 17^10 + 15*17^11 + 11*17^12 + 12*17^13 + O(17^14) : 1 + O(17^20))
   (12 + 15*17 + 16*17^2 + 16*17^3 + 16*17^4 + 16*17^5 + 12*17^6 + 2*17^7 + 13*17^8 + 10*17^9 + 5*17^10 + 11*17^11 + 14*17^12 + 17^13 + 2*17^14 + 10*17^15 + 9*17^16 + O(17^17) : 8*17^3 + 17^4 + 12*17^5 + 13*17^6 + 15*17^7 + 17^8 + 11*17^9 + 3*17^10 + 14*17^12 + 15*17^13 + O(17^14) : 1 + O(17^20))
   (12 + 15*17 + 16*17^2 + 16*17^3 + 16*17^4 + 16*17^5 + 12*17^6 + 2*17^7 + 13*17^8 + 10*17^9 + 5*17^10 + 11*17^11 + 14*17^12 + 17^13 + 2*17^14 + 10*17^15 + 9*17^16 + O(17^17) : 9*17^3 + 15*17^4 + 4*17^5 + 3*17^6 + 17^7 + 15*17^8 + 5*17^9 + 13*17^10 + 16*17^11 + 2*17^12 + 17^13 + O(17^14) : 1 + O(17^20))
   (12 + 15*17 + 16*17^2 + 16*17^3 + 16*17^4 + 16*17^5 + 12*17^6 + 4*17^7 + 10*17^9 + 7*17^10 + 4*17^11 + 5*17^12 + 17^13 + 14*17^14 + 2*17^15 + 15*17^16 + O(17^17) : 8*17^3 + 16*17^4 + 5*17^5 + 3*17^6 + 16*17^7 + 12*17^8 + 6*17^9 + 9*17^10 + 17^11 + 11*17^12 + 14*17^13 + O(17^14) : 1 + O(17^20))
   (12 + 15*17 + 16*17^2 + 16*17^3 + 16*17^4 + 16*17^5 + 12*17^6 + 4*17^7 + 10*17^9 + 7*17^10 + 4*17^11 + 5*17^12 + 17^13 + 14*17^14 + 2*17^15 + 15*17^16 + O(17^17) : 9*17^3 + 11*17^5 + 13*17^6 + 4*17^8 + 10*17^9 + 7*17^10 + 15*17^11 + 5*17^12 + 2*17^13 + O(17^14) : 1 + O(17^20))
   (12 + 15*17 + 16*17^2 + 16*17^3 + 16*17^4 + 16*17^5 + 12*17^6 + 4*17^7 + 13*17^8 + 17^9 + 3*17^10 + 11*17^12 + 2*17^13 + 5*17^14 + 10*17^15 + 13*17^16 + O(17^17) : 8*17^3 + 16*17^4 + 9*17^5 + 7*17^6 + 17^7 + 13*17^9 + 14*17^10 + 9*17^11 + 12*17^12 + 12*17^13 + O(17^14) : 1 + O(17^20))
   (12 + 15*17 + 16*17^2 + 16*17^3 + 16*17^4 + 16*17^5 + 12*17^6 + 4*17^7 + 13*17^8 + 17^9 + 3*17^10 + 11*17^12 + 2*17^13 + 5*17^14 + 10*17^15 + 13*17^16 + O(17^17) : 9*17^3 + 7*17^5 + 9*17^6 + 15*17^7 + 16*17^8 + 3*17^9 + 2*17^10 + 7*17^11 + 4*17^12 + 4*17^13 + O(17^14) : 1 + O(17^20))
   (12 + 15*17 + 16*17^2 + 16*17^3 + 16*17^4 + 16*17^5 + 12*17^6 + 9*17^7 + 17^8 + 10*17^9 + 13*17^10 + 13*17^11 + 14*17^12 + 15*17^13 + 7*17^14 + 14*17^15 + 3*17^16 + O(17^17) : 8*17^3 + 11*17^4 + 17^6 + 2*17^7 + 11*17^8 + 8*17^9 + 14*17^10 + 16*17^11 + 3*17^12 + 9*17^13 + O(17^14) : 1 + O(17^20))
   (12 + 15*17 + 16*17^2 + 16*17^3 + 16*17^4 + 16*17^5 + 12*17^6 + 9*17^7 + 17^8 + 10*17^9 + 13*17^10 + 13*17^11 + 14*17^12 + 15*17^13 + 7*17^14 + 14*17^15 + 3*17^16 + O(17^17) : 9*17^3 + 5*17^4 + 16*17^5 + 15*17^6 + 14*17^7 + 5*17^8 + 8*17^9 + 2*17^10 + 13*17^12 + 7*17^13 + O(17^14) : 1 + O(17^20))
   (12 + 15*17 + 16*17^2 + 16*17^3 + 16*17^4 + 16*17^5 + 14*17^6 + 11*17^7 + 12*17^8 + 12*17^9 + 3*17^10 + 17^11 + 7*17^12 + 5*17^13 + 15*17^14 + 6*17^15 + 13*17^16 + O(17^17) : 10*17^3 + 2*17^4 + 17^5 + 11*17^6 + 17^7 + 2*17^8 + 12*17^9 + 14*17^10 + 17^11 + 13*17^12 + 4*17^13 + O(17^14) : 1 + O(17^20))
   (12 + 15*17 + 16*17^2 + 16*17^3 + 16*17^4 + 16*17^5 + 14*17^6 + 11*17^7 + 12*17^8 + 12*17^9 + 3*17^10 + 17^11 + 7*17^12 + 5*17^13 + 15*17^14 + 6*17^15 + 13*17^16 + O(17^17) : 7*17^3 + 14*17^4 + 15*17^5 + 5*17^6 + 15*17^7 + 14*17^8 + 4*17^9 + 2*17^10 + 15*17^11 + 3*17^12 + 12*17^13 + O(17^14) : 1 + O(17^20))
   (12 + 15*17 + 16*17^2 + 16*17^3 + 16*17^4 + 16*17^5 + 14*17^6 + 12*17^7 + 7*17^8 + 12*17^9 + 6*17^10 + 9*17^11 + 16*17^12 + 13*17^13 + 9*17^14 + 2*17^15 + 8*17^16 + O(17^17) : 10*17^3 + 8*17^4 + 11*17^5 + 14*17^6 + 17^7 + 16*17^8 + 10*17^9 + 17^10 + 5*17^11 + 2*17^12 + 12*17^13 + O(17^14) : 1 + O(17^20))
   (12 + 15*17 + 16*17^2 + 16*17^3 + 16*17^4 + 16*17^5 + 14*17^6 + 12*17^7 + 7*17^8 + 12*17^9 + 6*17^10 + 9*17^11 + 16*17^12 + 13*17^13 + 9*17^14 + 2*17^15 + 8*17^16 + O(17^17) : 7*17^3 + 8*17^4 + 5*17^5 + 2*17^6 + 15*17^7 + 6*17^9 + 15*17^10 + 11*17^11 + 14*17^12 + 4*17^13 + O(17^14) : 1 + O(17^20))
   (12 + 15*17 + 16*17^2 + 16*17^3 + 16*17^4 + 16*17^5 + 14*17^6 + 12*17^7 + 7*17^8 + 13*17^9 + 4*17^10 + 9*17^11 + 3*17^12 + 15*17^13 + 2*17^14 + 13*17^15 + 11*17^16 + O(17^17) : 10*17^3 + 8*17^4 + 11*17^5 + 3*17^6 + 17^7 + 13*17^8 + 16*17^10 + 10*17^11 + 3*17^12 + 7*17^13 + O(17^14) : 1 + O(17^20))
   (12 + 15*17 + 16*17^2 + 16*17^3 + 16*17^4 + 16*17^5 + 14*17^6 + 12*17^7 + 7*17^8 + 13*17^9 + 4*17^10 + 9*17^11 + 3*17^12 + 15*17^13 + 2*17^14 + 13*17^15 + 11*17^16 + O(17^17) : 7*17^3 + 8*17^4 + 5*17^5 + 13*17^6 + 15*17^7 + 3*17^8 + 16*17^9 + 6*17^11 + 13*17^12 + 9*17^13 + O(17^14) : 1 + O(17^20))
   (12 + 15*17 + 16*17^2 + 16*17^3 + 16*17^4 + 16*17^5 + 14*17^6 + 14*17^7 + 5*17^8 + 9*17^9 + 7*17^10 + 4*17^11 + 13*17^12 + 3*17^14 + 8*17^15 + 12*17^16 + O(17^17) : 10*17^3 + 3*17^4 + 8*17^5 + 8*17^6 + 17^7 + 17^8 + 4*17^9 + 3*17^10 + 8*17^11 + 13*17^12 + 12*17^13 + O(17^14) : 1 + O(17^20))
   (12 + 15*17 + 16*17^2 + 16*17^3 + 16*17^4 + 16*17^5 + 14*17^6 + 14*17^7 + 5*17^8 + 9*17^9 + 7*17^10 + 4*17^11 + 13*17^12 + 3*17^14 + 8*17^15 + 12*17^16 + O(17^17) : 7*17^3 + 13*17^4 + 8*17^5 + 8*17^6 + 15*17^7 + 15*17^8 + 12*17^9 + 13*17^10 + 8*17^11 + 3*17^12 + 4*17^13 + O(17^14) : 1 + O(17^20))
   (12 + 15*17 + 16*17^2 + 16*17^3 + 16*17^4 + 16*17^5 + 14*17^6 + 3*17^7 + 8*17^8 + 8*17^9 + 11*17^10 + 11*17^11 + 14*17^12 + 17^13 + 12*17^14 + 16*17^15 + 8*17^16 + O(17^17) : 10*17^3 + 5*17^4 + 14*17^5 + 14*17^7 + 10*17^8 + 13*17^9 + 10*17^10 + 13*17^11 + 15*17^12 + 5*17^13 + O(17^14) : 1 + O(17^20))
   (12 + 15*17 + 16*17^2 + 16*17^3 + 16*17^4 + 16*17^5 + 14*17^6 + 3*17^7 + 8*17^8 + 8*17^9 + 11*17^10 + 11*17^11 + 14*17^12 + 17^13 + 12*17^14 + 16*17^15 + 8*17^16 + O(17^17) : 7*17^3 + 11*17^4 + 2*17^5 + 16*17^6 + 2*17^7 + 6*17^8 + 3*17^9 + 6*17^10 + 3*17^11 + 17^12 + 11*17^13 + O(17^14) : 1 + O(17^20))
   (12 + 15*17 + 16*17^2 + 16*17^3 + 16*17^4 + 16*17^5 + 14*17^6 + 6*17^7 + 3*17^8 + 17^9 + 8*17^10 + 8*17^11 + 11*17^12 + 5*17^13 + 15*17^14 + 2*17^15 + 13*17^16 + O(17^17) : 10*17^3 + 6*17^4 + 14*17^5 + 15*17^6 + 8*17^7 + 9*17^8 + 15*17^9 + 17^10 + 3*17^11 + 17^12 + O(17^14) : 1 + O(17^20))
   (12 + 15*17 + 16*17^2 + 16*17^3 + 16*17^4 + 16*17^5 + 14*17^6 + 6*17^7 + 3*17^8 + 17^9 + 8*17^10 + 8*17^11 + 11*17^12 + 5*17^13 + 15*17^14 + 2*17^15 + 13*17^16 + O(17^17) : 7*17^3 + 10*17^4 + 2*17^5 + 17^6 + 8*17^7 + 7*17^8 + 17^9 + 15*17^10 + 13*17^11 + 15*17^12 + 16*17^13 + O(17^14) : 1 + O(17^20))
   (12 + 15*17 + 16*17^2 + 16*17^3 + 16*17^4 + 16*17^5 + 15*17^6 + 10*17^7 + 4*17^8 + 12*17^9 + 17^10 + 11*17^11 + 2*17^12 + 12*17^13 + 8*17^14 + 4*17^15 + 8*17^16 + O(17^17) : 13*17^3 + 2*17^4 + 8*17^5 + 10*17^6 + 10*17^7 + 13*17^8 + 12*17^9 + 3*17^10 + 13*17^11 + 2*17^12 + 7*17^13 + O(17^14) : 1 + O(17^20))
   (12 + 15*17 + 16*17^2 + 16*17^3 + 16*17^4 + 16*17^5 + 15*17^6 + 10*17^7 + 4*17^8 + 12*17^9 + 17^10 + 11*17^11 + 2*17^12 + 12*17^13 + 8*17^14 + 4*17^15 + 8*17^16 + O(17^17) : 4*17^3 + 14*17^4 + 8*17^5 + 6*17^6 + 6*17^7 + 3*17^8 + 4*17^9 + 13*17^10 + 3*17^11 + 14*17^12 + 9*17^13 + O(17^14) : 1 + O(17^20))
   (12 + 15*17 + 16*17^2 + 16*17^3 + 16*17^4 + 16*17^5 + 15*17^6 + 10*17^7 + 4*17^8 + 13*17^9 + 16*17^10 + 10*17^11 + 6*17^12 + 13*17^13 + 17^14 + 13*17^15 + 5*17^16 + O(17^17) : 13*17^3 + 2*17^4 + 8*17^5 + 12*17^6 + 17^7 + 16*17^8 + 5*17^9 + 6*17^10 + 7*17^12 + 5*17^13 + O(17^14) : 1 + O(17^20))
   (12 + 15*17 + 16*17^2 + 16*17^3 + 16*17^4 + 16*17^5 + 15*17^6 + 10*17^7 + 4*17^8 + 13*17^9 + 16*17^10 + 10*17^11 + 6*17^12 + 13*17^13 + 17^14 + 13*17^15 + 5*17^16 + O(17^17) : 4*17^3 + 14*17^4 + 8*17^5 + 4*17^6 + 15*17^7 + 11*17^9 + 10*17^10 + 16*17^11 + 9*17^12 + 11*17^13 + O(17^14) : 1 + O(17^20))
   (12 + 15*17 + 16*17^2 + 16*17^3 + 16*17^4 + 16*17^5 + 15*17^6 + 10*17^7 + 8*17^8 + 3*17^9 + 6*17^10 + 15*17^11 + 13*17^12 + 10*17^13 + 10*17^14 + 3*17^15 + 13*17^16 + O(17^17) : 13*17^3 + 2*17^4 + 16*17^5 + 6*17^6 + 9*17^7 + 9*17^8 + 9*17^9 + 17^10 + 14*17^11 + 7*17^12 + 4*17^13 + O(17^14) : 1 + O(17^20))
   (12 + 15*17 + 16*17^2 + 16*17^3 + 16*17^4 + 16*17^5 + 15*17^6 + 10*17^7 + 8*17^8 + 3*17^9 + 6*17^10 + 15*17^11 + 13*17^12 + 10*17^13 + 10*17^14 + 3*17^15 + 13*17^16 + O(17^17) : 4*17^3 + 14*17^4 + 10*17^6 + 7*17^7 + 7*17^8 + 7*17^9 + 15*17^10 + 2*17^11 + 9*17^12 + 12*17^13 + O(17^14) : 1 + O(17^20))
   (12 + 15*17 + 16*17^2 + 16*17^3 + 16*17^4 + 16*17^5 + 15*17^6 + 11*17^7 + 16*17^8 + 12*17^9 + 2*17^10 + 2*17^11 + 16*17^12 + 2*17^13 + 11*17^14 + 8*17^15 + 16*17^16 + O(17^17) : 13*17^3 + 4*17^4 + 2*17^5 + 12*17^6 + 11*17^7 + 8*17^8 + 9*17^9 + 15*17^10 + 5*17^11 + 9*17^12 + 9*17^13 + O(17^14) : 1 + O(17^20))
   (12 + 15*17 + 16*17^2 + 16*17^3 + 16*17^4 + 16*17^5 + 15*17^6 + 11*17^7 + 16*17^8 + 12*17^9 + 2*17^10 + 2*17^11 + 16*17^12 + 2*17^13 + 11*17^14 + 8*17^15 + 16*17^16 + O(17^17) : 4*17^3 + 12*17^4 + 14*17^5 + 4*17^6 + 5*17^7 + 8*17^8 + 7*17^9 + 17^10 + 11*17^11 + 7*17^12 + 7*17^13 + O(17^14) : 1 + O(17^20))
   (12 + 15*17 + 16*17^2 + 16*17^3 + 16*17^4 + 16*17^5 + 15*17^6 + 11*17^7 + 3*17^8 + 4*17^9 + 7*17^10 + 6*17^11 + 10*17^12 + 17^13 + 13*17^14 + 16*17^15 + 5*17^16 + O(17^17) : 13*17^3 + 4*17^4 + 10*17^5 + 12*17^6 + 17^7 + 8*17^8 + 11*17^9 + 13*17^10 + 7*17^11 + 2*17^12 + 6*17^13 + O(17^14) : 1 + O(17^20))
   (12 + 15*17 + 16*17^2 + 16*17^3 + 16*17^4 + 16*17^5 + 15*17^6 + 11*17^7 + 3*17^8 + 4*17^9 + 7*17^10 + 6*17^11 + 10*17^12 + 17^13 + 13*17^14 + 16*17^15 + 5*17^16 + O(17^17) : 4*17^3 + 12*17^4 + 6*17^5 + 4*17^6 + 15*17^7 + 8*17^8 + 5*17^9 + 3*17^10 + 9*17^11 + 14*17^12 + 10*17^13 + O(17^14) : 1 + O(17^20))
   (12 + 15*17 + 16*17^2 + 16*17^3 + 16*17^4 + 16*17^5 + 15*17^6 + 16*17^7 + 4*17^8 + 4*17^9 + 13*17^10 + 15*17^11 + 2*17^12 + 3*17^13 + 8*17^14 + 6*17^15 + 16*17^16 + O(17^17) : 13*17^3 + 14*17^4 + 13*17^5 + 5*17^6 + 9*17^7 + 11*17^8 + 13*17^9 + 14*17^10 + 6*17^11 + 15*17^12 + 2*17^13 + O(17^14) : 1 + O(17^20))
   (12 + 15*17 + 16*17^2 + 16*17^3 + 16*17^4 + 16*17^5 + 15*17^6 + 16*17^7 + 4*17^8 + 4*17^9 + 13*17^10 + 15*17^11 + 2*17^12 + 3*17^13 + 8*17^14 + 6*17^15 + 16*17^16 + O(17^17) : 4*17^3 + 2*17^4 + 3*17^5 + 11*17^6 + 7*17^7 + 5*17^8 + 3*17^9 + 2*17^10 + 10*17^11 + 17^12 + 14*17^13 + O(17^14) : 1 + O(17^20))
   (12 + 15*17 + 16*17^2 + 16*17^3 + 16*17^4 + 16*17^5 + 15*17^6 + 16*17^7 + 6*17^8 + 12*17^9 + 3*17^10 + 17^11 + 8*17^12 + 2*17^13 + 4*17^14 + 4*17^15 + O(17^17) : 13*17^3 + 14*17^4 + 7*17^6 + 6*17^7 + 17^8 + 13*17^9 + 9*17^10 + 15*17^11 + 17^12 + 10*17^13 + O(17^14) : 1 + O(17^20))
   (12 + 15*17 + 16*17^2 + 16*17^3 + 16*17^4 + 16*17^5 + 15*17^6 + 16*17^7 + 6*17^8 + 12*17^9 + 3*17^10 + 17^11 + 8*17^12 + 2*17^13 + 4*17^14 + 4*17^15 + O(17^17) : 4*17^3 + 2*17^4 + 16*17^5 + 9*17^6 + 10*17^7 + 15*17^8 + 3*17^9 + 7*17^10 + 17^11 + 15*17^12 + 6*17^13 + O(17^14) : 1 + O(17^20))
   (12 + 15*17 + 16*17^2 + 16*17^3 + 16*17^4 + 16*17^5 + 15*17^6 + 2*17^7 + 2*17^8 + 5*17^9 + 15*17^11 + 4*17^12 + 16*17^14 + 5*17^15 + 9*17^16 + O(17^17) : 13*17^3 + 3*17^4 + 7*17^5 + 5*17^6 + 9*17^7 + 16*17^8 + 4*17^9 + 10*17^10 + 10*17^12 + 14*17^13 + O(17^14) : 1 + O(17^20))
   (12 + 15*17 + 16*17^2 + 16*17^3 + 16*17^4 + 16*17^5 + 15*17^6 + 2*17^7 + 2*17^8 + 5*17^9 + 15*17^11 + 4*17^12 + 16*17^14 + 5*17^15 + 9*17^16 + O(17^17) : 4*17^3 + 13*17^4 + 9*17^5 + 11*17^6 + 7*17^7 + 12*17^9 + 6*17^10 + 16*17^11 + 6*17^12 + 2*17^13 + O(17^14) : 1 + O(17^20))
   (12 + 15*17 + 16*17^2 + 16*17^3 + 16*17^4 + 16*17^5 + 15*17^6 + 2*17^8 + 12*17^9 + 6*17^10 + 9*17^11 + 9*17^13 + 17^14 + 5*17^15 + 2*17^16 + O(17^17) : 13*17^3 + 16*17^4 + 2*17^6 + 13*17^7 + 13*17^8 + 5*17^9 + 8*17^10 + 12*17^11 + 10*17^12 + 11*17^13 + O(17^14) : 1 + O(17^20))
   (12 + 15*17 + 16*17^2 + 16*17^3 + 16*17^4 + 16*17^5 + 15*17^6 + 2*17^8 + 12*17^9 + 6*17^10 + 9*17^11 + 9*17^13 + 17^14 + 5*17^15 + 2*17^16 + O(17^17) : 4*17^3 + 16*17^5 + 14*17^6 + 3*17^7 + 3*17^8 + 11*17^9 + 8*17^10 + 4*17^11 + 6*17^12 + 5*17^13 + O(17^14) : 1 + O(17^20))
   (12 + 15*17 + 16*17^2 + 16*17^3 + 16*17^4 + 16*17^5 + 15*17^6 + 2*17^8 + 13*17^9 + 4*17^10 + 9*17^11 + 4*17^12 + 10*17^13 + 11*17^14 + 13*17^15 + 2*17^16 + O(17^17) : 13*17^3 + 16*17^4 + 4*17^6 + 11*17^7 + 6*17^8 + 10*17^9 + 17^10 + 15*17^11 + 14*17^12 + 11*17^13 + O(17^14) : 1 + O(17^20))
   (12 + 15*17 + 16*17^2 + 16*17^3 + 16*17^4 + 16*17^5 + 15*17^6 + 2*17^8 + 13*17^9 + 4*17^10 + 9*17^11 + 4*17^12 + 10*17^13 + 11*17^14 + 13*17^15 + 2*17^16 + O(17^17) : 4*17^3 + 16*17^5 + 12*17^6 + 5*17^7 + 10*17^8 + 6*17^9 + 15*17^10 + 17^11 + 2*17^12 + 5*17^13 + O(17^14) : 1 + O(17^20))
   (12 + 15*17 + 16*17^2 + 16*17^3 + 16*17^4 + 16*17^5 + 15*17^6 + 8*17^7 + 2*17^8 + 13*17^9 + 13*17^10 + 2*17^11 + 17^12 + 7*17^13 + 16*17^14 + 3*17^15 + 13*17^16 + O(17^17) : 13*17^3 + 15*17^4 + 15*17^5 + 4*17^6 + 4*17^7 + 11*17^8 + 15*17^9 + 7*17^10 + 6*17^11 + 11*17^13 + O(17^14) : 1 + O(17^20))
   (12 + 15*17 + 16*17^2 + 16*17^3 + 16*17^4 + 16*17^5 + 15*17^6 + 8*17^7 + 2*17^8 + 13*17^9 + 13*17^10 + 2*17^11 + 17^12 + 7*17^13 + 16*17^14 + 3*17^15 + 13*17^16 + O(17^17) : 4*17^3 + 17^4 + 17^5 + 12*17^6 + 12*17^7 + 5*17^8 + 17^9 + 9*17^10 + 10*17^11 + 16*17^12 + 5*17^13 + O(17^14) : 1 + O(17^20))
   (12 + 15*17 + 16*17^2 + 16*17^3 + 16*17^4 + 16*17^5 + 17^6 + 10*17^7 + 5*17^8 + 16*17^9 + 16*17^10 + 16*17^11 + 8*17^12 + 13*17^13 + 3*17^14 + 4*17^15 + 14*17^16 + O(17^17) : 11*17^3 + 4*17^4 + 11*17^5 + 17^6 + 12*17^7 + 16*17^8 + 6*17^9 + 15*17^10 + 10*17^11 + 7*17^12 + 10*17^13 + O(17^14) : 1 + O(17^20))
   (12 + 15*17 + 16*17^2 + 16*17^3 + 16*17^4 + 16*17^5 + 17^6 + 10*17^7 + 5*17^8 + 16*17^9 + 16*17^10 + 16*17^11 + 8*17^12 + 13*17^13 + 3*17^14 + 4*17^15 + 14*17^16 + O(17^17) : 6*17^3 + 12*17^4 + 5*17^5 + 15*17^6 + 4*17^7 + 10*17^9 + 17^10 + 6*17^11 + 9*17^12 + 6*17^13 + O(17^14) : 1 + O(17^20))
   (12 + 15*17 + 16*17^2 + 16*17^3 + 16*17^4 + 16*17^5 + 17^6 + 14*17^7 + 9*17^8 + 7*17^9 + 14*17^10 + 15*17^11 + 16*17^12 + 3*17^14 + 14*17^15 + 9*17^16 + O(17^17) : 11*17^3 + 15*17^4 + 8*17^5 + 9*17^6 + 2*17^7 + 4*17^8 + 3*17^9 + 14*17^11 + 8*17^12 + 17^13 + O(17^14) : 1 + O(17^20))
   (12 + 15*17 + 16*17^2 + 16*17^3 + 16*17^4 + 16*17^5 + 17^6 + 14*17^7 + 9*17^8 + 7*17^9 + 14*17^10 + 15*17^11 + 16*17^12 + 3*17^14 + 14*17^15 + 9*17^16 + O(17^17) : 6*17^3 + 17^4 + 8*17^5 + 7*17^6 + 14*17^7 + 12*17^8 + 13*17^9 + 16*17^10 + 2*17^11 + 8*17^12 + 15*17^13 + O(17^14) : 1 + O(17^20))
   (12 + 15*17 + 16*17^2 + 16*17^3 + 16*17^4 + 16*17^5 + 17^6 + 17^7 + 12*17^8 + 14*17^9 + 5*17^10 + 17^12 + 10*17^13 + 4*17^14 + 6*17^15 + 9*17^16 + O(17^17) : 11*17^3 + 9*17^4 + 15*17^5 + 9*17^6 + 14*17^7 + 10*17^8 + 3*17^9 + 9*17^10 + 11*17^11 + 6*17^12 + 5*17^13 + O(17^14) : 1 + O(17^20))
   (12 + 15*17 + 16*17^2 + 16*17^3 + 16*17^4 + 16*17^5 + 17^6 + 17^7 + 12*17^8 + 14*17^9 + 5*17^10 + 17^12 + 10*17^13 + 4*17^14 + 6*17^15 + 9*17^16 + O(17^17) : 6*17^3 + 7*17^4 + 17^5 + 7*17^6 + 2*17^7 + 6*17^8 + 13*17^9 + 7*17^10 + 5*17^11 + 10*17^12 + 11*17^13 + O(17^14) : 1 + O(17^20))
   (12 + 15*17 + 16*17^2 + 16*17^3 + 16*17^4 + 16*17^5 + 17^6 + 17^7 + 8*17^8 + 6*17^9 + 17^10 + 13*17^11 + 6*17^12 + 11*17^13 + 9*17^14 + 8*17^15 + 16*17^16 + O(17^17) : 11*17^3 + 9*17^4 + 4*17^5 + 9*17^6 + 12*17^7 + 2*17^8 + 3*17^9 + 6*17^10 + 17^11 + 7*17^12 + 3*17^13 + O(17^14) : 1 + O(17^20))
   (12 + 15*17 + 16*17^2 + 16*17^3 + 16*17^4 + 16*17^5 + 17^6 + 17^7 + 8*17^8 + 6*17^9 + 17^10 + 13*17^11 + 6*17^12 + 11*17^13 + 9*17^14 + 8*17^15 + 16*17^16 + O(17^17) : 6*17^3 + 7*17^4 + 12*17^5 + 7*17^6 + 4*17^7 + 14*17^8 + 13*17^9 + 10*17^10 + 15*17^11 + 9*17^12 + 13*17^13 + O(17^14) : 1 + O(17^20))
   (12 + 15*17 + 16*17^2 + 16*17^3 + 16*17^4 + 16*17^5 + 17^6 + 17^7 + 8*17^8 + 7*17^9 + 16*17^10 + 12*17^11 + 10*17^12 + 12*17^13 + 2*17^14 + 11*17^15 + 3*17^16 + O(17^17) : 11*17^3 + 9*17^4 + 4*17^5 + 16*17^6 + 5*17^7 + 8*17^8 + 9*17^9 + 14*17^10 + 15*17^11 + 13*17^12 + 15*17^13 + O(17^14) : 1 + O(17^20))
   (12 + 15*17 + 16*17^2 + 16*17^3 + 16*17^4 + 16*17^5 + 17^6 + 17^7 + 8*17^8 + 7*17^9 + 16*17^10 + 12*17^11 + 10*17^12 + 12*17^13 + 2*17^14 + 11*17^15 + 3*17^16 + O(17^17) : 6*17^3 + 7*17^4 + 12*17^5 + 11*17^7 + 8*17^8 + 7*17^9 + 2*17^10 + 17^11 + 3*17^12 + 17^13 + O(17^14) : 1 + O(17^20))
   (12 + 15*17 + 16*17^2 + 16*17^3 + 16*17^4 + 16*17^5 + 17^6 + 6*17^7 + 13*17^8 + 14*17^9 + 11*17^10 + 9*17^11 + 10*17^12 + 15*17^13 + 10*17^14 + 13*17^15 + 3*17^16 + O(17^17) : 11*17^3 + 10*17^4 + 17^5 + 17^6 + 5*17^7 + 17^8 + 4*17^9 + 3*17^10 + 4*17^11 + 16*17^12 + 6*17^13 + O(17^14) : 1 + O(17^20))
   (12 + 15*17 + 16*17^2 + 16*17^3 + 16*17^4 + 16*17^5 + 17^6 + 6*17^7 + 13*17^8 + 14*17^9 + 11*17^10 + 9*17^11 + 10*17^12 + 15*17^13 + 10*17^14 + 13*17^15 + 3*17^16 + O(17^17) : 6*17^3 + 6*17^4 + 15*17^5 + 15*17^6 + 11*17^7 + 15*17^8 + 12*17^9 + 13*17^10 + 12*17^11 + 10*17^13 + O(17^14) : 1 + O(17^20))
   (12 + 15*17 + 16*17^2 + 16*17^3 + 16*17^4 + 16*17^5 + 17^6 + 7*17^7 + 10*17^8 + 6*17^9 + 3*17^10 + 3*17^11 + 12*17^12 + 16*17^13 + 11*17^14 + 11*17^15 + 8*17^16 + O(17^17) : 11*17^3 + 6*17^5 + 2*17^6 + 2*17^7 + 14*17^8 + 8*17^9 + 17^10 + 17^12 + 14*17^13 + O(17^14) : 1 + O(17^20))
   (12 + 15*17 + 16*17^2 + 16*17^3 + 16*17^4 + 16*17^5 + 17^6 + 7*17^7 + 10*17^8 + 6*17^9 + 3*17^10 + 3*17^11 + 12*17^12 + 16*17^13 + 11*17^14 + 11*17^15 + 8*17^16 + O(17^17) : 6*17^3 + 16*17^4 + 10*17^5 + 14*17^6 + 14*17^7 + 2*17^8 + 8*17^9 + 15*17^10 + 16*17^11 + 15*17^12 + 2*17^13 + O(17^14) : 1 + O(17^20))
   (12 + 15*17 + 16*17^2 + 16*17^3 + 16*17^4 + 16*17^5 + 17^6 + 7*17^7 + 8*17^8 + 15*17^9 + 12*17^10 + 7*17^12 + 11*17^14 + 4*17^15 + 14*17^16 + O(17^17) : 11*17^3 + 9*17^5 + 3*17^6 + 11*17^7 + 14*17^8 + 4*17^9 + 11*17^10 + 12*17^11 + 10*17^12 + 13*17^13 + O(17^14) : 1 + O(17^20))
   (12 + 15*17 + 16*17^2 + 16*17^3 + 16*17^4 + 16*17^5 + 17^6 + 7*17^7 + 8*17^8 + 15*17^9 + 12*17^10 + 7*17^12 + 11*17^14 + 4*17^15 + 14*17^16 + O(17^17) : 6*17^3 + 16*17^4 + 7*17^5 + 13*17^6 + 5*17^7 + 2*17^8 + 12*17^9 + 5*17^10 + 4*17^11 + 6*17^12 + 3*17^13 + O(17^14) : 1 + O(17^20))
   (12 + 15*17 + 16*17^2 + 16*17^3 + 16*17^4 + 16*17^5 + 2*17^7 + 16*17^8 + 6*17^9 + 3*17^10 + 3*17^11 + 4*17^13 + 7*17^15 + 13*17^16 + O(17^17) : 16*17^3 + 15*17^4 + 12*17^5 + 13*17^6 + 17^7 + 8*17^8 + 2*17^9 + 16*17^10 + 16*17^11 + 12*17^12 + 15*17^13 + O(17^14) : 1 + O(17^20))
   (12 + 15*17 + 16*17^2 + 16*17^3 + 16*17^4 + 16*17^5 + 2*17^7 + 16*17^8 + 6*17^9 + 3*17^10 + 3*17^11 + 4*17^13 + 7*17^15 + 13*17^16 + O(17^17) : 17^3 + 17^4 + 4*17^5 + 3*17^6 + 15*17^7 + 8*17^8 + 14*17^9 + 4*17^12 + 17^13 + O(17^14) : 1 + O(17^20))
   (12 + 15*17 + 16*17^2 + 16*17^3 + 16*17^4 + 16*17^5 + 3*17^6 + 11*17^7 + 14*17^9 + 5*17^10 + 2*17^12 + 8*17^13 + 11*17^14 + 15*17^16 + O(17^17) : 15*17^3 + 9*17^4 + 10*17^5 + 11*17^6 + 17^7 + 13*17^8 + 15*17^9 + 9*17^10 + 16*17^11 + 8*17^12 + 8*17^13 + O(17^14) : 1 + O(17^20))
   (12 + 15*17 + 16*17^2 + 16*17^3 + 16*17^4 + 16*17^5 + 3*17^6 + 11*17^7 + 14*17^9 + 5*17^10 + 2*17^12 + 8*17^13 + 11*17^14 + 15*17^16 + O(17^17) : 2*17^3 + 7*17^4 + 6*17^5 + 5*17^6 + 15*17^7 + 3*17^8 + 17^9 + 7*17^10 + 8*17^12 + 8*17^13 + O(17^14) : 1 + O(17^20))
   (12 + 15*17 + 16*17^2 + 16*17^3 + 16*17^4 + 16*17^5 + 3*17^6 + 16*17^7 + 14*17^8 + 10*17^9 + 9*17^10 + 13*17^11 + 2*17^12 + 4*17^13 + 16*17^14 + 7*17^15 + 14*17^16 + O(17^17) : 15*17^3 + 12*17^4 + 15*17^5 + 5*17^6 + 17^7 + 2*17^8 + 3*17^9 + 13*17^10 + 17^11 + 11*17^12 + 12*17^13 + O(17^14) : 1 + O(17^20))
   (12 + 15*17 + 16*17^2 + 16*17^3 + 16*17^4 + 16*17^5 + 3*17^6 + 16*17^7 + 14*17^8 + 10*17^9 + 9*17^10 + 13*17^11 + 2*17^12 + 4*17^13 + 16*17^14 + 7*17^15 + 14*17^16 + O(17^17) : 2*17^3 + 4*17^4 + 17^5 + 11*17^6 + 15*17^7 + 14*17^8 + 13*17^9 + 3*17^10 + 15*17^11 + 5*17^12 + 4*17^13 + O(17^14) : 1 + O(17^20))
   (12 + 15*17 + 16*17^2 + 16*17^3 + 16*17^4 + 16*17^5 + 3*17^6 + 7*17^7 + 2*17^9 + 9*17^10 + 9*17^11 + 4*17^12 + 5*17^13 + 8*17^14 + 7*17^15 + 9*17^16 + O(17^17) : 15*17^3 + 10*17^4 + 11*17^5 + 5*17^6 + 9*17^7 + 11*17^9 + 17^10 + 8*17^11 + 11*17^12 + 4*17^13 + O(17^14) : 1 + O(17^20))
   (12 + 15*17 + 16*17^2 + 16*17^3 + 16*17^4 + 16*17^5 + 3*17^6 + 7*17^7 + 2*17^9 + 9*17^10 + 9*17^11 + 4*17^12 + 5*17^13 + 8*17^14 + 7*17^15 + 9*17^16 + O(17^17) : 2*17^3 + 6*17^4 + 5*17^5 + 11*17^6 + 7*17^7 + 16*17^8 + 5*17^9 + 15*17^10 + 8*17^11 + 5*17^12 + 12*17^13 + O(17^14) : 1 + O(17^20))
   (12 + 15*17 + 16*17^2 + 16*17^3 + 16*17^4 + 16*17^5 + 3*17^6 + 9*17^7 + 2*17^8 + 17^9 + 3*17^10 + 5*17^11 + 9*17^12 + 12*17^13 + 4*17^14 + 13*17^15 + 15*17^16 + O(17^17) : 15*17^3 + 17^4 + 3*17^5 + 17^6 + 5*17^7 + 13*17^8 + 13*17^9 + 9*17^10 + 10*17^12 + 10*17^13 + O(17^14) : 1 + O(17^20))
   (12 + 15*17 + 16*17^2 + 16*17^3 + 16*17^4 + 16*17^5 + 3*17^6 + 9*17^7 + 2*17^8 + 17^9 + 3*17^10 + 5*17^11 + 9*17^12 + 12*17^13 + 4*17^14 + 13*17^15 + 15*17^16 + O(17^17) : 2*17^3 + 15*17^4 + 13*17^5 + 15*17^6 + 11*17^7 + 3*17^8 + 3*17^9 + 7*17^10 + 16*17^11 + 6*17^12 + 6*17^13 + O(17^14) : 1 + O(17^20))
   (12 + 15*17 + 16*17^2 + 16*17^3 + 16*17^4 + 16*17^5 + 4*17^7 + 14*17^8 + 2*17^9 + 6*17^10 + 15*17^11 + 9*17^12 + 11*17^13 + 5*17^14 + 2*17^16 + O(17^17) : 16*17^3 + 14*17^4 + 6*17^5 + 13*17^6 + 14*17^8 + 6*17^9 + 3*17^10 + 10*17^11 + 4*17^12 + 3*17^13 + O(17^14) : 1 + O(17^20))
   (12 + 15*17 + 16*17^2 + 16*17^3 + 16*17^4 + 16*17^5 + 4*17^7 + 14*17^8 + 2*17^9 + 6*17^10 + 15*17^11 + 9*17^12 + 11*17^13 + 5*17^14 + 2*17^16 + O(17^17) : 17^3 + 2*17^4 + 10*17^5 + 3*17^6 + 16*17^7 + 2*17^8 + 10*17^9 + 13*17^10 + 6*17^11 + 12*17^12 + 13*17^13 + O(17^14) : 1 + O(17^20))
   (12 + 15*17 + 16*17^2 + 16*17^3 + 16*17^4 + 16*17^5 + 5*17^7 + 9*17^8 + 3*17^9 + 7*17^10 + 6*17^11 + 6*17^12 + 15*17^13 + 13*17^14 + 2*17^15 + 3*17^16 + O(17^17) : 16*17^3 + 5*17^4 + 8*17^5 + 11*17^6 + 15*17^7 + 7*17^8 + 6*17^9 + 2*17^10 + 12*17^11 + 10*17^12 + 7*17^13 + O(17^14) : 1 + O(17^20))
   (12 + 15*17 + 16*17^2 + 16*17^3 + 16*17^4 + 16*17^5 + 5*17^7 + 9*17^8 + 3*17^9 + 7*17^10 + 6*17^11 + 6*17^12 + 15*17^13 + 13*17^14 + 2*17^15 + 3*17^16 + O(17^17) : 17^3 + 11*17^4 + 8*17^5 + 5*17^6 + 17^7 + 9*17^8 + 10*17^9 + 14*17^10 + 4*17^11 + 6*17^12 + 9*17^13 + O(17^14) : 1 + O(17^20))
   (12 + 15*17 + 16*17^2 + 16*17^3 + 16*17^4 + 16*17^5 + 7*17^6 + 11*17^7 + 16*17^8 + 12*17^9 + 13*17^10 + 2*17^11 + 5*17^12 + 9*17^13 + 14*17^14 + 16*17^15 + 3*17^16 + O(17^17) : 12*17^3 + 15*17^4 + 15*17^5 + 2*17^6 + 3*17^7 + 9*17^8 + 14*17^9 + 8*17^10 + 12*17^11 + 9*17^12 + 3*17^13 + O(17^14) : 1 + O(17^20))
   (12 + 15*17 + 16*17^2 + 16*17^3 + 16*17^4 + 16*17^5 + 7*17^6 + 11*17^7 + 16*17^8 + 12*17^9 + 13*17^10 + 2*17^11 + 5*17^12 + 9*17^13 + 14*17^14 + 16*17^15 + 3*17^16 + O(17^17) : 5*17^3 + 17^4 + 17^5 + 14*17^6 + 13*17^7 + 7*17^8 + 2*17^9 + 8*17^10 + 4*17^11 + 7*17^12 + 13*17^13 + O(17^14) : 1 + O(17^20))
   (12 + 15*17 + 16*17^2 + 16*17^3 + 16*17^4 + 16*17^5 + 7*17^6 + 13*17^7 + 17^8 + 4*17^10 + 2*17^11 + 9*17^12 + 4*17^13 + 16*17^14 + 8*17^15 + 6*17^16 + O(17^17) : 12*17^3 + 8*17^4 + 13*17^5 + 3*17^6 + 15*17^7 + 7*17^8 + 9*17^9 + 16*17^10 + 8*17^11 + 16*17^12 + 11*17^13 + O(17^14) : 1 + O(17^20))
   (12 + 15*17 + 16*17^2 + 16*17^3 + 16*17^4 + 16*17^5 + 7*17^6 + 13*17^7 + 17^8 + 4*17^10 + 2*17^11 + 9*17^12 + 4*17^13 + 16*17^14 + 8*17^15 + 6*17^16 + O(17^17) : 5*17^3 + 8*17^4 + 3*17^5 + 13*17^6 + 17^7 + 9*17^8 + 7*17^9 + 8*17^11 + 5*17^13 + O(17^14) : 1 + O(17^20))
   (12 + 15*17 + 16*17^2 + 16*17^3 + 16*17^4 + 16*17^5 + 7*17^6 + 14*17^7 + 2*17^8 + 12*17^9 + 14*17^10 + 8*17^11 + 2*17^12 + 2*17^14 + 9*17^15 + 5*17^16 + O(17^17) : 12*17^3 + 13*17^4 + 2*17^5 + 3*17^6 + 15*17^7 + 10*17^8 + 12*17^9 + 3*17^10 + 15*17^12 + 16*17^13 + O(17^14) : 1 + O(17^20))
   (12 + 15*17 + 16*17^2 + 16*17^3 + 16*17^4 + 16*17^5 + 7*17^6 + 14*17^7 + 2*17^8 + 12*17^9 + 14*17^10 + 8*17^11 + 2*17^12 + 2*17^14 + 9*17^15 + 5*17^16 + O(17^17) : 5*17^3 + 3*17^4 + 14*17^5 + 13*17^6 + 17^7 + 6*17^8 + 4*17^9 + 13*17^10 + 16*17^11 + 17^12 + O(17^14) : 1 + O(17^20))
   (12 + 15*17 + 16*17^2 + 16*17^3 + 16*17^4 + 16*17^5 + 7*17^6 + 17^7 + 3*17^8 + 10*17^10 + 11*17^11 + 17^12 + 17^13 + 11*17^14 + 15*17^15 + 7*17^16 + O(17^17) : 12*17^3 + 16*17^4 + 6*17^5 + 17^7 + 10*17^8 + 7*17^9 + 2*17^10 + 10*17^11 + 5*17^12 + 11*17^13 + O(17^14) : 1 + O(17^20))
   (12 + 15*17 + 16*17^2 + 16*17^3 + 16*17^4 + 16*17^5 + 7*17^6 + 17^7 + 3*17^8 + 10*17^10 + 11*17^11 + 17^12 + 17^13 + 11*17^14 + 15*17^15 + 7*17^16 + O(17^17) : 5*17^3 + 10*17^5 + 16*17^6 + 15*17^7 + 6*17^8 + 9*17^9 + 14*17^10 + 6*17^11 + 11*17^12 + 5*17^13 + O(17^14) : 1 + O(17^20))
   (12 + 15*17 + 16*17^2 + 16*17^3 + 16*17^4 + 16*17^5 + 7*17^6 + 2*17^7 + 2*17^8 + 4*17^9 + 13*17^10 + 15*17^11 + 6*17^12 + 14*17^13 + 9*17^14 + 17^15 + 6*17^16 + O(17^17) : 12*17^3 + 4*17^4 + 11*17^5 + 17^6 + 10*17^7 + 3*17^8 + 2*17^9 + 3*17^10 + 11*17^11 + 11*17^12 + 14*17^13 + O(17^14) : 1 + O(17^20))
   (12 + 15*17 + 16*17^2 + 16*17^3 + 16*17^4 + 16*17^5 + 7*17^6 + 2*17^7 + 2*17^8 + 4*17^9 + 13*17^10 + 15*17^11 + 6*17^12 + 14*17^13 + 9*17^14 + 17^15 + 6*17^16 + O(17^17) : 5*17^3 + 12*17^4 + 5*17^5 + 15*17^6 + 6*17^7 + 13*17^8 + 14*17^9 + 13*17^10 + 5*17^11 + 5*17^12 + 2*17^13 + O(17^14) : 1 + O(17^20))
   (12 + 15*17 + 16*17^2 + 16*17^3 + 16*17^4 + 16*17^5 + 7*17^6 + 3*17^7 + 3*17^8 + 3*17^9 + 11*17^10 + 13*17^11 + 15*17^12 + 9*17^14 + 10*17^15 + 12*17^16 + O(17^17) : 12*17^3 + 9*17^4 + 13*17^5 + 12*17^6 + 13*17^7 + 17^8 + 14*17^9 + 6*17^10 + 12*17^11 + 3*17^12 + 15*17^13 + O(17^14) : 1 + O(17^20))
   (12 + 15*17 + 16*17^2 + 16*17^3 + 16*17^4 + 16*17^5 + 7*17^6 + 3*17^7 + 3*17^8 + 3*17^9 + 11*17^10 + 13*17^11 + 15*17^12 + 9*17^14 + 10*17^15 + 12*17^16 + O(17^17) : 5*17^3 + 7*17^4 + 3*17^5 + 4*17^6 + 3*17^7 + 15*17^8 + 2*17^9 + 10*17^10 + 4*17^11 + 13*17^12 + 17^13 + O(17^14) : 1 + O(17^20))
   (12 + 15*17 + 16*17^2 + 16*17^3 + 16*17^4 + 16*17^5 + 7*17^6 + 4*17^7 + 4*17^8 + 8*17^9 + 3*17^10 + 15*17^11 + 10*17^12 + 9*17^13 + 13*17^14 + 16*17^15 + 4*17^16 + O(17^17) : 12*17^3 + 14*17^4 + 3*17^5 + 5*17^6 + 14*17^7 + 14*17^8 + 14*17^9 + 16*17^10 + 12*17^11 + 16*17^12 + 17^13 + O(17^14) : 1 + O(17^20))
   (12 + 15*17 + 16*17^2 + 16*17^3 + 16*17^4 + 16*17^5 + 7*17^6 + 4*17^7 + 4*17^8 + 8*17^9 + 3*17^10 + 15*17^11 + 10*17^12 + 9*17^13 + 13*17^14 + 16*17^15 + 4*17^16 + O(17^17) : 5*17^3 + 2*17^4 + 13*17^5 + 11*17^6 + 2*17^7 + 2*17^8 + 2*17^9 + 4*17^11 + 15*17^13 + O(17^14) : 1 + O(17^20))
   (12 + 15*17 + 16*17^2 + 16*17^3 + 16*17^4 + 16*17^5 + 8*17^6 + 11*17^7 + 7*17^9 + 14*17^10 + 10*17^11 + 13*17^12 + 6*17^13 + 6*17^14 + 3*17^15 + 12*17^16 + O(17^17) : 14*17^3 + 2*17^5 + 11*17^6 + 11*17^7 + 15*17^8 + 4*17^9 + 15*17^10 + 4*17^11 + 4*17^12 + 12*17^13 + O(17^14) : 1 + O(17^20))
   (12 + 15*17 + 16*17^2 + 16*17^3 + 16*17^4 + 16*17^5 + 8*17^6 + 11*17^7 + 7*17^9 + 14*17^10 + 10*17^11 + 13*17^12 + 6*17^13 + 6*17^14 + 3*17^15 + 12*17^16 + O(17^17) : 3*17^3 + 16*17^4 + 14*17^5 + 5*17^6 + 5*17^7 + 17^8 + 12*17^9 + 17^10 + 12*17^11 + 12*17^12 + 4*17^13 + O(17^14) : 1 + O(17^20))
   (12 + 15*17 + 16*17^2 + 16*17^3 + 16*17^4 + 16*17^5 + 8*17^6 + 15*17^7 + 7*17^9 + 7*17^10 + 5*17^11 + 10*17^12 + 7*17^13 + 15*17^14 + 7*17^15 + O(17^17) : 14*17^3 + 5*17^4 + 16*17^5 + 4*17^6 + 17^7 + 17^8 + 5*17^10 + 15*17^11 + 8*17^12 + 13*17^13 + O(17^14) : 1 + O(17^20))
   (12 + 15*17 + 16*17^2 + 16*17^3 + 16*17^4 + 16*17^5 + 8*17^6 + 15*17^7 + 7*17^9 + 7*17^10 + 5*17^11 + 10*17^12 + 7*17^13 + 15*17^14 + 7*17^15 + O(17^17) : 3*17^3 + 11*17^4 + 12*17^6 + 15*17^7 + 15*17^8 + 16*17^9 + 11*17^10 + 17^11 + 8*17^12 + 3*17^13 + O(17^14) : 1 + O(17^20))
   (12 + 15*17 + 16*17^2 + 16*17^3 + 16*17^4 + 16*17^5 + 8*17^6 + 15*17^7 + 8*17^9 + 5*17^10 + 5*17^11 + 14*17^12 + 8*17^13 + 8*17^14 + 13*17^15 + 7*17^16 + O(17^17) : 14*17^3 + 5*17^4 + 16*17^5 + 17^6 + 4*17^7 + 3*17^8 + 13*17^9 + 15*17^10 + 5*17^11 + 12*17^12 + O(17^14) : 1 + O(17^20))
   (12 + 15*17 + 16*17^2 + 16*17^3 + 16*17^4 + 16*17^5 + 8*17^6 + 15*17^7 + 8*17^9 + 5*17^10 + 5*17^11 + 14*17^12 + 8*17^13 + 8*17^14 + 13*17^15 + 7*17^16 + O(17^17) : 3*17^3 + 11*17^4 + 15*17^6 + 12*17^7 + 13*17^8 + 3*17^9 + 17^10 + 11*17^11 + 4*17^12 + 16*17^13 + O(17^14) : 1 + O(17^20))
   (12 + 15*17 + 16*17^2 + 16*17^3 + 16*17^4 + 16*17^5 + 8*17^6 + 16*17^7 + 10*17^8 + 12*17^9 + 13*17^10 + 2*17^11 + 3*17^12 + 5*17^13 + 4*17^14 + 5*17^15 + 16*17^16 + O(17^17) : 14*17^3 + 2*17^4 + 10*17^5 + 5*17^6 + 6*17^7 + 14*17^8 + 12*17^9 + 14*17^10 + 10*17^11 + 10*17^12 + 12*17^13 + O(17^14) : 1 + O(17^20))
   (12 + 15*17 + 16*17^2 + 16*17^3 + 16*17^4 + 16*17^5 + 8*17^6 + 16*17^7 + 10*17^8 + 12*17^9 + 13*17^10 + 2*17^11 + 3*17^12 + 5*17^13 + 4*17^14 + 5*17^15 + 16*17^16 + O(17^17) : 3*17^3 + 14*17^4 + 6*17^5 + 11*17^6 + 10*17^7 + 2*17^8 + 4*17^9 + 2*17^10 + 6*17^11 + 6*17^12 + 4*17^13 + O(17^14) : 1 + O(17^20))
   (12 + 15*17 + 16*17^2 + 16*17^3 + 16*17^4 + 16*17^5 + 8*17^6 + 16*17^7 + 12*17^8 + 7*17^9 + 8*17^10 + 13*17^11 + 6*17^12 + 12*17^13 + 2*17^14 + 2*17^15 + 3*17^16 + O(17^17) : 14*17^3 + 2*17^4 + 4*17^5 + 3*17^6 + 10*17^7 + 12*17^8 + 12*17^9 + 4*17^10 + 2*17^11 + 15*17^12 + 2*17^13 + O(17^14) : 1 + O(17^20))
   (12 + 15*17 + 16*17^2 + 16*17^3 + 16*17^4 + 16*17^5 + 8*17^6 + 16*17^7 + 12*17^8 + 7*17^9 + 8*17^10 + 13*17^11 + 6*17^12 + 12*17^13 + 2*17^14 + 2*17^15 + 3*17^16 + O(17^17) : 3*17^3 + 14*17^4 + 12*17^5 + 13*17^6 + 6*17^7 + 4*17^8 + 4*17^9 + 12*17^10 + 14*17^11 + 17^12 + 14*17^13 + O(17^14) : 1 + O(17^20))
   (12 + 15*17 + 16*17^2 + 16*17^3 + 16*17^4 + 16*17^5 + 8*17^6 + 16*17^7 + 17^8 + 7*17^9 + 3*17^10 + 3*17^11 + 6*17^12 + 10*17^13 + 16*17^14 + 2*17^15 + 14*17^16 + O(17^17) : 14*17^3 + 2*17^4 + 3*17^5 + 5*17^6 + 10*17^7 + 9*17^8 + 10*17^9 + 5*17^10 + 8*17^11 + 11*17^13 + O(17^14) : 1 + O(17^20))
   (12 + 15*17 + 16*17^2 + 16*17^3 + 16*17^4 + 16*17^5 + 8*17^6 + 16*17^7 + 17^8 + 7*17^9 + 3*17^10 + 3*17^11 + 6*17^12 + 10*17^13 + 16*17^14 + 2*17^15 + 14*17^16 + O(17^17) : 3*17^3 + 14*17^4 + 13*17^5 + 11*17^6 + 6*17^7 + 7*17^8 + 6*17^9 + 11*17^10 + 8*17^11 + 16*17^12 + 5*17^13 + O(17^14) : 1 + O(17^20))
   (12 + 15*17 + 16*17^2 + 16*17^3 + 16*17^4 + 16*17^5 + 8*17^6 + 7*17^7 + 13*17^8 + 3*17^9 + 13*17^10 + 15*17^11 + 4*17^12 + 11*17^13 + 6*17^14 + 5*17^15 + 16*17^16 + O(17^17) : 14*17^3 + 12*17^4 + 13*17^5 + 4*17^6 + 12*17^7 + 9*17^8 + 10*17^9 + 4*17^10 + 3*17^11 + 13*17^12 + 2*17^13 + O(17^14) : 1 + O(17^20))
   (12 + 15*17 + 16*17^2 + 16*17^3 + 16*17^4 + 16*17^5 + 8*17^6 + 7*17^7 + 13*17^8 + 3*17^9 + 13*17^10 + 15*17^11 + 4*17^12 + 11*17^13 + 6*17^14 + 5*17^15 + 16*17^16 + O(17^17) : 3*17^3 + 4*17^4 + 3*17^5 + 12*17^6 + 4*17^7 + 7*17^8 + 6*17^9 + 12*17^10 + 13*17^11 + 3*17^12 + 14*17^13 + O(17^14) : 1 + O(17^20))
   (12 + 15*17 + 16*17^2 + 16*17^3 + 16*17^4 + 16*17^5 + 8*17^6 + 7*17^7 + 15*17^8 + 16*17^9 + 5*17^10 + 9*17^11 + 12*17^12 + 2*17^13 + 15*17^14 + 9*17^15 + 8*17^16 + O(17^17) : 14*17^3 + 12*17^4 + 7*17^5 + 13*17^6 + 7*17^7 + 5*17^8 + 13*17^9 + 8*17^10 + 5*17^11 + 10*17^12 + 16*17^13 + O(17^14) : 1 + O(17^20))
   (12 + 15*17 + 16*17^2 + 16*17^3 + 16*17^4 + 16*17^5 + 8*17^6 + 7*17^7 + 15*17^8 + 16*17^9 + 5*17^10 + 9*17^11 + 12*17^12 + 2*17^13 + 15*17^14 + 9*17^15 + 8*17^16 + O(17^17) : 3*17^3 + 4*17^4 + 9*17^5 + 3*17^6 + 9*17^7 + 11*17^8 + 3*17^9 + 8*17^10 + 11*17^11 + 6*17^12 + O(17^14) : 1 + O(17^20))
   (12 + 15*17 + 16*17^2 + 16*17^3 + 16*17^4 + 16*17^5 + 8*17^6 + 9*17^7 + 13*17^8 + 12*17^9 + 8*17^10 + 4*17^11 + 5*17^12 + 12*17^13 + 10*17^14 + 14*17^15 + 7*17^16 + O(17^17) : 14*17^3 + 6*17^4 + 16*17^5 + 10*17^6 + 16*17^7 + 7*17^8 + 10*17^9 + 13*17^10 + 7*17^11 + 14*17^12 + 15*17^13 + O(17^14) : 1 + O(17^20))
   (12 + 15*17 + 16*17^2 + 16*17^3 + 16*17^4 + 16*17^5 + 8*17^6 + 9*17^7 + 13*17^8 + 12*17^9 + 8*17^10 + 4*17^11 + 5*17^12 + 12*17^13 + 10*17^14 + 14*17^15 + 7*17^16 + O(17^17) : 3*17^3 + 10*17^4 + 6*17^6 + 9*17^8 + 6*17^9 + 3*17^10 + 9*17^11 + 2*17^12 + 17^13 + O(17^14) : 1 + O(17^20))
   (12 + 15*17 + 16*17^2 + 16*17^3 + 16*17^4 + 16*17^5 + 9*17^7 + 11*17^8 + 16*17^9 + 9*17^10 + 11*17^11 + 10*17^12 + 3*17^13 + 2*17^14 + 7*17^15 + 6*17^16 + O(17^17) : 16*17^3 + 3*17^4 + 14*17^5 + 4*17^7 + 13*17^8 + 7*17^9 + 7*17^10 + 8*17^11 + 13*17^12 + 7*17^13 + O(17^14) : 1 + O(17^20))
   (12 + 15*17 + 16*17^2 + 16*17^3 + 16*17^4 + 16*17^5 + 9*17^7 + 11*17^8 + 16*17^9 + 9*17^10 + 11*17^11 + 10*17^12 + 3*17^13 + 2*17^14 + 7*17^15 + 6*17^16 + O(17^17) : 17^3 + 13*17^4 + 2*17^5 + 16*17^6 + 12*17^7 + 3*17^8 + 9*17^9 + 9*17^10 + 8*17^11 + 3*17^12 + 9*17^13 + O(17^14) : 1 + O(17^20))
   (12*17^-3 + 11*17^-2 + 10*17^-1 + 5 + 14*17 + 3*17^2 + 15*17^3 + 4*17^4 + 3*17^5 + 15*17^6 + 10*17^7 + 8*17^8 + 14*17^9 + O(17^10) : 11*17^-9 + 8*17^-8 + 2*17^-7 + 4*17^-6 + 5*17^-5 + 3*17^-4 + 13*17^-3 + 9*17^-2 + 7*17^-1 + 7*17 + 15*17^2 + 13*17^3 + O(17^4) : 1 + O(17^20))
   (12*17^-3 + 11*17^-2 + 10*17^-1 + 5 + 14*17 + 3*17^2 + 15*17^3 + 4*17^4 + 3*17^5 + 15*17^6 + 10*17^7 + 8*17^8 + 14*17^9 + O(17^10) : 6*17^-9 + 8*17^-8 + 14*17^-7 + 12*17^-6 + 11*17^-5 + 13*17^-4 + 3*17^-3 + 7*17^-2 + 9*17^-1 + 16 + 9*17 + 17^2 + 3*17^3 + O(17^4) : 1 + O(17^20))
   (12*17^-3 + 12*17^-2 + 14*17^-1 + 14*17 + 8*17^2 + 9*17^3 + 6*17^4 + 17^5 + 7*17^6 + 7*17^7 + 5*17^8 + 3*17^9 + O(17^10) : 11*17^-9 + 15*17^-8 + 16*17^-7 + 17^-6 + 13*17^-5 + 17^-4 + 5*17^-3 + 14*17^-2 + 2*17^-1 + 10 + 14*17 + O(17^4) : 1 + O(17^20))
   (12*17^-3 + 12*17^-2 + 14*17^-1 + 14*17 + 8*17^2 + 9*17^3 + 6*17^4 + 17^5 + 7*17^6 + 7*17^7 + 5*17^8 + 3*17^9 + O(17^10) : 6*17^-9 + 17^-8 + 15*17^-6 + 3*17^-5 + 15*17^-4 + 11*17^-3 + 2*17^-2 + 14*17^-1 + 6 + 2*17 + 16*17^2 + 16*17^3 + O(17^4) : 1 + O(17^20))
   (12*17^-3 + 14*17^-2 + 14*17^-1 + 1 + 15*17 + 10*17^2 + 5*17^3 + 6*17^4 + 15*17^5 + 6*17^6 + 3*17^7 + 13*17^8 + 17^9 + O(17^10) : 11*17^-9 + 12*17^-8 + 17^-7 + 9*17^-6 + 5*17^-5 + 2*17^-4 + 8*17^-3 + 17^-2 + 5*17^-1 + 3 + 6*17 + 10*17^2 + 14*17^3 + O(17^4) : 1 + O(17^20))
   (12*17^-3 + 14*17^-2 + 14*17^-1 + 1 + 15*17 + 10*17^2 + 5*17^3 + 6*17^4 + 15*17^5 + 6*17^6 + 3*17^7 + 13*17^8 + 17^9 + O(17^10) : 6*17^-9 + 4*17^-8 + 15*17^-7 + 7*17^-6 + 11*17^-5 + 14*17^-4 + 8*17^-3 + 15*17^-2 + 11*17^-1 + 13 + 10*17 + 6*17^2 + 2*17^3 + O(17^4) : 1 + O(17^20))
   (12*17^-3 + 3*17^-2 + 12*17^-1 + 15 + 7*17 + 6*17^2 + 11*17^3 + 3*17^4 + 14*17^5 + 9*17^6 + 11*17^7 + 8*17^8 + 5*17^9 + O(17^10) : 11*17^-9 + 3*17^-8 + 14*17^-7 + 9*17^-6 + 17^-5 + 8*17^-4 + 3*17^-3 + 13*17^-2 + 2*17^-1 + 10 + 13*17 + 3*17^2 + 6*17^3 + O(17^4) : 1 + O(17^20))
   (12*17^-3 + 3*17^-2 + 12*17^-1 + 15 + 7*17 + 6*17^2 + 11*17^3 + 3*17^4 + 14*17^5 + 9*17^6 + 11*17^7 + 8*17^8 + 5*17^9 + O(17^10) : 6*17^-9 + 13*17^-8 + 2*17^-7 + 7*17^-6 + 15*17^-5 + 8*17^-4 + 13*17^-3 + 3*17^-2 + 14*17^-1 + 6 + 3*17 + 13*17^2 + 10*17^3 + O(17^4) : 1 + O(17^20))
   (12*17^-3 + 6*17^-2 + 12*17^-1 + 2 + 6*17^2 + 16*17^3 + 14*17^4 + 15*17^5 + 12*17^6 + 13*17^7 + 17^8 + 6*17^9 + O(17^10) : 11*17^-9 + 7*17^-8 + 8*17^-7 + 7*17^-6 + 17^-4 + 11*17^-3 + 6*17^-2 + 17^-1 + 6 + 17^2 + 2*17^3 + O(17^4) : 1 + O(17^20))
   (12*17^-3 + 6*17^-2 + 12*17^-1 + 2 + 6*17^2 + 16*17^3 + 14*17^4 + 15*17^5 + 12*17^6 + 13*17^7 + 17^8 + 6*17^9 + O(17^10) : 6*17^-9 + 9*17^-8 + 8*17^-7 + 9*17^-6 + 16*17^-5 + 15*17^-4 + 5*17^-3 + 10*17^-2 + 15*17^-1 + 10 + 16*17 + 15*17^2 + 14*17^3 + O(17^4) : 1 + O(17^20))
   (12*17^-3 + 6*17^-2 + 7*17^-1 + 10 + 17 + 14*17^2 + 11*17^3 + 4*17^4 + 12*17^5 + 6*17^6 + 14*17^7 + 13*17^8 + 13*17^9 + O(17^10) : 11*17^-9 + 7*17^-8 + 7*17^-7 + 3*17^-6 + 14*17^-5 + 13*17^-4 + 17^-3 + 7*17^-2 + 3*17^-1 + 6*17 + 17^2 + 14*17^3 + O(17^4) : 1 + O(17^20))
   (12*17^-3 + 6*17^-2 + 7*17^-1 + 10 + 17 + 14*17^2 + 11*17^3 + 4*17^4 + 12*17^5 + 6*17^6 + 14*17^7 + 13*17^8 + 13*17^9 + O(17^10) : 6*17^-9 + 9*17^-8 + 9*17^-7 + 13*17^-6 + 2*17^-5 + 3*17^-4 + 15*17^-3 + 9*17^-2 + 13*17^-1 + 16 + 10*17 + 15*17^2 + 2*17^3 + O(17^4) : 1 + O(17^20))
   (12*17^-3 + 9*17^-2 + 8*17^-1 + 2 + 4*17 + 9*17^2 + 16*17^3 + 15*17^4 + 8*17^5 + 14*17^6 + 4*17^7 + 2*17^8 + 16*17^9 + O(17^10) : 11*17^-9 + 11*17^-8 + 10*17^-7 + 8*17^-6 + 9*17^-5 + 13*17^-4 + 13*17^-3 + 4*17^-2 + 7*17^-1 + 15 + 14*17 + 11*17^2 + 10*17^3 + O(17^4) : 1 + O(17^20))
   (12*17^-3 + 9*17^-2 + 8*17^-1 + 2 + 4*17 + 9*17^2 + 16*17^3 + 15*17^4 + 8*17^5 + 14*17^6 + 4*17^7 + 2*17^8 + 16*17^9 + O(17^10) : 6*17^-9 + 5*17^-8 + 6*17^-7 + 8*17^-6 + 7*17^-5 + 3*17^-4 + 3*17^-3 + 12*17^-2 + 9*17^-1 + 1 + 2*17 + 5*17^2 + 6*17^3 + O(17^4) : 1 + O(17^20))
   (12*17^-3 + 9*17^-2 + 8*17^-1 + 8 + 12*17 + 5*17^3 + 15*17^4 + 10*17^5 + 13*17^7 + 3*17^8 + 13*17^9 + O(17^10) : 11*17^-9 + 11*17^-8 + 10*17^-7 + 16*17^-6 + 8*17^-5 + 3*17^-3 + 5*17^-2 + 9*17^-1 + 12 + 6*17 + 5*17^2 + 9*17^3 + O(17^4) : 1 + O(17^20))
   (12*17^-3 + 9*17^-2 + 8*17^-1 + 8 + 12*17 + 5*17^3 + 15*17^4 + 10*17^5 + 13*17^7 + 3*17^8 + 13*17^9 + O(17^10) : 6*17^-9 + 5*17^-8 + 6*17^-7 + 8*17^-5 + 16*17^-4 + 13*17^-3 + 11*17^-2 + 7*17^-1 + 4 + 10*17 + 11*17^2 + 7*17^3 + O(17^4) : 1 + O(17^20))
   (13 + 2*17 + 17^2 + 10*17^3 + 10*17^4 + 17^6 + 16*17^7 + 17^8 + 4*17^9 + 3*17^10 + 10*17^11 + 16*17^12 + 14*17^13 + 12*17^14 + O(17^15) : 10 + 16*17 + 4*17^2 + 15*17^3 + 11*17^4 + 10*17^5 + 6*17^6 + 3*17^7 + 16*17^8 + 5*17^11 + 7*17^12 + 8*17^13 + 15*17^14 + O(17^15) : 1 + O(17^20))
   (13 + 2*17 + 17^2 + 10*17^3 + 10*17^4 + 17^6 + 16*17^7 + 17^8 + 4*17^9 + 3*17^10 + 10*17^11 + 16*17^12 + 14*17^13 + 12*17^14 + O(17^15) : 7 + 12*17^2 + 17^3 + 5*17^4 + 6*17^5 + 10*17^6 + 13*17^7 + 16*17^9 + 16*17^10 + 11*17^11 + 9*17^12 + 8*17^13 + 17^14 + O(17^15) : 1 + O(17^20))
   (13 + 2*17 + 17^2 + 10*17^3 + 11*17^4 + 5*17^5 + 4*17^6 + 12*17^7 + 5*17^8 + 17^9 + 15*17^10 + 16*17^11 + 15*17^12 + 7*17^13 + 7*17^14 + O(17^15) : 10 + 16*17 + 4*17^2 + 15*17^3 + 8*17^4 + 13*17^5 + 11*17^6 + 17^7 + 3*17^8 + 12*17^9 + 10*17^10 + 4*17^11 + 16*17^12 + 12*17^13 + O(17^15) : 1 + O(17^20))
   (13 + 2*17 + 17^2 + 10*17^3 + 11*17^4 + 5*17^5 + 4*17^6 + 12*17^7 + 5*17^8 + 17^9 + 15*17^10 + 16*17^11 + 15*17^12 + 7*17^13 + 7*17^14 + O(17^15) : 7 + 12*17^2 + 17^3 + 8*17^4 + 3*17^5 + 5*17^6 + 15*17^7 + 13*17^8 + 4*17^9 + 6*17^10 + 12*17^11 + 4*17^13 + 16*17^14 + O(17^15) : 1 + O(17^20))
   (13 + 2*17 + 17^2 + 10*17^3 + 11*17^4 + 7*17^5 + 12*17^6 + 6*17^7 + 5*17^8 + 3*17^9 + 16*17^10 + 4*17^11 + 8*17^12 + 15*17^13 + 13*17^14 + O(17^15) : 10 + 16*17 + 4*17^2 + 15*17^3 + 8*17^4 + 7*17^5 + 6*17^6 + 12*17^7 + 13*17^8 + 7*17^9 + 5*17^10 + 17^11 + 7*17^12 + 6*17^13 + 17^14 + O(17^15) : 1 + O(17^20))
   (13 + 2*17 + 17^2 + 10*17^3 + 11*17^4 + 7*17^5 + 12*17^6 + 6*17^7 + 5*17^8 + 3*17^9 + 16*17^10 + 4*17^11 + 8*17^12 + 15*17^13 + 13*17^14 + O(17^15) : 7 + 12*17^2 + 17^3 + 8*17^4 + 9*17^5 + 10*17^6 + 4*17^7 + 3*17^8 + 9*17^9 + 11*17^10 + 15*17^11 + 9*17^12 + 10*17^13 + 15*17^14 + O(17^15) : 1 + O(17^20))
   (13 + 2*17 + 17^2 + 10*17^3 + 13*17^4 + 17^5 + 11*17^6 + 3*17^7 + 4*17^8 + 12*17^9 + 9*17^10 + 15*17^11 + 5*17^12 + 6*17^13 + 14*17^14 + O(17^15) : 10 + 16*17 + 4*17^2 + 15*17^3 + 2*17^4 + 10*17^5 + 7*17^6 + 14*17^7 + 13*17^8 + 6*17^9 + 15*17^10 + 2*17^11 + 17^12 + 6*17^13 + 3*17^14 + O(17^15) : 1 + O(17^20))
   (13 + 2*17 + 17^2 + 10*17^3 + 13*17^4 + 17^5 + 11*17^6 + 3*17^7 + 4*17^8 + 12*17^9 + 9*17^10 + 15*17^11 + 5*17^12 + 6*17^13 + 14*17^14 + O(17^15) : 7 + 12*17^2 + 17^3 + 14*17^4 + 6*17^5 + 9*17^6 + 2*17^7 + 3*17^8 + 10*17^9 + 17^10 + 14*17^11 + 15*17^12 + 10*17^13 + 13*17^14 + O(17^15) : 1 + O(17^20))
   (13 + 2*17 + 17^2 + 10*17^3 + 2*17^4 + 6*17^5 + 17^6 + 14*17^7 + 14*17^8 + 9*17^9 + 2*17^10 + 6*17^11 + 3*17^12 + 17^13 + 13*17^14 + O(17^15) : 10 + 16*17 + 4*17^2 + 15*17^3 + 17^4 + 3*17^5 + 16*17^6 + 5*17^7 + 4*17^8 + 7*17^9 + 11*17^10 + 9*17^11 + 15*17^13 + 4*17^14 + O(17^15) : 1 + O(17^20))
   (13 + 2*17 + 17^2 + 10*17^3 + 2*17^4 + 6*17^5 + 17^6 + 14*17^7 + 14*17^8 + 9*17^9 + 2*17^10 + 6*17^11 + 3*17^12 + 17^13 + 13*17^14 + O(17^15) : 7 + 12*17^2 + 17^3 + 15*17^4 + 13*17^5 + 11*17^7 + 12*17^8 + 9*17^9 + 5*17^10 + 7*17^11 + 16*17^12 + 17^13 + 12*17^14 + O(17^15) : 1 + O(17^20))
   (13 + 2*17 + 17^2 + 10*17^3 + 2*17^4 + 6*17^5 + 2*17^6 + 5*17^7 + 6*17^8 + 12*17^9 + 6*17^10 + 6*17^11 + 5*17^12 + 3*17^13 + O(17^15) : 10 + 16*17 + 4*17^2 + 15*17^3 + 17^4 + 3*17^5 + 13*17^6 + 16*17^7 + 13*17^8 + 4*17^9 + 7*17^10 + 12*17^11 + 5*17^12 + 7*17^13 + 3*17^14 + O(17^15) : 1 + O(17^20))
   (13 + 2*17 + 17^2 + 10*17^3 + 2*17^4 + 6*17^5 + 2*17^6 + 5*17^7 + 6*17^8 + 12*17^9 + 6*17^10 + 6*17^11 + 5*17^12 + 3*17^13 + O(17^15) : 7 + 12*17^2 + 17^3 + 15*17^4 + 13*17^5 + 3*17^6 + 3*17^8 + 12*17^9 + 9*17^10 + 4*17^11 + 11*17^12 + 9*17^13 + 13*17^14 + O(17^15) : 1 + O(17^20))
   (13 + 2*17 + 17^2 + 10*17^3 + 3*17^4 + 13*17^5 + 4*17^6 + 16*17^7 + 2*17^8 + 7*17^10 + 13*17^11 + 12*17^12 + 13*17^13 + 9*17^14 + O(17^15) : 10 + 16*17 + 4*17^2 + 15*17^3 + 15*17^4 + 16*17^5 + 5*17^6 + 6*17^7 + 14*17^8 + 12*17^9 + 10*17^10 + 15*17^11 + 8*17^12 + 16*17^14 + O(17^15) : 1 + O(17^20))
   (13 + 2*17 + 17^2 + 10*17^3 + 3*17^4 + 13*17^5 + 4*17^6 + 16*17^7 + 2*17^8 + 7*17^10 + 13*17^11 + 12*17^12 + 13*17^13 + 9*17^14 + O(17^15) : 7 + 12*17^2 + 17^3 + 17^4 + 11*17^6 + 10*17^7 + 2*17^8 + 4*17^9 + 6*17^10 + 17^11 + 8*17^12 + 16*17^13 + O(17^15) : 1 + O(17^20))
   (13 + 2*17 + 17^2 + 10*17^3 + 4*17^4 + 8*17^5 + 17^6 + 11*17^7 + 17^8 + 13*17^9 + 8*17^10 + 17^11 + 6*17^12 + 14*17^13 + 17^14 + O(17^15) : 10 + 16*17 + 4*17^2 + 15*17^3 + 12*17^4 + 15*17^5 + 3*17^6 + 4*17^7 + 10*17^8 + 16*17^9 + 7*17^10 + 13*17^11 + 10*17^12 + 7*17^13 + 5*17^14 + O(17^15) : 1 + O(17^20))
   (13 + 2*17 + 17^2 + 10*17^3 + 4*17^4 + 8*17^5 + 17^6 + 11*17^7 + 17^8 + 13*17^9 + 8*17^10 + 17^11 + 6*17^12 + 14*17^13 + 17^14 + O(17^15) : 7 + 12*17^2 + 17^3 + 4*17^4 + 17^5 + 13*17^6 + 12*17^7 + 6*17^8 + 9*17^10 + 3*17^11 + 6*17^12 + 9*17^13 + 11*17^14 + O(17^15) : 1 + O(17^20))
   (13 + 2*17 + 17^2 + 10*17^4 + 16*17^5 + 12*17^6 + 6*17^7 + 8*17^8 + 8*17^9 + 17^10 + 15*17^11 + 4*17^12 + 5*17^13 + 2*17^14 + O(17^15) : 10 + 16*17 + 4*17^2 + 11*17^3 + 3*17^4 + 15*17^5 + 2*17^6 + 4*17^7 + 16*17^8 + 7*17^9 + 15*17^10 + 5*17^11 + 6*17^12 + 11*17^13 + 2*17^14 + O(17^15) : 1 + O(17^20))
   (13 + 2*17 + 17^2 + 10*17^4 + 16*17^5 + 12*17^6 + 6*17^7 + 8*17^8 + 8*17^9 + 17^10 + 15*17^11 + 4*17^12 + 5*17^13 + 2*17^14 + O(17^15) : 7 + 12*17^2 + 5*17^3 + 13*17^4 + 17^5 + 14*17^6 + 12*17^7 + 9*17^9 + 17^10 + 11*17^11 + 10*17^12 + 5*17^13 + 14*17^14 + O(17^15) : 1 + O(17^20))
   (13 + 2*17 + 17^2 + 11*17^3 + 12*17^4 + 17^5 + 10*17^6 + 6*17^8 + 8*17^9 + 15*17^10 + 10*17^11 + 14*17^12 + 16*17^13 + 15*17^14 + O(17^15) : 10 + 16*17 + 4*17^2 + 12*17^3 + 6*17^4 + 2*17^5 + 3*17^6 + 3*17^7 + 9*17^8 + 16*17^9 + 12*17^10 + 12*17^11 + 3*17^12 + 11*17^13 + 5*17^14 + O(17^15) : 1 + O(17^20))
   (13 + 2*17 + 17^2 + 11*17^3 + 12*17^4 + 17^5 + 10*17^6 + 6*17^8 + 8*17^9 + 15*17^10 + 10*17^11 + 14*17^12 + 16*17^13 + 15*17^14 + O(17^15) : 7 + 12*17^2 + 4*17^3 + 10*17^4 + 14*17^5 + 13*17^6 + 13*17^7 + 7*17^8 + 4*17^10 + 4*17^11 + 13*17^12 + 5*17^13 + 11*17^14 + O(17^15) : 1 + O(17^20))
   (13 + 2*17 + 17^2 + 11*17^3 + 12*17^4 + 17^5 + 12*17^6 + 15*17^7 + 10*17^8 + 10*17^9 + 11*17^10 + 3*17^11 + 4*17^12 + 8*17^13 + O(17^15) : 10 + 16*17 + 4*17^2 + 12*17^3 + 6*17^4 + 2*17^5 + 14*17^6 + 10*17^7 + 12*17^8 + 17^9 + 13*17^10 + 16*17^11 + 16*17^12 + 4*17^13 + 2*17^14 + O(17^15) : 1 + O(17^20))
   (13 + 2*17 + 17^2 + 11*17^3 + 12*17^4 + 17^5 + 12*17^6 + 15*17^7 + 10*17^8 + 10*17^9 + 11*17^10 + 3*17^11 + 4*17^12 + 8*17^13 + O(17^15) : 7 + 12*17^2 + 4*17^3 + 10*17^4 + 14*17^5 + 2*17^6 + 6*17^7 + 4*17^8 + 15*17^9 + 3*17^10 + 12*17^13 + 14*17^14 + O(17^15) : 1 + O(17^20))
   (13 + 2*17 + 17^2 + 11*17^3 + 13*17^4 + 6*17^5 + 3*17^6 + 6*17^7 + 5*17^8 + 9*17^9 + 13*17^10 + 11*17^12 + 6*17^13 + 7*17^14 + O(17^15) : 10 + 16*17 + 4*17^2 + 12*17^3 + 3*17^4 + 5*17^5 + 4*17^6 + 16*17^7 + 13*17^8 + 4*17^9 + 3*17^10 + 10*17^11 + 6*17^12 + 3*17^13 + O(17^15) : 1 + O(17^20))
   (13 + 2*17 + 17^2 + 11*17^3 + 13*17^4 + 6*17^5 + 3*17^6 + 6*17^7 + 5*17^8 + 9*17^9 + 13*17^10 + 11*17^12 + 6*17^13 + 7*17^14 + O(17^15) : 7 + 12*17^2 + 4*17^3 + 13*17^4 + 11*17^5 + 12*17^6 + 3*17^8 + 12*17^9 + 13*17^10 + 6*17^11 + 10*17^12 + 13*17^13 + 16*17^14 + O(17^15) : 1 + O(17^20))
   (13 + 2*17 + 17^2 + 11*17^3 + 4*17^4 + 4*17^5 + 6*17^6 + 8*17^7 + 13*17^8 + 12*17^9 + 14*17^10 + 10*17^11 + 7*17^12 + 7*17^13 + 8*17^14 + O(17^15) : 10 + 16*17 + 4*17^2 + 12*17^3 + 13*17^4 + 3*17^5 + 5*17^6 + 11*17^7 + 6*17^9 + 14*17^10 + 2*17^11 + 4*17^12 + 6*17^13 + 11*17^14 + O(17^15) : 1 + O(17^20))
   (13 + 2*17 + 17^2 + 11*17^3 + 4*17^4 + 4*17^5 + 6*17^6 + 8*17^7 + 13*17^8 + 12*17^9 + 14*17^10 + 10*17^11 + 7*17^12 + 7*17^13 + 8*17^14 + O(17^15) : 7 + 12*17^2 + 4*17^3 + 3*17^4 + 13*17^5 + 11*17^6 + 5*17^7 + 16*17^8 + 10*17^9 + 2*17^10 + 14*17^11 + 12*17^12 + 10*17^13 + 5*17^14 + O(17^15) : 1 + O(17^20))
   (13 + 2*17 + 17^2 + 11*17^3 + 5*17^4 + 13*17^5 + 11*17^6 + 13*17^7 + 5*17^8 + 17^9 + 16*17^11 + 15*17^12 + 16*17^13 + 16*17^14 + O(17^15) : 10 + 16*17 + 4*17^2 + 12*17^3 + 10*17^4 + 11*17^5 + 7*17^6 + 9*17^7 + 8*17^8 + 15*17^9 + 4*17^10 + 16*17^13 + 2*17^14 + O(17^15) : 1 + O(17^20))
   (13 + 2*17 + 17^2 + 11*17^3 + 5*17^4 + 13*17^5 + 11*17^6 + 13*17^7 + 5*17^8 + 17^9 + 16*17^11 + 15*17^12 + 16*17^13 + 16*17^14 + O(17^15) : 7 + 12*17^2 + 4*17^3 + 6*17^4 + 5*17^5 + 9*17^6 + 7*17^7 + 8*17^8 + 17^9 + 12*17^10 + 16*17^11 + 16*17^12 + 14*17^14 + O(17^15) : 1 + O(17^20))
   (13 + 2*17 + 17^2 + 11*17^3 + 5*17^4 + 13*17^5 + 13*17^6 + 14*17^7 + 10*17^8 + 2*17^9 + 12*17^10 + 9*17^11 + 17^12 + 15*17^13 + 15*17^14 + O(17^15) : 10 + 16*17 + 4*17^2 + 12*17^3 + 10*17^4 + 11*17^5 + 17^6 + 8*17^7 + 14*17^8 + 16*17^9 + 6*17^10 + 2*17^11 + 5*17^12 + 8*17^13 + 10*17^14 + O(17^15) : 1 + O(17^20))
   (13 + 2*17 + 17^2 + 11*17^3 + 5*17^4 + 13*17^5 + 13*17^6 + 14*17^7 + 10*17^8 + 2*17^9 + 12*17^10 + 9*17^11 + 17^12 + 15*17^13 + 15*17^14 + O(17^15) : 7 + 12*17^2 + 4*17^3 + 6*17^4 + 5*17^5 + 15*17^6 + 8*17^7 + 2*17^8 + 10*17^10 + 14*17^11 + 11*17^12 + 8*17^13 + 6*17^14 + O(17^15) : 1 + O(17^20))
   (13 + 2*17 + 17^2 + 11*17^3 + 6*17^4 + 11*17^5 + 15*17^6 + 16*17^7 + 4*17^8 + 14*17^9 + 9*17^10 + 9*17^11 + 2*17^12 + 3*17^13 + 9*17^14 + O(17^15) : 10 + 16*17 + 4*17^2 + 12*17^3 + 7*17^4 + 17^5 + 4*17^6 + 4*17^7 + 14*17^8 + 10*17^9 + 11*17^10 + 2*17^11 + 10*17^12 + 8*17^13 + 2*17^14 + O(17^15) : 1 + O(17^20))
   (13 + 2*17 + 17^2 + 11*17^3 + 6*17^4 + 11*17^5 + 15*17^6 + 16*17^7 + 4*17^8 + 14*17^9 + 9*17^10 + 9*17^11 + 2*17^12 + 3*17^13 + 9*17^14 + O(17^15) : 7 + 12*17^2 + 4*17^3 + 9*17^4 + 15*17^5 + 12*17^6 + 12*17^7 + 2*17^8 + 6*17^9 + 5*17^10 + 14*17^11 + 6*17^12 + 8*17^13 + 14*17^14 + O(17^15) : 1 + O(17^20))
   (13 + 2*17 + 17^2 + 11*17^3 + 7*17^4 + 10*17^5 + 12*17^6 + 7*17^7 + 13*17^8 + 2*17^9 + 7*17^10 + 11*17^11 + 2*17^12 + 9*17^13 + 11*17^14 + O(17^15) : 10 + 16*17 + 4*17^2 + 12*17^3 + 4*17^4 + 5*17^5 + 5*17^6 + 5*17^7 + 4*17^9 + 8*17^10 + 8*17^11 + 11*17^12 + 9*17^13 + 11*17^14 + O(17^15) : 1 + O(17^20))
   (13 + 2*17 + 17^2 + 11*17^3 + 7*17^4 + 10*17^5 + 12*17^6 + 7*17^7 + 13*17^8 + 2*17^9 + 7*17^10 + 11*17^11 + 2*17^12 + 9*17^13 + 11*17^14 + O(17^15) : 7 + 12*17^2 + 4*17^3 + 12*17^4 + 11*17^5 + 11*17^6 + 11*17^7 + 16*17^8 + 12*17^9 + 8*17^10 + 8*17^11 + 5*17^12 + 7*17^13 + 5*17^14 + O(17^15) : 1 + O(17^20))
   (13 + 2*17 + 17^2 + 11*17^3 + 8*17^4 + 17^5 + 11*17^6 + 17^7 + 12*17^8 + 6*17^9 + 10*17^10 + 6*17^11 + 12*17^12 + 13*17^14 + O(17^15) : 10 + 16*17 + 4*17^2 + 12*17^3 + 17^4 + 16*17^5 + 10*17^6 + 3*17^7 + 12*17^8 + 5*17^9 + 11*17^10 + 9*17^11 + 14*17^12 + 14*17^13 + 4*17^14 + O(17^15) : 1 + O(17^20))
   (13 + 2*17 + 17^2 + 11*17^3 + 8*17^4 + 17^5 + 11*17^6 + 17^7 + 12*17^8 + 6*17^9 + 10*17^10 + 6*17^11 + 12*17^12 + 13*17^14 + O(17^15) : 7 + 12*17^2 + 4*17^3 + 15*17^4 + 6*17^6 + 13*17^7 + 4*17^8 + 11*17^9 + 5*17^10 + 7*17^11 + 2*17^12 + 2*17^13 + 12*17^14 + O(17^15) : 1 + O(17^20))
   (13 + 2*17 + 17^2 + 12*17^4 + 4*17^5 + 13*17^6 + 12*17^7 + 8*17^8 + 2*17^9 + 11*17^10 + 15*17^11 + 4*17^12 + 17^13 + 7*17^14 + O(17^15) : 10 + 16*17 + 4*17^2 + 11*17^3 + 14*17^4 + 17^5 + 10*17^6 + 16*17^7 + 4*17^8 + 15*17^9 + 17^10 + 8*17^11 + 13*17^13 + 8*17^14 + O(17^15) : 1 + O(17^20))
   (13 + 2*17 + 17^2 + 12*17^4 + 4*17^5 + 13*17^6 + 12*17^7 + 8*17^8 + 2*17^9 + 11*17^10 + 15*17^11 + 4*17^12 + 17^13 + 7*17^14 + O(17^15) : 7 + 12*17^2 + 5*17^3 + 2*17^4 + 15*17^5 + 6*17^6 + 12*17^8 + 17^9 + 15*17^10 + 8*17^11 + 16*17^12 + 3*17^13 + 8*17^14 + O(17^15) : 1 + O(17^20))
   (13 + 2*17 + 17^2 + 13*17^3 + 16*17^4 + 12*17^6 + 10*17^7 + 4*17^8 + 5*17^9 + 3*17^10 + 17^11 + 11*17^12 + 2*17^13 + 12*17^14 + O(17^15) : 10 + 16*17 + 4*17^2 + 6*17^3 + 13*17^4 + 11*17^5 + 13*17^6 + 15*17^7 + 11*17^8 + 2*17^9 + 7*17^10 + 14*17^11 + 13*17^12 + 3*17^13 + 7*17^14 + O(17^15) : 1 + O(17^20))
   (13 + 2*17 + 17^2 + 13*17^3 + 16*17^4 + 12*17^6 + 10*17^7 + 4*17^8 + 5*17^9 + 3*17^10 + 17^11 + 11*17^12 + 2*17^13 + 12*17^14 + O(17^15) : 7 + 12*17^2 + 10*17^3 + 3*17^4 + 5*17^5 + 3*17^6 + 17^7 + 5*17^8 + 14*17^9 + 9*17^10 + 2*17^11 + 3*17^12 + 13*17^13 + 9*17^14 + O(17^15) : 1 + O(17^20))
   (13 + 2*17 + 17^2 + 13*17^3 + 4*17^4 + 6*17^5 + 4*17^6 + 6*17^7 + 15*17^8 + 8*17^9 + 7*17^10 + 10*17^11 + 3*17^12 + 17^13 + 12*17^14 + O(17^15) : 10 + 16*17 + 4*17^2 + 6*17^3 + 15*17^4 + 7*17^6 + 7*17^7 + 13*17^8 + 16*17^9 + 13*17^10 + 5*17^11 + 10*17^12 + 10*17^13 + 11*17^14 + O(17^15) : 1 + O(17^20))
   (13 + 2*17 + 17^2 + 13*17^3 + 4*17^4 + 6*17^5 + 4*17^6 + 6*17^7 + 15*17^8 + 8*17^9 + 7*17^10 + 10*17^11 + 3*17^12 + 17^13 + 12*17^14 + O(17^15) : 7 + 12*17^2 + 10*17^3 + 17^4 + 16*17^5 + 9*17^6 + 9*17^7 + 3*17^8 + 3*17^10 + 11*17^11 + 6*17^12 + 6*17^13 + 5*17^14 + O(17^15) : 1 + O(17^20))
   (13 + 2*17 + 17^2 + 13*17^3 + 5*17^4 + 14*17^5 + 2*17^6 + 5*17^7 + 6*17^8 + 15*17^9 + 2*17^10 + 8*17^11 + 4*17^12 + 3*17^13 + 14*17^14 + O(17^15) : 10 + 16*17 + 4*17^2 + 6*17^3 + 12*17^4 + 11*17^5 + 12*17^6 + 11*17^7 + 3*17^8 + 15*17^9 + 10*17^10 + 16*17^11 + 9*17^12 + 9*17^13 + 8*17^14 + O(17^15) : 1 + O(17^20))
   (13 + 2*17 + 17^2 + 13*17^3 + 5*17^4 + 14*17^5 + 2*17^6 + 5*17^7 + 6*17^8 + 15*17^9 + 2*17^10 + 8*17^11 + 4*17^12 + 3*17^13 + 14*17^14 + O(17^15) : 7 + 12*17^2 + 10*17^3 + 4*17^4 + 5*17^5 + 4*17^6 + 5*17^7 + 13*17^8 + 17^9 + 6*17^10 + 7*17^12 + 7*17^13 + 8*17^14 + O(17^15) : 1 + O(17^20))
   (13 + 2*17 + 17^2 + 13*17^3 + 6*17^4 + 13*17^5 + 16*17^6 + 17^8 + 12*17^9 + 7*17^10 + 5*17^11 + 4*17^12 + 14*17^13 + 10*17^14 + O(17^15) : 10 + 16*17 + 4*17^2 + 6*17^3 + 9*17^4 + 15*17^5 + 13*17^6 + 17^7 + 5*17^8 + 2*17^9 + 17^10 + 8*17^11 + 10*17^12 + 16*17^13 + 7*17^14 + O(17^15) : 1 + O(17^20))
   (13 + 2*17 + 17^2 + 13*17^3 + 6*17^4 + 13*17^5 + 16*17^6 + 17^8 + 12*17^9 + 7*17^10 + 5*17^11 + 4*17^12 + 14*17^13 + 10*17^14 + O(17^15) : 7 + 12*17^2 + 10*17^3 + 7*17^4 + 17^5 + 3*17^6 + 15*17^7 + 11*17^8 + 14*17^9 + 15*17^10 + 8*17^11 + 6*17^12 + 9*17^14 + O(17^15) : 1 + O(17^20))
   (13 + 2*17 + 17^2 + 13*17^3 + 6*17^5 + 3*17^6 + 6*17^7 + 2*17^8 + 5*17^9 + 15*17^10 + 2*17^11 + 4*17^12 + 5*17^13 + 9*17^14 + O(17^15) : 10 + 16*17 + 4*17^2 + 6*17^3 + 10*17^4 + 14*17^5 + 3*17^6 + 10*17^7 + 11*17^8 + 11*17^9 + 6*17^10 + 10*17^11 + 6*17^13 + 5*17^14 + O(17^15) : 1 + O(17^20))
   (13 + 2*17 + 17^2 + 13*17^3 + 6*17^5 + 3*17^6 + 6*17^7 + 2*17^8 + 5*17^9 + 15*17^10 + 2*17^11 + 4*17^12 + 5*17^13 + 9*17^14 + O(17^15) : 7 + 12*17^2 + 10*17^3 + 6*17^4 + 2*17^5 + 13*17^6 + 6*17^7 + 5*17^8 + 5*17^9 + 10*17^10 + 6*17^11 + 16*17^12 + 10*17^13 + 11*17^14 + O(17^15) : 1 + O(17^20))
   (13 + 2*17 + 17^2 + 13*17^3 + 6*17^5 + 5*17^6 + 4*17^7 + 7*17^8 + 14*17^10 + 4*17^11 + 14*17^12 + 12*17^13 + 15*17^14 + O(17^15) : 10 + 16*17 + 4*17^2 + 6*17^3 + 10*17^4 + 14*17^5 + 14*17^6 + 15*17^8 + 8*17^9 + 5*17^10 + 14*17^11 + 11*17^12 + 14*17^13 + 12*17^14 + O(17^15) : 1 + O(17^20))
   (13 + 2*17 + 17^2 + 13*17^3 + 6*17^5 + 5*17^6 + 4*17^7 + 7*17^8 + 14*17^10 + 4*17^11 + 14*17^12 + 12*17^13 + 15*17^14 + O(17^15) : 7 + 12*17^2 + 10*17^3 + 6*17^4 + 2*17^5 + 2*17^6 + 16*17^7 + 17^8 + 8*17^9 + 11*17^10 + 2*17^11 + 5*17^12 + 2*17^13 + 4*17^14 + O(17^15) : 1 + O(17^20))
   (13 + 2*17 + 17^2 + 13*17^3 + 7*17^4 + 11*17^5 + 17^6 + 8*17^7 + 15*17^8 + 7*17^9 + 15*17^10 + 9*17^11 + 8*17^12 + 6*17^13 + 13*17^14 + O(17^15) : 10 + 16*17 + 4*17^2 + 6*17^3 + 6*17^4 + 5*17^5 + 16*17^6 + 3*17^7 + 3*17^8 + 2*17^9 + 15*17^10 + 10*17^11 + 12*17^12 + 3*17^13 + 4*17^14 + O(17^15) : 1 + O(17^20))
   (13 + 2*17 + 17^2 + 13*17^3 + 7*17^4 + 11*17^5 + 17^6 + 8*17^7 + 15*17^8 + 7*17^9 + 15*17^10 + 9*17^11 + 8*17^12 + 6*17^13 + 13*17^14 + O(17^15) : 7 + 12*17^2 + 10*17^3 + 10*17^4 + 11*17^5 + 13*17^7 + 13*17^8 + 14*17^9 + 17^10 + 6*17^11 + 4*17^12 + 13*17^13 + 12*17^14 + O(17^15) : 1 + O(17^20))
   (13 + 2*17 + 17^2 + 13*17^3 + 7*17^4 + 11*17^5 + 3*17^6 + 9*17^7 + 3*17^8 + 2*17^9 + 13*17^10 + 12*17^11 + 14*17^12 + 3*17^13 + O(17^15) : 10 + 16*17 + 4*17^2 + 6*17^3 + 6*17^4 + 5*17^5 + 10*17^6 + 2*17^7 + 9*17^8 + 15*17^9 + 15*17^10 + 12*17^11 + 15*17^12 + 10*17^13 + 5*17^14 + O(17^15) : 1 + O(17^20))
   (13 + 2*17 + 17^2 + 13*17^3 + 7*17^4 + 11*17^5 + 3*17^6 + 9*17^7 + 3*17^8 + 2*17^9 + 13*17^10 + 12*17^11 + 14*17^12 + 3*17^13 + O(17^15) : 7 + 12*17^2 + 10*17^3 + 10*17^4 + 11*17^5 + 6*17^6 + 14*17^7 + 7*17^8 + 17^9 + 17^10 + 4*17^11 + 17^12 + 6*17^13 + 11*17^14 + O(17^15) : 1 + O(17^20))
   (13 + 2*17 + 17^2 + 13*17^3 + 8*17^4 + 3*17^5 + 9*17^6 + 2*17^7 + 8*17^8 + 5*17^9 + 4*17^10 + 9*17^11 + 17^12 + 8*17^13 + 16*17^14 + O(17^15) : 10 + 16*17 + 4*17^2 + 6*17^3 + 3*17^4 + 13*17^5 + 12*17^6 + 6*17^7 + 2*17^8 + 7*17^9 + 2*17^10 + 12*17^11 + 3*17^12 + 12*17^13 + 10*17^14 + O(17^15) : 1 + O(17^20))
   (13 + 2*17 + 17^2 + 13*17^3 + 8*17^4 + 3*17^5 + 9*17^6 + 2*17^7 + 8*17^8 + 5*17^9 + 4*17^10 + 9*17^11 + 17^12 + 8*17^13 + 16*17^14 + O(17^15) : 7 + 12*17^2 + 10*17^3 + 13*17^4 + 3*17^5 + 4*17^6 + 10*17^7 + 14*17^8 + 9*17^9 + 14*17^10 + 4*17^11 + 13*17^12 + 4*17^13 + 6*17^14 + O(17^15) : 1 + O(17^20))
   (13 + 2*17 + 17^2 + 14*17^3 + 10*17^4 + 17^5 + 12*17^6 + 13*17^7 + 14*17^8 + 11*17^9 + 7*17^10 + 4*17^11 + 6*17^12 + 15*17^13 + 15*17^14 + O(17^15) : 10 + 16*17 + 4*17^2 + 3*17^3 + 15*17^4 + 13*17^5 + 13*17^6 + 5*17^7 + 3*17^8 + 6*17^9 + 9*17^11 + 17^12 + 13*17^13 + 5*17^14 + O(17^15) : 1 + O(17^20))
   (13 + 2*17 + 17^2 + 14*17^3 + 10*17^4 + 17^5 + 12*17^6 + 13*17^7 + 14*17^8 + 11*17^9 + 7*17^10 + 4*17^11 + 6*17^12 + 15*17^13 + 15*17^14 + O(17^15) : 7 + 12*17^2 + 13*17^3 + 17^4 + 3*17^5 + 3*17^6 + 11*17^7 + 13*17^8 + 10*17^9 + 16*17^10 + 7*17^11 + 15*17^12 + 3*17^13 + 11*17^14 + O(17^15) : 1 + O(17^20))
   (13 + 2*17 + 17^2 + 14*17^3 + 10*17^4 + 17^5 + 13*17^6 + 4*17^7 + 6*17^8 + 7*17^9 + 14*17^10 + 13*17^11 + 11*17^12 + 16*17^13 + 7*17^14 + O(17^15) : 10 + 16*17 + 4*17^2 + 3*17^3 + 15*17^4 + 13*17^5 + 10*17^6 + 16*17^7 + 12*17^8 + 15*17^9 + 11*17^10 + 11*17^11 + 4*17^12 + 3*17^13 + 15*17^14 + O(17^15) : 1 + O(17^20))
   (13 + 2*17 + 17^2 + 14*17^3 + 10*17^4 + 17^5 + 13*17^6 + 4*17^7 + 6*17^8 + 7*17^9 + 14*17^10 + 13*17^11 + 11*17^12 + 16*17^13 + 7*17^14 + O(17^15) : 7 + 12*17^2 + 13*17^3 + 17^4 + 3*17^5 + 6*17^6 + 4*17^8 + 17^9 + 5*17^10 + 5*17^11 + 12*17^12 + 13*17^13 + 17^14 + O(17^15) : 1 + O(17^20))
   (13 + 2*17 + 17^2 + 14*17^3 + 16*17^4 + 5*17^5 + 3*17^6 + 7*17^7 + 5*17^8 + 4*17^9 + 2*17^10 + 10*17^11 + 10*17^12 + 13*17^13 + 12*17^14 + O(17^15) : 10 + 16*17 + 4*17^2 + 3*17^3 + 14*17^4 + 6*17^5 + 2*17^6 + 12*17^7 + 17^9 + 13*17^10 + 11*17^11 + 5*17^12 + 7*17^13 + 13*17^14 + O(17^15) : 1 + O(17^20))
   (13 + 2*17 + 17^2 + 14*17^3 + 16*17^4 + 5*17^5 + 3*17^6 + 7*17^7 + 5*17^8 + 4*17^9 + 2*17^10 + 10*17^11 + 10*17^12 + 13*17^13 + 12*17^14 + O(17^15) : 7 + 12*17^2 + 13*17^3 + 2*17^4 + 10*17^5 + 14*17^6 + 4*17^7 + 16*17^8 + 15*17^9 + 3*17^10 + 5*17^11 + 11*17^12 + 9*17^13 + 3*17^14 + O(17^15) : 1 + O(17^20))
   (13 + 2*17 + 17^2 + 14*17^3 + 17^4 + 2*17^5 + 10*17^6 + 17^7 + 15*17^8 + 9*17^9 + 5*17^10 + 4*17^11 + 9*17^13 + 7*17^14 + O(17^15) : 10 + 16*17 + 4*17^2 + 3*17^3 + 8*17^4 + 3*17^5 + 15*17^6 + 14*17^7 + 5*17^8 + 7*17^9 + 5*17^10 + 6*17^11 + 4*17^12 + 3*17^13 + 15*17^14 + O(17^15) : 1 + O(17^20))
   (13 + 2*17 + 17^2 + 14*17^3 + 17^4 + 2*17^5 + 10*17^6 + 17^7 + 15*17^8 + 9*17^9 + 5*17^10 + 4*17^11 + 9*17^13 + 7*17^14 + O(17^15) : 7 + 12*17^2 + 13*17^3 + 8*17^4 + 13*17^5 + 17^6 + 2*17^7 + 11*17^8 + 9*17^9 + 11*17^10 + 10*17^11 + 12*17^12 + 13*17^13 + 17^14 + O(17^15) : 1 + O(17^20))
   (13 + 2*17 + 17^2 + 14*17^3 + 17^4 + 2*17^6 + 7*17^7 + 12*17^8 + 2*17^9 + 5*17^10 + 17^11 + 17^13 + 10*17^14 + O(17^15) : 10 + 16*17 + 4*17^2 + 3*17^3 + 8*17^4 + 9*17^5 + 3*17^6 + 4*17^7 + 5*17^8 + 14*17^9 + 9*17^10 + 3*17^12 + 14*17^13 + 17^14 + O(17^15) : 1 + O(17^20))
   (13 + 2*17 + 17^2 + 14*17^3 + 17^4 + 2*17^6 + 7*17^7 + 12*17^8 + 2*17^9 + 5*17^10 + 17^11 + 17^13 + 10*17^14 + O(17^15) : 7 + 12*17^2 + 13*17^3 + 8*17^4 + 7*17^5 + 13*17^6 + 12*17^7 + 11*17^8 + 2*17^9 + 7*17^10 + 16*17^11 + 13*17^12 + 2*17^13 + 15*17^14 + O(17^15) : 1 + O(17^20))
   (13 + 2*17 + 17^2 + 14*17^3 + 2*17^4 + 7*17^5 + 13*17^6 + 7*17^7 + 8*17^8 + 9*17^9 + 3*17^10 + 3*17^11 + 6*17^12 + 6*17^13 + 13*17^14 + O(17^15) : 10 + 16*17 + 4*17^2 + 3*17^3 + 5*17^4 + 6*17^5 + 3*17^6 + 8*17^7 + 6*17^8 + 13*17^9 + 11*17^11 + 7*17^12 + 7*17^13 + 15*17^14 + O(17^15) : 1 + O(17^20))
   (13 + 2*17 + 17^2 + 14*17^3 + 2*17^4 + 7*17^5 + 13*17^6 + 7*17^7 + 8*17^8 + 9*17^9 + 3*17^10 + 3*17^11 + 6*17^12 + 6*17^13 + 13*17^14 + O(17^15) : 7 + 12*17^2 + 13*17^3 + 11*17^4 + 10*17^5 + 13*17^6 + 8*17^7 + 10*17^8 + 3*17^9 + 16*17^10 + 5*17^11 + 9*17^12 + 9*17^13 + 17^14 + O(17^15) : 1 + O(17^20))
   (13 + 2*17 + 17^2 + 14*17^3 + 8*17^4 + 16*17^5 + 12*17^6 + 4*17^7 + 11*17^8 + 4*17^9 + 13*17^10 + 11*17^11 + 13*17^12 + 7*17^13 + 11*17^14 + O(17^15) : 10 + 16*17 + 4*17^2 + 3*17^3 + 4*17^4 + 17^5 + 6*17^6 + 11*17^7 + 2*17^8 + 14*17^9 + 12*17^10 + 3*17^11 + 10*17^12 + 5*17^13 + 5*17^14 + O(17^15) : 1 + O(17^20))
   (13 + 2*17 + 17^2 + 14*17^3 + 8*17^4 + 16*17^5 + 12*17^6 + 4*17^7 + 11*17^8 + 4*17^9 + 13*17^10 + 11*17^11 + 13*17^12 + 7*17^13 + 11*17^14 + O(17^15) : 7 + 12*17^2 + 13*17^3 + 12*17^4 + 15*17^5 + 10*17^6 + 5*17^7 + 14*17^8 + 2*17^9 + 4*17^10 + 13*17^11 + 6*17^12 + 11*17^13 + 11*17^14 + O(17^15) : 1 + O(17^20))
   (13 + 2*17 + 17^2 + 14*17^3 + 9*17^4 + 11*17^5 + 9*17^6 + 9*17^7 + 2*17^8 + 8*17^9 + 8*17^10 + 17^11 + 10*17^13 + 16*17^14 + O(17^15) : 10 + 16*17 + 4*17^2 + 3*17^3 + 17^4 + 4*17^6 + 4*17^7 + 2*17^8 + 10*17^9 + 8*17^10 + 17^11 + 9*17^12 + 15*17^13 + 8*17^14 + O(17^15) : 1 + O(17^20))
   (13 + 2*17 + 17^2 + 14*17^3 + 9*17^4 + 11*17^5 + 9*17^6 + 9*17^7 + 2*17^8 + 8*17^9 + 8*17^10 + 17^11 + 10*17^13 + 16*17^14 + O(17^15) : 7 + 12*17^2 + 13*17^3 + 15*17^4 + 16*17^5 + 12*17^6 + 12*17^7 + 14*17^8 + 6*17^9 + 8*17^10 + 15*17^11 + 7*17^12 + 17^13 + 8*17^14 + O(17^15) : 1 + O(17^20))
   (13 + 2*17 + 17^2 + 14*17^4 + 4*17^5 + 8*17^6 + 5*17^7 + 3*17^8 + 9*17^9 + 6*17^10 + 9*17^11 + 13*17^12 + 2*17^13 + 16*17^14 + O(17^15) : 10 + 16*17 + 4*17^2 + 11*17^3 + 8*17^4 + 3*17^5 + 11*17^6 + 13*17^7 + 13*17^8 + 8*17^10 + 16*17^11 + 13*17^12 + 11*17^13 + 13*17^14 + O(17^15) : 1 + O(17^20))
   (13 + 2*17 + 17^2 + 14*17^4 + 4*17^5 + 8*17^6 + 5*17^7 + 3*17^8 + 9*17^9 + 6*17^10 + 9*17^11 + 13*17^12 + 2*17^13 + 16*17^14 + O(17^15) : 7 + 12*17^2 + 5*17^3 + 8*17^4 + 13*17^5 + 5*17^6 + 3*17^7 + 3*17^8 + 16*17^9 + 8*17^10 + 3*17^12 + 5*17^13 + 3*17^14 + O(17^15) : 1 + O(17^20))
   (13 + 2*17 + 17^2 + 15*17^3 + 11*17^4 + 14*17^6 + 13*17^7 + 15*17^8 + 6*17^9 + 14*17^10 + 15*17^12 + 16*17^13 + 13*17^14 + O(17^15) : 10 + 16*17 + 4*17^2 + 13*17^4 + 10*17^5 + 10*17^6 + 5*17^7 + 11*17^8 + 5*17^9 + 16*17^10 + 7*17^11 + 7*17^12 + 9*17^13 + 7*17^14 + O(17^15) : 1 + O(17^20))
   (13 + 2*17 + 17^2 + 15*17^3 + 11*17^4 + 14*17^6 + 13*17^7 + 15*17^8 + 6*17^9 + 14*17^10 + 15*17^12 + 16*17^13 + 13*17^14 + O(17^15) : 7 + 12*17^2 + 16*17^3 + 3*17^4 + 6*17^5 + 6*17^6 + 11*17^7 + 5*17^8 + 11*17^9 + 9*17^11 + 9*17^12 + 7*17^13 + 9*17^14 + O(17^15) : 1 + O(17^20))
   (13 + 2*17 + 17^2 + 15*17^3 + 11*17^4 + 2*17^6 + 10*17^7 + 6*17^8 + 5*17^10 + 6*17^11 + 17^12 + 8*17^13 + 17^14 + O(17^15) : 10 + 16*17 + 4*17^2 + 13*17^4 + 10*17^5 + 12*17^6 + 4*17^7 + 4*17^10 + 12*17^11 + 11*17^12 + 8*17^13 + 14*17^14 + O(17^15) : 1 + O(17^20))
   (13 + 2*17 + 17^2 + 15*17^3 + 11*17^4 + 2*17^6 + 10*17^7 + 6*17^8 + 5*17^10 + 6*17^11 + 17^12 + 8*17^13 + 17^14 + O(17^15) : 7 + 12*17^2 + 16*17^3 + 3*17^4 + 6*17^5 + 4*17^6 + 12*17^7 + 16*17^8 + 16*17^9 + 12*17^10 + 4*17^11 + 5*17^12 + 8*17^13 + 2*17^14 + O(17^15) : 1 + O(17^20))
   (13 + 2*17 + 17^2 + 15*17^3 + 11*17^5 + 10*17^6 + 13*17^7 + 4*17^8 + 4*17^10 + 15*17^11 + 13*17^12 + 3*17^13 + 4*17^14 + O(17^15) : 10 + 16*17 + 4*17^2 + 12*17^4 + 2*17^5 + 6*17^6 + 2*17^7 + 12*17^9 + 2*17^10 + 14*17^11 + 12*17^12 + 6*17^13 + 13*17^14 + O(17^15) : 1 + O(17^20))
   (13 + 2*17 + 17^2 + 15*17^3 + 11*17^5 + 10*17^6 + 13*17^7 + 4*17^8 + 4*17^10 + 15*17^11 + 13*17^12 + 3*17^13 + 4*17^14 + O(17^15) : 7 + 12*17^2 + 16*17^3 + 4*17^4 + 14*17^5 + 10*17^6 + 14*17^7 + 16*17^8 + 4*17^9 + 14*17^10 + 2*17^11 + 4*17^12 + 10*17^13 + 3*17^14 + O(17^15) : 1 + O(17^20))
   (13 + 2*17 + 17^2 + 15*17^3 + 15*17^4 + 13*17^5 + 15*17^6 + 17^7 + 8*17^8 + 6*17^9 + 16*17^10 + 9*17^11 + 9*17^12 + 8*17^13 + 14*17^14 + O(17^15) : 10 + 16*17 + 4*17^2 + 17^4 + 9*17^5 + 7*17^6 + 15*17^7 + 15*17^8 + 4*17^10 + 13*17^11 + 6*17^12 + 6*17^13 + 4*17^14 + O(17^15) : 1 + O(17^20))
   (13 + 2*17 + 17^2 + 15*17^3 + 15*17^4 + 13*17^5 + 15*17^6 + 17^7 + 8*17^8 + 6*17^9 + 16*17^10 + 9*17^11 + 9*17^12 + 8*17^13 + 14*17^14 + O(17^15) : 7 + 12*17^2 + 16*17^3 + 15*17^4 + 7*17^5 + 9*17^6 + 17^7 + 17^8 + 16*17^9 + 12*17^10 + 3*17^11 + 10*17^12 + 10*17^13 + 12*17^14 + O(17^15) : 1 + O(17^20))
   (13 + 2*17 + 17^2 + 15*17^3 + 4*17^4 + 9*17^5 + 6*17^6 + 6*17^7 + 2*17^9 + 13*17^10 + 17^11 + 7*17^12 + 9*17^13 + 7*17^14 + O(17^15) : 10 + 16*17 + 4*17^2 + 12*17^5 + 5*17^6 + 12*17^7 + 10*17^8 + 7*17^9 + 12*17^10 + 6*17^11 + 2*17^12 + 16*17^13 + 6*17^14 + O(17^15) : 1 + O(17^20))
   (13 + 2*17 + 17^2 + 15*17^3 + 4*17^4 + 9*17^5 + 6*17^6 + 6*17^7 + 2*17^9 + 13*17^10 + 17^11 + 7*17^12 + 9*17^13 + 7*17^14 + O(17^15) : 7 + 12*17^2 + 16*17^3 + 16*17^4 + 4*17^5 + 11*17^6 + 4*17^7 + 6*17^8 + 9*17^9 + 4*17^10 + 10*17^11 + 14*17^12 + 10*17^14 + O(17^15) : 1 + O(17^20))
   (13 + 2*17 + 17^2 + 15*17^3 + 6*17^4 + 12*17^5 + 2*17^6 + 9*17^7 + 4*17^8 + 14*17^9 + 5*17^10 + 5*17^11 + 7*17^12 + 3*17^13 + 7*17^14 + O(17^15) : 10 + 16*17 + 4*17^2 + 11*17^4 + 4*17^5 + 6*17^6 + 2*17^7 + 16*17^8 + 15*17^9 + 15*17^10 + 12*17^11 + 2*17^12 + 7*17^13 + 7*17^14 + O(17^15) : 1 + O(17^20))
   (13 + 2*17 + 17^2 + 15*17^3 + 6*17^4 + 12*17^5 + 2*17^6 + 9*17^7 + 4*17^8 + 14*17^9 + 5*17^10 + 5*17^11 + 7*17^12 + 3*17^13 + 7*17^14 + O(17^15) : 7 + 12*17^2 + 16*17^3 + 5*17^4 + 12*17^5 + 10*17^6 + 14*17^7 + 17^9 + 17^10 + 4*17^11 + 14*17^12 + 9*17^13 + 9*17^14 + O(17^15) : 1 + O(17^20))
   (13 + 2*17 + 17^2 + 16*17^3 + 12*17^4 + 11*17^5 + 7*17^6 + 9*17^7 + 14*17^8 + 2*17^9 + 14*17^10 + 8*17^11 + 14*17^12 + 13*17^13 + 5*17^14 + O(17^15) : 10 + 16*17 + 4*17^2 + 14*17^3 + 10*17^4 + 5*17^5 + 12*17^6 + 11*17^7 + 12*17^8 + 16*17^9 + 4*17^10 + 4*17^11 + 4*17^12 + 3*17^13 + 2*17^14 + O(17^15) : 1 + O(17^20))
   (13 + 2*17 + 17^2 + 16*17^3 + 12*17^4 + 11*17^5 + 7*17^6 + 9*17^7 + 14*17^8 + 2*17^9 + 14*17^10 + 8*17^11 + 14*17^12 + 13*17^13 + 5*17^14 + O(17^15) : 7 + 12*17^2 + 2*17^3 + 6*17^4 + 11*17^5 + 4*17^6 + 5*17^7 + 4*17^8 + 12*17^10 + 12*17^11 + 12*17^12 + 13*17^13 + 14*17^14 + O(17^15) : 1 + O(17^20))
   (13 + 2*17 + 17^2 + 16*17^3 + 12*17^4 + 12*17^5 + 15*17^6 + 5*17^7 + 13*17^9 + 10*17^10 + 10*17^12 + 10*17^13 + 14*17^14 + O(17^15) : 10 + 16*17 + 4*17^2 + 14*17^3 + 10*17^4 + 2*17^5 + 6*17^6 + 6*17^7 + 9*17^8 + 17^9 + 7*17^10 + 10*17^11 + 5*17^12 + 4*17^13 + 11*17^14 + O(17^15) : 1 + O(17^20))
   (13 + 2*17 + 17^2 + 16*17^3 + 12*17^4 + 12*17^5 + 15*17^6 + 5*17^7 + 13*17^9 + 10*17^10 + 10*17^12 + 10*17^13 + 14*17^14 + O(17^15) : 7 + 12*17^2 + 2*17^3 + 6*17^4 + 14*17^5 + 10*17^6 + 10*17^7 + 7*17^8 + 15*17^9 + 9*17^10 + 6*17^11 + 11*17^12 + 12*17^13 + 5*17^14 + O(17^15) : 1 + O(17^20))
   (13 + 2*17 + 17^2 + 16*17^3 + 12*17^4 + 8*17^5 + 10*17^6 + 7*17^7 + 9*17^8 + 3*17^9 + 12*17^10 + 13*17^11 + 5*17^12 + 2*17^13 + 8*17^14 + O(17^15) : 10 + 16*17 + 4*17^2 + 14*17^3 + 10*17^4 + 14*17^5 + 7*17^7 + 15*17^8 + 11*17^9 + 8*17^10 + 3*17^11 + 11*17^12 + 11*17^13 + 16*17^14 + O(17^15) : 1 + O(17^20))
   (13 + 2*17 + 17^2 + 16*17^3 + 12*17^4 + 8*17^5 + 10*17^6 + 7*17^7 + 9*17^8 + 3*17^9 + 12*17^10 + 13*17^11 + 5*17^12 + 2*17^13 + 8*17^14 + O(17^15) : 7 + 12*17^2 + 2*17^3 + 6*17^4 + 2*17^5 + 16*17^6 + 9*17^7 + 17^8 + 5*17^9 + 8*17^10 + 13*17^11 + 5*17^12 + 5*17^13 + O(17^15) : 1 + O(17^20))
   (13 + 2*17 + 17^2 + 16*17^3 + 4*17^4 + 2*17^5 + 14*17^6 + 10*17^7 + 10*17^8 + 11*17^9 + 14*17^10 + 12*17^11 + 14*17^12 + 3*17^13 + 11*17^14 + O(17^15) : 10 + 16*17 + 4*17^2 + 14*17^3 + 9*17^5 + 5*17^6 + 2*17^7 + 11*17^8 + 5*17^9 + 10*17^10 + 11*17^11 + 12*17^12 + 12*17^13 + 10*17^14 + O(17^15) : 1 + O(17^20))
   (13 + 2*17 + 17^2 + 16*17^3 + 4*17^4 + 2*17^5 + 14*17^6 + 10*17^7 + 10*17^8 + 11*17^9 + 14*17^10 + 12*17^11 + 14*17^12 + 3*17^13 + 11*17^14 + O(17^15) : 7 + 12*17^2 + 2*17^3 + 16*17^4 + 7*17^5 + 11*17^6 + 14*17^7 + 5*17^8 + 11*17^9 + 6*17^10 + 5*17^11 + 4*17^12 + 4*17^13 + 6*17^14 + O(17^15) : 1 + O(17^20))
   (13 + 2*17 + 17^2 + 16*17^3 + 4*17^4 + 2*17^5 + 6*17^6 + 3*17^7 + 9*17^8 + 12*17^9 + 16*17^10 + 6*17^11 + 6*17^12 + 3*17^13 + 16*17^14 + O(17^15) : 10 + 16*17 + 4*17^2 + 14*17^3 + 9*17^5 + 12*17^6 + 16*17^7 + 12*17^8 + 9*17^9 + 17^10 + 4*17^11 + 14*17^12 + 17^13 + 16*17^14 + O(17^15) : 1 + O(17^20))
   (13 + 2*17 + 17^2 + 16*17^3 + 4*17^4 + 2*17^5 + 6*17^6 + 3*17^7 + 9*17^8 + 12*17^9 + 16*17^10 + 6*17^11 + 6*17^12 + 3*17^13 + 16*17^14 + O(17^15) : 7 + 12*17^2 + 2*17^3 + 16*17^4 + 7*17^5 + 4*17^6 + 4*17^8 + 7*17^9 + 15*17^10 + 12*17^11 + 2*17^12 + 15*17^13 + O(17^15) : 1 + O(17^20))
   (13 + 2*17 + 17^2 + 16*17^3 + 6*17^4 + 17^5 + 4*17^6 + 17^7 + 14*17^8 + 7*17^9 + 15*17^10 + 12*17^11 + 16*17^12 + 6*17^13 + 3*17^14 + O(17^15) : 10 + 16*17 + 4*17^2 + 14*17^3 + 11*17^4 + 13*17^5 + 3*17^6 + 4*17^7 + 9*17^8 + 8*17^9 + 6*17^10 + 10*17^11 + 17^12 + 5*17^13 + 6*17^14 + O(17^15) : 1 + O(17^20))
   (13 + 2*17 + 17^2 + 16*17^3 + 6*17^4 + 17^5 + 4*17^6 + 17^7 + 14*17^8 + 7*17^9 + 15*17^10 + 12*17^11 + 16*17^12 + 6*17^13 + 3*17^14 + O(17^15) : 7 + 12*17^2 + 2*17^3 + 5*17^4 + 3*17^5 + 13*17^6 + 12*17^7 + 7*17^8 + 8*17^9 + 10*17^10 + 6*17^11 + 15*17^12 + 11*17^13 + 10*17^14 + O(17^15) : 1 + O(17^20))
   (13 + 2*17 + 17^2 + 16*17^3 + 7*17^4 + 14*17^6 + 3*17^7 + 3*17^8 + 17^9 + 3*17^10 + 3*17^11 + 10*17^12 + 8*17^13 + 14*17^14 + O(17^15) : 10 + 16*17 + 4*17^2 + 14*17^3 + 8*17^4 + 10*17^7 + 12*17^8 + 15*17^9 + 13*17^10 + 5*17^11 + 14*17^12 + 12*17^13 + 15*17^14 + O(17^15) : 1 + O(17^20))
   (13 + 2*17 + 17^2 + 16*17^3 + 7*17^4 + 14*17^6 + 3*17^7 + 3*17^8 + 17^9 + 3*17^10 + 3*17^11 + 10*17^12 + 8*17^13 + 14*17^14 + O(17^15) : 7 + 12*17^2 + 2*17^3 + 8*17^4 + 16*17^5 + 16*17^6 + 6*17^7 + 4*17^8 + 17^9 + 3*17^10 + 11*17^11 + 2*17^12 + 4*17^13 + 17^14 + O(17^15) : 1 + O(17^20))
   (13 + 2*17 + 17^2 + 16*17^3 + 8*17^4 + 10*17^6 + 17^8 + 2*17^9 + 16*17^10 + 15*17^11 + 10*17^12 + 10*17^13 + 6*17^14 + O(17^15) : 10 + 16*17 + 4*17^2 + 14*17^3 + 5*17^4 + 17^5 + 5*17^6 + 12*17^7 + 12*17^8 + 2*17^9 + 6*17^10 + 12*17^11 + 13*17^12 + 11*17^13 + 2*17^14 + O(17^15) : 1 + O(17^20))
   (13 + 2*17 + 17^2 + 16*17^3 + 8*17^4 + 10*17^6 + 17^8 + 2*17^9 + 16*17^10 + 15*17^11 + 10*17^12 + 10*17^13 + 6*17^14 + O(17^15) : 7 + 12*17^2 + 2*17^3 + 11*17^4 + 15*17^5 + 11*17^6 + 4*17^7 + 4*17^8 + 14*17^9 + 10*17^10 + 4*17^11 + 3*17^12 + 5*17^13 + 14*17^14 + O(17^15) : 1 + O(17^20))
   (13 + 2*17 + 17^2 + 16*17^3 + 8*17^4 + 17^5 + 11*17^6 + 3*17^7 + 7*17^9 + 10*17^10 + 3*17^11 + 2*17^12 + 10*17^13 + 7*17^14 + O(17^15) : 10 + 16*17 + 4*17^2 + 14*17^3 + 5*17^4 + 15*17^5 + 2*17^6 + 14*17^7 + 7*17^8 + 2*17^10 + 7*17^11 + 11*17^12 + 9*17^13 + 6*17^14 + O(17^15) : 1 + O(17^20))
   (13 + 2*17 + 17^2 + 16*17^3 + 8*17^4 + 17^5 + 11*17^6 + 3*17^7 + 7*17^9 + 10*17^10 + 3*17^11 + 2*17^12 + 10*17^13 + 7*17^14 + O(17^15) : 7 + 12*17^2 + 2*17^3 + 11*17^4 + 17^5 + 14*17^6 + 2*17^7 + 9*17^8 + 16*17^9 + 14*17^10 + 9*17^11 + 5*17^12 + 7*17^13 + 10*17^14 + O(17^15) : 1 + O(17^20))
   (13 + 2*17 + 17^2 + 16*17^4 + 15*17^5 + 7*17^6 + 10*17^7 + 10*17^8 + 7*17^9 + 5*17^10 + 11*17^11 + 2*17^12 + 2*17^13 + 11*17^14 + O(17^15) : 10 + 16*17 + 4*17^2 + 11*17^3 + 2*17^4 + 6*17^5 + 9*17^6 + 3*17^7 + 12*17^8 + 3*17^9 + 12*17^10 + 2*17^11 + 5*17^12 + 4*17^14 + O(17^15) : 1 + O(17^20))
   (13 + 2*17 + 17^2 + 16*17^4 + 15*17^5 + 7*17^6 + 10*17^7 + 10*17^8 + 7*17^9 + 5*17^10 + 11*17^11 + 2*17^12 + 2*17^13 + 11*17^14 + O(17^15) : 7 + 12*17^2 + 5*17^3 + 14*17^4 + 10*17^5 + 7*17^6 + 13*17^7 + 4*17^8 + 13*17^9 + 4*17^10 + 14*17^11 + 11*17^12 + 16*17^13 + 12*17^14 + O(17^15) : 1 + O(17^20))
   (13 + 2*17 + 17^2 + 17^3 + 10*17^4 + 12*17^5 + 17^6 + 15*17^7 + 14*17^8 + 2*17^9 + 13*17^12 + 4*17^13 + 10*17^14 + O(17^15) : 10 + 16*17 + 4*17^2 + 8*17^3 + 4*17^4 + 3*17^5 + 15*17^6 + 12*17^7 + 5*17^8 + 13*17^9 + 3*17^10 + 2*17^11 + 8*17^12 + 3*17^13 + 11*17^14 + O(17^15) : 1 + O(17^20))
   (13 + 2*17 + 17^2 + 17^3 + 10*17^4 + 12*17^5 + 17^6 + 15*17^7 + 14*17^8 + 2*17^9 + 13*17^12 + 4*17^13 + 10*17^14 + O(17^15) : 7 + 12*17^2 + 8*17^3 + 12*17^4 + 13*17^5 + 17^6 + 4*17^7 + 11*17^8 + 3*17^9 + 13*17^10 + 14*17^11 + 8*17^12 + 13*17^13 + 5*17^14 + O(17^15) : 1 + O(17^20))
   (13 + 2*17 + 17^2 + 17^3 + 14*17^4 + 12*17^5 + 7*17^6 + 3*17^7 + 5*17^8 + 2*17^9 + 2*17^10 + 5*17^11 + 7*17^12 + 16*17^13 + 13*17^14 + O(17^15) : 10 + 16*17 + 4*17^2 + 8*17^3 + 9*17^4 + 6*17^5 + 3*17^6 + 5*17^7 + 6*17^8 + 14*17^9 + 15*17^10 + 8*17^12 + 6*17^13 + 4*17^14 + O(17^15) : 1 + O(17^20))
   (13 + 2*17 + 17^2 + 17^3 + 14*17^4 + 12*17^5 + 7*17^6 + 3*17^7 + 5*17^8 + 2*17^9 + 2*17^10 + 5*17^11 + 7*17^12 + 16*17^13 + 13*17^14 + O(17^15) : 7 + 12*17^2 + 8*17^3 + 7*17^4 + 10*17^5 + 13*17^6 + 11*17^7 + 10*17^8 + 2*17^9 + 17^10 + 16*17^11 + 8*17^12 + 10*17^13 + 12*17^14 + O(17^15) : 1 + O(17^20))
   (13 + 2*17 + 17^2 + 17^3 + 14*17^5 + 8*17^6 + 16*17^7 + 15*17^8 + 9*17^9 + 14*17^10 + 16*17^11 + 17^12 + 6*17^13 + 17^14 + O(17^15) : 10 + 16*17 + 4*17^2 + 8*17^3 + 6*17^5 + 14*17^6 + 12*17^7 + 7*17^8 + 15*17^9 + 16*17^10 + 9*17^12 + 3*17^13 + O(17^15) : 1 + O(17^20))
   (13 + 2*17 + 17^2 + 17^3 + 14*17^5 + 8*17^6 + 16*17^7 + 15*17^8 + 9*17^9 + 14*17^10 + 16*17^11 + 17^12 + 6*17^13 + 17^14 + O(17^15) : 7 + 12*17^2 + 8*17^3 + 16*17^4 + 10*17^5 + 2*17^6 + 4*17^7 + 9*17^8 + 17^9 + 16*17^11 + 7*17^12 + 13*17^13 + 16*17^14 + O(17^15) : 1 + O(17^20))
   (13 + 2*17 + 17^2 + 17^3 + 5*17^4 + 13*17^5 + 8*17^6 + 10*17^7 + 13*17^8 + 11*17^9 + 4*17^10 + 10*17^11 + 16*17^12 + 13*17^13 + 4*17^14 + O(17^15) : 10 + 16*17 + 4*17^2 + 8*17^3 + 2*17^4 + 13*17^5 + 12*17^6 + 6*17^7 + 8*17^8 + 10*17^9 + 5*17^10 + 3*17^11 + 10*17^12 + 6*17^13 + 14*17^14 + O(17^15) : 1 + O(17^20))
   (13 + 2*17 + 17^2 + 17^3 + 5*17^4 + 13*17^5 + 8*17^6 + 10*17^7 + 13*17^8 + 11*17^9 + 4*17^10 + 10*17^11 + 16*17^12 + 13*17^13 + 4*17^14 + O(17^15) : 7 + 12*17^2 + 8*17^3 + 14*17^4 + 3*17^5 + 4*17^6 + 10*17^7 + 8*17^8 + 6*17^9 + 11*17^10 + 13*17^11 + 6*17^12 + 10*17^13 + 2*17^14 + O(17^15) : 1 + O(17^20))
   (13 + 2*17 + 17^2 + 2*17^3 + 13*17^4 + 12*17^5 + 12*17^6 + 11*17^7 + 7*17^8 + 11*17^10 + 4*17^11 + 4*17^12 + 5*17^13 + 6*17^14 + O(17^15) : 10 + 16*17 + 4*17^2 + 5*17^3 + 13*17^4 + 15*17^5 + 13*17^6 + 3*17^7 + 5*17^8 + 11*17^9 + 4*17^10 + 8*17^11 + 7*17^12 + 2*17^13 + 7*17^14 + O(17^15) : 1 + O(17^20))
   (13 + 2*17 + 17^2 + 2*17^3 + 13*17^4 + 12*17^5 + 12*17^6 + 11*17^7 + 7*17^8 + 11*17^10 + 4*17^11 + 4*17^12 + 5*17^13 + 6*17^14 + O(17^15) : 7 + 12*17^2 + 11*17^3 + 3*17^4 + 17^5 + 3*17^6 + 13*17^7 + 11*17^8 + 5*17^9 + 12*17^10 + 8*17^11 + 9*17^12 + 14*17^13 + 9*17^14 + O(17^15) : 1 + O(17^20))
   (13 + 2*17 + 17^2 + 2*17^3 + 13*17^4 + 12*17^5 + 5*17^6 + 13*17^7 + 11*17^8 + 12*17^9 + 3*17^10 + 4*17^11 + 6*17^12 + 14*17^13 + 13*17^14 + O(17^15) : 10 + 16*17 + 4*17^2 + 5*17^3 + 13*17^4 + 15*17^5 + 9*17^7 + 9*17^8 + 14*17^9 + 14*17^10 + 16*17^11 + 10*17^12 + 16*17^13 + 16*17^14 + O(17^15) : 1 + O(17^20))
   (13 + 2*17 + 17^2 + 2*17^3 + 13*17^4 + 12*17^5 + 5*17^6 + 13*17^7 + 11*17^8 + 12*17^9 + 3*17^10 + 4*17^11 + 6*17^12 + 14*17^13 + 13*17^14 + O(17^15) : 7 + 12*17^2 + 11*17^3 + 3*17^4 + 17^5 + 16*17^6 + 7*17^7 + 7*17^8 + 2*17^9 + 2*17^10 + 6*17^12 + O(17^15) : 1 + O(17^20))
   (13 + 2*17 + 17^2 + 2*17^3 + 13*17^4 + 6*17^5 + 9*17^6 + 14*17^7 + 4*17^8 + 8*17^9 + 14*17^10 + 9*17^11 + 5*17^12 + 11*17^13 + 17^14 + O(17^15) : 10 + 16*17 + 4*17^2 + 5*17^3 + 13*17^4 + 16*17^5 + 5*17^8 + 6*17^9 + 3*17^10 + 4*17^11 + 9*17^12 + 5*17^13 + 17^14 + O(17^15) : 1 + O(17^20))
   (13 + 2*17 + 17^2 + 2*17^3 + 13*17^4 + 6*17^5 + 9*17^6 + 14*17^7 + 4*17^8 + 8*17^9 + 14*17^10 + 9*17^11 + 5*17^12 + 11*17^13 + 17^14 + O(17^15) : 7 + 12*17^2 + 11*17^3 + 3*17^4 + 16*17^6 + 16*17^7 + 11*17^8 + 10*17^9 + 13*17^10 + 12*17^11 + 7*17^12 + 11*17^13 + 15*17^14 + O(17^15) : 1 + O(17^20))
   (13 + 2*17 + 17^2 + 2*17^3 + 14*17^4 + 13*17^5 + 4*17^6 + 16*17^7 + 7*17^8 + 8*17^9 + 11*17^10 + 7*17^11 + 11*17^12 + 12*17^13 + 11*17^14 + O(17^15) : 10 + 16*17 + 4*17^2 + 5*17^3 + 10*17^4 + 13*17^5 + 14*17^6 + 11*17^7 + 2*17^9 + 8*17^10 + 5*17^11 + 6*17^12 + 10*17^13 + 13*17^14 + O(17^15) : 1 + O(17^20))
   (13 + 2*17 + 17^2 + 2*17^3 + 14*17^4 + 13*17^5 + 4*17^6 + 16*17^7 + 7*17^8 + 8*17^9 + 11*17^10 + 7*17^11 + 11*17^12 + 12*17^13 + 11*17^14 + O(17^15) : 7 + 12*17^2 + 11*17^3 + 6*17^4 + 3*17^5 + 2*17^6 + 5*17^7 + 16*17^8 + 14*17^9 + 8*17^10 + 11*17^11 + 10*17^12 + 6*17^13 + 3*17^14 + O(17^15) : 1 + O(17^20))
   (13 + 2*17 + 17^2 + 2*17^3 + 16*17^4 + 17^5 + 6*17^6 + 8*17^7 + 5*17^8 + 2*17^9 + 17^10 + 8*17^12 + 4*17^13 + 12*17^14 + O(17^15) : 10 + 16*17 + 4*17^2 + 5*17^3 + 4*17^4 + 2*17^6 + 7*17^7 + 14*17^8 + 14*17^9 + 4*17^10 + 11*17^11 + 13*17^12 + 5*17^13 + 14*17^14 + O(17^15) : 1 + O(17^20))
   (13 + 2*17 + 17^2 + 2*17^3 + 16*17^4 + 17^5 + 6*17^6 + 8*17^7 + 5*17^8 + 2*17^9 + 17^10 + 8*17^12 + 4*17^13 + 12*17^14 + O(17^15) : 7 + 12*17^2 + 11*17^3 + 12*17^4 + 16*17^5 + 14*17^6 + 9*17^7 + 2*17^8 + 2*17^9 + 12*17^10 + 5*17^11 + 3*17^12 + 11*17^13 + 2*17^14 + O(17^15) : 1 + O(17^20))
   (13 + 2*17 + 17^2 + 2*17^3 + 2*17^4 + 6*17^5 + 13*17^6 + 9*17^7 + 17^8 + 6*17^9 + 3*17^10 + 5*17^11 + 6*17^13 + 17^14 + O(17^15) : 10 + 16*17 + 4*17^2 + 5*17^3 + 12*17^4 + 7*17^5 + 14*17^6 + 6*17^7 + 16*17^8 + 14*17^9 + 7*17^10 + 15*17^11 + 15*17^12 + 3*17^14 + O(17^15) : 1 + O(17^20))
   (13 + 2*17 + 17^2 + 2*17^3 + 2*17^4 + 6*17^5 + 13*17^6 + 9*17^7 + 17^8 + 6*17^9 + 3*17^10 + 5*17^11 + 6*17^13 + 17^14 + O(17^15) : 7 + 12*17^2 + 11*17^3 + 4*17^4 + 9*17^5 + 2*17^6 + 10*17^7 + 2*17^9 + 9*17^10 + 17^11 + 17^12 + 16*17^13 + 13*17^14 + O(17^15) : 1 + O(17^20))
   (13 + 2*17 + 17^2 + 2*17^3 + 4*17^4 + 9*17^5 + 2*17^6 + 14*17^7 + 2*17^8 + 3*17^9 + 10*17^10 + 16*17^11 + 11*17^12 + 15*17^13 + 10*17^14 + O(17^15) : 10 + 16*17 + 4*17^2 + 5*17^3 + 6*17^4 + 2*17^6 + 17^7 + 11*17^8 + 16*17^9 + 5*17^10 + 11*17^11 + 3*17^12 + 3*17^13 + 5*17^14 + O(17^15) : 1 + O(17^20))
   (13 + 2*17 + 17^2 + 2*17^3 + 4*17^4 + 9*17^5 + 2*17^6 + 14*17^7 + 2*17^8 + 3*17^9 + 10*17^10 + 16*17^11 + 11*17^12 + 15*17^13 + 10*17^14 + O(17^15) : 7 + 12*17^2 + 11*17^3 + 10*17^4 + 16*17^5 + 14*17^6 + 15*17^7 + 5*17^8 + 11*17^10 + 5*17^11 + 13*17^12 + 13*17^13 + 11*17^14 + O(17^15) : 1 + O(17^20))
   (13 + 2*17 + 17^2 + 2*17^3 + 6*17^4 + 6*17^5 + 17^6 + 2*17^7 + 16*17^8 + 14*17^9 + 12*17^10 + 17^11 + 8*17^12 + 4*17^13 + 15*17^14 + O(17^15) : 10 + 16*17 + 4*17^2 + 5*17^3 + 11*17^5 + 5*17^6 + 11*17^7 + 11*17^8 + 17^9 + 12*17^10 + 11*17^11 + 15*17^12 + 9*17^13 + 10*17^14 + O(17^15) : 1 + O(17^20))
   (13 + 2*17 + 17^2 + 2*17^3 + 6*17^4 + 6*17^5 + 17^6 + 2*17^7 + 16*17^8 + 14*17^9 + 12*17^10 + 17^11 + 8*17^12 + 4*17^13 + 15*17^14 + O(17^15) : 7 + 12*17^2 + 11*17^3 + 16*17^4 + 5*17^5 + 11*17^6 + 5*17^7 + 5*17^8 + 15*17^9 + 4*17^10 + 5*17^11 + 17^12 + 7*17^13 + 6*17^14 + O(17^15) : 1 + O(17^20))
   (13 + 2*17 + 17^2 + 2*17^3 + 7*17^4 + 13*17^6 + 6*17^7 + 17^8 + 4*17^9 + 12*17^10 + 10*17^11 + 4*17^12 + 6*17^13 + O(17^15) : 10 + 16*17 + 4*17^2 + 5*17^3 + 14*17^4 + 12*17^5 + 8*17^6 + 2*17^7 + 16*17^8 + 6*17^9 + 16*17^10 + 2*17^11 + 6*17^12 + 12*17^13 + 10*17^14 + O(17^15) : 1 + O(17^20))
   (13 + 2*17 + 17^2 + 2*17^3 + 7*17^4 + 13*17^6 + 6*17^7 + 17^8 + 4*17^9 + 12*17^10 + 10*17^11 + 4*17^12 + 6*17^13 + O(17^15) : 7 + 12*17^2 + 11*17^3 + 2*17^4 + 4*17^5 + 8*17^6 + 14*17^7 + 10*17^9 + 14*17^11 + 10*17^12 + 4*17^13 + 6*17^14 + O(17^15) : 1 + O(17^20))
   (13 + 2*17 + 17^2 + 3*17^3 + 10*17^4 + 17^5 + 2*17^6 + 13*17^7 + 14*17^8 + 6*17^9 + 16*17^10 + 7*17^11 + 17^12 + 15*17^13 + O(17^15) : 10 + 16*17 + 4*17^2 + 2*17^3 + 6*17^4 + 5*17^5 + 8*17^6 + 16*17^7 + 7*17^8 + 6*17^9 + 5*17^10 + 3*17^11 + 14*17^12 + 4*17^13 + 9*17^14 + O(17^15) : 1 + O(17^20))
   (13 + 2*17 + 17^2 + 3*17^3 + 10*17^4 + 17^5 + 2*17^6 + 13*17^7 + 14*17^8 + 6*17^9 + 16*17^10 + 7*17^11 + 17^12 + 15*17^13 + O(17^15) : 7 + 12*17^2 + 14*17^3 + 10*17^4 + 11*17^5 + 8*17^6 + 9*17^8 + 10*17^9 + 11*17^10 + 13*17^11 + 2*17^12 + 12*17^13 + 7*17^14 + O(17^15) : 1 + O(17^20))
   (13 + 2*17 + 17^2 + 3*17^3 + 12*17^4 + 15*17^5 + 13*17^6 + 13*17^7 + 12*17^8 + 8*17^9 + 11*17^10 + 9*17^11 + 11*17^12 + 17^13 + 15*17^14 + O(17^15) : 10 + 16*17 + 4*17^2 + 2*17^3 + 16*17^5 + 6*17^6 + 5*17^7 + 3*17^8 + 4*17^9 + 17^10 + 13*17^11 + 3*17^12 + 4*17^13 + 17^14 + O(17^15) : 1 + O(17^20))
   (13 + 2*17 + 17^2 + 3*17^3 + 12*17^4 + 15*17^5 + 13*17^6 + 13*17^7 + 12*17^8 + 8*17^9 + 11*17^10 + 9*17^11 + 11*17^12 + 17^13 + 15*17^14 + O(17^15) : 7 + 12*17^2 + 14*17^3 + 16*17^4 + 10*17^6 + 11*17^7 + 13*17^8 + 12*17^9 + 15*17^10 + 3*17^11 + 13*17^12 + 12*17^13 + 15*17^14 + O(17^15) : 1 + O(17^20))
   (13 + 2*17 + 17^2 + 3*17^3 + 12*17^4 + 16*17^5 + 6*17^6 + 17^7 + 11*17^8 + 3*17^9 + 17^10 + 17^11 + 10*17^12 + 11*17^13 + 2*17^14 + O(17^15) : 10 + 16*17 + 4*17^2 + 2*17^3 + 13*17^5 + 11*17^6 + 11*17^7 + 15*17^8 + 12*17^9 + 10*17^10 + 3*17^11 + 6*17^12 + 9*17^13 + 12*17^14 + O(17^15) : 1 + O(17^20))
   (13 + 2*17 + 17^2 + 3*17^3 + 12*17^4 + 16*17^5 + 6*17^6 + 17^7 + 11*17^8 + 3*17^9 + 17^10 + 17^11 + 10*17^12 + 11*17^13 + 2*17^14 + O(17^15) : 7 + 12*17^2 + 14*17^3 + 16*17^4 + 3*17^5 + 5*17^6 + 5*17^7 + 17^8 + 4*17^9 + 6*17^10 + 13*17^11 + 10*17^12 + 7*17^13 + 4*17^14 + O(17^15) : 1 + O(17^20))
   (13 + 2*17 + 17^2 + 3*17^3 + 3*17^4 + 12*17^6 + 7*17^7 + 17^8 + 5*17^9 + 4*17^10 + 5*17^11 + 2*17^12 + 8*17^13 + 6*17^14 + O(17^15) : 10 + 16*17 + 4*17^2 + 2*17^3 + 10*17^4 + 2*17^5 + 9*17^6 + 17^9 + 15*17^10 + 6*17^11 + 7*17^12 + 14*17^13 + 14*17^14 + O(17^15) : 1 + O(17^20))
   (13 + 2*17 + 17^2 + 3*17^3 + 3*17^4 + 12*17^6 + 7*17^7 + 17^8 + 5*17^9 + 4*17^10 + 5*17^11 + 2*17^12 + 8*17^13 + 6*17^14 + O(17^15) : 7 + 12*17^2 + 14*17^3 + 6*17^4 + 14*17^5 + 7*17^6 + 16*17^7 + 16*17^8 + 15*17^9 + 17^10 + 10*17^11 + 9*17^12 + 2*17^13 + 2*17^14 + O(17^15) : 1 + O(17^20))
   (13 + 2*17 + 17^2 + 3*17^3 + 3*17^4 + 16*17^6 + 2*17^7 + 15*17^8 + 5*17^9 + 9*17^10 + 13*17^12 + 11*17^13 + 5*17^14 + O(17^15) : 10 + 16*17 + 4*17^2 + 2*17^3 + 10*17^4 + 2*17^5 + 14*17^6 + 17^7 + 11*17^8 + 14*17^9 + 5*17^10 + 4*17^11 + 4*17^12 + 17^13 + 3*17^14 + O(17^15) : 1 + O(17^20))
   (13 + 2*17 + 17^2 + 3*17^3 + 3*17^4 + 16*17^6 + 2*17^7 + 15*17^8 + 5*17^9 + 9*17^10 + 13*17^12 + 11*17^13 + 5*17^14 + O(17^15) : 7 + 12*17^2 + 14*17^3 + 6*17^4 + 14*17^5 + 2*17^6 + 15*17^7 + 5*17^8 + 2*17^9 + 11*17^10 + 12*17^11 + 12*17^12 + 15*17^13 + 13*17^14 + O(17^15) : 1 + O(17^20))
   (13 + 2*17 + 17^2 + 3*17^3 + 5*17^4 + 4*17^5 + 8*17^6 + 7*17^7 + 2*17^8 + 8*17^9 + 6*17^10 + 15*17^11 + 10*17^13 + 17^14 + O(17^15) : 10 + 16*17 + 4*17^2 + 2*17^3 + 4*17^4 + 9*17^5 + 10*17^6 + 12*17^7 + 16*17^8 + 14*17^9 + 2*17^10 + 13*17^11 + 13*17^12 + 17^13 + 16*17^14 + O(17^15) : 1 + O(17^20))
   (13 + 2*17 + 17^2 + 3*17^3 + 5*17^4 + 4*17^5 + 8*17^6 + 7*17^7 + 2*17^8 + 8*17^9 + 6*17^10 + 15*17^11 + 10*17^13 + 17^14 + O(17^15) : 7 + 12*17^2 + 14*17^3 + 12*17^4 + 7*17^5 + 6*17^6 + 4*17^7 + 2*17^9 + 14*17^10 + 3*17^11 + 3*17^12 + 15*17^13 + O(17^15) : 1 + O(17^20))
   (13 + 2*17 + 17^2 + 3*17^3 + 7*17^4 + 16*17^5 + 2*17^6 + 12*17^7 + 8*17^9 + 16*17^10 + 8*17^11 + 5*17^12 + 12*17^13 + 11*17^14 + O(17^15) : 10 + 16*17 + 4*17^2 + 2*17^3 + 15*17^4 + 8*17^5 + 7*17^6 + 3*17^7 + 3*17^8 + 17^9 + 10*17^10 + 17^11 + 4*17^12 + 3*17^13 + 4*17^14 + O(17^15) : 1 + O(17^20))
   (13 + 2*17 + 17^2 + 3*17^3 + 7*17^4 + 16*17^5 + 2*17^6 + 12*17^7 + 8*17^9 + 16*17^10 + 8*17^11 + 5*17^12 + 12*17^13 + 11*17^14 + O(17^15) : 7 + 12*17^2 + 14*17^3 + 17^4 + 8*17^5 + 9*17^6 + 13*17^7 + 13*17^8 + 15*17^9 + 6*17^10 + 15*17^11 + 12*17^12 + 13*17^13 + 12*17^14 + O(17^15) : 1 + O(17^20))
   (13 + 2*17 + 17^2 + 3*17^3 + 8*17^4 + 11*17^5 + 9*17^6 + 17^7 + 10*17^8 + 3*17^9 + 7*17^10 + 15*17^11 + 16*17^12 + 14*17^13 + 6*17^14 + O(17^15) : 10 + 16*17 + 4*17^2 + 2*17^3 + 12*17^4 + 7*17^5 + 9*17^6 + 13*17^7 + 13*17^8 + 7*17^9 + 11*17^10 + 5*17^11 + 15*17^12 + 3*17^13 + O(17^15) : 1 + O(17^20))
   (13 + 2*17 + 17^2 + 3*17^3 + 8*17^4 + 11*17^5 + 9*17^6 + 17^7 + 10*17^8 + 3*17^9 + 7*17^10 + 15*17^11 + 16*17^12 + 14*17^13 + 6*17^14 + O(17^15) : 7 + 12*17^2 + 14*17^3 + 4*17^4 + 9*17^5 + 7*17^6 + 3*17^7 + 3*17^8 + 9*17^9 + 5*17^10 + 11*17^11 + 17^12 + 13*17^13 + 16*17^14 + O(17^15) : 1 + O(17^20))
   (13 + 2*17 + 17^2 + 4*17^3 + 10*17^4 + 7*17^5 + 12*17^6 + 3*17^7 + 9*17^8 + 2*17^9 + 17^11 + 8*17^12 + 4*17^13 + 6*17^14 + O(17^15) : 10 + 16*17 + 4*17^2 + 16*17^3 + 6*17^4 + 14*17^5 + 5*17^6 + 17^7 + 4*17^8 + 9*17^9 + 6*17^10 + 10*17^11 + 5*17^12 + 17^13 + 9*17^14 + O(17^15) : 1 + O(17^20))
   (13 + 2*17 + 17^2 + 4*17^3 + 10*17^4 + 7*17^5 + 12*17^6 + 3*17^7 + 9*17^8 + 2*17^9 + 17^11 + 8*17^12 + 4*17^13 + 6*17^14 + O(17^15) : 7 + 12*17^2 + 10*17^4 + 2*17^5 + 11*17^6 + 15*17^7 + 12*17^8 + 7*17^9 + 10*17^10 + 6*17^11 + 11*17^12 + 15*17^13 + 7*17^14 + O(17^15) : 1 + O(17^20))
   (13 + 2*17 + 17^2 + 4*17^3 + 10*17^4 + 7*17^5 + 16*17^6 + 15*17^7 + 5*17^8 + 13*17^9 + 7*17^10 + 5*17^11 + 5*17^12 + 7*17^13 + 10*17^14 + O(17^15) : 10 + 16*17 + 4*17^2 + 16*17^3 + 6*17^4 + 14*17^5 + 10*17^6 + 2*17^7 + 15*17^8 + 13*17^10 + 7*17^11 + 3*17^13 + 8*17^14 + O(17^15) : 1 + O(17^20))
   (13 + 2*17 + 17^2 + 4*17^3 + 10*17^4 + 7*17^5 + 16*17^6 + 15*17^7 + 5*17^8 + 13*17^9 + 7*17^10 + 5*17^11 + 5*17^12 + 7*17^13 + 10*17^14 + O(17^15) : 7 + 12*17^2 + 10*17^4 + 2*17^5 + 6*17^6 + 14*17^7 + 17^8 + 16*17^9 + 3*17^10 + 9*17^11 + 16*17^12 + 13*17^13 + 8*17^14 + O(17^15) : 1 + O(17^20))
   (13 + 2*17 + 17^2 + 4*17^3 + 17^4 + 8*17^5 + 4*17^6 + 8*17^7 + 16*17^8 + 5*17^9 + 15*17^10 + 8*17^11 + 6*17^12 + 17^13 + 7*17^14 + O(17^15) : 10 + 16*17 + 4*17^2 + 16*17^3 + 16*17^4 + 3*17^5 + 8*17^6 + 15*17^7 + 14*17^8 + 10*17^9 + 8*17^10 + 6*17^11 + 10*17^12 + 17^13 + 5*17^14 + O(17^15) : 1 + O(17^20))
   (13 + 2*17 + 17^2 + 4*17^3 + 17^4 + 8*17^5 + 4*17^6 + 8*17^7 + 16*17^8 + 5*17^9 + 15*17^10 + 8*17^11 + 6*17^12 + 17^13 + 7*17^14 + O(17^15) : 7 + 12*17^2 + 13*17^5 + 8*17^6 + 17^7 + 2*17^8 + 6*17^9 + 8*17^10 + 10*17^11 + 6*17^12 + 15*17^13 + 11*17^14 + O(17^15) : 1 + O(17^20))
   (13 + 2*17 + 17^2 + 4*17^3 + 17^4 + 9*17^5 + 14*17^6 + 12*17^7 + 8*17^8 + 16*17^9 + 5*17^10 + 2*17^11 + 5*17^13 + 13*17^14 + O(17^15) : 10 + 16*17 + 4*17^2 + 16*17^3 + 16*17^4 + 13*17^6 + 4*17^7 + 13*17^8 + 11*17^9 + 16*17^10 + 6*17^11 + 13*17^12 + 16*17^13 + 2*17^14 + O(17^15) : 1 + O(17^20))
   (13 + 2*17 + 17^2 + 4*17^3 + 17^4 + 9*17^5 + 14*17^6 + 12*17^7 + 8*17^8 + 16*17^9 + 5*17^10 + 2*17^11 + 5*17^13 + 13*17^14 + O(17^15) : 7 + 12*17^2 + 16*17^5 + 3*17^6 + 12*17^7 + 3*17^8 + 5*17^9 + 10*17^11 + 3*17^12 + 14*17^14 + O(17^15) : 1 + O(17^20))
   (13 + 2*17 + 17^2 + 4*17^3 + 3*17^4 + 6*17^5 + 9*17^6 + 17^7 + 16*17^8 + 3*17^9 + 10*17^10 + 6*17^11 + 17^12 + 11*17^13 + 16*17^14 + O(17^15) : 10 + 16*17 + 4*17^2 + 16*17^3 + 10*17^4 + 11*17^5 + 11*17^6 + 16*17^7 + 3*17^8 + 6*17^9 + 6*17^10 + 9*17^11 + 16*17^12 + 10*17^13 + O(17^15) : 1 + O(17^20))
   (13 + 2*17 + 17^2 + 4*17^3 + 3*17^4 + 6*17^5 + 9*17^6 + 17^7 + 16*17^8 + 3*17^9 + 10*17^10 + 6*17^11 + 17^12 + 11*17^13 + 16*17^14 + O(17^15) : 7 + 12*17^2 + 6*17^4 + 5*17^5 + 5*17^6 + 13*17^8 + 10*17^9 + 10*17^10 + 7*17^11 + 6*17^13 + 16*17^14 + O(17^15) : 1 + O(17^20))
   (13 + 2*17 + 17^2 + 4*17^3 + 5*17^4 + 13*17^5 + 17^6 + 17^7 + 7*17^8 + 15*17^9 + 9*17^10 + 11*17^11 + 2*17^12 + 8*17^13 + 6*17^14 + O(17^15) : 10 + 16*17 + 4*17^2 + 16*17^3 + 4*17^4 + 9*17^5 + 10*17^6 + 8*17^7 + 13*17^8 + 15*17^9 + 10*17^10 + 9*17^11 + 14*17^12 + 17^13 + 11*17^14 + O(17^15) : 1 + O(17^20))
   (13 + 2*17 + 17^2 + 4*17^3 + 5*17^4 + 13*17^5 + 17^6 + 17^7 + 7*17^8 + 15*17^9 + 9*17^10 + 11*17^11 + 2*17^12 + 8*17^13 + 6*17^14 + O(17^15) : 7 + 12*17^2 + 12*17^4 + 7*17^5 + 6*17^6 + 8*17^7 + 3*17^8 + 17^9 + 6*17^10 + 7*17^11 + 2*17^12 + 15*17^13 + 5*17^14 + O(17^15) : 1 + O(17^20))
   (13 + 2*17 + 17^2 + 4*17^3 + 6*17^4 + 8*17^5 + 8*17^6 + 17^7 + 8*17^9 + 9*17^10 + 9*17^11 + 12*17^12 + 10*17^13 + 14*17^14 + O(17^15) : 10 + 16*17 + 4*17^2 + 16*17^3 + 17^4 + 8*17^5 + 12*17^6 + 4*17^7 + 15*17^8 + 5*17^9 + 16*17^10 + 7*17^11 + 9*17^12 + 4*17^13 + 16*17^14 + O(17^15) : 1 + O(17^20))
   (13 + 2*17 + 17^2 + 4*17^3 + 6*17^4 + 8*17^5 + 8*17^6 + 17^7 + 8*17^9 + 9*17^10 + 9*17^11 + 12*17^12 + 10*17^13 + 14*17^14 + O(17^15) : 7 + 12*17^2 + 15*17^4 + 8*17^5 + 4*17^6 + 12*17^7 + 17^8 + 11*17^9 + 9*17^11 + 7*17^12 + 12*17^13 + O(17^15) : 1 + O(17^20))
   (13 + 2*17 + 17^2 + 4*17^3 + 8*17^4 + 3*17^5 + 3*17^6 + 11*17^7 + 17^8 + 16*17^9 + 9*17^10 + 15*17^11 + 16*17^12 + 9*17^13 + 17^14 + O(17^15) : 10 + 16*17 + 4*17^2 + 16*17^3 + 12*17^4 + 7*17^5 + 9*17^6 + 17^7 + 3*17^9 + 16*17^11 + 15*17^12 + 12*17^13 + 17^14 + O(17^15) : 1 + O(17^20))
   (13 + 2*17 + 17^2 + 4*17^3 + 8*17^4 + 3*17^5 + 3*17^6 + 11*17^7 + 17^8 + 16*17^9 + 9*17^10 + 15*17^11 + 16*17^12 + 9*17^13 + 17^14 + O(17^15) : 7 + 12*17^2 + 4*17^4 + 9*17^5 + 7*17^6 + 15*17^7 + 16*17^8 + 13*17^9 + 16*17^10 + 17^12 + 4*17^13 + 15*17^14 + O(17^15) : 1 + O(17^20))
   (13 + 2*17 + 17^2 + 5*17^3 + 11*17^4 + 17^5 + 3*17^6 + 7*17^7 + 9*17^8 + 10*17^9 + 16*17^10 + 11*17^11 + 6*17^12 + 13*17^13 + 13*17^14 + O(17^15) : 10 + 16*17 + 4*17^2 + 13*17^3 + 4*17^4 + 9*17^5 + 11*17^6 + 16*17^7 + 11*17^8 + 14*17^9 + 10*17^10 + 10*17^11 + 5*17^12 + 16*17^13 + 13*17^14 + O(17^15) : 1 + O(17^20))
   (13 + 2*17 + 17^2 + 5*17^3 + 11*17^4 + 17^5 + 3*17^6 + 7*17^7 + 9*17^8 + 10*17^9 + 16*17^10 + 11*17^11 + 6*17^12 + 13*17^13 + 13*17^14 + O(17^15) : 7 + 12*17^2 + 3*17^3 + 12*17^4 + 7*17^5 + 5*17^6 + 5*17^8 + 2*17^9 + 6*17^10 + 6*17^11 + 11*17^12 + 3*17^14 + O(17^15) : 1 + O(17^20))
   (13 + 2*17 + 17^2 + 5*17^3 + 12*17^5 + 10*17^6 + 14*17^7 + 13*17^8 + 11*17^9 + 5*17^10 + 12*17^11 + 15*17^12 + 4*17^13 + 15*17^14 + O(17^15) : 10 + 16*17 + 4*17^2 + 13*17^3 + 3*17^4 + 17^5 + 8*17^6 + 3*17^8 + 10*17^9 + 8*17^10 + 5*17^11 + 7*17^12 + 3*17^13 + 2*17^14 + O(17^15) : 1 + O(17^20))
   (13 + 2*17 + 17^2 + 5*17^3 + 12*17^5 + 10*17^6 + 14*17^7 + 13*17^8 + 11*17^9 + 5*17^10 + 12*17^11 + 15*17^12 + 4*17^13 + 15*17^14 + O(17^15) : 7 + 12*17^2 + 3*17^3 + 13*17^4 + 15*17^5 + 8*17^6 + 16*17^7 + 13*17^8 + 6*17^9 + 8*17^10 + 11*17^11 + 9*17^12 + 13*17^13 + 14*17^14 + O(17^15) : 1 + O(17^20))
   (13 + 2*17 + 17^2 + 5*17^3 + 12*17^5 + 3*17^6 + 16*17^7 + 14*17^9 + 12*17^10 + 2*17^11 + 14*17^12 + 14*17^13 + O(17^15) : 10 + 16*17 + 4*17^2 + 13*17^3 + 3*17^4 + 17^5 + 12*17^6 + 5*17^7 + 7*17^8 + 17^9 + 3*17^10 + 14*17^11 + 12*17^12 + 2*17^13 + 17^14 + O(17^15) : 1 + O(17^20))
   (13 + 2*17 + 17^2 + 5*17^3 + 12*17^5 + 3*17^6 + 16*17^7 + 14*17^9 + 12*17^10 + 2*17^11 + 14*17^12 + 14*17^13 + O(17^15) : 7 + 12*17^2 + 3*17^3 + 13*17^4 + 15*17^5 + 4*17^6 + 11*17^7 + 9*17^8 + 15*17^9 + 13*17^10 + 2*17^11 + 4*17^12 + 14*17^13 + 15*17^14 + O(17^15) : 1 + O(17^20))
   (13 + 2*17 + 17^2 + 5*17^3 + 14*17^4 + 5*17^5 + 10*17^6 + 5*17^7 + 8*17^8 + 7*17^9 + 13*17^10 + 15*17^11 + 11*17^12 + 6*17^14 + O(17^15) : 10 + 16*17 + 4*17^2 + 13*17^3 + 12*17^4 + 16*17^5 + 6*17^6 + 9*17^7 + 12*17^8 + 7*17^10 + 9*17^11 + 15*17^12 + 12*17^13 + 5*17^14 + O(17^15) : 1 + O(17^20))
   (13 + 2*17 + 17^2 + 5*17^3 + 14*17^4 + 5*17^5 + 10*17^6 + 5*17^7 + 8*17^8 + 7*17^9 + 13*17^10 + 15*17^11 + 11*17^12 + 6*17^14 + O(17^15) : 7 + 12*17^2 + 3*17^3 + 4*17^4 + 10*17^6 + 7*17^7 + 4*17^8 + 16*17^9 + 9*17^10 + 7*17^11 + 17^12 + 4*17^13 + 11*17^14 + O(17^15) : 1 + O(17^20))
   (13 + 2*17 + 17^2 + 5*17^3 + 16*17^4 + 10*17^5 + 11*17^6 + 12*17^7 + 7*17^8 + 10*17^9 + 2*17^10 + 17^11 + 10*17^13 + 17^14 + O(17^15) : 10 + 16*17 + 4*17^2 + 13*17^3 + 6*17^4 + 3*17^5 + 11*17^6 + 5*17^7 + 8*17^8 + 11*17^9 + 14*17^10 + 17^11 + 6*17^12 + 11*17^13 + 3*17^14 + O(17^15) : 1 + O(17^20))
   (13 + 2*17 + 17^2 + 5*17^3 + 16*17^4 + 10*17^5 + 11*17^6 + 12*17^7 + 7*17^8 + 10*17^9 + 2*17^10 + 17^11 + 10*17^13 + 17^14 + O(17^15) : 7 + 12*17^2 + 3*17^3 + 10*17^4 + 13*17^5 + 5*17^6 + 11*17^7 + 8*17^8 + 5*17^9 + 2*17^10 + 15*17^11 + 10*17^12 + 5*17^13 + 13*17^14 + O(17^15) : 1 + O(17^20))
   (13 + 2*17 + 17^2 + 5*17^3 + 17^5 + 7*17^6 + 13*17^7 + 14*17^8 + 15*17^9 + 15*17^10 + 2*17^11 + 4*17^12 + 6*17^13 + 17^14 + O(17^15) : 10 + 16*17 + 4*17^2 + 13*17^3 + 3*17^4 + 8*17^6 + 9*17^7 + 10*17^8 + 17^9 + 3*17^12 + 4*17^13 + 7*17^14 + O(17^15) : 1 + O(17^20))
   (13 + 2*17 + 17^2 + 5*17^3 + 17^5 + 7*17^6 + 13*17^7 + 14*17^8 + 15*17^9 + 15*17^10 + 2*17^11 + 4*17^12 + 6*17^13 + 17^14 + O(17^15) : 7 + 12*17^2 + 3*17^3 + 13*17^4 + 16*17^5 + 8*17^6 + 7*17^7 + 6*17^8 + 15*17^9 + 16*17^10 + 16*17^11 + 13*17^12 + 12*17^13 + 9*17^14 + O(17^15) : 1 + O(17^20))
   (13 + 2*17 + 17^2 + 5*17^3 + 6*17^4 + 7*17^5 + 3*17^6 + 15*17^7 + 12*17^8 + 13*17^9 + 11*17^11 + 5*17^12 + 2*17^13 + 14*17^14 + O(17^15) : 10 + 16*17 + 4*17^2 + 13*17^3 + 2*17^4 + 4*17^5 + 10*17^7 + 10*17^8 + 11*17^9 + 11*17^10 + 8*17^11 + 12*17^12 + 12*17^13 + 5*17^14 + O(17^15) : 1 + O(17^20))
   (13 + 2*17 + 17^2 + 5*17^3 + 6*17^4 + 7*17^5 + 3*17^6 + 15*17^7 + 12*17^8 + 13*17^9 + 11*17^11 + 5*17^12 + 2*17^13 + 14*17^14 + O(17^15) : 7 + 12*17^2 + 3*17^3 + 14*17^4 + 12*17^5 + 16*17^6 + 6*17^7 + 6*17^8 + 5*17^9 + 5*17^10 + 8*17^11 + 4*17^12 + 4*17^13 + 11*17^14 + O(17^15) : 1 + O(17^20))
   (13 + 2*17 + 17^2 + 5*17^3 + 7*17^4 + 17^5 + 15*17^6 + 17^7 + 16*17^8 + 17^9 + 14*17^10 + 14*17^11 + 16*17^12 + 10*17^13 + 10*17^14 + O(17^15) : 10 + 16*17 + 4*17^2 + 13*17^3 + 16*17^4 + 5*17^5 + 3*17^6 + 10*17^7 + 14*17^8 + 5*17^9 + 14*17^10 + 15*17^11 + 15*17^12 + 10*17^13 + 2*17^14 + O(17^15) : 1 + O(17^20))
   (13 + 2*17 + 17^2 + 5*17^3 + 7*17^4 + 17^5 + 15*17^6 + 17^7 + 16*17^8 + 17^9 + 14*17^10 + 14*17^11 + 16*17^12 + 10*17^13 + 10*17^14 + O(17^15) : 7 + 12*17^2 + 3*17^3 + 11*17^5 + 13*17^6 + 6*17^7 + 2*17^8 + 11*17^9 + 2*17^10 + 17^11 + 17^12 + 6*17^13 + 14*17^14 + O(17^15) : 1 + O(17^20))
   (13 + 2*17 + 17^2 + 5*17^3 + 9*17^4 + 15*17^5 + 13*17^6 + 4*17^7 + 3*17^8 + 7*17^9 + 15*17^10 + 7*17^11 + 9*17^12 + 6*17^13 + 11*17^14 + O(17^15) : 10 + 16*17 + 4*17^2 + 13*17^3 + 10*17^4 + 16*17^5 + 6*17^6 + 4*17^7 + 11*17^8 + 13*17^9 + 15*17^10 + 9*17^11 + 10*17^12 + 10*17^13 + 7*17^14 + O(17^15) : 1 + O(17^20))
   (13 + 2*17 + 17^2 + 5*17^3 + 9*17^4 + 15*17^5 + 13*17^6 + 4*17^7 + 3*17^8 + 7*17^9 + 15*17^10 + 7*17^11 + 9*17^12 + 6*17^13 + 11*17^14 + O(17^15) : 7 + 12*17^2 + 3*17^3 + 6*17^4 + 10*17^6 + 12*17^7 + 5*17^8 + 3*17^9 + 17^10 + 7*17^11 + 6*17^12 + 6*17^13 + 9*17^14 + O(17^15) : 1 + O(17^20))
   (13 + 2*17 + 17^2 + 6*17^3 + 13*17^4 + 10*17^5 + 10*17^7 + 9*17^8 + 12*17^9 + 4*17^10 + 2*17^11 + 16*17^12 + 14*17^13 + 7*17^14 + O(17^15) : 10 + 16*17 + 4*17^2 + 10*17^3 + 16*17^4 + 10*17^5 + 6*17^6 + 14*17^7 + 15*17^9 + 6*17^10 + 3*17^11 + 15*17^12 + 11*17^13 + 2*17^14 + O(17^15) : 1 + O(17^20))
   (13 + 2*17 + 17^2 + 6*17^3 + 13*17^4 + 10*17^5 + 10*17^7 + 9*17^8 + 12*17^9 + 4*17^10 + 2*17^11 + 16*17^12 + 14*17^13 + 7*17^14 + O(17^15) : 7 + 12*17^2 + 6*17^3 + 6*17^5 + 10*17^6 + 2*17^7 + 16*17^8 + 17^9 + 10*17^10 + 13*17^11 + 17^12 + 5*17^13 + 14*17^14 + O(17^15) : 1 + O(17^20))
   (13 + 2*17 + 17^2 + 6*17^3 + 16*17^4 + 11*17^5 + 17^6 + 17^7 + 2*17^9 + 7*17^10 + 9*17^11 + 7*17^12 + 12*17^13 + 15*17^14 + O(17^15) : 10 + 16*17 + 4*17^2 + 10*17^3 + 7*17^4 + 10*17^5 + 16*17^7 + 3*17^8 + 10*17^9 + 15*17^10 + 2*17^12 + 12*17^13 + 7*17^14 + O(17^15) : 1 + O(17^20))
   (13 + 2*17 + 17^2 + 6*17^3 + 16*17^4 + 11*17^5 + 17^6 + 17^7 + 2*17^9 + 7*17^10 + 9*17^11 + 7*17^12 + 12*17^13 + 15*17^14 + O(17^15) : 7 + 12*17^2 + 6*17^3 + 9*17^4 + 6*17^5 + 16*17^6 + 13*17^8 + 6*17^9 + 17^10 + 16*17^11 + 14*17^12 + 4*17^13 + 9*17^14 + O(17^15) : 1 + O(17^20))
   (13 + 2*17 + 17^2 + 6*17^3 + 3*17^4 + 12*17^5 + 7*17^6 + 5*17^7 + 5*17^8 + 5*17^9 + 9*17^10 + 3*17^11 + 12*17^12 + 8*17^13 + 15*17^14 + O(17^15) : 10 + 16*17 + 4*17^2 + 10*17^3 + 12*17^4 + 13*17^5 + 5*17^6 + 14*17^8 + 14*17^9 + 6*17^10 + 6*17^11 + 2*17^12 + 5*17^13 + 9*17^14 + O(17^15) : 1 + O(17^20))
   (13 + 2*17 + 17^2 + 6*17^3 + 3*17^4 + 12*17^5 + 7*17^6 + 5*17^7 + 5*17^8 + 5*17^9 + 9*17^10 + 3*17^11 + 12*17^12 + 8*17^13 + 15*17^14 + O(17^15) : 7 + 12*17^2 + 6*17^3 + 4*17^4 + 3*17^5 + 11*17^6 + 16*17^7 + 2*17^8 + 2*17^9 + 10*17^10 + 10*17^11 + 14*17^12 + 11*17^13 + 7*17^14 + O(17^15) : 1 + O(17^20))
   (13 + 2*17 + 17^2 + 6*17^3 + 8*17^4 + 11*17^5 + 13*17^7 + 14*17^8 + 2*17^9 + 14*17^10 + 7*17^11 + 7*17^13 + 10*17^14 + O(17^15) : 10 + 16*17 + 4*17^2 + 10*17^3 + 14*17^4 + 3*17^5 + 8*17^6 + 13*17^7 + 15*17^8 + 14*17^9 + 8*17^10 + 9*17^11 + 3*17^12 + 14*17^13 + O(17^15) : 1 + O(17^20))
   (13 + 2*17 + 17^2 + 6*17^3 + 8*17^4 + 11*17^5 + 13*17^7 + 14*17^8 + 2*17^9 + 14*17^10 + 7*17^11 + 7*17^13 + 10*17^14 + O(17^15) : 7 + 12*17^2 + 6*17^3 + 2*17^4 + 13*17^5 + 8*17^6 + 3*17^7 + 17^8 + 2*17^9 + 8*17^10 + 7*17^11 + 13*17^12 + 2*17^13 + 16*17^14 + O(17^15) : 1 + O(17^20))
   (13 + 2*17 + 17^2 + 6*17^4 + 8*17^5 + 14*17^6 + 10*17^7 + 13*17^8 + 6*17^9 + 7*17^10 + 11*17^11 + 16*17^12 + 9*17^13 + 15*17^14 + O(17^15) : 10 + 16*17 + 4*17^2 + 11*17^3 + 15*17^4 + 17^5 + 17^6 + 4*17^7 + 10*17^8 + 3*17^9 + 9*17^10 + 10*17^11 + 6*17^12 + 2*17^13 + 14*17^14 + O(17^15) : 1 + O(17^20))
   (13 + 2*17 + 17^2 + 6*17^4 + 8*17^5 + 14*17^6 + 10*17^7 + 13*17^8 + 6*17^9 + 7*17^10 + 11*17^11 + 16*17^12 + 9*17^13 + 15*17^14 + O(17^15) : 7 + 12*17^2 + 5*17^3 + 17^4 + 15*17^5 + 15*17^6 + 12*17^7 + 6*17^8 + 13*17^9 + 7*17^10 + 6*17^11 + 10*17^12 + 14*17^13 + 2*17^14 + O(17^15) : 1 + O(17^20))
   (13 + 2*17 + 17^2 + 7*17^3 + 14*17^4 + 8*17^5 + 16*17^6 + 4*17^7 + 17^8 + 17^9 + 3*17^10 + 2*17^11 + 14*17^12 + 2*17^13 + 15*17^14 + O(17^15) : 10 + 16*17 + 4*17^2 + 7*17^3 + 14*17^4 + 10*17^5 + 12*17^6 + 3*17^7 + 14*17^8 + 13*17^9 + 6*17^10 + 11*17^11 + 6*17^12 + 5*17^13 + 8*17^14 + O(17^15) : 1 + O(17^20))
   (13 + 2*17 + 17^2 + 7*17^3 + 14*17^4 + 8*17^5 + 16*17^6 + 4*17^7 + 17^8 + 17^9 + 3*17^10 + 2*17^11 + 14*17^12 + 2*17^13 + 15*17^14 + O(17^15) : 7 + 12*17^2 + 9*17^3 + 2*17^4 + 6*17^5 + 4*17^6 + 13*17^7 + 2*17^8 + 3*17^9 + 10*17^10 + 5*17^11 + 10*17^12 + 11*17^13 + 8*17^14 + O(17^15) : 1 + O(17^20))
   (13 + 2*17 + 17^2 + 7*17^3 + 16*17^4 + 2*17^5 + 16*17^6 + 10*17^7 + 4*17^8 + 11*17^9 + 2*17^10 + 5*17^12 + 11*17^14 + O(17^15) : 10 + 16*17 + 4*17^2 + 7*17^3 + 8*17^4 + 13*17^5 + 10*17^6 + 17^7 + 6*17^8 + 5*17^9 + 13*17^10 + 15*17^12 + 8*17^13 + 12*17^14 + O(17^15) : 1 + O(17^20))
   (13 + 2*17 + 17^2 + 7*17^3 + 16*17^4 + 2*17^5 + 16*17^6 + 10*17^7 + 4*17^8 + 11*17^9 + 2*17^10 + 5*17^12 + 11*17^14 + O(17^15) : 7 + 12*17^2 + 9*17^3 + 8*17^4 + 3*17^5 + 6*17^6 + 15*17^7 + 10*17^8 + 11*17^9 + 3*17^10 + 16*17^11 + 17^12 + 8*17^13 + 4*17^14 + O(17^15) : 1 + O(17^20))
   (13 + 2*17 + 17^2 + 7*17^3 + 17^4 + 3*17^5 + 11*17^6 + 4*17^7 + 17^8 + 12*17^9 + 16*17^10 + 10*17^11 + 13*17^12 + 10*17^13 + 3*17^14 + O(17^15) : 10 + 16*17 + 4*17^2 + 7*17^3 + 2*17^4 + 15*17^5 + 11*17^6 + 6*17^7 + 5*17^8 + 5*17^9 + 5*17^10 + 10*17^11 + 16*17^12 + 9*17^13 + 14*17^14 + O(17^15) : 1 + O(17^20))
   (13 + 2*17 + 17^2 + 7*17^3 + 17^4 + 3*17^5 + 11*17^6 + 4*17^7 + 17^8 + 12*17^9 + 16*17^10 + 10*17^11 + 13*17^12 + 10*17^13 + 3*17^14 + O(17^15) : 7 + 12*17^2 + 9*17^3 + 14*17^4 + 17^5 + 5*17^6 + 10*17^7 + 11*17^8 + 11*17^9 + 11*17^10 + 6*17^11 + 7*17^13 + 2*17^14 + O(17^15) : 1 + O(17^20))
   (13 + 2*17 + 17^2 + 7*17^3 + 3*17^4 + 8*17^5 + 11*17^6 + 11*17^7 + 7*17^9 + 12*17^10 + 16*17^11 + 15*17^12 + 9*17^13 + 7*17^14 + O(17^15) : 10 + 16*17 + 4*17^2 + 7*17^3 + 13*17^4 + 17^5 + 2*17^6 + 10*17^7 + 11*17^8 + 6*17^9 + 10*17^10 + 13*17^11 + 14*17^12 + 17^13 + 17^14 + O(17^15) : 1 + O(17^20))
   (13 + 2*17 + 17^2 + 7*17^3 + 3*17^4 + 8*17^5 + 11*17^6 + 11*17^7 + 7*17^9 + 12*17^10 + 16*17^11 + 15*17^12 + 9*17^13 + 7*17^14 + O(17^15) : 7 + 12*17^2 + 9*17^3 + 3*17^4 + 15*17^5 + 14*17^6 + 6*17^7 + 5*17^8 + 10*17^9 + 6*17^10 + 3*17^11 + 2*17^12 + 15*17^13 + 15*17^14 + O(17^15) : 1 + O(17^20))
   (13 + 2*17 + 17^2 + 7*17^3 + 4*17^4 + 4*17^5 + 7*17^6 + 3*17^8 + 11*17^9 + 7*17^10 + 8*17^11 + 4*17^12 + 6*17^13 + 8*17^14 + O(17^15) : 10 + 16*17 + 4*17^2 + 7*17^3 + 10*17^4 + 14*17^5 + 3*17^6 + 12*17^7 + 12*17^9 + 13*17^10 + 17^11 + 5*17^12 + 2*17^14 + O(17^15) : 1 + O(17^20))
   (13 + 2*17 + 17^2 + 7*17^3 + 4*17^4 + 4*17^5 + 7*17^6 + 3*17^8 + 11*17^9 + 7*17^10 + 8*17^11 + 4*17^12 + 6*17^13 + 8*17^14 + O(17^15) : 7 + 12*17^2 + 9*17^3 + 6*17^4 + 2*17^5 + 13*17^6 + 4*17^7 + 16*17^8 + 4*17^9 + 3*17^10 + 15*17^11 + 11*17^12 + 16*17^13 + 14*17^14 + O(17^15) : 1 + O(17^20))
   (13 + 2*17 + 17^2 + 7*17^3 + 6*17^4 + 11*17^5 + 13*17^6 + 10*17^7 + 8*17^8 + 2*17^9 + 2*17^10 + 17^11 + 3*17^12 + 6*17^13 + 3*17^14 + O(17^15) : 10 + 16*17 + 4*17^2 + 7*17^3 + 4*17^4 + 12*17^5 + 11*17^6 + 14*17^7 + 3*17^8 + 12*17^9 + 14*17^10 + 12*17^11 + 7*17^12 + 9*17^13 + 13*17^14 + O(17^15) : 1 + O(17^20))
   (13 + 2*17 + 17^2 + 7*17^3 + 6*17^4 + 11*17^5 + 13*17^6 + 10*17^7 + 8*17^8 + 2*17^9 + 2*17^10 + 17^11 + 3*17^12 + 6*17^13 + 3*17^14 + O(17^15) : 7 + 12*17^2 + 9*17^3 + 12*17^4 + 4*17^5 + 5*17^6 + 2*17^7 + 13*17^8 + 4*17^9 + 2*17^10 + 4*17^11 + 9*17^12 + 7*17^13 + 3*17^14 + O(17^15) : 1 + O(17^20))
   (13 + 2*17 + 17^2 + 7*17^3 + 6*17^4 + 16*17^5 + 6*17^6 + 13*17^7 + 16*17^8 + 13*17^9 + 3*17^10 + 10*17^11 + 13*17^12 + 14*17^13 + 15*17^14 + O(17^15) : 10 + 16*17 + 4*17^2 + 7*17^3 + 4*17^4 + 14*17^5 + 2*17^6 + 16*17^7 + 8*17^8 + 16*17^9 + 17^10 + 17^11 + 6*17^12 + 3*17^13 + 3*17^14 + O(17^15) : 1 + O(17^20))
   (13 + 2*17 + 17^2 + 7*17^3 + 6*17^4 + 16*17^5 + 6*17^6 + 13*17^7 + 16*17^8 + 13*17^9 + 3*17^10 + 10*17^11 + 13*17^12 + 14*17^13 + 15*17^14 + O(17^15) : 7 + 12*17^2 + 9*17^3 + 12*17^4 + 2*17^5 + 14*17^6 + 8*17^8 + 15*17^10 + 15*17^11 + 10*17^12 + 13*17^13 + 13*17^14 + O(17^15) : 1 + O(17^20))
   (13 + 2*17 + 17^2 + 7*17^3 + 7*17^4 + 16*17^5 + 9*17^6 + 9*17^7 + 17^8 + 10*17^9 + 8*17^10 + 14*17^11 + 16*17^12 + 6*17^14 + O(17^15) : 10 + 16*17 + 4*17^2 + 7*17^3 + 17^4 + 15*17^5 + 3*17^6 + 9*17^7 + 14*17^8 + 7*17^9 + 3*17^10 + 6*17^11 + 4*17^12 + 11*17^13 + 6*17^14 + O(17^15) : 1 + O(17^20))
   (13 + 2*17 + 17^2 + 7*17^3 + 7*17^4 + 16*17^5 + 9*17^6 + 9*17^7 + 17^8 + 10*17^9 + 8*17^10 + 14*17^11 + 16*17^12 + 6*17^14 + O(17^15) : 7 + 12*17^2 + 9*17^3 + 15*17^4 + 17^5 + 13*17^6 + 7*17^7 + 2*17^8 + 9*17^9 + 13*17^10 + 10*17^11 + 12*17^12 + 5*17^13 + 10*17^14 + O(17^15) : 1 + O(17^20))
   (13 + 2*17 + 17^2 + 7*17^4 + 13*17^5 + 10*17^6 + 13*17^8 + 16*17^9 + 13*17^10 + 3*17^11 + 12*17^12 + 8*17^13 + 14*17^14 + O(17^15) : 10 + 16*17 + 4*17^2 + 11*17^3 + 12*17^4 + 4*17^5 + 10*17^6 + 11*17^7 + 5*17^9 + 14*17^10 + 17^11 + 7*17^12 + 5*17^13 + 9*17^14 + O(17^15) : 1 + O(17^20))
   (13 + 2*17 + 17^2 + 7*17^4 + 13*17^5 + 10*17^6 + 13*17^8 + 16*17^9 + 13*17^10 + 3*17^11 + 12*17^12 + 8*17^13 + 14*17^14 + O(17^15) : 7 + 12*17^2 + 5*17^3 + 4*17^4 + 12*17^5 + 6*17^6 + 5*17^7 + 16*17^8 + 11*17^9 + 2*17^10 + 15*17^11 + 9*17^12 + 11*17^13 + 7*17^14 + O(17^15) : 1 + O(17^20))
   (13 + 2*17 + 17^2 + 7*17^4 + 8*17^5 + 15*17^7 + 15*17^8 + 3*17^9 + 13*17^10 + 13*17^11 + 13*17^12 + 10*17^13 + 16*17^14 + O(17^15) : 10 + 16*17 + 4*17^2 + 11*17^3 + 12*17^4 + 2*17^5 + 2*17^6 + 10*17^7 + 15*17^8 + 9*17^9 + 8*17^10 + 6*17^11 + 9*17^12 + 4*17^13 + 15*17^14 + O(17^15) : 1 + O(17^20))
   (13 + 2*17 + 17^2 + 7*17^4 + 8*17^5 + 15*17^7 + 15*17^8 + 3*17^9 + 13*17^10 + 13*17^11 + 13*17^12 + 10*17^13 + 16*17^14 + O(17^15) : 7 + 12*17^2 + 5*17^3 + 4*17^4 + 14*17^5 + 14*17^6 + 6*17^7 + 17^8 + 7*17^9 + 8*17^10 + 10*17^11 + 7*17^12 + 12*17^13 + 17^14 + O(17^15) : 1 + O(17^20))
   (13 + 2*17 + 17^2 + 8*17^3 + 12*17^5 + 11*17^6 + 4*17^7 + 11*17^8 + 6*17^9 + 16*17^10 + 10*17^11 + 3*17^12 + 14*17^13 + 3*17^14 + O(17^15) : 10 + 16*17 + 4*17^2 + 4*17^3 + 6*17^4 + 14*17^5 + 5*17^6 + 3*17^7 + 9*17^8 + 5*17^9 + 9*17^10 + 2*17^11 + 3*17^12 + 13*17^13 + 13*17^14 + O(17^15) : 1 + O(17^20))
   (13 + 2*17 + 17^2 + 8*17^3 + 12*17^5 + 11*17^6 + 4*17^7 + 11*17^8 + 6*17^9 + 16*17^10 + 10*17^11 + 3*17^12 + 14*17^13 + 3*17^14 + O(17^15) : 7 + 12*17^2 + 12*17^3 + 10*17^4 + 2*17^5 + 11*17^6 + 13*17^7 + 7*17^8 + 11*17^9 + 7*17^10 + 14*17^11 + 13*17^12 + 3*17^13 + 3*17^14 + O(17^15) : 1 + O(17^20))
   (13 + 2*17 + 17^2 + 8*17^3 + 13*17^5 + 2*17^6 + 17^7 + 11*17^8 + 4*17^9 + 16*17^10 + 13*17^11 + 11*17^12 + 9*17^13 + 7*17^14 + O(17^15) : 10 + 16*17 + 4*17^2 + 4*17^3 + 6*17^4 + 11*17^5 + 16*17^6 + 14*17^7 + 15*17^8 + 4*17^9 + 9*17^10 + 16*17^11 + 8*17^12 + 16*17^13 + 16*17^14 + O(17^15) : 1 + O(17^20))
   (13 + 2*17 + 17^2 + 8*17^3 + 13*17^5 + 2*17^6 + 17^7 + 11*17^8 + 4*17^9 + 16*17^10 + 13*17^11 + 11*17^12 + 9*17^13 + 7*17^14 + O(17^15) : 7 + 12*17^2 + 12*17^3 + 10*17^4 + 5*17^5 + 2*17^7 + 17^8 + 12*17^9 + 7*17^10 + 8*17^12 + O(17^15) : 1 + O(17^20))
   (13 + 2*17 + 17^2 + 8*17^3 + 16*17^5 + 16*17^6 + 2*17^7 + 7*17^8 + 14*17^9 + 2*17^10 + 13*17^11 + 7*17^12 + 14*17^13 + 12*17^14 + O(17^15) : 10 + 16*17 + 4*17^2 + 4*17^3 + 6*17^4 + 2*17^5 + 11*17^6 + 2*17^7 + 9*17^8 + 4*17^9 + 3*17^10 + 17^11 + 9*17^12 + 5*17^13 + 4*17^14 + O(17^15) : 1 + O(17^20))
   (13 + 2*17 + 17^2 + 8*17^3 + 16*17^5 + 16*17^6 + 2*17^7 + 7*17^8 + 14*17^9 + 2*17^10 + 13*17^11 + 7*17^12 + 14*17^13 + 12*17^14 + O(17^15) : 7 + 12*17^2 + 12*17^3 + 10*17^4 + 14*17^5 + 5*17^6 + 14*17^7 + 7*17^8 + 12*17^9 + 13*17^10 + 15*17^11 + 7*17^12 + 11*17^13 + 12*17^14 + O(17^15) : 1 + O(17^20))
   (13 + 2*17 + 17^2 + 8*17^3 + 4*17^4 + 6*17^5 + 16*17^6 + 11*17^7 + 14*17^8 + 13*17^9 + 9*17^10 + 12*17^11 + 14*17^12 + 8*17^13 + 11*17^14 + O(17^15) : 10 + 16*17 + 4*17^2 + 4*17^3 + 11*17^4 + 17^5 + 9*17^6 + 17^7 + 9*17^8 + 12*17^9 + 6*17^10 + 8*17^11 + 11*17^12 + 8*17^13 + 15*17^14 + O(17^15) : 1 + O(17^20))
   (13 + 2*17 + 17^2 + 8*17^3 + 4*17^4 + 6*17^5 + 16*17^6 + 11*17^7 + 14*17^8 + 13*17^9 + 9*17^10 + 12*17^11 + 14*17^12 + 8*17^13 + 11*17^14 + O(17^15) : 7 + 12*17^2 + 12*17^3 + 5*17^4 + 15*17^5 + 7*17^6 + 15*17^7 + 7*17^8 + 4*17^9 + 10*17^10 + 8*17^11 + 5*17^12 + 8*17^13 + 17^14 + O(17^15) : 1 + O(17^20))
   (13 + 2*17 + 17^2 + 8*17^3 + 4*17^4 + 7*17^5 + 15*17^7 + 10*17^8 + 13*17^9 + 4*17^10 + 2*17^11 + 15*17^12 + 7*17^13 + 2*17^14 + O(17^15) : 10 + 16*17 + 4*17^2 + 4*17^3 + 11*17^4 + 15*17^5 + 6*17^6 + 3*17^7 + 14*17^8 + 12*17^9 + 17^10 + 11*17^11 + 15*17^12 + 10*17^13 + 2*17^14 + O(17^15) : 1 + O(17^20))
   (13 + 2*17 + 17^2 + 8*17^3 + 4*17^4 + 7*17^5 + 15*17^7 + 10*17^8 + 13*17^9 + 4*17^10 + 2*17^11 + 15*17^12 + 7*17^13 + 2*17^14 + O(17^15) : 7 + 12*17^2 + 12*17^3 + 5*17^4 + 17^5 + 10*17^6 + 13*17^7 + 2*17^8 + 4*17^9 + 15*17^10 + 5*17^11 + 17^12 + 6*17^13 + 14*17^14 + O(17^15) : 1 + O(17^20))
   (13 + 2*17 + 17^2 + 8*17^3 + 5*17^4 + 7*17^5 + 13*17^6 + 8*17^7 + 8*17^9 + 8*17^10 + 7*17^12 + 11*17^13 + O(17^15) : 10 + 16*17 + 4*17^2 + 4*17^3 + 8*17^4 + 16*17^5 + 11*17^6 + 15*17^7 + 9*17^8 + 2*17^9 + 7*17^10 + 13*17^11 + 11*17^12 + 15*17^13 + 10*17^14 + O(17^15) : 1 + O(17^20))
   (13 + 2*17 + 17^2 + 8*17^3 + 5*17^4 + 7*17^5 + 13*17^6 + 8*17^7 + 8*17^9 + 8*17^10 + 7*17^12 + 11*17^13 + O(17^15) : 7 + 12*17^2 + 12*17^3 + 8*17^4 + 5*17^6 + 17^7 + 7*17^8 + 14*17^9 + 9*17^10 + 3*17^11 + 5*17^12 + 17^13 + 6*17^14 + O(17^15) : 1 + O(17^20))
   (13 + 2*17 + 17^2 + 8*17^3 + 6*17^4 + 6*17^5 + 6*17^6 + 8*17^7 + 6*17^8 + 15*17^9 + 15*17^10 + 12*17^12 + 3*17^13 + 6*17^14 + O(17^15) : 10 + 16*17 + 4*17^2 + 4*17^3 + 5*17^4 + 3*17^5 + 8*17^6 + 14*17^7 + 4*17^8 + 2*17^9 + 3*17^10 + 8*17^11 + 17^12 + 15*17^13 + 4*17^14 + O(17^15) : 1 + O(17^20))
   (13 + 2*17 + 17^2 + 8*17^3 + 6*17^4 + 6*17^5 + 6*17^6 + 8*17^7 + 6*17^8 + 15*17^9 + 15*17^10 + 12*17^12 + 3*17^13 + 6*17^14 + O(17^15) : 7 + 12*17^2 + 12*17^3 + 11*17^4 + 13*17^5 + 8*17^6 + 2*17^7 + 12*17^8 + 14*17^9 + 13*17^10 + 8*17^11 + 15*17^12 + 17^13 + 12*17^14 + O(17^15) : 1 + O(17^20))
   (13 + 2*17 + 17^2 + 8*17^3 + 8*17^4 + 5*17^5 + 13*17^6 + 9*17^7 + 4*17^8 + 5*17^9 + 16*17^10 + 9*17^11 + 14*17^12 + 8*17^13 + 8*17^14 + O(17^15) : 10 + 16*17 + 4*17^2 + 4*17^3 + 16*17^4 + 7*17^5 + 6*17^6 + 2*17^7 + 14*17^8 + 15*17^9 + 6*17^10 + 14*17^11 + 13*17^12 + 10*17^13 + 11*17^14 + O(17^15) : 1 + O(17^20))
   (13 + 2*17 + 17^2 + 8*17^3 + 8*17^4 + 5*17^5 + 13*17^6 + 9*17^7 + 4*17^8 + 5*17^9 + 16*17^10 + 9*17^11 + 14*17^12 + 8*17^13 + 8*17^14 + O(17^15) : 7 + 12*17^2 + 12*17^3 + 9*17^5 + 10*17^6 + 14*17^7 + 2*17^8 + 17^9 + 10*17^10 + 2*17^11 + 3*17^12 + 6*17^13 + 5*17^14 + O(17^15) : 1 + O(17^20))
   (13 + 2*17 + 17^2 + 8*17^3 + 8*17^4 + 5*17^5 + 4*17^6 + 6*17^8 + 14*17^9 + 16*17^10 + 7*17^11 + 9*17^12 + 8*17^13 + 8*17^14 + O(17^15) : 10 + 16*17 + 4*17^2 + 4*17^3 + 16*17^4 + 7*17^5 + 16*17^6 + 4*17^7 + 12*17^8 + 6*17^9 + 14*17^10 + 4*17^11 + 10*17^12 + 2*17^13 + O(17^15) : 1 + O(17^20))
   (13 + 2*17 + 17^2 + 8*17^3 + 8*17^4 + 5*17^5 + 4*17^6 + 6*17^8 + 14*17^9 + 16*17^10 + 7*17^11 + 9*17^12 + 8*17^13 + 8*17^14 + O(17^15) : 7 + 12*17^2 + 12*17^3 + 9*17^5 + 12*17^7 + 4*17^8 + 10*17^9 + 2*17^10 + 12*17^11 + 6*17^12 + 14*17^13 + 16*17^14 + O(17^15) : 1 + O(17^20))
   (13 + 2*17 + 17^2 + 9*17^3 + 12*17^4 + 13*17^5 + 7*17^6 + 8*17^7 + 11*17^8 + 3*17^9 + 3*17^10 + 3*17^11 + 11*17^12 + 11*17^13 + 15*17^14 + O(17^15) : 10 + 16*17 + 4*17^2 + 17^3 + 5*17^4 + 14*17^5 + 17^6 + 10*17^7 + 14*17^8 + 8*17^9 + 5*17^10 + 14*17^11 + 5*17^12 + 13*17^13 + 15*17^14 + O(17^15) : 1 + O(17^20))
   (13 + 2*17 + 17^2 + 9*17^3 + 12*17^4 + 13*17^5 + 7*17^6 + 8*17^7 + 11*17^8 + 3*17^9 + 3*17^10 + 3*17^11 + 11*17^12 + 11*17^13 + 15*17^14 + O(17^15) : 7 + 12*17^2 + 15*17^3 + 11*17^4 + 2*17^5 + 15*17^6 + 6*17^7 + 2*17^8 + 8*17^9 + 11*17^10 + 2*17^11 + 11*17^12 + 3*17^13 + 17^14 + O(17^15) : 1 + O(17^20))
   (13 + 2*17 + 17^2 + 9*17^3 + 14*17^4 + 10*17^5 + 2*17^6 + 7*17^7 + 7*17^8 + 13*17^10 + 3*17^11 + 9*17^12 + 8*17^13 + 8*17^14 + O(17^15) : 10 + 16*17 + 4*17^2 + 17^3 + 16*17^4 + 7*17^5 + 12*17^7 + 7*17^8 + 13*17^9 + 14*17^10 + 13*17^11 + 3*17^12 + 12*17^14 + O(17^15) : 1 + O(17^20))
   (13 + 2*17 + 17^2 + 9*17^3 + 14*17^4 + 10*17^5 + 2*17^6 + 7*17^7 + 7*17^8 + 13*17^10 + 3*17^11 + 9*17^12 + 8*17^13 + 8*17^14 + O(17^15) : 7 + 12*17^2 + 15*17^3 + 9*17^5 + 16*17^6 + 4*17^7 + 9*17^8 + 3*17^9 + 2*17^10 + 3*17^11 + 13*17^12 + 16*17^13 + 4*17^14 + O(17^15) : 1 + O(17^20))
   (13 + 2*17 + 17^2 + 9*17^3 + 17^4 + 7*17^5 + 16*17^6 + 6*17^7 + 3*17^8 + 14*17^9 + 9*17^10 + 9*17^11 + 12*17^12 + 13*17^13 + 11*17^14 + O(17^15) : 10 + 16*17 + 4*17^2 + 17^3 + 4*17^4 + 6*17^5 + 12*17^6 + 17^7 + 9*17^8 + 11*17^10 + 4*17^11 + 16*17^12 + 16*17^13 + 7*17^14 + O(17^15) : 1 + O(17^20))
   (13 + 2*17 + 17^2 + 9*17^3 + 17^4 + 7*17^5 + 16*17^6 + 6*17^7 + 3*17^8 + 14*17^9 + 9*17^10 + 9*17^11 + 12*17^12 + 13*17^13 + 11*17^14 + O(17^15) : 7 + 12*17^2 + 15*17^3 + 12*17^4 + 10*17^5 + 4*17^6 + 15*17^7 + 7*17^8 + 16*17^9 + 5*17^10 + 12*17^11 + 9*17^14 + O(17^15) : 1 + O(17^20))
   (13 + 2*17 + 17^2 + 9*17^3 + 17^4 + 7*17^5 + 4*17^6 + 3*17^7 + 11*17^8 + 3*17^10 + 7*17^11 + 2*17^12 + 4*17^13 + 4*17^14 + O(17^15) : 10 + 16*17 + 4*17^2 + 17^3 + 4*17^4 + 6*17^5 + 14*17^6 + 15*17^8 + 6*17^9 + 14*17^10 + 8*17^11 + 17^12 + 14*17^13 + 8*17^14 + O(17^15) : 1 + O(17^20))
   (13 + 2*17 + 17^2 + 9*17^3 + 17^4 + 7*17^5 + 4*17^6 + 3*17^7 + 11*17^8 + 3*17^10 + 7*17^11 + 2*17^12 + 4*17^13 + 4*17^14 + O(17^15) : 7 + 12*17^2 + 15*17^3 + 12*17^4 + 10*17^5 + 2*17^6 + 16*17^7 + 17^8 + 10*17^9 + 2*17^10 + 8*17^11 + 15*17^12 + 2*17^13 + 8*17^14 + O(17^15) : 1 + O(17^20))
   (13 + 2*17 + 17^2 + 9*17^3 + 6*17^4 + 12*17^5 + 15*17^6 + 12*17^8 + 2*17^9 + 12*17^10 + 2*17^11 + 13*17^12 + 4*17^13 + O(17^15) : 10 + 16*17 + 4*17^2 + 17^3 + 6*17^4 + 12*17^5 + 17^6 + 16*17^7 + 6*17^8 + 13*17^9 + 9*17^11 + 2*17^12 + 16*17^13 + 13*17^14 + O(17^15) : 1 + O(17^20))
   (13 + 2*17 + 17^2 + 9*17^3 + 6*17^4 + 12*17^5 + 15*17^6 + 12*17^8 + 2*17^9 + 12*17^10 + 2*17^11 + 13*17^12 + 4*17^13 + O(17^15) : 7 + 12*17^2 + 15*17^3 + 10*17^4 + 4*17^5 + 15*17^6 + 10*17^8 + 3*17^9 + 16*17^10 + 7*17^11 + 14*17^12 + 3*17^14 + O(17^15) : 1 + O(17^20))
   (13 + 2*17 + 17^2 + 9*17^3 + 8*17^4 + 15*17^5 + 11*17^6 + 7*17^7 + 17^8 + 6*17^9 + 9*17^10 + 16*17^11 + 14*17^12 + O(17^15) : 10 + 16*17 + 4*17^2 + 17^3 + 5*17^5 + 2*17^6 + 4*17^7 + 11*17^8 + 12*17^9 + 15*17^10 + 5*17^11 + 5*17^12 + 6*17^13 + 9*17^14 + O(17^15) : 1 + O(17^20))
   (13 + 2*17 + 17^2 + 9*17^3 + 8*17^4 + 15*17^5 + 11*17^6 + 7*17^7 + 17^8 + 6*17^9 + 9*17^10 + 16*17^11 + 14*17^12 + O(17^15) : 7 + 12*17^2 + 15*17^3 + 16*17^4 + 11*17^5 + 14*17^6 + 12*17^7 + 5*17^8 + 4*17^9 + 17^10 + 11*17^11 + 11*17^12 + 10*17^13 + 7*17^14 + O(17^15) : 1 + O(17^20))
   (13 + 2*17 + 17^2 + 9*17^4 + 3*17^5 + 10*17^7 + 5*17^8 + 13*17^9 + 7*17^10 + 9*17^12 + 10*17^13 + 10*17^14 + O(17^15) : 10 + 16*17 + 4*17^2 + 11*17^3 + 6*17^4 + 2*17^5 + 17^6 + 6*17^7 + 10*17^8 + 16*17^9 + 12*17^10 + 9*17^11 + 9*17^12 + 16*17^13 + 10*17^14 + O(17^15) : 1 + O(17^20))
   (13 + 2*17 + 17^2 + 9*17^4 + 3*17^5 + 10*17^7 + 5*17^8 + 13*17^9 + 7*17^10 + 9*17^12 + 10*17^13 + 10*17^14 + O(17^15) : 7 + 12*17^2 + 5*17^3 + 10*17^4 + 14*17^5 + 15*17^6 + 10*17^7 + 6*17^8 + 4*17^10 + 7*17^11 + 7*17^12 + 6*17^14 + O(17^15) : 1 + O(17^20))
   (13*17^-3 + 10*17^-2 + 15*17^-1 + 1 + 2*17 + 17^2 + 13*17^3 + 16*17^4 + 3*17^5 + 15*17^6 + 7*17^7 + 14*17^8 + 10*17^9 + O(17^10) : 13*17^-9 + 2*17^-8 + 4*17^-7 + 4*17^-6 + 8*17^-5 + 15*17^-4 + 5*17^-3 + 10*17^-2 + 9*17^-1 + 2 + 9*17 + 3*17^2 + 13*17^3 + O(17^4) : 1 + O(17^20))
   (13*17^-3 + 10*17^-2 + 15*17^-1 + 1 + 2*17 + 17^2 + 13*17^3 + 16*17^4 + 3*17^5 + 15*17^6 + 7*17^7 + 14*17^8 + 10*17^9 + O(17^10) : 4*17^-9 + 14*17^-8 + 12*17^-7 + 12*17^-6 + 8*17^-5 + 17^-4 + 11*17^-3 + 6*17^-2 + 7*17^-1 + 14 + 7*17 + 13*17^2 + 3*17^3 + O(17^4) : 1 + O(17^20))
   (13*17^-3 + 10*17^-2 + 15*17^-1 + 5 + 17 + 15*17^2 + 8*17^3 + 11*17^4 + 13*17^5 + 8*17^6 + 16*17^7 + 5*17^8 + 7*17^9 + O(17^10) : 13*17^-9 + 2*17^-8 + 4*17^-7 + 16*17^-6 + 12*17^-5 + 15*17^-4 + 16*17^-3 + 6*17^-2 + 15*17^-1 + 13 + 13*17 + 5*17^2 + 16*17^3 + O(17^4) : 1 + O(17^20))
   (13*17^-3 + 10*17^-2 + 15*17^-1 + 5 + 17 + 15*17^2 + 8*17^3 + 11*17^4 + 13*17^5 + 8*17^6 + 16*17^7 + 5*17^8 + 7*17^9 + O(17^10) : 4*17^-9 + 14*17^-8 + 12*17^-7 + 4*17^-5 + 17^-4 + 10*17^-2 + 17^-1 + 3 + 3*17 + 11*17^2 + O(17^4) : 1 + O(17^20))
   (13*17^-3 + 12*17^-2 + 7*17^-1 + 4 + 14*17 + 7*17^3 + 9*17^4 + 8*17^5 + 12*17^6 + 15*17^7 + 10*17^8 + 4*17^9 + O(17^10) : 13*17^-9 + 8*17^-8 + 6*17^-7 + 11*17^-6 + 5*17^-5 + 8*17^-4 + 8*17^-3 + 10*17^-2 + 1 + 6*17 + 15*17^2 + 10*17^3 + O(17^4) : 1 + O(17^20))
   (13*17^-3 + 12*17^-2 + 7*17^-1 + 4 + 14*17 + 7*17^3 + 9*17^4 + 8*17^5 + 12*17^6 + 15*17^7 + 10*17^8 + 4*17^9 + O(17^10) : 4*17^-9 + 8*17^-8 + 10*17^-7 + 5*17^-6 + 11*17^-5 + 8*17^-4 + 8*17^-3 + 6*17^-2 + 16*17^-1 + 15 + 10*17 + 17^2 + 6*17^3 + O(17^4) : 1 + O(17^20))
   (13*17^-3 + 3*17^-2 + 10*17^-1 + 8 + 16*17 + 4*17^2 + 6*17^3 + 4*17^4 + 12*17^5 + 14*17^6 + 8*17^7 + 3*17^8 + 17^9 + O(17^10) : 13*17^-9 + 15*17^-8 + 6*17^-7 + 17^-6 + 17^-5 + 7*17^-4 + 3*17^-3 + 17^-2 + 4*17^-1 + 6 + 9*17 + 7*17^2 + 2*17^3 + O(17^4) : 1 + O(17^20))
   (13*17^-3 + 3*17^-2 + 10*17^-1 + 8 + 16*17 + 4*17^2 + 6*17^3 + 4*17^4 + 12*17^5 + 14*17^6 + 8*17^7 + 3*17^8 + 17^9 + O(17^10) : 4*17^-9 + 17^-8 + 10*17^-7 + 15*17^-6 + 15*17^-5 + 9*17^-4 + 13*17^-3 + 15*17^-2 + 12*17^-1 + 10 + 7*17 + 9*17^2 + 14*17^3 + O(17^4) : 1 + O(17^20))
   (13*17^-3 + 6*17^-2 + 15*17^-1 + 3 + 9*17 + 10*17^2 + 2*17^3 + 11*17^4 + 7*17^5 + 5*17^7 + 4*17^8 + O(17^10) : 13*17^-9 + 7*17^-8 + 17^-7 + 17^-6 + 6*17^-5 + 12*17^-4 + 10*17^-3 + 10*17^-2 + 7*17^-1 + 4 + 3*17 + 15*17^2 + 10*17^3 + O(17^4) : 1 + O(17^20))
   (13*17^-3 + 6*17^-2 + 15*17^-1 + 3 + 9*17 + 10*17^2 + 2*17^3 + 11*17^4 + 7*17^5 + 5*17^7 + 4*17^8 + O(17^10) : 4*17^-9 + 9*17^-8 + 15*17^-7 + 15*17^-6 + 10*17^-5 + 4*17^-4 + 6*17^-3 + 6*17^-2 + 9*17^-1 + 12 + 13*17 + 17^2 + 6*17^3 + O(17^4) : 1 + O(17^20))
   (13*17^-3 + 6*17^-2 + 7*17^-1 + 2 + 13*17 + 10*17^2 + 13*17^3 + 9*17^4 + 10*17^5 + 17^6 + 17^7 + 10*17^8 + 10*17^9 + O(17^10) : 13*17^-9 + 7*17^-8 + 11*17^-7 + 2*17^-6 + 12*17^-5 + 13*17^-4 + 6*17^-2 + 5*17^-1 + 8 + 9*17 + 8*17^2 + 11*17^3 + O(17^4) : 1 + O(17^20))
   (13*17^-3 + 6*17^-2 + 7*17^-1 + 2 + 13*17 + 10*17^2 + 13*17^3 + 9*17^4 + 10*17^5 + 17^6 + 17^7 + 10*17^8 + 10*17^9 + O(17^10) : 4*17^-9 + 9*17^-8 + 5*17^-7 + 14*17^-6 + 4*17^-5 + 3*17^-4 + 16*17^-3 + 10*17^-2 + 11*17^-1 + 8 + 7*17 + 8*17^2 + 5*17^3 + O(17^4) : 1 + O(17^20))
   (13*17^-3 + 7*17^-2 + 12*17^-1 + 1 + 9*17 + 9*17^2 + 15*17^3 + 16*17^4 + 17^5 + 10*17^6 + 7*17^7 + 14*17^8 + 7*17^9 + O(17^10) : 13*17^-9 + 10*17^-8 + 16*17^-7 + 2*17^-6 + 17^-5 + 2*17^-4 + 8*17^-3 + 10*17^-2 + 13*17^-1 + 14 + 12*17 + 2*17^2 + 14*17^3 + O(17^4) : 1 + O(17^20))
   (13*17^-3 + 7*17^-2 + 12*17^-1 + 1 + 9*17 + 9*17^2 + 15*17^3 + 16*17^4 + 17^5 + 10*17^6 + 7*17^7 + 14*17^8 + 7*17^9 + O(17^10) : 4*17^-9 + 6*17^-8 + 14*17^-6 + 15*17^-5 + 14*17^-4 + 8*17^-3 + 6*17^-2 + 3*17^-1 + 2 + 4*17 + 14*17^2 + 2*17^3 + O(17^4) : 1 + O(17^20))
   (13*17^-3 + 7*17^-2 + 12*17^-1 + 5 + 7*17^2 + 17^3 + 16*17^4 + 12*17^5 + 7*17^6 + 3*17^7 + 10*17^8 + 12*17^9 + O(17^10) : 13*17^-9 + 10*17^-8 + 16*17^-7 + 14*17^-6 + 16*17^-5 + 13*17^-4 + 15*17^-3 + 11*17^-2 + 16*17^-1 + 12 + 10*17 + 13*17^3 + O(17^4) : 1 + O(17^20))
   (13*17^-3 + 7*17^-2 + 12*17^-1 + 5 + 7*17^2 + 17^3 + 16*17^4 + 12*17^5 + 7*17^6 + 3*17^7 + 10*17^8 + 12*17^9 + O(17^10) : 4*17^-9 + 6*17^-8 + 2*17^-6 + 3*17^-4 + 17^-3 + 5*17^-2 + 4 + 6*17 + 16*17^2 + 3*17^3 + O(17^4) : 1 + O(17^20))
   (13*17^-3 + 8*17^-2 + 13*17^-1 + 6 + 3*17^2 + 4*17^3 + 7*17^4 + 9*17^5 + 2*17^6 + 3*17^7 + 9*17^8 + 14*17^9 + O(17^10) : 13*17^-9 + 13*17^-8 + 16*17^-7 + 7*17^-6 + 16*17^-5 + 6*17^-4 + 15*17^-3 + 8*17^-2 + 13*17^-1 + 12 + 7*17 + 8*17^2 + 11*17^3 + O(17^4) : 1 + O(17^20))
   (13*17^-3 + 8*17^-2 + 13*17^-1 + 6 + 3*17^2 + 4*17^3 + 7*17^4 + 9*17^5 + 2*17^6 + 3*17^7 + 9*17^8 + 14*17^9 + O(17^10) : 4*17^-9 + 3*17^-8 + 9*17^-6 + 10*17^-4 + 17^-3 + 8*17^-2 + 3*17^-1 + 4 + 9*17 + 8*17^2 + 5*17^3 + O(17^4) : 1 + O(17^20))
   (14 + 17 + 10*17^6 + 15*17^7 + 17^8 + 7*17^9 + 16*17^10 + 14*17^11 + 7*17^12 + 12*17^13 + 2*17^14 + 14*17^15 + 6*17^16 + O(17^17) : 11*17^3 + 10*17^4 + 5*17^5 + 5*17^6 + 4*17^7 + 14*17^8 + 14*17^9 + 12*17^10 + 14*17^11 + 6*17^12 + 17^13 + O(17^14) : 1 + O(17^20))
   (14 + 17 + 10*17^6 + 15*17^7 + 17^8 + 7*17^9 + 16*17^10 + 14*17^11 + 7*17^12 + 12*17^13 + 2*17^14 + 14*17^15 + 6*17^16 + O(17^17) : 6*17^3 + 6*17^4 + 11*17^5 + 11*17^6 + 12*17^7 + 2*17^8 + 2*17^9 + 4*17^10 + 2*17^11 + 10*17^12 + 15*17^13 + O(17^14) : 1 + O(17^20))
   (14 + 17 + 10*17^6 + 2*17^7 + 3*17^8 + 14*17^9 + 9*17^10 + 10*17^11 + 15*17^12 + 11*17^13 + 16*17^14 + 3*17^15 + 2*17^16 + O(17^17) : 11*17^3 + 2*17^4 + 15*17^5 + 15*17^6 + 7*17^7 + 11*17^8 + 16*17^9 + 14*17^10 + 12*17^11 + 8*17^12 + 11*17^13 + O(17^14) : 1 + O(17^20))
   (14 + 17 + 10*17^6 + 2*17^7 + 3*17^8 + 14*17^9 + 9*17^10 + 10*17^11 + 15*17^12 + 11*17^13 + 16*17^14 + 3*17^15 + 2*17^16 + O(17^17) : 6*17^3 + 14*17^4 + 17^5 + 17^6 + 9*17^7 + 5*17^8 + 2*17^10 + 4*17^11 + 8*17^12 + 5*17^13 + O(17^14) : 1 + O(17^20))
   (14 + 17 + 10*17^6 + 4*17^7 + 10*17^9 + 9*17^10 + 15*17^11 + 2*17^12 + 16*17^13 + 17^14 + 4*17^15 + 15*17^16 + O(17^17) : 11*17^3 + 15*17^4 + 13*17^5 + 14*17^6 + 15*17^7 + 3*17^8 + 5*17^9 + 2*17^10 + 10*17^12 + 3*17^13 + O(17^14) : 1 + O(17^20))
   (14 + 17 + 10*17^6 + 4*17^7 + 10*17^9 + 9*17^10 + 15*17^11 + 2*17^12 + 16*17^13 + 17^14 + 4*17^15 + 15*17^16 + O(17^17) : 6*17^3 + 17^4 + 3*17^5 + 2*17^6 + 17^7 + 13*17^8 + 11*17^9 + 14*17^10 + 16*17^11 + 6*17^12 + 13*17^13 + O(17^14) : 1 + O(17^20))
   (14 + 17 + 10*17^6 + 5*17^7 + 6*17^8 + 3*17^9 + 13*17^10 + 13*17^11 + 7*17^12 + 7*17^13 + 8*17^14 + 9*17^15 + 11*17^16 + O(17^17) : 11*17^3 + 13*17^4 + 7*17^5 + 11*17^6 + 12*17^7 + 12*17^8 + 12*17^9 + 7*17^10 + 15*17^11 + 14*17^12 + 2*17^13 + O(17^14) : 1 + O(17^20))
   (14 + 17 + 10*17^6 + 5*17^7 + 6*17^8 + 3*17^9 + 13*17^10 + 13*17^11 + 7*17^12 + 7*17^13 + 8*17^14 + 9*17^15 + 11*17^16 + O(17^17) : 6*17^3 + 3*17^4 + 9*17^5 + 5*17^6 + 4*17^7 + 4*17^8 + 4*17^9 + 9*17^10 + 17^11 + 2*17^12 + 14*17^13 + O(17^14) : 1 + O(17^20))
   (14 + 17 + 10*17^6 + 7*17^7 + 6*17^8 + 7*17^9 + 7*17^10 + 6*17^11 + 17^12 + 14*17^13 + 14*17^14 + 17^16 + O(17^17) : 11*17^3 + 9*17^4 + 4*17^5 + 17^6 + 15*17^7 + 14*17^8 + 4*17^9 + 2*17^10 + 2*17^11 + 14*17^12 + 11*17^13 + O(17^14) : 1 + O(17^20))
   (14 + 17 + 10*17^6 + 7*17^7 + 6*17^8 + 7*17^9 + 7*17^10 + 6*17^11 + 17^12 + 14*17^13 + 14*17^14 + 17^16 + O(17^17) : 6*17^3 + 7*17^4 + 12*17^5 + 15*17^6 + 17^7 + 2*17^8 + 12*17^9 + 14*17^10 + 14*17^11 + 2*17^12 + 5*17^13 + O(17^14) : 1 + O(17^20))
   (14 + 17 + 11*17^6 + 12*17^7 + 16*17^8 + 4*17^9 + 7*17^10 + 6*17^11 + 14*17^12 + 10*17^13 + 10*17^14 + 15*17^15 + 13*17^16 + O(17^17) : 14*17^3 + 12*17^4 + 6*17^5 + 14*17^6 + 2*17^7 + 4*17^8 + 16*17^9 + 13*17^10 + 3*17^11 + 17^12 + 11*17^13 + O(17^14) : 1 + O(17^20))
   (14 + 17 + 11*17^6 + 12*17^7 + 16*17^8 + 4*17^9 + 7*17^10 + 6*17^11 + 14*17^12 + 10*17^13 + 10*17^14 + 15*17^15 + 13*17^16 + O(17^17) : 3*17^3 + 4*17^4 + 10*17^5 + 2*17^6 + 14*17^7 + 12*17^8 + 3*17^10 + 13*17^11 + 15*17^12 + 5*17^13 + O(17^14) : 1 + O(17^20))
   (14 + 17 + 11*17^6 + 13*17^7 + 10*17^8 + 16*17^9 + 4*17^10 + 13*17^11 + 14*17^12 + 4*17^13 + 13*17^14 + 17^15 + 11*17^16 + O(17^17) : 14*17^3 + 8*17^4 + 9*17^5 + 2*17^6 + 15*17^7 + 12*17^8 + 10*17^9 + 8*17^10 + 8*17^11 + 7*17^12 + 15*17^13 + O(17^14) : 1 + O(17^20))
   (14 + 17 + 11*17^6 + 13*17^7 + 10*17^8 + 16*17^9 + 4*17^10 + 13*17^11 + 14*17^12 + 4*17^13 + 13*17^14 + 17^15 + 11*17^16 + O(17^17) : 3*17^3 + 8*17^4 + 7*17^5 + 14*17^6 + 17^7 + 4*17^8 + 6*17^9 + 8*17^10 + 8*17^11 + 9*17^12 + 17^13 + O(17^14) : 1 + O(17^20))
   (14 + 17 + 11*17^6 + 13*17^7 + 16*17^8 + 6*17^9 + 4*17^10 + 11*17^11 + 2*17^12 + 14*17^14 + 12*17^15 + 7*17^16 + O(17^17) : 14*17^3 + 8*17^4 + 2*17^5 + 16*17^6 + 11*17^7 + 7*17^8 + 17^9 + 3*17^10 + 5*17^11 + 16*17^12 + 8*17^13 + O(17^14) : 1 + O(17^20))
   (14 + 17 + 11*17^6 + 13*17^7 + 16*17^8 + 6*17^9 + 4*17^10 + 11*17^11 + 2*17^12 + 14*17^14 + 12*17^15 + 7*17^16 + O(17^17) : 3*17^3 + 8*17^4 + 14*17^5 + 5*17^7 + 9*17^8 + 15*17^9 + 13*17^10 + 11*17^11 + 8*17^13 + O(17^14) : 1 + O(17^20))
   (14 + 17 + 11*17^6 + 3*17^7 + 15*17^8 + 5*17^9 + 10*17^10 + 6*17^11 + 4*17^12 + 9*17^13 + 17^14 + 13*17^15 + 4*17^16 + O(17^17) : 14*17^3 + 14*17^4 + 16*17^5 + 16*17^6 + 13*17^7 + 14*17^8 + 13*17^10 + 7*17^11 + 7*17^12 + 17^13 + O(17^14) : 1 + O(17^20))
   (14 + 17 + 11*17^6 + 3*17^7 + 15*17^8 + 5*17^9 + 10*17^10 + 6*17^11 + 4*17^12 + 9*17^13 + 17^14 + 13*17^15 + 4*17^16 + O(17^17) : 3*17^3 + 2*17^4 + 3*17^7 + 2*17^8 + 16*17^9 + 3*17^10 + 9*17^11 + 9*17^12 + 15*17^13 + O(17^14) : 1 + O(17^20))
   (14 + 17 + 11*17^6 + 5*17^7 + 15*17^8 + 9*17^9 + 4*17^10 + 16*17^11 + 14*17^12 + 4*17^13 + 8*17^14 + 15*17^15 + 2*17^16 + O(17^17) : 14*17^3 + 6*17^4 + 8*17^5 + 10*17^6 + 6*17^7 + 8*17^8 + 14*17^9 + 2*17^10 + 10*17^11 + 9*17^12 + 11*17^13 + O(17^14) : 1 + O(17^20))
   (14 + 17 + 11*17^6 + 5*17^7 + 15*17^8 + 9*17^9 + 4*17^10 + 16*17^11 + 14*17^12 + 4*17^13 + 8*17^14 + 15*17^15 + 2*17^16 + O(17^17) : 3*17^3 + 10*17^4 + 8*17^5 + 6*17^6 + 10*17^7 + 8*17^8 + 2*17^9 + 14*17^10 + 6*17^11 + 7*17^12 + 5*17^13 + O(17^14) : 1 + O(17^20))
   (14 + 17 + 11*17^6 + 7*17^7 + 10*17^8 + 11*17^9 + 5*17^10 + 14*17^11 + 5*17^12 + 10*17^13 + 14*17^14 + 5*17^15 + 11*17^16 + O(17^17) : 14*17^3 + 15*17^4 + 12*17^5 + 10*17^6 + 6*17^7 + 15*17^8 + 4*17^9 + 2*17^10 + 17^11 + 13*17^12 + 4*17^13 + O(17^14) : 1 + O(17^20))
   (14 + 17 + 11*17^6 + 7*17^7 + 10*17^8 + 11*17^9 + 5*17^10 + 14*17^11 + 5*17^12 + 10*17^13 + 14*17^14 + 5*17^15 + 11*17^16 + O(17^17) : 3*17^3 + 17^4 + 4*17^5 + 6*17^6 + 10*17^7 + 17^8 + 12*17^9 + 14*17^10 + 15*17^11 + 3*17^12 + 12*17^13 + O(17^14) : 1 + O(17^20))
   (14 + 17 + 11*17^6 + 8*17^7 + 10*17^8 + 13*17^9 + 2*17^10 + 2*17^11 + 11*17^12 + 16*17^13 + 2*17^14 + 5*17^15 + 9*17^16 + O(17^17) : 14*17^3 + 11*17^4 + 4*17^5 + 17^6 + 17^7 + 10*17^8 + 5*17^9 + 3*17^10 + 14*17^11 + 17^12 + 14*17^13 + O(17^14) : 1 + O(17^20))
   (14 + 17 + 11*17^6 + 8*17^7 + 10*17^8 + 13*17^9 + 2*17^10 + 2*17^11 + 11*17^12 + 16*17^13 + 2*17^14 + 5*17^15 + 9*17^16 + O(17^17) : 3*17^3 + 5*17^4 + 12*17^5 + 15*17^6 + 15*17^7 + 6*17^8 + 11*17^9 + 13*17^10 + 2*17^11 + 15*17^12 + 2*17^13 + O(17^14) : 1 + O(17^20))
   (14 + 17 + 11*17^6 + 8*17^7 + 4*17^8 + 6*17^9 + 3*17^10 + 4*17^11 + 6*17^12 + 4*17^13 + 2*17^14 + 16*17^15 + 2*17^16 + O(17^17) : 14*17^3 + 11*17^4 + 11*17^5 + 11*17^6 + 14*17^8 + 6*17^9 + 8*17^10 + 16*17^11 + 5*17^12 + 11*17^13 + O(17^14) : 1 + O(17^20))
   (14 + 17 + 11*17^6 + 8*17^7 + 4*17^8 + 6*17^9 + 3*17^10 + 4*17^11 + 6*17^12 + 4*17^13 + 2*17^14 + 16*17^15 + 2*17^16 + O(17^17) : 3*17^3 + 5*17^4 + 5*17^5 + 5*17^6 + 16*17^7 + 2*17^8 + 10*17^9 + 8*17^10 + 11*17^12 + 5*17^13 + O(17^14) : 1 + O(17^20))
   (14 + 17 + 11*17^6 + 9*17^8 + 16*17^9 + 2*17^10 + 7*17^11 + 6*17^12 + 4*17^13 + 15*17^14 + 5*17^15 + 7*17^16 + O(17^17) : 14*17^3 + 9*17^4 + 8*17^5 + 10*17^6 + 13*17^7 + 7*17^8 + 10*17^9 + 6*17^10 + 16*17^11 + 5*17^12 + 15*17^13 + O(17^14) : 1 + O(17^20))
   (14 + 17 + 11*17^6 + 9*17^8 + 16*17^9 + 2*17^10 + 7*17^11 + 6*17^12 + 4*17^13 + 15*17^14 + 5*17^15 + 7*17^16 + O(17^17) : 3*17^3 + 7*17^4 + 8*17^5 + 6*17^6 + 3*17^7 + 9*17^8 + 6*17^9 + 10*17^10 + 11*17^12 + 17^13 + O(17^14) : 1 + O(17^20))
   (14 + 17 + 11*17^6 + 9*17^8 + 6*17^9 + 11*17^10 + 12*17^11 + 16*17^12 + 15*17^13 + 11*17^14 + 3*17^16 + O(17^17) : 14*17^3 + 9*17^4 + 8*17^5 + 16*17^6 + 10*17^8 + 14*17^9 + 7*17^10 + 5*17^11 + 12*17^12 + 7*17^13 + O(17^14) : 1 + O(17^20))
   (14 + 17 + 11*17^6 + 9*17^8 + 6*17^9 + 11*17^10 + 12*17^11 + 16*17^12 + 15*17^13 + 11*17^14 + 3*17^16 + O(17^17) : 3*17^3 + 7*17^4 + 8*17^5 + 16*17^7 + 6*17^8 + 2*17^9 + 9*17^10 + 11*17^11 + 4*17^12 + 9*17^13 + O(17^14) : 1 + O(17^20))
   (14 + 17 + 12*17^6 + 15*17^7 + 3*17^8 + 16*17^9 + 3*17^10 + 7*17^11 + 15*17^12 + 14*17^13 + 11*17^14 + 4*17^15 + 2*17^16 + O(17^17) : 13*17^3 + 14*17^4 + 17^5 + 6*17^6 + 8*17^7 + 14*17^8 + 17^9 + 9*17^10 + 17^11 + 15*17^12 + 14*17^13 + O(17^14) : 1 + O(17^20))
   (14 + 17 + 12*17^6 + 15*17^7 + 3*17^8 + 16*17^9 + 3*17^10 + 7*17^11 + 15*17^12 + 14*17^13 + 11*17^14 + 4*17^15 + 2*17^16 + O(17^17) : 4*17^3 + 2*17^4 + 15*17^5 + 10*17^6 + 8*17^7 + 2*17^8 + 15*17^9 + 7*17^10 + 15*17^11 + 17^12 + 2*17^13 + O(17^14) : 1 + O(17^20))
   (14 + 17 + 12*17^6 + 16*17^7 + 6*17^8 + 2*17^9 + 12*17^10 + 3*17^11 + 4*17^12 + 7*17^14 + 13*17^15 + 5*17^16 + O(17^17) : 13*17^3 + 11*17^4 + 9*17^5 + 4*17^6 + 8*17^7 + 10*17^8 + 8*17^9 + 17^10 + 5*17^11 + 15*17^12 + 4*17^13 + O(17^14) : 1 + O(17^20))
   (14 + 17 + 12*17^6 + 16*17^7 + 6*17^8 + 2*17^9 + 12*17^10 + 3*17^11 + 4*17^12 + 7*17^14 + 13*17^15 + 5*17^16 + O(17^17) : 4*17^3 + 5*17^4 + 7*17^5 + 12*17^6 + 8*17^7 + 6*17^8 + 8*17^9 + 15*17^10 + 11*17^11 + 17^12 + 12*17^13 + O(17^14) : 1 + O(17^20))
   (14 + 17 + 12*17^6 + 17^7 + 13*17^8 + 12*17^9 + 6*17^10 + 8*17^11 + 12*17^12 + 6*17^13 + 7*17^14 + 16*17^15 + 5*17^16 + O(17^17) : 13*17^3 + 5*17^4 + 2*17^5 + 2*17^7 + 8*17^8 + 10*17^9 + 14*17^10 + 8*17^11 + 5*17^12 + 7*17^13 + O(17^14) : 1 + O(17^20))
   (14 + 17 + 12*17^6 + 17^7 + 13*17^8 + 12*17^9 + 6*17^10 + 8*17^11 + 12*17^12 + 6*17^13 + 7*17^14 + 16*17^15 + 5*17^16 + O(17^17) : 4*17^3 + 11*17^4 + 14*17^5 + 16*17^6 + 14*17^7 + 8*17^8 + 6*17^9 + 2*17^10 + 8*17^11 + 11*17^12 + 9*17^13 + O(17^14) : 1 + O(17^20))
   (14 + 17 + 12*17^6 + 3*17^7 + 10*17^8 + 9*17^9 + 5*17^10 + 16*17^11 + 6*17^12 + 13*17^13 + 6*17^14 + 11*17^15 + 4*17^16 + O(17^17) : 13*17^3 + 16*17^4 + 13*17^5 + 2*17^6 + 6*17^7 + 2*17^8 + 8*17^9 + 15*17^10 + 13*17^11 + 4*17^12 + 8*17^13 + O(17^14) : 1 + O(17^20))
   (14 + 17 + 12*17^6 + 3*17^7 + 10*17^8 + 9*17^9 + 5*17^10 + 16*17^11 + 6*17^12 + 13*17^13 + 6*17^14 + 11*17^15 + 4*17^16 + O(17^17) : 4*17^3 + 3*17^5 + 14*17^6 + 10*17^7 + 14*17^8 + 8*17^9 + 17^10 + 3*17^11 + 12*17^12 + 8*17^13 + O(17^14) : 1 + O(17^20))
   (14 + 17 + 12*17^6 + 5*17^7 + 2*17^8 + 4*17^9 + 11*17^10 + 12*17^11 + 15*17^12 + 12*17^13 + 7*17^14 + 2*17^15 + 16*17^16 + O(17^17) : 13*17^3 + 10*17^4 + 15*17^5 + 2*17^6 + 8*17^7 + 12*17^8 + 8*17^9 + 15*17^10 + 6*17^11 + 6*17^12 + 3*17^13 + O(17^14) : 1 + O(17^20))
   (14 + 17 + 12*17^6 + 5*17^7 + 2*17^8 + 4*17^9 + 11*17^10 + 12*17^11 + 15*17^12 + 12*17^13 + 7*17^14 + 2*17^15 + 16*17^16 + O(17^17) : 4*17^3 + 6*17^4 + 17^5 + 14*17^6 + 8*17^7 + 4*17^8 + 8*17^9 + 17^10 + 10*17^11 + 10*17^12 + 13*17^13 + O(17^14) : 1 + O(17^20))
   (14 + 17 + 12*17^6 + 6*17^7 + 2*17^8 + 6*17^9 + 8*17^10 + 4*17^12 + 5*17^13 + 13*17^14 + 15*17^15 + 13*17^16 + O(17^17) : 13*17^3 + 7*17^4 + 17^5 + 12*17^6 + 2*17^7 + 15*17^8 + 12*17^9 + 4*17^10 + 8*17^11 + 16*17^12 + 17^13 + O(17^14) : 1 + O(17^20))
   (14 + 17 + 12*17^6 + 6*17^7 + 2*17^8 + 6*17^9 + 8*17^10 + 4*17^12 + 5*17^13 + 13*17^14 + 15*17^15 + 13*17^16 + O(17^17) : 4*17^3 + 9*17^4 + 15*17^5 + 4*17^6 + 14*17^7 + 17^8 + 4*17^9 + 12*17^10 + 8*17^11 + 15*17^13 + O(17^14) : 1 + O(17^20))
   (14 + 17 + 12*17^6 + 8*17^7 + 8*17^8 + 17^9 + 9*17^10 + 3*17^11 + 14*17^12 + 11*17^13 + 2*17^15 + 5*17^16 + O(17^17) : 13*17^3 + 17^4 + 7*17^6 + 13*17^7 + 13*17^8 + 5*17^9 + 16*17^10 + 11*17^11 + 13*17^12 + 11*17^13 + O(17^14) : 1 + O(17^20))
   (14 + 17 + 12*17^6 + 8*17^7 + 8*17^8 + 17^9 + 9*17^10 + 3*17^11 + 14*17^12 + 11*17^13 + 2*17^15 + 5*17^16 + O(17^17) : 4*17^3 + 15*17^4 + 16*17^5 + 9*17^6 + 3*17^7 + 3*17^8 + 11*17^9 + 5*17^11 + 3*17^12 + 5*17^13 + O(17^14) : 1 + O(17^20))
   (14 + 17 + 14*17^6 + 12*17^7 + 7*17^8 + 4*17^9 + 6*17^10 + 16*17^12 + 2*17^13 + 6*17^14 + 14*17^15 + 10*17^16 + O(17^17) : 8*17^3 + 14*17^4 + 15*17^5 + 11*17^6 + 10*17^7 + 8*17^8 + 11*17^9 + 7*17^10 + 14*17^11 + 8*17^13 + O(17^14) : 1 + O(17^20))
   (14 + 17 + 14*17^6 + 12*17^7 + 7*17^8 + 4*17^9 + 6*17^10 + 16*17^12 + 2*17^13 + 6*17^14 + 14*17^15 + 10*17^16 + O(17^17) : 9*17^3 + 2*17^4 + 17^5 + 5*17^6 + 6*17^7 + 8*17^8 + 5*17^9 + 9*17^10 + 2*17^11 + 16*17^12 + 8*17^13 + O(17^14) : 1 + O(17^20))
   (14 + 17 + 14*17^6 + 14*17^8 + 14*17^9 + 7*17^10 + 9*17^11 + 7*17^12 + 14*17^13 + 2*17^14 + 2*17^15 + 4*17^16 + O(17^17) : 8*17^3 + 13*17^4 + 3*17^5 + 13*17^6 + 13*17^7 + 5*17^8 + 5*17^9 + 17^10 + 14*17^11 + 4*17^12 + 7*17^13 + O(17^14) : 1 + O(17^20))
   (14 + 17 + 14*17^6 + 14*17^8 + 14*17^9 + 7*17^10 + 9*17^11 + 7*17^12 + 14*17^13 + 2*17^14 + 2*17^15 + 4*17^16 + O(17^17) : 9*17^3 + 3*17^4 + 13*17^5 + 3*17^6 + 3*17^7 + 11*17^8 + 11*17^9 + 15*17^10 + 2*17^11 + 12*17^12 + 9*17^13 + O(17^14) : 1 + O(17^20))
   (14 + 17 + 14*17^6 + 16*17^7 + 8*17^8 + 11*17^9 + 16*17^10 + 12*17^11 + 6*17^12 + 16*17^13 + 9*17^14 + 12*17^15 + 5*17^16 + O(17^17) : 8*17^3 + 3*17^4 + 10*17^5 + 9*17^6 + 16*17^7 + 6*17^8 + 10*17^9 + 4*17^10 + 6*17^11 + 12*17^12 + 6*17^13 + O(17^14) : 1 + O(17^20))
   (14 + 17 + 14*17^6 + 16*17^7 + 8*17^8 + 11*17^9 + 16*17^10 + 12*17^11 + 6*17^12 + 16*17^13 + 9*17^14 + 12*17^15 + 5*17^16 + O(17^17) : 9*17^3 + 13*17^4 + 6*17^5 + 7*17^6 + 10*17^8 + 6*17^9 + 12*17^10 + 10*17^11 + 4*17^12 + 10*17^13 + O(17^14) : 1 + O(17^20))
   (14 + 17 + 14*17^6 + 4*17^7 + 12*17^8 + 4*17^9 + 14*17^10 + 8*17^11 + 9*17^12 + 10*17^13 + 3*17^14 + 7*17^15 + 15*17^16 + O(17^17) : 8*17^3 + 2*17^4 + 7*17^5 + 7*17^6 + 11*17^7 + 2*17^8 + 14*17^9 + 12*17^10 + 13*17^11 + 13*17^12 + O(17^14) : 1 + O(17^20))
   (14 + 17 + 14*17^6 + 4*17^7 + 12*17^8 + 4*17^9 + 14*17^10 + 8*17^11 + 9*17^12 + 10*17^13 + 3*17^14 + 7*17^15 + 15*17^16 + O(17^17) : 9*17^3 + 14*17^4 + 9*17^5 + 9*17^6 + 5*17^7 + 14*17^8 + 2*17^9 + 4*17^10 + 3*17^11 + 3*17^12 + 16*17^13 + O(17^14) : 1 + O(17^20))
   (14 + 17 + 14*17^6 + 9*17^7 + 4*17^8 + 15*17^9 + 2*17^10 + 14*17^11 + 6*17^12 + 5*17^13 + 11*17^14 + 12*17^15 + 10*17^16 + O(17^17) : 8*17^3 + 17^4 + 15*17^5 + 2*17^9 + 10*17^10 + 9*17^11 + 11*17^12 + 16*17^13 + O(17^14) : 1 + O(17^20))
   (14 + 17 + 14*17^6 + 9*17^7 + 4*17^8 + 15*17^9 + 2*17^10 + 14*17^11 + 6*17^12 + 5*17^13 + 11*17^14 + 12*17^15 + 10*17^16 + O(17^17) : 9*17^3 + 15*17^4 + 17^5 + 16*17^6 + 16*17^7 + 16*17^8 + 14*17^9 + 6*17^10 + 7*17^11 + 5*17^12 + O(17^14) : 1 + O(17^20))
   (14 + 17 + 14*17^6 + 9*17^7 + 4*17^8 + 5*17^9 + 11*17^10 + 2*17^11 + 8*17^14 + 2*17^15 + 6*17^16 + O(17^17) : 8*17^3 + 17^4 + 15*17^5 + 2*17^6 + 14*17^7 + 16*17^9 + 8*17^11 + 8*17^12 + 13*17^13 + O(17^14) : 1 + O(17^20))
   (14 + 17 + 14*17^6 + 9*17^7 + 4*17^8 + 5*17^9 + 11*17^10 + 2*17^11 + 8*17^14 + 2*17^15 + 6*17^16 + O(17^17) : 9*17^3 + 15*17^4 + 17^5 + 14*17^6 + 2*17^7 + 16*17^8 + 16*17^10 + 8*17^11 + 8*17^12 + 3*17^13 + O(17^14) : 1 + O(17^20))
   (14 + 17 + 3*17^6 + 13*17^7 + 15*17^8 + 16*17^9 + 8*17^10 + 9*17^11 + 7*17^12 + 15*17^13 + 16*17^14 + 12*17^15 + 2*17^16 + O(17^17) : 15*17^3 + 2*17^4 + 11*17^5 + 13*17^6 + 7*17^7 + 6*17^9 + 8*17^10 + 7*17^11 + 12*17^12 + O(17^14) : 1 + O(17^20))
   (14 + 17 + 3*17^6 + 13*17^7 + 15*17^8 + 16*17^9 + 8*17^10 + 9*17^11 + 7*17^12 + 15*17^13 + 16*17^14 + 12*17^15 + 2*17^16 + O(17^17) : 2*17^3 + 14*17^4 + 5*17^5 + 3*17^6 + 9*17^7 + 16*17^8 + 10*17^9 + 8*17^10 + 9*17^11 + 4*17^12 + 16*17^13 + O(17^14) : 1 + O(17^20))
   (14 + 17 + 3*17^6 + 13*17^7 + 17^8 + 17^9 + 3*17^10 + 17^11 + 8*17^12 + 8*17^13 + 14*17^14 + 11*17^15 + 12*17^16 + O(17^17) : 15*17^3 + 2*17^4 + 10*17^5 + 10*17^6 + 4*17^7 + 10*17^9 + 8*17^10 + 10*17^11 + 2*17^12 + O(17^14) : 1 + O(17^20))
   (14 + 17 + 3*17^6 + 13*17^7 + 17^8 + 17^9 + 3*17^10 + 17^11 + 8*17^12 + 8*17^13 + 14*17^14 + 11*17^15 + 12*17^16 + O(17^17) : 2*17^3 + 14*17^4 + 6*17^5 + 6*17^6 + 12*17^7 + 16*17^8 + 6*17^9 + 8*17^10 + 6*17^11 + 14*17^12 + 16*17^13 + O(17^14) : 1 + O(17^20))
   (14 + 17 + 3*17^6 + 15*17^7 + 4*17^8 + 4*17^9 + 2*17^10 + 4*17^11 + 17^14 + 11*17^15 + 14*17^16 + O(17^17) : 15*17^3 + 7*17^4 + 7*17^5 + 13*17^6 + 2*17^7 + 12*17^8 + 13*17^9 + 13*17^10 + 12*17^11 + 16*17^12 + 11*17^13 + O(17^14) : 1 + O(17^20))
   (14 + 17 + 3*17^6 + 15*17^7 + 4*17^8 + 4*17^9 + 2*17^10 + 4*17^11 + 17^14 + 11*17^15 + 14*17^16 + O(17^17) : 2*17^3 + 9*17^4 + 9*17^5 + 3*17^6 + 14*17^7 + 4*17^8 + 3*17^9 + 3*17^10 + 4*17^11 + 5*17^13 + O(17^14) : 1 + O(17^20))
   (14 + 17 + 3*17^6 + 3*17^7 + 3*17^8 + 13*17^9 + 5*17^10 + 8*17^11 + 7*17^12 + 16*17^13 + 17^14 + 3*17^15 + 12*17^16 + O(17^17) : 15*17^3 + 11*17^4 + 15*17^5 + 16*17^6 + 14*17^7 + 15*17^8 + 10*17^9 + 10*17^10 + 4*17^11 + 6*17^12 + 17^13 + O(17^14) : 1 + O(17^20))
   (14 + 17 + 3*17^6 + 3*17^7 + 3*17^8 + 13*17^9 + 5*17^10 + 8*17^11 + 7*17^12 + 16*17^13 + 17^14 + 3*17^15 + 12*17^16 + O(17^17) : 2*17^3 + 5*17^4 + 17^5 + 2*17^7 + 17^8 + 6*17^9 + 6*17^10 + 12*17^11 + 10*17^12 + 15*17^13 + O(17^14) : 1 + O(17^20))
   (14 + 17 + 3*17^6 + 4*17^7 + 14*17^8 + 12*17^10 + 9*17^11 + 14*17^12 + 8*17^13 + 7*17^14 + 2*17^15 + 16*17^16 + O(17^17) : 15*17^3 + 5*17^4 + 6*17^5 + 17^6 + 6*17^8 + 2*17^9 + 17^10 + 12*17^11 + 14*17^12 + 14*17^13 + O(17^14) : 1 + O(17^20))
   (14 + 17 + 3*17^6 + 4*17^7 + 14*17^8 + 12*17^10 + 9*17^11 + 14*17^12 + 8*17^13 + 7*17^14 + 2*17^15 + 16*17^16 + O(17^17) : 2*17^3 + 11*17^4 + 10*17^5 + 15*17^6 + 16*17^7 + 10*17^8 + 14*17^9 + 15*17^10 + 4*17^11 + 2*17^12 + 2*17^13 + O(17^14) : 1 + O(17^20))
   (14 + 17 + 3*17^6 + 4*17^7 + 14*17^8 + 7*17^9 + 3*17^10 + 15*17^11 + 7*17^12 + 3*17^13 + 4*17^14 + 16*17^15 + 16*17^16 + O(17^17) : 15*17^3 + 5*17^4 + 6*17^5 + 10*17^6 + 3*17^7 + 17^8 + 10*17^10 + 11*17^11 + 16*17^12 + 13*17^13 + O(17^14) : 1 + O(17^20))
   (14 + 17 + 3*17^6 + 4*17^7 + 14*17^8 + 7*17^9 + 3*17^10 + 15*17^11 + 7*17^12 + 3*17^13 + 4*17^14 + 16*17^15 + 16*17^16 + O(17^17) : 2*17^3 + 11*17^4 + 10*17^5 + 6*17^6 + 13*17^7 + 15*17^8 + 16*17^9 + 6*17^10 + 5*17^11 + 3*17^13 + O(17^14) : 1 + O(17^20))
   (14 + 17 + 3*17^6 + 4*17^7 + 3*17^8 + 15*17^9 + 2*17^10 + 13*17^11 + 12*17^12 + 15*17^13 + 13*17^14 + 12*17^15 + 17^16 + O(17^17) : 15*17^3 + 5*17^4 + 4*17^5 + 5*17^6 + 10*17^8 + 8*17^9 + 17^11 + 9*17^12 + 3*17^13 + O(17^14) : 1 + O(17^20))
   (14 + 17 + 3*17^6 + 4*17^7 + 3*17^8 + 15*17^9 + 2*17^10 + 13*17^11 + 12*17^12 + 15*17^13 + 13*17^14 + 12*17^15 + 17^16 + O(17^17) : 2*17^3 + 11*17^4 + 12*17^5 + 11*17^6 + 16*17^7 + 6*17^8 + 8*17^9 + 16*17^10 + 15*17^11 + 7*17^12 + 13*17^13 + O(17^14) : 1 + O(17^20))
   (14 + 17 + 3*17^6 + 9*17^7 + 3*17^8 + 11*17^9 + 13*17^10 + 17^11 + 6*17^12 + 8*17^13 + 9*17^14 + 11*17^15 + 13*17^16 + O(17^17) : 15*17^3 + 9*17^4 + 13*17^5 + 6*17^6 + 15*17^8 + 7*17^9 + 3*17^10 + 12*17^11 + 3*17^12 + 5*17^13 + O(17^14) : 1 + O(17^20))
   (14 + 17 + 3*17^6 + 9*17^7 + 3*17^8 + 11*17^9 + 13*17^10 + 17^11 + 6*17^12 + 8*17^13 + 9*17^14 + 11*17^15 + 13*17^16 + O(17^17) : 2*17^3 + 7*17^4 + 3*17^5 + 10*17^6 + 16*17^7 + 17^8 + 9*17^9 + 13*17^10 + 4*17^11 + 13*17^12 + 11*17^13 + O(17^14) : 1 + O(17^20))
   (14 + 17 + 5*17^6 + 12*17^7 + 8*17^8 + 9*17^9 + 4*17^10 + 14*17^11 + 14*17^12 + 8*17^13 + 9*17^14 + 2*17^15 + 10*17^16 + O(17^17) : 16*17^3 + 3*17^4 + 7*17^5 + 6*17^6 + 8*17^7 + 9*17^8 + 7*17^9 + 11*17^10 + 5*17^11 + 5*17^12 + 15*17^13 + O(17^14) : 1 + O(17^20))
   (14 + 17 + 5*17^6 + 12*17^7 + 8*17^8 + 9*17^9 + 4*17^10 + 14*17^11 + 14*17^12 + 8*17^13 + 9*17^14 + 2*17^15 + 10*17^16 + O(17^17) : 17^3 + 13*17^4 + 9*17^5 + 10*17^6 + 8*17^7 + 7*17^8 + 9*17^9 + 5*17^10 + 11*17^11 + 11*17^12 + 17^13 + O(17^14) : 1 + O(17^20))
   (14 + 17 + 5*17^6 + 14*17^7 + 11*17^8 + 3*17^9 + 11*17^10 + 8*17^11 + 7*17^12 + 14*17^13 + 8*17^14 + 9*17^15 + 13*17^16 + O(17^17) : 16*17^3 + 13*17^4 + 4*17^5 + 15*17^6 + 11*17^7 + 14*17^8 + 2*17^9 + 17^10 + 2*17^11 + 5*17^12 + 16*17^13 + O(17^14) : 1 + O(17^20))
   (14 + 17 + 5*17^6 + 14*17^7 + 11*17^8 + 3*17^9 + 11*17^10 + 8*17^11 + 7*17^12 + 14*17^13 + 8*17^14 + 9*17^15 + 13*17^16 + O(17^17) : 17^3 + 3*17^4 + 12*17^5 + 17^6 + 5*17^7 + 2*17^8 + 14*17^9 + 15*17^10 + 14*17^11 + 11*17^12 + O(17^14) : 1 + O(17^20))
   (14 + 17 + 5*17^6 + 14*17^7 + 3*17^8 + 12*17^9 + 4*17^10 + 15*17^11 + 12*17^12 + 2*17^13 + 2*17^14 + 13*17^15 + 17^16 + O(17^17) : 16*17^3 + 13*17^4 + 15*17^5 + 14*17^6 + 5*17^7 + 13*17^8 + 3*17^9 + 7*17^10 + 9*17^11 + 8*17^12 + 6*17^13 + O(17^14) : 1 + O(17^20))
   (14 + 17 + 5*17^6 + 14*17^7 + 3*17^8 + 12*17^9 + 4*17^10 + 15*17^11 + 12*17^12 + 2*17^13 + 2*17^14 + 13*17^15 + 17^16 + O(17^17) : 17^3 + 3*17^4 + 17^5 + 2*17^6 + 11*17^7 + 3*17^8 + 13*17^9 + 9*17^10 + 7*17^11 + 8*17^12 + 10*17^13 + O(17^14) : 1 + O(17^20))
   (14 + 17 + 5*17^6 + 14*17^7 + 8*17^8 + 13*17^9 + 15*17^10 + 6*17^11 + 8*17^12 + 2*17^13 + 13*17^14 + 13*17^15 + 7*17^16 + O(17^17) : 16*17^3 + 13*17^4 + 6*17^5 + 16*17^6 + 9*17^7 + 10*17^8 + 10*17^9 + 5*17^10 + 13*17^11 + 3*17^12 + O(17^14) : 1 + O(17^20))
   (14 + 17 + 5*17^6 + 14*17^7 + 8*17^8 + 13*17^9 + 15*17^10 + 6*17^11 + 8*17^12 + 2*17^13 + 13*17^14 + 13*17^15 + 7*17^16 + O(17^17) : 17^3 + 3*17^4 + 10*17^5 + 7*17^7 + 6*17^8 + 6*17^9 + 11*17^10 + 3*17^11 + 13*17^12 + 16*17^13 + O(17^14) : 1 + O(17^20))
   (14 + 17 + 5*17^6 + 15*17^7 + 3*17^8 + 14*17^9 + 17^10 + 3*17^11 + 17^12 + 8*17^13 + 8*17^14 + 4*17^15 + O(17^17) : 16*17^3 + 17^4 + 2*17^5 + 7*17^6 + 15*17^7 + 15*17^8 + 12*17^9 + 6*17^10 + 2*17^11 + 14*17^12 + 12*17^13 + O(17^14) : 1 + O(17^20))
   (14 + 17 + 5*17^6 + 15*17^7 + 3*17^8 + 14*17^9 + 17^10 + 3*17^11 + 17^12 + 8*17^13 + 8*17^14 + 4*17^15 + O(17^17) : 17^3 + 15*17^4 + 14*17^5 + 9*17^6 + 17^7 + 17^8 + 4*17^9 + 10*17^10 + 14*17^11 + 2*17^12 + 4*17^13 + O(17^14) : 1 + O(17^20))
   (14 + 17 + 5*17^6 + 4*17^7 + 16*17^8 + 16*17^9 + 7*17^10 + 7*17^11 + 7*17^12 + 6*17^13 + 6*17^14 + 5*17^15 + 4*17^16 + O(17^17) : 16*17^3 + 14*17^4 + 11*17^5 + 14*17^6 + 15*17^7 + 16*17^8 + 13*17^9 + 2*17^10 + 10*17^11 + 7*17^12 + 3*17^13 + O(17^14) : 1 + O(17^20))
   (14 + 17 + 5*17^6 + 4*17^7 + 16*17^8 + 16*17^9 + 7*17^10 + 7*17^11 + 7*17^12 + 6*17^13 + 6*17^14 + 5*17^15 + 4*17^16 + O(17^17) : 17^3 + 2*17^4 + 5*17^5 + 2*17^6 + 17^7 + 3*17^9 + 14*17^10 + 6*17^11 + 9*17^12 + 13*17^13 + O(17^14) : 1 + O(17^20))
   (14 + 17 + 5*17^6 + 4*17^7 + 16*17^8 + 9*17^9 + 16*17^10 + 17^11 + 14*17^12 + 11*17^13 + 9*17^14 + 5*17^16 + O(17^17) : 16*17^3 + 14*17^4 + 11*17^5 + 13*17^6 + 13*17^7 + 8*17^8 + 4*17^9 + 8*17^10 + 15*17^11 + 3*17^12 + 4*17^13 + O(17^14) : 1 + O(17^20))
   (14 + 17 + 5*17^6 + 4*17^7 + 16*17^8 + 9*17^9 + 16*17^10 + 17^11 + 14*17^12 + 11*17^13 + 9*17^14 + 5*17^16 + O(17^17) : 17^3 + 2*17^4 + 5*17^5 + 3*17^6 + 3*17^7 + 8*17^8 + 12*17^9 + 8*17^10 + 17^11 + 13*17^12 + 12*17^13 + O(17^14) : 1 + O(17^20))
   (14 + 17 + 5*17^6 + 9*17^7 + 2*17^8 + 3*17^9 + 14*17^10 + 14*17^11 + 16*17^12 + 6*17^13 + 8*17^14 + 8*17^15 + 16*17^16 + O(17^17) : 16*17^3 + 5*17^4 + 12*17^5 + 16*17^6 + 12*17^8 + 11*17^9 + 4*17^10 + 16*17^11 + 17^12 + 6*17^13 + O(17^14) : 1 + O(17^20))
   (14 + 17 + 5*17^6 + 9*17^7 + 2*17^8 + 3*17^9 + 14*17^10 + 14*17^11 + 16*17^12 + 6*17^13 + 8*17^14 + 8*17^15 + 16*17^16 + O(17^17) : 17^3 + 11*17^4 + 4*17^5 + 16*17^7 + 4*17^8 + 5*17^9 + 12*17^10 + 15*17^12 + 10*17^13 + O(17^14) : 1 + O(17^20))
   (14 + 17 + 5*17^6 + 9*17^7 + 5*17^8 + 3*17^9 + 17^10 + 11*17^11 + 5*17^12 + 7*17^13 + 7*17^14 + 5*17^15 + 6*17^16 + O(17^17) : 16*17^3 + 5*17^4 + 10*17^5 + 13*17^6 + 12*17^8 + 15*17^9 + 3*17^10 + 7*17^11 + 13*17^12 + 11*17^13 + O(17^14) : 1 + O(17^20))
   (14 + 17 + 5*17^6 + 9*17^7 + 5*17^8 + 3*17^9 + 17^10 + 11*17^11 + 5*17^12 + 7*17^13 + 7*17^14 + 5*17^15 + 6*17^16 + O(17^17) : 17^3 + 11*17^4 + 6*17^5 + 3*17^6 + 16*17^7 + 4*17^8 + 17^9 + 13*17^10 + 9*17^11 + 3*17^12 + 5*17^13 + O(17^14) : 1 + O(17^20))
   (14 + 17 + 6*17^6 + 2*17^7 + 5*17^8 + 2*17^9 + 17^10 + 4*17^11 + 4*17^13 + 15*17^14 + 15*17^15 + 14*17^16 + O(17^17) : 12*17^3 + 3*17^4 + 5*17^5 + 15*17^6 + 5*17^7 + 2*17^9 + 15*17^10 + 4*17^11 + O(17^14) : 1 + O(17^20))
   (14 + 17 + 6*17^6 + 2*17^7 + 5*17^8 + 2*17^9 + 17^10 + 4*17^11 + 4*17^13 + 15*17^14 + 15*17^15 + 14*17^16 + O(17^17) : 5*17^3 + 13*17^4 + 11*17^5 + 17^6 + 11*17^7 + 16*17^8 + 14*17^9 + 17^10 + 12*17^11 + 16*17^12 + 16*17^13 + O(17^14) : 1 + O(17^20))
   (14 + 17 + 6*17^6 + 5*17^7 + 14*17^8 + 16*17^9 + 2*17^10 + 8*17^11 + 4*17^12 + 8*17^14 + 16*17^15 + 12*17^16 + O(17^17) : 12*17^3 + 6*17^4 + 7*17^5 + 12*17^6 + 12*17^7 + 6*17^8 + 10*17^9 + 13*17^11 + 14*17^12 + 10*17^13 + O(17^14) : 1 + O(17^20))
   (14 + 17 + 6*17^6 + 5*17^7 + 14*17^8 + 16*17^9 + 2*17^10 + 8*17^11 + 4*17^12 + 8*17^14 + 16*17^15 + 12*17^16 + O(17^17) : 5*17^3 + 10*17^4 + 9*17^5 + 4*17^6 + 4*17^7 + 10*17^8 + 6*17^9 + 16*17^10 + 3*17^11 + 2*17^12 + 6*17^13 + O(17^14) : 1 + O(17^20))
   (14 + 17 + 6*17^6 + 7*17^7 + 11*17^8 + 12*17^9 + 2*17^10 + 13*17^11 + 8*17^12 + 14*17^13 + 14*17^14 + 12*17^15 + 15*17^16 + O(17^17) : 12*17^3 + 8*17^4 + 6*17^5 + 6*17^7 + 17^8 + 14*17^9 + 8*17^10 + 9*17^11 + 14*17^12 + 14*17^13 + O(17^14) : 1 + O(17^20))
   (14 + 17 + 6*17^6 + 7*17^7 + 11*17^8 + 12*17^9 + 2*17^10 + 13*17^11 + 8*17^12 + 14*17^13 + 14*17^14 + 12*17^15 + 15*17^16 + O(17^17) : 5*17^3 + 8*17^4 + 10*17^5 + 16*17^6 + 10*17^7 + 15*17^8 + 2*17^9 + 8*17^10 + 7*17^11 + 2*17^12 + 2*17^13 + O(17^14) : 1 + O(17^20))
   (14 + 17 + 6*17^6 + 8*17^7 + 6*17^9 + 6*17^10 + 11*17^11 + 13*17^12 + 10*17^13 + 17^14 + 17^15 + 11*17^16 + O(17^17) : 12*17^3 + 9*17^4 + 15*17^5 + 15*17^6 + 14*17^7 + 17^8 + 14*17^9 + 7*17^10 + 7*17^11 + 7*17^12 + 14*17^13 + O(17^14) : 1 + O(17^20))
   (14 + 17 + 6*17^6 + 8*17^7 + 6*17^9 + 6*17^10 + 11*17^11 + 13*17^12 + 10*17^13 + 17^14 + 17^15 + 11*17^16 + O(17^17) : 5*17^3 + 7*17^4 + 17^5 + 17^6 + 2*17^7 + 15*17^8 + 2*17^9 + 9*17^10 + 9*17^11 + 9*17^12 + 2*17^13 + O(17^14) : 1 + O(17^20))
   (14 + 17 + 7*17^6 + 10*17^7 + 4*17^8 + 14*17^9 + 15*17^10 + 11*17^11 + 16*17^12 + 7*17^13 + 6*17^14 + 7*17^15 + 8*17^16 + O(17^17) : 10*17^3 + 17^5 + 12*17^6 + 16*17^7 + 4*17^8 + 2*17^9 + 16*17^10 + 7*17^11 + 9*17^12 + 13*17^13 + O(17^14) : 1 + O(17^20))
   (14 + 17 + 7*17^6 + 10*17^7 + 4*17^8 + 14*17^9 + 15*17^10 + 11*17^11 + 16*17^12 + 7*17^13 + 6*17^14 + 7*17^15 + 8*17^16 + O(17^17) : 7*17^3 + 16*17^4 + 15*17^5 + 4*17^6 + 12*17^8 + 14*17^9 + 9*17^11 + 7*17^12 + 3*17^13 + O(17^14) : 1 + O(17^20))
   (14 + 17 + 7*17^6 + 10*17^7 + 7*17^8 + 15*17^9 + 9*17^10 + 3*17^11 + 17^13 + 6*17^14 + 14*17^15 + 16*17^16 + O(17^17) : 10*17^3 + 8*17^5 + 2*17^7 + 4*17^8 + 7*17^9 + 12*17^10 + 3*17^11 + 5*17^12 + O(17^14) : 1 + O(17^20))
   (14 + 17 + 7*17^6 + 10*17^7 + 7*17^8 + 15*17^9 + 9*17^10 + 3*17^11 + 17^13 + 6*17^14 + 14*17^15 + 16*17^16 + O(17^17) : 7*17^3 + 16*17^4 + 8*17^5 + 16*17^6 + 14*17^7 + 12*17^8 + 9*17^9 + 4*17^10 + 13*17^11 + 11*17^12 + 16*17^13 + O(17^14) : 1 + O(17^20))
   (14 + 17 + 7*17^6 + 11*17^7 + 15*17^8 + 8*17^9 + 13*17^10 + 17^11 + 7*17^13 + 16*17^14 + 11*17^15 + 3*17^16 + O(17^17) : 10*17^3 + 8*17^4 + 4*17^5 + 12*17^6 + 8*17^7 + 10*17^8 + 5*17^9 + 4*17^10 + 7*17^11 + 11*17^12 + 16*17^13 + O(17^14) : 1 + O(17^20))
   (14 + 17 + 7*17^6 + 11*17^7 + 15*17^8 + 8*17^9 + 13*17^10 + 17^11 + 7*17^13 + 16*17^14 + 11*17^15 + 3*17^16 + O(17^17) : 7*17^3 + 8*17^4 + 12*17^5 + 4*17^6 + 8*17^7 + 6*17^8 + 11*17^9 + 12*17^10 + 9*17^11 + 5*17^12 + O(17^14) : 1 + O(17^20))
   (14 + 17 + 7*17^6 + 11*17^7 + 4*17^8 + 16*17^9 + 12*17^10 + 16*17^11 + 4*17^12 + 2*17^13 + 13*17^14 + 9*17^15 + 6*17^16 + O(17^17) : 10*17^3 + 8*17^4 + 17^5 + 11*17^6 + 14*17^7 + 10*17^9 + 15*17^10 + 8*17^11 + 12*17^12 + 8*17^13 + O(17^14) : 1 + O(17^20))
   (14 + 17 + 7*17^6 + 11*17^7 + 4*17^8 + 16*17^9 + 12*17^10 + 16*17^11 + 4*17^12 + 2*17^13 + 13*17^14 + 9*17^15 + 6*17^16 + O(17^17) : 7*17^3 + 8*17^4 + 15*17^5 + 5*17^6 + 2*17^7 + 16*17^8 + 6*17^9 + 17^10 + 8*17^11 + 4*17^12 + 8*17^13 + O(17^14) : 1 + O(17^20))
   (14 + 17 + 7*17^6 + 15*17^7 + 10*17^8 + 7*17^9 + 4*17^11 + 8*17^12 + 16*17^13 + 4*17^14 + 6*17^15 + 16*17^16 + O(17^17) : 10*17^3 + 6*17^4 + 4*17^5 + 11*17^6 + 16*17^7 + 2*17^8 + 9*17^9 + 12*17^10 + 9*17^11 + 11*17^12 + 15*17^13 + O(17^14) : 1 + O(17^20))
   (14 + 17 + 7*17^6 + 15*17^7 + 10*17^8 + 7*17^9 + 4*17^11 + 8*17^12 + 16*17^13 + 4*17^14 + 6*17^15 + 16*17^16 + O(17^17) : 7*17^3 + 10*17^4 + 12*17^5 + 5*17^6 + 14*17^8 + 7*17^9 + 4*17^10 + 7*17^11 + 5*17^12 + 17^13 + O(17^14) : 1 + O(17^20))
   (14 + 17 + 7*17^6 + 17^7 + 3*17^8 + 15*17^9 + 17^10 + 12*17^11 + 6*17^12 + 12*17^13 + 13*17^14 + 15*17^15 + 9*17^16 + O(17^17) : 10*17^3 + 13*17^4 + 6*17^5 + 13*17^6 + 17^7 + 4*17^8 + 8*17^9 + 11*17^10 + 3*17^11 + 15*17^12 + 11*17^13 + O(17^14) : 1 + O(17^20))
   (14 + 17 + 7*17^6 + 17^7 + 3*17^8 + 15*17^9 + 17^10 + 12*17^11 + 6*17^12 + 12*17^13 + 13*17^14 + 15*17^15 + 9*17^16 + O(17^17) : 7*17^3 + 3*17^4 + 10*17^5 + 3*17^6 + 15*17^7 + 12*17^8 + 8*17^9 + 5*17^10 + 13*17^11 + 17^12 + 5*17^13 + O(17^14) : 1 + O(17^20))
   (14 + 17 + 7*17^6 + 17^7 + 3*17^8 + 5*17^9 + 10*17^10 + 7*17^13 + 10*17^14 + 11*17^15 + 12*17^16 + O(17^17) : 10*17^3 + 13*17^4 + 6*17^5 + 17^6 + 5*17^7 + 5*17^8 + 3*17^9 + 13*17^10 + 14*17^11 + 15*17^12 + 6*17^13 + O(17^14) : 1 + O(17^20))
   (14 + 17 + 7*17^6 + 17^7 + 3*17^8 + 5*17^9 + 10*17^10 + 7*17^13 + 10*17^14 + 11*17^15 + 12*17^16 + O(17^17) : 7*17^3 + 3*17^4 + 10*17^5 + 15*17^6 + 11*17^7 + 11*17^8 + 13*17^9 + 3*17^10 + 2*17^11 + 17^12 + 10*17^13 + O(17^14) : 1 + O(17^20))
   (14 + 17 + 7*17^6 + 17^7 + 9*17^8 + 12*17^9 + 9*17^10 + 15*17^11 + 4*17^12 + 2*17^13 + 7*17^14 + 16*17^15 + O(17^17) : 10*17^3 + 13*17^4 + 3*17^5 + 10*17^6 + 2*17^7 + 11*17^8 + 8*17^9 + 10*17^10 + 11*17^11 + 17^12 + 3*17^13 + O(17^14) : 1 + O(17^20))
   (14 + 17 + 7*17^6 + 17^7 + 9*17^8 + 12*17^9 + 9*17^10 + 15*17^11 + 4*17^12 + 2*17^13 + 7*17^14 + 16*17^15 + O(17^17) : 7*17^3 + 3*17^4 + 13*17^5 + 6*17^6 + 14*17^7 + 5*17^8 + 8*17^9 + 6*17^10 + 5*17^11 + 15*17^12 + 13*17^13 + O(17^14) : 1 + O(17^20))
   (14 + 17 + 7*17^6 + 3*17^7 + 3*17^8 + 2*17^9 + 13*17^10 + 4*17^11 + 17^13 + 10*17^14 + 11*17^15 + 16*17^16 + O(17^17) : 10*17^3 + 12*17^4 + 7*17^5 + 15*17^6 + 11*17^7 + 2*17^8 + 16*17^9 + 2*17^10 + 6*17^11 + 2*17^12 + 14*17^13 + O(17^14) : 1 + O(17^20))
   (14 + 17 + 7*17^6 + 3*17^7 + 3*17^8 + 2*17^9 + 13*17^10 + 4*17^11 + 17^13 + 10*17^14 + 11*17^15 + 16*17^16 + O(17^17) : 7*17^3 + 4*17^4 + 9*17^5 + 17^6 + 5*17^7 + 14*17^8 + 14*17^10 + 10*17^11 + 14*17^12 + 2*17^13 + O(17^14) : 1 + O(17^20))
   (14 + 17 + 7*17^6 + 3*17^7 + 3*17^8 + 9*17^9 + 4*17^10 + 10*17^11 + 10*17^12 + 12*17^13 + 6*17^14 + 7*17^15 + 10*17^16 + O(17^17) : 10*17^3 + 12*17^4 + 7*17^5 + 3*17^6 + 7*17^7 + 17^8 + 10*17^9 + 5*17^10 + 9*17^11 + 10*17^12 + 6*17^13 + O(17^14) : 1 + O(17^20))
   (14 + 17 + 7*17^6 + 3*17^7 + 3*17^8 + 9*17^9 + 4*17^10 + 10*17^11 + 10*17^12 + 12*17^13 + 6*17^14 + 7*17^15 + 10*17^16 + O(17^17) : 7*17^3 + 4*17^4 + 9*17^5 + 13*17^6 + 9*17^7 + 15*17^8 + 6*17^9 + 11*17^10 + 7*17^11 + 6*17^12 + 10*17^13 + O(17^14) : 1 + O(17^20))
   (14 + 17 + 7*17^6 + 6*17^7 + 9*17^8 + 8*17^9 + 3*17^10 + 4*17^11 + 15*17^12 + 3*17^13 + 13*17^14 + 17^15 + 2*17^16 + O(17^17) : 10*17^3 + 2*17^4 + 9*17^5 + 10*17^6 + 14*17^7 + 10*17^8 + 7*17^9 + 9*17^10 + 11*17^11 + 10*17^12 + 15*17^13 + O(17^14) : 1 + O(17^20))
   (14 + 17 + 7*17^6 + 6*17^7 + 9*17^8 + 8*17^9 + 3*17^10 + 4*17^11 + 15*17^12 + 3*17^13 + 13*17^14 + 17^15 + 2*17^16 + O(17^17) : 7*17^3 + 14*17^4 + 7*17^5 + 6*17^6 + 2*17^7 + 6*17^8 + 9*17^9 + 7*17^10 + 5*17^11 + 6*17^12 + 17^13 + O(17^14) : 1 + O(17^20))
   (14*17^-3 + 13*17^-2 + 11*17^-1 + 14 + 8*17 + 3*17^2 + 6*17^4 + 4*17^5 + 4*17^6 + 16*17^7 + 17^8 + 14*17^9 + O(17^10) : 10*17^-9 + 14*17^-8 + 16*17^-7 + 6*17^-6 + 8*17^-5 + 8*17^-4 + 10*17^-3 + 7*17^-2 + 16*17^-1 + 15 + 15*17^2 + 7*17^3 + O(17^4) : 1 + O(17^20))
   (14*17^-3 + 13*17^-2 + 11*17^-1 + 14 + 8*17 + 3*17^2 + 6*17^4 + 4*17^5 + 4*17^6 + 16*17^7 + 17^8 + 14*17^9 + O(17^10) : 7*17^-9 + 2*17^-8 + 10*17^-6 + 8*17^-5 + 8*17^-4 + 6*17^-3 + 9*17^-2 + 1 + 16*17 + 17^2 + 9*17^3 + O(17^4) : 1 + O(17^20))
   (14*17^-3 + 13*17^-2 + 15 + 3*17 + 7*17^2 + 10*17^4 + 15*17^5 + 11*17^6 + 2*17^7 + 10*17^8 + 8*17^9 + O(17^10) : 10*17^-9 + 14*17^-8 + 7*17^-7 + 13*17^-6 + 12*17^-4 + 10*17^-3 + 9*17^-2 + 12*17^-1 + 7 + 12*17 + 6*17^2 + 7*17^3 + O(17^4) : 1 + O(17^20))
   (14*17^-3 + 13*17^-2 + 15 + 3*17 + 7*17^2 + 10*17^4 + 15*17^5 + 11*17^6 + 2*17^7 + 10*17^8 + 8*17^9 + O(17^10) : 7*17^-9 + 2*17^-8 + 9*17^-7 + 3*17^-6 + 16*17^-5 + 4*17^-4 + 6*17^-3 + 7*17^-2 + 4*17^-1 + 9 + 4*17 + 10*17^2 + 9*17^3 + O(17^4) : 1 + O(17^20))
   (14*17^-3 + 14*17^-2 + 15*17^-1 + 1 + 9*17 + 13*17^2 + 10*17^3 + 11*17^4 + 17^5 + 15*17^7 + 9*17^8 + 15*17^9 + O(17^10) : 10*17^-9 + 4*17^-8 + 15*17^-7 + 10*17^-6 + 11*17^-5 + 17^-4 + 4*17^-3 + 15*17^-2 + 14*17^-1 + 6 + 12*17 + 2*17^2 + 2*17^3 + O(17^4) : 1 + O(17^20))
   (14*17^-3 + 14*17^-2 + 15*17^-1 + 1 + 9*17 + 13*17^2 + 10*17^3 + 11*17^4 + 17^5 + 15*17^7 + 9*17^8 + 15*17^9 + O(17^10) : 7*17^-9 + 12*17^-8 + 17^-7 + 6*17^-6 + 5*17^-5 + 15*17^-4 + 12*17^-3 + 17^-2 + 2*17^-1 + 10 + 4*17 + 14*17^2 + 14*17^3 + O(17^4) : 1 + O(17^20))
   (14*17^-3 + 16*17^-2 + 15*17^-1 + 12 + 14*17 + 11*17^2 + 15*17^3 + 11*17^4 + 9*17^5 + 15*17^6 + 6*17^7 + 17^8 + 2*17^9 + O(17^10) : 10*17^-9 + 17^-8 + 10*17^-7 + 7*17^-6 + 17^-5 + 7*17^-4 + 5*17^-3 + 4*17^-2 + 11*17^-1 + 5 + 13*17 + 4*17^2 + O(17^4) : 1 + O(17^20))
   (14*17^-3 + 16*17^-2 + 15*17^-1 + 12 + 14*17 + 11*17^2 + 15*17^3 + 11*17^4 + 9*17^5 + 15*17^6 + 6*17^7 + 17^8 + 2*17^9 + O(17^10) : 7*17^-9 + 15*17^-8 + 6*17^-7 + 9*17^-6 + 15*17^-5 + 9*17^-4 + 11*17^-3 + 12*17^-2 + 5*17^-1 + 11 + 3*17 + 12*17^2 + 16*17^3 + O(17^4) : 1 + O(17^20))
   (14*17^-3 + 17^-2 + 11*17^-1 + 8 + 2*17 + 4*17^2 + 11*17^3 + 6*17^4 + 13*17^6 + 16*17^8 + 16*17^9 + O(17^10) : 10*17^-9 + 15*17^-8 + 7*17^-7 + 3*17^-6 + 10*17^-5 + 14*17^-4 + 7*17^-3 + 17^-1 + 2 + 8*17 + 15*17^2 + 6*17^3 + O(17^4) : 1 + O(17^20))
   (14*17^-3 + 17^-2 + 11*17^-1 + 8 + 2*17 + 4*17^2 + 11*17^3 + 6*17^4 + 13*17^6 + 16*17^8 + 16*17^9 + O(17^10) : 7*17^-9 + 17^-8 + 9*17^-7 + 13*17^-6 + 6*17^-5 + 2*17^-4 + 9*17^-3 + 16*17^-2 + 15*17^-1 + 14 + 8*17 + 17^2 + 10*17^3 + O(17^4) : 1 + O(17^20))
   (14*17^-3 + 17^-2 + 13 + 13*17 + 3*17^2 + 8*17^3 + 13*17^4 + 17^5 + 14*17^7 + 5*17^8 + 14*17^9 + O(17^10) : 10*17^-9 + 15*17^-8 + 15*17^-7 + 16*17^-6 + 10*17^-5 + 15*17^-4 + 17^-3 + 12*17^-2 + 8*17^-1 + 16 + 15*17 + 11*17^2 + 17^3 + O(17^4) : 1 + O(17^20))
   (14*17^-3 + 17^-2 + 13 + 13*17 + 3*17^2 + 8*17^3 + 13*17^4 + 17^5 + 14*17^7 + 5*17^8 + 14*17^9 + O(17^10) : 7*17^-9 + 17^-8 + 17^-7 + 6*17^-5 + 17^-4 + 15*17^-3 + 4*17^-2 + 8*17^-1 + 17 + 5*17^2 + 15*17^3 + O(17^4) : 1 + O(17^20))
   (14*17^-3 + 4*17^-2 + 3*17 + 10*17^2 + 10*17^3 + 17^4 + 7*17^5 + 15*17^6 + 13*17^7 + 14*17^8 + 4*17^9 + O(17^10) : 10*17^-9 + 2*17^-8 + 13*17^-7 + 6*17^-6 + 14*17^-5 + 11*17^-4 + 2*17^-3 + 2*17^-2 + 17^-1 + 13 + 17 + 11*17^2 + 11*17^3 + O(17^4) : 1 + O(17^20))
   (14*17^-3 + 4*17^-2 + 3*17 + 10*17^2 + 10*17^3 + 17^4 + 7*17^5 + 15*17^6 + 13*17^7 + 14*17^8 + 4*17^9 + O(17^10) : 7*17^-9 + 14*17^-8 + 3*17^-7 + 10*17^-6 + 2*17^-5 + 5*17^-4 + 14*17^-3 + 14*17^-2 + 15*17^-1 + 3 + 15*17 + 5*17^2 + 5*17^3 + O(17^4) : 1 + O(17^20))
   (14*17^-3 + 9*17^-2 + 10*17^-1 + 16 + 7*17^2 + 12*17^3 + 5*17^4 + 10*17^5 + 11*17^6 + 14*17^7 + 13*17^8 + 12*17^9 + O(17^10) : 10*17^-9 + 3*17^-8 + 2*17^-7 + 13*17^-6 + 4*17^-5 + 4*17^-4 + 15*17^-3 + 16*17^-2 + 3*17^-1 + 14 + 2*17 + 13*17^2 + O(17^4) : 1 + O(17^20))
   (14*17^-3 + 9*17^-2 + 10*17^-1 + 16 + 7*17^2 + 12*17^3 + 5*17^4 + 10*17^5 + 11*17^6 + 14*17^7 + 13*17^8 + 12*17^9 + O(17^10) : 7*17^-9 + 13*17^-8 + 14*17^-7 + 3*17^-6 + 12*17^-5 + 12*17^-4 + 17^-3 + 13*17^-1 + 2 + 14*17 + 3*17^2 + 16*17^3 + O(17^4) : 1 + O(17^20))
   (14*17^-3 + 9*17^-2 + 10*17^-1 + 6 + 9*17 + 9*17^2 + 11*17^3 + 4*17^4 + 5*17^5 + 11*17^6 + 15*17^7 + 16*17^8 + 4*17^9 + O(17^10) : 10*17^-9 + 3*17^-8 + 2*17^-7 + 11*17^-6 + 16*17^-4 + 12*17^-3 + 2*17^-2 + 10*17^-1 + 3 + 8*17 + 5*17^2 + 17^3 + O(17^4) : 1 + O(17^20))
   (14*17^-3 + 9*17^-2 + 10*17^-1 + 6 + 9*17 + 9*17^2 + 11*17^3 + 4*17^4 + 5*17^5 + 11*17^6 + 15*17^7 + 16*17^8 + 4*17^9 + O(17^10) : 7*17^-9 + 13*17^-8 + 14*17^-7 + 5*17^-6 + 16*17^-5 + 4*17^-3 + 14*17^-2 + 6*17^-1 + 13 + 8*17 + 11*17^2 + 15*17^3 + O(17^4) : 1 + O(17^20))
   (15*17^-3 + 11*17^-2 + 2*17^-1 + 10 + 13*17 + 10*17^2 + 9*17^3 + 6*17^4 + 7*17^5 + 10*17^6 + 11*17^7 + 8*17^8 + 14*17^9 + O(17^10) : 8*17^-9 + 9*17^-8 + 15*17^-7 + 17^-6 + 15*17^-5 + 13*17^-4 + 3*17^-3 + 16*17^-2 + 10*17^-1 + 6 + 5*17 + 10*17^2 + 4*17^3 + O(17^4) : 1 + O(17^20))
   (15*17^-3 + 11*17^-2 + 2*17^-1 + 10 + 13*17 + 10*17^2 + 9*17^3 + 6*17^4 + 7*17^5 + 10*17^6 + 11*17^7 + 8*17^8 + 14*17^9 + O(17^10) : 9*17^-9 + 7*17^-8 + 17^-7 + 15*17^-6 + 17^-5 + 3*17^-4 + 13*17^-3 + 6*17^-1 + 10 + 11*17 + 6*17^2 + 12*17^3 + O(17^4) : 1 + O(17^20))
   (15*17^-3 + 11*17^-2 + 5 + 3*17 + 17^2 + 10*17^3 + 13*17^4 + 5*17^5 + 9*17^6 + 4*17^7 + 10*17^9 + O(17^10) : 8*17^-9 + 9*17^-8 + 5*17^-7 + 13*17^-6 + 3*17^-5 + 11*17^-4 + 5*17^-3 + 14*17^-2 + 3*17^-1 + 12 + 6*17 + 15*17^2 + 15*17^3 + O(17^4) : 1 + O(17^20))
   (15*17^-3 + 11*17^-2 + 5 + 3*17 + 17^2 + 10*17^3 + 13*17^4 + 5*17^5 + 9*17^6 + 4*17^7 + 10*17^9 + O(17^10) : 9*17^-9 + 7*17^-8 + 11*17^-7 + 3*17^-6 + 13*17^-5 + 5*17^-4 + 11*17^-3 + 2*17^-2 + 13*17^-1 + 4 + 10*17 + 17^2 + 17^3 + O(17^4) : 1 + O(17^20))
   (15*17^-3 + 14*17^-2 + 3 + 6*17^2 + 13*17^3 + 11*17^5 + 16*17^6 + 6*17^7 + 14*17^8 + 2*17^9 + O(17^10) : 8*17^-9 + 7*17^-8 + 13*17^-7 + 16*17^-6 + 3*17^-5 + 14*17^-4 + 9*17^-3 + 8*17^-2 + 15*17^-1 + 4 + 5*17^2 + 13*17^3 + O(17^4) : 1 + O(17^20))
   (15*17^-3 + 14*17^-2 + 3 + 6*17^2 + 13*17^3 + 11*17^5 + 16*17^6 + 6*17^7 + 14*17^8 + 2*17^9 + O(17^10) : 9*17^-9 + 9*17^-8 + 3*17^-7 + 13*17^-5 + 2*17^-4 + 7*17^-3 + 8*17^-2 + 17^-1 + 12 + 16*17 + 11*17^2 + 3*17^3 + O(17^4) : 1 + O(17^20))
   (15*17^-3 + 15*17^-2 + 10*17^-1 + 12 + 15*17 + 17^2 + 11*17^3 + 14*17^4 + 2*17^5 + 4*17^7 + 17^8 + 9*17^9 + O(17^10) : 8*17^-9 + 12*17^-8 + 10*17^-7 + 6*17^-6 + 12*17^-5 + 5*17^-4 + 12*17^-3 + 15*17^-2 + 9*17^-1 + 13 + 15*17 + 4*17^3 + O(17^4) : 1 + O(17^20))
   (15*17^-3 + 15*17^-2 + 10*17^-1 + 12 + 15*17 + 17^2 + 11*17^3 + 14*17^4 + 2*17^5 + 4*17^7 + 17^8 + 9*17^9 + O(17^10) : 9*17^-9 + 4*17^-8 + 6*17^-7 + 10*17^-6 + 4*17^-5 + 11*17^-4 + 4*17^-3 + 17^-2 + 7*17^-1 + 3 + 17 + 16*17^2 + 12*17^3 + O(17^4) : 1 + O(17^20))
   (15*17^-3 + 15*17^-2 + 8*17^-1 + 2 + 6*17 + 17^3 + 8*17^4 + 14*17^5 + 10*17^6 + 7*17^7 + 6*17^8 + 5*17^9 + O(17^10) : 8*17^-9 + 12*17^-8 + 16*17^-6 + 14*17^-5 + 10*17^-4 + 14*17^-3 + 4*17^-2 + 17^-1 + 3 + 6*17 + 11*17^2 + 14*17^3 + O(17^4) : 1 + O(17^20))
   (15*17^-3 + 15*17^-2 + 8*17^-1 + 2 + 6*17 + 17^3 + 8*17^4 + 14*17^5 + 10*17^6 + 7*17^7 + 6*17^8 + 5*17^9 + O(17^10) : 9*17^-9 + 4*17^-8 + 16*17^-7 + 2*17^-5 + 6*17^-4 + 2*17^-3 + 12*17^-2 + 15*17^-1 + 13 + 10*17 + 5*17^2 + 2*17^3 + O(17^4) : 1 + O(17^20))
   (15*17^-3 + 17^-2 + 8*17^-1 + 11 + 3*17 + 13*17^2 + 11*17^3 + 11*17^4 + 3*17^5 + 9*17^6 + 10*17^7 + 12*17^8 + O(17^10) : 8*17^-9 + 10*17^-8 + 11*17^-7 + 13*17^-6 + 8*17^-5 + 10*17^-4 + 13*17^-3 + 9*17^-2 + 3*17^-1 + 14 + 11*17 + 9*17^2 + 11*17^3 + O(17^4) : 1 + O(17^20))
   (15*17^-3 + 17^-2 + 8*17^-1 + 11 + 3*17 + 13*17^2 + 11*17^3 + 11*17^4 + 3*17^5 + 9*17^6 + 10*17^7 + 12*17^8 + O(17^10) : 9*17^-9 + 6*17^-8 + 5*17^-7 + 3*17^-6 + 8*17^-5 + 6*17^-4 + 3*17^-3 + 7*17^-2 + 13*17^-1 + 2 + 5*17 + 7*17^2 + 5*17^3 + O(17^4) : 1 + O(17^20))
   (15*17^-3 + 17^-2 + 8*17^-1 + 3 + 6*17 + 8*17^2 + 11*17^3 + 16*17^4 + 11*17^5 + 9*17^6 + 10*17^7 + 6*17^8 + 10*17^9 + O(17^10) : 8*17^-9 + 10*17^-8 + 11*17^-7 + 7*17^-6 + 7*17^-5 + 17^-4 + 5*17^-3 + 6*17^-2 + 10*17^-1 + 9 + 4*17 + 6*17^2 + 9*17^3 + O(17^4) : 1 + O(17^20))
   (15*17^-3 + 17^-2 + 8*17^-1 + 3 + 6*17 + 8*17^2 + 11*17^3 + 16*17^4 + 11*17^5 + 9*17^6 + 10*17^7 + 6*17^8 + 10*17^9 + O(17^10) : 9*17^-9 + 6*17^-8 + 5*17^-7 + 9*17^-6 + 9*17^-5 + 15*17^-4 + 11*17^-3 + 10*17^-2 + 6*17^-1 + 7 + 12*17 + 10*17^2 + 7*17^3 + O(17^4) : 1 + O(17^20))
   (15*17^-3 + 2*17^-2 + 10*17^-1 + 16 + 12*17 + 11*17^2 + 15*17^3 + 14*17^4 + 14*17^5 + 5*17^6 + 14*17^7 + 7*17^8 + 6*17^9 + O(17^10) : 8*17^-9 + 15*17^-8 + 16*17^-7 + 5*17^-5 + 15*17^-4 + 15*17^-3 + 11*17^-2 + 9*17^-1 + 7 + 17 + 7*17^2 + 14*17^3 + O(17^4) : 1 + O(17^20))
   (15*17^-3 + 2*17^-2 + 10*17^-1 + 16 + 12*17 + 11*17^2 + 15*17^3 + 14*17^4 + 14*17^5 + 5*17^6 + 14*17^7 + 7*17^8 + 6*17^9 + O(17^10) : 9*17^-9 + 17^-8 + 16*17^-6 + 11*17^-5 + 17^-4 + 17^-3 + 5*17^-2 + 7*17^-1 + 9 + 15*17 + 9*17^2 + 2*17^3 + O(17^4) : 1 + O(17^20))
   (15*17^-3 + 5*17^-2 + 7*17^-1 + 16 + 4*17 + 6*17^2 + 9*17^3 + 15*17^4 + 13*17^5 + 12*17^6 + 17^7 + 4*17^8 + 14*17^9 + O(17^10) : 8*17^-9 + 13*17^-8 + 8*17^-7 + 17^-6 + 2*17^-5 + 8*17^-4 + 2*17^-3 + 5*17^-2 + 2*17^-1 + 7 + 17 + 4*17^2 + 15*17^3 + O(17^4) : 1 + O(17^20))
   (15*17^-3 + 5*17^-2 + 7*17^-1 + 16 + 4*17 + 6*17^2 + 9*17^3 + 15*17^4 + 13*17^5 + 12*17^6 + 17^7 + 4*17^8 + 14*17^9 + O(17^10) : 9*17^-9 + 3*17^-8 + 8*17^-7 + 15*17^-6 + 14*17^-5 + 8*17^-4 + 14*17^-3 + 11*17^-2 + 14*17^-1 + 9 + 15*17 + 12*17^2 + 17^3 + O(17^4) : 1 + O(17^20))
   (15*17^-3 + 9*17^-2 + 9 + 14*17 + 12*17^2 + 10*17^4 + 13*17^5 + 9*17^6 + 17^7 + 7*17^8 + 9*17^9 + O(17^10) : 8*17^-9 + 16*17^-8 + 14*17^-7 + 14*17^-6 + 15*17^-5 + 7*17^-4 + 10*17^-3 + 10*17^-2 + 11*17^-1 + 1 + 6*17 + 12*17^2 + 15*17^3 + O(17^4) : 1 + O(17^20))
   (15*17^-3 + 9*17^-2 + 9 + 14*17 + 12*17^2 + 10*17^4 + 13*17^5 + 9*17^6 + 17^7 + 7*17^8 + 9*17^9 + O(17^10) : 9*17^-9 + 2*17^-7 + 2*17^-6 + 17^-5 + 9*17^-4 + 6*17^-3 + 6*17^-2 + 5*17^-1 + 15 + 10*17 + 4*17^2 + 17^3 + O(17^4) : 1 + O(17^20))
   (16 + 3*17 + 10*17^3 + 11*17^4 + 4*17^6 + 4*17^7 + 8*17^8 + 17^9 + 12*17^10 + 16*17^11 + 11*17^12 + 15*17^13 + 4*17^14 + O(17^15) : 12 + 10*17 + 6*17^2 + 6*17^3 + 8*17^4 + 6*17^5 + 13*17^6 + 13*17^7 + 14*17^8 + 7*17^9 + 13*17^10 + 5*17^11 + 11*17^12 + 12*17^13 + 6*17^14 + O(17^15) : 1 + O(17^20))
   (16 + 3*17 + 10*17^3 + 11*17^4 + 4*17^6 + 4*17^7 + 8*17^8 + 17^9 + 12*17^10 + 16*17^11 + 11*17^12 + 15*17^13 + 4*17^14 + O(17^15) : 5 + 6*17 + 10*17^2 + 10*17^3 + 8*17^4 + 10*17^5 + 3*17^6 + 3*17^7 + 2*17^8 + 9*17^9 + 3*17^10 + 11*17^11 + 5*17^12 + 4*17^13 + 10*17^14 + O(17^15) : 1 + O(17^20))
   (16 + 3*17 + 10*17^3 + 15*17^4 + 10*17^5 + 15*17^6 + 12*17^7 + 6*17^8 + 5*17^9 + 3*17^10 + 15*17^11 + 5*17^12 + 6*17^14 + O(17^15) : 12 + 10*17 + 6*17^2 + 6*17^3 + 3*17^4 + 5*17^5 + 2*17^6 + 8*17^7 + 12*17^8 + 4*17^9 + 17^10 + 14*17^11 + 8*17^12 + 4*17^13 + 16*17^14 + O(17^15) : 1 + O(17^20))
   (16 + 3*17 + 10*17^3 + 15*17^4 + 10*17^5 + 15*17^6 + 12*17^7 + 6*17^8 + 5*17^9 + 3*17^10 + 15*17^11 + 5*17^12 + 6*17^14 + O(17^15) : 5 + 6*17 + 10*17^2 + 10*17^3 + 13*17^4 + 11*17^5 + 14*17^6 + 8*17^7 + 4*17^8 + 12*17^9 + 15*17^10 + 2*17^11 + 8*17^12 + 12*17^13 + O(17^15) : 1 + O(17^20))
   (16 + 3*17 + 10*17^3 + 15*17^4 + 10*17^5 + 9*17^6 + 3*17^7 + 17^8 + 5*17^9 + 4*17^10 + 11*17^11 + 16*17^12 + 14*17^13 + 7*17^14 + O(17^15) : 12 + 10*17 + 6*17^2 + 6*17^3 + 3*17^4 + 5*17^5 + 17^6 + 11*17^7 + 16*17^8 + 17^9 + 2*17^10 + 11*17^11 + 7*17^12 + 10*17^13 + 16*17^14 + O(17^15) : 1 + O(17^20))
   (16 + 3*17 + 10*17^3 + 15*17^4 + 10*17^5 + 9*17^6 + 3*17^7 + 17^8 + 5*17^9 + 4*17^10 + 11*17^11 + 16*17^12 + 14*17^13 + 7*17^14 + O(17^15) : 5 + 6*17 + 10*17^2 + 10*17^3 + 13*17^4 + 11*17^5 + 15*17^6 + 5*17^7 + 15*17^9 + 14*17^10 + 5*17^11 + 9*17^12 + 6*17^13 + O(17^15) : 1 + O(17^20))
   (16 + 3*17 + 10*17^3 + 15*17^4 + 7*17^6 + 12*17^7 + 14*17^8 + 13*17^9 + 5*17^10 + 5*17^11 + 12*17^12 + 2*17^13 + 15*17^14 + O(17^15) : 12 + 10*17 + 6*17^2 + 6*17^3 + 3*17^4 + 9*17^5 + 5*17^6 + 2*17^7 + 15*17^8 + 9*17^9 + 4*17^10 + 8*17^11 + 9*17^12 + 3*17^13 + 6*17^14 + O(17^15) : 1 + O(17^20))
   (16 + 3*17 + 10*17^3 + 15*17^4 + 7*17^6 + 12*17^7 + 14*17^8 + 13*17^9 + 5*17^10 + 5*17^11 + 12*17^12 + 2*17^13 + 15*17^14 + O(17^15) : 5 + 6*17 + 10*17^2 + 10*17^3 + 13*17^4 + 7*17^5 + 11*17^6 + 14*17^7 + 17^8 + 7*17^9 + 12*17^10 + 8*17^11 + 7*17^12 + 13*17^13 + 10*17^14 + O(17^15) : 1 + O(17^20))
   (16 + 3*17 + 10*17^3 + 3*17^4 + 12*17^5 + 17^6 + 17^7 + 11*17^8 + 12*17^9 + 6*17^10 + 11*17^11 + 9*17^12 + 11*17^14 + O(17^15) : 12 + 10*17 + 6*17^2 + 6*17^3 + 17^4 + 3*17^5 + 12*17^6 + 17^7 + 15*17^8 + 17^9 + 6*17^10 + 4*17^11 + 10*17^12 + 9*17^13 + 5*17^14 + O(17^15) : 1 + O(17^20))
   (16 + 3*17 + 10*17^3 + 3*17^4 + 12*17^5 + 17^6 + 17^7 + 11*17^8 + 12*17^9 + 6*17^10 + 11*17^11 + 9*17^12 + 11*17^14 + O(17^15) : 5 + 6*17 + 10*17^2 + 10*17^3 + 15*17^4 + 13*17^5 + 4*17^6 + 15*17^7 + 17^8 + 15*17^9 + 10*17^10 + 12*17^11 + 6*17^12 + 7*17^13 + 11*17^14 + O(17^15) : 1 + O(17^20))
   (16 + 3*17 + 10*17^3 + 5*17^4 + 13*17^5 + 17^6 + 11*17^7 + 13*17^8 + 17^9 + 7*17^10 + 16*17^11 + 17^12 + 2*17^13 + 6*17^14 + O(17^15) : 12 + 10*17 + 6*17^2 + 6*17^3 + 7*17^4 + 7*17^5 + 4*17^6 + 9*17^8 + 11*17^9 + 3*17^10 + 4*17^11 + 5*17^12 + 7*17^13 + 9*17^14 + O(17^15) : 1 + O(17^20))
   (16 + 3*17 + 10*17^3 + 5*17^4 + 13*17^5 + 17^6 + 11*17^7 + 13*17^8 + 17^9 + 7*17^10 + 16*17^11 + 17^12 + 2*17^13 + 6*17^14 + O(17^15) : 5 + 6*17 + 10*17^2 + 10*17^3 + 9*17^4 + 9*17^5 + 12*17^6 + 16*17^7 + 7*17^8 + 5*17^9 + 13*17^10 + 12*17^11 + 11*17^12 + 9*17^13 + 7*17^14 + O(17^15) : 1 + O(17^20))
   (16 + 3*17 + 10*17^3 + 8*17^4 + 9*17^6 + 3*17^7 + 6*17^8 + 8*17^9 + 5*17^10 + 2*17^11 + 8*17^12 + 2*17^13 + O(17^15) : 12 + 10*17 + 6*17^2 + 6*17^3 + 16*17^4 + 12*17^5 + 2*17^6 + 6*17^7 + 2*17^8 + 3*17^9 + 16*17^10 + 6*17^11 + 3*17^12 + 11*17^14 + O(17^15) : 1 + O(17^20))
   (16 + 3*17 + 10*17^3 + 8*17^4 + 9*17^6 + 3*17^7 + 6*17^8 + 8*17^9 + 5*17^10 + 2*17^11 + 8*17^12 + 2*17^13 + O(17^15) : 5 + 6*17 + 10*17^2 + 10*17^3 + 4*17^5 + 14*17^6 + 10*17^7 + 14*17^8 + 13*17^9 + 10*17^11 + 13*17^12 + 16*17^13 + 5*17^14 + O(17^15) : 1 + O(17^20))
   (16 + 3*17 + 10*17^3 + 8*17^5 + 8*17^6 + 12*17^7 + 14*17^8 + 6*17^9 + 17^10 + 5*17^11 + 11*17^13 + 2*17^14 + O(17^15) : 12 + 10*17 + 6*17^2 + 6*17^3 + 9*17^4 + 14*17^5 + 4*17^6 + 14*17^7 + 3*17^8 + 2*17^9 + 9*17^10 + 12*17^11 + 17^12 + 9*17^13 + 14*17^14 + O(17^15) : 1 + O(17^20))
   (16 + 3*17 + 10*17^3 + 8*17^5 + 8*17^6 + 12*17^7 + 14*17^8 + 6*17^9 + 17^10 + 5*17^11 + 11*17^13 + 2*17^14 + O(17^15) : 5 + 6*17 + 10*17^2 + 10*17^3 + 7*17^4 + 2*17^5 + 12*17^6 + 2*17^7 + 13*17^8 + 14*17^9 + 7*17^10 + 4*17^11 + 15*17^12 + 7*17^13 + 2*17^14 + O(17^15) : 1 + O(17^20))
   (16 + 3*17 + 10*17^3 + 9*17^4 + 7*17^5 + 11*17^6 + 13*17^7 + 10*17^8 + 3*17^9 + 16*17^10 + 15*17^11 + 11*17^12 + 8*17^13 + 11*17^14 + O(17^15) : 12 + 10*17 + 6*17^2 + 6*17^3 + 2*17^4 + 9*17^5 + 13*17^6 + 5*17^8 + 6*17^9 + 14*17^10 + 2*17^11 + 17^12 + 9*17^13 + 16*17^14 + O(17^15) : 1 + O(17^20))
   (16 + 3*17 + 10*17^3 + 9*17^4 + 7*17^5 + 11*17^6 + 13*17^7 + 10*17^8 + 3*17^9 + 16*17^10 + 15*17^11 + 11*17^12 + 8*17^13 + 11*17^14 + O(17^15) : 5 + 6*17 + 10*17^2 + 10*17^3 + 14*17^4 + 7*17^5 + 3*17^6 + 16*17^7 + 11*17^8 + 10*17^9 + 2*17^10 + 14*17^11 + 15*17^12 + 7*17^13 + O(17^15) : 1 + O(17^20))
   (16 + 3*17 + 11*17^3 + 12*17^4 + 11*17^5 + 11*17^6 + 11*17^7 + 13*17^8 + 6*17^9 + 13*17^10 + 2*17^11 + 5*17^13 + 2*17^14 + O(17^15) : 12 + 10*17 + 6*17^2 + 9*17^3 + 3*17^4 + 6*17^5 + 13*17^6 + 5*17^7 + 13*17^8 + 14*17^9 + 2*17^10 + 14*17^11 + 4*17^12 + 5*17^13 + 6*17^14 + O(17^15) : 1 + O(17^20))
   (16 + 3*17 + 11*17^3 + 12*17^4 + 11*17^5 + 11*17^6 + 11*17^7 + 13*17^8 + 6*17^9 + 13*17^10 + 2*17^11 + 5*17^13 + 2*17^14 + O(17^15) : 5 + 6*17 + 10*17^2 + 7*17^3 + 13*17^4 + 10*17^5 + 3*17^6 + 11*17^7 + 3*17^8 + 2*17^9 + 14*17^10 + 2*17^11 + 12*17^12 + 11*17^13 + 10*17^14 + O(17^15) : 1 + O(17^20))
   (16 + 3*17 + 11*17^3 + 12*17^4 + 8*17^5 + 13*17^6 + 15*17^7 + 2*17^8 + 12*17^9 + 3*17^10 + 13*17^11 + 4*17^12 + 15*17^13 + 6*17^14 + O(17^15) : 12 + 10*17 + 6*17^2 + 9*17^3 + 3*17^4 + 14*17^5 + 8*17^6 + 10*17^7 + 16*17^10 + 5*17^11 + 16*17^12 + 3*17^13 + 9*17^14 + O(17^15) : 1 + O(17^20))
   (16 + 3*17 + 11*17^3 + 12*17^4 + 8*17^5 + 13*17^6 + 15*17^7 + 2*17^8 + 12*17^9 + 3*17^10 + 13*17^11 + 4*17^12 + 15*17^13 + 6*17^14 + O(17^15) : 5 + 6*17 + 10*17^2 + 7*17^3 + 13*17^4 + 2*17^5 + 8*17^6 + 6*17^7 + 16*17^8 + 16*17^9 + 11*17^11 + 13*17^13 + 7*17^14 + O(17^15) : 1 + O(17^20))
   (16 + 3*17 + 11*17^3 + 17^5 + 17^6 + 9*17^7 + 11*17^8 + 9*17^9 + 14*17^10 + 3*17^11 + 5*17^13 + O(17^15) : 12 + 10*17 + 6*17^2 + 9*17^3 + 17^4 + 2*17^5 + 10*17^6 + 11*17^7 + 8*17^8 + 6*17^9 + 8*17^10 + 8*17^11 + 4*17^12 + 5*17^13 + 5*17^14 + O(17^15) : 1 + O(17^20))
   (16 + 3*17 + 11*17^3 + 17^5 + 17^6 + 9*17^7 + 11*17^8 + 9*17^9 + 14*17^10 + 3*17^11 + 5*17^13 + O(17^15) : 5 + 6*17 + 10*17^2 + 7*17^3 + 15*17^4 + 14*17^5 + 6*17^6 + 5*17^7 + 8*17^8 + 10*17^9 + 8*17^10 + 8*17^11 + 12*17^12 + 11*17^13 + 11*17^14 + O(17^15) : 1 + O(17^20))
   (16 + 3*17 + 11*17^3 + 17^5 + 8*17^6 + 4*17^7 + 9*17^8 + 12*17^9 + 10*17^10 + 13*17^11 + 9*17^12 + 16*17^13 + 10*17^14 + O(17^15) : 12 + 10*17 + 6*17^2 + 9*17^3 + 17^4 + 2*17^5 + 14*17^6 + 9*17^7 + 16*17^8 + 9*17^9 + 10*17^10 + 16*17^11 + 7*17^13 + 3*17^14 + O(17^15) : 1 + O(17^20))
   (16 + 3*17 + 11*17^3 + 17^5 + 8*17^6 + 4*17^7 + 9*17^8 + 12*17^9 + 10*17^10 + 13*17^11 + 9*17^12 + 16*17^13 + 10*17^14 + O(17^15) : 5 + 6*17 + 10*17^2 + 7*17^3 + 15*17^4 + 14*17^5 + 2*17^6 + 7*17^7 + 7*17^9 + 6*17^10 + 16*17^12 + 9*17^13 + 13*17^14 + O(17^15) : 1 + O(17^20))
   (16 + 3*17 + 11*17^3 + 6*17^4 + 9*17^6 + 2*17^7 + 3*17^8 + 2*17^9 + 16*17^10 + 16*17^11 + 2*17^12 + 15*17^13 + 17^14 + O(17^15) : 12 + 10*17 + 6*17^2 + 9*17^3 + 2*17^4 + 3*17^5 + 8*17^6 + 3*17^7 + 5*17^8 + 3*17^9 + 10*17^10 + 6*17^12 + 17^13 + 8*17^14 + O(17^15) : 1 + O(17^20))
   (16 + 3*17 + 11*17^3 + 6*17^4 + 9*17^6 + 2*17^7 + 3*17^8 + 2*17^9 + 16*17^10 + 16*17^11 + 2*17^12 + 15*17^13 + 17^14 + O(17^15) : 5 + 6*17 + 10*17^2 + 7*17^3 + 14*17^4 + 13*17^5 + 8*17^6 + 13*17^7 + 11*17^8 + 13*17^9 + 6*17^10 + 16*17^11 + 10*17^12 + 15*17^13 + 8*17^14 + O(17^15) : 1 + O(17^20))
   (16 + 3*17 + 11*17^3 + 7*17^4 + 14*17^5 + 2*17^6 + 15*17^7 + 10*17^8 + 4*17^9 + 7*17^10 + 8*17^11 + 6*17^12 + 12*17^13 + 15*17^14 + O(17^15) : 12 + 10*17 + 6*17^2 + 9*17^3 + 5*17^4 + 3*17^5 + 5*17^6 + 17^7 + 2*17^8 + 7*17^9 + 13*17^11 + 10*17^12 + 6*17^13 + O(17^15) : 1 + O(17^20))
   (16 + 3*17 + 11*17^3 + 7*17^4 + 14*17^5 + 2*17^6 + 15*17^7 + 10*17^8 + 4*17^9 + 7*17^10 + 8*17^11 + 6*17^12 + 12*17^13 + 15*17^14 + O(17^15) : 5 + 6*17 + 10*17^2 + 7*17^3 + 11*17^4 + 13*17^5 + 11*17^6 + 15*17^7 + 14*17^8 + 9*17^9 + 16*17^10 + 3*17^11 + 6*17^12 + 10*17^13 + 16*17^14 + O(17^15) : 1 + O(17^20))
   (16 + 3*17 + 11*17^3 + 7*17^4 + 6*17^5 + 6*17^6 + 2*17^7 + 12*17^8 + 3*17^9 + 2*17^10 + 14*17^12 + 14*17^13 + 3*17^14 + O(17^15) : 12 + 10*17 + 6*17^2 + 9*17^3 + 5*17^4 + 13*17^5 + 11*17^6 + 15*17^7 + 14*17^8 + 11*17^9 + 5*17^10 + 2*17^11 + 6*17^12 + 17^13 + 3*17^14 + O(17^15) : 1 + O(17^20))
   (16 + 3*17 + 11*17^3 + 7*17^4 + 6*17^5 + 6*17^6 + 2*17^7 + 12*17^8 + 3*17^9 + 2*17^10 + 14*17^12 + 14*17^13 + 3*17^14 + O(17^15) : 5 + 6*17 + 10*17^2 + 7*17^3 + 11*17^4 + 3*17^5 + 5*17^6 + 17^7 + 2*17^8 + 5*17^9 + 11*17^10 + 14*17^11 + 10*17^12 + 15*17^13 + 13*17^14 + O(17^15) : 1 + O(17^20))
   (16 + 3*17 + 11*17^3 + 7*17^4 + 9*17^5 + 12*17^7 + 3*17^8 + 5*17^9 + 13*17^10 + 8*17^11 + 3*17^12 + 5*17^13 + O(17^15) : 12 + 10*17 + 6*17^2 + 9*17^3 + 5*17^4 + 5*17^5 + 4*17^6 + 16*17^7 + 10*17^8 + 15*17^9 + 14*17^10 + 12*17^11 + 2*17^12 + 9*17^13 + 5*17^14 + O(17^15) : 1 + O(17^20))
   (16 + 3*17 + 11*17^3 + 7*17^4 + 9*17^5 + 12*17^7 + 3*17^8 + 5*17^9 + 13*17^10 + 8*17^11 + 3*17^12 + 5*17^13 + O(17^15) : 5 + 6*17 + 10*17^2 + 7*17^3 + 11*17^4 + 11*17^5 + 12*17^6 + 6*17^8 + 17^9 + 2*17^10 + 4*17^11 + 14*17^12 + 7*17^13 + 11*17^14 + O(17^15) : 1 + O(17^20))
   (16 + 3*17 + 11*17^3 + 9*17^4 + 12*17^5 + 6*17^6 + 17^7 + 17^8 + 15*17^9 + 8*17^10 + 17^11 + 4*17^12 + 11*17^13 + 6*17^14 + O(17^15) : 12 + 10*17 + 6*17^2 + 9*17^3 + 11*17^4 + 15*17^5 + 15*17^6 + 6*17^7 + 7*17^8 + 4*17^9 + 9*17^10 + 12*17^11 + 8*17^12 + 12*17^13 + 10*17^14 + O(17^15) : 1 + O(17^20))
   (16 + 3*17 + 11*17^3 + 9*17^4 + 12*17^5 + 6*17^6 + 17^7 + 17^8 + 15*17^9 + 8*17^10 + 17^11 + 4*17^12 + 11*17^13 + 6*17^14 + O(17^15) : 5 + 6*17 + 10*17^2 + 7*17^3 + 5*17^4 + 17^5 + 17^6 + 10*17^7 + 9*17^8 + 12*17^9 + 7*17^10 + 4*17^11 + 8*17^12 + 4*17^13 + 6*17^14 + O(17^15) : 1 + O(17^20))
   (16 + 3*17 + 12*17^3 + 11*17^4 + 4*17^5 + 12*17^6 + 14*17^7 + 8*17^8 + 13*17^9 + 10*17^10 + 3*17^11 + 8*17^12 + 15*17^13 + 10*17^14 + O(17^15) : 12 + 10*17 + 6*17^2 + 12*17^3 + 9*17^4 + 17^5 + 13*17^8 + 13*17^9 + 6*17^11 + 15*17^12 + 13*17^13 + 10*17^14 + O(17^15) : 1 + O(17^20))
   (16 + 3*17 + 12*17^3 + 11*17^4 + 4*17^5 + 12*17^6 + 14*17^7 + 8*17^8 + 13*17^9 + 10*17^10 + 3*17^11 + 8*17^12 + 15*17^13 + 10*17^14 + O(17^15) : 5 + 6*17 + 10*17^2 + 4*17^3 + 7*17^4 + 15*17^5 + 16*17^6 + 16*17^7 + 3*17^8 + 3*17^9 + 16*17^10 + 10*17^11 + 17^12 + 3*17^13 + 6*17^14 + O(17^15) : 1 + O(17^20))
   (16 + 3*17 + 12*17^3 + 11*17^4 + 4*17^5 + 7*17^6 + 11*17^7 + 8*17^8 + 7*17^9 + 16*17^11 + 2*17^12 + 15*17^13 + 9*17^14 + O(17^15) : 12 + 10*17 + 6*17^2 + 12*17^3 + 9*17^4 + 17^5 + 2*17^6 + 13*17^7 + 10*17^8 + 10*17^9 + 8*17^10 + 3*17^11 + 17^12 + 16*17^13 + 4*17^14 + O(17^15) : 1 + O(17^20))
   (16 + 3*17 + 12*17^3 + 11*17^4 + 4*17^5 + 7*17^6 + 11*17^7 + 8*17^8 + 7*17^9 + 16*17^11 + 2*17^12 + 15*17^13 + 9*17^14 + O(17^15) : 5 + 6*17 + 10*17^2 + 4*17^3 + 7*17^4 + 15*17^5 + 14*17^6 + 3*17^7 + 6*17^8 + 6*17^9 + 8*17^10 + 13*17^11 + 15*17^12 + 12*17^14 + O(17^15) : 1 + O(17^20))
   (16 + 3*17 + 12*17^3 + 15*17^4 + 11*17^5 + 3*17^6 + 12*17^7 + 3*17^8 + 12*17^9 + 8*17^10 + 15*17^11 + 5*17^12 + 6*17^13 + 4*17^14 + O(17^15) : 12 + 10*17 + 6*17^2 + 12*17^3 + 4*17^4 + 8*17^5 + 3*17^6 + 10*17^7 + 13*17^8 + 6*17^9 + 9*17^10 + 2*17^11 + 5*17^12 + 12*17^13 + 11*17^14 + O(17^15) : 1 + O(17^20))
   (16 + 3*17 + 12*17^3 + 15*17^4 + 11*17^5 + 3*17^6 + 12*17^7 + 3*17^8 + 12*17^9 + 8*17^10 + 15*17^11 + 5*17^12 + 6*17^13 + 4*17^14 + O(17^15) : 5 + 6*17 + 10*17^2 + 4*17^3 + 12*17^4 + 8*17^5 + 13*17^6 + 6*17^7 + 3*17^8 + 10*17^9 + 7*17^10 + 14*17^11 + 11*17^12 + 4*17^13 + 5*17^14 + O(17^15) : 1 + O(17^20))
   (16 + 3*17 + 12*17^3 + 16*17^5 + 11*17^6 + 9*17^8 + 10*17^9 + 3*17^10 + 16*17^11 + 10*17^12 + 14*17^13 + 2*17^14 + O(17^15) : 12 + 10*17 + 6*17^2 + 12*17^3 + 10*17^4 + 4*17^5 + 13*17^6 + 7*17^7 + 5*17^8 + 13*17^9 + 5*17^10 + 15*17^11 + 4*17^12 + 12*17^13 + 9*17^14 + O(17^15) : 1 + O(17^20))
   (16 + 3*17 + 12*17^3 + 16*17^5 + 11*17^6 + 9*17^8 + 10*17^9 + 3*17^10 + 16*17^11 + 10*17^12 + 14*17^13 + 2*17^14 + O(17^15) : 5 + 6*17 + 10*17^2 + 4*17^3 + 6*17^4 + 12*17^5 + 3*17^6 + 9*17^7 + 11*17^8 + 3*17^9 + 11*17^10 + 17^11 + 12*17^12 + 4*17^13 + 7*17^14 + O(17^15) : 1 + O(17^20))
   (16 + 3*17 + 12*17^3 + 4*17^4 + 14*17^5 + 2*17^6 + 11*17^7 + 11*17^8 + 4*17^9 + 13*17^10 + 7*17^11 + 15*17^12 + 9*17^13 + 10*17^14 + O(17^15) : 12 + 10*17 + 6*17^2 + 12*17^3 + 5*17^4 + 17^5 + 2*17^6 + 14*17^7 + 11*17^8 + 5*17^9 + 13*17^11 + 4*17^12 + 13*17^13 + 12*17^14 + O(17^15) : 1 + O(17^20))
   (16 + 3*17 + 12*17^3 + 4*17^4 + 14*17^5 + 2*17^6 + 11*17^7 + 11*17^8 + 4*17^9 + 13*17^10 + 7*17^11 + 15*17^12 + 9*17^13 + 10*17^14 + O(17^15) : 5 + 6*17 + 10*17^2 + 4*17^3 + 11*17^4 + 15*17^5 + 14*17^6 + 2*17^7 + 5*17^8 + 11*17^9 + 16*17^10 + 3*17^11 + 12*17^12 + 3*17^13 + 4*17^14 + O(17^15) : 1 + O(17^20))
   (16 + 3*17 + 12*17^3 + 6*17^4 + 10*17^5 + 2*17^6 + 2*17^7 + 10*17^8 + 5*17^9 + 4*17^10 + 16*17^11 + 2*17^12 + 11*17^14 + O(17^15) : 12 + 10*17 + 6*17^2 + 12*17^3 + 11*17^4 + 7*17^5 + 16*17^6 + 14*17^7 + 16*17^8 + 11*17^10 + 14*17^11 + 5*17^12 + 3*17^13 + 10*17^14 + O(17^15) : 1 + O(17^20))
   (16 + 3*17 + 12*17^3 + 6*17^4 + 10*17^5 + 2*17^6 + 2*17^7 + 10*17^8 + 5*17^9 + 4*17^10 + 16*17^11 + 2*17^12 + 11*17^14 + O(17^15) : 5 + 6*17 + 10*17^2 + 4*17^3 + 5*17^4 + 9*17^5 + 2*17^7 + 16*17^9 + 5*17^10 + 2*17^11 + 11*17^12 + 13*17^13 + 6*17^14 + O(17^15) : 1 + O(17^20))
   (16 + 3*17 + 13*17^3 + 10*17^4 + 15*17^5 + 2*17^6 + 6*17^7 + 3*17^8 + 11*17^9 + 17^10 + 7*17^11 + 6*17^12 + 13*17^13 + 17^14 + O(17^15) : 12 + 10*17 + 6*17^2 + 15*17^3 + 15*17^4 + 16*17^5 + 16*17^6 + 9*17^7 + 8*17^8 + 7*17^9 + 3*17^10 + 2*17^11 + 3*17^12 + 3*17^13 + 2*17^14 + O(17^15) : 1 + O(17^20))
   (16 + 3*17 + 13*17^3 + 10*17^4 + 15*17^5 + 2*17^6 + 6*17^7 + 3*17^8 + 11*17^9 + 17^10 + 7*17^11 + 6*17^12 + 13*17^13 + 17^14 + O(17^15) : 5 + 6*17 + 10*17^2 + 17^3 + 17^4 + 7*17^7 + 8*17^8 + 9*17^9 + 13*17^10 + 14*17^11 + 13*17^12 + 13*17^13 + 14*17^14 + O(17^15) : 1 + O(17^20))
   (16 + 3*17 + 13*17^3 + 11*17^4 + 8*17^5 + 6*17^6 + 3*17^7 + 12*17^8 + 5*17^9 + 7*17^10 + 8*17^11 + 4*17^12 + 3*17^14 + O(17^15) : 12 + 10*17 + 6*17^2 + 15*17^3 + 17^4 + 5*17^5 + 7*17^6 + 5*17^8 + 9*17^9 + 9*17^10 + 9*17^11 + 7*17^12 + 6*17^13 + 6*17^14 + O(17^15) : 1 + O(17^20))
   (16 + 3*17 + 13*17^3 + 11*17^4 + 8*17^5 + 6*17^6 + 3*17^7 + 12*17^8 + 5*17^9 + 7*17^10 + 8*17^11 + 4*17^12 + 3*17^14 + O(17^15) : 5 + 6*17 + 10*17^2 + 17^3 + 15*17^4 + 11*17^5 + 9*17^6 + 16*17^7 + 11*17^8 + 7*17^9 + 7*17^10 + 7*17^11 + 9*17^12 + 10*17^13 + 10*17^14 + O(17^15) : 1 + O(17^20))
   (16 + 3*17 + 13*17^3 + 11*17^4 + 8*17^5 + 8*17^6 + 17^7 + 16*17^8 + 5*17^9 + 12*17^10 + 12*17^11 + 11*17^12 + 2*17^14 + O(17^15) : 12 + 10*17 + 6*17^2 + 15*17^3 + 17^4 + 5*17^5 + 13*17^6 + 12*17^7 + 15*17^8 + 5*17^9 + 16*17^10 + 16*17^11 + 9*17^12 + 16*17^13 + 15*17^14 + O(17^15) : 1 + O(17^20))
   (16 + 3*17 + 13*17^3 + 11*17^4 + 8*17^5 + 8*17^6 + 17^7 + 16*17^8 + 5*17^9 + 12*17^10 + 12*17^11 + 11*17^12 + 2*17^14 + O(17^15) : 5 + 6*17 + 10*17^2 + 17^3 + 15*17^4 + 11*17^5 + 3*17^6 + 4*17^7 + 17^8 + 11*17^9 + 7*17^12 + 17^14 + O(17^15) : 1 + O(17^20))
   (16 + 3*17 + 13*17^3 + 16*17^4 + 4*17^5 + 12*17^6 + 6*17^7 + 16*17^8 + 5*17^9 + 13*17^10 + 12*17^11 + 17^12 + 15*17^13 + 12*17^14 + O(17^15) : 12 + 10*17 + 6*17^2 + 15*17^3 + 16*17^4 + 4*17^5 + 14*17^6 + 6*17^7 + 12*17^8 + 10*17^9 + 10*17^10 + 3*17^11 + 5*17^12 + 15*17^13 + 17^14 + O(17^15) : 1 + O(17^20))
   (16 + 3*17 + 13*17^3 + 16*17^4 + 4*17^5 + 12*17^6 + 6*17^7 + 16*17^8 + 5*17^9 + 13*17^10 + 12*17^11 + 17^12 + 15*17^13 + 12*17^14 + O(17^15) : 5 + 6*17 + 10*17^2 + 17^3 + 12*17^5 + 2*17^6 + 10*17^7 + 4*17^8 + 6*17^9 + 6*17^10 + 13*17^11 + 11*17^12 + 17^13 + 15*17^14 + O(17^15) : 1 + O(17^20))
   (16 + 3*17 + 13*17^3 + 8*17^4 + 3*17^5 + 8*17^6 + 3*17^7 + 11*17^8 + 4*17^9 + 4*17^10 + 7*17^11 + 14*17^12 + 12*17^13 + 13*17^14 + O(17^15) : 12 + 10*17 + 6*17^2 + 15*17^3 + 9*17^4 + 13*17^5 + 9*17^6 + 10*17^7 + 4*17^8 + 3*17^9 + 14*17^10 + 2*17^11 + 5*17^12 + 5*17^13 + 4*17^14 + O(17^15) : 1 + O(17^20))
   (16 + 3*17 + 13*17^3 + 8*17^4 + 3*17^5 + 8*17^6 + 3*17^7 + 11*17^8 + 4*17^9 + 4*17^10 + 7*17^11 + 14*17^12 + 12*17^13 + 13*17^14 + O(17^15) : 5 + 6*17 + 10*17^2 + 17^3 + 7*17^4 + 3*17^5 + 7*17^6 + 6*17^7 + 12*17^8 + 13*17^9 + 2*17^10 + 14*17^11 + 11*17^12 + 11*17^13 + 12*17^14 + O(17^15) : 1 + O(17^20))
   (16 + 3*17 + 13*17^3 + 8*17^4 + 7*17^5 + 17^6 + 6*17^7 + 17^9 + 11*17^10 + 5*17^11 + 7*17^12 + 6*17^13 + 15*17^14 + O(17^15) : 12 + 10*17 + 6*17^2 + 15*17^3 + 9*17^4 + 8*17^5 + 8*17^6 + 6*17^7 + 12*17^8 + 4*17^9 + 16*17^10 + 8*17^11 + 3*17^12 + 17^13 + O(17^15) : 1 + O(17^20))
   (16 + 3*17 + 13*17^3 + 8*17^4 + 7*17^5 + 17^6 + 6*17^7 + 17^9 + 11*17^10 + 5*17^11 + 7*17^12 + 6*17^13 + 15*17^14 + O(17^15) : 5 + 6*17 + 10*17^2 + 17^3 + 7*17^4 + 8*17^5 + 8*17^6 + 10*17^7 + 4*17^8 + 12*17^9 + 8*17^11 + 13*17^12 + 15*17^13 + 16*17^14 + O(17^15) : 1 + O(17^20))
   (16 + 3*17 + 13*17^3 + 9*17^4 + 13*17^5 + 13*17^6 + 11*17^7 + 2*17^8 + 10*17^9 + 6*17^10 + 9*17^11 + 3*17^12 + 11*17^13 + 10*17^14 + O(17^15) : 12 + 10*17 + 6*17^2 + 15*17^3 + 12*17^4 + 17^5 + 6*17^6 + 17^7 + 14*17^8 + 5*17^9 + 5*17^10 + 10*17^11 + 10*17^12 + 10*17^13 + 9*17^14 + O(17^15) : 1 + O(17^20))
   (16 + 3*17 + 13*17^3 + 9*17^4 + 13*17^5 + 13*17^6 + 11*17^7 + 2*17^8 + 10*17^9 + 6*17^10 + 9*17^11 + 3*17^12 + 11*17^13 + 10*17^14 + O(17^15) : 5 + 6*17 + 10*17^2 + 17^3 + 4*17^4 + 15*17^5 + 10*17^6 + 15*17^7 + 2*17^8 + 11*17^9 + 11*17^10 + 6*17^11 + 6*17^12 + 6*17^13 + 7*17^14 + O(17^15) : 1 + O(17^20))
   (16 + 3*17 + 13*17^3 + 9*17^4 + 8*17^5 + 17^6 + 16*17^7 + 2*17^8 + 10*17^9 + 17^10 + 14*17^11 + 12*17^12 + 12*17^13 + 17^14 + O(17^15) : 12 + 10*17 + 6*17^2 + 15*17^3 + 12*17^4 + 3*17^5 + 9*17^6 + 16*17^7 + 14*17^8 + 9*17^9 + 6*17^11 + 9*17^12 + 13*17^13 + 15*17^14 + O(17^15) : 1 + O(17^20))
   (16 + 3*17 + 13*17^3 + 9*17^4 + 8*17^5 + 17^6 + 16*17^7 + 2*17^8 + 10*17^9 + 17^10 + 14*17^11 + 12*17^12 + 12*17^13 + 17^14 + O(17^15) : 5 + 6*17 + 10*17^2 + 17^3 + 4*17^4 + 13*17^5 + 7*17^6 + 2*17^8 + 7*17^9 + 16*17^10 + 10*17^11 + 7*17^12 + 3*17^13 + 17^14 + O(17^15) : 1 + O(17^20))
   (16 + 3*17 + 13*17^3 + 9*17^4 + 9*17^5 + 4*17^6 + 13*17^7 + 6*17^8 + 3*17^9 + 11*17^10 + 3*17^11 + 13*17^12 + 12*17^13 + 3*17^14 + O(17^15) : 12 + 10*17 + 6*17^2 + 15*17^3 + 12*17^4 + 6*17^5 + 10*17^6 + 9*17^7 + 13*17^8 + 12*17^10 + 10*17^12 + 13*17^13 + 15*17^14 + O(17^15) : 1 + O(17^20))
   (16 + 3*17 + 13*17^3 + 9*17^4 + 9*17^5 + 4*17^6 + 13*17^7 + 6*17^8 + 3*17^9 + 11*17^10 + 3*17^11 + 13*17^12 + 12*17^13 + 3*17^14 + O(17^15) : 5 + 6*17 + 10*17^2 + 17^3 + 4*17^4 + 10*17^5 + 6*17^6 + 7*17^7 + 3*17^8 + 16*17^9 + 4*17^10 + 16*17^11 + 6*17^12 + 3*17^13 + 17^14 + O(17^15) : 1 + O(17^20))
   (16 + 3*17 + 14*17^3 + 10*17^4 + 7*17^5 + 2*17^6 + 17^7 + 9*17^8 + 4*17^9 + 17^10 + 2*17^11 + 17^12 + 8*17^13 + O(17^15) : 12 + 10*17 + 6*17^2 + 17^3 + 8*17^4 + 17^5 + 11*17^7 + 15*17^8 + 3*17^10 + 8*17^11 + 7*17^12 + 9*17^13 + 17^14 + O(17^15) : 1 + O(17^20))
   (16 + 3*17 + 14*17^3 + 10*17^4 + 7*17^5 + 2*17^6 + 17^7 + 9*17^8 + 4*17^9 + 17^10 + 2*17^11 + 17^12 + 8*17^13 + O(17^15) : 5 + 6*17 + 10*17^2 + 15*17^3 + 8*17^4 + 15*17^5 + 16*17^6 + 5*17^7 + 17^8 + 16*17^9 + 13*17^10 + 8*17^11 + 9*17^12 + 7*17^13 + 15*17^14 + O(17^15) : 1 + O(17^20))
   (16 + 3*17 + 14*17^3 + 10*17^4 + 7*17^5 + 5*17^6 + 10*17^7 + 10*17^8 + 13*17^9 + 13*17^10 + 8*17^11 + 11*17^13 + 16*17^14 + O(17^15) : 12 + 10*17 + 6*17^2 + 17^3 + 8*17^4 + 17^5 + 9*17^6 + 14*17^7 + 7*17^8 + 11*17^9 + 17^10 + 13*17^11 + 13*17^12 + 17^13 + 14*17^14 + O(17^15) : 1 + O(17^20))
   (16 + 3*17 + 14*17^3 + 10*17^4 + 7*17^5 + 5*17^6 + 10*17^7 + 10*17^8 + 13*17^9 + 13*17^10 + 8*17^11 + 11*17^13 + 16*17^14 + O(17^15) : 5 + 6*17 + 10*17^2 + 15*17^3 + 8*17^4 + 15*17^5 + 7*17^6 + 2*17^7 + 9*17^8 + 5*17^9 + 15*17^10 + 3*17^11 + 3*17^12 + 15*17^13 + 2*17^14 + O(17^15) : 1 + O(17^20))
   (16 + 3*17 + 14*17^3 + 11*17^4 + 10*17^5 + 8*17^6 + 4*17^7 + 10*17^8 + 7*17^9 + 10*17^10 + 6*17^11 + 14*17^12 + 4*17^13 + 12*17^14 + O(17^15) : 12 + 10*17 + 6*17^2 + 17^3 + 11*17^4 + 2*17^5 + 3*17^6 + 4*17^7 + 9*17^8 + 17^9 + 3*17^10 + 15*17^11 + 5*17^12 + 11*17^13 + 16*17^14 + O(17^15) : 1 + O(17^20))
   (16 + 3*17 + 14*17^3 + 11*17^4 + 10*17^5 + 8*17^6 + 4*17^7 + 10*17^8 + 7*17^9 + 10*17^10 + 6*17^11 + 14*17^12 + 4*17^13 + 12*17^14 + O(17^15) : 5 + 6*17 + 10*17^2 + 15*17^3 + 5*17^4 + 14*17^5 + 13*17^6 + 12*17^7 + 7*17^8 + 15*17^9 + 13*17^10 + 17^11 + 11*17^12 + 5*17^13 + O(17^15) : 1 + O(17^20))
   (16 + 3*17 + 14*17^3 + 11*17^4 + 5*17^5 + 12*17^6 + 11*17^7 + 9*17^8 + 14*17^9 + 8*17^11 + 4*17^12 + 14*17^13 + O(17^15) : 12 + 10*17 + 6*17^2 + 17^3 + 11*17^4 + 4*17^5 + 3*17^6 + 2*17^7 + 9*17^8 + 6*17^9 + 16*17^10 + 7*17^11 + 17^12 + 4*17^13 + 13*17^14 + O(17^15) : 1 + O(17^20))
   (16 + 3*17 + 14*17^3 + 11*17^4 + 5*17^5 + 12*17^6 + 11*17^7 + 9*17^8 + 14*17^9 + 8*17^11 + 4*17^12 + 14*17^13 + O(17^15) : 5 + 6*17 + 10*17^2 + 15*17^3 + 5*17^4 + 12*17^5 + 13*17^6 + 14*17^7 + 7*17^8 + 10*17^9 + 9*17^11 + 15*17^12 + 12*17^13 + 3*17^14 + O(17^15) : 1 + O(17^20))
   (16 + 3*17 + 14*17^3 + 13*17^4 + 6*17^5 + 17^6 + 5*17^7 + 8*17^8 + 7*17^9 + 17^10 + 9*17^11 + 13*17^12 + 5*17^13 + 17^14 + O(17^15) : 12 + 10*17 + 6*17^2 + 17^3 + 9*17^5 + 13*17^6 + 4*17^7 + 10*17^8 + 2*17^9 + 17^10 + 14*17^11 + 16*17^12 + 9*17^13 + 5*17^14 + O(17^15) : 1 + O(17^20))
   (16 + 3*17 + 14*17^3 + 13*17^4 + 6*17^5 + 17^6 + 5*17^7 + 8*17^8 + 7*17^9 + 17^10 + 9*17^11 + 13*17^12 + 5*17^13 + 17^14 + O(17^15) : 5 + 6*17 + 10*17^2 + 15*17^3 + 16*17^4 + 7*17^5 + 3*17^6 + 12*17^7 + 6*17^8 + 14*17^9 + 15*17^10 + 2*17^11 + 7*17^13 + 11*17^14 + O(17^15) : 1 + O(17^20))
   (16 + 3*17 + 14*17^3 + 13*17^4 + 9*17^6 + 4*17^7 + 11*17^8 + 14*17^9 + 6*17^10 + 15*17^11 + 7*17^12 + 7*17^13 + 8*17^14 + O(17^15) : 12 + 10*17 + 6*17^2 + 17^3 + 8*17^5 + 16*17^6 + 6*17^7 + 11*17^8 + 4*17^10 + 7*17^12 + 10*17^13 + 3*17^14 + O(17^15) : 1 + O(17^20))
   (16 + 3*17 + 14*17^3 + 13*17^4 + 9*17^6 + 4*17^7 + 11*17^8 + 14*17^9 + 6*17^10 + 15*17^11 + 7*17^12 + 7*17^13 + 8*17^14 + O(17^15) : 5 + 6*17 + 10*17^2 + 15*17^3 + 16*17^4 + 8*17^5 + 10*17^7 + 5*17^8 + 16*17^9 + 12*17^10 + 16*17^11 + 9*17^12 + 6*17^13 + 13*17^14 + O(17^15) : 1 + O(17^20))
   (16 + 3*17 + 14*17^3 + 14*17^4 + 16*17^5 + 3*17^6 + 10*17^7 + 17^8 + 14*17^9 + 15*17^10 + 9*17^11 + 4*17^13 + 9*17^14 + O(17^15) : 12 + 10*17 + 6*17^2 + 17^3 + 3*17^4 + 14*17^5 + 10*17^7 + 2*17^8 + 8*17^9 + 7*17^10 + 17^11 + 12*17^12 + 4*17^13 + 15*17^14 + O(17^15) : 1 + O(17^20))
   (16 + 3*17 + 14*17^3 + 14*17^4 + 16*17^5 + 3*17^6 + 10*17^7 + 17^8 + 14*17^9 + 15*17^10 + 9*17^11 + 4*17^13 + 9*17^14 + O(17^15) : 5 + 6*17 + 10*17^2 + 15*17^3 + 13*17^4 + 2*17^5 + 16*17^6 + 6*17^7 + 14*17^8 + 8*17^9 + 9*17^10 + 15*17^11 + 4*17^12 + 12*17^13 + 17^14 + O(17^15) : 1 + O(17^20))
   (16 + 3*17 + 14*17^3 + 14*17^4 + 16*17^5 + 6*17^6 + 6*17^7 + 16*17^8 + 11*17^9 + 3*17^10 + 14*17^11 + 6*17^12 + 9*17^14 + O(17^15) : 12 + 10*17 + 6*17^2 + 17^3 + 3*17^4 + 14*17^5 + 9*17^6 + 8*17^7 + 2*17^8 + 8*17^10 + 16*17^11 + 12*17^12 + 6*17^13 + 9*17^14 + O(17^15) : 1 + O(17^20))
   (16 + 3*17 + 14*17^3 + 14*17^4 + 16*17^5 + 6*17^6 + 6*17^7 + 16*17^8 + 11*17^9 + 3*17^10 + 14*17^11 + 6*17^12 + 9*17^14 + O(17^15) : 5 + 6*17 + 10*17^2 + 15*17^3 + 13*17^4 + 2*17^5 + 7*17^6 + 8*17^7 + 14*17^8 + 16*17^9 + 8*17^10 + 4*17^12 + 10*17^13 + 7*17^14 + O(17^15) : 1 + O(17^20))
   (16 + 3*17 + 14*17^3 + 14*17^4 + 4*17^5 + 8*17^6 + 9*17^7 + 8*17^8 + 14*17^9 + 10*17^10 + 3*17^12 + 9*17^13 + 8*17^14 + O(17^15) : 12 + 10*17 + 6*17^2 + 17^3 + 3*17^4 + 12*17^5 + 7*17^6 + 17^7 + 8*17^8 + 4*17^9 + 16*17^10 + 13*17^11 + 13*17^12 + 15*17^13 + 5*17^14 + O(17^15) : 1 + O(17^20))
   (16 + 3*17 + 14*17^3 + 14*17^4 + 4*17^5 + 8*17^6 + 9*17^7 + 8*17^8 + 14*17^9 + 10*17^10 + 3*17^12 + 9*17^13 + 8*17^14 + O(17^15) : 5 + 6*17 + 10*17^2 + 15*17^3 + 13*17^4 + 4*17^5 + 9*17^6 + 15*17^7 + 8*17^8 + 12*17^9 + 3*17^11 + 3*17^12 + 17^13 + 11*17^14 + O(17^15) : 1 + O(17^20))
   (16 + 3*17 + 14*17^3 + 3*17^4 + 16*17^5 + 15*17^6 + 14*17^7 + 4*17^8 + 10*17^9 + 7*17^10 + 13*17^11 + 11*17^13 + 2*17^14 + O(17^15) : 12 + 10*17 + 6*17^2 + 17^3 + 4*17^4 + 15*17^5 + 10*17^6 + 3*17^7 + 10*17^8 + 3*17^9 + 6*17^10 + 5*17^11 + 6*17^12 + 2*17^13 + 15*17^14 + O(17^15) : 1 + O(17^20))
   (16 + 3*17 + 14*17^3 + 3*17^4 + 16*17^5 + 15*17^6 + 14*17^7 + 4*17^8 + 10*17^9 + 7*17^10 + 13*17^11 + 11*17^13 + 2*17^14 + O(17^15) : 5 + 6*17 + 10*17^2 + 15*17^3 + 12*17^4 + 17^5 + 6*17^6 + 13*17^7 + 6*17^8 + 13*17^9 + 10*17^10 + 11*17^11 + 10*17^12 + 14*17^13 + 17^14 + O(17^15) : 1 + O(17^20))
   (16 + 3*17 + 14*17^3 + 4*17^4 + 8*17^6 + 10*17^7 + 9*17^8 + 12*17^9 + 5*17^10 + 3*17^11 + 17^12 + 11*17^13 + 10*17^14 + O(17^15) : 12 + 10*17 + 6*17^2 + 17^3 + 7*17^4 + 10*17^5 + 4*17^6 + 8*17^8 + 2*17^9 + 2*17^10 + 5*17^11 + 10*17^12 + 6*17^13 + 6*17^14 + O(17^15) : 1 + O(17^20))
   (16 + 3*17 + 14*17^3 + 4*17^4 + 8*17^6 + 10*17^7 + 9*17^8 + 12*17^9 + 5*17^10 + 3*17^11 + 17^12 + 11*17^13 + 10*17^14 + O(17^15) : 5 + 6*17 + 10*17^2 + 15*17^3 + 9*17^4 + 6*17^5 + 12*17^6 + 16*17^7 + 8*17^8 + 14*17^9 + 14*17^10 + 11*17^11 + 6*17^12 + 10*17^13 + 10*17^14 + O(17^15) : 1 + O(17^20))
   (16 + 3*17 + 15*17^3 + 10*17^4 + 9*17^5 + 5*17^6 + 16*17^7 + 14*17^8 + 16*17^10 + 16*17^11 + 5*17^12 + 11*17^13 + 16*17^14 + O(17^15) : 12 + 10*17 + 6*17^2 + 4*17^3 + 16*17^5 + 15*17^6 + 10*17^7 + 10*17^8 + 3*17^9 + 11*17^10 + 13*17^12 + 15*17^13 + 9*17^14 + O(17^15) : 1 + O(17^20))
   (16 + 3*17 + 15*17^3 + 10*17^4 + 9*17^5 + 5*17^6 + 16*17^7 + 14*17^8 + 16*17^10 + 16*17^11 + 5*17^12 + 11*17^13 + 16*17^14 + O(17^15) : 5 + 6*17 + 10*17^2 + 12*17^3 + 16*17^4 + 17^6 + 6*17^7 + 6*17^8 + 13*17^9 + 5*17^10 + 16*17^11 + 3*17^12 + 17^13 + 7*17^14 + O(17^15) : 1 + O(17^20))
   (16 + 3*17 + 15*17^3 + 13*17^4 + 3*17^5 + 9*17^6 + 14*17^7 + 15*17^8 + 16*17^9 + 9*17^11 + 4*17^12 + 11*17^13 + O(17^15) : 12 + 10*17 + 6*17^2 + 4*17^3 + 9*17^4 + 8*17^5 + 15*17^6 + 6*17^7 + 10*17^8 + 4*17^9 + 15*17^10 + 7*17^11 + 14*17^12 + 11*17^13 + 4*17^14 + O(17^15) : 1 + O(17^20))
   (16 + 3*17 + 15*17^3 + 13*17^4 + 3*17^5 + 9*17^6 + 14*17^7 + 15*17^8 + 16*17^9 + 9*17^11 + 4*17^12 + 11*17^13 + O(17^15) : 5 + 6*17 + 10*17^2 + 12*17^3 + 7*17^4 + 8*17^5 + 17^6 + 10*17^7 + 6*17^8 + 12*17^9 + 17^10 + 9*17^11 + 2*17^12 + 5*17^13 + 12*17^14 + O(17^15) : 1 + O(17^20))
   (16 + 3*17 + 15*17^3 + 2*17^4 + 4*17^5 + 8*17^6 + 3*17^7 + 11*17^8 + 14*17^9 + 9*17^10 + 14*17^11 + 17^12 + 5*17^13 + 6*17^14 + O(17^15) : 12 + 10*17 + 6*17^2 + 4*17^3 + 10*17^4 + 12*17^5 + 12*17^6 + 14*17^7 + 17^8 + 11*17^9 + 16*17^10 + 3*17^11 + 17^12 + 3*17^13 + 8*17^14 + O(17^15) : 1 + O(17^20))
   (16 + 3*17 + 15*17^3 + 2*17^4 + 4*17^5 + 8*17^6 + 3*17^7 + 11*17^8 + 14*17^9 + 9*17^10 + 14*17^11 + 17^12 + 5*17^13 + 6*17^14 + O(17^15) : 5 + 6*17 + 10*17^2 + 12*17^3 + 6*17^4 + 4*17^5 + 4*17^6 + 2*17^7 + 15*17^8 + 5*17^9 + 13*17^11 + 15*17^12 + 13*17^13 + 8*17^14 + O(17^15) : 1 + O(17^20))
   (16 + 3*17 + 15*17^3 + 4*17^4 + 9*17^5 + 3*17^6 + 17^7 + 13*17^8 + 15*17^9 + 4*17^10 + 6*17^11 + 7*17^12 + 13*17^13 + 17^14 + O(17^15) : 12 + 10*17 + 6*17^2 + 4*17^3 + 16*17^4 + 11*17^5 + 9*17^6 + 16*17^7 + 11*17^8 + 11*17^9 + 14*17^10 + 5*17^11 + 13*17^12 + 15*17^13 + O(17^15) : 1 + O(17^20))
   (16 + 3*17 + 15*17^3 + 4*17^4 + 9*17^5 + 3*17^6 + 17^7 + 13*17^8 + 15*17^9 + 4*17^10 + 6*17^11 + 7*17^12 + 13*17^13 + 17^14 + O(17^15) : 5 + 6*17 + 10*17^2 + 12*17^3 + 5*17^5 + 7*17^6 + 5*17^8 + 5*17^9 + 2*17^10 + 11*17^11 + 3*17^12 + 17^13 + 16*17^14 + O(17^15) : 1 + O(17^20))
   (16 + 3*17 + 15*17^3 + 6*17^4 + 16*17^5 + 15*17^6 + 10*17^7 + 15*17^8 + 2*17^9 + 9*17^10 + 8*17^11 + 15*17^12 + 10*17^13 + 17^14 + O(17^15) : 12 + 10*17 + 6*17^2 + 4*17^3 + 5*17^4 + 8*17^6 + 3*17^7 + 7*17^8 + 9*17^9 + 13*17^10 + 16*17^11 + 4*17^12 + 16*17^13 + 8*17^14 + O(17^15) : 1 + O(17^20))
   (16 + 3*17 + 15*17^3 + 6*17^4 + 16*17^5 + 15*17^6 + 10*17^7 + 15*17^8 + 2*17^9 + 9*17^10 + 8*17^11 + 15*17^12 + 10*17^13 + 17^14 + O(17^15) : 5 + 6*17 + 10*17^2 + 12*17^3 + 11*17^4 + 16*17^5 + 8*17^6 + 13*17^7 + 9*17^8 + 7*17^9 + 3*17^10 + 12*17^12 + 8*17^14 + O(17^15) : 1 + O(17^20))
   (16 + 3*17 + 15*17^3 + 7*17^4 + 2*17^5 + 13*17^6 + 13*17^7 + 15*17^8 + 3*17^9 + 3*17^10 + 14*17^12 + 7*17^13 + 3*17^14 + O(17^15) : 12 + 10*17 + 6*17^2 + 4*17^3 + 8*17^4 + 17^5 + 17^6 + 16*17^7 + 17^8 + 16*17^9 + 6*17^10 + 3*17^11 + 14*17^12 + 5*17^13 + 3*17^14 + O(17^15) : 1 + O(17^20))
   (16 + 3*17 + 15*17^3 + 7*17^4 + 2*17^5 + 13*17^6 + 13*17^7 + 15*17^8 + 3*17^9 + 3*17^10 + 14*17^12 + 7*17^13 + 3*17^14 + O(17^15) : 5 + 6*17 + 10*17^2 + 12*17^3 + 8*17^4 + 15*17^5 + 15*17^6 + 15*17^8 + 10*17^10 + 13*17^11 + 2*17^12 + 11*17^13 + 13*17^14 + O(17^15) : 1 + O(17^20))
   (16 + 3*17 + 15*17^3 + 9*17^4 + 11*17^5 + 6*17^6 + 2*17^7 + 6*17^8 + 10*17^9 + 10*17^10 + 9*17^11 + 17^12 + 2*17^14 + O(17^15) : 12 + 10*17 + 6*17^2 + 4*17^3 + 14*17^4 + 12*17^5 + 11*17^6 + 6*17^7 + 3*17^8 + 7*17^10 + 3*17^11 + 2*17^12 + 5*17^13 + 15*17^14 + O(17^15) : 1 + O(17^20))
   (16 + 3*17 + 15*17^3 + 9*17^4 + 11*17^5 + 6*17^6 + 2*17^7 + 6*17^8 + 10*17^9 + 10*17^10 + 9*17^11 + 17^12 + 2*17^14 + O(17^15) : 5 + 6*17 + 10*17^2 + 12*17^3 + 2*17^4 + 4*17^5 + 5*17^6 + 10*17^7 + 13*17^8 + 16*17^9 + 9*17^10 + 13*17^11 + 14*17^12 + 11*17^13 + 17^14 + O(17^15) : 1 + O(17^20))
   (16 + 3*17 + 15*17^3 + 9*17^4 + 12*17^5 + 12*17^6 + 12*17^7 + 13*17^8 + 10*17^9 + 14*17^10 + 13*17^11 + 3*17^12 + 2*17^14 + O(17^15) : 12 + 10*17 + 6*17^2 + 4*17^3 + 14*17^4 + 15*17^5 + 4*17^6 + 15*17^7 + 2*17^8 + 6*17^9 + 13*17^10 + 2*17^11 + 4*17^12 + 14*17^13 + 11*17^14 + O(17^15) : 1 + O(17^20))
   (16 + 3*17 + 15*17^3 + 9*17^4 + 12*17^5 + 12*17^6 + 12*17^7 + 13*17^8 + 10*17^9 + 14*17^10 + 13*17^11 + 3*17^12 + 2*17^14 + O(17^15) : 5 + 6*17 + 10*17^2 + 12*17^3 + 2*17^4 + 17^5 + 12*17^6 + 17^7 + 14*17^8 + 10*17^9 + 3*17^10 + 14*17^11 + 12*17^12 + 2*17^13 + 5*17^14 + O(17^15) : 1 + O(17^20))
   (16 + 3*17 + 16*17^3 + 14*17^4 + 10*17^5 + 7*17^6 + 10*17^7 + 12*17^8 + 14*17^9 + 4*17^10 + 8*17^11 + 15*17^13 + 8*17^14 + O(17^15) : 12 + 10*17 + 6*17^2 + 7*17^3 + 4*17^4 + 13*17^5 + 2*17^6 + 16*17^7 + 5*17^8 + 12*17^9 + 3*17^10 + 17^11 + 10*17^12 + 11*17^13 + 9*17^14 + O(17^15) : 1 + O(17^20))
   (16 + 3*17 + 16*17^3 + 14*17^4 + 10*17^5 + 7*17^6 + 10*17^7 + 12*17^8 + 14*17^9 + 4*17^10 + 8*17^11 + 15*17^13 + 8*17^14 + O(17^15) : 5 + 6*17 + 10*17^2 + 9*17^3 + 12*17^4 + 3*17^5 + 14*17^6 + 11*17^8 + 4*17^9 + 13*17^10 + 15*17^11 + 6*17^12 + 5*17^13 + 7*17^14 + O(17^15) : 1 + O(17^20))
   (16 + 3*17 + 16*17^3 + 15*17^4 + 12*17^5 + 2*17^6 + 11*17^7 + 13*17^8 + 5*17^9 + 9*17^10 + 11*17^11 + 10*17^12 + 14*17^13 + 8*17^14 + O(17^15) : 12 + 10*17 + 6*17^2 + 7*17^3 + 7*17^4 + 11*17^5 + 14*17^6 + 12*17^7 + 9*17^8 + 3*17^9 + 13*17^10 + 2*17^11 + 15*17^12 + 17^13 + 4*17^14 + O(17^15) : 1 + O(17^20))
   (16 + 3*17 + 16*17^3 + 15*17^4 + 12*17^5 + 2*17^6 + 11*17^7 + 13*17^8 + 5*17^9 + 9*17^10 + 11*17^11 + 10*17^12 + 14*17^13 + 8*17^14 + O(17^15) : 5 + 6*17 + 10*17^2 + 9*17^3 + 9*17^4 + 5*17^5 + 2*17^6 + 4*17^7 + 7*17^8 + 13*17^9 + 3*17^10 + 14*17^11 + 17^12 + 15*17^13 + 12*17^14 + O(17^15) : 1 + O(17^20))
   (16 + 3*17 + 16*17^3 + 17^4 + 5*17^5 + 8*17^6 + 14*17^8 + 10*17^9 + 10*17^10 + 9*17^11 + 12*17^12 + 12*17^13 + 15*17^14 + O(17^15) : 12 + 10*17 + 6*17^2 + 7*17^3 + 16*17^4 + 14*17^5 + 17^6 + 6*17^8 + 6*17^9 + 5*17^10 + 6*17^11 + 7*17^12 + 6*17^13 + 15*17^14 + O(17^15) : 1 + O(17^20))
   (16 + 3*17 + 16*17^3 + 17^4 + 5*17^5 + 8*17^6 + 14*17^8 + 10*17^9 + 10*17^10 + 9*17^11 + 12*17^12 + 12*17^13 + 15*17^14 + O(17^15) : 5 + 6*17 + 10*17^2 + 9*17^3 + 2*17^5 + 15*17^6 + 16*17^7 + 10*17^8 + 10*17^9 + 11*17^10 + 10*17^11 + 9*17^12 + 10*17^13 + 17^14 + O(17^15) : 1 + O(17^20))
   (16 + 3*17 + 16*17^3 + 2*17^4 + 11*17^5 + 17^6 + 13*17^7 + 3*17^8 + 6*17^10 + 17^11 + 15*17^12 + 17^13 + 2*17^14 + O(17^15) : 12 + 10*17 + 6*17^2 + 7*17^3 + 2*17^4 + 8*17^5 + 10*17^6 + 14*17^7 + 3*17^8 + 2*17^9 + 8*17^10 + 5*17^11 + 14*17^12 + 17^13 + 11*17^14 + O(17^15) : 1 + O(17^20))
   (16 + 3*17 + 16*17^3 + 2*17^4 + 11*17^5 + 17^6 + 13*17^7 + 3*17^8 + 6*17^10 + 17^11 + 15*17^12 + 17^13 + 2*17^14 + O(17^15) : 5 + 6*17 + 10*17^2 + 9*17^3 + 14*17^4 + 8*17^5 + 6*17^6 + 2*17^7 + 13*17^8 + 14*17^9 + 8*17^10 + 11*17^11 + 2*17^12 + 15*17^13 + 5*17^14 + O(17^15) : 1 + O(17^20))
   (16 + 3*17 + 16*17^3 + 6*17^4 + 5*17^5 + 14*17^6 + 8*17^7 + 16*17^8 + 12*17^9 + 10*17^10 + 4*17^11 + 3*17^12 + 10*17^13 + 4*17^14 + O(17^15) : 12 + 10*17 + 6*17^2 + 7*17^3 + 14*17^4 + 9*17^5 + 11*17^6 + 4*17^7 + 15*17^8 + 3*17^9 + 17^10 + 12*17^11 + 14*17^12 + 16*17^13 + 5*17^14 + O(17^15) : 1 + O(17^20))
   (16 + 3*17 + 16*17^3 + 6*17^4 + 5*17^5 + 14*17^6 + 8*17^7 + 16*17^8 + 12*17^9 + 10*17^10 + 4*17^11 + 3*17^12 + 10*17^13 + 4*17^14 + O(17^15) : 5 + 6*17 + 10*17^2 + 9*17^3 + 2*17^4 + 7*17^5 + 5*17^6 + 12*17^7 + 17^8 + 13*17^9 + 15*17^10 + 4*17^11 + 2*17^12 + 11*17^14 + O(17^15) : 1 + O(17^20))
   (16 + 3*17 + 16*17^3 + 7*17^4 + 15*17^5 + 12*17^6 + 4*17^7 + 4*17^8 + 12*17^9 + 3*17^10 + 4*17^11 + 3*17^12 + 9*17^13 + 3*17^14 + O(17^15) : 12 + 10*17 + 6*17^2 + 7*17^3 + 15*17^5 + 3*17^6 + 14*17^7 + 3*17^8 + 10*17^9 + 3*17^10 + 6*17^11 + 11*17^12 + 15*17^13 + 14*17^14 + O(17^15) : 1 + O(17^20))
   (16 + 3*17 + 16*17^3 + 7*17^4 + 15*17^5 + 12*17^6 + 4*17^7 + 4*17^8 + 12*17^9 + 3*17^10 + 4*17^11 + 3*17^12 + 9*17^13 + 3*17^14 + O(17^15) : 5 + 6*17 + 10*17^2 + 9*17^3 + 16*17^4 + 17^5 + 13*17^6 + 2*17^7 + 13*17^8 + 6*17^9 + 13*17^10 + 10*17^11 + 5*17^12 + 17^13 + 2*17^14 + O(17^15) : 1 + O(17^20))
   (16 + 3*17 + 16*17^3 + 9*17^4 + 4*17^5 + 11*17^6 + 10*17^7 + 2*17^8 + 5*17^9 + 11*17^10 + 8*17^11 + 5*17^12 + 15*17^13 + 5*17^14 + O(17^15) : 12 + 10*17 + 6*17^2 + 7*17^3 + 6*17^4 + 2*17^6 + 8*17^7 + 13*17^8 + 12*17^9 + 13*17^10 + 7*17^12 + 14*17^13 + 16*17^14 + O(17^15) : 1 + O(17^20))
   (16 + 3*17 + 16*17^3 + 9*17^4 + 4*17^5 + 11*17^6 + 10*17^7 + 2*17^8 + 5*17^9 + 11*17^10 + 8*17^11 + 5*17^12 + 15*17^13 + 5*17^14 + O(17^15) : 5 + 6*17 + 10*17^2 + 9*17^3 + 10*17^4 + 16*17^5 + 14*17^6 + 8*17^7 + 3*17^8 + 4*17^9 + 3*17^10 + 16*17^11 + 9*17^12 + 2*17^13 + O(17^15) : 1 + O(17^20))
   (16 + 3*17 + 17^3 + 10*17^4 + 12*17^5 + 16*17^6 + 14*17^7 + 6*17^8 + 13*17^9 + 3*17^10 + 9*17^11 + 9*17^12 + 4*17^13 + 15*17^14 + O(17^15) : 12 + 10*17 + 6*17^2 + 13*17^3 + 7*17^4 + 7*17^5 + 16*17^6 + 2*17^7 + 6*17^9 + 11*17^10 + 6*17^11 + 3*17^12 + 8*17^13 + 6*17^14 + O(17^15) : 1 + O(17^20))
   (16 + 3*17 + 17^3 + 10*17^4 + 12*17^5 + 16*17^6 + 14*17^7 + 6*17^8 + 13*17^9 + 3*17^10 + 9*17^11 + 9*17^12 + 4*17^13 + 15*17^14 + O(17^15) : 5 + 6*17 + 10*17^2 + 3*17^3 + 9*17^4 + 9*17^5 + 14*17^7 + 16*17^8 + 10*17^9 + 5*17^10 + 10*17^11 + 13*17^12 + 8*17^13 + 10*17^14 + O(17^15) : 1 + O(17^20))
   (16 + 3*17 + 17^3 + 15*17^4 + 17^5 + 13*17^6 + 17^7 + 14*17^9 + 10*17^10 + 10*17^11 + 5*17^12 + 15*17^13 + 15*17^14 + O(17^15) : 12 + 10*17 + 6*17^2 + 13*17^3 + 5*17^4 + 3*17^5 + 6*17^7 + 6*17^8 + 3*17^9 + 12*17^10 + 15*17^11 + 14*17^12 + 16*17^13 + 12*17^14 + O(17^15) : 1 + O(17^20))
   (16 + 3*17 + 17^3 + 15*17^4 + 17^5 + 13*17^6 + 17^7 + 14*17^9 + 10*17^10 + 10*17^11 + 5*17^12 + 15*17^13 + 15*17^14 + O(17^15) : 5 + 6*17 + 10*17^2 + 3*17^3 + 11*17^4 + 13*17^5 + 16*17^6 + 10*17^7 + 10*17^8 + 13*17^9 + 4*17^10 + 17^11 + 2*17^12 + 4*17^14 + O(17^15) : 1 + O(17^20))
   (16 + 3*17 + 17^3 + 17^4 + 17^5 + 10*17^6 + 2*17^7 + 3*17^8 + 11*17^9 + 11*17^10 + 14*17^11 + 9*17^12 + 4*17^13 + 6*17^14 + O(17^15) : 12 + 10*17 + 6*17^2 + 13*17^3 + 14*17^4 + 10*17^5 + 7*17^6 + 6*17^7 + 5*17^8 + 8*17^9 + 14*17^11 + 5*17^12 + 7*17^13 + 11*17^14 + O(17^15) : 1 + O(17^20))
   (16 + 3*17 + 17^3 + 17^4 + 17^5 + 10*17^6 + 2*17^7 + 3*17^8 + 11*17^9 + 11*17^10 + 14*17^11 + 9*17^12 + 4*17^13 + 6*17^14 + O(17^15) : 5 + 6*17 + 10*17^2 + 3*17^3 + 2*17^4 + 6*17^5 + 9*17^6 + 10*17^7 + 11*17^8 + 8*17^9 + 16*17^10 + 2*17^11 + 11*17^12 + 9*17^13 + 5*17^14 + O(17^15) : 1 + O(17^20))
   (16 + 3*17 + 17^3 + 5*17^4 + 12*17^5 + 5*17^6 + 8*17^7 + 16*17^8 + 9*17^9 + 7*17^10 + 7*17^11 + 10*17^12 + 12*17^13 + 11*17^14 + O(17^15) : 12 + 10*17 + 6*17^2 + 13*17^3 + 9*17^4 + 12*17^5 + 8*17^6 + 9*17^7 + 8*17^8 + 4*17^9 + 12*17^10 + 5*17^11 + 3*17^12 + 4*17^13 + 10*17^14 + O(17^15) : 1 + O(17^20))
   (16 + 3*17 + 17^3 + 5*17^4 + 12*17^5 + 5*17^6 + 8*17^7 + 16*17^8 + 9*17^9 + 7*17^10 + 7*17^11 + 10*17^12 + 12*17^13 + 11*17^14 + O(17^15) : 5 + 6*17 + 10*17^2 + 3*17^3 + 7*17^4 + 4*17^5 + 8*17^6 + 7*17^7 + 8*17^8 + 12*17^9 + 4*17^10 + 11*17^11 + 13*17^12 + 12*17^13 + 6*17^14 + O(17^15) : 1 + O(17^20))
   (16 + 3*17 + 17^3 + 6*17^4 + 17^5 + 16*17^6 + 14*17^7 + 5*17^8 + 8*17^9 + 8*17^10 + 12*17^11 + 16*17^12 + 4*17^13 + 9*17^14 + O(17^15) : 12 + 10*17 + 6*17^2 + 13*17^3 + 12*17^4 + 5*17^5 + 6*17^7 + 11*17^8 + 15*17^9 + 3*17^10 + 5*17^11 + 10*17^12 + 9*17^13 + 6*17^14 + O(17^15) : 1 + O(17^20))
   (16 + 3*17 + 17^3 + 6*17^4 + 17^5 + 16*17^6 + 14*17^7 + 5*17^8 + 8*17^9 + 8*17^10 + 12*17^11 + 16*17^12 + 4*17^13 + 9*17^14 + O(17^15) : 5 + 6*17 + 10*17^2 + 3*17^3 + 4*17^4 + 11*17^5 + 16*17^6 + 10*17^7 + 5*17^8 + 17^9 + 13*17^10 + 11*17^11 + 6*17^12 + 7*17^13 + 10*17^14 + O(17^15) : 1 + O(17^20))
   (16 + 3*17 + 17^3 + 8*17^5 + 11*17^6 + 12*17^7 + 9*17^8 + 5*17^9 + 13*17^10 + 9*17^11 + 16*17^12 + 15*17^13 + 5*17^14 + O(17^15) : 12 + 10*17 + 6*17^2 + 13*17^3 + 11*17^4 + 5*17^5 + 15*17^6 + 14*17^7 + 10*17^8 + 12*17^10 + 13*17^11 + 6*17^12 + 9*17^13 + O(17^15) : 1 + O(17^20))
   (16 + 3*17 + 17^3 + 8*17^5 + 11*17^6 + 12*17^7 + 9*17^8 + 5*17^9 + 13*17^10 + 9*17^11 + 16*17^12 + 15*17^13 + 5*17^14 + O(17^15) : 5 + 6*17 + 10*17^2 + 3*17^3 + 5*17^4 + 11*17^5 + 17^6 + 2*17^7 + 6*17^8 + 16*17^9 + 4*17^10 + 3*17^11 + 10*17^12 + 7*17^13 + 16*17^14 + O(17^15) : 1 + O(17^20))
   (16 + 3*17 + 17^3 + 9*17^4 + 10*17^5 + 4*17^6 + 3*17^7 + 6*17^8 + 13*17^9 + 10*17^10 + 9*17^11 + 12*17^12 + 17^13 + 2*17^14 + O(17^15) : 12 + 10*17 + 6*17^2 + 13*17^3 + 4*17^4 + 9*17^5 + 4*17^6 + 7*17^7 + 8*17^8 + 16*17^9 + 12*17^10 + 4*17^11 + 15*17^12 + 7*17^13 + 14*17^14 + O(17^15) : 1 + O(17^20))
   (16 + 3*17 + 17^3 + 9*17^4 + 10*17^5 + 4*17^6 + 3*17^7 + 6*17^8 + 13*17^9 + 10*17^10 + 9*17^11 + 12*17^12 + 17^13 + 2*17^14 + O(17^15) : 5 + 6*17 + 10*17^2 + 3*17^3 + 12*17^4 + 7*17^5 + 12*17^6 + 9*17^7 + 8*17^8 + 4*17^10 + 12*17^11 + 17^12 + 9*17^13 + 2*17^14 + O(17^15) : 1 + O(17^20))
   (16 + 3*17 + 2*17^3 + 11*17^4 + 2*17^5 + 6*17^6 + 4*17^7 + 12*17^8 + 5*17^9 + 7*17^10 + 10*17^11 + 3*17^12 + 9*17^13 + 4*17^14 + O(17^15) : 12 + 10*17 + 6*17^2 + 16*17^3 + 2*17^4 + 12*17^5 + 10*17^6 + 17^7 + 10*17^8 + 16*17^9 + 17^10 + 17^11 + 5*17^12 + 3*17^13 + 15*17^14 + O(17^15) : 1 + O(17^20))
   (16 + 3*17 + 2*17^3 + 11*17^4 + 2*17^5 + 6*17^6 + 4*17^7 + 12*17^8 + 5*17^9 + 7*17^10 + 10*17^11 + 3*17^12 + 9*17^13 + 4*17^14 + O(17^15) : 5 + 6*17 + 10*17^2 + 14*17^4 + 4*17^5 + 6*17^6 + 15*17^7 + 6*17^8 + 15*17^10 + 15*17^11 + 11*17^12 + 13*17^13 + 17^14 + O(17^15) : 1 + O(17^20))
   (16 + 3*17 + 2*17^3 + 14*17^4 + 13*17^5 + 9*17^6 + 13*17^8 + 4*17^9 + 11*17^10 + 7*17^12 + 2*17^13 + 4*17^14 + O(17^15) : 12 + 10*17 + 6*17^2 + 16*17^3 + 11*17^4 + 4*17^5 + 10*17^6 + 8*17^7 + 11*17^8 + 13*17^9 + 5*17^10 + 15*17^12 + 9*17^13 + 14*17^14 + O(17^15) : 1 + O(17^20))
   (16 + 3*17 + 2*17^3 + 14*17^4 + 13*17^5 + 9*17^6 + 13*17^8 + 4*17^9 + 11*17^10 + 7*17^12 + 2*17^13 + 4*17^14 + O(17^15) : 5 + 6*17 + 10*17^2 + 5*17^4 + 12*17^5 + 6*17^6 + 8*17^7 + 5*17^8 + 3*17^9 + 11*17^10 + 16*17^11 + 17^12 + 7*17^13 + 2*17^14 + O(17^15) : 1 + O(17^20))
   (16 + 3*17 + 2*17^3 + 15*17^4 + 10*17^5 + 2*17^6 + 9*17^7 + 8*17^8 + 10*17^9 + 7*17^10 + 15*17^11 + 17^13 + 8*17^14 + O(17^15) : 12 + 10*17 + 6*17^2 + 16*17^3 + 14*17^4 + 4*17^5 + 4*17^6 + 2*17^7 + 14*17^8 + 5*17^9 + 10*17^10 + 17^11 + 3*17^12 + 7*17^13 + 7*17^14 + O(17^15) : 1 + O(17^20))
   (16 + 3*17 + 2*17^3 + 15*17^4 + 10*17^5 + 2*17^6 + 9*17^7 + 8*17^8 + 10*17^9 + 7*17^10 + 15*17^11 + 17^13 + 8*17^14 + O(17^15) : 5 + 6*17 + 10*17^2 + 2*17^4 + 12*17^5 + 12*17^6 + 14*17^7 + 2*17^8 + 11*17^9 + 6*17^10 + 15*17^11 + 13*17^12 + 9*17^13 + 9*17^14 + O(17^15) : 1 + O(17^20))
   (16 + 3*17 + 2*17^3 + 15*17^4 + 11*17^5 + 8*17^6 + 2*17^7 + 4*17^8 + 13*17^9 + 10*17^10 + 2*17^12 + 13*17^13 + 3*17^14 + O(17^15) : 12 + 10*17 + 6*17^2 + 16*17^3 + 14*17^4 + 7*17^5 + 14*17^6 + 10*17^7 + 11*17^8 + 13*17^9 + 4*17^10 + 15*17^11 + 8*17^12 + 8*17^13 + 17^14 + O(17^15) : 1 + O(17^20))
   (16 + 3*17 + 2*17^3 + 15*17^4 + 11*17^5 + 8*17^6 + 2*17^7 + 4*17^8 + 13*17^9 + 10*17^10 + 2*17^12 + 13*17^13 + 3*17^14 + O(17^15) : 5 + 6*17 + 10*17^2 + 2*17^4 + 9*17^5 + 2*17^6 + 6*17^7 + 5*17^8 + 3*17^9 + 12*17^10 + 17^11 + 8*17^12 + 8*17^13 + 15*17^14 + O(17^15) : 1 + O(17^20))
   (16 + 3*17 + 2*17^3 + 17^4 + 7*17^5 + 16*17^6 + 8*17^7 + 12*17^8 + 2*17^9 + 15*17^10 + 11*17^11 + 15*17^12 + 12*17^13 + 6*17^14 + O(17^15) : 12 + 10*17 + 6*17^2 + 16*17^3 + 6*17^4 + 3*17^5 + 17^6 + 8*17^7 + 12*17^8 + 13*17^9 + 3*17^10 + 13*17^11 + 17^12 + 2*17^13 + 9*17^14 + O(17^15) : 1 + O(17^20))
   (16 + 3*17 + 2*17^3 + 17^4 + 7*17^5 + 16*17^6 + 8*17^7 + 12*17^8 + 2*17^9 + 15*17^10 + 11*17^11 + 15*17^12 + 12*17^13 + 6*17^14 + O(17^15) : 5 + 6*17 + 10*17^2 + 10*17^4 + 13*17^5 + 15*17^6 + 8*17^7 + 4*17^8 + 3*17^9 + 13*17^10 + 3*17^11 + 15*17^12 + 14*17^13 + 7*17^14 + O(17^15) : 1 + O(17^20))
   (16 + 3*17 + 2*17^3 + 3*17^4 + 14*17^5 + 11*17^6 + 11*17^7 + 14*17^8 + 15*17^9 + 8*17^10 + 9*17^11 + 4*17^12 + 15*17^13 + 13*17^14 + O(17^15) : 12 + 10*17 + 6*17^2 + 16*17^3 + 12*17^4 + 8*17^5 + 16*17^6 + 7*17^7 + 13*17^8 + 7*17^9 + 8*17^10 + 3*17^11 + 6*17^12 + 10*17^13 + 13*17^14 + O(17^15) : 1 + O(17^20))
   (16 + 3*17 + 2*17^3 + 3*17^4 + 14*17^5 + 11*17^6 + 11*17^7 + 14*17^8 + 15*17^9 + 8*17^10 + 9*17^11 + 4*17^12 + 15*17^13 + 13*17^14 + O(17^15) : 5 + 6*17 + 10*17^2 + 4*17^4 + 8*17^5 + 9*17^7 + 3*17^8 + 9*17^9 + 8*17^10 + 13*17^11 + 10*17^12 + 6*17^13 + 3*17^14 + O(17^15) : 1 + O(17^20))
   (16 + 3*17 + 2*17^3 + 4*17^5 + 2*17^6 + 17^7 + 6*17^8 + 9*17^9 + 8*17^10 + 7*17^11 + 5*17^12 + 15*17^13 + 17^14 + O(17^15) : 12 + 10*17 + 6*17^2 + 16*17^3 + 3*17^4 + 2*17^5 + 8*17^6 + 14*17^7 + 3*17^8 + 9*17^9 + 5*17^10 + 14*17^11 + 5*17^12 + 6*17^13 + 13*17^14 + O(17^15) : 1 + O(17^20))
   (16 + 3*17 + 2*17^3 + 4*17^5 + 2*17^6 + 17^7 + 6*17^8 + 9*17^9 + 8*17^10 + 7*17^11 + 5*17^12 + 15*17^13 + 17^14 + O(17^15) : 5 + 6*17 + 10*17^2 + 13*17^4 + 14*17^5 + 8*17^6 + 2*17^7 + 13*17^8 + 7*17^9 + 11*17^10 + 2*17^11 + 11*17^12 + 10*17^13 + 3*17^14 + O(17^15) : 1 + O(17^20))
   (16 + 3*17 + 2*17^3 + 5*17^4 + 2*17^5 + 7*17^6 + 2*17^7 + 16*17^8 + 5*17^9 + 2*17^10 + 7*17^11 + 14*17^12 + 16*17^13 + 6*17^14 + O(17^15) : 12 + 10*17 + 6*17^2 + 16*17^3 + 17^4 + 8*17^5 + 13*17^6 + 5*17^7 + 12*17^8 + 12*17^9 + 7*17^10 + 17^11 + 15*17^12 + 2*17^13 + 10*17^14 + O(17^15) : 1 + O(17^20))
   (16 + 3*17 + 2*17^3 + 5*17^4 + 2*17^5 + 7*17^6 + 2*17^7 + 16*17^8 + 5*17^9 + 2*17^10 + 7*17^11 + 14*17^12 + 16*17^13 + 6*17^14 + O(17^15) : 5 + 6*17 + 10*17^2 + 15*17^4 + 8*17^5 + 3*17^6 + 11*17^7 + 4*17^8 + 4*17^9 + 9*17^10 + 15*17^11 + 17^12 + 14*17^13 + 6*17^14 + O(17^15) : 1 + O(17^20))
   (16 + 3*17 + 3*17^3 + 10*17^4 + 17^5 + 9*17^6 + 3*17^7 + 9*17^8 + 15*17^10 + 14*17^11 + 7*17^12 + 15*17^14 + O(17^15) : 12 + 10*17 + 6*17^2 + 2*17^3 + 9*17^4 + 8*17^5 + 7*17^6 + 4*17^7 + 8*17^8 + 15*17^9 + 5*17^10 + 16*17^11 + 13*17^12 + 8*17^13 + 4*17^14 + O(17^15) : 1 + O(17^20))
   (16 + 3*17 + 3*17^3 + 10*17^4 + 17^5 + 9*17^6 + 3*17^7 + 9*17^8 + 15*17^10 + 14*17^11 + 7*17^12 + 15*17^14 + O(17^15) : 5 + 6*17 + 10*17^2 + 14*17^3 + 7*17^4 + 8*17^5 + 9*17^6 + 12*17^7 + 8*17^8 + 17^9 + 11*17^10 + 3*17^12 + 8*17^13 + 12*17^14 + O(17^15) : 1 + O(17^20))
   (16 + 3*17 + 3*17^3 + 10*17^4 + 6*17^5 + 10*17^6 + 6*17^7 + 13*17^8 + 15*17^9 + 14*17^10 + 8*17^11 + 7*17^12 + 6*17^13 + 10*17^14 + O(17^15) : 12 + 10*17 + 6*17^2 + 2*17^3 + 9*17^4 + 6*17^5 + 5*17^6 + 14*17^7 + 15*17^8 + 11*17^9 + 3*17^10 + 3*17^11 + 7*17^12 + 3*17^13 + 2*17^14 + O(17^15) : 1 + O(17^20))
   (16 + 3*17 + 3*17^3 + 10*17^4 + 6*17^5 + 10*17^6 + 6*17^7 + 13*17^8 + 15*17^9 + 14*17^10 + 8*17^11 + 7*17^12 + 6*17^13 + 10*17^14 + O(17^15) : 5 + 6*17 + 10*17^2 + 14*17^3 + 7*17^4 + 10*17^5 + 11*17^6 + 2*17^7 + 17^8 + 5*17^9 + 13*17^10 + 13*17^11 + 9*17^12 + 13*17^13 + 14*17^14 + O(17^15) : 1 + O(17^20))
   (16 + 3*17 + 3*17^3 + 10*17^4 + 6*17^5 + 13*17^6 + 2*17^7 + 11*17^8 + 10*17^9 + 11*17^10 + 6*17^11 + 3*17^12 + 8*17^13 + 9*17^14 + O(17^15) : 12 + 10*17 + 6*17^2 + 2*17^3 + 9*17^4 + 6*17^5 + 14*17^6 + 12*17^7 + 15*17^8 + 11*17^9 + 16*17^10 + 9*17^12 + 11*17^13 + 15*17^14 + O(17^15) : 1 + O(17^20))
   (16 + 3*17 + 3*17^3 + 10*17^4 + 6*17^5 + 13*17^6 + 2*17^7 + 11*17^8 + 10*17^9 + 11*17^10 + 6*17^11 + 3*17^12 + 8*17^13 + 9*17^14 + O(17^15) : 5 + 6*17 + 10*17^2 + 14*17^3 + 7*17^4 + 10*17^5 + 2*17^6 + 4*17^7 + 17^8 + 5*17^9 + 16*17^11 + 7*17^12 + 5*17^13 + 17^14 + O(17^15) : 1 + O(17^20))
   (16 + 3*17 + 3*17^3 + 11*17^4 + 16*17^5 + 15*17^6 + 6*17^7 + 4*17^8 + 5*17^9 + 9*17^10 + 7*17^11 + 9*17^12 + 13*17^13 + 12*17^14 + O(17^15) : 12 + 10*17 + 6*17^2 + 2*17^3 + 12*17^4 + 11*17^5 + 17^6 + 15*17^7 + 8*17^8 + 13*17^9 + 15*17^10 + 14*17^11 + 2*17^12 + 7*17^13 + 15*17^14 + O(17^15) : 1 + O(17^20))
   (16 + 3*17 + 3*17^3 + 11*17^4 + 16*17^5 + 15*17^6 + 6*17^7 + 4*17^8 + 5*17^9 + 9*17^10 + 7*17^11 + 9*17^12 + 13*17^13 + 12*17^14 + O(17^15) : 5 + 6*17 + 10*17^2 + 14*17^3 + 4*17^4 + 5*17^5 + 15*17^6 + 17^7 + 8*17^8 + 3*17^9 + 17^10 + 2*17^11 + 14*17^12 + 9*17^13 + 17^14 + O(17^15) : 1 + O(17^20))
   (16 + 3*17 + 3*17^3 + 11*17^4 + 5*17^5 + 8*17^6 + 7*17^7 + 12*17^8 + 13*17^9 + 3*17^10 + 8*17^11 + 10*17^12 + 16*17^13 + 9*17^14 + O(17^15) : 12 + 10*17 + 6*17^2 + 2*17^3 + 12*17^4 + 12*17^5 + 15*17^6 + 12*17^7 + 6*17^8 + 2*17^10 + 12*17^11 + 4*17^12 + 3*17^13 + O(17^15) : 1 + O(17^20))
   (16 + 3*17 + 3*17^3 + 11*17^4 + 5*17^5 + 8*17^6 + 7*17^7 + 12*17^8 + 13*17^9 + 3*17^10 + 8*17^11 + 10*17^12 + 16*17^13 + 9*17^14 + O(17^15) : 5 + 6*17 + 10*17^2 + 14*17^3 + 4*17^4 + 4*17^5 + 17^6 + 4*17^7 + 10*17^8 + 16*17^9 + 14*17^10 + 4*17^11 + 12*17^12 + 13*17^13 + 16*17^14 + O(17^15) : 1 + O(17^20))
   (16 + 3*17 + 3*17^3 + 13*17^4 + 12*17^5 + 8*17^6 + 5*17^7 + 8*17^8 + 6*17^9 + 2*17^10 + 17^11 + 17^12 + 2*17^13 + 14*17^14 + O(17^15) : 12 + 10*17 + 6*17^2 + 2*17^3 + 17^4 + 17^5 + 12*17^6 + 9*17^7 + 12*17^8 + 8*17^9 + 7*17^10 + 5*17^11 + 13*17^12 + 12*17^13 + 5*17^14 + O(17^15) : 1 + O(17^20))
   (16 + 3*17 + 3*17^3 + 13*17^4 + 12*17^5 + 8*17^6 + 5*17^7 + 8*17^8 + 6*17^9 + 2*17^10 + 17^11 + 17^12 + 2*17^13 + 14*17^14 + O(17^15) : 5 + 6*17 + 10*17^2 + 14*17^3 + 15*17^4 + 15*17^5 + 4*17^6 + 7*17^7 + 4*17^8 + 8*17^9 + 9*17^10 + 11*17^11 + 3*17^12 + 4*17^13 + 11*17^14 + O(17^15) : 1 + O(17^20))
   (16 + 3*17 + 3*17^3 + 13*17^4 + 5*17^6 + 15*17^7 + 3*17^8 + 12*17^9 + 4*17^10 + 7*17^11 + 14*17^12 + 6*17^13 + 4*17^14 + O(17^15) : 12 + 10*17 + 6*17^2 + 2*17^3 + 17^4 + 16*17^5 + 11*17^6 + 11*17^7 + 14*17^8 + 12*17^9 + 2*17^11 + 10*17^12 + 5*17^13 + 10*17^14 + O(17^15) : 1 + O(17^20))
   (16 + 3*17 + 3*17^3 + 13*17^4 + 5*17^6 + 15*17^7 + 3*17^8 + 12*17^9 + 4*17^10 + 7*17^11 + 14*17^12 + 6*17^13 + 4*17^14 + O(17^15) : 5 + 6*17 + 10*17^2 + 14*17^3 + 15*17^4 + 5*17^6 + 5*17^7 + 2*17^8 + 4*17^9 + 16*17^10 + 14*17^11 + 6*17^12 + 11*17^13 + 6*17^14 + O(17^15) : 1 + O(17^20))
   (16 + 3*17 + 3*17^3 + 14*17^4 + 15*17^5 + 11*17^6 + 15*17^7 + 13*17^8 + 16*17^9 + 8*17^10 + 13*17^11 + 15*17^12 + 4*17^13 + 10*17^14 + O(17^15) : 12 + 10*17 + 6*17^2 + 2*17^3 + 4*17^4 + 2*17^5 + 6*17^6 + 13*17^7 + 15*17^8 + 5*17^9 + 14*17^10 + 6*17^11 + 5*17^12 + 5*17^13 + O(17^15) : 1 + O(17^20))
   (16 + 3*17 + 3*17^3 + 14*17^4 + 15*17^5 + 11*17^6 + 15*17^7 + 13*17^8 + 16*17^9 + 8*17^10 + 13*17^11 + 15*17^12 + 4*17^13 + 10*17^14 + O(17^15) : 5 + 6*17 + 10*17^2 + 14*17^3 + 12*17^4 + 14*17^5 + 10*17^6 + 3*17^7 + 17^8 + 11*17^9 + 2*17^10 + 10*17^11 + 11*17^12 + 11*17^13 + 16*17^14 + O(17^15) : 1 + O(17^20))
   (16 + 3*17 + 3*17^3 + 14*17^4 + 15*17^5 + 14*17^6 + 7*17^7 + 15*17^8 + 5*17^9 + 13*17^10 + 13*17^11 + 4*17^12 + 13*17^13 + 8*17^14 + O(17^15) : 12 + 10*17 + 6*17^2 + 2*17^3 + 4*17^4 + 2*17^5 + 15*17^6 + 16*17^7 + 7*17^8 + 7*17^9 + 8*17^10 + 11*17^11 + 12*17^12 + 3*17^13 + 15*17^14 + O(17^15) : 1 + O(17^20))
   (16 + 3*17 + 3*17^3 + 14*17^4 + 15*17^5 + 14*17^6 + 7*17^7 + 15*17^8 + 5*17^9 + 13*17^10 + 13*17^11 + 4*17^12 + 13*17^13 + 8*17^14 + O(17^15) : 5 + 6*17 + 10*17^2 + 14*17^3 + 12*17^4 + 14*17^5 + 17^6 + 9*17^8 + 9*17^9 + 8*17^10 + 5*17^11 + 4*17^12 + 13*17^13 + 17^14 + O(17^15) : 1 + O(17^20))
   (16 + 3*17 + 3*17^3 + 3*17^4 + 6*17^5 + 9*17^6 + 9*17^7 + 3*17^8 + 3*17^9 + 15*17^10 + 5*17^12 + 8*17^13 + 5*17^14 + O(17^15) : 12 + 10*17 + 6*17^2 + 2*17^3 + 5*17^4 + 10*17^5 + 10*17^6 + 9*17^7 + 4*17^8 + 4*17^9 + 16*17^10 + 15*17^12 + 11*17^14 + O(17^15) : 1 + O(17^20))
   (16 + 3*17 + 3*17^3 + 3*17^4 + 6*17^5 + 9*17^6 + 9*17^7 + 3*17^8 + 3*17^9 + 15*17^10 + 5*17^12 + 8*17^13 + 5*17^14 + O(17^15) : 5 + 6*17 + 10*17^2 + 14*17^3 + 11*17^4 + 6*17^5 + 6*17^6 + 7*17^7 + 12*17^8 + 12*17^9 + 16*17^11 + 17^12 + 16*17^13 + 5*17^14 + O(17^15) : 1 + O(17^20))
   (16 + 3*17 + 3*17^3 + 4*17^4 + 7*17^5 + 17^6 + 4*17^7 + 8*17^8 + 10*17^9 + 13*17^10 + 7*17^11 + 7*17^12 + 15*17^13 + 2*17^14 + O(17^15) : 12 + 10*17 + 6*17^2 + 2*17^3 + 8*17^4 + 5*17^5 + 4*17^6 + 3*17^7 + 3*17^8 + 16*17^9 + 4*17^10 + 10*17^11 + 6*17^13 + 17^14 + O(17^15) : 1 + O(17^20))
   (16 + 3*17 + 3*17^3 + 4*17^4 + 7*17^5 + 17^6 + 4*17^7 + 8*17^8 + 10*17^9 + 13*17^10 + 7*17^11 + 7*17^12 + 15*17^13 + 2*17^14 + O(17^15) : 5 + 6*17 + 10*17^2 + 14*17^3 + 8*17^4 + 11*17^5 + 12*17^6 + 13*17^7 + 13*17^8 + 12*17^10 + 6*17^11 + 16*17^12 + 10*17^13 + 15*17^14 + O(17^15) : 1 + O(17^20))
   (16 + 3*17 + 4*17^3 + 13*17^4 + 14*17^5 + 4*17^6 + 4*17^8 + 2*17^9 + 8*17^10 + 6*17^11 + 7*17^12 + 3*17^13 + 3*17^14 + O(17^15) : 12 + 10*17 + 6*17^2 + 5*17^3 + 10*17^4 + 15*17^5 + 6*17^6 + 14*17^7 + 10*17^8 + 7*17^9 + 17^10 + 16*17^11 + 7*17^12 + 9*17^13 + 9*17^14 + O(17^15) : 1 + O(17^20))
   (16 + 3*17 + 4*17^3 + 13*17^4 + 14*17^5 + 4*17^6 + 4*17^8 + 2*17^9 + 8*17^10 + 6*17^11 + 7*17^12 + 3*17^13 + 3*17^14 + O(17^15) : 5 + 6*17 + 10*17^2 + 11*17^3 + 6*17^4 + 17^5 + 10*17^6 + 2*17^7 + 6*17^8 + 9*17^9 + 15*17^10 + 9*17^12 + 7*17^13 + 7*17^14 + O(17^15) : 1 + O(17^20))
   (16 + 3*17 + 4*17^3 + 13*17^4 + 14*17^5 + 6*17^6 + 15*17^7 + 7*17^8 + 5*17^9 + 4*17^10 + 8*17^12 + 15*17^13 + 2*17^14 + O(17^15) : 12 + 10*17 + 6*17^2 + 5*17^3 + 10*17^4 + 15*17^5 + 12*17^6 + 9*17^7 + 4*17^8 + 13*17^9 + 12*17^10 + 6*17^11 + 9*17^12 + 13*17^13 + 16*17^14 + O(17^15) : 1 + O(17^20))
   (16 + 3*17 + 4*17^3 + 13*17^4 + 14*17^5 + 6*17^6 + 15*17^7 + 7*17^8 + 5*17^9 + 4*17^10 + 8*17^12 + 15*17^13 + 2*17^14 + O(17^15) : 5 + 6*17 + 10*17^2 + 11*17^3 + 6*17^4 + 17^5 + 4*17^6 + 7*17^7 + 12*17^8 + 3*17^9 + 4*17^10 + 10*17^11 + 7*17^12 + 3*17^13 + O(17^15) : 1 + O(17^20))
   (16 + 3*17 + 4*17^3 + 14*17^4 + 7*17^5 + 10*17^6 + 5*17^7 + 3*17^9 + 17^10 + 8*17^11 + 17^12 + 12*17^14 + O(17^15) : 12 + 10*17 + 6*17^2 + 5*17^3 + 13*17^4 + 3*17^5 + 3*17^6 + 13*17^7 + 9*17^8 + 9*17^9 + 3*17^10 + 16*17^11 + 10*17^12 + 17^13 + 5*17^14 + O(17^15) : 1 + O(17^20))
   (16 + 3*17 + 4*17^3 + 14*17^4 + 7*17^5 + 10*17^6 + 5*17^7 + 3*17^9 + 17^10 + 8*17^11 + 17^12 + 12*17^14 + O(17^15) : 5 + 6*17 + 10*17^2 + 11*17^3 + 3*17^4 + 13*17^5 + 13*17^6 + 3*17^7 + 7*17^8 + 7*17^9 + 13*17^10 + 6*17^12 + 15*17^13 + 11*17^14 + O(17^15) : 1 + O(17^20))
   (16 + 3*17 + 4*17^3 + 15*17^4 + 13*17^5 + 8*17^6 + 8*17^7 + 2*17^8 + 16*17^9 + 15*17^10 + 15*17^11 + 5*17^12 + 10*17^13 + 10*17^14 + O(17^15) : 12 + 10*17 + 6*17^2 + 5*17^3 + 16*17^4 + 13*17^5 + 9*17^6 + 9*17^7 + 11*17^8 + 12*17^9 + 17^10 + 5*17^12 + 2*17^13 + 3*17^14 + O(17^15) : 1 + O(17^20))
   (16 + 3*17 + 4*17^3 + 15*17^4 + 13*17^5 + 8*17^6 + 8*17^7 + 2*17^8 + 16*17^9 + 15*17^10 + 15*17^11 + 5*17^12 + 10*17^13 + 10*17^14 + O(17^15) : 5 + 6*17 + 10*17^2 + 11*17^3 + 3*17^5 + 7*17^6 + 7*17^7 + 5*17^8 + 4*17^9 + 15*17^10 + 16*17^11 + 11*17^12 + 14*17^13 + 13*17^14 + O(17^15) : 1 + O(17^20))
   (16 + 3*17 + 4*17^3 + 15*17^4 + 14*17^5 + 11*17^6 + 5*17^7 + 16*17^8 + 15*17^9 + 14*17^10 + 12*17^11 + 17^12 + 8*17^13 + 13*17^14 + O(17^15) : 12 + 10*17 + 6*17^2 + 5*17^3 + 16*17^4 + 16*17^5 + 10*17^6 + 2*17^7 + 6*17^8 + 13*17^9 + 11*17^10 + 2*17^11 + 9*17^13 + 6*17^14 + O(17^15) : 1 + O(17^20))
   (16 + 3*17 + 4*17^3 + 15*17^4 + 14*17^5 + 11*17^6 + 5*17^7 + 16*17^8 + 15*17^9 + 14*17^10 + 12*17^11 + 17^12 + 8*17^13 + 13*17^14 + O(17^15) : 5 + 6*17 + 10*17^2 + 11*17^3 + 6*17^6 + 14*17^7 + 10*17^8 + 3*17^9 + 5*17^10 + 14*17^11 + 16*17^12 + 7*17^13 + 10*17^14 + O(17^15) : 1 + O(17^20))
   (16 + 3*17 + 4*17^3 + 15*17^4 + 9*17^5 + 16*17^6 + 9*17^7 + 13*17^9 + 2*17^10 + 17^11 + 2*17^12 + 2*17^13 + 12*17^14 + O(17^15) : 12 + 10*17 + 6*17^2 + 5*17^3 + 16*17^4 + 17^5 + 14*17^6 + 10*17^8 + 7*17^9 + 7*17^10 + 4*17^11 + 16*17^12 + 7*17^14 + O(17^15) : 1 + O(17^20))
   (16 + 3*17 + 4*17^3 + 15*17^4 + 9*17^5 + 16*17^6 + 9*17^7 + 13*17^9 + 2*17^10 + 17^11 + 2*17^12 + 2*17^13 + 12*17^14 + O(17^15) : 5 + 6*17 + 10*17^2 + 11*17^3 + 15*17^5 + 2*17^6 + 16*17^7 + 6*17^8 + 9*17^9 + 9*17^10 + 12*17^11 + 16*17^13 + 9*17^14 + O(17^15) : 1 + O(17^20))
   (16 + 3*17 + 4*17^3 + 16*17^4 + 15*17^5 + 11*17^6 + 8*17^7 + 2*17^8 + 11*17^9 + 13*17^10 + 10*17^11 + 2*17^12 + 12*17^13 + 6*17^14 + O(17^15) : 12 + 10*17 + 6*17^2 + 5*17^3 + 2*17^4 + 12*17^5 + 11*17^6 + 8*17^7 + 13*17^9 + 14*17^10 + 17^11 + 3*17^12 + 6*17^13 + 16*17^14 + O(17^15) : 1 + O(17^20))
   (16 + 3*17 + 4*17^3 + 16*17^4 + 15*17^5 + 11*17^6 + 8*17^7 + 2*17^8 + 11*17^9 + 13*17^10 + 10*17^11 + 2*17^12 + 12*17^13 + 6*17^14 + O(17^15) : 5 + 6*17 + 10*17^2 + 11*17^3 + 14*17^4 + 4*17^5 + 5*17^6 + 8*17^7 + 16*17^8 + 3*17^9 + 2*17^10 + 15*17^11 + 13*17^12 + 10*17^13 + O(17^15) : 1 + O(17^20))
   (16 + 3*17 + 4*17^3 + 16*17^4 + 2*17^5 + 5*17^6 + 11*17^7 + 14*17^8 + 6*17^9 + 12*17^10 + 7*17^11 + 2*17^12 + 10*17^13 + O(17^15) : 12 + 10*17 + 6*17^2 + 5*17^3 + 2*17^4 + 7*17^5 + 10*17^6 + 4*17^7 + 9*17^8 + 6*17^9 + 5*17^10 + 11*17^11 + 5*17^12 + 12*17^14 + O(17^15) : 1 + O(17^20))
   (16 + 3*17 + 4*17^3 + 16*17^4 + 2*17^5 + 5*17^6 + 11*17^7 + 14*17^8 + 6*17^9 + 12*17^10 + 7*17^11 + 2*17^12 + 10*17^13 + O(17^15) : 5 + 6*17 + 10*17^2 + 11*17^3 + 14*17^4 + 9*17^5 + 6*17^6 + 12*17^7 + 7*17^8 + 10*17^9 + 11*17^10 + 5*17^11 + 11*17^12 + 16*17^13 + 4*17^14 + O(17^15) : 1 + O(17^20))
   (16 + 3*17 + 4*17^3 + 8*17^4 + 17^5 + 17^6 + 13*17^7 + 8*17^8 + 4*17^9 + 5*17^10 + 5*17^11 + 5*17^12 + 12*17^13 + 8*17^14 + O(17^15) : 12 + 10*17 + 6*17^2 + 5*17^3 + 12*17^4 + 15*17^5 + 5*17^6 + 6*17^7 + 11*17^8 + 6*17^9 + 12*17^10 + 13*17^11 + 3*17^12 + 11*17^13 + O(17^15) : 1 + O(17^20))
   (16 + 3*17 + 4*17^3 + 8*17^4 + 17^5 + 17^6 + 13*17^7 + 8*17^8 + 4*17^9 + 5*17^10 + 5*17^11 + 5*17^12 + 12*17^13 + 8*17^14 + O(17^15) : 5 + 6*17 + 10*17^2 + 11*17^3 + 4*17^4 + 17^5 + 11*17^6 + 10*17^7 + 5*17^8 + 10*17^9 + 4*17^10 + 3*17^11 + 13*17^12 + 5*17^13 + 16*17^14 + O(17^15) : 1 + O(17^20))
   (16 + 3*17 + 5*17^3 + 13*17^4 + 17^5 + 13*17^6 + 9*17^7 + 17^8 + 10*17^9 + 3*17^10 + 14*17^11 + 2*17^12 + 11*17^13 + 14*17^14 + O(17^15) : 12 + 10*17 + 6*17^2 + 8*17^3 + 2*17^4 + 2*17^5 + 5*17^6 + 14*17^7 + 14*17^8 + 15*17^9 + 5*17^10 + 8*17^11 + 11*17^12 + 4*17^13 + 6*17^14 + O(17^15) : 1 + O(17^20))
   (16 + 3*17 + 5*17^3 + 13*17^4 + 17^5 + 13*17^6 + 9*17^7 + 17^8 + 10*17^9 + 3*17^10 + 14*17^11 + 2*17^12 + 11*17^13 + 14*17^14 + O(17^15) : 5 + 6*17 + 10*17^2 + 8*17^3 + 14*17^4 + 14*17^5 + 11*17^6 + 2*17^7 + 2*17^8 + 17^9 + 11*17^10 + 8*17^11 + 5*17^12 + 12*17^13 + 10*17^14 + O(17^15) : 1 + O(17^20))
   (16 + 3*17 + 5*17^3 + 13*17^4 + 17^5 + 8*17^6 + 6*17^7 + 17^8 + 17^9 + 2*17^10 + 3*17^11 + 4*17^12 + 16*17^13 + 12*17^14 + O(17^15) : 12 + 10*17 + 6*17^2 + 8*17^3 + 2*17^4 + 2*17^5 + 7*17^6 + 10*17^7 + 12*17^8 + 3*17^9 + 9*17^10 + 5*17^11 + 15*17^12 + 12*17^13 + 2*17^14 + O(17^15) : 1 + O(17^20))
   (16 + 3*17 + 5*17^3 + 13*17^4 + 17^5 + 8*17^6 + 6*17^7 + 17^8 + 17^9 + 2*17^10 + 3*17^11 + 4*17^12 + 16*17^13 + 12*17^14 + O(17^15) : 5 + 6*17 + 10*17^2 + 8*17^3 + 14*17^4 + 14*17^5 + 9*17^6 + 6*17^7 + 4*17^8 + 13*17^9 + 7*17^10 + 11*17^11 + 17^12 + 4*17^13 + 14*17^14 + O(17^15) : 1 + O(17^20))
   (16 + 3*17 + 5*17^3 + 17^4 + 13*17^5 + 5*17^7 + 16*17^8 + 9*17^9 + 4*17^10 + 15*17^11 + 4*17^12 + 15*17^13 + 16*17^14 + O(17^15) : 12 + 10*17 + 6*17^2 + 8*17^3 + 13*17^5 + 7*17^6 + 4*17^7 + 3*17^8 + 9*17^9 + 10*17^10 + 6*17^11 + 16*17^12 + 9*17^13 + 2*17^14 + O(17^15) : 1 + O(17^20))
   (16 + 3*17 + 5*17^3 + 17^4 + 13*17^5 + 5*17^7 + 16*17^8 + 9*17^9 + 4*17^10 + 15*17^11 + 4*17^12 + 15*17^13 + 16*17^14 + O(17^15) : 5 + 6*17 + 10*17^2 + 8*17^3 + 16*17^4 + 3*17^5 + 9*17^6 + 12*17^7 + 13*17^8 + 7*17^9 + 6*17^10 + 10*17^11 + 7*17^13 + 14*17^14 + O(17^15) : 1 + O(17^20))
   (16 + 3*17 + 5*17^3 + 3*17^4 + 9*17^5 + 4*17^7 + 10*17^8 + 14*17^9 + 14*17^10 + 2*17^11 + 4*17^12 + 11*17^13 + 10*17^14 + O(17^15) : 12 + 10*17 + 6*17^2 + 8*17^3 + 6*17^4 + 2*17^5 + 5*17^6 + 12*17^7 + 3*17^8 + 2*17^9 + 5*17^10 + 5*17^11 + 17^12 + 12*17^14 + O(17^15) : 1 + O(17^20))
   (16 + 3*17 + 5*17^3 + 3*17^4 + 9*17^5 + 4*17^7 + 10*17^8 + 14*17^9 + 14*17^10 + 2*17^11 + 4*17^12 + 11*17^13 + 10*17^14 + O(17^15) : 5 + 6*17 + 10*17^2 + 8*17^3 + 10*17^4 + 14*17^5 + 11*17^6 + 4*17^7 + 13*17^8 + 14*17^9 + 11*17^10 + 11*17^11 + 15*17^12 + 16*17^13 + 4*17^14 + O(17^15) : 1 + O(17^20))
   (16 + 3*17 + 5*17^3 + 7*17^4 + 7*17^5 + 8*17^6 + 13*17^7 + 6*17^8 + 12*17^9 + 7*17^10 + 17^11 + 6*17^12 + 13*17^13 + 4*17^14 + O(17^15) : 12 + 10*17 + 6*17^2 + 8*17^3 + 17^4 + 16*17^5 + 10*17^6 + 15*17^7 + 9*17^8 + 9*17^9 + 15*17^10 + 12*17^11 + 8*17^12 + 14*17^13 + 14*17^14 + O(17^15) : 1 + O(17^20))
   (16 + 3*17 + 5*17^3 + 7*17^4 + 7*17^5 + 8*17^6 + 13*17^7 + 6*17^8 + 12*17^9 + 7*17^10 + 17^11 + 6*17^12 + 13*17^13 + 4*17^14 + O(17^15) : 5 + 6*17 + 10*17^2 + 8*17^3 + 15*17^4 + 6*17^6 + 17^7 + 7*17^8 + 7*17^9 + 17^10 + 4*17^11 + 8*17^12 + 2*17^13 + 2*17^14 + O(17^15) : 1 + O(17^20))
   (16 + 3*17 + 5*17^3 + 9*17^4 + 11*17^5 + 16*17^6 + 9*17^7 + 17^8 + 15*17^9 + 12*17^10 + 16*17^11 + 15*17^12 + 5*17^13 + 16*17^14 + O(17^15) : 12 + 10*17 + 6*17^2 + 8*17^3 + 7*17^4 + 12*17^5 + 3*17^6 + 3*17^7 + 13*17^8 + 4*17^9 + 7*17^10 + 2*17^11 + 5*17^12 + 16*17^13 + 6*17^14 + O(17^15) : 1 + O(17^20))
   (16 + 3*17 + 5*17^3 + 9*17^4 + 11*17^5 + 16*17^6 + 9*17^7 + 17^8 + 15*17^9 + 12*17^10 + 16*17^11 + 15*17^12 + 5*17^13 + 16*17^14 + O(17^15) : 5 + 6*17 + 10*17^2 + 8*17^3 + 9*17^4 + 4*17^5 + 13*17^6 + 13*17^7 + 3*17^8 + 12*17^9 + 9*17^10 + 14*17^11 + 11*17^12 + 10*17^14 + O(17^15) : 1 + O(17^20))
   (16 + 3*17 + 6*17^3 + 12*17^4 + 11*17^5 + 9*17^6 + 7*17^7 + 3*17^8 + 8*17^9 + 8*17^10 + 10*17^11 + 13*17^12 + 7*17^13 + 17^14 + O(17^15) : 12 + 10*17 + 6*17^2 + 11*17^3 + 8*17^4 + 14*17^5 + 13*17^6 + 14*17^7 + 2*17^8 + 13*17^9 + 7*17^10 + 17^11 + 11*17^12 + 8*17^13 + O(17^15) : 1 + O(17^20))
   (16 + 3*17 + 6*17^3 + 12*17^4 + 11*17^5 + 9*17^6 + 7*17^7 + 3*17^8 + 8*17^9 + 8*17^10 + 10*17^11 + 13*17^12 + 7*17^13 + 17^14 + O(17^15) : 5 + 6*17 + 10*17^2 + 5*17^3 + 8*17^4 + 2*17^5 + 3*17^6 + 2*17^7 + 14*17^8 + 3*17^9 + 9*17^10 + 15*17^11 + 5*17^12 + 8*17^13 + 16*17^14 + O(17^15) : 1 + O(17^20))
   (16 + 3*17 + 6*17^3 + 12*17^4 + 14*17^5 + 7*17^6 + 3*17^7 + 8*17^8 + 3*17^9 + 9*17^10 + 17^11 + 2*17^12 + 10*17^13 + 9*17^14 + O(17^15) : 12 + 10*17 + 6*17^2 + 11*17^3 + 8*17^4 + 6*17^5 + 17^6 + 10*17^7 + 14*17^8 + 17^9 + 6*17^10 + 6*17^11 + 12*17^12 + 11*17^13 + 15*17^14 + O(17^15) : 1 + O(17^20))
   (16 + 3*17 + 6*17^3 + 12*17^4 + 14*17^5 + 7*17^6 + 3*17^7 + 8*17^8 + 3*17^9 + 9*17^10 + 17^11 + 2*17^12 + 10*17^13 + 9*17^14 + O(17^15) : 5 + 6*17 + 10*17^2 + 5*17^3 + 8*17^4 + 10*17^5 + 15*17^6 + 6*17^7 + 2*17^8 + 15*17^9 + 10*17^10 + 10*17^11 + 4*17^12 + 5*17^13 + 17^14 + O(17^15) : 1 + O(17^20))
   (16 + 3*17 + 6*17^3 + 14*17^5 + 3*17^6 + 14*17^7 + 13*17^8 + 2*17^10 + 9*17^11 + 12*17^12 + 4*17^13 + 12*17^14 + O(17^15) : 12 + 10*17 + 6*17^2 + 11*17^3 + 6*17^4 + 15*17^5 + 5*17^6 + 8*17^7 + 16*17^8 + 15*17^9 + 6*17^10 + 6*17^11 + 11*17^13 + 17^14 + O(17^15) : 1 + O(17^20))
   (16 + 3*17 + 6*17^3 + 14*17^5 + 3*17^6 + 14*17^7 + 13*17^8 + 2*17^10 + 9*17^11 + 12*17^12 + 4*17^13 + 12*17^14 + O(17^15) : 5 + 6*17 + 10*17^2 + 5*17^3 + 10*17^4 + 17^5 + 11*17^6 + 8*17^7 + 17^9 + 10*17^10 + 10*17^11 + 16*17^12 + 5*17^13 + 15*17^14 + O(17^15) : 1 + O(17^20))
   (16 + 3*17 + 6*17^3 + 15*17^4 + 10*17^5 + 14*17^6 + 11*17^7 + 4*17^8 + 5*17^9 + 2*17^10 + 10*17^12 + 10*17^13 + 13*17^14 + O(17^15) : 12 + 10*17 + 6*17^2 + 11*17^3 + 5*17^5 + 11*17^6 + 12*17^7 + 14*17^8 + 4*17^9 + 8*17^10 + 6*17^11 + 12*17^12 + 4*17^13 + 4*17^14 + O(17^15) : 1 + O(17^20))
   (16 + 3*17 + 6*17^3 + 15*17^4 + 10*17^5 + 14*17^6 + 11*17^7 + 4*17^8 + 5*17^9 + 2*17^10 + 10*17^12 + 10*17^13 + 13*17^14 + O(17^15) : 5 + 6*17 + 10*17^2 + 5*17^3 + 16*17^4 + 11*17^5 + 5*17^6 + 4*17^7 + 2*17^8 + 12*17^9 + 8*17^10 + 10*17^11 + 4*17^12 + 12*17^13 + 12*17^14 + O(17^15) : 1 + O(17^20))
   (16 + 3*17 + 6*17^3 + 15*17^6 + 6*17^7 + 16*17^8 + 5*17^9 + 12*17^10 + 8*17^11 + 5*17^12 + 2*17^13 + 5*17^14 + O(17^15) : 12 + 10*17 + 6*17^2 + 11*17^3 + 6*17^4 + 7*17^5 + 15*17^6 + 8*17^7 + 11*17^8 + 2*17^9 + 15*17^10 + 13*17^11 + 8*17^12 + 14*17^13 + 2*17^14 + O(17^15) : 1 + O(17^20))
   (16 + 3*17 + 6*17^3 + 15*17^6 + 6*17^7 + 16*17^8 + 5*17^9 + 12*17^10 + 8*17^11 + 5*17^12 + 2*17^13 + 5*17^14 + O(17^15) : 5 + 6*17 + 10*17^2 + 5*17^3 + 10*17^4 + 9*17^5 + 17^6 + 8*17^7 + 5*17^8 + 14*17^9 + 17^10 + 3*17^11 + 8*17^12 + 2*17^13 + 14*17^14 + O(17^15) : 1 + O(17^20))
   (16 + 3*17 + 6*17^3 + 17^4 + 6*17^5 + 12*17^6 + 4*17^7 + 13*17^8 + 11*17^9 + 7*17^10 + 16*17^11 + 12*17^13 + 3*17^14 + O(17^15) : 12 + 10*17 + 6*17^2 + 11*17^3 + 9*17^4 + 2*17^6 + 15*17^7 + 3*17^8 + 15*17^9 + 3*17^10 + 17^11 + 8*17^12 + 17^13 + 13*17^14 + O(17^15) : 1 + O(17^20))
   (16 + 3*17 + 6*17^3 + 17^4 + 6*17^5 + 12*17^6 + 4*17^7 + 13*17^8 + 11*17^9 + 7*17^10 + 16*17^11 + 12*17^13 + 3*17^14 + O(17^15) : 5 + 6*17 + 10*17^2 + 5*17^3 + 7*17^4 + 16*17^5 + 14*17^6 + 17^7 + 13*17^8 + 17^9 + 13*17^10 + 15*17^11 + 8*17^12 + 15*17^13 + 3*17^14 + O(17^15) : 1 + O(17^20))
   (16 + 3*17 + 6*17^3 + 7*17^4 + 5*17^5 + 13*17^6 + 7*17^7 + 17^8 + 12*17^9 + 8*17^10 + 13*17^11 + 11*17^12 + 11*17^13 + 4*17^14 + O(17^15) : 12 + 10*17 + 6*17^2 + 11*17^3 + 10*17^4 + 17^5 + 13*17^6 + 6*17^7 + 4*17^8 + 5*17^9 + 9*17^11 + 6*17^12 + 2*17^13 + 9*17^14 + O(17^15) : 1 + O(17^20))
   (16 + 3*17 + 6*17^3 + 7*17^4 + 5*17^5 + 13*17^6 + 7*17^7 + 17^8 + 12*17^9 + 8*17^10 + 13*17^11 + 11*17^12 + 11*17^13 + 4*17^14 + O(17^15) : 5 + 6*17 + 10*17^2 + 5*17^3 + 6*17^4 + 15*17^5 + 3*17^6 + 10*17^7 + 12*17^8 + 11*17^9 + 16*17^10 + 7*17^11 + 10*17^12 + 14*17^13 + 7*17^14 + O(17^15) : 1 + O(17^20))
   (16 + 3*17 + 6*17^3 + 7*17^4 + 5*17^5 + 3*17^6 + 3*17^7 + 16*17^8 + 13*17^10 + 12*17^11 + 14*17^12 + 16*17^14 + O(17^15) : 12 + 10*17 + 6*17^2 + 11*17^3 + 10*17^4 + 17^5 + 5*17^7 + 12*17^8 + 7*17^10 + 2*17^12 + 15*17^13 + 4*17^14 + O(17^15) : 1 + O(17^20))
   (16 + 3*17 + 6*17^3 + 7*17^4 + 5*17^5 + 3*17^6 + 3*17^7 + 16*17^8 + 13*17^10 + 12*17^11 + 14*17^12 + 16*17^14 + O(17^15) : 5 + 6*17 + 10*17^2 + 5*17^3 + 6*17^4 + 15*17^5 + 16*17^6 + 11*17^7 + 4*17^8 + 16*17^9 + 9*17^10 + 16*17^11 + 14*17^12 + 17^13 + 12*17^14 + O(17^15) : 1 + O(17^20))
   (16 + 3*17 + 6*17^3 + 9*17^5 + 17^6 + 11*17^7 + 16*17^8 + 7*17^9 + 14*17^10 + 16*17^11 + 4*17^12 + 12*17^13 + O(17^15) : 12 + 10*17 + 6*17^2 + 11*17^3 + 6*17^4 + 5*17^6 + 6*17^7 + 4*17^8 + 3*17^10 + 14*17^11 + 3*17^12 + 3*17^13 + 14*17^14 + O(17^15) : 1 + O(17^20))
   (16 + 3*17 + 6*17^3 + 9*17^5 + 17^6 + 11*17^7 + 16*17^8 + 7*17^9 + 14*17^10 + 16*17^11 + 4*17^12 + 12*17^13 + O(17^15) : 5 + 6*17 + 10*17^2 + 5*17^3 + 10*17^4 + 16*17^5 + 11*17^6 + 10*17^7 + 12*17^8 + 16*17^9 + 13*17^10 + 2*17^11 + 13*17^12 + 13*17^13 + 2*17^14 + O(17^15) : 1 + O(17^20))
   (16 + 3*17 + 7*17^3 + 13*17^4 + 5*17^5 + 12*17^6 + 2*17^7 + 3*17^8 + 2*17^9 + 5*17^10 + 4*17^11 + 15*17^12 + 6*17^13 + 8*17^14 + O(17^15) : 12 + 10*17 + 6*17^2 + 14*17^3 + 3*17^4 + 14*17^5 + 15*17^6 + 8*17^7 + 3*17^8 + 3*17^9 + 14*17^10 + 17^11 + 13*17^12 + 11*17^13 + 9*17^14 + O(17^15) : 1 + O(17^20))
   (16 + 3*17 + 7*17^3 + 13*17^4 + 5*17^5 + 12*17^6 + 2*17^7 + 3*17^8 + 2*17^9 + 5*17^10 + 4*17^11 + 15*17^12 + 6*17^13 + 8*17^14 + O(17^15) : 5 + 6*17 + 10*17^2 + 2*17^3 + 13*17^4 + 2*17^5 + 17^6 + 8*17^7 + 13*17^8 + 13*17^9 + 2*17^10 + 15*17^11 + 3*17^12 + 5*17^13 + 7*17^14 + O(17^15) : 1 + O(17^20))
   (16 + 3*17 + 7*17^3 + 15*17^4 + 15*17^5 + 4*17^6 + 11*17^7 + 12*17^9 + 5*17^11 + 13*17^12 + 10*17^13 + 6*17^14 + O(17^15) : 12 + 10*17 + 6*17^2 + 14*17^3 + 9*17^4 + 11*17^5 + 15*17^6 + 7*17^7 + 12*17^8 + 8*17^9 + 3*17^10 + 12*17^11 + 7*17^12 + 8*17^13 + O(17^15) : 1 + O(17^20))
   (16 + 3*17 + 7*17^3 + 15*17^4 + 15*17^5 + 4*17^6 + 11*17^7 + 12*17^9 + 5*17^11 + 13*17^12 + 10*17^13 + 6*17^14 + O(17^15) : 5 + 6*17 + 10*17^2 + 2*17^3 + 7*17^4 + 5*17^5 + 17^6 + 9*17^7 + 4*17^8 + 8*17^9 + 13*17^10 + 4*17^11 + 9*17^12 + 8*17^13 + 16*17^14 + O(17^15) : 1 + O(17^20))
   (16 + 3*17 + 7*17^3 + 16*17^4 + 5*17^5 + 7*17^6 + 13*17^7 + 5*17^8 + 15*17^9 + 2*17^10 + 8*17^11 + 14*17^12 + 16*17^13 + 5*17^14 + O(17^15) : 12 + 10*17 + 6*17^2 + 14*17^3 + 12*17^4 + 7*17^5 + 9*17^6 + 12*17^7 + 7*17^8 + 2*17^9 + 13*17^10 + 2*17^11 + 17^12 + 2*17^13 + 10*17^14 + O(17^15) : 1 + O(17^20))
   (16 + 3*17 + 7*17^3 + 16*17^4 + 5*17^5 + 7*17^6 + 13*17^7 + 5*17^8 + 15*17^9 + 2*17^10 + 8*17^11 + 14*17^12 + 16*17^13 + 5*17^14 + O(17^15) : 5 + 6*17 + 10*17^2 + 2*17^3 + 4*17^4 + 9*17^5 + 7*17^6 + 4*17^7 + 9*17^8 + 14*17^9 + 3*17^10 + 14*17^11 + 15*17^12 + 14*17^13 + 6*17^14 + O(17^15) : 1 + O(17^20))
   (16 + 3*17 + 7*17^3 + 2*17^4 + 10*17^5 + 14*17^6 + 15*17^7 + 14*17^8 + 13*17^9 + 7*17^10 + 6*17^11 + 17^12 + 16*17^13 + 5*17^14 + O(17^15) : 12 + 10*17 + 6*17^2 + 14*17^3 + 4*17^4 + 13*17^5 + 7*17^6 + 14*17^7 + 6*17^8 + 7*17^9 + 14*17^10 + 17^11 + 12*17^12 + 11*17^13 + 6*17^14 + O(17^15) : 1 + O(17^20))
   (16 + 3*17 + 7*17^3 + 2*17^4 + 10*17^5 + 14*17^6 + 15*17^7 + 14*17^8 + 13*17^9 + 7*17^10 + 6*17^11 + 17^12 + 16*17^13 + 5*17^14 + O(17^15) : 5 + 6*17 + 10*17^2 + 2*17^3 + 12*17^4 + 3*17^5 + 9*17^6 + 2*17^7 + 10*17^8 + 9*17^9 + 2*17^10 + 15*17^11 + 4*17^12 + 5*17^13 + 10*17^14 + O(17^15) : 1 + O(17^20))
   (16 + 3*17 + 7*17^3 + 4*17^4 + 11*17^5 + 14*17^6 + 9*17^7 + 3*17^9 + 7*17^10 + 12*17^11 + 16*17^12 + 16*17^13 + 8*17^14 + O(17^15) : 12 + 10*17 + 6*17^2 + 14*17^3 + 10*17^4 + 16*17^7 + 16*17^8 + 17^9 + 12*17^10 + 5*17^11 + 11*17^12 + 17^13 + 2*17^14 + O(17^15) : 1 + O(17^20))
   (16 + 3*17 + 7*17^3 + 4*17^4 + 11*17^5 + 14*17^6 + 9*17^7 + 3*17^9 + 7*17^10 + 12*17^11 + 16*17^12 + 16*17^13 + 8*17^14 + O(17^15) : 5 + 6*17 + 10*17^2 + 2*17^3 + 6*17^4 + 16*17^5 + 16*17^6 + 15*17^9 + 4*17^10 + 11*17^11 + 5*17^12 + 15*17^13 + 14*17^14 + O(17^15) : 1 + O(17^20))
   (16 + 3*17 + 7*17^3 + 7*17^4 + 15*17^5 + 7*17^6 + 8*17^7 + 8*17^8 + 11*17^9 + 2*17^10 + 15*17^11 + 9*17^12 + 17^13 + 2*17^14 + O(17^15) : 12 + 10*17 + 6*17^2 + 14*17^3 + 2*17^4 + 6*17^5 + 7*17^6 + 16*17^7 + 17^8 + 17^9 + 13*17^10 + 2*17^11 + 6*17^12 + 12*17^13 + 4*17^14 + O(17^15) : 1 + O(17^20))
   (16 + 3*17 + 7*17^3 + 7*17^4 + 15*17^5 + 7*17^6 + 8*17^7 + 8*17^8 + 11*17^9 + 2*17^10 + 15*17^11 + 9*17^12 + 17^13 + 2*17^14 + O(17^15) : 5 + 6*17 + 10*17^2 + 2*17^3 + 14*17^4 + 10*17^5 + 9*17^6 + 15*17^8 + 15*17^9 + 3*17^10 + 14*17^11 + 10*17^12 + 4*17^13 + 12*17^14 + O(17^15) : 1 + O(17^20))
   (16 + 3*17 + 7*17^3 + 9*17^4 + 12*17^5 + 6*17^6 + 17^7 + 11*17^8 + 12*17^9 + 7*17^10 + 8*17^11 + 6*17^12 + 17^13 + O(17^15) : 12 + 10*17 + 6*17^2 + 14*17^3 + 8*17^4 + 15*17^5 + 10*17^6 + 5*17^7 + 6*17^8 + 12*17^9 + 8*17^10 + 11*17^11 + 8*17^12 + 17^13 + 15*17^14 + O(17^15) : 1 + O(17^20))
   (16 + 3*17 + 7*17^3 + 9*17^4 + 12*17^5 + 6*17^6 + 17^7 + 11*17^8 + 12*17^9 + 7*17^10 + 8*17^11 + 6*17^12 + 17^13 + O(17^15) : 5 + 6*17 + 10*17^2 + 2*17^3 + 8*17^4 + 17^5 + 6*17^6 + 11*17^7 + 10*17^8 + 4*17^9 + 8*17^10 + 5*17^11 + 8*17^12 + 15*17^13 + 17^14 + O(17^15) : 1 + O(17^20))
   (16 + 3*17 + 7*17^3 + 9*17^4 + 12*17^5 + 9*17^7 + 5*17^8 + 9*17^9 + 15*17^11 + 6*17^12 + 4*17^13 + 17^14 + O(17^15) : 12 + 10*17 + 6*17^2 + 14*17^3 + 8*17^4 + 15*17^5 + 9*17^6 + 8*17^7 + 10*17^8 + 5*17^10 + 8*17^11 + 8*17^12 + 13*17^13 + O(17^15) : 1 + O(17^20))
   (16 + 3*17 + 7*17^3 + 9*17^4 + 12*17^5 + 9*17^7 + 5*17^8 + 9*17^9 + 15*17^11 + 6*17^12 + 4*17^13 + 17^14 + O(17^15) : 5 + 6*17 + 10*17^2 + 2*17^3 + 8*17^4 + 17^5 + 7*17^6 + 8*17^7 + 6*17^8 + 16*17^9 + 11*17^10 + 8*17^11 + 8*17^12 + 3*17^13 + 16*17^14 + O(17^15) : 1 + O(17^20))
   (16 + 3*17 + 7*17^3 + 9*17^4 + 5*17^5 + 9*17^6 + 9*17^7 + 2*17^8 + 8*17^9 + 13*17^10 + 6*17^11 + 7*17^12 + 16*17^13 + 16*17^14 + O(17^15) : 12 + 10*17 + 6*17^2 + 14*17^3 + 8*17^4 + 11*17^5 + 6*17^6 + 14*17^7 + 5*17^8 + 12*17^9 + 16*17^10 + 7*17^11 + 14*17^12 + 5*17^13 + 11*17^14 + O(17^15) : 1 + O(17^20))
   (16 + 3*17 + 7*17^3 + 9*17^4 + 5*17^5 + 9*17^6 + 9*17^7 + 2*17^8 + 8*17^9 + 13*17^10 + 6*17^11 + 7*17^12 + 16*17^13 + 16*17^14 + O(17^15) : 5 + 6*17 + 10*17^2 + 2*17^3 + 8*17^4 + 5*17^5 + 10*17^6 + 2*17^7 + 11*17^8 + 4*17^9 + 9*17^11 + 2*17^12 + 11*17^13 + 5*17^14 + O(17^15) : 1 + O(17^20))
   (16 + 3*17 + 8*17^3 + 10*17^4 + 16*17^5 + 15*17^6 + 9*17^7 + 11*17^8 + 8*17^9 + 13*17^10 + 17^11 + 11*17^12 + 4*17^13 + 6*17^14 + O(17^15) : 12 + 10*17 + 6*17^2 + 4*17^4 + 11*17^5 + 3*17^6 + 5*17^7 + 17^8 + 16*17^9 + 7*17^10 + 11*17^11 + 5*17^12 + 9*17^13 + 15*17^14 + O(17^15) : 1 + O(17^20))
   (16 + 3*17 + 8*17^3 + 10*17^4 + 16*17^5 + 15*17^6 + 9*17^7 + 11*17^8 + 8*17^9 + 13*17^10 + 17^11 + 11*17^12 + 4*17^13 + 6*17^14 + O(17^15) : 5 + 6*17 + 10*17^2 + 16*17^3 + 12*17^4 + 5*17^5 + 13*17^6 + 11*17^7 + 15*17^8 + 9*17^10 + 5*17^11 + 11*17^12 + 7*17^13 + 17^14 + O(17^15) : 1 + O(17^20))
   (16 + 3*17 + 8*17^3 + 12*17^4 + 14*17^5 + 8*17^6 + 6*17^7 + 13*17^8 + 16*17^9 + 11*17^10 + 12*17^11 + 8*17^12 + 11*17^13 + 16*17^14 + O(17^15) : 12 + 10*17 + 6*17^2 + 10*17^4 + 6*17^5 + 15*17^6 + 10*17^7 + 2*17^8 + 13*17^9 + 4*17^11 + 4*17^12 + 13*17^13 + 12*17^14 + O(17^15) : 1 + O(17^20))
   (16 + 3*17 + 8*17^3 + 12*17^4 + 14*17^5 + 8*17^6 + 6*17^7 + 13*17^8 + 16*17^9 + 11*17^10 + 12*17^11 + 8*17^12 + 11*17^13 + 16*17^14 + O(17^15) : 5 + 6*17 + 10*17^2 + 16*17^3 + 6*17^4 + 10*17^5 + 17^6 + 6*17^7 + 14*17^8 + 3*17^9 + 16*17^10 + 12*17^11 + 12*17^12 + 3*17^13 + 4*17^14 + O(17^15) : 1 + O(17^20))
   (16 + 3*17 + 8*17^3 + 13*17^4 + 14*17^5 + 17^6 + 5*17^7 + 9*17^8 + 7*17^10 + 17^11 + 2*17^12 + 6*17^13 + 6*17^14 + O(17^15) : 12 + 10*17 + 6*17^2 + 13*17^4 + 15*17^5 + 2*17^6 + 11*17^8 + 16*17^9 + 11*17^10 + 14*17^11 + 10*17^12 + 10*17^13 + 14*17^14 + O(17^15) : 1 + O(17^20))
   (16 + 3*17 + 8*17^3 + 13*17^4 + 14*17^5 + 17^6 + 5*17^7 + 9*17^8 + 7*17^10 + 17^11 + 2*17^12 + 6*17^13 + 6*17^14 + O(17^15) : 5 + 6*17 + 10*17^2 + 16*17^3 + 3*17^4 + 17^5 + 14*17^6 + 16*17^7 + 5*17^8 + 5*17^10 + 2*17^11 + 6*17^12 + 6*17^13 + 2*17^14 + O(17^15) : 1 + O(17^20))
   (16 + 3*17 + 8*17^3 + 4*17^4 + 7*17^5 + 8*17^6 + 7*17^7 + 9*17^8 + 2*17^9 + 14*17^10 + 4*17^11 + 11*17^12 + 8*17^13 + 13*17^14 + O(17^15) : 12 + 10*17 + 6*17^2 + 3*17^4 + 14*17^5 + 17^6 + 12*17^7 + 11*17^8 + 12*17^9 + 17^10 + 2*17^11 + 16*17^12 + 11*17^13 + 7*17^14 + O(17^15) : 1 + O(17^20))
   (16 + 3*17 + 8*17^3 + 4*17^4 + 7*17^5 + 8*17^6 + 7*17^7 + 9*17^8 + 2*17^9 + 14*17^10 + 4*17^11 + 11*17^12 + 8*17^13 + 13*17^14 + O(17^15) : 5 + 6*17 + 10*17^2 + 16*17^3 + 13*17^4 + 2*17^5 + 15*17^6 + 4*17^7 + 5*17^8 + 4*17^9 + 15*17^10 + 14*17^11 + 5*17^13 + 9*17^14 + O(17^15) : 1 + O(17^20))
   (16 + 3*17 + 8*17^3 + 4*17^4 + 7*17^5 + 9*17^6 + 4*17^7 + 7*17^8 + 13*17^9 + 3*17^10 + 3*17^11 + 15*17^12 + 12*17^13 + 16*17^14 + O(17^15) : 12 + 10*17 + 6*17^2 + 3*17^4 + 14*17^5 + 4*17^6 + 12*17^7 + 3*17^8 + 7*17^9 + 6*17^10 + 17^11 + 11*17^12 + 14*17^13 + 9*17^14 + O(17^15) : 1 + O(17^20))
   (16 + 3*17 + 8*17^3 + 4*17^4 + 7*17^5 + 9*17^6 + 4*17^7 + 7*17^8 + 13*17^9 + 3*17^10 + 3*17^11 + 15*17^12 + 12*17^13 + 16*17^14 + O(17^15) : 5 + 6*17 + 10*17^2 + 16*17^3 + 13*17^4 + 2*17^5 + 12*17^6 + 4*17^7 + 13*17^8 + 9*17^9 + 10*17^10 + 15*17^11 + 5*17^12 + 2*17^13 + 7*17^14 + O(17^15) : 1 + O(17^20))
   (16 + 3*17 + 8*17^3 + 5*17^4 + 10*17^5 + 3*17^6 + 3*17^7 + 6*17^8 + 10*17^9 + 2*17^10 + 12*17^11 + 3*17^12 + 17^13 + 6*17^14 + O(17^15) : 12 + 10*17 + 6*17^2 + 6*17^4 + 15*17^5 + 5*17^6 + 2*17^7 + 12*17^8 + 8*17^9 + 12*17^10 + 8*17^11 + 16*17^12 + 4*17^14 + O(17^15) : 1 + O(17^20))
   (16 + 3*17 + 8*17^3 + 5*17^4 + 10*17^5 + 3*17^6 + 3*17^7 + 6*17^8 + 10*17^9 + 2*17^10 + 12*17^11 + 3*17^12 + 17^13 + 6*17^14 + O(17^15) : 5 + 6*17 + 10*17^2 + 16*17^3 + 10*17^4 + 17^5 + 11*17^6 + 14*17^7 + 4*17^8 + 8*17^9 + 4*17^10 + 8*17^11 + 16*17^13 + 12*17^14 + O(17^15) : 1 + O(17^20))
   (16 + 3*17 + 8*17^3 + 5*17^4 + 8*17^5 + 6*17^6 + 5*17^7 + 17^9 + 2*17^10 + 3*17^11 + 17^12 + 12*17^13 + 6*17^14 + O(17^15) : 12 + 10*17 + 6*17^2 + 6*17^4 + 9*17^5 + 13*17^6 + 17^7 + 10*17^8 + 2*17^9 + 14*17^10 + 7*17^11 + 3*17^12 + 5*17^13 + 15*17^14 + O(17^15) : 1 + O(17^20))
   (16 + 3*17 + 8*17^3 + 5*17^4 + 8*17^5 + 6*17^6 + 5*17^7 + 17^9 + 2*17^10 + 3*17^11 + 17^12 + 12*17^13 + 6*17^14 + O(17^15) : 5 + 6*17 + 10*17^2 + 16*17^3 + 10*17^4 + 7*17^5 + 3*17^6 + 15*17^7 + 6*17^8 + 14*17^9 + 2*17^10 + 9*17^11 + 13*17^12 + 11*17^13 + 17^14 + O(17^15) : 1 + O(17^20))
   (16 + 3*17 + 8*17^3 + 9*17^4 + 11*17^5 + 2*17^6 + 2*17^7 + 15*17^8 + 6*17^9 + 3*17^10 + 16*17^11 + 10*17^12 + 16*17^13 + 2*17^14 + O(17^15) : 12 + 10*17 + 6*17^2 + 17^4 + 4*17^5 + 12*17^6 + 3*17^7 + 10*17^8 + 17^9 + 5*17^10 + 10*17^11 + 8*17^12 + 13*17^13 + 13*17^14 + O(17^15) : 1 + O(17^20))
   (16 + 3*17 + 8*17^3 + 9*17^4 + 11*17^5 + 2*17^6 + 2*17^7 + 15*17^8 + 6*17^9 + 3*17^10 + 16*17^11 + 10*17^12 + 16*17^13 + 2*17^14 + O(17^15) : 5 + 6*17 + 10*17^2 + 16*17^3 + 15*17^4 + 12*17^5 + 4*17^6 + 13*17^7 + 6*17^8 + 15*17^9 + 11*17^10 + 6*17^11 + 8*17^12 + 3*17^13 + 3*17^14 + O(17^15) : 1 + O(17^20))
   (16 + 3*17 + 8*17^3 + 9*17^4 + 11*17^5 + 3*17^6 + 9*17^7 + 16*17^8 + 6*17^9 + 11*17^10 + 10*17^11 + 5*17^12 + 5*17^13 + 13*17^14 + O(17^15) : 12 + 10*17 + 6*17^2 + 17^4 + 4*17^5 + 15*17^6 + 16*17^7 + 8*17^9 + 12*17^10 + 12*17^11 + 11*17^12 + 2*17^13 + 4*17^14 + O(17^15) : 1 + O(17^20))
   (16 + 3*17 + 8*17^3 + 9*17^4 + 11*17^5 + 3*17^6 + 9*17^7 + 16*17^8 + 6*17^9 + 11*17^10 + 10*17^11 + 5*17^12 + 5*17^13 + 13*17^14 + O(17^15) : 5 + 6*17 + 10*17^2 + 16*17^3 + 15*17^4 + 12*17^5 + 17^6 + 16*17^8 + 8*17^9 + 4*17^10 + 4*17^11 + 5*17^12 + 14*17^13 + 12*17^14 + O(17^15) : 1 + O(17^20))
   (16 + 3*17 + 9*17^3 + 11*17^4 + 8*17^5 + 3*17^6 + 2*17^7 + 3*17^8 + 10*17^9 + 7*17^10 + 15*17^11 + 7*17^12 + 12*17^13 + 7*17^14 + O(17^15) : 12 + 10*17 + 6*17^2 + 3*17^3 + 16*17^4 + 4*17^5 + 10*17^6 + 5*17^8 + 16*17^9 + 3*17^10 + 2*17^11 + 8*17^12 + 8*17^13 + 4*17^14 + O(17^15) : 1 + O(17^20))
   (16 + 3*17 + 9*17^3 + 11*17^4 + 8*17^5 + 3*17^6 + 2*17^7 + 3*17^8 + 10*17^9 + 7*17^10 + 15*17^11 + 7*17^12 + 12*17^13 + 7*17^14 + O(17^15) : 5 + 6*17 + 10*17^2 + 13*17^3 + 12*17^5 + 6*17^6 + 16*17^7 + 11*17^8 + 13*17^10 + 14*17^11 + 8*17^12 + 8*17^13 + 12*17^14 + O(17^15) : 1 + O(17^20))
   (16 + 3*17 + 9*17^3 + 12*17^4 + 8*17^5 + 13*17^6 + 14*17^7 + 15*17^8 + 12*17^9 + 13*17^10 + 12*17^11 + 14*17^12 + 3*17^13 + 14*17^14 + O(17^15) : 12 + 10*17 + 6*17^2 + 3*17^3 + 2*17^4 + 14*17^5 + 14*17^6 + 14*17^7 + 15*17^8 + 2*17^9 + 3*17^10 + 14*17^11 + 5*17^12 + 11*17^13 + 9*17^14 + O(17^15) : 1 + O(17^20))
   (16 + 3*17 + 9*17^3 + 12*17^4 + 8*17^5 + 13*17^6 + 14*17^7 + 15*17^8 + 12*17^9 + 13*17^10 + 12*17^11 + 14*17^12 + 3*17^13 + 14*17^14 + O(17^15) : 5 + 6*17 + 10*17^2 + 13*17^3 + 14*17^4 + 2*17^5 + 2*17^6 + 2*17^7 + 17^8 + 14*17^9 + 13*17^10 + 2*17^11 + 11*17^12 + 5*17^13 + 7*17^14 + O(17^15) : 1 + O(17^20))
   (16 + 3*17 + 9*17^3 + 14*17^4 + 6*17^5 + 6*17^6 + 5*17^7 + 5*17^8 + 15*17^9 + 16*17^10 + 15*17^12 + 11*17^13 + 9*17^14 + O(17^15) : 12 + 10*17 + 6*17^2 + 3*17^3 + 8*17^4 + 9*17^5 + 9*17^6 + 2*17^7 + 3*17^8 + 7*17^10 + 4*17^11 + 8*17^12 + 4*17^13 + 17^14 + O(17^15) : 1 + O(17^20))
   (16 + 3*17 + 9*17^3 + 14*17^4 + 6*17^5 + 6*17^6 + 5*17^7 + 5*17^8 + 15*17^9 + 16*17^10 + 15*17^12 + 11*17^13 + 9*17^14 + O(17^15) : 5 + 6*17 + 10*17^2 + 13*17^3 + 8*17^4 + 7*17^5 + 7*17^6 + 14*17^7 + 13*17^8 + 16*17^9 + 9*17^10 + 12*17^11 + 8*17^12 + 12*17^13 + 15*17^14 + O(17^15) : 1 + O(17^20))
   (16 + 3*17 + 9*17^3 + 15*17^4 + 11*17^5 + 17^6 + 3*17^7 + 17^8 + 2*17^9 + 14*17^10 + 7*17^11 + 17^12 + 12*17^13 + 2*17^14 + O(17^15) : 12 + 10*17 + 6*17^2 + 3*17^3 + 11*17^4 + 16*17^5 + 14*17^6 + 15*17^7 + 8*17^8 + 7*17^9 + 12*17^10 + 10*17^11 + 9*17^12 + 16*17^13 + 2*17^14 + O(17^15) : 1 + O(17^20))
   (16 + 3*17 + 9*17^3 + 15*17^4 + 11*17^5 + 17^6 + 3*17^7 + 17^8 + 2*17^9 + 14*17^10 + 7*17^11 + 17^12 + 12*17^13 + 2*17^14 + O(17^15) : 5 + 6*17 + 10*17^2 + 13*17^3 + 5*17^4 + 2*17^6 + 17^7 + 8*17^8 + 9*17^9 + 4*17^10 + 6*17^11 + 7*17^12 + 14*17^14 + O(17^15) : 1 + O(17^20))
   (16 + 3*17 + 9*17^3 + 15*17^4 + 11*17^5 + 2*17^6 + 10*17^7 + 2*17^8 + 16*17^9 + 13*17^10 + 12*17^11 + 2*17^12 + 6*17^13 + 12*17^14 + O(17^15) : 12 + 10*17 + 6*17^2 + 3*17^3 + 11*17^4 + 16*17^5 + 12*17^7 + 16*17^8 + 4*17^9 + 15*17^10 + 12*17^11 + 13*17^12 + 11*17^13 + 12*17^14 + O(17^15) : 1 + O(17^20))
   (16 + 3*17 + 9*17^3 + 15*17^4 + 11*17^5 + 2*17^6 + 10*17^7 + 2*17^8 + 16*17^9 + 13*17^10 + 12*17^11 + 2*17^12 + 6*17^13 + 12*17^14 + O(17^15) : 5 + 6*17 + 10*17^2 + 13*17^3 + 5*17^4 + 16*17^6 + 4*17^7 + 12*17^9 + 17^10 + 4*17^11 + 3*17^12 + 5*17^13 + 4*17^14 + O(17^15) : 1 + O(17^20))
   (16 + 3*17 + 9*17^3 + 2*17^4 + 13*17^5 + 17^6 + 14*17^7 + 11*17^8 + 5*17^9 + 2*17^10 + 9*17^11 + 7*17^13 + 5*17^14 + O(17^15) : 12 + 10*17 + 6*17^2 + 3*17^3 + 6*17^4 + 5*17^5 + 7*17^6 + 11*17^7 + 10*17^8 + 3*17^9 + 10*17^10 + 7*17^11 + 3*17^12 + 8*17^13 + 8*17^14 + O(17^15) : 1 + O(17^20))
   (16 + 3*17 + 9*17^3 + 2*17^4 + 13*17^5 + 17^6 + 14*17^7 + 11*17^8 + 5*17^9 + 2*17^10 + 9*17^11 + 7*17^13 + 5*17^14 + O(17^15) : 5 + 6*17 + 10*17^2 + 13*17^3 + 10*17^4 + 11*17^5 + 9*17^6 + 5*17^7 + 6*17^8 + 13*17^9 + 6*17^10 + 9*17^11 + 13*17^12 + 8*17^13 + 8*17^14 + O(17^15) : 1 + O(17^20))
   (16 + 3*17 + 9*17^3 + 2*17^4 + 15*17^5 + 15*17^6 + 11*17^7 + 11*17^8 + 17^9 + 2*17^10 + 9*17^11 + 6*17^12 + 3*17^13 + 8*17^14 + O(17^15) : 12 + 10*17 + 6*17^2 + 3*17^3 + 6*17^4 + 11*17^5 + 16*17^6 + 11*17^7 + 11*17^8 + 9*17^9 + 7*17^10 + 5*17^11 + 11*17^12 + 16*17^13 + 10*17^14 + O(17^15) : 1 + O(17^20))
   (16 + 3*17 + 9*17^3 + 2*17^4 + 15*17^5 + 15*17^6 + 11*17^7 + 11*17^8 + 17^9 + 2*17^10 + 9*17^11 + 6*17^12 + 3*17^13 + 8*17^14 + O(17^15) : 5 + 6*17 + 10*17^2 + 13*17^3 + 10*17^4 + 5*17^5 + 5*17^7 + 5*17^8 + 7*17^9 + 9*17^10 + 11*17^11 + 5*17^12 + 6*17^14 + O(17^15) : 1 + O(17^20))
   (16 + 3*17 + 9*17^3 + 3*17^4 + 16*17^5 + 12*17^6 + 9*17^7 + 4*17^8 + 11*17^9 + 2*17^10 + 7*17^11 + 16*17^12 + 10*17^13 + 16*17^14 + O(17^15) : 12 + 10*17 + 6*17^2 + 3*17^3 + 9*17^4 + 6*17^5 + 8*17^6 + 9*17^7 + 3*17^8 + 14*17^9 + 7*17^10 + 13*17^11 + 10*17^12 + 6*17^13 + 7*17^14 + O(17^15) : 1 + O(17^20))
   (16 + 3*17 + 9*17^3 + 3*17^4 + 16*17^5 + 12*17^6 + 9*17^7 + 4*17^8 + 11*17^9 + 2*17^10 + 7*17^11 + 16*17^12 + 10*17^13 + 16*17^14 + O(17^15) : 5 + 6*17 + 10*17^2 + 13*17^3 + 7*17^4 + 10*17^5 + 8*17^6 + 7*17^7 + 13*17^8 + 2*17^9 + 9*17^10 + 3*17^11 + 6*17^12 + 10*17^13 + 9*17^14 + O(17^15) : 1 + O(17^20))
   (16 + 3*17 + 9*17^3 + 3*17^4 + 16*17^5 + 13*17^6 + 6*17^7 + 2*17^8 + 2*17^9 + 17^10 + 16*17^11 + 9*17^12 + 3*17^13 + 2*17^14 + O(17^15) : 12 + 10*17 + 6*17^2 + 3*17^3 + 9*17^4 + 6*17^5 + 11*17^6 + 9*17^7 + 12*17^8 + 16*17^9 + 7*17^10 + 12*17^11 + 6*17^12 + 15*17^13 + 11*17^14 + O(17^15) : 1 + O(17^20))
   (16 + 3*17 + 9*17^3 + 3*17^4 + 16*17^5 + 13*17^6 + 6*17^7 + 2*17^8 + 2*17^9 + 17^10 + 16*17^11 + 9*17^12 + 3*17^13 + 2*17^14 + O(17^15) : 5 + 6*17 + 10*17^2 + 13*17^3 + 7*17^4 + 10*17^5 + 5*17^6 + 7*17^7 + 4*17^8 + 9*17^10 + 4*17^11 + 10*17^12 + 17^13 + 5*17^14 + O(17^15) : 1 + O(17^20))
   (16*17^-3 + 13*17^-2 + 15*17^-1 + 2*17 + 12*17^2 + 16*17^3 + 14*17^4 + 4*17^5 + 7*17^6 + 5*17^7 + 16*17^8 + 8*17^9 + O(17^10) : 16*17^-9 + 7*17^-8 + 3*17^-7 + 7*17^-6 + 8*17^-5 + 10*17^-4 + 7*17^-3 + 4*17^-2 + 10 + 6*17 + 16*17^2 + O(17^4) : 1 + O(17^20))
   (16*17^-3 + 13*17^-2 + 15*17^-1 + 2*17 + 12*17^2 + 16*17^3 + 14*17^4 + 4*17^5 + 7*17^6 + 5*17^7 + 16*17^8 + 8*17^9 + O(17^10) : 17^-9 + 9*17^-8 + 13*17^-7 + 9*17^-6 + 8*17^-5 + 6*17^-4 + 9*17^-3 + 12*17^-2 + 16*17^-1 + 6 + 10*17 + 16*17^3 + O(17^4) : 1 + O(17^20))
   (16*17^-3 + 13*17^-2 + 2*17^-1 + 3 + 11*17 + 4*17^2 + 5*17^3 + 5*17^4 + 9*17^5 + 8*17^6 + 15*17^7 + 16*17^8 + 9*17^9 + O(17^10) : 16*17^-9 + 7*17^-8 + 15*17^-7 + 7*17^-5 + 11*17^-4 + 14*17^-3 + 17^-2 + 12*17^-1 + 5 + 10*17 + 3*17^3 + O(17^4) : 1 + O(17^20))
   (16*17^-3 + 13*17^-2 + 2*17^-1 + 3 + 11*17 + 4*17^2 + 5*17^3 + 5*17^4 + 9*17^5 + 8*17^6 + 15*17^7 + 16*17^8 + 9*17^9 + O(17^10) : 17^-9 + 9*17^-8 + 17^-7 + 16*17^-6 + 9*17^-5 + 5*17^-4 + 2*17^-3 + 15*17^-2 + 4*17^-1 + 11 + 6*17 + 16*17^2 + 13*17^3 + O(17^4) : 1 + O(17^20))
   (16*17^-3 + 13*17^-2 + 2*17^-1 + 4 + 12*17 + 8*17^3 + 3*17^4 + 11*17^5 + 5*17^6 + 9*17^7 + 5*17^8 + 13*17^9 + O(17^10) : 16*17^-9 + 7*17^-8 + 15*17^-7 + 3*17^-6 + 11*17^-5 + 10*17^-4 + 5*17^-3 + 13*17^-2 + 3*17^-1 + 5 + 11*17 + 8*17^2 + 11*17^3 + O(17^4) : 1 + O(17^20))
   (16*17^-3 + 13*17^-2 + 2*17^-1 + 4 + 12*17 + 8*17^3 + 3*17^4 + 11*17^5 + 5*17^6 + 9*17^7 + 5*17^8 + 13*17^9 + O(17^10) : 17^-9 + 9*17^-8 + 17^-7 + 13*17^-6 + 5*17^-5 + 6*17^-4 + 11*17^-3 + 3*17^-2 + 13*17^-1 + 11 + 5*17 + 8*17^2 + 5*17^3 + O(17^4) : 1 + O(17^20))
   (16*17^-3 + 4*17^-2 + 17^-1 + 4 + 5*17 + 3*17^2 + 17^3 + 9*17^4 + 3*17^5 + 9*17^6 + 4*17^7 + 16*17^8 + 5*17^9 + O(17^10) : 16*17^-9 + 14*17^-8 + 13*17^-7 + 7*17^-5 + 12*17^-4 + 14*17^-3 + 16*17^-2 + 2*17^-1 + 1 + 17 + 17^2 + 3*17^3 + O(17^4) : 1 + O(17^20))
   (16*17^-3 + 4*17^-2 + 17^-1 + 4 + 5*17 + 3*17^2 + 17^3 + 9*17^4 + 3*17^5 + 9*17^6 + 4*17^7 + 16*17^8 + 5*17^9 + O(17^10) : 17^-9 + 2*17^-8 + 3*17^-7 + 16*17^-6 + 9*17^-5 + 4*17^-4 + 2*17^-3 + 14*17^-1 + 15 + 15*17 + 15*17^2 + 13*17^3 + O(17^4) : 1 + O(17^20))
   (16*17^-3 + 6*17^-1 + 14 + 3*17 + 7*17^2 + 10*17^3 + 17^4 + 4*17^5 + 16*17^6 + 5*17^7 + 2*17^8 + O(17^10) : 16*17^-9 + 2*17^-8 + 15*17^-7 + 7*17^-6 + 5*17^-5 + 13*17^-4 + 14*17^-3 + 14*17^-2 + 16*17^-1 + 10 + 17 + 16*17^2 + 2*17^3 + O(17^4) : 1 + O(17^20))
   (16*17^-3 + 6*17^-1 + 14 + 3*17 + 7*17^2 + 10*17^3 + 17^4 + 4*17^5 + 16*17^6 + 5*17^7 + 2*17^8 + O(17^10) : 17^-9 + 14*17^-8 + 17^-7 + 9*17^-6 + 11*17^-5 + 3*17^-4 + 2*17^-3 + 2*17^-2 + 6 + 15*17 + 14*17^3 + O(17^4) : 1 + O(17^20))
   (16*17^-3 + 7*17^-2 + 13*17^-1 + 8 + 11*17 + 17^2 + 15*17^3 + 8*17^4 + 17^5 + 13*17^6 + 3*17^8 + 11*17^9 + O(17^10) : 16*17^-9 + 6*17^-8 + 17^-7 + 5*17^-6 + 13*17^-3 + 7*17^-2 + 10*17^-1 + 4 + 15*17 + 11*17^2 + 5*17^3 + O(17^4) : 1 + O(17^20))
   (16*17^-3 + 7*17^-2 + 13*17^-1 + 8 + 11*17 + 17^2 + 15*17^3 + 8*17^4 + 17^5 + 13*17^6 + 3*17^8 + 11*17^9 + O(17^10) : 17^-9 + 10*17^-8 + 15*17^-7 + 11*17^-6 + 16*17^-5 + 16*17^-4 + 3*17^-3 + 9*17^-2 + 6*17^-1 + 12 + 17 + 5*17^2 + 11*17^3 + O(17^4) : 1 + O(17^20))
   (16*17^-3 + 7*17^-2 + 15*17^-1 + 7 + 14*17 + 13*17^2 + 2*17^3 + 6*17^4 + 3*17^5 + 5*17^6 + 3*17^7 + 2*17^8 + 6*17^9 + O(17^10) : 16*17^-9 + 6*17^-8 + 7*17^-7 + 8*17^-6 + 12*17^-5 + 16*17^-4 + 3*17^-3 + 17^-1 + 1 + 8*17 + 14*17^2 + 7*17^3 + O(17^4) : 1 + O(17^20))
   (16*17^-3 + 7*17^-2 + 15*17^-1 + 7 + 14*17 + 13*17^2 + 2*17^3 + 6*17^4 + 3*17^5 + 5*17^6 + 3*17^7 + 2*17^8 + 6*17^9 + O(17^10) : 17^-9 + 10*17^-8 + 9*17^-7 + 8*17^-6 + 4*17^-5 + 13*17^-3 + 16*17^-2 + 15*17^-1 + 15 + 8*17 + 2*17^2 + 9*17^3 + O(17^4) : 1 + O(17^20))
   (16*17^-3 + 8*17^-2 + 4*17^-1 + 3 + 2*17 + 3*17^2 + 11*17^3 + 16*17^4 + 17^5 + 4*17^6 + 12*17^7 + 6*17^8 + 11*17^9 + O(17^10) : 16*17^-9 + 9*17^-8 + 8*17^-7 + 15*17^-6 + 15*17^-5 + 16*17^-4 + 15*17^-3 + 15*17^-2 + 8*17^-1 + 15 + 10*17 + 10*17^2 + 17^3 + O(17^4) : 1 + O(17^20))
   (16*17^-3 + 8*17^-2 + 4*17^-1 + 3 + 2*17 + 3*17^2 + 11*17^3 + 16*17^4 + 17^5 + 4*17^6 + 12*17^7 + 6*17^8 + 11*17^9 + O(17^10) : 17^-9 + 7*17^-8 + 8*17^-7 + 17^-6 + 17^-5 + 17^-3 + 17^-2 + 8*17^-1 + 1 + 6*17 + 6*17^2 + 15*17^3 + O(17^4) : 1 + O(17^20))
   (17^-3 + 12*17^-2 + 15*17^-1 + 12 + 11*17 + 13*17^2 + 15*17^3 + 7*17^4 + 13*17^5 + 7*17^6 + 12*17^7 + 11*17^9 + O(17^10) : 16*17^-9 + 14*17^-8 + 13*17^-7 + 7*17^-5 + 12*17^-4 + 14*17^-3 + 16*17^-2 + 2*17^-1 + 1 + 17 + 17^2 + 3*17^3 + O(17^4) : 1 + O(17^20))
   (17^-3 + 12*17^-2 + 15*17^-1 + 12 + 11*17 + 13*17^2 + 15*17^3 + 7*17^4 + 13*17^5 + 7*17^6 + 12*17^7 + 11*17^9 + O(17^10) : 17^-9 + 2*17^-8 + 3*17^-7 + 16*17^-6 + 9*17^-5 + 4*17^-4 + 2*17^-3 + 14*17^-1 + 15 + 15*17 + 15*17^2 + 13*17^3 + O(17^4) : 1 + O(17^20))
   (17^-3 + 16*17^-2 + 10*17^-1 + 2 + 13*17 + 9*17^2 + 6*17^3 + 15*17^4 + 12*17^5 + 11*17^7 + 14*17^8 + 16*17^9 + O(17^10) : 16*17^-9 + 2*17^-8 + 15*17^-7 + 7*17^-6 + 5*17^-5 + 13*17^-4 + 14*17^-3 + 14*17^-2 + 16*17^-1 + 10 + 17 + 16*17^2 + 2*17^3 + O(17^4) : 1 + O(17^20))
   (17^-3 + 16*17^-2 + 10*17^-1 + 2 + 13*17 + 9*17^2 + 6*17^3 + 15*17^4 + 12*17^5 + 11*17^7 + 14*17^8 + 16*17^9 + O(17^10) : 17^-9 + 14*17^-8 + 17^-7 + 9*17^-6 + 11*17^-5 + 3*17^-4 + 2*17^-3 + 2*17^-2 + 6 + 15*17 + 14*17^3 + O(17^4) : 1 + O(17^20))
   (17^-3 + 3*17^-2 + 14*17^-1 + 12 + 4*17 + 16*17^2 + 8*17^3 + 13*17^4 + 5*17^5 + 11*17^6 + 7*17^7 + 11*17^8 + 3*17^9 + O(17^10) : 16*17^-9 + 7*17^-8 + 15*17^-7 + 3*17^-6 + 11*17^-5 + 10*17^-4 + 5*17^-3 + 13*17^-2 + 3*17^-1 + 5 + 11*17 + 8*17^2 + 11*17^3 + O(17^4) : 1 + O(17^20))
   (17^-3 + 3*17^-2 + 14*17^-1 + 12 + 4*17 + 16*17^2 + 8*17^3 + 13*17^4 + 5*17^5 + 11*17^6 + 7*17^7 + 11*17^8 + 3*17^9 + O(17^10) : 17^-9 + 9*17^-8 + 17^-7 + 13*17^-6 + 5*17^-5 + 6*17^-4 + 11*17^-3 + 3*17^-2 + 13*17^-1 + 11 + 5*17 + 8*17^2 + 5*17^3 + O(17^4) : 1 + O(17^20))
   (17^-3 + 3*17^-2 + 14*17^-1 + 13 + 5*17 + 12*17^2 + 11*17^3 + 11*17^4 + 7*17^5 + 8*17^6 + 17^7 + 7*17^9 + O(17^10) : 16*17^-9 + 7*17^-8 + 15*17^-7 + 7*17^-5 + 11*17^-4 + 14*17^-3 + 17^-2 + 12*17^-1 + 5 + 10*17 + 3*17^3 + O(17^4) : 1 + O(17^20))
   (17^-3 + 3*17^-2 + 14*17^-1 + 13 + 5*17 + 12*17^2 + 11*17^3 + 11*17^4 + 7*17^5 + 8*17^6 + 17^7 + 7*17^9 + O(17^10) : 17^-9 + 9*17^-8 + 17^-7 + 16*17^-6 + 9*17^-5 + 5*17^-4 + 2*17^-3 + 15*17^-2 + 4*17^-1 + 11 + 6*17 + 16*17^2 + 13*17^3 + O(17^4) : 1 + O(17^20))
   (17^-3 + 3*17^-2 + 17^-1 + 16 + 14*17 + 4*17^2 + 2*17^4 + 12*17^5 + 9*17^6 + 11*17^7 + 8*17^9 + O(17^10) : 16*17^-9 + 7*17^-8 + 3*17^-7 + 7*17^-6 + 8*17^-5 + 10*17^-4 + 7*17^-3 + 4*17^-2 + 10 + 6*17 + 16*17^2 + O(17^4) : 1 + O(17^20))
   (17^-3 + 3*17^-2 + 17^-1 + 16 + 14*17 + 4*17^2 + 2*17^4 + 12*17^5 + 9*17^6 + 11*17^7 + 8*17^9 + O(17^10) : 17^-9 + 9*17^-8 + 13*17^-7 + 9*17^-6 + 8*17^-5 + 6*17^-4 + 9*17^-3 + 12*17^-2 + 16*17^-1 + 6 + 10*17 + 16*17^3 + O(17^4) : 1 + O(17^20))
   (17^-3 + 8*17^-2 + 12*17^-1 + 13 + 14*17 + 13*17^2 + 5*17^3 + 15*17^5 + 12*17^6 + 4*17^7 + 10*17^8 + 5*17^9 + O(17^10) : 16*17^-9 + 9*17^-8 + 8*17^-7 + 15*17^-6 + 15*17^-5 + 16*17^-4 + 15*17^-3 + 15*17^-2 + 8*17^-1 + 15 + 10*17 + 10*17^2 + 17^3 + O(17^4) : 1 + O(17^20))
   (17^-3 + 8*17^-2 + 12*17^-1 + 13 + 14*17 + 13*17^2 + 5*17^3 + 15*17^5 + 12*17^6 + 4*17^7 + 10*17^8 + 5*17^9 + O(17^10) : 17^-9 + 7*17^-8 + 8*17^-7 + 17^-6 + 17^-5 + 17^-3 + 17^-2 + 8*17^-1 + 1 + 6*17 + 6*17^2 + 15*17^3 + O(17^4) : 1 + O(17^20))
   (17^-3 + 9*17^-2 + 17^-1 + 9 + 2*17 + 3*17^2 + 14*17^3 + 10*17^4 + 13*17^5 + 11*17^6 + 13*17^7 + 14*17^8 + 10*17^9 + O(17^10) : 16*17^-9 + 6*17^-8 + 7*17^-7 + 8*17^-6 + 12*17^-5 + 16*17^-4 + 3*17^-3 + 17^-1 + 1 + 8*17 + 14*17^2 + 7*17^3 + O(17^4) : 1 + O(17^20))
   (17^-3 + 9*17^-2 + 17^-1 + 9 + 2*17 + 3*17^2 + 14*17^3 + 10*17^4 + 13*17^5 + 11*17^6 + 13*17^7 + 14*17^8 + 10*17^9 + O(17^10) : 17^-9 + 10*17^-8 + 9*17^-7 + 8*17^-6 + 4*17^-5 + 13*17^-3 + 16*17^-2 + 15*17^-1 + 15 + 8*17 + 2*17^2 + 9*17^3 + O(17^4) : 1 + O(17^20))
   (17^-3 + 9*17^-2 + 3*17^-1 + 8 + 5*17 + 15*17^2 + 17^3 + 8*17^4 + 15*17^5 + 3*17^6 + 16*17^7 + 13*17^8 + 5*17^9 + O(17^10) : 16*17^-9 + 6*17^-8 + 17^-7 + 5*17^-6 + 13*17^-3 + 7*17^-2 + 10*17^-1 + 4 + 15*17 + 11*17^2 + 5*17^3 + O(17^4) : 1 + O(17^20))
   (17^-3 + 9*17^-2 + 3*17^-1 + 8 + 5*17 + 15*17^2 + 17^3 + 8*17^4 + 15*17^5 + 3*17^6 + 16*17^7 + 13*17^8 + 5*17^9 + O(17^10) : 17^-9 + 10*17^-8 + 15*17^-7 + 11*17^-6 + 16*17^-5 + 16*17^-4 + 3*17^-3 + 9*17^-2 + 6*17^-1 + 12 + 17 + 5*17^2 + 11*17^3 + O(17^4) : 1 + O(17^20))
   (2*17^-3 + 11*17^-2 + 9*17^-1 + 12*17 + 10*17^2 + 7*17^3 + 17^4 + 3*17^5 + 4*17^6 + 15*17^7 + 12*17^8 + 2*17^9 + O(17^10) : 8*17^-9 + 13*17^-8 + 8*17^-7 + 17^-6 + 2*17^-5 + 8*17^-4 + 2*17^-3 + 5*17^-2 + 2*17^-1 + 7 + 17 + 4*17^2 + 15*17^3 + O(17^4) : 1 + O(17^20))
   (2*17^-3 + 11*17^-2 + 9*17^-1 + 12*17 + 10*17^2 + 7*17^3 + 17^4 + 3*17^5 + 4*17^6 + 15*17^7 + 12*17^8 + 2*17^9 + O(17^10) : 9*17^-9 + 3*17^-8 + 8*17^-7 + 15*17^-6 + 14*17^-5 + 8*17^-4 + 14*17^-3 + 11*17^-2 + 14*17^-1 + 9 + 15*17 + 12*17^2 + 17^3 + O(17^4) : 1 + O(17^20))
   (2*17^-3 + 14*17^-2 + 6*17^-1 + 4*17 + 5*17^2 + 17^3 + 2*17^4 + 2*17^5 + 11*17^6 + 2*17^7 + 9*17^8 + 10*17^9 + O(17^10) : 8*17^-9 + 15*17^-8 + 16*17^-7 + 5*17^-5 + 15*17^-4 + 15*17^-3 + 11*17^-2 + 9*17^-1 + 7 + 17 + 7*17^2 + 14*17^3 + O(17^4) : 1 + O(17^20))
   (2*17^-3 + 14*17^-2 + 6*17^-1 + 4*17 + 5*17^2 + 17^3 + 2*17^4 + 2*17^5 + 11*17^6 + 2*17^7 + 9*17^8 + 10*17^9 + O(17^10) : 9*17^-9 + 17^-8 + 16*17^-6 + 11*17^-5 + 17^-4 + 17^-3 + 5*17^-2 + 7*17^-1 + 9 + 15*17 + 9*17^2 + 2*17^3 + O(17^4) : 1 + O(17^20))
   (2*17^-3 + 15*17^-2 + 8*17^-1 + 13 + 10*17 + 8*17^2 + 5*17^3 + 5*17^5 + 7*17^6 + 6*17^7 + 10*17^8 + 6*17^9 + O(17^10) : 8*17^-9 + 10*17^-8 + 11*17^-7 + 7*17^-6 + 7*17^-5 + 17^-4 + 5*17^-3 + 6*17^-2 + 10*17^-1 + 9 + 4*17 + 6*17^2 + 9*17^3 + O(17^4) : 1 + O(17^20))
   (2*17^-3 + 15*17^-2 + 8*17^-1 + 13 + 10*17 + 8*17^2 + 5*17^3 + 5*17^5 + 7*17^6 + 6*17^7 + 10*17^8 + 6*17^9 + O(17^10) : 9*17^-9 + 6*17^-8 + 5*17^-7 + 9*17^-6 + 9*17^-5 + 15*17^-4 + 11*17^-3 + 10*17^-2 + 6*17^-1 + 7 + 12*17 + 10*17^2 + 7*17^3 + O(17^4) : 1 + O(17^20))
   (2*17^-3 + 15*17^-2 + 8*17^-1 + 5 + 13*17 + 3*17^2 + 5*17^3 + 5*17^4 + 13*17^5 + 7*17^6 + 6*17^7 + 4*17^8 + 16*17^9 + O(17^10) : 8*17^-9 + 10*17^-8 + 11*17^-7 + 13*17^-6 + 8*17^-5 + 10*17^-4 + 13*17^-3 + 9*17^-2 + 3*17^-1 + 14 + 11*17 + 9*17^2 + 11*17^3 + O(17^4) : 1 + O(17^20))
   (2*17^-3 + 15*17^-2 + 8*17^-1 + 5 + 13*17 + 3*17^2 + 5*17^3 + 5*17^4 + 13*17^5 + 7*17^6 + 6*17^7 + 4*17^8 + 16*17^9 + O(17^10) : 9*17^-9 + 6*17^-8 + 5*17^-7 + 3*17^-6 + 8*17^-5 + 6*17^-4 + 3*17^-3 + 7*17^-2 + 13*17^-1 + 2 + 5*17 + 7*17^2 + 5*17^3 + O(17^4) : 1 + O(17^20))
   (2*17^-3 + 17^-2 + 6*17^-1 + 4 + 17 + 15*17^2 + 5*17^3 + 2*17^4 + 14*17^5 + 16*17^6 + 12*17^7 + 15*17^8 + 7*17^9 + O(17^10) : 8*17^-9 + 12*17^-8 + 10*17^-7 + 6*17^-6 + 12*17^-5 + 5*17^-4 + 12*17^-3 + 15*17^-2 + 9*17^-1 + 13 + 15*17 + 4*17^3 + O(17^4) : 1 + O(17^20))
   (2*17^-3 + 17^-2 + 6*17^-1 + 4 + 17 + 15*17^2 + 5*17^3 + 2*17^4 + 14*17^5 + 16*17^6 + 12*17^7 + 15*17^8 + 7*17^9 + O(17^10) : 9*17^-9 + 4*17^-8 + 6*17^-7 + 10*17^-6 + 4*17^-5 + 11*17^-4 + 4*17^-3 + 17^-2 + 7*17^-1 + 3 + 17 + 16*17^2 + 12*17^3 + O(17^4) : 1 + O(17^20))
   (2*17^-3 + 17^-2 + 8*17^-1 + 14 + 10*17 + 16*17^2 + 15*17^3 + 8*17^4 + 2*17^5 + 6*17^6 + 9*17^7 + 10*17^8 + 11*17^9 + O(17^10) : 8*17^-9 + 12*17^-8 + 16*17^-6 + 14*17^-5 + 10*17^-4 + 14*17^-3 + 4*17^-2 + 17^-1 + 3 + 6*17 + 11*17^2 + 14*17^3 + O(17^4) : 1 + O(17^20))
   (2*17^-3 + 17^-2 + 8*17^-1 + 14 + 10*17 + 16*17^2 + 15*17^3 + 8*17^4 + 2*17^5 + 6*17^6 + 9*17^7 + 10*17^8 + 11*17^9 + O(17^10) : 9*17^-9 + 4*17^-8 + 16*17^-7 + 2*17^-5 + 6*17^-4 + 2*17^-3 + 12*17^-2 + 15*17^-1 + 13 + 10*17 + 5*17^2 + 2*17^3 + O(17^4) : 1 + O(17^20))
   (2*17^-3 + 2*17^-2 + 16*17^-1 + 13 + 16*17 + 10*17^2 + 3*17^3 + 16*17^4 + 5*17^5 + 10*17^7 + 2*17^8 + 14*17^9 + O(17^10) : 8*17^-9 + 7*17^-8 + 13*17^-7 + 16*17^-6 + 3*17^-5 + 14*17^-4 + 9*17^-3 + 8*17^-2 + 15*17^-1 + 4 + 5*17^2 + 13*17^3 + O(17^4) : 1 + O(17^20))
   (2*17^-3 + 2*17^-2 + 16*17^-1 + 13 + 16*17 + 10*17^2 + 3*17^3 + 16*17^4 + 5*17^5 + 10*17^7 + 2*17^8 + 14*17^9 + O(17^10) : 9*17^-9 + 9*17^-8 + 3*17^-7 + 13*17^-5 + 2*17^-4 + 7*17^-3 + 8*17^-2 + 17^-1 + 12 + 16*17 + 11*17^2 + 3*17^3 + O(17^4) : 1 + O(17^20))
   (2*17^-3 + 5*17^-2 + 14*17^-1 + 6 + 3*17 + 6*17^2 + 7*17^3 + 10*17^4 + 9*17^5 + 6*17^6 + 5*17^7 + 8*17^8 + 2*17^9 + O(17^10) : 8*17^-9 + 9*17^-8 + 15*17^-7 + 17^-6 + 15*17^-5 + 13*17^-4 + 3*17^-3 + 16*17^-2 + 10*17^-1 + 6 + 5*17 + 10*17^2 + 4*17^3 + O(17^4) : 1 + O(17^20))
   (2*17^-3 + 5*17^-2 + 14*17^-1 + 6 + 3*17 + 6*17^2 + 7*17^3 + 10*17^4 + 9*17^5 + 6*17^6 + 5*17^7 + 8*17^8 + 2*17^9 + O(17^10) : 9*17^-9 + 7*17^-8 + 17^-7 + 15*17^-6 + 17^-5 + 3*17^-4 + 13*17^-3 + 6*17^-1 + 10 + 11*17 + 6*17^2 + 12*17^3 + O(17^4) : 1 + O(17^20))
   (2*17^-3 + 5*17^-2 + 16*17^-1 + 11 + 13*17 + 15*17^2 + 6*17^3 + 3*17^4 + 11*17^5 + 7*17^6 + 12*17^7 + 16*17^8 + 6*17^9 + O(17^10) : 8*17^-9 + 9*17^-8 + 5*17^-7 + 13*17^-6 + 3*17^-5 + 11*17^-4 + 5*17^-3 + 14*17^-2 + 3*17^-1 + 12 + 6*17 + 15*17^2 + 15*17^3 + O(17^4) : 1 + O(17^20))
   (2*17^-3 + 5*17^-2 + 16*17^-1 + 11 + 13*17 + 15*17^2 + 6*17^3 + 3*17^4 + 11*17^5 + 7*17^6 + 12*17^7 + 16*17^8 + 6*17^9 + O(17^10) : 9*17^-9 + 7*17^-8 + 11*17^-7 + 3*17^-6 + 13*17^-5 + 5*17^-4 + 11*17^-3 + 2*17^-2 + 13*17^-1 + 4 + 10*17 + 17^2 + 17^3 + O(17^4) : 1 + O(17^20))
   (2*17^-3 + 7*17^-2 + 16*17^-1 + 7 + 2*17 + 4*17^2 + 16*17^3 + 6*17^4 + 3*17^5 + 7*17^6 + 15*17^7 + 9*17^8 + 7*17^9 + O(17^10) : 8*17^-9 + 16*17^-8 + 14*17^-7 + 14*17^-6 + 15*17^-5 + 7*17^-4 + 10*17^-3 + 10*17^-2 + 11*17^-1 + 1 + 6*17 + 12*17^2 + 15*17^3 + O(17^4) : 1 + O(17^20))
   (2*17^-3 + 7*17^-2 + 16*17^-1 + 7 + 2*17 + 4*17^2 + 16*17^3 + 6*17^4 + 3*17^5 + 7*17^6 + 15*17^7 + 9*17^8 + 7*17^9 + O(17^10) : 9*17^-9 + 2*17^-7 + 2*17^-6 + 17^-5 + 9*17^-4 + 6*17^-3 + 6*17^-2 + 5*17^-1 + 15 + 10*17 + 4*17^2 + 17^3 + O(17^4) : 1 + O(17^20))
   (3 + 15*17 + 16*17^2 + 16*17^3 + 16*17^4 + 16*17^5 + 10*17^6 + 11*17^7 + 2*17^8 + 14*17^10 + 8*17^11 + 12*17^12 + 16*17^13 + 8*17^14 + 4*17^16 + O(17^17) : 12*17^3 + 6*17^4 + 7*17^5 + 12*17^6 + 12*17^7 + 6*17^8 + 10*17^9 + 13*17^11 + 14*17^12 + 10*17^13 + O(17^14) : 1 + O(17^20))
   (3 + 15*17 + 16*17^2 + 16*17^3 + 16*17^4 + 16*17^5 + 10*17^6 + 11*17^7 + 2*17^8 + 14*17^10 + 8*17^11 + 12*17^12 + 16*17^13 + 8*17^14 + 4*17^16 + O(17^17) : 5*17^3 + 10*17^4 + 9*17^5 + 4*17^6 + 4*17^7 + 10*17^8 + 6*17^9 + 16*17^10 + 3*17^11 + 2*17^12 + 6*17^13 + O(17^14) : 1 + O(17^20))
   (3 + 15*17 + 16*17^2 + 16*17^3 + 16*17^4 + 16*17^5 + 10*17^6 + 14*17^7 + 11*17^8 + 14*17^9 + 15*17^10 + 12*17^11 + 16*17^12 + 12*17^13 + 17^14 + 17^15 + 2*17^16 + O(17^17) : 12*17^3 + 3*17^4 + 5*17^5 + 15*17^6 + 5*17^7 + 2*17^9 + 15*17^10 + 4*17^11 + O(17^14) : 1 + O(17^20))
   (3 + 15*17 + 16*17^2 + 16*17^3 + 16*17^4 + 16*17^5 + 10*17^6 + 14*17^7 + 11*17^8 + 14*17^9 + 15*17^10 + 12*17^11 + 16*17^12 + 12*17^13 + 17^14 + 17^15 + 2*17^16 + O(17^17) : 5*17^3 + 13*17^4 + 11*17^5 + 17^6 + 11*17^7 + 16*17^8 + 14*17^9 + 17^10 + 12*17^11 + 16*17^12 + 16*17^13 + O(17^14) : 1 + O(17^20))
   (3 + 15*17 + 16*17^2 + 16*17^3 + 16*17^4 + 16*17^5 + 10*17^6 + 8*17^7 + 16*17^8 + 10*17^9 + 10*17^10 + 5*17^11 + 3*17^12 + 6*17^13 + 15*17^14 + 15*17^15 + 5*17^16 + O(17^17) : 12*17^3 + 9*17^4 + 15*17^5 + 15*17^6 + 14*17^7 + 17^8 + 14*17^9 + 7*17^10 + 7*17^11 + 7*17^12 + 14*17^13 + O(17^14) : 1 + O(17^20))
   (3 + 15*17 + 16*17^2 + 16*17^3 + 16*17^4 + 16*17^5 + 10*17^6 + 8*17^7 + 16*17^8 + 10*17^9 + 10*17^10 + 5*17^11 + 3*17^12 + 6*17^13 + 15*17^14 + 15*17^15 + 5*17^16 + O(17^17) : 5*17^3 + 7*17^4 + 17^5 + 17^6 + 2*17^7 + 15*17^8 + 2*17^9 + 9*17^10 + 9*17^11 + 9*17^12 + 2*17^13 + O(17^14) : 1 + O(17^20))
   (3 + 15*17 + 16*17^2 + 16*17^3 + 16*17^4 + 16*17^5 + 10*17^6 + 9*17^7 + 5*17^8 + 4*17^9 + 14*17^10 + 3*17^11 + 8*17^12 + 2*17^13 + 2*17^14 + 4*17^15 + 17^16 + O(17^17) : 12*17^3 + 8*17^4 + 6*17^5 + 6*17^7 + 17^8 + 14*17^9 + 8*17^10 + 9*17^11 + 14*17^12 + 14*17^13 + O(17^14) : 1 + O(17^20))
   (3 + 15*17 + 16*17^2 + 16*17^3 + 16*17^4 + 16*17^5 + 10*17^6 + 9*17^7 + 5*17^8 + 4*17^9 + 14*17^10 + 3*17^11 + 8*17^12 + 2*17^13 + 2*17^14 + 4*17^15 + 17^16 + O(17^17) : 5*17^3 + 8*17^4 + 10*17^5 + 16*17^6 + 10*17^7 + 15*17^8 + 2*17^9 + 8*17^10 + 7*17^11 + 2*17^12 + 2*17^13 + O(17^14) : 1 + O(17^20))
   (3 + 15*17 + 16*17^2 + 16*17^3 + 16*17^4 + 16*17^5 + 11*17^6 + 12*17^7 + 7*17^9 + 15*17^11 + 2*17^12 + 5*17^13 + 7*17^14 + 16*17^15 + 11*17^16 + O(17^17) : 16*17^3 + 14*17^4 + 11*17^5 + 13*17^6 + 13*17^7 + 8*17^8 + 4*17^9 + 8*17^10 + 15*17^11 + 3*17^12 + 4*17^13 + O(17^14) : 1 + O(17^20))
   (3 + 15*17 + 16*17^2 + 16*17^3 + 16*17^4 + 16*17^5 + 11*17^6 + 12*17^7 + 7*17^9 + 15*17^11 + 2*17^12 + 5*17^13 + 7*17^14 + 16*17^15 + 11*17^16 + O(17^17) : 17^3 + 2*17^4 + 5*17^5 + 3*17^6 + 3*17^7 + 8*17^8 + 12*17^9 + 8*17^10 + 17^11 + 13*17^12 + 12*17^13 + O(17^14) : 1 + O(17^20))
   (3 + 15*17 + 16*17^2 + 16*17^3 + 16*17^4 + 16*17^5 + 11*17^6 + 12*17^7 + 9*17^10 + 9*17^11 + 9*17^12 + 10*17^13 + 10*17^14 + 11*17^15 + 12*17^16 + O(17^17) : 16*17^3 + 14*17^4 + 11*17^5 + 14*17^6 + 15*17^7 + 16*17^8 + 13*17^9 + 2*17^10 + 10*17^11 + 7*17^12 + 3*17^13 + O(17^14) : 1 + O(17^20))
   (3 + 15*17 + 16*17^2 + 16*17^3 + 16*17^4 + 16*17^5 + 11*17^6 + 12*17^7 + 9*17^10 + 9*17^11 + 9*17^12 + 10*17^13 + 10*17^14 + 11*17^15 + 12*17^16 + O(17^17) : 17^3 + 2*17^4 + 5*17^5 + 2*17^6 + 17^7 + 3*17^9 + 14*17^10 + 6*17^11 + 9*17^12 + 13*17^13 + O(17^14) : 1 + O(17^20))
   (3 + 15*17 + 16*17^2 + 16*17^3 + 16*17^4 + 16*17^5 + 11*17^6 + 17^7 + 13*17^8 + 2*17^9 + 15*17^10 + 13*17^11 + 15*17^12 + 8*17^13 + 8*17^14 + 12*17^15 + 16*17^16 + O(17^17) : 16*17^3 + 17^4 + 2*17^5 + 7*17^6 + 15*17^7 + 15*17^8 + 12*17^9 + 6*17^10 + 2*17^11 + 14*17^12 + 12*17^13 + O(17^14) : 1 + O(17^20))
   (3 + 15*17 + 16*17^2 + 16*17^3 + 16*17^4 + 16*17^5 + 11*17^6 + 17^7 + 13*17^8 + 2*17^9 + 15*17^10 + 13*17^11 + 15*17^12 + 8*17^13 + 8*17^14 + 12*17^15 + 16*17^16 + O(17^17) : 17^3 + 15*17^4 + 14*17^5 + 9*17^6 + 17^7 + 17^8 + 4*17^9 + 10*17^10 + 14*17^11 + 2*17^12 + 4*17^13 + O(17^14) : 1 + O(17^20))
   (3 + 15*17 + 16*17^2 + 16*17^3 + 16*17^4 + 16*17^5 + 11*17^6 + 2*17^7 + 13*17^8 + 4*17^9 + 12*17^10 + 17^11 + 4*17^12 + 14*17^13 + 14*17^14 + 3*17^15 + 15*17^16 + O(17^17) : 16*17^3 + 13*17^4 + 15*17^5 + 14*17^6 + 5*17^7 + 13*17^8 + 3*17^9 + 7*17^10 + 9*17^11 + 8*17^12 + 6*17^13 + O(17^14) : 1 + O(17^20))
   (3 + 15*17 + 16*17^2 + 16*17^3 + 16*17^4 + 16*17^5 + 11*17^6 + 2*17^7 + 13*17^8 + 4*17^9 + 12*17^10 + 17^11 + 4*17^12 + 14*17^13 + 14*17^14 + 3*17^15 + 15*17^16 + O(17^17) : 17^3 + 3*17^4 + 17^5 + 2*17^6 + 11*17^7 + 3*17^8 + 13*17^9 + 9*17^10 + 7*17^11 + 8*17^12 + 10*17^13 + O(17^14) : 1 + O(17^20))
   (3 + 15*17 + 16*17^2 + 16*17^3 + 16*17^4 + 16*17^5 + 11*17^6 + 2*17^7 + 5*17^8 + 13*17^9 + 5*17^10 + 8*17^11 + 9*17^12 + 2*17^13 + 8*17^14 + 7*17^15 + 3*17^16 + O(17^17) : 16*17^3 + 13*17^4 + 4*17^5 + 15*17^6 + 11*17^7 + 14*17^8 + 2*17^9 + 17^10 + 2*17^11 + 5*17^12 + 16*17^13 + O(17^14) : 1 + O(17^20))
   (3 + 15*17 + 16*17^2 + 16*17^3 + 16*17^4 + 16*17^5 + 11*17^6 + 2*17^7 + 5*17^8 + 13*17^9 + 5*17^10 + 8*17^11 + 9*17^12 + 2*17^13 + 8*17^14 + 7*17^15 + 3*17^16 + O(17^17) : 17^3 + 3*17^4 + 12*17^5 + 17^6 + 5*17^7 + 2*17^8 + 14*17^9 + 15*17^10 + 14*17^11 + 11*17^12 + O(17^14) : 1 + O(17^20))
   (3 + 15*17 + 16*17^2 + 16*17^3 + 16*17^4 + 16*17^5 + 11*17^6 + 2*17^7 + 8*17^8 + 3*17^9 + 17^10 + 10*17^11 + 8*17^12 + 14*17^13 + 3*17^14 + 3*17^15 + 9*17^16 + O(17^17) : 16*17^3 + 13*17^4 + 6*17^5 + 16*17^6 + 9*17^7 + 10*17^8 + 10*17^9 + 5*17^10 + 13*17^11 + 3*17^12 + O(17^14) : 1 + O(17^20))
   (3 + 15*17 + 16*17^2 + 16*17^3 + 16*17^4 + 16*17^5 + 11*17^6 + 2*17^7 + 8*17^8 + 3*17^9 + 17^10 + 10*17^11 + 8*17^12 + 14*17^13 + 3*17^14 + 3*17^15 + 9*17^16 + O(17^17) : 17^3 + 3*17^4 + 10*17^5 + 7*17^7 + 6*17^8 + 6*17^9 + 11*17^10 + 3*17^11 + 13*17^12 + 16*17^13 + O(17^14) : 1 + O(17^20))
   (3 + 15*17 + 16*17^2 + 16*17^3 + 16*17^4 + 16*17^5 + 11*17^6 + 4*17^7 + 8*17^8 + 7*17^9 + 12*17^10 + 2*17^11 + 2*17^12 + 8*17^13 + 7*17^14 + 14*17^15 + 6*17^16 + O(17^17) : 16*17^3 + 3*17^4 + 7*17^5 + 6*17^6 + 8*17^7 + 9*17^8 + 7*17^9 + 11*17^10 + 5*17^11 + 5*17^12 + 15*17^13 + O(17^14) : 1 + O(17^20))
   (3 + 15*17 + 16*17^2 + 16*17^3 + 16*17^4 + 16*17^5 + 11*17^6 + 4*17^7 + 8*17^8 + 7*17^9 + 12*17^10 + 2*17^11 + 2*17^12 + 8*17^13 + 7*17^14 + 14*17^15 + 6*17^16 + O(17^17) : 17^3 + 13*17^4 + 9*17^5 + 10*17^6 + 8*17^7 + 7*17^8 + 9*17^9 + 5*17^10 + 11*17^11 + 11*17^12 + 17^13 + O(17^14) : 1 + O(17^20))
   (3 + 15*17 + 16*17^2 + 16*17^3 + 16*17^4 + 16*17^5 + 11*17^6 + 7*17^7 + 11*17^8 + 13*17^9 + 15*17^10 + 5*17^11 + 11*17^12 + 9*17^13 + 9*17^14 + 11*17^15 + 10*17^16 + O(17^17) : 16*17^3 + 5*17^4 + 10*17^5 + 13*17^6 + 12*17^8 + 15*17^9 + 3*17^10 + 7*17^11 + 13*17^12 + 11*17^13 + O(17^14) : 1 + O(17^20))
   (3 + 15*17 + 16*17^2 + 16*17^3 + 16*17^4 + 16*17^5 + 11*17^6 + 7*17^7 + 11*17^8 + 13*17^9 + 15*17^10 + 5*17^11 + 11*17^12 + 9*17^13 + 9*17^14 + 11*17^15 + 10*17^16 + O(17^17) : 17^3 + 11*17^4 + 6*17^5 + 3*17^6 + 16*17^7 + 4*17^8 + 17^9 + 13*17^10 + 9*17^11 + 3*17^12 + 5*17^13 + O(17^14) : 1 + O(17^20))
   (3 + 15*17 + 16*17^2 + 16*17^3 + 16*17^4 + 16*17^5 + 11*17^6 + 7*17^7 + 14*17^8 + 13*17^9 + 2*17^10 + 2*17^11 + 10*17^13 + 8*17^14 + 8*17^15 + O(17^17) : 16*17^3 + 5*17^4 + 12*17^5 + 16*17^6 + 12*17^8 + 11*17^9 + 4*17^10 + 16*17^11 + 17^12 + 6*17^13 + O(17^14) : 1 + O(17^20))
   (3 + 15*17 + 16*17^2 + 16*17^3 + 16*17^4 + 16*17^5 + 11*17^6 + 7*17^7 + 14*17^8 + 13*17^9 + 2*17^10 + 2*17^11 + 10*17^13 + 8*17^14 + 8*17^15 + O(17^17) : 17^3 + 11*17^4 + 4*17^5 + 16*17^7 + 4*17^8 + 5*17^9 + 12*17^10 + 15*17^12 + 10*17^13 + O(17^14) : 1 + O(17^20))
   (3 + 15*17 + 16*17^2 + 16*17^3 + 16*17^4 + 16*17^5 + 13*17^6 + 12*17^7 + 13*17^8 + 17^9 + 14*17^10 + 3*17^11 + 4*17^12 + 17^13 + 3*17^14 + 4*17^15 + 15*17^16 + O(17^17) : 15*17^3 + 5*17^4 + 4*17^5 + 5*17^6 + 10*17^8 + 8*17^9 + 17^11 + 9*17^12 + 3*17^13 + O(17^14) : 1 + O(17^20))
   (3 + 15*17 + 16*17^2 + 16*17^3 + 16*17^4 + 16*17^5 + 13*17^6 + 12*17^7 + 13*17^8 + 17^9 + 14*17^10 + 3*17^11 + 4*17^12 + 17^13 + 3*17^14 + 4*17^15 + 15*17^16 + O(17^17) : 2*17^3 + 11*17^4 + 12*17^5 + 11*17^6 + 16*17^7 + 6*17^8 + 8*17^9 + 16*17^10 + 15*17^11 + 7*17^12 + 13*17^13 + O(17^14) : 1 + O(17^20))
   (3 + 15*17 + 16*17^2 + 16*17^3 + 16*17^4 + 16*17^5 + 13*17^6 + 12*17^7 + 2*17^8 + 16*17^9 + 4*17^10 + 7*17^11 + 2*17^12 + 8*17^13 + 9*17^14 + 14*17^15 + O(17^17) : 15*17^3 + 5*17^4 + 6*17^5 + 17^6 + 6*17^8 + 2*17^9 + 17^10 + 12*17^11 + 14*17^12 + 14*17^13 + O(17^14) : 1 + O(17^20))
   (3 + 15*17 + 16*17^2 + 16*17^3 + 16*17^4 + 16*17^5 + 13*17^6 + 12*17^7 + 2*17^8 + 16*17^9 + 4*17^10 + 7*17^11 + 2*17^12 + 8*17^13 + 9*17^14 + 14*17^15 + O(17^17) : 2*17^3 + 11*17^4 + 10*17^5 + 15*17^6 + 16*17^7 + 10*17^8 + 14*17^9 + 15*17^10 + 4*17^11 + 2*17^12 + 2*17^13 + O(17^14) : 1 + O(17^20))
   (3 + 15*17 + 16*17^2 + 16*17^3 + 16*17^4 + 16*17^5 + 13*17^6 + 12*17^7 + 2*17^8 + 9*17^9 + 13*17^10 + 17^11 + 9*17^12 + 13*17^13 + 12*17^14 + O(17^17) : 15*17^3 + 5*17^4 + 6*17^5 + 10*17^6 + 3*17^7 + 17^8 + 10*17^10 + 11*17^11 + 16*17^12 + 13*17^13 + O(17^14) : 1 + O(17^20))
   (3 + 15*17 + 16*17^2 + 16*17^3 + 16*17^4 + 16*17^5 + 13*17^6 + 12*17^7 + 2*17^8 + 9*17^9 + 13*17^10 + 17^11 + 9*17^12 + 13*17^13 + 12*17^14 + O(17^17) : 2*17^3 + 11*17^4 + 10*17^5 + 6*17^6 + 13*17^7 + 15*17^8 + 16*17^9 + 6*17^10 + 5*17^11 + 3*17^13 + O(17^14) : 1 + O(17^20))
   (3 + 15*17 + 16*17^2 + 16*17^3 + 16*17^4 + 16*17^5 + 13*17^6 + 13*17^7 + 13*17^8 + 3*17^9 + 11*17^10 + 8*17^11 + 9*17^12 + 15*17^14 + 13*17^15 + 4*17^16 + O(17^17) : 15*17^3 + 11*17^4 + 15*17^5 + 16*17^6 + 14*17^7 + 15*17^8 + 10*17^9 + 10*17^10 + 4*17^11 + 6*17^12 + 17^13 + O(17^14) : 1 + O(17^20))
   (3 + 15*17 + 16*17^2 + 16*17^3 + 16*17^4 + 16*17^5 + 13*17^6 + 13*17^7 + 13*17^8 + 3*17^9 + 11*17^10 + 8*17^11 + 9*17^12 + 15*17^14 + 13*17^15 + 4*17^16 + O(17^17) : 2*17^3 + 5*17^4 + 17^5 + 2*17^7 + 17^8 + 6*17^9 + 6*17^10 + 12*17^11 + 10*17^12 + 15*17^13 + O(17^14) : 1 + O(17^20))
   (3 + 15*17 + 16*17^2 + 16*17^3 + 16*17^4 + 16*17^5 + 13*17^6 + 17^7 + 12*17^8 + 12*17^9 + 14*17^10 + 12*17^11 + 16*17^12 + 16*17^13 + 15*17^14 + 5*17^15 + 2*17^16 + O(17^17) : 15*17^3 + 7*17^4 + 7*17^5 + 13*17^6 + 2*17^7 + 12*17^8 + 13*17^9 + 13*17^10 + 12*17^11 + 16*17^12 + 11*17^13 + O(17^14) : 1 + O(17^20))
   (3 + 15*17 + 16*17^2 + 16*17^3 + 16*17^4 + 16*17^5 + 13*17^6 + 17^7 + 12*17^8 + 12*17^9 + 14*17^10 + 12*17^11 + 16*17^12 + 16*17^13 + 15*17^14 + 5*17^15 + 2*17^16 + O(17^17) : 2*17^3 + 9*17^4 + 9*17^5 + 3*17^6 + 14*17^7 + 4*17^8 + 3*17^9 + 3*17^10 + 4*17^11 + 5*17^13 + O(17^14) : 1 + O(17^20))
   (3 + 15*17 + 16*17^2 + 16*17^3 + 16*17^4 + 16*17^5 + 13*17^6 + 3*17^7 + 15*17^8 + 15*17^9 + 13*17^10 + 15*17^11 + 8*17^12 + 8*17^13 + 2*17^14 + 5*17^15 + 4*17^16 + O(17^17) : 15*17^3 + 2*17^4 + 10*17^5 + 10*17^6 + 4*17^7 + 10*17^9 + 8*17^10 + 10*17^11 + 2*17^12 + O(17^14) : 1 + O(17^20))
   (3 + 15*17 + 16*17^2 + 16*17^3 + 16*17^4 + 16*17^5 + 13*17^6 + 3*17^7 + 15*17^8 + 15*17^9 + 13*17^10 + 15*17^11 + 8*17^12 + 8*17^13 + 2*17^14 + 5*17^15 + 4*17^16 + O(17^17) : 2*17^3 + 14*17^4 + 6*17^5 + 6*17^6 + 12*17^7 + 16*17^8 + 6*17^9 + 8*17^10 + 6*17^11 + 14*17^12 + 16*17^13 + O(17^14) : 1 + O(17^20))
   (3 + 15*17 + 16*17^2 + 16*17^3 + 16*17^4 + 16*17^5 + 13*17^6 + 3*17^7 + 17^8 + 8*17^10 + 7*17^11 + 9*17^12 + 17^13 + 4*17^15 + 14*17^16 + O(17^17) : 15*17^3 + 2*17^4 + 11*17^5 + 13*17^6 + 7*17^7 + 6*17^9 + 8*17^10 + 7*17^11 + 12*17^12 + O(17^14) : 1 + O(17^20))
   (3 + 15*17 + 16*17^2 + 16*17^3 + 16*17^4 + 16*17^5 + 13*17^6 + 3*17^7 + 17^8 + 8*17^10 + 7*17^11 + 9*17^12 + 17^13 + 4*17^15 + 14*17^16 + O(17^17) : 2*17^3 + 14*17^4 + 5*17^5 + 3*17^6 + 9*17^7 + 16*17^8 + 10*17^9 + 8*17^10 + 9*17^11 + 4*17^12 + 16*17^13 + O(17^14) : 1 + O(17^20))
   (3 + 15*17 + 16*17^2 + 16*17^3 + 16*17^4 + 16*17^5 + 13*17^6 + 7*17^7 + 13*17^8 + 5*17^9 + 3*17^10 + 15*17^11 + 10*17^12 + 8*17^13 + 7*17^14 + 5*17^15 + 3*17^16 + O(17^17) : 15*17^3 + 9*17^4 + 13*17^5 + 6*17^6 + 15*17^8 + 7*17^9 + 3*17^10 + 12*17^11 + 3*17^12 + 5*17^13 + O(17^14) : 1 + O(17^20))
   (3 + 15*17 + 16*17^2 + 16*17^3 + 16*17^4 + 16*17^5 + 13*17^6 + 7*17^7 + 13*17^8 + 5*17^9 + 3*17^10 + 15*17^11 + 10*17^12 + 8*17^13 + 7*17^14 + 5*17^15 + 3*17^16 + O(17^17) : 2*17^3 + 7*17^4 + 3*17^5 + 10*17^6 + 16*17^7 + 17^8 + 9*17^9 + 13*17^10 + 4*17^11 + 13*17^12 + 11*17^13 + O(17^14) : 1 + O(17^20))
   (3 + 15*17 + 16*17^2 + 16*17^3 + 16*17^4 + 16*17^5 + 2*17^6 + 12*17^7 + 4*17^8 + 12*17^9 + 2*17^10 + 8*17^11 + 7*17^12 + 6*17^13 + 13*17^14 + 9*17^15 + 17^16 + O(17^17) : 8*17^3 + 2*17^4 + 7*17^5 + 7*17^6 + 11*17^7 + 2*17^8 + 14*17^9 + 12*17^10 + 13*17^11 + 13*17^12 + O(17^14) : 1 + O(17^20))
   (3 + 15*17 + 16*17^2 + 16*17^3 + 16*17^4 + 16*17^5 + 2*17^6 + 12*17^7 + 4*17^8 + 12*17^9 + 2*17^10 + 8*17^11 + 7*17^12 + 6*17^13 + 13*17^14 + 9*17^15 + 17^16 + O(17^17) : 9*17^3 + 14*17^4 + 9*17^5 + 9*17^6 + 5*17^7 + 14*17^8 + 2*17^9 + 4*17^10 + 3*17^11 + 3*17^12 + 16*17^13 + O(17^14) : 1 + O(17^20))
   (3 + 15*17 + 16*17^2 + 16*17^3 + 16*17^4 + 16*17^5 + 2*17^6 + 16*17^7 + 2*17^8 + 2*17^9 + 9*17^10 + 7*17^11 + 9*17^12 + 2*17^13 + 14*17^14 + 14*17^15 + 12*17^16 + O(17^17) : 8*17^3 + 13*17^4 + 3*17^5 + 13*17^6 + 13*17^7 + 5*17^8 + 5*17^9 + 17^10 + 14*17^11 + 4*17^12 + 7*17^13 + O(17^14) : 1 + O(17^20))
   (3 + 15*17 + 16*17^2 + 16*17^3 + 16*17^4 + 16*17^5 + 2*17^6 + 16*17^7 + 2*17^8 + 2*17^9 + 9*17^10 + 7*17^11 + 9*17^12 + 2*17^13 + 14*17^14 + 14*17^15 + 12*17^16 + O(17^17) : 9*17^3 + 3*17^4 + 13*17^5 + 3*17^6 + 3*17^7 + 11*17^8 + 11*17^9 + 15*17^10 + 2*17^11 + 12*17^12 + 9*17^13 + O(17^14) : 1 + O(17^20))
   (3 + 15*17 + 16*17^2 + 16*17^3 + 16*17^4 + 16*17^5 + 2*17^6 + 4*17^7 + 9*17^8 + 12*17^9 + 10*17^10 + 16*17^11 + 14*17^13 + 10*17^14 + 2*17^15 + 6*17^16 + O(17^17) : 8*17^3 + 14*17^4 + 15*17^5 + 11*17^6 + 10*17^7 + 8*17^8 + 11*17^9 + 7*17^10 + 14*17^11 + 8*17^13 + O(17^14) : 1 + O(17^20))
   (3 + 15*17 + 16*17^2 + 16*17^3 + 16*17^4 + 16*17^5 + 2*17^6 + 4*17^7 + 9*17^8 + 12*17^9 + 10*17^10 + 16*17^11 + 14*17^13 + 10*17^14 + 2*17^15 + 6*17^16 + O(17^17) : 9*17^3 + 2*17^4 + 17^5 + 5*17^6 + 6*17^7 + 8*17^8 + 5*17^9 + 9*17^10 + 2*17^11 + 16*17^12 + 8*17^13 + O(17^14) : 1 + O(17^20))
   (3 + 15*17 + 16*17^2 + 16*17^3 + 16*17^4 + 16*17^5 + 2*17^6 + 7*17^7 + 12*17^8 + 11*17^9 + 5*17^10 + 14*17^11 + 16*17^12 + 16*17^13 + 8*17^14 + 14*17^15 + 10*17^16 + O(17^17) : 8*17^3 + 17^4 + 15*17^5 + 2*17^6 + 14*17^7 + 16*17^9 + 8*17^11 + 8*17^12 + 13*17^13 + O(17^14) : 1 + O(17^20))
   (3 + 15*17 + 16*17^2 + 16*17^3 + 16*17^4 + 16*17^5 + 2*17^6 + 7*17^7 + 12*17^8 + 11*17^9 + 5*17^10 + 14*17^11 + 16*17^12 + 16*17^13 + 8*17^14 + 14*17^15 + 10*17^16 + O(17^17) : 9*17^3 + 15*17^4 + 17^5 + 14*17^6 + 2*17^7 + 16*17^8 + 16*17^10 + 8*17^11 + 8*17^12 + 3*17^13 + O(17^14) : 1 + O(17^20))
   (3 + 15*17 + 16*17^2 + 16*17^3 + 16*17^4 + 16*17^5 + 2*17^6 + 7*17^7 + 12*17^8 + 17^9 + 14*17^10 + 2*17^11 + 10*17^12 + 11*17^13 + 5*17^14 + 4*17^15 + 6*17^16 + O(17^17) : 8*17^3 + 17^4 + 15*17^5 + 2*17^9 + 10*17^10 + 9*17^11 + 11*17^12 + 16*17^13 + O(17^14) : 1 + O(17^20))
   (3 + 15*17 + 16*17^2 + 16*17^3 + 16*17^4 + 16*17^5 + 2*17^6 + 7*17^7 + 12*17^8 + 17^9 + 14*17^10 + 2*17^11 + 10*17^12 + 11*17^13 + 5*17^14 + 4*17^15 + 6*17^16 + O(17^17) : 9*17^3 + 15*17^4 + 17^5 + 16*17^6 + 16*17^7 + 16*17^8 + 14*17^9 + 6*17^10 + 7*17^11 + 5*17^12 + O(17^14) : 1 + O(17^20))
   (3 + 15*17 + 16*17^2 + 16*17^3 + 16*17^4 + 16*17^5 + 2*17^6 + 8*17^8 + 5*17^9 + 4*17^11 + 10*17^12 + 7*17^14 + 4*17^15 + 11*17^16 + O(17^17) : 8*17^3 + 3*17^4 + 10*17^5 + 9*17^6 + 16*17^7 + 6*17^8 + 10*17^9 + 4*17^10 + 6*17^11 + 12*17^12 + 6*17^13 + O(17^14) : 1 + O(17^20))
   (3 + 15*17 + 16*17^2 + 16*17^3 + 16*17^4 + 16*17^5 + 2*17^6 + 8*17^8 + 5*17^9 + 4*17^11 + 10*17^12 + 7*17^14 + 4*17^15 + 11*17^16 + O(17^17) : 9*17^3 + 13*17^4 + 6*17^5 + 7*17^6 + 10*17^8 + 6*17^9 + 12*17^10 + 10*17^11 + 4*17^12 + 10*17^13 + O(17^14) : 1 + O(17^20))
   (3 + 15*17 + 16*17^2 + 16*17^3 + 16*17^4 + 16*17^5 + 4*17^6 + 10*17^7 + 14*17^8 + 10*17^9 + 8*17^10 + 16*17^11 + 12*17^12 + 11*17^13 + 3*17^14 + 17^15 + 3*17^16 + O(17^17) : 13*17^3 + 7*17^4 + 17^5 + 12*17^6 + 2*17^7 + 15*17^8 + 12*17^9 + 4*17^10 + 8*17^11 + 16*17^12 + 17^13 + O(17^14) : 1 + O(17^20))
   (3 + 15*17 + 16*17^2 + 16*17^3 + 16*17^4 + 16*17^5 + 4*17^6 + 10*17^7 + 14*17^8 + 10*17^9 + 8*17^10 + 16*17^11 + 12*17^12 + 11*17^13 + 3*17^14 + 17^15 + 3*17^16 + O(17^17) : 4*17^3 + 9*17^4 + 15*17^5 + 4*17^6 + 14*17^7 + 17^8 + 4*17^9 + 12*17^10 + 8*17^11 + 15*17^13 + O(17^14) : 1 + O(17^20))
   (3 + 15*17 + 16*17^2 + 16*17^3 + 16*17^4 + 16*17^5 + 4*17^6 + 10*17^8 + 14*17^9 + 4*17^10 + 13*17^11 + 12*17^12 + 16*17^13 + 9*17^14 + 3*17^15 + 11*17^16 + O(17^17) : 13*17^3 + 11*17^4 + 9*17^5 + 4*17^6 + 8*17^7 + 10*17^8 + 8*17^9 + 17^10 + 5*17^11 + 15*17^12 + 4*17^13 + O(17^14) : 1 + O(17^20))
   (3 + 15*17 + 16*17^2 + 16*17^3 + 16*17^4 + 16*17^5 + 4*17^6 + 10*17^8 + 14*17^9 + 4*17^10 + 13*17^11 + 12*17^12 + 16*17^13 + 9*17^14 + 3*17^15 + 11*17^16 + O(17^17) : 4*17^3 + 5*17^4 + 7*17^5 + 12*17^6 + 8*17^7 + 6*17^8 + 8*17^9 + 15*17^10 + 11*17^11 + 17^12 + 12*17^13 + O(17^14) : 1 + O(17^20))
   (3 + 15*17 + 16*17^2 + 16*17^3 + 16*17^4 + 16*17^5 + 4*17^6 + 11*17^7 + 14*17^8 + 12*17^9 + 5*17^10 + 4*17^11 + 17^12 + 4*17^13 + 9*17^14 + 14*17^15 + O(17^17) : 13*17^3 + 10*17^4 + 15*17^5 + 2*17^6 + 8*17^7 + 12*17^8 + 8*17^9 + 15*17^10 + 6*17^11 + 6*17^12 + 3*17^13 + O(17^14) : 1 + O(17^20))
   (3 + 15*17 + 16*17^2 + 16*17^3 + 16*17^4 + 16*17^5 + 4*17^6 + 11*17^7 + 14*17^8 + 12*17^9 + 5*17^10 + 4*17^11 + 17^12 + 4*17^13 + 9*17^14 + 14*17^15 + O(17^17) : 4*17^3 + 6*17^4 + 17^5 + 14*17^6 + 8*17^7 + 4*17^8 + 8*17^9 + 17^10 + 10*17^11 + 10*17^12 + 13*17^13 + O(17^14) : 1 + O(17^20))
   (3 + 15*17 + 16*17^2 + 16*17^3 + 16*17^4 + 16*17^5 + 4*17^6 + 13*17^7 + 6*17^8 + 7*17^9 + 11*17^10 + 10*17^12 + 3*17^13 + 10*17^14 + 5*17^15 + 12*17^16 + O(17^17) : 13*17^3 + 16*17^4 + 13*17^5 + 2*17^6 + 6*17^7 + 2*17^8 + 8*17^9 + 15*17^10 + 13*17^11 + 4*17^12 + 8*17^13 + O(17^14) : 1 + O(17^20))
   (3 + 15*17 + 16*17^2 + 16*17^3 + 16*17^4 + 16*17^5 + 4*17^6 + 13*17^7 + 6*17^8 + 7*17^9 + 11*17^10 + 10*17^12 + 3*17^13 + 10*17^14 + 5*17^15 + 12*17^16 + O(17^17) : 4*17^3 + 3*17^5 + 14*17^6 + 10*17^7 + 14*17^8 + 8*17^9 + 17^10 + 3*17^11 + 12*17^12 + 8*17^13 + O(17^14) : 1 + O(17^20))
   (3 + 15*17 + 16*17^2 + 16*17^3 + 16*17^4 + 16*17^5 + 4*17^6 + 15*17^7 + 3*17^8 + 4*17^9 + 10*17^10 + 8*17^11 + 4*17^12 + 10*17^13 + 9*17^14 + 11*17^16 + O(17^17) : 13*17^3 + 5*17^4 + 2*17^5 + 2*17^7 + 8*17^8 + 10*17^9 + 14*17^10 + 8*17^11 + 5*17^12 + 7*17^13 + O(17^14) : 1 + O(17^20))
   (3 + 15*17 + 16*17^2 + 16*17^3 + 16*17^4 + 16*17^5 + 4*17^6 + 15*17^7 + 3*17^8 + 4*17^9 + 10*17^10 + 8*17^11 + 4*17^12 + 10*17^13 + 9*17^14 + 11*17^16 + O(17^17) : 4*17^3 + 11*17^4 + 14*17^5 + 16*17^6 + 14*17^7 + 8*17^8 + 6*17^9 + 2*17^10 + 8*17^11 + 11*17^12 + 9*17^13 + O(17^14) : 1 + O(17^20))
   (3 + 15*17 + 16*17^2 + 16*17^3 + 16*17^4 + 16*17^5 + 4*17^6 + 17^7 + 13*17^8 + 13*17^10 + 9*17^11 + 17^12 + 2*17^13 + 5*17^14 + 12*17^15 + 14*17^16 + O(17^17) : 13*17^3 + 14*17^4 + 17^5 + 6*17^6 + 8*17^7 + 14*17^8 + 17^9 + 9*17^10 + 17^11 + 15*17^12 + 14*17^13 + O(17^14) : 1 + O(17^20))
   (3 + 15*17 + 16*17^2 + 16*17^3 + 16*17^4 + 16*17^5 + 4*17^6 + 17^7 + 13*17^8 + 13*17^10 + 9*17^11 + 17^12 + 2*17^13 + 5*17^14 + 12*17^15 + 14*17^16 + O(17^17) : 4*17^3 + 2*17^4 + 15*17^5 + 10*17^6 + 8*17^7 + 2*17^8 + 15*17^9 + 7*17^10 + 15*17^11 + 17^12 + 2*17^13 + O(17^14) : 1 + O(17^20))
   (3 + 15*17 + 16*17^2 + 16*17^3 + 16*17^4 + 16*17^5 + 4*17^6 + 8*17^7 + 8*17^8 + 15*17^9 + 7*17^10 + 13*17^11 + 2*17^12 + 5*17^13 + 16*17^14 + 14*17^15 + 11*17^16 + O(17^17) : 13*17^3 + 17^4 + 7*17^6 + 13*17^7 + 13*17^8 + 5*17^9 + 16*17^10 + 11*17^11 + 13*17^12 + 11*17^13 + O(17^14) : 1 + O(17^20))
   (3 + 15*17 + 16*17^2 + 16*17^3 + 16*17^4 + 16*17^5 + 4*17^6 + 8*17^7 + 8*17^8 + 15*17^9 + 7*17^10 + 13*17^11 + 2*17^12 + 5*17^13 + 16*17^14 + 14*17^15 + 11*17^16 + O(17^17) : 4*17^3 + 15*17^4 + 16*17^5 + 9*17^6 + 3*17^7 + 3*17^8 + 11*17^9 + 5*17^11 + 3*17^12 + 5*17^13 + O(17^14) : 1 + O(17^20))
   (3 + 15*17 + 16*17^2 + 16*17^3 + 16*17^4 + 16*17^5 + 5*17^6 + 11*17^7 + 17^8 + 7*17^9 + 12*17^10 + 2*17^12 + 12*17^13 + 8*17^14 + 17^15 + 14*17^16 + O(17^17) : 14*17^3 + 6*17^4 + 8*17^5 + 10*17^6 + 6*17^7 + 8*17^8 + 14*17^9 + 2*17^10 + 10*17^11 + 9*17^12 + 11*17^13 + O(17^14) : 1 + O(17^20))
   (3 + 15*17 + 16*17^2 + 16*17^3 + 16*17^4 + 16*17^5 + 5*17^6 + 11*17^7 + 17^8 + 7*17^9 + 12*17^10 + 2*17^12 + 12*17^13 + 8*17^14 + 17^15 + 14*17^16 + O(17^17) : 3*17^3 + 10*17^4 + 8*17^5 + 6*17^6 + 10*17^7 + 8*17^8 + 2*17^9 + 14*17^10 + 6*17^11 + 7*17^12 + 5*17^13 + O(17^14) : 1 + O(17^20))
   (3 + 15*17 + 16*17^2 + 16*17^3 + 16*17^4 + 16*17^5 + 5*17^6 + 13*17^7 + 17^8 + 11*17^9 + 6*17^10 + 10*17^11 + 12*17^12 + 7*17^13 + 15*17^14 + 3*17^15 + 12*17^16 + O(17^17) : 14*17^3 + 14*17^4 + 16*17^5 + 16*17^6 + 13*17^7 + 14*17^8 + 13*17^10 + 7*17^11 + 7*17^12 + 17^13 + O(17^14) : 1 + O(17^20))
   (3 + 15*17 + 16*17^2 + 16*17^3 + 16*17^4 + 16*17^5 + 5*17^6 + 13*17^7 + 17^8 + 11*17^9 + 6*17^10 + 10*17^11 + 12*17^12 + 7*17^13 + 15*17^14 + 3*17^15 + 12*17^16 + O(17^17) : 3*17^3 + 2*17^4 + 3*17^7 + 2*17^8 + 16*17^9 + 3*17^10 + 9*17^11 + 9*17^12 + 15*17^13 + O(17^14) : 1 + O(17^20))
   (3 + 15*17 + 16*17^2 + 16*17^3 + 16*17^4 + 16*17^5 + 5*17^6 + 16*17^7 + 7*17^8 + 10*17^9 + 5*17^10 + 4*17^11 + 17^13 + 5*17^14 + 16*17^15 + 13*17^16 + O(17^17) : 14*17^3 + 9*17^4 + 8*17^5 + 16*17^6 + 10*17^8 + 14*17^9 + 7*17^10 + 5*17^11 + 12*17^12 + 7*17^13 + O(17^14) : 1 + O(17^20))
   (3 + 15*17 + 16*17^2 + 16*17^3 + 16*17^4 + 16*17^5 + 5*17^6 + 16*17^7 + 7*17^8 + 10*17^9 + 5*17^10 + 4*17^11 + 17^13 + 5*17^14 + 16*17^15 + 13*17^16 + O(17^17) : 3*17^3 + 7*17^4 + 8*17^5 + 16*17^7 + 6*17^8 + 2*17^9 + 9*17^10 + 11*17^11 + 4*17^12 + 9*17^13 + O(17^14) : 1 + O(17^20))
   (3 + 15*17 + 16*17^2 + 16*17^3 + 16*17^4 + 16*17^5 + 5*17^6 + 16*17^7 + 7*17^8 + 14*17^10 + 9*17^11 + 10*17^12 + 12*17^13 + 17^14 + 11*17^15 + 9*17^16 + O(17^17) : 14*17^3 + 9*17^4 + 8*17^5 + 10*17^6 + 13*17^7 + 7*17^8 + 10*17^9 + 6*17^10 + 16*17^11 + 5*17^12 + 15*17^13 + O(17^14) : 1 + O(17^20))
   (3 + 15*17 + 16*17^2 + 16*17^3 + 16*17^4 + 16*17^5 + 5*17^6 + 16*17^7 + 7*17^8 + 14*17^10 + 9*17^11 + 10*17^12 + 12*17^13 + 17^14 + 11*17^15 + 9*17^16 + O(17^17) : 3*17^3 + 7*17^4 + 8*17^5 + 6*17^6 + 3*17^7 + 9*17^8 + 6*17^9 + 10*17^10 + 11*17^12 + 17^13 + O(17^14) : 1 + O(17^20))
   (3 + 15*17 + 16*17^2 + 16*17^3 + 16*17^4 + 16*17^5 + 5*17^6 + 3*17^7 + 10*17^9 + 12*17^10 + 5*17^11 + 14*17^12 + 16*17^13 + 2*17^14 + 4*17^15 + 9*17^16 + O(17^17) : 14*17^3 + 8*17^4 + 2*17^5 + 16*17^6 + 11*17^7 + 7*17^8 + 17^9 + 3*17^10 + 5*17^11 + 16*17^12 + 8*17^13 + O(17^14) : 1 + O(17^20))
   (3 + 15*17 + 16*17^2 + 16*17^3 + 16*17^4 + 16*17^5 + 5*17^6 + 3*17^7 + 10*17^9 + 12*17^10 + 5*17^11 + 14*17^12 + 16*17^13 + 2*17^14 + 4*17^15 + 9*17^16 + O(17^17) : 3*17^3 + 8*17^4 + 14*17^5 + 5*17^7 + 9*17^8 + 15*17^9 + 13*17^10 + 11*17^11 + 8*17^13 + O(17^14) : 1 + O(17^20))
   (3 + 15*17 + 16*17^2 + 16*17^3 + 16*17^4 + 16*17^5 + 5*17^6 + 3*17^7 + 6*17^8 + 12*17^10 + 3*17^11 + 2*17^12 + 12*17^13 + 3*17^14 + 15*17^15 + 5*17^16 + O(17^17) : 14*17^3 + 8*17^4 + 9*17^5 + 2*17^6 + 15*17^7 + 12*17^8 + 10*17^9 + 8*17^10 + 8*17^11 + 7*17^12 + 15*17^13 + O(17^14) : 1 + O(17^20))
   (3 + 15*17 + 16*17^2 + 16*17^3 + 16*17^4 + 16*17^5 + 5*17^6 + 3*17^7 + 6*17^8 + 12*17^10 + 3*17^11 + 2*17^12 + 12*17^13 + 3*17^14 + 15*17^15 + 5*17^16 + O(17^17) : 3*17^3 + 8*17^4 + 7*17^5 + 14*17^6 + 17^7 + 4*17^8 + 6*17^9 + 8*17^10 + 8*17^11 + 9*17^12 + 17^13 + O(17^14) : 1 + O(17^20))
   (3 + 15*17 + 16*17^2 + 16*17^3 + 16*17^4 + 16*17^5 + 5*17^6 + 4*17^7 + 12*17^9 + 9*17^10 + 10*17^11 + 2*17^12 + 6*17^13 + 6*17^14 + 17^15 + 3*17^16 + O(17^17) : 14*17^3 + 12*17^4 + 6*17^5 + 14*17^6 + 2*17^7 + 4*17^8 + 16*17^9 + 13*17^10 + 3*17^11 + 17^12 + 11*17^13 + O(17^14) : 1 + O(17^20))
   (3 + 15*17 + 16*17^2 + 16*17^3 + 16*17^4 + 16*17^5 + 5*17^6 + 4*17^7 + 12*17^9 + 9*17^10 + 10*17^11 + 2*17^12 + 6*17^13 + 6*17^14 + 17^15 + 3*17^16 + O(17^17) : 3*17^3 + 4*17^4 + 10*17^5 + 2*17^6 + 14*17^7 + 12*17^8 + 3*17^10 + 13*17^11 + 15*17^12 + 5*17^13 + O(17^14) : 1 + O(17^20))
   (3 + 15*17 + 16*17^2 + 16*17^3 + 16*17^4 + 16*17^5 + 5*17^6 + 8*17^7 + 12*17^8 + 10*17^9 + 13*17^10 + 12*17^11 + 10*17^12 + 12*17^13 + 14*17^14 + 14*17^16 + O(17^17) : 14*17^3 + 11*17^4 + 11*17^5 + 11*17^6 + 14*17^8 + 6*17^9 + 8*17^10 + 16*17^11 + 5*17^12 + 11*17^13 + O(17^14) : 1 + O(17^20))
   (3 + 15*17 + 16*17^2 + 16*17^3 + 16*17^4 + 16*17^5 + 5*17^6 + 8*17^7 + 12*17^8 + 10*17^9 + 13*17^10 + 12*17^11 + 10*17^12 + 12*17^13 + 14*17^14 + 14*17^16 + O(17^17) : 3*17^3 + 5*17^4 + 5*17^5 + 5*17^6 + 16*17^7 + 2*17^8 + 10*17^9 + 8*17^10 + 11*17^12 + 5*17^13 + O(17^14) : 1 + O(17^20))
   (3 + 15*17 + 16*17^2 + 16*17^3 + 16*17^4 + 16*17^5 + 5*17^6 + 8*17^7 + 6*17^8 + 3*17^9 + 14*17^10 + 14*17^11 + 5*17^12 + 14*17^14 + 11*17^15 + 7*17^16 + O(17^17) : 14*17^3 + 11*17^4 + 4*17^5 + 17^6 + 17^7 + 10*17^8 + 5*17^9 + 3*17^10 + 14*17^11 + 17^12 + 14*17^13 + O(17^14) : 1 + O(17^20))
   (3 + 15*17 + 16*17^2 + 16*17^3 + 16*17^4 + 16*17^5 + 5*17^6 + 8*17^7 + 6*17^8 + 3*17^9 + 14*17^10 + 14*17^11 + 5*17^12 + 14*17^14 + 11*17^15 + 7*17^16 + O(17^17) : 3*17^3 + 5*17^4 + 12*17^5 + 15*17^6 + 15*17^7 + 6*17^8 + 11*17^9 + 13*17^10 + 2*17^11 + 15*17^12 + 2*17^13 + O(17^14) : 1 + O(17^20))
   (3 + 15*17 + 16*17^2 + 16*17^3 + 16*17^4 + 16*17^5 + 5*17^6 + 9*17^7 + 6*17^8 + 5*17^9 + 11*17^10 + 2*17^11 + 11*17^12 + 6*17^13 + 2*17^14 + 11*17^15 + 5*17^16 + O(17^17) : 14*17^3 + 15*17^4 + 12*17^5 + 10*17^6 + 6*17^7 + 15*17^8 + 4*17^9 + 2*17^10 + 17^11 + 13*17^12 + 4*17^13 + O(17^14) : 1 + O(17^20))
   (3 + 15*17 + 16*17^2 + 16*17^3 + 16*17^4 + 16*17^5 + 5*17^6 + 9*17^7 + 6*17^8 + 5*17^9 + 11*17^10 + 2*17^11 + 11*17^12 + 6*17^13 + 2*17^14 + 11*17^15 + 5*17^16 + O(17^17) : 3*17^3 + 17^4 + 4*17^5 + 6*17^6 + 10*17^7 + 17^8 + 12*17^9 + 14*17^10 + 15*17^11 + 3*17^12 + 12*17^13 + O(17^14) : 1 + O(17^20))
   (3 + 15*17 + 16*17^2 + 16*17^3 + 16*17^4 + 16*17^5 + 6*17^6 + 11*17^7 + 10*17^8 + 13*17^9 + 3*17^10 + 3*17^11 + 9*17^12 + 9*17^13 + 8*17^14 + 7*17^15 + 5*17^16 + O(17^17) : 11*17^3 + 13*17^4 + 7*17^5 + 11*17^6 + 12*17^7 + 12*17^8 + 12*17^9 + 7*17^10 + 15*17^11 + 14*17^12 + 2*17^13 + O(17^14) : 1 + O(17^20))
   (3 + 15*17 + 16*17^2 + 16*17^3 + 16*17^4 + 16*17^5 + 6*17^6 + 11*17^7 + 10*17^8 + 13*17^9 + 3*17^10 + 3*17^11 + 9*17^12 + 9*17^13 + 8*17^14 + 7*17^15 + 5*17^16 + O(17^17) : 6*17^3 + 3*17^4 + 9*17^5 + 5*17^6 + 4*17^7 + 4*17^8 + 4*17^9 + 9*17^10 + 17^11 + 2*17^12 + 14*17^13 + O(17^14) : 1 + O(17^20))
   (3 + 15*17 + 16*17^2 + 16*17^3 + 16*17^4 + 16*17^5 + 6*17^6 + 12*17^7 + 16*17^8 + 6*17^9 + 7*17^10 + 17^11 + 14*17^12 + 15*17^14 + 12*17^15 + 17^16 + O(17^17) : 11*17^3 + 15*17^4 + 13*17^5 + 14*17^6 + 15*17^7 + 3*17^8 + 5*17^9 + 2*17^10 + 10*17^12 + 3*17^13 + O(17^14) : 1 + O(17^20))
   (3 + 15*17 + 16*17^2 + 16*17^3 + 16*17^4 + 16*17^5 + 6*17^6 + 12*17^7 + 16*17^8 + 6*17^9 + 7*17^10 + 17^11 + 14*17^12 + 15*17^14 + 12*17^15 + 17^16 + O(17^17) : 6*17^3 + 17^4 + 3*17^5 + 2*17^6 + 17^7 + 13*17^8 + 11*17^9 + 14*17^10 + 16*17^11 + 6*17^12 + 13*17^13 + O(17^14) : 1 + O(17^20))
   (3 + 15*17 + 16*17^2 + 16*17^3 + 16*17^4 + 16*17^5 + 6*17^6 + 14*17^7 + 13*17^8 + 2*17^9 + 7*17^10 + 6*17^11 + 17^12 + 5*17^13 + 13*17^15 + 14*17^16 + O(17^17) : 11*17^3 + 2*17^4 + 15*17^5 + 15*17^6 + 7*17^7 + 11*17^8 + 16*17^9 + 14*17^10 + 12*17^11 + 8*17^12 + 11*17^13 + O(17^14) : 1 + O(17^20))
   (3 + 15*17 + 16*17^2 + 16*17^3 + 16*17^4 + 16*17^5 + 6*17^6 + 14*17^7 + 13*17^8 + 2*17^9 + 7*17^10 + 6*17^11 + 17^12 + 5*17^13 + 13*17^15 + 14*17^16 + O(17^17) : 6*17^3 + 14*17^4 + 17^5 + 17^6 + 9*17^7 + 5*17^8 + 2*17^10 + 4*17^11 + 8*17^12 + 5*17^13 + O(17^14) : 1 + O(17^20))
   (3 + 15*17 + 16*17^2 + 16*17^3 + 16*17^4 + 16*17^5 + 6*17^6 + 17^7 + 15*17^8 + 9*17^9 + 2*17^11 + 9*17^12 + 4*17^13 + 14*17^14 + 2*17^15 + 10*17^16 + O(17^17) : 11*17^3 + 10*17^4 + 5*17^5 + 5*17^6 + 4*17^7 + 14*17^8 + 14*17^9 + 12*17^10 + 14*17^11 + 6*17^12 + 17^13 + O(17^14) : 1 + O(17^20))
   (3 + 15*17 + 16*17^2 + 16*17^3 + 16*17^4 + 16*17^5 + 6*17^6 + 17^7 + 15*17^8 + 9*17^9 + 2*17^11 + 9*17^12 + 4*17^13 + 14*17^14 + 2*17^15 + 10*17^16 + O(17^17) : 6*17^3 + 6*17^4 + 11*17^5 + 11*17^6 + 12*17^7 + 2*17^8 + 2*17^9 + 4*17^10 + 2*17^11 + 10*17^12 + 15*17^13 + O(17^14) : 1 + O(17^20))
   (3 + 15*17 + 16*17^2 + 16*17^3 + 16*17^4 + 16*17^5 + 6*17^6 + 9*17^7 + 10*17^8 + 9*17^9 + 9*17^10 + 10*17^11 + 15*17^12 + 2*17^13 + 2*17^14 + 16*17^15 + 15*17^16 + O(17^17) : 11*17^3 + 9*17^4 + 4*17^5 + 17^6 + 15*17^7 + 14*17^8 + 4*17^9 + 2*17^10 + 2*17^11 + 14*17^12 + 11*17^13 + O(17^14) : 1 + O(17^20))
   (3 + 15*17 + 16*17^2 + 16*17^3 + 16*17^4 + 16*17^5 + 6*17^6 + 9*17^7 + 10*17^8 + 9*17^9 + 9*17^10 + 10*17^11 + 15*17^12 + 2*17^13 + 2*17^14 + 16*17^15 + 15*17^16 + O(17^17) : 6*17^3 + 7*17^4 + 12*17^5 + 15*17^6 + 17^7 + 2*17^8 + 12*17^9 + 14*17^10 + 14*17^11 + 2*17^12 + 5*17^13 + O(17^14) : 1 + O(17^20))
   (3 + 15*17 + 16*17^2 + 16*17^3 + 16*17^4 + 16*17^5 + 9*17^6 + 10*17^7 + 7*17^8 + 8*17^9 + 13*17^10 + 12*17^11 + 17^12 + 13*17^13 + 3*17^14 + 15*17^15 + 14*17^16 + O(17^17) : 10*17^3 + 2*17^4 + 9*17^5 + 10*17^6 + 14*17^7 + 10*17^8 + 7*17^9 + 9*17^10 + 11*17^11 + 10*17^12 + 15*17^13 + O(17^14) : 1 + O(17^20))
   (3 + 15*17 + 16*17^2 + 16*17^3 + 16*17^4 + 16*17^5 + 9*17^6 + 10*17^7 + 7*17^8 + 8*17^9 + 13*17^10 + 12*17^11 + 17^12 + 13*17^13 + 3*17^14 + 15*17^15 + 14*17^16 + O(17^17) : 7*17^3 + 14*17^4 + 7*17^5 + 6*17^6 + 2*17^7 + 6*17^8 + 9*17^9 + 7*17^10 + 5*17^11 + 6*17^12 + 17^13 + O(17^14) : 1 + O(17^20))
   (3 + 15*17 + 16*17^2 + 16*17^3 + 16*17^4 + 16*17^5 + 9*17^6 + 13*17^7 + 13*17^8 + 14*17^9 + 3*17^10 + 12*17^11 + 16*17^12 + 15*17^13 + 6*17^14 + 5*17^15 + O(17^17) : 10*17^3 + 12*17^4 + 7*17^5 + 15*17^6 + 11*17^7 + 2*17^8 + 16*17^9 + 2*17^10 + 6*17^11 + 2*17^12 + 14*17^13 + O(17^14) : 1 + O(17^20))
   (3 + 15*17 + 16*17^2 + 16*17^3 + 16*17^4 + 16*17^5 + 9*17^6 + 13*17^7 + 13*17^8 + 14*17^9 + 3*17^10 + 12*17^11 + 16*17^12 + 15*17^13 + 6*17^14 + 5*17^15 + O(17^17) : 7*17^3 + 4*17^4 + 9*17^5 + 17^6 + 5*17^7 + 14*17^8 + 14*17^10 + 10*17^11 + 14*17^12 + 2*17^13 + O(17^14) : 1 + O(17^20))
   (3 + 15*17 + 16*17^2 + 16*17^3 + 16*17^4 + 16*17^5 + 9*17^6 + 13*17^7 + 13*17^8 + 7*17^9 + 12*17^10 + 6*17^11 + 6*17^12 + 4*17^13 + 10*17^14 + 9*17^15 + 6*17^16 + O(17^17) : 10*17^3 + 12*17^4 + 7*17^5 + 3*17^6 + 7*17^7 + 17^8 + 10*17^9 + 5*17^10 + 9*17^11 + 10*17^12 + 6*17^13 + O(17^14) : 1 + O(17^20))
   (3 + 15*17 + 16*17^2 + 16*17^3 + 16*17^4 + 16*17^5 + 9*17^6 + 13*17^7 + 13*17^8 + 7*17^9 + 12*17^10 + 6*17^11 + 6*17^12 + 4*17^13 + 10*17^14 + 9*17^15 + 6*17^16 + O(17^17) : 7*17^3 + 4*17^4 + 9*17^5 + 13*17^6 + 9*17^7 + 15*17^8 + 6*17^9 + 11*17^10 + 7*17^11 + 6*17^12 + 10*17^13 + O(17^14) : 1 + O(17^20))
   (3 + 15*17 + 16*17^2 + 16*17^3 + 16*17^4 + 16*17^5 + 9*17^6 + 15*17^7 + 13*17^8 + 11*17^9 + 6*17^10 + 16*17^11 + 16*17^12 + 9*17^13 + 6*17^14 + 5*17^15 + 4*17^16 + O(17^17) : 10*17^3 + 13*17^4 + 6*17^5 + 17^6 + 5*17^7 + 5*17^8 + 3*17^9 + 13*17^10 + 14*17^11 + 15*17^12 + 6*17^13 + O(17^14) : 1 + O(17^20))
   (3 + 15*17 + 16*17^2 + 16*17^3 + 16*17^4 + 16*17^5 + 9*17^6 + 15*17^7 + 13*17^8 + 11*17^9 + 6*17^10 + 16*17^11 + 16*17^12 + 9*17^13 + 6*17^14 + 5*17^15 + 4*17^16 + O(17^17) : 7*17^3 + 3*17^4 + 10*17^5 + 15*17^6 + 11*17^7 + 11*17^8 + 13*17^9 + 3*17^10 + 2*17^11 + 17^12 + 10*17^13 + O(17^14) : 1 + O(17^20))
   (3 + 15*17 + 16*17^2 + 16*17^3 + 16*17^4 + 16*17^5 + 9*17^6 + 15*17^7 + 13*17^8 + 17^9 + 15*17^10 + 4*17^11 + 10*17^12 + 4*17^13 + 3*17^14 + 17^15 + 7*17^16 + O(17^17) : 10*17^3 + 13*17^4 + 6*17^5 + 13*17^6 + 17^7 + 4*17^8 + 8*17^9 + 11*17^10 + 3*17^11 + 15*17^12 + 11*17^13 + O(17^14) : 1 + O(17^20))
   (3 + 15*17 + 16*17^2 + 16*17^3 + 16*17^4 + 16*17^5 + 9*17^6 + 15*17^7 + 13*17^8 + 17^9 + 15*17^10 + 4*17^11 + 10*17^12 + 4*17^13 + 3*17^14 + 17^15 + 7*17^16 + O(17^17) : 7*17^3 + 3*17^4 + 10*17^5 + 3*17^6 + 15*17^7 + 12*17^8 + 8*17^9 + 5*17^10 + 13*17^11 + 17^12 + 5*17^13 + O(17^14) : 1 + O(17^20))
   (3 + 15*17 + 16*17^2 + 16*17^3 + 16*17^4 + 16*17^5 + 9*17^6 + 15*17^7 + 7*17^8 + 4*17^9 + 7*17^10 + 17^11 + 12*17^12 + 14*17^13 + 9*17^14 + 16*17^16 + O(17^17) : 10*17^3 + 13*17^4 + 3*17^5 + 10*17^6 + 2*17^7 + 11*17^8 + 8*17^9 + 10*17^10 + 11*17^11 + 17^12 + 3*17^13 + O(17^14) : 1 + O(17^20))
   (3 + 15*17 + 16*17^2 + 16*17^3 + 16*17^4 + 16*17^5 + 9*17^6 + 15*17^7 + 7*17^8 + 4*17^9 + 7*17^10 + 17^11 + 12*17^12 + 14*17^13 + 9*17^14 + 16*17^16 + O(17^17) : 7*17^3 + 3*17^4 + 13*17^5 + 6*17^6 + 14*17^7 + 5*17^8 + 8*17^9 + 6*17^10 + 5*17^11 + 15*17^12 + 13*17^13 + O(17^14) : 1 + O(17^20))
   (3 + 15*17 + 16*17^2 + 16*17^3 + 16*17^4 + 16*17^5 + 9*17^6 + 17^7 + 6*17^8 + 9*17^9 + 16*17^10 + 12*17^11 + 8*17^12 + 12*17^14 + 10*17^15 + O(17^17) : 10*17^3 + 6*17^4 + 4*17^5 + 11*17^6 + 16*17^7 + 2*17^8 + 9*17^9 + 12*17^10 + 9*17^11 + 11*17^12 + 15*17^13 + O(17^14) : 1 + O(17^20))
   (3 + 15*17 + 16*17^2 + 16*17^3 + 16*17^4 + 16*17^5 + 9*17^6 + 17^7 + 6*17^8 + 9*17^9 + 16*17^10 + 12*17^11 + 8*17^12 + 12*17^14 + 10*17^15 + O(17^17) : 7*17^3 + 10*17^4 + 12*17^5 + 5*17^6 + 14*17^8 + 7*17^9 + 4*17^10 + 7*17^11 + 5*17^12 + 17^13 + O(17^14) : 1 + O(17^20))
   (3 + 15*17 + 16*17^2 + 16*17^3 + 16*17^4 + 16*17^5 + 9*17^6 + 5*17^7 + 12*17^8 + 4*17^10 + 12*17^12 + 14*17^13 + 3*17^14 + 7*17^15 + 10*17^16 + O(17^17) : 10*17^3 + 8*17^4 + 17^5 + 11*17^6 + 14*17^7 + 10*17^9 + 15*17^10 + 8*17^11 + 12*17^12 + 8*17^13 + O(17^14) : 1 + O(17^20))
   (3 + 15*17 + 16*17^2 + 16*17^3 + 16*17^4 + 16*17^5 + 9*17^6 + 5*17^7 + 12*17^8 + 4*17^10 + 12*17^12 + 14*17^13 + 3*17^14 + 7*17^15 + 10*17^16 + O(17^17) : 7*17^3 + 8*17^4 + 15*17^5 + 5*17^6 + 2*17^7 + 16*17^8 + 6*17^9 + 17^10 + 8*17^11 + 4*17^12 + 8*17^13 + O(17^14) : 1 + O(17^20))
   (3 + 15*17 + 16*17^2 + 16*17^3 + 16*17^4 + 16*17^5 + 9*17^6 + 5*17^7 + 17^8 + 8*17^9 + 3*17^10 + 15*17^11 + 16*17^12 + 9*17^13 + 5*17^15 + 13*17^16 + O(17^17) : 10*17^3 + 8*17^4 + 4*17^5 + 12*17^6 + 8*17^7 + 10*17^8 + 5*17^9 + 4*17^10 + 7*17^11 + 11*17^12 + 16*17^13 + O(17^14) : 1 + O(17^20))
   (3 + 15*17 + 16*17^2 + 16*17^3 + 16*17^4 + 16*17^5 + 9*17^6 + 5*17^7 + 17^8 + 8*17^9 + 3*17^10 + 15*17^11 + 16*17^12 + 9*17^13 + 5*17^15 + 13*17^16 + O(17^17) : 7*17^3 + 8*17^4 + 12*17^5 + 4*17^6 + 8*17^7 + 6*17^8 + 11*17^9 + 12*17^10 + 9*17^11 + 5*17^12 + O(17^14) : 1 + O(17^20))
   (3 + 15*17 + 16*17^2 + 16*17^3 + 16*17^4 + 16*17^5 + 9*17^6 + 6*17^7 + 12*17^8 + 2*17^9 + 17^10 + 5*17^11 + 9*17^13 + 10*17^14 + 9*17^15 + 8*17^16 + O(17^17) : 10*17^3 + 17^5 + 12*17^6 + 16*17^7 + 4*17^8 + 2*17^9 + 16*17^10 + 7*17^11 + 9*17^12 + 13*17^13 + O(17^14) : 1 + O(17^20))
   (3 + 15*17 + 16*17^2 + 16*17^3 + 16*17^4 + 16*17^5 + 9*17^6 + 6*17^7 + 12*17^8 + 2*17^9 + 17^10 + 5*17^11 + 9*17^13 + 10*17^14 + 9*17^15 + 8*17^16 + O(17^17) : 7*17^3 + 16*17^4 + 15*17^5 + 4*17^6 + 12*17^8 + 14*17^9 + 9*17^11 + 7*17^12 + 3*17^13 + O(17^14) : 1 + O(17^20))
   (3 + 15*17 + 16*17^2 + 16*17^3 + 16*17^4 + 16*17^5 + 9*17^6 + 6*17^7 + 9*17^8 + 17^9 + 7*17^10 + 13*17^11 + 16*17^12 + 15*17^13 + 10*17^14 + 2*17^15 + O(17^17) : 10*17^3 + 8*17^5 + 2*17^7 + 4*17^8 + 7*17^9 + 12*17^10 + 3*17^11 + 5*17^12 + O(17^14) : 1 + O(17^20))
   (3 + 15*17 + 16*17^2 + 16*17^3 + 16*17^4 + 16*17^5 + 9*17^6 + 6*17^7 + 9*17^8 + 17^9 + 7*17^10 + 13*17^11 + 16*17^12 + 15*17^13 + 10*17^14 + 2*17^15 + O(17^17) : 7*17^3 + 16*17^4 + 8*17^5 + 16*17^6 + 14*17^7 + 12*17^8 + 9*17^9 + 4*17^10 + 13*17^11 + 11*17^12 + 16*17^13 + O(17^14) : 1 + O(17^20))
   (3*17^-3 + 12*17^-2 + 16*17^-1 + 16 + 13*17 + 6*17^2 + 6*17^3 + 15*17^4 + 9*17^5 + 17^6 + 3*17^7 + 2*17^8 + 12*17^9 + O(17^10) : 10*17^-9 + 2*17^-8 + 13*17^-7 + 6*17^-6 + 14*17^-5 + 11*17^-4 + 2*17^-3 + 2*17^-2 + 17^-1 + 13 + 17 + 11*17^2 + 11*17^3 + O(17^4) : 1 + O(17^20))
   (3*17^-3 + 12*17^-2 + 16*17^-1 + 16 + 13*17 + 6*17^2 + 6*17^3 + 15*17^4 + 9*17^5 + 17^6 + 3*17^7 + 2*17^8 + 12*17^9 + O(17^10) : 7*17^-9 + 14*17^-8 + 3*17^-7 + 10*17^-6 + 2*17^-5 + 5*17^-4 + 14*17^-3 + 14*17^-2 + 15*17^-1 + 3 + 15*17 + 5*17^2 + 5*17^3 + O(17^4) : 1 + O(17^20))
   (3*17^-3 + 15*17^-2 + 16*17^-1 + 3 + 3*17 + 13*17^2 + 8*17^3 + 3*17^4 + 15*17^5 + 16*17^6 + 2*17^7 + 11*17^8 + 2*17^9 + O(17^10) : 10*17^-9 + 15*17^-8 + 15*17^-7 + 16*17^-6 + 10*17^-5 + 15*17^-4 + 17^-3 + 12*17^-2 + 8*17^-1 + 16 + 15*17 + 11*17^2 + 17^3 + O(17^4) : 1 + O(17^20))
   (3*17^-3 + 15*17^-2 + 16*17^-1 + 3 + 3*17 + 13*17^2 + 8*17^3 + 3*17^4 + 15*17^5 + 16*17^6 + 2*17^7 + 11*17^8 + 2*17^9 + O(17^10) : 7*17^-9 + 17^-8 + 17^-7 + 6*17^-5 + 17^-4 + 15*17^-3 + 4*17^-2 + 8*17^-1 + 17 + 5*17^2 + 15*17^3 + O(17^4) : 1 + O(17^20))
   (3*17^-3 + 15*17^-2 + 5*17^-1 + 8 + 14*17 + 12*17^2 + 5*17^3 + 10*17^4 + 16*17^5 + 3*17^6 + 16*17^7 + O(17^10) : 10*17^-9 + 15*17^-8 + 7*17^-7 + 3*17^-6 + 10*17^-5 + 14*17^-4 + 7*17^-3 + 17^-1 + 2 + 8*17 + 15*17^2 + 6*17^3 + O(17^4) : 1 + O(17^20))
   (3*17^-3 + 15*17^-2 + 5*17^-1 + 8 + 14*17 + 12*17^2 + 5*17^3 + 10*17^4 + 16*17^5 + 3*17^6 + 16*17^7 + O(17^10) : 7*17^-9 + 17^-8 + 9*17^-7 + 13*17^-6 + 6*17^-5 + 2*17^-4 + 9*17^-3 + 16*17^-2 + 15*17^-1 + 14 + 8*17 + 17^2 + 10*17^3 + O(17^4) : 1 + O(17^20))
   (3*17^-3 + 17^-1 + 4 + 2*17 + 5*17^2 + 17^3 + 5*17^4 + 7*17^5 + 17^6 + 10*17^7 + 15*17^8 + 14*17^9 + O(17^10) : 10*17^-9 + 17^-8 + 10*17^-7 + 7*17^-6 + 17^-5 + 7*17^-4 + 5*17^-3 + 4*17^-2 + 11*17^-1 + 5 + 13*17 + 4*17^2 + O(17^4) : 1 + O(17^20))
   (3*17^-3 + 17^-1 + 4 + 2*17 + 5*17^2 + 17^3 + 5*17^4 + 7*17^5 + 17^6 + 10*17^7 + 15*17^8 + 14*17^9 + O(17^10) : 7*17^-9 + 15*17^-8 + 6*17^-7 + 9*17^-6 + 15*17^-5 + 9*17^-4 + 11*17^-3 + 12*17^-2 + 5*17^-1 + 11 + 3*17 + 12*17^2 + 16*17^3 + O(17^4) : 1 + O(17^20))
   (3*17^-3 + 2*17^-2 + 17^-1 + 15 + 7*17 + 3*17^2 + 6*17^3 + 5*17^4 + 15*17^5 + 16*17^6 + 17^7 + 7*17^8 + 17^9 + O(17^10) : 10*17^-9 + 4*17^-8 + 15*17^-7 + 10*17^-6 + 11*17^-5 + 17^-4 + 4*17^-3 + 15*17^-2 + 14*17^-1 + 6 + 12*17 + 2*17^2 + 2*17^3 + O(17^4) : 1 + O(17^20))
   (3*17^-3 + 2*17^-2 + 17^-1 + 15 + 7*17 + 3*17^2 + 6*17^3 + 5*17^4 + 15*17^5 + 16*17^6 + 17^7 + 7*17^8 + 17^9 + O(17^10) : 7*17^-9 + 12*17^-8 + 17^-7 + 6*17^-6 + 5*17^-5 + 15*17^-4 + 12*17^-3 + 17^-2 + 2*17^-1 + 10 + 4*17 + 14*17^2 + 14*17^3 + O(17^4) : 1 + O(17^20))
   (3*17^-3 + 3*17^-2 + 16*17^-1 + 1 + 13*17 + 9*17^2 + 16*17^3 + 6*17^4 + 17^5 + 5*17^6 + 14*17^7 + 6*17^8 + 8*17^9 + O(17^10) : 10*17^-9 + 14*17^-8 + 7*17^-7 + 13*17^-6 + 12*17^-4 + 10*17^-3 + 9*17^-2 + 12*17^-1 + 7 + 12*17 + 6*17^2 + 7*17^3 + O(17^4) : 1 + O(17^20))
   (3*17^-3 + 3*17^-2 + 16*17^-1 + 1 + 13*17 + 9*17^2 + 16*17^3 + 6*17^4 + 17^5 + 5*17^6 + 14*17^7 + 6*17^8 + 8*17^9 + O(17^10) : 7*17^-9 + 2*17^-8 + 9*17^-7 + 3*17^-6 + 16*17^-5 + 4*17^-4 + 6*17^-3 + 7*17^-2 + 4*17^-1 + 9 + 4*17 + 10*17^2 + 9*17^3 + O(17^4) : 1 + O(17^20))
   (3*17^-3 + 3*17^-2 + 5*17^-1 + 2 + 8*17 + 13*17^2 + 16*17^3 + 10*17^4 + 12*17^5 + 12*17^6 + 15*17^8 + 2*17^9 + O(17^10) : 10*17^-9 + 14*17^-8 + 16*17^-7 + 6*17^-6 + 8*17^-5 + 8*17^-4 + 10*17^-3 + 7*17^-2 + 16*17^-1 + 15 + 15*17^2 + 7*17^3 + O(17^4) : 1 + O(17^20))
   (3*17^-3 + 3*17^-2 + 5*17^-1 + 2 + 8*17 + 13*17^2 + 16*17^3 + 10*17^4 + 12*17^5 + 12*17^6 + 15*17^8 + 2*17^9 + O(17^10) : 7*17^-9 + 2*17^-8 + 10*17^-6 + 8*17^-5 + 8*17^-4 + 6*17^-3 + 9*17^-2 + 1 + 16*17 + 17^2 + 9*17^3 + O(17^4) : 1 + O(17^20))
   (3*17^-3 + 7*17^-2 + 6*17^-1 + 10 + 7*17 + 7*17^2 + 5*17^3 + 12*17^4 + 11*17^5 + 5*17^6 + 17^7 + 12*17^9 + O(17^10) : 10*17^-9 + 3*17^-8 + 2*17^-7 + 11*17^-6 + 16*17^-4 + 12*17^-3 + 2*17^-2 + 10*17^-1 + 3 + 8*17 + 5*17^2 + 17^3 + O(17^4) : 1 + O(17^20))
   (3*17^-3 + 7*17^-2 + 6*17^-1 + 10 + 7*17 + 7*17^2 + 5*17^3 + 12*17^4 + 11*17^5 + 5*17^6 + 17^7 + 12*17^9 + O(17^10) : 7*17^-9 + 13*17^-8 + 14*17^-7 + 5*17^-6 + 16*17^-5 + 4*17^-3 + 14*17^-2 + 6*17^-1 + 13 + 8*17 + 11*17^2 + 15*17^3 + O(17^4) : 1 + O(17^20))
   (3*17^-3 + 7*17^-2 + 6*17^-1 + 16*17 + 9*17^2 + 4*17^3 + 11*17^4 + 6*17^5 + 5*17^6 + 2*17^7 + 3*17^8 + 4*17^9 + O(17^10) : 10*17^-9 + 3*17^-8 + 2*17^-7 + 13*17^-6 + 4*17^-5 + 4*17^-4 + 15*17^-3 + 16*17^-2 + 3*17^-1 + 14 + 2*17 + 13*17^2 + O(17^4) : 1 + O(17^20))
   (3*17^-3 + 7*17^-2 + 6*17^-1 + 16*17 + 9*17^2 + 4*17^3 + 11*17^4 + 6*17^5 + 5*17^6 + 2*17^7 + 3*17^8 + 4*17^9 + O(17^10) : 7*17^-9 + 13*17^-8 + 14*17^-7 + 3*17^-6 + 12*17^-5 + 12*17^-4 + 17^-3 + 13*17^-1 + 2 + 14*17 + 3*17^2 + 16*17^3 + O(17^4) : 1 + O(17^20))
   (4 + 14*17 + 15*17^2 + 10*17^3 + 13*17^4 + 4*17^5 + 9*17^6 + 11*17^7 + 11*17^8 + 11*17^9 + 7*17^10 + 13*17^11 + 4*17^12 + 8*17^13 + 17^14 + O(17^15) : 10 + 16*17 + 4*17^2 + 10*17^3 + 12*17^4 + 13*17^5 + 5*17^6 + 14*17^8 + 14*17^9 + 6*17^10 + 6*17^11 + 2*17^12 + 5*17^13 + 9*17^14 + O(17^15) : 1 + O(17^20))
   (4 + 14*17 + 15*17^2 + 10*17^3 + 13*17^4 + 4*17^5 + 9*17^6 + 11*17^7 + 11*17^8 + 11*17^9 + 7*17^10 + 13*17^11 + 4*17^12 + 8*17^13 + 17^14 + O(17^15) : 7 + 12*17^2 + 6*17^3 + 4*17^4 + 3*17^5 + 11*17^6 + 16*17^7 + 2*17^8 + 2*17^9 + 10*17^10 + 10*17^11 + 14*17^12 + 11*17^13 + 7*17^14 + O(17^15) : 1 + O(17^20))
   (4 + 14*17 + 15*17^2 + 10*17^3 + 3*17^4 + 6*17^5 + 16*17^6 + 6*17^7 + 7*17^8 + 4*17^9 + 12*17^10 + 14*17^11 + 2*17^13 + 9*17^14 + O(17^15) : 10 + 16*17 + 4*17^2 + 10*17^3 + 16*17^4 + 10*17^5 + 6*17^6 + 14*17^7 + 15*17^9 + 6*17^10 + 3*17^11 + 15*17^12 + 11*17^13 + 2*17^14 + O(17^15) : 1 + O(17^20))
   (4 + 14*17 + 15*17^2 + 10*17^3 + 3*17^4 + 6*17^5 + 16*17^6 + 6*17^7 + 7*17^8 + 4*17^9 + 12*17^10 + 14*17^11 + 2*17^13 + 9*17^14 + O(17^15) : 7 + 12*17^2 + 6*17^3 + 6*17^5 + 10*17^6 + 2*17^7 + 16*17^8 + 17^9 + 10*17^10 + 13*17^11 + 17^12 + 5*17^13 + 14*17^14 + O(17^15) : 1 + O(17^20))
   (4 + 14*17 + 15*17^2 + 10*17^3 + 5*17^5 + 15*17^6 + 15*17^7 + 16*17^8 + 14*17^9 + 9*17^10 + 7*17^11 + 9*17^12 + 4*17^13 + 17^14 + O(17^15) : 10 + 16*17 + 4*17^2 + 10*17^3 + 7*17^4 + 10*17^5 + 16*17^7 + 3*17^8 + 10*17^9 + 15*17^10 + 2*17^12 + 12*17^13 + 7*17^14 + O(17^15) : 1 + O(17^20))
   (4 + 14*17 + 15*17^2 + 10*17^3 + 5*17^5 + 15*17^6 + 15*17^7 + 16*17^8 + 14*17^9 + 9*17^10 + 7*17^11 + 9*17^12 + 4*17^13 + 17^14 + O(17^15) : 7 + 12*17^2 + 6*17^3 + 9*17^4 + 6*17^5 + 16*17^6 + 13*17^8 + 6*17^9 + 17^10 + 16*17^11 + 14*17^12 + 4*17^13 + 9*17^14 + O(17^15) : 1 + O(17^20))
   (4 + 14*17 + 15*17^2 + 10*17^3 + 8*17^4 + 5*17^5 + 16*17^6 + 3*17^7 + 2*17^8 + 14*17^9 + 2*17^10 + 9*17^11 + 16*17^12 + 9*17^13 + 6*17^14 + O(17^15) : 10 + 16*17 + 4*17^2 + 10*17^3 + 14*17^4 + 3*17^5 + 8*17^6 + 13*17^7 + 15*17^8 + 14*17^9 + 8*17^10 + 9*17^11 + 3*17^12 + 14*17^13 + O(17^15) : 1 + O(17^20))
   (4 + 14*17 + 15*17^2 + 10*17^3 + 8*17^4 + 5*17^5 + 16*17^6 + 3*17^7 + 2*17^8 + 14*17^9 + 2*17^10 + 9*17^11 + 16*17^12 + 9*17^13 + 6*17^14 + O(17^15) : 7 + 12*17^2 + 6*17^3 + 2*17^4 + 13*17^5 + 8*17^6 + 3*17^7 + 17^8 + 2*17^9 + 8*17^10 + 7*17^11 + 13*17^12 + 2*17^13 + 16*17^14 + O(17^15) : 1 + O(17^20))
   (4 + 14*17 + 15*17^2 + 10*17^4 + 15*17^5 + 12*17^6 + 15*17^7 + 2*17^8 + 9*17^9 + 17^10 + 4*17^11 + 10*17^13 + 13*17^14 + O(17^15) : 10 + 16*17 + 4*17^2 + 14*17^3 + 11*17^4 + 13*17^5 + 3*17^6 + 4*17^7 + 9*17^8 + 8*17^9 + 6*17^10 + 10*17^11 + 17^12 + 5*17^13 + 6*17^14 + O(17^15) : 1 + O(17^20))
   (4 + 14*17 + 15*17^2 + 10*17^4 + 15*17^5 + 12*17^6 + 15*17^7 + 2*17^8 + 9*17^9 + 17^10 + 4*17^11 + 10*17^13 + 13*17^14 + O(17^15) : 7 + 12*17^2 + 2*17^3 + 5*17^4 + 3*17^5 + 13*17^6 + 12*17^7 + 7*17^8 + 8*17^9 + 10*17^10 + 6*17^11 + 15*17^12 + 11*17^13 + 10*17^14 + O(17^15) : 1 + O(17^20))
   (4 + 14*17 + 15*17^2 + 11*17^3 + 10*17^4 + 9*17^5 + 13*17^6 + 17^7 + 4*17^8 + 3*17^9 + 16*17^10 + 5*17^11 + 11*17^12 + 14*17^13 + 2*17^14 + O(17^15) : 10 + 16*17 + 4*17^2 + 13*17^3 + 2*17^4 + 4*17^5 + 10*17^7 + 10*17^8 + 11*17^9 + 11*17^10 + 8*17^11 + 12*17^12 + 12*17^13 + 5*17^14 + O(17^15) : 1 + O(17^20))
   (4 + 14*17 + 15*17^2 + 11*17^3 + 10*17^4 + 9*17^5 + 13*17^6 + 17^7 + 4*17^8 + 3*17^9 + 16*17^10 + 5*17^11 + 11*17^12 + 14*17^13 + 2*17^14 + O(17^15) : 7 + 12*17^2 + 3*17^3 + 14*17^4 + 12*17^5 + 16*17^6 + 6*17^7 + 6*17^8 + 5*17^9 + 5*17^10 + 8*17^11 + 4*17^12 + 4*17^13 + 11*17^14 + O(17^15) : 1 + O(17^20))
   (4 + 14*17 + 15*17^2 + 11*17^3 + 16*17^4 + 15*17^5 + 9*17^6 + 3*17^7 + 2*17^8 + 17^9 + 17^10 + 14*17^11 + 12*17^12 + 10*17^13 + 15*17^14 + O(17^15) : 10 + 16*17 + 4*17^2 + 13*17^3 + 3*17^4 + 8*17^6 + 9*17^7 + 10*17^8 + 17^9 + 3*17^12 + 4*17^13 + 7*17^14 + O(17^15) : 1 + O(17^20))
   (4 + 14*17 + 15*17^2 + 11*17^3 + 16*17^4 + 15*17^5 + 9*17^6 + 3*17^7 + 2*17^8 + 17^9 + 17^10 + 14*17^11 + 12*17^12 + 10*17^13 + 15*17^14 + O(17^15) : 7 + 12*17^2 + 3*17^3 + 13*17^4 + 16*17^5 + 8*17^6 + 7*17^7 + 6*17^8 + 15*17^9 + 16*17^10 + 16*17^11 + 13*17^12 + 12*17^13 + 9*17^14 + O(17^15) : 1 + O(17^20))
   (4 + 14*17 + 15*17^2 + 11*17^3 + 16*17^4 + 4*17^5 + 13*17^6 + 16*17^8 + 2*17^9 + 4*17^10 + 14*17^11 + 2*17^12 + 2*17^13 + 16*17^14 + O(17^15) : 10 + 16*17 + 4*17^2 + 13*17^3 + 3*17^4 + 17^5 + 12*17^6 + 5*17^7 + 7*17^8 + 17^9 + 3*17^10 + 14*17^11 + 12*17^12 + 2*17^13 + 17^14 + O(17^15) : 1 + O(17^20))
   (4 + 14*17 + 15*17^2 + 11*17^3 + 16*17^4 + 4*17^5 + 13*17^6 + 16*17^8 + 2*17^9 + 4*17^10 + 14*17^11 + 2*17^12 + 2*17^13 + 16*17^14 + O(17^15) : 7 + 12*17^2 + 3*17^3 + 13*17^4 + 15*17^5 + 4*17^6 + 11*17^7 + 9*17^8 + 15*17^9 + 13*17^10 + 2*17^11 + 4*17^12 + 14*17^13 + 15*17^14 + O(17^15) : 1 + O(17^20))
   (4 + 14*17 + 15*17^2 + 11*17^3 + 16*17^4 + 4*17^5 + 6*17^6 + 2*17^7 + 3*17^8 + 5*17^9 + 11*17^10 + 4*17^11 + 17^12 + 12*17^13 + 17^14 + O(17^15) : 10 + 16*17 + 4*17^2 + 13*17^3 + 3*17^4 + 17^5 + 8*17^6 + 3*17^8 + 10*17^9 + 8*17^10 + 5*17^11 + 7*17^12 + 3*17^13 + 2*17^14 + O(17^15) : 1 + O(17^20))
   (4 + 14*17 + 15*17^2 + 11*17^3 + 16*17^4 + 4*17^5 + 6*17^6 + 2*17^7 + 3*17^8 + 5*17^9 + 11*17^10 + 4*17^11 + 17^12 + 12*17^13 + 17^14 + O(17^15) : 7 + 12*17^2 + 3*17^3 + 13*17^4 + 15*17^5 + 8*17^6 + 16*17^7 + 13*17^8 + 6*17^9 + 8*17^10 + 11*17^11 + 9*17^12 + 13*17^13 + 14*17^14 + O(17^15) : 1 + O(17^20))
   (4 + 14*17 + 15*17^2 + 11*17^3 + 2*17^4 + 11*17^5 + 6*17^6 + 11*17^7 + 8*17^8 + 9*17^9 + 3*17^10 + 17^11 + 5*17^12 + 16*17^13 + 10*17^14 + O(17^15) : 10 + 16*17 + 4*17^2 + 13*17^3 + 12*17^4 + 16*17^5 + 6*17^6 + 9*17^7 + 12*17^8 + 7*17^10 + 9*17^11 + 15*17^12 + 12*17^13 + 5*17^14 + O(17^15) : 1 + O(17^20))
   (4 + 14*17 + 15*17^2 + 11*17^3 + 2*17^4 + 11*17^5 + 6*17^6 + 11*17^7 + 8*17^8 + 9*17^9 + 3*17^10 + 17^11 + 5*17^12 + 16*17^13 + 10*17^14 + O(17^15) : 7 + 12*17^2 + 3*17^3 + 4*17^4 + 10*17^6 + 7*17^7 + 4*17^8 + 16*17^9 + 9*17^10 + 7*17^11 + 17^12 + 4*17^13 + 11*17^14 + O(17^15) : 1 + O(17^20))
   (4 + 14*17 + 15*17^2 + 11*17^3 + 5*17^4 + 15*17^5 + 13*17^6 + 9*17^7 + 7*17^8 + 6*17^9 + 5*17^11 + 10*17^12 + 3*17^13 + 3*17^14 + O(17^15) : 10 + 16*17 + 4*17^2 + 13*17^3 + 4*17^4 + 9*17^5 + 11*17^6 + 16*17^7 + 11*17^8 + 14*17^9 + 10*17^10 + 10*17^11 + 5*17^12 + 16*17^13 + 13*17^14 + O(17^15) : 1 + O(17^20))
   (4 + 14*17 + 15*17^2 + 11*17^3 + 5*17^4 + 15*17^5 + 13*17^6 + 9*17^7 + 7*17^8 + 6*17^9 + 5*17^11 + 10*17^12 + 3*17^13 + 3*17^14 + O(17^15) : 7 + 12*17^2 + 3*17^3 + 12*17^4 + 7*17^5 + 5*17^6 + 5*17^8 + 2*17^9 + 6*17^10 + 6*17^11 + 11*17^12 + 3*17^14 + O(17^15) : 1 + O(17^20))
   (4 + 14*17 + 15*17^2 + 11*17^3 + 6*17^5 + 5*17^6 + 4*17^7 + 9*17^8 + 6*17^9 + 14*17^10 + 15*17^11 + 16*17^12 + 6*17^13 + 15*17^14 + O(17^15) : 10 + 16*17 + 4*17^2 + 13*17^3 + 6*17^4 + 3*17^5 + 11*17^6 + 5*17^7 + 8*17^8 + 11*17^9 + 14*17^10 + 17^11 + 6*17^12 + 11*17^13 + 3*17^14 + O(17^15) : 1 + O(17^20))
   (4 + 14*17 + 15*17^2 + 11*17^3 + 6*17^5 + 5*17^6 + 4*17^7 + 9*17^8 + 6*17^9 + 14*17^10 + 15*17^11 + 16*17^12 + 6*17^13 + 15*17^14 + O(17^15) : 7 + 12*17^2 + 3*17^3 + 10*17^4 + 13*17^5 + 5*17^6 + 11*17^7 + 8*17^8 + 5*17^9 + 2*17^10 + 15*17^11 + 10*17^12 + 5*17^13 + 13*17^14 + O(17^15) : 1 + O(17^20))
   (4 + 14*17 + 15*17^2 + 11*17^3 + 7*17^4 + 17^5 + 3*17^6 + 12*17^7 + 13*17^8 + 9*17^9 + 17^10 + 9*17^11 + 7*17^12 + 10*17^13 + 5*17^14 + O(17^15) : 10 + 16*17 + 4*17^2 + 13*17^3 + 10*17^4 + 16*17^5 + 6*17^6 + 4*17^7 + 11*17^8 + 13*17^9 + 15*17^10 + 9*17^11 + 10*17^12 + 10*17^13 + 7*17^14 + O(17^15) : 1 + O(17^20))
   (4 + 14*17 + 15*17^2 + 11*17^3 + 7*17^4 + 17^5 + 3*17^6 + 12*17^7 + 13*17^8 + 9*17^9 + 17^10 + 9*17^11 + 7*17^12 + 10*17^13 + 5*17^14 + O(17^15) : 7 + 12*17^2 + 3*17^3 + 6*17^4 + 10*17^6 + 12*17^7 + 5*17^8 + 3*17^9 + 17^10 + 7*17^11 + 6*17^12 + 6*17^13 + 9*17^14 + O(17^15) : 1 + O(17^20))
   (4 + 14*17 + 15*17^2 + 11*17^3 + 9*17^4 + 15*17^5 + 17^6 + 15*17^7 + 15*17^9 + 2*17^10 + 2*17^11 + 6*17^13 + 6*17^14 + O(17^15) : 10 + 16*17 + 4*17^2 + 13*17^3 + 16*17^4 + 5*17^5 + 3*17^6 + 10*17^7 + 14*17^8 + 5*17^9 + 14*17^10 + 15*17^11 + 15*17^12 + 10*17^13 + 2*17^14 + O(17^15) : 1 + O(17^20))
   (4 + 14*17 + 15*17^2 + 11*17^3 + 9*17^4 + 15*17^5 + 17^6 + 15*17^7 + 15*17^9 + 2*17^10 + 2*17^11 + 6*17^13 + 6*17^14 + O(17^15) : 7 + 12*17^2 + 3*17^3 + 11*17^5 + 13*17^6 + 6*17^7 + 2*17^8 + 11*17^9 + 2*17^10 + 17^11 + 17^12 + 6*17^13 + 14*17^14 + O(17^15) : 1 + O(17^20))
   (4 + 14*17 + 15*17^2 + 12*17^3 + 10*17^4 + 8*17^5 + 8*17^6 + 15*17^7 + 16*17^8 + 8*17^9 + 7*17^10 + 7*17^11 + 4*17^12 + 6*17^13 + 2*17^14 + O(17^15) : 10 + 16*17 + 4*17^2 + 16*17^3 + 17^4 + 8*17^5 + 12*17^6 + 4*17^7 + 15*17^8 + 5*17^9 + 16*17^10 + 7*17^11 + 9*17^12 + 4*17^13 + 16*17^14 + O(17^15) : 1 + O(17^20))
   (4 + 14*17 + 15*17^2 + 12*17^3 + 10*17^4 + 8*17^5 + 8*17^6 + 15*17^7 + 16*17^8 + 8*17^9 + 7*17^10 + 7*17^11 + 4*17^12 + 6*17^13 + 2*17^14 + O(17^15) : 7 + 12*17^2 + 15*17^4 + 8*17^5 + 4*17^6 + 12*17^7 + 17^8 + 11*17^9 + 9*17^11 + 7*17^12 + 12*17^13 + O(17^15) : 1 + O(17^20))
   (4 + 14*17 + 15*17^2 + 12*17^3 + 11*17^4 + 3*17^5 + 15*17^6 + 15*17^7 + 9*17^8 + 17^9 + 7*17^10 + 5*17^11 + 14*17^12 + 8*17^13 + 10*17^14 + O(17^15) : 10 + 16*17 + 4*17^2 + 16*17^3 + 4*17^4 + 9*17^5 + 10*17^6 + 8*17^7 + 13*17^8 + 15*17^9 + 10*17^10 + 9*17^11 + 14*17^12 + 17^13 + 11*17^14 + O(17^15) : 1 + O(17^20))
   (4 + 14*17 + 15*17^2 + 12*17^3 + 11*17^4 + 3*17^5 + 15*17^6 + 15*17^7 + 9*17^8 + 17^9 + 7*17^10 + 5*17^11 + 14*17^12 + 8*17^13 + 10*17^14 + O(17^15) : 7 + 12*17^2 + 12*17^4 + 7*17^5 + 6*17^6 + 8*17^7 + 3*17^8 + 17^9 + 6*17^10 + 7*17^11 + 2*17^12 + 15*17^13 + 5*17^14 + O(17^15) : 1 + O(17^20))
   (4 + 14*17 + 15*17^2 + 12*17^3 + 13*17^4 + 10*17^5 + 7*17^6 + 15*17^7 + 13*17^9 + 6*17^10 + 10*17^11 + 15*17^12 + 5*17^13 + O(17^15) : 10 + 16*17 + 4*17^2 + 16*17^3 + 10*17^4 + 11*17^5 + 11*17^6 + 16*17^7 + 3*17^8 + 6*17^9 + 6*17^10 + 9*17^11 + 16*17^12 + 10*17^13 + O(17^15) : 1 + O(17^20))
   (4 + 14*17 + 15*17^2 + 12*17^3 + 13*17^4 + 10*17^5 + 7*17^6 + 15*17^7 + 13*17^9 + 6*17^10 + 10*17^11 + 15*17^12 + 5*17^13 + O(17^15) : 7 + 12*17^2 + 6*17^4 + 5*17^5 + 5*17^6 + 13*17^8 + 10*17^9 + 10*17^10 + 7*17^11 + 6*17^13 + 16*17^14 + O(17^15) : 1 + O(17^20))
   (4 + 14*17 + 15*17^2 + 12*17^3 + 15*17^4 + 7*17^5 + 2*17^6 + 4*17^7 + 8*17^8 + 11*17^10 + 14*17^11 + 16*17^12 + 11*17^13 + 3*17^14 + O(17^15) : 10 + 16*17 + 4*17^2 + 16*17^3 + 16*17^4 + 13*17^6 + 4*17^7 + 13*17^8 + 11*17^9 + 16*17^10 + 6*17^11 + 13*17^12 + 16*17^13 + 2*17^14 + O(17^15) : 1 + O(17^20))
   (4 + 14*17 + 15*17^2 + 12*17^3 + 15*17^4 + 7*17^5 + 2*17^6 + 4*17^7 + 8*17^8 + 11*17^10 + 14*17^11 + 16*17^12 + 11*17^13 + 3*17^14 + O(17^15) : 7 + 12*17^2 + 16*17^5 + 3*17^6 + 12*17^7 + 3*17^8 + 5*17^9 + 10*17^11 + 3*17^12 + 14*17^14 + O(17^15) : 1 + O(17^20))
   (4 + 14*17 + 15*17^2 + 12*17^3 + 15*17^4 + 8*17^5 + 12*17^6 + 8*17^7 + 11*17^9 + 17^10 + 8*17^11 + 10*17^12 + 15*17^13 + 9*17^14 + O(17^15) : 10 + 16*17 + 4*17^2 + 16*17^3 + 16*17^4 + 3*17^5 + 8*17^6 + 15*17^7 + 14*17^8 + 10*17^9 + 8*17^10 + 6*17^11 + 10*17^12 + 17^13 + 5*17^14 + O(17^15) : 1 + O(17^20))
   (4 + 14*17 + 15*17^2 + 12*17^3 + 15*17^4 + 8*17^5 + 12*17^6 + 8*17^7 + 11*17^9 + 17^10 + 8*17^11 + 10*17^12 + 15*17^13 + 9*17^14 + O(17^15) : 7 + 12*17^2 + 13*17^5 + 8*17^6 + 17^7 + 2*17^8 + 6*17^9 + 8*17^10 + 10*17^11 + 6*17^12 + 15*17^13 + 11*17^14 + O(17^15) : 1 + O(17^20))
   (4 + 14*17 + 15*17^2 + 12*17^3 + 6*17^4 + 9*17^5 + 17^7 + 11*17^8 + 3*17^9 + 9*17^10 + 11*17^11 + 11*17^12 + 9*17^13 + 6*17^14 + O(17^15) : 10 + 16*17 + 4*17^2 + 16*17^3 + 6*17^4 + 14*17^5 + 10*17^6 + 2*17^7 + 15*17^8 + 13*17^10 + 7*17^11 + 3*17^13 + 8*17^14 + O(17^15) : 1 + O(17^20))
   (4 + 14*17 + 15*17^2 + 12*17^3 + 6*17^4 + 9*17^5 + 17^7 + 11*17^8 + 3*17^9 + 9*17^10 + 11*17^11 + 11*17^12 + 9*17^13 + 6*17^14 + O(17^15) : 7 + 12*17^2 + 10*17^4 + 2*17^5 + 6*17^6 + 14*17^7 + 17^8 + 16*17^9 + 3*17^10 + 9*17^11 + 16*17^12 + 13*17^13 + 8*17^14 + O(17^15) : 1 + O(17^20))
   (4 + 14*17 + 15*17^2 + 12*17^3 + 6*17^4 + 9*17^5 + 4*17^6 + 13*17^7 + 7*17^8 + 14*17^9 + 16*17^10 + 15*17^11 + 8*17^12 + 12*17^13 + 10*17^14 + O(17^15) : 10 + 16*17 + 4*17^2 + 16*17^3 + 6*17^4 + 14*17^5 + 5*17^6 + 17^7 + 4*17^8 + 9*17^9 + 6*17^10 + 10*17^11 + 5*17^12 + 17^13 + 9*17^14 + O(17^15) : 1 + O(17^20))
   (4 + 14*17 + 15*17^2 + 12*17^3 + 6*17^4 + 9*17^5 + 4*17^6 + 13*17^7 + 7*17^8 + 14*17^9 + 16*17^10 + 15*17^11 + 8*17^12 + 12*17^13 + 10*17^14 + O(17^15) : 7 + 12*17^2 + 10*17^4 + 2*17^5 + 11*17^6 + 15*17^7 + 12*17^8 + 7*17^9 + 10*17^10 + 6*17^11 + 11*17^12 + 15*17^13 + 7*17^14 + O(17^15) : 1 + O(17^20))
   (4 + 14*17 + 15*17^2 + 12*17^3 + 8*17^4 + 13*17^5 + 13*17^6 + 5*17^7 + 15*17^8 + 7*17^10 + 17^11 + 7*17^13 + 15*17^14 + O(17^15) : 10 + 16*17 + 4*17^2 + 16*17^3 + 12*17^4 + 7*17^5 + 9*17^6 + 17^7 + 3*17^9 + 16*17^11 + 15*17^12 + 12*17^13 + 17^14 + O(17^15) : 1 + O(17^20))
   (4 + 14*17 + 15*17^2 + 12*17^3 + 8*17^4 + 13*17^5 + 13*17^6 + 5*17^7 + 15*17^8 + 7*17^10 + 17^11 + 7*17^13 + 15*17^14 + O(17^15) : 7 + 12*17^2 + 4*17^4 + 9*17^5 + 7*17^6 + 15*17^7 + 16*17^8 + 13*17^9 + 16*17^10 + 17^12 + 4*17^13 + 15*17^14 + O(17^15) : 1 + O(17^20))
   (4 + 14*17 + 15*17^2 + 12*17^4 + 14*17^5 + 10*17^6 + 13*17^7 + 7*17^8 + 4*17^9 + 10*17^11 + 10*17^12 + 13*17^13 + O(17^15) : 10 + 16*17 + 4*17^2 + 14*17^3 + 9*17^5 + 12*17^6 + 16*17^7 + 12*17^8 + 9*17^9 + 17^10 + 4*17^11 + 14*17^12 + 17^13 + 16*17^14 + O(17^15) : 1 + O(17^20))
   (4 + 14*17 + 15*17^2 + 12*17^4 + 14*17^5 + 10*17^6 + 13*17^7 + 7*17^8 + 4*17^9 + 10*17^11 + 10*17^12 + 13*17^13 + O(17^15) : 7 + 12*17^2 + 2*17^3 + 16*17^4 + 7*17^5 + 4*17^6 + 4*17^8 + 7*17^9 + 15*17^10 + 12*17^11 + 2*17^12 + 15*17^13 + O(17^15) : 1 + O(17^20))
   (4 + 14*17 + 15*17^2 + 12*17^4 + 14*17^5 + 2*17^6 + 6*17^7 + 6*17^8 + 5*17^9 + 2*17^10 + 4*17^11 + 2*17^12 + 13*17^13 + 5*17^14 + O(17^15) : 10 + 16*17 + 4*17^2 + 14*17^3 + 9*17^5 + 5*17^6 + 2*17^7 + 11*17^8 + 5*17^9 + 10*17^10 + 11*17^11 + 12*17^12 + 12*17^13 + 10*17^14 + O(17^15) : 1 + O(17^20))
   (4 + 14*17 + 15*17^2 + 12*17^4 + 14*17^5 + 2*17^6 + 6*17^7 + 6*17^8 + 5*17^9 + 2*17^10 + 4*17^11 + 2*17^12 + 13*17^13 + 5*17^14 + O(17^15) : 7 + 12*17^2 + 2*17^3 + 16*17^4 + 7*17^5 + 11*17^6 + 14*17^7 + 5*17^8 + 11*17^9 + 6*17^10 + 5*17^11 + 4*17^12 + 4*17^13 + 6*17^14 + O(17^15) : 1 + O(17^20))
   (4 + 14*17 + 15*17^2 + 13*17^3 + 11*17^4 + 12*17^5 + 8*17^6 + 9*17^7 + 14*17^8 + 8*17^9 + 10*17^10 + 17^11 + 16*17^12 + 6*17^13 + 15*17^14 + O(17^15) : 10 + 16*17 + 4*17^2 + 2*17^3 + 4*17^4 + 9*17^5 + 10*17^6 + 12*17^7 + 16*17^8 + 14*17^9 + 2*17^10 + 13*17^11 + 13*17^12 + 17^13 + 16*17^14 + O(17^15) : 1 + O(17^20))
   (4 + 14*17 + 15*17^2 + 13*17^3 + 11*17^4 + 12*17^5 + 8*17^6 + 9*17^7 + 14*17^8 + 8*17^9 + 10*17^10 + 17^11 + 16*17^12 + 6*17^13 + 15*17^14 + O(17^15) : 7 + 12*17^2 + 14*17^3 + 12*17^4 + 7*17^5 + 6*17^6 + 4*17^7 + 2*17^9 + 14*17^10 + 3*17^11 + 3*17^12 + 15*17^13 + O(17^15) : 1 + O(17^20))
   (4 + 14*17 + 15*17^2 + 13*17^3 + 13*17^4 + 16*17^5 + 14*17^7 + 17^8 + 11*17^9 + 7*17^10 + 16*17^11 + 3*17^12 + 5*17^13 + 11*17^14 + O(17^15) : 10 + 16*17 + 4*17^2 + 2*17^3 + 10*17^4 + 2*17^5 + 14*17^6 + 17^7 + 11*17^8 + 14*17^9 + 5*17^10 + 4*17^11 + 4*17^12 + 17^13 + 3*17^14 + O(17^15) : 1 + O(17^20))
   (4 + 14*17 + 15*17^2 + 13*17^3 + 13*17^4 + 16*17^5 + 14*17^7 + 17^8 + 11*17^9 + 7*17^10 + 16*17^11 + 3*17^12 + 5*17^13 + 11*17^14 + O(17^15) : 7 + 12*17^2 + 14*17^3 + 6*17^4 + 14*17^5 + 2*17^6 + 15*17^7 + 5*17^8 + 2*17^9 + 11*17^10 + 12*17^11 + 12*17^12 + 15*17^13 + 13*17^14 + O(17^15) : 1 + O(17^20))
   (4 + 14*17 + 15*17^2 + 13*17^3 + 13*17^4 + 16*17^5 + 4*17^6 + 9*17^7 + 15*17^8 + 11*17^9 + 12*17^10 + 11*17^11 + 14*17^12 + 8*17^13 + 10*17^14 + O(17^15) : 10 + 16*17 + 4*17^2 + 2*17^3 + 10*17^4 + 2*17^5 + 9*17^6 + 17^9 + 15*17^10 + 6*17^11 + 7*17^12 + 14*17^13 + 14*17^14 + O(17^15) : 1 + O(17^20))
   (4 + 14*17 + 15*17^2 + 13*17^3 + 13*17^4 + 16*17^5 + 4*17^6 + 9*17^7 + 15*17^8 + 11*17^9 + 12*17^10 + 11*17^11 + 14*17^12 + 8*17^13 + 10*17^14 + O(17^15) : 7 + 12*17^2 + 14*17^3 + 6*17^4 + 14*17^5 + 7*17^6 + 16*17^7 + 16*17^8 + 15*17^9 + 17^10 + 10*17^11 + 9*17^12 + 2*17^13 + 2*17^14 + O(17^15) : 1 + O(17^20))
   (4 + 14*17 + 15*17^2 + 13*17^3 + 4*17^4 + 10*17^6 + 15*17^7 + 5*17^8 + 13*17^9 + 15*17^10 + 15*17^11 + 6*17^12 + 5*17^13 + 14*17^14 + O(17^15) : 10 + 16*17 + 4*17^2 + 2*17^3 + 13*17^5 + 11*17^6 + 11*17^7 + 15*17^8 + 12*17^9 + 10*17^10 + 3*17^11 + 6*17^12 + 9*17^13 + 12*17^14 + O(17^15) : 1 + O(17^20))
   (4 + 14*17 + 15*17^2 + 13*17^3 + 4*17^4 + 10*17^6 + 15*17^7 + 5*17^8 + 13*17^9 + 15*17^10 + 15*17^11 + 6*17^12 + 5*17^13 + 14*17^14 + O(17^15) : 7 + 12*17^2 + 14*17^3 + 16*17^4 + 3*17^5 + 5*17^6 + 5*17^7 + 17^8 + 4*17^9 + 6*17^10 + 13*17^11 + 10*17^12 + 7*17^13 + 4*17^14 + O(17^15) : 1 + O(17^20))
   (4 + 14*17 + 15*17^2 + 13*17^3 + 4*17^4 + 17^5 + 3*17^6 + 3*17^7 + 4*17^8 + 8*17^9 + 5*17^10 + 7*17^11 + 5*17^12 + 15*17^13 + 17^14 + O(17^15) : 10 + 16*17 + 4*17^2 + 2*17^3 + 16*17^5 + 6*17^6 + 5*17^7 + 3*17^8 + 4*17^9 + 17^10 + 13*17^11 + 3*17^12 + 4*17^13 + 17^14 + O(17^15) : 1 + O(17^20))
   (4 + 14*17 + 15*17^2 + 13*17^3 + 4*17^4 + 17^5 + 3*17^6 + 3*17^7 + 4*17^8 + 8*17^9 + 5*17^10 + 7*17^11 + 5*17^12 + 15*17^13 + 17^14 + O(17^15) : 7 + 12*17^2 + 14*17^3 + 16*17^4 + 10*17^6 + 11*17^7 + 13*17^8 + 12*17^9 + 15*17^10 + 3*17^11 + 13*17^12 + 12*17^13 + 15*17^14 + O(17^15) : 1 + O(17^20))
   (4 + 14*17 + 15*17^2 + 13*17^3 + 6*17^4 + 15*17^5 + 14*17^6 + 3*17^7 + 2*17^8 + 10*17^9 + 9*17^11 + 15*17^12 + 17^13 + 16*17^14 + O(17^15) : 10 + 16*17 + 4*17^2 + 2*17^3 + 6*17^4 + 5*17^5 + 8*17^6 + 16*17^7 + 7*17^8 + 6*17^9 + 5*17^10 + 3*17^11 + 14*17^12 + 4*17^13 + 9*17^14 + O(17^15) : 1 + O(17^20))
   (4 + 14*17 + 15*17^2 + 13*17^3 + 6*17^4 + 15*17^5 + 14*17^6 + 3*17^7 + 2*17^8 + 10*17^9 + 9*17^11 + 15*17^12 + 17^13 + 16*17^14 + O(17^15) : 7 + 12*17^2 + 14*17^3 + 10*17^4 + 11*17^5 + 8*17^6 + 9*17^8 + 10*17^9 + 11*17^10 + 13*17^11 + 2*17^12 + 12*17^13 + 7*17^14 + O(17^15) : 1 + O(17^20))
   (4 + 14*17 + 15*17^2 + 13*17^3 + 8*17^4 + 5*17^5 + 7*17^6 + 15*17^7 + 6*17^8 + 13*17^9 + 9*17^10 + 17^11 + 2*17^13 + 10*17^14 + O(17^15) : 10 + 16*17 + 4*17^2 + 2*17^3 + 12*17^4 + 7*17^5 + 9*17^6 + 13*17^7 + 13*17^8 + 7*17^9 + 11*17^10 + 5*17^11 + 15*17^12 + 3*17^13 + O(17^15) : 1 + O(17^20))
   (4 + 14*17 + 15*17^2 + 13*17^3 + 8*17^4 + 5*17^5 + 7*17^6 + 15*17^7 + 6*17^8 + 13*17^9 + 9*17^10 + 17^11 + 2*17^13 + 10*17^14 + O(17^15) : 7 + 12*17^2 + 14*17^3 + 4*17^4 + 9*17^5 + 7*17^6 + 3*17^7 + 3*17^8 + 9*17^9 + 5*17^10 + 11*17^11 + 17^12 + 13*17^13 + 16*17^14 + O(17^15) : 1 + O(17^20))
   (4 + 14*17 + 15*17^2 + 13*17^3 + 9*17^4 + 14*17^6 + 4*17^7 + 16*17^8 + 8*17^9 + 8*17^11 + 11*17^12 + 4*17^13 + 5*17^14 + O(17^15) : 10 + 16*17 + 4*17^2 + 2*17^3 + 15*17^4 + 8*17^5 + 7*17^6 + 3*17^7 + 3*17^8 + 17^9 + 10*17^10 + 17^11 + 4*17^12 + 3*17^13 + 4*17^14 + O(17^15) : 1 + O(17^20))
   (4 + 14*17 + 15*17^2 + 13*17^3 + 9*17^4 + 14*17^6 + 4*17^7 + 16*17^8 + 8*17^9 + 8*17^11 + 11*17^12 + 4*17^13 + 5*17^14 + O(17^15) : 7 + 12*17^2 + 14*17^3 + 17^4 + 8*17^5 + 9*17^6 + 13*17^7 + 13*17^8 + 15*17^9 + 6*17^10 + 15*17^11 + 12*17^12 + 13*17^13 + 12*17^14 + O(17^15) : 1 + O(17^20))
   (4 + 14*17 + 15*17^2 + 14*17^3 + 10*17^4 + 10*17^5 + 15*17^6 + 14*17^7 + 2*17^9 + 4*17^10 + 15*17^11 + 8*17^12 + 12*17^13 + 17^14 + O(17^15) : 10 + 16*17 + 4*17^2 + 5*17^3 + 11*17^5 + 5*17^6 + 11*17^7 + 11*17^8 + 17^9 + 12*17^10 + 11*17^11 + 15*17^12 + 9*17^13 + 10*17^14 + O(17^15) : 1 + O(17^20))
   (4 + 14*17 + 15*17^2 + 14*17^3 + 10*17^4 + 10*17^5 + 15*17^6 + 14*17^7 + 2*17^9 + 4*17^10 + 15*17^11 + 8*17^12 + 12*17^13 + 17^14 + O(17^15) : 7 + 12*17^2 + 11*17^3 + 16*17^4 + 5*17^5 + 11*17^6 + 5*17^7 + 5*17^8 + 15*17^9 + 4*17^10 + 5*17^11 + 17^12 + 7*17^13 + 6*17^14 + O(17^15) : 1 + O(17^20))
   (4 + 14*17 + 15*17^2 + 14*17^3 + 12*17^4 + 7*17^5 + 14*17^6 + 2*17^7 + 14*17^8 + 13*17^9 + 6*17^10 + 5*17^12 + 17^13 + 6*17^14 + O(17^15) : 10 + 16*17 + 4*17^2 + 5*17^3 + 6*17^4 + 2*17^6 + 17^7 + 11*17^8 + 16*17^9 + 5*17^10 + 11*17^11 + 3*17^12 + 3*17^13 + 5*17^14 + O(17^15) : 1 + O(17^20))
   (4 + 14*17 + 15*17^2 + 14*17^3 + 12*17^4 + 7*17^5 + 14*17^6 + 2*17^7 + 14*17^8 + 13*17^9 + 6*17^10 + 5*17^12 + 17^13 + 6*17^14 + O(17^15) : 7 + 12*17^2 + 11*17^3 + 10*17^4 + 16*17^5 + 14*17^6 + 15*17^7 + 5*17^8 + 11*17^10 + 5*17^11 + 13*17^12 + 13*17^13 + 11*17^14 + O(17^15) : 1 + O(17^20))
   (4 + 14*17 + 15*17^2 + 14*17^3 + 14*17^4 + 10*17^5 + 3*17^6 + 7*17^7 + 15*17^8 + 10*17^9 + 13*17^10 + 11*17^11 + 16*17^12 + 10*17^13 + 15*17^14 + O(17^15) : 10 + 16*17 + 4*17^2 + 5*17^3 + 12*17^4 + 7*17^5 + 14*17^6 + 6*17^7 + 16*17^8 + 14*17^9 + 7*17^10 + 15*17^11 + 15*17^12 + 3*17^14 + O(17^15) : 1 + O(17^20))
   (4 + 14*17 + 15*17^2 + 14*17^3 + 14*17^4 + 10*17^5 + 3*17^6 + 7*17^7 + 15*17^8 + 10*17^9 + 13*17^10 + 11*17^11 + 16*17^12 + 10*17^13 + 15*17^14 + O(17^15) : 7 + 12*17^2 + 11*17^3 + 4*17^4 + 9*17^5 + 2*17^6 + 10*17^7 + 2*17^9 + 9*17^10 + 17^11 + 17^12 + 16*17^13 + 13*17^14 + O(17^15) : 1 + O(17^20))
   (4 + 14*17 + 15*17^2 + 14*17^3 + 15*17^5 + 10*17^6 + 8*17^7 + 11*17^8 + 14*17^9 + 15*17^10 + 16*17^11 + 8*17^12 + 12*17^13 + 4*17^14 + O(17^15) : 10 + 16*17 + 4*17^2 + 5*17^3 + 4*17^4 + 2*17^6 + 7*17^7 + 14*17^8 + 14*17^9 + 4*17^10 + 11*17^11 + 13*17^12 + 5*17^13 + 14*17^14 + O(17^15) : 1 + O(17^20))
   (4 + 14*17 + 15*17^2 + 14*17^3 + 15*17^5 + 10*17^6 + 8*17^7 + 11*17^8 + 14*17^9 + 15*17^10 + 16*17^11 + 8*17^12 + 12*17^13 + 4*17^14 + O(17^15) : 7 + 12*17^2 + 11*17^3 + 12*17^4 + 16*17^5 + 14*17^6 + 9*17^7 + 2*17^8 + 2*17^9 + 12*17^10 + 5*17^11 + 3*17^12 + 11*17^13 + 2*17^14 + O(17^15) : 1 + O(17^20))
   (4 + 14*17 + 15*17^2 + 14*17^3 + 2*17^4 + 3*17^5 + 12*17^6 + 9*17^8 + 8*17^9 + 5*17^10 + 9*17^11 + 5*17^12 + 4*17^13 + 5*17^14 + O(17^15) : 10 + 16*17 + 4*17^2 + 5*17^3 + 10*17^4 + 13*17^5 + 14*17^6 + 11*17^7 + 2*17^9 + 8*17^10 + 5*17^11 + 6*17^12 + 10*17^13 + 13*17^14 + O(17^15) : 1 + O(17^20))
   (4 + 14*17 + 15*17^2 + 14*17^3 + 2*17^4 + 3*17^5 + 12*17^6 + 9*17^8 + 8*17^9 + 5*17^10 + 9*17^11 + 5*17^12 + 4*17^13 + 5*17^14 + O(17^15) : 7 + 12*17^2 + 11*17^3 + 6*17^4 + 3*17^5 + 2*17^6 + 5*17^7 + 16*17^8 + 14*17^9 + 8*17^10 + 11*17^11 + 10*17^12 + 6*17^13 + 3*17^14 + O(17^15) : 1 + O(17^20))
   (4 + 14*17 + 15*17^2 + 14*17^3 + 3*17^4 + 10*17^5 + 7*17^6 + 2*17^7 + 12*17^8 + 8*17^9 + 2*17^10 + 7*17^11 + 11*17^12 + 5*17^13 + 15*17^14 + O(17^15) : 10 + 16*17 + 4*17^2 + 5*17^3 + 13*17^4 + 16*17^5 + 5*17^8 + 6*17^9 + 3*17^10 + 4*17^11 + 9*17^12 + 5*17^13 + 17^14 + O(17^15) : 1 + O(17^20))
   (4 + 14*17 + 15*17^2 + 14*17^3 + 3*17^4 + 10*17^5 + 7*17^6 + 2*17^7 + 12*17^8 + 8*17^9 + 2*17^10 + 7*17^11 + 11*17^12 + 5*17^13 + 15*17^14 + O(17^15) : 7 + 12*17^2 + 11*17^3 + 3*17^4 + 16*17^6 + 16*17^7 + 11*17^8 + 10*17^9 + 13*17^10 + 12*17^11 + 7*17^12 + 11*17^13 + 15*17^14 + O(17^15) : 1 + O(17^20))
   (4 + 14*17 + 15*17^2 + 14*17^3 + 3*17^4 + 4*17^5 + 11*17^6 + 3*17^7 + 5*17^8 + 4*17^9 + 13*17^10 + 12*17^11 + 10*17^12 + 2*17^13 + 3*17^14 + O(17^15) : 10 + 16*17 + 4*17^2 + 5*17^3 + 13*17^4 + 15*17^5 + 9*17^7 + 9*17^8 + 14*17^9 + 14*17^10 + 16*17^11 + 10*17^12 + 16*17^13 + 16*17^14 + O(17^15) : 1 + O(17^20))
   (4 + 14*17 + 15*17^2 + 14*17^3 + 3*17^4 + 4*17^5 + 11*17^6 + 3*17^7 + 5*17^8 + 4*17^9 + 13*17^10 + 12*17^11 + 10*17^12 + 2*17^13 + 3*17^14 + O(17^15) : 7 + 12*17^2 + 11*17^3 + 3*17^4 + 17^5 + 16*17^6 + 7*17^7 + 7*17^8 + 2*17^9 + 2*17^10 + 6*17^12 + O(17^15) : 1 + O(17^20))
   (4 + 14*17 + 15*17^2 + 14*17^3 + 3*17^4 + 4*17^5 + 4*17^6 + 5*17^7 + 9*17^8 + 16*17^9 + 5*17^10 + 12*17^11 + 12*17^12 + 11*17^13 + 10*17^14 + O(17^15) : 10 + 16*17 + 4*17^2 + 5*17^3 + 13*17^4 + 15*17^5 + 13*17^6 + 3*17^7 + 5*17^8 + 11*17^9 + 4*17^10 + 8*17^11 + 7*17^12 + 2*17^13 + 7*17^14 + O(17^15) : 1 + O(17^20))
   (4 + 14*17 + 15*17^2 + 14*17^3 + 3*17^4 + 4*17^5 + 4*17^6 + 5*17^7 + 9*17^8 + 16*17^9 + 5*17^10 + 12*17^11 + 12*17^12 + 11*17^13 + 10*17^14 + O(17^15) : 7 + 12*17^2 + 11*17^3 + 3*17^4 + 17^5 + 3*17^6 + 13*17^7 + 11*17^8 + 5*17^9 + 12*17^10 + 8*17^11 + 9*17^12 + 14*17^13 + 9*17^14 + O(17^15) : 1 + O(17^20))
   (4 + 14*17 + 15*17^2 + 14*17^3 + 9*17^4 + 16*17^5 + 3*17^6 + 10*17^7 + 15*17^8 + 12*17^9 + 4*17^10 + 6*17^11 + 12*17^12 + 10*17^13 + 16*17^14 + O(17^15) : 10 + 16*17 + 4*17^2 + 5*17^3 + 14*17^4 + 12*17^5 + 8*17^6 + 2*17^7 + 16*17^8 + 6*17^9 + 16*17^10 + 2*17^11 + 6*17^12 + 12*17^13 + 10*17^14 + O(17^15) : 1 + O(17^20))
   (4 + 14*17 + 15*17^2 + 14*17^3 + 9*17^4 + 16*17^5 + 3*17^6 + 10*17^7 + 15*17^8 + 12*17^9 + 4*17^10 + 6*17^11 + 12*17^12 + 10*17^13 + 16*17^14 + O(17^15) : 7 + 12*17^2 + 11*17^3 + 2*17^4 + 4*17^5 + 8*17^6 + 14*17^7 + 10*17^9 + 14*17^11 + 10*17^12 + 4*17^13 + 6*17^14 + O(17^15) : 1 + O(17^20))
   (4 + 14*17 + 15*17^2 + 15*17^3 + 11*17^4 + 3*17^5 + 8*17^6 + 6*17^7 + 3*17^8 + 5*17^9 + 12*17^10 + 6*17^11 + 3*17^13 + 12*17^14 + O(17^15) : 10 + 16*17 + 4*17^2 + 8*17^3 + 2*17^4 + 13*17^5 + 12*17^6 + 6*17^7 + 8*17^8 + 10*17^9 + 5*17^10 + 3*17^11 + 10*17^12 + 6*17^13 + 14*17^14 + O(17^15) : 1 + O(17^20))
   (4 + 14*17 + 15*17^2 + 15*17^3 + 11*17^4 + 3*17^5 + 8*17^6 + 6*17^7 + 3*17^8 + 5*17^9 + 12*17^10 + 6*17^11 + 3*17^13 + 12*17^14 + O(17^15) : 7 + 12*17^2 + 8*17^3 + 14*17^4 + 3*17^5 + 4*17^6 + 10*17^7 + 8*17^8 + 6*17^9 + 11*17^10 + 13*17^11 + 6*17^12 + 10*17^13 + 2*17^14 + O(17^15) : 1 + O(17^20))
   (4 + 14*17 + 15*17^2 + 15*17^3 + 16*17^4 + 2*17^5 + 8*17^6 + 17^8 + 7*17^9 + 2*17^10 + 15*17^12 + 10*17^13 + 15*17^14 + O(17^15) : 10 + 16*17 + 4*17^2 + 8*17^3 + 6*17^5 + 14*17^6 + 12*17^7 + 7*17^8 + 15*17^9 + 16*17^10 + 9*17^12 + 3*17^13 + O(17^15) : 1 + O(17^20))
   (4 + 14*17 + 15*17^2 + 15*17^3 + 16*17^4 + 2*17^5 + 8*17^6 + 17^8 + 7*17^9 + 2*17^10 + 15*17^12 + 10*17^13 + 15*17^14 + O(17^15) : 7 + 12*17^2 + 8*17^3 + 16*17^4 + 10*17^5 + 2*17^6 + 4*17^7 + 9*17^8 + 17^9 + 16*17^11 + 7*17^12 + 13*17^13 + 16*17^14 + O(17^15) : 1 + O(17^20))
   (4 + 14*17 + 15*17^2 + 15*17^3 + 2*17^4 + 4*17^5 + 9*17^6 + 13*17^7 + 11*17^8 + 14*17^9 + 14*17^10 + 11*17^11 + 9*17^12 + 3*17^14 + O(17^15) : 10 + 16*17 + 4*17^2 + 8*17^3 + 9*17^4 + 6*17^5 + 3*17^6 + 5*17^7 + 6*17^8 + 14*17^9 + 15*17^10 + 8*17^12 + 6*17^13 + 4*17^14 + O(17^15) : 1 + O(17^20))
   (4 + 14*17 + 15*17^2 + 15*17^3 + 2*17^4 + 4*17^5 + 9*17^6 + 13*17^7 + 11*17^8 + 14*17^9 + 14*17^10 + 11*17^11 + 9*17^12 + 3*17^14 + O(17^15) : 7 + 12*17^2 + 8*17^3 + 7*17^4 + 10*17^5 + 13*17^6 + 11*17^7 + 10*17^8 + 2*17^9 + 17^10 + 16*17^11 + 8*17^12 + 10*17^13 + 12*17^14 + O(17^15) : 1 + O(17^20))
   (4 + 14*17 + 15*17^2 + 15*17^3 + 6*17^4 + 4*17^5 + 15*17^6 + 17^7 + 2*17^8 + 14*17^9 + 16*17^10 + 16*17^11 + 3*17^12 + 12*17^13 + 6*17^14 + O(17^15) : 10 + 16*17 + 4*17^2 + 8*17^3 + 4*17^4 + 3*17^5 + 15*17^6 + 12*17^7 + 5*17^8 + 13*17^9 + 3*17^10 + 2*17^11 + 8*17^12 + 3*17^13 + 11*17^14 + O(17^15) : 1 + O(17^20))
   (4 + 14*17 + 15*17^2 + 15*17^3 + 6*17^4 + 4*17^5 + 15*17^6 + 17^7 + 2*17^8 + 14*17^9 + 16*17^10 + 16*17^11 + 3*17^12 + 12*17^13 + 6*17^14 + O(17^15) : 7 + 12*17^2 + 8*17^3 + 12*17^4 + 13*17^5 + 17^6 + 4*17^7 + 11*17^8 + 3*17^9 + 13*17^10 + 14*17^11 + 8*17^12 + 13*17^13 + 5*17^14 + O(17^15) : 1 + O(17^20))
   (4 + 14*17 + 15*17^2 + 16*17^3 + 10*17^4 + 8*17^5 + 2*17^6 + 6*17^7 + 3*17^8 + 10*17^9 + 9*17^10 + 5*17^11 + 7*17^13 + 17^14 + O(17^15) : 10 + 16*17 + 4*17^2 + 11*17^3 + 15*17^4 + 17^5 + 17^6 + 4*17^7 + 10*17^8 + 3*17^9 + 9*17^10 + 10*17^11 + 6*17^12 + 2*17^13 + 14*17^14 + O(17^15) : 1 + O(17^20))
   (4 + 14*17 + 15*17^2 + 16*17^3 + 10*17^4 + 8*17^5 + 2*17^6 + 6*17^7 + 3*17^8 + 10*17^9 + 9*17^10 + 5*17^11 + 7*17^13 + 17^14 + O(17^15) : 7 + 12*17^2 + 5*17^3 + 17^4 + 15*17^5 + 15*17^6 + 12*17^7 + 6*17^8 + 13*17^9 + 7*17^10 + 6*17^11 + 10*17^12 + 14*17^13 + 2*17^14 + O(17^15) : 1 + O(17^20))
   (4 + 14*17 + 15*17^2 + 16*17^3 + 17^5 + 9*17^6 + 6*17^7 + 6*17^8 + 9*17^9 + 11*17^10 + 5*17^11 + 14*17^12 + 14*17^13 + 5*17^14 + O(17^15) : 10 + 16*17 + 4*17^2 + 11*17^3 + 2*17^4 + 6*17^5 + 9*17^6 + 3*17^7 + 12*17^8 + 3*17^9 + 12*17^10 + 2*17^11 + 5*17^12 + 4*17^14 + O(17^15) : 1 + O(17^20))
   (4 + 14*17 + 15*17^2 + 16*17^3 + 17^5 + 9*17^6 + 6*17^7 + 6*17^8 + 9*17^9 + 11*17^10 + 5*17^11 + 14*17^12 + 14*17^13 + 5*17^14 + O(17^15) : 7 + 12*17^2 + 5*17^3 + 14*17^4 + 10*17^5 + 7*17^6 + 13*17^7 + 4*17^8 + 13*17^9 + 4*17^10 + 14*17^11 + 11*17^12 + 16*17^13 + 12*17^14 + O(17^15) : 1 + O(17^20))
   (4 + 14*17 + 15*17^2 + 16*17^3 + 2*17^4 + 12*17^5 + 8*17^6 + 11*17^7 + 13*17^8 + 7*17^9 + 10*17^10 + 7*17^11 + 3*17^12 + 14*17^13 + O(17^15) : 10 + 16*17 + 4*17^2 + 11*17^3 + 8*17^4 + 3*17^5 + 11*17^6 + 13*17^7 + 13*17^8 + 8*17^10 + 16*17^11 + 13*17^12 + 11*17^13 + 13*17^14 + O(17^15) : 1 + O(17^20))
   (4 + 14*17 + 15*17^2 + 16*17^3 + 2*17^4 + 12*17^5 + 8*17^6 + 11*17^7 + 13*17^8 + 7*17^9 + 10*17^10 + 7*17^11 + 3*17^12 + 14*17^13 + O(17^15) : 7 + 12*17^2 + 5*17^3 + 8*17^4 + 13*17^5 + 5*17^6 + 3*17^7 + 3*17^8 + 16*17^9 + 8*17^10 + 3*17^12 + 5*17^13 + 3*17^14 + O(17^15) : 1 + O(17^20))
   (4 + 14*17 + 15*17^2 + 16*17^3 + 4*17^4 + 12*17^5 + 3*17^6 + 4*17^7 + 8*17^8 + 14*17^9 + 5*17^10 + 17^11 + 12*17^12 + 15*17^13 + 9*17^14 + O(17^15) : 10 + 16*17 + 4*17^2 + 11*17^3 + 14*17^4 + 17^5 + 10*17^6 + 16*17^7 + 4*17^8 + 15*17^9 + 17^10 + 8*17^11 + 13*17^13 + 8*17^14 + O(17^15) : 1 + O(17^20))
   (4 + 14*17 + 15*17^2 + 16*17^3 + 4*17^4 + 12*17^5 + 3*17^6 + 4*17^7 + 8*17^8 + 14*17^9 + 5*17^10 + 17^11 + 12*17^12 + 15*17^13 + 9*17^14 + O(17^15) : 7 + 12*17^2 + 5*17^3 + 2*17^4 + 15*17^5 + 6*17^6 + 12*17^8 + 17^9 + 15*17^10 + 8*17^11 + 16*17^12 + 3*17^13 + 8*17^14 + O(17^15) : 1 + O(17^20))
   (4 + 14*17 + 15*17^2 + 16*17^3 + 6*17^4 + 4*17^6 + 10*17^7 + 8*17^8 + 8*17^9 + 15*17^10 + 17^11 + 12*17^12 + 11*17^13 + 14*17^14 + O(17^15) : 10 + 16*17 + 4*17^2 + 11*17^3 + 3*17^4 + 15*17^5 + 2*17^6 + 4*17^7 + 16*17^8 + 7*17^9 + 15*17^10 + 5*17^11 + 6*17^12 + 11*17^13 + 2*17^14 + O(17^15) : 1 + O(17^20))
   (4 + 14*17 + 15*17^2 + 16*17^3 + 6*17^4 + 4*17^6 + 10*17^7 + 8*17^8 + 8*17^9 + 15*17^10 + 17^11 + 12*17^12 + 11*17^13 + 14*17^14 + O(17^15) : 7 + 12*17^2 + 5*17^3 + 13*17^4 + 17^5 + 14*17^6 + 12*17^7 + 9*17^9 + 17^10 + 11*17^11 + 10*17^12 + 5*17^13 + 14*17^14 + O(17^15) : 1 + O(17^20))
   (4 + 14*17 + 15*17^2 + 16*17^3 + 7*17^4 + 13*17^5 + 16*17^6 + 6*17^7 + 11*17^8 + 3*17^9 + 9*17^10 + 16*17^11 + 7*17^12 + 6*17^13 + 6*17^14 + O(17^15) : 10 + 16*17 + 4*17^2 + 11*17^3 + 6*17^4 + 2*17^5 + 17^6 + 6*17^7 + 10*17^8 + 16*17^9 + 12*17^10 + 9*17^11 + 9*17^12 + 16*17^13 + 10*17^14 + O(17^15) : 1 + O(17^20))
   (4 + 14*17 + 15*17^2 + 16*17^3 + 7*17^4 + 13*17^5 + 16*17^6 + 6*17^7 + 11*17^8 + 3*17^9 + 9*17^10 + 16*17^11 + 7*17^12 + 6*17^13 + 6*17^14 + O(17^15) : 7 + 12*17^2 + 5*17^3 + 10*17^4 + 14*17^5 + 15*17^6 + 10*17^7 + 6*17^8 + 4*17^10 + 7*17^11 + 7*17^12 + 6*17^14 + O(17^15) : 1 + O(17^20))
   (4 + 14*17 + 15*17^2 + 16*17^3 + 9*17^4 + 3*17^5 + 6*17^6 + 16*17^7 + 3*17^8 + 3*17^10 + 13*17^11 + 4*17^12 + 8*17^13 + 2*17^14 + O(17^15) : 10 + 16*17 + 4*17^2 + 11*17^3 + 12*17^4 + 4*17^5 + 10*17^6 + 11*17^7 + 5*17^9 + 14*17^10 + 17^11 + 7*17^12 + 5*17^13 + 9*17^14 + O(17^15) : 1 + O(17^20))
   (4 + 14*17 + 15*17^2 + 16*17^3 + 9*17^4 + 3*17^5 + 6*17^6 + 16*17^7 + 3*17^8 + 3*17^10 + 13*17^11 + 4*17^12 + 8*17^13 + 2*17^14 + O(17^15) : 7 + 12*17^2 + 5*17^3 + 4*17^4 + 12*17^5 + 6*17^6 + 5*17^7 + 16*17^8 + 11*17^9 + 2*17^10 + 15*17^11 + 9*17^12 + 11*17^13 + 7*17^14 + O(17^15) : 1 + O(17^20))
   (4 + 14*17 + 15*17^2 + 16*17^3 + 9*17^4 + 8*17^5 + 16*17^6 + 17^7 + 17^8 + 13*17^9 + 3*17^10 + 3*17^11 + 3*17^12 + 6*17^13 + O(17^15) : 10 + 16*17 + 4*17^2 + 11*17^3 + 12*17^4 + 2*17^5 + 2*17^6 + 10*17^7 + 15*17^8 + 9*17^9 + 8*17^10 + 6*17^11 + 9*17^12 + 4*17^13 + 15*17^14 + O(17^15) : 1 + O(17^20))
   (4 + 14*17 + 15*17^2 + 16*17^3 + 9*17^4 + 8*17^5 + 16*17^6 + 17^7 + 17^8 + 13*17^9 + 3*17^10 + 3*17^11 + 3*17^12 + 6*17^13 + O(17^15) : 7 + 12*17^2 + 5*17^3 + 4*17^4 + 14*17^5 + 14*17^6 + 6*17^7 + 17^8 + 7*17^9 + 8*17^10 + 10*17^11 + 7*17^12 + 12*17^13 + 17^14 + O(17^15) : 1 + O(17^20))
   (4 + 14*17 + 15*17^2 + 17^3 + 10*17^4 + 4*17^5 + 14*17^6 + 7*17^7 + 12*17^8 + 2*17^9 + 11*17^10 + 11*17^11 + 9*17^12 + 13*17^13 + 9*17^14 + O(17^15) : 10 + 16*17 + 4*17^2 + 11*17^4 + 4*17^5 + 6*17^6 + 2*17^7 + 16*17^8 + 15*17^9 + 15*17^10 + 12*17^11 + 2*17^12 + 7*17^13 + 7*17^14 + O(17^15) : 1 + O(17^20))
   (4 + 14*17 + 15*17^2 + 17^3 + 10*17^4 + 4*17^5 + 14*17^6 + 7*17^7 + 12*17^8 + 2*17^9 + 11*17^10 + 11*17^11 + 9*17^12 + 13*17^13 + 9*17^14 + O(17^15) : 7 + 12*17^2 + 16*17^3 + 5*17^4 + 12*17^5 + 10*17^6 + 14*17^7 + 17^9 + 17^10 + 4*17^11 + 14*17^12 + 9*17^13 + 9*17^14 + O(17^15) : 1 + O(17^20))
   (4 + 14*17 + 15*17^2 + 17^3 + 12*17^4 + 7*17^5 + 10*17^6 + 10*17^7 + 16*17^8 + 14*17^9 + 3*17^10 + 15*17^11 + 9*17^12 + 7*17^13 + 9*17^14 + O(17^15) : 10 + 16*17 + 4*17^2 + 12*17^5 + 5*17^6 + 12*17^7 + 10*17^8 + 7*17^9 + 12*17^10 + 6*17^11 + 2*17^12 + 16*17^13 + 6*17^14 + O(17^15) : 1 + O(17^20))
   (4 + 14*17 + 15*17^2 + 17^3 + 12*17^4 + 7*17^5 + 10*17^6 + 10*17^7 + 16*17^8 + 14*17^9 + 3*17^10 + 15*17^11 + 9*17^12 + 7*17^13 + 9*17^14 + O(17^15) : 7 + 12*17^2 + 16*17^3 + 16*17^4 + 4*17^5 + 11*17^6 + 4*17^7 + 6*17^8 + 9*17^9 + 4*17^10 + 10*17^11 + 14*17^12 + 10*17^14 + O(17^15) : 1 + O(17^20))
   (4 + 14*17 + 15*17^2 + 17^3 + 16*17^4 + 5*17^5 + 6*17^6 + 3*17^7 + 12*17^8 + 16*17^9 + 12*17^10 + 17^11 + 3*17^12 + 13*17^13 + 12*17^14 + O(17^15) : 10 + 16*17 + 4*17^2 + 12*17^4 + 2*17^5 + 6*17^6 + 2*17^7 + 12*17^9 + 2*17^10 + 14*17^11 + 12*17^12 + 6*17^13 + 13*17^14 + O(17^15) : 1 + O(17^20))
   (4 + 14*17 + 15*17^2 + 17^3 + 16*17^4 + 5*17^5 + 6*17^6 + 3*17^7 + 12*17^8 + 16*17^9 + 12*17^10 + 17^11 + 3*17^12 + 13*17^13 + 12*17^14 + O(17^15) : 7 + 12*17^2 + 16*17^3 + 4*17^4 + 14*17^5 + 10*17^6 + 14*17^7 + 16*17^8 + 4*17^9 + 14*17^10 + 2*17^11 + 4*17^12 + 10*17^13 + 3*17^14 + O(17^15) : 1 + O(17^20))
   (4 + 14*17 + 15*17^2 + 17^3 + 17^4 + 3*17^5 + 17^6 + 15*17^7 + 8*17^8 + 10*17^9 + 7*17^11 + 7*17^12 + 8*17^13 + 2*17^14 + O(17^15) : 10 + 16*17 + 4*17^2 + 17^4 + 9*17^5 + 7*17^6 + 15*17^7 + 15*17^8 + 4*17^10 + 13*17^11 + 6*17^12 + 6*17^13 + 4*17^14 + O(17^15) : 1 + O(17^20))
   (4 + 14*17 + 15*17^2 + 17^3 + 17^4 + 3*17^5 + 17^6 + 15*17^7 + 8*17^8 + 10*17^9 + 7*17^11 + 7*17^12 + 8*17^13 + 2*17^14 + O(17^15) : 7 + 12*17^2 + 16*17^3 + 15*17^4 + 7*17^5 + 9*17^6 + 17^7 + 17^8 + 16*17^9 + 12*17^10 + 3*17^11 + 10*17^12 + 10*17^13 + 12*17^14 + O(17^15) : 1 + O(17^20))
   (4 + 14*17 + 15*17^2 + 17^3 + 5*17^4 + 16*17^5 + 14*17^6 + 6*17^7 + 10*17^8 + 16*17^9 + 11*17^10 + 10*17^11 + 15*17^12 + 8*17^13 + 15*17^14 + O(17^15) : 10 + 16*17 + 4*17^2 + 13*17^4 + 10*17^5 + 12*17^6 + 4*17^7 + 4*17^10 + 12*17^11 + 11*17^12 + 8*17^13 + 14*17^14 + O(17^15) : 1 + O(17^20))
   (4 + 14*17 + 15*17^2 + 17^3 + 5*17^4 + 16*17^5 + 14*17^6 + 6*17^7 + 10*17^8 + 16*17^9 + 11*17^10 + 10*17^11 + 15*17^12 + 8*17^13 + 15*17^14 + O(17^15) : 7 + 12*17^2 + 16*17^3 + 3*17^4 + 6*17^5 + 4*17^6 + 12*17^7 + 16*17^8 + 16*17^9 + 12*17^10 + 4*17^11 + 5*17^12 + 8*17^13 + 2*17^14 + O(17^15) : 1 + O(17^20))
   (4 + 14*17 + 15*17^2 + 17^3 + 5*17^4 + 16*17^5 + 2*17^6 + 3*17^7 + 17^8 + 10*17^9 + 2*17^10 + 16*17^11 + 17^12 + 3*17^14 + O(17^15) : 10 + 16*17 + 4*17^2 + 13*17^4 + 10*17^5 + 10*17^6 + 5*17^7 + 11*17^8 + 5*17^9 + 16*17^10 + 7*17^11 + 7*17^12 + 9*17^13 + 7*17^14 + O(17^15) : 1 + O(17^20))
   (4 + 14*17 + 15*17^2 + 17^3 + 5*17^4 + 16*17^5 + 2*17^6 + 3*17^7 + 17^8 + 10*17^9 + 2*17^10 + 16*17^11 + 17^12 + 3*17^14 + O(17^15) : 7 + 12*17^2 + 16*17^3 + 3*17^4 + 6*17^5 + 6*17^6 + 11*17^7 + 5*17^8 + 11*17^9 + 9*17^11 + 9*17^12 + 7*17^13 + 9*17^14 + O(17^15) : 1 + O(17^20))
   (4 + 14*17 + 15*17^2 + 2*17^3 + 11*17^5 + 13*17^6 + 9*17^7 + 11*17^8 + 12*17^9 + 14*17^10 + 6*17^11 + 6*17^12 + 3*17^13 + 4*17^14 + O(17^15) : 10 + 16*17 + 4*17^2 + 3*17^3 + 14*17^4 + 6*17^5 + 2*17^6 + 12*17^7 + 17^9 + 13*17^10 + 11*17^11 + 5*17^12 + 7*17^13 + 13*17^14 + O(17^15) : 1 + O(17^20))
   (4 + 14*17 + 15*17^2 + 2*17^3 + 11*17^5 + 13*17^6 + 9*17^7 + 11*17^8 + 12*17^9 + 14*17^10 + 6*17^11 + 6*17^12 + 3*17^13 + 4*17^14 + O(17^15) : 7 + 12*17^2 + 13*17^3 + 2*17^4 + 10*17^5 + 14*17^6 + 4*17^7 + 16*17^8 + 15*17^9 + 3*17^10 + 5*17^11 + 11*17^12 + 9*17^13 + 3*17^14 + O(17^15) : 1 + O(17^20))
   (4 + 14*17 + 15*17^2 + 2*17^3 + 14*17^4 + 9*17^5 + 3*17^6 + 9*17^7 + 8*17^8 + 7*17^9 + 13*17^10 + 13*17^11 + 10*17^12 + 10*17^13 + 3*17^14 + O(17^15) : 10 + 16*17 + 4*17^2 + 3*17^3 + 5*17^4 + 6*17^5 + 3*17^6 + 8*17^7 + 6*17^8 + 13*17^9 + 11*17^11 + 7*17^12 + 7*17^13 + 15*17^14 + O(17^15) : 1 + O(17^20))
   (4 + 14*17 + 15*17^2 + 2*17^3 + 14*17^4 + 9*17^5 + 3*17^6 + 9*17^7 + 8*17^8 + 7*17^9 + 13*17^10 + 13*17^11 + 10*17^12 + 10*17^13 + 3*17^14 + O(17^15) : 7 + 12*17^2 + 13*17^3 + 11*17^4 + 10*17^5 + 13*17^6 + 8*17^7 + 10*17^8 + 3*17^9 + 16*17^10 + 5*17^11 + 9*17^12 + 9*17^13 + 17^14 + O(17^15) : 1 + O(17^20))
   (4 + 14*17 + 15*17^2 + 2*17^3 + 15*17^4 + 14*17^5 + 6*17^6 + 15*17^7 + 17^8 + 7*17^9 + 11*17^10 + 12*17^11 + 16*17^12 + 7*17^13 + 9*17^14 + O(17^15) : 10 + 16*17 + 4*17^2 + 3*17^3 + 8*17^4 + 3*17^5 + 15*17^6 + 14*17^7 + 5*17^8 + 7*17^9 + 5*17^10 + 6*17^11 + 4*17^12 + 3*17^13 + 15*17^14 + O(17^15) : 1 + O(17^20))
   (4 + 14*17 + 15*17^2 + 2*17^3 + 15*17^4 + 14*17^5 + 6*17^6 + 15*17^7 + 17^8 + 7*17^9 + 11*17^10 + 12*17^11 + 16*17^12 + 7*17^13 + 9*17^14 + O(17^15) : 7 + 12*17^2 + 13*17^3 + 8*17^4 + 13*17^5 + 17^6 + 2*17^7 + 11*17^8 + 9*17^9 + 11*17^10 + 10*17^11 + 12*17^12 + 13*17^13 + 17^14 + O(17^15) : 1 + O(17^20))
   (4 + 14*17 + 15*17^2 + 2*17^3 + 15*17^4 + 16*17^5 + 14*17^6 + 9*17^7 + 4*17^8 + 14*17^9 + 11*17^10 + 15*17^11 + 16*17^12 + 15*17^13 + 6*17^14 + O(17^15) : 10 + 16*17 + 4*17^2 + 3*17^3 + 8*17^4 + 9*17^5 + 3*17^6 + 4*17^7 + 5*17^8 + 14*17^9 + 9*17^10 + 3*17^12 + 14*17^13 + 17^14 + O(17^15) : 1 + O(17^20))
   (4 + 14*17 + 15*17^2 + 2*17^3 + 15*17^4 + 16*17^5 + 14*17^6 + 9*17^7 + 4*17^8 + 14*17^9 + 11*17^10 + 15*17^11 + 16*17^12 + 15*17^13 + 6*17^14 + O(17^15) : 7 + 12*17^2 + 13*17^3 + 8*17^4 + 7*17^5 + 13*17^6 + 12*17^7 + 11*17^8 + 2*17^9 + 7*17^10 + 16*17^11 + 13*17^12 + 2*17^13 + 15*17^14 + O(17^15) : 1 + O(17^20))
   (4 + 14*17 + 15*17^2 + 2*17^3 + 6*17^4 + 15*17^5 + 3*17^6 + 12*17^7 + 10*17^8 + 9*17^9 + 2*17^10 + 3*17^11 + 5*17^12 + 9*17^14 + O(17^15) : 10 + 16*17 + 4*17^2 + 3*17^3 + 15*17^4 + 13*17^5 + 10*17^6 + 16*17^7 + 12*17^8 + 15*17^9 + 11*17^10 + 11*17^11 + 4*17^12 + 3*17^13 + 15*17^14 + O(17^15) : 1 + O(17^20))
   (4 + 14*17 + 15*17^2 + 2*17^3 + 6*17^4 + 15*17^5 + 3*17^6 + 12*17^7 + 10*17^8 + 9*17^9 + 2*17^10 + 3*17^11 + 5*17^12 + 9*17^14 + O(17^15) : 7 + 12*17^2 + 13*17^3 + 17^4 + 3*17^5 + 6*17^6 + 4*17^8 + 17^9 + 5*17^10 + 5*17^11 + 12*17^12 + 13*17^13 + 17^14 + O(17^15) : 1 + O(17^20))
   (4 + 14*17 + 15*17^2 + 2*17^3 + 6*17^4 + 15*17^5 + 4*17^6 + 3*17^7 + 2*17^8 + 5*17^9 + 9*17^10 + 12*17^11 + 10*17^12 + 17^13 + 17^14 + O(17^15) : 10 + 16*17 + 4*17^2 + 3*17^3 + 15*17^4 + 13*17^5 + 13*17^6 + 5*17^7 + 3*17^8 + 6*17^9 + 9*17^11 + 17^12 + 13*17^13 + 5*17^14 + O(17^15) : 1 + O(17^20))
   (4 + 14*17 + 15*17^2 + 2*17^3 + 6*17^4 + 15*17^5 + 4*17^6 + 3*17^7 + 2*17^8 + 5*17^9 + 9*17^10 + 12*17^11 + 10*17^12 + 17^13 + 17^14 + O(17^15) : 7 + 12*17^2 + 13*17^3 + 17^4 + 3*17^5 + 3*17^6 + 11*17^7 + 13*17^8 + 10*17^9 + 16*17^10 + 7*17^11 + 15*17^12 + 3*17^13 + 11*17^14 + O(17^15) : 1 + O(17^20))
   (4 + 14*17 + 15*17^2 + 2*17^3 + 7*17^4 + 5*17^5 + 7*17^6 + 7*17^7 + 14*17^8 + 8*17^9 + 8*17^10 + 15*17^11 + 16*17^12 + 6*17^13 + O(17^15) : 10 + 16*17 + 4*17^2 + 3*17^3 + 17^4 + 4*17^6 + 4*17^7 + 2*17^8 + 10*17^9 + 8*17^10 + 17^11 + 9*17^12 + 15*17^13 + 8*17^14 + O(17^15) : 1 + O(17^20))
   (4 + 14*17 + 15*17^2 + 2*17^3 + 7*17^4 + 5*17^5 + 7*17^6 + 7*17^7 + 14*17^8 + 8*17^9 + 8*17^10 + 15*17^11 + 16*17^12 + 6*17^13 + O(17^15) : 7 + 12*17^2 + 13*17^3 + 15*17^4 + 16*17^5 + 12*17^6 + 12*17^7 + 14*17^8 + 6*17^9 + 8*17^10 + 15*17^11 + 7*17^12 + 17^13 + 8*17^14 + O(17^15) : 1 + O(17^20))
   (4 + 14*17 + 15*17^2 + 2*17^3 + 8*17^4 + 4*17^6 + 12*17^7 + 5*17^8 + 12*17^9 + 3*17^10 + 5*17^11 + 3*17^12 + 9*17^13 + 5*17^14 + O(17^15) : 10 + 16*17 + 4*17^2 + 3*17^3 + 4*17^4 + 17^5 + 6*17^6 + 11*17^7 + 2*17^8 + 14*17^9 + 12*17^10 + 3*17^11 + 10*17^12 + 5*17^13 + 5*17^14 + O(17^15) : 1 + O(17^20))
   (4 + 14*17 + 15*17^2 + 2*17^3 + 8*17^4 + 4*17^6 + 12*17^7 + 5*17^8 + 12*17^9 + 3*17^10 + 5*17^11 + 3*17^12 + 9*17^13 + 5*17^14 + O(17^15) : 7 + 12*17^2 + 13*17^3 + 12*17^4 + 15*17^5 + 10*17^6 + 5*17^7 + 14*17^8 + 2*17^9 + 4*17^10 + 13*17^11 + 6*17^12 + 11*17^13 + 11*17^14 + O(17^15) : 1 + O(17^20))
   (4 + 14*17 + 15*17^2 + 3*17^3 + 10*17^4 + 3*17^5 + 16*17^7 + 15*17^8 + 4*17^9 + 9*17^10 + 11*17^11 + 12*17^12 + 2*17^13 + 6*17^14 + O(17^15) : 10 + 16*17 + 4*17^2 + 6*17^3 + 9*17^4 + 15*17^5 + 13*17^6 + 17^7 + 5*17^8 + 2*17^9 + 17^10 + 8*17^11 + 10*17^12 + 16*17^13 + 7*17^14 + O(17^15) : 1 + O(17^20))
   (4 + 14*17 + 15*17^2 + 3*17^3 + 10*17^4 + 3*17^5 + 16*17^7 + 15*17^8 + 4*17^9 + 9*17^10 + 11*17^11 + 12*17^12 + 2*17^13 + 6*17^14 + O(17^15) : 7 + 12*17^2 + 10*17^3 + 7*17^4 + 17^5 + 3*17^6 + 15*17^7 + 11*17^8 + 14*17^9 + 15*17^10 + 8*17^11 + 6*17^12 + 9*17^14 + O(17^15) : 1 + O(17^20))
   (4 + 14*17 + 15*17^2 + 3*17^3 + 11*17^4 + 2*17^5 + 14*17^6 + 11*17^7 + 10*17^8 + 17^9 + 14*17^10 + 8*17^11 + 12*17^12 + 13*17^13 + 2*17^14 + O(17^15) : 10 + 16*17 + 4*17^2 + 6*17^3 + 12*17^4 + 11*17^5 + 12*17^6 + 11*17^7 + 3*17^8 + 15*17^9 + 10*17^10 + 16*17^11 + 9*17^12 + 9*17^13 + 8*17^14 + O(17^15) : 1 + O(17^20))
   (4 + 14*17 + 15*17^2 + 3*17^3 + 11*17^4 + 2*17^5 + 14*17^6 + 11*17^7 + 10*17^8 + 17^9 + 14*17^10 + 8*17^11 + 12*17^12 + 13*17^13 + 2*17^14 + O(17^15) : 7 + 12*17^2 + 10*17^3 + 4*17^4 + 5*17^5 + 4*17^6 + 5*17^7 + 13*17^8 + 17^9 + 6*17^10 + 7*17^12 + 7*17^13 + 8*17^14 + O(17^15) : 1 + O(17^20))
   (4 + 14*17 + 15*17^2 + 3*17^3 + 12*17^4 + 10*17^5 + 12*17^6 + 10*17^7 + 17^8 + 8*17^9 + 9*17^10 + 6*17^11 + 13*17^12 + 15*17^13 + 4*17^14 + O(17^15) : 10 + 16*17 + 4*17^2 + 6*17^3 + 15*17^4 + 7*17^6 + 7*17^7 + 13*17^8 + 16*17^9 + 13*17^10 + 5*17^11 + 10*17^12 + 10*17^13 + 11*17^14 + O(17^15) : 1 + O(17^20))
   (4 + 14*17 + 15*17^2 + 3*17^3 + 12*17^4 + 10*17^5 + 12*17^6 + 10*17^7 + 17^8 + 8*17^9 + 9*17^10 + 6*17^11 + 13*17^12 + 15*17^13 + 4*17^14 + O(17^15) : 7 + 12*17^2 + 10*17^3 + 17^4 + 16*17^5 + 9*17^6 + 9*17^7 + 3*17^8 + 3*17^10 + 11*17^11 + 6*17^12 + 6*17^13 + 5*17^14 + O(17^15) : 1 + O(17^20))
   (4 + 14*17 + 15*17^2 + 3*17^3 + 16*17^4 + 10*17^5 + 11*17^6 + 12*17^7 + 9*17^8 + 16*17^9 + 2*17^10 + 12*17^11 + 2*17^12 + 4*17^13 + 17^14 + O(17^15) : 10 + 16*17 + 4*17^2 + 6*17^3 + 10*17^4 + 14*17^5 + 14*17^6 + 15*17^8 + 8*17^9 + 5*17^10 + 14*17^11 + 11*17^12 + 14*17^13 + 12*17^14 + O(17^15) : 1 + O(17^20))
   (4 + 14*17 + 15*17^2 + 3*17^3 + 16*17^4 + 10*17^5 + 11*17^6 + 12*17^7 + 9*17^8 + 16*17^9 + 2*17^10 + 12*17^11 + 2*17^12 + 4*17^13 + 17^14 + O(17^15) : 7 + 12*17^2 + 10*17^3 + 6*17^4 + 2*17^5 + 2*17^6 + 16*17^7 + 17^8 + 8*17^9 + 11*17^10 + 2*17^11 + 5*17^12 + 2*17^13 + 4*17^14 + O(17^15) : 1 + O(17^20))
   (4 + 14*17 + 15*17^2 + 3*17^3 + 16*17^4 + 10*17^5 + 13*17^6 + 10*17^7 + 14*17^8 + 11*17^9 + 17^10 + 14*17^11 + 12*17^12 + 11*17^13 + 7*17^14 + O(17^15) : 10 + 16*17 + 4*17^2 + 6*17^3 + 10*17^4 + 14*17^5 + 3*17^6 + 10*17^7 + 11*17^8 + 11*17^9 + 6*17^10 + 10*17^11 + 6*17^13 + 5*17^14 + O(17^15) : 1 + O(17^20))
   (4 + 14*17 + 15*17^2 + 3*17^3 + 16*17^4 + 10*17^5 + 13*17^6 + 10*17^7 + 14*17^8 + 11*17^9 + 17^10 + 14*17^11 + 12*17^12 + 11*17^13 + 7*17^14 + O(17^15) : 7 + 12*17^2 + 10*17^3 + 6*17^4 + 2*17^5 + 13*17^6 + 6*17^7 + 5*17^8 + 5*17^9 + 10*17^10 + 6*17^11 + 16*17^12 + 10*17^13 + 11*17^14 + O(17^15) : 1 + O(17^20))
   (4 + 14*17 + 15*17^2 + 3*17^3 + 16*17^5 + 4*17^6 + 6*17^7 + 12*17^8 + 11*17^9 + 13*17^10 + 15*17^11 + 5*17^12 + 14*17^13 + 4*17^14 + O(17^15) : 10 + 16*17 + 4*17^2 + 6*17^3 + 13*17^4 + 11*17^5 + 13*17^6 + 15*17^7 + 11*17^8 + 2*17^9 + 7*17^10 + 14*17^11 + 13*17^12 + 3*17^13 + 7*17^14 + O(17^15) : 1 + O(17^20))
   (4 + 14*17 + 15*17^2 + 3*17^3 + 16*17^5 + 4*17^6 + 6*17^7 + 12*17^8 + 11*17^9 + 13*17^10 + 15*17^11 + 5*17^12 + 14*17^13 + 4*17^14 + O(17^15) : 7 + 12*17^2 + 10*17^3 + 3*17^4 + 5*17^5 + 3*17^6 + 17^7 + 5*17^8 + 14*17^9 + 9*17^10 + 2*17^11 + 3*17^12 + 13*17^13 + 9*17^14 + O(17^15) : 1 + O(17^20))
   (4 + 14*17 + 15*17^2 + 3*17^3 + 8*17^4 + 13*17^5 + 7*17^6 + 14*17^7 + 8*17^8 + 11*17^9 + 12*17^10 + 7*17^11 + 15*17^12 + 8*17^13 + O(17^15) : 10 + 16*17 + 4*17^2 + 6*17^3 + 3*17^4 + 13*17^5 + 12*17^6 + 6*17^7 + 2*17^8 + 7*17^9 + 2*17^10 + 12*17^11 + 3*17^12 + 12*17^13 + 10*17^14 + O(17^15) : 1 + O(17^20))
   (4 + 14*17 + 15*17^2 + 3*17^3 + 8*17^4 + 13*17^5 + 7*17^6 + 14*17^7 + 8*17^8 + 11*17^9 + 12*17^10 + 7*17^11 + 15*17^12 + 8*17^13 + O(17^15) : 7 + 12*17^2 + 10*17^3 + 13*17^4 + 3*17^5 + 4*17^6 + 10*17^7 + 14*17^8 + 9*17^9 + 14*17^10 + 4*17^11 + 13*17^12 + 4*17^13 + 6*17^14 + O(17^15) : 1 + O(17^20))
   (4 + 14*17 + 15*17^2 + 3*17^3 + 9*17^4 + 5*17^5 + 13*17^6 + 7*17^7 + 13*17^8 + 14*17^9 + 3*17^10 + 4*17^11 + 2*17^12 + 13*17^13 + 16*17^14 + O(17^15) : 10 + 16*17 + 4*17^2 + 6*17^3 + 6*17^4 + 5*17^5 + 10*17^6 + 2*17^7 + 9*17^8 + 15*17^9 + 15*17^10 + 12*17^11 + 15*17^12 + 10*17^13 + 5*17^14 + O(17^15) : 1 + O(17^20))
   (4 + 14*17 + 15*17^2 + 3*17^3 + 9*17^4 + 5*17^5 + 13*17^6 + 7*17^7 + 13*17^8 + 14*17^9 + 3*17^10 + 4*17^11 + 2*17^12 + 13*17^13 + 16*17^14 + O(17^15) : 7 + 12*17^2 + 10*17^3 + 10*17^4 + 11*17^5 + 6*17^6 + 14*17^7 + 7*17^8 + 17^9 + 17^10 + 4*17^11 + 17^12 + 6*17^13 + 11*17^14 + O(17^15) : 1 + O(17^20))
   (4 + 14*17 + 15*17^2 + 3*17^3 + 9*17^4 + 5*17^5 + 15*17^6 + 8*17^7 + 17^8 + 9*17^9 + 17^10 + 7*17^11 + 8*17^12 + 10*17^13 + 3*17^14 + O(17^15) : 10 + 16*17 + 4*17^2 + 6*17^3 + 6*17^4 + 5*17^5 + 16*17^6 + 3*17^7 + 3*17^8 + 2*17^9 + 15*17^10 + 10*17^11 + 12*17^12 + 3*17^13 + 4*17^14 + O(17^15) : 1 + O(17^20))
   (4 + 14*17 + 15*17^2 + 3*17^3 + 9*17^4 + 5*17^5 + 15*17^6 + 8*17^7 + 17^8 + 9*17^9 + 17^10 + 7*17^11 + 8*17^12 + 10*17^13 + 3*17^14 + O(17^15) : 7 + 12*17^2 + 10*17^3 + 10*17^4 + 11*17^5 + 13*17^7 + 13*17^8 + 14*17^9 + 17^10 + 6*17^11 + 4*17^12 + 13*17^13 + 12*17^14 + O(17^15) : 1 + O(17^20))
   (4 + 14*17 + 15*17^2 + 4*17^4 + 4*17^5 + 17^6 + 11*17^7 + 16*17^8 + 3*17^9 + 6*17^10 + 16*17^11 + 6*17^12 + 6*17^13 + 2*17^14 + O(17^15) : 10 + 16*17 + 4*17^2 + 14*17^3 + 10*17^4 + 2*17^5 + 6*17^6 + 6*17^7 + 9*17^8 + 17^9 + 7*17^10 + 10*17^11 + 5*17^12 + 4*17^13 + 11*17^14 + O(17^15) : 1 + O(17^20))
   (4 + 14*17 + 15*17^2 + 4*17^4 + 4*17^5 + 17^6 + 11*17^7 + 16*17^8 + 3*17^9 + 6*17^10 + 16*17^11 + 6*17^12 + 6*17^13 + 2*17^14 + O(17^15) : 7 + 12*17^2 + 2*17^3 + 6*17^4 + 14*17^5 + 10*17^6 + 10*17^7 + 7*17^8 + 15*17^9 + 9*17^10 + 6*17^11 + 11*17^12 + 12*17^13 + 5*17^14 + O(17^15) : 1 + O(17^20))
   (4 + 14*17 + 15*17^2 + 4*17^4 + 5*17^5 + 9*17^6 + 7*17^7 + 2*17^8 + 14*17^9 + 2*17^10 + 8*17^11 + 2*17^12 + 3*17^13 + 11*17^14 + O(17^15) : 10 + 16*17 + 4*17^2 + 14*17^3 + 10*17^4 + 5*17^5 + 12*17^6 + 11*17^7 + 12*17^8 + 16*17^9 + 4*17^10 + 4*17^11 + 4*17^12 + 3*17^13 + 2*17^14 + O(17^15) : 1 + O(17^20))
   (4 + 14*17 + 15*17^2 + 4*17^4 + 5*17^5 + 9*17^6 + 7*17^7 + 2*17^8 + 14*17^9 + 2*17^10 + 8*17^11 + 2*17^12 + 3*17^13 + 11*17^14 + O(17^15) : 7 + 12*17^2 + 2*17^3 + 6*17^4 + 11*17^5 + 4*17^6 + 5*17^7 + 4*17^8 + 12*17^10 + 12*17^11 + 12*17^12 + 13*17^13 + 14*17^14 + O(17^15) : 1 + O(17^20))
   (4 + 14*17 + 15*17^2 + 4*17^4 + 8*17^5 + 6*17^6 + 9*17^7 + 7*17^8 + 13*17^9 + 4*17^10 + 3*17^11 + 11*17^12 + 14*17^13 + 8*17^14 + O(17^15) : 10 + 16*17 + 4*17^2 + 14*17^3 + 10*17^4 + 14*17^5 + 7*17^7 + 15*17^8 + 11*17^9 + 8*17^10 + 3*17^11 + 11*17^12 + 11*17^13 + 16*17^14 + O(17^15) : 1 + O(17^20))
   (4 + 14*17 + 15*17^2 + 4*17^4 + 8*17^5 + 6*17^6 + 9*17^7 + 7*17^8 + 13*17^9 + 4*17^10 + 3*17^11 + 11*17^12 + 14*17^13 + 8*17^14 + O(17^15) : 7 + 12*17^2 + 2*17^3 + 6*17^4 + 2*17^5 + 16*17^6 + 9*17^7 + 17^8 + 5*17^9 + 8*17^10 + 13*17^11 + 5*17^12 + 5*17^13 + O(17^15) : 1 + O(17^20))
   (4 + 14*17 + 15*17^2 + 5*17^3 + 10*17^4 + 5*17^5 + 17^6 + 12*17^8 + 2*17^9 + 7*17^10 + 7*17^11 + 14*17^12 + 13*17^13 + 7*17^14 + O(17^15) : 10 + 16*17 + 4*17^2 + 12*17^3 + 7*17^4 + 17^5 + 4*17^6 + 4*17^7 + 14*17^8 + 10*17^9 + 11*17^10 + 2*17^11 + 10*17^12 + 8*17^13 + 2*17^14 + O(17^15) : 1 + O(17^20))
   (4 + 14*17 + 15*17^2 + 5*17^3 + 10*17^4 + 5*17^5 + 17^6 + 12*17^8 + 2*17^9 + 7*17^10 + 7*17^11 + 14*17^12 + 13*17^13 + 7*17^14 + O(17^15) : 7 + 12*17^2 + 4*17^3 + 9*17^4 + 15*17^5 + 12*17^6 + 12*17^7 + 2*17^8 + 6*17^9 + 5*17^10 + 14*17^11 + 6*17^12 + 8*17^13 + 14*17^14 + O(17^15) : 1 + O(17^20))
   (4 + 14*17 + 15*17^2 + 5*17^3 + 11*17^4 + 3*17^5 + 3*17^6 + 2*17^7 + 6*17^8 + 14*17^9 + 4*17^10 + 7*17^11 + 15*17^12 + 17^13 + 17^14 + O(17^15) : 10 + 16*17 + 4*17^2 + 12*17^3 + 10*17^4 + 11*17^5 + 17^6 + 8*17^7 + 14*17^8 + 16*17^9 + 6*17^10 + 2*17^11 + 5*17^12 + 8*17^13 + 10*17^14 + O(17^15) : 1 + O(17^20))
   (4 + 14*17 + 15*17^2 + 5*17^3 + 11*17^4 + 3*17^5 + 3*17^6 + 2*17^7 + 6*17^8 + 14*17^9 + 4*17^10 + 7*17^11 + 15*17^12 + 17^13 + 17^14 + O(17^15) : 7 + 12*17^2 + 4*17^3 + 6*17^4 + 5*17^5 + 15*17^6 + 8*17^7 + 2*17^8 + 10*17^10 + 14*17^11 + 11*17^12 + 8*17^13 + 6*17^14 + O(17^15) : 1 + O(17^20))
   (4 + 14*17 + 15*17^2 + 5*17^3 + 11*17^4 + 3*17^5 + 5*17^6 + 3*17^7 + 11*17^8 + 15*17^9 + 16*17^10 + 17^12 + O(17^15) : 10 + 16*17 + 4*17^2 + 12*17^3 + 10*17^4 + 11*17^5 + 7*17^6 + 9*17^7 + 8*17^8 + 15*17^9 + 4*17^10 + 16*17^13 + 2*17^14 + O(17^15) : 1 + O(17^20))
   (4 + 14*17 + 15*17^2 + 5*17^3 + 11*17^4 + 3*17^5 + 5*17^6 + 3*17^7 + 11*17^8 + 15*17^9 + 16*17^10 + 17^12 + O(17^15) : 7 + 12*17^2 + 4*17^3 + 6*17^4 + 5*17^5 + 9*17^6 + 7*17^7 + 8*17^8 + 17^9 + 12*17^10 + 16*17^11 + 16*17^12 + 14*17^14 + O(17^15) : 1 + O(17^20))
   (4 + 14*17 + 15*17^2 + 5*17^3 + 12*17^4 + 12*17^5 + 10*17^6 + 8*17^7 + 3*17^8 + 4*17^9 + 2*17^10 + 6*17^11 + 9*17^12 + 9*17^13 + 8*17^14 + O(17^15) : 10 + 16*17 + 4*17^2 + 12*17^3 + 13*17^4 + 3*17^5 + 5*17^6 + 11*17^7 + 6*17^9 + 14*17^10 + 2*17^11 + 4*17^12 + 6*17^13 + 11*17^14 + O(17^15) : 1 + O(17^20))
   (4 + 14*17 + 15*17^2 + 5*17^3 + 12*17^4 + 12*17^5 + 10*17^6 + 8*17^7 + 3*17^8 + 4*17^9 + 2*17^10 + 6*17^11 + 9*17^12 + 9*17^13 + 8*17^14 + O(17^15) : 7 + 12*17^2 + 4*17^3 + 3*17^4 + 13*17^5 + 11*17^6 + 5*17^7 + 16*17^8 + 10*17^9 + 2*17^10 + 14*17^11 + 12*17^12 + 10*17^13 + 5*17^14 + O(17^15) : 1 + O(17^20))
   (4 + 14*17 + 15*17^2 + 5*17^3 + 3*17^4 + 10*17^5 + 13*17^6 + 10*17^7 + 11*17^8 + 7*17^9 + 3*17^10 + 16*17^11 + 5*17^12 + 10*17^13 + 9*17^14 + O(17^15) : 10 + 16*17 + 4*17^2 + 12*17^3 + 3*17^4 + 5*17^5 + 4*17^6 + 16*17^7 + 13*17^8 + 4*17^9 + 3*17^10 + 10*17^11 + 6*17^12 + 3*17^13 + O(17^15) : 1 + O(17^20))
   (4 + 14*17 + 15*17^2 + 5*17^3 + 3*17^4 + 10*17^5 + 13*17^6 + 10*17^7 + 11*17^8 + 7*17^9 + 3*17^10 + 16*17^11 + 5*17^12 + 10*17^13 + 9*17^14 + O(17^15) : 7 + 12*17^2 + 4*17^3 + 13*17^4 + 11*17^5 + 12*17^6 + 3*17^8 + 12*17^9 + 13*17^10 + 6*17^11 + 10*17^12 + 13*17^13 + 16*17^14 + O(17^15) : 1 + O(17^20))
   (4 + 14*17 + 15*17^2 + 5*17^3 + 4*17^4 + 15*17^5 + 4*17^6 + 17^7 + 6*17^8 + 6*17^9 + 5*17^10 + 13*17^11 + 12*17^12 + 8*17^13 + 16*17^14 + O(17^15) : 10 + 16*17 + 4*17^2 + 12*17^3 + 6*17^4 + 2*17^5 + 14*17^6 + 10*17^7 + 12*17^8 + 17^9 + 13*17^10 + 16*17^11 + 16*17^12 + 4*17^13 + 2*17^14 + O(17^15) : 1 + O(17^20))
   (4 + 14*17 + 15*17^2 + 5*17^3 + 4*17^4 + 15*17^5 + 4*17^6 + 17^7 + 6*17^8 + 6*17^9 + 5*17^10 + 13*17^11 + 12*17^12 + 8*17^13 + 16*17^14 + O(17^15) : 7 + 12*17^2 + 4*17^3 + 10*17^4 + 14*17^5 + 2*17^6 + 6*17^7 + 4*17^8 + 15*17^9 + 3*17^10 + 12*17^13 + 14*17^14 + O(17^15) : 1 + O(17^20))
   (4 + 14*17 + 15*17^2 + 5*17^3 + 4*17^4 + 15*17^5 + 6*17^6 + 16*17^7 + 10*17^8 + 8*17^9 + 17^10 + 6*17^11 + 2*17^12 + 17^14 + O(17^15) : 10 + 16*17 + 4*17^2 + 12*17^3 + 6*17^4 + 2*17^5 + 3*17^6 + 3*17^7 + 9*17^8 + 16*17^9 + 12*17^10 + 12*17^11 + 3*17^12 + 11*17^13 + 5*17^14 + O(17^15) : 1 + O(17^20))
   (4 + 14*17 + 15*17^2 + 5*17^3 + 4*17^4 + 15*17^5 + 6*17^6 + 16*17^7 + 10*17^8 + 8*17^9 + 17^10 + 6*17^11 + 2*17^12 + 17^14 + O(17^15) : 7 + 12*17^2 + 4*17^3 + 10*17^4 + 14*17^5 + 13*17^6 + 13*17^7 + 7*17^8 + 4*17^10 + 4*17^11 + 13*17^12 + 5*17^13 + 11*17^14 + O(17^15) : 1 + O(17^20))
   (4 + 14*17 + 15*17^2 + 5*17^3 + 8*17^4 + 15*17^5 + 5*17^6 + 15*17^7 + 4*17^8 + 10*17^9 + 6*17^10 + 10*17^11 + 4*17^12 + 16*17^13 + 3*17^14 + O(17^15) : 10 + 16*17 + 4*17^2 + 12*17^3 + 17^4 + 16*17^5 + 10*17^6 + 3*17^7 + 12*17^8 + 5*17^9 + 11*17^10 + 9*17^11 + 14*17^12 + 14*17^13 + 4*17^14 + O(17^15) : 1 + O(17^20))
   (4 + 14*17 + 15*17^2 + 5*17^3 + 8*17^4 + 15*17^5 + 5*17^6 + 15*17^7 + 4*17^8 + 10*17^9 + 6*17^10 + 10*17^11 + 4*17^12 + 16*17^13 + 3*17^14 + O(17^15) : 7 + 12*17^2 + 4*17^3 + 15*17^4 + 6*17^6 + 13*17^7 + 4*17^8 + 11*17^9 + 5*17^10 + 7*17^11 + 2*17^12 + 2*17^13 + 12*17^14 + O(17^15) : 1 + O(17^20))
   (4 + 14*17 + 15*17^2 + 5*17^3 + 9*17^4 + 6*17^5 + 4*17^6 + 9*17^7 + 3*17^8 + 14*17^9 + 9*17^10 + 5*17^11 + 14*17^12 + 7*17^13 + 5*17^14 + O(17^15) : 10 + 16*17 + 4*17^2 + 12*17^3 + 4*17^4 + 5*17^5 + 5*17^6 + 5*17^7 + 4*17^9 + 8*17^10 + 8*17^11 + 11*17^12 + 9*17^13 + 11*17^14 + O(17^15) : 1 + O(17^20))
   (4 + 14*17 + 15*17^2 + 5*17^3 + 9*17^4 + 6*17^5 + 4*17^6 + 9*17^7 + 3*17^8 + 14*17^9 + 9*17^10 + 5*17^11 + 14*17^12 + 7*17^13 + 5*17^14 + O(17^15) : 7 + 12*17^2 + 4*17^3 + 12*17^4 + 11*17^5 + 11*17^6 + 11*17^7 + 16*17^8 + 12*17^9 + 8*17^10 + 8*17^11 + 5*17^12 + 7*17^13 + 5*17^14 + O(17^15) : 1 + O(17^20))
   (4 + 14*17 + 15*17^2 + 6*17^3 + 12*17^4 + 8*17^5 + 15*17^6 + 5*17^7 + 15*17^8 + 3*17^9 + 8*17^10 + 15*17^11 + 10*17^12 + 2*17^13 + 15*17^14 + O(17^15) : 10 + 16*17 + 4*17^2 + 15*17^3 + 12*17^4 + 15*17^5 + 3*17^6 + 4*17^7 + 10*17^8 + 16*17^9 + 7*17^10 + 13*17^11 + 10*17^12 + 7*17^13 + 5*17^14 + O(17^15) : 1 + O(17^20))
   (4 + 14*17 + 15*17^2 + 6*17^3 + 12*17^4 + 8*17^5 + 15*17^6 + 5*17^7 + 15*17^8 + 3*17^9 + 8*17^10 + 15*17^11 + 10*17^12 + 2*17^13 + 15*17^14 + O(17^15) : 7 + 12*17^2 + 17^3 + 4*17^4 + 17^5 + 13*17^6 + 12*17^7 + 6*17^8 + 9*17^10 + 3*17^11 + 6*17^12 + 9*17^13 + 11*17^14 + O(17^15) : 1 + O(17^20))
   (4 + 14*17 + 15*17^2 + 6*17^3 + 13*17^4 + 3*17^5 + 12*17^6 + 14*17^8 + 16*17^9 + 9*17^10 + 3*17^11 + 4*17^12 + 3*17^13 + 7*17^14 + O(17^15) : 10 + 16*17 + 4*17^2 + 15*17^3 + 15*17^4 + 16*17^5 + 5*17^6 + 6*17^7 + 14*17^8 + 12*17^9 + 10*17^10 + 15*17^11 + 8*17^12 + 16*17^14 + O(17^15) : 1 + O(17^20))
   (4 + 14*17 + 15*17^2 + 6*17^3 + 13*17^4 + 3*17^5 + 12*17^6 + 14*17^8 + 16*17^9 + 9*17^10 + 3*17^11 + 4*17^12 + 3*17^13 + 7*17^14 + O(17^15) : 7 + 12*17^2 + 17^3 + 17^4 + 11*17^6 + 10*17^7 + 2*17^8 + 4*17^9 + 6*17^10 + 17^11 + 8*17^12 + 16*17^13 + O(17^15) : 1 + O(17^20))
   (4 + 14*17 + 15*17^2 + 6*17^3 + 14*17^4 + 10*17^5 + 14*17^6 + 11*17^7 + 10*17^8 + 4*17^9 + 10*17^10 + 10*17^11 + 11*17^12 + 13*17^13 + 16*17^14 + O(17^15) : 10 + 16*17 + 4*17^2 + 15*17^3 + 17^4 + 3*17^5 + 13*17^6 + 16*17^7 + 13*17^8 + 4*17^9 + 7*17^10 + 12*17^11 + 5*17^12 + 7*17^13 + 3*17^14 + O(17^15) : 1 + O(17^20))
   (4 + 14*17 + 15*17^2 + 6*17^3 + 14*17^4 + 10*17^5 + 14*17^6 + 11*17^7 + 10*17^8 + 4*17^9 + 10*17^10 + 10*17^11 + 11*17^12 + 13*17^13 + 16*17^14 + O(17^15) : 7 + 12*17^2 + 17^3 + 15*17^4 + 13*17^5 + 3*17^6 + 3*17^8 + 12*17^9 + 9*17^10 + 4*17^11 + 11*17^12 + 9*17^13 + 13*17^14 + O(17^15) : 1 + O(17^20))
   (4 + 14*17 + 15*17^2 + 6*17^3 + 14*17^4 + 10*17^5 + 15*17^6 + 2*17^7 + 2*17^8 + 7*17^9 + 14*17^10 + 10*17^11 + 13*17^12 + 15*17^13 + 3*17^14 + O(17^15) : 10 + 16*17 + 4*17^2 + 15*17^3 + 17^4 + 3*17^5 + 16*17^6 + 5*17^7 + 4*17^8 + 7*17^9 + 11*17^10 + 9*17^11 + 15*17^13 + 4*17^14 + O(17^15) : 1 + O(17^20))
   (4 + 14*17 + 15*17^2 + 6*17^3 + 14*17^4 + 10*17^5 + 15*17^6 + 2*17^7 + 2*17^8 + 7*17^9 + 14*17^10 + 10*17^11 + 13*17^12 + 15*17^13 + 3*17^14 + O(17^15) : 7 + 12*17^2 + 17^3 + 15*17^4 + 13*17^5 + 11*17^7 + 12*17^8 + 9*17^9 + 5*17^10 + 7*17^11 + 16*17^12 + 17^13 + 12*17^14 + O(17^15) : 1 + O(17^20))
   (4 + 14*17 + 15*17^2 + 6*17^3 + 3*17^4 + 15*17^5 + 5*17^6 + 13*17^7 + 12*17^8 + 4*17^9 + 7*17^10 + 17^11 + 11*17^12 + 10*17^13 + 2*17^14 + O(17^15) : 10 + 16*17 + 4*17^2 + 15*17^3 + 2*17^4 + 10*17^5 + 7*17^6 + 14*17^7 + 13*17^8 + 6*17^9 + 15*17^10 + 2*17^11 + 17^12 + 6*17^13 + 3*17^14 + O(17^15) : 1 + O(17^20))
   (4 + 14*17 + 15*17^2 + 6*17^3 + 3*17^4 + 15*17^5 + 5*17^6 + 13*17^7 + 12*17^8 + 4*17^9 + 7*17^10 + 17^11 + 11*17^12 + 10*17^13 + 2*17^14 + O(17^15) : 7 + 12*17^2 + 17^3 + 14*17^4 + 6*17^5 + 9*17^6 + 2*17^7 + 3*17^8 + 10*17^9 + 17^10 + 14*17^11 + 15*17^12 + 10*17^13 + 13*17^14 + O(17^15) : 1 + O(17^20))
   (4 + 14*17 + 15*17^2 + 6*17^3 + 5*17^4 + 11*17^5 + 12*17^6 + 4*17^7 + 11*17^8 + 15*17^9 + 17^10 + 17^12 + 9*17^13 + 9*17^14 + O(17^15) : 10 + 16*17 + 4*17^2 + 15*17^3 + 8*17^4 + 13*17^5 + 11*17^6 + 17^7 + 3*17^8 + 12*17^9 + 10*17^10 + 4*17^11 + 16*17^12 + 12*17^13 + O(17^15) : 1 + O(17^20))
   (4 + 14*17 + 15*17^2 + 6*17^3 + 5*17^4 + 11*17^5 + 12*17^6 + 4*17^7 + 11*17^8 + 15*17^9 + 17^10 + 17^12 + 9*17^13 + 9*17^14 + O(17^15) : 7 + 12*17^2 + 17^3 + 8*17^4 + 3*17^5 + 5*17^6 + 15*17^7 + 13*17^8 + 4*17^9 + 6*17^10 + 12*17^11 + 4*17^13 + 16*17^14 + O(17^15) : 1 + O(17^20))
   (4 + 14*17 + 15*17^2 + 6*17^3 + 5*17^4 + 9*17^5 + 4*17^6 + 10*17^7 + 11*17^8 + 13*17^9 + 12*17^11 + 8*17^12 + 17^13 + 3*17^14 + O(17^15) : 10 + 16*17 + 4*17^2 + 15*17^3 + 8*17^4 + 7*17^5 + 6*17^6 + 12*17^7 + 13*17^8 + 7*17^9 + 5*17^10 + 17^11 + 7*17^12 + 6*17^13 + 17^14 + O(17^15) : 1 + O(17^20))
   (4 + 14*17 + 15*17^2 + 6*17^3 + 5*17^4 + 9*17^5 + 4*17^6 + 10*17^7 + 11*17^8 + 13*17^9 + 12*17^11 + 8*17^12 + 17^13 + 3*17^14 + O(17^15) : 7 + 12*17^2 + 17^3 + 8*17^4 + 9*17^5 + 10*17^6 + 4*17^7 + 3*17^8 + 9*17^9 + 11*17^10 + 15*17^11 + 9*17^12 + 10*17^13 + 15*17^14 + O(17^15) : 1 + O(17^20))
   (4 + 14*17 + 15*17^2 + 6*17^3 + 6*17^4 + 16*17^5 + 15*17^6 + 15*17^8 + 12*17^9 + 13*17^10 + 6*17^11 + 2*17^13 + 4*17^14 + O(17^15) : 10 + 16*17 + 4*17^2 + 15*17^3 + 11*17^4 + 10*17^5 + 6*17^6 + 3*17^7 + 16*17^8 + 5*17^11 + 7*17^12 + 8*17^13 + 15*17^14 + O(17^15) : 1 + O(17^20))
   (4 + 14*17 + 15*17^2 + 6*17^3 + 6*17^4 + 16*17^5 + 15*17^6 + 15*17^8 + 12*17^9 + 13*17^10 + 6*17^11 + 2*17^13 + 4*17^14 + O(17^15) : 7 + 12*17^2 + 17^3 + 5*17^4 + 6*17^5 + 10*17^6 + 13*17^7 + 16*17^9 + 16*17^10 + 11*17^11 + 9*17^12 + 8*17^13 + 17^14 + O(17^15) : 1 + O(17^20))
   (4 + 14*17 + 15*17^2 + 7*17^3 + 10*17^4 + 4*17^5 + 17^6 + 16*17^7 + 4*17^8 + 14*17^9 + 4*17^10 + 14*17^11 + 3*17^12 + 12*17^13 + 16*17^14 + O(17^15) : 10 + 16*17 + 4*17^2 + 17^3 + 6*17^4 + 12*17^5 + 17^6 + 16*17^7 + 6*17^8 + 13*17^9 + 9*17^11 + 2*17^12 + 16*17^13 + 13*17^14 + O(17^15) : 1 + O(17^20))
   (4 + 14*17 + 15*17^2 + 7*17^3 + 10*17^4 + 4*17^5 + 17^6 + 16*17^7 + 4*17^8 + 14*17^9 + 4*17^10 + 14*17^11 + 3*17^12 + 12*17^13 + 16*17^14 + O(17^15) : 7 + 12*17^2 + 15*17^3 + 10*17^4 + 4*17^5 + 15*17^6 + 10*17^8 + 3*17^9 + 16*17^10 + 7*17^11 + 14*17^12 + 3*17^14 + O(17^15) : 1 + O(17^20))
   (4 + 14*17 + 15*17^2 + 7*17^3 + 15*17^4 + 9*17^5 + 10*17^7 + 13*17^8 + 2*17^9 + 7*17^10 + 7*17^11 + 4*17^12 + 3*17^13 + 5*17^14 + O(17^15) : 10 + 16*17 + 4*17^2 + 17^3 + 4*17^4 + 6*17^5 + 12*17^6 + 17^7 + 9*17^8 + 11*17^10 + 4*17^11 + 16*17^12 + 16*17^13 + 7*17^14 + O(17^15) : 1 + O(17^20))
   (4 + 14*17 + 15*17^2 + 7*17^3 + 15*17^4 + 9*17^5 + 10*17^7 + 13*17^8 + 2*17^9 + 7*17^10 + 7*17^11 + 4*17^12 + 3*17^13 + 5*17^14 + O(17^15) : 7 + 12*17^2 + 15*17^3 + 12*17^4 + 10*17^5 + 4*17^6 + 15*17^7 + 7*17^8 + 16*17^9 + 5*17^10 + 12*17^11 + 9*17^14 + O(17^15) : 1 + O(17^20))
   (4 + 14*17 + 15*17^2 + 7*17^3 + 15*17^4 + 9*17^5 + 12*17^6 + 13*17^7 + 5*17^8 + 16*17^9 + 13*17^10 + 9*17^11 + 14*17^12 + 12*17^13 + 12*17^14 + O(17^15) : 10 + 16*17 + 4*17^2 + 17^3 + 4*17^4 + 6*17^5 + 14*17^6 + 15*17^8 + 6*17^9 + 14*17^10 + 8*17^11 + 17^12 + 14*17^13 + 8*17^14 + O(17^15) : 1 + O(17^20))
   (4 + 14*17 + 15*17^2 + 7*17^3 + 15*17^4 + 9*17^5 + 12*17^6 + 13*17^7 + 5*17^8 + 16*17^9 + 13*17^10 + 9*17^11 + 14*17^12 + 12*17^13 + 12*17^14 + O(17^15) : 7 + 12*17^2 + 15*17^3 + 12*17^4 + 10*17^5 + 2*17^6 + 16*17^7 + 17^8 + 10*17^9 + 2*17^10 + 8*17^11 + 15*17^12 + 2*17^13 + 8*17^14 + O(17^15) : 1 + O(17^20))
   (4 + 14*17 + 15*17^2 + 7*17^3 + 2*17^4 + 6*17^5 + 14*17^6 + 9*17^7 + 9*17^8 + 16*17^9 + 3*17^10 + 13*17^11 + 7*17^12 + 8*17^13 + 8*17^14 + O(17^15) : 10 + 16*17 + 4*17^2 + 17^3 + 16*17^4 + 7*17^5 + 12*17^7 + 7*17^8 + 13*17^9 + 14*17^10 + 13*17^11 + 3*17^12 + 12*17^14 + O(17^15) : 1 + O(17^20))
   (4 + 14*17 + 15*17^2 + 7*17^3 + 2*17^4 + 6*17^5 + 14*17^6 + 9*17^7 + 9*17^8 + 16*17^9 + 3*17^10 + 13*17^11 + 7*17^12 + 8*17^13 + 8*17^14 + O(17^15) : 7 + 12*17^2 + 15*17^3 + 9*17^5 + 16*17^6 + 4*17^7 + 9*17^8 + 3*17^9 + 2*17^10 + 3*17^11 + 13*17^12 + 16*17^13 + 4*17^14 + O(17^15) : 1 + O(17^20))
   (4 + 14*17 + 15*17^2 + 7*17^3 + 4*17^4 + 3*17^5 + 9*17^6 + 8*17^7 + 5*17^8 + 13*17^9 + 13*17^10 + 13*17^11 + 5*17^12 + 5*17^13 + 17^14 + O(17^15) : 10 + 16*17 + 4*17^2 + 17^3 + 5*17^4 + 14*17^5 + 17^6 + 10*17^7 + 14*17^8 + 8*17^9 + 5*17^10 + 14*17^11 + 5*17^12 + 13*17^13 + 15*17^14 + O(17^15) : 1 + O(17^20))
   (4 + 14*17 + 15*17^2 + 7*17^3 + 4*17^4 + 3*17^5 + 9*17^6 + 8*17^7 + 5*17^8 + 13*17^9 + 13*17^10 + 13*17^11 + 5*17^12 + 5*17^13 + 17^14 + O(17^15) : 7 + 12*17^2 + 15*17^3 + 11*17^4 + 2*17^5 + 15*17^6 + 6*17^7 + 2*17^8 + 8*17^9 + 11*17^10 + 2*17^11 + 11*17^12 + 3*17^13 + 17^14 + O(17^15) : 1 + O(17^20))
   (4 + 14*17 + 15*17^2 + 7*17^3 + 8*17^4 + 17^5 + 5*17^6 + 9*17^7 + 15*17^8 + 10*17^9 + 7*17^10 + 2*17^12 + 16*17^13 + 16*17^14 + O(17^15) : 10 + 16*17 + 4*17^2 + 17^3 + 5*17^5 + 2*17^6 + 4*17^7 + 11*17^8 + 12*17^9 + 15*17^10 + 5*17^11 + 5*17^12 + 6*17^13 + 9*17^14 + O(17^15) : 1 + O(17^20))
   (4 + 14*17 + 15*17^2 + 7*17^3 + 8*17^4 + 17^5 + 5*17^6 + 9*17^7 + 15*17^8 + 10*17^9 + 7*17^10 + 2*17^12 + 16*17^13 + 16*17^14 + O(17^15) : 7 + 12*17^2 + 15*17^3 + 16*17^4 + 11*17^5 + 14*17^6 + 12*17^7 + 5*17^8 + 4*17^9 + 17^10 + 11*17^11 + 11*17^12 + 10*17^13 + 7*17^14 + O(17^15) : 1 + O(17^20))
   (4 + 14*17 + 15*17^2 + 8*17^3 + 10*17^4 + 10*17^5 + 10*17^6 + 8*17^7 + 10*17^8 + 17^9 + 17^10 + 16*17^11 + 4*17^12 + 13*17^13 + 10*17^14 + O(17^15) : 10 + 16*17 + 4*17^2 + 4*17^3 + 5*17^4 + 3*17^5 + 8*17^6 + 14*17^7 + 4*17^8 + 2*17^9 + 3*17^10 + 8*17^11 + 17^12 + 15*17^13 + 4*17^14 + O(17^15) : 1 + O(17^20))
   (4 + 14*17 + 15*17^2 + 8*17^3 + 10*17^4 + 10*17^5 + 10*17^6 + 8*17^7 + 10*17^8 + 17^9 + 17^10 + 16*17^11 + 4*17^12 + 13*17^13 + 10*17^14 + O(17^15) : 7 + 12*17^2 + 12*17^3 + 11*17^4 + 13*17^5 + 8*17^6 + 2*17^7 + 12*17^8 + 14*17^9 + 13*17^10 + 8*17^11 + 15*17^12 + 17^13 + 12*17^14 + O(17^15) : 1 + O(17^20))
   (4 + 14*17 + 15*17^2 + 8*17^3 + 11*17^4 + 9*17^5 + 3*17^6 + 8*17^7 + 16*17^8 + 8*17^9 + 8*17^10 + 16*17^11 + 9*17^12 + 5*17^13 + 16*17^14 + O(17^15) : 10 + 16*17 + 4*17^2 + 4*17^3 + 8*17^4 + 16*17^5 + 11*17^6 + 15*17^7 + 9*17^8 + 2*17^9 + 7*17^10 + 13*17^11 + 11*17^12 + 15*17^13 + 10*17^14 + O(17^15) : 1 + O(17^20))
   (4 + 14*17 + 15*17^2 + 8*17^3 + 11*17^4 + 9*17^5 + 3*17^6 + 8*17^7 + 16*17^8 + 8*17^9 + 8*17^10 + 16*17^11 + 9*17^12 + 5*17^13 + 16*17^14 + O(17^15) : 7 + 12*17^2 + 12*17^3 + 8*17^4 + 5*17^6 + 17^7 + 7*17^8 + 14*17^9 + 9*17^10 + 3*17^11 + 5*17^12 + 17^13 + 6*17^14 + O(17^15) : 1 + O(17^20))
   (4 + 14*17 + 15*17^2 + 8*17^3 + 12*17^4 + 10*17^5 + 5*17^7 + 2*17^8 + 3*17^9 + 7*17^10 + 4*17^11 + 2*17^12 + 8*17^13 + 5*17^14 + O(17^15) : 10 + 16*17 + 4*17^2 + 4*17^3 + 11*17^4 + 17^5 + 9*17^6 + 17^7 + 9*17^8 + 12*17^9 + 6*17^10 + 8*17^11 + 11*17^12 + 8*17^13 + 15*17^14 + O(17^15) : 1 + O(17^20))
   (4 + 14*17 + 15*17^2 + 8*17^3 + 12*17^4 + 10*17^5 + 5*17^7 + 2*17^8 + 3*17^9 + 7*17^10 + 4*17^11 + 2*17^12 + 8*17^13 + 5*17^14 + O(17^15) : 7 + 12*17^2 + 12*17^3 + 5*17^4 + 15*17^5 + 7*17^6 + 15*17^7 + 7*17^8 + 4*17^9 + 10*17^10 + 8*17^11 + 5*17^12 + 8*17^13 + 17^14 + O(17^15) : 1 + O(17^20))
   (4 + 14*17 + 15*17^2 + 8*17^3 + 12*17^4 + 9*17^5 + 16*17^6 + 17^7 + 6*17^8 + 3*17^9 + 12*17^10 + 14*17^11 + 17^12 + 9*17^13 + 14*17^14 + O(17^15) : 10 + 16*17 + 4*17^2 + 4*17^3 + 11*17^4 + 15*17^5 + 6*17^6 + 3*17^7 + 14*17^8 + 12*17^9 + 17^10 + 11*17^11 + 15*17^12 + 10*17^13 + 2*17^14 + O(17^15) : 1 + O(17^20))
   (4 + 14*17 + 15*17^2 + 8*17^3 + 12*17^4 + 9*17^5 + 16*17^6 + 17^7 + 6*17^8 + 3*17^9 + 12*17^10 + 14*17^11 + 17^12 + 9*17^13 + 14*17^14 + O(17^15) : 7 + 12*17^2 + 12*17^3 + 5*17^4 + 17^5 + 10*17^6 + 13*17^7 + 2*17^8 + 4*17^9 + 15*17^10 + 5*17^11 + 17^12 + 6*17^13 + 14*17^14 + O(17^15) : 1 + O(17^20))
   (4 + 14*17 + 15*17^2 + 8*17^3 + 16*17^4 + 14*17^7 + 9*17^8 + 2*17^9 + 14*17^10 + 3*17^11 + 9*17^12 + 2*17^13 + 4*17^14 + O(17^15) : 10 + 16*17 + 4*17^2 + 4*17^3 + 6*17^4 + 2*17^5 + 11*17^6 + 2*17^7 + 9*17^8 + 4*17^9 + 3*17^10 + 17^11 + 9*17^12 + 5*17^13 + 4*17^14 + O(17^15) : 1 + O(17^20))
   (4 + 14*17 + 15*17^2 + 8*17^3 + 16*17^4 + 14*17^7 + 9*17^8 + 2*17^9 + 14*17^10 + 3*17^11 + 9*17^12 + 2*17^13 + 4*17^14 + O(17^15) : 7 + 12*17^2 + 12*17^3 + 10*17^4 + 14*17^5 + 5*17^6 + 14*17^7 + 7*17^8 + 12*17^9 + 13*17^10 + 15*17^11 + 7*17^12 + 11*17^13 + 12*17^14 + O(17^15) : 1 + O(17^20))
   (4 + 14*17 + 15*17^2 + 8*17^3 + 16*17^4 + 3*17^5 + 14*17^6 + 15*17^7 + 5*17^8 + 12*17^9 + 3*17^11 + 5*17^12 + 7*17^13 + 9*17^14 + O(17^15) : 10 + 16*17 + 4*17^2 + 4*17^3 + 6*17^4 + 11*17^5 + 16*17^6 + 14*17^7 + 15*17^8 + 4*17^9 + 9*17^10 + 16*17^11 + 8*17^12 + 16*17^13 + 16*17^14 + O(17^15) : 1 + O(17^20))
   (4 + 14*17 + 15*17^2 + 8*17^3 + 16*17^4 + 3*17^5 + 14*17^6 + 15*17^7 + 5*17^8 + 12*17^9 + 3*17^11 + 5*17^12 + 7*17^13 + 9*17^14 + O(17^15) : 7 + 12*17^2 + 12*17^3 + 10*17^4 + 5*17^5 + 2*17^7 + 17^8 + 12*17^9 + 7*17^10 + 8*17^12 + O(17^15) : 1 + O(17^20))
   (4 + 14*17 + 15*17^2 + 8*17^3 + 16*17^4 + 4*17^5 + 5*17^6 + 12*17^7 + 5*17^8 + 10*17^9 + 6*17^11 + 13*17^12 + 2*17^13 + 13*17^14 + O(17^15) : 10 + 16*17 + 4*17^2 + 4*17^3 + 6*17^4 + 14*17^5 + 5*17^6 + 3*17^7 + 9*17^8 + 5*17^9 + 9*17^10 + 2*17^11 + 3*17^12 + 13*17^13 + 13*17^14 + O(17^15) : 1 + O(17^20))
   (4 + 14*17 + 15*17^2 + 8*17^3 + 16*17^4 + 4*17^5 + 5*17^6 + 12*17^7 + 5*17^8 + 10*17^9 + 6*17^11 + 13*17^12 + 2*17^13 + 13*17^14 + O(17^15) : 7 + 12*17^2 + 12*17^3 + 10*17^4 + 2*17^5 + 11*17^6 + 13*17^7 + 7*17^8 + 11*17^9 + 7*17^10 + 14*17^11 + 13*17^12 + 3*17^13 + 3*17^14 + O(17^15) : 1 + O(17^20))
   (4 + 14*17 + 15*17^2 + 8*17^3 + 8*17^4 + 11*17^5 + 12*17^6 + 16*17^7 + 10*17^8 + 2*17^9 + 9*17^11 + 7*17^12 + 8*17^13 + 8*17^14 + O(17^15) : 10 + 16*17 + 4*17^2 + 4*17^3 + 16*17^4 + 7*17^5 + 16*17^6 + 4*17^7 + 12*17^8 + 6*17^9 + 14*17^10 + 4*17^11 + 10*17^12 + 2*17^13 + O(17^15) : 1 + O(17^20))
   (4 + 14*17 + 15*17^2 + 8*17^3 + 8*17^4 + 11*17^5 + 12*17^6 + 16*17^7 + 10*17^8 + 2*17^9 + 9*17^11 + 7*17^12 + 8*17^13 + 8*17^14 + O(17^15) : 7 + 12*17^2 + 12*17^3 + 9*17^5 + 12*17^7 + 4*17^8 + 10*17^9 + 2*17^10 + 12*17^11 + 6*17^12 + 14*17^13 + 16*17^14 + O(17^15) : 1 + O(17^20))
   (4 + 14*17 + 15*17^2 + 8*17^3 + 8*17^4 + 11*17^5 + 3*17^6 + 7*17^7 + 12*17^8 + 11*17^9 + 7*17^11 + 2*17^12 + 8*17^13 + 8*17^14 + O(17^15) : 10 + 16*17 + 4*17^2 + 4*17^3 + 16*17^4 + 7*17^5 + 6*17^6 + 2*17^7 + 14*17^8 + 15*17^9 + 6*17^10 + 14*17^11 + 13*17^12 + 10*17^13 + 11*17^14 + O(17^15) : 1 + O(17^20))
   (4 + 14*17 + 15*17^2 + 8*17^3 + 8*17^4 + 11*17^5 + 3*17^6 + 7*17^7 + 12*17^8 + 11*17^9 + 7*17^11 + 2*17^12 + 8*17^13 + 8*17^14 + O(17^15) : 7 + 12*17^2 + 12*17^3 + 9*17^5 + 10*17^6 + 14*17^7 + 2*17^8 + 17^9 + 10*17^10 + 2*17^11 + 3*17^12 + 6*17^13 + 5*17^14 + O(17^15) : 1 + O(17^20))
   (4 + 14*17 + 15*17^2 + 8*17^4 + 15*17^5 + 5*17^6 + 13*17^7 + 16*17^8 + 9*17^9 + 6*17^10 + 13*17^11 + 14*17^12 + 6*17^13 + 9*17^14 + O(17^15) : 10 + 16*17 + 4*17^2 + 14*17^3 + 5*17^4 + 15*17^5 + 2*17^6 + 14*17^7 + 7*17^8 + 2*17^10 + 7*17^11 + 11*17^12 + 9*17^13 + 6*17^14 + O(17^15) : 1 + O(17^20))
   (4 + 14*17 + 15*17^2 + 8*17^4 + 15*17^5 + 5*17^6 + 13*17^7 + 16*17^8 + 9*17^9 + 6*17^10 + 13*17^11 + 14*17^12 + 6*17^13 + 9*17^14 + O(17^15) : 7 + 12*17^2 + 2*17^3 + 11*17^4 + 17^5 + 14*17^6 + 2*17^7 + 9*17^8 + 16*17^9 + 14*17^10 + 9*17^11 + 5*17^12 + 7*17^13 + 10*17^14 + O(17^15) : 1 + O(17^20))
   (4 + 14*17 + 15*17^2 + 8*17^4 + 16*17^5 + 6*17^6 + 16*17^7 + 15*17^8 + 14*17^9 + 17^11 + 6*17^12 + 6*17^13 + 10*17^14 + O(17^15) : 10 + 16*17 + 4*17^2 + 14*17^3 + 5*17^4 + 17^5 + 5*17^6 + 12*17^7 + 12*17^8 + 2*17^9 + 6*17^10 + 12*17^11 + 13*17^12 + 11*17^13 + 2*17^14 + O(17^15) : 1 + O(17^20))
   (4 + 14*17 + 15*17^2 + 8*17^4 + 16*17^5 + 6*17^6 + 16*17^7 + 15*17^8 + 14*17^9 + 17^11 + 6*17^12 + 6*17^13 + 10*17^14 + O(17^15) : 7 + 12*17^2 + 2*17^3 + 11*17^4 + 15*17^5 + 11*17^6 + 4*17^7 + 4*17^8 + 14*17^9 + 10*17^10 + 4*17^11 + 3*17^12 + 5*17^13 + 14*17^14 + O(17^15) : 1 + O(17^20))
   (4 + 14*17 + 15*17^2 + 9*17^3 + 10*17^4 + 10*17^6 + 3*17^7 + 3*17^9 + 13*17^10 + 6*17^11 + 3*17^12 + 2*17^13 + 17^14 + O(17^15) : 10 + 16*17 + 4*17^2 + 7*17^3 + 4*17^4 + 14*17^5 + 2*17^6 + 16*17^7 + 8*17^8 + 16*17^9 + 17^10 + 17^11 + 6*17^12 + 3*17^13 + 3*17^14 + O(17^15) : 1 + O(17^20))
   (4 + 14*17 + 15*17^2 + 9*17^3 + 10*17^4 + 10*17^6 + 3*17^7 + 3*17^9 + 13*17^10 + 6*17^11 + 3*17^12 + 2*17^13 + 17^14 + O(17^15) : 7 + 12*17^2 + 9*17^3 + 12*17^4 + 2*17^5 + 14*17^6 + 8*17^8 + 15*17^10 + 15*17^11 + 10*17^12 + 13*17^13 + 13*17^14 + O(17^15) : 1 + O(17^20))
   (4 + 14*17 + 15*17^2 + 9*17^3 + 10*17^4 + 5*17^5 + 3*17^6 + 6*17^7 + 8*17^8 + 14*17^9 + 14*17^10 + 15*17^11 + 13*17^12 + 10*17^13 + 13*17^14 + O(17^15) : 10 + 16*17 + 4*17^2 + 7*17^3 + 4*17^4 + 12*17^5 + 11*17^6 + 14*17^7 + 3*17^8 + 12*17^9 + 14*17^10 + 12*17^11 + 7*17^12 + 9*17^13 + 13*17^14 + O(17^15) : 1 + O(17^20))
   (4 + 14*17 + 15*17^2 + 9*17^3 + 10*17^4 + 5*17^5 + 3*17^6 + 6*17^7 + 8*17^8 + 14*17^9 + 14*17^10 + 15*17^11 + 13*17^12 + 10*17^13 + 13*17^14 + O(17^15) : 7 + 12*17^2 + 9*17^3 + 12*17^4 + 4*17^5 + 5*17^6 + 2*17^7 + 13*17^8 + 4*17^9 + 2*17^10 + 4*17^11 + 9*17^12 + 7*17^13 + 3*17^14 + O(17^15) : 1 + O(17^20))
   (4 + 14*17 + 15*17^2 + 9*17^3 + 12*17^4 + 12*17^5 + 9*17^6 + 16*17^7 + 13*17^8 + 5*17^9 + 9*17^10 + 8*17^11 + 12*17^12 + 10*17^13 + 8*17^14 + O(17^15) : 10 + 16*17 + 4*17^2 + 7*17^3 + 10*17^4 + 14*17^5 + 3*17^6 + 12*17^7 + 12*17^9 + 13*17^10 + 17^11 + 5*17^12 + 2*17^14 + O(17^15) : 1 + O(17^20))
   (4 + 14*17 + 15*17^2 + 9*17^3 + 12*17^4 + 12*17^5 + 9*17^6 + 16*17^7 + 13*17^8 + 5*17^9 + 9*17^10 + 8*17^11 + 12*17^12 + 10*17^13 + 8*17^14 + O(17^15) : 7 + 12*17^2 + 9*17^3 + 6*17^4 + 2*17^5 + 13*17^6 + 4*17^7 + 16*17^8 + 4*17^9 + 3*17^10 + 15*17^11 + 11*17^12 + 16*17^13 + 14*17^14 + O(17^15) : 1 + O(17^20))
   (4 + 14*17 + 15*17^2 + 9*17^3 + 13*17^4 + 8*17^5 + 5*17^6 + 5*17^7 + 16*17^8 + 9*17^9 + 4*17^10 + 17^12 + 7*17^13 + 9*17^14 + O(17^15) : 10 + 16*17 + 4*17^2 + 7*17^3 + 13*17^4 + 17^5 + 2*17^6 + 10*17^7 + 11*17^8 + 6*17^9 + 10*17^10 + 13*17^11 + 14*17^12 + 17^13 + 17^14 + O(17^15) : 1 + O(17^20))
   (4 + 14*17 + 15*17^2 + 9*17^3 + 13*17^4 + 8*17^5 + 5*17^6 + 5*17^7 + 16*17^8 + 9*17^9 + 4*17^10 + 17^12 + 7*17^13 + 9*17^14 + O(17^15) : 7 + 12*17^2 + 9*17^3 + 3*17^4 + 15*17^5 + 14*17^6 + 6*17^7 + 5*17^8 + 10*17^9 + 6*17^10 + 3*17^11 + 2*17^12 + 15*17^13 + 15*17^14 + O(17^15) : 1 + O(17^20))
   (4 + 14*17 + 15*17^2 + 9*17^3 + 14*17^5 + 6*17^7 + 12*17^8 + 5*17^9 + 14*17^10 + 16*17^11 + 11*17^12 + 16*17^13 + 5*17^14 + O(17^15) : 10 + 16*17 + 4*17^2 + 7*17^3 + 8*17^4 + 13*17^5 + 10*17^6 + 17^7 + 6*17^8 + 5*17^9 + 13*17^10 + 15*17^12 + 8*17^13 + 12*17^14 + O(17^15) : 1 + O(17^20))
   (4 + 14*17 + 15*17^2 + 9*17^3 + 14*17^5 + 6*17^7 + 12*17^8 + 5*17^9 + 14*17^10 + 16*17^11 + 11*17^12 + 16*17^13 + 5*17^14 + O(17^15) : 7 + 12*17^2 + 9*17^3 + 8*17^4 + 3*17^5 + 6*17^6 + 15*17^7 + 10*17^8 + 11*17^9 + 3*17^10 + 16*17^11 + 17^12 + 8*17^13 + 4*17^14 + O(17^15) : 1 + O(17^20))
   (4 + 14*17 + 15*17^2 + 9*17^3 + 15*17^4 + 13*17^5 + 5*17^6 + 12*17^7 + 15*17^8 + 4*17^9 + 6*17^11 + 3*17^12 + 6*17^13 + 13*17^14 + O(17^15) : 10 + 16*17 + 4*17^2 + 7*17^3 + 2*17^4 + 15*17^5 + 11*17^6 + 6*17^7 + 5*17^8 + 5*17^9 + 5*17^10 + 10*17^11 + 16*17^12 + 9*17^13 + 14*17^14 + O(17^15) : 1 + O(17^20))
   (4 + 14*17 + 15*17^2 + 9*17^3 + 15*17^4 + 13*17^5 + 5*17^6 + 12*17^7 + 15*17^8 + 4*17^9 + 6*17^11 + 3*17^12 + 6*17^13 + 13*17^14 + O(17^15) : 7 + 12*17^2 + 9*17^3 + 14*17^4 + 17^5 + 5*17^6 + 10*17^7 + 11*17^8 + 11*17^9 + 11*17^10 + 6*17^11 + 7*17^13 + 2*17^14 + O(17^15) : 1 + O(17^20))
   (4 + 14*17 + 15*17^2 + 9*17^3 + 2*17^4 + 8*17^5 + 12*17^7 + 15*17^8 + 15*17^9 + 13*17^10 + 14*17^11 + 2*17^12 + 14*17^13 + 17^14 + O(17^15) : 10 + 16*17 + 4*17^2 + 7*17^3 + 14*17^4 + 10*17^5 + 12*17^6 + 3*17^7 + 14*17^8 + 13*17^9 + 6*17^10 + 11*17^11 + 6*17^12 + 5*17^13 + 8*17^14 + O(17^15) : 1 + O(17^20))
   (4 + 14*17 + 15*17^2 + 9*17^3 + 2*17^4 + 8*17^5 + 12*17^7 + 15*17^8 + 15*17^9 + 13*17^10 + 14*17^11 + 2*17^12 + 14*17^13 + 17^14 + O(17^15) : 7 + 12*17^2 + 9*17^3 + 2*17^4 + 6*17^5 + 4*17^6 + 13*17^7 + 2*17^8 + 3*17^9 + 10*17^10 + 5*17^11 + 10*17^12 + 11*17^13 + 8*17^14 + O(17^15) : 1 + O(17^20))
   (4 + 14*17 + 15*17^2 + 9*17^3 + 9*17^4 + 7*17^6 + 7*17^7 + 15*17^8 + 6*17^9 + 8*17^10 + 2*17^11 + 16*17^13 + 10*17^14 + O(17^15) : 10 + 16*17 + 4*17^2 + 7*17^3 + 17^4 + 15*17^5 + 3*17^6 + 9*17^7 + 14*17^8 + 7*17^9 + 3*17^10 + 6*17^11 + 4*17^12 + 11*17^13 + 6*17^14 + O(17^15) : 1 + O(17^20))
   (4 + 14*17 + 15*17^2 + 9*17^3 + 9*17^4 + 7*17^6 + 7*17^7 + 15*17^8 + 6*17^9 + 8*17^10 + 2*17^11 + 16*17^13 + 10*17^14 + O(17^15) : 7 + 12*17^2 + 9*17^3 + 15*17^4 + 17^5 + 13*17^6 + 7*17^7 + 2*17^8 + 9*17^9 + 13*17^10 + 10*17^11 + 12*17^12 + 5*17^13 + 10*17^14 + O(17^15) : 1 + O(17^20))
   (4 + 14*17 + 15*17^2 + 9*17^4 + 16*17^5 + 2*17^6 + 13*17^7 + 13*17^8 + 15*17^9 + 13*17^10 + 13*17^11 + 6*17^12 + 8*17^13 + 2*17^14 + O(17^15) : 10 + 16*17 + 4*17^2 + 14*17^3 + 8*17^4 + 10*17^7 + 12*17^8 + 15*17^9 + 13*17^10 + 5*17^11 + 14*17^12 + 12*17^13 + 15*17^14 + O(17^15) : 1 + O(17^20))
   (4 + 14*17 + 15*17^2 + 9*17^4 + 16*17^5 + 2*17^6 + 13*17^7 + 13*17^8 + 15*17^9 + 13*17^10 + 13*17^11 + 6*17^12 + 8*17^13 + 2*17^14 + O(17^15) : 7 + 12*17^2 + 2*17^3 + 8*17^4 + 16*17^5 + 16*17^6 + 6*17^7 + 4*17^8 + 17^9 + 3*17^10 + 11*17^11 + 2*17^12 + 4*17^13 + 17^14 + O(17^15) : 1 + O(17^20))
   (4*17^-3 + 10*17^-2 + 17^-1 + 13 + 7*17 + 6*17^2 + 14*17^3 + 5*17^4 + 9*17^5 + 16*17^6 + 11*17^7 + 12*17^8 + 16*17^9 + O(17^10) : 13*17^-9 + 7*17^-8 + 17^-7 + 17^-6 + 6*17^-5 + 12*17^-4 + 10*17^-3 + 10*17^-2 + 7*17^-1 + 4 + 3*17 + 15*17^2 + 10*17^3 + O(17^4) : 1 + O(17^20))
   (4*17^-3 + 10*17^-2 + 17^-1 + 13 + 7*17 + 6*17^2 + 14*17^3 + 5*17^4 + 9*17^5 + 16*17^6 + 11*17^7 + 12*17^8 + 16*17^9 + O(17^10) : 4*17^-9 + 9*17^-8 + 15*17^-7 + 15*17^-6 + 10*17^-5 + 4*17^-4 + 6*17^-3 + 6*17^-2 + 9*17^-1 + 12 + 13*17 + 17^2 + 6*17^3 + O(17^4) : 1 + O(17^20))
   (4*17^-3 + 10*17^-2 + 9*17^-1 + 14 + 3*17 + 6*17^2 + 3*17^3 + 7*17^4 + 6*17^5 + 15*17^6 + 15*17^7 + 6*17^8 + 6*17^9 + O(17^10) : 13*17^-9 + 7*17^-8 + 11*17^-7 + 2*17^-6 + 12*17^-5 + 13*17^-4 + 6*17^-2 + 5*17^-1 + 8 + 9*17 + 8*17^2 + 11*17^3 + O(17^4) : 1 + O(17^20))
   (4*17^-3 + 10*17^-2 + 9*17^-1 + 14 + 3*17 + 6*17^2 + 3*17^3 + 7*17^4 + 6*17^5 + 15*17^6 + 15*17^7 + 6*17^8 + 6*17^9 + O(17^10) : 4*17^-9 + 9*17^-8 + 5*17^-7 + 14*17^-6 + 4*17^-5 + 3*17^-4 + 16*17^-3 + 10*17^-2 + 11*17^-1 + 8 + 7*17 + 8*17^2 + 5*17^3 + O(17^4) : 1 + O(17^20))
   (4*17^-3 + 13*17^-2 + 6*17^-1 + 8 + 12*17^2 + 10*17^3 + 12*17^4 + 4*17^5 + 2*17^6 + 8*17^7 + 13*17^8 + 15*17^9 + O(17^10) : 13*17^-9 + 15*17^-8 + 6*17^-7 + 17^-6 + 17^-5 + 7*17^-4 + 3*17^-3 + 17^-2 + 4*17^-1 + 6 + 9*17 + 7*17^2 + 2*17^3 + O(17^4) : 1 + O(17^20))
   (4*17^-3 + 13*17^-2 + 6*17^-1 + 8 + 12*17^2 + 10*17^3 + 12*17^4 + 4*17^5 + 2*17^6 + 8*17^7 + 13*17^8 + 15*17^9 + O(17^10) : 4*17^-9 + 17^-8 + 10*17^-7 + 15*17^-6 + 15*17^-5 + 9*17^-4 + 13*17^-3 + 15*17^-2 + 12*17^-1 + 10 + 7*17 + 9*17^2 + 14*17^3 + O(17^4) : 1 + O(17^20))
   (4*17^-3 + 4*17^-2 + 9*17^-1 + 12 + 2*17 + 16*17^2 + 9*17^3 + 7*17^4 + 8*17^5 + 4*17^6 + 17^7 + 6*17^8 + 12*17^9 + O(17^10) : 13*17^-9 + 8*17^-8 + 6*17^-7 + 11*17^-6 + 5*17^-5 + 8*17^-4 + 8*17^-3 + 10*17^-2 + 1 + 6*17 + 15*17^2 + 10*17^3 + O(17^4) : 1 + O(17^20))
   (4*17^-3 + 4*17^-2 + 9*17^-1 + 12 + 2*17 + 16*17^2 + 9*17^3 + 7*17^4 + 8*17^5 + 4*17^6 + 17^7 + 6*17^8 + 12*17^9 + O(17^10) : 4*17^-9 + 8*17^-8 + 10*17^-7 + 5*17^-6 + 11*17^-5 + 8*17^-4 + 8*17^-3 + 6*17^-2 + 16*17^-1 + 15 + 10*17 + 17^2 + 6*17^3 + O(17^4) : 1 + O(17^20))
   (4*17^-3 + 6*17^-2 + 17^-1 + 11 + 15*17 + 17^2 + 8*17^3 + 5*17^4 + 3*17^5 + 8*17^6 + 11*17^8 + 9*17^9 + O(17^10) : 13*17^-9 + 2*17^-8 + 4*17^-7 + 16*17^-6 + 12*17^-5 + 15*17^-4 + 16*17^-3 + 6*17^-2 + 15*17^-1 + 13 + 13*17 + 5*17^2 + 16*17^3 + O(17^4) : 1 + O(17^20))
   (4*17^-3 + 6*17^-2 + 17^-1 + 11 + 15*17 + 17^2 + 8*17^3 + 5*17^4 + 3*17^5 + 8*17^6 + 11*17^8 + 9*17^9 + O(17^10) : 4*17^-9 + 14*17^-8 + 12*17^-7 + 4*17^-5 + 17^-4 + 10*17^-2 + 17^-1 + 3 + 3*17 + 11*17^2 + O(17^4) : 1 + O(17^20))
   (4*17^-3 + 6*17^-2 + 17^-1 + 15 + 14*17 + 15*17^2 + 3*17^3 + 13*17^5 + 17^6 + 9*17^7 + 2*17^8 + 6*17^9 + O(17^10) : 13*17^-9 + 2*17^-8 + 4*17^-7 + 4*17^-6 + 8*17^-5 + 15*17^-4 + 5*17^-3 + 10*17^-2 + 9*17^-1 + 2 + 9*17 + 3*17^2 + 13*17^3 + O(17^4) : 1 + O(17^20))
   (4*17^-3 + 6*17^-2 + 17^-1 + 15 + 14*17 + 15*17^2 + 3*17^3 + 13*17^5 + 17^6 + 9*17^7 + 2*17^8 + 6*17^9 + O(17^10) : 4*17^-9 + 14*17^-8 + 12*17^-7 + 12*17^-6 + 8*17^-5 + 17^-4 + 11*17^-3 + 6*17^-2 + 7*17^-1 + 14 + 7*17 + 13*17^2 + 3*17^3 + O(17^4) : 1 + O(17^20))
   (4*17^-3 + 8*17^-2 + 3*17^-1 + 10 + 16*17 + 13*17^2 + 12*17^3 + 9*17^4 + 7*17^5 + 14*17^6 + 13*17^7 + 7*17^8 + 2*17^9 + O(17^10) : 13*17^-9 + 13*17^-8 + 16*17^-7 + 7*17^-6 + 16*17^-5 + 6*17^-4 + 15*17^-3 + 8*17^-2 + 13*17^-1 + 12 + 7*17 + 8*17^2 + 11*17^3 + O(17^4) : 1 + O(17^20))
   (4*17^-3 + 8*17^-2 + 3*17^-1 + 10 + 16*17 + 13*17^2 + 12*17^3 + 9*17^4 + 7*17^5 + 14*17^6 + 13*17^7 + 7*17^8 + 2*17^9 + O(17^10) : 4*17^-9 + 3*17^-8 + 9*17^-6 + 10*17^-4 + 17^-3 + 8*17^-2 + 3*17^-1 + 4 + 9*17 + 8*17^2 + 5*17^3 + O(17^4) : 1 + O(17^20))
   (4*17^-3 + 9*17^-2 + 4*17^-1 + 11 + 16*17 + 9*17^2 + 15*17^3 + 4*17^5 + 9*17^6 + 13*17^7 + 6*17^8 + 4*17^9 + O(17^10) : 13*17^-9 + 10*17^-8 + 16*17^-7 + 14*17^-6 + 16*17^-5 + 13*17^-4 + 15*17^-3 + 11*17^-2 + 16*17^-1 + 12 + 10*17 + 13*17^3 + O(17^4) : 1 + O(17^20))
   (4*17^-3 + 9*17^-2 + 4*17^-1 + 11 + 16*17 + 9*17^2 + 15*17^3 + 4*17^5 + 9*17^6 + 13*17^7 + 6*17^8 + 4*17^9 + O(17^10) : 4*17^-9 + 6*17^-8 + 2*17^-6 + 3*17^-4 + 17^-3 + 5*17^-2 + 4 + 6*17 + 16*17^2 + 3*17^3 + O(17^4) : 1 + O(17^20))
   (4*17^-3 + 9*17^-2 + 4*17^-1 + 15 + 7*17 + 7*17^2 + 17^3 + 15*17^5 + 6*17^6 + 9*17^7 + 2*17^8 + 9*17^9 + O(17^10) : 13*17^-9 + 10*17^-8 + 16*17^-7 + 2*17^-6 + 17^-5 + 2*17^-4 + 8*17^-3 + 10*17^-2 + 13*17^-1 + 14 + 12*17 + 2*17^2 + 14*17^3 + O(17^4) : 1 + O(17^20))
   (4*17^-3 + 9*17^-2 + 4*17^-1 + 15 + 7*17 + 7*17^2 + 17^3 + 15*17^5 + 6*17^6 + 9*17^7 + 2*17^8 + 9*17^9 + O(17^10) : 4*17^-9 + 6*17^-8 + 14*17^-6 + 15*17^-5 + 14*17^-4 + 8*17^-3 + 6*17^-2 + 3*17^-1 + 2 + 4*17 + 14*17^2 + 2*17^3 + O(17^4) : 1 + O(17^20))
   (5 + 17 + 13*17^6 + 2*17^8 + 6*17^9 + 7*17^10 + 3*17^11 + 14*17^12 + 12*17^13 + 9*17^15 + 2*17^16 + O(17^17) : 15*17^3 + 12*17^4 + 15*17^5 + 5*17^6 + 17^7 + 2*17^8 + 3*17^9 + 13*17^10 + 17^11 + 11*17^12 + 12*17^13 + O(17^14) : 1 + O(17^20))
   (5 + 17 + 13*17^6 + 2*17^8 + 6*17^9 + 7*17^10 + 3*17^11 + 14*17^12 + 12*17^13 + 9*17^15 + 2*17^16 + O(17^17) : 2*17^3 + 4*17^4 + 17^5 + 11*17^6 + 15*17^7 + 14*17^8 + 13*17^9 + 3*17^10 + 15*17^11 + 5*17^12 + 4*17^13 + O(17^14) : 1 + O(17^20))
   (5 + 17 + 13*17^6 + 5*17^7 + 16*17^8 + 2*17^9 + 11*17^10 + 16*17^11 + 14*17^12 + 8*17^13 + 5*17^14 + 16*17^15 + 17^16 + O(17^17) : 15*17^3 + 9*17^4 + 10*17^5 + 11*17^6 + 17^7 + 13*17^8 + 15*17^9 + 9*17^10 + 16*17^11 + 8*17^12 + 8*17^13 + O(17^14) : 1 + O(17^20))
   (5 + 17 + 13*17^6 + 5*17^7 + 16*17^8 + 2*17^9 + 11*17^10 + 16*17^11 + 14*17^12 + 8*17^13 + 5*17^14 + 16*17^15 + 17^16 + O(17^17) : 2*17^3 + 7*17^4 + 6*17^5 + 5*17^6 + 15*17^7 + 3*17^8 + 17^9 + 7*17^10 + 8*17^12 + 8*17^13 + O(17^14) : 1 + O(17^20))
   (5 + 17 + 13*17^6 + 7*17^7 + 14*17^8 + 15*17^9 + 13*17^10 + 11*17^11 + 7*17^12 + 4*17^13 + 12*17^14 + 3*17^15 + 17^16 + O(17^17) : 15*17^3 + 17^4 + 3*17^5 + 17^6 + 5*17^7 + 13*17^8 + 13*17^9 + 9*17^10 + 10*17^12 + 10*17^13 + O(17^14) : 1 + O(17^20))
   (5 + 17 + 13*17^6 + 7*17^7 + 14*17^8 + 15*17^9 + 13*17^10 + 11*17^11 + 7*17^12 + 4*17^13 + 12*17^14 + 3*17^15 + 17^16 + O(17^17) : 2*17^3 + 15*17^4 + 13*17^5 + 15*17^6 + 11*17^7 + 3*17^8 + 3*17^9 + 7*17^10 + 16*17^11 + 6*17^12 + 6*17^13 + O(17^14) : 1 + O(17^20))
   (5 + 17 + 13*17^6 + 9*17^7 + 16*17^8 + 14*17^9 + 7*17^10 + 7*17^11 + 12*17^12 + 11*17^13 + 8*17^14 + 9*17^15 + 7*17^16 + O(17^17) : 15*17^3 + 10*17^4 + 11*17^5 + 5*17^6 + 9*17^7 + 11*17^9 + 17^10 + 8*17^11 + 11*17^12 + 4*17^13 + O(17^14) : 1 + O(17^20))
   (5 + 17 + 13*17^6 + 9*17^7 + 16*17^8 + 14*17^9 + 7*17^10 + 7*17^11 + 12*17^12 + 11*17^13 + 8*17^14 + 9*17^15 + 7*17^16 + O(17^17) : 2*17^3 + 6*17^4 + 5*17^5 + 11*17^6 + 7*17^7 + 16*17^8 + 5*17^9 + 15*17^10 + 8*17^11 + 5*17^12 + 12*17^13 + O(17^14) : 1 + O(17^20))
   (5 + 17 + 15*17^6 + 10*17^7 + 3*17^8 + 2*17^9 + 5*17^10 + 7*17^11 + 6*17^12 + 17^13 + 6*17^14 + 3*17^15 + 13*17^16 + O(17^17) : 11*17^3 + 10*17^4 + 17^5 + 17^6 + 5*17^7 + 17^8 + 4*17^9 + 3*17^10 + 4*17^11 + 16*17^12 + 6*17^13 + O(17^14) : 1 + O(17^20))
   (5 + 17 + 15*17^6 + 10*17^7 + 3*17^8 + 2*17^9 + 5*17^10 + 7*17^11 + 6*17^12 + 17^13 + 6*17^14 + 3*17^15 + 13*17^16 + O(17^17) : 6*17^3 + 6*17^4 + 15*17^5 + 15*17^6 + 11*17^7 + 15*17^8 + 12*17^9 + 13*17^10 + 12*17^11 + 10*17^13 + O(17^14) : 1 + O(17^20))
   (5 + 17 + 15*17^6 + 15*17^7 + 4*17^8 + 2*17^9 + 11*17^10 + 16*17^11 + 15*17^12 + 6*17^13 + 12*17^14 + 10*17^15 + 7*17^16 + O(17^17) : 11*17^3 + 9*17^4 + 15*17^5 + 9*17^6 + 14*17^7 + 10*17^8 + 3*17^9 + 9*17^10 + 11*17^11 + 6*17^12 + 5*17^13 + O(17^14) : 1 + O(17^20))
   (5 + 17 + 15*17^6 + 15*17^7 + 4*17^8 + 2*17^9 + 11*17^10 + 16*17^11 + 15*17^12 + 6*17^13 + 12*17^14 + 10*17^15 + 7*17^16 + O(17^17) : 6*17^3 + 7*17^4 + 17^5 + 7*17^6 + 2*17^7 + 6*17^8 + 13*17^9 + 7*17^10 + 5*17^11 + 10*17^12 + 11*17^13 + O(17^14) : 1 + O(17^20))
   (5 + 17 + 15*17^6 + 15*17^7 + 8*17^8 + 10*17^9 + 15*17^10 + 3*17^11 + 10*17^12 + 5*17^13 + 7*17^14 + 8*17^15 + O(17^17) : 11*17^3 + 9*17^4 + 4*17^5 + 9*17^6 + 12*17^7 + 2*17^8 + 3*17^9 + 6*17^10 + 17^11 + 7*17^12 + 3*17^13 + O(17^14) : 1 + O(17^20))
   (5 + 17 + 15*17^6 + 15*17^7 + 8*17^8 + 10*17^9 + 15*17^10 + 3*17^11 + 10*17^12 + 5*17^13 + 7*17^14 + 8*17^15 + O(17^17) : 6*17^3 + 7*17^4 + 12*17^5 + 7*17^6 + 4*17^7 + 14*17^8 + 13*17^9 + 10*17^10 + 15*17^11 + 9*17^12 + 13*17^13 + O(17^14) : 1 + O(17^20))
   (5 + 17 + 15*17^6 + 15*17^7 + 8*17^8 + 9*17^9 + 4*17^11 + 6*17^12 + 4*17^13 + 14*17^14 + 5*17^15 + 13*17^16 + O(17^17) : 11*17^3 + 9*17^4 + 4*17^5 + 16*17^6 + 5*17^7 + 8*17^8 + 9*17^9 + 14*17^10 + 15*17^11 + 13*17^12 + 15*17^13 + O(17^14) : 1 + O(17^20))
   (5 + 17 + 15*17^6 + 15*17^7 + 8*17^8 + 9*17^9 + 4*17^11 + 6*17^12 + 4*17^13 + 14*17^14 + 5*17^15 + 13*17^16 + O(17^17) : 6*17^3 + 7*17^4 + 12*17^5 + 11*17^7 + 8*17^8 + 7*17^9 + 2*17^10 + 17^11 + 3*17^12 + 17^13 + O(17^14) : 1 + O(17^20))
   (5 + 17 + 15*17^6 + 2*17^7 + 7*17^8 + 9*17^9 + 2*17^10 + 17^11 + 16*17^13 + 13*17^14 + 2*17^15 + 7*17^16 + O(17^17) : 11*17^3 + 15*17^4 + 8*17^5 + 9*17^6 + 2*17^7 + 4*17^8 + 3*17^9 + 14*17^11 + 8*17^12 + 17^13 + O(17^14) : 1 + O(17^20))
   (5 + 17 + 15*17^6 + 2*17^7 + 7*17^8 + 9*17^9 + 2*17^10 + 17^11 + 16*17^13 + 13*17^14 + 2*17^15 + 7*17^16 + O(17^17) : 6*17^3 + 17^4 + 8*17^5 + 7*17^6 + 14*17^7 + 12*17^8 + 13*17^9 + 16*17^10 + 2*17^11 + 8*17^12 + 15*17^13 + O(17^14) : 1 + O(17^20))
   (5 + 17 + 15*17^6 + 6*17^7 + 11*17^8 + 8*17^12 + 3*17^13 + 13*17^14 + 12*17^15 + 2*17^16 + O(17^17) : 11*17^3 + 4*17^4 + 11*17^5 + 17^6 + 12*17^7 + 16*17^8 + 6*17^9 + 15*17^10 + 10*17^11 + 7*17^12 + 10*17^13 + O(17^14) : 1 + O(17^20))
   (5 + 17 + 15*17^6 + 6*17^7 + 11*17^8 + 8*17^12 + 3*17^13 + 13*17^14 + 12*17^15 + 2*17^16 + O(17^17) : 6*17^3 + 12*17^4 + 5*17^5 + 15*17^6 + 4*17^7 + 10*17^9 + 17^10 + 6*17^11 + 9*17^12 + 6*17^13 + O(17^14) : 1 + O(17^20))
   (5 + 17 + 15*17^6 + 9*17^7 + 6*17^8 + 10*17^9 + 13*17^10 + 13*17^11 + 4*17^12 + 5*17^14 + 5*17^15 + 8*17^16 + O(17^17) : 11*17^3 + 6*17^5 + 2*17^6 + 2*17^7 + 14*17^8 + 8*17^9 + 17^10 + 17^12 + 14*17^13 + O(17^14) : 1 + O(17^20))
   (5 + 17 + 15*17^6 + 9*17^7 + 6*17^8 + 10*17^9 + 13*17^10 + 13*17^11 + 4*17^12 + 5*17^14 + 5*17^15 + 8*17^16 + O(17^17) : 6*17^3 + 16*17^4 + 10*17^5 + 14*17^6 + 14*17^7 + 2*17^8 + 8*17^9 + 15*17^10 + 16*17^11 + 15*17^12 + 2*17^13 + O(17^14) : 1 + O(17^20))
   (5 + 17 + 15*17^6 + 9*17^7 + 8*17^8 + 17^9 + 4*17^10 + 16*17^11 + 9*17^12 + 16*17^13 + 5*17^14 + 12*17^15 + 2*17^16 + O(17^17) : 11*17^3 + 9*17^5 + 3*17^6 + 11*17^7 + 14*17^8 + 4*17^9 + 11*17^10 + 12*17^11 + 10*17^12 + 13*17^13 + O(17^14) : 1 + O(17^20))
   (5 + 17 + 15*17^6 + 9*17^7 + 8*17^8 + 17^9 + 4*17^10 + 16*17^11 + 9*17^12 + 16*17^13 + 5*17^14 + 12*17^15 + 2*17^16 + O(17^17) : 6*17^3 + 16*17^4 + 7*17^5 + 13*17^6 + 5*17^7 + 2*17^8 + 12*17^9 + 5*17^10 + 4*17^11 + 6*17^12 + 3*17^13 + O(17^14) : 1 + O(17^20))
   (5 + 17 + 16*17^6 + 11*17^7 + 7*17^8 + 13*17^9 + 9*17^10 + 10*17^11 + 10*17^12 + 17^13 + 3*17^14 + 14*17^15 + 13*17^16 + O(17^17) : 16*17^3 + 5*17^4 + 8*17^5 + 11*17^6 + 15*17^7 + 7*17^8 + 6*17^9 + 2*17^10 + 12*17^11 + 10*17^12 + 7*17^13 + O(17^14) : 1 + O(17^20))
   (5 + 17 + 16*17^6 + 11*17^7 + 7*17^8 + 13*17^9 + 9*17^10 + 10*17^11 + 10*17^12 + 17^13 + 3*17^14 + 14*17^15 + 13*17^16 + O(17^17) : 17^3 + 11*17^4 + 8*17^5 + 5*17^6 + 17^7 + 9*17^8 + 10*17^9 + 14*17^10 + 4*17^11 + 6*17^12 + 9*17^13 + O(17^14) : 1 + O(17^20))
   (5 + 17 + 16*17^6 + 12*17^7 + 2*17^8 + 14*17^9 + 10*17^10 + 17^11 + 7*17^12 + 5*17^13 + 11*17^14 + 16*17^15 + 14*17^16 + O(17^17) : 16*17^3 + 14*17^4 + 6*17^5 + 13*17^6 + 14*17^8 + 6*17^9 + 3*17^10 + 10*17^11 + 4*17^12 + 3*17^13 + O(17^14) : 1 + O(17^20))
   (5 + 17 + 16*17^6 + 12*17^7 + 2*17^8 + 14*17^9 + 10*17^10 + 17^11 + 7*17^12 + 5*17^13 + 11*17^14 + 16*17^15 + 14*17^16 + O(17^17) : 17^3 + 2*17^4 + 10*17^5 + 3*17^6 + 16*17^7 + 2*17^8 + 10*17^9 + 13*17^10 + 6*17^11 + 12*17^12 + 13*17^13 + O(17^14) : 1 + O(17^20))
   (5 + 17 + 16*17^6 + 14*17^7 + 10*17^9 + 13*17^10 + 13*17^11 + 16*17^12 + 12*17^13 + 16*17^14 + 9*17^15 + 3*17^16 + O(17^17) : 16*17^3 + 15*17^4 + 12*17^5 + 13*17^6 + 17^7 + 8*17^8 + 2*17^9 + 16*17^10 + 16*17^11 + 12*17^12 + 15*17^13 + O(17^14) : 1 + O(17^20))
   (5 + 17 + 16*17^6 + 14*17^7 + 10*17^9 + 13*17^10 + 13*17^11 + 16*17^12 + 12*17^13 + 16*17^14 + 9*17^15 + 3*17^16 + O(17^17) : 17^3 + 17^4 + 4*17^5 + 3*17^6 + 15*17^7 + 8*17^8 + 14*17^9 + 4*17^12 + 17^13 + O(17^14) : 1 + O(17^20))
   (5 + 17 + 16*17^6 + 5*17^7 + 5*17^8 + 14*17^9 + 5*17^10 + 3*17^11 + 9*17^12 + 2*17^13 + 4*17^14 + 13*17^15 + 6*17^16 + O(17^17) : 16*17^3 + 2*17^4 + 2*17^5 + 7*17^6 + 14*17^7 + 7*17^8 + 17^9 + 4*17^10 + 5*17^11 + 15*17^13 + O(17^14) : 1 + O(17^20))
   (5 + 17 + 16*17^6 + 5*17^7 + 5*17^8 + 14*17^9 + 5*17^10 + 3*17^11 + 9*17^12 + 2*17^13 + 4*17^14 + 13*17^15 + 6*17^16 + O(17^17) : 17^3 + 14*17^4 + 14*17^5 + 9*17^6 + 2*17^7 + 9*17^8 + 15*17^9 + 12*17^10 + 11*17^11 + 16*17^12 + 17^13 + O(17^14) : 1 + O(17^20))
   (5 + 17 + 16*17^6 + 7*17^7 + 5*17^8 + 7*17^10 + 5*17^11 + 6*17^12 + 13*17^13 + 14*17^14 + 9*17^15 + 10*17^16 + O(17^17) : 16*17^3 + 3*17^4 + 14*17^5 + 4*17^7 + 13*17^8 + 7*17^9 + 7*17^10 + 8*17^11 + 13*17^12 + 7*17^13 + O(17^14) : 1 + O(17^20))
   (5 + 17 + 16*17^6 + 7*17^7 + 5*17^8 + 7*17^10 + 5*17^11 + 6*17^12 + 13*17^13 + 14*17^14 + 9*17^15 + 10*17^16 + O(17^17) : 17^3 + 13*17^4 + 2*17^5 + 16*17^6 + 12*17^7 + 3*17^8 + 9*17^9 + 9*17^10 + 8*17^11 + 3*17^12 + 9*17^13 + O(17^14) : 1 + O(17^20))
   (5 + 17 + 17^6 + 10*17^8 + 4*17^9 + 13*17^10 + 15*17^11 + 8*17^12 + 14*17^13 + 12*17^14 + 12*17^15 + 16*17^16 + O(17^17) : 13*17^3 + 14*17^4 + 7*17^6 + 6*17^7 + 17^8 + 13*17^9 + 9*17^10 + 15*17^11 + 17^12 + 10*17^13 + O(17^14) : 1 + O(17^20))
   (5 + 17 + 17^6 + 10*17^8 + 4*17^9 + 13*17^10 + 15*17^11 + 8*17^12 + 14*17^13 + 12*17^14 + 12*17^15 + 16*17^16 + O(17^17) : 4*17^3 + 2*17^4 + 16*17^5 + 9*17^6 + 10*17^7 + 15*17^8 + 3*17^9 + 7*17^10 + 17^11 + 15*17^12 + 6*17^13 + O(17^14) : 1 + O(17^20))
   (5 + 17 + 17^6 + 12*17^8 + 12*17^9 + 3*17^10 + 17^11 + 14*17^12 + 13*17^13 + 8*17^14 + 10*17^15 + O(17^17) : 13*17^3 + 14*17^4 + 13*17^5 + 5*17^6 + 9*17^7 + 11*17^8 + 13*17^9 + 14*17^10 + 6*17^11 + 15*17^12 + 2*17^13 + O(17^14) : 1 + O(17^20))
   (5 + 17 + 17^6 + 12*17^8 + 12*17^9 + 3*17^10 + 17^11 + 14*17^12 + 13*17^13 + 8*17^14 + 10*17^15 + O(17^17) : 4*17^3 + 2*17^4 + 3*17^5 + 11*17^6 + 7*17^7 + 5*17^8 + 3*17^9 + 2*17^10 + 10*17^11 + 17^12 + 14*17^13 + O(17^14) : 1 + O(17^20))
   (5 + 17 + 17^6 + 14*17^7 + 14*17^8 + 11*17^9 + 16*17^10 + 17^11 + 12*17^12 + 16*17^13 + 11*17^15 + 7*17^16 + O(17^17) : 13*17^3 + 3*17^4 + 7*17^5 + 5*17^6 + 9*17^7 + 16*17^8 + 4*17^9 + 10*17^10 + 10*17^12 + 14*17^13 + O(17^14) : 1 + O(17^20))
   (5 + 17 + 17^6 + 14*17^7 + 14*17^8 + 11*17^9 + 16*17^10 + 17^11 + 12*17^12 + 16*17^13 + 11*17^15 + 7*17^16 + O(17^17) : 4*17^3 + 13*17^4 + 9*17^5 + 11*17^6 + 7*17^7 + 12*17^9 + 6*17^10 + 16*17^11 + 6*17^12 + 2*17^13 + O(17^14) : 1 + O(17^20))
   (5 + 17 + 17^6 + 16*17^7 + 14*17^8 + 3*17^9 + 12*17^10 + 7*17^11 + 12*17^12 + 6*17^13 + 5*17^14 + 3*17^15 + 14*17^16 + O(17^17) : 13*17^3 + 16*17^4 + 4*17^6 + 11*17^7 + 6*17^8 + 10*17^9 + 17^10 + 15*17^11 + 14*17^12 + 11*17^13 + O(17^14) : 1 + O(17^20))
   (5 + 17 + 17^6 + 16*17^7 + 14*17^8 + 3*17^9 + 12*17^10 + 7*17^11 + 12*17^12 + 6*17^13 + 5*17^14 + 3*17^15 + 14*17^16 + O(17^17) : 4*17^3 + 16*17^5 + 12*17^6 + 5*17^7 + 10*17^8 + 6*17^9 + 15*17^10 + 17^11 + 2*17^12 + 5*17^13 + O(17^14) : 1 + O(17^20))
   (5 + 17 + 17^6 + 16*17^7 + 14*17^8 + 4*17^9 + 10*17^10 + 7*17^11 + 16*17^12 + 7*17^13 + 15*17^14 + 11*17^15 + 14*17^16 + O(17^17) : 13*17^3 + 16*17^4 + 2*17^6 + 13*17^7 + 13*17^8 + 5*17^9 + 8*17^10 + 12*17^11 + 10*17^12 + 11*17^13 + O(17^14) : 1 + O(17^20))
   (5 + 17 + 17^6 + 16*17^7 + 14*17^8 + 4*17^9 + 10*17^10 + 7*17^11 + 16*17^12 + 7*17^13 + 15*17^14 + 11*17^15 + 14*17^16 + O(17^17) : 4*17^3 + 16*17^5 + 14*17^6 + 3*17^7 + 3*17^8 + 11*17^9 + 8*17^10 + 4*17^11 + 6*17^12 + 5*17^13 + O(17^14) : 1 + O(17^20))
   (5 + 17 + 17^6 + 5*17^7 + 13*17^8 + 12*17^9 + 9*17^10 + 10*17^11 + 6*17^12 + 15*17^13 + 3*17^14 + 11*17^16 + O(17^17) : 13*17^3 + 4*17^4 + 10*17^5 + 12*17^6 + 17^7 + 8*17^8 + 11*17^9 + 13*17^10 + 7*17^11 + 2*17^12 + 6*17^13 + O(17^14) : 1 + O(17^20))
   (5 + 17 + 17^6 + 5*17^7 + 13*17^8 + 12*17^9 + 9*17^10 + 10*17^11 + 6*17^12 + 15*17^13 + 3*17^14 + 11*17^16 + O(17^17) : 4*17^3 + 12*17^4 + 6*17^5 + 4*17^6 + 15*17^7 + 8*17^8 + 5*17^9 + 3*17^10 + 9*17^11 + 14*17^12 + 10*17^13 + O(17^14) : 1 + O(17^20))
   (5 + 17 + 17^6 + 5*17^7 + 4*17^9 + 14*17^10 + 14*17^11 + 14*17^13 + 5*17^14 + 8*17^15 + O(17^17) : 13*17^3 + 4*17^4 + 2*17^5 + 12*17^6 + 11*17^7 + 8*17^8 + 9*17^9 + 15*17^10 + 5*17^11 + 9*17^12 + 9*17^13 + O(17^14) : 1 + O(17^20))
   (5 + 17 + 17^6 + 5*17^7 + 4*17^9 + 14*17^10 + 14*17^11 + 14*17^13 + 5*17^14 + 8*17^15 + O(17^17) : 4*17^3 + 12*17^4 + 14*17^5 + 4*17^6 + 5*17^7 + 8*17^8 + 7*17^9 + 17^10 + 11*17^11 + 7*17^12 + 7*17^13 + O(17^14) : 1 + O(17^20))
   (5 + 17 + 17^6 + 6*17^7 + 12*17^8 + 3*17^9 + 6*17^11 + 10*17^12 + 3*17^13 + 15*17^14 + 3*17^15 + 11*17^16 + O(17^17) : 13*17^3 + 2*17^4 + 8*17^5 + 12*17^6 + 17^7 + 16*17^8 + 5*17^9 + 6*17^10 + 7*17^12 + 5*17^13 + O(17^14) : 1 + O(17^20))
   (5 + 17 + 17^6 + 6*17^7 + 12*17^8 + 3*17^9 + 6*17^11 + 10*17^12 + 3*17^13 + 15*17^14 + 3*17^15 + 11*17^16 + O(17^17) : 4*17^3 + 14*17^4 + 8*17^5 + 4*17^6 + 15*17^7 + 11*17^9 + 10*17^10 + 16*17^11 + 9*17^12 + 11*17^13 + O(17^14) : 1 + O(17^20))
   (5 + 17 + 17^6 + 6*17^7 + 12*17^8 + 4*17^9 + 15*17^10 + 5*17^11 + 14*17^12 + 4*17^13 + 8*17^14 + 12*17^15 + 8*17^16 + O(17^17) : 13*17^3 + 2*17^4 + 8*17^5 + 10*17^6 + 10*17^7 + 13*17^8 + 12*17^9 + 3*17^10 + 13*17^11 + 2*17^12 + 7*17^13 + O(17^14) : 1 + O(17^20))
   (5 + 17 + 17^6 + 6*17^7 + 12*17^8 + 4*17^9 + 15*17^10 + 5*17^11 + 14*17^12 + 4*17^13 + 8*17^14 + 12*17^15 + 8*17^16 + O(17^17) : 4*17^3 + 14*17^4 + 8*17^5 + 6*17^6 + 6*17^7 + 3*17^8 + 4*17^9 + 13*17^10 + 3*17^11 + 14*17^12 + 9*17^13 + O(17^14) : 1 + O(17^20))
   (5 + 17 + 17^6 + 6*17^7 + 8*17^8 + 13*17^9 + 10*17^10 + 17^11 + 3*17^12 + 6*17^13 + 6*17^14 + 13*17^15 + 3*17^16 + O(17^17) : 13*17^3 + 2*17^4 + 16*17^5 + 6*17^6 + 9*17^7 + 9*17^8 + 9*17^9 + 17^10 + 14*17^11 + 7*17^12 + 4*17^13 + O(17^14) : 1 + O(17^20))
   (5 + 17 + 17^6 + 6*17^7 + 8*17^8 + 13*17^9 + 10*17^10 + 17^11 + 3*17^12 + 6*17^13 + 6*17^14 + 13*17^15 + 3*17^16 + O(17^17) : 4*17^3 + 14*17^4 + 10*17^6 + 7*17^7 + 7*17^8 + 7*17^9 + 15*17^10 + 2*17^11 + 9*17^12 + 12*17^13 + O(17^14) : 1 + O(17^20))
   (5 + 17 + 17^6 + 8*17^7 + 14*17^8 + 3*17^9 + 3*17^10 + 14*17^11 + 15*17^12 + 9*17^13 + 13*17^15 + 3*17^16 + O(17^17) : 13*17^3 + 15*17^4 + 15*17^5 + 4*17^6 + 4*17^7 + 11*17^8 + 15*17^9 + 7*17^10 + 6*17^11 + 11*17^13 + O(17^14) : 1 + O(17^20))
   (5 + 17 + 17^6 + 8*17^7 + 14*17^8 + 3*17^9 + 3*17^10 + 14*17^11 + 15*17^12 + 9*17^13 + 13*17^15 + 3*17^16 + O(17^17) : 4*17^3 + 17^4 + 17^5 + 12*17^6 + 12*17^7 + 5*17^8 + 17^9 + 9*17^10 + 10*17^11 + 16*17^12 + 5*17^13 + O(17^14) : 1 + O(17^20))
   (5 + 17 + 2*17^6 + 10*17^7 + 13*17^8 + 15*17^9 + 8*17^10 + 8*17^11 + 5*17^12 + 11*17^13 + 17^14 + 14*17^15 + 3*17^16 + O(17^17) : 10*17^3 + 6*17^4 + 14*17^5 + 15*17^6 + 8*17^7 + 9*17^8 + 15*17^9 + 17^10 + 3*17^11 + 17^12 + O(17^14) : 1 + O(17^20))
   (5 + 17 + 2*17^6 + 10*17^7 + 13*17^8 + 15*17^9 + 8*17^10 + 8*17^11 + 5*17^12 + 11*17^13 + 17^14 + 14*17^15 + 3*17^16 + O(17^17) : 7*17^3 + 10*17^4 + 2*17^5 + 17^6 + 8*17^7 + 7*17^8 + 17^9 + 15*17^10 + 13*17^11 + 15*17^12 + 16*17^13 + O(17^14) : 1 + O(17^20))
   (5 + 17 + 2*17^6 + 13*17^7 + 8*17^8 + 8*17^9 + 5*17^10 + 5*17^11 + 2*17^12 + 15*17^13 + 4*17^14 + 8*17^16 + O(17^17) : 10*17^3 + 5*17^4 + 14*17^5 + 14*17^7 + 10*17^8 + 13*17^9 + 10*17^10 + 13*17^11 + 15*17^12 + 5*17^13 + O(17^14) : 1 + O(17^20))
   (5 + 17 + 2*17^6 + 13*17^7 + 8*17^8 + 8*17^9 + 5*17^10 + 5*17^11 + 2*17^12 + 15*17^13 + 4*17^14 + 8*17^16 + O(17^17) : 7*17^3 + 11*17^4 + 2*17^5 + 16*17^6 + 2*17^7 + 6*17^8 + 3*17^9 + 6*17^10 + 3*17^11 + 17^12 + 11*17^13 + O(17^14) : 1 + O(17^20))
   (5 + 17 + 2*17^6 + 2*17^7 + 11*17^8 + 7*17^9 + 9*17^10 + 12*17^11 + 3*17^12 + 16*17^13 + 13*17^14 + 8*17^15 + 4*17^16 + O(17^17) : 10*17^3 + 3*17^4 + 8*17^5 + 8*17^6 + 17^7 + 17^8 + 4*17^9 + 3*17^10 + 8*17^11 + 13*17^12 + 12*17^13 + O(17^14) : 1 + O(17^20))
   (5 + 17 + 2*17^6 + 2*17^7 + 11*17^8 + 7*17^9 + 9*17^10 + 12*17^11 + 3*17^12 + 16*17^13 + 13*17^14 + 8*17^15 + 4*17^16 + O(17^17) : 7*17^3 + 13*17^4 + 8*17^5 + 8*17^6 + 15*17^7 + 15*17^8 + 12*17^9 + 13*17^10 + 8*17^11 + 3*17^12 + 4*17^13 + O(17^14) : 1 + O(17^20))
   (5 + 17 + 2*17^6 + 4*17^7 + 9*17^8 + 3*17^9 + 12*17^10 + 7*17^11 + 13*17^12 + 17^13 + 14*17^14 + 3*17^15 + 5*17^16 + O(17^17) : 10*17^3 + 8*17^4 + 11*17^5 + 3*17^6 + 17^7 + 13*17^8 + 16*17^10 + 10*17^11 + 3*17^12 + 7*17^13 + O(17^14) : 1 + O(17^20))
   (5 + 17 + 2*17^6 + 4*17^7 + 9*17^8 + 3*17^9 + 12*17^10 + 7*17^11 + 13*17^12 + 17^13 + 14*17^14 + 3*17^15 + 5*17^16 + O(17^17) : 7*17^3 + 8*17^4 + 5*17^5 + 13*17^6 + 15*17^7 + 3*17^8 + 16*17^9 + 6*17^11 + 13*17^12 + 9*17^13 + O(17^14) : 1 + O(17^20))
   (5 + 17 + 2*17^6 + 4*17^7 + 9*17^8 + 4*17^9 + 10*17^10 + 7*17^11 + 3*17^13 + 7*17^14 + 14*17^15 + 8*17^16 + O(17^17) : 10*17^3 + 8*17^4 + 11*17^5 + 14*17^6 + 17^7 + 16*17^8 + 10*17^9 + 17^10 + 5*17^11 + 2*17^12 + 12*17^13 + O(17^14) : 1 + O(17^20))
   (5 + 17 + 2*17^6 + 4*17^7 + 9*17^8 + 4*17^9 + 10*17^10 + 7*17^11 + 3*17^13 + 7*17^14 + 14*17^15 + 8*17^16 + O(17^17) : 7*17^3 + 8*17^4 + 5*17^5 + 2*17^6 + 15*17^7 + 6*17^9 + 15*17^10 + 11*17^11 + 14*17^12 + 4*17^13 + O(17^14) : 1 + O(17^20))
   (5 + 17 + 2*17^6 + 5*17^7 + 4*17^8 + 4*17^9 + 13*17^10 + 15*17^11 + 9*17^12 + 11*17^13 + 17^14 + 10*17^15 + 3*17^16 + O(17^17) : 10*17^3 + 2*17^4 + 17^5 + 11*17^6 + 17^7 + 2*17^8 + 12*17^9 + 14*17^10 + 17^11 + 13*17^12 + 4*17^13 + O(17^14) : 1 + O(17^20))
   (5 + 17 + 2*17^6 + 5*17^7 + 4*17^8 + 4*17^9 + 13*17^10 + 15*17^11 + 9*17^12 + 11*17^13 + 17^14 + 10*17^15 + 3*17^16 + O(17^17) : 7*17^3 + 14*17^4 + 15*17^5 + 5*17^6 + 15*17^7 + 14*17^8 + 4*17^9 + 2*17^10 + 15*17^11 + 3*17^12 + 12*17^13 + O(17^14) : 1 + O(17^20))
   (5 + 17 + 4*17^6 + 12*17^7 + 16*17^8 + 6*17^9 + 9*17^10 + 12*17^11 + 11*17^12 + 15*17^13 + 2*17^14 + 14*17^15 + 17^16 + O(17^17) : 8*17^3 + 16*17^4 + 5*17^5 + 3*17^6 + 16*17^7 + 12*17^8 + 6*17^9 + 9*17^10 + 17^11 + 11*17^12 + 14*17^13 + O(17^14) : 1 + O(17^20))
   (5 + 17 + 4*17^6 + 12*17^7 + 16*17^8 + 6*17^9 + 9*17^10 + 12*17^11 + 11*17^12 + 15*17^13 + 2*17^14 + 14*17^15 + 17^16 + O(17^17) : 9*17^3 + 11*17^5 + 13*17^6 + 4*17^8 + 10*17^9 + 7*17^10 + 15*17^11 + 5*17^12 + 2*17^13 + O(17^14) : 1 + O(17^20))
   (5 + 17 + 4*17^6 + 12*17^7 + 3*17^8 + 15*17^9 + 13*17^10 + 16*17^11 + 5*17^12 + 14*17^13 + 11*17^14 + 6*17^15 + 3*17^16 + O(17^17) : 8*17^3 + 16*17^4 + 9*17^5 + 7*17^6 + 17^7 + 13*17^9 + 14*17^10 + 9*17^11 + 12*17^12 + 12*17^13 + O(17^14) : 1 + O(17^20))
   (5 + 17 + 4*17^6 + 12*17^7 + 3*17^8 + 15*17^9 + 13*17^10 + 16*17^11 + 5*17^12 + 14*17^13 + 11*17^14 + 6*17^15 + 3*17^16 + O(17^17) : 9*17^3 + 7*17^5 + 9*17^6 + 15*17^7 + 16*17^8 + 3*17^9 + 2*17^10 + 7*17^11 + 4*17^12 + 4*17^13 + O(17^14) : 1 + O(17^20))
   (5 + 17 + 4*17^6 + 14*17^7 + 3*17^8 + 6*17^9 + 11*17^10 + 5*17^11 + 2*17^12 + 15*17^13 + 14*17^14 + 6*17^15 + 7*17^16 + O(17^17) : 8*17^3 + 17^4 + 12*17^5 + 13*17^6 + 15*17^7 + 17^8 + 11*17^9 + 3*17^10 + 14*17^12 + 15*17^13 + O(17^14) : 1 + O(17^20))
   (5 + 17 + 4*17^6 + 14*17^7 + 3*17^8 + 6*17^9 + 11*17^10 + 5*17^11 + 2*17^12 + 15*17^13 + 14*17^14 + 6*17^15 + 7*17^16 + O(17^17) : 9*17^3 + 15*17^4 + 4*17^5 + 3*17^6 + 17^7 + 15*17^8 + 5*17^9 + 13*17^10 + 16*17^11 + 2*17^12 + 17^13 + O(17^14) : 1 + O(17^20))
   (5 + 17 + 4*17^6 + 15*17^7 + 15*17^9 + 2*17^10 + 16*17^11 + 3*17^12 + 11*17^13 + 4*17^14 + 5*17^15 + 6*17^16 + O(17^17) : 8*17^3 + 2*17^4 + 13*17^5 + 10*17^6 + 2*17^7 + 3*17^8 + 10*17^9 + 15*17^10 + 17^11 + 5*17^12 + 4*17^13 + O(17^14) : 1 + O(17^20))
   (5 + 17 + 4*17^6 + 15*17^7 + 15*17^9 + 2*17^10 + 16*17^11 + 3*17^12 + 11*17^13 + 4*17^14 + 5*17^15 + 6*17^16 + O(17^17) : 9*17^3 + 14*17^4 + 3*17^5 + 6*17^6 + 14*17^7 + 13*17^8 + 6*17^9 + 17^10 + 15*17^11 + 11*17^12 + 12*17^13 + O(17^14) : 1 + O(17^20))
   (5 + 17 + 4*17^6 + 3*17^7 + 2*17^8 + 15*17^9 + 8*17^10 + 8*17^11 + 13*17^12 + 8*17^13 + 10*17^14 + 5*17^15 + 5*17^16 + O(17^17) : 8*17^3 + 7*17^4 + 13*17^5 + 6*17^6 + 4*17^7 + 13*17^8 + 17^9 + 7*17^10 + 7*17^11 + 6*17^12 + 7*17^13 + O(17^14) : 1 + O(17^20))
   (5 + 17 + 4*17^6 + 3*17^7 + 2*17^8 + 15*17^9 + 8*17^10 + 8*17^11 + 13*17^12 + 8*17^13 + 10*17^14 + 5*17^15 + 5*17^16 + O(17^17) : 9*17^3 + 9*17^4 + 3*17^5 + 10*17^6 + 12*17^7 + 3*17^8 + 15*17^9 + 9*17^10 + 9*17^11 + 10*17^12 + 9*17^13 + O(17^14) : 1 + O(17^20))
   (5 + 17 + 4*17^6 + 3*17^7 + 6*17^8 + 6*17^9 + 13*17^10 + 12*17^11 + 7*17^12 + 7*17^13 + 2*17^14 + 11*17^15 + 7*17^16 + O(17^17) : 8*17^3 + 7*17^4 + 7*17^6 + 2*17^7 + 5*17^8 + 2*17^10 + 3*17^11 + 8*17^12 + 13*17^13 + O(17^14) : 1 + O(17^20))
   (5 + 17 + 4*17^6 + 3*17^7 + 6*17^8 + 6*17^9 + 13*17^10 + 12*17^11 + 7*17^12 + 7*17^13 + 2*17^14 + 11*17^15 + 7*17^16 + O(17^17) : 9*17^3 + 9*17^4 + 16*17^5 + 9*17^6 + 14*17^7 + 11*17^8 + 16*17^9 + 14*17^10 + 13*17^11 + 8*17^12 + 3*17^13 + O(17^14) : 1 + O(17^20))
   (5 + 17 + 4*17^6 + 4*17^7 + 17^8 + 6*17^9 + 16*17^10 + 3*17^11 + 3*17^13 + 3*17^14 + 3*17^15 + 10*17^16 + O(17^17) : 8*17^3 + 8*17^4 + 11*17^5 + 4*17^7 + 12*17^8 + 15*17^9 + 17^10 + 8*17^11 + 8*17^12 + O(17^14) : 1 + O(17^20))
   (5 + 17 + 4*17^6 + 4*17^7 + 17^8 + 6*17^9 + 16*17^10 + 3*17^11 + 3*17^13 + 3*17^14 + 3*17^15 + 10*17^16 + O(17^17) : 9*17^3 + 8*17^4 + 5*17^5 + 16*17^6 + 12*17^7 + 4*17^8 + 17^9 + 15*17^10 + 8*17^11 + 8*17^12 + 16*17^13 + O(17^14) : 1 + O(17^20))
   (5 + 17 + 4*17^6 + 6*17^7 + 17^8 + 15*17^9 + 11*17^10 + 9*17^11 + 5*17^13 + 17^14 + 5*17^15 + O(17^17) : 8*17^3 + 10*17^4 + 15*17^5 + 6*17^6 + 8*17^7 + 9*17^8 + 5*17^9 + 15*17^10 + 7*17^11 + 5*17^12 + 9*17^13 + O(17^14) : 1 + O(17^20))
   (5 + 17 + 4*17^6 + 6*17^7 + 17^8 + 15*17^9 + 11*17^10 + 9*17^11 + 5*17^13 + 17^14 + 5*17^15 + O(17^17) : 9*17^3 + 6*17^4 + 17^5 + 10*17^6 + 8*17^7 + 7*17^8 + 11*17^9 + 17^10 + 9*17^11 + 11*17^12 + 7*17^13 + O(17^14) : 1 + O(17^20))
   (5 + 17 + 4*17^6 + 6*17^7 + 17^8 + 16*17^9 + 9*17^10 + 9*17^11 + 4*17^12 + 6*17^13 + 11*17^14 + 2*17^15 + 11*17^16 + O(17^17) : 8*17^3 + 10*17^4 + 15*17^5 + 7*17^6 + 10*17^7 + 7*17^8 + 12*17^9 + 3*17^10 + 6*17^11 + 14*17^12 + 16*17^13 + O(17^14) : 1 + O(17^20))
   (5 + 17 + 4*17^6 + 6*17^7 + 17^8 + 16*17^9 + 9*17^10 + 9*17^11 + 4*17^12 + 6*17^13 + 11*17^14 + 2*17^15 + 11*17^16 + O(17^17) : 9*17^3 + 6*17^4 + 17^5 + 9*17^6 + 6*17^7 + 9*17^8 + 4*17^9 + 13*17^10 + 10*17^11 + 2*17^12 + O(17^14) : 1 + O(17^20))
   (5 + 17 + 4*17^6 + 7*17^7 + 15*17^8 + 6*17^9 + 3*17^10 + 3*17^11 + 2*17^12 + 17^13 + 9*17^14 + 2*17^15 + 13*17^16 + O(17^17) : 8*17^3 + 11*17^4 + 17^6 + 2*17^7 + 11*17^8 + 8*17^9 + 14*17^10 + 16*17^11 + 3*17^12 + 9*17^13 + O(17^14) : 1 + O(17^20))
   (5 + 17 + 4*17^6 + 7*17^7 + 15*17^8 + 6*17^9 + 3*17^10 + 3*17^11 + 2*17^12 + 17^13 + 9*17^14 + 2*17^15 + 13*17^16 + O(17^17) : 9*17^3 + 5*17^4 + 16*17^5 + 15*17^6 + 14*17^7 + 5*17^8 + 8*17^9 + 2*17^10 + 13*17^12 + 7*17^13 + O(17^14) : 1 + O(17^20))
   (5 + 17 + 8*17^6 + 15*17^8 + 9*17^9 + 13*17^10 + 13*17^11 + 10*17^12 + 6*17^13 + 14*17^15 + 2*17^16 + O(17^17) : 14*17^3 + 2*17^4 + 3*17^5 + 5*17^6 + 10*17^7 + 9*17^8 + 10*17^9 + 5*17^10 + 8*17^11 + 11*17^13 + O(17^14) : 1 + O(17^20))
   (5 + 17 + 8*17^6 + 15*17^8 + 9*17^9 + 13*17^10 + 13*17^11 + 10*17^12 + 6*17^13 + 14*17^15 + 2*17^16 + O(17^17) : 3*17^3 + 14*17^4 + 13*17^5 + 11*17^6 + 6*17^7 + 7*17^8 + 6*17^9 + 11*17^10 + 8*17^11 + 16*17^12 + 5*17^13 + O(17^14) : 1 + O(17^20))
   (5 + 17 + 8*17^6 + 17^7 + 16*17^8 + 8*17^9 + 11*17^10 + 11*17^11 + 2*17^12 + 8*17^13 + 8*17^14 + 3*17^15 + 9*17^16 + O(17^17) : 14*17^3 + 5*17^4 + 16*17^5 + 17^6 + 4*17^7 + 3*17^8 + 13*17^9 + 15*17^10 + 5*17^11 + 12*17^12 + O(17^14) : 1 + O(17^20))
   (5 + 17 + 8*17^6 + 17^7 + 16*17^8 + 8*17^9 + 11*17^10 + 11*17^11 + 2*17^12 + 8*17^13 + 8*17^14 + 3*17^15 + 9*17^16 + O(17^17) : 3*17^3 + 11*17^4 + 15*17^6 + 12*17^7 + 13*17^8 + 3*17^9 + 17^10 + 11*17^11 + 4*17^12 + 16*17^13 + O(17^14) : 1 + O(17^20))
   (5 + 17 + 8*17^6 + 17^7 + 16*17^8 + 9*17^9 + 9*17^10 + 11*17^11 + 6*17^12 + 9*17^13 + 17^14 + 9*17^15 + 16*17^16 + O(17^17) : 14*17^3 + 5*17^4 + 16*17^5 + 4*17^6 + 17^7 + 17^8 + 5*17^10 + 15*17^11 + 8*17^12 + 13*17^13 + O(17^14) : 1 + O(17^20))
   (5 + 17 + 8*17^6 + 17^7 + 16*17^8 + 9*17^9 + 9*17^10 + 11*17^11 + 6*17^12 + 9*17^13 + 17^14 + 9*17^15 + 16*17^16 + O(17^17) : 3*17^3 + 11*17^4 + 12*17^6 + 15*17^7 + 15*17^8 + 16*17^9 + 11*17^10 + 17^11 + 8*17^12 + 3*17^13 + O(17^14) : 1 + O(17^20))
   (5 + 17 + 8*17^6 + 4*17^8 + 9*17^9 + 8*17^10 + 3*17^11 + 10*17^12 + 4*17^13 + 14*17^14 + 14*17^15 + 13*17^16 + O(17^17) : 14*17^3 + 2*17^4 + 4*17^5 + 3*17^6 + 10*17^7 + 12*17^8 + 12*17^9 + 4*17^10 + 2*17^11 + 15*17^12 + 2*17^13 + O(17^14) : 1 + O(17^20))
   (5 + 17 + 8*17^6 + 4*17^8 + 9*17^9 + 8*17^10 + 3*17^11 + 10*17^12 + 4*17^13 + 14*17^14 + 14*17^15 + 13*17^16 + O(17^17) : 3*17^3 + 14*17^4 + 12*17^5 + 13*17^6 + 6*17^7 + 4*17^8 + 4*17^9 + 12*17^10 + 14*17^11 + 17^12 + 14*17^13 + O(17^14) : 1 + O(17^20))
   (5 + 17 + 8*17^6 + 5*17^7 + 16*17^8 + 9*17^9 + 2*17^10 + 6*17^11 + 3*17^12 + 10*17^13 + 10*17^14 + 13*17^15 + 4*17^16 + O(17^17) : 14*17^3 + 2*17^5 + 11*17^6 + 11*17^7 + 15*17^8 + 4*17^9 + 15*17^10 + 4*17^11 + 4*17^12 + 12*17^13 + O(17^14) : 1 + O(17^20))
   (5 + 17 + 8*17^6 + 5*17^7 + 16*17^8 + 9*17^9 + 2*17^10 + 6*17^11 + 3*17^12 + 10*17^13 + 10*17^14 + 13*17^15 + 4*17^16 + O(17^17) : 3*17^3 + 16*17^4 + 14*17^5 + 5*17^6 + 5*17^7 + 17^8 + 12*17^9 + 17^10 + 12*17^11 + 12*17^12 + 4*17^13 + O(17^14) : 1 + O(17^20))
   (5 + 17 + 8*17^6 + 6*17^8 + 4*17^9 + 3*17^10 + 14*17^11 + 13*17^12 + 11*17^13 + 12*17^14 + 11*17^15 + O(17^17) : 14*17^3 + 2*17^4 + 10*17^5 + 5*17^6 + 6*17^7 + 14*17^8 + 12*17^9 + 14*17^10 + 10*17^11 + 10*17^12 + 12*17^13 + O(17^14) : 1 + O(17^20))
   (5 + 17 + 8*17^6 + 6*17^8 + 4*17^9 + 3*17^10 + 14*17^11 + 13*17^12 + 11*17^13 + 12*17^14 + 11*17^15 + O(17^17) : 3*17^3 + 14*17^4 + 6*17^5 + 11*17^6 + 10*17^7 + 2*17^8 + 4*17^9 + 2*17^10 + 6*17^11 + 6*17^12 + 4*17^13 + O(17^14) : 1 + O(17^20))
   (5 + 17 + 8*17^6 + 7*17^7 + 3*17^8 + 4*17^9 + 8*17^10 + 12*17^11 + 11*17^12 + 4*17^13 + 6*17^14 + 2*17^15 + 9*17^16 + O(17^17) : 14*17^3 + 6*17^4 + 16*17^5 + 10*17^6 + 16*17^7 + 7*17^8 + 10*17^9 + 13*17^10 + 7*17^11 + 14*17^12 + 15*17^13 + O(17^14) : 1 + O(17^20))
   (5 + 17 + 8*17^6 + 7*17^7 + 3*17^8 + 4*17^9 + 8*17^10 + 12*17^11 + 11*17^12 + 4*17^13 + 6*17^14 + 2*17^15 + 9*17^16 + O(17^17) : 3*17^3 + 10*17^4 + 6*17^6 + 9*17^8 + 6*17^9 + 3*17^10 + 9*17^11 + 2*17^12 + 17^13 + O(17^14) : 1 + O(17^20))
   (5 + 17 + 8*17^6 + 9*17^7 + 17^8 + 11*17^10 + 7*17^11 + 4*17^12 + 14*17^13 + 17^14 + 7*17^15 + 8*17^16 + O(17^17) : 14*17^3 + 12*17^4 + 7*17^5 + 13*17^6 + 7*17^7 + 5*17^8 + 13*17^9 + 8*17^10 + 5*17^11 + 10*17^12 + 16*17^13 + O(17^14) : 1 + O(17^20))
   (5 + 17 + 8*17^6 + 9*17^7 + 17^8 + 11*17^10 + 7*17^11 + 4*17^12 + 14*17^13 + 17^14 + 7*17^15 + 8*17^16 + O(17^17) : 3*17^3 + 4*17^4 + 9*17^5 + 3*17^6 + 9*17^7 + 11*17^8 + 3*17^9 + 8*17^10 + 11*17^11 + 6*17^12 + O(17^14) : 1 + O(17^20))
   (5 + 17 + 8*17^6 + 9*17^7 + 3*17^8 + 13*17^9 + 3*17^10 + 17^11 + 12*17^12 + 5*17^13 + 10*17^14 + 11*17^15 + O(17^17) : 14*17^3 + 12*17^4 + 13*17^5 + 4*17^6 + 12*17^7 + 9*17^8 + 10*17^9 + 4*17^10 + 3*17^11 + 13*17^12 + 2*17^13 + O(17^14) : 1 + O(17^20))
   (5 + 17 + 8*17^6 + 9*17^7 + 3*17^8 + 13*17^9 + 3*17^10 + 17^11 + 12*17^12 + 5*17^13 + 10*17^14 + 11*17^15 + O(17^17) : 3*17^3 + 4*17^4 + 3*17^5 + 12*17^6 + 4*17^7 + 7*17^8 + 6*17^9 + 12*17^10 + 13*17^11 + 3*17^12 + 14*17^13 + O(17^14) : 1 + O(17^20))
   (5 + 17 + 9*17^6 + 12*17^7 + 12*17^8 + 8*17^9 + 13*17^10 + 17^11 + 6*17^12 + 7*17^13 + 3*17^14 + 12*17^16 + O(17^17) : 12*17^3 + 14*17^4 + 3*17^5 + 5*17^6 + 14*17^7 + 14*17^8 + 14*17^9 + 16*17^10 + 12*17^11 + 16*17^12 + 17^13 + O(17^14) : 1 + O(17^20))
   (5 + 17 + 9*17^6 + 12*17^7 + 12*17^8 + 8*17^9 + 13*17^10 + 17^11 + 6*17^12 + 7*17^13 + 3*17^14 + 12*17^16 + O(17^17) : 5*17^3 + 2*17^4 + 13*17^5 + 11*17^6 + 2*17^7 + 2*17^8 + 2*17^9 + 4*17^11 + 15*17^13 + O(17^14) : 1 + O(17^20))
   (5 + 17 + 9*17^6 + 13*17^7 + 13*17^8 + 13*17^9 + 5*17^10 + 3*17^11 + 17^12 + 16*17^13 + 7*17^14 + 6*17^15 + 4*17^16 + O(17^17) : 12*17^3 + 9*17^4 + 13*17^5 + 12*17^6 + 13*17^7 + 17^8 + 14*17^9 + 6*17^10 + 12*17^11 + 3*17^12 + 15*17^13 + O(17^14) : 1 + O(17^20))
   (5 + 17 + 9*17^6 + 13*17^7 + 13*17^8 + 13*17^9 + 5*17^10 + 3*17^11 + 17^12 + 16*17^13 + 7*17^14 + 6*17^15 + 4*17^16 + O(17^17) : 5*17^3 + 7*17^4 + 3*17^5 + 4*17^6 + 3*17^7 + 15*17^8 + 2*17^9 + 10*17^10 + 4*17^11 + 13*17^12 + 17^13 + O(17^14) : 1 + O(17^20))
   (5 + 17 + 9*17^6 + 14*17^7 + 14*17^8 + 12*17^9 + 3*17^10 + 17^11 + 10*17^12 + 2*17^13 + 7*17^14 + 15*17^15 + 10*17^16 + O(17^17) : 12*17^3 + 4*17^4 + 11*17^5 + 17^6 + 10*17^7 + 3*17^8 + 2*17^9 + 3*17^10 + 11*17^11 + 11*17^12 + 14*17^13 + O(17^14) : 1 + O(17^20))
   (5 + 17 + 9*17^6 + 14*17^7 + 14*17^8 + 12*17^9 + 3*17^10 + 17^11 + 10*17^12 + 2*17^13 + 7*17^14 + 15*17^15 + 10*17^16 + O(17^17) : 5*17^3 + 12*17^4 + 5*17^5 + 15*17^6 + 6*17^7 + 13*17^8 + 14*17^9 + 13*17^10 + 5*17^11 + 5*17^12 + 2*17^13 + O(17^14) : 1 + O(17^20))
   (5 + 17 + 9*17^6 + 15*17^7 + 13*17^8 + 16*17^9 + 6*17^10 + 5*17^11 + 15*17^12 + 15*17^13 + 5*17^14 + 17^15 + 9*17^16 + O(17^17) : 12*17^3 + 16*17^4 + 6*17^5 + 17^7 + 10*17^8 + 7*17^9 + 2*17^10 + 10*17^11 + 5*17^12 + 11*17^13 + O(17^14) : 1 + O(17^20))
   (5 + 17 + 9*17^6 + 15*17^7 + 13*17^8 + 16*17^9 + 6*17^10 + 5*17^11 + 15*17^12 + 15*17^13 + 5*17^14 + 17^15 + 9*17^16 + O(17^17) : 5*17^3 + 10*17^5 + 16*17^6 + 15*17^7 + 6*17^8 + 9*17^9 + 14*17^10 + 6*17^11 + 11*17^12 + 5*17^13 + O(17^14) : 1 + O(17^20))
   (5 + 17 + 9*17^6 + 2*17^7 + 14*17^8 + 4*17^9 + 2*17^10 + 8*17^11 + 14*17^12 + 16*17^13 + 14*17^14 + 7*17^15 + 11*17^16 + O(17^17) : 12*17^3 + 13*17^4 + 2*17^5 + 3*17^6 + 15*17^7 + 10*17^8 + 12*17^9 + 3*17^10 + 15*17^12 + 16*17^13 + O(17^14) : 1 + O(17^20))
   (5 + 17 + 9*17^6 + 2*17^7 + 14*17^8 + 4*17^9 + 2*17^10 + 8*17^11 + 14*17^12 + 16*17^13 + 14*17^14 + 7*17^15 + 11*17^16 + O(17^17) : 5*17^3 + 3*17^4 + 14*17^5 + 13*17^6 + 17^7 + 6*17^8 + 4*17^9 + 13*17^10 + 16*17^11 + 17^12 + O(17^14) : 1 + O(17^20))
   (5 + 17 + 9*17^6 + 3*17^7 + 15*17^8 + 16*17^9 + 12*17^10 + 14*17^11 + 7*17^12 + 12*17^13 + 8*17^15 + 10*17^16 + O(17^17) : 12*17^3 + 8*17^4 + 13*17^5 + 3*17^6 + 15*17^7 + 7*17^8 + 9*17^9 + 16*17^10 + 8*17^11 + 16*17^12 + 11*17^13 + O(17^14) : 1 + O(17^20))
   (5 + 17 + 9*17^6 + 3*17^7 + 15*17^8 + 16*17^9 + 12*17^10 + 14*17^11 + 7*17^12 + 12*17^13 + 8*17^15 + 10*17^16 + O(17^17) : 5*17^3 + 8*17^4 + 3*17^5 + 13*17^6 + 17^7 + 9*17^8 + 7*17^9 + 8*17^11 + 5*17^13 + O(17^14) : 1 + O(17^20))
   (5 + 17 + 9*17^6 + 5*17^7 + 4*17^9 + 3*17^10 + 14*17^11 + 11*17^12 + 7*17^13 + 2*17^14 + 13*17^16 + O(17^17) : 12*17^3 + 15*17^4 + 15*17^5 + 2*17^6 + 3*17^7 + 9*17^8 + 14*17^9 + 8*17^10 + 12*17^11 + 9*17^12 + 3*17^13 + O(17^14) : 1 + O(17^20))
   (5 + 17 + 9*17^6 + 5*17^7 + 4*17^9 + 3*17^10 + 14*17^11 + 11*17^12 + 7*17^13 + 2*17^14 + 13*17^16 + O(17^17) : 5*17^3 + 17^4 + 17^5 + 14*17^6 + 13*17^7 + 7*17^8 + 2*17^9 + 8*17^10 + 4*17^11 + 7*17^12 + 13*17^13 + O(17^14) : 1 + O(17^20))
   (5*17^-3 + 10*17^-2 + 4*17^-1 + 14 + 16*17 + 10*17^2 + 2*17^4 + 17^5 + 4*17^6 + 3*17^7 + 15*17^8 + 10*17^9 + O(17^10) : 11*17^-9 + 7*17^-8 + 8*17^-7 + 7*17^-6 + 17^-4 + 11*17^-3 + 6*17^-2 + 17^-1 + 6 + 17^2 + 2*17^3 + O(17^4) : 1 + O(17^20))
   (5*17^-3 + 10*17^-2 + 4*17^-1 + 14 + 16*17 + 10*17^2 + 2*17^4 + 17^5 + 4*17^6 + 3*17^7 + 15*17^8 + 10*17^9 + O(17^10) : 6*17^-9 + 9*17^-8 + 8*17^-7 + 9*17^-6 + 16*17^-5 + 15*17^-4 + 5*17^-3 + 10*17^-2 + 15*17^-1 + 10 + 16*17 + 15*17^2 + 14*17^3 + O(17^4) : 1 + O(17^20))
   (5*17^-3 + 10*17^-2 + 9*17^-1 + 6 + 15*17 + 2*17^2 + 5*17^3 + 12*17^4 + 4*17^5 + 10*17^6 + 2*17^7 + 3*17^8 + 3*17^9 + O(17^10) : 11*17^-9 + 7*17^-8 + 7*17^-7 + 3*17^-6 + 14*17^-5 + 13*17^-4 + 17^-3 + 7*17^-2 + 3*17^-1 + 6*17 + 17^2 + 14*17^3 + O(17^4) : 1 + O(17^20))
   (5*17^-3 + 10*17^-2 + 9*17^-1 + 6 + 15*17 + 2*17^2 + 5*17^3 + 12*17^4 + 4*17^5 + 10*17^6 + 2*17^7 + 3*17^8 + 3*17^9 + O(17^10) : 6*17^-9 + 9*17^-8 + 9*17^-7 + 13*17^-6 + 2*17^-5 + 3*17^-4 + 15*17^-3 + 9*17^-2 + 13*17^-1 + 16 + 10*17 + 15*17^2 + 2*17^3 + O(17^4) : 1 + O(17^20))
   (5*17^-3 + 13*17^-2 + 4*17^-1 + 1 + 9*17 + 10*17^2 + 5*17^3 + 13*17^4 + 2*17^5 + 7*17^6 + 5*17^7 + 8*17^8 + 11*17^9 + O(17^10) : 11*17^-9 + 3*17^-8 + 14*17^-7 + 9*17^-6 + 17^-5 + 8*17^-4 + 3*17^-3 + 13*17^-2 + 2*17^-1 + 10 + 13*17 + 3*17^2 + 6*17^3 + O(17^4) : 1 + O(17^20))
   (5*17^-3 + 13*17^-2 + 4*17^-1 + 1 + 9*17 + 10*17^2 + 5*17^3 + 13*17^4 + 2*17^5 + 7*17^6 + 5*17^7 + 8*17^8 + 11*17^9 + O(17^10) : 6*17^-9 + 13*17^-8 + 2*17^-7 + 7*17^-6 + 15*17^-5 + 8*17^-4 + 13*17^-3 + 3*17^-2 + 14*17^-1 + 6 + 3*17 + 13*17^2 + 10*17^3 + O(17^4) : 1 + O(17^20))
   (5*17^-3 + 2*17^-2 + 2*17^-1 + 15 + 17 + 6*17^2 + 11*17^3 + 10*17^4 + 17^5 + 10*17^6 + 13*17^7 + 3*17^8 + 15*17^9 + O(17^10) : 11*17^-9 + 12*17^-8 + 17^-7 + 9*17^-6 + 5*17^-5 + 2*17^-4 + 8*17^-3 + 17^-2 + 5*17^-1 + 3 + 6*17 + 10*17^2 + 14*17^3 + O(17^4) : 1 + O(17^20))
   (5*17^-3 + 2*17^-2 + 2*17^-1 + 15 + 17 + 6*17^2 + 11*17^3 + 10*17^4 + 17^5 + 10*17^6 + 13*17^7 + 3*17^8 + 15*17^9 + O(17^10) : 6*17^-9 + 4*17^-8 + 15*17^-7 + 7*17^-6 + 11*17^-5 + 14*17^-4 + 8*17^-3 + 15*17^-2 + 11*17^-1 + 13 + 10*17 + 6*17^2 + 2*17^3 + O(17^4) : 1 + O(17^20))
   (5*17^-3 + 4*17^-2 + 2*17^-1 + 16 + 2*17 + 8*17^2 + 7*17^3 + 10*17^4 + 15*17^5 + 9*17^6 + 9*17^7 + 11*17^8 + 13*17^9 + O(17^10) : 11*17^-9 + 15*17^-8 + 16*17^-7 + 17^-6 + 13*17^-5 + 17^-4 + 5*17^-3 + 14*17^-2 + 2*17^-1 + 10 + 14*17 + O(17^4) : 1 + O(17^20))
   (5*17^-3 + 4*17^-2 + 2*17^-1 + 16 + 2*17 + 8*17^2 + 7*17^3 + 10*17^4 + 15*17^5 + 9*17^6 + 9*17^7 + 11*17^8 + 13*17^9 + O(17^10) : 6*17^-9 + 17^-8 + 15*17^-6 + 3*17^-5 + 15*17^-4 + 11*17^-3 + 2*17^-2 + 14*17^-1 + 6 + 2*17 + 16*17^2 + 16*17^3 + O(17^4) : 1 + O(17^20))
   (5*17^-3 + 5*17^-2 + 6*17^-1 + 11 + 2*17 + 13*17^2 + 17^3 + 12*17^4 + 13*17^5 + 17^6 + 6*17^7 + 8*17^8 + 2*17^9 + O(17^10) : 11*17^-9 + 8*17^-8 + 2*17^-7 + 4*17^-6 + 5*17^-5 + 3*17^-4 + 13*17^-3 + 9*17^-2 + 7*17^-1 + 7*17 + 15*17^2 + 13*17^3 + O(17^4) : 1 + O(17^20))
   (5*17^-3 + 5*17^-2 + 6*17^-1 + 11 + 2*17 + 13*17^2 + 17^3 + 12*17^4 + 13*17^5 + 17^6 + 6*17^7 + 8*17^8 + 2*17^9 + O(17^10) : 6*17^-9 + 8*17^-8 + 14*17^-7 + 12*17^-6 + 11*17^-5 + 13*17^-4 + 3*17^-3 + 7*17^-2 + 9*17^-1 + 16 + 9*17 + 17^2 + 3*17^3 + O(17^4) : 1 + O(17^20))
   (5*17^-3 + 7*17^-2 + 8*17^-1 + 14 + 12*17 + 7*17^2 + 17^4 + 8*17^5 + 2*17^6 + 12*17^7 + 14*17^8 + O(17^10) : 11*17^-9 + 11*17^-8 + 10*17^-7 + 8*17^-6 + 9*17^-5 + 13*17^-4 + 13*17^-3 + 4*17^-2 + 7*17^-1 + 15 + 14*17 + 11*17^2 + 10*17^3 + O(17^4) : 1 + O(17^20))
   (5*17^-3 + 7*17^-2 + 8*17^-1 + 14 + 12*17 + 7*17^2 + 17^4 + 8*17^5 + 2*17^6 + 12*17^7 + 14*17^8 + O(17^10) : 6*17^-9 + 5*17^-8 + 6*17^-7 + 8*17^-6 + 7*17^-5 + 3*17^-4 + 3*17^-3 + 12*17^-2 + 9*17^-1 + 1 + 2*17 + 5*17^2 + 6*17^3 + O(17^4) : 1 + O(17^20))
   (5*17^-3 + 7*17^-2 + 8*17^-1 + 8 + 4*17 + 16*17^2 + 11*17^3 + 17^4 + 6*17^5 + 16*17^6 + 3*17^7 + 13*17^8 + 3*17^9 + O(17^10) : 11*17^-9 + 11*17^-8 + 10*17^-7 + 16*17^-6 + 8*17^-5 + 3*17^-3 + 5*17^-2 + 9*17^-1 + 12 + 6*17 + 5*17^2 + 9*17^3 + O(17^4) : 1 + O(17^20))
   (5*17^-3 + 7*17^-2 + 8*17^-1 + 8 + 4*17 + 16*17^2 + 11*17^3 + 17^4 + 6*17^5 + 16*17^6 + 3*17^7 + 13*17^8 + 3*17^9 + O(17^10) : 6*17^-9 + 5*17^-8 + 6*17^-7 + 8*17^-5 + 16*17^-4 + 13*17^-3 + 11*17^-2 + 7*17^-1 + 4 + 10*17 + 11*17^2 + 7*17^3 + O(17^4) : 1 + O(17^20))
   (6*17^-3 + 10*17^-2 + 9*17^-1 + 13 + 9*17 + 2*17^2 + 12*17^3 + 9*17^4 + 16*17^5 + 10*17^6 + 8*17^7 + 14*17^8 + 5*17^9 + O(17^10) : 12*17^-9 + 4*17^-8 + 14*17^-7 + 13*17^-6 + 2*17^-5 + 9*17^-4 + 15*17^-3 + 7*17^-2 + 3*17^-1 + 9 + 8*17 + 8*17^2 + 9*17^3 + O(17^4) : 1 + O(17^20))
   (6*17^-3 + 10*17^-2 + 9*17^-1 + 13 + 9*17 + 2*17^2 + 12*17^3 + 9*17^4 + 16*17^5 + 10*17^6 + 8*17^7 + 14*17^8 + 5*17^9 + O(17^10) : 5*17^-9 + 12*17^-8 + 2*17^-7 + 3*17^-6 + 14*17^-5 + 7*17^-4 + 17^-3 + 9*17^-2 + 13*17^-1 + 7 + 8*17 + 8*17^2 + 7*17^3 + O(17^4) : 1 + O(17^20))
   (6*17^-3 + 14*17^-2 + 7*17^-1 + 2 + 4*17^2 + 4*17^3 + 2*17^4 + 15*17^5 + 11*17^6 + 2*17^7 + 3*17^8 + 5*17^9 + O(17^10) : 12*17^-9 + 11*17^-8 + 4*17^-7 + 13*17^-6 + 10*17^-5 + 7*17^-4 + 14*17^-2 + 3*17^-1 + 4 + 7*17 + 17^3 + O(17^4) : 1 + O(17^20))
   (6*17^-3 + 14*17^-2 + 7*17^-1 + 2 + 4*17^2 + 4*17^3 + 2*17^4 + 15*17^5 + 11*17^6 + 2*17^7 + 3*17^8 + 5*17^9 + O(17^10) : 5*17^-9 + 5*17^-8 + 12*17^-7 + 3*17^-6 + 6*17^-5 + 9*17^-4 + 16*17^-3 + 2*17^-2 + 13*17^-1 + 12 + 9*17 + 16*17^2 + 15*17^3 + O(17^4) : 1 + O(17^20))
   (6*17^-3 + 16*17^-2 + 5*17^-1 + 13 + 6*17 + 6*17^2 + 7*17^3 + 16*17^4 + 7*17^5 + 7*17^6 + 17^7 + 6*17^8 + 4*17^9 + O(17^10) : 12*17^-9 + 6*17^-8 + 14*17^-7 + 17^-6 + 12*17^-4 + 2*17^-2 + 16 + 13*17 + 17^2 + 11*17^3 + O(17^4) : 1 + O(17^20))
   (6*17^-3 + 16*17^-2 + 5*17^-1 + 13 + 6*17 + 6*17^2 + 7*17^3 + 16*17^4 + 7*17^5 + 7*17^6 + 17^7 + 6*17^8 + 4*17^9 + O(17^10) : 5*17^-9 + 10*17^-8 + 2*17^-7 + 15*17^-6 + 16*17^-5 + 4*17^-4 + 16*17^-3 + 14*17^-2 + 16*17^-1 + 3*17 + 15*17^2 + 5*17^3 + O(17^4) : 1 + O(17^20))
   (6*17^-3 + 3*17^-2 + 6*17^-1 + 11 + 11*17 + 14*17^2 + 11*17^3 + 13*17^4 + 10*17^5 + 4*17^6 + 4*17^7 + 4*17^8 + 14*17^9 + O(17^10) : 12*17^-9 + 13*17^-8 + 13*17^-7 + 7*17^-6 + 9*17^-4 + 14*17^-3 + 5*17^-2 + 3*17^-1 + 7 + 7*17 + 2*17^2 + 11*17^3 + O(17^4) : 1 + O(17^20))
   (6*17^-3 + 3*17^-2 + 6*17^-1 + 11 + 11*17 + 14*17^2 + 11*17^3 + 13*17^4 + 10*17^5 + 4*17^6 + 4*17^7 + 4*17^8 + 14*17^9 + O(17^10) : 5*17^-9 + 3*17^-8 + 3*17^-7 + 9*17^-6 + 16*17^-5 + 7*17^-4 + 2*17^-3 + 11*17^-2 + 13*17^-1 + 9 + 9*17 + 14*17^2 + 5*17^3 + O(17^4) : 1 + O(17^20))
   (6*17^-3 + 3*17^-2 + 6*17^-1 + 16 + 8*17 + 3*17^2 + 16*17^3 + 16*17^4 + 12*17^5 + 9*17^6 + 3*17^7 + 15*17^8 + 17^9 + O(17^10) : 12*17^-9 + 13*17^-8 + 13*17^-7 + 3*17^-6 + 10*17^-5 + 15*17^-4 + 9*17^-3 + 6*17^-2 + 15*17^-1 + 13 + 16*17 + 16*17^2 + 2*17^3 + O(17^4) : 1 + O(17^20))
   (6*17^-3 + 3*17^-2 + 6*17^-1 + 16 + 8*17 + 3*17^2 + 16*17^3 + 16*17^4 + 12*17^5 + 9*17^6 + 3*17^7 + 15*17^8 + 17^9 + O(17^10) : 5*17^-9 + 3*17^-8 + 3*17^-7 + 13*17^-6 + 6*17^-5 + 17^-4 + 7*17^-3 + 10*17^-2 + 17^-1 + 3 + 14*17^3 + O(17^4) : 1 + O(17^20))
   (6*17^-3 + 8*17^-2 + 7*17^-1 + 6*17 + 6*17^2 + 3*17^3 + 5*17^4 + 15*17^5 + 16*17^6 + 3*17^7 + 2*17^8 + 11*17^9 + O(17^10) : 12*17^-9 + 9*17^-8 + 4*17^-7 + 8*17^-6 + 3*17^-5 + 7*17^-4 + 3*17^-3 + 4*17^-2 + 14*17^-1 + 9 + 14*17 + 4*17^2 + 11*17^3 + O(17^4) : 1 + O(17^20))
   (6*17^-3 + 8*17^-2 + 7*17^-1 + 6*17 + 6*17^2 + 3*17^3 + 5*17^4 + 15*17^5 + 16*17^6 + 3*17^7 + 2*17^8 + 11*17^9 + O(17^10) : 5*17^-9 + 7*17^-8 + 12*17^-7 + 8*17^-6 + 13*17^-5 + 9*17^-4 + 13*17^-3 + 12*17^-2 + 2*17^-1 + 7 + 2*17 + 12*17^2 + 5*17^3 + O(17^4) : 1 + O(17^20))
   (7 + 9*17 + 8*17^2 + 10*17^3 + 11*17^4 + 13*17^6 + 2*17^7 + 6*17^8 + 13*17^9 + 6*17^10 + 17^11 + 9*17^12 + 2*17^13 + 11*17^14 + O(17^15) : 13 + 15*17 + 11*17^2 + 11*17^3 + 13*17^4 + 7*17^5 + 16*17^6 + 14*17^7 + 10*17^9 + 13*17^10 + 12*17^12 + 2*17^13 + 5*17^14 + 7*17^15 + O(17^16) : 1 + O(17^20))
   (7 + 9*17 + 8*17^2 + 10*17^3 + 11*17^4 + 13*17^6 + 2*17^7 + 6*17^8 + 13*17^9 + 6*17^10 + 17^11 + 9*17^12 + 2*17^13 + 11*17^14 + O(17^15) : 4 + 17 + 5*17^2 + 5*17^3 + 3*17^4 + 9*17^5 + 2*17^7 + 16*17^8 + 6*17^9 + 3*17^10 + 16*17^11 + 4*17^12 + 14*17^13 + 11*17^14 + 9*17^15 + O(17^16) : 1 + O(17^20))
   (7 + 9*17 + 8*17^2 + 10*17^3 + 11*17^4 + 7*17^6 + 5*17^7 + 12*17^8 + 10*17^9 + 14*17^10 + 14*17^11 + 2*17^12 + 17^13 + 10*17^14 + O(17^15) : 13 + 15*17 + 11*17^2 + 11*17^3 + 13*17^4 + 7*17^5 + 16*17^6 + 5*17^7 + 10*17^8 + 13*17^9 + 15*17^10 + 3*17^11 + 16*17^12 + 15*17^13 + 13*17^14 + 15*17^15 + O(17^16) : 1 + O(17^20))
   (7 + 9*17 + 8*17^2 + 10*17^3 + 11*17^4 + 7*17^6 + 5*17^7 + 12*17^8 + 10*17^9 + 14*17^10 + 14*17^11 + 2*17^12 + 17^13 + 10*17^14 + O(17^15) : 4 + 17 + 5*17^2 + 5*17^3 + 3*17^4 + 9*17^5 + 11*17^7 + 6*17^8 + 3*17^9 + 17^10 + 13*17^11 + 17^13 + 3*17^14 + 17^15 + O(17^16) : 1 + O(17^20))
   (7 + 9*17 + 8*17^2 + 10*17^3 + 13*17^4 + 8*17^5 + 6*17^6 + 11*17^7 + 5*17^8 + 2*17^9 + 11*17^10 + 8*17^12 + 5*17^13 + 17^14 + O(17^15) : 13 + 15*17 + 11*17^2 + 11*17^3 + 13*17^4 + 10*17^5 + 12*17^6 + 8*17^7 + 3*17^8 + 4*17^9 + 15*17^10 + 12*17^11 + 13*17^12 + 11*17^13 + 3*17^14 + 15*17^15 + O(17^16) : 1 + O(17^20))
   (7 + 9*17 + 8*17^2 + 10*17^3 + 13*17^4 + 8*17^5 + 6*17^6 + 11*17^7 + 5*17^8 + 2*17^9 + 11*17^10 + 8*17^12 + 5*17^13 + 17^14 + O(17^15) : 4 + 17 + 5*17^2 + 5*17^3 + 3*17^4 + 6*17^5 + 4*17^6 + 8*17^7 + 13*17^8 + 12*17^9 + 17^10 + 4*17^11 + 3*17^12 + 5*17^13 + 13*17^14 + 17^15 + O(17^16) : 1 + O(17^20))
   (7 + 9*17 + 8*17^2 + 10*17^3 + 14*17^4 + 14*17^5 + 2*17^6 + 4*17^7 + 16*17^8 + 11*17^9 + 16*17^10 + 3*17^11 + 17^12 + 14*17^13 + 4*17^14 + O(17^15) : 13 + 15*17 + 11*17^2 + 11*17^3 + 13*17^4 + 3*17^5 + 5*17^6 + 10*17^7 + 10*17^8 + 15*17^9 + 13*17^10 + 13*17^11 + 10*17^12 + 15*17^13 + 8*17^14 + 7*17^15 + O(17^16) : 1 + O(17^20))
   (7 + 9*17 + 8*17^2 + 10*17^3 + 14*17^4 + 14*17^5 + 2*17^6 + 4*17^7 + 16*17^8 + 11*17^9 + 16*17^10 + 3*17^11 + 17^12 + 14*17^13 + 4*17^14 + O(17^15) : 4 + 17 + 5*17^2 + 5*17^3 + 3*17^4 + 13*17^5 + 11*17^6 + 6*17^7 + 6*17^8 + 17^9 + 3*17^10 + 3*17^11 + 6*17^12 + 17^13 + 8*17^14 + 9*17^15 + O(17^16) : 1 + O(17^20))
   (7 + 9*17 + 8*17^2 + 10*17^3 + 16*17^5 + 10*17^6 + 2*17^7 + 2*17^8 + 10*17^9 + 11*17^10 + 9*17^11 + 16*17^12 + 13*17^13 + 8*17^14 + O(17^15) : 13 + 15*17 + 11*17^2 + 11*17^3 + 13*17^4 + 16*17^5 + 16*17^6 + 5*17^8 + 2*17^9 + 15*17^10 + 2*17^11 + 11*17^12 + 17^13 + 7*17^14 + 5*17^15 + O(17^16) : 1 + O(17^20))
   (7 + 9*17 + 8*17^2 + 10*17^3 + 16*17^5 + 10*17^6 + 2*17^7 + 2*17^8 + 10*17^9 + 11*17^10 + 9*17^11 + 16*17^12 + 13*17^13 + 8*17^14 + O(17^15) : 4 + 17 + 5*17^2 + 5*17^3 + 3*17^4 + 16*17^7 + 11*17^8 + 14*17^9 + 17^10 + 14*17^11 + 5*17^12 + 15*17^13 + 9*17^14 + 11*17^15 + O(17^16) : 1 + O(17^20))
   (7 + 9*17 + 8*17^2 + 10*17^3 + 2*17^5 + 11*17^6 + 4*17^7 + 11*17^8 + 3*17^9 + 16*17^10 + 9*17^11 + 5*17^12 + 15*17^13 + 17^14 + O(17^15) : 13 + 15*17 + 11*17^2 + 11*17^3 + 13*17^4 + 16*17^5 + 12*17^6 + 2*17^7 + 3*17^8 + 13*17^9 + 7*17^10 + 15*17^11 + 17^12 + 9*17^13 + 5*17^14 + 6*17^15 + O(17^16) : 1 + O(17^20))
   (7 + 9*17 + 8*17^2 + 10*17^3 + 2*17^5 + 11*17^6 + 4*17^7 + 11*17^8 + 3*17^9 + 16*17^10 + 9*17^11 + 5*17^12 + 15*17^13 + 17^14 + O(17^15) : 4 + 17 + 5*17^2 + 5*17^3 + 3*17^4 + 4*17^6 + 14*17^7 + 13*17^8 + 3*17^9 + 9*17^10 + 17^11 + 15*17^12 + 7*17^13 + 11*17^14 + 10*17^15 + O(17^16) : 1 + O(17^20))
   (7 + 9*17 + 8*17^2 + 10*17^3 + 3*17^4 + 16*17^5 + 7*17^6 + 14*17^7 + 8*17^8 + 9*17^9 + 14*17^10 + 16*17^11 + 16*17^12 + 8*17^13 + 6*17^14 + O(17^15) : 13 + 15*17 + 11*17^2 + 11*17^3 + 13*17^4 + 12*17^5 + 17^6 + 8*17^8 + 13*17^9 + 15*17^10 + 4*17^11 + 16*17^12 + 8*17^13 + 5*17^15 + O(17^16) : 1 + O(17^20))
   (7 + 9*17 + 8*17^2 + 10*17^3 + 3*17^4 + 16*17^5 + 7*17^6 + 14*17^7 + 8*17^8 + 9*17^9 + 14*17^10 + 16*17^11 + 16*17^12 + 8*17^13 + 6*17^14 + O(17^15) : 4 + 17 + 5*17^2 + 5*17^3 + 3*17^4 + 4*17^5 + 15*17^6 + 16*17^7 + 8*17^8 + 3*17^9 + 17^10 + 12*17^11 + 8*17^13 + 16*17^14 + 11*17^15 + O(17^16) : 1 + O(17^20))
   (7 + 9*17 + 8*17^2 + 10*17^3 + 3*17^4 + 4*17^5 + 16*17^7 + 8*17^8 + 15*17^9 + 5*17^10 + 14*17^11 + 3*17^12 + 15*17^13 + 2*17^14 + O(17^15) : 13 + 15*17 + 11*17^2 + 11*17^3 + 13*17^4 + 12*17^5 + 8*17^7 + 9*17^8 + 9*17^9 + 6*17^10 + 16*17^11 + 9*17^12 + 4*17^13 + 3*17^14 + 6*17^15 + O(17^16) : 1 + O(17^20))
   (7 + 9*17 + 8*17^2 + 10*17^3 + 3*17^4 + 4*17^5 + 16*17^7 + 8*17^8 + 15*17^9 + 5*17^10 + 14*17^11 + 3*17^12 + 15*17^13 + 2*17^14 + O(17^15) : 4 + 17 + 5*17^2 + 5*17^3 + 3*17^4 + 4*17^5 + 16*17^6 + 8*17^7 + 7*17^8 + 7*17^9 + 10*17^10 + 7*17^12 + 12*17^13 + 13*17^14 + 10*17^15 + O(17^16) : 1 + O(17^20))
   (7 + 9*17 + 8*17^2 + 10*17^3 + 4*17^5 + 2*17^6 + 13*17^7 + 2*17^8 + 15*17^9 + 17^10 + 9*17^11 + 6*17^12 + 7*17^13 + 5*17^14 + O(17^15) : 13 + 15*17 + 11*17^2 + 11*17^3 + 13*17^4 + 16*17^5 + 15*17^6 + 15*17^7 + 10*17^8 + 8*17^9 + 4*17^10 + 2*17^11 + 5*17^12 + 2*17^13 + 14*17^14 + 15*17^15 + O(17^16) : 1 + O(17^20))
   (7 + 9*17 + 8*17^2 + 10*17^3 + 4*17^5 + 2*17^6 + 13*17^7 + 2*17^8 + 15*17^9 + 17^10 + 9*17^11 + 6*17^12 + 7*17^13 + 5*17^14 + O(17^15) : 4 + 17 + 5*17^2 + 5*17^3 + 3*17^4 + 17^6 + 17^7 + 6*17^8 + 8*17^9 + 12*17^10 + 14*17^11 + 11*17^12 + 14*17^13 + 2*17^14 + 17^15 + O(17^16) : 1 + O(17^20))
   (7 + 9*17 + 8*17^2 + 11*17^3 + 13*17^4 + 15*17^5 + 13*17^6 + 15*17^7 + 7*17^9 + 2*17^10 + 11*17^11 + 16*17^12 + 14*17^14 + O(17^15) : 13 + 15*17 + 11*17^2 + 11*17^3 + 6*17^4 + 11*17^5 + 16*17^6 + 4*17^7 + 10*17^8 + 3*17^9 + 11*17^10 + 5*17^12 + 16*17^13 + 4*17^14 + 4*17^15 + O(17^16) : 1 + O(17^20))
   (7 + 9*17 + 8*17^2 + 11*17^3 + 13*17^4 + 15*17^5 + 13*17^6 + 15*17^7 + 7*17^9 + 2*17^10 + 11*17^11 + 16*17^12 + 14*17^14 + O(17^15) : 4 + 17 + 5*17^2 + 5*17^3 + 10*17^4 + 5*17^5 + 12*17^7 + 6*17^8 + 13*17^9 + 5*17^10 + 16*17^11 + 11*17^12 + 12*17^14 + 12*17^15 + O(17^16) : 1 + O(17^20))
   (7 + 9*17 + 8*17^2 + 11*17^3 + 14*17^4 + 10*17^5 + 5*17^6 + 6*17^7 + 13*17^8 + 5*17^9 + 9*17^10 + 11*17^11 + 17^12 + 10*17^13 + 11*17^14 + O(17^15) : 13 + 15*17 + 11*17^2 + 11*17^3 + 6*17^4 + 4*17^5 + 17^6 + 7*17^7 + 6*17^8 + 13*17^9 + 10*17^10 + 16*17^11 + 16*17^12 + 8*17^13 + 7*17^14 + 10*17^15 + O(17^16) : 1 + O(17^20))
   (7 + 9*17 + 8*17^2 + 11*17^3 + 14*17^4 + 10*17^5 + 5*17^6 + 6*17^7 + 13*17^8 + 5*17^9 + 9*17^10 + 11*17^11 + 17^12 + 10*17^13 + 11*17^14 + O(17^15) : 4 + 17 + 5*17^2 + 5*17^3 + 10*17^4 + 12*17^5 + 15*17^6 + 9*17^7 + 10*17^8 + 3*17^9 + 6*17^10 + 8*17^13 + 9*17^14 + 6*17^15 + O(17^16) : 1 + O(17^20))
   (7 + 9*17 + 8*17^2 + 11*17^3 + 14*17^4 + 4*17^5 + 12*17^6 + 14*17^7 + 15*17^8 + 3*17^9 + 10*17^10 + 16*17^11 + 14*17^12 + 15*17^14 + O(17^15) : 13 + 15*17 + 11*17^2 + 11*17^3 + 6*17^4 + 4*17^5 + 9*17^6 + 5*17^7 + 5*17^8 + 14*17^9 + 16*17^10 + 5*17^11 + 8*17^12 + 9*17^13 + 3*17^14 + 6*17^15 + O(17^16) : 1 + O(17^20))
   (7 + 9*17 + 8*17^2 + 11*17^3 + 14*17^4 + 4*17^5 + 12*17^6 + 14*17^7 + 15*17^8 + 3*17^9 + 10*17^10 + 16*17^11 + 14*17^12 + 15*17^14 + O(17^15) : 4 + 17 + 5*17^2 + 5*17^3 + 10*17^4 + 12*17^5 + 7*17^6 + 11*17^7 + 11*17^8 + 2*17^9 + 11*17^11 + 8*17^12 + 7*17^13 + 13*17^14 + 10*17^15 + O(17^16) : 1 + O(17^20))
   (7 + 9*17 + 8*17^2 + 11*17^3 + 14*17^4 + 4*17^5 + 2*17^6 + 7*17^7 + 5*17^8 + 7*17^9 + 4*17^10 + 8*17^11 + 3*17^12 + 16*17^14 + O(17^15) : 13 + 15*17 + 11*17^2 + 11*17^3 + 6*17^4 + 4*17^5 + 9*17^6 + 7*17^7 + 14*17^8 + 11*17^9 + 10*17^10 + 9*17^11 + 16*17^12 + 8*17^13 + 13*17^14 + 9*17^15 + O(17^16) : 1 + O(17^20))
   (7 + 9*17 + 8*17^2 + 11*17^3 + 14*17^4 + 4*17^5 + 2*17^6 + 7*17^7 + 5*17^8 + 7*17^9 + 4*17^10 + 8*17^11 + 3*17^12 + 16*17^14 + O(17^15) : 4 + 17 + 5*17^2 + 5*17^3 + 10*17^4 + 12*17^5 + 7*17^6 + 9*17^7 + 2*17^8 + 5*17^9 + 6*17^10 + 7*17^11 + 8*17^13 + 3*17^14 + 7*17^15 + O(17^16) : 1 + O(17^20))
   (7 + 9*17 + 8*17^2 + 11*17^3 + 2*17^4 + 14*17^5 + 7*17^6 + 8*17^8 + 16*17^9 + 4*17^10 + 8*17^11 + 10*17^12 + 5*17^13 + 11*17^14 + O(17^15) : 13 + 15*17 + 11*17^2 + 11*17^3 + 6*17^4 + 3*17^5 + 12*17^7 + 2*17^8 + 7*17^9 + 5*17^10 + 10*17^11 + 9*17^12 + 6*17^13 + 16*17^14 + 15*17^15 + O(17^16) : 1 + O(17^20))
   (7 + 9*17 + 8*17^2 + 11*17^3 + 2*17^4 + 14*17^5 + 7*17^6 + 8*17^8 + 16*17^9 + 4*17^10 + 8*17^11 + 10*17^12 + 5*17^13 + 11*17^14 + O(17^15) : 4 + 17 + 5*17^2 + 5*17^3 + 10*17^4 + 13*17^5 + 16*17^6 + 4*17^7 + 14*17^8 + 9*17^9 + 11*17^10 + 6*17^11 + 7*17^12 + 10*17^13 + 17^15 + O(17^16) : 1 + O(17^20))
   (7 + 9*17 + 8*17^2 + 11*17^3 + 6*17^4 + 11*17^5 + 11*17^7 + 14*17^8 + 13*17^9 + 14*17^10 + 12*17^11 + 15*17^12 + 16*17^13 + 7*17^14 + O(17^15) : 13 + 15*17 + 11*17^2 + 11*17^3 + 6*17^4 + 9*17^5 + 6*17^6 + 8*17^7 + 12*17^8 + 11*17^9 + 3*17^10 + 4*17^11 + 9*17^12 + 16*17^13 + 12*17^14 + 7*17^15 + O(17^16) : 1 + O(17^20))
   (7 + 9*17 + 8*17^2 + 11*17^3 + 6*17^4 + 11*17^5 + 11*17^7 + 14*17^8 + 13*17^9 + 14*17^10 + 12*17^11 + 15*17^12 + 16*17^13 + 7*17^14 + O(17^15) : 4 + 17 + 5*17^2 + 5*17^3 + 10*17^4 + 7*17^5 + 10*17^6 + 8*17^7 + 4*17^8 + 5*17^9 + 13*17^10 + 12*17^11 + 7*17^12 + 4*17^14 + 9*17^15 + O(17^16) : 1 + O(17^20))
   (7 + 9*17 + 8*17^2 + 11*17^3 + 6*17^4 + 14*17^5 + 12*17^6 + 4*17^7 + 12*17^8 + 7*17^9 + 2*17^11 + 16*17^12 + 12*17^13 + 7*17^14 + O(17^15) : 13 + 15*17 + 11*17^2 + 11*17^3 + 6*17^4 + 9*17^5 + 2*17^6 + 11*17^7 + 11*17^9 + 12*17^10 + 3*17^11 + 16*17^12 + 14*17^13 + 3*17^14 + 6*17^15 + O(17^16) : 1 + O(17^20))
   (7 + 9*17 + 8*17^2 + 11*17^3 + 6*17^4 + 14*17^5 + 12*17^6 + 4*17^7 + 12*17^8 + 7*17^9 + 2*17^11 + 16*17^12 + 12*17^13 + 7*17^14 + O(17^15) : 4 + 17 + 5*17^2 + 5*17^3 + 10*17^4 + 7*17^5 + 14*17^6 + 5*17^7 + 16*17^8 + 5*17^9 + 4*17^10 + 13*17^11 + 2*17^13 + 13*17^14 + 10*17^15 + O(17^16) : 1 + O(17^20))
   (7 + 9*17 + 8*17^2 + 11*17^3 + 8*17^4 + 2*17^5 + 14*17^6 + 13*17^7 + 5*17^8 + 17^9 + 17^10 + 11*17^11 + 15*17^12 + 13*17^13 + 5*17^14 + O(17^15) : 13 + 15*17 + 11*17^2 + 11*17^3 + 6*17^4 + 12*17^5 + 2*17^6 + 7*17^7 + 2*17^8 + 17^9 + 3*17^10 + 16*17^11 + 12*17^12 + 6*17^13 + 2*17^14 + 17^15 + O(17^16) : 1 + O(17^20))
   (7 + 9*17 + 8*17^2 + 11*17^3 + 8*17^4 + 2*17^5 + 14*17^6 + 13*17^7 + 5*17^8 + 17^9 + 17^10 + 11*17^11 + 15*17^12 + 13*17^13 + 5*17^14 + O(17^15) : 4 + 17 + 5*17^2 + 5*17^3 + 10*17^4 + 4*17^5 + 14*17^6 + 9*17^7 + 14*17^8 + 15*17^9 + 13*17^10 + 4*17^12 + 10*17^13 + 14*17^14 + 15*17^15 + O(17^16) : 1 + O(17^20))
   (7 + 9*17 + 8*17^2 + 12*17^3 + 11*17^4 + 13*17^5 + 6*17^6 + 2*17^7 + 4*17^8 + 8*17^9 + 11*17^10 + 10*17^11 + 3*17^12 + 16*17^13 + 15*17^14 + O(17^15) : 13 + 15*17 + 11*17^2 + 11*17^3 + 16*17^4 + 8*17^5 + 10*17^6 + 17^7 + 3*17^8 + 9*17^9 + 9*17^10 + 7*17^11 + 7*17^12 + 7*17^13 + 11*17^14 + 3*17^15 + O(17^16) : 1 + O(17^20))
   (7 + 9*17 + 8*17^2 + 12*17^3 + 11*17^4 + 13*17^5 + 6*17^6 + 2*17^7 + 4*17^8 + 8*17^9 + 11*17^10 + 10*17^11 + 3*17^12 + 16*17^13 + 15*17^14 + O(17^15) : 4 + 17 + 5*17^2 + 5*17^3 + 8*17^5 + 6*17^6 + 15*17^7 + 13*17^8 + 7*17^9 + 7*17^10 + 9*17^11 + 9*17^12 + 9*17^13 + 5*17^14 + 13*17^15 + O(17^16) : 1 + O(17^20))
   (7 + 9*17 + 8*17^2 + 12*17^3 + 13*17^4 + 15*17^5 + 9*17^7 + 9*17^8 + 12*17^9 + 13*17^10 + 16*17^11 + 12*17^12 + 14*17^13 + 5*17^14 + O(17^15) : 13 + 15*17 + 11*17^2 + 11*17^3 + 16*17^4 + 11*17^5 + 14*17^6 + 2*17^7 + 4*17^8 + 12*17^9 + 11*17^10 + 11*17^11 + 4*17^12 + 2*17^13 + 12*17^14 + 15*17^15 + O(17^16) : 1 + O(17^20))
   (7 + 9*17 + 8*17^2 + 12*17^3 + 13*17^4 + 15*17^5 + 9*17^7 + 9*17^8 + 12*17^9 + 13*17^10 + 16*17^11 + 12*17^12 + 14*17^13 + 5*17^14 + O(17^15) : 4 + 17 + 5*17^2 + 5*17^3 + 5*17^5 + 2*17^6 + 14*17^7 + 12*17^8 + 4*17^9 + 5*17^10 + 5*17^11 + 12*17^12 + 14*17^13 + 4*17^14 + 17^15 + O(17^16) : 1 + O(17^20))
   (7 + 9*17 + 8*17^2 + 12*17^3 + 13*17^4 + 17^5 + 7*17^6 + 15*17^7 + 14*17^8 + 6*17^10 + 17^11 + 9*17^12 + 9*17^13 + 8*17^14 + O(17^15) : 13 + 15*17 + 11*17^2 + 11*17^3 + 16*17^4 + 11*17^5 + 10*17^6 + 13*17^7 + 4*17^8 + 3*17^9 + 6*17^10 + 14*17^11 + 13*17^12 + 15*17^13 + 10*17^14 + 12*17^15 + O(17^16) : 1 + O(17^20))
   (7 + 9*17 + 8*17^2 + 12*17^3 + 13*17^4 + 17^5 + 7*17^6 + 15*17^7 + 14*17^8 + 6*17^10 + 17^11 + 9*17^12 + 9*17^13 + 8*17^14 + O(17^15) : 4 + 17 + 5*17^2 + 5*17^3 + 5*17^5 + 6*17^6 + 3*17^7 + 12*17^8 + 13*17^9 + 10*17^10 + 2*17^11 + 3*17^12 + 17^13 + 6*17^14 + 4*17^15 + O(17^16) : 1 + O(17^20))
   (7 + 9*17 + 8*17^2 + 12*17^3 + 2*17^4 + 16*17^5 + 9*17^6 + 4*17^7 + 6*17^9 + 2*17^11 + 13*17^12 + 2*17^13 + 13*17^14 + O(17^15) : 13 + 15*17 + 11*17^2 + 11*17^3 + 16*17^4 + 3*17^5 + 17^6 + 17^7 + 14*17^8 + 2*17^9 + 2*17^10 + 9*17^11 + 8*17^12 + 17^13 + 11*17^14 + 6*17^15 + O(17^16) : 1 + O(17^20))
   (7 + 9*17 + 8*17^2 + 12*17^3 + 2*17^4 + 16*17^5 + 9*17^6 + 4*17^7 + 6*17^9 + 2*17^11 + 13*17^12 + 2*17^13 + 13*17^14 + O(17^15) : 4 + 17 + 5*17^2 + 5*17^3 + 13*17^5 + 15*17^6 + 15*17^7 + 2*17^8 + 14*17^9 + 14*17^10 + 7*17^11 + 8*17^12 + 15*17^13 + 5*17^14 + 10*17^15 + O(17^16) : 1 + O(17^20))
   (7 + 9*17 + 8*17^2 + 12*17^3 + 2*17^4 + 2*17^5 + 6*17^6 + 13*17^7 + 14*17^8 + 4*17^9 + 13*17^12 + 9*17^13 + 16*17^14 + O(17^15) : 13 + 15*17 + 11*17^2 + 11*17^3 + 16*17^4 + 3*17^5 + 14*17^6 + 13*17^7 + 4*17^8 + 2*17^9 + 17^10 + 5*17^11 + 16*17^12 + 3*17^13 + 16*17^14 + 6*17^15 + O(17^16) : 1 + O(17^20))
   (7 + 9*17 + 8*17^2 + 12*17^3 + 2*17^4 + 2*17^5 + 6*17^6 + 13*17^7 + 14*17^8 + 4*17^9 + 13*17^12 + 9*17^13 + 16*17^14 + O(17^15) : 4 + 17 + 5*17^2 + 5*17^3 + 13*17^5 + 2*17^6 + 3*17^7 + 12*17^8 + 14*17^9 + 15*17^10 + 11*17^11 + 13*17^13 + 10*17^15 + O(17^16) : 1 + O(17^20))
   (7 + 9*17 + 8*17^2 + 12*17^3 + 5*17^4 + 9*17^5 + 6*17^6 + 5*17^7 + 7*17^8 + 3*17^9 + 17^10 + 8*17^11 + 9*17^12 + 4*17^13 + 11*17^14 + O(17^15) : 13 + 15*17 + 11*17^2 + 11*17^3 + 16*17^4 + 16*17^5 + 6*17^7 + 6*17^8 + 12*17^9 + 17^10 + 15*17^11 + 15*17^12 + 6*17^13 + 13*17^14 + 12*17^15 + O(17^16) : 1 + O(17^20))
   (7 + 9*17 + 8*17^2 + 12*17^3 + 5*17^4 + 9*17^5 + 6*17^6 + 5*17^7 + 7*17^8 + 3*17^9 + 17^10 + 8*17^11 + 9*17^12 + 4*17^13 + 11*17^14 + O(17^15) : 4 + 17 + 5*17^2 + 5*17^3 + 16*17^6 + 10*17^7 + 10*17^8 + 4*17^9 + 15*17^10 + 17^11 + 17^12 + 10*17^13 + 3*17^14 + 4*17^15 + O(17^16) : 1 + O(17^20))
   (7 + 9*17 + 8*17^2 + 12*17^3 + 5*17^5 + 16*17^6 + 10*17^7 + 5*17^9 + 10*17^10 + 6*17^11 + 10*17^12 + 12*17^13 + 2*17^14 + O(17^15) : 13 + 15*17 + 11*17^2 + 11*17^3 + 16*17^4 + 9*17^6 + 4*17^7 + 6*17^8 + 2*17^10 + 12*17^11 + 16*17^12 + 4*17^13 + 11*17^14 + 12*17^15 + O(17^16) : 1 + O(17^20))
   (7 + 9*17 + 8*17^2 + 12*17^3 + 5*17^5 + 16*17^6 + 10*17^7 + 5*17^9 + 10*17^10 + 6*17^11 + 10*17^12 + 12*17^13 + 2*17^14 + O(17^15) : 4 + 17 + 5*17^2 + 5*17^3 + 16*17^5 + 7*17^6 + 12*17^7 + 10*17^8 + 16*17^9 + 14*17^10 + 4*17^11 + 12*17^13 + 5*17^14 + 4*17^15 + O(17^16) : 1 + O(17^20))
   (7 + 9*17 + 8*17^2 + 12*17^3 + 5*17^5 + 4*17^6 + 9*17^7 + 13*17^8 + 3*17^9 + 7*17^10 + 7*17^11 + 12*17^13 + 5*17^14 + O(17^15) : 13 + 15*17 + 11*17^2 + 11*17^3 + 16*17^4 + 9*17^6 + 3*17^7 + 6*17^8 + 7*17^9 + 15*17^11 + 3*17^12 + 14*17^13 + 8*17^15 + O(17^16) : 1 + O(17^20))
   (7 + 9*17 + 8*17^2 + 12*17^3 + 5*17^5 + 4*17^6 + 9*17^7 + 13*17^8 + 3*17^9 + 7*17^10 + 7*17^11 + 12*17^13 + 5*17^14 + O(17^15) : 4 + 17 + 5*17^2 + 5*17^3 + 16*17^5 + 7*17^6 + 13*17^7 + 10*17^8 + 9*17^9 + 16*17^10 + 17^11 + 13*17^12 + 2*17^13 + 16*17^14 + 8*17^15 + O(17^16) : 1 + O(17^20))
   (7 + 9*17 + 8*17^2 + 12*17^3 + 6*17^4 + 3*17^5 + 13*17^6 + 8*17^7 + 15*17^8 + 17^9 + 8*17^10 + 7*17^11 + 2*17^12 + 5*17^13 + 15*17^14 + O(17^15) : 13 + 15*17 + 11*17^2 + 11*17^3 + 16*17^4 + 9*17^5 + 9*17^6 + 2*17^8 + 17^9 + 5*17^10 + 15*17^11 + 2*17^12 + 14*17^13 + 7*17^14 + 16*17^15 + O(17^16) : 1 + O(17^20))
   (7 + 9*17 + 8*17^2 + 12*17^3 + 6*17^4 + 3*17^5 + 13*17^6 + 8*17^7 + 15*17^8 + 17^9 + 8*17^10 + 7*17^11 + 2*17^12 + 5*17^13 + 15*17^14 + O(17^15) : 4 + 17 + 5*17^2 + 5*17^3 + 7*17^5 + 7*17^6 + 16*17^7 + 14*17^8 + 15*17^9 + 11*17^10 + 17^11 + 14*17^12 + 2*17^13 + 9*17^14 + O(17^16) : 1 + O(17^20))
   (7 + 9*17 + 8*17^2 + 12*17^3 + 7*17^4 + 15*17^5 + 10*17^6 + 2*17^7 + 16*17^8 + 4*17^9 + 10*17^10 + 9*17^11 + 8*17^12 + 11*17^13 + 14*17^14 + O(17^15) : 13 + 15*17 + 11*17^2 + 11*17^3 + 16*17^4 + 2*17^5 + 11*17^6 + 7*17^7 + 13*17^8 + 16*17^9 + 3*17^10 + 14*17^11 + 2*17^12 + 5*17^13 + 11*17^14 + 6*17^15 + O(17^16) : 1 + O(17^20))
   (7 + 9*17 + 8*17^2 + 12*17^3 + 7*17^4 + 15*17^5 + 10*17^6 + 2*17^7 + 16*17^8 + 4*17^9 + 10*17^10 + 9*17^11 + 8*17^12 + 11*17^13 + 14*17^14 + O(17^15) : 4 + 17 + 5*17^2 + 5*17^3 + 14*17^5 + 5*17^6 + 9*17^7 + 3*17^8 + 13*17^10 + 2*17^11 + 14*17^12 + 11*17^13 + 5*17^14 + 10*17^15 + O(17^16) : 1 + O(17^20))
   (7 + 9*17 + 8*17^2 + 13*17^3 + 14*17^4 + 14*17^5 + 9*17^6 + 10*17^7 + 11*17^8 + 2*17^9 + 17^10 + 10*17^11 + 8*17^12 + 14*17^13 + 10*17^14 + O(17^15) : 13 + 15*17 + 11*17^2 + 11*17^3 + 9*17^4 + 5*17^5 + 16*17^6 + 9*17^7 + 4*17^8 + 6*17^9 + 11*17^11 + 17^12 + 4*17^13 + 9*17^14 + 8*17^15 + O(17^16) : 1 + O(17^20))
   (7 + 9*17 + 8*17^2 + 13*17^3 + 14*17^4 + 14*17^5 + 9*17^6 + 10*17^7 + 11*17^8 + 2*17^9 + 17^10 + 10*17^11 + 8*17^12 + 14*17^13 + 10*17^14 + O(17^15) : 4 + 17 + 5*17^2 + 5*17^3 + 7*17^4 + 11*17^5 + 7*17^7 + 12*17^8 + 10*17^9 + 16*17^10 + 5*17^11 + 15*17^12 + 12*17^13 + 7*17^14 + 8*17^15 + O(17^16) : 1 + O(17^20))
   (7 + 9*17 + 8*17^2 + 13*17^3 + 14*17^4 + 5*17^5 + 14*17^7 + 5*17^8 + 3*17^9 + 14*17^10 + 5*17^11 + 12*17^12 + 9*17^13 + 14*17^14 + O(17^15) : 13 + 15*17 + 11*17^2 + 11*17^3 + 9*17^4 + 5*17^5 + 11*17^6 + 16*17^7 + 8*17^8 + 3*17^9 + 16*17^10 + 14*17^11 + 15*17^12 + 4*17^13 + 4*17^14 + 9*17^15 + O(17^16) : 1 + O(17^20))
   (7 + 9*17 + 8*17^2 + 13*17^3 + 14*17^4 + 5*17^5 + 14*17^7 + 5*17^8 + 3*17^9 + 14*17^10 + 5*17^11 + 12*17^12 + 9*17^13 + 14*17^14 + O(17^15) : 4 + 17 + 5*17^2 + 5*17^3 + 7*17^4 + 11*17^5 + 5*17^6 + 8*17^8 + 13*17^9 + 2*17^11 + 17^12 + 12*17^13 + 12*17^14 + 7*17^15 + O(17^16) : 1 + O(17^20))
   (7 + 9*17 + 8*17^2 + 13*17^3 + 14*17^4 + 5*17^5 + 15*17^6 + 15*17^7 + 4*17^8 + 15*17^9 + 15*17^10 + 17^11 + 10*17^12 + 15*17^13 + 14*17^14 + O(17^15) : 13 + 15*17 + 11*17^2 + 11*17^3 + 9*17^4 + 5*17^5 + 11*17^6 + 13*17^7 + 10*17^8 + 10*17^9 + 2*17^10 + 11*17^11 + 2*17^12 + 17^13 + 8*17^14 + 2*17^15 + O(17^16) : 1 + O(17^20))
   (7 + 9*17 + 8*17^2 + 13*17^3 + 14*17^4 + 5*17^5 + 15*17^6 + 15*17^7 + 4*17^8 + 15*17^9 + 15*17^10 + 17^11 + 10*17^12 + 15*17^13 + 14*17^14 + O(17^15) : 4 + 17 + 5*17^2 + 5*17^3 + 7*17^4 + 11*17^5 + 5*17^6 + 3*17^7 + 6*17^8 + 6*17^9 + 14*17^10 + 5*17^11 + 14*17^12 + 15*17^13 + 8*17^14 + 14*17^15 + O(17^16) : 1 + O(17^20))
   (7 + 9*17 + 8*17^2 + 13*17^3 + 16*17^4 + 6*17^5 + 10*17^7 + 11*17^8 + 11*17^10 + 8*17^11 + 13*17^12 + 6*17^13 + O(17^15) : 13 + 15*17 + 11*17^2 + 11*17^3 + 9*17^4 + 8*17^5 + 5*17^6 + 17^7 + 2*17^8 + 6*17^9 + 10*17^10 + 6*17^12 + 7*17^13 + 2*17^14 + 15*17^15 + O(17^16) : 1 + O(17^20))
   (7 + 9*17 + 8*17^2 + 13*17^3 + 16*17^4 + 6*17^5 + 10*17^7 + 11*17^8 + 11*17^10 + 8*17^11 + 13*17^12 + 6*17^13 + O(17^15) : 4 + 17 + 5*17^2 + 5*17^3 + 7*17^4 + 8*17^5 + 11*17^6 + 15*17^7 + 14*17^8 + 10*17^9 + 6*17^10 + 16*17^11 + 10*17^12 + 9*17^13 + 14*17^14 + 17^15 + O(17^16) : 1 + O(17^20))
   (7 + 9*17 + 8*17^2 + 13*17^3 + 17^4 + 4*17^5 + 10*17^6 + 10*17^7 + 6*17^8 + 8*17^9 + 14*17^10 + 17^11 + 7*17^12 + 5*17^13 + 11*17^14 + O(17^15) : 13 + 15*17 + 11*17^2 + 11*17^3 + 9*17^4 + 11*17^5 + 10*17^6 + 15*17^7 + 5*17^8 + 16*17^9 + 12*17^10 + 14*17^11 + 15*17^12 + 6*17^13 + 16*17^14 + 17^15 + O(17^16) : 1 + O(17^20))
   (7 + 9*17 + 8*17^2 + 13*17^3 + 17^4 + 4*17^5 + 10*17^6 + 10*17^7 + 6*17^8 + 8*17^9 + 14*17^10 + 17^11 + 7*17^12 + 5*17^13 + 11*17^14 + O(17^15) : 4 + 17 + 5*17^2 + 5*17^3 + 7*17^4 + 5*17^5 + 6*17^6 + 17^7 + 11*17^8 + 4*17^10 + 2*17^11 + 17^12 + 10*17^13 + 15*17^15 + O(17^16) : 1 + O(17^20))
   (7 + 9*17 + 8*17^2 + 13*17^3 + 2*17^4 + 7*17^5 + 4*17^6 + 11*17^7 + 4*17^8 + 13*17^10 + 10*17^11 + 15*17^12 + 15*17^13 + 7*17^14 + O(17^15) : 13 + 15*17 + 11*17^2 + 11*17^3 + 9*17^4 + 4*17^5 + 7*17^6 + 12*17^8 + 2*17^9 + 9*17^10 + 5*17^11 + 14*17^12 + 16*17^13 + 6*17^14 + 9*17^15 + O(17^16) : 1 + O(17^20))
   (7 + 9*17 + 8*17^2 + 13*17^3 + 2*17^4 + 7*17^5 + 4*17^6 + 11*17^7 + 4*17^8 + 13*17^10 + 10*17^11 + 15*17^12 + 15*17^13 + 7*17^14 + O(17^15) : 4 + 17 + 5*17^2 + 5*17^3 + 7*17^4 + 12*17^5 + 9*17^6 + 16*17^7 + 4*17^8 + 14*17^9 + 7*17^10 + 11*17^11 + 2*17^12 + 10*17^14 + 7*17^15 + O(17^16) : 1 + O(17^20))
   (7 + 9*17 + 8*17^2 + 13*17^3 + 4*17^4 + 6*17^5 + 3*17^6 + 6*17^7 + 15*17^8 + 4*17^9 + 17^10 + 14*17^11 + 4*17^13 + 9*17^14 + O(17^15) : 13 + 15*17 + 11*17^2 + 11*17^3 + 9*17^4 + 7*17^5 + 15*17^6 + 7*17^7 + 4*17^8 + 8*17^9 + 16*17^10 + 7*17^11 + 7*17^12 + 9*17^13 + 3*17^14 + 15*17^15 + O(17^16) : 1 + O(17^20))
   (7 + 9*17 + 8*17^2 + 13*17^3 + 4*17^4 + 6*17^5 + 3*17^6 + 6*17^7 + 15*17^8 + 4*17^9 + 17^10 + 14*17^11 + 4*17^13 + 9*17^14 + O(17^15) : 4 + 17 + 5*17^2 + 5*17^3 + 7*17^4 + 9*17^5 + 17^6 + 9*17^7 + 12*17^8 + 8*17^9 + 9*17^11 + 9*17^12 + 7*17^13 + 13*17^14 + 17^15 + O(17^16) : 1 + O(17^20))
   (7 + 9*17 + 8*17^2 + 13*17^3 + 5*17^4 + 17^5 + 17^7 + 10*17^8 + 11*17^9 + 6*17^11 + 2*17^12 + 17^13 + 17^14 + O(17^15) : 13 + 15*17 + 11*17^2 + 11*17^3 + 9*17^4 + 17^7 + 4*17^8 + 9*17^9 + 2*17^10 + 14*17^11 + 11*17^12 + 10*17^13 + 11*17^14 + 3*17^15 + O(17^16) : 1 + O(17^20))
   (7 + 9*17 + 8*17^2 + 13*17^3 + 5*17^4 + 17^5 + 17^7 + 10*17^8 + 11*17^9 + 6*17^11 + 2*17^12 + 17^13 + 17^14 + O(17^15) : 4 + 17 + 5*17^2 + 5*17^3 + 7*17^4 + 16*17^5 + 16*17^6 + 15*17^7 + 12*17^8 + 7*17^9 + 14*17^10 + 2*17^11 + 5*17^12 + 6*17^13 + 5*17^14 + 13*17^15 + O(17^16) : 1 + O(17^20))
   (7 + 9*17 + 8*17^2 + 13*17^3 + 6*17^4 + 14*17^5 + 15*17^6 + 13*17^7 + 17^8 + 2*17^9 + 10*17^11 + 10*17^12 + 15*17^13 + 10*17^14 + O(17^15) : 13 + 15*17 + 11*17^2 + 11*17^3 + 9*17^4 + 10*17^5 + 11*17^6 + 14*17^7 + 2*17^8 + 12*17^9 + 15*17^10 + 9*17^11 + 6*17^12 + 11*17^13 + 16*17^14 + 15*17^15 + O(17^16) : 1 + O(17^20))
   (7 + 9*17 + 8*17^2 + 13*17^3 + 6*17^4 + 14*17^5 + 15*17^6 + 13*17^7 + 17^8 + 2*17^9 + 10*17^11 + 10*17^12 + 15*17^13 + 10*17^14 + O(17^15) : 4 + 17 + 5*17^2 + 5*17^3 + 7*17^4 + 6*17^5 + 5*17^6 + 2*17^7 + 14*17^8 + 4*17^9 + 17^10 + 7*17^11 + 10*17^12 + 5*17^13 + 17^15 + O(17^16) : 1 + O(17^20))
   (7 + 9*17 + 8*17^2 + 14*17^3 + 11*17^4 + 14*17^5 + 14*17^6 + 5*17^7 + 7*17^8 + 12*17^9 + 9*17^10 + 14*17^11 + 16*17^12 + 16*17^13 + 11*17^14 + O(17^15) : 13 + 15*17 + 11*17^2 + 11*17^3 + 2*17^4 + 10*17^5 + 4*17^6 + 2*17^7 + 12*17^8 + 16*17^9 + 10*17^11 + 16*17^13 + 12*17^14 + 12*17^15 + O(17^16) : 1 + O(17^20))
   (7 + 9*17 + 8*17^2 + 14*17^3 + 11*17^4 + 14*17^5 + 14*17^6 + 5*17^7 + 7*17^8 + 12*17^9 + 9*17^10 + 14*17^11 + 16*17^12 + 16*17^13 + 11*17^14 + O(17^15) : 4 + 17 + 5*17^2 + 5*17^3 + 14*17^4 + 6*17^5 + 12*17^6 + 14*17^7 + 4*17^8 + 16*17^10 + 6*17^11 + 16*17^12 + 4*17^14 + 4*17^15 + O(17^16) : 1 + O(17^20))
   (7 + 9*17 + 8*17^2 + 14*17^3 + 11*17^4 + 8*17^5 + 17^6 + 11*17^7 + 4*17^8 + 5*17^9 + 6*17^10 + 11*17^11 + 3*17^12 + 2*17^14 + O(17^15) : 13 + 15*17 + 11*17^2 + 11*17^3 + 2*17^4 + 10*17^5 + 12*17^6 + 4*17^7 + 17^9 + 17^10 + 13*17^11 + 9*17^12 + 2*17^15 + O(17^16) : 1 + O(17^20))
   (7 + 9*17 + 8*17^2 + 14*17^3 + 11*17^4 + 8*17^5 + 17^6 + 11*17^7 + 4*17^8 + 5*17^9 + 6*17^10 + 11*17^11 + 3*17^12 + 2*17^14 + O(17^15) : 4 + 17 + 5*17^2 + 5*17^3 + 14*17^4 + 6*17^5 + 4*17^6 + 12*17^7 + 16*17^8 + 15*17^9 + 15*17^10 + 3*17^11 + 7*17^12 + 16*17^13 + 16*17^14 + 14*17^15 + O(17^16) : 1 + O(17^20))
   (7 + 9*17 + 8*17^2 + 14*17^3 + 17^4 + 14*17^5 + 11*17^6 + 13*17^7 + 4*17^8 + 5*17^9 + 11*17^10 + 13*17^11 + 14*17^12 + 3*17^13 + 3*17^14 + O(17^15) : 13 + 15*17 + 11*17^2 + 11*17^3 + 2*17^4 + 12*17^5 + 15*17^6 + 6*17^7 + 7*17^9 + 13*17^10 + 17^11 + 4*17^12 + 5*17^13 + 15*17^14 + 4*17^15 + O(17^16) : 1 + O(17^20))
   (7 + 9*17 + 8*17^2 + 14*17^3 + 17^4 + 14*17^5 + 11*17^6 + 13*17^7 + 4*17^8 + 5*17^9 + 11*17^10 + 13*17^11 + 14*17^12 + 3*17^13 + 3*17^14 + O(17^15) : 4 + 17 + 5*17^2 + 5*17^3 + 14*17^4 + 4*17^5 + 17^6 + 10*17^7 + 16*17^8 + 9*17^9 + 3*17^10 + 15*17^11 + 12*17^12 + 11*17^13 + 17^14 + 12*17^15 + O(17^16) : 1 + O(17^20))
   (7 + 9*17 + 8*17^2 + 14*17^3 + 17^4 + 14*17^5 + 14*17^6 + 17^7 + 11*17^8 + 6*17^9 + 9*17^10 + 13*17^11 + 8*17^12 + 16*17^13 + 6*17^14 + O(17^15) : 13 + 15*17 + 11*17^2 + 11*17^3 + 2*17^4 + 12*17^5 + 15*17^6 + 2*17^7 + 17^8 + 15*17^10 + 2*17^11 + 15*17^12 + 4*17^14 + 16*17^15 + O(17^16) : 1 + O(17^20))
   (7 + 9*17 + 8*17^2 + 14*17^3 + 17^4 + 14*17^5 + 14*17^6 + 17^7 + 11*17^8 + 6*17^9 + 9*17^10 + 13*17^11 + 8*17^12 + 16*17^13 + 6*17^14 + O(17^15) : 4 + 17 + 5*17^2 + 5*17^3 + 14*17^4 + 4*17^5 + 17^6 + 14*17^7 + 15*17^8 + 16*17^9 + 17^10 + 14*17^11 + 17^12 + 16*17^13 + 12*17^14 + O(17^16) : 1 + O(17^20))
   (7 + 9*17 + 8*17^2 + 14*17^3 + 4*17^4 + 4*17^5 + 4*17^6 + 10*17^7 + 4*17^9 + 2*17^10 + 5*17^11 + 7*17^12 + 11*17^13 + 12*17^14 + O(17^15) : 13 + 15*17 + 11*17^2 + 11*17^3 + 2*17^4 + 8*17^5 + 2*17^6 + 14*17^7 + 13*17^8 + 12*17^9 + 16*17^10 + 11*17^11 + 15*17^12 + 13*17^13 + 4*17^14 + 10*17^15 + O(17^16) : 1 + O(17^20))
   (7 + 9*17 + 8*17^2 + 14*17^3 + 4*17^4 + 4*17^5 + 4*17^6 + 10*17^7 + 4*17^9 + 2*17^10 + 5*17^11 + 7*17^12 + 11*17^13 + 12*17^14 + O(17^15) : 4 + 17 + 5*17^2 + 5*17^3 + 14*17^4 + 8*17^5 + 14*17^6 + 2*17^7 + 3*17^8 + 4*17^9 + 5*17^11 + 17^12 + 3*17^13 + 12*17^14 + 6*17^15 + O(17^16) : 1 + O(17^20))
   (7 + 9*17 + 8*17^2 + 14*17^3 + 6*17^5 + 4*17^6 + 14*17^7 + 9*17^8 + 15*17^9 + 14*17^10 + 9*17^11 + 15*17^12 + 8*17^13 + 7*17^14 + O(17^15) : 13 + 15*17 + 11*17^2 + 11*17^3 + 2*17^4 + 2*17^5 + 3*17^6 + 12*17^7 + 4*17^8 + 14*17^9 + 17^10 + 9*17^11 + 16*17^12 + 6*17^13 + 6*17^14 + 14*17^15 + O(17^16) : 1 + O(17^20))
   (7 + 9*17 + 8*17^2 + 14*17^3 + 6*17^5 + 4*17^6 + 14*17^7 + 9*17^8 + 15*17^9 + 14*17^10 + 9*17^11 + 15*17^12 + 8*17^13 + 7*17^14 + O(17^15) : 4 + 17 + 5*17^2 + 5*17^3 + 14*17^4 + 14*17^5 + 13*17^6 + 4*17^7 + 12*17^8 + 2*17^9 + 15*17^10 + 7*17^11 + 10*17^13 + 10*17^14 + 2*17^15 + O(17^16) : 1 + O(17^20))
   (7 + 9*17 + 8*17^2 + 14*17^3 + 7*17^4 + 2*17^5 + 5*17^7 + 17^8 + 8*17^9 + 2*17^10 + 6*17^11 + 3*17^12 + 13*17^13 + 3*17^14 + O(17^15) : 13 + 15*17 + 11*17^2 + 11*17^3 + 2*17^4 + 4*17^5 + 17^6 + 5*17^7 + 13*17^8 + 7*17^9 + 3*17^10 + 5*17^11 + 6*17^12 + 14*17^13 + 16*17^14 + 14*17^15 + O(17^16) : 1 + O(17^20))
   (7 + 9*17 + 8*17^2 + 14*17^3 + 7*17^4 + 2*17^5 + 5*17^7 + 17^8 + 8*17^9 + 2*17^10 + 6*17^11 + 3*17^12 + 13*17^13 + 3*17^14 + O(17^15) : 4 + 17 + 5*17^2 + 5*17^3 + 14*17^4 + 12*17^5 + 15*17^6 + 11*17^7 + 3*17^8 + 9*17^9 + 13*17^10 + 11*17^11 + 10*17^12 + 2*17^13 + 2*17^15 + O(17^16) : 1 + O(17^20))
   (7 + 9*17 + 8*17^2 + 14*17^3 + 8*17^4 + 12*17^5 + 3*17^6 + 9*17^7 + 12*17^8 + 9*17^9 + 10*17^10 + 9*17^11 + 5*17^12 + 10*17^13 + 2*17^14 + O(17^15) : 13 + 15*17 + 11*17^2 + 11*17^3 + 2*17^4 + 14*17^5 + 16*17^6 + 11*17^7 + 4*17^8 + 14*17^9 + 11*17^10 + 6*17^11 + 8*17^12 + 7*17^13 + 11*17^14 + O(17^16) : 1 + O(17^20))
   (7 + 9*17 + 8*17^2 + 14*17^3 + 8*17^4 + 12*17^5 + 3*17^6 + 9*17^7 + 12*17^8 + 9*17^9 + 10*17^10 + 9*17^11 + 5*17^12 + 10*17^13 + 2*17^14 + O(17^15) : 4 + 17 + 5*17^2 + 5*17^3 + 14*17^4 + 2*17^5 + 5*17^7 + 12*17^8 + 2*17^9 + 5*17^10 + 10*17^11 + 8*17^12 + 9*17^13 + 5*17^14 + 16*17^15 + O(17^16) : 1 + O(17^20))
   (7 + 9*17 + 8*17^2 + 15*17^3 + 10*17^4 + 6*17^5 + 16*17^6 + 9*17^8 + 17^9 + 9*17^10 + 7*17^11 + 7*17^12 + 3*17^13 + 11*17^14 + O(17^15) : 13 + 15*17 + 11*17^2 + 11*17^3 + 12*17^4 + 12*17^6 + 4*17^7 + 16*17^8 + 3*17^9 + 10*17^10 + 7*17^11 + 14*17^12 + 8*17^13 + 17^14 + 3*17^15 + O(17^16) : 1 + O(17^20))
   (7 + 9*17 + 8*17^2 + 15*17^3 + 10*17^4 + 6*17^5 + 16*17^6 + 9*17^8 + 17^9 + 9*17^10 + 7*17^11 + 7*17^12 + 3*17^13 + 11*17^14 + O(17^15) : 4 + 17 + 5*17^2 + 5*17^3 + 4*17^4 + 16*17^5 + 4*17^6 + 12*17^7 + 13*17^9 + 6*17^10 + 9*17^11 + 2*17^12 + 8*17^13 + 15*17^14 + 13*17^15 + O(17^16) : 1 + O(17^20))
   (7 + 9*17 + 8*17^2 + 15*17^3 + 11*17^4 + 2*17^5 + 12*17^6 + 2*17^7 + 9*17^8 + 4*17^9 + 13*17^10 + 15*17^11 + 5*17^12 + 6*17^13 + 17^14 + O(17^15) : 13 + 15*17 + 11*17^2 + 11*17^3 + 12*17^4 + 10*17^5 + 6*17^6 + 14*17^7 + 3*17^8 + 13*17^9 + 16*17^10 + 5*17^11 + 5*17^12 + 3*17^13 + 6*17^14 + 17^15 + O(17^16) : 1 + O(17^20))
   (7 + 9*17 + 8*17^2 + 15*17^3 + 11*17^4 + 2*17^5 + 12*17^6 + 2*17^7 + 9*17^8 + 4*17^9 + 13*17^10 + 15*17^11 + 5*17^12 + 6*17^13 + 17^14 + O(17^15) : 4 + 17 + 5*17^2 + 5*17^3 + 4*17^4 + 6*17^5 + 10*17^6 + 2*17^7 + 13*17^8 + 3*17^9 + 11*17^11 + 11*17^12 + 13*17^13 + 10*17^14 + 15*17^15 + O(17^16) : 1 + O(17^20))
   (7 + 9*17 + 8*17^2 + 15*17^3 + 11*17^4 + 2*17^5 + 8*17^6 + 6*17^7 + 17^8 + 17^9 + 9*17^10 + 10*17^12 + 2*17^13 + 15*17^14 + O(17^15) : 13 + 15*17 + 11*17^2 + 11*17^3 + 12*17^4 + 10*17^5 + 6*17^6 + 8*17^7 + 7*17^8 + 16*17^9 + 12*17^10 + 4*17^11 + 9*17^12 + 3*17^13 + 4*17^14 + 9*17^15 + O(17^16) : 1 + O(17^20))
   (7 + 9*17 + 8*17^2 + 15*17^3 + 11*17^4 + 2*17^5 + 8*17^6 + 6*17^7 + 17^8 + 17^9 + 9*17^10 + 10*17^12 + 2*17^13 + 15*17^14 + O(17^15) : 4 + 17 + 5*17^2 + 5*17^3 + 4*17^4 + 6*17^5 + 10*17^6 + 8*17^7 + 9*17^8 + 4*17^10 + 12*17^11 + 7*17^12 + 13*17^13 + 12*17^14 + 7*17^15 + O(17^16) : 1 + O(17^20))
   (7 + 9*17 + 8*17^2 + 15*17^3 + 2*17^4 + 17^5 + 17^6 + 12*17^7 + 15*17^8 + 17^9 + 15*17^10 + 12*17^11 + 12*17^12 + 10*17^13 + 13*17^14 + O(17^15) : 13 + 15*17 + 11*17^2 + 11*17^3 + 12*17^4 + 5*17^5 + 8*17^6 + 13*17^7 + 15*17^8 + 7*17^9 + 9*17^10 + 9*17^11 + 8*17^12 + 7*17^13 + 17^14 + 3*17^15 + O(17^16) : 1 + O(17^20))
   (7 + 9*17 + 8*17^2 + 15*17^3 + 2*17^4 + 17^5 + 17^6 + 12*17^7 + 15*17^8 + 17^9 + 15*17^10 + 12*17^11 + 12*17^12 + 10*17^13 + 13*17^14 + O(17^15) : 4 + 17 + 5*17^2 + 5*17^3 + 4*17^4 + 11*17^5 + 8*17^6 + 3*17^7 + 17^8 + 9*17^9 + 7*17^10 + 7*17^11 + 8*17^12 + 9*17^13 + 15*17^14 + 13*17^15 + O(17^16) : 1 + O(17^20))
   (7 + 9*17 + 8*17^2 + 15*17^3 + 4*17^4 + 17^5 + 16*17^6 + 12*17^7 + 9*17^8 + 11*17^9 + 16*17^10 + 10*17^11 + 16*17^12 + 5*17^13 + O(17^15) : 13 + 15*17 + 11*17^2 + 11*17^3 + 12*17^4 + 8*17^5 + 9*17^6 + 12*17^7 + 15*17^8 + 15*17^9 + 5*17^10 + 7*17^11 + 15*17^12 + 4*17^13 + 2*17^14 + 13*17^15 + O(17^16) : 1 + O(17^20))
   (7 + 9*17 + 8*17^2 + 15*17^3 + 4*17^4 + 17^5 + 16*17^6 + 12*17^7 + 9*17^8 + 11*17^9 + 16*17^10 + 10*17^11 + 16*17^12 + 5*17^13 + O(17^15) : 4 + 17 + 5*17^2 + 5*17^3 + 4*17^4 + 8*17^5 + 7*17^6 + 4*17^7 + 17^8 + 17^9 + 11*17^10 + 9*17^11 + 17^12 + 12*17^13 + 14*17^14 + 3*17^15 + O(17^16) : 1 + O(17^20))
   (7 + 9*17 + 8*17^2 + 15*17^3 + 6*17^4 + 4*17^5 + 2*17^6 + 3*17^7 + 2*17^8 + 3*17^9 + 11*17^10 + 10*17^11 + 3*17^12 + 16*17^13 + 12*17^14 + O(17^15) : 13 + 15*17 + 11*17^2 + 11*17^3 + 12*17^4 + 11*17^5 + 6*17^6 + 12*17^7 + 14*17^8 + 12*17^9 + 13*17^10 + 14*17^11 + 16*17^12 + 7*17^13 + 2*17^14 + 14*17^15 + O(17^16) : 1 + O(17^20))
   (7 + 9*17 + 8*17^2 + 15*17^3 + 6*17^4 + 4*17^5 + 2*17^6 + 3*17^7 + 2*17^8 + 3*17^9 + 11*17^10 + 10*17^11 + 3*17^12 + 16*17^13 + 12*17^14 + O(17^15) : 4 + 17 + 5*17^2 + 5*17^3 + 4*17^4 + 5*17^5 + 10*17^6 + 4*17^7 + 2*17^8 + 4*17^9 + 3*17^10 + 2*17^11 + 9*17^13 + 14*17^14 + 2*17^15 + O(17^16) : 1 + O(17^20))
   (7 + 9*17 + 8*17^2 + 15*17^3 + 8*17^4 + 9*17^5 + 15*17^6 + 5*17^8 + 17^9 + 17^10 + 17^11 + 9*17^12 + 9*17^13 + 4*17^14 + O(17^15) : 13 + 15*17 + 11*17^2 + 11*17^3 + 12*17^4 + 14*17^5 + 6*17^6 + 11*17^7 + 7*17^8 + 4*17^10 + 15*17^11 + 15*17^12 + 6*17^13 + 4*17^14 + O(17^16) : 1 + O(17^20))
   (7 + 9*17 + 8*17^2 + 15*17^3 + 8*17^4 + 9*17^5 + 15*17^6 + 5*17^8 + 17^9 + 17^10 + 17^11 + 9*17^12 + 9*17^13 + 4*17^14 + O(17^15) : 4 + 17 + 5*17^2 + 5*17^3 + 4*17^4 + 2*17^5 + 10*17^6 + 5*17^7 + 9*17^8 + 16*17^9 + 12*17^10 + 17^11 + 17^12 + 10*17^13 + 12*17^14 + 16*17^15 + O(17^16) : 1 + O(17^20))
   (7 + 9*17 + 8*17^2 + 15*17^3 + 8*17^4 + 9*17^5 + 2*17^6 + 8*17^7 + 15*17^8 + 13*17^9 + 11*17^10 + 6*17^12 + 3*17^13 + 9*17^14 + O(17^15) : 13 + 15*17 + 11*17^2 + 11*17^3 + 12*17^4 + 14*17^5 + 6*17^6 + 12*17^8 + 6*17^9 + 5*17^10 + 16*17^11 + 3*17^12 + 3*17^13 + 9*17^14 + O(17^16) : 1 + O(17^20))
   (7 + 9*17 + 8*17^2 + 15*17^3 + 8*17^4 + 9*17^5 + 2*17^6 + 8*17^7 + 15*17^8 + 13*17^9 + 11*17^10 + 6*17^12 + 3*17^13 + 9*17^14 + O(17^15) : 4 + 17 + 5*17^2 + 5*17^3 + 4*17^4 + 2*17^5 + 10*17^6 + 16*17^7 + 4*17^8 + 10*17^9 + 11*17^10 + 13*17^12 + 13*17^13 + 7*17^14 + 16*17^15 + O(17^16) : 1 + O(17^20))
   (7 + 9*17 + 8*17^2 + 15*17^3 + 9*17^4 + 11*17^5 + 9*17^6 + 4*17^7 + 2*17^8 + 10*17^9 + 13*17^10 + 6*17^11 + 17^12 + 10*17^13 + 17^14 + O(17^15) : 13 + 15*17 + 11*17^2 + 11*17^3 + 12*17^4 + 7*17^5 + 10*17^6 + 4*17^7 + 11*17^8 + 15*17^9 + 16*17^10 + 11*17^11 + 3*17^12 + 12*17^13 + 12*17^14 + 5*17^15 + O(17^16) : 1 + O(17^20))
   (7 + 9*17 + 8*17^2 + 15*17^3 + 9*17^4 + 11*17^5 + 9*17^6 + 4*17^7 + 2*17^8 + 10*17^9 + 13*17^10 + 6*17^11 + 17^12 + 10*17^13 + 17^14 + O(17^15) : 4 + 17 + 5*17^2 + 5*17^3 + 4*17^4 + 9*17^5 + 6*17^6 + 12*17^7 + 5*17^8 + 17^9 + 5*17^11 + 13*17^12 + 4*17^13 + 4*17^14 + 11*17^15 + O(17^16) : 1 + O(17^20))
   (7 + 9*17 + 8*17^2 + 16*17^3 + 11*17^4 + 17^5 + 11*17^6 + 16*17^8 + 15*17^10 + 10*17^11 + 13*17^12 + 8*17^13 + 13*17^14 + O(17^15) : 13 + 15*17 + 11*17^2 + 11*17^3 + 5*17^4 + 11*17^5 + 12*17^6 + 10*17^7 + 9*17^8 + 6*17^9 + 11*17^10 + 6*17^11 + 11*17^12 + 5*17^13 + 8*17^14 + 7*17^15 + O(17^16) : 1 + O(17^20))
   (7 + 9*17 + 8*17^2 + 16*17^3 + 11*17^4 + 17^5 + 11*17^6 + 16*17^8 + 15*17^10 + 10*17^11 + 13*17^12 + 8*17^13 + 13*17^14 + O(17^15) : 4 + 17 + 5*17^2 + 5*17^3 + 11*17^4 + 5*17^5 + 4*17^6 + 6*17^7 + 7*17^8 + 10*17^9 + 5*17^10 + 10*17^11 + 5*17^12 + 11*17^13 + 8*17^14 + 9*17^15 + O(17^16) : 1 + O(17^20))
   (7 + 9*17 + 8*17^2 + 16*17^3 + 11*17^4 + 17^5 + 2*17^6 + 5*17^7 + 16*17^8 + 3*17^9 + 2*17^11 + 9*17^13 + 6*17^14 + O(17^15) : 13 + 15*17 + 11*17^2 + 11*17^3 + 5*17^4 + 11*17^5 + 12*17^6 + 5*17^7 + 3*17^8 + 2*17^9 + 7*17^10 + 5*17^11 + 6*17^12 + 10*17^13 + 7*17^14 + 3*17^15 + O(17^16) : 1 + O(17^20))
   (7 + 9*17 + 8*17^2 + 16*17^3 + 11*17^4 + 17^5 + 2*17^6 + 5*17^7 + 16*17^8 + 3*17^9 + 2*17^11 + 9*17^13 + 6*17^14 + O(17^15) : 4 + 17 + 5*17^2 + 5*17^3 + 11*17^4 + 5*17^5 + 4*17^6 + 11*17^7 + 13*17^8 + 14*17^9 + 9*17^10 + 11*17^11 + 10*17^12 + 6*17^13 + 9*17^14 + 13*17^15 + O(17^16) : 1 + O(17^20))
   (7 + 9*17 + 8*17^2 + 16*17^3 + 13*17^4 + 5*17^5 + 14*17^6 + 8*17^8 + 6*17^9 + 2*17^10 + 13*17^11 + 8*17^12 + 6*17^13 + 4*17^14 + O(17^15) : 13 + 15*17 + 11*17^2 + 11*17^3 + 5*17^4 + 14*17^5 + 2*17^6 + 3*17^7 + 7*17^8 + 10*17^10 + 14*17^11 + 10*17^12 + 17^13 + 4*17^14 + 4*17^15 + O(17^16) : 1 + O(17^20))
   (7 + 9*17 + 8*17^2 + 16*17^3 + 13*17^4 + 5*17^5 + 14*17^6 + 8*17^8 + 6*17^9 + 2*17^10 + 13*17^11 + 8*17^12 + 6*17^13 + 4*17^14 + O(17^15) : 4 + 17 + 5*17^2 + 5*17^3 + 11*17^4 + 2*17^5 + 14*17^6 + 13*17^7 + 9*17^8 + 16*17^9 + 6*17^10 + 2*17^11 + 6*17^12 + 15*17^13 + 12*17^14 + 12*17^15 + O(17^16) : 1 + O(17^20))
   (7 + 9*17 + 8*17^2 + 16*17^3 + 13*17^4 + 6*17^5 + 15*17^6 + 13*17^7 + 17^8 + 6*17^9 + 9*17^10 + 8*17^11 + 9*17^12 + 15*17^13 + 9*17^14 + O(17^15) : 13 + 15*17 + 11*17^2 + 11*17^3 + 5*17^4 + 14*17^5 + 12*17^6 + 13*17^7 + 15*17^8 + 2*17^9 + 17^10 + 6*17^11 + 9*17^12 + 10*17^13 + 4*17^14 + 6*17^15 + O(17^16) : 1 + O(17^20))
   (7 + 9*17 + 8*17^2 + 16*17^3 + 13*17^4 + 6*17^5 + 15*17^6 + 13*17^7 + 17^8 + 6*17^9 + 9*17^10 + 8*17^11 + 9*17^12 + 15*17^13 + 9*17^14 + O(17^15) : 4 + 17 + 5*17^2 + 5*17^3 + 11*17^4 + 2*17^5 + 4*17^6 + 3*17^7 + 17^8 + 14*17^9 + 15*17^10 + 10*17^11 + 7*17^12 + 6*17^13 + 12*17^14 + 10*17^15 + O(17^16) : 1 + O(17^20))
   (7 + 9*17 + 8*17^2 + 16*17^3 + 17^4 + 2*17^5 + 5*17^6 + 6*17^7 + 4*17^8 + 4*17^9 + 12*17^10 + 16*17^11 + 5*17^12 + 13*17^13 + 12*17^14 + O(17^15) : 13 + 15*17 + 11*17^2 + 11*17^3 + 5*17^4 + 13*17^5 + 16*17^6 + 14*17^7 + 5*17^8 + 17^9 + 4*17^10 + 4*17^11 + 11*17^12 + 17^13 + 16*17^14 + O(17^16) : 1 + O(17^20))
   (7 + 9*17 + 8*17^2 + 16*17^3 + 17^4 + 2*17^5 + 5*17^6 + 6*17^7 + 4*17^8 + 4*17^9 + 12*17^10 + 16*17^11 + 5*17^12 + 13*17^13 + 12*17^14 + O(17^15) : 4 + 17 + 5*17^2 + 5*17^3 + 11*17^4 + 3*17^5 + 2*17^7 + 11*17^8 + 15*17^9 + 12*17^10 + 12*17^11 + 5*17^12 + 15*17^13 + 16*17^15 + O(17^16) : 1 + O(17^20))
   (7 + 9*17 + 8*17^2 + 16*17^3 + 2*17^4 + 14*17^5 + 15*17^6 + 9*17^7 + 13*17^8 + 11*17^9 + 14*17^10 + 12*17^11 + 13*17^12 + 8*17^13 + 10*17^14 + O(17^15) : 13 + 15*17 + 11*17^2 + 11*17^3 + 5*17^4 + 6*17^5 + 17^6 + 17^8 + 5*17^9 + 14*17^10 + 11*17^11 + 14*17^12 + 2*17^13 + 2*17^15 + O(17^16) : 1 + O(17^20))
   (7 + 9*17 + 8*17^2 + 16*17^3 + 2*17^4 + 14*17^5 + 15*17^6 + 9*17^7 + 13*17^8 + 11*17^9 + 14*17^10 + 12*17^11 + 13*17^12 + 8*17^13 + 10*17^14 + O(17^15) : 4 + 17 + 5*17^2 + 5*17^3 + 11*17^4 + 10*17^5 + 15*17^6 + 16*17^7 + 15*17^8 + 11*17^9 + 2*17^10 + 5*17^11 + 2*17^12 + 14*17^13 + 16*17^14 + 14*17^15 + O(17^16) : 1 + O(17^20))
   (7 + 9*17 + 8*17^2 + 16*17^3 + 5*17^4 + 11*17^5 + 12*17^7 + 5*17^9 + 15*17^10 + 15*17^11 + 5*17^12 + 17^13 + 12*17^14 + O(17^15) : 13 + 15*17 + 11*17^2 + 11*17^3 + 5*17^4 + 2*17^5 + 7*17^6 + 9*17^7 + 8*17^8 + 13*17^9 + 4*17^10 + 7*17^11 + 12*17^12 + 3*17^13 + 9*17^14 + 9*17^15 + O(17^16) : 1 + O(17^20))
   (7 + 9*17 + 8*17^2 + 16*17^3 + 5*17^4 + 11*17^5 + 12*17^7 + 5*17^9 + 15*17^10 + 15*17^11 + 5*17^12 + 17^13 + 12*17^14 + O(17^15) : 4 + 17 + 5*17^2 + 5*17^3 + 11*17^4 + 14*17^5 + 9*17^6 + 7*17^7 + 8*17^8 + 3*17^9 + 12*17^10 + 9*17^11 + 4*17^12 + 13*17^13 + 7*17^14 + 7*17^15 + O(17^16) : 1 + O(17^20))
   (7 + 9*17 + 8*17^2 + 16*17^3 + 5*17^4 + 11*17^5 + 8*17^6 + 2*17^7 + 11*17^8 + 3*17^9 + 2*17^10 + 13*17^11 + 8*17^12 + 16*17^13 + 2*17^14 + O(17^15) : 13 + 15*17 + 11*17^2 + 11*17^3 + 5*17^4 + 2*17^5 + 7*17^6 + 4*17^7 + 15*17^8 + 8*17^9 + 3*17^10 + 17^11 + 8*17^12 + 15*17^13 + 16*17^14 + 8*17^15 + O(17^16) : 1 + O(17^20))
   (7 + 9*17 + 8*17^2 + 16*17^3 + 5*17^4 + 11*17^5 + 8*17^6 + 2*17^7 + 11*17^8 + 3*17^9 + 2*17^10 + 13*17^11 + 8*17^12 + 16*17^13 + 2*17^14 + O(17^15) : 4 + 17 + 5*17^2 + 5*17^3 + 11*17^4 + 14*17^5 + 9*17^6 + 12*17^7 + 17^8 + 8*17^9 + 13*17^10 + 15*17^11 + 8*17^12 + 17^13 + 8*17^15 + O(17^16) : 1 + O(17^20))
   (7 + 9*17 + 8*17^2 + 16*17^3 + 9*17^4 + 16*17^5 + 17^6 + 5*17^7 + 5*17^8 + 2*17^9 + 16*17^10 + 10*17^11 + 2*17^12 + 14*17^13 + 15*17^14 + O(17^15) : 13 + 15*17 + 11*17^2 + 11*17^3 + 5*17^4 + 8*17^5 + 8*17^6 + 10*17^7 + 2*17^8 + 5*17^9 + 4*17^11 + 3*17^12 + 14*17^13 + 16*17^14 + 17^15 + O(17^16) : 1 + O(17^20))
   (7 + 9*17 + 8*17^2 + 16*17^3 + 9*17^4 + 16*17^5 + 17^6 + 5*17^7 + 5*17^8 + 2*17^9 + 16*17^10 + 10*17^11 + 2*17^12 + 14*17^13 + 15*17^14 + O(17^15) : 4 + 17 + 5*17^2 + 5*17^3 + 11*17^4 + 8*17^5 + 8*17^6 + 6*17^7 + 14*17^8 + 11*17^9 + 16*17^10 + 12*17^11 + 13*17^12 + 2*17^13 + 15*17^15 + O(17^16) : 1 + O(17^20))
   (7 + 9*17 + 8*17^2 + 17^3 + 12*17^4 + 9*17^5 + 12*17^6 + 2*17^7 + 2*17^8 + 6*17^9 + 12*17^10 + 10*17^11 + 16*17^12 + 17^13 + 10*17^14 + O(17^15) : 13 + 15*17 + 11*17^2 + 11*17^3 + 8*17^4 + 12*17^5 + 10*17^6 + 10*17^7 + 4*17^8 + 2*17^10 + 9*17^11 + 5*17^12 + 8*17^13 + 6*17^14 + 15*17^15 + O(17^16) : 1 + O(17^20))
   (7 + 9*17 + 8*17^2 + 17^3 + 12*17^4 + 9*17^5 + 12*17^6 + 2*17^7 + 2*17^8 + 6*17^9 + 12*17^10 + 10*17^11 + 16*17^12 + 17^13 + 10*17^14 + O(17^15) : 4 + 17 + 5*17^2 + 5*17^3 + 8*17^4 + 4*17^5 + 6*17^6 + 6*17^7 + 12*17^8 + 16*17^9 + 14*17^10 + 7*17^11 + 11*17^12 + 8*17^13 + 10*17^14 + 17^15 + O(17^16) : 1 + O(17^20))
   (7 + 9*17 + 8*17^2 + 17^3 + 12*17^4 + 9*17^5 + 3*17^6 + 10*17^7 + 12*17^8 + 9*17^9 + 4*17^10 + 3*17^11 + 7*17^12 + 7*17^13 + 2*17^14 + O(17^15) : 13 + 15*17 + 11*17^2 + 11*17^3 + 8*17^4 + 12*17^5 + 10*17^6 + 5*17^7 + 11*17^8 + 16*17^9 + 9*17^11 + 17^12 + 6*17^13 + 10*17^14 + 3*17^15 + O(17^16) : 1 + O(17^20))
   (7 + 9*17 + 8*17^2 + 17^3 + 12*17^4 + 9*17^5 + 3*17^6 + 10*17^7 + 12*17^8 + 9*17^9 + 4*17^10 + 3*17^11 + 7*17^12 + 7*17^13 + 2*17^14 + O(17^15) : 4 + 17 + 5*17^2 + 5*17^3 + 8*17^4 + 4*17^5 + 6*17^6 + 11*17^7 + 5*17^8 + 16*17^10 + 7*17^11 + 15*17^12 + 10*17^13 + 6*17^14 + 13*17^15 + O(17^16) : 1 + O(17^20))
   (7 + 9*17 + 8*17^2 + 17^3 + 15*17^4 + 6*17^5 + 5*17^6 + 16*17^7 + 12*17^8 + 5*17^9 + 9*17^10 + 2*17^11 + 14*17^12 + 8*17^13 + 7*17^14 + O(17^15) : 13 + 15*17 + 11*17^2 + 11*17^3 + 8*17^4 + 8*17^5 + 16*17^6 + 7*17^7 + 2*17^8 + 4*17^9 + 5*17^10 + 12*17^11 + 17^13 + 17^14 + 16*17^15 + O(17^16) : 1 + O(17^20))
   (7 + 9*17 + 8*17^2 + 17^3 + 15*17^4 + 6*17^5 + 5*17^6 + 16*17^7 + 12*17^8 + 5*17^9 + 9*17^10 + 2*17^11 + 14*17^12 + 8*17^13 + 7*17^14 + O(17^15) : 4 + 17 + 5*17^2 + 5*17^3 + 8*17^4 + 8*17^5 + 9*17^7 + 14*17^8 + 12*17^9 + 11*17^10 + 4*17^11 + 16*17^12 + 15*17^13 + 15*17^14 + O(17^16) : 1 + O(17^20))
   (7 + 9*17 + 8*17^2 + 17^3 + 16*17^4 + 17^5 + 16*17^6 + 9*17^7 + 12*17^8 + 4*17^9 + 5*17^10 + 17^11 + 10*17^12 + 16*17^13 + 4*17^14 + O(17^15) : 13 + 15*17 + 11*17^2 + 11*17^3 + 8*17^4 + 17^5 + 17^6 + 2*17^7 + 8*17^8 + 4*17^9 + 8*17^11 + 13*17^12 + 11*17^13 + 15*17^15 + O(17^16) : 1 + O(17^20))
   (7 + 9*17 + 8*17^2 + 17^3 + 16*17^4 + 17^5 + 16*17^6 + 9*17^7 + 12*17^8 + 4*17^9 + 5*17^10 + 17^11 + 10*17^12 + 16*17^13 + 4*17^14 + O(17^15) : 4 + 17 + 5*17^2 + 5*17^3 + 8*17^4 + 15*17^5 + 15*17^6 + 14*17^7 + 8*17^8 + 12*17^9 + 16*17^10 + 8*17^11 + 3*17^12 + 5*17^13 + 16*17^14 + 17^15 + O(17^16) : 1 + O(17^20))
   (7 + 9*17 + 8*17^2 + 17^3 + 4*17^4 + 14*17^5 + 5*17^6 + 3*17^7 + 8*17^8 + 17^9 + 2*17^10 + 14*17^11 + 10*17^12 + 10*17^13 + 5*17^14 + O(17^15) : 13 + 15*17 + 11*17^2 + 11*17^3 + 8*17^4 + 5*17^6 + 14*17^7 + 8*17^8 + 13*17^9 + 2*17^10 + 14*17^11 + 7*17^12 + 16*17^13 + 2*17^14 + 7*17^15 + O(17^16) : 1 + O(17^20))
   (7 + 9*17 + 8*17^2 + 17^3 + 4*17^4 + 14*17^5 + 5*17^6 + 3*17^7 + 8*17^8 + 17^9 + 2*17^10 + 14*17^11 + 10*17^12 + 10*17^13 + 5*17^14 + O(17^15) : 4 + 17 + 5*17^2 + 5*17^3 + 8*17^4 + 16*17^5 + 11*17^6 + 2*17^7 + 8*17^8 + 3*17^9 + 14*17^10 + 2*17^11 + 9*17^12 + 14*17^14 + 9*17^15 + O(17^16) : 1 + O(17^20))
   (7 + 9*17 + 8*17^2 + 17^3 + 4*17^4 + 15*17^5 + 6*17^6 + 16*17^7 + 8*17^8 + 12*17^9 + 7*17^10 + 2*17^11 + 10*17^12 + 15*17^13 + 15*17^14 + O(17^15) : 13 + 15*17 + 11*17^2 + 11*17^3 + 8*17^4 + 15*17^6 + 7*17^7 + 9*17^8 + 2*17^9 + 10*17^10 + 5*17^11 + 11*17^12 + 10*17^13 + 16*17^14 + 11*17^15 + O(17^16) : 1 + O(17^20))
   (7 + 9*17 + 8*17^2 + 17^3 + 4*17^4 + 15*17^5 + 6*17^6 + 16*17^7 + 8*17^8 + 12*17^9 + 7*17^10 + 2*17^11 + 10*17^12 + 15*17^13 + 15*17^14 + O(17^15) : 4 + 17 + 5*17^2 + 5*17^3 + 8*17^4 + 16*17^5 + 17^6 + 9*17^7 + 7*17^8 + 14*17^9 + 6*17^10 + 11*17^11 + 5*17^12 + 6*17^13 + 5*17^15 + O(17^16) : 1 + O(17^20))
   (7 + 9*17 + 8*17^2 + 17^3 + 6*17^4 + 2*17^5 + 10*17^6 + 13*17^7 + 5*17^9 + 4*17^10 + 2*17^11 + 3*17^12 + 14*17^14 + O(17^15) : 13 + 15*17 + 11*17^2 + 11*17^3 + 8*17^4 + 3*17^5 + 5*17^6 + 17^7 + 16*17^8 + 4*17^9 + 5*17^10 + 9*17^11 + 8*17^12 + 5*17^13 + 5*17^14 + 2*17^15 + O(17^16) : 1 + O(17^20))
   (7 + 9*17 + 8*17^2 + 17^3 + 6*17^4 + 2*17^5 + 10*17^6 + 13*17^7 + 5*17^9 + 4*17^10 + 2*17^11 + 3*17^12 + 14*17^14 + O(17^15) : 4 + 17 + 5*17^2 + 5*17^3 + 8*17^4 + 13*17^5 + 11*17^6 + 15*17^7 + 12*17^9 + 11*17^10 + 7*17^11 + 8*17^12 + 11*17^13 + 11*17^14 + 14*17^15 + O(17^16) : 1 + O(17^20))
   (7 + 9*17 + 8*17^2 + 17^3 + 6*17^4 + 2*17^5 + 2*17^6 + 9*17^7 + 14*17^9 + 13*17^10 + 15*17^11 + 11*17^12 + 9*17^13 + 2*17^14 + O(17^15) : 13 + 15*17 + 11*17^2 + 11*17^3 + 8*17^4 + 3*17^5 + 5*17^6 + 6*17^7 + 5*17^8 + 5*17^9 + 9*17^10 + 4*17^11 + 13*17^12 + 14*17^13 + 9*17^14 + O(17^16) : 1 + O(17^20))
   (7 + 9*17 + 8*17^2 + 17^3 + 6*17^4 + 2*17^5 + 2*17^6 + 9*17^7 + 14*17^9 + 13*17^10 + 15*17^11 + 11*17^12 + 9*17^13 + 2*17^14 + O(17^15) : 4 + 17 + 5*17^2 + 5*17^3 + 8*17^4 + 13*17^5 + 11*17^6 + 10*17^7 + 11*17^8 + 11*17^9 + 7*17^10 + 12*17^11 + 3*17^12 + 2*17^13 + 7*17^14 + 16*17^15 + O(17^16) : 1 + O(17^20))
   (7 + 9*17 + 8*17^2 + 17^3 + 8*17^4 + 4*17^5 + 2*17^6 + 6*17^7 + 8*17^8 + 16*17^9 + 9*17^10 + 10*17^11 + 3*17^12 + 16*17^13 + 3*17^14 + O(17^15) : 13 + 15*17 + 11*17^2 + 11*17^3 + 8*17^4 + 6*17^5 + 9*17^6 + 2*17^7 + 16*17^8 + 3*17^9 + 2*17^10 + 12*17^11 + 7*17^12 + 16*17^13 + 10*17^14 + 8*17^15 + O(17^16) : 1 + O(17^20))
   (7 + 9*17 + 8*17^2 + 17^3 + 8*17^4 + 4*17^5 + 2*17^6 + 6*17^7 + 8*17^8 + 16*17^9 + 9*17^10 + 10*17^11 + 3*17^12 + 16*17^13 + 3*17^14 + O(17^15) : 4 + 17 + 5*17^2 + 5*17^3 + 8*17^4 + 10*17^5 + 7*17^6 + 14*17^7 + 13*17^9 + 14*17^10 + 4*17^11 + 9*17^12 + 6*17^14 + 8*17^15 + O(17^16) : 1 + O(17^20))
   (7 + 9*17 + 8*17^2 + 2*17^3 + 11*17^4 + 16*17^5 + 3*17^6 + 2*17^8 + 5*17^9 + 11*17^10 + 4*17^11 + 6*17^12 + 3*17^13 + 8*17^14 + O(17^15) : 13 + 15*17 + 11*17^2 + 11*17^3 + 17^4 + 3*17^5 + 16*17^6 + 2*17^7 + 15*17^8 + 17^9 + 16*17^10 + 4*17^11 + 14*17^12 + 2*17^13 + 11*17^14 + 14*17^15 + O(17^16) : 1 + O(17^20))
   (7 + 9*17 + 8*17^2 + 2*17^3 + 11*17^4 + 16*17^5 + 3*17^6 + 2*17^8 + 5*17^9 + 11*17^10 + 4*17^11 + 6*17^12 + 3*17^13 + 8*17^14 + O(17^15) : 4 + 17 + 5*17^2 + 5*17^3 + 15*17^4 + 13*17^5 + 14*17^7 + 17^8 + 15*17^9 + 12*17^11 + 2*17^12 + 14*17^13 + 5*17^14 + 2*17^15 + O(17^16) : 1 + O(17^20))
   (7 + 9*17 + 8*17^2 + 2*17^3 + 13*17^4 + 2*17^5 + 7*17^6 + 17^7 + 15*17^8 + 2*17^9 + 15*17^10 + 7*17^11 + 8*17^12 + 13*17^13 + 12*17^14 + O(17^15) : 13 + 15*17 + 11*17^2 + 11*17^3 + 17^4 + 6*17^5 + 13*17^6 + 4*17^7 + 8*17^8 + 4*17^9 + 5*17^10 + 2*17^11 + 9*17^12 + 7*17^13 + 16*17^14 + 10*17^15 + O(17^16) : 1 + O(17^20))
   (7 + 9*17 + 8*17^2 + 2*17^3 + 13*17^4 + 2*17^5 + 7*17^6 + 17^7 + 15*17^8 + 2*17^9 + 15*17^10 + 7*17^11 + 8*17^12 + 13*17^13 + 12*17^14 + O(17^15) : 4 + 17 + 5*17^2 + 5*17^3 + 15*17^4 + 10*17^5 + 3*17^6 + 12*17^7 + 8*17^8 + 12*17^9 + 11*17^10 + 14*17^11 + 7*17^12 + 9*17^13 + 6*17^15 + O(17^16) : 1 + O(17^20))
   (7 + 9*17 + 8*17^2 + 2*17^3 + 15*17^4 + 2*17^5 + 5*17^6 + 13*17^7 + 15*17^8 + 14*17^9 + 3*17^10 + 17^11 + 13*17^12 + 12*17^13 + 10*17^14 + O(17^15) : 13 + 15*17 + 11*17^2 + 11*17^3 + 17^4 + 9*17^5 + 14*17^6 + 5*17^7 + 17^8 + 16*17^9 + 3*17^10 + 11*17^11 + 6*17^12 + 17^13 + 15*17^14 + 12*17^15 + O(17^16) : 1 + O(17^20))
   (7 + 9*17 + 8*17^2 + 2*17^3 + 15*17^4 + 2*17^5 + 5*17^6 + 13*17^7 + 15*17^8 + 14*17^9 + 3*17^10 + 17^11 + 13*17^12 + 12*17^13 + 10*17^14 + O(17^15) : 4 + 17 + 5*17^2 + 5*17^3 + 15*17^4 + 7*17^5 + 2*17^6 + 11*17^7 + 15*17^8 + 13*17^10 + 5*17^11 + 10*17^12 + 15*17^13 + 17^14 + 4*17^15 + O(17^16) : 1 + O(17^20))
   (7 + 9*17 + 8*17^2 + 2*17^3 + 6*17^4 + 17^5 + 11*17^6 + 15*17^7 + 11*17^8 + 12*17^9 + 5*17^10 + 16*17^11 + 16*17^12 + 2*17^13 + O(17^15) : 13 + 15*17 + 11*17^2 + 11*17^3 + 17^4 + 4*17^5 + 16*17^6 + 12*17^7 + 3*17^8 + 3*17^9 + 8*17^10 + 11*17^11 + 3*17^12 + 8*17^13 + 14*17^14 + 13*17^15 + O(17^16) : 1 + O(17^20))
   (7 + 9*17 + 8*17^2 + 2*17^3 + 6*17^4 + 17^5 + 11*17^6 + 15*17^7 + 11*17^8 + 12*17^9 + 5*17^10 + 16*17^11 + 16*17^12 + 2*17^13 + O(17^15) : 4 + 17 + 5*17^2 + 5*17^3 + 15*17^4 + 12*17^5 + 4*17^7 + 13*17^8 + 13*17^9 + 8*17^10 + 5*17^11 + 13*17^12 + 8*17^13 + 2*17^14 + 3*17^15 + O(17^16) : 1 + O(17^20))
   (7 + 9*17 + 8*17^2 + 2*17^3 + 6*17^4 + 17^5 + 15*17^6 + 11*17^7 + 2*17^8 + 4*17^9 + 15*17^10 + 9*17^11 + 14*17^13 + 4*17^14 + O(17^15) : 13 + 15*17 + 11*17^2 + 11*17^3 + 17^4 + 4*17^5 + 16*17^6 + 17^7 + 4*17^9 + 12*17^10 + 17^11 + 11*17^13 + 12*17^14 + 13*17^15 + O(17^16) : 1 + O(17^20))
   (7 + 9*17 + 8*17^2 + 2*17^3 + 6*17^4 + 17^5 + 15*17^6 + 11*17^7 + 2*17^8 + 4*17^9 + 15*17^10 + 9*17^11 + 14*17^13 + 4*17^14 + O(17^15) : 4 + 17 + 5*17^2 + 5*17^3 + 15*17^4 + 12*17^5 + 15*17^7 + 16*17^8 + 12*17^9 + 4*17^10 + 15*17^11 + 16*17^12 + 5*17^13 + 4*17^14 + 3*17^15 + O(17^16) : 1 + O(17^20))
   (7 + 9*17 + 8*17^2 + 2*17^3 + 7*17^4 + 14*17^5 + 6*17^6 + 14*17^7 + 8*17^8 + 16*17^9 + 4*17^10 + 11*17^11 + 9*17^12 + 10*17^13 + 11*17^14 + O(17^15) : 13 + 15*17 + 11*17^2 + 11*17^3 + 17^4 + 14*17^5 + 10*17^6 + 6*17^7 + 17^8 + 14*17^9 + 16*17^11 + 2*17^12 + 14*17^14 + 3*17^15 + O(17^16) : 1 + O(17^20))
   (7 + 9*17 + 8*17^2 + 2*17^3 + 7*17^4 + 14*17^5 + 6*17^6 + 14*17^7 + 8*17^8 + 16*17^9 + 4*17^10 + 11*17^11 + 9*17^12 + 10*17^13 + 11*17^14 + O(17^15) : 4 + 17 + 5*17^2 + 5*17^3 + 15*17^4 + 2*17^5 + 6*17^6 + 10*17^7 + 15*17^8 + 2*17^9 + 16*17^10 + 14*17^12 + 16*17^13 + 2*17^14 + 13*17^15 + O(17^16) : 1 + O(17^20))
   (7 + 9*17 + 8*17^2 + 2*17^3 + 8*17^4 + 9*17^5 + 13*17^6 + 7*17^7 + 5*17^8 + 6*17^9 + 8*17^10 + 2*17^11 + 12*17^12 + 13*17^13 + 8*17^14 + O(17^15) : 13 + 15*17 + 11*17^2 + 11*17^3 + 17^4 + 7*17^5 + 12*17^6 + 7*17^7 + 7*17^8 + 14*17^9 + 6*17^10 + 7*17^11 + 16*17^12 + 6*17^13 + 4*17^14 + 15*17^15 + O(17^16) : 1 + O(17^20))
   (7 + 9*17 + 8*17^2 + 2*17^3 + 8*17^4 + 9*17^5 + 13*17^6 + 7*17^7 + 5*17^8 + 6*17^9 + 8*17^10 + 2*17^11 + 12*17^12 + 13*17^13 + 8*17^14 + O(17^15) : 4 + 17 + 5*17^2 + 5*17^3 + 15*17^4 + 9*17^5 + 4*17^6 + 9*17^7 + 9*17^8 + 2*17^9 + 10*17^10 + 9*17^11 + 10*17^13 + 12*17^14 + 17^15 + O(17^16) : 1 + O(17^20))
   (7 + 9*17 + 8*17^2 + 2*17^3 + 9*17^4 + 11*17^5 + 3*17^6 + 17^7 + 2*17^8 + 12*17^9 + 7*17^10 + 3*17^11 + 13*17^12 + 17^13 + 8*17^14 + O(17^15) : 13 + 15*17 + 11*17^2 + 11*17^3 + 17^4 + 16*17^6 + 12*17^7 + 6*17^8 + 11*17^9 + 8*17^10 + 17^11 + 16*17^12 + 16*17^13 + 3*17^14 + 4*17^15 + O(17^16) : 1 + O(17^20))
   (7 + 9*17 + 8*17^2 + 2*17^3 + 9*17^4 + 11*17^5 + 3*17^6 + 17^7 + 2*17^8 + 12*17^9 + 7*17^10 + 3*17^11 + 13*17^12 + 17^13 + 8*17^14 + O(17^15) : 4 + 17 + 5*17^2 + 5*17^3 + 15*17^4 + 16*17^5 + 4*17^7 + 10*17^8 + 5*17^9 + 8*17^10 + 15*17^11 + 13*17^14 + 12*17^15 + O(17^16) : 1 + O(17^20))
   (7 + 9*17 + 8*17^2 + 2*17^3 + 9*17^4 + 11*17^5 + 7*17^6 + 8*17^7 + 12*17^8 + 12*17^9 + 6*17^10 + 15*17^11 + 14*17^12 + 2*17^13 + 14*17^14 + O(17^15) : 13 + 15*17 + 11*17^2 + 11*17^3 + 17^4 + 16*17^6 + 17^7 + 11*17^8 + 4*17^9 + 10*17^10 + 8*17^11 + 4*17^12 + 16*17^13 + 4*17^14 + 12*17^15 + O(17^16) : 1 + O(17^20))
   (7 + 9*17 + 8*17^2 + 2*17^3 + 9*17^4 + 11*17^5 + 7*17^6 + 8*17^7 + 12*17^8 + 12*17^9 + 6*17^10 + 15*17^11 + 14*17^12 + 2*17^13 + 14*17^14 + O(17^15) : 4 + 17 + 5*17^2 + 5*17^3 + 15*17^4 + 16*17^5 + 15*17^7 + 5*17^8 + 12*17^9 + 6*17^10 + 8*17^11 + 12*17^12 + 12*17^14 + 4*17^15 + O(17^16) : 1 + O(17^20))
   (7 + 9*17 + 8*17^2 + 3*17^3 + 10*17^4 + 17^5 + 15*17^6 + 4*17^7 + 9*17^8 + 2*17^9 + 13*17^10 + 13*17^11 + 13*17^13 + 9*17^14 + O(17^15) : 13 + 15*17 + 11*17^2 + 11*17^3 + 11*17^4 + 10*17^5 + 17^6 + 15*17^7 + 13*17^9 + 4*17^10 + 14*17^11 + 5*17^12 + 11*17^13 + 10*17^14 + 15*17^15 + O(17^16) : 1 + O(17^20))
   (7 + 9*17 + 8*17^2 + 3*17^3 + 10*17^4 + 17^5 + 15*17^6 + 4*17^7 + 9*17^8 + 2*17^9 + 13*17^10 + 13*17^11 + 13*17^13 + 9*17^14 + O(17^15) : 4 + 17 + 5*17^2 + 5*17^3 + 5*17^4 + 6*17^5 + 15*17^6 + 17^7 + 16*17^8 + 3*17^9 + 12*17^10 + 2*17^11 + 11*17^12 + 5*17^13 + 6*17^14 + 17^15 + O(17^16) : 1 + O(17^20))
   (7 + 9*17 + 8*17^2 + 3*17^3 + 13*17^4 + 16*17^5 + 10*17^6 + 11*17^7 + 9*17^8 + 7*17^9 + 7*17^10 + 7*17^11 + 12*17^12 + 15*17^13 + 15*17^14 + O(17^15) : 13 + 15*17 + 11*17^2 + 11*17^3 + 11*17^4 + 6*17^5 + 2*17^7 + 4*17^8 + 5*17^9 + 7*17^11 + 6*17^12 + 14*17^13 + 4*17^14 + 3*17^15 + O(17^16) : 1 + O(17^20))
   (7 + 9*17 + 8*17^2 + 3*17^3 + 13*17^4 + 16*17^5 + 10*17^6 + 11*17^7 + 9*17^8 + 7*17^9 + 7*17^10 + 7*17^11 + 12*17^12 + 15*17^13 + 15*17^14 + O(17^15) : 4 + 17 + 5*17^2 + 5*17^3 + 5*17^4 + 10*17^5 + 16*17^6 + 14*17^7 + 12*17^8 + 11*17^9 + 16*17^10 + 9*17^11 + 10*17^12 + 2*17^13 + 12*17^14 + 13*17^15 + O(17^16) : 1 + O(17^20))
   (7 + 9*17 + 8*17^2 + 3*17^3 + 15*17^5 + 10*17^6 + 6*17^7 + 4*17^8 + 6*17^9 + 15*17^10 + 8*17^11 + 8*17^12 + 12*17^13 + 11*17^14 + O(17^15) : 13 + 15*17 + 11*17^2 + 11*17^3 + 11*17^4 + 12*17^5 + 16*17^6 + 9*17^7 + 3*17^8 + 16*17^9 + 4*17^10 + 6*17^11 + 6*17^12 + 2*17^13 + 14*17^14 + O(17^16) : 1 + O(17^20))
   (7 + 9*17 + 8*17^2 + 3*17^3 + 15*17^5 + 10*17^6 + 6*17^7 + 4*17^8 + 6*17^9 + 15*17^10 + 8*17^11 + 8*17^12 + 12*17^13 + 11*17^14 + O(17^15) : 4 + 17 + 5*17^2 + 5*17^3 + 5*17^4 + 4*17^5 + 7*17^7 + 13*17^8 + 12*17^10 + 10*17^11 + 10*17^12 + 14*17^13 + 2*17^14 + 16*17^15 + O(17^16) : 1 + O(17^20))
   (7 + 9*17 + 8*17^2 + 3*17^3 + 16*17^4 + 6*17^5 + 15*17^7 + 12*17^8 + 2*17^9 + 14*17^10 + 14*17^11 + 5*17^12 + 2*17^13 + 6*17^14 + O(17^15) : 13 + 15*17 + 11*17^2 + 11*17^3 + 11*17^4 + 2*17^5 + 4*17^6 + 9*17^7 + 4*17^8 + 8*17^9 + 9*17^11 + 10*17^12 + 2*17^13 + 5*17^14 + 7*17^15 + O(17^16) : 1 + O(17^20))
   (7 + 9*17 + 8*17^2 + 3*17^3 + 16*17^4 + 6*17^5 + 15*17^7 + 12*17^8 + 2*17^9 + 14*17^10 + 14*17^11 + 5*17^12 + 2*17^13 + 6*17^14 + O(17^15) : 4 + 17 + 5*17^2 + 5*17^3 + 5*17^4 + 14*17^5 + 12*17^6 + 7*17^7 + 12*17^8 + 8*17^9 + 16*17^10 + 7*17^11 + 6*17^12 + 14*17^13 + 11*17^14 + 9*17^15 + O(17^16) : 1 + O(17^20))
   (7 + 9*17 + 8*17^2 + 3*17^3 + 16*17^4 + 6*17^5 + 3*17^6 + 3*17^7 + 2*17^8 + 16*17^9 + 6*17^10 + 2*17^11 + 12*17^12 + 7*17^13 + 8*17^14 + O(17^15) : 13 + 15*17 + 11*17^2 + 11*17^3 + 11*17^4 + 2*17^5 + 4*17^6 + 5*17^7 + 5*17^8 + 14*17^9 + 17^10 + 4*17^11 + 4*17^12 + 12*17^13 + 14*17^14 + 17^15 + O(17^16) : 1 + O(17^20))
   (7 + 9*17 + 8*17^2 + 3*17^3 + 16*17^4 + 6*17^5 + 3*17^6 + 3*17^7 + 2*17^8 + 16*17^9 + 6*17^10 + 2*17^11 + 12*17^12 + 7*17^13 + 8*17^14 + O(17^15) : 4 + 17 + 5*17^2 + 5*17^3 + 5*17^4 + 14*17^5 + 12*17^6 + 11*17^7 + 11*17^8 + 2*17^9 + 15*17^10 + 12*17^11 + 12*17^12 + 4*17^13 + 2*17^14 + 15*17^15 + O(17^16) : 1 + O(17^20))
   (7 + 9*17 + 8*17^2 + 3*17^3 + 6*17^4 + 12*17^5 + 13*17^6 + 16*17^7 + 12*17^8 + 4*17^9 + 8*17^10 + 13*17^11 + 7*17^12 + 2*17^13 + 7*17^14 + O(17^15) : 13 + 15*17 + 11*17^2 + 11*17^3 + 11*17^4 + 4*17^5 + 7*17^6 + 9*17^7 + 8*17^8 + 16*17^9 + 11*17^10 + 5*17^11 + 14*17^12 + 2*17^13 + 9*17^14 + 8*17^15 + O(17^16) : 1 + O(17^20))
   (7 + 9*17 + 8*17^2 + 3*17^3 + 6*17^4 + 12*17^5 + 13*17^6 + 16*17^7 + 12*17^8 + 4*17^9 + 8*17^10 + 13*17^11 + 7*17^12 + 2*17^13 + 7*17^14 + O(17^15) : 4 + 17 + 5*17^2 + 5*17^3 + 5*17^4 + 12*17^5 + 9*17^6 + 7*17^7 + 8*17^8 + 5*17^10 + 11*17^11 + 2*17^12 + 14*17^13 + 7*17^14 + 8*17^15 + O(17^16) : 1 + O(17^20))
   (7 + 9*17 + 8*17^2 + 3*17^3 + 6*17^4 + 6*17^5 + 5*17^7 + 3*17^8 + 8*17^9 + 11*17^10 + 12*17^11 + 14*17^13 + 8*17^14 + O(17^15) : 13 + 15*17 + 11*17^2 + 11*17^3 + 11*17^4 + 4*17^5 + 15*17^6 + 11*17^7 + 4*17^8 + 17^9 + 13*17^10 + 14*17^11 + 17^12 + 5*17^13 + 17^14 + 11*17^15 + O(17^16) : 1 + O(17^20))
   (7 + 9*17 + 8*17^2 + 3*17^3 + 6*17^4 + 6*17^5 + 5*17^7 + 3*17^8 + 8*17^9 + 11*17^10 + 12*17^11 + 14*17^13 + 8*17^14 + O(17^15) : 4 + 17 + 5*17^2 + 5*17^3 + 5*17^4 + 12*17^5 + 17^6 + 5*17^7 + 12*17^8 + 15*17^9 + 3*17^10 + 2*17^11 + 15*17^12 + 11*17^13 + 15*17^14 + 5*17^15 + O(17^16) : 1 + O(17^20))
   (7 + 9*17 + 8*17^2 + 3*17^3 + 9*17^4 + 8*17^5 + 11*17^6 + 13*17^7 + 14*17^8 + 11*17^9 + 8*17^10 + 2*17^13 + 16*17^14 + O(17^15) : 13 + 15*17 + 11*17^2 + 11*17^3 + 11*17^4 + 3*17^6 + 15*17^7 + 15*17^8 + 4*17^10 + 3*17^11 + 11*17^12 + 11*17^13 + 17^14 + 6*17^15 + O(17^16) : 1 + O(17^20))
   (7 + 9*17 + 8*17^2 + 3*17^3 + 9*17^4 + 8*17^5 + 11*17^6 + 13*17^7 + 14*17^8 + 11*17^9 + 8*17^10 + 2*17^13 + 16*17^14 + O(17^15) : 4 + 17 + 5*17^2 + 5*17^3 + 5*17^4 + 16*17^5 + 13*17^6 + 17^7 + 17^8 + 16*17^9 + 12*17^10 + 13*17^11 + 5*17^12 + 5*17^13 + 15*17^14 + 10*17^15 + O(17^16) : 1 + O(17^20))
   (7 + 9*17 + 8*17^2 + 4*17^3 + 11*17^4 + 6*17^5 + 15*17^6 + 15*17^7 + 2*17^8 + 8*17^11 + 3*17^12 + 16*17^13 + 12*17^14 + O(17^15) : 13 + 15*17 + 11*17^2 + 11*17^3 + 4*17^4 + 4*17^5 + 14*17^6 + 17^7 + 15*17^8 + 15*17^9 + 11*17^10 + 15*17^11 + 12*17^12 + 15*17^13 + 9*17^14 + 11*17^15 + O(17^16) : 1 + O(17^20))
   (7 + 9*17 + 8*17^2 + 4*17^3 + 11*17^4 + 6*17^5 + 15*17^6 + 15*17^7 + 2*17^8 + 8*17^11 + 3*17^12 + 16*17^13 + 12*17^14 + O(17^15) : 4 + 17 + 5*17^2 + 5*17^3 + 12*17^4 + 12*17^5 + 2*17^6 + 15*17^7 + 17^8 + 17^9 + 5*17^10 + 17^11 + 4*17^12 + 17^13 + 7*17^14 + 5*17^15 + O(17^16) : 1 + O(17^20))
   (7 + 9*17 + 8*17^2 + 4*17^3 + 12*17^4 + 2*17^5 + 14*17^6 + 5*17^7 + 15*17^8 + 17^9 + 14*17^10 + 10*17^11 + 14*17^12 + 15*17^13 + 10*17^14 + O(17^15) : 13 + 15*17 + 11*17^2 + 11*17^3 + 4*17^4 + 14*17^5 + 8*17^6 + 8*17^8 + 11*17^9 + 6*17^10 + 7*17^11 + 17^12 + 8*17^13 + 15*17^14 + 3*17^15 + O(17^16) : 1 + O(17^20))
   (7 + 9*17 + 8*17^2 + 4*17^3 + 12*17^4 + 2*17^5 + 14*17^6 + 5*17^7 + 15*17^8 + 17^9 + 14*17^10 + 10*17^11 + 14*17^12 + 15*17^13 + 10*17^14 + O(17^15) : 4 + 17 + 5*17^2 + 5*17^3 + 12*17^4 + 2*17^5 + 8*17^6 + 16*17^7 + 8*17^8 + 5*17^9 + 10*17^10 + 9*17^11 + 15*17^12 + 8*17^13 + 17^14 + 13*17^15 + O(17^16) : 1 + O(17^20))
   (7 + 9*17 + 8*17^2 + 4*17^3 + 13*17^4 + 14*17^5 + 10*17^6 + 11*17^7 + 9*17^8 + 16*17^9 + 17^10 + 5*17^11 + 17^12 + 16*17^13 + 6*17^14 + O(17^15) : 13 + 15*17 + 11*17^2 + 11*17^3 + 4*17^4 + 7*17^5 + 10*17^6 + 12*17^7 + 8*17^8 + 12*17^9 + 12*17^10 + 7*17^11 + 8*17^12 + 7*17^13 + 8*17^14 + 15*17^15 + O(17^16) : 1 + O(17^20))
   (7 + 9*17 + 8*17^2 + 4*17^3 + 13*17^4 + 14*17^5 + 10*17^6 + 11*17^7 + 9*17^8 + 16*17^9 + 17^10 + 5*17^11 + 17^12 + 16*17^13 + 6*17^14 + O(17^15) : 4 + 17 + 5*17^2 + 5*17^3 + 12*17^4 + 9*17^5 + 6*17^6 + 4*17^7 + 8*17^8 + 4*17^9 + 4*17^10 + 9*17^11 + 8*17^12 + 9*17^13 + 8*17^14 + 17^15 + O(17^16) : 1 + O(17^20))
   (7 + 9*17 + 8*17^2 + 4*17^3 + 15*17^4 + 13*17^5 + 9*17^6 + 11*17^7 + 3*17^8 + 12*17^9 + 7*17^10 + 12*17^11 + 5*17^12 + 17^13 + 7*17^14 + O(17^15) : 13 + 15*17 + 11*17^2 + 11*17^3 + 4*17^4 + 10*17^5 + 17^6 + 7*17^7 + 14*17^8 + 3*17^10 + 8*17^12 + 11*17^13 + 15*17^14 + 3*17^15 + O(17^16) : 1 + O(17^20))
   (7 + 9*17 + 8*17^2 + 4*17^3 + 15*17^4 + 13*17^5 + 9*17^6 + 11*17^7 + 3*17^8 + 12*17^9 + 7*17^10 + 12*17^11 + 5*17^12 + 17^13 + 7*17^14 + O(17^15) : 4 + 17 + 5*17^2 + 5*17^3 + 12*17^4 + 6*17^5 + 15*17^6 + 9*17^7 + 2*17^8 + 16*17^9 + 13*17^10 + 16*17^11 + 8*17^12 + 5*17^13 + 17^14 + 13*17^15 + O(17^16) : 1 + O(17^20))
   (7 + 9*17 + 8*17^2 + 4*17^3 + 16*17^4 + 16*17^5 + 3*17^6 + 6*17^7 + 8*17^8 + 5*17^9 + 16*17^11 + 6*17^12 + 11*17^13 + 8*17^14 + O(17^15) : 13 + 15*17 + 11*17^2 + 11*17^3 + 4*17^4 + 3*17^5 + 15*17^6 + 10*17^7 + 13*17^8 + 13*17^9 + 7*17^10 + 3*17^11 + 8*17^12 + 13*17^13 + 16*17^15 + O(17^16) : 1 + O(17^20))
   (7 + 9*17 + 8*17^2 + 4*17^3 + 16*17^4 + 16*17^5 + 3*17^6 + 6*17^7 + 8*17^8 + 5*17^9 + 16*17^11 + 6*17^12 + 11*17^13 + 8*17^14 + O(17^15) : 4 + 17 + 5*17^2 + 5*17^3 + 12*17^4 + 13*17^5 + 17^6 + 6*17^7 + 3*17^8 + 3*17^9 + 9*17^10 + 13*17^11 + 8*17^12 + 3*17^13 + 16*17^14 + O(17^16) : 1 + O(17^20))
   (7 + 9*17 + 8*17^2 + 4*17^3 + 17^4 + 14*17^5 + 13*17^6 + 11*17^7 + 6*17^8 + 12*17^9 + 10*17^10 + 9*17^11 + 4*17^13 + 2*17^14 + O(17^15) : 13 + 15*17 + 11*17^2 + 11*17^3 + 4*17^4 + 6*17^5 + 3*17^6 + 12*17^7 + 12*17^8 + 14*17^10 + 5*17^11 + 4*17^12 + 16*17^13 + 4*17^14 + 11*17^15 + O(17^16) : 1 + O(17^20))
   (7 + 9*17 + 8*17^2 + 4*17^3 + 17^4 + 14*17^5 + 13*17^6 + 11*17^7 + 6*17^8 + 12*17^9 + 10*17^10 + 9*17^11 + 4*17^13 + 2*17^14 + O(17^15) : 4 + 17 + 5*17^2 + 5*17^3 + 12*17^4 + 10*17^5 + 13*17^6 + 4*17^7 + 4*17^8 + 16*17^9 + 2*17^10 + 11*17^11 + 12*17^12 + 12*17^14 + 5*17^15 + O(17^16) : 1 + O(17^20))
   (7 + 9*17 + 8*17^2 + 4*17^3 + 3*17^4 + 15*17^5 + 13*17^6 + 12*17^7 + 2*17^8 + 10*17^9 + 14*17^10 + 14*17^11 + 2*17^12 + 15*17^13 + 14*17^14 + O(17^15) : 13 + 15*17 + 11*17^2 + 11*17^3 + 4*17^4 + 9*17^5 + 14*17^6 + 11*17^8 + 17^9 + 5*17^10 + 11*17^11 + 15*17^12 + 15*17^13 + 13*17^14 + 6*17^15 + O(17^16) : 1 + O(17^20))
   (7 + 9*17 + 8*17^2 + 4*17^3 + 3*17^4 + 15*17^5 + 13*17^6 + 12*17^7 + 2*17^8 + 10*17^9 + 14*17^10 + 14*17^11 + 2*17^12 + 15*17^13 + 14*17^14 + O(17^15) : 4 + 17 + 5*17^2 + 5*17^3 + 12*17^4 + 7*17^5 + 2*17^6 + 16*17^7 + 5*17^8 + 15*17^9 + 11*17^10 + 5*17^11 + 17^12 + 17^13 + 3*17^14 + 10*17^15 + O(17^16) : 1 + O(17^20))
   (7 + 9*17 + 8*17^2 + 4*17^3 + 3*17^4 + 15*17^5 + 15*17^6 + 10*17^7 + 3*17^8 + 3*17^9 + 17^10 + 14*17^11 + 9*17^12 + 16*17^13 + 15*17^14 + O(17^15) : 13 + 15*17 + 11*17^2 + 11*17^3 + 4*17^4 + 9*17^5 + 14*17^6 + 3*17^7 + 9*17^8 + 15*17^9 + 17^10 + 4*17^11 + 12*17^12 + 5*17^13 + 6*17^14 + 12*17^15 + O(17^16) : 1 + O(17^20))
   (7 + 9*17 + 8*17^2 + 4*17^3 + 3*17^4 + 15*17^5 + 15*17^6 + 10*17^7 + 3*17^8 + 3*17^9 + 17^10 + 14*17^11 + 9*17^12 + 16*17^13 + 15*17^14 + O(17^15) : 4 + 17 + 5*17^2 + 5*17^3 + 12*17^4 + 7*17^5 + 2*17^6 + 13*17^7 + 7*17^8 + 17^9 + 15*17^10 + 12*17^11 + 4*17^12 + 11*17^13 + 10*17^14 + 4*17^15 + O(17^16) : 1 + O(17^20))
   (7 + 9*17 + 8*17^2 + 4*17^3 + 3*17^4 + 6*17^5 + 4*17^6 + 16*17^7 + 16*17^8 + 9*17^9 + 17^10 + 3*17^11 + 14*17^12 + 8*17^13 + 11*17^14 + O(17^15) : 13 + 15*17 + 11*17^2 + 11*17^3 + 4*17^4 + 9*17^5 + 9*17^6 + 7*17^7 + 14*17^8 + 12*17^9 + 5*17^10 + 4*17^11 + 3*17^12 + 15*17^13 + 17^14 + 16*17^15 + O(17^16) : 1 + O(17^20))
   (7 + 9*17 + 8*17^2 + 4*17^3 + 3*17^4 + 6*17^5 + 4*17^6 + 16*17^7 + 16*17^8 + 9*17^9 + 17^10 + 3*17^11 + 14*17^12 + 8*17^13 + 11*17^14 + O(17^15) : 4 + 17 + 5*17^2 + 5*17^3 + 12*17^4 + 7*17^5 + 7*17^6 + 9*17^7 + 2*17^8 + 4*17^9 + 11*17^10 + 12*17^11 + 13*17^12 + 17^13 + 15*17^14 + O(17^16) : 1 + O(17^20))
   (7 + 9*17 + 8*17^2 + 5*17^3 + 10*17^4 + 5*17^5 + 9*17^6 + 13*17^7 + 8*17^8 + 5*17^9 + 2*17^10 + 14*17^11 + 11*17^12 + 6*17^13 + 14*17^14 + O(17^15) : 13 + 15*17 + 11*17^2 + 11*17^3 + 14*17^4 + 11*17^5 + 12*17^6 + 6*17^7 + 14*17^8 + 11*17^9 + 7*17^10 + 2*17^11 + 2*17^12 + 3*17^13 + 4*17^14 + 14*17^15 + O(17^16) : 1 + O(17^20))
   (7 + 9*17 + 8*17^2 + 5*17^3 + 10*17^4 + 5*17^5 + 9*17^6 + 13*17^7 + 8*17^8 + 5*17^9 + 2*17^10 + 14*17^11 + 11*17^12 + 6*17^13 + 14*17^14 + O(17^15) : 4 + 17 + 5*17^2 + 5*17^3 + 2*17^4 + 5*17^5 + 4*17^6 + 10*17^7 + 2*17^8 + 5*17^9 + 9*17^10 + 14*17^11 + 14*17^12 + 13*17^13 + 12*17^14 + 2*17^15 + O(17^16) : 1 + O(17^20))
   (7 + 9*17 + 8*17^2 + 5*17^3 + 11*17^4 + 7*17^6 + 8*17^7 + 16*17^8 + 7*17^9 + 3*17^10 + 4*17^11 + 8*17^12 + 9*17^13 + 2*17^14 + O(17^15) : 13 + 15*17 + 11*17^2 + 11*17^3 + 14*17^4 + 4*17^5 + 14*17^6 + 7*17^7 + 3*17^8 + 7*17^9 + 11*17^10 + 14*17^12 + 6*17^13 + 11*17^14 + 15*17^15 + O(17^16) : 1 + O(17^20))
   (7 + 9*17 + 8*17^2 + 5*17^3 + 11*17^4 + 7*17^6 + 8*17^7 + 16*17^8 + 7*17^9 + 3*17^10 + 4*17^11 + 8*17^12 + 9*17^13 + 2*17^14 + O(17^15) : 4 + 17 + 5*17^2 + 5*17^3 + 2*17^4 + 12*17^5 + 2*17^6 + 9*17^7 + 13*17^8 + 9*17^9 + 5*17^10 + 16*17^11 + 2*17^12 + 10*17^13 + 5*17^14 + 17^15 + O(17^16) : 1 + O(17^20))
   (7 + 9*17 + 8*17^2 + 5*17^3 + 12*17^4 + 11*17^5 + 13*17^6 + 12*17^7 + 3*17^8 + 4*17^9 + 12*17^10 + 13*17^12 + 13*17^14 + O(17^15) : 13 + 15*17 + 11*17^2 + 11*17^3 + 14*17^4 + 14*17^5 + 5*17^6 + 13*17^7 + 8*17^8 + 3*17^9 + 16*17^10 + 14*17^11 + 2*17^13 + 15*17^15 + O(17^16) : 1 + O(17^20))
   (7 + 9*17 + 8*17^2 + 5*17^3 + 12*17^4 + 11*17^5 + 13*17^6 + 12*17^7 + 3*17^8 + 4*17^9 + 12*17^10 + 13*17^12 + 13*17^14 + O(17^15) : 4 + 17 + 5*17^2 + 5*17^3 + 2*17^4 + 2*17^5 + 11*17^6 + 3*17^7 + 8*17^8 + 13*17^9 + 2*17^11 + 16*17^12 + 14*17^13 + 16*17^14 + 17^15 + O(17^16) : 1 + O(17^20))
   (7 + 9*17 + 8*17^2 + 5*17^3 + 15*17^4 + 17^5 + 14*17^6 + 7*17^7 + 6*17^9 + 2*17^10 + 9*17^11 + 8*17^12 + 6*17^13 + 14*17^14 + O(17^15) : 13 + 15*17 + 11*17^2 + 11*17^3 + 14*17^4 + 10*17^5 + 9*17^6 + 4*17^7 + 11*17^8 + 7*17^9 + 7*17^10 + 14*17^11 + 9*17^12 + 7*17^13 + 16*17^15 + O(17^16) : 1 + O(17^20))
   (7 + 9*17 + 8*17^2 + 5*17^3 + 15*17^4 + 17^5 + 14*17^6 + 7*17^7 + 6*17^9 + 2*17^10 + 9*17^11 + 8*17^12 + 6*17^13 + 14*17^14 + O(17^15) : 4 + 17 + 5*17^2 + 5*17^3 + 2*17^4 + 6*17^5 + 7*17^6 + 12*17^7 + 5*17^8 + 9*17^9 + 9*17^10 + 2*17^11 + 7*17^12 + 9*17^13 + 16*17^14 + O(17^16) : 1 + O(17^20))
   (7 + 9*17 + 8*17^2 + 5*17^3 + 15*17^4 + 4*17^5 + 10*17^6 + 16*17^7 + 4*17^9 + 10*17^10 + 16*17^11 + 15*17^12 + 11*17^13 + 14*17^14 + O(17^15) : 13 + 15*17 + 11*17^2 + 11*17^3 + 14*17^4 + 10*17^5 + 5*17^6 + 17^8 + 4*17^9 + 8*17^10 + 16*17^11 + 7*17^12 + 8*17^13 + 5*17^14 + 17^15 + O(17^16) : 1 + O(17^20))
   (7 + 9*17 + 8*17^2 + 5*17^3 + 15*17^4 + 4*17^5 + 10*17^6 + 16*17^7 + 4*17^9 + 10*17^10 + 16*17^11 + 15*17^12 + 11*17^13 + 14*17^14 + O(17^15) : 4 + 17 + 5*17^2 + 5*17^3 + 2*17^4 + 6*17^5 + 11*17^6 + 16*17^7 + 15*17^8 + 12*17^9 + 8*17^10 + 9*17^12 + 8*17^13 + 11*17^14 + 15*17^15 + O(17^16) : 1 + O(17^20))
   (7 + 9*17 + 8*17^2 + 5*17^3 + 16*17^5 + 15*17^6 + 13*17^7 + 14*17^8 + 6*17^9 + 17^10 + 10*17^11 + 2*17^12 + 17^13 + 11*17^14 + O(17^15) : 13 + 15*17 + 11*17^2 + 11*17^3 + 14*17^4 + 13*17^5 + 14*17^6 + 2*17^7 + 5*17^8 + 4*17^9 + 16*17^11 + 17^12 + 9*17^13 + 17^14 + 7*17^15 + O(17^16) : 1 + O(17^20))
   (7 + 9*17 + 8*17^2 + 5*17^3 + 16*17^5 + 15*17^6 + 13*17^7 + 14*17^8 + 6*17^9 + 17^10 + 10*17^11 + 2*17^12 + 17^13 + 11*17^14 + O(17^15) : 4 + 17 + 5*17^2 + 5*17^3 + 2*17^4 + 3*17^5 + 2*17^6 + 14*17^7 + 11*17^8 + 12*17^9 + 16*17^10 + 15*17^12 + 7*17^13 + 15*17^14 + 9*17^15 + O(17^16) : 1 + O(17^20))
   (7 + 9*17 + 8*17^2 + 5*17^3 + 16*17^5 + 3*17^6 + 12*17^7 + 10*17^8 + 10*17^9 + 3*17^10 + 6*17^11 + 14*17^12 + 7*17^13 + 15*17^14 + O(17^15) : 13 + 15*17 + 11*17^2 + 11*17^3 + 14*17^4 + 13*17^5 + 14*17^6 + 17^7 + 5*17^8 + 15*17^9 + 15*17^10 + 7*17^11 + 6*17^12 + 4*17^13 + 4*17^14 + 7*17^15 + O(17^16) : 1 + O(17^20))
   (7 + 9*17 + 8*17^2 + 5*17^3 + 16*17^5 + 3*17^6 + 12*17^7 + 10*17^8 + 10*17^9 + 3*17^10 + 6*17^11 + 14*17^12 + 7*17^13 + 15*17^14 + O(17^15) : 4 + 17 + 5*17^2 + 5*17^3 + 2*17^4 + 3*17^5 + 2*17^6 + 15*17^7 + 11*17^8 + 17^9 + 17^10 + 9*17^11 + 10*17^12 + 12*17^13 + 12*17^14 + 9*17^15 + O(17^16) : 1 + O(17^20))
   (7 + 9*17 + 8*17^2 + 5*17^3 + 4*17^4 + 2*17^5 + 13*17^6 + 11*17^7 + 13*17^8 + 15*17^9 + 15*17^10 + 8*17^11 + 9*17^12 + 12*17^13 + 16*17^14 + O(17^15) : 13 + 15*17 + 11*17^2 + 11*17^3 + 14*17^4 + 2*17^5 + 13*17^6 + 2*17^7 + 14*17^9 + 3*17^10 + 9*17^11 + 17^12 + 17^13 + 5*17^15 + O(17^16) : 1 + O(17^20))
   (7 + 9*17 + 8*17^2 + 5*17^3 + 4*17^4 + 2*17^5 + 13*17^6 + 11*17^7 + 13*17^8 + 15*17^9 + 15*17^10 + 8*17^11 + 9*17^12 + 12*17^13 + 16*17^14 + O(17^15) : 4 + 17 + 5*17^2 + 5*17^3 + 2*17^4 + 14*17^5 + 3*17^6 + 14*17^7 + 16*17^8 + 2*17^9 + 13*17^10 + 7*17^11 + 15*17^12 + 15*17^13 + 16*17^14 + 11*17^15 + O(17^16) : 1 + O(17^20))
   (7 + 9*17 + 8*17^2 + 5*17^3 + 4*17^4 + 5*17^5 + 2*17^6 + 17^7 + 5*17^8 + 3*17^9 + 16*17^10 + 2*17^11 + 13*17^12 + 5*17^13 + 16*17^14 + O(17^15) : 13 + 15*17 + 11*17^2 + 11*17^3 + 14*17^4 + 2*17^5 + 9*17^6 + 13*17^7 + 16*17^8 + 17^9 + 17^11 + 17^12 + 13*17^13 + 15*17^14 + 10*17^15 + O(17^16) : 1 + O(17^20))
   (7 + 9*17 + 8*17^2 + 5*17^3 + 4*17^4 + 5*17^5 + 2*17^6 + 17^7 + 5*17^8 + 3*17^9 + 16*17^10 + 2*17^11 + 13*17^12 + 5*17^13 + 16*17^14 + O(17^15) : 4 + 17 + 5*17^2 + 5*17^3 + 2*17^4 + 14*17^5 + 7*17^6 + 3*17^7 + 15*17^9 + 16*17^10 + 15*17^11 + 15*17^12 + 3*17^13 + 17^14 + 6*17^15 + O(17^16) : 1 + O(17^20))
   (7 + 9*17 + 8*17^2 + 5*17^3 + 6*17^4 + 7*17^5 + 13*17^6 + 9*17^7 + 10*17^8 + 10*17^9 + 16*17^10 + 13*17^11 + 4*17^12 + 9*17^14 + O(17^15) : 13 + 15*17 + 11*17^2 + 11*17^3 + 14*17^4 + 5*17^5 + 13*17^6 + 2*17^7 + 6*17^8 + 16*17^9 + 6*17^10 + 17^11 + 3*17^12 + 13*17^13 + 11*17^14 + 6*17^15 + O(17^16) : 1 + O(17^20))
   (7 + 9*17 + 8*17^2 + 5*17^3 + 6*17^4 + 7*17^5 + 13*17^6 + 9*17^7 + 10*17^8 + 10*17^9 + 16*17^10 + 13*17^11 + 4*17^12 + 9*17^14 + O(17^15) : 4 + 17 + 5*17^2 + 5*17^3 + 2*17^4 + 11*17^5 + 3*17^6 + 14*17^7 + 10*17^8 + 10*17^10 + 15*17^11 + 13*17^12 + 3*17^13 + 5*17^14 + 10*17^15 + O(17^16) : 1 + O(17^20))
   (7 + 9*17 + 8*17^2 + 6*17^3 + 11*17^4 + 6*17^5 + 3*17^6 + 5*17^7 + 4*17^9 + 8*17^10 + 17^11 + 11*17^12 + 11*17^13 + 5*17^14 + O(17^15) : 13 + 15*17 + 11*17^2 + 11*17^3 + 7*17^4 + 5*17^5 + 11*17^6 + 11*17^7 + 7*17^8 + 17^9 + 8*17^10 + 9*17^11 + 16*17^12 + 11*17^13 + 15*17^14 + 13*17^15 + O(17^16) : 1 + O(17^20))
   (7 + 9*17 + 8*17^2 + 6*17^3 + 11*17^4 + 6*17^5 + 3*17^6 + 5*17^7 + 4*17^9 + 8*17^10 + 17^11 + 11*17^12 + 11*17^13 + 5*17^14 + O(17^15) : 4 + 17 + 5*17^2 + 5*17^3 + 9*17^4 + 11*17^5 + 5*17^6 + 5*17^7 + 9*17^8 + 15*17^9 + 8*17^10 + 7*17^11 + 5*17^13 + 17^14 + 3*17^15 + O(17^16) : 1 + O(17^20))
   (7 + 9*17 + 8*17^2 + 6*17^3 + 11*17^4 + 9*17^5 + 15*17^6 + 15*17^7 + 4*17^8 + 12*17^9 + 5*17^10 + 17^11 + 15*17^12 + 14*17^13 + 10*17^14 + O(17^15) : 13 + 15*17 + 11*17^2 + 11*17^3 + 7*17^4 + 5*17^5 + 7*17^6 + 14*17^7 + 4*17^8 + 3*17^9 + 14*17^10 + 10*17^11 + 4*17^12 + 16*17^13 + 11*17^14 + 8*17^15 + O(17^16) : 1 + O(17^20))
   (7 + 9*17 + 8*17^2 + 6*17^3 + 11*17^4 + 9*17^5 + 15*17^6 + 15*17^7 + 4*17^8 + 12*17^9 + 5*17^10 + 17^11 + 15*17^12 + 14*17^13 + 10*17^14 + O(17^15) : 4 + 17 + 5*17^2 + 5*17^3 + 9*17^4 + 11*17^5 + 9*17^6 + 2*17^7 + 12*17^8 + 13*17^9 + 2*17^10 + 6*17^11 + 12*17^12 + 5*17^14 + 8*17^15 + O(17^16) : 1 + O(17^20))
   (7 + 9*17 + 8*17^2 + 6*17^3 + 15*17^4 + 6*17^5 + 8*17^6 + 7*17^7 + 8*17^8 + 12*17^9 + 14*17^10 + 3*17^11 + 17^12 + 3*17^13 + 14*17^14 + O(17^15) : 13 + 15*17 + 11*17^2 + 11*17^3 + 7*17^4 + 11*17^5 + 13*17^6 + 5*17^7 + 10*17^8 + 3*17^9 + 6*17^10 + 8*17^11 + 9*17^12 + 13*17^13 + 13*17^14 + 9*17^15 + O(17^16) : 1 + O(17^20))
   (7 + 9*17 + 8*17^2 + 6*17^3 + 15*17^4 + 6*17^5 + 8*17^6 + 7*17^7 + 8*17^8 + 12*17^9 + 14*17^10 + 3*17^11 + 17^12 + 3*17^13 + 14*17^14 + O(17^15) : 4 + 17 + 5*17^2 + 5*17^3 + 9*17^4 + 5*17^5 + 3*17^6 + 11*17^7 + 6*17^8 + 13*17^9 + 10*17^10 + 8*17^11 + 7*17^12 + 3*17^13 + 3*17^14 + 7*17^15 + O(17^16) : 1 + O(17^20))
   (7 + 9*17 + 8*17^2 + 6*17^3 + 3*17^4 + 10*17^5 + 10*17^6 + 7*17^7 + 2*17^8 + 6*17^9 + 15*17^10 + 15*17^11 + 9*17^12 + 17^13 + 4*17^14 + O(17^15) : 13 + 15*17 + 11*17^2 + 11*17^3 + 7*17^4 + 10*17^5 + 12*17^6 + 8*17^7 + 11*17^8 + 14*17^9 + 3*17^10 + 6*17^11 + 15*17^12 + 13*17^13 + 12*17^14 + 11*17^15 + O(17^16) : 1 + O(17^20))
   (7 + 9*17 + 8*17^2 + 6*17^3 + 3*17^4 + 10*17^5 + 10*17^6 + 7*17^7 + 2*17^8 + 6*17^9 + 15*17^10 + 15*17^11 + 9*17^12 + 17^13 + 4*17^14 + O(17^15) : 4 + 17 + 5*17^2 + 5*17^3 + 9*17^4 + 6*17^5 + 4*17^6 + 8*17^7 + 5*17^8 + 2*17^9 + 13*17^10 + 10*17^11 + 17^12 + 3*17^13 + 4*17^14 + 5*17^15 + O(17^16) : 1 + O(17^20))
   (7 + 9*17 + 8*17^2 + 6*17^3 + 3*17^4 + 16*17^5 + 13*17^6 + 6*17^7 + 7*17^8 + 5*17^9 + 12*17^10 + 9*17^11 + 13*17^13 + 16*17^14 + O(17^15) : 13 + 15*17 + 11*17^2 + 11*17^3 + 7*17^4 + 10*17^5 + 4*17^6 + 8*17^7 + 4*17^8 + 2*17^9 + 2*17^10 + 7*17^11 + 8*17^12 + 15*17^13 + 5*17^14 + 10*17^15 + O(17^16) : 1 + O(17^20))
   (7 + 9*17 + 8*17^2 + 6*17^3 + 3*17^4 + 16*17^5 + 13*17^6 + 6*17^7 + 7*17^8 + 5*17^9 + 12*17^10 + 9*17^11 + 13*17^13 + 16*17^14 + O(17^15) : 4 + 17 + 5*17^2 + 5*17^3 + 9*17^4 + 6*17^5 + 12*17^6 + 8*17^7 + 12*17^8 + 14*17^9 + 14*17^10 + 9*17^11 + 8*17^12 + 17^13 + 11*17^14 + 6*17^15 + O(17^16) : 1 + O(17^20))
   (7 + 9*17 + 8*17^2 + 6*17^3 + 3*17^4 + 16*17^5 + 3*17^6 + 16*17^7 + 13*17^8 + 13*17^9 + 11*17^10 + 13*17^11 + 10*17^12 + 2*17^13 + 2*17^14 + O(17^15) : 13 + 15*17 + 11*17^2 + 11*17^3 + 7*17^4 + 10*17^5 + 4*17^6 + 10*17^7 + 13*17^8 + 3*17^9 + 13*17^10 + 16*17^11 + 16*17^12 + 12*17^14 + 14*17^15 + O(17^16) : 1 + O(17^20))
   (7 + 9*17 + 8*17^2 + 6*17^3 + 3*17^4 + 16*17^5 + 3*17^6 + 16*17^7 + 13*17^8 + 13*17^9 + 11*17^10 + 13*17^11 + 10*17^12 + 2*17^13 + 2*17^14 + O(17^15) : 4 + 17 + 5*17^2 + 5*17^3 + 9*17^4 + 6*17^5 + 12*17^6 + 6*17^7 + 3*17^8 + 13*17^9 + 3*17^10 + 16*17^13 + 4*17^14 + 2*17^15 + O(17^16) : 1 + O(17^20))
   (7 + 9*17 + 8*17^2 + 6*17^3 + 4*17^4 + 5*17^5 + 2*17^6 + 6*17^7 + 11*17^8 + 13*17^9 + 5*17^10 + 5*17^11 + 8*17^12 + 3*17^13 + 7*17^14 + O(17^15) : 13 + 15*17 + 11*17^2 + 11*17^3 + 7*17^4 + 3*17^5 + 14*17^6 + 13*17^7 + 17^8 + 9*17^9 + 9*17^10 + 5*17^11 + 4*17^12 + 14*17^13 + 2*17^14 + 10*17^15 + O(17^16) : 1 + O(17^20))
   (7 + 9*17 + 8*17^2 + 6*17^3 + 4*17^4 + 5*17^5 + 2*17^6 + 6*17^7 + 11*17^8 + 13*17^9 + 5*17^10 + 5*17^11 + 8*17^12 + 3*17^13 + 7*17^14 + O(17^15) : 4 + 17 + 5*17^2 + 5*17^3 + 9*17^4 + 13*17^5 + 2*17^6 + 3*17^7 + 15*17^8 + 7*17^9 + 7*17^10 + 11*17^11 + 12*17^12 + 2*17^13 + 14*17^14 + 6*17^15 + O(17^16) : 1 + O(17^20))
   (7 + 9*17 + 8*17^2 + 6*17^3 + 9*17^4 + 17^5 + 2*17^6 + 14*17^7 + 6*17^8 + 11*17^9 + 17^10 + 3*17^11 + 7*17^12 + 17^13 + 10*17^14 + O(17^15) : 13 + 15*17 + 11*17^2 + 11*17^3 + 7*17^4 + 2*17^5 + 11*17^6 + 9*17^7 + 8*17^8 + 11*17^9 + 14*17^10 + 12*17^11 + 10*17^12 + 7*17^13 + 17^14 + 6*17^15 + O(17^16) : 1 + O(17^20))
   (7 + 9*17 + 8*17^2 + 6*17^3 + 9*17^4 + 17^5 + 2*17^6 + 14*17^7 + 6*17^8 + 11*17^9 + 17^10 + 3*17^11 + 7*17^12 + 17^13 + 10*17^14 + O(17^15) : 4 + 17 + 5*17^2 + 5*17^3 + 9*17^4 + 14*17^5 + 5*17^6 + 7*17^7 + 8*17^8 + 5*17^9 + 2*17^10 + 4*17^11 + 6*17^12 + 9*17^13 + 15*17^14 + 10*17^15 + O(17^16) : 1 + O(17^20))
   (7 + 9*17 + 8*17^2 + 7*17^3 + 14*17^4 + 16*17^5 + 17^6 + 3*17^7 + 10*17^8 + 3*17^9 + 8*17^10 + 7*17^11 + 6*17^12 + 11*17^13 + 12*17^14 + O(17^15) : 13 + 15*17 + 11*17^2 + 11*17^3 + 2*17^5 + 12*17^6 + 2*17^7 + 5*17^8 + 9*17^9 + 7*17^10 + 6*17^11 + 17^12 + 10*17^13 + 4*17^14 + 5*17^15 + O(17^16) : 1 + O(17^20))
   (7 + 9*17 + 8*17^2 + 7*17^3 + 14*17^4 + 16*17^5 + 17^6 + 3*17^7 + 10*17^8 + 3*17^9 + 8*17^10 + 7*17^11 + 6*17^12 + 11*17^13 + 12*17^14 + O(17^15) : 4 + 17 + 5*17^2 + 5*17^3 + 16*17^4 + 14*17^5 + 4*17^6 + 14*17^7 + 11*17^8 + 7*17^9 + 9*17^10 + 10*17^11 + 15*17^12 + 6*17^13 + 12*17^14 + 11*17^15 + O(17^16) : 1 + O(17^20))
   (7 + 9*17 + 8*17^2 + 7*17^3 + 14*17^4 + 4*17^5 + 11*17^6 + 4*17^7 + 16*17^9 + 9*17^10 + 2*17^11 + 4*17^12 + 6*17^13 + 7*17^14 + O(17^15) : 13 + 15*17 + 11*17^2 + 11*17^3 + 2*17^5 + 11*17^6 + 10*17^7 + 15*17^8 + 4*17^9 + 14*17^10 + 11*17^11 + 16*17^12 + 4*17^13 + 11*17^14 + 14*17^15 + O(17^16) : 1 + O(17^20))
   (7 + 9*17 + 8*17^2 + 7*17^3 + 14*17^4 + 4*17^5 + 11*17^6 + 4*17^7 + 16*17^9 + 9*17^10 + 2*17^11 + 4*17^12 + 6*17^13 + 7*17^14 + O(17^15) : 4 + 17 + 5*17^2 + 5*17^3 + 16*17^4 + 14*17^5 + 5*17^6 + 6*17^7 + 17^8 + 12*17^9 + 2*17^10 + 5*17^11 + 12*17^13 + 5*17^14 + 2*17^15 + O(17^16) : 1 + O(17^20))
   (7 + 9*17 + 8*17^2 + 7*17^3 + 2*17^5 + 8*17^6 + 8*17^7 + 7*17^8 + 6*17^9 + 3*17^10 + 14*17^11 + 6*17^12 + 13*17^13 + 6*17^14 + O(17^15) : 13 + 15*17 + 11*17^2 + 11*17^3 + 15*17^5 + 16*17^6 + 9*17^7 + 12*17^8 + 5*17^9 + 9*17^10 + 17^11 + 12*17^12 + 14*17^13 + 17^14 + 14*17^15 + O(17^16) : 1 + O(17^20))
   (7 + 9*17 + 8*17^2 + 7*17^3 + 2*17^5 + 8*17^6 + 8*17^7 + 7*17^8 + 6*17^9 + 3*17^10 + 14*17^11 + 6*17^12 + 13*17^13 + 6*17^14 + O(17^15) : 4 + 17 + 5*17^2 + 5*17^3 + 16*17^4 + 17^5 + 7*17^7 + 4*17^8 + 11*17^9 + 7*17^10 + 15*17^11 + 4*17^12 + 2*17^13 + 15*17^14 + 2*17^15 + O(17^16) : 1 + O(17^20))
   (7 + 9*17 + 8*17^2 + 7*17^3 + 3*17^4 + 6*17^5 + 16*17^6 + 2*17^7 + 10*17^8 + 7*17^9 + 4*17^10 + 3*17^11 + 10*17^12 + 7*17^13 + 11*17^14 + O(17^15) : 13 + 15*17 + 11*17^2 + 11*17^3 + 11*17^5 + 7*17^6 + 4*17^7 + 9*17^8 + 17^9 + 14*17^10 + 11*17^11 + 4*17^12 + 17^13 + 15*17^14 + 14*17^15 + O(17^16) : 1 + O(17^20))
   (7 + 9*17 + 8*17^2 + 7*17^3 + 3*17^4 + 6*17^5 + 16*17^6 + 2*17^7 + 10*17^8 + 7*17^9 + 4*17^10 + 3*17^11 + 10*17^12 + 7*17^13 + 11*17^14 + O(17^15) : 4 + 17 + 5*17^2 + 5*17^3 + 16*17^4 + 5*17^5 + 9*17^6 + 12*17^7 + 7*17^8 + 15*17^9 + 2*17^10 + 5*17^11 + 12*17^12 + 15*17^13 + 17^14 + 2*17^15 + O(17^16) : 1 + O(17^20))
   (7 + 9*17 + 8*17^2 + 7*17^3 + 3*17^8 + 10*17^9 + 4*17^10 + 16*17^11 + 17^12 + 13*17^13 + 5*17^14 + O(17^15) : 13 + 15*17 + 11*17^2 + 11*17^3 + 15*17^5 + 13*17^6 + 13*17^7 + 14*17^8 + 15*17^9 + 7*17^10 + 10*17^11 + 16*17^12 + 11*17^13 + 13*17^14 + 5*17^15 + O(17^16) : 1 + O(17^20))
   (7 + 9*17 + 8*17^2 + 7*17^3 + 3*17^8 + 10*17^9 + 4*17^10 + 16*17^11 + 17^12 + 13*17^13 + 5*17^14 + O(17^15) : 4 + 17 + 5*17^2 + 5*17^3 + 16*17^4 + 17^5 + 3*17^6 + 3*17^7 + 2*17^8 + 17^9 + 9*17^10 + 6*17^11 + 5*17^13 + 3*17^14 + 11*17^15 + O(17^16) : 1 + O(17^20))
   (7 + 9*17 + 8*17^2 + 7*17^3 + 4*17^4 + 12*17^5 + 12*17^6 + 10*17^7 + 16*17^8 + 15*17^9 + 7*17^10 + 8*17^12 + 2*17^13 + 5*17^14 + O(17^15) : 13 + 15*17 + 11*17^2 + 11*17^3 + 4*17^5 + 17^7 + 17^8 + 13*17^9 + 12*17^10 + 3*17^11 + 6*17^12 + 6*17^13 + 9*17^14 + 7*17^15 + O(17^16) : 1 + O(17^20))
   (7 + 9*17 + 8*17^2 + 7*17^3 + 4*17^4 + 12*17^5 + 12*17^6 + 10*17^7 + 16*17^8 + 15*17^9 + 7*17^10 + 8*17^12 + 2*17^13 + 5*17^14 + O(17^15) : 4 + 17 + 5*17^2 + 5*17^3 + 16*17^4 + 12*17^5 + 16*17^6 + 15*17^7 + 15*17^8 + 3*17^9 + 4*17^10 + 13*17^11 + 10*17^12 + 10*17^13 + 7*17^14 + 9*17^15 + O(17^16) : 1 + O(17^20))
   (7 + 9*17 + 8*17^2 + 7*17^3 + 5*17^5 + 8*17^6 + 10*17^7 + 10*17^8 + 9*17^9 + 10*17^10 + 8*17^11 + 7*17^12 + 2*17^13 + 2*17^14 + O(17^15) : 13 + 15*17 + 11*17^2 + 11*17^3 + 15*17^5 + 12*17^6 + 11*17^7 + 12*17^8 + 8*17^9 + 13*17^10 + 9*17^11 + 15*17^12 + 14*17^13 + 3*17^14 + 6*17^15 + O(17^16) : 1 + O(17^20))
   (7 + 9*17 + 8*17^2 + 7*17^3 + 5*17^5 + 8*17^6 + 10*17^7 + 10*17^8 + 9*17^9 + 10*17^10 + 8*17^11 + 7*17^12 + 2*17^13 + 2*17^14 + O(17^15) : 4 + 17 + 5*17^2 + 5*17^3 + 16*17^4 + 17^5 + 4*17^6 + 5*17^7 + 4*17^8 + 8*17^9 + 3*17^10 + 7*17^11 + 17^12 + 2*17^13 + 13*17^14 + 10*17^15 + O(17^16) : 1 + O(17^20))
   (7 + 9*17 + 8*17^2 + 7*17^3 + 6*17^4 + 3*17^5 + 12*17^6 + 12*17^7 + 13*17^8 + 4*17^9 + 7*17^11 + 15*17^12 + 12*17^13 + 16*17^14 + O(17^15) : 13 + 15*17 + 11*17^2 + 11*17^3 + 7*17^5 + 13*17^6 + 10*17^7 + 10*17^8 + 7*17^9 + 15*17^10 + 4*17^11 + 2*17^12 + 13*17^13 + 16*17^14 + 5*17^15 + O(17^16) : 1 + O(17^20))
   (7 + 9*17 + 8*17^2 + 7*17^3 + 6*17^4 + 3*17^5 + 12*17^6 + 12*17^7 + 13*17^8 + 4*17^9 + 7*17^11 + 15*17^12 + 12*17^13 + 16*17^14 + O(17^15) : 4 + 17 + 5*17^2 + 5*17^3 + 16*17^4 + 9*17^5 + 3*17^6 + 6*17^7 + 6*17^8 + 9*17^9 + 17^10 + 12*17^11 + 14*17^12 + 3*17^13 + 11*17^15 + O(17^16) : 1 + O(17^20))
   (7 + 9*17 + 8*17^2 + 7*17^3 + 6*17^4 + 3*17^5 + 6*17^6 + 15*17^7 + 2*17^8 + 14*17^9 + 2*17^10 + 8*17^11 + 4*17^12 + 4*17^13 + 14*17^14 + O(17^15) : 13 + 15*17 + 11*17^2 + 11*17^3 + 7*17^5 + 13*17^6 + 17^7 + 3*17^8 + 7*17^9 + 2*17^11 + 6*17^12 + 6*17^13 + 12*17^14 + 10*17^15 + O(17^16) : 1 + O(17^20))
   (7 + 9*17 + 8*17^2 + 7*17^3 + 6*17^4 + 3*17^5 + 6*17^6 + 15*17^7 + 2*17^8 + 14*17^9 + 2*17^10 + 8*17^11 + 4*17^12 + 4*17^13 + 14*17^14 + O(17^15) : 4 + 17 + 5*17^2 + 5*17^3 + 16*17^4 + 9*17^5 + 3*17^6 + 15*17^7 + 13*17^8 + 9*17^9 + 16*17^10 + 14*17^11 + 10*17^12 + 10*17^13 + 4*17^14 + 6*17^15 + O(17^16) : 1 + O(17^20))
   (7 + 9*17 + 8*17^2 + 8*17^3 + 16*17^4 + 14*17^5 + 4*17^6 + 8*17^8 + 4*17^9 + 10*17^10 + 8*17^11 + 3*17^12 + 11*17^13 + 14*17^14 + O(17^15) : 13 + 15*17 + 11*17^2 + 11*17^3 + 10*17^4 + 5*17^5 + 7*17^6 + 2*17^7 + 3*17^8 + 3*17^9 + 10*17^11 + 14*17^12 + 5*17^14 + 5*17^15 + O(17^16) : 1 + O(17^20))
   (7 + 9*17 + 8*17^2 + 8*17^3 + 16*17^4 + 14*17^5 + 4*17^6 + 8*17^8 + 4*17^9 + 10*17^10 + 8*17^11 + 3*17^12 + 11*17^13 + 14*17^14 + O(17^15) : 4 + 17 + 5*17^2 + 5*17^3 + 6*17^4 + 11*17^5 + 9*17^6 + 14*17^7 + 13*17^8 + 13*17^9 + 16*17^10 + 6*17^11 + 2*17^12 + 16*17^13 + 11*17^14 + 11*17^15 + O(17^16) : 1 + O(17^20))
   (7 + 9*17 + 8*17^2 + 8*17^3 + 17^4 + 14*17^5 + 17^6 + 17^7 + 14*17^8 + 15*17^9 + 5*17^10 + 3*17^11 + 3*17^12 + 16*17^13 + 13*17^14 + O(17^15) : 13 + 15*17 + 11*17^2 + 11*17^3 + 10*17^4 + 8*17^5 + 15*17^6 + 12*17^7 + 6*17^8 + 14*17^9 + 8*17^10 + 7*17^11 + 4*17^12 + 17^13 + 16*17^14 + 4*17^15 + O(17^16) : 1 + O(17^20))
   (7 + 9*17 + 8*17^2 + 8*17^3 + 17^4 + 14*17^5 + 17^6 + 17^7 + 14*17^8 + 15*17^9 + 5*17^10 + 3*17^11 + 3*17^12 + 16*17^13 + 13*17^14 + O(17^15) : 4 + 17 + 5*17^2 + 5*17^3 + 6*17^4 + 8*17^5 + 17^6 + 4*17^7 + 10*17^8 + 2*17^9 + 8*17^10 + 9*17^11 + 12*17^12 + 15*17^13 + 12*17^15 + O(17^16) : 1 + O(17^20))
   (7 + 9*17 + 8*17^2 + 8*17^3 + 2*17^4 + 8*17^5 + 2*17^6 + 8*17^7 + 6*17^8 + 15*17^9 + 14*17^10 + 8*17^11 + 12*17^12 + 7*17^13 + 13*17^14 + O(17^15) : 13 + 15*17 + 11*17^2 + 11*17^3 + 10*17^4 + 17^5 + 7*17^6 + 14*17^7 + 2*17^8 + 10*17^9 + 3*17^10 + 16*17^11 + 5*17^12 + 9*17^13 + 7*17^14 + 3*17^15 + O(17^16) : 1 + O(17^20))
   (7 + 9*17 + 8*17^2 + 8*17^3 + 2*17^4 + 8*17^5 + 2*17^6 + 8*17^7 + 6*17^8 + 15*17^9 + 14*17^10 + 8*17^11 + 12*17^12 + 7*17^13 + 13*17^14 + O(17^15) : 4 + 17 + 5*17^2 + 5*17^3 + 6*17^4 + 15*17^5 + 9*17^6 + 2*17^7 + 14*17^8 + 6*17^9 + 13*17^10 + 11*17^12 + 7*17^13 + 9*17^14 + 13*17^15 + O(17^16) : 1 + O(17^20))
   (7 + 9*17 + 8*17^2 + 8*17^3 + 6*17^4 + 6*17^6 + 12*17^7 + 2*17^8 + 3*17^10 + 4*17^11 + 4*17^12 + 5*17^13 + 11*17^14 + O(17^15) : 13 + 15*17 + 11*17^2 + 11*17^3 + 10*17^4 + 7*17^5 + 14*17^6 + 12*17^7 + 17^8 + 7*17^9 + 3*17^10 + 3*17^11 + 4*17^12 + 15*17^13 + 8*17^14 + 2*17^15 + O(17^16) : 1 + O(17^20))
   (7 + 9*17 + 8*17^2 + 8*17^3 + 6*17^4 + 6*17^6 + 12*17^7 + 2*17^8 + 3*17^10 + 4*17^11 + 4*17^12 + 5*17^13 + 11*17^14 + O(17^15) : 4 + 17 + 5*17^2 + 5*17^3 + 6*17^4 + 9*17^5 + 2*17^6 + 4*17^7 + 15*17^8 + 9*17^9 + 13*17^10 + 13*17^11 + 12*17^12 + 17^13 + 8*17^14 + 14*17^15 + O(17^16) : 1 + O(17^20))
   (7 + 9*17 + 8*17^2 + 8*17^3 + 7*17^4 + 2*17^5 + 9*17^6 + 10*17^7 + 8*17^8 + 3*17^9 + 8*17^10 + 15*17^11 + 16*17^12 + 13*17^13 + 6*17^14 + O(17^15) : 13 + 15*17 + 11*17^2 + 11*17^3 + 10*17^4 + 17^6 + 5*17^7 + 2*17^8 + 16*17^9 + 3*17^10 + 15*17^11 + 11*17^12 + 12*17^13 + 12*17^15 + O(17^16) : 1 + O(17^20))
   (7 + 9*17 + 8*17^2 + 8*17^3 + 7*17^4 + 2*17^5 + 9*17^6 + 10*17^7 + 8*17^8 + 3*17^9 + 8*17^10 + 15*17^11 + 16*17^12 + 13*17^13 + 6*17^14 + O(17^15) : 4 + 17 + 5*17^2 + 5*17^3 + 6*17^4 + 16*17^5 + 15*17^6 + 11*17^7 + 14*17^8 + 13*17^10 + 17^11 + 5*17^12 + 4*17^13 + 16*17^14 + 4*17^15 + O(17^16) : 1 + O(17^20))
   (7 + 9*17 + 8*17^2 + 8*17^3 + 9*17^4 + 16*17^5 + 5*17^6 + 11*17^7 + 12*17^8 + 3*17^9 + 12*17^10 + 15*17^11 + 8*17^12 + 12*17^13 + 7*17^14 + O(17^15) : 13 + 15*17 + 11*17^2 + 11*17^3 + 10*17^4 + 3*17^5 + 6*17^6 + 14*17^7 + 2*17^8 + 15*17^9 + 6*17^10 + 13*17^11 + 12*17^12 + 10*17^13 + 16*17^14 + 6*17^15 + O(17^16) : 1 + O(17^20))
   (7 + 9*17 + 8*17^2 + 8*17^3 + 9*17^4 + 16*17^5 + 5*17^6 + 11*17^7 + 12*17^8 + 3*17^9 + 12*17^10 + 15*17^11 + 8*17^12 + 12*17^13 + 7*17^14 + O(17^15) : 4 + 17 + 5*17^2 + 5*17^3 + 6*17^4 + 13*17^5 + 10*17^6 + 2*17^7 + 14*17^8 + 17^9 + 10*17^10 + 3*17^11 + 4*17^12 + 6*17^13 + 10*17^15 + O(17^16) : 1 + O(17^20))
   (7 + 9*17 + 8*17^2 + 9*17^3 + 10*17^4 + 17^5 + 3*17^6 + 15*17^7 + 8*17^8 + 16*17^9 + 3*17^10 + 5*17^11 + 7*17^12 + 14*17^13 + 11*17^14 + O(17^15) : 13 + 15*17 + 11*17^2 + 11*17^3 + 3*17^4 + 14*17^5 + 2*17^6 + 13*17^7 + 16*17^8 + 2*17^9 + 15*17^10 + 2*17^11 + 8*17^12 + 17^13 + 6*17^14 + 3*17^15 + O(17^16) : 1 + O(17^20))
   (7 + 9*17 + 8*17^2 + 9*17^3 + 10*17^4 + 17^5 + 3*17^6 + 15*17^7 + 8*17^8 + 16*17^9 + 3*17^10 + 5*17^11 + 7*17^12 + 14*17^13 + 11*17^14 + O(17^15) : 4 + 17 + 5*17^2 + 5*17^3 + 13*17^4 + 2*17^5 + 14*17^6 + 3*17^7 + 14*17^9 + 17^10 + 14*17^11 + 8*17^12 + 15*17^13 + 10*17^14 + 13*17^15 + O(17^16) : 1 + O(17^20))
   (7 + 9*17 + 8*17^2 + 9*17^3 + 11*17^4 + 3*17^5 + 6*17^6 + 8*17^7 + 4*17^8 + 6*17^9 + 7*17^10 + 5*17^11 + 16*17^12 + 10*17^13 + 5*17^14 + O(17^15) : 13 + 15*17 + 11*17^2 + 11*17^3 + 3*17^4 + 7*17^5 + 6*17^6 + 17^7 + 13*17^8 + 15*17^9 + 14*17^10 + 7*17^11 + 14*17^12 + 8*17^13 + 12*17^14 + 2*17^15 + O(17^16) : 1 + O(17^20))
   (7 + 9*17 + 8*17^2 + 9*17^3 + 11*17^4 + 3*17^5 + 6*17^6 + 8*17^7 + 4*17^8 + 6*17^9 + 7*17^10 + 5*17^11 + 16*17^12 + 10*17^13 + 5*17^14 + O(17^15) : 4 + 17 + 5*17^2 + 5*17^3 + 13*17^4 + 9*17^5 + 10*17^6 + 15*17^7 + 3*17^8 + 17^9 + 2*17^10 + 9*17^11 + 2*17^12 + 8*17^13 + 4*17^14 + 14*17^15 + O(17^16) : 1 + O(17^20))
   (7 + 9*17 + 8*17^2 + 9*17^3 + 15*17^4 + 12*17^5 + 9*17^6 + 9*17^7 + 7*17^8 + 15*17^9 + 17^10 + 12*17^11 + 11*17^12 + 12*17^13 + O(17^15) : 13 + 15*17 + 11*17^2 + 11*17^3 + 3*17^4 + 13*17^5 + 13*17^6 + 13*17^8 + 4*17^9 + 12*17^10 + 16*17^11 + 4*17^12 + 11*17^13 + 13*17^14 + O(17^16) : 1 + O(17^20))
   (7 + 9*17 + 8*17^2 + 9*17^3 + 15*17^4 + 12*17^5 + 9*17^6 + 9*17^7 + 7*17^8 + 15*17^9 + 17^10 + 12*17^11 + 11*17^12 + 12*17^13 + O(17^15) : 4 + 17 + 5*17^2 + 5*17^3 + 13*17^4 + 3*17^5 + 3*17^6 + 16*17^7 + 3*17^8 + 12*17^9 + 4*17^10 + 12*17^12 + 5*17^13 + 3*17^14 + 16*17^15 + O(17^16) : 1 + O(17^20))
   (7 + 9*17 + 8*17^2 + 9*17^3 + 16*17^4 + 6*17^5 + 10*17^6 + 11*17^7 + 13*17^8 + 15*17^9 + 3*17^10 + 4*17^12 + 16*17^13 + O(17^15) : 13 + 15*17 + 11*17^2 + 11*17^3 + 3*17^4 + 6*17^5 + 5*17^6 + 15*17^7 + 13*17^8 + 6*17^9 + 3*17^10 + 3*17^11 + 3*17^12 + 17^13 + 7*17^14 + 14*17^15 + O(17^16) : 1 + O(17^20))
   (7 + 9*17 + 8*17^2 + 9*17^3 + 16*17^4 + 6*17^5 + 10*17^6 + 11*17^7 + 13*17^8 + 15*17^9 + 3*17^10 + 4*17^12 + 16*17^13 + O(17^15) : 4 + 17 + 5*17^2 + 5*17^3 + 13*17^4 + 10*17^5 + 11*17^6 + 17^7 + 3*17^8 + 10*17^9 + 13*17^10 + 13*17^11 + 13*17^12 + 15*17^13 + 9*17^14 + 2*17^15 + O(17^16) : 1 + O(17^20))
   (7 + 9*17 + 8*17^2 + 9*17^3 + 17^4 + 6*17^5 + 7*17^6 + 2*17^7 + 13*17^8 + 9*17^9 + 16*17^10 + 10*17^11 + 6*17^12 + 16*17^13 + 9*17^14 + O(17^15) : 13 + 15*17 + 11*17^2 + 11*17^3 + 3*17^4 + 9*17^5 + 13*17^6 + 10*17^8 + 8*17^9 + 4*17^11 + 16*17^12 + 3*17^13 + 12*17^14 + 10*17^15 + O(17^16) : 1 + O(17^20))
   (7 + 9*17 + 8*17^2 + 9*17^3 + 17^4 + 6*17^5 + 7*17^6 + 2*17^7 + 13*17^8 + 9*17^9 + 16*17^10 + 10*17^11 + 6*17^12 + 16*17^13 + 9*17^14 + O(17^15) : 4 + 17 + 5*17^2 + 5*17^3 + 13*17^4 + 7*17^5 + 3*17^6 + 16*17^7 + 6*17^8 + 8*17^9 + 16*17^10 + 12*17^11 + 13*17^13 + 4*17^14 + 6*17^15 + O(17^16) : 1 + O(17^20))
   (7 + 9*17 + 8*17^2 + 9*17^3 + 8*17^4 + 4*17^5 + 6*17^6 + 7*17^7 + 11*17^8 + 16*17^9 + 16*17^10 + 5*17^11 + 12*17^12 + 3*17^13 + 3*17^14 + O(17^15) : 13 + 15*17 + 11*17^2 + 11*17^3 + 3*17^4 + 11*17^5 + 14*17^6 + 11*17^7 + 6*17^8 + 13*17^9 + 6*17^10 + 17^11 + 17^12 + 17^13 + 8*17^14 + O(17^16) : 1 + O(17^20))
   (7 + 9*17 + 8*17^2 + 9*17^3 + 8*17^4 + 4*17^5 + 6*17^6 + 7*17^7 + 11*17^8 + 16*17^9 + 16*17^10 + 5*17^11 + 12*17^12 + 3*17^13 + 3*17^14 + O(17^15) : 4 + 17 + 5*17^2 + 5*17^3 + 13*17^4 + 5*17^5 + 2*17^6 + 5*17^7 + 10*17^8 + 3*17^9 + 10*17^10 + 15*17^11 + 15*17^12 + 15*17^13 + 8*17^14 + 16*17^15 + O(17^16) : 1 + O(17^20))
   (7 + 9*17 + 8*17^2 + 9*17^3 + 9*17^4 + 12*17^5 + 3*17^6 + 5*17^7 + 12*17^8 + 13*17^9 + 6*17^10 + 13*17^11 + 3*17^12 + 2*17^13 + 2*17^14 + O(17^15) : 13 + 15*17 + 11*17^2 + 11*17^3 + 3*17^4 + 4*17^5 + 10*17^6 + 11*17^7 + 3*17^8 + 17^9 + 10*17^10 + 14*17^11 + 5*17^12 + 8*17^13 + 6*17^14 + 10*17^15 + O(17^16) : 1 + O(17^20))
   (7 + 9*17 + 8*17^2 + 9*17^3 + 9*17^4 + 12*17^5 + 3*17^6 + 5*17^7 + 12*17^8 + 13*17^9 + 6*17^10 + 13*17^11 + 3*17^12 + 2*17^13 + 2*17^14 + O(17^15) : 4 + 17 + 5*17^2 + 5*17^3 + 13*17^4 + 12*17^5 + 6*17^6 + 5*17^7 + 13*17^8 + 15*17^9 + 6*17^10 + 2*17^11 + 11*17^12 + 8*17^13 + 10*17^14 + 6*17^15 + O(17^16) : 1 + O(17^20))
   (7*17^-3 + 10*17^-2 + 13*17^-1 + 10 + 16*17 + 10*17^2 + 5*17^3 + 2*17^4 + 11*17^6 + 10*17^7 + 6*17^8 + 5*17^9 + O(17^10) : 14*17^-9 + 5*17^-8 + 15*17^-7 + 5*17^-6 + 2*17^-5 + 4*17^-4 + 16*17^-3 + 5*17^-2 + 15*17^-1 + 6 + 14*17 + 13*17^2 + 14*17^3 + O(17^4) : 1 + O(17^20))
   (7*17^-3 + 10*17^-2 + 13*17^-1 + 10 + 16*17 + 10*17^2 + 5*17^3 + 2*17^4 + 11*17^6 + 10*17^7 + 6*17^8 + 5*17^9 + O(17^10) : 3*17^-9 + 11*17^-8 + 17^-7 + 11*17^-6 + 14*17^-5 + 12*17^-4 + 11*17^-2 + 17^-1 + 10 + 2*17 + 3*17^2 + 2*17^3 + O(17^4) : 1 + O(17^20))
   (7*17^-3 + 15*17^-2 + 15*17^-1 + 14 + 14*17 + 6*17^2 + 3*17^3 + 16*17^4 + 3*17^5 + 15*17^6 + 5*17^7 + 8*17^8 + 10*17^9 + O(17^10) : 14*17^-9 + 17^-8 + 11*17^-7 + 17^-6 + 11*17^-5 + 14*17^-4 + 8*17^-3 + 11*17^-2 + 16*17^-1 + 14 + 13*17^2 + 7*17^3 + O(17^4) : 1 + O(17^20))
   (7*17^-3 + 15*17^-2 + 15*17^-1 + 14 + 14*17 + 6*17^2 + 3*17^3 + 16*17^4 + 3*17^5 + 15*17^6 + 5*17^7 + 8*17^8 + 10*17^9 + O(17^10) : 3*17^-9 + 15*17^-8 + 5*17^-7 + 15*17^-6 + 5*17^-5 + 2*17^-4 + 8*17^-3 + 5*17^-2 + 2 + 16*17 + 3*17^2 + 9*17^3 + O(17^4) : 1 + O(17^20))
   (7*17^-3 + 4*17^-2 + 3*17^-1 + 8 + 13*17 + 2*17^2 + 7*17^3 + 10*17^4 + 3*17^6 + 14*17^7 + 12*17^8 + 16*17^9 + O(17^10) : 14*17^-9 + 3*17^-8 + 3*17^-7 + 10*17^-6 + 12*17^-5 + 3*17^-4 + 13*17^-3 + 14*17^-2 + 6*17^-1 + 15 + 3*17 + 7*17^2 + 14*17^3 + O(17^4) : 1 + O(17^20))
   (7*17^-3 + 4*17^-2 + 3*17^-1 + 8 + 13*17 + 2*17^2 + 7*17^3 + 10*17^4 + 3*17^6 + 14*17^7 + 12*17^8 + 16*17^9 + O(17^10) : 3*17^-9 + 13*17^-8 + 13*17^-7 + 6*17^-6 + 4*17^-5 + 13*17^-4 + 3*17^-3 + 2*17^-2 + 10*17^-1 + 1 + 13*17 + 9*17^2 + 2*17^3 + O(17^4) : 1 + O(17^20))
   (7*17^-3 + 4*17^-2 + 8*17^-1 + 3 + 7*17 + 12*17^2 + 7*17^3 + 16*17^5 + 9*17^6 + 11*17^7 + 14*17^8 + 5*17^9 + O(17^10) : 14*17^-9 + 3*17^-8 + 16*17^-7 + 14*17^-6 + 7*17^-5 + 7*17^-4 + 5*17^-3 + 5*17^-2 + 4*17^-1 + 14*17 + 9*17^2 + 7*17^3 + O(17^4) : 1 + O(17^20))
   (7*17^-3 + 4*17^-2 + 8*17^-1 + 3 + 7*17 + 12*17^2 + 7*17^3 + 16*17^5 + 9*17^6 + 11*17^7 + 14*17^8 + 5*17^9 + O(17^10) : 3*17^-9 + 13*17^-8 + 2*17^-6 + 9*17^-5 + 9*17^-4 + 11*17^-3 + 11*17^-2 + 12*17^-1 + 16 + 2*17 + 7*17^2 + 9*17^3 + O(17^4) : 1 + O(17^20))
   (7*17^-3 + 5*17^-2 + 17^-1 + 16 + 11*17 + 17^2 + 16*17^3 + 3*17^4 + 7*17^5 + 5*17^6 + 8*17^7 + 14*17^8 + 17^9 + O(17^10) : 14*17^-9 + 9*17^-8 + 14*17^-7 + 7*17^-6 + 2*17^-5 + 6*17^-4 + 2*17^-3 + 16*17^-2 + 3*17^-1 + 6 + 4*17 + 8*17^2 + 13*17^3 + O(17^4) : 1 + O(17^20))
   (7*17^-3 + 5*17^-2 + 17^-1 + 16 + 11*17 + 17^2 + 16*17^3 + 3*17^4 + 7*17^5 + 5*17^6 + 8*17^7 + 14*17^8 + 17^9 + O(17^10) : 3*17^-9 + 7*17^-8 + 2*17^-7 + 9*17^-6 + 14*17^-5 + 10*17^-4 + 14*17^-3 + 13*17^-1 + 10 + 12*17 + 8*17^2 + 3*17^3 + O(17^4) : 1 + O(17^20))
   (7*17^-3 + 8*17^-2 + 7 + 2*17^2 + 5*17^3 + 4*17^4 + 6*17^5 + 13*17^7 + 4*17^8 + 2*17^9 + O(17^10) : 14*17^-9 + 10*17^-8 + 13*17^-7 + 7*17^-6 + 3*17^-4 + 12*17^-3 + 9*17^-2 + 7*17^-1 + 11 + 6*17 + 16*17^2 + 14*17^3 + O(17^4) : 1 + O(17^20))
   (7*17^-3 + 8*17^-2 + 7 + 2*17^2 + 5*17^3 + 4*17^4 + 6*17^5 + 13*17^7 + 4*17^8 + 2*17^9 + O(17^10) : 3*17^-9 + 6*17^-8 + 3*17^-7 + 9*17^-6 + 16*17^-5 + 13*17^-4 + 4*17^-3 + 7*17^-2 + 9*17^-1 + 5 + 10*17 + 2*17^3 + O(17^4) : 1 + O(17^20))
   (8 + 16*17 + 16*17^2 + 16*17^3 + 16*17^4 + 16*17^5 + 10*17^6 + 12*17^7 + 2*17^8 + 17^9 + 3*17^10 + 4*17^12 + 5*17^13 + 10*17^14 + 4*17^15 + 11*17^16 + O(17^17) : 16*17^3 + 3*17^4 + 3*17^5 + 6*17^6 + 4*17^7 + 17^8 + 2*17^9 + 10*17^10 + 10*17^11 + 4*17^12 + 2*17^13 + O(17^14) : 1 + O(17^20))
   (8 + 16*17 + 16*17^2 + 16*17^3 + 16*17^4 + 16*17^5 + 10*17^6 + 12*17^7 + 2*17^8 + 17^9 + 3*17^10 + 4*17^12 + 5*17^13 + 10*17^14 + 4*17^15 + 11*17^16 + O(17^17) : 17^3 + 13*17^4 + 13*17^5 + 10*17^6 + 12*17^7 + 15*17^8 + 14*17^9 + 6*17^10 + 6*17^11 + 12*17^12 + 14*17^13 + O(17^14) : 1 + O(17^20))
   (8 + 16*17 + 16*17^2 + 16*17^3 + 16*17^4 + 16*17^5 + 10*17^6 + 12*17^7 + 4*17^8 + 7*17^9 + 6*17^10 + 11*17^11 + 6*17^12 + 14*17^13 + 10*17^14 + 3*17^15 + 12*17^16 + O(17^17) : 16*17^3 + 3*17^4 + 6*17^5 + 15*17^6 + 11*17^7 + 15*17^8 + 17^9 + 12*17^10 + 7*17^11 + 2*17^12 + 9*17^13 + O(17^14) : 1 + O(17^20))
   (8 + 16*17 + 16*17^2 + 16*17^3 + 16*17^4 + 16*17^5 + 10*17^6 + 12*17^7 + 4*17^8 + 7*17^9 + 6*17^10 + 11*17^11 + 6*17^12 + 14*17^13 + 10*17^14 + 3*17^15 + 12*17^16 + O(17^17) : 17^3 + 13*17^4 + 10*17^5 + 17^6 + 5*17^7 + 17^8 + 15*17^9 + 4*17^10 + 9*17^11 + 14*17^12 + 7*17^13 + O(17^14) : 1 + O(17^20))
   (8 + 16*17 + 16*17^2 + 16*17^3 + 16*17^4 + 16*17^5 + 10*17^6 + 12*17^7 + 7*17^8 + 4*17^9 + 16*17^10 + 13*17^11 + 4*17^12 + 6*17^13 + 7*17^14 + 11*17^15 + 3*17^16 + O(17^17) : 16*17^3 + 3*17^4 + 2*17^5 + 11*17^6 + 2*17^7 + 17^8 + 9*17^9 + 8*17^10 + 15*17^11 + 2*17^12 + 6*17^13 + O(17^14) : 1 + O(17^20))
   (8 + 16*17 + 16*17^2 + 16*17^3 + 16*17^4 + 16*17^5 + 10*17^6 + 12*17^7 + 7*17^8 + 4*17^9 + 16*17^10 + 13*17^11 + 4*17^12 + 6*17^13 + 7*17^14 + 11*17^15 + 3*17^16 + O(17^17) : 17^3 + 13*17^4 + 14*17^5 + 5*17^6 + 14*17^7 + 15*17^8 + 7*17^9 + 8*17^10 + 17^11 + 14*17^12 + 10*17^13 + O(17^14) : 1 + O(17^20))
   (8 + 16*17 + 16*17^2 + 16*17^3 + 16*17^4 + 16*17^5 + 10*17^6 + 16*17^7 + 16*17^8 + 5*17^9 + 8*17^10 + 6*17^11 + 11*17^12 + 14*17^13 + 6*17^14 + 16*17^15 + 10*17^16 + O(17^17) : 16*17^3 + 9*17^4 + 8*17^5 + 10*17^6 + 11*17^7 + 8*17^9 + 13*17^10 + 4*17^11 + 2*17^12 + 2*17^13 + O(17^14) : 1 + O(17^20))
   (8 + 16*17 + 16*17^2 + 16*17^3 + 16*17^4 + 16*17^5 + 10*17^6 + 16*17^7 + 16*17^8 + 5*17^9 + 8*17^10 + 6*17^11 + 11*17^12 + 14*17^13 + 6*17^14 + 16*17^15 + 10*17^16 + O(17^17) : 17^3 + 7*17^4 + 8*17^5 + 6*17^6 + 5*17^7 + 16*17^8 + 8*17^9 + 3*17^10 + 12*17^11 + 14*17^12 + 14*17^13 + O(17^14) : 1 + O(17^20))
   (8 + 16*17 + 16*17^2 + 16*17^3 + 16*17^4 + 16*17^5 + 10*17^6 + 4*17^7 + 7*17^9 + 12*17^10 + 6*17^11 + 12*17^12 + 5*17^13 + 15*17^14 + 16*17^15 + 9*17^16 + O(17^17) : 16*17^3 + 8*17^4 + 3*17^5 + 14*17^6 + 16*17^7 + 4*17^8 + 2*17^9 + 15*17^10 + 7*17^11 + 13*17^12 + 4*17^13 + O(17^14) : 1 + O(17^20))
   (8 + 16*17 + 16*17^2 + 16*17^3 + 16*17^4 + 16*17^5 + 10*17^6 + 4*17^7 + 7*17^9 + 12*17^10 + 6*17^11 + 12*17^12 + 5*17^13 + 15*17^14 + 16*17^15 + 9*17^16 + O(17^17) : 17^3 + 8*17^4 + 13*17^5 + 2*17^6 + 12*17^8 + 14*17^9 + 17^10 + 9*17^11 + 3*17^12 + 12*17^13 + O(17^14) : 1 + O(17^20))
   (8 + 16*17 + 16*17^2 + 16*17^3 + 16*17^4 + 16*17^5 + 10*17^6 + 6*17^7 + 2*17^8 + 3*17^9 + 17^10 + 14*17^11 + 8*17^12 + 14*17^13 + 11*17^14 + 11*17^15 + 4*17^16 + O(17^17) : 16*17^3 + 11*17^4 + 2*17^6 + 5*17^7 + 14*17^8 + 8*17^9 + 7*17^10 + 8*17^11 + 9*17^12 + 7*17^13 + O(17^14) : 1 + O(17^20))
   (8 + 16*17 + 16*17^2 + 16*17^3 + 16*17^4 + 16*17^5 + 10*17^6 + 6*17^7 + 2*17^8 + 3*17^9 + 17^10 + 14*17^11 + 8*17^12 + 14*17^13 + 11*17^14 + 11*17^15 + 4*17^16 + O(17^17) : 17^3 + 5*17^4 + 16*17^5 + 14*17^6 + 11*17^7 + 2*17^8 + 8*17^9 + 9*17^10 + 8*17^11 + 7*17^12 + 9*17^13 + O(17^14) : 1 + O(17^20))
   (8 + 16*17 + 16*17^2 + 16*17^3 + 16*17^4 + 16*17^5 + 10*17^6 + 6*17^7 + 2*17^8 + 9*17^9 + 2*17^10 + 12*17^11 + 4*17^12 + 4*17^13 + 4*17^14 + 17^15 + 14*17^16 + O(17^17) : 16*17^3 + 11*17^4 + 11*17^6 + 2*17^7 + 13*17^9 + 11*17^10 + 10*17^11 + 17^12 + 11*17^13 + O(17^14) : 1 + O(17^20))
   (8 + 16*17 + 16*17^2 + 16*17^3 + 16*17^4 + 16*17^5 + 10*17^6 + 6*17^7 + 2*17^8 + 9*17^9 + 2*17^10 + 12*17^11 + 4*17^12 + 4*17^13 + 4*17^14 + 17^15 + 14*17^16 + O(17^17) : 17^3 + 5*17^4 + 16*17^5 + 5*17^6 + 14*17^7 + 16*17^8 + 3*17^9 + 5*17^10 + 6*17^11 + 15*17^12 + 5*17^13 + O(17^14) : 1 + O(17^20))
   (8 + 16*17 + 16*17^2 + 16*17^3 + 16*17^4 + 16*17^5 + 10*17^6 + 9*17^7 + 2*17^8 + 8*17^9 + 3*17^10 + 5*17^11 + 2*17^12 + 8*17^13 + 3*17^14 + 10*17^15 + 13*17^16 + O(17^17) : 16*17^3 + 7*17^4 + 2*17^5 + 14*17^6 + 3*17^7 + 12*17^8 + 2*17^9 + 3*17^10 + 8*17^12 + O(17^14) : 1 + O(17^20))
   (8 + 16*17 + 16*17^2 + 16*17^3 + 16*17^4 + 16*17^5 + 10*17^6 + 9*17^7 + 2*17^8 + 8*17^9 + 3*17^10 + 5*17^11 + 2*17^12 + 8*17^13 + 3*17^14 + 10*17^15 + 13*17^16 + O(17^17) : 17^3 + 9*17^4 + 14*17^5 + 2*17^6 + 13*17^7 + 4*17^8 + 14*17^9 + 13*17^10 + 16*17^11 + 8*17^12 + 16*17^13 + O(17^14) : 1 + O(17^20))
   (8 + 16*17 + 16*17^2 + 16*17^3 + 16*17^4 + 16*17^5 + 10*17^6 + 9*17^7 + 7*17^8 + 5*17^9 + 15*17^10 + 3*17^11 + 7*17^12 + 2*17^13 + 8*17^14 + 10*17^15 + 15*17^16 + O(17^17) : 16*17^3 + 7*17^4 + 17^5 + 6*17^6 + 12*17^7 + 11*17^8 + 17^9 + 6*17^10 + 15*17^11 + 3*17^12 + 13*17^13 + O(17^14) : 1 + O(17^20))
   (8 + 16*17 + 16*17^2 + 16*17^3 + 16*17^4 + 16*17^5 + 10*17^6 + 9*17^7 + 7*17^8 + 5*17^9 + 15*17^10 + 3*17^11 + 7*17^12 + 2*17^13 + 8*17^14 + 10*17^15 + 15*17^16 + O(17^17) : 17^3 + 9*17^4 + 15*17^5 + 10*17^6 + 4*17^7 + 5*17^8 + 15*17^9 + 10*17^10 + 17^11 + 13*17^12 + 3*17^13 + O(17^14) : 1 + O(17^20))
   (8 + 16*17 + 16*17^2 + 16*17^3 + 16*17^4 + 16*17^5 + 11*17^6 + 15*17^7 + 15*17^8 + 11*17^9 + 7*17^10 + 5*17^11 + 12*17^12 + 6*17^13 + 17^14 + 5*17^15 + 11*17^16 + O(17^17) : 10*17^3 + 2*17^4 + 15*17^5 + 6*17^6 + 4*17^9 + 8*17^10 + 14*17^11 + 5*17^12 + 17^13 + O(17^14) : 1 + O(17^20))
   (8 + 16*17 + 16*17^2 + 16*17^3 + 16*17^4 + 16*17^5 + 11*17^6 + 15*17^7 + 15*17^8 + 11*17^9 + 7*17^10 + 5*17^11 + 12*17^12 + 6*17^13 + 17^14 + 5*17^15 + 11*17^16 + O(17^17) : 7*17^3 + 14*17^4 + 17^5 + 10*17^6 + 16*17^7 + 16*17^8 + 12*17^9 + 8*17^10 + 2*17^11 + 11*17^12 + 15*17^13 + O(17^14) : 1 + O(17^20))
   (8 + 16*17 + 16*17^2 + 16*17^3 + 16*17^4 + 16*17^5 + 11*17^6 + 17^7 + 16*17^8 + 10*17^9 + 8*17^10 + 15*17^11 + 9*17^12 + 10*17^13 + 3*17^14 + 15*17^15 + 9*17^16 + O(17^17) : 10*17^3 + 16*17^4 + 11*17^5 + 14*17^6 + 8*17^7 + 8*17^8 + 4*17^9 + 6*17^10 + 10*17^11 + 14*17^12 + 14*17^13 + O(17^14) : 1 + O(17^20))
   (8 + 16*17 + 16*17^2 + 16*17^3 + 16*17^4 + 16*17^5 + 11*17^6 + 17^7 + 16*17^8 + 10*17^9 + 8*17^10 + 15*17^11 + 9*17^12 + 10*17^13 + 3*17^14 + 15*17^15 + 9*17^16 + O(17^17) : 7*17^3 + 5*17^5 + 2*17^6 + 8*17^7 + 8*17^8 + 12*17^9 + 10*17^10 + 6*17^11 + 2*17^12 + 2*17^13 + O(17^14) : 1 + O(17^20))
   (8 + 16*17 + 16*17^2 + 16*17^3 + 16*17^4 + 16*17^5 + 11*17^6 + 3*17^7 + 17^8 + 13*17^9 + 15*17^10 + 3*17^11 + 2*17^12 + 9*17^13 + 11*17^14 + 6*17^15 + 17^16 + O(17^17) : 10*17^3 + 14*17^4 + 15*17^5 + 16*17^6 + 9*17^7 + 9*17^8 + 3*17^9 + 7*17^10 + 10*17^11 + 13*17^12 + 14*17^13 + O(17^14) : 1 + O(17^20))
   (8 + 16*17 + 16*17^2 + 16*17^3 + 16*17^4 + 16*17^5 + 11*17^6 + 3*17^7 + 17^8 + 13*17^9 + 15*17^10 + 3*17^11 + 2*17^12 + 9*17^13 + 11*17^14 + 6*17^15 + 17^16 + O(17^17) : 7*17^3 + 2*17^4 + 17^5 + 7*17^7 + 7*17^8 + 13*17^9 + 9*17^10 + 6*17^11 + 3*17^12 + 2*17^13 + O(17^14) : 1 + O(17^20))
   (8 + 16*17 + 16*17^2 + 16*17^3 + 16*17^4 + 16*17^5 + 11*17^6 + 3*17^7 + 17^8 + 7*17^9 + 14*17^10 + 5*17^11 + 6*17^12 + 2*17^13 + 2*17^14 + 3*17^16 + O(17^17) : 10*17^3 + 14*17^4 + 15*17^5 + 5*17^6 + 14*17^7 + 2*17^8 + 9*17^9 + 16*17^10 + 12*17^11 + 9*17^12 + 14*17^13 + O(17^14) : 1 + O(17^20))
   (8 + 16*17 + 16*17^2 + 16*17^3 + 16*17^4 + 16*17^5 + 11*17^6 + 3*17^7 + 17^8 + 7*17^9 + 14*17^10 + 5*17^11 + 6*17^12 + 2*17^13 + 2*17^14 + 3*17^16 + O(17^17) : 7*17^3 + 2*17^4 + 17^5 + 11*17^6 + 2*17^7 + 14*17^8 + 7*17^9 + 4*17^11 + 7*17^12 + 2*17^13 + O(17^14) : 1 + O(17^20))
   (8 + 16*17 + 16*17^2 + 16*17^3 + 16*17^4 + 16*17^5 + 11*17^6 + 6*17^7 + 17^8 + 12*17^9 + 16*17^10 + 13*17^11 + 16*17^12 + 12*17^13 + 13*17^14 + 14*17^15 + 12*17^16 + O(17^17) : 10*17^3 + 11*17^4 + 2*17^5 + 2*17^6 + 3*17^7 + 10*17^8 + 9*17^9 + 16*17^10 + 12*17^11 + 9*17^12 + 16*17^13 + O(17^14) : 1 + O(17^20))
   (8 + 16*17 + 16*17^2 + 16*17^3 + 16*17^4 + 16*17^5 + 11*17^6 + 6*17^7 + 17^8 + 12*17^9 + 16*17^10 + 13*17^11 + 16*17^12 + 12*17^13 + 13*17^14 + 14*17^15 + 12*17^16 + O(17^17) : 7*17^3 + 5*17^4 + 14*17^5 + 14*17^6 + 13*17^7 + 6*17^8 + 7*17^9 + 4*17^11 + 7*17^12 + O(17^14) : 1 + O(17^20))
   (8 + 16*17 + 16*17^2 + 16*17^3 + 16*17^4 + 16*17^5 + 11*17^6 + 6*17^7 + 6*17^8 + 9*17^9 + 11*17^10 + 12*17^11 + 4*17^12 + 7*17^13 + 17^14 + 3*17^15 + 16*17^16 + O(17^17) : 10*17^3 + 11*17^4 + 14*17^5 + 7*17^7 + 4*17^8 + 15*17^9 + 12*17^10 + 15*17^12 + 2*17^13 + O(17^14) : 1 + O(17^20))
   (8 + 16*17 + 16*17^2 + 16*17^3 + 16*17^4 + 16*17^5 + 11*17^6 + 6*17^7 + 6*17^8 + 9*17^9 + 11*17^10 + 12*17^11 + 4*17^12 + 7*17^13 + 17^14 + 3*17^15 + 16*17^16 + O(17^17) : 7*17^3 + 5*17^4 + 2*17^5 + 16*17^6 + 9*17^7 + 12*17^8 + 17^9 + 4*17^10 + 16*17^11 + 17^12 + 14*17^13 + O(17^14) : 1 + O(17^20))
   (8 + 16*17 + 16*17^2 + 16*17^3 + 16*17^4 + 16*17^5 + 11*17^6 + 6*17^8 + 11*17^9 + 9*17^10 + 9*17^11 + 9*17^12 + 16*17^13 + 13*17^14 + 12*17^15 + 4*17^16 + O(17^17) : 10*17^3 + 17^5 + 17^7 + 8*17^8 + 11*17^9 + 9*17^10 + 16*17^11 + 3*17^12 + 11*17^13 + O(17^14) : 1 + O(17^20))
   (8 + 16*17 + 16*17^2 + 16*17^3 + 16*17^4 + 16*17^5 + 11*17^6 + 6*17^8 + 11*17^9 + 9*17^10 + 9*17^11 + 9*17^12 + 16*17^13 + 13*17^14 + 12*17^15 + 4*17^16 + O(17^17) : 7*17^3 + 16*17^4 + 15*17^5 + 16*17^6 + 15*17^7 + 8*17^8 + 5*17^9 + 7*17^10 + 13*17^12 + 5*17^13 + O(17^14) : 1 + O(17^20))
   (8 + 16*17 + 16*17^2 + 16*17^3 + 16*17^4 + 16*17^5 + 11*17^6 + 9*17^7 + 3*17^8 + 11*17^9 + 2*17^10 + 3*17^11 + 4*17^12 + 2*17^13 + 7*17^14 + 9*17^15 + 11*17^16 + O(17^17) : 10*17^3 + 8*17^4 + 15*17^5 + 10*17^6 + 13*17^7 + 13*17^8 + 10*17^9 + 8*17^10 + 4*17^11 + 17^12 + 11*17^13 + O(17^14) : 1 + O(17^20))
   (8 + 16*17 + 16*17^2 + 16*17^3 + 16*17^4 + 16*17^5 + 11*17^6 + 9*17^7 + 3*17^8 + 11*17^9 + 2*17^10 + 3*17^11 + 4*17^12 + 2*17^13 + 7*17^14 + 9*17^15 + 11*17^16 + O(17^17) : 7*17^3 + 8*17^4 + 17^5 + 6*17^6 + 3*17^7 + 3*17^8 + 6*17^9 + 8*17^10 + 12*17^11 + 15*17^12 + 5*17^13 + O(17^14) : 1 + O(17^20))
   (8 + 16*17 + 16*17^2 + 16*17^3 + 16*17^4 + 16*17^5 + 13*17^6 + 11*17^7 + 3*17^8 + 2*17^9 + 2*17^10 + 10*17^11 + 4*17^12 + 12*17^13 + 12*17^14 + 13*17^15 + O(17^17) : 14*17^3 + 11*17^4 + 7*17^5 + 14*17^6 + 10*17^7 + 12*17^8 + 10*17^9 + 11*17^10 + 15*17^11 + 8*17^12 + O(17^14) : 1 + O(17^20))
   (8 + 16*17 + 16*17^2 + 16*17^3 + 16*17^4 + 16*17^5 + 13*17^6 + 11*17^7 + 3*17^8 + 2*17^9 + 2*17^10 + 10*17^11 + 4*17^12 + 12*17^13 + 12*17^14 + 13*17^15 + O(17^17) : 3*17^3 + 5*17^4 + 9*17^5 + 2*17^6 + 6*17^7 + 4*17^8 + 6*17^9 + 5*17^10 + 17^11 + 8*17^12 + 16*17^13 + O(17^14) : 1 + O(17^20))
   (8 + 16*17 + 16*17^2 + 16*17^3 + 16*17^4 + 16*17^5 + 13*17^6 + 16*17^7 + 10*17^8 + 2*17^9 + 15*17^10 + 14*17^11 + 16*17^12 + 7*17^13 + 10*17^15 + 14*17^16 + O(17^17) : 14*17^3 + 5*17^4 + 10*17^6 + 3*17^7 + 3*17^8 + 5*17^9 + 10*17^10 + 3*17^11 + 8*17^12 + 8*17^13 + O(17^14) : 1 + O(17^20))
   (8 + 16*17 + 16*17^2 + 16*17^3 + 16*17^4 + 16*17^5 + 13*17^6 + 16*17^7 + 10*17^8 + 2*17^9 + 15*17^10 + 14*17^11 + 16*17^12 + 7*17^13 + 10*17^15 + 14*17^16 + O(17^17) : 3*17^3 + 11*17^4 + 16*17^5 + 6*17^6 + 13*17^7 + 13*17^8 + 11*17^9 + 6*17^10 + 13*17^11 + 8*17^12 + 8*17^13 + O(17^14) : 1 + O(17^20))
   (8 + 16*17 + 16*17^2 + 16*17^3 + 16*17^4 + 16*17^5 + 13*17^6 + 3*17^7 + 13*17^8 + 4*17^9 + 15*17^10 + 2*17^11 + 12*17^12 + 11*17^13 + 13*17^14 + 8*17^15 + 7*17^16 + O(17^17) : 14*17^3 + 7*17^4 + 9*17^5 + 6*17^6 + 14*17^7 + 8*17^8 + 2*17^9 + 3*17^10 + 8*17^11 + 2*17^12 + 7*17^13 + O(17^14) : 1 + O(17^20))
   (8 + 16*17 + 16*17^2 + 16*17^3 + 16*17^4 + 16*17^5 + 13*17^6 + 3*17^7 + 13*17^8 + 4*17^9 + 15*17^10 + 2*17^11 + 12*17^12 + 11*17^13 + 13*17^14 + 8*17^15 + 7*17^16 + O(17^17) : 3*17^3 + 9*17^4 + 7*17^5 + 10*17^6 + 2*17^7 + 8*17^8 + 14*17^9 + 13*17^10 + 8*17^11 + 14*17^12 + 9*17^13 + O(17^14) : 1 + O(17^20))
   (8 + 16*17 + 16*17^2 + 16*17^3 + 16*17^4 + 16*17^5 + 13*17^6 + 8*17^7 + 15*17^8 + 5*17^9 + 6*17^10 + 17^11 + 2*17^12 + 14*17^13 + 16*17^14 + 9*17^15 + 4*17^16 + O(17^17) : 14*17^3 + 17^4 + 16*17^5 + 4*17^6 + 5*17^7 + 12*17^8 + 13*17^9 + 7*17^10 + 6*17^12 + 14*17^13 + O(17^14) : 1 + O(17^20))
   (8 + 16*17 + 16*17^2 + 16*17^3 + 16*17^4 + 16*17^5 + 13*17^6 + 8*17^7 + 15*17^8 + 5*17^9 + 6*17^10 + 17^11 + 2*17^12 + 14*17^13 + 16*17^14 + 9*17^15 + 4*17^16 + O(17^17) : 3*17^3 + 15*17^4 + 12*17^6 + 11*17^7 + 4*17^8 + 3*17^9 + 9*17^10 + 16*17^11 + 10*17^12 + 2*17^13 + O(17^14) : 1 + O(17^20))
   (8 + 16*17 + 16*17^2 + 16*17^3 + 16*17^4 + 16*17^5 + 13*17^6 + 9*17^7 + 13*17^8 + 2*17^9 + 6*17^11 + 7*17^12 + 2*17^13 + 13*17^14 + 15*17^15 + 12*17^16 + O(17^17) : 14*17^3 + 10*17^4 + 15*17^5 + 16*17^6 + 12*17^7 + 10*17^9 + 9*17^10 + 17^11 + 3*17^12 + 13*17^13 + O(17^14) : 1 + O(17^20))
   (8 + 16*17 + 16*17^2 + 16*17^3 + 16*17^4 + 16*17^5 + 13*17^6 + 9*17^7 + 13*17^8 + 2*17^9 + 6*17^11 + 7*17^12 + 2*17^13 + 13*17^14 + 15*17^15 + 12*17^16 + O(17^17) : 3*17^3 + 6*17^4 + 17^5 + 4*17^7 + 16*17^8 + 6*17^9 + 7*17^10 + 15*17^11 + 13*17^12 + 3*17^13 + O(17^14) : 1 + O(17^20))
   (8 + 16*17 + 16*17^2 + 16*17^3 + 16*17^4 + 16*17^5 + 16*17^6 + 16*17^7 + 6*17^8 + 16*17^9 + 8*17^10 + 4*17^11 + 11*17^12 + 4*17^13 + 15*17^14 + 8*17^16 + O(17^17) : 8*17^4 + 3*17^5 + 3*17^6 + 7*17^7 + 8*17^8 + 8*17^9 + 11*17^10 + 6*17^11 + 7*17^12 + O(17^13) : 1 + O(17^20))
   (8 + 16*17 + 16*17^2 + 16*17^3 + 16*17^4 + 16*17^5 + 16*17^6 + 16*17^7 + 6*17^8 + 16*17^9 + 8*17^10 + 4*17^11 + 11*17^12 + 4*17^13 + 15*17^14 + 8*17^16 + O(17^17) : 9*17^4 + 13*17^5 + 13*17^6 + 9*17^7 + 8*17^8 + 8*17^9 + 5*17^10 + 10*17^11 + 9*17^12 + O(17^13) : 1 + O(17^20))
   (8 + 16*17 + 16*17^2 + 16*17^3 + 16*17^4 + 16*17^5 + 2*17^6 + 12*17^7 + 7*17^8 + 15*17^9 + 9*17^10 + 5*17^11 + 6*17^12 + 11*17^13 + 9*17^14 + 16*17^15 + 4*17^16 + O(17^17) : 12*17^3 + 6*17^4 + 11*17^5 + 13*17^6 + 10*17^7 + 15*17^8 + 16*17^9 + 17^10 + 11*17^11 + 12*17^12 + 15*17^13 + O(17^14) : 1 + O(17^20))
   (8 + 16*17 + 16*17^2 + 16*17^3 + 16*17^4 + 16*17^5 + 2*17^6 + 12*17^7 + 7*17^8 + 15*17^9 + 9*17^10 + 5*17^11 + 6*17^12 + 11*17^13 + 9*17^14 + 16*17^15 + 4*17^16 + O(17^17) : 5*17^3 + 10*17^4 + 5*17^5 + 3*17^6 + 6*17^7 + 17^8 + 15*17^10 + 5*17^11 + 4*17^12 + 17^13 + O(17^14) : 1 + O(17^20))
   (8 + 16*17 + 16*17^2 + 16*17^3 + 16*17^4 + 16*17^5 + 2*17^6 + 16*17^7 + 12*17^8 + 14*17^9 + 2*17^10 + 13*17^11 + 16*17^12 + 6*17^13 + 9*17^14 + 5*17^15 + 8*17^16 + O(17^17) : 12*17^3 + 14*17^4 + 13*17^5 + 13*17^6 + 6*17^7 + 16*17^8 + 14*17^10 + 16*17^11 + 7*17^12 + 10*17^13 + O(17^14) : 1 + O(17^20))
   (8 + 16*17 + 16*17^2 + 16*17^3 + 16*17^4 + 16*17^5 + 2*17^6 + 16*17^7 + 12*17^8 + 14*17^9 + 2*17^10 + 13*17^11 + 16*17^12 + 6*17^13 + 9*17^14 + 5*17^15 + 8*17^16 + O(17^17) : 5*17^3 + 2*17^4 + 3*17^5 + 3*17^6 + 10*17^7 + 16*17^9 + 2*17^10 + 9*17^12 + 6*17^13 + O(17^14) : 1 + O(17^20))
   (8 + 16*17 + 16*17^2 + 16*17^3 + 16*17^4 + 16*17^5 + 2*17^6 + 16*17^7 + 12*17^8 + 3*17^9 + 4*17^10 + 11*17^11 + 12*17^12 + 13*17^13 + 17^14 + 12*17^15 + 3*17^16 + O(17^17) : 12*17^3 + 14*17^4 + 13*17^5 + 8*17^6 + 10*17^7 + 3*17^9 + 4*17^10 + 11*17^11 + 10*17^12 + 15*17^13 + O(17^14) : 1 + O(17^20))
   (8 + 16*17 + 16*17^2 + 16*17^3 + 16*17^4 + 16*17^5 + 2*17^6 + 16*17^7 + 12*17^8 + 3*17^9 + 4*17^10 + 11*17^11 + 12*17^12 + 13*17^13 + 17^14 + 12*17^15 + 3*17^16 + O(17^17) : 5*17^3 + 2*17^4 + 3*17^5 + 8*17^6 + 6*17^7 + 16*17^8 + 13*17^9 + 12*17^10 + 5*17^11 + 6*17^12 + 17^13 + O(17^14) : 1 + O(17^20))
   (8 + 16*17 + 16*17^2 + 16*17^3 + 16*17^4 + 16*17^5 + 2*17^6 + 16*17^7 + 2*17^8 + 14*17^9 + 11*17^10 + 11*17^12 + 11*17^13 + 7*17^14 + 10*17^15 + 12*17^16 + O(17^17) : 12*17^3 + 14*17^4 + 10*17^5 + 16*17^6 + 15*17^7 + 7*17^8 + 10*17^9 + 15*17^10 + 17^11 + 11*17^12 + 6*17^13 + O(17^14) : 1 + O(17^20))
   (8 + 16*17 + 16*17^2 + 16*17^3 + 16*17^4 + 16*17^5 + 2*17^6 + 16*17^7 + 2*17^8 + 14*17^9 + 11*17^10 + 11*17^12 + 11*17^13 + 7*17^14 + 10*17^15 + 12*17^16 + O(17^17) : 5*17^3 + 2*17^4 + 6*17^5 + 17^7 + 9*17^8 + 6*17^9 + 17^10 + 15*17^11 + 5*17^12 + 10*17^13 + O(17^14) : 1 + O(17^20))
   (8 + 16*17 + 16*17^2 + 16*17^3 + 16*17^4 + 16*17^5 + 2*17^6 + 17^7 + 3*17^8 + 3*17^9 + 6*17^10 + 15*17^11 + 9*17^12 + 6*17^13 + 13*17^14 + 11*17^15 + 11*17^16 + O(17^17) : 12*17^3 + 17^4 + 5*17^5 + 12*17^6 + 3*17^7 + 10*17^8 + 11*17^9 + 11*17^10 + 14*17^11 + 11*17^12 + 10*17^13 + O(17^14) : 1 + O(17^20))
   (8 + 16*17 + 16*17^2 + 16*17^3 + 16*17^4 + 16*17^5 + 2*17^6 + 17^7 + 3*17^8 + 3*17^9 + 6*17^10 + 15*17^11 + 9*17^12 + 6*17^13 + 13*17^14 + 11*17^15 + 11*17^16 + O(17^17) : 5*17^3 + 15*17^4 + 11*17^5 + 4*17^6 + 13*17^7 + 6*17^8 + 5*17^9 + 5*17^10 + 2*17^11 + 5*17^12 + 6*17^13 + O(17^14) : 1 + O(17^20))
   (8 + 16*17 + 16*17^2 + 16*17^3 + 16*17^4 + 16*17^5 + 2*17^6 + 17^7 + 8*17^8 + 13*17^9 + 11*17^10 + 8*17^11 + 17^12 + 2*17^13 + 11*17^14 + 16*17^15 + O(17^17) : 12*17^3 + 17^4 + 15*17^5 + 4*17^6 + 6*17^7 + 13*17^8 + 14*17^9 + 5*17^10 + 3*17^11 + 3*17^12 + 5*17^13 + O(17^14) : 1 + O(17^20))
   (8 + 16*17 + 16*17^2 + 16*17^3 + 16*17^4 + 16*17^5 + 2*17^6 + 17^7 + 8*17^8 + 13*17^9 + 11*17^10 + 8*17^11 + 17^12 + 2*17^13 + 11*17^14 + 16*17^15 + O(17^17) : 5*17^3 + 15*17^4 + 17^5 + 12*17^6 + 10*17^7 + 3*17^8 + 2*17^9 + 11*17^10 + 13*17^11 + 13*17^12 + 11*17^13 + O(17^14) : 1 + O(17^20))
   (8 + 16*17 + 16*17^2 + 16*17^3 + 16*17^4 + 16*17^5 + 2*17^6 + 2*17^7 + 13*17^8 + 2*17^9 + 5*17^10 + 4*17^11 + 10*17^12 + 11*17^14 + 2*17^15 + 3*17^16 + O(17^17) : 12*17^3 + 3*17^4 + 13*17^5 + 5*17^6 + 4*17^7 + 4*17^8 + 3*17^10 + 7*17^11 + 16*17^12 + 15*17^13 + O(17^14) : 1 + O(17^20))
   (8 + 16*17 + 16*17^2 + 16*17^3 + 16*17^4 + 16*17^5 + 2*17^6 + 2*17^7 + 13*17^8 + 2*17^9 + 5*17^10 + 4*17^11 + 10*17^12 + 11*17^14 + 2*17^15 + 3*17^16 + O(17^17) : 5*17^3 + 13*17^4 + 3*17^5 + 11*17^6 + 12*17^7 + 12*17^8 + 16*17^9 + 13*17^10 + 9*17^11 + 17^13 + O(17^14) : 1 + O(17^20))
   (8 + 16*17 + 16*17^2 + 16*17^3 + 16*17^4 + 16*17^5 + 2*17^6 + 9*17^7 + 5*17^8 + 16*17^9 + 6*17^10 + 16*17^11 + 17^12 + 5*17^13 + 9*17^14 + 2*17^15 + 11*17^16 + O(17^17) : 12*17^3 + 17^5 + 6*17^6 + 16*17^7 + 7*17^8 + 12*17^9 + 8*17^10 + 17^11 + 14*17^12 + O(17^14) : 1 + O(17^20))
   (8 + 16*17 + 16*17^2 + 16*17^3 + 16*17^4 + 16*17^5 + 2*17^6 + 9*17^7 + 5*17^8 + 16*17^9 + 6*17^10 + 16*17^11 + 17^12 + 5*17^13 + 9*17^14 + 2*17^15 + 11*17^16 + O(17^17) : 5*17^3 + 16*17^4 + 15*17^5 + 10*17^6 + 9*17^8 + 4*17^9 + 8*17^10 + 15*17^11 + 2*17^12 + 16*17^13 + O(17^14) : 1 + O(17^20))
   (8 + 16*17 + 16*17^2 + 16*17^3 + 16*17^4 + 16*17^5 + 4*17^6 + 11*17^7 + 12*17^8 + 6*17^9 + 15*17^10 + 10*17^11 + 13*17^12 + 17^13 + 14*17^14 + 9*17^15 + 8*17^16 + O(17^17) : 11*17^3 + 14*17^4 + 8*17^5 + 4*17^6 + 7*17^7 + 8*17^8 + 13*17^9 + 6*17^10 + 7*17^11 + 2*17^12 + 7*17^13 + O(17^14) : 1 + O(17^20))
   (8 + 16*17 + 16*17^2 + 16*17^3 + 16*17^4 + 16*17^5 + 4*17^6 + 11*17^7 + 12*17^8 + 6*17^9 + 15*17^10 + 10*17^11 + 13*17^12 + 17^13 + 14*17^14 + 9*17^15 + 8*17^16 + O(17^17) : 6*17^3 + 2*17^4 + 8*17^5 + 12*17^6 + 9*17^7 + 8*17^8 + 3*17^9 + 10*17^10 + 9*17^11 + 14*17^12 + 9*17^13 + O(17^14) : 1 + O(17^20))
   (8 + 16*17 + 16*17^2 + 16*17^3 + 16*17^4 + 16*17^5 + 4*17^6 + 12*17^7 + 7*17^8 + 6*17^9 + 16*17^10 + 12*17^11 + 3*17^12 + 15*17^13 + 4*17^14 + 5*17^15 + 10*17^16 + O(17^17) : 11*17^3 + 10*17^4 + 3*17^5 + 6*17^6 + 11*17^7 + 5*17^8 + 10*17^9 + 8*17^10 + 12*17^11 + 4*17^12 + 8*17^13 + O(17^14) : 1 + O(17^20))
   (8 + 16*17 + 16*17^2 + 16*17^3 + 16*17^4 + 16*17^5 + 4*17^6 + 12*17^7 + 7*17^8 + 6*17^9 + 16*17^10 + 12*17^11 + 3*17^12 + 15*17^13 + 4*17^14 + 5*17^15 + 10*17^16 + O(17^17) : 6*17^3 + 6*17^4 + 13*17^5 + 10*17^6 + 5*17^7 + 11*17^8 + 6*17^9 + 8*17^10 + 4*17^11 + 12*17^12 + 8*17^13 + O(17^14) : 1 + O(17^20))
   (8 + 16*17 + 16*17^2 + 16*17^3 + 16*17^4 + 16*17^5 + 4*17^6 + 15*17^7 + 7*17^8 + 5*17^9 + 6*17^11 + 17^12 + 2*17^13 + 3*17^14 + 7*17^16 + O(17^17) : 11*17^3 + 15*17^4 + 11*17^5 + 7*17^6 + 14*17^7 + 12*17^8 + 6*17^9 + 16*17^10 + 4*17^11 + 8*17^12 + 8*17^13 + O(17^14) : 1 + O(17^20))
   (8 + 16*17 + 16*17^2 + 16*17^3 + 16*17^4 + 16*17^5 + 4*17^6 + 15*17^7 + 7*17^8 + 5*17^9 + 6*17^11 + 17^12 + 2*17^13 + 3*17^14 + 7*17^16 + O(17^17) : 6*17^3 + 17^4 + 5*17^5 + 9*17^6 + 2*17^7 + 4*17^8 + 10*17^9 + 12*17^11 + 8*17^12 + 8*17^13 + O(17^14) : 1 + O(17^20))
   (8 + 16*17 + 16*17^2 + 16*17^3 + 16*17^4 + 16*17^5 + 4*17^6 + 3*17^7 + 3*17^8 + 7*17^9 + 16*17^10 + 16*17^11 + 13*17^12 + 16*17^13 + 13*17^14 + 3*17^15 + O(17^17) : 11*17^3 + 12*17^4 + 2*17^5 + 11*17^6 + 12*17^7 + 2*17^8 + 10*17^9 + 4*17^10 + 14*17^11 + 7*17^12 + 6*17^13 + O(17^14) : 1 + O(17^20))
   (8 + 16*17 + 16*17^2 + 16*17^3 + 16*17^4 + 16*17^5 + 4*17^6 + 3*17^7 + 3*17^8 + 7*17^9 + 16*17^10 + 16*17^11 + 13*17^12 + 16*17^13 + 13*17^14 + 3*17^15 + O(17^17) : 6*17^3 + 4*17^4 + 14*17^5 + 5*17^6 + 4*17^7 + 14*17^8 + 6*17^9 + 12*17^10 + 2*17^11 + 9*17^12 + 10*17^13 + O(17^14) : 1 + O(17^20))
   (8 + 16*17 + 16*17^2 + 16*17^3 + 16*17^4 + 16*17^5 + 4*17^6 + 3*17^8 + 8*17^9 + 15*17^10 + 6*17^11 + 16*17^12 + 12*17^13 + 15*17^14 + 10*17^15 + 11*17^16 + O(17^17) : 11*17^3 + 7*17^4 + 5*17^5 + 13*17^6 + 7*17^7 + 12*17^8 + 2*17^9 + 12*17^10 + 2*17^11 + 6*17^12 + 14*17^13 + O(17^14) : 1 + O(17^20))
   (8 + 16*17 + 16*17^2 + 16*17^3 + 16*17^4 + 16*17^5 + 4*17^6 + 3*17^8 + 8*17^9 + 15*17^10 + 6*17^11 + 16*17^12 + 12*17^13 + 15*17^14 + 10*17^15 + 11*17^16 + O(17^17) : 6*17^3 + 9*17^4 + 11*17^5 + 3*17^6 + 9*17^7 + 4*17^8 + 14*17^9 + 4*17^10 + 14*17^11 + 10*17^12 + 2*17^13 + O(17^14) : 1 + O(17^20))
   (8 + 16*17 + 16*17^2 + 16*17^3 + 16*17^4 + 16*17^5 + 4*17^6 + 4*17^7 + 10*17^8 + 13*17^9 + 11*17^10 + 8*17^11 + 12*17^12 + 7*17^14 + 10*17^15 + 10*17^16 + O(17^17) : 11*17^3 + 8*17^4 + 7*17^5 + 3*17^6 + 15*17^7 + 5*17^8 + 10*17^9 + 4*17^10 + 14*17^11 + 3*17^12 + 2*17^13 + O(17^14) : 1 + O(17^20))
   (8 + 16*17 + 16*17^2 + 16*17^3 + 16*17^4 + 16*17^5 + 4*17^6 + 4*17^7 + 10*17^8 + 13*17^9 + 11*17^10 + 8*17^11 + 12*17^12 + 7*17^14 + 10*17^15 + 10*17^16 + O(17^17) : 6*17^3 + 8*17^4 + 9*17^5 + 13*17^6 + 17^7 + 11*17^8 + 6*17^9 + 12*17^10 + 2*17^11 + 13*17^12 + 14*17^13 + O(17^14) : 1 + O(17^20))
   (8 + 16*17 + 16*17^2 + 16*17^3 + 16*17^4 + 16*17^5 + 4*17^6 + 6*17^7 + 5*17^8 + 6*17^9 + 2*17^10 + 6*17^11 + 17^12 + 6*17^13 + 3*17^14 + 3*17^15 + 11*17^16 + O(17^17) : 11*17^3 + 16*17^5 + 4*17^6 + 6*17^7 + 14*17^8 + 5*17^9 + 4*17^10 + 6*17^11 + 8*17^12 + 7*17^13 + O(17^14) : 1 + O(17^20))
   (8 + 16*17 + 16*17^2 + 16*17^3 + 16*17^4 + 16*17^5 + 4*17^6 + 6*17^7 + 5*17^8 + 6*17^9 + 2*17^10 + 6*17^11 + 17^12 + 6*17^13 + 3*17^14 + 3*17^15 + 11*17^16 + O(17^17) : 6*17^3 + 16*17^4 + 12*17^6 + 10*17^7 + 2*17^8 + 11*17^9 + 12*17^10 + 10*17^11 + 8*17^12 + 9*17^13 + O(17^14) : 1 + O(17^20))
   (8 + 16*17 + 16*17^2 + 16*17^3 + 16*17^4 + 16*17^5 + 5*17^6 + 12*17^7 + 6*17^8 + 9*17^9 + 13*17^10 + 14*17^11 + 15*17^12 + 4*17^14 + 16*17^15 + 14*17^16 + O(17^17) : 13*17^3 + 16*17^4 + 13*17^5 + 5*17^6 + 3*17^7 + 11*17^8 + 7*17^9 + 7*17^10 + 13*17^11 + 8*17^12 + 12*17^13 + O(17^14) : 1 + O(17^20))
   (8 + 16*17 + 16*17^2 + 16*17^3 + 16*17^4 + 16*17^5 + 5*17^6 + 12*17^7 + 6*17^8 + 9*17^9 + 13*17^10 + 14*17^11 + 15*17^12 + 4*17^14 + 16*17^15 + 14*17^16 + O(17^17) : 4*17^3 + 3*17^5 + 11*17^6 + 13*17^7 + 5*17^8 + 9*17^9 + 9*17^10 + 3*17^11 + 8*17^12 + 4*17^13 + O(17^14) : 1 + O(17^20))
   (8 + 16*17 + 16*17^2 + 16*17^3 + 16*17^4 + 16*17^5 + 5*17^6 + 14*17^7 + 17^8 + 12*17^9 + 11*17^10 + 15*17^11 + 13*17^12 + 11*17^13 + 17^14 + 10*17^15 + 15*17^16 + O(17^17) : 13*17^3 + 4*17^4 + 12*17^5 + 11*17^6 + 2*17^7 + 9*17^8 + 5*17^9 + 7*17^10 + 12*17^11 + 5*17^12 + 13*17^13 + O(17^14) : 1 + O(17^20))
   (8 + 16*17 + 16*17^2 + 16*17^3 + 16*17^4 + 16*17^5 + 5*17^6 + 14*17^7 + 17^8 + 12*17^9 + 11*17^10 + 15*17^11 + 13*17^12 + 11*17^13 + 17^14 + 10*17^15 + 15*17^16 + O(17^17) : 4*17^3 + 12*17^4 + 4*17^5 + 5*17^6 + 14*17^7 + 7*17^8 + 11*17^9 + 9*17^10 + 4*17^11 + 11*17^12 + 3*17^13 + O(17^14) : 1 + O(17^20))
   (8 + 16*17 + 16*17^2 + 16*17^3 + 16*17^4 + 16*17^5 + 5*17^6 + 17^7 + 9*17^8 + 8*17^10 + 10*17^12 + 16*17^13 + 13*17^14 + 9*17^15 + 6*17^16 + O(17^17) : 13*17^3 + 14*17^4 + 14*17^5 + 10*17^6 + 12*17^8 + 17^9 + 17^10 + 10*17^11 + 16*17^12 + 3*17^13 + O(17^14) : 1 + O(17^20))
   (8 + 16*17 + 16*17^2 + 16*17^3 + 16*17^4 + 16*17^5 + 5*17^6 + 17^7 + 9*17^8 + 8*17^10 + 10*17^12 + 16*17^13 + 13*17^14 + 9*17^15 + 6*17^16 + O(17^17) : 4*17^3 + 2*17^4 + 2*17^5 + 6*17^6 + 16*17^7 + 4*17^8 + 15*17^9 + 15*17^10 + 6*17^11 + 13*17^13 + O(17^14) : 1 + O(17^20))
   (8 + 16*17 + 16*17^2 + 16*17^3 + 16*17^4 + 16*17^5 + 5*17^6 + 5*17^7 + 11*17^8 + 11*17^9 + 10*17^10 + 9*17^11 + 13*17^12 + 13*17^13 + 9*17^14 + 4*17^15 + 2*17^16 + O(17^17) : 13*17^3 + 7*17^4 + 4*17^5 + 7*17^6 + 9*17^7 + 6*17^8 + 12*17^9 + 16*17^10 + 17^11 + 12*17^12 + 10*17^13 + O(17^14) : 1 + O(17^20))
   (8 + 16*17 + 16*17^2 + 16*17^3 + 16*17^4 + 16*17^5 + 5*17^6 + 5*17^7 + 11*17^8 + 11*17^9 + 10*17^10 + 9*17^11 + 13*17^12 + 13*17^13 + 9*17^14 + 4*17^15 + 2*17^16 + O(17^17) : 4*17^3 + 9*17^4 + 12*17^5 + 9*17^6 + 7*17^7 + 10*17^8 + 4*17^9 + 15*17^11 + 4*17^12 + 6*17^13 + O(17^14) : 1 + O(17^20))
   (8 + 16*17 + 16*17^2 + 16*17^3 + 16*17^4 + 16*17^5 + 5*17^6 + 6*17^7 + 6*17^8 + 13*17^10 + 9*17^11 + 16*17^12 + 16*17^13 + 10*17^14 + 9*17^15 + 17^16 + O(17^17) : 13*17^3 + 17^4 + 2*17^5 + 10*17^6 + 15*17^7 + 7*17^8 + 15*17^9 + 13*17^10 + 3*17^11 + 7*17^12 + 9*17^13 + O(17^14) : 1 + O(17^20))
   (8 + 16*17 + 16*17^2 + 16*17^3 + 16*17^4 + 16*17^5 + 5*17^6 + 6*17^7 + 6*17^8 + 13*17^10 + 9*17^11 + 16*17^12 + 16*17^13 + 10*17^14 + 9*17^15 + 17^16 + O(17^17) : 4*17^3 + 15*17^4 + 14*17^5 + 6*17^6 + 17^7 + 9*17^8 + 17^9 + 3*17^10 + 13*17^11 + 9*17^12 + 7*17^13 + O(17^14) : 1 + O(17^20))
   (8 + 16*17 + 16*17^2 + 16*17^3 + 16*17^4 + 16*17^5 + 5*17^6 + 8*17^7 + 11*17^8 + 10*17^9 + 11*17^10 + 2*17^11 + 11*17^12 + 11*17^14 + 3*17^15 + 10*17^16 + O(17^17) : 13*17^3 + 6*17^4 + 2*17^5 + 2*17^6 + 8*17^7 + 15*17^8 + 7*17^10 + 15*17^12 + 12*17^13 + O(17^14) : 1 + O(17^20))
   (8 + 16*17 + 16*17^2 + 16*17^3 + 16*17^4 + 16*17^5 + 5*17^6 + 8*17^7 + 11*17^8 + 10*17^9 + 11*17^10 + 2*17^11 + 11*17^12 + 11*17^14 + 3*17^15 + 10*17^16 + O(17^17) : 4*17^3 + 10*17^4 + 14*17^5 + 14*17^6 + 8*17^7 + 17^8 + 16*17^9 + 9*17^10 + 16*17^11 + 17^12 + 4*17^13 + O(17^14) : 1 + O(17^20))
   (8 + 16*17 + 16*17^2 + 16*17^3 + 16*17^4 + 16*17^5 + 5*17^6 + 8*17^7 + 17^8 + 14*17^9 + 9*17^10 + 12*17^11 + 17^12 + 4*17^13 + 16*17^14 + 17^15 + 3*17^16 + O(17^17) : 13*17^3 + 6*17^4 + 11*17^5 + 8*17^6 + 14*17^7 + 16*17^8 + 4*17^9 + 17^10 + 16*17^11 + 15*17^12 + 4*17^13 + O(17^14) : 1 + O(17^20))
   (8 + 16*17 + 16*17^2 + 16*17^3 + 16*17^4 + 16*17^5 + 5*17^6 + 8*17^7 + 17^8 + 14*17^9 + 9*17^10 + 12*17^11 + 17^12 + 4*17^13 + 16*17^14 + 17^15 + 3*17^16 + O(17^17) : 4*17^3 + 10*17^4 + 5*17^5 + 8*17^6 + 2*17^7 + 12*17^9 + 15*17^10 + 17^12 + 12*17^13 + O(17^14) : 1 + O(17^20))
   (8 + 16*17 + 16*17^2 + 16*17^3 + 16*17^4 + 16*17^5 + 5*17^6 + 9*17^7 + 6*17^8 + 10*17^9 + 12*17^10 + 4*17^11 + 17^12 + 14*17^13 + 2*17^14 + 5*17^15 + 6*17^16 + O(17^17) : 13*17^3 + 10*17^5 + 4*17^6 + 11*17^7 + 11*17^8 + 10*17^9 + 12*17^10 + 7*17^11 + 2*17^12 + 3*17^13 + O(17^14) : 1 + O(17^20))
   (8 + 16*17 + 16*17^2 + 16*17^3 + 16*17^4 + 16*17^5 + 5*17^6 + 9*17^7 + 6*17^8 + 10*17^9 + 12*17^10 + 4*17^11 + 17^12 + 14*17^13 + 2*17^14 + 5*17^15 + 6*17^16 + O(17^17) : 4*17^3 + 16*17^4 + 6*17^5 + 12*17^6 + 5*17^7 + 5*17^8 + 6*17^9 + 4*17^10 + 9*17^11 + 14*17^12 + 13*17^13 + O(17^14) : 1 + O(17^20))
   (8 + 16*17 + 16*17^2 + 16*17^3 + 16*17^4 + 16*17^5 + 6*17^6 + 16*17^7 + 9*17^8 + 5*17^9 + 7*17^10 + 6*17^11 + 9*17^12 + 16*17^13 + 16*17^14 + 14*17^15 + 17^16 + O(17^17) : 8*17^3 + 3*17^4 + 6*17^5 + 2*17^6 + 5*17^9 + 15*17^10 + 11*17^11 + 2*17^12 + 9*17^13 + O(17^14) : 1 + O(17^20))
   (8 + 16*17 + 16*17^2 + 16*17^3 + 16*17^4 + 16*17^5 + 6*17^6 + 16*17^7 + 9*17^8 + 5*17^9 + 7*17^10 + 6*17^11 + 9*17^12 + 16*17^13 + 16*17^14 + 14*17^15 + 17^16 + O(17^17) : 9*17^3 + 13*17^4 + 10*17^5 + 14*17^6 + 16*17^7 + 16*17^8 + 11*17^9 + 17^10 + 5*17^11 + 14*17^12 + 7*17^13 + O(17^14) : 1 + O(17^20))
   (8 + 16*17 + 16*17^2 + 16*17^3 + 16*17^4 + 16*17^5 + 6*17^6 + 2*17^7 + 10*17^8 + 15*17^9 + 6*17^10 + 17^11 + 11*17^12 + 13*17^13 + 11*17^14 + 14*17^15 + 11*17^16 + O(17^17) : 8*17^3 + 12*17^4 + 12*17^5 + 8*17^6 + 6*17^7 + 3*17^8 + 8*17^9 + 16*17^10 + 4*17^11 + 2*17^12 + 3*17^13 + O(17^14) : 1 + O(17^20))
   (8 + 16*17 + 16*17^2 + 16*17^3 + 16*17^4 + 16*17^5 + 6*17^6 + 2*17^7 + 10*17^8 + 15*17^9 + 6*17^10 + 17^11 + 11*17^12 + 13*17^13 + 11*17^14 + 14*17^15 + 11*17^16 + O(17^17) : 9*17^3 + 4*17^4 + 4*17^5 + 8*17^6 + 10*17^7 + 13*17^8 + 8*17^9 + 12*17^11 + 14*17^12 + 13*17^13 + O(17^14) : 1 + O(17^20))
   (8 + 16*17 + 16*17^2 + 16*17^3 + 16*17^4 + 16*17^5 + 6*17^6 + 3*17^7 + 5*17^8 + 4*17^9 + 9*17^10 + 17^11 + 14*17^12 + 16*17^13 + 13*17^14 + 8*17^15 + 11*17^16 + O(17^17) : 8*17^3 + 15*17^4 + 17^5 + 14*17^6 + 14*17^7 + 5*17^8 + 17^9 + 4*17^10 + 17^11 + 3*17^12 + 8*17^13 + O(17^14) : 1 + O(17^20))
   (8 + 16*17 + 16*17^2 + 16*17^3 + 16*17^4 + 16*17^5 + 6*17^6 + 3*17^7 + 5*17^8 + 4*17^9 + 9*17^10 + 17^11 + 14*17^12 + 16*17^13 + 13*17^14 + 8*17^15 + 11*17^16 + O(17^17) : 9*17^3 + 17^4 + 15*17^5 + 2*17^6 + 2*17^7 + 11*17^8 + 15*17^9 + 12*17^10 + 15*17^11 + 13*17^12 + 8*17^13 + O(17^14) : 1 + O(17^20))
   (8 + 16*17 + 16*17^2 + 16*17^3 + 16*17^4 + 16*17^5 + 6*17^6 + 5*17^7 + 10*17^8 + 14*17^9 + 7*17^10 + 11*17^11 + 8*17^12 + 16*17^14 + 12*17^15 + 14*17^16 + O(17^17) : 8*17^3 + 4*17^4 + 11*17^5 + 16*17^6 + 2*17^7 + 13*17^8 + 10*17^9 + 15*17^10 + 11*17^11 + 4*17^12 + 13*17^13 + O(17^14) : 1 + O(17^20))
   (8 + 16*17 + 16*17^2 + 16*17^3 + 16*17^4 + 16*17^5 + 6*17^6 + 5*17^7 + 10*17^8 + 14*17^9 + 7*17^10 + 11*17^11 + 8*17^12 + 16*17^14 + 12*17^15 + 14*17^16 + O(17^17) : 9*17^3 + 12*17^4 + 5*17^5 + 14*17^7 + 3*17^8 + 6*17^9 + 17^10 + 5*17^11 + 12*17^12 + 3*17^13 + O(17^14) : 1 + O(17^20))
   (8 + 16*17 + 16*17^2 + 16*17^3 + 16*17^4 + 16*17^5 + 6*17^6 + 5*17^7 + 17^9 + 6*17^10 + 4*17^11 + 16*17^12 + 3*17^13 + 4*17^14 + 17^15 + 3*17^16 + O(17^17) : 8*17^3 + 4*17^4 + 15*17^5 + 12*17^6 + 9*17^8 + 12*17^9 + 14*17^10 + 2*17^11 + 2*17^12 + 6*17^13 + O(17^14) : 1 + O(17^20))
   (8 + 16*17 + 16*17^2 + 16*17^3 + 16*17^4 + 16*17^5 + 6*17^6 + 5*17^7 + 17^9 + 6*17^10 + 4*17^11 + 16*17^12 + 3*17^13 + 4*17^14 + 17^15 + 3*17^16 + O(17^17) : 9*17^3 + 12*17^4 + 17^5 + 4*17^6 + 16*17^7 + 7*17^8 + 4*17^9 + 2*17^10 + 14*17^11 + 14*17^12 + 10*17^13 + O(17^14) : 1 + O(17^20))
   (8 + 16*17 + 16*17^2 + 16*17^3 + 16*17^4 + 16*17^5 + 6*17^6 + 5*17^8 + 16*17^9 + 6*17^10 + 10*17^11 + 3*17^12 + 6*17^13 + 10*17^15 + 3*17^16 + O(17^17) : 8*17^3 + 6*17^4 + 9*17^5 + 6*17^6 + 12*17^7 + 11*17^8 + 8*17^9 + 16*17^10 + 6*17^11 + 17^12 + 8*17^13 + O(17^14) : 1 + O(17^20))
   (8 + 16*17 + 16*17^2 + 16*17^3 + 16*17^4 + 16*17^5 + 6*17^6 + 5*17^8 + 16*17^9 + 6*17^10 + 10*17^11 + 3*17^12 + 6*17^13 + 10*17^15 + 3*17^16 + O(17^17) : 9*17^3 + 10*17^4 + 7*17^5 + 10*17^6 + 4*17^7 + 5*17^8 + 8*17^9 + 10*17^11 + 15*17^12 + 8*17^13 + O(17^14) : 1 + O(17^20))
   (8 + 16*17 + 16*17^2 + 16*17^3 + 16*17^4 + 16*17^5 + 6*17^6 + 5*17^8 + 5*17^9 + 8*17^10 + 8*17^11 + 16*17^12 + 12*17^13 + 9*17^14 + 16*17^15 + 5*17^16 + O(17^17) : 8*17^3 + 6*17^4 + 9*17^5 + 7*17^6 + 8*17^7 + 9*17^8 + 16*17^9 + 9*17^10 + 4*17^11 + 14*17^12 + 2*17^13 + O(17^14) : 1 + O(17^20))
   (8 + 16*17 + 16*17^2 + 16*17^3 + 16*17^4 + 16*17^5 + 6*17^6 + 5*17^8 + 5*17^9 + 8*17^10 + 8*17^11 + 16*17^12 + 12*17^13 + 9*17^14 + 16*17^15 + 5*17^16 + O(17^17) : 9*17^3 + 10*17^4 + 7*17^5 + 9*17^6 + 8*17^7 + 7*17^8 + 7*17^10 + 12*17^11 + 2*17^12 + 14*17^13 + O(17^14) : 1 + O(17^20))
   (8 + 16*17 + 16*17^2 + 16*17^3 + 16*17^4 + 16*17^5 + 6*17^6 + 6*17^7 + 5*17^8 + 14*17^9 + 8*17^10 + 13*17^11 + 15*17^12 + 13*17^13 + 8*17^14 + 3*17^15 + 5*17^16 + O(17^17) : 8*17^3 + 7*17^4 + 3*17^5 + 12*17^6 + 9*17^7 + 15*17^8 + 5*17^9 + 12*17^10 + 6*17^11 + 13*17^12 + 17^13 + O(17^14) : 1 + O(17^20))
   (8 + 16*17 + 16*17^2 + 16*17^3 + 16*17^4 + 16*17^5 + 6*17^6 + 6*17^7 + 5*17^8 + 14*17^9 + 8*17^10 + 13*17^11 + 15*17^12 + 13*17^13 + 8*17^14 + 3*17^15 + 5*17^16 + O(17^17) : 9*17^3 + 9*17^4 + 13*17^5 + 4*17^6 + 7*17^7 + 17^8 + 11*17^9 + 4*17^10 + 10*17^11 + 3*17^12 + 15*17^13 + O(17^14) : 1 + O(17^20))
   (8 + 16*17 + 16*17^2 + 16*17^3 + 16*17^4 + 16*17^5 + 9*17^6 + 12*17^7 + 3*17^8 + 4*17^9 + 7*17^10 + 13*17^11 + 4*17^12 + 4*17^13 + 17^14 + 4*17^15 + O(17^17) : 15*17^3 + 4*17^4 + 3*17^5 + 2*17^6 + 14*17^7 + 6*17^8 + 4*17^9 + 13*17^10 + 6*17^11 + 17^12 + 7*17^13 + O(17^14) : 1 + O(17^20))
   (8 + 16*17 + 16*17^2 + 16*17^3 + 16*17^4 + 16*17^5 + 9*17^6 + 12*17^7 + 3*17^8 + 4*17^9 + 7*17^10 + 13*17^11 + 4*17^12 + 4*17^13 + 17^14 + 4*17^15 + O(17^17) : 2*17^3 + 12*17^4 + 13*17^5 + 14*17^6 + 2*17^7 + 10*17^8 + 12*17^9 + 3*17^10 + 10*17^11 + 15*17^12 + 9*17^13 + O(17^14) : 1 + O(17^20))
   (8 + 16*17 + 16*17^2 + 16*17^3 + 16*17^4 + 16*17^5 + 9*17^6 + 12*17^7 + 8*17^8 + 17^9 + 2*17^10 + 12*17^11 + 9*17^12 + 15*17^13 + 5*17^14 + 16*17^15 + O(17^17) : 15*17^3 + 4*17^4 + 11*17^5 + 13*17^6 + 17^7 + 10*17^8 + 13*17^9 + 7*17^10 + 13*17^11 + 12*17^12 + 10*17^13 + O(17^14) : 1 + O(17^20))
   (8 + 16*17 + 16*17^2 + 16*17^3 + 16*17^4 + 16*17^5 + 9*17^6 + 12*17^7 + 8*17^8 + 17^9 + 2*17^10 + 12*17^11 + 9*17^12 + 15*17^13 + 5*17^14 + 16*17^15 + O(17^17) : 2*17^3 + 12*17^4 + 5*17^5 + 3*17^6 + 15*17^7 + 6*17^8 + 3*17^9 + 9*17^10 + 3*17^11 + 4*17^12 + 6*17^13 + O(17^14) : 1 + O(17^20))
   (8 + 16*17 + 16*17^2 + 16*17^3 + 16*17^4 + 16*17^5 + 9*17^6 + 15*17^7 + 3*17^8 + 14*17^9 + 6*17^10 + 8*17^11 + 6*17^12 + 17^13 + 5*17^14 + 16*17^15 + 8*17^16 + O(17^17) : 15*17^3 + 2*17^4 + 3*17^5 + 6*17^6 + 14*17^7 + 8*17^9 + 11*17^10 + 10*17^11 + 4*17^12 + 17^13 + O(17^14) : 1 + O(17^20))
   (8 + 16*17 + 16*17^2 + 16*17^3 + 16*17^4 + 16*17^5 + 9*17^6 + 15*17^7 + 3*17^8 + 14*17^9 + 6*17^10 + 8*17^11 + 6*17^12 + 17^13 + 5*17^14 + 16*17^15 + 8*17^16 + O(17^17) : 2*17^3 + 14*17^4 + 13*17^5 + 10*17^6 + 2*17^7 + 16*17^8 + 8*17^9 + 5*17^10 + 6*17^11 + 12*17^12 + 15*17^13 + O(17^14) : 1 + O(17^20))
   (8 + 16*17 + 16*17^2 + 16*17^3 + 16*17^4 + 16*17^5 + 9*17^6 + 15*17^7 + 5*17^8 + 3*17^9 + 10*17^10 + 2*17^11 + 9*17^12 + 10*17^13 + 5*17^14 + 13*17^15 + 15*17^16 + O(17^17) : 15*17^3 + 2*17^4 + 13*17^5 + 2*17^6 + 15*17^7 + 10*17^8 + 3*17^9 + 6*17^10 + 4*17^11 + 3*17^12 + 13*17^13 + O(17^14) : 1 + O(17^20))
   (8 + 16*17 + 16*17^2 + 16*17^3 + 16*17^4 + 16*17^5 + 9*17^6 + 15*17^7 + 5*17^8 + 3*17^9 + 10*17^10 + 2*17^11 + 9*17^12 + 10*17^13 + 5*17^14 + 13*17^15 + 15*17^16 + O(17^17) : 2*17^3 + 14*17^4 + 3*17^5 + 14*17^6 + 17^7 + 6*17^8 + 13*17^9 + 10*17^10 + 12*17^11 + 13*17^12 + 3*17^13 + O(17^14) : 1 + O(17^20))
   (8 + 16*17 + 16*17^2 + 16*17^3 + 16*17^4 + 16*17^5 + 9*17^6 + 15*17^7 + 8*17^8 + 3*17^10 + 5*17^11 + 7*17^12 + 2*17^13 + 2*17^14 + 17^15 + 11*17^16 + O(17^17) : 15*17^3 + 2*17^4 + 11*17^5 + 5*17^6 + 2*17^7 + 3*17^9 + 7*17^10 + 17^11 + 5*17^12 + O(17^14) : 1 + O(17^20))
   (8 + 16*17 + 16*17^2 + 16*17^3 + 16*17^4 + 16*17^5 + 9*17^6 + 15*17^7 + 8*17^8 + 3*17^10 + 5*17^11 + 7*17^12 + 2*17^13 + 2*17^14 + 17^15 + 11*17^16 + O(17^17) : 2*17^3 + 14*17^4 + 5*17^5 + 11*17^6 + 14*17^7 + 16*17^8 + 13*17^9 + 9*17^10 + 15*17^11 + 11*17^12 + 16*17^13 + O(17^14) : 1 + O(17^20))
   (8 + 16*17 + 16*17^2 + 16*17^3 + 16*17^4 + 16*17^5 + 9*17^6 + 17^7 + 4*17^8 + 13*17^9 + 7*17^10 + 17^11 + 4*17^12 + 5*17^13 + 17^14 + 10*17^15 + 11*17^16 + O(17^17) : 15*17^3 + 5*17^5 + 7*17^6 + 13*17^7 + 12*17^8 + 3*17^9 + 8*17^10 + 6*17^11 + 10*17^12 + 10*17^13 + O(17^14) : 1 + O(17^20))
   (8 + 16*17 + 16*17^2 + 16*17^3 + 16*17^4 + 16*17^5 + 9*17^6 + 17^7 + 4*17^8 + 13*17^9 + 7*17^10 + 17^11 + 4*17^12 + 5*17^13 + 17^14 + 10*17^15 + 11*17^16 + O(17^17) : 2*17^3 + 16*17^4 + 11*17^5 + 9*17^6 + 3*17^7 + 4*17^8 + 13*17^9 + 8*17^10 + 10*17^11 + 6*17^12 + 6*17^13 + O(17^14) : 1 + O(17^20))
   (8 + 16*17 + 16*17^2 + 16*17^3 + 16*17^4 + 16*17^5 + 9*17^6 + 2*17^7 + 17^8 + 2*17^9 + 12*17^10 + 14*17^11 + 13*17^12 + 10*17^13 + 14*17^14 + 3*17^15 + 8*17^16 + O(17^17) : 15*17^3 + 5*17^4 + 4*17^5 + 2*17^6 + 10*17^7 + 12*17^8 + 2*17^9 + 16*17^10 + 17^11 + 8*17^12 + 2*17^13 + O(17^14) : 1 + O(17^20))
   (8 + 16*17 + 16*17^2 + 16*17^3 + 16*17^4 + 16*17^5 + 9*17^6 + 2*17^7 + 17^8 + 2*17^9 + 12*17^10 + 14*17^11 + 13*17^12 + 10*17^13 + 14*17^14 + 3*17^15 + 8*17^16 + O(17^17) : 2*17^3 + 11*17^4 + 12*17^5 + 14*17^6 + 6*17^7 + 4*17^8 + 14*17^9 + 15*17^11 + 8*17^12 + 14*17^13 + O(17^14) : 1 + O(17^20))
   (8 + 16*17 + 16*17^2 + 16*17^3 + 16*17^4 + 16*17^5 + 9*17^6 + 4*17^7 + 6*17^8 + 12*17^9 + 10*17^10 + 7*17^11 + 8*17^12 + 11*17^13 + 5*17^14 + 3*17^15 + 3*17^16 + O(17^17) : 15*17^3 + 15*17^4 + 17^5 + 17^6 + 13*17^7 + 16*17^8 + 10*17^9 + 14*17^10 + 6*17^11 + 6*17^12 + 17^13 + O(17^14) : 1 + O(17^20))
   (8 + 16*17 + 16*17^2 + 16*17^3 + 16*17^4 + 16*17^5 + 9*17^6 + 4*17^7 + 6*17^8 + 12*17^9 + 10*17^10 + 7*17^11 + 8*17^12 + 11*17^13 + 5*17^14 + 3*17^15 + 3*17^16 + O(17^17) : 2*17^3 + 17^4 + 15*17^5 + 15*17^6 + 3*17^7 + 6*17^9 + 2*17^10 + 10*17^11 + 10*17^12 + 15*17^13 + O(17^14) : 1 + O(17^20))
   (8 + 16*17 + 16*17^2 + 16*17^3 + 16*17^4 + 16*17^5 + 9*17^6 + 4*17^7 + 6*17^8 + 17^9 + 12*17^10 + 5*17^11 + 4*17^12 + 17^13 + 15*17^14 + 9*17^15 + 6*17^16 + O(17^17) : 15*17^3 + 15*17^4 + 17^5 + 14*17^6 + 10*17^7 + 4*17^8 + 2*17^9 + 15*17^11 + 14*17^12 + 14*17^13 + O(17^14) : 1 + O(17^20))
   (8 + 16*17 + 16*17^2 + 16*17^3 + 16*17^4 + 16*17^5 + 9*17^6 + 4*17^7 + 6*17^8 + 17^9 + 12*17^10 + 5*17^11 + 4*17^12 + 17^13 + 15*17^14 + 9*17^15 + 6*17^16 + O(17^17) : 2*17^3 + 17^4 + 15*17^5 + 2*17^6 + 6*17^7 + 12*17^8 + 14*17^9 + 16*17^10 + 17^11 + 2*17^12 + 2*17^13 + O(17^14) : 1 + O(17^20))
   (8*17^-3 + 10*17^-2 + 4*17^-1 + 2 + 5*17 + 3*17^2 + 12*17^3 + 17^4 + 5*17^5 + 13*17^6 + 16*17^8 + 2*17^9 + O(17^10) : 15*17^-9 + 4*17^-8 + 15*17^-7 + 4*17^-6 + 13*17^-5 + 16*17^-4 + 5*17^-3 + 14*17^-2 + 10*17^-1 + 1 + 3*17 + 14*17^2 + 11*17^3 + O(17^4) : 1 + O(17^20))
   (8*17^-3 + 10*17^-2 + 4*17^-1 + 2 + 5*17 + 3*17^2 + 12*17^3 + 17^4 + 5*17^5 + 13*17^6 + 16*17^8 + 2*17^9 + O(17^10) : 2*17^-9 + 12*17^-8 + 17^-7 + 12*17^-6 + 3*17^-5 + 11*17^-3 + 2*17^-2 + 6*17^-1 + 15 + 13*17 + 2*17^2 + 5*17^3 + O(17^4) : 1 + O(17^20))
   (8*17^-3 + 10*17^-2 + 4*17^-1 + 4 + 17 + 8*17^2 + 5*17^3 + 15*17^4 + 9*17^5 + 9*17^6 + 16*17^7 + 12*17^8 + 9*17^9 + O(17^10) : 15*17^-9 + 4*17^-8 + 15*17^-7 + 11*17^-6 + 2*17^-5 + 14*17^-4 + 11*17^-3 + 12*17^-2 + 3*17^-1 + 3 + 7*17 + 2*17^2 + 5*17^3 + O(17^4) : 1 + O(17^20))
   (8*17^-3 + 10*17^-2 + 4*17^-1 + 4 + 17 + 8*17^2 + 5*17^3 + 15*17^4 + 9*17^5 + 9*17^6 + 16*17^7 + 12*17^8 + 9*17^9 + O(17^10) : 2*17^-9 + 12*17^-8 + 17^-7 + 5*17^-6 + 14*17^-5 + 2*17^-4 + 5*17^-3 + 4*17^-2 + 13*17^-1 + 13 + 9*17 + 14*17^2 + 11*17^3 + O(17^4) : 1 + O(17^20))
   (8*17^-3 + 11*17^-2 + 13*17^-1 + 9 + 5*17 + 10*17^2 + 12*17^3 + 9*17^4 + 7*17^5 + 8*17^6 + 3*17^7 + 4*17^8 + 15*17^9 + O(17^10) : 15*17^-9 + 16*17^-8 + 15*17^-7 + 2*17^-6 + 6*17^-5 + 16*17^-4 + 15*17^-3 + 6*17^-2 + 17^-1 + 16 + 15*17^2 + 2*17^3 + O(17^4) : 1 + O(17^20))
   (8*17^-3 + 11*17^-2 + 13*17^-1 + 9 + 5*17 + 10*17^2 + 12*17^3 + 9*17^4 + 7*17^5 + 8*17^6 + 3*17^7 + 4*17^8 + 15*17^9 + O(17^10) : 2*17^-9 + 17^-7 + 14*17^-6 + 10*17^-5 + 17^-3 + 10*17^-2 + 15*17^-1 + 16*17 + 17^2 + 14*17^3 + O(17^4) : 1 + O(17^20))
   (8*17^-3 + 11*17^-2 + 9*17^-1 + 7 + 9*17 + 8*17^2 + 6*17^3 + 10*17^4 + 9*17^5 + 14*17^6 + 5*17^7 + 9*17^8 + 4*17^9 + O(17^10) : 15*17^-9 + 16*17^-8 + 17^-7 + 11*17^-6 + 12*17^-5 + 2*17^-4 + 13*17^-3 + 7*17^-2 + 5*17^-1 + 15 + 12*17 + 13*17^2 + 9*17^3 + O(17^4) : 1 + O(17^20))
   (8*17^-3 + 11*17^-2 + 9*17^-1 + 7 + 9*17 + 8*17^2 + 6*17^3 + 10*17^4 + 9*17^5 + 14*17^6 + 5*17^7 + 9*17^8 + 4*17^9 + O(17^10) : 2*17^-9 + 15*17^-7 + 5*17^-6 + 4*17^-5 + 14*17^-4 + 3*17^-3 + 9*17^-2 + 11*17^-1 + 1 + 4*17 + 3*17^2 + 7*17^3 + O(17^4) : 1 + O(17^20))
   (8*17^-3 + 12*17^-2 + 11*17^-1 + 14 + 14*17 + 9*17^3 + 6*17^4 + 8*17^5 + 3*17^6 + 6*17^7 + 11*17^8 + 7*17^9 + O(17^10) : 15*17^-9 + 11*17^-8 + 6*17^-7 + 13*17^-6 + 13*17^-5 + 14*17^-4 + 3*17^-3 + 2*17^-2 + 13*17^-1 + 8 + 6*17 + 12*17^2 + 11*17^3 + O(17^4) : 1 + O(17^20))
   (8*17^-3 + 12*17^-2 + 11*17^-1 + 14 + 14*17 + 9*17^3 + 6*17^4 + 8*17^5 + 3*17^6 + 6*17^7 + 11*17^8 + 7*17^9 + O(17^10) : 2*17^-9 + 5*17^-8 + 10*17^-7 + 3*17^-6 + 3*17^-5 + 2*17^-4 + 13*17^-3 + 14*17^-2 + 3*17^-1 + 8 + 10*17 + 4*17^2 + 5*17^3 + O(17^4) : 1 + O(17^20))
   (8*17^-3 + 12*17^-2 + 12*17^-1 + 13 + 4*17 + 7*17^2 + 15*17^3 + 11*17^4 + 2*17^5 + 4*17^6 + 15*17^8 + 9*17^9 + O(17^10) : 15*17^-9 + 11*17^-8 + 17^-7 + 9*17^-6 + 6*17^-5 + 14*17^-4 + 14*17^-3 + 6*17^-2 + 17^-1 + 13 + 16*17^2 + 7*17^3 + O(17^4) : 1 + O(17^20))
   (8*17^-3 + 12*17^-2 + 12*17^-1 + 13 + 4*17 + 7*17^2 + 15*17^3 + 11*17^4 + 2*17^5 + 4*17^6 + 15*17^8 + 9*17^9 + O(17^10) : 2*17^-9 + 5*17^-8 + 15*17^-7 + 7*17^-6 + 10*17^-5 + 2*17^-4 + 2*17^-3 + 10*17^-2 + 15*17^-1 + 3 + 16*17 + 9*17^3 + O(17^4) : 1 + O(17^20))
   (8*17^-3 + 12*17^-2 + 16*17^-1 + 6 + 9*17^2 + 2*17^3 + 5*17^4 + 4*17^5 + 17^6 + 13*17^7 + 15*17^8 + 7*17^9 + O(17^10) : 15*17^-9 + 11*17^-8 + 15*17^-7 + 6*17^-6 + 8*17^-5 + 15*17^-3 + 10*17^-2 + 6*17^-1 + 8 + 7*17 + 9*17^2 + 6*17^3 + O(17^4) : 1 + O(17^20))
   (8*17^-3 + 12*17^-2 + 16*17^-1 + 6 + 9*17^2 + 2*17^3 + 5*17^4 + 4*17^5 + 17^6 + 13*17^7 + 15*17^8 + 7*17^9 + O(17^10) : 2*17^-9 + 5*17^-8 + 17^-7 + 10*17^-6 + 8*17^-5 + 16*17^-4 + 17^-3 + 6*17^-2 + 10*17^-1 + 8 + 9*17 + 7*17^2 + 10*17^3 + O(17^4) : 1 + O(17^20))
   (8*17^-3 + 15*17^-2 + 5*17^-1 + 9 + 4*17^2 + 4*17^3 + 15*17^4 + 12*17^5 + 4*17^6 + 5*17^7 + 16*17^8 + 4*17^9 + O(17^10) : 15*17^-9 + 13*17^-8 + 13*17^-7 + 7*17^-6 + 9*17^-5 + 3*17^-4 + 4*17^-3 + 2*17^-2 + 8*17^-1 + 13 + 12*17 + 9*17^2 + 17^3 + O(17^4) : 1 + O(17^20))
   (8*17^-3 + 15*17^-2 + 5*17^-1 + 9 + 4*17^2 + 4*17^3 + 15*17^4 + 12*17^5 + 4*17^6 + 5*17^7 + 16*17^8 + 4*17^9 + O(17^10) : 2*17^-9 + 3*17^-8 + 3*17^-7 + 9*17^-6 + 7*17^-5 + 13*17^-4 + 12*17^-3 + 14*17^-2 + 8*17^-1 + 3 + 4*17 + 7*17^2 + 15*17^3 + O(17^4) : 1 + O(17^20))
   (8*17^-3 + 2*17^-2 + 16*17^-1 + 15 + 13*17 + 10*17^2 + 9*17^3 + 2*17^5 + 12*17^6 + 11*17^7 + 16*17^8 + 6*17^9 + O(17^10) : 15*17^-9 + 10*17^-8 + 3*17^-7 + 12*17^-6 + 13*17^-5 + 9*17^-4 + 9*17^-3 + 17^-2 + 16*17^-1 + 13 + 8*17 + 13*17^2 + 16*17^3 + O(17^4) : 1 + O(17^20))
   (8*17^-3 + 2*17^-2 + 16*17^-1 + 15 + 13*17 + 10*17^2 + 9*17^3 + 2*17^5 + 12*17^6 + 11*17^7 + 16*17^8 + 6*17^9 + O(17^10) : 2*17^-9 + 6*17^-8 + 13*17^-7 + 4*17^-6 + 3*17^-5 + 7*17^-4 + 7*17^-3 + 15*17^-2 + 3 + 8*17 + 3*17^2 + O(17^4) : 1 + O(17^20))
   (9 + 10*17^6 + 10*17^7 + 11*17^8 + 2*17^9 + 8*17^10 + 3*17^11 + 17^12 + 3*17^13 + 8*17^14 + 13*17^15 + 11*17^16 + O(17^17) : 8*17^3 + 7*17^4 + 3*17^5 + 12*17^6 + 9*17^7 + 15*17^8 + 5*17^9 + 12*17^10 + 6*17^11 + 13*17^12 + 17^13 + O(17^14) : 1 + O(17^20))
   (9 + 10*17^6 + 10*17^7 + 11*17^8 + 2*17^9 + 8*17^10 + 3*17^11 + 17^12 + 3*17^13 + 8*17^14 + 13*17^15 + 11*17^16 + O(17^17) : 9*17^3 + 9*17^4 + 13*17^5 + 4*17^6 + 7*17^7 + 17^8 + 11*17^9 + 4*17^10 + 10*17^11 + 3*17^12 + 15*17^13 + O(17^14) : 1 + O(17^20))
   (9 + 10*17^6 + 11*17^7 + 16*17^8 + 15*17^9 + 10*17^10 + 12*17^11 + 13*17^13 + 12*17^14 + 15*17^15 + 13*17^16 + O(17^17) : 8*17^3 + 4*17^4 + 15*17^5 + 12*17^6 + 9*17^8 + 12*17^9 + 14*17^10 + 2*17^11 + 2*17^12 + 6*17^13 + O(17^14) : 1 + O(17^20))
   (9 + 10*17^6 + 11*17^7 + 16*17^8 + 15*17^9 + 10*17^10 + 12*17^11 + 13*17^13 + 12*17^14 + 15*17^15 + 13*17^16 + O(17^17) : 9*17^3 + 12*17^4 + 17^5 + 4*17^6 + 16*17^7 + 7*17^8 + 4*17^9 + 2*17^10 + 14*17^11 + 14*17^12 + 10*17^13 + O(17^14) : 1 + O(17^20))
   (9 + 10*17^6 + 11*17^7 + 6*17^8 + 2*17^9 + 9*17^10 + 5*17^11 + 8*17^12 + 16*17^13 + 4*17^15 + 2*17^16 + O(17^17) : 8*17^3 + 4*17^4 + 11*17^5 + 16*17^6 + 2*17^7 + 13*17^8 + 10*17^9 + 15*17^10 + 11*17^11 + 4*17^12 + 13*17^13 + O(17^14) : 1 + O(17^20))
   (9 + 10*17^6 + 11*17^7 + 6*17^8 + 2*17^9 + 9*17^10 + 5*17^11 + 8*17^12 + 16*17^13 + 4*17^15 + 2*17^16 + O(17^17) : 9*17^3 + 12*17^4 + 5*17^5 + 14*17^7 + 3*17^8 + 6*17^9 + 17^10 + 5*17^11 + 12*17^12 + 3*17^13 + O(17^14) : 1 + O(17^20))
   (9 + 10*17^6 + 13*17^7 + 11*17^8 + 12*17^9 + 7*17^10 + 15*17^11 + 2*17^12 + 3*17^14 + 8*17^15 + 5*17^16 + O(17^17) : 8*17^3 + 15*17^4 + 17^5 + 14*17^6 + 14*17^7 + 5*17^8 + 17^9 + 4*17^10 + 17^11 + 3*17^12 + 8*17^13 + O(17^14) : 1 + O(17^20))
   (9 + 10*17^6 + 13*17^7 + 11*17^8 + 12*17^9 + 7*17^10 + 15*17^11 + 2*17^12 + 3*17^14 + 8*17^15 + 5*17^16 + O(17^17) : 9*17^3 + 17^4 + 15*17^5 + 2*17^6 + 2*17^7 + 11*17^8 + 15*17^9 + 12*17^10 + 15*17^11 + 13*17^12 + 8*17^13 + O(17^14) : 1 + O(17^20))
   (9 + 10*17^6 + 14*17^7 + 6*17^8 + 17^9 + 10*17^10 + 15*17^11 + 5*17^12 + 3*17^13 + 5*17^14 + 2*17^15 + 5*17^16 + O(17^17) : 8*17^3 + 12*17^4 + 12*17^5 + 8*17^6 + 6*17^7 + 3*17^8 + 8*17^9 + 16*17^10 + 4*17^11 + 2*17^12 + 3*17^13 + O(17^14) : 1 + O(17^20))
   (9 + 10*17^6 + 14*17^7 + 6*17^8 + 17^9 + 10*17^10 + 15*17^11 + 5*17^12 + 3*17^13 + 5*17^14 + 2*17^15 + 5*17^16 + O(17^17) : 9*17^3 + 4*17^4 + 4*17^5 + 8*17^6 + 10*17^7 + 13*17^8 + 8*17^9 + 12*17^11 + 14*17^12 + 13*17^13 + O(17^14) : 1 + O(17^20))
   (9 + 10*17^6 + 16*17^7 + 11*17^8 + 10*17^10 + 6*17^11 + 13*17^12 + 10*17^13 + 16*17^14 + 6*17^15 + 13*17^16 + O(17^17) : 8*17^3 + 6*17^4 + 9*17^5 + 6*17^6 + 12*17^7 + 11*17^8 + 8*17^9 + 16*17^10 + 6*17^11 + 17^12 + 8*17^13 + O(17^14) : 1 + O(17^20))
   (9 + 10*17^6 + 16*17^7 + 11*17^8 + 10*17^10 + 6*17^11 + 13*17^12 + 10*17^13 + 16*17^14 + 6*17^15 + 13*17^16 + O(17^17) : 9*17^3 + 10*17^4 + 7*17^5 + 10*17^6 + 4*17^7 + 5*17^8 + 8*17^9 + 10*17^11 + 15*17^12 + 8*17^13 + O(17^14) : 1 + O(17^20))
   (9 + 10*17^6 + 16*17^7 + 11*17^8 + 11*17^9 + 8*17^10 + 8*17^11 + 4*17^13 + 7*17^14 + 11*17^16 + O(17^17) : 8*17^3 + 6*17^4 + 9*17^5 + 7*17^6 + 8*17^7 + 9*17^8 + 16*17^9 + 9*17^10 + 4*17^11 + 14*17^12 + 2*17^13 + O(17^14) : 1 + O(17^20))
   (9 + 10*17^6 + 16*17^7 + 11*17^8 + 11*17^9 + 8*17^10 + 8*17^11 + 4*17^13 + 7*17^14 + 11*17^16 + O(17^17) : 9*17^3 + 10*17^4 + 7*17^5 + 9*17^6 + 8*17^7 + 7*17^8 + 7*17^10 + 12*17^11 + 2*17^12 + 14*17^13 + O(17^14) : 1 + O(17^20))
   (9 + 10*17^6 + 7*17^8 + 11*17^9 + 9*17^10 + 10*17^11 + 7*17^12 + 2*17^15 + 15*17^16 + O(17^17) : 8*17^3 + 3*17^4 + 6*17^5 + 2*17^6 + 5*17^9 + 15*17^10 + 11*17^11 + 2*17^12 + 9*17^13 + O(17^14) : 1 + O(17^20))
   (9 + 10*17^6 + 7*17^8 + 11*17^9 + 9*17^10 + 10*17^11 + 7*17^12 + 2*17^15 + 15*17^16 + O(17^17) : 9*17^3 + 13*17^4 + 10*17^5 + 14*17^6 + 16*17^7 + 16*17^8 + 11*17^9 + 17^10 + 5*17^11 + 14*17^12 + 7*17^13 + O(17^14) : 1 + O(17^20))
   (9 + 10*17^8 + 8*17^10 + 12*17^11 + 5*17^12 + 12*17^13 + 17^14 + 16*17^15 + 8*17^16 + O(17^17) : 8*17^4 + 3*17^5 + 3*17^6 + 7*17^7 + 8*17^8 + 8*17^9 + 11*17^10 + 6*17^11 + 7*17^12 + O(17^13) : 1 + O(17^20))
   (9 + 10*17^8 + 8*17^10 + 12*17^11 + 5*17^12 + 12*17^13 + 17^14 + 16*17^15 + 8*17^16 + O(17^17) : 9*17^4 + 13*17^5 + 13*17^6 + 9*17^7 + 8*17^8 + 8*17^9 + 5*17^10 + 10*17^11 + 9*17^12 + O(17^13) : 1 + O(17^20))
   (9 + 11*17^6 + 10*17^7 + 10*17^8 + 16*17^9 + 3*17^10 + 7*17^11 + 6*17^14 + 7*17^15 + 15*17^16 + O(17^17) : 13*17^3 + 17^4 + 2*17^5 + 10*17^6 + 15*17^7 + 7*17^8 + 15*17^9 + 13*17^10 + 3*17^11 + 7*17^12 + 9*17^13 + O(17^14) : 1 + O(17^20))
   (9 + 11*17^6 + 10*17^7 + 10*17^8 + 16*17^9 + 3*17^10 + 7*17^11 + 6*17^14 + 7*17^15 + 15*17^16 + O(17^17) : 4*17^3 + 15*17^4 + 14*17^5 + 6*17^6 + 17^7 + 9*17^8 + 17^9 + 3*17^10 + 13*17^11 + 9*17^12 + 7*17^13 + O(17^14) : 1 + O(17^20))
   (9 + 11*17^6 + 11*17^7 + 5*17^8 + 5*17^9 + 6*17^10 + 7*17^11 + 3*17^12 + 3*17^13 + 7*17^14 + 12*17^15 + 14*17^16 + O(17^17) : 13*17^3 + 7*17^4 + 4*17^5 + 7*17^6 + 9*17^7 + 6*17^8 + 12*17^9 + 16*17^10 + 17^11 + 12*17^12 + 10*17^13 + O(17^14) : 1 + O(17^20))
   (9 + 11*17^6 + 11*17^7 + 5*17^8 + 5*17^9 + 6*17^10 + 7*17^11 + 3*17^12 + 3*17^13 + 7*17^14 + 12*17^15 + 14*17^16 + O(17^17) : 4*17^3 + 9*17^4 + 12*17^5 + 9*17^6 + 7*17^7 + 10*17^8 + 4*17^9 + 15*17^11 + 4*17^12 + 6*17^13 + O(17^14) : 1 + O(17^20))
   (9 + 11*17^6 + 15*17^7 + 7*17^8 + 16*17^9 + 8*17^10 + 16*17^11 + 6*17^12 + 3*17^14 + 7*17^15 + 10*17^16 + O(17^17) : 13*17^3 + 14*17^4 + 14*17^5 + 10*17^6 + 12*17^8 + 17^9 + 17^10 + 10*17^11 + 16*17^12 + 3*17^13 + O(17^14) : 1 + O(17^20))
   (9 + 11*17^6 + 15*17^7 + 7*17^8 + 16*17^9 + 8*17^10 + 16*17^11 + 6*17^12 + 3*17^14 + 7*17^15 + 10*17^16 + O(17^17) : 4*17^3 + 2*17^4 + 2*17^5 + 6*17^6 + 16*17^7 + 4*17^8 + 15*17^9 + 15*17^10 + 6*17^11 + 13*17^13 + O(17^14) : 1 + O(17^20))
   (9 + 11*17^6 + 2*17^7 + 15*17^8 + 4*17^9 + 5*17^10 + 17^11 + 3*17^12 + 5*17^13 + 15*17^14 + 6*17^15 + 17^16 + O(17^17) : 13*17^3 + 4*17^4 + 12*17^5 + 11*17^6 + 2*17^7 + 9*17^8 + 5*17^9 + 7*17^10 + 12*17^11 + 5*17^12 + 13*17^13 + O(17^14) : 1 + O(17^20))
   (9 + 11*17^6 + 2*17^7 + 15*17^8 + 4*17^9 + 5*17^10 + 17^11 + 3*17^12 + 5*17^13 + 15*17^14 + 6*17^15 + 17^16 + O(17^17) : 4*17^3 + 12*17^4 + 4*17^5 + 5*17^6 + 14*17^7 + 7*17^8 + 11*17^9 + 9*17^10 + 4*17^11 + 11*17^12 + 3*17^13 + O(17^14) : 1 + O(17^20))
   (9 + 11*17^6 + 4*17^7 + 10*17^8 + 7*17^9 + 3*17^10 + 2*17^11 + 17^12 + 16*17^13 + 12*17^14 + 2*17^16 + O(17^17) : 13*17^3 + 16*17^4 + 13*17^5 + 5*17^6 + 3*17^7 + 11*17^8 + 7*17^9 + 7*17^10 + 13*17^11 + 8*17^12 + 12*17^13 + O(17^14) : 1 + O(17^20))
   (9 + 11*17^6 + 4*17^7 + 10*17^8 + 7*17^9 + 3*17^10 + 2*17^11 + 17^12 + 16*17^13 + 12*17^14 + 2*17^16 + O(17^17) : 4*17^3 + 3*17^5 + 11*17^6 + 13*17^7 + 5*17^8 + 9*17^9 + 9*17^10 + 3*17^11 + 8*17^12 + 4*17^13 + O(17^14) : 1 + O(17^20))
   (9 + 11*17^6 + 7*17^7 + 10*17^8 + 6*17^9 + 4*17^10 + 12*17^11 + 15*17^12 + 2*17^13 + 14*17^14 + 11*17^15 + 10*17^16 + O(17^17) : 13*17^3 + 10*17^5 + 4*17^6 + 11*17^7 + 11*17^8 + 10*17^9 + 12*17^10 + 7*17^11 + 2*17^12 + 3*17^13 + O(17^14) : 1 + O(17^20))
   (9 + 11*17^6 + 7*17^7 + 10*17^8 + 6*17^9 + 4*17^10 + 12*17^11 + 15*17^12 + 2*17^13 + 14*17^14 + 11*17^15 + 10*17^16 + O(17^17) : 4*17^3 + 16*17^4 + 6*17^5 + 12*17^6 + 5*17^7 + 5*17^8 + 6*17^9 + 4*17^10 + 9*17^11 + 14*17^12 + 13*17^13 + O(17^14) : 1 + O(17^20))
   (9 + 11*17^6 + 8*17^7 + 15*17^8 + 2*17^9 + 7*17^10 + 4*17^11 + 15*17^12 + 12*17^13 + 15*17^15 + 13*17^16 + O(17^17) : 13*17^3 + 6*17^4 + 11*17^5 + 8*17^6 + 14*17^7 + 16*17^8 + 4*17^9 + 17^10 + 16*17^11 + 15*17^12 + 4*17^13 + O(17^14) : 1 + O(17^20))
   (9 + 11*17^6 + 8*17^7 + 15*17^8 + 2*17^9 + 7*17^10 + 4*17^11 + 15*17^12 + 12*17^13 + 15*17^15 + 13*17^16 + O(17^17) : 4*17^3 + 10*17^4 + 5*17^5 + 8*17^6 + 2*17^7 + 12*17^9 + 15*17^10 + 17^12 + 12*17^13 + O(17^14) : 1 + O(17^20))
   (9 + 11*17^6 + 8*17^7 + 5*17^8 + 6*17^9 + 5*17^10 + 14*17^11 + 5*17^12 + 16*17^13 + 5*17^14 + 13*17^15 + 6*17^16 + O(17^17) : 13*17^3 + 6*17^4 + 2*17^5 + 2*17^6 + 8*17^7 + 15*17^8 + 7*17^10 + 15*17^12 + 12*17^13 + O(17^14) : 1 + O(17^20))
   (9 + 11*17^6 + 8*17^7 + 5*17^8 + 6*17^9 + 5*17^10 + 14*17^11 + 5*17^12 + 16*17^13 + 5*17^14 + 13*17^15 + 6*17^16 + O(17^17) : 4*17^3 + 10*17^4 + 14*17^5 + 14*17^6 + 8*17^7 + 17^8 + 16*17^9 + 9*17^10 + 16*17^11 + 17^12 + 4*17^13 + O(17^14) : 1 + O(17^20))
   (9 + 12*17^6 + 10*17^7 + 11*17^8 + 10*17^9 + 14*17^10 + 10*17^11 + 15*17^12 + 10*17^13 + 13*17^14 + 13*17^15 + 5*17^16 + O(17^17) : 11*17^3 + 16*17^5 + 4*17^6 + 6*17^7 + 14*17^8 + 5*17^9 + 4*17^10 + 6*17^11 + 8*17^12 + 7*17^13 + O(17^14) : 1 + O(17^20))
   (9 + 12*17^6 + 10*17^7 + 11*17^8 + 10*17^9 + 14*17^10 + 10*17^11 + 15*17^12 + 10*17^13 + 13*17^14 + 13*17^15 + 5*17^16 + O(17^17) : 6*17^3 + 16*17^4 + 12*17^6 + 10*17^7 + 2*17^8 + 11*17^9 + 12*17^10 + 10*17^11 + 8*17^12 + 9*17^13 + O(17^14) : 1 + O(17^20))
   (9 + 12*17^6 + 12*17^7 + 6*17^8 + 3*17^9 + 5*17^10 + 8*17^11 + 4*17^12 + 16*17^13 + 9*17^14 + 6*17^15 + 6*17^16 + O(17^17) : 11*17^3 + 8*17^4 + 7*17^5 + 3*17^6 + 15*17^7 + 5*17^8 + 10*17^9 + 4*17^10 + 14*17^11 + 3*17^12 + 2*17^13 + O(17^14) : 1 + O(17^20))
   (9 + 12*17^6 + 12*17^7 + 6*17^8 + 3*17^9 + 5*17^10 + 8*17^11 + 4*17^12 + 16*17^13 + 9*17^14 + 6*17^15 + 6*17^16 + O(17^17) : 6*17^3 + 8*17^4 + 9*17^5 + 13*17^6 + 17^7 + 11*17^8 + 6*17^9 + 12*17^10 + 2*17^11 + 13*17^12 + 14*17^13 + O(17^14) : 1 + O(17^20))
   (9 + 12*17^6 + 13*17^7 + 13*17^8 + 9*17^9 + 3*17^12 + 3*17^14 + 13*17^15 + 16*17^16 + O(17^17) : 11*17^3 + 12*17^4 + 2*17^5 + 11*17^6 + 12*17^7 + 2*17^8 + 10*17^9 + 4*17^10 + 14*17^11 + 7*17^12 + 6*17^13 + O(17^14) : 1 + O(17^20))
   (9 + 12*17^6 + 13*17^7 + 13*17^8 + 9*17^9 + 3*17^12 + 3*17^14 + 13*17^15 + 16*17^16 + O(17^17) : 6*17^3 + 4*17^4 + 14*17^5 + 5*17^6 + 4*17^7 + 14*17^8 + 6*17^9 + 12*17^10 + 2*17^11 + 9*17^12 + 10*17^13 + O(17^14) : 1 + O(17^20))
   (9 + 12*17^6 + 16*17^7 + 13*17^8 + 8*17^9 + 17^10 + 10*17^11 + 4*17^13 + 17^14 + 6*17^15 + 5*17^16 + O(17^17) : 11*17^3 + 7*17^4 + 5*17^5 + 13*17^6 + 7*17^7 + 12*17^8 + 2*17^9 + 12*17^10 + 2*17^11 + 6*17^12 + 14*17^13 + O(17^14) : 1 + O(17^20))
   (9 + 12*17^6 + 16*17^7 + 13*17^8 + 8*17^9 + 17^10 + 10*17^11 + 4*17^13 + 17^14 + 6*17^15 + 5*17^16 + O(17^17) : 6*17^3 + 9*17^4 + 11*17^5 + 3*17^6 + 9*17^7 + 4*17^8 + 14*17^9 + 4*17^10 + 14*17^11 + 10*17^12 + 2*17^13 + O(17^14) : 1 + O(17^20))
   (9 + 12*17^6 + 17^7 + 9*17^8 + 11*17^9 + 16*17^10 + 10*17^11 + 15*17^12 + 14*17^13 + 13*17^14 + 16*17^15 + 9*17^16 + O(17^17) : 11*17^3 + 15*17^4 + 11*17^5 + 7*17^6 + 14*17^7 + 12*17^8 + 6*17^9 + 16*17^10 + 4*17^11 + 8*17^12 + 8*17^13 + O(17^14) : 1 + O(17^20))
   (9 + 12*17^6 + 17^7 + 9*17^8 + 11*17^9 + 16*17^10 + 10*17^11 + 15*17^12 + 14*17^13 + 13*17^14 + 16*17^15 + 9*17^16 + O(17^17) : 6*17^3 + 17^4 + 5*17^5 + 9*17^6 + 2*17^7 + 4*17^8 + 10*17^9 + 12*17^11 + 8*17^12 + 8*17^13 + O(17^14) : 1 + O(17^20))
   (9 + 12*17^6 + 4*17^7 + 9*17^8 + 10*17^9 + 4*17^11 + 13*17^12 + 17^13 + 12*17^14 + 11*17^15 + 6*17^16 + O(17^17) : 11*17^3 + 10*17^4 + 3*17^5 + 6*17^6 + 11*17^7 + 5*17^8 + 10*17^9 + 8*17^10 + 12*17^11 + 4*17^12 + 8*17^13 + O(17^14) : 1 + O(17^20))
   (9 + 12*17^6 + 4*17^7 + 9*17^8 + 10*17^9 + 4*17^11 + 13*17^12 + 17^13 + 12*17^14 + 11*17^15 + 6*17^16 + O(17^17) : 6*17^3 + 6*17^4 + 13*17^5 + 10*17^6 + 5*17^7 + 11*17^8 + 6*17^9 + 8*17^10 + 4*17^11 + 12*17^12 + 8*17^13 + O(17^14) : 1 + O(17^20))
   (9 + 12*17^6 + 5*17^7 + 4*17^8 + 10*17^9 + 17^10 + 6*17^11 + 3*17^12 + 15*17^13 + 2*17^14 + 7*17^15 + 8*17^16 + O(17^17) : 11*17^3 + 14*17^4 + 8*17^5 + 4*17^6 + 7*17^7 + 8*17^8 + 13*17^9 + 6*17^10 + 7*17^11 + 2*17^12 + 7*17^13 + O(17^14) : 1 + O(17^20))
   (9 + 12*17^6 + 5*17^7 + 4*17^8 + 10*17^9 + 17^10 + 6*17^11 + 3*17^12 + 15*17^13 + 2*17^14 + 7*17^15 + 8*17^16 + O(17^17) : 6*17^3 + 2*17^4 + 8*17^5 + 12*17^6 + 9*17^7 + 8*17^8 + 3*17^9 + 10*17^10 + 9*17^11 + 14*17^12 + 9*17^13 + O(17^14) : 1 + O(17^20))
   (9 + 14*17^6 + 14*17^7 + 3*17^8 + 14*17^9 + 11*17^10 + 12*17^11 + 6*17^12 + 16*17^13 + 5*17^14 + 14*17^15 + 13*17^16 + O(17^17) : 12*17^3 + 3*17^4 + 13*17^5 + 5*17^6 + 4*17^7 + 4*17^8 + 3*17^10 + 7*17^11 + 16*17^12 + 15*17^13 + O(17^14) : 1 + O(17^20))
   (9 + 14*17^6 + 14*17^7 + 3*17^8 + 14*17^9 + 11*17^10 + 12*17^11 + 6*17^12 + 16*17^13 + 5*17^14 + 14*17^15 + 13*17^16 + O(17^17) : 5*17^3 + 13*17^4 + 3*17^5 + 11*17^6 + 12*17^7 + 12*17^8 + 16*17^9 + 13*17^10 + 9*17^11 + 17^13 + O(17^14) : 1 + O(17^20))
   (9 + 14*17^6 + 14*17^8 + 2*17^9 + 5*17^10 + 16*17^11 + 5*17^12 + 5*17^13 + 9*17^14 + 6*17^15 + 4*17^16 + O(17^17) : 12*17^3 + 14*17^4 + 10*17^5 + 16*17^6 + 15*17^7 + 7*17^8 + 10*17^9 + 15*17^10 + 17^11 + 11*17^12 + 6*17^13 + O(17^14) : 1 + O(17^20))
   (9 + 14*17^6 + 14*17^8 + 2*17^9 + 5*17^10 + 16*17^11 + 5*17^12 + 5*17^13 + 9*17^14 + 6*17^15 + 4*17^16 + O(17^17) : 5*17^3 + 2*17^4 + 6*17^5 + 17^7 + 9*17^8 + 6*17^9 + 17^10 + 15*17^11 + 5*17^12 + 10*17^13 + O(17^14) : 1 + O(17^20))
   (9 + 14*17^6 + 15*17^7 + 13*17^8 + 13*17^9 + 10*17^10 + 17^11 + 7*17^12 + 10*17^13 + 3*17^14 + 5*17^15 + 5*17^16 + O(17^17) : 12*17^3 + 17^4 + 5*17^5 + 12*17^6 + 3*17^7 + 10*17^8 + 11*17^9 + 11*17^10 + 14*17^11 + 11*17^12 + 10*17^13 + O(17^14) : 1 + O(17^20))
   (9 + 14*17^6 + 15*17^7 + 13*17^8 + 13*17^9 + 10*17^10 + 17^11 + 7*17^12 + 10*17^13 + 3*17^14 + 5*17^15 + 5*17^16 + O(17^17) : 5*17^3 + 15*17^4 + 11*17^5 + 4*17^6 + 13*17^7 + 6*17^8 + 5*17^9 + 5*17^10 + 2*17^11 + 5*17^12 + 6*17^13 + O(17^14) : 1 + O(17^20))
   (9 + 14*17^6 + 15*17^7 + 8*17^8 + 3*17^9 + 5*17^10 + 8*17^11 + 15*17^12 + 14*17^13 + 5*17^14 + 16*17^16 + O(17^17) : 12*17^3 + 17^4 + 15*17^5 + 4*17^6 + 6*17^7 + 13*17^8 + 14*17^9 + 5*17^10 + 3*17^11 + 3*17^12 + 5*17^13 + O(17^14) : 1 + O(17^20))
   (9 + 14*17^6 + 15*17^7 + 8*17^8 + 3*17^9 + 5*17^10 + 8*17^11 + 15*17^12 + 14*17^13 + 5*17^14 + 16*17^16 + O(17^17) : 5*17^3 + 15*17^4 + 17^5 + 12*17^6 + 10*17^7 + 3*17^8 + 2*17^9 + 11*17^10 + 13*17^11 + 13*17^12 + 11*17^13 + O(17^14) : 1 + O(17^20))
   (9 + 14*17^6 + 4*17^7 + 9*17^8 + 17^9 + 7*17^10 + 11*17^11 + 10*17^12 + 5*17^13 + 7*17^14 + 12*17^16 + O(17^17) : 12*17^3 + 6*17^4 + 11*17^5 + 13*17^6 + 10*17^7 + 15*17^8 + 16*17^9 + 17^10 + 11*17^11 + 12*17^12 + 15*17^13 + O(17^14) : 1 + O(17^20))
   (9 + 14*17^6 + 4*17^7 + 9*17^8 + 17^9 + 7*17^10 + 11*17^11 + 10*17^12 + 5*17^13 + 7*17^14 + 12*17^16 + O(17^17) : 5*17^3 + 10*17^4 + 5*17^5 + 3*17^6 + 6*17^7 + 17^8 + 15*17^10 + 5*17^11 + 4*17^12 + 17^13 + O(17^14) : 1 + O(17^20))
   (9 + 14*17^6 + 4*17^8 + 13*17^9 + 12*17^10 + 5*17^11 + 4*17^12 + 3*17^13 + 15*17^14 + 4*17^15 + 13*17^16 + O(17^17) : 12*17^3 + 14*17^4 + 13*17^5 + 8*17^6 + 10*17^7 + 3*17^9 + 4*17^10 + 11*17^11 + 10*17^12 + 15*17^13 + O(17^14) : 1 + O(17^20))
   (9 + 14*17^6 + 4*17^8 + 13*17^9 + 12*17^10 + 5*17^11 + 4*17^12 + 3*17^13 + 15*17^14 + 4*17^15 + 13*17^16 + O(17^17) : 5*17^3 + 2*17^4 + 3*17^5 + 8*17^6 + 6*17^7 + 16*17^8 + 13*17^9 + 12*17^10 + 5*17^11 + 6*17^12 + 17^13 + O(17^14) : 1 + O(17^20))
   (9 + 14*17^6 + 4*17^8 + 2*17^9 + 14*17^10 + 3*17^11 + 10*17^13 + 7*17^14 + 11*17^15 + 8*17^16 + O(17^17) : 12*17^3 + 14*17^4 + 13*17^5 + 13*17^6 + 6*17^7 + 16*17^8 + 14*17^10 + 16*17^11 + 7*17^12 + 10*17^13 + O(17^14) : 1 + O(17^20))
   (9 + 14*17^6 + 4*17^8 + 2*17^9 + 14*17^10 + 3*17^11 + 10*17^13 + 7*17^14 + 11*17^15 + 8*17^16 + O(17^17) : 5*17^3 + 2*17^4 + 3*17^5 + 3*17^6 + 10*17^7 + 16*17^9 + 2*17^10 + 9*17^12 + 6*17^13 + O(17^14) : 1 + O(17^20))
   (9 + 14*17^6 + 7*17^7 + 11*17^8 + 10*17^10 + 15*17^12 + 11*17^13 + 7*17^14 + 14*17^15 + 5*17^16 + O(17^17) : 12*17^3 + 17^5 + 6*17^6 + 16*17^7 + 7*17^8 + 12*17^9 + 8*17^10 + 17^11 + 14*17^12 + O(17^14) : 1 + O(17^20))
   (9 + 14*17^6 + 7*17^7 + 11*17^8 + 10*17^10 + 15*17^12 + 11*17^13 + 7*17^14 + 14*17^15 + 5*17^16 + O(17^17) : 5*17^3 + 16*17^4 + 15*17^5 + 10*17^6 + 9*17^8 + 4*17^9 + 8*17^10 + 15*17^11 + 2*17^12 + 16*17^13 + O(17^14) : 1 + O(17^20))
   (9 + 3*17^6 + 13*17^7 + 3*17^8 + 12*17^9 + 17^10 + 14*17^11 + 4*17^12 + 5*17^13 + 3*17^14 + 8*17^15 + 9*17^16 + O(17^17) : 14*17^3 + 7*17^4 + 9*17^5 + 6*17^6 + 14*17^7 + 8*17^8 + 2*17^9 + 3*17^10 + 8*17^11 + 2*17^12 + 7*17^13 + O(17^14) : 1 + O(17^20))
   (9 + 3*17^6 + 13*17^7 + 3*17^8 + 12*17^9 + 17^10 + 14*17^11 + 4*17^12 + 5*17^13 + 3*17^14 + 8*17^15 + 9*17^16 + O(17^17) : 3*17^3 + 9*17^4 + 7*17^5 + 10*17^6 + 2*17^7 + 8*17^8 + 14*17^9 + 13*17^10 + 8*17^11 + 14*17^12 + 9*17^13 + O(17^14) : 1 + O(17^20))
   (9 + 3*17^6 + 5*17^7 + 13*17^8 + 14*17^9 + 14*17^10 + 6*17^11 + 12*17^12 + 4*17^13 + 4*17^14 + 3*17^15 + 16*17^16 + O(17^17) : 14*17^3 + 11*17^4 + 7*17^5 + 14*17^6 + 10*17^7 + 12*17^8 + 10*17^9 + 11*17^10 + 15*17^11 + 8*17^12 + O(17^14) : 1 + O(17^20))
   (9 + 3*17^6 + 5*17^7 + 13*17^8 + 14*17^9 + 14*17^10 + 6*17^11 + 12*17^12 + 4*17^13 + 4*17^14 + 3*17^15 + 16*17^16 + O(17^17) : 3*17^3 + 5*17^4 + 9*17^5 + 2*17^6 + 6*17^7 + 4*17^8 + 6*17^9 + 5*17^10 + 17^11 + 8*17^12 + 16*17^13 + O(17^14) : 1 + O(17^20))
   (9 + 3*17^6 + 6*17^8 + 14*17^9 + 17^10 + 2*17^11 + 9*17^13 + 16*17^14 + 6*17^15 + 2*17^16 + O(17^17) : 14*17^3 + 5*17^4 + 10*17^6 + 3*17^7 + 3*17^8 + 5*17^9 + 10*17^10 + 3*17^11 + 8*17^12 + 8*17^13 + O(17^14) : 1 + O(17^20))
   (9 + 3*17^6 + 6*17^8 + 14*17^9 + 17^10 + 2*17^11 + 9*17^13 + 16*17^14 + 6*17^15 + 2*17^16 + O(17^17) : 3*17^3 + 11*17^4 + 16*17^5 + 6*17^6 + 13*17^7 + 13*17^8 + 11*17^9 + 6*17^10 + 13*17^11 + 8*17^12 + 8*17^13 + O(17^14) : 1 + O(17^20))
   (9 + 3*17^6 + 7*17^7 + 3*17^8 + 14*17^9 + 16*17^10 + 10*17^11 + 9*17^12 + 14*17^13 + 3*17^14 + 17^15 + 4*17^16 + O(17^17) : 14*17^3 + 10*17^4 + 15*17^5 + 16*17^6 + 12*17^7 + 10*17^9 + 9*17^10 + 17^11 + 3*17^12 + 13*17^13 + O(17^14) : 1 + O(17^20))
   (9 + 3*17^6 + 7*17^7 + 3*17^8 + 14*17^9 + 16*17^10 + 10*17^11 + 9*17^12 + 14*17^13 + 3*17^14 + 17^15 + 4*17^16 + O(17^17) : 3*17^3 + 6*17^4 + 17^5 + 4*17^7 + 16*17^8 + 6*17^9 + 7*17^10 + 15*17^11 + 13*17^12 + 3*17^13 + O(17^14) : 1 + O(17^20))
   (9 + 3*17^6 + 8*17^7 + 17^8 + 11*17^9 + 10*17^10 + 15*17^11 + 14*17^12 + 2*17^13 + 7*17^15 + 12*17^16 + O(17^17) : 14*17^3 + 17^4 + 16*17^5 + 4*17^6 + 5*17^7 + 12*17^8 + 13*17^9 + 7*17^10 + 6*17^12 + 14*17^13 + O(17^14) : 1 + O(17^20))
   (9 + 3*17^6 + 8*17^7 + 17^8 + 11*17^9 + 10*17^10 + 15*17^11 + 14*17^12 + 2*17^13 + 7*17^15 + 12*17^16 + O(17^17) : 3*17^3 + 15*17^4 + 12*17^6 + 11*17^7 + 4*17^8 + 3*17^9 + 9*17^10 + 16*17^11 + 10*17^12 + 2*17^13 + O(17^14) : 1 + O(17^20))
   (9 + 5*17^6 + 10*17^7 + 10*17^8 + 7*17^9 + 5*17^10 + 4*17^11 + 12*17^12 + 9*17^13 + 15*17^14 + 13*17^15 + O(17^17) : 10*17^3 + 11*17^4 + 14*17^5 + 7*17^7 + 4*17^8 + 15*17^9 + 12*17^10 + 15*17^12 + 2*17^13 + O(17^14) : 1 + O(17^20))
   (9 + 5*17^6 + 10*17^7 + 10*17^8 + 7*17^9 + 5*17^10 + 4*17^11 + 12*17^12 + 9*17^13 + 15*17^14 + 13*17^15 + O(17^17) : 7*17^3 + 5*17^4 + 2*17^5 + 16*17^6 + 9*17^7 + 12*17^8 + 17^9 + 4*17^10 + 16*17^11 + 17^12 + 14*17^13 + O(17^14) : 1 + O(17^20))
   (9 + 5*17^6 + 10*17^7 + 15*17^8 + 4*17^9 + 3*17^11 + 4*17^13 + 3*17^14 + 2*17^15 + 4*17^16 + O(17^17) : 10*17^3 + 11*17^4 + 2*17^5 + 2*17^6 + 3*17^7 + 10*17^8 + 9*17^9 + 16*17^10 + 12*17^11 + 9*17^12 + 16*17^13 + O(17^14) : 1 + O(17^20))
   (9 + 5*17^6 + 10*17^7 + 15*17^8 + 4*17^9 + 3*17^11 + 4*17^13 + 3*17^14 + 2*17^15 + 4*17^16 + O(17^17) : 7*17^3 + 5*17^4 + 14*17^5 + 14*17^6 + 13*17^7 + 6*17^8 + 7*17^9 + 4*17^11 + 7*17^12 + O(17^14) : 1 + O(17^20))
   (9 + 5*17^6 + 13*17^7 + 15*17^8 + 3*17^9 + 17^10 + 13*17^11 + 14*17^12 + 7*17^13 + 5*17^14 + 10*17^15 + 15*17^16 + O(17^17) : 10*17^3 + 14*17^4 + 15*17^5 + 16*17^6 + 9*17^7 + 9*17^8 + 3*17^9 + 7*17^10 + 10*17^11 + 13*17^12 + 14*17^13 + O(17^14) : 1 + O(17^20))
   (9 + 5*17^6 + 13*17^7 + 15*17^8 + 3*17^9 + 17^10 + 13*17^11 + 14*17^12 + 7*17^13 + 5*17^14 + 10*17^15 + 15*17^16 + O(17^17) : 7*17^3 + 2*17^4 + 17^5 + 7*17^7 + 7*17^8 + 13*17^9 + 9*17^10 + 6*17^11 + 3*17^12 + 2*17^13 + O(17^14) : 1 + O(17^20))
   (9 + 5*17^6 + 13*17^7 + 15*17^8 + 9*17^9 + 2*17^10 + 11*17^11 + 10*17^12 + 14*17^13 + 14*17^14 + 16*17^15 + 13*17^16 + O(17^17) : 10*17^3 + 14*17^4 + 15*17^5 + 5*17^6 + 14*17^7 + 2*17^8 + 9*17^9 + 16*17^10 + 12*17^11 + 9*17^12 + 14*17^13 + O(17^14) : 1 + O(17^20))
   (9 + 5*17^6 + 13*17^7 + 15*17^8 + 9*17^9 + 2*17^10 + 11*17^11 + 10*17^12 + 14*17^13 + 14*17^14 + 16*17^15 + 13*17^16 + O(17^17) : 7*17^3 + 2*17^4 + 17^5 + 11*17^6 + 2*17^7 + 14*17^8 + 7*17^9 + 4*17^11 + 7*17^12 + 2*17^13 + O(17^14) : 1 + O(17^20))
   (9 + 5*17^6 + 15*17^7 + 6*17^9 + 8*17^10 + 17^11 + 7*17^12 + 6*17^13 + 13*17^14 + 17^15 + 7*17^16 + O(17^17) : 10*17^3 + 16*17^4 + 11*17^5 + 14*17^6 + 8*17^7 + 8*17^8 + 4*17^9 + 6*17^10 + 10*17^11 + 14*17^12 + 14*17^13 + O(17^14) : 1 + O(17^20))
   (9 + 5*17^6 + 15*17^7 + 6*17^9 + 8*17^10 + 17^11 + 7*17^12 + 6*17^13 + 13*17^14 + 17^15 + 7*17^16 + O(17^17) : 7*17^3 + 5*17^5 + 2*17^6 + 8*17^7 + 8*17^8 + 12*17^9 + 10*17^10 + 6*17^11 + 2*17^12 + 2*17^13 + O(17^14) : 1 + O(17^20))
   (9 + 5*17^6 + 16*17^7 + 10*17^8 + 5*17^9 + 7*17^10 + 7*17^11 + 7*17^12 + 3*17^14 + 4*17^15 + 12*17^16 + O(17^17) : 10*17^3 + 17^5 + 17^7 + 8*17^8 + 11*17^9 + 9*17^10 + 16*17^11 + 3*17^12 + 11*17^13 + O(17^14) : 1 + O(17^20))
   (9 + 5*17^6 + 16*17^7 + 10*17^8 + 5*17^9 + 7*17^10 + 7*17^11 + 7*17^12 + 3*17^14 + 4*17^15 + 12*17^16 + O(17^17) : 7*17^3 + 16*17^4 + 15*17^5 + 16*17^6 + 15*17^7 + 8*17^8 + 5*17^9 + 7*17^10 + 13*17^12 + 5*17^13 + O(17^14) : 1 + O(17^20))
   (9 + 5*17^6 + 17^7 + 17^8 + 5*17^9 + 9*17^10 + 11*17^11 + 4*17^12 + 10*17^13 + 15*17^14 + 11*17^15 + 5*17^16 + O(17^17) : 10*17^3 + 2*17^4 + 15*17^5 + 6*17^6 + 4*17^9 + 8*17^10 + 14*17^11 + 5*17^12 + 17^13 + O(17^14) : 1 + O(17^20))
   (9 + 5*17^6 + 17^7 + 17^8 + 5*17^9 + 9*17^10 + 11*17^11 + 4*17^12 + 10*17^13 + 15*17^14 + 11*17^15 + 5*17^16 + O(17^17) : 7*17^3 + 14*17^4 + 17^5 + 10*17^6 + 16*17^7 + 16*17^8 + 12*17^9 + 8*17^10 + 2*17^11 + 11*17^12 + 15*17^13 + O(17^14) : 1 + O(17^20))
   (9 + 5*17^6 + 7*17^7 + 13*17^8 + 5*17^9 + 14*17^10 + 13*17^11 + 12*17^12 + 14*17^13 + 9*17^14 + 7*17^15 + 5*17^16 + O(17^17) : 10*17^3 + 8*17^4 + 15*17^5 + 10*17^6 + 13*17^7 + 13*17^8 + 10*17^9 + 8*17^10 + 4*17^11 + 17^12 + 11*17^13 + O(17^14) : 1 + O(17^20))
   (9 + 5*17^6 + 7*17^7 + 13*17^8 + 5*17^9 + 14*17^10 + 13*17^11 + 12*17^12 + 14*17^13 + 9*17^14 + 7*17^15 + 5*17^16 + O(17^17) : 7*17^3 + 8*17^4 + 17^5 + 6*17^6 + 3*17^7 + 3*17^8 + 6*17^9 + 8*17^10 + 12*17^11 + 15*17^12 + 5*17^13 + O(17^14) : 1 + O(17^20))
   (9 + 6*17^6 + 10*17^7 + 14*17^8 + 13*17^9 + 15*17^10 + 2*17^11 + 8*17^12 + 2*17^13 + 5*17^14 + 5*17^15 + 12*17^16 + O(17^17) : 16*17^3 + 11*17^4 + 2*17^6 + 5*17^7 + 14*17^8 + 8*17^9 + 7*17^10 + 8*17^11 + 9*17^12 + 7*17^13 + O(17^14) : 1 + O(17^20))
   (9 + 6*17^6 + 10*17^7 + 14*17^8 + 13*17^9 + 15*17^10 + 2*17^11 + 8*17^12 + 2*17^13 + 5*17^14 + 5*17^15 + 12*17^16 + O(17^17) : 17^3 + 5*17^4 + 16*17^5 + 14*17^6 + 11*17^7 + 2*17^8 + 8*17^9 + 9*17^10 + 8*17^11 + 7*17^12 + 9*17^13 + O(17^14) : 1 + O(17^20))
   (9 + 6*17^6 + 10*17^7 + 14*17^8 + 7*17^9 + 14*17^10 + 4*17^11 + 12*17^12 + 12*17^13 + 12*17^14 + 15*17^15 + 2*17^16 + O(17^17) : 16*17^3 + 11*17^4 + 11*17^6 + 2*17^7 + 13*17^9 + 11*17^10 + 10*17^11 + 17^12 + 11*17^13 + O(17^14) : 1 + O(17^20))
   (9 + 6*17^6 + 10*17^7 + 14*17^8 + 7*17^9 + 14*17^10 + 4*17^11 + 12*17^12 + 12*17^13 + 12*17^14 + 15*17^15 + 2*17^16 + O(17^17) : 17^3 + 5*17^4 + 16*17^5 + 5*17^6 + 14*17^7 + 16*17^8 + 3*17^9 + 5*17^10 + 6*17^11 + 15*17^12 + 5*17^13 + O(17^14) : 1 + O(17^20))
   (9 + 6*17^6 + 11*17^9 + 8*17^10 + 10*17^11 + 5*17^12 + 2*17^13 + 10*17^14 + 6*17^16 + O(17^17) : 16*17^3 + 9*17^4 + 8*17^5 + 10*17^6 + 11*17^7 + 8*17^9 + 13*17^10 + 4*17^11 + 2*17^12 + 2*17^13 + O(17^14) : 1 + O(17^20))
   (9 + 6*17^6 + 11*17^9 + 8*17^10 + 10*17^11 + 5*17^12 + 2*17^13 + 10*17^14 + 6*17^16 + O(17^17) : 17^3 + 7*17^4 + 8*17^5 + 6*17^6 + 5*17^7 + 16*17^8 + 8*17^9 + 3*17^10 + 12*17^11 + 14*17^12 + 14*17^13 + O(17^14) : 1 + O(17^20))
   (9 + 6*17^6 + 12*17^7 + 16*17^8 + 9*17^9 + 4*17^10 + 10*17^11 + 4*17^12 + 11*17^13 + 17^14 + 7*17^16 + O(17^17) : 16*17^3 + 8*17^4 + 3*17^5 + 14*17^6 + 16*17^7 + 4*17^8 + 2*17^9 + 15*17^10 + 7*17^11 + 13*17^12 + 4*17^13 + O(17^14) : 1 + O(17^20))
   (9 + 6*17^6 + 12*17^7 + 16*17^8 + 9*17^9 + 4*17^10 + 10*17^11 + 4*17^12 + 11*17^13 + 17^14 + 7*17^16 + O(17^17) : 17^3 + 8*17^4 + 13*17^5 + 2*17^6 + 12*17^8 + 14*17^9 + 17^10 + 9*17^11 + 3*17^12 + 12*17^13 + O(17^14) : 1 + O(17^20))
   (9 + 6*17^6 + 4*17^7 + 12*17^8 + 9*17^9 + 10*17^10 + 5*17^11 + 10*17^12 + 2*17^13 + 6*17^14 + 13*17^15 + 4*17^16 + O(17^17) : 16*17^3 + 3*17^4 + 6*17^5 + 15*17^6 + 11*17^7 + 15*17^8 + 17^9 + 12*17^10 + 7*17^11 + 2*17^12 + 9*17^13 + O(17^14) : 1 + O(17^20))
   (9 + 6*17^6 + 4*17^7 + 12*17^8 + 9*17^9 + 10*17^10 + 5*17^11 + 10*17^12 + 2*17^13 + 6*17^14 + 13*17^15 + 4*17^16 + O(17^17) : 17^3 + 13*17^4 + 10*17^5 + 17^6 + 5*17^7 + 17^8 + 15*17^9 + 4*17^10 + 9*17^11 + 14*17^12 + 7*17^13 + O(17^14) : 1 + O(17^20))
   (9 + 6*17^6 + 4*17^7 + 14*17^8 + 15*17^9 + 13*17^10 + 16*17^11 + 12*17^12 + 11*17^13 + 6*17^14 + 12*17^15 + 5*17^16 + O(17^17) : 16*17^3 + 3*17^4 + 3*17^5 + 6*17^6 + 4*17^7 + 17^8 + 2*17^9 + 10*17^10 + 10*17^11 + 4*17^12 + 2*17^13 + O(17^14) : 1 + O(17^20))
   (9 + 6*17^6 + 4*17^7 + 14*17^8 + 15*17^9 + 13*17^10 + 16*17^11 + 12*17^12 + 11*17^13 + 6*17^14 + 12*17^15 + 5*17^16 + O(17^17) : 17^3 + 13*17^4 + 13*17^5 + 10*17^6 + 12*17^7 + 15*17^8 + 14*17^9 + 6*17^10 + 6*17^11 + 12*17^12 + 14*17^13 + O(17^14) : 1 + O(17^20))
   (9 + 6*17^6 + 4*17^7 + 9*17^8 + 12*17^9 + 3*17^11 + 12*17^12 + 10*17^13 + 9*17^14 + 5*17^15 + 13*17^16 + O(17^17) : 16*17^3 + 3*17^4 + 2*17^5 + 11*17^6 + 2*17^7 + 17^8 + 9*17^9 + 8*17^10 + 15*17^11 + 2*17^12 + 6*17^13 + O(17^14) : 1 + O(17^20))
   (9 + 6*17^6 + 4*17^7 + 9*17^8 + 12*17^9 + 3*17^11 + 12*17^12 + 10*17^13 + 9*17^14 + 5*17^15 + 13*17^16 + O(17^17) : 17^3 + 13*17^4 + 14*17^5 + 5*17^6 + 14*17^7 + 15*17^8 + 7*17^9 + 8*17^10 + 17^11 + 14*17^12 + 10*17^13 + O(17^14) : 1 + O(17^20))
   (9 + 6*17^6 + 7*17^7 + 14*17^8 + 8*17^9 + 13*17^10 + 11*17^11 + 14*17^12 + 8*17^13 + 13*17^14 + 6*17^15 + 3*17^16 + O(17^17) : 16*17^3 + 7*17^4 + 2*17^5 + 14*17^6 + 3*17^7 + 12*17^8 + 2*17^9 + 3*17^10 + 8*17^12 + O(17^14) : 1 + O(17^20))
   (9 + 6*17^6 + 7*17^7 + 14*17^8 + 8*17^9 + 13*17^10 + 11*17^11 + 14*17^12 + 8*17^13 + 13*17^14 + 6*17^15 + 3*17^16 + O(17^17) : 17^3 + 9*17^4 + 14*17^5 + 2*17^6 + 13*17^7 + 4*17^8 + 14*17^9 + 13*17^10 + 16*17^11 + 8*17^12 + 16*17^13 + O(17^14) : 1 + O(17^20))
   (9 + 6*17^6 + 7*17^7 + 9*17^8 + 11*17^9 + 17^10 + 13*17^11 + 9*17^12 + 14*17^13 + 8*17^14 + 6*17^15 + 17^16 + O(17^17) : 16*17^3 + 7*17^4 + 17^5 + 6*17^6 + 12*17^7 + 11*17^8 + 17^9 + 6*17^10 + 15*17^11 + 3*17^12 + 13*17^13 + O(17^14) : 1 + O(17^20))
   (9 + 6*17^6 + 7*17^7 + 9*17^8 + 11*17^9 + 17^10 + 13*17^11 + 9*17^12 + 14*17^13 + 8*17^14 + 6*17^15 + 17^16 + O(17^17) : 17^3 + 9*17^4 + 15*17^5 + 10*17^6 + 4*17^7 + 5*17^8 + 15*17^9 + 10*17^10 + 17^11 + 13*17^12 + 3*17^13 + O(17^14) : 1 + O(17^20))
   (9 + 7*17^6 + 12*17^7 + 10*17^8 + 15*17^9 + 4*17^10 + 11*17^11 + 12*17^12 + 15*17^13 + 17^14 + 7*17^15 + 10*17^16 + O(17^17) : 15*17^3 + 15*17^4 + 17^5 + 14*17^6 + 10*17^7 + 4*17^8 + 2*17^9 + 15*17^11 + 14*17^12 + 14*17^13 + O(17^14) : 1 + O(17^20))
   (9 + 7*17^6 + 12*17^7 + 10*17^8 + 15*17^9 + 4*17^10 + 11*17^11 + 12*17^12 + 15*17^13 + 17^14 + 7*17^15 + 10*17^16 + O(17^17) : 2*17^3 + 17^4 + 15*17^5 + 2*17^6 + 6*17^7 + 12*17^8 + 14*17^9 + 16*17^10 + 17^11 + 2*17^12 + 2*17^13 + O(17^14) : 1 + O(17^20))
   (9 + 7*17^6 + 12*17^7 + 10*17^8 + 4*17^9 + 6*17^10 + 9*17^11 + 8*17^12 + 5*17^13 + 11*17^14 + 13*17^15 + 13*17^16 + O(17^17) : 15*17^3 + 15*17^4 + 17^5 + 17^6 + 13*17^7 + 16*17^8 + 10*17^9 + 14*17^10 + 6*17^11 + 6*17^12 + 17^13 + O(17^14) : 1 + O(17^20))
   (9 + 7*17^6 + 12*17^7 + 10*17^8 + 4*17^9 + 6*17^10 + 9*17^11 + 8*17^12 + 5*17^13 + 11*17^14 + 13*17^15 + 13*17^16 + O(17^17) : 2*17^3 + 17^4 + 15*17^5 + 15*17^6 + 3*17^7 + 6*17^9 + 2*17^10 + 10*17^11 + 10*17^12 + 15*17^13 + O(17^14) : 1 + O(17^20))
   (9 + 7*17^6 + 14*17^7 + 15*17^8 + 14*17^9 + 4*17^10 + 2*17^11 + 3*17^12 + 6*17^13 + 2*17^14 + 13*17^15 + 8*17^16 + O(17^17) : 15*17^3 + 5*17^4 + 4*17^5 + 2*17^6 + 10*17^7 + 12*17^8 + 2*17^9 + 16*17^10 + 17^11 + 8*17^12 + 2*17^13 + O(17^14) : 1 + O(17^20))
   (9 + 7*17^6 + 14*17^7 + 15*17^8 + 14*17^9 + 4*17^10 + 2*17^11 + 3*17^12 + 6*17^13 + 2*17^14 + 13*17^15 + 8*17^16 + O(17^17) : 2*17^3 + 11*17^4 + 12*17^5 + 14*17^6 + 6*17^7 + 4*17^8 + 14*17^9 + 15*17^11 + 8*17^12 + 14*17^13 + O(17^14) : 1 + O(17^20))
   (9 + 7*17^6 + 15*17^7 + 12*17^8 + 3*17^9 + 9*17^10 + 15*17^11 + 12*17^12 + 11*17^13 + 15*17^14 + 6*17^15 + 5*17^16 + O(17^17) : 15*17^3 + 5*17^5 + 7*17^6 + 13*17^7 + 12*17^8 + 3*17^9 + 8*17^10 + 6*17^11 + 10*17^12 + 10*17^13 + O(17^14) : 1 + O(17^20))
   (9 + 7*17^6 + 15*17^7 + 12*17^8 + 3*17^9 + 9*17^10 + 15*17^11 + 12*17^12 + 11*17^13 + 15*17^14 + 6*17^15 + 5*17^16 + O(17^17) : 2*17^3 + 16*17^4 + 11*17^5 + 9*17^6 + 3*17^7 + 4*17^8 + 13*17^9 + 8*17^10 + 10*17^11 + 6*17^12 + 6*17^13 + O(17^14) : 1 + O(17^20))
   (9 + 7*17^6 + 17^7 + 11*17^8 + 13*17^9 + 6*17^10 + 14*17^11 + 7*17^12 + 6*17^13 + 11*17^14 + 3*17^15 + 17^16 + O(17^17) : 15*17^3 + 2*17^4 + 13*17^5 + 2*17^6 + 15*17^7 + 10*17^8 + 3*17^9 + 6*17^10 + 4*17^11 + 3*17^12 + 13*17^13 + O(17^14) : 1 + O(17^20))
   (9 + 7*17^6 + 17^7 + 11*17^8 + 13*17^9 + 6*17^10 + 14*17^11 + 7*17^12 + 6*17^13 + 11*17^14 + 3*17^15 + 17^16 + O(17^17) : 2*17^3 + 14*17^4 + 3*17^5 + 14*17^6 + 17^7 + 6*17^8 + 13*17^9 + 10*17^10 + 12*17^11 + 13*17^12 + 3*17^13 + O(17^14) : 1 + O(17^20))
   (9 + 7*17^6 + 17^7 + 13*17^8 + 2*17^9 + 10*17^10 + 8*17^11 + 10*17^12 + 15*17^13 + 11*17^14 + 8*17^16 + O(17^17) : 15*17^3 + 2*17^4 + 3*17^5 + 6*17^6 + 14*17^7 + 8*17^9 + 11*17^10 + 10*17^11 + 4*17^12 + 17^13 + O(17^14) : 1 + O(17^20))
   (9 + 7*17^6 + 17^7 + 13*17^8 + 2*17^9 + 10*17^10 + 8*17^11 + 10*17^12 + 15*17^13 + 11*17^14 + 8*17^16 + O(17^17) : 2*17^3 + 14*17^4 + 13*17^5 + 10*17^6 + 2*17^7 + 16*17^8 + 8*17^9 + 5*17^10 + 6*17^11 + 12*17^12 + 15*17^13 + O(17^14) : 1 + O(17^20))
   (9 + 7*17^6 + 17^7 + 8*17^8 + 16*17^9 + 13*17^10 + 11*17^11 + 9*17^12 + 14*17^13 + 14*17^14 + 15*17^15 + 5*17^16 + O(17^17) : 15*17^3 + 2*17^4 + 11*17^5 + 5*17^6 + 2*17^7 + 3*17^9 + 7*17^10 + 17^11 + 5*17^12 + O(17^14) : 1 + O(17^20))
   (9 + 7*17^6 + 17^7 + 8*17^8 + 16*17^9 + 13*17^10 + 11*17^11 + 9*17^12 + 14*17^13 + 14*17^14 + 15*17^15 + 5*17^16 + O(17^17) : 2*17^3 + 14*17^4 + 5*17^5 + 11*17^6 + 14*17^7 + 16*17^8 + 13*17^9 + 9*17^10 + 15*17^11 + 11*17^12 + 16*17^13 + O(17^14) : 1 + O(17^20))
   (9 + 7*17^6 + 4*17^7 + 13*17^8 + 12*17^9 + 9*17^10 + 3*17^11 + 12*17^12 + 12*17^13 + 15*17^14 + 12*17^15 + 16*17^16 + O(17^17) : 15*17^3 + 4*17^4 + 3*17^5 + 2*17^6 + 14*17^7 + 6*17^8 + 4*17^9 + 13*17^10 + 6*17^11 + 17^12 + 7*17^13 + O(17^14) : 1 + O(17^20))
   (9 + 7*17^6 + 4*17^7 + 13*17^8 + 12*17^9 + 9*17^10 + 3*17^11 + 12*17^12 + 12*17^13 + 15*17^14 + 12*17^15 + 16*17^16 + O(17^17) : 2*17^3 + 12*17^4 + 13*17^5 + 14*17^6 + 2*17^7 + 10*17^8 + 12*17^9 + 3*17^10 + 10*17^11 + 15*17^12 + 9*17^13 + O(17^14) : 1 + O(17^20))
   (9 + 7*17^6 + 4*17^7 + 8*17^8 + 15*17^9 + 14*17^10 + 4*17^11 + 7*17^12 + 17^13 + 11*17^14 + 16*17^16 + O(17^17) : 15*17^3 + 4*17^4 + 11*17^5 + 13*17^6 + 17^7 + 10*17^8 + 13*17^9 + 7*17^10 + 13*17^11 + 12*17^12 + 10*17^13 + O(17^14) : 1 + O(17^20))
   (9 + 7*17^6 + 4*17^7 + 8*17^8 + 15*17^9 + 14*17^10 + 4*17^11 + 7*17^12 + 17^13 + 11*17^14 + 16*17^16 + O(17^17) : 2*17^3 + 12*17^4 + 5*17^5 + 3*17^6 + 15*17^7 + 6*17^8 + 3*17^9 + 9*17^10 + 3*17^11 + 4*17^12 + 6*17^13 + O(17^14) : 1 + O(17^20))
   (9*17^-3 + 14*17^-2 + 1 + 3*17 + 6*17^2 + 7*17^3 + 16*17^4 + 14*17^5 + 4*17^6 + 5*17^7 + 10*17^9 + O(17^10) : 15*17^-9 + 10*17^-8 + 3*17^-7 + 12*17^-6 + 13*17^-5 + 9*17^-4 + 9*17^-3 + 17^-2 + 16*17^-1 + 13 + 8*17 + 13*17^2 + 16*17^3 + O(17^4) : 1 + O(17^20))
   (9*17^-3 + 14*17^-2 + 1 + 3*17 + 6*17^2 + 7*17^3 + 16*17^4 + 14*17^5 + 4*17^6 + 5*17^7 + 10*17^9 + O(17^10) : 2*17^-9 + 6*17^-8 + 13*17^-7 + 4*17^-6 + 3*17^-5 + 7*17^-4 + 7*17^-3 + 15*17^-2 + 3 + 8*17 + 3*17^2 + O(17^4) : 1 + O(17^20))
   (9*17^-3 + 17^-2 + 11*17^-1 + 7 + 16*17 + 12*17^2 + 12*17^3 + 17^4 + 4*17^5 + 12*17^6 + 11*17^7 + 12*17^9 + O(17^10) : 15*17^-9 + 13*17^-8 + 13*17^-7 + 7*17^-6 + 9*17^-5 + 3*17^-4 + 4*17^-3 + 2*17^-2 + 8*17^-1 + 13 + 12*17 + 9*17^2 + 17^3 + O(17^4) : 1 + O(17^20))
   (9*17^-3 + 17^-2 + 11*17^-1 + 7 + 16*17 + 12*17^2 + 12*17^3 + 17^4 + 4*17^5 + 12*17^6 + 11*17^7 + 12*17^9 + O(17^10) : 2*17^-9 + 3*17^-8 + 3*17^-7 + 9*17^-6 + 7*17^-5 + 13*17^-4 + 12*17^-3 + 14*17^-2 + 8*17^-1 + 3 + 4*17 + 7*17^2 + 15*17^3 + O(17^4) : 1 + O(17^20))
   (9*17^-3 + 4*17^-2 + 10 + 16*17 + 7*17^2 + 14*17^3 + 11*17^4 + 12*17^5 + 15*17^6 + 3*17^7 + 17^8 + 9*17^9 + O(17^10) : 15*17^-9 + 11*17^-8 + 15*17^-7 + 6*17^-6 + 8*17^-5 + 15*17^-3 + 10*17^-2 + 6*17^-1 + 8 + 7*17 + 9*17^2 + 6*17^3 + O(17^4) : 1 + O(17^20))
   (9*17^-3 + 4*17^-2 + 10 + 16*17 + 7*17^2 + 14*17^3 + 11*17^4 + 12*17^5 + 15*17^6 + 3*17^7 + 17^8 + 9*17^9 + O(17^10) : 2*17^-9 + 5*17^-8 + 17^-7 + 10*17^-6 + 8*17^-5 + 16*17^-4 + 17^-3 + 6*17^-2 + 10*17^-1 + 8 + 9*17 + 7*17^2 + 10*17^3 + O(17^4) : 1 + O(17^20))
   (9*17^-3 + 4*17^-2 + 4*17^-1 + 3 + 12*17 + 9*17^2 + 17^3 + 5*17^4 + 14*17^5 + 12*17^6 + 16*17^7 + 17^8 + 7*17^9 + O(17^10) : 15*17^-9 + 11*17^-8 + 17^-7 + 9*17^-6 + 6*17^-5 + 14*17^-4 + 14*17^-3 + 6*17^-2 + 17^-1 + 13 + 16*17^2 + 7*17^3 + O(17^4) : 1 + O(17^20))
   (9*17^-3 + 4*17^-2 + 4*17^-1 + 3 + 12*17 + 9*17^2 + 17^3 + 5*17^4 + 14*17^5 + 12*17^6 + 16*17^7 + 17^8 + 7*17^9 + O(17^10) : 2*17^-9 + 5*17^-8 + 15*17^-7 + 7*17^-6 + 10*17^-5 + 2*17^-4 + 2*17^-3 + 10*17^-2 + 15*17^-1 + 3 + 16*17 + 9*17^3 + O(17^4) : 1 + O(17^20))
   (9*17^-3 + 4*17^-2 + 5*17^-1 + 2 + 2*17 + 16*17^2 + 7*17^3 + 10*17^4 + 8*17^5 + 13*17^6 + 10*17^7 + 5*17^8 + 9*17^9 + O(17^10) : 15*17^-9 + 11*17^-8 + 6*17^-7 + 13*17^-6 + 13*17^-5 + 14*17^-4 + 3*17^-3 + 2*17^-2 + 13*17^-1 + 8 + 6*17 + 12*17^2 + 11*17^3 + O(17^4) : 1 + O(17^20))
   (9*17^-3 + 4*17^-2 + 5*17^-1 + 2 + 2*17 + 16*17^2 + 7*17^3 + 10*17^4 + 8*17^5 + 13*17^6 + 10*17^7 + 5*17^8 + 9*17^9 + O(17^10) : 2*17^-9 + 5*17^-8 + 10*17^-7 + 3*17^-6 + 3*17^-5 + 2*17^-4 + 13*17^-3 + 14*17^-2 + 3*17^-1 + 8 + 10*17 + 4*17^2 + 5*17^3 + O(17^4) : 1 + O(17^20))
   (9*17^-3 + 5*17^-2 + 3*17^-1 + 7 + 11*17 + 6*17^2 + 4*17^3 + 7*17^4 + 9*17^5 + 8*17^6 + 13*17^7 + 12*17^8 + 17^9 + O(17^10) : 15*17^-9 + 16*17^-8 + 15*17^-7 + 2*17^-6 + 6*17^-5 + 16*17^-4 + 15*17^-3 + 6*17^-2 + 17^-1 + 16 + 15*17^2 + 2*17^3 + O(17^4) : 1 + O(17^20))
   (9*17^-3 + 5*17^-2 + 3*17^-1 + 7 + 11*17 + 6*17^2 + 4*17^3 + 7*17^4 + 9*17^5 + 8*17^6 + 13*17^7 + 12*17^8 + 17^9 + O(17^10) : 2*17^-9 + 17^-7 + 14*17^-6 + 10*17^-5 + 17^-3 + 10*17^-2 + 15*17^-1 + 16*17 + 17^2 + 14*17^3 + O(17^4) : 1 + O(17^20))
   (9*17^-3 + 5*17^-2 + 7*17^-1 + 9 + 7*17 + 8*17^2 + 10*17^3 + 6*17^4 + 7*17^5 + 2*17^6 + 11*17^7 + 7*17^8 + 12*17^9 + O(17^10) : 15*17^-9 + 16*17^-8 + 17^-7 + 11*17^-6 + 12*17^-5 + 2*17^-4 + 13*17^-3 + 7*17^-2 + 5*17^-1 + 15 + 12*17 + 13*17^2 + 9*17^3 + O(17^4) : 1 + O(17^20))
   (9*17^-3 + 5*17^-2 + 7*17^-1 + 9 + 7*17 + 8*17^2 + 10*17^3 + 6*17^4 + 7*17^5 + 2*17^6 + 11*17^7 + 7*17^8 + 12*17^9 + O(17^10) : 2*17^-9 + 15*17^-7 + 5*17^-6 + 4*17^-5 + 14*17^-4 + 3*17^-3 + 9*17^-2 + 11*17^-1 + 1 + 4*17 + 3*17^2 + 7*17^3 + O(17^4) : 1 + O(17^20))
   (9*17^-3 + 6*17^-2 + 12*17^-1 + 12 + 15*17 + 8*17^2 + 11*17^3 + 17^4 + 7*17^5 + 7*17^6 + 4*17^8 + 7*17^9 + O(17^10) : 15*17^-9 + 4*17^-8 + 15*17^-7 + 11*17^-6 + 2*17^-5 + 14*17^-4 + 11*17^-3 + 12*17^-2 + 3*17^-1 + 3 + 7*17 + 2*17^2 + 5*17^3 + O(17^4) : 1 + O(17^20))
   (9*17^-3 + 6*17^-2 + 12*17^-1 + 12 + 15*17 + 8*17^2 + 11*17^3 + 17^4 + 7*17^5 + 7*17^6 + 4*17^8 + 7*17^9 + O(17^10) : 2*17^-9 + 12*17^-8 + 17^-7 + 5*17^-6 + 14*17^-5 + 2*17^-4 + 5*17^-3 + 4*17^-2 + 13*17^-1 + 13 + 9*17 + 14*17^2 + 11*17^3 + O(17^4) : 1 + O(17^20))
   (9*17^-3 + 6*17^-2 + 12*17^-1 + 14 + 11*17 + 13*17^2 + 4*17^3 + 15*17^4 + 11*17^5 + 3*17^6 + 16*17^7 + 14*17^9 + O(17^10) : 15*17^-9 + 4*17^-8 + 15*17^-7 + 4*17^-6 + 13*17^-5 + 16*17^-4 + 5*17^-3 + 14*17^-2 + 10*17^-1 + 1 + 3*17 + 14*17^2 + 11*17^3 + O(17^4) : 1 + O(17^20))
   (9*17^-3 + 6*17^-2 + 12*17^-1 + 14 + 11*17 + 13*17^2 + 4*17^3 + 15*17^4 + 11*17^5 + 3*17^6 + 16*17^7 + 14*17^9 + O(17^10) : 2*17^-9 + 12*17^-8 + 17^-7 + 12*17^-6 + 3*17^-5 + 11*17^-3 + 2*17^-2 + 6*17^-1 + 15 + 13*17 + 2*17^2 + 5*17^3 + O(17^4) : 1 + O(17^20))
